# File generated by FabConvert.com - Free Image and 3D model conversion tools

mtllib leftarm.mtl

o obj1
v 0.43167785 -0.32369339 -0.0797109
v 0.43000549 -0.32180482 -0.07867849
v 0.42998847 -0.32409048 -0.07911927
v 0.43049023 -0.3248601 -0.07970136
v 0.43167785 -0.32369339 -0.0797109
v 0.42998847 -0.32409048 -0.07911927
v 0.43085474 -0.32375515 -0.07980138
v 0.42928973 -0.32529634 -0.07962465
v 0.43049023 -0.3248601 -0.07970136
v 0.43085474 -0.32375515 -0.07980138
v 0.43049023 -0.3248601 -0.07970136
v 0.43009779 -0.32403505 -0.08005309
v 0.42928973 -0.32529634 -0.07962465
v 0.43085474 -0.32375515 -0.07980138
v 0.43009779 -0.32403505 -0.08005309
v 0.43008488 -0.32335651 -0.07997298
v 0.42892802 -0.32340956 -0.0791505
v 0.42892802 -0.32340956 -0.0791505
v 0.4293355 -0.32371831 -0.07978666
v 0.43008488 -0.32335651 -0.07997298
v 0.39560601 -0.32554322 -0.07482618
v 0.40684384 -0.3176313 -0.07514262
v 0.40301478 -0.31682646 -0.07090616
v 0.39560601 -0.32554322 -0.07482618
v 0.40301478 -0.31682646 -0.07090616
v 0.39871156 -0.31863803 -0.06699657
v 0.39500961 -0.31843603 -0.07125539
v 0.38843587 -0.32415128 -0.07149059
v 0.39773443 -0.3340584 -0.07775646
v 0.40566546 -0.32335967 -0.07671958
v 0.39462006 -0.32939494 -0.07583624
v 0.40137565 -0.32509035 -0.07962734
v 0.39651355 -0.32709926 -0.0813728
v 0.40137565 -0.32509035 -0.07962734
v 0.39651355 -0.32709926 -0.0813728
v 0.39678118 -0.32323927 -0.08103293
v 0.38152894 -0.34542179 -0.07650101
v 0.38149887 -0.34512502 -0.07642066
v 0.3812061 -0.34553361 -0.07643759
v 0.38152894 -0.34542179 -0.07650101
v 0.3812061 -0.34553361 -0.07643759
v 0.38121182 -0.34559089 -0.07648206
v 0.38121337 -0.34555894 -0.07657081
v 0.38152894 -0.34542179 -0.07650101
v 0.38121337 -0.34555894 -0.07657081
v 0.38121155 -0.34546882 -0.07655972
v 0.381026 -0.34554809 -0.07647365
v 0.38112697 -0.34515178 -0.07628387
v 0.38113743 -0.34542704 -0.0765053
v 0.38112962 -0.34552908 -0.07643062
v 0.38149887 -0.34512502 -0.07642066
v 0.38112697 -0.34515178 -0.07628387
v 0.381026 -0.34554809 -0.07647365
v 0.39651355 -0.32709926 -0.0813728
v 0.39308974 -0.32544559 -0.07892489
v 0.39678118 -0.32323927 -0.08103293
v 0.38113743 -0.34542704 -0.0765053
v 0.38112593 -0.34551597 -0.0765664
v 0.381026 -0.34554809 -0.07647365
v 0.38112593 -0.34551597 -0.0765664
v 0.38113743 -0.34542704 -0.0765053
v 0.3812061 -0.34553361 -0.07643759
v 0.38111156 -0.345604 -0.07645375
v 0.38121182 -0.34559089 -0.07648206
v 0.38111156 -0.345604 -0.07645375
v 0.381026 -0.34554809 -0.07647365
v 0.38112879 -0.34560049 -0.07652605
v 0.38112879 -0.34560049 -0.07652605
v 0.38121182 -0.34559089 -0.07648206
v 0.44021028 -0.30573124 -0.07936931
v 0.44036528 -0.29935038 -0.08183652
v 0.44244197 -0.29450583 -0.07809687
v 0.43994778 -0.30580419 -0.07589775
v 0.4390977 -0.30565721 -0.08298057
v 0.44036528 -0.29935038 -0.08183652
v 0.44021028 -0.30573124 -0.07936931
v 0.44049612 -0.31358117 -0.08036971
v 0.43898767 -0.31056792 -0.0810737
v 0.43898767 -0.31056792 -0.0810737
v 0.43229437 -0.29620153 -0.06560087
v 0.43550843 -0.2895903 -0.06851602
v 0.43053114 -0.28743219 -0.05640423
v 0.43597975 -0.29678822 -0.07218701
v 0.43053114 -0.28743219 -0.05640423
v 0.42562449 -0.29573125 -0.06259823
v 0.43229437 -0.29620153 -0.06560087
v 0.43968567 -0.28843945 -0.07552087
v 0.43597975 -0.29678822 -0.07218701
v 0.42991546 -0.30242079 -0.07386935
v 0.41085598 -0.2831986 -0.04911864
v 0.4036023 -0.30181956 -0.0519163
v 0.41432738 -0.29073381 -0.05422848
v 0.42589512 -0.28467476 -0.05230618
v 0.43093678 -0.28354228 -0.05290031
v 0.41920871 -0.29566318 -0.06729889
v 0.42224342 -0.295995 -0.06819367
v 0.41846311 -0.29440916 -0.06579059
v 0.44310361 -0.28201377 -0.07513642
v 0.44237357 -0.28573287 -0.0777272
v 0.4231874 -0.30038613 -0.07932085
v 0.42123082 -0.29564863 -0.07732046
v 0.42018136 -0.29484099 -0.07923698
v 0.43536592 -0.30344033 -0.08240587
v 0.43948877 -0.28580177 -0.08255464
v 0.43186083 -0.28778487 -0.08360779
v 0.43209857 -0.28222835 -0.08460003
v 0.43263993 -0.30884546 -0.0765059
v 0.44049612 -0.31358117 -0.08036971
v 0.43994778 -0.30580419 -0.07589775
v 0.4352867 -0.30704999 -0.08218342
v 0.43536592 -0.30344033 -0.08240587
v 0.4352867 -0.30704999 -0.08218342
v 0.41550487 -0.29495937 -0.07815278
v 0.4104051 -0.28562886 -0.08744109
v 0.43186083 -0.28778487 -0.08360779
v 0.43209857 -0.28222835 -0.08460003
v 0.4060764 -0.30272913 -0.08169693
v 0.40964872 -0.28625649 -0.08728606
v 0.41285446 -0.29914927 -0.07877815
v 0.42123082 -0.29564863 -0.07732046
v 0.41721743 -0.29811639 -0.06882584
v 0.40979496 -0.30999094 -0.07677245
v 0.41285446 -0.29914927 -0.07877815
v 0.42702743 -0.31782562 -0.07944626
v 0.41285446 -0.29914927 -0.07877815
v 0.40979496 -0.30999094 -0.07677245
v 0.40649655 -0.30781436 -0.07986307
v 0.42702743 -0.31782562 -0.07944626
v 0.4293355 -0.32371831 -0.07978666
v 0.42892802 -0.32340956 -0.0791505
v 0.41285446 -0.29914927 -0.07877815
v 0.40649655 -0.30781436 -0.07986307
v 0.4060764 -0.30272913 -0.08169693
v 0.42702743 -0.31782562 -0.07944626
v 0.40262404 -0.28084642 -0.05599117
v 0.39750242 -0.2711795 -0.0668636
v 0.39641786 -0.28941268 -0.06822306
v 0.40125138 -0.27404708 -0.06201839
v 0.39667469 -0.29267138 -0.06633633
v 0.39596844 -0.29644662 -0.06610173
v 0.4016349 -0.30137295 -0.0557887
v 0.41920871 -0.29566318 -0.06729889
v 0.41846311 -0.29440916 -0.06579059
v 0.4104777 -0.2960124 -0.06784773
v 0.4026885 -0.30506217 -0.05362195
v 0.41603351 -0.3010034 -0.06846428
v 0.4026885 -0.30506217 -0.05362195
v 0.39526719 -0.31282097 -0.06585258
v 0.39667469 -0.29267138 -0.06633633
v 0.39367208 -0.29153228 -0.06585258
v 0.39596844 -0.29644662 -0.06610173
v 0.39367208 -0.29153228 -0.06585258
v 0.39667469 -0.29267138 -0.06633633
v 0.39641786 -0.28941268 -0.06822306
v 0.39478362 -0.29285359 -0.06885237
v 0.39562121 -0.2953791 -0.06853503
v 0.39562121 -0.2953791 -0.06853503
v 0.39596844 -0.29644662 -0.06610173
v 0.39367208 -0.29153228 -0.06585258
v 0.3942841 -0.31300807 -0.07184684
v 0.39388999 -0.27785689 -0.07554835
v 0.39554331 -0.28824645 -0.0771122
v 0.39522094 -0.28972554 -0.07124686
v 0.39554331 -0.28824645 -0.0771122
v 0.40188131 -0.30072945 -0.08145577
v 0.39318827 -0.30521601 -0.07666695
v 0.39199671 -0.31059915 -0.07557273
v 0.39399406 -0.29863316 -0.07148129
v 0.39318827 -0.30521601 -0.07666695
v 0.39089996 -0.31427723 -0.07663465
v 0.40196967 -0.30467123 -0.08137107
v 0.40196967 -0.30467123 -0.08137107
v 0.39522094 -0.28972554 -0.07124686
v 0.39478362 -0.29285359 -0.06885237
v 0.39562121 -0.2953791 -0.06853503
v 0.39199671 -0.31059915 -0.07557273
v 0.39308974 -0.32544559 -0.07892489
v 0.38718656 -0.32837689 -0.07253271
v 0.39089996 -0.31427723 -0.07663465
v 0.35141093 -0.28059286 -0.05148083
v 0.34874922 -0.28007478 -0.05025578
v 0.34822345 -0.28137922 -0.05129683
v 0.34911048 -0.28218925 -0.05281413
v 0.35349572 -0.28027302 -0.05315816
v 0.35141093 -0.28059286 -0.05148083
v 0.34911048 -0.28218925 -0.05281413
v 0.34694988 -0.28261071 -0.05299294
v 0.34681213 -0.28386587 -0.05685872
v 0.35822082 -0.27822059 -0.05814856
v 0.3610785 -0.27785009 -0.05436504
v 0.34614843 -0.28373271 -0.05562401
v 0.34694988 -0.28261071 -0.05299294
v 0.33210611 -0.28607059 -0.05196398
v 0.33155519 -0.28687418 -0.05322462
v 0.33249015 -0.28696603 -0.05330229
v 0.34448922 -0.2817142 -0.05086464
v 0.34614843 -0.28373271 -0.05562401
v 0.33741403 -0.28613746 -0.0551399
v 0.34681213 -0.28386587 -0.05685872
v 0.33197063 -0.28614247 -0.05442166
v 0.33174497 -0.28710979 -0.05415589
v 0.33249015 -0.28696603 -0.05330229
v 0.33155519 -0.28687418 -0.05322462
v 0.35254574 -0.27822942 -0.05867887
v 0.35822082 -0.27822059 -0.05814856
v 0.34706944 -0.27961296 -0.05779213
v 0.33098638 -0.28604108 -0.05330098
v 0.33197063 -0.28614247 -0.05442166
v 0.33107877 -0.28639054 -0.0539676
v 0.33049357 -0.28549361 -0.05418605
v 0.33107877 -0.28639054 -0.0539676
v 0.33107877 -0.28639054 -0.0539676
v 0.33098638 -0.28604108 -0.05330098
v 0.44047964 -0.2626735 -0.07768345
v 0.44032177 -0.26208144 -0.07792985
v 0.44045892 -0.26159662 -0.07725471
v 0.44047964 -0.2626735 -0.07768345
v 0.44045892 -0.26159662 -0.07725471
v 0.44062802 -0.26271975 -0.07679659
v 0.44031355 -0.26264292 -0.0781675
v 0.44092822 -0.2655825 -0.07756966
v 0.44092822 -0.2655825 -0.07756966
v 0.44046918 -0.26384985 -0.07811522
v 0.43286157 -0.24059927 -0.04739177
v 0.4306848 -0.2381168 -0.04326797
v 0.43092242 -0.24271715 -0.04501331
v 0.43380079 -0.24886817 -0.04928046
v 0.43332076 -0.24058634 -0.04997337
v 0.44107285 -0.25734502 -0.06804579
v 0.43852034 -0.24648523 -0.06380183
v 0.43685016 -0.25909507 -0.05566806
v 0.43380079 -0.24886817 -0.04928046
v 0.42506349 -0.26322192 -0.04817903
v 0.43685016 -0.25909507 -0.05566806
v 0.43969908 -0.24623221 -0.0699653
v 0.4349775 -0.2315501 -0.06420743
v 0.42506349 -0.26322192 -0.04817903
v 0.42286444 -0.26248741 -0.04634166
v 0.42273465 -0.26375264 -0.04665756
v 0.42474636 -0.26984829 -0.04848272
v 0.43960226 -0.27815604 -0.06388676
v 0.43710852 -0.26609737 -0.05505514
v 0.43093678 -0.28354228 -0.05290031
v 0.44173148 -0.26702565 -0.06805813
v 0.43710852 -0.26609737 -0.05505514
v 0.4306848 -0.2381168 -0.04326797
v 0.42176655 -0.24087316 -0.0424248
v 0.43092242 -0.24271715 -0.04501331
v 0.4109388 -0.24074662 -0.04180366
v 0.41965425 -0.25809538 -0.04480261
v 0.42159507 -0.26323187 -0.04648995
v 0.41950998 -0.26265383 -0.04771119
v 0.40439549 -0.24891669 -0.05249095
v 0.40391567 -0.25956321 -0.05807918
v 0.42106861 -0.26551718 -0.04673725
v 0.40424719 -0.27023762 -0.05333853
v 0.43608871 -0.2327646 -0.06826538
v 0.43691868 -0.24067438 -0.07579362
v 0.439803 -0.26235682 -0.07818407
v 0.42545339 -0.25784677 -0.08784062
v 0.43192431 -0.24191105 -0.08169222
v 0.43541938 -0.24032456 -0.07998317
v 0.43186882 -0.2382614 -0.08159322
v 0.43981326 -0.26293528 -0.07818586
v 0.42561933 -0.26637536 -0.08785492
v 0.39707223 -0.25319976 -0.07801026
v 0.40198627 -0.24942797 -0.08354682
v 0.39847946 -0.25551003 -0.07863057
v 0.39873961 -0.25599843 -0.07600999
v 0.39707223 -0.25319976 -0.07801026
v 0.39847946 -0.25551003 -0.07863057
v 0.41135573 -0.24387145 -0.09045434
v 0.40959832 -0.24304569 -0.09144992
v 0.41127992 -0.24211347 -0.0904274
v 0.40944529 -0.24538058 -0.09062684
v 0.39728692 -0.25775361 -0.07765538
v 0.40984681 -0.28555828 -0.08740556
v 0.41002858 -0.28524345 -0.08755386
v 0.41575056 -0.26229203 -0.08888841
v 0.41002858 -0.28524345 -0.08755386
v 0.41575056 -0.26229203 -0.08888841
v 0.40754279 -0.24039447 -0.03788143
v 0.39475131 -0.2337895 -0.03495014
v 0.39545149 -0.24637383 -0.03128654
v 0.39734784 -0.24953383 -0.04713112
v 0.39903015 -0.24817586 -0.05815655
v 0.39734784 -0.24953383 -0.04713112
v 0.38898337 -0.25952452 -0.04639983
v 0.39903015 -0.24817586 -0.05815655
v 0.38898337 -0.25952452 -0.04639983
v 0.38911322 -0.25870049 -0.04447794
v 0.38858584 -0.25977659 -0.04595172
v 0.38854378 -0.26012361 -0.046462
v 0.40262404 -0.28084642 -0.05599117
v 0.40424719 -0.27023762 -0.05333853
v 0.40125138 -0.27404708 -0.06201839
v 0.38857335 -0.2597512 -0.04708725
v 0.40125138 -0.27404708 -0.06201839
v 0.40116549 -0.26192904 -0.06643277
v 0.39750242 -0.2711795 -0.0668636
v 0.38650113 -0.25628459 -0.04502523
v 0.37881854 -0.24353451 -0.0424248
v 0.37645489 -0.24817276 -0.04204416
v 0.38090968 -0.24280059 -0.0407747
v 0.38728866 -0.25988448 -0.04508281
v 0.38911322 -0.25870049 -0.04447794
v 0.38599268 -0.24485135 -0.06333989
v 0.37830848 -0.24363428 -0.06457776
v 0.37913969 -0.24281436 -0.06540346
v 0.37794414 -0.24528724 -0.06462425
v 0.38858584 -0.25977659 -0.04595172
v 0.38814303 -0.26012343 -0.04619503
v 0.38814303 -0.26012343 -0.04619503
v 0.38800237 -0.26039869 -0.04667747
v 0.37125415 -0.27184492 -0.05209178
v 0.37582478 -0.26864284 -0.05429173
v 0.38073426 -0.26275748 -0.05874979
v 0.39828935 -0.24845064 -0.06006342
v 0.38857335 -0.2597512 -0.04708725
v 0.37502113 -0.26737189 -0.05902213
v 0.38073426 -0.26275748 -0.05874979
v 0.39873961 -0.25599843 -0.07600999
v 0.39800119 -0.2494489 -0.0658825
v 0.39707223 -0.25319976 -0.07801026
v 0.39707223 -0.25319976 -0.07801026
v 0.39800119 -0.2494489 -0.0658825
v 0.39587995 -0.24525839 -0.07763886
v 0.39587995 -0.24525839 -0.07763886
v 0.40959832 -0.24304569 -0.09144992
v 0.40802121 -0.24384725 -0.09049273
v 0.4079591 -0.24218363 -0.09040147
v 0.40944529 -0.24538058 -0.09062684
v 0.39580455 -0.23899031 -0.07827532
v 0.39497757 -0.24069309 -0.07705903
v 0.39728692 -0.25775361 -0.07765538
v 0.39388999 -0.27785689 -0.07554835
v 0.39828935 -0.24845064 -0.06006342
v 0.39819813 -0.24790126 -0.06090659
v 0.39800119 -0.2494489 -0.0658825
v 0.39728692 -0.25775361 -0.07765538
v 0.39388999 -0.27785689 -0.07554835
v 0.39750242 -0.2711795 -0.0668636
v 0.38327968 -0.24214202 -0.06880122
v 0.39485845 -0.23849314 -0.0775134
v 0.37860921 -0.2617209 -0.06236374
v 0.37289372 -0.26273322 -0.05989993
v 0.39575738 -0.23792166 -0.07820946
v 0.37502113 -0.26737189 -0.05902213
v 0.37860921 -0.2617209 -0.06236374
v 0.36392903 -0.26411122 -0.04445308
v 0.37099221 -0.26488405 -0.03916842
v 0.3645274 -0.26086575 -0.04990053
v 0.36392903 -0.26411122 -0.04445308
v 0.37645489 -0.24817276 -0.04204416
v 0.3645274 -0.26086575 -0.04990053
v 0.35302836 -0.26931494 -0.04869437
v 0.36392903 -0.26411122 -0.04445308
v 0.37830848 -0.24363428 -0.06457776
v 0.36773843 -0.25122947 -0.05440962
v 0.37434217 -0.24105954 -0.05545807
v 0.36214745 -0.26244801 -0.05326694
v 0.36773843 -0.25122947 -0.05440962
v 0.36616236 -0.25999594 -0.05507237
v 0.3645274 -0.26086575 -0.04990053
v 0.36214745 -0.26244801 -0.05326694
v 0.35302836 -0.26931494 -0.04869437
v 0.37285334 -0.2442441 -0.0515002
v 0.37434217 -0.24105954 -0.05545807
v 0.36773843 -0.25122947 -0.05440962
v 0.36242324 -0.27006137 -0.04485196
v 0.36955184 -0.27098531 -0.04770517
v 0.35302836 -0.26931494 -0.04869437
v 0.35349572 -0.28027302 -0.05315816
v 0.37125415 -0.27184492 -0.05209178
v 0.37582478 -0.26864284 -0.05429173
v 0.3488701 -0.27344352 -0.05056471
v 0.3472349 -0.27676147 -0.05092949
v 0.35496807 -0.26920313 -0.05501741
v 0.36616236 -0.25999594 -0.05507237
v 0.3472349 -0.27676147 -0.05092949
v 0.33158678 -0.28532946 -0.05315679
v 0.33568102 -0.28213817 -0.05185366
v 0.33223766 -0.28503168 -0.05357027
v 0.33158678 -0.28532946 -0.05315679
v 0.33568102 -0.28213817 -0.05185366
v 0.34861362 -0.27566671 -0.05513602
v 0.3488701 -0.27344352 -0.05056471
v 0.36616236 -0.25999594 -0.05507237
v 0.35496807 -0.26920313 -0.05501741
v 0.35531902 -0.27538925 -0.05877113
v 0.35144824 -0.27589548 -0.05825365
v 0.35531902 -0.27538925 -0.05877113
v 0.35254574 -0.27822942 -0.05867887
v 0.35144824 -0.27589548 -0.05825365
v 0.34706944 -0.27961296 -0.05779213
v 0.34861362 -0.27566671 -0.05513602
v 0.27376515 -0.26351935 -0.07963634
v 0.27120727 -0.25749874 -0.08098179
v 0.27189451 -0.25228435 -0.07723665
v 0.27376515 -0.26351935 -0.07963634
v 0.27189451 -0.25228435 -0.07723665
v 0.27178735 -0.26272029 -0.07613838
v 0.27030075 -0.26276076 -0.0808506
v 0.27348417 -0.26917332 -0.08038861
v 0.27303511 -0.26932216 -0.08213145
v 0.27303511 -0.26932216 -0.08213145
v 0.26193053 -0.25243533 -0.06896025
v 0.26411843 -0.24814135 -0.06949675
v 0.25986862 -0.24707985 -0.06544572
v 0.2667225 -0.25541985 -0.07281369
v 0.26411843 -0.24814135 -0.06949675
v 0.26193053 -0.25243533 -0.06896025
v 0.25935662 -0.25196558 -0.06791604
v 0.26782727 -0.24662733 -0.07454699
v 0.2667225 -0.25541985 -0.07281369
v 0.2636885 -0.25988913 -0.07326657
v 0.24999166 -0.24021453 -0.06441629
v 0.24768049 -0.23553586 -0.06213927
v 0.24642164 -0.2372328 -0.06575698
v 0.25599241 -0.25198835 -0.07137156
v 0.27034253 -0.23960125 -0.07398838
v 0.26834834 -0.2425828 -0.07652253
v 0.27189451 -0.25228435 -0.07723665
v 0.25996006 -0.25955451 -0.07721382
v 0.2576775 -0.25610411 -0.07561338
v 0.25724661 -0.25449193 -0.07680815
v 0.26810813 -0.2613951 -0.08066589
v 0.26525658 -0.2424379 -0.08045071
v 0.25975585 -0.24285442 -0.07991183
v 0.25974917 -0.23985225 -0.08009839
v 0.27348417 -0.26917332 -0.08038861
v 0.26812238 -0.26973236 -0.07841742
v 0.27303511 -0.26932216 -0.08213145
v 0.26725072 -0.26518005 -0.07564801
v 0.27348417 -0.26917332 -0.08038861
v 0.27178735 -0.26272029 -0.07613838
v 0.26812238 -0.26973236 -0.07841742
v 0.26725072 -0.26518005 -0.07564801
v 0.26831895 -0.26369953 -0.08065999
v 0.27030075 -0.26276076 -0.0808506
v 0.26810813 -0.2613951 -0.08066589
v 0.2491352 -0.24291188 -0.06981295
v 0.24628407 -0.23789626 -0.06762123
v 0.24646407 -0.23755026 -0.06780624
v 0.24664009 -0.23875797 -0.06750351
v 0.25661761 -0.24112123 -0.07865608
v 0.25975585 -0.24285442 -0.07991183
v 0.25974917 -0.23985225 -0.08009839
v 0.2576775 -0.25610411 -0.07561338
v 0.2460441 -0.23727143 -0.06725264
v 0.2461192 -0.23769432 -0.06729376
v 0.24664009 -0.23875797 -0.06750351
v 0.2461192 -0.23769432 -0.06729376
v 0.24611539 -0.23753399 -0.06760556
v 0.2460441 -0.23727143 -0.06725264
v 0.42613611 -0.20695895 -0.02911574
v 0.42337081 -0.19343609 -0.03013408
v 0.41241622 -0.19856739 -0.01770282
v 0.41262349 -0.2174468 -0.02471995
v 0.42613611 -0.20695895 -0.02911574
v 0.41241622 -0.19856739 -0.01770282
v 0.43292063 -0.19998425 -0.04512292
v 0.43055382 -0.19758272 -0.04109216
v 0.43059483 -0.20422232 -0.03824973
v 0.43354705 -0.20607948 -0.04624784
v 0.43292063 -0.19998425 -0.04512292
v 0.43059483 -0.20422232 -0.03824973
v 0.43342939 -0.19987166 -0.04727942
v 0.43128976 -0.19818085 -0.05678028
v 0.43435174 -0.20651728 -0.05730736
v 0.43394902 -0.20675594 -0.05982912
v 0.43410936 -0.20983982 -0.0589298
v 0.43435174 -0.20651728 -0.05730736
v 0.43424207 -0.21248132 -0.053204
v 0.4333936 -0.21899801 -0.04618835
v 0.43394902 -0.20675594 -0.05982912
v 0.43352106 -0.23358381 -0.04802263
v 0.42832363 -0.21217799 -0.03235352
v 0.42719895 -0.22545177 -0.03542584
v 0.43480232 -0.22651482 -0.06596577
v 0.43473092 -0.22412521 -0.05664134
v 0.42832363 -0.21217799 -0.03235352
v 0.41354981 -0.2190845 -0.02588195
v 0.41150907 -0.21908414 -0.02613729
v 0.42909473 -0.19149381 -0.05555898
v 0.43122518 -0.19558442 -0.05099088
v 0.4264507 -0.19274372 -0.05926377
v 0.41354981 -0.2190845 -0.02588195
v 0.41411483 -0.23570186 -0.0375815
v 0.42719895 -0.22545177 -0.03542584
v 0.40857348 -0.23528206 -0.03797853
v 0.43391973 -0.21117955 -0.06336755
v 0.43162522 -0.20617026 -0.06227517
v 0.43391973 -0.21117955 -0.06336755
v 0.42794928 -0.22048295 -0.07774776
v 0.42487055 -0.21969551 -0.08020151
v 0.4258613 -0.21717054 -0.07771438
v 0.43522188 -0.23270816 -0.07732213
v 0.43691868 -0.24067438 -0.07579362
v 0.43444246 -0.22534508 -0.07038617
v 0.43444246 -0.22534508 -0.07038617
v 0.42492583 -0.22162706 -0.08019215
v 0.42265755 -0.2181626 -0.07984626
v 0.4029215 -0.21422333 -0.08337051
v 0.41245019 -0.19809902 -0.07549101
v 0.42058817 -0.1985628 -0.07150805
v 0.42291012 -0.22072047 -0.08065897
v 0.4096033 -0.24121457 -0.09077722
v 0.40221712 -0.22125626 -0.08595026
v 0.40038064 -0.20425689 -0.0293085
v 0.3914316 -0.1977824 -0.02529973
v 0.40735939 -0.19600844 -0.01673573
v 0.39112642 -0.19173354 -0.01600951
v 0.38319021 -0.19194305 -0.02122647
v 0.38065061 -0.19454914 -0.03311151
v 0.39156321 -0.20323741 -0.03674293
v 0.39637005 -0.21351624 -0.03559554
v 0.38781214 -0.20785987 -0.04815954
v 0.38814715 -0.21231377 -0.05665427
v 0.39211673 -0.21773088 -0.04768664
v 0.39705035 -0.22567433 -0.03524756
v 0.39211673 -0.21773088 -0.04768664
v 0.38903853 -0.22221404 -0.05445307
v 0.38956368 -0.22548825 -0.04800314
v 0.38814715 -0.21231377 -0.05665427
v 0.38903853 -0.22221404 -0.05445307
v 0.39211673 -0.21773088 -0.04768664
v 0.3806558 -0.19869512 -0.04193783
v 0.37970996 -0.19985878 -0.05443048
v 0.37761736 -0.19913942 -0.05679989
v 0.38043246 -0.20286822 -0.05874592
v 0.3862462 -0.21113253 -0.0632115
v 0.38043246 -0.20286822 -0.05874592
v 0.37971675 -0.20403081 -0.06565928
v 0.3862462 -0.21113253 -0.0632115
v 0.39475131 -0.2337895 -0.03495014
v 0.38956368 -0.22548825 -0.04800314
v 0.38090968 -0.24280059 -0.0407747
v 0.37680623 -0.2381736 -0.05261791
v 0.37881854 -0.24353451 -0.0424248
v 0.38206151 -0.23097104 -0.05111647
v 0.37913156 -0.23291671 -0.05677021
v 0.37680623 -0.2381736 -0.05261791
v 0.38206151 -0.23097104 -0.05111647
v 0.38956368 -0.22548825 -0.04800314
v 0.38903853 -0.22221404 -0.05445307
v 0.38206151 -0.23097104 -0.05111647
v 0.39248255 -0.20167863 -0.07960814
v 0.38640541 -0.21652085 -0.07706088
v 0.38553473 -0.21321791 -0.07328755
v 0.385984 -0.20949829 -0.07701409
v 0.39635757 -0.2183454 -0.08465022
v 0.38946247 -0.20278525 -0.07995725
v 0.38946941 -0.20066541 -0.08017403
v 0.38569501 -0.21805638 -0.07393241
v 0.3913269 -0.22975087 -0.0768792
v 0.39645571 -0.22389758 -0.08453614
v 0.39645571 -0.22389758 -0.08453614
v 0.4079591 -0.24218363 -0.09040147
v 0.39635757 -0.2183454 -0.08465022
v 0.38133565 -0.20238799 -0.07075661
v 0.37713918 -0.20106751 -0.06545985
v 0.38689139 -0.20176083 -0.07904178
v 0.38946247 -0.20278525 -0.07995725
v 0.38689139 -0.20176083 -0.07904178
v 0.38569501 -0.21805638 -0.07393241
v 0.37913969 -0.24281436 -0.06540346
v 0.38683444 -0.22281021 -0.06223947
v 0.351982 -0.18743837 -0.05498028
v 0.35229319 -0.187612 -0.05512196
v 0.35224843 -0.1875599 -0.05499053
v 0.351982 -0.18743837 -0.05498028
v 0.35224843 -0.1875599 -0.05499053
v 0.35199136 -0.18744266 -0.05492985
v 0.37285334 -0.2442441 -0.0515002
v 0.37881854 -0.24353451 -0.0424248
v 0.37680623 -0.2381736 -0.05261791
v 0.37285334 -0.2442441 -0.0515002
v 0.37680623 -0.2381736 -0.05261791
v 0.37434217 -0.24105954 -0.05545807
v 0.37913156 -0.23291671 -0.05677021
v 0.37434217 -0.24105954 -0.05545807
v 0.37680623 -0.2381736 -0.05261791
v 0.37830848 -0.24363428 -0.06457776
v 0.37434217 -0.24105954 -0.05545807
v 0.37913156 -0.23291671 -0.05677021
v 0.35191023 -0.18742257 -0.05494648
v 0.35194832 -0.18742281 -0.05499291
v 0.35197908 -0.18742543 -0.05500764
v 0.35229319 -0.187612 -0.05512196
v 0.26853591 -0.22002304 -0.07677484
v 0.26840401 -0.21965361 -0.07692802
v 0.26852077 -0.21914941 -0.07645446
v 0.26853591 -0.22002304 -0.07677484
v 0.26852077 -0.21914941 -0.07645446
v 0.2686488 -0.2199806 -0.07611346
v 0.2683779 -0.22000092 -0.07704741
v 0.26891369 -0.22270334 -0.07664829
v 0.26891369 -0.22270334 -0.07664829
v 0.26856601 -0.22105056 -0.07715952
v 0.26134008 -0.19767648 -0.04655772
v 0.25869548 -0.19292903 -0.03820848
v 0.25856239 -0.20083016 -0.04262131
v 0.26247495 -0.20910448 -0.04901487
v 0.262187 -0.19744307 -0.05035233
v 0.26134008 -0.19767648 -0.04655772
v 0.26247495 -0.20910448 -0.04901487
v 0.26942784 -0.21566111 -0.06695747
v 0.26701289 -0.20300668 -0.06115401
v 0.26460326 -0.21707302 -0.05281413
v 0.26247495 -0.20910448 -0.04901487
v 0.25911218 -0.21890438 -0.04896247
v 0.26460326 -0.21707302 -0.05281413
v 0.2680192 -0.20248526 -0.06766963
v 0.26701289 -0.20300668 -0.06115401
v 0.26942784 -0.21566111 -0.06695747
v 0.26701289 -0.20300668 -0.06115401
v 0.26419246 -0.18886751 -0.06006414
v 0.262187 -0.19744307 -0.05035233
v 0.25911218 -0.21890438 -0.04896247
v 0.2533434 -0.21585298 -0.04247975
v 0.25277424 -0.22045118 -0.04443961
v 0.25362688 -0.22544038 -0.04928398
v 0.26624072 -0.23456335 -0.06394619
v 0.26427972 -0.22196448 -0.05396867
v 0.25860751 -0.23530531 -0.05809194
v 0.26862568 -0.22306406 -0.06774837
v 0.26427972 -0.22196448 -0.05396867
v 0.26624072 -0.23456335 -0.06394619
v 0.26624072 -0.23456335 -0.06394619
v 0.26862568 -0.22306406 -0.06774837
v 0.26460326 -0.21707302 -0.05281413
v 0.25911218 -0.21890438 -0.04896247
v 0.26427972 -0.22196448 -0.05396867
v 0.25869548 -0.19292903 -0.03820848
v 0.24715376 -0.19782746 -0.0396089
v 0.25856239 -0.20083016 -0.04262131
v 0.24231189 -0.19771713 -0.03811616
v 0.24497676 -0.20395476 -0.03953928
v 0.24937934 -0.21820229 -0.04348743
v 0.24660319 -0.21744061 -0.04829115
v 0.23814183 -0.20679021 -0.05122888
v 0.24062341 -0.21696836 -0.05518967
v 0.24973094 -0.22284299 -0.04630452
v 0.24749756 -0.23153961 -0.05793297
v 0.24580419 -0.2330541 -0.06114078
v 0.26487803 -0.18933791 -0.06359357
v 0.2680192 -0.20248526 -0.06766963
v 0.26324463 -0.19823372 -0.07597274
v 0.26324463 -0.19823372 -0.07597274
v 0.2680192 -0.20248526 -0.06766963
v 0.26852077 -0.21914941 -0.07645446
v 0.2681067 -0.21985209 -0.07704592
v 0.25222886 -0.21994412 -0.07648826
v 0.26093948 -0.19902796 -0.07842863
v 0.26226139 -0.19840276 -0.07791889
v 0.26091146 -0.19773245 -0.07845879
v 0.26942784 -0.21566111 -0.06695747
v 0.26862568 -0.22306406 -0.06774837
v 0.2686488 -0.2199806 -0.07611346
v 0.2681058 -0.22015023 -0.07702553
v 0.25974917 -0.23985225 -0.08009839
v 0.25222886 -0.2199592 -0.07648712
v 0.259377 -0.19849658 -0.07793862
v 0.25221199 -0.21993244 -0.07648265
v 0.24145508 -0.19810951 -0.07362801
v 0.24083221 -0.21750069 -0.06487375
v 0.23784149 -0.20568377 -0.07058811
v 0.25219208 -0.21994752 -0.0764696
v 0.259377 -0.19849658 -0.07793862
v 0.25221199 -0.21993244 -0.07648265
v 0.25221401 -0.21995097 -0.07648754
v 0.25222886 -0.21994412 -0.07648826
v 0.25219208 -0.21994752 -0.0764696
v 0.24604362 -0.23677528 -0.06767929
v 0.24083221 -0.21750069 -0.06487375
v 0.25221395 -0.21997136 -0.07648027
v 0.25222886 -0.2199592 -0.07648712
v 0.25221401 -0.21995097 -0.07648754
v 0.23429579 -0.19545221 -0.05106771
v 0.23394376 -0.20034403 -0.05756289
v 0.23788816 -0.21322685 -0.05987173
v 0.23394376 -0.20034403 -0.05756289
v 0.23411471 -0.20084351 -0.06343323
v 0.23429579 -0.19545221 -0.05106771
v 0.23052406 -0.1896202 -0.0583837
v 0.24010199 -0.21959102 -0.0603447
v 0.23788816 -0.21322685 -0.05987173
v 0.23465425 -0.19689041 -0.07042879
v 0.23411471 -0.20084351 -0.06343323
v 0.23076057 -0.1903404 -0.06180471
v 0.24145508 -0.19810951 -0.07362801
v 0.24604362 -0.23677528 -0.06767929
v 0.24010199 -0.21959102 -0.0603447
v 0.23788816 -0.21322685 -0.05987173
v 0.41402423 -0.17635423 -0.02553153
v 0.41003013 -0.15877587 -0.02955413
v 0.40991926 -0.16336954 -0.01874244
v 0.41328081 -0.17810595 -0.02135897
v 0.40629581 -0.17769074 -0.01413739
v 0.41195008 -0.19052613 -0.01864642
v 0.4177295 -0.18230945 -0.02618718
v 0.43194875 -0.19797826 -0.04614651
v 0.43342939 -0.19987166 -0.04727942
v 0.42604753 -0.18920505 -0.04388028
v 0.43122518 -0.19558442 -0.05099088
v 0.41897249 -0.17897058 -0.0418303
v 0.40958074 -0.16299295 -0.0439111
v 0.40968317 -0.15724486 -0.0304054
v 0.41776896 -0.17886686 -0.03553456
v 0.41422814 -0.17740285 -0.05616111
v 0.41325817 -0.17671627 -0.05661756
v 0.41309974 -0.17428052 -0.05390495
v 0.41625768 -0.17852002 -0.05090272
v 0.42028838 -0.18258733 -0.0406031
v 0.41897249 -0.17897058 -0.0418303
v 0.42078283 -0.18147498 -0.0430088
v 0.41625768 -0.17852002 -0.05090272
v 0.4189437 -0.18191743 -0.05589944
v 0.41388932 -0.17788976 -0.05727386
v 0.41236514 -0.17789668 -0.05809224
v 0.41570821 -0.19245166 -0.07141107
v 0.40913805 -0.1904164 -0.07279676
v 0.3732602 -0.15718132 0.01192266
v 0.37609476 -0.15154916 0.01264167
v 0.36881661 -0.15499169 0.01442373
v 0.36889136 -0.15837079 0.01146144
v 0.39871624 -0.15577418 0.00051558
v 0.39120799 -0.14959294 0.00874853
v 0.39165768 -0.15930873 0.00594217
v 0.39875391 -0.17051512 -0.00354677
v 0.39871624 -0.15577418 0.00051558
v 0.39165768 -0.15930873 0.00594217
v 0.40575972 -0.15618116 -0.01281351
v 0.3810862 -0.17639887 -0.002657
v 0.39875391 -0.17051512 -0.00354677
v 0.39165768 -0.15930873 0.00594217
v 0.40738323 -0.15738159 -0.01632679
v 0.40715227 -0.15474653 -0.01602703
v 0.39867043 -0.18040884 -0.01026052
v 0.38098675 -0.17793059 -0.00367242
v 0.40629581 -0.17769074 -0.01413739
v 0.40018055 -0.17514223 -0.00771278
v 0.41195008 -0.19052613 -0.01864642
v 0.37924761 -0.1750375 -0.00130439
v 0.38025966 -0.17692214 -0.00287926
v 0.36269653 -0.16901779 0.00104332
v 0.38084191 -0.1771698 -0.00319815
v 0.38016215 -0.17746276 -0.00342429
v 0.3712455 -0.18738043 -0.02055871
v 0.36052799 -0.17757136 -0.00753331
v 0.40968317 -0.15724486 -0.0304054
v 0.4093824 -0.15685499 -0.02980053
v 0.40931824 -0.15616983 -0.02969545
v 0.40928781 -0.15656829 -0.03025311
v 0.39320621 -0.1625278 -0.05899239
v 0.40050873 -0.16306269 -0.05348527
v 0.39622197 -0.16514975 -0.06031126
v 0.40582335 -0.1563378 -0.04195052
v 0.37840018 -0.15071827 -0.0543049
v 0.39306408 -0.15066546 -0.04656017
v 0.36915404 -0.16566986 -0.06738508
v 0.36911869 -0.15525168 -0.06208849
v 0.38735676 -0.16400772 -0.06266063
v 0.37275985 -0.19193012 -0.03399903
v 0.37038031 -0.19416577 -0.03941548
v 0.37557045 -0.19483447 -0.03927451
v 0.37657493 -0.19780034 -0.05500776
v 0.37341794 -0.1972838 -0.05448329
v 0.37507185 -0.19796944 -0.05649197
v 0.39314595 -0.16530645 -0.06211483
v 0.39553505 -0.16903663 -0.06358129
v 0.38932511 -0.17096066 -0.0661003
v 0.39774066 -0.18201655 -0.0719592
v 0.39208981 -0.19734114 -0.07789046
v 0.386776 -0.19604993 -0.0786534
v 0.37678194 -0.18066442 -0.07409585
v 0.36415017 -0.18150342 -0.06954396
v 0.38302204 -0.18291503 -0.07544434
v 0.37678194 -0.18066442 -0.07409585
v 0.37494832 -0.20003486 -0.06509066
v 0.36415017 -0.18150342 -0.06954396
v 0.386776 -0.19604993 -0.0786534
v 0.36304194 -0.15795803 0.01259124
v 0.34753048 -0.1486966 0.0207777
v 0.35087121 -0.14565945 0.02284288
v 0.34754062 -0.14486259 0.0231697
v 0.34391779 -0.14574289 0.02268052
v 0.32522357 -0.15685314 0.00869536
v 0.32888138 -0.15711802 0.00997084
v 0.32512754 -0.15528214 0.0108732
v 0.34783566 -0.16117156 0.01160032
v 0.35749775 -0.17457324 -0.00397062
v 0.3600992 -0.17507863 -0.00519973
v 0.33993202 -0.17161828 -0.00474942
v 0.35776889 -0.17647123 -0.00640702
v 0.35213739 -0.18487895 -0.028247
v 0.33930308 -0.17492849 -0.00929242
v 0.35043925 -0.18451482 -0.02826321
v 0.32877988 -0.16190958 0.00374752
v 0.33406878 -0.17146033 -0.00769275
v 0.32385981 -0.15802562 0.00594199
v 0.32858682 -0.17568952 -0.02388519
v 0.32707131 -0.17600775 -0.02675015
v 0.32628953 -0.17534393 -0.02578104
v 0.33711374 -0.17979187 -0.02775997
v 0.32714736 -0.17620832 -0.02761865
v 0.3505767 -0.14526653 -0.06380439
v 0.35825992 -0.16235429 -0.06588644
v 0.37038031 -0.19416577 -0.03941548
v 0.35544509 -0.18913764 -0.0456993
v 0.37341794 -0.1972838 -0.05448329
v 0.35109884 -0.18524235 -0.02939016
v 0.3491202 -0.184793 -0.0297941
v 0.35544509 -0.18913764 -0.0456993
v 0.37507185 -0.19796944 -0.05649197
v 0.34685242 -0.18657607 -0.04384708
v 0.31753558 -0.17263538 -0.03910601
v 0.31756884 -0.17253041 -0.03990811
v 0.31949735 -0.1740703 -0.03953588
v 0.32287264 -0.17462677 -0.03234988
v 0.31753558 -0.17263538 -0.03910601
v 0.31949735 -0.1740703 -0.03953588
v 0.3368187 -0.16433477 -0.06450766
v 0.32327437 -0.15863186 -0.05971783
v 0.34617102 -0.14540261 -0.06349689
v 0.32876873 -0.17639446 -0.05512762
v 0.32820308 -0.17721593 -0.0531342
v 0.32665765 -0.17577404 -0.05426753
v 0.34685242 -0.18657607 -0.04384708
v 0.33470726 -0.18285227 -0.03842348
v 0.33470726 -0.18285227 -0.03842348
v 0.33425295 -0.18357193 -0.04312897
v 0.35126978 -0.18712032 -0.05497134
v 0.35281128 -0.17433059 -0.06737334
v 0.34770405 -0.16464037 -0.06656861
v 0.35281128 -0.17433059 -0.06737334
v 0.34455746 -0.17177582 -0.06456679
v 0.34770405 -0.16464037 -0.06656861
v 0.35199678 -0.18740153 -0.05502641
v 0.35196304 -0.18740231 -0.05500484
v 0.31655061 -0.15087932 0.01245499
v 0.32318503 -0.1559577 0.00887549
v 0.31558144 -0.15495467 0.00315005
v 0.30772537 -0.15966964 -0.02720928
v 0.31032151 -0.15882409 -0.020904
v 0.30278099 -0.15589988 -0.02459115
v 0.30641896 -0.15457588 -0.0049482
v 0.32041693 -0.16517979 -0.0091998
v 0.32444835 -0.17393428 -0.02700931
v 0.32631946 -0.17562896 -0.02709228
v 0.28107733 -0.15311998 -0.01100284
v 0.28096008 -0.1533348 -0.01150811
v 0.28114492 -0.15320468 -0.0115521
v 0.28107733 -0.15311998 -0.01100284
v 0.28114492 -0.15320468 -0.0115521
v 0.28223139 -0.15318274 -0.01116812
v 0.28150851 -0.1532672 -0.01188552
v 0.2817542 -0.15351725 -0.02856928
v 0.30278099 -0.15589988 -0.02459115
v 0.28150851 -0.1532672 -0.01188552
v 0.28114492 -0.15320468 -0.0115521
v 0.28096008 -0.1533348 -0.01150811
v 0.28107166 -0.15325034 -0.01169664
v 0.28150851 -0.1532672 -0.01188552
v 0.30223715 -0.15718704 -0.03343451
v 0.31307113 -0.16859561 -0.0387156
v 0.30113393 -0.15723294 -0.03727859
v 0.30223715 -0.15718704 -0.03343451
v 0.31005794 -0.16050023 -0.05230409
v 0.30767512 -0.15053314 -0.05559373
v 0.3024087 -0.15711242 -0.04156822
v 0.28153336 -0.15348637 -0.0286631
v 0.28133023 -0.15368384 -0.02880561
v 0.28151351 -0.1534521 -0.02897018
v 0.2817542 -0.15351725 -0.02856928
v 0.28147697 -0.15350837 -0.0285815
v 0.28153336 -0.15348637 -0.0286631
v 0.2817542 -0.15351725 -0.02856928
v 0.28147697 -0.15350837 -0.0285815
v 0.29413617 -0.15532035 -0.04017192
v 0.30297858 -0.15253431 -0.04596394
v 0.26479858 -0.15398413 -0.00037897
v 0.26102197 -0.15238917 0.00128782
v 0.2608009 -0.1548205 -0.00115538
v 0.26148224 -0.15573096 -0.00259614
v 0.26001537 -0.15613437 -0.0026145
v 0.26148224 -0.15573096 -0.00259614
v 0.26227325 -0.16564339 -0.01967877
v 0.26354182 -0.16459078 -0.02383178
v 0.25993884 -0.17315292 -0.02457416
v 0.26227325 -0.16564339 -0.01967877
v 0.25863117 -0.16634709 -0.0192216
v 0.25993884 -0.17315292 -0.02457416
v 0.25965095 -0.15412831 -0.0018822
v 0.25829011 -0.15403432 -0.0039866
v 0.24777937 -0.15076238 -0.01527739
v 0.25485498 -0.16029203 -0.02032381
v 0.24252695 -0.15326697 -0.02389711
v 0.25112998 -0.17003191 -0.02402627
v 0.28133023 -0.15368384 -0.02880561
v 0.26349819 -0.16673499 -0.03038287
v 0.2666465 -0.16758221 -0.04268074
v 0.2666465 -0.16758221 -0.04268074
v 0.26349819 -0.16673499 -0.03038287
v 0.26377922 -0.17422867 -0.04415554
v 0.26491159 -0.16569227 -0.05715376
v 0.27261657 -0.15945971 -0.05050427
v 0.26465392 -0.16809136 -0.05143499
v 0.2666465 -0.16758221 -0.04268074
v 0.26377922 -0.17422867 -0.04415554
v 0.26465392 -0.16809136 -0.05143499
v 0.26633513 -0.16238457 -0.05934125
v 0.27261657 -0.15945971 -0.05050427
v 0.26491159 -0.16569227 -0.05715376
v 0.27261657 -0.15945971 -0.05050427
v 0.2729646 -0.1516524 -0.05088693
v 0.2779265 -0.15482354 -0.04410368
v 0.26233047 -0.1892488 -0.04670769
v 0.262187 -0.19744307 -0.05035233
v 0.26349819 -0.16673499 -0.03038287
v 0.26395732 -0.18411779 -0.0606578
v 0.26395559 -0.18165684 -0.05420929
v 0.26419246 -0.18886751 -0.06006414
v 0.26233047 -0.1892488 -0.04670769
v 0.26395559 -0.18165684 -0.05420929
v 0.26377922 -0.17422867 -0.04415554
v 0.26419246 -0.18886751 -0.06006414
v 0.26487803 -0.18933791 -0.06359357
v 0.26395732 -0.18411779 -0.0606578
v 0.26465392 -0.16809136 -0.05143499
v 0.26377922 -0.17422867 -0.04415554
v 0.26395559 -0.18165684 -0.05420929
v 0.23370898 -0.1770879 -0.04638427
v 0.2336154 -0.17735153 -0.04670519
v 0.2336998 -0.17764729 -0.04667854
v 0.24234724 -0.16837335 -0.02731174
v 0.24416578 -0.1761204 -0.02806747
v 0.24612123 -0.15732592 -0.06394774
v 0.24107027 -0.15472573 -0.06415123
v 0.24547595 -0.15318149 -0.06456733
v 0.24090064 -0.15675855 -0.06564921
v 0.23356259 -0.17767006 -0.04677904
v 0.24337715 -0.19546926 -0.03682059
v 0.2336998 -0.17764729 -0.04667854
v 0.25735253 -0.18393058 -0.0305289
v 0.23360723 -0.17791075 -0.04679447
v 0.26491159 -0.16569227 -0.05715376
v 0.26381582 -0.16688633 -0.06192213
v 0.26633513 -0.16238457 -0.05934125
v 0.26633513 -0.16238457 -0.05934125
v 0.26381582 -0.16688633 -0.06192213
v 0.26138198 -0.16280103 -0.06208485
v 0.25469196 -0.17417407 -0.07116848
v 0.26218647 -0.19570851 -0.07713234
v 0.26324463 -0.19823372 -0.07597274
v 0.26297277 -0.18395388 -0.0649882
v 0.25634778 -0.1886403 -0.07726926
v 0.25054574 -0.17841536 -0.0754717
v 0.23452151 -0.17790574 -0.06965244
v 0.2544921 -0.18112791 -0.07228762
v 0.25000018 -0.18175751 -0.07578343
v 0.25000018 -0.18175751 -0.07578343
v 0.23600274 -0.18769538 -0.07166898
v 0.23779154 -0.15018719 -0.03107339
v 0.23842728 -0.15563309 -0.03138775
v 0.23370898 -0.1770879 -0.04638427
v 0.23676002 -0.15323722 -0.03721523
v 0.23842728 -0.15563309 -0.03138775
v 0.23779154 -0.15018719 -0.03107339
v 0.23370898 -0.1770879 -0.04638427
v 0.24107027 -0.15472573 -0.06415123
v 0.2328487 -0.16087735 -0.05336213
v 0.23352975 -0.14817446 -0.05214345
v 0.23442388 -0.15367478 -0.04573965
v 0.2336154 -0.17735153 -0.04670519
v 0.23360723 -0.17791075 -0.04679447
v 0.23052406 -0.1896202 -0.0583837
v 0.22909582 -0.18473226 -0.0591439
v 0.23077613 -0.16972554 -0.0572297
v 0.23076057 -0.1903404 -0.06180471
v 0.23077613 -0.16972554 -0.0572297
v 0.24090064 -0.15675855 -0.06564921
v 0.23452151 -0.17790574 -0.06965244
v 0.23452151 -0.17790574 -0.06965244
v 0.38167715 -0.11816579 0.01368576
v 0.37801561 -0.10641801 0.01301533
v 0.36934423 -0.11022985 0.02551734
v 0.37056991 -0.13275337 0.0229823
v 0.36930537 -0.12260145 0.02483815
v 0.36770505 -0.13278443 0.02394587
v 0.37056991 -0.13275337 0.0229823
v 0.37476912 -0.13020116 0.01936042
v 0.36930537 -0.12260145 0.02483815
v 0.36931449 -0.13625354 0.02242702
v 0.37515065 -0.1360172 0.01988959
v 0.37515065 -0.1360172 0.01988959
v 0.38833517 -0.11253268 -0.00335735
v 0.38819277 -0.11239576 -0.00314069
v 0.38823301 -0.1128009 -0.00294685
v 0.39119989 -0.11870575 -0.00375676
v 0.38836518 -0.11253357 -0.00349551
v 0.38931364 -0.11305571 -0.0148108
v 0.39438662 -0.12024367 -0.01534319
v 0.39417484 -0.1204443 -0.01881689
v 0.39946684 -0.12959486 -0.01969111
v 0.39438662 -0.12024367 -0.01534319
v 0.39823857 -0.13359499 -0.00531745
v 0.39825854 -0.13424975 -0.00449342
v 0.39417484 -0.1204443 -0.01881689
v 0.39842403 -0.13537836 -0.0044868
v 0.40575972 -0.15618116 -0.01281351
v 0.38644159 -0.1259976 0.01087922
v 0.38742384 -0.14072192 0.01220793
v 0.40317827 -0.13752663 -0.02206486
v 0.39857534 -0.13455588 -0.00503814
v 0.40715227 -0.15474653 -0.01602703
v 0.38264418 -0.10499096 -0.01151383
v 0.38821283 -0.11230385 -0.00366849
v 0.37798899 -0.10679287 -0.01987684
v 0.37609476 -0.15154916 0.01264167
v 0.38742384 -0.14072192 0.01220793
v 0.39946684 -0.12959486 -0.01969111
v 0.39698544 -0.13010424 -0.02691621
v 0.39070687 -0.11898482 -0.02213639
v 0.39228737 -0.13384539 -0.03487432
v 0.38295779 -0.13087541 -0.04026622
v 0.38413131 -0.12676489 -0.03570747
v 0.39934379 -0.13975835 -0.03443384
v 0.40928781 -0.15656829 -0.03025311
v 0.40317827 -0.13752663 -0.02206486
v 0.40931824 -0.15616983 -0.02969545
v 0.39920539 -0.13646215 -0.03078234
v 0.38372144 -0.13524944 -0.04163706
v 0.37880489 -0.12783682 -0.03927606
v 0.36330861 -0.12311757 -0.04454768
v 0.3707222 -0.10958463 -0.02951467
v 0.37640086 -0.11002225 -0.0269168
v 0.37884778 -0.13262522 -0.04227966
v 0.36944968 -0.14655757 -0.055915
v 0.36307764 -0.13258344 -0.0506537
v 0.36594206 -0.10825902 0.02872819
v 0.36364734 -0.11291236 0.02795404
v 0.35138857 -0.12527496 0.03012723
v 0.36364734 -0.11291236 0.02795404
v 0.34766716 -0.11371398 0.03567076
v 0.3425656 -0.12592298 0.03138024
v 0.34905881 -0.1422767 0.02437222
v 0.34550887 -0.14188915 0.02511072
v 0.32528228 -0.10976619 0.03971839
v 0.32197946 -0.11697656 0.03628069
v 0.32894778 -0.11708957 0.03637201
v 0.33794177 -0.10981536 0.03827906
v 0.34797996 -0.10750812 0.03808713
v 0.32900047 -0.13232827 0.02890533
v 0.3254742 -0.13901484 0.02460504
v 0.32223082 -0.13235641 0.02874893
v 0.349002 -0.11000091 -0.0420177
v 0.35301495 -0.12786955 -0.05180645
v 0.34197766 -0.126679 -0.05438679
v 0.34722078 -0.11103594 -0.04340982
v 0.34727365 -0.10941535 -0.04258543
v 0.34992248 -0.14324391 -0.0627085
v 0.34828371 -0.1422441 -0.0627507
v 0.32675713 -0.11421263 -0.05156606
v 0.32305455 -0.11475801 -0.05149049
v 0.32503223 -0.11033112 -0.04982567
v 0.34130234 -0.11013985 -0.04468113
v 0.32723701 -0.13404489 -0.05939829
v 0.32449657 -0.14064538 -0.05942911
v 0.32274806 -0.13447982 -0.05921775
v 0.34337312 -0.141976 -0.06289202
v 0.34882748 -0.14351189 -0.06362361
v 0.34789163 -0.14351857 -0.06362849
v 0.34837806 -0.14457923 -0.06378645
v 0.34617102 -0.14540261 -0.06349689
v 0.30842423 -0.10981518 0.04080021
v 0.30941504 -0.12638015 0.0320307
v 0.3035931 -0.11144203 0.04021239
v 0.29947186 -0.1261763 0.0309701
v 0.30351293 -0.10885203 0.04129636
v 0.3111676 -0.14037442 0.0199421
v 0.30413187 -0.13956034 0.01956463
v 0.2822026 -0.10920626 0.03760844
v 0.28024739 -0.11358649 0.034504
v 0.28482002 -0.11444569 0.03476107
v 0.297198 -0.10963202 0.03997481
v 0.28538018 -0.13320553 0.0255661
v 0.28263712 -0.13757741 0.02258229
v 0.28078926 -0.13314599 0.02491075
v 0.2956093 -0.13993055 0.01955575
v 0.28197521 -0.14264226 0.01494211
v 0.30412251 -0.15191132 -0.00299251
v 0.30547082 -0.1429379 0.01665175
v 0.30274606 -0.14291662 0.01650608
v 0.30285561 -0.15310705 -0.00612193
v 0.30156904 -0.15184516 -0.00302827
v 0.27904117 -0.14864135 0.00665766
v 0.28343469 -0.14926106 0.00686568
v 0.28223139 -0.15318274 -0.01116812
v 0.31833804 -0.1106503 -0.05015248
v 0.30786049 -0.12746483 -0.05574846
v 0.2994734 -0.12778914 -0.05393755
v 0.30315208 -0.11585468 -0.05193228
v 0.30295455 -0.10728651 -0.04889154
v 0.30550909 -0.14632434 -0.05524266
v 0.30212194 -0.14619738 -0.05451125
v 0.30550909 -0.14632434 -0.05524266
v 0.32449657 -0.14064538 -0.05942911
v 0.28202349 -0.11057758 -0.05317527
v 0.28143483 -0.1102457 -0.05322647
v 0.28175896 -0.1100738 -0.05303401
v 0.28148711 -0.11115545 -0.05315948
v 0.28671438 -0.13519168 -0.05351835
v 0.27986664 -0.13505685 -0.05473506
v 0.28465676 -0.15127051 -0.04366362
v 0.28151351 -0.1534521 -0.02897018
v 0.28108424 -0.15170091 -0.04398096
v 0.29413617 -0.15532035 -0.04017192
v 0.28151351 -0.1534521 -0.02897018
v 0.28465676 -0.15127051 -0.04366362
v 0.28465676 -0.15127051 -0.04366362
v 0.28671438 -0.13519168 -0.05351835
v 0.2994734 -0.12778914 -0.05393755
v 0.2767005 -0.10902715 0.03539091
v 0.26250166 -0.12010187 0.02091855
v 0.26249659 -0.1200875 0.02092469
v 0.26249272 -0.12010002 0.02091563
v 0.2618559 -0.10248762 0.03022468
v 0.27395964 -0.13792998 0.02011436
v 0.26249605 -0.12013137 0.02090585
v 0.26248789 -0.12009126 0.02091151
v 0.2624861 -0.12010217 0.02090669
v 0.26247674 -0.12008631 0.02089536
v 0.26471692 -0.14118028 0.01463562
v 0.25436497 -0.13539994 0.00570947
v 0.2489143 -0.11007899 0.00540185
v 0.26247674 -0.12008631 0.02089536
v 0.25280285 -0.10369343 0.01583266
v 0.2489143 -0.11007899 0.00540185
v 0.24194413 -0.11107665 -0.0084092
v 0.24896628 -0.12677008 0.00151652
v 0.24976605 -0.1316843 0.00212944
v 0.24871981 -0.13164073 -0.00059593
v 0.24107498 -0.1131894 -0.0109573
v 0.23892266 -0.13217276 -0.01809567
v 0.2499209 -0.13430709 0.00067711
v 0.24976605 -0.1316843 0.00212944
v 0.24871981 -0.13164073 -0.00059593
v 0.2499209 -0.13430709 0.00067711
v 0.24886215 -0.13701802 -0.00351989
v 0.24204946 -0.14289629 -0.01893961
v 0.26404929 -0.12408984 -0.06176895
v 0.2597298 -0.10386473 -0.05451149
v 0.28080648 -0.10994488 -0.05313379
v 0.26090151 -0.11986744 -0.06194025
v 0.28108424 -0.15170091 -0.04398096
v 0.2779265 -0.15482354 -0.04410368
v 0.28108424 -0.15170091 -0.04398096
v 0.26850861 -0.14333779 -0.0595184
v 0.2729646 -0.1516524 -0.05088693
v 0.26628864 -0.14941925 -0.06088835
v 0.2432121 -0.11061901 -0.04794329
v 0.23913932 -0.12988257 -0.05804825
v 0.23973489 -0.112804 -0.04819882
v 0.25912839 -0.12139755 -0.06238294
v 0.24029404 -0.1484254 -0.06312686
v 0.26165462 -0.12293386 -0.06309706
v 0.26245189 -0.1215232 -0.0627206
v 0.26104075 -0.12173104 -0.06294984
v 0.26030242 -0.12303394 -0.06322414
v 0.26260477 -0.14534003 -0.06285572
v 0.26083124 -0.14984363 -0.06391519
v 0.25861716 -0.14485765 -0.06323576
v 0.24043638 -0.13383985 -0.05956787
v 0.23803109 -0.13379109 -0.05851519
v 0.2407282 -0.11108476 -0.01135427
v 0.24107498 -0.1131894 -0.0109573
v 0.24194413 -0.11107665 -0.0084092
v 0.24029946 -0.11216944 -0.01302123
v 0.23635286 -0.1290139 -0.02494895
v 0.23618096 -0.11489606 -0.0264715
v 0.24057871 -0.11018831 -0.01270556
v 0.23638201 -0.13498896 -0.0251444
v 0.23638201 -0.13498896 -0.0251444
v 0.23892266 -0.13217276 -0.01809567
v 0.23277253 -0.13177335 -0.03804076
v 0.23623043 -0.11138791 -0.03184581
v 0.23687714 -0.10813242 -0.0262903
v 0.23771602 -0.11268586 -0.04408407
v 0.23281181 -0.13003325 -0.04053307
v 0.23216146 -0.13316071 -0.04073417
v 0.23973489 -0.112804 -0.04819882
v 0.23722947 -0.11454761 -0.04665291
v 0.2382254 -0.11176568 -0.04614526
v 0.23244423 -0.13148797 -0.04347008
v 0.23601454 -0.13169527 -0.05589825
v 0.23253977 -0.13753438 -0.04122472
v 0.23278964 -0.13464248 -0.03812313
v 0.23218924 -0.1354565 -0.04404354
v 0.23551756 -0.13618284 -0.05582458
v 0.23913932 -0.12988257 -0.05804825
v 0.23803109 -0.13379109 -0.05851519
v 0.24029404 -0.1484254 -0.06312686
v 0.23551756 -0.13618284 -0.05582458
v 0.23803109 -0.13379109 -0.05851519
v 0.36794925 -0.09285516 0.01664758
v 0.38827044 -0.11241537 -0.00341195
v 0.38761789 -0.11154932 -0.00319767
v 0.38821283 -0.11230385 -0.00366849
v 0.37198502 -0.09190631 0.00179482
v 0.36171055 -0.08176297 0.00075704
v 0.36163449 -0.08095694 0.00691521
v 0.36672693 -0.09068739 0.01583207
v 0.36742783 -0.09025782 -0.0084185
v 0.36171055 -0.08176297 0.00075704
v 0.37198502 -0.09190631 0.00179482
v 0.37501884 -0.09691989 0.00302476
v 0.37545812 -0.09598708 -0.00049275
v 0.37017819 -0.09386665 -0.0115751
v 0.37545812 -0.09598708 -0.00049275
v 0.37236682 -0.10628515 -0.0263297
v 0.36844558 -0.10489345 -0.02707249
v 0.37039319 -0.09790635 -0.01696211
v 0.34105086 -0.07886589 0.04054415
v 0.33826399 -0.08651447 0.04532331
v 0.34397054 -0.08840001 0.04155606
v 0.34481281 -0.06169564 0.02071911
v 0.35338593 -0.07539171 0.02282244
v 0.35504246 -0.0749613 0.01577401
v 0.35356706 -0.08498669 0.03162801
v 0.34592676 -0.0718112 0.03347057
v 0.36537528 -0.08947241 0.0176934
v 0.33808976 -0.08905119 0.04509389
v 0.34136146 -0.09706527 0.04258603
v 0.35533917 -0.09177178 0.0346753
v 0.34797996 -0.10750812 0.03808713
v 0.36644214 -0.09139079 0.01770627
v 0.32697964 -0.06914312 0.05151016
v 0.32610101 -0.0674423 0.05195898
v 0.32545602 -0.06864977 0.05180967
v 0.33490366 -0.08793157 0.04661673
v 0.34228081 -0.06894737 0.03726393
v 0.3434093 -0.05968809 0.02039152
v 0.34312248 -0.0598231 0.02165765
v 0.34136146 -0.09706527 0.04258603
v 0.33808976 -0.08905119 0.04509389
v 0.33446616 -0.09254611 0.0450229
v 0.33490366 -0.08793157 0.04661673
v 0.31785899 -0.09449643 0.04653633
v 0.35130954 -0.06937802 0.00887322
v 0.34924716 -0.07908386 -0.01137412
v 0.34802288 -0.07850313 -0.01220059
v 0.34810001 -0.07666016 -0.00920373
v 0.35077053 -0.06917363 0.00556535
v 0.34679747 -0.06676477 0.00403172
v 0.36693907 -0.09181964 -0.01311302
v 0.34842587 -0.07914639 -0.01291358
v 0.34503704 -0.06173265 0.01763594
v 0.34713328 -0.07747251 -0.01222652
v 0.32713372 -0.06550485 -0.01653451
v 0.33601606 -0.06229323 -0.0083676
v 0.34718615 -0.07868856 -0.01309985
v 0.35432601 -0.09312731 -0.0267964
v 0.34241897 -0.09171957 -0.03095287
v 0.34825349 -0.10821664 -0.04102302
v 0.34612513 -0.1074459 -0.04136848
v 0.33195448 -0.08696663 -0.03149599
v 0.32636076 -0.07583737 -0.02476519
v 0.31827903 -0.08759058 -0.03632206
v 0.33262777 -0.09550846 -0.03743613
v 0.31736195 -0.09273362 -0.04032183
v 0.29156429 -0.0712536 0.05852628
v 0.30307525 -0.05666476 0.06343925
v 0.28269136 -0.06673872 0.06021702
v 0.28274363 -0.0729596 0.05716711
v 0.32545602 -0.06864977 0.05180967
v 0.31071502 -0.08435082 0.05160558
v 0.31768256 -0.08828574 0.0487833
v 0.32564431 -0.0674386 0.05213183
v 0.30389267 -0.05644274 0.06348729
v 0.30413705 -0.07376087 0.05707735
v 0.32564431 -0.0674386 0.05213183
v 0.29783851 -0.08339781 0.05255455
v 0.31269723 -0.09049708 0.04793555
v 0.30654234 -0.10419786 0.04325283
v 0.30119836 -0.10487336 0.04318649
v 0.2901051 -0.08790529 0.04979849
v 0.27349019 -0.08753932 0.04515845
v 0.29584539 -0.09032071 0.04854858
v 0.28990412 -0.09453094 0.04671162
v 0.273467 -0.08964413 0.04418951
v 0.31090301 -0.05805492 -0.02203548
v 0.31580234 -0.07117754 -0.02486873
v 0.31184173 -0.08497816 -0.03655642
v 0.30410439 -0.07162046 -0.03210688
v 0.2984705 -0.08786559 -0.04186732
v 0.29340792 -0.08716512 -0.04302245
v 0.29419923 -0.08513051 -0.04173315
v 0.31285614 -0.08975607 -0.03856391
v 0.31046909 -0.09644818 -0.04252011
v 0.29357243 -0.08866107 -0.04339874
v 0.29183424 -0.08597994 -0.04262662
v 0.27381289 -0.08321846 -0.04451746
v 0.28272694 -0.06664866 -0.03606391
v 0.30503404 -0.05803186 -0.02555883
v 0.2891078 -0.06651354 -0.03460777
v 0.29176587 -0.08792979 -0.04369992
v 0.28143907 -0.10986817 -0.053065
v 0.27383691 -0.0893904 -0.04786968
v 0.2762059 -0.06985354 0.05715096
v 0.26010412 -0.0589354 0.06356359
v 0.26245403 -0.05769819 0.06475627
v 0.26002622 -0.05714047 0.06482023
v 0.25857842 -0.05736345 0.06406003
v 0.25732088 -0.05822939 0.0614472
v 0.26078403 -0.06989259 0.05026251
v 0.27137315 -0.08643705 0.04521424
v 0.25750726 -0.07284385 0.0421555
v 0.25664145 -0.08119017 0.03099722
v 0.27050567 -0.08734667 0.04291421
v 0.27187657 -0.0881145 0.0443697
v 0.27131271 -0.08999497 0.04310071
v 0.25819516 -0.09425014 0.0284512
v 0.25294274 -0.06645042 0.04616147
v 0.24711061 -0.06721187 0.03223377
v 0.24522108 -0.06678545 0.02956533
v 0.24608886 -0.06844777 0.02916133
v 0.25150442 -0.08055723 0.02048779
v 0.24527216 -0.06916273 0.01489526
v 0.25639564 -0.10126126 0.0240646
v 0.25445271 -0.09328413 0.02101946
v 0.25280285 -0.10369343 0.01583266
v 0.24497956 -0.08464229 0.00046015
v 0.24526668 -0.06917655 0.01487333
v 0.24572957 -0.07239032 -0.00160217
v 0.24526674 -0.06915593 0.01488435
v 0.24527216 -0.06916273 0.01489526
v 0.2452659 -0.06915146 0.01489323
v 0.24526674 -0.06915593 0.01488435
v 0.24527216 -0.06916273 0.01489526
v 0.24742186 -0.08542228 0.00805956
v 0.24585444 -0.07055503 -0.00301862
v 0.24578798 -0.06971347 -0.00158608
v 0.2480461 -0.06688279 -0.00594729
v 0.24284124 -0.07744378 -0.01003301
v 0.24742186 -0.08542228 0.00805956
v 0.2466718 -0.09807783 0.00431436
v 0.2466718 -0.09807783 0.00431436
v 0.24101949 -0.08265698 -0.01456344
v 0.24106848 -0.10802835 -0.01055479
v 0.24497956 -0.08464229 0.00046015
v 0.25877202 -0.05963135 -0.02437276
v 0.27588689 -0.06680572 -0.03404289
v 0.25941992 -0.07138222 -0.03013933
v 0.26647365 -0.08120096 -0.04086792
v 0.25014496 -0.08495408 -0.03497648
v 0.26806295 -0.08663291 -0.04608965
v 0.26620728 -0.09346575 -0.04958475
v 0.25019681 -0.08805859 -0.03724569
v 0.24776751 -0.08643556 -0.03449774
v 0.24850279 -0.08491266 -0.03317261
v 0.24877393 -0.08584243 -0.03510153
v 0.25014496 -0.08495408 -0.03497648
v 0.2416569 -0.08154094 -0.01636356
v 0.24946874 -0.07239145 -0.02057886
v 0.24970591 -0.08629584 -0.03581321
v 0.24857306 -0.08666342 -0.0357644
v 0.24857306 -0.08666342 -0.0357644
v 0.24877393 -0.08584243 -0.03510153
v 0.24970591 -0.08629584 -0.03581321
v 0.23842287 -0.10201383 -0.03074431
v 0.24094272 -0.08261693 -0.0169813
v 0.23865771 -0.10858041 -0.04347724
v 0.23976457 -0.10981959 -0.04609048
v 0.22595286 -0.05704302 0.02670968
v 0.24516642 -0.06909209 0.01494944
v 0.23643512 -0.06246418 0.02879184
v 0.22595286 -0.05704302 0.02670968
v 0.23643512 -0.06246418 0.02879184
v 0.22598696 -0.05693614 0.02892357
v 0.22462732 -0.05600399 0.0275141
v 0.22462732 -0.05600399 0.0275141
v 0.2246359 -0.0560317 0.0263868
v 0.22595519 -0.05692071 0.02469933
v 0.24086523 -0.08234918 -0.01581991
v 0.24284124 -0.07744378 -0.01003301
v 0.24072236 -0.08331782 -0.01596439
v 0.23976457 -0.10981959 -0.04609048
v 0.32336509 -0.02614802 0.03323072
v 0.32598788 -0.03152388 0.0328961
v 0.32411647 -0.0261476 0.03128672
v 0.33051103 -0.04742301 0.03934008
v 0.32049185 -0.03230929 0.04636174
v 0.32087803 -0.04626793 0.05230355
v 0.32465243 -0.02692449 0.03040379
v 0.32405913 -0.02586192 0.03070366
v 0.32406592 -0.0263294 0.02534181
v 0.33187181 -0.04737127 0.03462481
v 0.32585949 -0.06697142 0.05206978
v 0.33281785 -0.05060828 0.03779542
v 0.34187245 -0.05741072 0.02109635
v 0.3323791 -0.04282606 0.02239132
v 0.34793317 -0.06571209 0.00761062
v 0.35130954 -0.06937802 0.00887322
v 0.34793317 -0.06571209 0.00761062
v 0.33874518 -0.05395132 0.00923741
v 0.34503704 -0.06173265 0.01763594
v 0.33338946 -0.04798347 0.00935322
v 0.3207854 -0.03722507 0.00371063
v 0.32405788 -0.02791107 0.01909
v 0.33427751 -0.04798359 0.01160437
v 0.32480967 -0.02831918 0.02031678
v 0.32159823 -0.04545802 -0.00250691
v 0.33427751 -0.04798359 0.01160437
v 0.33517998 -0.0495078 0.0098635
v 0.33487225 -0.0501622 0.0081166
v 0.32731998 -0.05541837 -0.00955564
v 0.30665779 -0.03605419 0.06703371
v 0.30865246 -0.03208393 0.06451458
v 0.30458176 -0.03137046 0.06800652
v 0.31200284 -0.03867567 0.06203693
v 0.30090088 -0.03776217 0.07046145
v 0.31321722 -0.03002691 0.0561803
v 0.30390418 -0.05545455 0.06376922
v 0.28237236 -0.02362305 0.07981586
v 0.27711797 -0.03406912 0.0801608
v 0.28610075 -0.03114194 0.07874632
v 0.28237236 -0.02362305 0.07981586
v 0.28610075 -0.03114194 0.07874632
v 0.28785115 -0.02368754 0.07736218
v 0.30341989 -0.01425779 0.06265807
v 0.30090088 -0.03776217 0.07046145
v 0.2876845 -0.04513657 0.0748772
v 0.28229266 -0.05508262 0.06913561
v 0.27539355 -0.04547656 0.0777269
v 0.30344802 -0.0560562 0.06381971
v 0.30579436 -0.01525825 0.05995595
v 0.31750798 -0.02476388 0.04689455
v 0.32311922 -0.02541798 0.02072781
v 0.32406592 -0.0263294 0.02534181
v 0.3239556 -0.02664846 0.02021223
v 0.32480967 -0.02831918 0.02031678
v 0.3040812 -0.0560953 0.06342769
v 0.3040812 -0.0560953 0.06342769
v 0.30390418 -0.05545455 0.06376922
v 0.30378807 -0.05616629 0.06362051
v 0.3040812 -0.0560953 0.06342769
v 0.30378807 -0.05616629 0.06362051
v 0.30390418 -0.05545455 0.06376922
v 0.32185072 -0.02591598 0.01835126
v 0.3114177 -0.03932065 -0.00499135
v 0.30187505 -0.03647834 -0.01139081
v 0.3056131 -0.02598333 9.948E-05
v 0.31082201 -0.02347136 0.00590277
v 0.30561751 -0.02075106 0.00348008
v 0.31131846 -0.05258232 -0.01804423
v 0.30521488 -0.04856896 -0.01920736
v 0.29005009 -0.02522755 -0.01163173
v 0.28319734 -0.02189744 -0.01398206
v 0.28756499 -0.01993448 -0.01016629
v 0.28980994 -0.04031891 -0.02044517
v 0.30676991 -0.05357915 -0.02298892
v 0.30305415 -0.05324697 -0.02406973
v 0.28467852 -0.04403996 -0.02605569
v 0.2824083 -0.03858006 -0.02405065
v 0.27983302 -0.04419917 -0.02635586
v 0.28514922 -0.06182766 -0.0338155
v 0.28006053 -0.06174397 -0.03402096
v 0.26075029 -0.02439642 0.08547026
v 0.26030886 -0.02423298 0.08555901
v 0.26030564 -0.02454424 0.08552599
v 0.26097965 -0.02576929 0.08527172
v 0.25961065 -0.025805 0.08513337
v 0.26834214 -0.04275036 0.08063841
v 0.26219243 -0.05436558 0.06793708
v 0.25787884 -0.05453646 0.06746531
v 0.23884356 -0.0232988 0.08494616
v 0.23497111 -0.03472614 0.07739234
v 0.24511385 -0.03744191 0.08022845
v 0.25952178 -0.02439135 0.08563286
v 0.25190049 -0.0433135 0.07893407
v 0.24363583 -0.04658651 0.07178396
v 0.2396301 -0.05135852 0.06381398
v 0.23633945 -0.04695678 0.06778747
v 0.24060309 -0.05479288 0.05740762
v 0.23835921 -0.05870372 0.04602349
v 0.24505651 -0.06071585 0.04831803
v 0.24462265 -0.06604207 0.03093016
v 0.24290764 -0.06525856 0.03119004
v 0.24385768 -0.06600195 0.029643
v 0.26039606 -0.03317392 -0.02200502
v 0.25970209 -0.01545537 -0.01515251
v 0.27463073 -0.01831824 -0.01366895
v 0.25907785 -0.03139096 -0.02143222
v 0.24635869 -0.01979852 -0.01393706
v 0.24004978 -0.04873723 -0.01169872
v 0.23555201 -0.04963696 -0.00469953
v 0.23797607 -0.03884286 -0.01265079
v 0.25436974 -0.03726834 -0.02004993
v 0.24525636 -0.06914574 0.01489532
v 0.24523407 -0.06912071 0.01487863
v 0.24526137 -0.06914598 0.01488572
v 0.24578798 -0.06971347 -0.00158608
v 0.24500805 -0.0682683 -0.00128353
v 0.2480461 -0.06688279 -0.00594729
v 0.24740237 -0.05270267 -0.01693171
v 0.25403464 -0.06062829 -0.02004629
v 0.25897032 -0.03338546 -0.02236831
v 0.25958198 -0.03449231 -0.0225473
v 0.25846249 -0.03452325 -0.022376
v 0.26079822 -0.05477208 -0.02352273
v 0.25672728 -0.05510604 -0.02290833
v 0.25735736 -0.03315306 -0.02212936
v 0.25735736 -0.03315306 -0.02212936
v 0.25846249 -0.03452325 -0.022376
v 0.25877202 -0.05963135 -0.02437276
v 0.25672728 -0.05510604 -0.02290833
v 0.22211748 -0.02471358 0.08111984
v 0.22444701 -0.04009718 0.06849205
v 0.21931463 -0.02747071 0.07758093
v 0.21835428 -0.03806961 0.06648189
v 0.21877235 -0.02381635 0.0805077
v 0.23329037 -0.04995072 0.06038761
v 0.22236753 -0.04424345 0.06008905
v 0.19901615 -0.02363741 0.07190162
v 0.19893694 -0.02386373 0.0716517
v 0.19930321 -0.02404141 0.0716548
v 0.20186186 -0.02383113 0.07306433
v 0.2011416 -0.03070384 0.05546141
v 0.21402442 -0.03729892 0.06067508
v 0.19916296 -0.02412838 0.07114351
v 0.22899336 -0.05573845 0.0398578
v 0.22780955 -0.05173218 0.050291
v 0.21669877 -0.04563046 0.04356319
v 0.21653306 -0.04687101 0.03903902
v 0.19648355 -0.0303635 0.04718477
v 0.19648409 -0.03191721 0.04076582
v 0.20926839 -0.04130954 0.03974974
v 0.21201175 -0.04203057 0.04305673
v 0.20281845 -0.0280332 0.02152628
v 0.19931567 -0.0258587 0.02342135
v 0.2015748 -0.02475476 0.0210557
v 0.20800203 -0.03958869 0.03015345
v 0.20986784 -0.04150057 0.03535444
v 0.20291591 -0.03620309 0.0325923
v 0.21316844 -0.04415154 0.04006952
v 0.21324307 -0.04410183 0.03848314
v 0.21324307 -0.04410183 0.03848314
v 0.20926839 -0.04130954 0.03974974
v 0.21861887 -0.05045497 0.02826267
v 0.21888256 -0.0256483 0.00863725
v 0.22221798 -0.02742624 0.00600165
v 0.21958482 -0.03053033 0.01018804
v 0.22504026 -0.03840381 0.00638741
v 0.22708809 -0.02657962 -0.00142014
v 0.23765922 -0.024432 -0.01526541
v 0.23413229 -0.02705431 -0.01046354
v 0.23406845 -0.02265042 -0.01107311
v 0.22993016 -0.04805678 0.0041461
v 0.22645456 -0.04851913 0.00915956
v 0.23036063 -0.05435479 0.00875551
v 0.24177545 -0.06539577 0.00063783
v 0.22414267 -0.05400598 0.02453685
v 0.21709853 -0.04127443 0.01859009
v 0.23054874 -0.0512954 0.00488377
v 0.19852734 -0.02351916 0.07172978
v 0.19222581 -0.02433687 0.055794
v 0.19860238 -0.02370197 0.07124317
v 0.17950892 -0.01413357 0.06042659
v 0.17903483 -0.01240695 0.06558472
v 0.17487687 -0.01095176 0.0629214
v 0.17391777 -0.01116323 0.05901778
v 0.18130052 -0.01975775 0.04711294
v 0.18338007 -0.02206695 0.0447017
v 0.19648409 -0.03191721 0.04076582
v 0.19648355 -0.0303635 0.04718477
v 0.18043113 -0.02001566 0.04507637
v 0.18338007 -0.02206695 0.0447017
v 0.19043326 -0.0258382 0.03451765
v 0.18124866 -0.02002281 0.04301327
v 0.18043113 -0.02001566 0.04507637
v 0.17898375 -0.01293468 0.03151035
v 0.17874199 -0.01843226 0.04636902
v 0.17876107 -0.01844871 0.04451066
v 0.17874199 -0.01843226 0.04636902
v 0.17809361 -0.01229274 0.03186703
v 0.17837614 -0.01228666 0.03119773
v 0.1788367 -0.01237899 0.03097981
v 0.18274361 -0.01483399 0.02935487
v 0.32041752 -0.02077466 0.03352797
v 0.323753 -0.02548575 0.03129631
v 0.32327217 -0.02440143 0.03061628
v 0.30419749 -0.01423824 0.06193256
v 0.30366892 -0.01344919 0.06218195
v 0.3040998 -0.01343179 0.06148708
v 0.30278528 -0.01317602 0.06266999
v 0.30307871 -0.01197845 0.06134731
v 0.28481221 0.01495415 0.05346805
v 0.28206456 0.01836038 0.05254912
v 0.28047025 0.01742738 0.05577695
v 0.28598338 -0.00190949 0.07075226
v 0.28123999 0.00766993 0.06727999
v 0.27505642 -0.00205755 0.07743984
v 0.29129207 0.00198627 0.06188065
v 0.27618498 -0.01207739 0.08031923
v 0.28512758 -0.01803219 0.07700765
v 0.29662001 0.00789976 0.04290867
v 0.29700446 0.0023939 0.05233198
v 0.30781609 -0.00407588 0.04151815
v 0.30036938 0.00483239 0.0322367
v 0.30540568 -0.01152319 0.05642289
v 0.31051427 -0.00750983 0.0412631
v 0.31003183 -0.00639558 0.03860432
v 0.3133862 -0.00909549 0.02790612
v 0.30173892 0.00339562 0.03048694
v 0.28458458 0.01716083 0.0498383
v 0.28698033 0.01692438 0.04086822
v 0.29595071 0.00889391 0.03324831
v 0.28396505 0.01892537 0.03792608
v 0.28173429 0.01785547 0.03304809
v 0.28396505 0.01892537 0.03792608
v 0.29595071 0.00889391 0.03324831
v 0.29972804 0.00522399 0.03050512
v 0.30036938 0.00483239 0.0322367
v 0.30173892 0.00339562 0.03048694
v 0.30805683 -0.0179593 0.00858355
v 0.3133862 -0.00909549 0.02790612
v 0.30866635 -0.00895846 0.02025676
v 0.2960912 -0.00358528 0.01271319
v 0.29827756 -0.0091548 0.00836515
v 0.27917719 -0.00091916 0.00506687
v 0.27241844 0.00030637 0.00292045
v 0.27353853 0.00226092 0.00609446
v 0.29209423 -0.00079507 0.01150781
v 0.28267008 0.01247597 0.02266878
v 0.27253872 -0.00082523 0.00181997
v 0.29272109 -0.00336844 0.00904977
v 0.28993469 -0.00883728 0.00200307
v 0.28321856 -0.01765865 -0.01084059
v 0.25235981 0.00456905 0.08427304
v 0.25016898 -0.00091708 0.08699751
v 0.25707793 -0.00208485 0.0849033
v 0.26354021 0.02562851 0.06415313
v 0.27338612 0.01410425 0.06826878
v 0.26877177 0.00044203 0.07991099
v 0.26021206 0.01629919 0.07746255
v 0.25011712 -0.00277531 0.08696985
v 0.26120907 -0.02256 0.08517784
v 0.26030886 -0.02423298 0.08555901
v 0.26075029 -0.02439642 0.08547026
v 0.26916146 -0.00422269 0.08100212
v 0.24680018 0.00311756 0.08758146
v 0.23963833 0.0199644 0.08672506
v 0.23234689 0.00651145 0.08928674
v 0.24806857 -0.00187492 0.08741373
v 0.25245023 0.0197112 0.08008468
v 0.25900877 0.02553868 0.06825459
v 0.24806857 -0.00187492 0.08741373
v 0.24717879 -0.00602877 0.08719432
v 0.25011712 -0.00277531 0.08696985
v 0.23144573 -0.00906724 0.0887959
v 0.27597648 0.01570565 0.02268755
v 0.26016086 0.02845603 0.03191626
v 0.26279229 0.02737749 0.03236157
v 0.26024628 0.02809912 0.03114575
v 0.25953138 0.028593 0.03145802
v 0.25464439 0.02688438 0.02689141
v 0.26204073 0.01574123 0.01668429
v 0.27082098 0.00114697 0.00362855
v 0.25077981 0.00257808 0.00141692
v 0.27120012 -0.00023663 0.00201917
v 0.27000439 -0.00260258 -0.00046504
v 0.25167269 -0.00409174 -0.00542992
v 0.24201298 0.0217275 0.01429731
v 0.22750419 -0.00242645 0.0018723
v 0.23182815 0.00650233 0.00623351
v 0.23217493 -0.00217307 0.00085831
v 0.25009215 6.515E-05 -0.00177765
v 0.24754167 0.00172949 -0.00077629
v 0.24733621 -0.00120682 -0.00242853
v 0.22752529 -0.00346178 0.00155586
v 0.23217493 -0.00217307 0.00085831
v 0.2285943 -0.00575602 -0.00046527
v 0.22752529 -0.00346178 0.00155586
v 0.23773068 -0.01973826 -0.01156205
v 0.23765922 -0.024432 -0.01526541
v 0.19660228 0.01869243 0.09694737
v 0.19666618 0.02015543 0.09694183
v 0.19518387 0.01941627 0.09713066
v 0.19519323 0.01809049 0.09679031
v 0.23234689 0.00651145 0.08928674
v 0.22492403 0.00095791 0.09107894
v 0.22999048 -0.00181568 0.08953047
v 0.22833741 0.01965529 0.09108573
v 0.21691805 0.02406341 0.09412336
v 0.21678352 0.01581711 0.09412289
v 0.21678352 0.01581711 0.09412289
v 0.20831096 -0.00063163 0.08814019
v 0.22575766 -0.0039553 0.08927917
v 0.22117758 -0.01900506 0.08306396
v 0.21433198 -0.01702464 0.08284134
v 0.20450884 -0.00273573 0.0875169
v 0.18699419 -0.00209761 0.08718956
v 0.20769155 -0.00405878 0.08671725
v 0.20487785 -0.00637031 0.08510077
v 0.18733573 -0.00565094 0.08482671
v 0.19862002 -0.0220806 0.02143288
v 0.22657025 -0.00194532 0.00206333
v 0.2167595 0.02522051 0.01095116
v 0.23636365 0.02155697 0.01291072
v 0.21625441 0.01702017 0.00797427
v 0.23994207 0.02179807 0.01343268
v 0.20948583 0.00038987 0.0086419
v 0.22662705 -0.00312626 0.00226694
v 0.21049726 -0.00744551 0.00973153
v 0.22662705 -0.00312626 0.00226694
v 0.22708809 -0.02657962 -0.00142014
v 0.23406845 -0.02265042 -0.01107311
v 0.23773068 -0.01973826 -0.01156205
v 0.23406845 -0.02265042 -0.01107311
v 0.19774055 0.01263076 0.00875348
v 0.19282204 0.01505578 0.01004761
v 0.19450748 0.01888806 0.00855458
v 0.20028239 0.01918656 0.00849491
v 0.19774055 0.01263076 0.00875348
v 0.19450748 0.01888806 0.00855458
v 0.20948583 0.00038987 0.0086419
v 0.20199108 -0.00409889 0.01256359
v 0.19171965 -0.00438601 0.01706821
v 0.19108039 0.02131385 0.09822106
v 0.19324237 0.01835001 0.09701824
v 0.15351194 0.01884544 0.09535235
v 0.15547734 0.02167457 0.09669167
v 0.15154719 0.01986068 0.09550816
v 0.15173453 0.01888722 0.09473962
v 0.1736384 0.01439047 0.09530097
v 0.18257427 0.00038105 0.08864433
v 0.16783708 0.00441533 0.08149415
v 0.16754353 0.00178736 0.07845092
v 0.17457545 -0.00059307 0.08175594
v 0.18411446 -0.00326163 0.08571601
v 0.18409723 -0.0059312 0.08249313
v 0.17092085 -0.00320399 0.07320976
v 0.15586448 0.01428366 0.09038568
v 0.16400635 0.00395393 0.07971603
v 0.15116572 0.01833248 0.09310734
v 0.1614182 0.00151026 0.06990194
v 0.1576255 0.00052696 0.06280524
v 0.15578091 0.00262642 0.06507987
v 0.1485163 0.00625801 0.05229056
v 0.14869738 0.00722748 0.04965669
v 0.15192008 0.00351977 0.05122399
v 0.15328699 0.00315326 0.0571903
v 0.16615576 0.0107761 0.02380049
v 0.1510216 0.01981711 0.02938694
v 0.16251993 0.02434403 0.02010161
v 0.16492116 0.00362098 0.02991265
v 0.16096759 0.00080514 0.03809118
v 0.15444463 0.00831854 0.03489858
v 0.16421014 -0.00630832 0.05159986
v 0.15777194 -7.03E-06 0.06080353
v 0.16421014 -0.00630832 0.05159986
v 0.16421461 -0.00631422 0.04467201
v 0.17709953 -0.01112247 0.03154188
v 0.17678809 0.00333852 0.02022439
v 0.17346227 0.02448827 0.01371449
v 0.19138032 0.01870787 0.00973547
v 0.1734004 0.00971669 0.02006543
v 0.17166126 0.00470519 0.02304208
v 0.17904621 -0.01187253 0.03051603
v 0.17853981 -0.01190603 0.03092736
v 0.14267588 0.02444476 0.09868485
v 0.15044981 0.01942974 0.09485644
v 0.13602066 0.01883835 0.08309609
v 0.14929396 0.01147074 0.07896668
v 0.13229245 0.02099931 0.08366036
v 0.13312823 0.02121967 0.08591402
v 0.13492084 0.01460069 0.06469858
v 0.13493377 0.01460516 0.06474215
v 0.13488275 0.01462322 0.06471825
v 0.13486671 0.01469612 0.06497091
v 0.13526064 0.01438695 0.06466424
v 0.13493377 0.01460516 0.06474215
v 0.13492084 0.01460069 0.06469858
v 0.13488275 0.01462322 0.06471825
v 0.15582824 0.00169343 0.06187457
v 0.13152707 0.02762735 0.09670985
v 0.12823248 0.02283543 0.08562315
v 0.12330139 0.02350467 0.07933342
v 0.1150974 0.02559996 0.07358992
v 0.1145342 0.02535468 0.06282699
v 0.13488173 0.01464051 0.06462574
v 0.14305508 0.01036644 0.0520981
v 0.13176924 0.01884896 0.05191797
v 0.14376473 0.01694769 0.03634769
v 0.13960612 0.02516872 0.03336895
v 0.13350588 0.01960695 0.04753399
v 0.15777194 -7.03E-06 0.06080353
v 0.15582824 0.00169343 0.06187457
v 0.13526064 0.01438695 0.06466424
v 0.11842477 0.02390957 0.05983388
v 0.12764627 0.02211493 0.04967165
v 0.13253015 0.02438706 0.043836
v 0.28037941 0.01961464 0.05290323
v 0.28130627 0.01918453 0.05108702
v 0.27751827 0.02215695 0.05048549
v 0.28103679 0.02104455 0.03787458
v 0.27663749 0.02417177 0.04220712
v 0.28239775 0.02009404 0.04040307
v 0.28103679 0.02104455 0.03787458
v 0.28239775 0.02009404 0.04040307
v 0.25969803 0.02915823 0.06441975
v 0.2609002 0.02915126 0.06240356
v 0.25638992 0.03045577 0.06619215
v 0.25849336 0.03080547 0.06252742
v 0.22937012 0.04112047 0.08440989
v 0.2287488 0.04186296 0.08412766
v 0.2286576 0.04159516 0.08472717
v 0.22869653 0.04119581 0.0849576
v 0.2413339 0.04292208 0.06313133
v 0.23722076 0.04699922 0.06072038
v 0.23741311 0.04562086 0.06509143
v 0.24030924 0.04114765 0.06805557
v 0.22909302 0.03999501 0.08516371
v 0.24346566 0.03045839 0.07874429
v 0.24674219 0.04135293 0.04842412
v 0.24687082 0.04122329 0.04906017
v 0.24808282 0.04065412 0.04835975
v 0.24684036 0.04120499 0.04788238
v 0.26504391 0.03099114 0.04652929
v 0.26093781 0.03031963 0.05842072
v 0.27663749 0.02417177 0.04220712
v 0.24808282 0.04065412 0.04835975
v 0.25358814 0.03463465 0.03955656
v 0.24684036 0.04120499 0.04788238
v 0.24595076 0.04197019 0.04804033
v 0.24579686 0.04217142 0.04896271
v 0.23261404 0.05184609 0.05215919
v 0.24595076 0.04197019 0.04804033
v 0.24674219 0.04135293 0.04842412
v 0.24513739 0.0413745 0.04525429
v 0.23932064 0.04048628 0.03180349
v 0.23704284 0.04314154 0.03461236
v 0.24052685 0.02312201 0.01462322
v 0.23905265 0.02353644 0.01430285
v 0.2396639 0.02951986 0.02087909
v 0.19518793 0.02233303 0.09779221
v 0.22820467 0.04146552 0.08511311
v 0.22649556 0.04442102 0.08411473
v 0.21414852 0.07121927 0.06355417
v 0.22562629 0.05632561 0.06869793
v 0.22763401 0.05679494 0.05964512
v 0.21612936 0.05998582 0.07869685
v 0.21399659 0.05787396 0.08270872
v 0.22814929 0.04085147 0.08527827
v 0.21107179 0.03726065 0.09535867
v 0.19606853 0.06211108 0.09628165
v 0.19545716 0.06340021 0.09602505
v 0.19501108 0.06245261 0.09648514
v 0.19961727 0.0415206 0.09974146
v 0.21047497 0.04573447 0.0938198
v 0.21285456 0.06213808 0.08106256
v 0.21412092 0.07124895 0.06354249
v 0.21411598 0.07124573 0.06356931
v 0.19961727 0.0415206 0.09974146
v 0.19216627 0.04142416 0.10170847
v 0.19666618 0.02015543 0.09694183
v 0.22417426 0.06125653 0.0515303
v 0.2181533 0.05710387 0.03066826
v 0.22108811 0.05430812 0.03183728
v 0.21993738 0.05396783 0.02949607
v 0.23261046 0.05105644 0.04420775
v 0.22351474 0.06140459 0.04559505
v 0.2267434 0.0493629 0.03069466
v 0.23528206 0.04133463 0.03023076
v 0.21415043 0.07122201 0.06349784
v 0.20915335 0.0699684 0.034015
v 0.21639085 0.06675386 0.04080427
v 0.19550627 0.05519569 0.01808852
v 0.19587076 0.06535035 0.02391112
v 0.21481544 0.05529225 0.02771443
v 0.21955603 0.05241317 0.02803016
v 0.21853131 0.05418456 0.02859175
v 0.21743399 0.05232412 0.02764922
v 0.2128402 0.03656483 0.01558751
v 0.22231758 0.03697044 0.01729476
v 0.19977319 0.04196697 0.01412433
v 0.19020867 0.04162836 0.01212299
v 0.19626319 0.02242482 0.00981987
v 0.19260848 0.02315921 0.00921392
v 0.17225301 0.05249935 0.10743344
v 0.17245424 0.07446134 0.10763854
v 0.15144658 0.0636788 0.11461645
v 0.15171093 0.04154885 0.10828882
v 0.15100312 0.04800653 0.11044186
v 0.15000772 0.0415169 0.10867947
v 0.1690439 0.05034757 0.10748702
v 0.15096253 0.03960639 0.10752565
v 0.15715307 0.03822452 0.10680729
v 0.17309219 0.05192804 0.10716891
v 0.19216627 0.04142416 0.10170847
v 0.19473195 0.06337667 0.09657937
v 0.17307734 0.07454532 0.10746932
v 0.17282015 0.05240589 0.10727745
v 0.17282015 0.05240589 0.10727745
v 0.17256278 0.05192846 0.1071701
v 0.17309219 0.05192804 0.10716891
v 0.17600852 0.03254861 0.10251242
v 0.17327791 0.02693486 0.10043496
v 0.17083794 0.03260529 0.1025368
v 0.18413168 0.07125396 0.0195747
v 0.18741626 0.06027085 0.01766413
v 0.15161413 0.03234696 0.02032745
v 0.17954749 0.04658675 0.01098156
v 0.17312998 0.05802649 0.01154613
v 0.16802174 0.04663551 0.01181436
v 0.19138032 0.01870787 0.00973547
v 0.17938852 0.03556103 0.01173204
v 0.16824514 0.03485346 0.01258796
v 0.17938852 0.03556103 0.01173204
v 0.15390521 0.05772096 0.00725621
v 0.14905846 0.05834615 0.0076322
v 0.15126604 0.06301367 0.00584823
v 0.17350131 0.07228357 0.01580113
v 0.15632302 0.06312507 0.00712776
v 0.15390521 0.05772096 0.00725621
v 0.15126604 0.06301367 0.00584823
v 0.16802174 0.04663551 0.01181436
v 0.15586668 0.04089034 0.01437593
v 0.14797628 0.04085809 0.01544845
v 0.14509898 0.06665027 0.1161741
v 0.14337343 0.05954129 0.1146419
v 0.13319689 0.04985523 0.11299849
v 0.13012403 0.05716032 0.11592275
v 0.12717754 0.04966235 0.11288315
v 0.13947213 0.03539312 0.1054756
v 0.13055521 0.03431737 0.1049031
v 0.10836971 0.06430387 0.11943346
v 0.10725009 0.06153882 0.11837161
v 0.10966694 0.06168485 0.11850977
v 0.11236662 0.06410372 0.11943114
v 0.12995785 0.06871402 0.1188333
v 0.1107254 0.04166186 0.10794175
v 0.10995698 0.04004544 0.10656226
v 0.10878611 0.04168528 0.10790521
v 0.12153023 0.03548563 0.10513473
v 0.11027795 0.03837532 0.10343307
v 0.13136631 0.03150547 0.10328001
v 0.12976754 0.03163922 0.10308605
v 0.10767275 0.03161132 0.08970875
v 0.11484057 0.0301469 0.09069198
v 0.11363584 0.02715576 0.07643652
v 0.11043221 0.02797884 0.07673037
v 0.11233425 0.02678168 0.07397485
v 0.1150974 0.02559996 0.07358992
v 0.13380277 0.03311974 0.03355855
v 0.14068586 0.03477603 0.02600175
v 0.1269362 0.03347224 0.03591371
v 0.13086611 0.03839618 0.02684307
v 0.10930848 0.05874884 0.01501477
v 0.12057734 0.04638106 0.02574265
v 0.10950768 0.05064499 0.03033841
v 0.11459738 0.04055744 0.03755856
v 0.10368305 0.0405426 0.04520005
v 0.11273563 0.02611732 0.06293267
v 0.11023962 0.02836806 0.06035346
v 0.11365253 0.02632552 0.06128162
v 0.11537915 0.03133845 0.04567045
v 0.13518012 0.04749578 0.01437098
v 0.12953299 0.06405002 0.00354123
v 0.13873047 0.06256163 0.00425851
v 0.12990719 0.06018329 0.00545788
v 0.12717801 0.04824108 0.01665199
v 0.11054438 0.06075835 0.01050723
v 0.10813743 0.06127089 0.01085645
v 0.10920465 0.06366521 0.00800443
v 0.11964309 0.06297398 0.0059672
v 0.10415345 0.06404126 0.11942625
v 0.09037274 0.05020434 0.11061525
v 0.08770835 0.05584836 0.11341041
v 0.08632225 0.05075097 0.10987043
v 0.08736718 0.06824392 0.11956125
v 0.10665691 0.04042989 0.10552865
v 0.0890789 0.04638147 0.1054973
v 0.07316512 0.05943489 0.11289871
v 0.069291 0.06449014 0.11481464
v 0.06629133 0.06282175 0.11290234
v 0.08229697 0.05027151 0.1056928
v 0.09715593 0.03561532 0.08526307
v 0.09548503 0.03796858 0.09573162
v 0.08137184 0.04283011 0.08622885
v 0.09254003 0.03505903 0.07182276
v 0.09260291 0.03498095 0.07144785
v 0.09254003 0.03505903 0.07182276
v 0.09226519 0.03517634 0.07147515
v 0.11233425 0.02678168 0.07397485
v 0.08895022 0.03736001 0.07535303
v 0.06221157 0.05308646 0.08899254
v 0.06162274 0.05178332 0.0836488
v 0.07816184 0.0440712 0.08493799
v 0.06821454 0.05394417 0.10065794
v 0.07989675 0.04361123 0.0861128
v 0.07030994 0.04667747 0.0715245
v 0.07175934 0.04590815 0.07215226
v 0.07038206 0.04653406 0.07256991
v 0.07670492 0.04426771 0.07994896
v 0.0803315 0.04308015 0.08513093
v 0.08122402 0.04268998 0.08488345
v 0.08033037 0.04307586 0.08466619
v 0.07670492 0.04426771 0.07994896
v 0.08895022 0.03736001 0.07535303
v 0.08033037 0.04307586 0.08466619
v 0.09018576 0.04157507 0.05313998
v 0.08223337 0.04474431 0.05714446
v 0.08236527 0.04747856 0.05209786
v 0.10491973 0.06102854 0.01485395
v 0.09742534 0.05667835 0.03036034
v 0.0882979 0.06146455 0.02527583
v 0.08828592 0.05665791 0.03681445
v 0.09743142 0.04346305 0.04544133
v 0.09839636 0.03656989 0.05289
v 0.10428792 0.03534144 0.04966217
v 0.09276837 0.03515321 0.07060444
v 0.09888458 0.03909582 0.04820615
v 0.07669228 0.04755551 0.0553236
v 0.06246936 0.05460089 0.0569756
v 0.06604522 0.06141913 0.04326648
v 0.07003915 0.06160921 0.04067284
v 0.06996191 0.063425 0.03638452
v 0.0793702 0.068914 0.01936483
v 0.10561126 0.0634892 0.00994468
v 0.08819425 0.06850845 0.01262718
v 0.05502021 0.05977154 0.10129315
v 0.04660934 0.06712216 0.10538429
v 0.06053245 0.06615853 0.11345655
v 0.04533941 0.07260424 0.11167979
v 0.03910798 0.07326055 0.1093511
v 0.03565508 0.07213569 0.10075742
v 0.04783261 0.06148195 0.09523988
v 0.05518436 0.05528945 0.0850333
v 0.04454112 0.06106722 0.08543265
v 0.04973203 0.05795628 0.07358479
v 0.04958421 0.05797309 0.07424974
v 0.04876894 0.05864584 0.07398766
v 0.06162274 0.05178332 0.0836488
v 0.04882544 0.05840099 0.0748955
v 0.05518436 0.05528945 0.0850333
v 0.04454112 0.06106722 0.08543265
v 0.03497076 0.06802702 0.09118903
v 0.02899313 0.06910729 0.08162338
v 0.02899313 0.06910729 0.08162338
v 0.02842289 0.06962597 0.08090472
v 0.03389889 0.07136917 0.06673974
v 0.05221683 0.06445748 0.054995
v 0.04622746 0.06845433 0.05811846
v 0.19455916 0.0840748 0.08348483
v 0.18776256 0.09483534 0.0797177
v 0.1865989 0.09166014 0.08809316
v 0.18748188 0.08481956 0.09185582
v 0.19949234 0.08694601 0.06488311
v 0.19258672 0.09584892 0.05992901
v 0.19295615 0.09412372 0.06929272
v 0.1991266 0.08363426 0.07398874
v 0.1944598 0.0652411 0.09590083
v 0.2013582 0.07775438 0.08026052
v 0.21407872 0.07129645 0.06355643
v 0.20411801 0.08372229 0.04863799
v 0.20421964 0.08360928 0.04934567
v 0.20467389 0.08317178 0.04859686
v 0.20467389 0.08317178 0.04859686
v 0.20416266 0.08352298 0.0481019
v 0.20411801 0.08372229 0.04863799
v 0.2184031 0.0674758 0.04787731
v 0.22351474 0.06140459 0.04559505
v 0.21383059 0.07161742 0.06310225
v 0.2184031 0.0674758 0.04787731
v 0.20498425 0.08222562 0.04717624
v 0.20296955 0.08490729 0.04815197
v 0.20233446 0.08579707 0.04965824
v 0.18951809 0.09939039 0.05401903
v 0.20296955 0.08490729 0.04815197
v 0.20246702 0.08356154 0.0455662
v 0.21383059 0.07161742 0.06310225
v 0.21412092 0.07124895 0.06354249
v 0.21415043 0.07122201 0.06349784
v 0.21407872 0.07129645 0.06355643
v 0.1961326 0.08140236 0.03281444
v 0.19386816 0.0855183 0.0346536
v 0.16819757 0.09923661 0.1042546
v 0.16298527 0.11333895 0.10106701
v 0.15219051 0.10800773 0.1149742
v 0.15446472 0.08560926 0.11483467
v 0.1517846 0.10228068 0.11588711
v 0.14577579 0.08546311 0.1188218
v 0.16534477 0.09231341 0.10707939
v 0.15112114 0.07117575 0.11545998
v 0.17196095 0.07528418 0.10790563
v 0.17756444 0.09197003 0.09834695
v 0.17663878 0.10646814 0.08622354
v 0.17205274 0.10983068 0.08970541
v 0.17285722 0.10160983 0.09505785
v 0.17141896 0.09443307 0.10296875
v 0.18575943 0.10232526 0.07121372
v 0.17933571 0.10613281 0.0802924
v 0.17578059 0.11462998 0.0673942
v 0.17367804 0.07534486 0.1066426
v 0.17284286 0.07501835 0.10746604
v 0.17245424 0.07446134 0.10763854
v 0.18716127 0.10242325 0.05853856
v 0.17728549 0.11345959 0.06301367
v 0.18347067 0.10576445 0.0535621
v 0.17434502 0.10210806 0.02988601
v 0.17938203 0.09932953 0.0327245
v 0.17686135 0.09848863 0.02810454
v 0.18952996 0.09771681 0.0441072
v 0.18177003 0.10631984 0.04605043
v 0.18490773 0.09160632 0.03040588
v 0.1897791 0.08276099 0.02946806
v 0.16546059 0.11488539 0.03328139
v 0.17291367 0.11190927 0.04207462
v 0.15194082 0.10354513 0.01543379
v 0.15265197 0.10988253 0.01875955
v 0.16642207 0.10194916 0.02333677
v 0.17588001 0.09610593 0.02616191
v 0.17449641 0.09878057 0.0265789
v 0.17284495 0.09589118 0.02511245
v 0.17693669 0.07944572 0.01854354
v 0.17027932 0.07983994 0.01665437
v 0.15594649 0.08664232 0.01229829
v 0.14320201 0.08626938 0.00639272
v 0.1536693 0.068003 0.00747067
v 0.14634502 0.07295233 0.00512558
v 0.14823312 0.10997295 0.11671031
v 0.14858699 0.10630965 0.11698395
v 0.13632226 0.09023607 0.12232041
v 0.12981009 0.10542428 0.12571192
v 0.12981009 0.10542428 0.12571192
v 0.12158668 0.08804667 0.1247862
v 0.13632226 0.09023607 0.12232041
v 0.13556796 0.08060193 0.12045103
v 0.12214124 0.08178455 0.12336373
v 0.14577579 0.08546311 0.1188218
v 0.15112114 0.07117575 0.11545998
v 0.10795248 0.1077919 0.12997985
v 0.09964961 0.08974946 0.12702823
v 0.11525255 0.09248567 0.12655419
v 0.12340999 0.10770738 0.12719178
v 0.12989938 0.11035287 0.12508392
v 0.12340999 0.10770738 0.12719178
v 0.11628592 0.085226 0.12461537
v 0.10305947 0.07441765 0.12294561
v 0.11190754 0.07129645 0.12150961
v 0.1462788 0.11231148 0.01555288
v 0.14671469 0.10662138 0.01495683
v 0.13695109 0.08948612 0.00565213
v 0.12935764 0.10475975 0.00662297
v 0.12019408 0.08462149 -0.00046152
v 0.11827421 0.08475322 -0.00090438
v 0.11898565 0.08650875 -0.00042337
v 0.13873047 0.06256163 0.00425851
v 0.13750452 0.08336473 0.00464731
v 0.11991107 0.08082241 -0.00030565
v 0.11830044 0.08423275 -0.0009442
v 0.11737013 0.08594996 -0.00109488
v 0.10229796 0.09459442 -0.00475883
v 0.10807753 0.1077643 -0.00218654
v 0.12974703 0.11210775 0.00783551
v 0.12210006 0.10806447 0.00313866
v 0.11772364 0.08447713 -0.00104696
v 0.11991107 0.08082241 -0.00030565
v 0.11766642 0.08367014 -0.00080729
v 0.10119474 0.07713866 -0.00317961
v 0.11766642 0.08367014 -0.00080729
v 0.08957571 0.10774875 0.13176632
v 0.08627212 0.10864711 0.13175124
v 0.08627802 0.1070317 0.13152272
v 0.09112912 0.09788287 0.12955695
v 0.08064204 0.0956912 0.12910622
v 0.09625351 0.0865525 0.12646544
v 0.09909564 0.08515936 0.12589341
v 0.09590966 0.08342081 0.12550968
v 0.07714796 0.08402991 0.12594932
v 0.06499761 0.10740256 0.13369149
v 0.05578613 0.08886796 0.12651789
v 0.07455933 0.08779997 0.12729943
v 0.08113688 0.1076178 0.13250822
v 0.07678705 0.08623409 0.12663019
v 0.0748651 0.08521003 0.12651432
v 0.06614298 0.06523603 0.11510545
v 0.05540705 0.08510613 0.12532878
v 0.06703341 0.06379217 0.03967202
v 0.06413215 0.06522554 0.04034501
v 0.06579053 0.06497788 0.036771
v 0.09675652 0.10705525 -0.00538296
v 0.10041785 0.08402371 -0.0055657
v 0.09434521 0.08730567 -0.00608188
v 0.09434521 0.08730567 -0.00608188
v 0.07677859 0.08457005 -0.00025392
v 0.08598995 0.1031875 -0.00707215
v 0.08598995 0.1031875 -0.00707215
v 0.08577508 0.11042309 -0.0071193
v 0.09426659 0.07702738 0.00030595
v 0.07689518 0.0822804 0.00113744
v 0.0950703 0.08154351 -0.0047586
v 0.10041785 0.08402371 -0.0055657
v 0.06820893 0.10619712 -0.00857168
v 0.07157272 0.09227121 -0.0032602
v 0.0642094 0.10614711 -0.00848979
v 0.05870682 0.08442062 0.01105648
v 0.05794227 0.09235024 0.00512648
v 0.07393312 0.08383691 0.00122869
v 0.06820893 0.10619712 -0.00857168
v 0.07559144 0.08385849 0.00018495
v 0.07551193 0.08256251 0.00186199
v 0.06524277 0.07469893 0.01972967
v 0.07563877 0.08290142 0.00069475
v 0.07663876 0.08333814 0.00011456
v 0.04993933 0.10759163 0.1319719
v 0.04307449 0.10912204 0.13109607
v 0.04303873 0.10671514 0.13041812
v 0.04871416 0.09587801 0.12798214
v 0.03948337 0.09927899 0.12785268
v 0.05244619 0.08691239 0.12506557
v 0.05119312 0.08211625 0.121369
v 0.03875798 0.08085293 0.11817056
v 0.02160227 0.10808814 0.12785232
v 0.01812202 0.09843916 0.12180007
v 0.02942634 0.0934425 0.12414634
v 0.03794771 0.10777158 0.13050956
v 0.03606129 0.08818102 0.12297088
v 0.02954537 0.08561319 0.11793321
v 0.02528667 0.0804702 0.10907608
v 0.02063733 0.08636677 0.11353052
v 0.02597886 0.07720202 0.10061979
v 0.02177984 0.07730615 0.09186161
v 0.02881318 0.0731644 0.09356165
v 0.02778167 0.06995994 0.08161014
v 0.02640647 0.07097828 0.08191776
v 0.02739847 0.07015842 0.08099854
v 0.04856187 0.07031178 0.05131644
v 0.04016447 0.07554054 0.05135739
v 0.04933703 0.08022887 0.03646398
v 0.05441183 0.07949066 0.0254724
v 0.04388785 0.08993715 0.02457201
v 0.03634185 0.08282149 0.04437876
v 0.01577598 0.09376132 0.05380523
v 0.0172351 0.0978424 0.04351026
v 0.02589571 0.08602846 0.05117029
v 0.01800275 0.08646744 0.06095058
v 0.03420603 0.10091764 0.01906806
v 0.02070749 0.1074447 0.02539968
v 0.02741927 0.11017418 0.01535422
v 0.03835088 0.09360743 0.02471578
v 0.03171444 0.08529592 0.04545844
v 0.02136105 0.10173577 0.03280944
v 0.03087944 0.07895517 0.05547726
v 0.02542061 0.07570755 0.06771892
v 0.03222615 0.08211195 0.04818326
v 0.04782683 0.09197605 0.01534295
v 0.04306901 0.10725737 0.0033021
v 0.04452008 0.10659236 0.00269455
v 0.04322302 0.10491055 0.00577676
v 0.04144853 0.09420604 0.01912868
v 0.00614762 0.1086334 0.12435424
v 0.00215036 0.09924966 0.10631478
v 0.00216979 0.09925836 0.10634184
v 0.00213331 0.09926438 0.10632247
v 0.00219381 0.09920776 0.10632098
v 0.01937884 0.08472854 0.10611737
v 0.00032234 0.11075145 0.12305653
v -0.01101524 0.11496425 0.11182553
v -0.01449853 0.11391765 0.0997901
v 0.00216323 0.09921658 0.10627794
v 0.0021323 0.09925276 0.10630023
v -0.00426787 0.0979628 0.08705336
v -0.00151056 0.09679025 0.07995236
v 0.00426352 0.09036016 0.08735138
v 0.02177984 0.07730615 0.09186161
v 0.01254433 0.08364493 0.08725792
v 0.01189399 0.08577156 0.09274918
v 0.00426352 0.09036016 0.08735138
v 0.01254433 0.08364493 0.08725792
v 0.01094717 0.08538002 0.08178031
v 0.01407188 0.08338815 0.07363266
v 0.00303078 0.09377438 0.07405436
v -0.01517487 0.11103696 0.09350979
v -0.01752102 0.11236352 0.0798552
v -0.01517487 0.11103696 0.09350979
v -0.00426787 0.0979628 0.08705336
v -0.01807547 0.11378771 0.07733124
v -0.01222765 0.10785902 0.07684898
v -0.00233436 0.09836602 0.07345635
v -0.01113534 0.10713667 0.06766146
v 0.00612795 0.09513128 0.0660395
v -0.00110102 0.1093424 0.05214924
v -0.00021571 0.10890818 0.05159736
v -0.00072825 0.10761738 0.05462855
v -0.00038207 0.09809524 0.06924999
v 0.01596409 0.10558939 0.03323829
v 0.01048112 0.11228371 0.03053921
v 0.00097764 0.10879916 0.04979974
v 0.15115082 0.12798059 0.10525841
v 0.16151816 0.12957519 0.08371645
v 0.16152167 0.12888682 0.08514434
v 0.16263109 0.12808263 0.08361971
v 0.16231471 0.12955993 0.08091301
v 0.17425543 0.11133027 0.08401531
v 0.16208446 0.12692863 0.08599633
v 0.17323387 0.11790663 0.06567824
v 0.17276031 0.11826825 0.06785804
v 0.17137176 0.12110221 0.06595111
v 0.15798688 0.1330905 0.08586818
v 0.14871991 0.1489284 0.07806504
v 0.14749414 0.14446115 0.09160316
v 0.15400541 0.12868774 0.09901839
v 0.15094221 0.14772391 0.07416677
v 0.14933604 0.14937019 0.07476741
v 0.14961767 0.14902544 0.0755024
v 0.15233749 0.14640057 0.06128198
v 0.16268981 0.13400841 0.06637448
v 0.1507448 0.12894702 0.104922
v 0.16218579 0.13030481 0.05041236
v 0.16332775 0.13021398 0.0547688
v 0.16461718 0.12773377 0.05039078
v 0.16219991 0.12906772 0.04835916
v 0.1755411 0.11473894 0.0495171
v 0.18347067 0.10576445 0.0535621
v 0.17298448 0.11846262 0.06327498
v 0.17298448 0.11846262 0.06327498
v 0.16367906 0.12582123 0.04657429
v 0.15840775 0.13360751 0.04835099
v 0.14842206 0.14328742 0.04365182
v 0.14930487 0.14837253 0.05703628
v 0.15000606 0.1488049 0.06046343
v 0.15044683 0.14822507 0.05936545
v 0.16332775 0.13021398 0.0547688
v 0.15576893 0.12923688 0.03648728
v 0.15317678 0.12832606 0.03007382
v 0.15237349 0.12992686 0.03090125
v 0.12946981 0.15303838 0.1052413
v 0.13791174 0.14345634 0.10975665
v 0.14296478 0.1457032 0.09765297
v 0.13581425 0.13530052 0.11751789
v 0.13033748 0.14515257 0.11647457
v 0.14978528 0.12962174 0.10570645
v 0.12029326 0.13061821 0.12780803
v 0.13649487 0.12498945 0.11990446
v 0.15009642 0.12843817 0.10575545
v 0.11996913 0.12867224 0.12852162
v 0.10839278 0.15176368 0.12705666
v 0.11749542 0.13274944 0.12861651
v 0.11649138 0.15134442 0.12213051
v 0.11313623 0.12952662 0.13011044
v 0.09931135 0.13457954 0.13207197
v 0.09789407 0.12969851 0.13195252
v 0.1237874 0.15811002 0.10279393
v 0.11957663 0.15639794 0.11092806
v 0.11849862 0.12950474 0.12914103
v 0.09789407 0.12969851 0.13195252
v 0.09917992 0.12474841 0.13229632
v 0.11313623 0.12952662 0.13011044
v 0.1179378 0.12731963 0.1291765
v 0.1179378 0.12731963 0.1291765
v 0.14331275 0.14932668 0.09082401
v 0.12924093 0.1572901 0.09818912
v 0.14232409 0.15038919 0.04558992
v 0.13096523 0.14432883 0.02682334
v 0.13560772 0.14257562 0.02969432
v 0.13283122 0.14150631 0.02536267
v 0.14482683 0.13393593 0.02824259
v 0.15110272 0.12886578 0.02888155
v 0.12014902 0.15800726 0.03291613
v 0.13036138 0.1569109 0.04046524
v 0.1079852 0.14813197 0.01473784
v 0.10803998 0.15322864 0.01878923
v 0.12310594 0.1449523 0.02153808
v 0.132406 0.13936484 0.02317214
v 0.13102287 0.14165533 0.02416986
v 0.12915957 0.13894093 0.02200848
v 0.1356684 0.12415516 0.0131138
v 0.12436771 0.12493813 0.01068497
v 0.11427259 0.13030827 0.00972271
v 0.09905833 0.13056612 0.00362217
v 0.11416447 0.12023401 0.00468922
v 0.09901404 0.12647927 0.00157994
v 0.09931135 0.13457954 0.13207197
v 0.09554607 0.13090837 0.13237131
v 0.09045947 0.15105438 0.13166082
v 0.08623421 0.15190947 0.13157141
v 0.08620846 0.14984047 0.13186872
v 0.08620846 0.14984047 0.13186872
v 0.07713062 0.13116121 0.13330072
v 0.09551865 0.12835985 0.13234448
v 0.07709306 0.12806565 0.13326818
v 0.06981933 0.14095223 0.1353811
v 0.06448781 0.15186357 0.13612747
v 0.06051165 0.14388597 0.13650125
v 0.07712591 0.1512022 0.13404995
v 0.06448781 0.15186357 0.13612747
v 0.06981933 0.14095223 0.1353811
v 0.07382524 0.12960005 0.13376802
v 0.07147026 0.12104237 0.13405168
v 0.05928236 0.11850017 0.1351462
v 0.10187382 0.1559329 0.01613182
v 0.10418874 0.15107381 0.01413399
v 0.0864287 0.15158069 0.00092959
v 0.08588278 0.15153837 0.00050306
v 0.08620572 0.15070999 0.00052923
v 0.09559315 0.13199961 0.00257534
v 0.09100944 0.13016927 -0.00020641
v 0.08588278 0.15153837 0.00050306
v 0.08620572 0.15070999 0.00052923
v 0.08576572 0.15147579 0.00044936
v 0.08576572 0.15147579 0.00044936
v 0.08576572 0.15158272 0.00046629
v 0.09567887 0.12908286 0.00236142
v 0.09430867 0.12478179 -0.00020868
v 0.07820916 0.1261453 -0.00629073
v 0.07778722 0.13201761 -0.00539809
v 0.06742781 0.14412224 -0.00758332
v 0.06001931 0.14321566 -0.00750577
v 0.06395251 0.15111136 -0.00682652
v 0.08506221 0.15151632 0.00018787
v 0.07190967 0.12920719 -0.00641358
v 0.06653786 0.11114925 -0.00826603
v 0.06141132 0.11140418 -0.00819385
v 0.06653786 0.11114925 -0.00826603
v 0.05074602 0.13283718 0.13584888
v 0.05648839 0.13001835 0.13528877
v 0.0578655 0.1517067 0.13693863
v 0.04278892 0.15499246 0.13633722
v 0.04276317 0.14792967 0.13668555
v 0.03427035 0.13205779 0.13440657
v 0.05110514 0.12717932 0.135149
v 0.03404814 0.12710965 0.1337508
v 0.02370745 0.14572918 0.13699746
v 0.02104443 0.1513623 0.13777691
v 0.01887548 0.14641535 0.13724583
v 0.02487993 0.15137231 0.13787258
v 0.02922565 0.12960196 0.13407308
v 0.02786636 0.12165034 0.13235003
v 0.01556665 0.12174231 0.13266993
v 0.02071273 0.11688173 0.01714897
v 0.05519599 0.15064454 -0.00693637
v 0.0323891 0.12796891 0.00084543
v 0.03145289 0.12813544 0.00123531
v 0.03194612 0.12934917 0.00083631
v 0.05584794 0.12850696 -0.00634509
v 0.05018187 0.13099158 -0.00532633
v 0.04174769 0.1482209 -0.00448823
v 0.04182357 0.15235996 -0.00431865
v 0.03147578 0.12777787 0.00127071
v 0.0447914 0.11051697 0.00156146
v 0.05033189 0.12612677 -0.00476515
v 0.05584794 0.12850696 -0.00634509
v 0.05018187 0.13099158 -0.00532633
v 0.0308792 0.12874162 0.00128734
v 0.01596284 0.14081717 0.00628984
v 0.02004433 0.15005255 0.00134456
v 0.03101569 0.12799484 0.00153977
v 0.03526336 0.15011978 -0.0036732
v 0.04174769 0.1482209 -0.00448823
v 0.03526336 0.15011978 -0.0036732
v 0.01596296 0.12911427 0.01177537
v 0.00918561 0.13308167 0.13452077
v 0.01428843 0.13040006 0.13461328
v 0.01720345 0.15147114 0.1378147
v 0.00078553 0.15527928 0.13621724
v 0.00092107 0.14878941 0.13602149
v -0.00974518 0.1292733 0.12876326
v 0.00954449 0.12810135 0.13348281
v 0.00440234 0.1164701 0.1275363
v -0.00848448 0.12575746 0.12781465
v -0.01197565 0.15166354 0.13583851
v -0.02048439 0.15137613 0.1340732
v -0.01118577 0.13123167 0.12927431
v -0.01033592 0.12889731 0.12849969
v -0.01131034 0.12890559 0.1279726
v -0.02661282 0.13860512 0.12352967
v -0.0256654 0.12930304 0.11664718
v -0.00982445 0.12862933 0.12859654
v -0.01038158 0.1284045 0.1282444
v -0.01061392 0.12803638 0.12741482
v -0.02069771 0.12155885 0.11065716
v -0.02074665 0.11865014 0.10065621
v -0.02519518 0.11881721 0.09226871
v -0.01860988 0.11533654 0.09436899
v -0.01973081 0.11504036 0.07961982
v -0.02395582 0.1174165 0.08058804
v -0.02114391 0.11532545 0.07720095
v -0.00058204 0.10981894 0.05109453
v -0.00164443 0.10981387 0.05127907
v 0.00333023 0.12122965 0.03146833
v 0.00742739 0.12188989 0.02494287
v 0.00055653 0.13166237 0.02360225
v -0.00425404 0.12062138 0.03373694
v -0.01257008 0.14660859 0.01538008
v -0.02040929 0.15022516 0.01489699
v -0.01691729 0.15220475 0.01318961
v -0.02079964 0.12573534 0.03145182
v -0.0231539 0.12579256 0.03213227
v -0.02166057 0.12803918 0.02998525
v -0.01594955 0.12937534 0.02769172
v -0.02159202 0.1159808 0.06389827
v -0.02428919 0.11658823 0.05947876
v -0.01953501 0.11588013 0.05983871
v -0.01781553 0.11409873 0.0637325
v -0.01763165 0.11833239 0.04449934
v 0.00399584 0.13722456 0.01626587
v -3.642E-05 0.15544617 0.00916886
v 0.00975233 0.15042114 0.00543183
v 0.00093043 0.143911 0.01481819
v -0.00082564 0.13805389 0.01869392
v -0.03991878 0.15124607 0.12769353
v -0.0377537 0.13589537 0.11587274
v -0.04327917 0.14868689 0.12392384
v -0.04533565 0.13815153 0.11236376
v -0.04341328 0.15249741 0.12701219
v -0.02794957 0.12634587 0.10567588
v -0.04205567 0.13452995 0.10603732
v -0.05839974 0.14862061 0.11516219
v -0.06200129 0.15349174 0.11713493
v -0.0653162 0.15201378 0.11368543
v -0.04997659 0.13780105 0.1060856
v -0.03369826 0.12412429 0.08475447
v -0.02395582 0.1174165 0.08058804
v -0.03485453 0.12643123 0.09222132
v -0.05117691 0.12956023 0.08668804
v -0.03905052 0.12217987 0.06776577
v -0.03895664 0.12193966 0.06683493
v -0.03955919 0.1222142 0.06677121
v -0.03895664 0.12193966 0.06683493
v -0.04150778 0.12317157 0.06930476
v -0.07205045 0.14002788 0.08660138
v -0.07323372 0.13836992 0.07974917
v -0.06017387 0.13180256 0.08281547
v -0.06501293 0.14343059 0.10003358
v -0.05478811 0.13114512 0.08691782
v -0.06929785 0.13267612 0.07272553
v -0.0538643 0.12945157 0.08487827
v -0.05083293 0.12863213 0.08355552
v -0.05392271 0.12939471 0.08301872
v -0.0416742 0.12269711 0.0666731
v -0.06369334 0.12913036 0.06776559
v -0.06334275 0.12862164 0.06403732
v -0.02586764 0.15286887 0.0141682
v -0.02714539 0.14664531 0.01616371
v -0.02608007 0.1279611 0.02924925
v -0.03522915 0.12002826 0.05022359
v -0.02691746 0.11940074 0.04557729
v -0.03955919 0.1222142 0.06677121
v -0.03919101 0.12197214 0.06613868
v -0.03919101 0.12197214 0.06613868
v -0.04008526 0.12211204 0.06600922
v -0.03708565 0.12302762 0.03918761
v -0.04626399 0.12437379 0.03964621
v -0.04219359 0.12958306 0.02975696
v -0.06553453 0.13562489 0.0262357
v -0.05992711 0.13215351 0.03045392
v -0.06506151 0.13223588 0.0315693
v -0.06281465 0.13029528 0.03438687
v -0.06788152 0.13134491 0.03571171
v -0.07235754 0.12927753 0.05038583
v -0.0561412 0.12448871 0.05259031
v -0.04557449 0.12174463 0.04992837
v -0.04008526 0.12211204 0.06600922
v -0.0561412 0.12448871 0.05259031
v -0.05621696 0.12440771 0.04582983
v -0.04096812 0.13526952 0.02232426
v -0.04363936 0.14230204 0.01769984
v -0.04615283 0.13558769 0.02257365
v -0.06483334 0.14516115 0.01155823
v -0.06937599 0.14527857 0.01191366
v -0.06712908 0.14956272 0.00837851
v -0.04316705 0.15643084 0.01319176
v -0.05981821 0.14946485 0.00905597
v -0.07460862 0.14826322 0.10042423
v -0.08690202 0.16092873 0.1076749
v -0.07866704 0.15896511 0.11198986
v -0.08675909 0.16228974 0.10965824
v -0.08845979 0.16240799 0.10884923
v -0.09061491 0.16145778 0.10586613
v -0.08793873 0.14995778 0.09014106
v -0.08211154 0.14345098 0.08312172
v -0.09070349 0.14829385 0.08459389
v -0.08411765 0.13943863 0.07041407
v -0.06966001 0.13069201 0.06537151
v -0.09089071 0.14160061 0.06737369
v -0.08782798 0.13948119 0.06423217
v -0.10857379 0.15347075 0.07844836
v -0.10943162 0.15213442 0.07550025
v -0.10787344 0.15175807 0.07569832
v -0.09542 0.15285492 0.08930075
v -0.10808975 0.14600754 0.0576936
v -0.09269327 0.1416707 0.06381464
v -0.10854125 0.15160155 0.07357556
v -0.08933675 0.1348983 0.04659665
v -0.09375614 0.14017713 0.05670148
v -0.09817988 0.13927996 0.04539531
v -0.07595336 0.13534796 0.030792
v -0.09817988 0.13927996 0.04539531
v -0.09335083 0.139449 0.03549451
v -0.08933675 0.1348983 0.04659665
v -0.07235754 0.12927753 0.05038583
v -0.07775068 0.1304369 0.04762226
v -0.07218343 0.12915558 0.04580963
v -0.07857245 0.13157654 0.05347437
v -0.07857245 0.13157654 0.05347437
v -0.07928646 0.13136506 0.04191399
v -0.10381216 0.14207113 0.04920119
v -0.10314697 0.14045393 0.04164338
v -0.11438423 0.14224446 0.04782289
v -0.10314697 0.14045393 0.04164338
v -0.10766292 0.1402204 0.02404225
v -0.09617162 0.13939714 0.02918756
v -0.10766309 0.14026082 0.02893913
v -0.11530107 0.14040017 0.03885388
v -0.10766309 0.14026082 0.02893913
v -0.08870476 0.13854408 0.03031981
v -0.08947182 0.14991438 0.00898063
v -0.08134514 0.1486007 0.00897849
v -0.08948332 0.14432943 0.01985395
v -0.08794254 0.14012337 0.02767938
v -0.09085011 0.14024198 0.0273357
v -0.10526556 0.14336658 0.0136559
v -0.11442709 0.1399914 0.01227361
v -0.10862565 0.14810884 0.00057977
v -0.09434026 0.14838862 0.00922441
v -0.09434026 0.14838862 0.00922441
v -0.10526556 0.14336658 0.0136559
v -0.10862565 0.14810884 0.00057977
v -0.10766292 0.1402204 0.02404225
v -0.11214489 0.15326607 0.07668328
v -0.12360728 0.14520693 0.05936158
v -0.11552584 0.14997387 0.07075375
v -0.13074052 0.14684594 0.0621919
v -0.1302408 0.15661681 0.07746381
v -0.14450848 0.15671456 0.07161838
v -0.1528517 0.14790165 0.05578208
v -0.1405288 0.14623833 0.05844039
v -0.15305841 0.15208781 0.06272525
v -0.13072145 0.14404714 0.05724263
v -0.12299556 0.1399833 0.04251611
v -0.13756895 0.13922441 0.04119188
v -0.1239121 0.13738883 0.03428793
v -0.10766309 0.14026082 0.02893913
v -0.11524105 0.1378566 0.02614158
v -0.1239121 0.13738883 0.03428793
v -0.12992114 0.13463759 0.0242961
v -0.1366483 0.13698161 0.0339489
v -0.12992114 0.13463759 0.0242961
v -0.14722157 0.14335895 0.04762858
v -0.14428937 0.13921332 0.0380832
v -0.15611422 0.14623201 0.04972053
v -0.15115833 0.13547134 0.02259469
v -0.14985347 0.13536954 0.02291924
v -0.15116763 0.13563573 0.02323902
v -0.15815759 0.14207685 0.03686827
v -0.15116763 0.13563573 0.02323902
v -0.14985347 0.13536954 0.02291924
v -0.12357491 0.13703644 0.01554418
v -0.12215656 0.13849342 0.00841463
v -0.11186683 0.14796448 -0.0020479
v -0.12215656 0.13849342 0.00841463
v -0.12995094 0.14400959 -0.00273252
v -0.13887477 0.1356802 0.00891715
v -0.1302036 0.15635264 -0.0129692
v -0.12992114 0.13463759 0.0242961
v -0.13829672 0.13531065 0.01161462
v -0.12357491 0.13703644 0.01554418
v -0.141114 0.13560712 0.0096181
v -0.14228261 0.13685644 0.00670296
v -0.15982616 0.13842571 0.009642
v -0.15300763 0.14892876 -0.01235729
v -0.13990939 0.15503657 -0.01384932
v -0.14589012 0.14583564 -0.0074681
v -0.15258873 0.14396715 -0.00707978
v -0.15835154 0.14043176 0.00358421
v -0.15821612 0.14957702 0.05622107
v -0.17396784 0.15948951 0.06338167
v -0.16746962 0.15993917 0.0674051
v -0.17400134 0.16134989 0.06736207
v -0.17731535 0.1614939 0.06544572
v -0.18036127 0.15992224 0.06027126
v -0.17389131 0.15043557 0.04598862
v -0.1703788 0.14733016 0.04118127
v -0.17573786 0.14925003 0.04166692
v -0.17281854 0.14270175 0.02269691
v -0.16266787 0.13920307 0.02233428
v -0.16266787 0.13920307 0.02233428
v -0.17332828 0.14270484 0.02188683
v -0.17361546 0.14287341 0.02238226
v -0.1949234 0.15271187 0.0343706
v -0.19561577 0.15155768 0.03130132
v -0.19380057 0.15120924 0.03139496
v -0.18129694 0.15244603 0.04529244
v -0.19430149 0.14654434 0.0152213
v -0.17399669 0.14285707 0.02187216
v -0.1946975 0.15099001 0.02948558
v -0.17220247 0.14231217 0.02055496
v -0.16497493 0.13984108 0.00765002
v -0.16118705 0.14588165 -0.00798738
v -0.17323148 0.14606953 -0.0035401
v -0.17854822 0.14262784 0.00639188
v -0.1739471 0.15073395 -0.01574492
v -0.17332828 0.14270484 0.02188683
v -0.17388964 0.14269722 0.02093047
v -0.1881932 0.14423752 0.00889343
v -0.18849576 0.14466834 0.00133216
v -0.19864655 0.1463269 0.00835568
v -0.1881932 0.14423752 0.00889343
v -0.18636382 0.14764798 -0.00710946
v -0.19415498 0.15106106 -0.01300043
v -0.19410396 0.14688861 -0.00670332
v -0.19771647 0.1465987 -0.00092053
v -0.17388964 0.14269722 0.02093047
v -0.17423928 0.15680707 -0.02551699
v -0.16540778 0.15551567 -0.02273566
v -0.18638122 0.15460169 -0.02180773
v -0.19903004 0.15275443 0.03192568
v -0.20564079 0.14905667 0.01515979
v -0.19863105 0.15158749 0.02856767
v -0.21778536 0.15377283 0.01994437
v -0.21813405 0.15708113 0.03009909
v -0.2275058 0.15865695 0.0242126
v -0.23118925 0.15748882 0.01537395
v -0.21819317 0.15029895 0.00632143
v -0.21504021 0.14872384 0.00127119
v -0.19864655 0.1463269 0.00835568
v -0.21991885 0.14988995 0.00065434
v -0.21819317 0.15029895 0.00632143
v -0.20598829 0.14855266 -0.00814909
v -0.21821511 0.14982784 -0.00462234
v -0.21810293 0.15000868 -0.01349783
v -0.21991885 0.14988995 0.00065434
v -0.2265631 0.15263259 0.00351667
v -0.23014426 0.15278327 -0.00269681
v -0.23014426 0.15278327 -0.00269681
v -0.23764944 0.15481639 -0.00886571
v -0.23503077 0.15484858 -0.0210824
v -0.21856546 0.15484607 -0.02505445
v -0.20311534 0.15363288 -0.02078867
v -0.26278722 0.16168106 0.01918322
v -0.2601347 0.16283 0.01805776
v -0.26119781 0.16351497 0.02058482
v -0.26284826 0.16354871 0.02179021
v -0.2658757 0.16319859 0.02069515
v -0.2803117 0.1545167 0.00825864
v -0.27668023 0.15449834 0.0093146
v -0.28033495 0.1558609 0.01058817
v -0.25880146 0.15337133 0.00268853
v -0.25564003 0.15568161 0.00493079
v -0.26102269 0.15393555 0.00793689
v -0.25367224 0.15525162 -0.00151992
v -0.26334298 0.15195632 0.00264806
v -0.26184773 0.15407324 -0.01357692
v -0.25395906 0.15848041 -0.01997381
v -0.25261033 0.15780103 -0.01056194
v -0.26093733 0.15258312 -0.00505656
v -0.26102269 0.15393555 0.00793689
v -0.27884531 0.15351427 0.00667709
v -0.27586544 0.14837384 -0.00379896
v -0.26334298 0.15195632 0.00264806
v -0.28111362 0.15457809 0.00679517
v -0.26714683 0.15078497 -0.01138943
v -0.26184773 0.15407324 -0.01357692
v -0.27292275 0.15241861 -0.01937693
v -0.26184773 0.15407324 -0.01357692
v -0.26714683 0.15078497 -0.01138943
v -0.27586544 0.14837384 -0.00379896
v -0.28364503 0.15078056 -0.00681835
v -0.28048182 0.14947617 -0.011608
v -0.26714683 0.15078497 -0.01138943
v -0.26252663 0.16115463 -0.02134156
v -0.27987182 0.15319622 -0.02531749
v -0.28190446 0.15335667 -0.02543342
v -0.28099394 0.15479875 -0.02723551
v -0.27815664 0.15499365 -0.02558088
v -0.28079987 0.15258789 -0.02288604
v -0.27292275 0.15241861 -0.01937693
v -0.27815664 0.15499365 -0.02558088
v -0.27292275 0.15241861 -0.01937693
v -0.27987182 0.15319622 -0.02531749
v -0.29270434 0.15986586 0.01319844
v -0.28211081 0.15515172 0.00814956
v -0.28984833 0.15585053 0.00214386
v -0.28625584 0.15329599 -0.02322686
v -0.29167151 0.15183675 -0.01563644
v -0.30256653 0.15378106 -0.02149332
v -0.29816592 0.15580487 -0.00598711
v -0.29167151 0.15183675 -0.01563644
v -0.28364503 0.15078056 -0.00681835
v -0.30361545 0.15701592 -0.00780123
v -0.32009447 0.15849328 -0.01834148
v -0.30256653 0.15378106 -0.02149332
v -0.32512593 0.15653729 -0.03476286
v -0.32228887 0.1561811 -0.03346944
v -0.32517767 0.15709686 -0.0322057
v -0.30261612 0.15411627 -0.03201133
v -0.30390489 0.15442395 -0.03576452
v -0.30239213 0.15433753 -0.03567976
v -0.30053878 0.15550077 -0.03665519
v -0.30314469 0.15477931 -0.03753358
v -0.30394781 0.15746009 -0.04122287
v -0.32228887 0.1561811 -0.03346944
v -0.32479882 0.15652275 -0.03531694
v -0.32466292 0.15692568 -0.04565924
v -0.32512593 0.15653729 -0.03476286
v -0.32545018 0.15653312 -0.03536093
v -0.32483053 0.15715003 -0.04630971
v -0.32366848 0.15750587 -0.04644114
v -0.32439959 0.15698171 -0.04595202
v -0.3248117 0.15691268 -0.04593825
v -0.32493746 0.15693057 -0.04568923
v -0.33266711 0.1599139 -0.03218931
v -0.32594419 0.1568135 -0.03466982
v -0.32594419 0.1568135 -0.03466982
v -0.32906353 0.1574223 -0.03693604
v -0.32906353 0.1574223 -0.03693604
v -0.32664979 0.15731406 -0.04567045
v -0.32518363 0.15703177 -0.04597682
v -0.34739089 0.16196036 -0.05114943
v -0.35420418 0.16361582 -0.05610305
v -0.34769845 0.16248763 -0.05809891
v -0.35339451 0.16365731 -0.06049317
v -0.34797156 0.16371632 -0.06185371
v -0.34244263 0.16306686 -0.0600242
v 0.14752138 0.15095818 0.07597172
v 0.14901453 0.14969254 0.07537472
v 0.14860797 0.15024734 0.0745002
v 0.14948916 0.14926875 0.05952322
v 0.14744848 0.15096951 0.0590713
v 0.14885026 0.15018547 0.06075054
v 0.15000606 0.1488049 0.06046343
v 0.15044683 0.14822507 0.05936545
v 0.14885026 0.15018547 0.06075054
v 0.14948916 0.14926875 0.05952322
v 0.10369909 0.16083515 0.12263745
v 0.11116898 0.1572746 0.12103188
v 0.10852236 0.16644299 0.10931045
v 0.11835396 0.17113006 0.08485043
v 0.1184209 0.17098999 0.08538747
v 0.1192553 0.1706512 0.08480757
v 0.11863852 0.17116439 0.0839296
v 0.11914301 0.16980505 0.08659261
v 0.13399178 0.16095197 0.08509195
v 0.13209766 0.16398799 0.07398176
v 0.13426125 0.16318572 0.06627995
v 0.12794214 0.16761506 0.06684273
v 0.11763626 0.17163301 0.08448631
v 0.11778641 0.17141414 0.08520567
v 0.11633235 0.17089999 0.08890313
v 0.11656791 0.17465079 0.06836689
v 0.10789543 0.17862499 0.06612819
v 0.10765064 0.17898571 0.0722177
v 0.10199648 0.18093669 0.08231938
v 0.10676557 0.17169642 0.10249227
v 0.10860866 0.16907334 0.10504365
v 0.13209069 0.16376197 0.06064969
v 0.12794214 0.16761506 0.06684273
v 0.13209069 0.16376197 0.06064969
v 0.12161458 0.1687088 0.05624324
v 0.1340813 0.16054749 0.05124396
v 0.12121069 0.16804767 0.05223709
v 0.11411864 0.17211294 0.05238599
v 0.10123724 0.17770386 0.0486697
v 0.1018815 0.1794008 0.05524969
v 0.11661839 0.17169559 0.05649209
v 0.10789543 0.17862499 0.06612819
v 0.11656791 0.17465079 0.06836689
v 0.10290754 0.17318177 0.04393727
v 0.1179778 0.16975486 0.05309618
v 0.11735988 0.16875732 0.04993117
v 0.10901105 0.1627965 0.03277832
v 0.08900034 0.15604877 0.12896597
v 0.08115292 0.16218245 0.12898892
v 0.09384912 0.16851819 0.12038958
v 0.10554898 0.170205 0.10641038
v 0.0867067 0.18293428 0.10679454
v 0.07809788 0.17114902 0.12553352
v 0.0660345 0.17300487 0.12891901
v 0.0585227 0.18214512 0.12408131
v 0.05550933 0.17629433 0.13050467
v 0.05520523 0.17333794 0.13177234
v 0.08582497 0.18372512 0.10635972
v 0.07008147 0.19626188 0.09948564
v 0.06478739 0.1942029 0.10872269
v 0.07504892 0.17281425 0.125745
v 0.08637625 0.1831404 0.10678911
v 0.064955 0.19009566 0.11507964
v 0.05851388 0.16403329 0.13414419
v 0.07478237 0.16974318 0.12719518
v 0.10144776 0.17971849 0.09057701
v 0.08697981 0.18304563 0.10629088
v 0.085455 0.19128168 0.0858134
v 0.08506209 0.19332337 0.07057422
v 0.09455484 0.18663228 0.07308286
v 0.09441227 0.18648541 0.0666762
v 0.08492231 0.19171667 0.08486915
v 0.08463097 0.19174159 0.08579469
v 0.0865894 0.18317592 0.10652483
v 0.08324355 0.19233382 0.08664286
v 0.08386528 0.19229996 0.0853672
v 0.07495773 0.19829762 0.06673563
v 0.07581407 0.19859457 0.07351458
v 0.09441227 0.18648541 0.0666762
v 0.08506209 0.19332337 0.07057422
v 0.0864476 0.18927133 0.05971456
v 0.0921402 0.18417907 0.05223978
v 0.08397496 0.1880815 0.05137837
v 0.095034 0.17757142 0.04315758
v 0.09683931 0.16733968 0.02645344
v 0.08712471 0.17312455 0.02616596
v 0.08309424 0.18032444 0.03659129
v 0.06651431 0.19319093 0.04102141
v 0.06446123 0.19390941 0.04059142
v 0.06519037 0.19529295 0.04431421
v 0.07755727 0.19365537 0.05636245
v 0.07444537 0.17870057 0.02529222
v 0.06544358 0.18137336 0.02093869
v 0.06529069 0.1915338 0.03709221
v 0.08583605 0.15166354 0.00057799
v 0.09051609 0.16647065 0.01769161
v 0.08215022 0.16765738 0.0144164
v 0.08567035 0.15174627 0.00057149
v 0.06960809 0.17409194 0.01492107
v 0.05881917 0.17390323 0.01013118
v 0.07058126 0.16365743 0.00570369
v 0.05666763 0.16751349 0.00331151
v 0.05289948 0.17449856 0.13184828
v 0.04887879 0.18404686 0.12863427
v 0.05225676 0.20134354 0.11068428
v 0.06055528 0.19238281 0.11519045
v 0.04365021 0.19325387 0.12500715
v 0.03933519 0.18715942 0.12832618
v 0.0578655 0.1517067 0.13693863
v 0.05264473 0.17189074 0.13242203
v 0.03395224 0.17085087 0.13421279
v 0.04278892 0.15499246 0.13633722
v 0.02799094 0.18092847 0.13286203
v 0.02160341 0.19578576 0.12853616
v 0.01415342 0.18133485 0.13319182
v 0.02948636 0.17320836 0.13372791
v 0.03352076 0.17519248 0.13332945
v 0.03824228 0.19512272 0.12555528
v 0.0435828 0.20064723 0.1169706
v 0.02381396 0.15717661 0.13698071
v 0.01817399 0.15713561 0.13714987
v 0.02381396 0.15717661 0.13698071
v 0.06276238 0.19552112 0.0410468
v 0.04362148 0.19726276 0.02661431
v 0.061997 0.19391251 0.0378418
v 0.05195475 0.18922317 0.02097452
v 0.03585863 0.20341241 0.03015143
v 0.0438413 0.20292985 0.03568518
v 0.02072781 0.19311845 0.01247597
v 0.02090311 0.19584703 0.01375252
v 0.02437651 0.19409895 0.01336986
v 0.04312545 0.18903148 0.01565552
v 0.05013323 0.17770135 0.00895309
v 0.03390902 0.17632401 0.00612855
v 0.05130047 0.17100573 0.00517076
v 0.0477134 0.16177118 -8.29E-06
v 0.03486395 0.16420722 -0.00032979
v 0.02832687 0.17324376 0.00401676
v 0.012371 0.17280114 0.00510108
v 0.0323649 0.17151177 0.00311393
v 0.02771479 0.16715395 0.00270629
v 0.02004433 0.15005255 0.00134456
v 0.01312423 0.16433346 0.00315988
v 0.00806457 0.17579377 0.13419002
v 0.01241654 0.17350674 0.13415855
v 0.00111735 0.19562376 0.13052183
v -0.0005874 0.19593906 0.13037819
v -0.00058889 0.19521213 0.13059175
v -0.00058889 0.19521213 0.13059175
v -0.00895905 0.17526841 0.13384706
v 0.00806457 0.17579377 0.13419002
v 0.0079506 0.1710577 0.1346662
v 0.01241654 0.17350674 0.13415855
v -0.008645 0.17114425 0.13427132
v -0.01390916 0.17945647 0.13322252
v -0.02170873 0.19490492 0.12883574
v -0.02959049 0.17808604 0.13250935
v -0.00203764 0.1955862 0.13054484
v -0.01241082 0.17331922 0.1331777
v -0.01390916 0.17945647 0.13322252
v -0.01528674 0.16324496 0.13461506
v -0.02754843 0.16459394 0.13383853
v 0.01467496 0.19921112 0.01457536
v 0.01811826 0.19433367 0.01258528
v -0.02060884 0.15503597 0.013785
v 0.00598955 0.17605126 0.00545734
v -0.00150442 0.18992519 0.00888699
v -0.00746024 0.17750597 0.00846076
v 0.01312423 0.16433346 0.00315988
v 0.00643957 0.16919744 0.00562179
v -0.00672448 0.16824448 0.00865394
v 0.00643957 0.16919744 0.00562179
v -0.01855844 0.18643737 0.00667459
v -0.02532285 0.18837118 0.00769937
v -0.022605 0.19438517 0.00685716
v -0.00116748 0.20403421 0.01550424
v -0.01572585 0.19434464 0.00681543
v -0.01855844 0.18643737 0.00667459
v -0.00746024 0.17750597 0.00846076
v -0.01570129 0.17316914 0.01033938
v -0.0257709 0.17317641 0.01280987
v -0.02959049 0.17808604 0.13250935
v -0.03310591 0.1741643 0.13200986
v -0.03079128 0.1730783 0.13236642
v -0.04175979 0.1921798 0.13029248
v -0.0428611 0.1732502 0.13013482
v -0.04201365 0.19489264 0.12976992
v -0.0431484 0.19465828 0.129861
v -0.0431484 0.19465828 0.129861
v -0.04201365 0.19489264 0.12976992
v -0.04315335 0.19524217 0.12976724
v -0.033108 0.17200065 0.13202119
v -0.03857696 0.16050339 0.12958711
v -0.05211157 0.17500138 0.12739044
v -0.05200094 0.17192507 0.1272369
v -0.06449676 0.19592822 0.12418586
v -0.06845164 0.18758929 0.12400937
v -0.05783755 0.18227422 0.12637824
v -0.04497236 0.19497597 0.12948149
v -0.04315335 0.19524217 0.12976724
v -0.05557358 0.17358387 0.12636572
v -0.0650596 0.15615189 0.11680108
v -0.07105386 0.17378116 0.12239313
v -0.03776634 0.17828703 0.01123303
v -0.02532285 0.18837118 0.00769937
v -0.0443176 0.19847739 0.00676781
v -0.031582 0.19420099 0.00588304
v -0.04378539 0.19049084 0.00731146
v -0.03776634 0.17828703 0.01123303
v -0.04931819 0.1771487 0.00818509
v -0.03867775 0.16590941 0.01388025
v -0.02586764 0.15286887 0.0141682
v -0.04316705 0.15643084 0.01319176
v -0.03867775 0.16590941 0.01388025
v -0.04812425 0.16758454 0.01077539
v -0.05360711 0.19454753 0.0039885
v -0.05893189 0.18341756 0.00452882
v -0.06561738 0.19494724 0.00256115
v -0.05688226 0.1733706 0.00749534
v -0.07053137 0.17289722 3.07E-05
v -0.07491851 0.17288172 -0.00145882
v -0.07445294 0.17555511 -0.00126922
v -0.06164771 0.15894091 0.00768393
v -0.05981821 0.14946485 0.00905597
v -0.06712908 0.14956272 0.00837851
v -0.07472789 0.17057645 -0.00090075
v -0.06982952 0.19587338 0.12299913
v -0.0810039 0.17937446 0.11945516
v -0.08612543 0.18847394 0.11690533
v -0.08931476 0.18149137 0.1156196
v -0.08646053 0.20217574 0.11784858
v -0.08459049 0.16518831 0.11224741
v -0.08772683 0.16419971 0.11014259
v -0.09725142 0.1901983 0.11502123
v -0.098809 0.2003243 0.11548162
v -0.10815519 0.19582832 0.11247241
v -0.10669196 0.17482233 0.10887283
v -0.10457951 0.17278886 0.10872477
v -0.10759145 0.17492151 0.1085915
v -0.10740364 0.17439699 0.10848516
v -0.10791945 0.17439461 0.10818714
v -0.10460341 0.15988433 0.09326553
v -0.11297387 0.16297114 0.09205002
v -0.08234036 0.19494641 -0.00329369
v -0.07689196 0.17409921 -0.00216419
v -0.09332907 0.17685318 -0.00775307
v -0.08694142 0.19303286 -0.00495172
v -0.0869692 0.19693387 -0.00434691
v -0.08161563 0.16223896 0.00290006
v -0.09110308 0.15292323 0.00542384
v -0.07678783 0.17179155 -0.00171226
v -0.07472789 0.17057645 -0.00090075
v -0.07678783 0.17179155 -0.00171226
v -0.10970831 0.19455087 -0.01133841
v -0.10973072 0.19455862 -0.01134193
v -0.10972261 0.19457829 -0.01133686
v -0.10965097 0.19457889 -0.01132035
v -0.10435468 0.17176676 -0.01334369
v -0.1069842 0.15157557 -0.00285095
v -0.10862565 0.14810884 0.00057977
v -0.10994381 0.15078187 -0.00297666
v -0.09422463 0.16825056 -0.00646627
v -0.10435468 0.17176676 -0.01334369
v -0.09422463 0.16825056 -0.00646627
v -0.12674427 0.20476604 0.10766083
v -0.1228264 0.18845224 0.10586983
v -0.15011406 0.19509888 0.099038
v -0.14772439 0.1978066 0.10022998
v -0.15164793 0.19591188 0.09866601
v -0.15166497 0.19522429 0.09856123
v -0.13053322 0.18893147 0.10079056
v -0.1258201 0.18052971 0.10086364
v -0.13755023 0.17776179 0.09445477
v -0.12323964 0.16995382 0.09575874
v -0.12493366 0.16229808 0.08615923
v -0.13809347 0.1681813 0.08637255
v -0.14312661 0.17434359 0.09073824
v -0.16148496 0.17418122 0.08875448
v -0.13916075 0.17240322 0.090675
v -0.14279616 0.1710428 0.08822167
v -0.14466417 0.16782713 0.08326006
v -0.16059697 0.16966641 0.08376491
v -0.15275359 0.15968382 0.0721212
v -0.10974592 0.1945796 -0.0113402
v -0.11151022 0.17195261 -0.01479286
v -0.1283021 0.18097961 -0.01666993
v -0.1334573 0.18170905 -0.0173921
v -0.1313628 0.18727958 -0.01590049
v -0.13132381 0.20245409 -0.01403099
v -0.12759405 0.16249752 -0.01553214
v -0.11151022 0.17195261 -0.01479286
v -0.13259554 0.16242015 -0.01618844
v -0.12759405 0.16249752 -0.01553214
v -0.13678396 0.18674147 -0.01922685
v -0.15224445 0.19472134 -0.02636939
v -0.13822138 0.20217597 -0.01821369
v -0.13958335 0.17936492 -0.02185339
v -0.13880193 0.16446435 -0.02083802
v -0.15004289 0.17286217 -0.0263074
v -0.15244544 0.18525922 -0.02790797
v -0.15718448 0.17241681 -0.03024119
v -0.13880193 0.16446435 -0.02083802
v -0.15274632 0.16384685 -0.02378136
v -0.15274632 0.16384685 -0.02378136
v -0.15004289 0.17286217 -0.0263074
v -0.15239012 0.19626033 0.09858608
v -0.15231562 0.1955651 0.09854317
v -0.17365324 0.19288254 0.09134781
v -0.16392386 0.17529261 0.08862674
v -0.1788274 0.18533313 0.08587503
v -0.18196785 0.17698884 0.0807271
v -0.16872001 0.17417407 0.08596057
v -0.16164052 0.17202497 0.08707291
v -0.16388464 0.17186165 0.08590442
v -0.16354108 0.17329443 0.08779567
v -0.17811215 0.16740692 0.07238293
v -0.19548512 0.19581473 0.08591044
v -0.19986808 0.18719625 0.07972848
v -0.18944693 0.18380046 0.08149278
v -0.17369235 0.19808853 0.09183729
v -0.18128788 0.19549 0.09049618
v -0.1899271 0.17435956 0.07552302
v -0.19584084 0.16925776 0.06649286
v -0.1997025 0.17423904 0.07183969
v -0.19558573 0.16507018 0.05881846
v -0.20005882 0.16135168 0.04802233
v -0.19205546 0.15927553 0.0490104
v -0.16006005 0.19872367 -0.02895528
v -0.15715706 0.1920346 -0.03042269
v -0.19489789 0.15600002 -0.02328169
v -0.16745019 0.17600656 -0.03560871
v -0.17401946 0.19245362 -0.03938407
v -0.18561184 0.17141831 -0.04238826
v -0.16938913 0.16610169 -0.0302524
v -0.16938913 0.16610169 -0.0302524
v -0.18555486 0.17124844 -0.04224807
v -0.17397261 0.1984334 -0.03663838
v -0.18088353 0.19490767 -0.04032242
v -0.18577182 0.17157507 -0.04240447
v -0.19706535 0.19520211 -0.04439366
v -0.18577182 0.17157507 -0.04240447
v -0.18561184 0.17141831 -0.04238826
v -0.18572474 0.17136383 -0.04238462
v -0.18607652 0.17135477 -0.0424512
v -0.20541596 0.17143583 -0.04508984
v -0.20386171 0.17963433 -0.04535049
v -0.18607652 0.17135477 -0.0424512
v -0.20165527 0.16189241 -0.03291804
v -0.20514655 0.16695738 -0.04196388
v -0.20541596 0.17143583 -0.04508984
v -0.2061336 0.19571233 0.0810011
v -0.21287072 0.1804595 0.07360423
v -0.21775496 0.19073272 0.07590133
v -0.22135067 0.18153179 0.07161498
v -0.21767151 0.20031571 0.07746589
v -0.20458126 0.16965926 0.06334227
v -0.21783602 0.17464721 0.06342536
v -0.23309767 0.19290364 0.07244068
v -0.23405933 0.19866872 0.07313067
v -0.23950386 0.19607937 0.06939107
v -0.23146415 0.17826974 0.06340927
v -0.21304572 0.16750228 0.05352134
v -0.22399092 0.16840887 0.05128783
v -0.21355462 0.16171014 0.04041284
v -0.22396183 0.16361105 0.04060483
v -0.23981214 0.18246806 0.05947775
v -0.23561585 0.17361712 0.05453712
v -0.25010133 0.1732235 0.04597145
v -0.232795 0.16821992 0.04464579
v -0.23398542 0.16685843 0.03829557
v -0.25162113 0.17192721 0.04189909
v -0.24207997 0.16445065 0.02539611
v -0.24278462 0.16174054 0.0150733
v -0.24758005 0.16000187 0.00650668
v -0.24035084 0.15841866 0.00737172
v -0.24210358 0.15664685 -0.00551635
v -0.24683499 0.15785623 -0.00506425
v -0.2442683 0.15657496 -0.00878388
v -0.20892394 0.19503367 -0.04865748
v -0.21186793 0.17524266 -0.04870743
v -0.2254374 0.17568171 -0.05010903
v -0.21927071 0.18921494 -0.05298632
v -0.21889806 0.19982493 -0.05288714
v -0.21126449 0.16451561 -0.03836775
v -0.22555423 0.16196966 -0.03695613
v -0.20996702 0.1683259 -0.04437363
v -0.21186793 0.17524266 -0.04870743
v -0.23062301 0.18910611 -0.05840558
v -0.24033141 0.19440317 -0.06234163
v -0.23061264 0.19959366 -0.05847836
v -0.24033141 0.19440317 -0.06234163
v -0.23062301 0.18910611 -0.05840558
v -0.24111354 0.18310118 -0.05660868
v -0.23563051 0.16942477 -0.04812646
v -0.24858463 0.16945791 -0.04768664
v -0.24351239 0.15721595 -0.02288377
v -0.24834776 0.16022193 -0.0301879
v -0.23813295 0.16025615 -0.03064942
v -0.23491287 0.16356683 -0.04123002
v -0.22684896 0.16653717 -0.04470807
v -0.2254374 0.17568171 -0.05010903
v -0.25736117 0.18750811 0.06201249
v -0.26202321 0.1897893 0.06421149
v -0.24591899 0.19916761 0.07237077
v -0.26129699 0.20289814 0.07217622
v -0.2708813 0.20163786 0.06978565
v -0.28306949 0.18877518 0.05645794
v -0.26810443 0.18815529 0.06110042
v -0.28241634 0.19584715 0.06197298
v -0.26225066 0.18662262 0.06115061
v -0.25527191 0.17682493 0.04931933
v -0.26858938 0.17869556 0.05174243
v -0.25173593 0.17224944 0.04304206
v -0.25283146 0.17179918 0.04228079
v -0.25271618 0.17261064 0.04367393
v -0.27188754 0.17165387 0.04177439
v -0.29248798 0.17833531 0.04384792
v -0.29403996 0.17566669 0.04083741
v -0.28536963 0.17398822 0.04186505
v -0.29367006 0.17415726 0.03900903
v -0.2723968 0.17296672 0.04401922
v -0.27477598 0.17393517 0.04495078
v -0.27400208 0.17232585 0.04278451
v -0.27454853 0.17094481 0.03979212
v -0.2824347 0.16462982 0.0237844
v -0.25564003 0.15568161 0.00493079
v -0.25367224 0.15525162 -0.00151992
v -0.25261033 0.15780103 -0.01056194
v -0.24683499 0.15785623 -0.00506425
v -0.2502985 0.19909728 -0.07004756
v -0.26225781 0.18304789 -0.06323898
v -0.26213372 0.18164062 -0.06245542
v -0.25664234 0.16435134 -0.03641272
v -0.25019205 0.16354811 -0.04064292
v -0.26908243 0.16544795 -0.03735441
v -0.25683379 0.16712642 -0.0445717
v -0.26986885 0.16859972 -0.0465163
v -0.26339293 0.18162596 -0.06240386
v -0.2844671 0.17976499 -0.06587332
v -0.26668644 0.18092251 -0.06236166
v -0.28465593 0.17554724 -0.06004173
v -0.28209627 0.17242622 -0.05509967
v -0.28741491 0.17245865 -0.05661601
v -0.27767432 0.1645627 -0.04185259
v -0.28891361 0.16338587 -0.04315233
v -0.26311707 0.18215477 -0.06321234
v -0.2633611 0.18298709 -0.06374961
v -0.26370561 0.18217361 -0.06325626
v -0.28106129 0.18884969 -0.07763565
v -0.28750908 0.18663275 -0.07823956
v -0.28350317 0.19377792 -0.0823698
v -0.26151252 0.19863415 -0.07536197
v -0.27580833 0.19364476 -0.07889599
v -0.29387391 0.20145392 0.05954742
v -0.28950524 0.19251513 0.05679554
v -0.29691255 0.17861569 0.04194218
v -0.30887949 0.1880914 0.04304415
v -0.30466759 0.19273186 0.0496611
v -0.29591954 0.17522657 0.03949076
v -0.30216527 0.16555643 0.01933694
v -0.3115623 0.17898762 0.0331111
v -0.30527854 0.16671133 0.0194512
v -0.32634544 0.19686031 0.04170305
v -0.3297745 0.19069898 0.03463018
v -0.32213306 0.18693507 0.0361141
v -0.30457485 0.20127761 0.05433393
v -0.31315506 0.1962564 0.04727185
v -0.32701659 0.17677128 0.01977283
v -0.32431304 0.17588341 0.02087182
v -0.32699263 0.17891061 0.0228985
v -0.30207467 0.15835428 -0.00462908
v -0.30424178 0.16498303 0.01695442
v -0.30660319 0.16512418 0.01676339
v -0.30522156 0.15865171 -0.00451708
v -0.32589543 0.17445803 0.01825035
v -0.33008194 0.17459166 0.01473153
v -0.32105899 0.16514575 0.00191557
v -0.3229481 0.16134393 -0.0126673
v -0.33178532 0.16619098 -0.00838596
v -0.325804 0.16101766 -0.01840889
v -0.28888083 0.17452419 -0.06151795
v -0.30322015 0.16527367 -0.05272257
v -0.3086127 0.16494954 -0.05390227
v -0.30599129 0.16752207 -0.05879819
v -0.31236756 0.16507709 -0.05831718
v -0.30031085 0.17763543 -0.07470369
v -0.30333292 0.18908286 -0.08580118
v -0.30059397 0.19404364 -0.08868402
v -0.30333292 0.18908286 -0.08580118
v -0.30555904 0.1924057 -0.08994651
v -0.31052887 0.18453765 -0.08472508
v -0.30059397 0.19404364 -0.08868402
v -0.30555904 0.1924057 -0.08994651
v -0.30569148 0.19661677 -0.0912044
v -0.31396544 0.17506278 -0.07789505
v -0.31824839 0.17604208 -0.08178204
v -0.33127975 0.17144871 -0.08121228
v -0.31911528 0.17773342 -0.08655977
v -0.31396544 0.17506278 -0.07789505
v -0.32024789 0.17203796 -0.07627648
v -0.32526624 0.19246876 -0.11116648
v -0.31536567 0.19839895 -0.10187989
v -0.31677926 0.18882096 -0.10082668
v -0.32526624 0.19246876 -0.11116648
v -0.31677926 0.18882096 -0.10082668
v -0.32594657 0.18305576 -0.10037464
v -0.32678759 0.16345012 -0.06387979
v -0.32024789 0.17203796 -0.07627648
v -0.33127975 0.17144871 -0.08121228
v -0.33550441 0.16854846 -0.07812798
v -0.33657181 0.16972542 -0.08152032
v -0.33624732 0.1713289 -0.08367729
v -0.33639133 0.19705093 0.03654277
v -0.34580243 0.18730795 0.01950115
v -0.34319031 0.18859112 0.02352881
v -0.34878576 0.19039822 0.02094644
v -0.34831989 0.20208752 0.03213537
v -0.35753167 0.20290411 0.02521265
v -0.36696899 0.198282 0.01197565
v -0.34866619 0.18734789 0.01801777
v -0.34491813 0.18197441 0.01331425
v -0.355636 0.1819365 -0.0017103
v -0.3561033 0.17800093 -0.00825256
v -0.34607625 0.17490911 -0.00136238
v -0.33458769 0.17015004 0.00073099
v -0.33959818 0.17140782 -0.00141287
v -0.33959305 0.17315435 0.00270754
v -0.34512711 0.1684432 -0.01832086
v -0.34595418 0.16663527 -0.02570796
v -0.34839773 0.16763663 -0.02574599
v -0.3707087 0.19633484 0.00647187
v -0.374277 0.18851447 -0.00914097
v -0.36379468 0.18373251 -0.00650775
v -0.3683629 0.19651949 0.00892943
v -0.36951494 0.17689085 -0.02692115
v -0.36803544 0.17604375 -0.0261454
v -0.36955214 0.17773557 -0.02473521
v -0.34490669 0.16181588 -0.04483038
v -0.34723115 0.16657341 -0.0279566
v -0.3501054 0.16722512 -0.02945071
v -0.35039413 0.16359985 -0.04537559
v -0.38001847 0.17694485 -0.0465917
v -0.38010514 0.17674041 -0.04734021
v -0.37906921 0.17613828 -0.04700935
v -0.36813509 0.1752975 -0.0286817
v -0.37934029 0.1760571 -0.04831767
v -0.36187732 0.16885185 -0.04237396
v -0.35039413 0.16359985 -0.04537559
v -0.36270845 0.16715348 -0.04941517
v -0.36270845 0.16715348 -0.04941517
v -0.36789322 0.16841841 -0.05792123
v -0.3564465 0.17253673 -0.07891792
v -0.35746706 0.17268848 -0.07873851
v -0.35747373 0.17272818 -0.07886559
v -0.33445358 0.19696653 -0.11243033
v -0.32526624 0.19246876 -0.11116648
v -0.34575391 0.18292642 -0.10447901
v -0.34726024 0.18157995 -0.10323799
v -0.32594657 0.18305576 -0.10037464
v -0.35562551 0.1744535 -0.08365178
v -0.33879185 0.16927123 -0.08030605
v -0.35720897 0.17237401 -0.07811552
v -0.33849084 0.17055809 -0.08257735
v -0.35763383 0.17278636 -0.07878709
v -0.3579179 0.17323673 -0.07923448
v -0.35780501 0.17265475 -0.07839537
v -0.34867561 0.18228555 -0.10359871
v -0.36949539 0.19232774 -0.09684354
v -0.35598028 0.19997036 -0.1089825
v -0.37442911 0.18417668 -0.08513784
v -0.36952615 0.18860245 -0.09349179
v -0.36818135 0.16892469 -0.0635581
v -0.37451267 0.17448795 -0.06982356
v -0.34792829 0.18148971 -0.10315806
v -0.34855926 0.18163383 -0.10310411
v -0.34770501 0.18172741 -0.10367954
v -0.34789956 0.18234861 -0.10414135
v -0.34813964 0.18174708 -0.10366094
v -0.38265169 0.19624949 -0.00631326
v -0.38718188 0.18806875 -0.02737665
v -0.385306 0.18895209 -0.02181429
v -0.39134049 0.19396377 -0.0246793
v -0.39123535 0.20166695 -0.01295346
v -0.39662361 0.20369327 -0.02036136
v -0.39886403 0.20245838 -0.02792323
v -0.39134717 0.18990445 -0.03407431
v -0.38144064 0.17807257 -0.04694587
v -0.39363635 0.18995488 -0.04633558
v -0.38157272 0.17724133 -0.04886138
v -0.37640989 0.17247653 -0.06155932
v -0.37934029 0.1760571 -0.04831767
v -0.39331245 0.18348908 -0.05866724
v -0.38991082 0.17994046 -0.06276965
v -0.39828885 0.19555056 -0.04212844
v -0.40067852 0.19553602 -0.05258864
v -0.40507901 0.19807839 -0.06055325
v -0.39993334 0.19031525 -0.06133759
v -0.39525342 0.18381727 -0.06390864
v -0.39993334 0.19031525 -0.06133759
v -0.40195537 0.19150829 -0.06989574
v -0.39525342 0.18381727 -0.06390864
v -0.38991082 0.17994046 -0.06276965
v -0.39331245 0.18348908 -0.05866724
v -0.3860991 0.18051028 -0.06980664
v -0.37780213 0.17906427 -0.0766536
v -0.38619912 0.18459213 -0.07786196
v -0.37435424 0.19030535 -0.09341514
v -0.3762089 0.19529068 -0.09457684
v -0.3913157 0.19097781 -0.08302921
v -0.39400482 0.18798304 -0.0783639
v -0.3937521 0.18302691 -0.06868839
v -0.40218866 0.19452262 -0.07562333
v -0.40597641 0.19690025 -0.07250178
v -0.3979485 0.19371188 -0.08188689
v -0.39133847 0.19594336 -0.08533728
v 0.06375659 0.2003386 0.09944451
v 0.06722969 0.20023334 0.09333092
v 0.05410707 0.21051335 0.08676773
v 0.06222904 0.20796144 0.07357556
v 0.05320543 0.21190608 0.08378756
v 0.06802213 0.20299423 0.08126575
v 0.06751609 0.20061553 0.05821097
v 0.05845606 0.2059654 0.0567345
v 0.06251317 0.20714402 0.06882352
v 0.07495773 0.19829762 0.06673563
v 0.04467297 0.20748079 0.10916078
v 0.04675204 0.20763361 0.10618126
v 0.04131269 0.20806348 0.10989791
v 0.04306918 0.20967066 0.10615355
v 0.02400994 0.21898079 0.10576957
v 0.02019471 0.22131133 0.10354334
v 0.020495 0.22021937 0.10714221
v 0.02241945 0.21758223 0.1090731
v 0.01804292 0.21791589 0.1115604
v 0.01523757 0.20845866 0.12365991
v 0.0255391 0.20423102 0.12154478
v 0.03353155 0.22100115 0.08509517
v 0.03434193 0.21901107 0.09149414
v 0.04827577 0.21438193 0.08468091
v 0.03776789 0.22169459 0.07652986
v 0.05132467 0.21291184 0.08470213
v 0.04919761 0.21162331 0.09143615
v 0.05102533 0.21333873 0.0832414
v 0.05693913 0.21152484 0.07170367
v 0.04189348 0.22080922 0.07157868
v 0.06251317 0.20714402 0.06882352
v 0.02329957 0.22619188 0.08118778
v 0.02576387 0.22355819 0.08870673
v 0.014534 0.22813177 0.09083158
v 0.03649873 0.22336912 0.07155061
v 0.01948535 0.22832787 0.06579036
v 0.01824766 0.22941673 0.07584983
v 0.0153895 0.22989368 0.08033258
v 0.03213561 0.21845245 0.05148274
v 0.03417009 0.21945357 0.05684876
v 0.034684 0.2173326 0.05175716
v 0.03221917 0.21807075 0.05049855
v 0.05693913 0.21152484 0.07170367
v 0.04951942 0.21223736 0.05891025
v 0.04189348 0.22080922 0.07157868
v 0.04998738 0.20932841 0.05083108
v 0.03307003 0.21641803 0.04901588
v 0.03105235 0.21866477 0.05095804
v 0.02999753 0.21991193 0.05314088
v 0.01472771 0.22837198 0.05669284
v 0.01948535 0.22832787 0.06579036
v 0.03018111 0.21781898 0.04846048
v 0.03649873 0.22336912 0.07155061
v 0.02075058 0.21223855 0.02974337
v 0.01568502 0.21989822 0.03797013
v -0.00042772 0.23171127 0.10525763
v 0.0026266 0.22993886 0.10704124
v 0.00380135 0.23021996 0.10348392
v 0.00275862 0.22626114 0.11143583
v 0.00010514 0.22998714 0.10818791
v -0.00298077 0.22577822 0.11241019
v 0.00056303 0.19808722 0.1295101
v -0.00189263 0.19845438 0.12956405
v 0.00662738 0.21436048 0.12121767
v -0.00497001 0.23155451 0.10811323
v -0.0196414 0.23102248 0.11157823
v -0.01903087 0.2375083 0.10255587
v -0.01437169 0.21835768 0.12081182
v -0.02708161 0.21857023 0.12011832
v -0.02708089 0.20717645 0.12474853
v -0.01513594 0.20870817 0.12469667
v -0.00761276 0.21454585 0.12245399
v 0.00475228 0.23508775 0.08627874
v -0.00280511 0.24172282 0.073515
v 0.01201957 0.23278463 0.07595688
v 0.01113492 0.23286033 0.06634003
v 0.01201957 0.23278463 0.07595688
v 0.00753009 0.23461592 0.08065951
v -0.00171602 0.23765087 0.08808011
v -0.01453286 0.23907459 0.09657294
v -0.00541574 0.24209607 0.07464695
v -0.00273126 0.24131179 0.07580513
v -0.01269633 0.238801 0.06700963
v 0.00030792 0.23341155 0.06028533
v 0.01296836 0.22567189 0.04635817
v 0.00456077 0.22892153 0.05109417
v -0.00344509 0.23109722 0.05084753
v 0.00548553 0.22522795 0.03936011
v 0.00790781 0.21263218 0.02503264
v -0.0005278 0.21573997 0.02457607
v -0.00378156 0.22654366 0.03496432
v -0.0165363 0.23062515 0.04280859
v -0.02371389 0.23180652 0.04242778
v -0.01860774 0.23618269 0.06123501
v -0.01686513 0.23612177 0.06187207
v -0.01192898 0.22484112 0.02679175
v -0.02138442 0.22465658 0.02332598
v -0.02073091 0.22764218 0.03215748
v 0.0008502 0.21007931 0.01907867
v -0.00321525 0.21022749 0.01851875
v -0.01887143 0.22017658 0.01937163
v -0.02610445 0.22058809 0.01678789
v -0.02012759 0.1996814 0.00882322
v -0.02607 0.20274949 0.0080412
v -0.02874547 0.24119961 0.09829956
v -0.02928662 0.23457241 0.10072392
v -0.03391677 0.22786629 0.10768217
v -0.03541923 0.21472013 0.12323338
v -0.04966152 0.21344733 0.12225735
v -0.04098058 0.22644627 0.10810405
v -0.04885751 0.22715378 0.10778165
v -0.06416357 0.22708011 0.10369271
v -0.06449503 0.22471297 0.11067033
v -0.05980557 0.21765852 0.11836755
v -0.06906229 0.21773601 0.11668944
v -0.0672828 0.20135581 0.12292135
v -0.06098777 0.20279479 0.12352389
v -0.06098777 0.20279479 0.12352389
v -0.02928662 0.23457241 0.10072392
v -0.0383265 0.22924209 0.10289437
v -0.03391677 0.22786629 0.10768217
v -0.02638185 0.23855758 0.0909549
v -0.02874547 0.24119961 0.09829956
v -0.02797335 0.23869705 0.08258504
v -0.03621262 0.23462868 0.08585876
v -0.02213776 0.23747241 0.06472337
v -0.03819489 0.23576248 0.06883401
v -0.032812 0.24144387 0.07629806
v -0.03621262 0.23462868 0.08585876
v -0.02797335 0.23869705 0.08258504
v -0.038073 0.23546791 0.06898028
v -0.04278433 0.23473525 0.08593035
v -0.0383265 0.22924209 0.10289437
v -0.04319751 0.22920346 0.1033169
v -0.04278433 0.23473525 0.08593035
v -0.05871642 0.23630202 0.07990175
v -0.05868691 0.23158872 0.09190911
v -0.06909341 0.231516 0.09194517
v -0.03853321 0.23552036 0.06869364
v -0.038073 0.23546791 0.06898028
v -0.03819489 0.23576248 0.06883401
v -0.03863329 0.23559868 0.06826371
v -0.03853321 0.23552036 0.06869364
v -0.06264347 0.23832726 0.073753
v -0.06633466 0.23629892 0.07979983
v -0.06264347 0.23832726 0.073753
v -0.05871642 0.23630202 0.07990175
v -0.02035886 0.23666465 0.06173515
v -0.03736579 0.23642242 0.04933822
v -0.03810215 0.23548162 0.0680716
v -0.04308385 0.23722029 0.0494833
v -0.03736579 0.23642242 0.04933822
v -0.03877681 0.23467374 0.03042632
v -0.03594381 0.23288107 0.02827597
v -0.0398863 0.23329747 0.02843487
v -0.04047334 0.2348702 0.03007853
v -0.03810215 0.23548162 0.0680716
v -0.03863329 0.23559868 0.06826371
v -0.04308385 0.23722029 0.0494833
v -0.05978024 0.24189115 0.04080057
v -0.05938649 0.24082386 0.05512255
v -0.06213331 0.24028945 0.05998248
v -0.05938649 0.24082386 0.05512255
v -0.06461823 0.24075449 0.05486906
v -0.04047334 0.2348702 0.03007853
v -0.05978024 0.24189115 0.04080057
v -0.04308385 0.23722029 0.0494833
v -0.04195589 0.23448539 0.02865189
v -0.06413132 0.23734462 0.0209378
v -0.0626446 0.24028289 0.0359394
v -0.0626446 0.24028289 0.0359394
v -0.06431693 0.24183786 0.04049039
v -0.03757083 0.21545982 0.01100236
v -0.05254459 0.21714163 0.0075568
v -0.05786473 0.22025013 0.00816673
v -0.07701868 0.21946144 0.00239998
v -0.05870974 0.21114624 0.00521517
v -0.0769577 0.21919382 0.00233793
v -0.08229202 0.22695184 0.10749769
v -0.08232707 0.21074581 0.11776644
v -0.0672828 0.20135581 0.12292135
v -0.08232707 0.21074581 0.11776644
v -0.09026641 0.20983219 0.11613005
v -0.08703673 0.22472203 0.10771132
v -0.09026641 0.20983219 0.11613005
v -0.0959844 0.2243365 0.10802931
v -0.10899758 0.22652435 0.10364115
v -0.10840195 0.2205801 0.11042511
v -0.10676062 0.21724176 0.11214489
v -0.10954487 0.21728683 0.11132622
v -0.10826129 0.21045983 0.11257303
v -0.10676062 0.21724176 0.11214489
v -0.10954487 0.21728683 0.11132622
v -0.08498865 0.23645735 0.084867
v -0.0858537 0.22809005 0.10491925
v -0.08699971 0.24592674 0.06730801
v -0.07094622 0.24078786 0.0729717
v -0.06937134 0.24224508 0.06054074
v -0.06633466 0.23629892 0.07979983
v -0.08755094 0.23941195 0.08023673
v -0.08935791 0.23679936 0.08479536
v -0.08755094 0.23941195 0.08023673
v -0.08823037 0.22818506 0.10509682
v -0.10750669 0.23554444 0.09416246
v -0.11062181 0.2406466 0.08682793
v -0.11192316 0.23511326 0.09400606
v -0.09811538 0.24160647 0.08021337
v -0.1019969 0.2492485 0.06122166
v -0.10380977 0.24655342 0.07285869
v -0.07933134 0.2454983 0.05061203
v -0.08729684 0.2477982 0.02819443
v -0.06877804 0.24338579 0.03583682
v -0.07214439 0.24153149 0.02134299
v -0.06877804 0.24338579 0.03583682
v -0.07829756 0.24570417 0.044303
v -0.08775347 0.24748361 0.05119312
v -0.08729684 0.2477982 0.02819443
v -0.09852505 0.25122094 0.03241789
v -0.08780867 0.24798 0.04270762
v -0.10076708 0.25055337 0.02331305
v -0.09852505 0.25122094 0.03241789
v -0.08779043 0.24214518 0.01189607
v -0.07715368 0.21954787 0.00241911
v -0.07732016 0.21945262 0.00225317
v -0.09553385 0.22212446 -0.00345415
v -0.09121156 0.23615146 0.00565845
v -0.07712299 0.21940494 0.00234157
v -0.0772801 0.21895254 0.00218779
v -0.0772801 0.21895254 0.00218779
v -0.07732016 0.21945262 0.00225317
v -0.07712299 0.21940494 0.00234157
v -0.08234036 0.19494641 -0.00329369
v -0.0869692 0.19693387 -0.00434691
v -0.09528422 0.21627986 -0.00397944
v -0.10760182 0.23640168 -0.00260848
v -0.11295354 0.23802853 -0.00329286
v -0.11156207 0.24346387 0.00204211
v -0.09606206 0.24466908 0.01122892
v -0.10190612 0.21892226 -0.00649321
v -0.10970247 0.19462156 -0.01132941
v -0.10973424 0.19460571 -0.01133853
v -0.12521368 0.22599542 0.10838062
v -0.12119401 0.21076477 0.1091736
v -0.12521368 0.22599542 0.10838062
v -0.13438821 0.23057437 0.10607809
v -0.14739203 0.24208093 0.09921998
v -0.15219283 0.23917365 0.10055685
v -0.15202391 0.22954905 0.10204029
v -0.13438821 0.23057437 0.10607809
v -0.15219283 0.23917365 0.10055685
v -0.15165365 0.19771624 0.09908831
v -0.11839855 0.24000931 0.09165418
v -0.13202512 0.24420881 0.09268945
v -0.13053989 0.2300005 0.10547274
v -0.13111269 0.22788298 0.10665524
v -0.12972057 0.22806442 0.10702103
v -0.12875128 0.20767224 0.10668802
v -0.13020599 0.20439434 0.10521966
v -0.13167393 0.2080189 0.10594088
v -0.14847386 0.21767557 0.10212868
v -0.15653431 0.21750951 0.09956783
v -0.13111269 0.22788298 0.10665524
v -0.13464904 0.25621545 0.02512079
v -0.13503981 0.25628936 0.02522594
v -0.13476598 0.25626421 0.02538711
v -0.13503635 0.25627005 0.02547401
v -0.13517535 0.25633597 0.02529502
v -0.13520014 0.25631809 0.02515441
v -0.13517535 0.25633597 0.02529502
v -0.13503981 0.25628936 0.02522594
v -0.13502133 0.25621665 0.0249207
v -0.13464904 0.25621545 0.02512079
v -0.11694676 0.24323213 -0.00155318
v -0.11435956 0.21835232 -0.00936127
v -0.12699121 0.22621644 -0.01346928
v -0.13385642 0.22652185 -0.01457942
v -0.13138676 0.23570096 -0.0095216
v -0.13224268 0.24798393 -0.00260597
v -0.12683582 0.21065676 -0.01338983
v -0.13473606 0.20984089 -0.0146631
v -0.13983572 0.23477411 -0.01489252
v -0.15262067 0.24108148 -0.01669306
v -0.14461613 0.24634624 -0.01064032
v -0.15240431 0.21712196 -0.02204609
v -0.15237737 0.21701086 -0.02205855
v -0.15242457 0.2170099 -0.02207357
v -0.15240288 0.2169497 -0.02208567
v -0.15683126 0.24120903 0.09924585
v -0.15801632 0.23614693 0.10014069
v -0.17396116 0.23455167 0.0957799
v -0.16722035 0.22149479 0.09570324
v -0.18198919 0.22036135 0.09297687
v -0.166785 0.21350002 0.09467876
v -0.18235505 0.21470785 0.09213519
v -0.19268036 0.23282409 0.09463561
v -0.19575381 0.23891795 0.09498644
v -0.20204985 0.22614455 0.09107393
v -0.17379308 0.24261427 0.09384185
v -0.19196308 0.23895144 0.09572148
v -0.17396116 0.23455167 0.0957799
v -0.19575381 0.23891795 0.09498644
v -0.19268036 0.23282409 0.09463561
v -0.18690908 0.21746707 0.09080273
v -0.18857741 0.20988822 0.09078538
v -0.20493221 0.21498001 0.08807248
v -0.17220056 0.25060821 -0.01882792
v -0.16740811 0.23307467 -0.025316
v -0.15252984 0.21707273 -0.02211517
v -0.15248048 0.21697009 -0.02211517
v -0.17243552 0.22580969 -0.02762455
v -0.17543495 0.23199713 -0.0283553
v -0.18058181 0.22341061 -0.03252846
v -0.17037082 0.21015012 -0.02954137
v -0.18106151 0.21312249 -0.03478795
v -0.173998 0.25070965 -0.01935184
v -0.19321001 0.23834908 -0.03419209
v -0.19342899 0.23153496 -0.03590554
v -0.19710791 0.23821509 -0.03670907
v -0.18876922 0.21808791 -0.03694522
v -0.19622207 0.21766889 -0.04352152
v -0.20352101 0.21769667 -0.04867065
v -0.20296633 0.22438192 -0.04704159
v -0.19005752 0.20926261 -0.03935933
v -0.20238352 0.20881402 -0.04790282
v -0.20673406 0.21812236 0.08750635
v -0.20565033 0.21766353 0.08787459
v -0.20451665 0.23849833 0.09281808
v -0.21717072 0.23894274 0.08754432
v -0.21721184 0.23713505 0.08760262
v -0.22609508 0.22095752 0.08627075
v -0.22767639 0.21759808 0.08559006
v -0.22095633 0.21731305 0.08647215
v -0.20670819 0.2172339 0.08746421
v -0.20787776 0.21451139 0.08656549
v -0.2275281 0.21658123 0.08523953
v -0.2390039 0.23866165 0.0821656
v -0.24678731 0.22355938 0.08345562
v -0.22884345 0.21859837 0.08563125
v -0.21994638 0.23804832 0.08724922
v -0.22856808 0.21715903 0.08550078
v -0.23939443 0.20016897 0.07353604
v -0.24789381 0.21739936 0.08254373
v -0.20668221 0.23842931 -0.04829651
v -0.2140255 0.22516465 -0.05882156
v -0.21756828 0.22633183 -0.06151068
v -0.21655619 0.22892034 -0.06081605
v -0.21763468 0.24553418 -0.05638379
v -0.21065378 0.21312535 -0.05145031
v -0.22154069 0.20946813 -0.0565241
v -0.21897721 0.22878802 -0.06253737
v -0.23952878 0.23862207 -0.07210791
v -0.2240926 0.24625921 -0.0606392
v -0.22201681 0.22448933 -0.06382388
v -0.23132133 0.2117852 -0.06456089
v -0.23660934 0.21557283 -0.06898046
v -0.2393086 0.23090732 -0.07183474
v -0.24250793 0.21542764 -0.07174903
v -0.23926318 0.20834482 -0.06808758
v -0.25096774 0.23872876 0.0816232
v -0.25291586 0.22022402 0.08130777
v -0.26084995 0.23475933 0.07813025
v -0.26599002 0.22352219 0.0752849
v -0.26045394 0.24370074 0.07678586
v -0.25337923 0.21418655 0.08021754
v -0.26536536 0.21111822 0.07382798
v -0.27906561 0.23738348 0.07406801
v -0.27839637 0.24071479 0.07367146
v -0.28214788 0.23894227 0.07331127
v -0.28209603 0.23442781 0.07327253
v -0.2784723 0.21753097 0.07252324
v -0.28481877 0.21753728 0.06971574
v -0.28211474 0.2085619 0.06907696
v -0.24352837 0.24056923 -0.07322133
v -0.2434268 0.23645508 -0.07356536
v -0.23926318 0.20834482 -0.06808758
v -0.25566185 0.22118509 -0.07641208
v -0.26178753 0.23533976 -0.081065
v -0.27038145 0.21772993 -0.08252144
v -0.255476 0.21024489 -0.07584155
v -0.2502985 0.19909728 -0.07004756
v -0.26151252 0.19863415 -0.07536197
v -0.27020144 0.21296167 -0.08223063
v -0.26183438 0.24128199 -0.08052808
v -0.26799417 0.23854899 -0.08369356
v -0.27531266 0.22071922 -0.08465332
v -0.28404331 0.23918831 -0.08823359
v -0.27430558 0.21525896 -0.08368754
v -0.28489077 0.21503556 -0.08685553
v -0.29376972 0.21501756 -0.08928293
v -0.2926048 0.22031188 -0.08928436
v -0.27633202 0.20810604 -0.08300751
v -0.27580833 0.19364476 -0.07889599
v -0.28350317 0.19377792 -0.0823698
v -0.29318178 0.21110535 -0.08854163
v -0.3014524 0.22689152 0.06474733
v -0.30402112 0.24130249 0.06423056
v -0.2980758 0.24680841 0.06697625
v -0.30384564 0.24940324 0.06443453
v -0.29441953 0.21153998 0.06480634
v -0.3046875 0.24924052 0.06433558
v -0.32631695 0.23191118 0.05755419
v -0.30847418 0.23023856 0.06278461
v -0.3262167 0.23870623 0.05878448
v -0.30294168 0.22898233 0.0641278
v -0.30369258 0.22761238 0.06352067
v -0.30434668 0.22889841 0.06362766
v -0.30548835 0.22722101 0.06268722
v -0.30174363 0.20943022 0.05950129
v -0.30888939 0.21085703 0.05697441
v -0.32114899 0.21773529 0.05420476
v -0.33411729 0.21796465 0.04980552
v -0.3212837 0.20675647 0.04838586
v -0.3338716 0.21115601 0.04631162
v -0.29789722 0.23825073 -0.09111571
v -0.2967453 0.21662819 -0.09009498
v -0.31304729 0.21905518 -0.09376466
v -0.30586886 0.235075 -0.09281415
v -0.30595374 0.24110305 -0.09308761
v -0.29709053 0.21302271 -0.09046483
v -0.31271064 0.21123338 -0.09430975
v -0.32569611 0.23671806 -0.09912771
v -0.32694507 0.23737991 -0.09962261
v -0.32556784 0.23813915 -0.09914553
v -0.32695067 0.23294449 -0.1004194
v -0.32351828 0.21559846 -0.10069042
v -0.32954013 0.21622527 -0.1026963
v -0.3263576 0.21032453 -0.105138
v -0.33311951 0.24242353 0.05755126
v -0.33099818 0.23647618 0.05651128
v -0.34790015 0.23670018 0.04888934
v -0.3396256 0.22021306 0.04770738
v -0.35453856 0.22663116 0.04302239
v -0.35682523 0.22007287 0.03840357
v -0.34875095 0.21787393 0.04300743
v -0.33920836 0.21622241 0.04668301
v -0.34073567 0.21155703 0.04294777
v -0.35621822 0.21480548 0.03676283
v -0.36966622 0.2394979 0.04334879
v -0.37390006 0.23119175 0.0362674
v -0.36237121 0.22439075 0.0395838
v -0.34770286 0.24344218 0.05125344
v -0.35652745 0.23934221 0.04753077
v -0.36431694 0.21796107 0.03231025
v -0.37003911 0.21342552 0.02326274
v -0.37221754 0.2181077 0.02603763
v -0.37046015 0.20364785 0.01370668
v -0.3721664 0.19949126 0.00859493
v -0.36955845 0.19870198 0.00903314
v -0.33108985 0.23492491 -0.10038435
v -0.33046937 0.23905814 -0.10021025
v -0.34848559 0.22734451 -0.10392064
v -0.34554195 0.22295582 -0.10267901
v -0.35079801 0.22266698 -0.10235906
v -0.33425212 0.21182966 -0.10706574
v -0.3484447 0.21751201 -0.10724723
v -0.35578966 0.22909772 -0.10422474
v -0.36950982 0.23703969 -0.10475677
v -0.35692453 0.24349761 -0.10411572
v -0.36886823 0.22279227 -0.10315543
v -0.36558282 0.21477783 -0.10095435
v -0.37172198 0.21414602 -0.10043061
v -0.36886823 0.22279227 -0.10315543
v -0.36907852 0.20218015 -0.09859848
v -0.36096334 0.21035826 -0.1064027
v -0.33445358 0.19696653 -0.11243033
v -0.34556055 0.2079016 -0.11204159
v -0.35144591 0.20752847 -0.11187238
v -0.34823811 0.19958746 -0.11381674
v -0.36096334 0.21035826 -0.1064027
v -0.34823811 0.19958746 -0.11381674
v -0.35144591 0.20752847 -0.11187238
v -0.37919259 0.23956537 0.0372504
v -0.38882554 0.23017597 0.02015013
v -0.38586307 0.23169458 0.02455395
v -0.39196062 0.23486829 0.02184796
v -0.38196731 0.22390735 0.02141052
v -0.3749603 0.21561468 0.02103472
v -0.39169538 0.24589038 0.03154522
v -0.39918065 0.24720931 0.02553189
v -0.40724075 0.24279106 0.0136959
v -0.38953519 0.22638476 0.01700407
v -0.39201486 0.23086596 0.01725221
v -0.39982164 0.22330463 -0.00053328
v -0.4002775 0.2200464 -0.00523692
v -0.39667344 0.21799183 -0.00052583
v -0.38584149 0.21294093 0.01006716
v -0.38720286 0.20474756 -0.00126231
v -0.39809918 0.21358037 -0.009233
v -0.41374135 0.23951626 0.00130117
v -0.41585958 0.23544681 -0.00952792
v -0.40788412 0.22790122 -0.00582284
v -0.40898955 0.23959875 0.00811839
v -0.41305745 0.22147274 -0.02605796
v -0.41026843 0.21876025 -0.02397627
v -0.41308057 0.22401297 -0.02055556
v -0.40768385 0.2150358 -0.02398878
v -0.41859114 0.22752798 -0.04046035
v -0.41934109 0.22532046 -0.04857373
v -0.41267836 0.21740162 -0.04474699
v -0.41060734 0.21718681 -0.02831799
v -0.41531444 0.21699083 -0.05844611
v -0.40631294 0.20738649 -0.04049575
v -0.40691638 0.20426059 -0.05279434
v -0.41124976 0.20809865 -0.06309956
v -0.38092613 0.2302103 -0.10093445
v -0.38007975 0.24208593 -0.10207963
v -0.3926816 0.22825754 -0.09699965
v -0.38092613 0.2302103 -0.10093445
v -0.38732493 0.21990609 -0.09674501
v -0.39843881 0.2173028 -0.08975303
v -0.36950982 0.23703969 -0.10475677
v -0.38643801 0.20725858 -0.09380817
v -0.39858258 0.2087065 -0.08733481
v -0.4187572 0.2231549 -0.07668823
v -0.41617846 0.23396206 -0.08927059
v -0.41261971 0.21575332 -0.07873118
v -0.41517174 0.21679175 -0.07103097
v -0.41594017 0.23411417 -0.08954585
v -0.4161216 0.2342062 -0.08949286
v -0.41597307 0.23428619 -0.0895474
v -0.41594017 0.23411417 -0.08954585
v -0.4161216 0.2342062 -0.08949286
v -0.41610849 0.23409903 -0.08947903
v -0.40710306 0.20074642 -0.07547212
v -0.41040099 0.20504129 -0.07012701
v -0.40614748 0.20509982 -0.08298582
v -0.40602386 0.21337259 -0.0855543
v -0.41892147 0.23957658 -0.00909877
v -0.41846037 0.23716092 -0.01419467
v -0.43133163 0.25002217 -0.02244943
v -0.42139459 0.23560166 -0.02997094
v -0.42794514 0.23975825 -0.04319131
v -0.43197036 0.25037789 -0.02373368
v -0.42491996 0.23220348 -0.06814516
v -0.42457688 0.23287678 -0.06247884
v -0.43049514 0.24225688 -0.06531984
v -0.42903578 0.23964536 -0.04732072
v -0.41934109 0.22532046 -0.04857373
v -0.41798079 0.22079086 -0.06592232
v -0.41439092 0.21501589 -0.06566715
v -0.41124976 0.20809865 -0.06309956
v -0.41531444 0.21699083 -0.05844611
v -0.4314611 0.24356556 -0.05289894
v -0.43386698 0.24841118 -0.06348318
v -0.43377972 0.24845195 -0.0658465
v -0.42786002 0.2374382 -0.07694721
v -0.41617119 0.23418272 -0.08946192
v -0.41619062 0.23425186 -0.08946794
v -0.41650903 0.23429203 -0.08911896
v -0.41650903 0.23429203 -0.08911896
v -0.41619062 0.23425186 -0.08946794
v -0.41617119 0.23418272 -0.08946192
v -0.43061256 0.24241996 -0.07276285
v -0.02184081 0.24267924 0.0963062
v 8.345E-05 0.2383033 0.08324391
v -0.01534796 0.25022829 0.08286232
v -0.00273126 0.24131179 0.07580513
v -0.01862162 0.2526505 0.08294237
v -0.03216869 0.26355994 0.08142745
v -0.0329172 0.26025784 0.08615148
v -0.03068745 0.25354445 0.09292614
v -0.02305686 0.25477159 0.07418358
v -0.02679026 0.2568897 0.07250625
v -0.02747715 0.25915706 0.07602715
v -0.01864296 0.25256789 0.08199257
v -0.01777768 0.25065696 0.08426785
v -0.0176599 0.25121224 0.08260214
v -0.01864296 0.25256789 0.08199257
v -0.00767988 0.24482739 0.07402539
v -0.02429438 0.25280392 0.07033306
v -0.028409 0.25297248 0.07019401
v -0.01838565 0.23681152 0.0624426
v -0.01913476 0.236902 0.06244802
v -0.04153574 0.25926447 0.09168917
v -0.05034298 0.27339816 0.08026099
v -0.05061907 0.27354097 0.08039171
v -0.05059272 0.27309191 0.08073437
v -0.05102217 0.26037002 0.09008074
v -0.04806143 0.2707988 0.07475227
v -0.04158628 0.26787043 0.07650518
v -0.0435819 0.26691377 0.07241875
v -0.04158628 0.26787043 0.07650518
v -0.05002594 0.27340376 0.08005315
v -0.02747715 0.25915706 0.07602715
v -0.03694743 0.24642015 0.08501136
v -0.02797335 0.23869705 0.08258504
v -0.02638185 0.23855758 0.0909549
v -0.03891486 0.24916828 0.09651655
v -0.032812 0.24144387 0.07629806
v -0.03913099 0.24669874 0.0770238
v -0.03480482 0.24766517 0.0747121
v -0.04347032 0.25159287 0.07486665
v -0.02213776 0.23747241 0.06472337
v -0.04552859 0.25006604 0.07915574
v -0.0634917 0.27351058 0.08556008
v -0.06975383 0.27357936 0.08812755
v -0.06915253 0.27307117 0.08812714
v -0.05775726 0.25885046 0.09281623
v -0.05775726 0.25885046 0.09281623
v -0.06915253 0.27307117 0.08812714
v -0.06463319 0.25857651 0.08519095
v -0.0617789 0.27833056 0.07940334
v -0.05059034 0.27366865 0.07993269
v -0.06143302 0.25929928 0.07526743
v -0.06176996 0.25813866 0.07757282
v -0.06545651 0.2602551 0.07636434
v -0.04704082 0.25275004 0.09395933
v -0.05102217 0.26037002 0.09008074
v -0.05479544 0.25446463 0.08820713
v -0.04658198 0.25123024 0.08561122
v -0.05535364 0.25375354 0.08240736
v -0.05535364 0.25375354 0.08240736
v -0.06463319 0.25857651 0.08519095
v -0.04658198 0.25123024 0.08561122
v -0.04816079 0.26692414 0.06967103
v -0.04448521 0.26170766 0.06970352
v -0.04992646 0.26245439 0.06879514
v -0.02035886 0.23666465 0.06173515
v -0.04992646 0.26245439 0.06879514
v -0.04448521 0.26170766 0.06970352
v -0.02213776 0.23747241 0.06472337
v -0.05838215 0.26895452 0.07011175
v -0.05838215 0.26895452 0.07011175
v -0.07007337 0.27359331 0.08805215
v -0.08843148 0.2769326 0.08479738
v -0.08743155 0.27241051 0.09081924
v -0.08128142 0.26435506 0.08282125
v -0.07007337 0.27359331 0.08805215
v -0.08743155 0.27241051 0.09081924
v -0.09412473 0.26750541 0.08136642
v -0.08229303 0.2649014 0.08013749
v -0.07497865 0.2641592 0.0843305
v -0.08766043 0.28270018 0.07551527
v -0.08599931 0.28260899 0.07592565
v -0.08750021 0.28149426 0.07521778
v -0.06976289 0.26099992 0.07530326
v -0.08229303 0.2649014 0.08013749
v -0.08676666 0.26750565 0.07369852
v -0.09135854 0.26722968 0.07820982
v -0.10827988 0.27448308 0.08540058
v -0.12056446 0.2620914 0.08186305
v -0.10477304 0.26744318 0.08142167
v -0.10267514 0.27446222 0.08534133
v -0.10267514 0.27446222 0.08534133
v -0.09135854 0.26722968 0.07820982
v -0.08944553 0.28272748 0.07551008
v -0.10987246 0.26479328 0.07602739
v -0.12028724 0.25282013 0.08020574
v -0.10748428 0.24841714 0.07830799
v -0.11130255 0.24889672 0.07430333
v -0.10380977 0.24655342 0.07285869
v -0.0965848 0.26537824 0.07477558
v -0.08406919 0.26675248 0.06774461
v -0.07880086 0.27200115 0.0707612
v -0.07880086 0.27200115 0.0707612
v -0.08732539 0.27174044 0.0696525
v -0.08406919 0.26675248 0.06774461
v -0.09150153 0.26670039 0.06703252
v -0.08732539 0.27174044 0.0696525
v -0.08549744 0.2486093 0.04834878
v -0.07829756 0.24570417 0.044303
v -0.09147882 0.24901474 0.04825073
v -0.08549744 0.2486093 0.04834878
v -0.09147882 0.24901474 0.04825073
v -0.10503978 0.27403307 0.06663632
v -0.10503978 0.27403307 0.06663632
v -0.09150153 0.26670039 0.06703252
v -0.10590184 0.2516551 0.053967
v -0.11844605 0.25158513 0.05334628
v -0.1115827 0.25133777 0.06621385
v -0.10506815 0.25304425 0.04489344
v -0.11101145 0.25137961 0.03264534
v -0.11932576 0.25273013 0.04573339
v -0.10506815 0.25304425 0.04489344
v -0.1086266 0.24888194 0.014561
v -0.1151002 0.24897861 0.01440912
v -0.11129004 0.25064397 0.02293777
v -0.15219331 0.24457967 0.09912753
v -0.11989415 0.27394378 0.08178824
v -0.12818909 0.27462316 0.07968211
v -0.12848163 0.27274656 0.08142716
v -0.12641031 0.26659715 0.07993037
v -0.12641031 0.26659715 0.07993037
v -0.12692481 0.26056039 0.08058989
v -0.12998009 0.25894475 0.08231729
v -0.12788332 0.27615535 0.07640308
v -0.11919838 0.27969694 0.07557982
v -0.1306349 0.27712941 0.07322013
v -0.12998009 0.25894475 0.08231729
v -0.13903999 0.2637825 0.08863097
v -0.13957608 0.25756061 0.0903362
v -0.12659645 0.25325179 0.08319783
v -0.12028724 0.25282013 0.08020574
v -0.13376665 0.25539875 0.06632501
v -0.12659645 0.25325179 0.08319783
v -0.12998009 0.25894475 0.08231729
v -0.11130255 0.24889672 0.07430333
v -0.1337626 0.25520599 0.06501013
v -0.12692481 0.26056039 0.08058989
v -0.12998009 0.25894475 0.08231729
v -0.13376665 0.25539875 0.06632501
v -0.13064253 0.27371359 0.07909739
v -0.1465807 0.26041901 0.0905652
v -0.14604497 0.26480949 0.08394063
v -0.14691401 0.27205682 0.07191533
v -0.14926553 0.2690661 0.07482666
v -0.13682854 0.27362883 0.07526416
v -0.14851165 0.27225041 0.0648334
v -0.15241504 0.26886487 0.06823641
v -0.1594038 0.26246238 0.08011317
v -0.16040766 0.2594738 0.08448559
v -0.12129605 0.26204479 0.07365435
v -0.12771934 0.26171529 0.06022209
v -0.11156601 0.27411664 0.06557691
v -0.1306349 0.27712941 0.07322013
v -0.11156601 0.27411664 0.06557691
v -0.13195682 0.27119255 0.06186926
v -0.12771934 0.26171529 0.06022209
v -0.13796413 0.26035297 0.04884636
v -0.14269805 0.26281667 0.04518694
v -0.14043128 0.26516199 0.04935682
v -0.1261313 0.25273108 0.04904014
v -0.11932576 0.25273013 0.04573339
v -0.13419163 0.25520909 0.06404245
v -0.13419163 0.25520909 0.06404245
v -0.13796413 0.26035297 0.04884636
v -0.13556802 0.25670445 0.02644449
v -0.14851165 0.27225041 0.0648334
v -0.14650476 0.26448143 0.04624611
v -0.14881206 0.26719761 0.0540598
v -0.15320814 0.26937711 0.06248891
v -0.15698278 0.26904368 0.05412155
v -0.14903629 0.26379335 0.0272966
v -0.15316069 0.26486933 0.02520746
v -0.1532625 0.2657764 0.02994978
v -0.15895331 0.26625454 0.04264861
v -0.14650476 0.26448143 0.04624611
v -0.13556802 0.25670445 0.02644449
v -0.13579619 0.25667524 0.02530158
v -0.13517535 0.25633597 0.02529502
v -0.13520014 0.25631809 0.02515441
v -0.13579619 0.25667524 0.02530158
v -0.12876117 0.24867105 0.00601655
v -0.13984823 0.25551593 0.00730044
v -0.15350711 0.26175916 0.00766319
v -0.16130459 0.26442397 0.00582755
v -0.1609664 0.2649163 0.00941056
v -0.14835894 0.26165509 0.01768601
v -0.15316069 0.26486933 0.02520746
v -0.14903629 0.26379335 0.0272966
v -0.16004419 0.26256275 0.0015201
v -0.14472878 0.25758398 0.00880337
v -0.14616513 0.25458002 0.003025
v -0.15277934 0.25104511 -0.01118201
v -0.15683126 0.24120903 0.09924585
v -0.16074359 0.26032066 0.08296764
v -0.16165495 0.25985706 0.08347225
v -0.16183162 0.26030159 0.08240271
v -0.16074359 0.26032066 0.08296764
v -0.16183162 0.26030159 0.08240271
v -0.16523123 0.25934422 0.08266872
v -0.16697061 0.26398277 0.07181156
v -0.16697061 0.26398277 0.07181156
v -0.15320814 0.26937711 0.06248891
v -0.1693399 0.26725769 0.06220537
v -0.16195667 0.2587533 0.08423662
v -0.1810658 0.25670683 0.07830477
v -0.18029952 0.25161326 0.08418703
v -0.17242312 0.26703656 0.0619663
v -0.1693399 0.26725769 0.06220537
v -0.17554498 0.26706815 0.06220692
v -0.19598973 0.26847422 0.0580219
v -0.1956259 0.26458919 0.06597477
v -0.18892717 0.25933456 0.07507759
v -0.20053494 0.25926757 0.07373828
v -0.20283079 0.25156605 0.08064538
v -0.18744159 0.25326324 0.08092076
v -0.16678166 0.26841807 0.04349697
v -0.17040896 0.26718581 0.05869073
v -0.15698278 0.26904368 0.05412155
v -0.17313099 0.27054906 0.0242663
v -0.16899395 0.26978815 0.02754641
v -0.17022204 0.26940775 0.02361423
v -0.17325628 0.27086365 0.03019398
v -0.17756116 0.27113926 0.04325998
v -0.17335522 0.26768637 0.06035489
v -0.19533277 0.27634621 0.03197128
v -0.19187438 0.27172458 0.04829109
v -0.19998479 0.27282298 0.04870141
v -0.18834925 0.27481127 0.0282135
v -0.19353652 0.27672195 0.01394588
v -0.19682753 0.2769562 0.0297721
v -0.19782364 0.27684569 0.03145367
v -0.17022204 0.26940775 0.02361423
v -0.17321146 0.27045274 0.02022249
v -0.16595697 0.26685512 0.00756907
v -0.17844284 0.27066469 0.00725448
v -0.17321146 0.27045274 0.02022249
v -0.16536641 0.26442039 0.00193369
v -0.17178571 0.25262821 -0.0175401
v -0.17391729 0.25338709 -0.01735342
v -0.1786741 0.26604748 -0.00449926
v -0.19391727 0.27523494 -5.686E-05
v -0.19654632 0.27752042 0.01196462
v -0.19699299 0.27767873 0.01248682
v -0.19654632 0.27752042 0.01196462
v -0.19728553 0.27773535 0.01195592
v -0.18885255 0.26434588 -0.01507509
v -0.19624591 0.26636183 -0.01794517
v -0.19636166 0.2722255 -0.0070914
v -0.19798863 0.2762804 -0.00120389
v -0.17348909 0.25196207 -0.01871371
v -0.17456579 0.25210619 -0.01899362
v -0.19392884 0.2618134 -0.02049547
v -0.19985998 0.261572 -0.02315795
v -0.19521391 0.24199104 -0.03350997
v -0.19987273 0.24395466 -0.03424668
v -0.21570945 0.26913881 0.06313014
v -0.21436918 0.24339354 0.08517736
v -0.21717072 0.23894274 0.08754432
v -0.20451665 0.23849833 0.09281808
v -0.21967041 0.24261224 0.08536726
v -0.21051455 0.25535631 0.07679492
v -0.21891189 0.26902616 0.06300926
v -0.22374332 0.25524139 0.0759415
v -0.22256804 0.26885366 0.06314695
v -0.2405709 0.2702527 0.05792487
v -0.23982143 0.26470053 0.06594163
v -0.23554575 0.25997555 0.07141012
v -0.24252641 0.25998187 0.07075548
v -0.21994638 0.23804832 0.08724922
v -0.24348462 0.24679911 0.07936537
v -0.2390039 0.23866165 0.0821656
v -0.23412502 0.24816644 0.07933515
v -0.21911442 0.27839065 0.04042572
v -0.21832299 0.27006412 0.0617497
v -0.21964061 0.27978861 0.02172124
v -0.19963694 0.27757907 0.02930498
v -0.19792449 0.27787614 0.01255864
v -0.21980786 0.27882874 0.03884047
v -0.22037244 0.2783612 0.04040873
v -0.21967852 0.27007413 0.061625
v -0.2386446 0.27544844 0.04975331
v -0.24198866 0.28012919 0.03742355
v -0.24391842 0.27487016 0.04978997
v -0.22621989 0.27968121 0.03733438
v -0.23821044 0.28184569 0.01073056
v -0.23858285 0.2816515 0.02872276
v -0.20075345 0.27826822 0.0106945
v -0.21986759 0.27699459 -0.01467544
v -0.20438468 0.27645135 -0.00598055
v -0.2132864 0.27434039 -0.01744819
v -0.20985687 0.27885151 0.00065398
v -0.22068703 0.28064179 0.00586766
v -0.2408191 0.28117454 -0.00911576
v -0.22058475 0.28045034 3.04E-06
v -0.24278581 0.27942705 -0.02547979
v -0.24315655 0.28053832 -0.0180034
v -0.23872662 0.27912343 -0.02375877
v -0.21990454 0.27465916 -0.020814
v -0.21577156 0.2680186 -0.02351725
v -0.22259164 0.26166749 -0.0395565
v -0.22778666 0.26400363 -0.04377353
v -0.22705293 0.26731372 -0.03844076
v -0.21152771 0.25678015 -0.03241146
v -0.21165442 0.25150073 -0.04105514
v -0.22481608 0.25623977 -0.04975319
v -0.2347405 0.26956522 -0.04218429
v -0.24038732 0.27697814 -0.02865511
v -0.24355459 0.27944863 -0.0269888
v -0.24057841 0.26192117 -0.06038618
v -0.24101591 0.26211011 -0.06058902
v -0.24107695 0.26269138 -0.05968237
v -0.244789 0.27525866 -0.04442322
v -0.23965394 0.26094544 -0.06052887
v -0.24083674 0.26171041 -0.06074274
v -0.24128473 0.26171517 -0.06101441
v -0.24084532 0.25883162 -0.06220877
v -0.25172317 0.26643622 0.06395012
v -0.25096774 0.23872876 0.0816232
v -0.2562604 0.25349557 0.07285058
v -0.26378846 0.25283325 0.07105845
v -0.26045394 0.24370074 0.07678586
v -0.26069236 0.26426625 0.06374764
v -0.2801832 0.26108515 0.064372
v -0.28201389 0.2613219 0.06382668
v -0.28196478 0.26053548 0.06460261
v -0.2817595 0.26017559 0.06485295
v -0.28211534 0.260185 0.06477803
v -0.28197455 0.25654566 0.06635267
v -0.27839637 0.24071479 0.07367146
v -0.28214788 0.23894227 0.07331127
v -0.26093638 0.27993286 0.04144877
v -0.25846291 0.26885796 0.05943358
v -0.24968565 0.28319943 0.01190865
v -0.26259673 0.28333187 0.01979721
v -0.24824858 0.28282905 0.02690506
v -0.25692308 0.28083658 0.03862846
v -0.26154459 0.28045702 0.04011685
v -0.26213157 0.27987015 0.04142731
v -0.26324487 0.26874459 0.0591284
v -0.27927387 0.27501774 0.04996455
v -0.28317463 0.28205419 0.04167223
v -0.28680098 0.27414584 0.04993081
v -0.26420033 0.28117478 0.04008114
v -0.27100277 0.28663778 0.01522869
v -0.27367175 0.28559458 0.02537197
v -0.26264739 0.2850858 0.00830942
v -0.24451756 0.28013003 -0.02547854
v -0.2631669 0.28674304 -0.01738393
v -0.25301707 0.28421736 -0.01473176
v -0.26322412 0.2868439 -0.02157116
v -0.26648283 0.28777874 -0.02023423
v -0.26627731 0.28792548 -0.02307707
v -0.24768066 0.28114724 -0.02902204
v -0.26168478 0.27904832 -0.05779022
v -0.25482333 0.27602935 -0.0544982
v -0.25790823 0.27472961 -0.06059968
v -0.25529599 0.28196561 -0.04107237
v -0.26305449 0.28663814 -0.02676624
v -0.27210712 0.28754818 -0.05271113
v -0.26206493 0.28490412 -0.04441452
v -0.28287768 0.28236985 -0.06854975
v -0.28290904 0.28404117 -0.06635094
v -0.27779806 0.28144944 -0.06642187
v -0.26133275 0.27511001 -0.06275481
v -0.25890887 0.27085483 -0.0638997
v -0.26684701 0.26761985 -0.07119656
v -0.25625372 0.25578427 -0.07348561
v -0.27001107 0.2591753 -0.07943249
v -0.28649426 0.26120889 -0.08514744
v -0.29333436 0.26340914 -0.08667582
v -0.28696406 0.27600539 -0.07469958
v -0.29358518 0.26089847 -0.08772963
v -0.2744633 0.26179957 -0.08007789
v -0.27537584 0.25643134 -0.08227897
v -0.29266393 0.25676441 -0.08799762
v -0.2831403 0.26075923 0.06444085
v -0.30356765 0.24993098 0.06445509
v -0.30409467 0.24990535 0.06438547
v -0.28197455 0.25654566 0.06635267
v -0.30381823 0.25159919 0.0639106
v -0.30409467 0.24990535 0.06438547
v -0.30356765 0.24993098 0.06445509
v -0.30692744 0.25117028 0.06406909
v -0.30381823 0.25159919 0.0639106
v -0.29745817 0.28185868 0.0465771
v -0.3045013 0.28318357 0.04598641
v -0.30418718 0.27820098 0.05051535
v -0.30747128 0.26778507 0.05820507
v -0.29993391 0.26727927 0.05742395
v -0.32409489 0.27819562 0.05244076
v -0.32607186 0.2821157 0.0497905
v -0.3286016 0.27724099 0.05183411
v -0.31531966 0.28198862 0.04890895
v -0.32349837 0.26054966 0.06079543
v -0.32349837 0.26054966 0.06079543
v -0.3288399 0.2606467 0.05950451
v -0.32599699 0.25002623 0.05999357
v -0.28714955 0.28619456 -0.06684387
v -0.28445423 0.28317475 -0.06857288
v -0.29845119 0.26906312 -0.08474046
v -0.3087002 0.27541745 -0.08421153
v -0.30466354 0.2808975 -0.07932419
v -0.29589415 0.26209676 -0.08822531
v -0.29615724 0.25931859 -0.08873379
v -0.31291139 0.2568748 -0.09384346
v -0.32133651 0.27062917 -0.09091318
v -0.33147049 0.27237737 -0.09186757
v -0.3270272 0.28240776 -0.08464688
v -0.30478549 0.28833711 -0.07229602
v -0.31160426 0.28269696 -0.08016849
v -0.31312859 0.26403582 -0.09278542
v -0.32081699 0.26078212 -0.09533954
v -0.3269788 0.23940754 -0.0993461
v -0.33195806 0.26090002 -0.09721637
v -0.3286016 0.27724099 0.05183411
v -0.34177065 0.26587045 0.05365628
v -0.33461332 0.28237653 0.05006707
v -0.34786832 0.28469849 0.04772645
v -0.34775412 0.27979493 0.04967934
v -0.34775412 0.27979493 0.04967934
v -0.35558844 0.26410055 0.05041391
v -0.34258449 0.25549889 0.05513036
v -0.3545779 0.2571466 0.05179971
v -0.36290908 0.26934707 0.04814517
v -0.36991298 0.28269553 0.04427463
v -0.37864828 0.26420534 0.04560775
v -0.35566795 0.28278947 0.04762411
v -0.36991298 0.28269553 0.04427463
v -0.36290908 0.26934707 0.04814517
v -0.36119437 0.26105487 0.04909712
v -0.36308539 0.25241733 0.04805249
v -0.37856579 0.25786686 0.04559678
v -0.3431704 0.28223228 -0.08796442
v -0.34211004 0.26589406 -0.09708923
v -0.3530432 0.26599824 -0.09750432
v -0.34849775 0.27972472 -0.09015954
v -0.34862661 0.28354442 -0.08780408
v -0.34864259 0.24523211 -0.10372961
v -0.34432459 0.25237548 -0.10139203
v -0.35165524 0.25177503 -0.1018793
v -0.3671279 0.27618849 -0.09361881
v -0.37352836 0.27635455 -0.0936746
v -0.37057102 0.28257596 -0.09113824
v -0.35720479 0.28230762 -0.08963579
v -0.36543739 0.26019275 -0.09963763
v -0.36961699 0.24909258 -0.10263181
v -0.37402606 0.26032829 -0.09974563
v -0.38067007 0.26162577 0.0450778
v -0.37941539 0.26113224 0.04569936
v -0.38261437 0.26579964 0.04419285
v -0.38341367 0.26115298 0.04409683
v -0.38428068 0.28269982 0.04031628
v -0.39162576 0.2793057 0.03738582
v -0.39164627 0.28677404 0.03566825
v -0.38066256 0.26065719 0.04505312
v -0.38143587 0.25869155 0.04410857
v -0.39783561 0.26556563 0.0346967
v -0.3970201 0.25601089 0.03322208
v -0.40794468 0.27988052 0.02982879
v -0.40645921 0.28607166 0.02908868
v -0.41348028 0.2827127 0.02600819
v -0.41349804 0.26713324 0.02512527
v -0.41168642 0.26097023 0.02564335
v -0.4141326 0.26097596 0.02354383
v -0.41348493 0.25908351 0.02299351
v -0.41349363 0.25412035 0.01833636
v -0.4169116 0.24656904 0.0067116
v -0.41163516 0.24330437 0.00835371
v -0.38396347 0.28266668 -0.0901649
v -0.38629997 0.26561141 -0.09644002
v -0.4000138 0.26383257 -0.09315252
v -0.39233482 0.28067875 -0.09004533
v -0.3923322 0.2840215 -0.08866531
v -0.39296663 0.24320543 -0.09800553
v -0.38742733 0.25362206 -0.09861434
v -0.39899528 0.2539463 -0.09546471
v -0.40881276 0.26879418 -0.08951265
v -0.42150021 0.26620746 -0.08563173
v -0.41411901 0.28122199 -0.08463675
v -0.39694881 0.2823962 -0.08839911
v -0.40849197 0.25886297 -0.09234387
v -0.40849197 0.25886297 -0.09234387
v -0.41612029 0.23429906 -0.08949834
v -0.42253482 0.25714278 -0.08773607
v -0.41597307 0.23428619 -0.0895474
v -0.39899528 0.2539463 -0.09546471
v -0.39296663 0.24320543 -0.09800553
v -0.42638636 0.28868854 0.01609594
v -0.42352152 0.27780282 0.01530546
v -0.41635907 0.26252341 0.02189773
v -0.41506946 0.26013708 0.02203113
v -0.42860031 0.26638567 0.00817817
v -0.43487048 0.27984917 0.00424677
v -0.43710089 0.27822447 -0.00190115
v -0.43733597 0.26951265 -0.01758075
v -0.43132031 0.26176095 -0.00127584
v -0.42705178 0.25870061 0.00514406
v -0.42741108 0.25459862 -0.00109667
v -0.43227923 0.25140893 -0.02218765
v -0.43232095 0.25107598 -0.02328128
v -0.43280661 0.25226331 -0.02334023
v -0.43503833 0.28641963 0.00634241
v -0.43778026 0.28284132 -0.00045228
v -0.43710089 0.27822447 -0.00190115
v -0.43778026 0.28284132 -0.00045228
v -0.43876994 0.28297448 -0.00393796
v -0.44415283 0.2887888 -0.01890421
v -0.43963242 0.2757113 -0.02093613
v -0.43838668 0.27085555 -0.02373368
v -0.43963242 0.2757113 -0.02093613
v -0.44276094 0.27783918 -0.02896887
v -0.43838668 0.27085555 -0.02373368
v -0.43733597 0.26951265 -0.01758075
v -0.43280661 0.25226331 -0.02334023
v -0.44071066 0.26267552 -0.04629928
v -0.44055617 0.2655741 -0.04028469
v -0.4419204 0.26584005 -0.04633254
v -0.4419204 0.26584005 -0.04633254
v -0.44161534 0.26409853 -0.04896516
v -0.44071066 0.26267552 -0.04629928
v -0.43078053 0.24318886 -0.04562545
v -0.42794514 0.23975825 -0.04319131
v -0.43250966 0.25112545 -0.02381778
v -0.43250966 0.25112545 -0.02381778
v -0.43895781 0.25839388 -0.0525254
v -0.44707596 0.28380728 -0.03896183
v -0.44276094 0.27783918 -0.02896887
v -0.44706845 0.28735781 -0.03104478
v -0.44804466 0.28405821 -0.05371487
v -0.44055617 0.2655741 -0.04028469
v -0.44851685 0.28600907 -0.05669212
v -0.44740462 0.28079343 -0.05783713
v -0.4428786 0.26727343 -0.06378376
v -0.44740462 0.28079343 -0.05783713
v -0.44655955 0.27961063 -0.06664735
v -0.43647349 0.25331903 -0.06505549
v -0.43708098 0.27957153 -0.07792699
v -0.43693805 0.27951252 -0.07802892
v -0.43705928 0.27944076 -0.07794338
v -0.43698382 0.27931178 -0.07805848
v -0.4288491 0.26051939 -0.08518535
v -0.42253482 0.25714278 -0.08773607
v -0.43698382 0.27931178 -0.07805848
v -0.4288491 0.26051939 -0.08518535
v -0.43829167 0.26003873 -0.07804602
v -0.42937231 0.24227536 -0.07818067
v -0.43767262 0.25650942 -0.07272375
v -0.44058764 0.26304185 -0.074633
v -0.42843854 0.2542994 -0.08523607
v -0.43705928 0.27944076 -0.07794338
v -0.05049163 0.27366579 0.08017498
v -0.05074382 0.2736361 0.08013797
v -0.05059034 0.27366865 0.07993269
v -0.07264572 0.27930903 0.08270133
v -0.06796843 0.27894902 0.08342701
v -0.06976855 0.27981186 0.08018965
v -0.0617789 0.27833056 0.07940334
v -0.06976855 0.27981186 0.08018965
v -0.06941885 0.27357113 0.07228994
v -0.08576471 0.27998447 0.07952148
v -0.09101647 0.27996075 0.07941782
v -0.07264572 0.27930903 0.08270133
v -0.08766043 0.28270018 0.07551527
v -0.11109179 0.27969348 0.07989848
v -0.10827988 0.27448308 0.08540058
v -0.10561168 0.28012764 0.07945442
v -0.10749537 0.28123367 0.07656342
v -0.08944553 0.28272748 0.07551008
v -0.10749537 0.28123367 0.07656342
v -0.10893607 0.2747252 0.06614834
v -0.12736374 0.27530742 0.07798296
v -0.12892801 0.27546442 0.07823706
v -0.10749537 0.28123367 0.07656342
v -0.11109179 0.27969348 0.07989848
v -0.12788332 0.27615535 0.07640308
v -0.11919838 0.27969694 0.07557982
v -0.12892801 0.27546442 0.07823706
v -0.13064253 0.27371359 0.07909739
v -0.2428453 0.28198433 0.03115553
v -0.241135 0.28194654 0.03116333
v -0.24196911 0.28199625 0.02953768
v -0.21977425 0.28078592 0.00267786
v -0.20985687 0.27885151 0.00065398
v -0.22151256 0.28082955 0.00264734
v -0.21977425 0.28078592 0.00267786
v -0.22058475 0.28045034 3.04E-06
v -0.24130809 0.2822113 0.00757056
v -0.24372303 0.28257918 0.00724185
v -0.2423898 0.28229892 0.0095886
v -0.24255109 0.2814784 -0.00775665
v -0.24319577 0.28152204 -0.0089941
v -0.24399424 0.28171372 -0.00769812
v -0.2408191 0.28117454 -0.00911576
v -0.24319577 0.28152204 -0.0089941
v -0.28580582 0.28641558 0.03298718
v -0.28158939 0.28595614 0.03314877
v -0.28392398 0.28753626 0.0275501
v -0.25975871 0.28511739 -0.00242311
v -0.26713586 0.28811896 -0.00274795
v -0.24315655 0.28053832 -0.0180034
v -0.27926016 0.29091489 0.00363779
v -0.29227126 0.2957989 0.00025439
v -0.28413558 0.28994131 0.01297057
v -0.27895319 0.29185772 -0.00662303
v -0.28606308 0.29697263 -0.02415633
v -0.29267097 0.29651737 -0.00540537
v -0.26036787 0.28504145 -0.03863543
v -0.26036787 0.28504145 -0.03863543
v -0.24768066 0.28114724 -0.02902204
v -0.26835334 0.2897377 -0.03934681
v -0.26835334 0.2897377 -0.03934681
v -0.28838289 0.30037045 -0.04064715
v -0.2952472 0.30364573 -0.04181504
v -0.2952764 0.30366695 -0.03977245
v -0.29018211 0.30017185 -0.0315966
v -0.29240453 0.30119181 -0.04631448
v -0.2952472 0.30364573 -0.04181504
v -0.28838289 0.30037045 -0.04064715
v -0.28605962 0.29721749 -0.02707696
v -0.27812302 0.29414594 -0.03775382
v -0.27845228 0.29375255 -0.0433113
v -0.28441072 0.29452741 -0.05331236
v -0.27845228 0.29375255 -0.0433113
v -0.30338836 0.28437376 0.04295254
v -0.30618572 0.28503466 0.04315823
v -0.30417573 0.29310787 0.0216074
v -0.30282044 0.29326534 0.02006662
v -0.30505705 0.29413331 0.0199675
v -0.30577397 0.2933588 0.02204192
v -0.32637906 0.3034507 0.02065563
v -0.32666695 0.30360794 0.02053243
v -0.32665682 0.30352962 0.02078658
v -0.32651186 0.3033421 0.02097404
v -0.32688522 0.30335271 0.02118582
v -0.33235371 0.29376328 0.03761274
v -0.32251763 0.29060173 0.0359742
v -0.31454194 0.30624461 -0.00071222
v -0.31412768 0.30482042 0.0033282
v -0.30487454 0.30185485 -0.00212032
v -0.31073618 0.30799305 -0.01931936
v -0.29749453 0.29753149 -0.00286585
v -0.30216742 0.29497957 0.01325864
v -0.29831278 0.29910398 -0.00858796
v -0.28952897 0.29852772 -0.02589172
v -0.30779469 0.30751443 -0.02692896
v -0.32113373 0.30991864 -0.00606394
v -0.31897008 0.30730915 0.00170183
v -0.33336377 0.31095624 0.00390297
v -0.31088734 0.30938804 -0.02709138
v -0.32895887 0.31835747 -0.03411931
v -0.32787728 0.31459546 -0.0174371
v -0.3319912 0.31376207 -0.00869358
v -0.30384135 0.30693877 -0.03257263
v -0.30003798 0.30662584 -0.0411098
v -0.30003798 0.30662584 -0.0411098
v -0.30050838 0.30555677 -0.04697472
v -0.30946589 0.30942428 -0.029405
v -0.29529917 0.29803157 -0.05732965
v -0.30572629 0.3041383 -0.05705929
v -0.30913985 0.3094368 -0.05122566
v -0.31160545 0.31312561 -0.04108763
v -0.32719493 0.31832051 -0.04617244
v -0.32784092 0.31832397 -0.03569949
v -0.32985651 0.31876326 -0.0358597
v -0.32719493 0.31832051 -0.04617244
v -0.31160545 0.31312561 -0.04108763
v -0.31425571 0.30883968 -0.05680847
v -0.32607853 0.31109202 -0.06165427
v -0.32799041 0.31761456 -0.04842138
v -0.32894182 0.31870484 -0.04658914
v -0.3023845 0.29732096 -0.06314093
v -0.307446 0.29773581 -0.06396741
v -0.32262456 0.30484068 -0.0647158
v -0.33067441 0.30493951 -0.06853908
v -0.3226999 0.29042149 -0.07636684
v -0.33223605 0.29390192 -0.07818675
v -0.3289839 0.30450332 0.02060771
v -0.34469664 0.28936279 0.04317552
v -0.35196018 0.29056144 0.04316658
v -0.34319639 0.29818654 0.03184968
v -0.34917724 0.31086051 0.02010989
v -0.35442173 0.29918635 0.03290057
v -0.35553098 0.31175792 0.02030545
v -0.37226748 0.31561208 0.01505649
v -0.37146556 0.30993772 0.02335453
v -0.3667258 0.30471587 0.0294224
v -0.3742162 0.30484128 0.02848691
v -0.37541449 0.29317892 0.03718162
v -0.36474144 0.29428673 0.03754061
v -0.34607804 0.31601334 -0.00142604
v -0.34748852 0.31290376 0.01678598
v -0.35084367 0.32325876 -0.02412313
v -0.33696711 0.31781805 -0.01793367
v -0.33161187 0.31922877 -0.03392369
v -0.35012913 0.31947112 -0.00951236
v -0.35306704 0.31714725 -0.00150788
v -0.35057962 0.31330419 0.01730114
v -0.36996281 0.32050455 0.0065797
v -0.37368619 0.3253746 -0.00967664
v -0.375476 0.32062852 0.00657296
v -0.37022948 0.32480586 -0.01184744
v -0.37161922 0.32772911 -0.02938622
v -0.37180793 0.32584953 -0.01455331
v -0.33586061 0.32037926 -0.03677171
v -0.34891963 0.32048035 -0.05727667
v -0.33226454 0.31896377 -0.04876602
v -0.3423816 0.31752312 -0.06006265
v -0.33455968 0.32017601 -0.04506904
v -0.35146475 0.32404113 -0.0363732
v -0.37293077 0.32736301 -0.04591095
v -0.35092223 0.32366729 -0.04371494
v -0.37112689 0.31929195 -0.06562507
v -0.37335503 0.32722771 -0.04630488
v -0.35630822 0.31960523 -0.06070846
v -0.34852731 0.31753838 -0.06147772
v -0.34463012 0.31202149 -0.06572497
v -0.35429287 0.310166 -0.07009673
v -0.34103262 0.30125165 -0.07547563
v -0.3455081 0.28835833 -0.08443427
v -0.35337842 0.29197824 -0.08399588
v -0.36209726 0.30527234 -0.07770163
v -0.37980914 0.3054595 -0.07934833
v -0.3571794 0.302719 -0.07824612
v -0.36204696 0.29997432 -0.08078963
v -0.37981701 0.30181146 -0.08147901
v -0.39218545 0.32721138 0.01826906
v -0.39035523 0.31710243 0.02145463
v -0.3870132 0.31880939 0.01723903
v -0.39069259 0.31434262 0.02396476
v -0.39234006 0.31679237 0.02230781
v -0.39369345 0.31449974 0.02359748
v -0.38428068 0.28269982 0.04031628
v -0.38738418 0.29828227 0.03048939
v -0.39591849 0.29757178 0.02989078
v -0.39164627 0.28677404 0.03566825
v -0.39540541 0.31752503 0.02200943
v -0.41319537 0.30866349 0.02281529
v -0.41249037 0.32569945 0.01733869
v -0.4114964 0.30409074 0.02506572
v -0.41319537 0.30866349 0.02281529
v -0.41460896 0.3040359 0.02352601
v -0.41342711 0.294734 0.02604103
v -0.39591849 0.29757178 0.02989078
v -0.4114964 0.30409074 0.02506572
v -0.37976253 0.32575953 0.005216
v -0.39193988 0.33394885 0.01418918
v -0.39529788 0.33371794 0.01535326
v -0.38368118 0.32027566 -0.06241912
v -0.38976085 0.32725 -0.04212773
v -0.37365317 0.32734334 -0.04583299
v -0.39032936 0.32040226 -0.05915612
v -0.41236222 0.32570505 -0.04917437
v -0.41431582 0.31402469 -0.06630582
v -0.41492248 0.32465744 -0.05103827
v -0.39598715 0.31859565 -0.06235129
v -0.39058793 0.31816936 -0.06370163
v -0.38464761 0.30933547 -0.07427186
v -0.39702833 0.30985224 -0.07263321
v -0.38270009 0.3040061 -0.08026093
v -0.38647997 0.29488719 -0.08426172
v -0.39685655 0.2922523 -0.08504939
v -0.40517402 0.30431724 -0.07854408
v -0.42109621 0.30345893 -0.07365692
v -0.40044832 0.30269289 -0.0801549
v -0.40575159 0.29797506 -0.08093441
v -0.42042303 0.29308856 -0.07809746
v -0.41786039 0.32770979 0.0111506
v -0.4210223 0.32051301 0.01291513
v -0.41249037 0.32569945 0.01733869
v -0.41760933 0.30602467 0.02051103
v -0.42047966 0.30017352 0.02062297
v -0.42895412 0.30866969 0.00955725
v -0.41760933 0.30602467 0.02051103
v -0.42479539 0.32353675 0.00181353
v -0.42788363 0.3228724 -0.00488836
v -0.43010163 0.31708646 -0.00204945
v -0.44022691 0.30213571 -0.0015586
v -0.43307459 0.3186295 -0.01033533
v -0.43047488 0.33046746 -0.02482849
v -0.43134785 0.29594505 0.0131194
v -0.43134785 0.29594505 0.0131194
v -0.44247293 0.30008554 -0.00595659
v -0.44011259 0.29366302 -0.0018388
v -0.44144738 0.30444002 -0.00733471
v -0.43926132 0.31428409 -0.02137601
v -0.44490898 0.30646074 -0.02444941
v -0.44015443 0.31448305 -0.02735084
v -0.44011259 0.29366302 -0.0018388
v -0.44739795 0.29847741 -0.02447033
v -0.4331826 0.31322634 -0.05814338
v -0.43331563 0.32486403 -0.0439654
v -0.41857326 0.32606292 -0.04952514
v -0.43572283 0.31600595 -0.05565834
v -0.448506 0.3008455 -0.04525137
v -0.44651866 0.30554318 -0.04236215
v -0.4465518 0.30649209 -0.04740763
v -0.43786728 0.32109797 -0.03721368
v -0.43076706 0.33090258 -0.02675045
v -0.44872558 0.30123413 -0.03486365
v -0.43940485 0.31272662 -0.05499476
v -0.43858802 0.32069087 -0.0420711
v -0.43572283 0.31600595 -0.05565834
v -0.43860364 0.31246924 -0.0575214
v -0.44391167 0.30549371 -0.05693483
v -0.44905794 0.29987001 -0.05378312
v -0.44850707 0.29270983 -0.04023284
v -0.44891882 0.29046047 -0.05216801
v -0.44872272 0.29757822 -0.05813134
v -0.44782794 0.28563821 -0.06556666
v -0.43626368 0.31259537 -0.05844474
v -0.43380916 0.30916452 -0.06190968
v -0.43870401 0.30831945 -0.06119114
v -0.43148088 0.29711354 -0.07051206
v -0.44222772 0.29576802 -0.06859642
v -0.43860364 0.31246924 -0.0575214
v -0.43870401 0.30831945 -0.06119114
v -0.43626368 0.31259537 -0.05844474
v -0.43708098 0.27957153 -0.07792699
v -0.44222772 0.29576802 -0.06859642
v -0.37530243 0.32762527 -0.01255393
v -0.37337101 0.32590282 -0.01317549
v -0.37375998 0.32708859 -0.01399189
v -0.34993231 0.32366967 -0.04032421
v -0.33455968 0.32017601 -0.04506904
v -0.35258389 0.3244189 -0.04005569
v -0.35092223 0.32366729 -0.04371494
v -0.3737452 0.32820046 -0.0305869
v -0.37520838 0.328933 -0.03043681
v -0.37436521 0.32940388 -0.02809209
v -0.37436521 0.32940388 -0.02809209
v -0.3737452 0.32820046 -0.0305869
v -0.37328494 0.32747102 -0.0455544
v -0.37338734 0.32742608 -0.04579437
v -0.37361956 0.32764471 -0.0453366
v -0.37328494 0.32747102 -0.0455544
v -0.41138077 0.33393204 0.0121026
v -0.39095199 0.35976088 -0.01800734
v -0.38851833 0.35568893 -0.01538551
v -0.38815784 0.35659313 -0.01769143
v -0.38891888 0.34712231 -0.01077962
v -0.39282429 0.35412729 -0.01382607
v -0.38472927 0.3477056 -0.01619405
v -0.39990306 0.34432316 -0.00747299
v -0.38748908 0.33518505 -0.00429273
v -0.40000927 0.34056461 -0.00534284
v -0.38689923 0.33942533 -0.00993645
v -0.38074028 0.33876252 -0.0172388
v -0.39721131 0.35489452 -0.01614964
v -0.39095199 0.35976088 -0.01800734
v -0.39956236 0.35659122 -0.02005374
v -0.39721131 0.35489452 -0.01614964
v -0.40252197 0.3428421 -0.0084433
v -0.40892351 0.34918094 -0.02146262
v -0.41352332 0.3428669 -0.01648927
v -0.40292943 0.34018564 -0.00377554
v -0.41535926 0.33123231 0.00391847
v -0.41138077 0.33393204 0.0121026
v -0.40292943 0.34018564 -0.00377554
v -0.40219748 0.34130716 -0.00646746
v -0.40031111 0.341941 -0.00694758
v -0.40252197 0.3428421 -0.0084433
v -0.38472927 0.3477056 -0.01619405
v -0.38917422 0.34943962 -0.02142787
v -0.38815784 0.35659313 -0.01769143
v -0.39095199 0.35976088 -0.01800734
v -0.39264369 0.3546387 -0.01897311
v -0.39950681 0.34796607 -0.02721179
v -0.38697469 0.33141613 -0.03582048
v -0.38627028 0.33901131 -0.02523398
v -0.39828491 0.33826661 -0.0349406
v -0.39956236 0.35659122 -0.02005374
v -0.40753412 0.35289323 -0.02386039
v -0.40522742 0.34489536 -0.03028983
v -0.41866219 0.3429656 -0.03148937
v -0.40039289 0.34307122 -0.03009665
v -0.40530622 0.34158385 -0.03298956
v -0.40994775 0.33351624 -0.04193193
v -0.4148376 0.32677746 -0.04903185
v -0.41842282 0.33436882 -0.04051811
v -0.41499877 0.34583521 -0.02375543
v -0.40753412 0.35289323 -0.02386039
v -0.43006361 0.33138597 -0.02601671
v -0.41699219 0.33363497 -0.00855523
v -0.43049645 0.33124614 -0.02631581
v -0.43031263 0.33147562 -0.02658212
v -0.43066168 0.3309859 -0.02640367
v -0.43061566 0.33125317 -0.02655309
v -0.41866219 0.3429656 -0.03148937
v -0.42491257 0.33646858 -0.03519928
v -0.42043591 0.34044111 -0.03349972
v -0.42043591 0.34044111 -0.03349972
v -0.4290874 0.33272672 -0.02763307
v -0.43050396 0.33128047 -0.02681839
v -0.42491257 0.33646858 -0.03519928
v -0.43331563 0.32486403 -0.0439654
v -0.43491471 0.32535136 -0.03841329
v 0.40684384 -0.3176313 -0.07514262
v 0.39462006 -0.32939494 -0.07583624
v 0.38152894 -0.34542179 -0.07650101
v 0.38718656 -0.32837689 -0.07253271
v 0.38121155 -0.34546882 -0.07655972
v 0.44244197 -0.29450583 -0.07809687
v 0.43948877 -0.28580177 -0.08255464
v 0.42123082 -0.29564863 -0.07732046
v 0.4231874 -0.30038613 -0.07932085
v 0.42991546 -0.30242079 -0.07386935
v 0.4231874 -0.30038613 -0.07932085
v 0.42224342 -0.295995 -0.06819367
v 0.41920871 -0.29566318 -0.06729889
v 0.41920871 -0.29566318 -0.06729889
v 0.41721743 -0.29811639 -0.06882584
v 0.41550487 -0.29495937 -0.07815278
v 0.4016349 -0.30137295 -0.0557887
v 0.40125138 -0.27404708 -0.06201839
v 0.39641786 -0.28941268 -0.06822306
v 0.40262404 -0.28084642 -0.05599117
v 0.39641786 -0.28941268 -0.06822306
v 0.39667469 -0.29267138 -0.06633633
v 0.40262404 -0.28084642 -0.05599117
v 0.4104777 -0.2960124 -0.06784773
v 0.39596844 -0.29644662 -0.06610173
v 0.39526719 -0.31282097 -0.06585258
v 0.3942841 -0.31300807 -0.07184684
v 0.39388999 -0.27785689 -0.07554835
v 0.39522094 -0.28972554 -0.07124686
v 0.39750242 -0.2711795 -0.0668636
v 0.39522094 -0.28972554 -0.07124686
v 0.39641786 -0.28941268 -0.06822306
v 0.39750242 -0.2711795 -0.0668636
v 0.40566546 -0.32335967 -0.07671958
v 0.40649655 -0.30781436 -0.07986307
v 0.3942841 -0.31300807 -0.07184684
v 0.38843587 -0.32415128 -0.07149059
v 0.34681213 -0.28386587 -0.05685872
v 0.33249015 -0.28696603 -0.05330229
v 0.33741403 -0.28613746 -0.0551399
v 0.43092242 -0.24271715 -0.04501331
v 0.43093678 -0.28354228 -0.05290031
v 0.44237357 -0.28573287 -0.0777272
v 0.38898337 -0.25952452 -0.04639983
v 0.39734784 -0.24953383 -0.04713112
v 0.39545149 -0.24637383 -0.03128654
v 0.40116549 -0.26192904 -0.06643277
v 0.40125138 -0.27404708 -0.06201839
v 0.40391567 -0.25956321 -0.05807918
v 0.40125138 -0.27404708 -0.06201839
v 0.39828935 -0.24845064 -0.06006342
v 0.40116549 -0.26192904 -0.06643277
v 0.36955184 -0.27098531 -0.04770517
v 0.39728692 -0.25775361 -0.07765538
v 0.39750242 -0.2711795 -0.0668636
v 0.39873961 -0.25599843 -0.07600999
v 0.39750242 -0.2711795 -0.0668636
v 0.40116549 -0.26192904 -0.06643277
v 0.39873961 -0.25599843 -0.07600999
v 0.39873961 -0.25599843 -0.07600999
v 0.39828935 -0.24845064 -0.06006342
v 0.39800119 -0.2494489 -0.0658825
v 0.39873961 -0.25599843 -0.07600999
v 0.38073426 -0.26275748 -0.05874979
v 0.37285334 -0.2442441 -0.0515002
v 0.3645274 -0.26086575 -0.04990053
v 0.37881854 -0.24353451 -0.0424248
v 0.3645274 -0.26086575 -0.04990053
v 0.37645489 -0.24817276 -0.04204416
v 0.37881854 -0.24353451 -0.0424248
v 0.36773843 -0.25122947 -0.05440962
v 0.36214745 -0.26244801 -0.05326694
v 0.37285334 -0.2442441 -0.0515002
v 0.36214745 -0.26244801 -0.05326694
v 0.3645274 -0.26086575 -0.04990053
v 0.37285334 -0.2442441 -0.0515002
v 0.36773843 -0.25122947 -0.05440962
v 0.37830848 -0.24363428 -0.06457776
v 0.36616236 -0.25999594 -0.05507237
v 0.35141093 -0.28059286 -0.05148083
v 0.37502113 -0.26737189 -0.05902213
v 0.35496807 -0.26920313 -0.05501741
v 0.34861362 -0.27566671 -0.05513602
v 0.33197063 -0.28614247 -0.05442166
v 0.37289372 -0.26273322 -0.05989993
v 0.36616236 -0.25999594 -0.05507237
v 0.26624072 -0.23456335 -0.06394619
v 0.25860751 -0.23530531 -0.05809194
v 0.26411843 -0.24814135 -0.06949675
v 0.25860751 -0.23530531 -0.05809194
v 0.2667225 -0.25541985 -0.07281369
v 0.27178735 -0.26272029 -0.07613838
v 0.26782727 -0.24662733 -0.07454699
v 0.27178735 -0.26272029 -0.07613838
v 0.26525658 -0.2424379 -0.08045071
v 0.26834834 -0.2425828 -0.07652253
v 0.25975585 -0.24285442 -0.07991183
v 0.25996006 -0.25955451 -0.07721382
v 0.25599241 -0.25198835 -0.07137156
v 0.43122518 -0.19558442 -0.05099088
v 0.42613611 -0.20695895 -0.02911574
v 0.39211673 -0.21773088 -0.04768664
v 0.38956368 -0.22548825 -0.04800314
v 0.39705035 -0.22567433 -0.03524756
v 0.38956368 -0.22548825 -0.04800314
v 0.37761736 -0.19913942 -0.05679989
v 0.37881854 -0.24353451 -0.0424248
v 0.38090968 -0.24280059 -0.0407747
v 0.38206151 -0.23097104 -0.05111647
v 0.38090968 -0.24280059 -0.0407747
v 0.38956368 -0.22548825 -0.04800314
v 0.38206151 -0.23097104 -0.05111647
v 0.38206151 -0.23097104 -0.05111647
v 0.38903853 -0.22221404 -0.05445307
v 0.37913156 -0.23291671 -0.05677021
v 0.38903853 -0.22221404 -0.05445307
v 0.38683444 -0.22281021 -0.06223947
v 0.37913156 -0.23291671 -0.05677021
v 0.38814715 -0.21231377 -0.05665427
v 0.3862462 -0.21113253 -0.0632115
v 0.38903853 -0.22221404 -0.05445307
v 0.3862462 -0.21113253 -0.0632115
v 0.38683444 -0.22281021 -0.06223947
v 0.38903853 -0.22221404 -0.05445307
v 0.37913156 -0.23291671 -0.05677021
v 0.38683444 -0.22281021 -0.06223947
v 0.37830848 -0.24363428 -0.06457776
v 0.38683444 -0.22281021 -0.06223947
v 0.37913969 -0.24281436 -0.06540346
v 0.37830848 -0.24363428 -0.06457776
v 0.40221712 -0.22125626 -0.08595026
v 0.38553473 -0.21321791 -0.07328755
v 0.38569501 -0.21805638 -0.07393241
v 0.3862462 -0.21113253 -0.0632115
v 0.38683444 -0.22281021 -0.06223947
v 0.37913969 -0.24281436 -0.06540346
v 0.38569501 -0.21805638 -0.07393241
v 0.38327968 -0.24214202 -0.06880122
v 0.25911218 -0.21890438 -0.04896247
v 0.26701289 -0.20300668 -0.06115401
v 0.2680192 -0.20248526 -0.06766963
v 0.26419246 -0.18886751 -0.06006414
v 0.2680192 -0.20248526 -0.06766963
v 0.26487803 -0.18933791 -0.06359357
v 0.26419246 -0.18886751 -0.06006414
v 0.26701289 -0.20300668 -0.06115401
v 0.262187 -0.19744307 -0.05035233
v 0.26460326 -0.21707302 -0.05281413
v 0.262187 -0.19744307 -0.05035233
v 0.26247495 -0.20910448 -0.04901487
v 0.26460326 -0.21707302 -0.05281413
v 0.26427972 -0.22196448 -0.05396867
v 0.25911218 -0.21890438 -0.04896247
v 0.25860751 -0.23530531 -0.05809194
v 0.26460326 -0.21707302 -0.05281413
v 0.26427972 -0.22196448 -0.05396867
v 0.26942784 -0.21566111 -0.06695747
v 0.26427972 -0.22196448 -0.05396867
v 0.26862568 -0.22306406 -0.06774837
v 0.26942784 -0.21566111 -0.06695747
v 0.26942784 -0.21566111 -0.06695747
v 0.2686488 -0.2199806 -0.07611346
v 0.2680192 -0.20248526 -0.06766963
v 0.2686488 -0.2199806 -0.07611346
v 0.26852077 -0.21914941 -0.07645446
v 0.2680192 -0.20248526 -0.06766963
v 0.2686488 -0.2199806 -0.07611346
v 0.26862568 -0.22306406 -0.06774837
v 0.27034253 -0.23960125 -0.07398838
v 0.25219208 -0.21994752 -0.0764696
v 0.23784149 -0.20568377 -0.07058811
v 0.25221199 -0.21993244 -0.07648265
v 0.259377 -0.19849658 -0.07793862
v 0.24604362 -0.23677528 -0.06767929
v 0.25219208 -0.21994752 -0.0764696
v 0.25221395 -0.21997136 -0.07648027
v 0.25222886 -0.2199592 -0.07648712
v 0.25974917 -0.23985225 -0.08009839
v 0.25221395 -0.21997136 -0.07648027
v 0.42909473 -0.19149381 -0.05555898
v 0.40738323 -0.15738159 -0.01632679
v 0.40018055 -0.17514223 -0.00771278
v 0.40018055 -0.17514223 -0.00771278
v 0.39120799 -0.14959294 0.00874853
v 0.38302204 -0.18291503 -0.07544434
v 0.35199136 -0.18744266 -0.05492985
v 0.35224843 -0.1875599 -0.05499053
v 0.37341794 -0.1972838 -0.05448329
v 0.35191023 -0.18742257 -0.05494648
v 0.35199136 -0.18744266 -0.05492985
v 0.34685242 -0.18657607 -0.04384708
v 0.35825992 -0.16235429 -0.06588644
v 0.35281128 -0.17433059 -0.06737334
v 0.35199678 -0.18740153 -0.05502641
v 0.35196304 -0.18740231 -0.05500484
v 0.3368187 -0.16433477 -0.06450766
v 0.28150851 -0.1532672 -0.01188552
v 0.2817542 -0.15351725 -0.02856928
v 0.31307113 -0.16859561 -0.0387156
v 0.30113393 -0.15723294 -0.03727859
v 0.28153336 -0.15348637 -0.0286631
v 0.29413617 -0.15532035 -0.04017192
v 0.28153336 -0.15348637 -0.0286631
v 0.28151351 -0.1534521 -0.02897018
v 0.29413617 -0.15532035 -0.04017192
v 0.30223715 -0.15718704 -0.03343451
v 0.2817542 -0.15351725 -0.02856928
v 0.30113393 -0.15723294 -0.03727859
v 0.2817542 -0.15351725 -0.02856928
v 0.28153336 -0.15348637 -0.0286631
v 0.30113393 -0.15723294 -0.03727859
v 0.26354182 -0.16459078 -0.02383178
v 0.28151351 -0.1534521 -0.02897018
v 0.26628864 -0.14941925 -0.06088835
v 0.27261657 -0.15945971 -0.05050427
v 0.2779265 -0.15482354 -0.04410368
v 0.26465392 -0.16809136 -0.05143499
v 0.2779265 -0.15482354 -0.04410368
v 0.2666465 -0.16758221 -0.04268074
v 0.26465392 -0.16809136 -0.05143499
v 0.25735253 -0.18393058 -0.0305289
v 0.25735253 -0.18393058 -0.0305289
v 0.26377922 -0.17422867 -0.04415554
v 0.26349819 -0.16673499 -0.03038287
v 0.25735253 -0.18393058 -0.0305289
v 0.25869548 -0.19292903 -0.03820848
v 0.26377922 -0.17422867 -0.04415554
v 0.25869548 -0.19292903 -0.03820848
v 0.26233047 -0.1892488 -0.04670769
v 0.26377922 -0.17422867 -0.04415554
v 0.26395559 -0.18165684 -0.05420929
v 0.26233047 -0.1892488 -0.04670769
v 0.26419246 -0.18886751 -0.06006414
v 0.26233047 -0.1892488 -0.04670769
v 0.262187 -0.19744307 -0.05035233
v 0.26419246 -0.18886751 -0.06006414
v 0.26465392 -0.16809136 -0.05143499
v 0.26395559 -0.18165684 -0.05420929
v 0.26491159 -0.16569227 -0.05715376
v 0.26395559 -0.18165684 -0.05420929
v 0.26395732 -0.18411779 -0.0606578
v 0.26491159 -0.16569227 -0.05715376
v 0.26297277 -0.18395388 -0.0649882
v 0.26395732 -0.18411779 -0.0606578
v 0.26487803 -0.18933791 -0.06359357
v 0.23452151 -0.17790574 -0.06965244
v 0.24145508 -0.19810951 -0.07362801
v 0.38931364 -0.11305571 -0.0148108
v 0.32327437 -0.15863186 -0.05971783
v 0.32274806 -0.13447982 -0.05921775
v 0.30767512 -0.15053314 -0.05559373
v 0.28108424 -0.15170091 -0.04398096
v 0.27986664 -0.13505685 -0.05473506
v 0.26248789 -0.12009126 0.02091151
v 0.26249659 -0.1200875 0.02092469
v 0.2618559 -0.10248762 0.03022468
v 0.24871981 -0.13164073 -0.00059593
v 0.26249605 -0.12013137 0.02090585
v 0.2624861 -0.12010217 0.02090669
v 0.24976605 -0.1316843 0.00212944
v 0.27986664 -0.13505685 -0.05473506
v 0.24107027 -0.15472573 -0.06415123
v 0.36742783 -0.09025782 -0.0084185
v 0.38264418 -0.10499096 -0.01151383
v 0.32697964 -0.06914312 0.05151016
v 0.36163449 -0.08095694 0.00691521
v 0.35077053 -0.06917363 0.00556535
v 0.2452659 -0.06915146 0.01489323
v 0.25150442 -0.08055723 0.02048779
v 0.25150442 -0.08055723 0.02048779
v 0.24527216 -0.06916273 0.01489526
v 0.24526668 -0.06917655 0.01487333
v 0.25403464 -0.06062829 -0.02004629
v 0.24946874 -0.07239145 -0.02057886
v 0.25445271 -0.09328413 0.02101946
v 0.2466718 -0.09807783 0.00431436
v 0.25403464 -0.06062829 -0.02004629
v 0.25941992 -0.07138222 -0.03013933
v 0.25877202 -0.05963135 -0.02437276
v 0.33517998 -0.0495078 0.0098635
v 0.33874518 -0.05395132 0.00923741
v 0.30389267 -0.05644274 0.06348729
v 0.32564431 -0.0674386 0.05213183
v 0.3040812 -0.0560953 0.06342769
v 0.26097965 -0.02576929 0.08527172
v 0.24525636 -0.06914574 0.01489532
v 0.24526137 -0.06914598 0.01488572
v 0.25958198 -0.03449231 -0.0225473
v 0.24525636 -0.06914574 0.01489532
v 0.24385768 -0.06600195 0.029643
v 0.24516642 -0.06909209 0.01494944
v 0.24385768 -0.06600195 0.029643
v 0.32311922 -0.02541798 0.02072781
v 0.32327217 -0.02440143 0.03061628
v 0.22999048 -0.00181568 0.08953047
v 0.24680018 0.00311756 0.08758146
v 0.2285943 -0.00575602 -0.00046527
v 0.22833741 0.01965529 0.09108573
v 0.21691805 0.02406341 0.09412336
v 0.22221798 -0.02742624 0.00600165
v 0.2285943 -0.00575602 -0.00046527
v 0.22657025 -0.00194532 0.00206333
v 0.22752529 -0.00346178 0.00155586
v 0.13493377 0.01460516 0.06474215
v 0.14929396 0.01147074 0.07896668
v 0.13486671 0.01469612 0.06497091
v 0.11842477 0.02390957 0.05983388
v 0.13488173 0.01464051 0.06462574
v 0.13488275 0.01462322 0.06471825
v 0.26504391 0.03099114 0.04652929
v 0.26016086 0.02845603 0.03191626
v 0.23261404 0.05184609 0.05215919
v 0.21107179 0.03726065 0.09535867
v 0.19518793 0.02233303 0.09779221
v 0.22417426 0.06125653 0.0515303
v 0.21415043 0.07122201 0.06349784
v 0.21414852 0.07121927 0.06355417
v 0.17225301 0.05249935 0.10743344
v 0.16824514 0.03485346 0.01258796
v 0.09260291 0.03498095 0.07144785
v 0.11043221 0.02797884 0.07673037
v 0.07816184 0.0440712 0.08493799
v 0.21415043 0.07122201 0.06349784
v 0.2184031 0.0674758 0.04787731
v 0.20467389 0.08317178 0.04859686
v 0.18951809 0.09939039 0.05401903
v 0.15144658 0.0636788 0.11461645
v 0.12953299 0.06405002 0.00354123
v 0.02778167 0.06995994 0.08161014
v 0.02640647 0.07097828 0.08191776
v 0.00426352 0.09036016 0.08735138
v 0.00216323 0.09921658 0.10627794
v 0.0021323 0.09925276 0.10630023
v 0.16461718 0.12773377 0.05039078
v 0.1755411 0.11473894 0.0495171
v 0.15233749 0.14640057 0.06128198
v 0.06141132 0.11140418 -0.00819385
v 0.06001931 0.14321566 -0.00750577
v -0.01860988 0.11533654 0.09436899
v -0.02519518 0.11881721 0.09226871
v -0.10526556 0.14336658 0.0136559
v -0.26184773 0.15407324 -0.01357692
v -0.27586544 0.14837384 -0.00379896
v -0.27292275 0.15241861 -0.01937693
v -0.27815664 0.15499365 -0.02558088
v -0.26184773 0.15407324 -0.01357692
v -0.27815664 0.15499365 -0.02558088
v -0.26252663 0.16115463 -0.02134156
v -0.26184773 0.15407324 -0.01357692
v -0.32517767 0.15709686 -0.0322057
v 0.11661839 0.17169559 0.05649209
v 0.09051609 0.16647065 0.01769161
v 0.08583605 0.15166354 0.00057799
v 0.08567035 0.15174627 0.00057149
v 0.01817399 0.15713561 0.13714987
v 0.02487993 0.15137231 0.13787258
v -0.00672448 0.16824448 0.00865394
v -0.04175979 0.1921798 0.13029248
v -0.04378539 0.19049084 0.00731146
v -0.0257709 0.17317641 0.01280987
v -0.06164771 0.15894091 0.00768393
v -0.10970831 0.19455087 -0.01133841
v -0.10965097 0.19457889 -0.01132035
v -0.09332907 0.17685318 -0.00775307
v -0.1069842 0.15157557 -0.00285095
v -0.13259554 0.16242015 -0.01618844
v -0.15718448 0.17241681 -0.03024119
v -0.18555486 0.17124844 -0.04224807
v -0.16745019 0.17600656 -0.03560871
v -0.24210358 0.15664685 -0.00551635
v -0.24683499 0.15785623 -0.00506425
v -0.24758005 0.16000187 0.00650668
v -0.24683499 0.15785623 -0.00506425
v -0.30059397 0.19404364 -0.08868402
v -0.30031085 0.17763543 -0.07470369
v -0.31052887 0.18453765 -0.08472508
v -0.30569148 0.19661677 -0.0912044
v -0.34490669 0.16181588 -0.04483038
v -0.35420418 0.16361582 -0.05610305
v -0.38157272 0.17724133 -0.04886138
v -0.40597641 0.19690025 -0.07250178
v 0.01113492 0.23286033 0.06634003
v -0.00280511 0.24172282 0.073515
v -0.0383265 0.22924209 0.10289437
v -0.03621262 0.23462868 0.08585876
v -0.04278433 0.23473525 0.08593035
v -0.038073 0.23546791 0.06898028
v -0.02035886 0.23666465 0.06173515
v -0.04308385 0.23722029 0.0494833
v -0.03736579 0.23642242 0.04933822
v -0.03877681 0.23467374 0.03042632
v -0.06431693 0.24183786 0.04049039
v -0.06461823 0.24075449 0.05486906
v -0.05978024 0.24189115 0.04080057
v -0.06461823 0.24075449 0.05486906
v -0.05938649 0.24082386 0.05512255
v -0.05978024 0.24189115 0.04080057
v -0.05978024 0.24189115 0.04080057
v -0.0769577 0.21919382 0.00233793
v -0.07701868 0.21946144 0.00239998
v -0.05870974 0.21114624 0.00521517
v -0.08699971 0.24592674 0.06730801
v -0.06431693 0.24183786 0.04049039
v -0.07829756 0.24570417 0.044303
v -0.06461823 0.24075449 0.05486906
v -0.07829756 0.24570417 0.044303
v -0.07933134 0.2454983 0.05061203
v -0.06461823 0.24075449 0.05486906
v -0.10965097 0.19457889 -0.01132035
v -0.10970247 0.19462156 -0.01132941
v -0.12972057 0.22806442 0.10702103
v -0.12119401 0.21076477 0.1091736
v -0.19196308 0.23895144 0.09572148
v -0.16006005 0.19872367 -0.02895528
v -0.15248048 0.21697009 -0.02211517
v -0.15240288 0.2169497 -0.02208567
v -0.17243552 0.22580969 -0.02762455
v -0.15252984 0.21707273 -0.02211517
v -0.15248048 0.21697009 -0.02211517
v -0.36558282 0.21477783 -0.10095435
v -0.40507901 0.19807839 -0.06055325
v -0.38007975 0.24208593 -0.10207963
v -0.41859114 0.22752798 -0.04046035
v -0.42903578 0.23964536 -0.04732072
v -0.00541574 0.24209607 0.07464695
v -0.05002594 0.27340376 0.08005315
v -0.04158628 0.26787043 0.07650518
v -0.05059034 0.27366865 0.07993269
v -0.03068745 0.25354445 0.09292614
v -0.03891486 0.24916828 0.09651655
v -0.02874547 0.24119961 0.09829956
v -0.04704082 0.25275004 0.09395933
v -0.04153574 0.25926447 0.09168917
v -0.03694743 0.24642015 0.08501136
v -0.03694743 0.24642015 0.08501136
v -0.06975383 0.27357936 0.08812755
v -0.06941885 0.27357113 0.07228994
v -0.06545651 0.2602551 0.07636434
v -0.028409 0.25297248 0.07019401
v -0.07497865 0.2641592 0.0843305
v -0.06976289 0.26099992 0.07530326
v -0.10987246 0.26479328 0.07602739
v -0.10893607 0.2747252 0.06614834
v -0.10477304 0.26744318 0.08142167
v -0.10987246 0.26479328 0.07602739
v -0.09135854 0.26722968 0.07820982
v -0.11101145 0.25137961 0.03264534
v -0.11989415 0.27394378 0.08178824
v -0.12056446 0.2620914 0.08186305
v -0.12129605 0.26204479 0.07365435
v -0.12129605 0.26204479 0.07365435
v -0.1337626 0.25520599 0.06501013
v -0.14604497 0.26480949 0.08394063
v -0.13682854 0.27362883 0.07526416
v -0.1337626 0.25520599 0.06501013
v -0.1261313 0.25273108 0.04904014
v -0.13503635 0.25627005 0.02547401
v -0.13796413 0.26035297 0.04884636
v -0.14269805 0.26281667 0.04518694
v -0.15320814 0.26937711 0.06248891
v -0.1609664 0.2649163 0.00941056
v -0.19728553 0.27773535 0.01195592
v -0.17844284 0.27066469 0.00725448
v -0.24451756 0.28013003 -0.02547854
v -0.2980758 0.24680841 0.06697625
v -0.3288399 0.2606467 0.05950451
v -0.34177065 0.26587045 0.05365628
v -0.35566795 0.28278947 0.04762411
v -0.41612029 0.23429906 -0.08949834
v -0.40849197 0.25886297 -0.09234387
v -0.41597307 0.23428619 -0.0895474
v -0.44071066 0.26267552 -0.04629928
v -0.43078053 0.24318886 -0.04562545
v -0.4419204 0.26584005 -0.04633254
v -0.44161534 0.26409853 -0.04896516
v -0.44655955 0.27961063 -0.06664735
v -0.42253482 0.25714278 -0.08773607
v -0.41612029 0.23429906 -0.08949834
v -0.41619062 0.23425186 -0.08946794
v -0.43705928 0.27944076 -0.07794338
v -0.08599931 0.28260899 0.07592565
v -0.22151256 0.28082955 0.00264734
v -0.30050838 0.30555677 -0.04697472
v -0.32894182 0.31870484 -0.04658914
v -0.41249037 0.32569945 0.01733869
v -0.42047966 0.30017352 0.02062297
v -0.37293077 0.32736301 -0.04591095
v -0.35258389 0.3244189 -0.04005569
v -0.39990306 0.34432316 -0.00747299
v -0.40219748 0.34130716 -0.00646746
v -0.38074028 0.33876252 -0.0172388
v -0.41842282 0.33436882 -0.04051811
vn 0.33777 -0.20329 0.91901
vn -0.00418 -0.15401 0.98806
vn 0.05419 -0.28335 0.95749
vn 0.54117 -0.54564 0.63985
vn 0.22902 -0.27464 -0.93388
vn 0.3843 -0.38433 0.8394
vn 0.11864 -0.14141 -0.98282
vn 0.02965 -0.40093 0.91563
vn 0.23073 -0.48679 0.84249
vn 0.37651 -0.20597 -0.90323
vn 0.17947 -0.31233 -0.93287
vn -0.04791 -0.13816 -0.98925
vn -0.33523 -0.20546 -0.91946
vn 0.17863 -0.07727 -0.98088
vn 0.27382 0.1179 -0.95453
vn 0.18689 -0.06118 -0.98047
vn -0.21389 -0.17377 0.96128
vn -0.84818 -0.02969 -0.52888
vn -0.50954 -0.0242 -0.86011
vn -0.25482 0.01034 -0.96693
vn 0.48541 -0.66684 0.56542
vn 0.74504 -0.45718 0.4857
vn 0.55991 -0.61971 0.54997
vn 0.25189 -0.39075 0.88536
vn 0.63997 -0.65573 0.40056
vn 0.00727 -0.74651 0.66533
vn -0.48486 -0.25858 0.83549
vn 0.1989 -0.24888 0.94789
vn 0.64456 -0.76223 0.05961
vn 0.82803 -0.50944 0.23417
vn 0.22419 -0.24644 0.94287
vn 0.57843 -0.33437 -0.74405
vn 0.36908 -0.37675 -0.84961
vn 0.27783 -0.03926 -0.95983
vn 0.3146 0.06159 -0.94722
vn 0.28364 -0.02393 -0.95863
vn 0.2629 -0.22723 0.93768
vn 0.51264 -0.84891 0.12864
vn 0.34123 -0.55489 0.75872
vn 0.46601 -0.84428 0.26462
vn 0.43516 -0.84953 -0.29821
vn 0.2216 -0.36853 -0.90282
vn 0.0647 -0.28939 -0.95502
vn 0.01947 0.15198 -0.98819
vn -0.66251 0.45407 -0.59574
vn -0.74799 0.39853 -0.53074
vn -0.64243 0.36237 -0.67526
vn -0.07612 -0.28615 0.95516
vn 0.29577 -0.283 0.91238
vn 0.29858 -0.33752 0.89271
vn -0.32224 -0.28617 0.90237
vn -0.52122 0.15455 -0.83931
vn -0.52105 0.13574 -0.84266
vn -0.51744 0.09624 -0.85029
vn -0.67587 0.47473 -0.56376
vn -0.30718 -0.05133 -0.95026
vn -0.25283 0.56986 -0.78188
vn 0.14164 -0.27482 0.95101
vn -0.02691 -0.62983 0.77627
vn 0.2593 -0.79337 0.55075
vn -0.51279 -0.84287 -0.16317
vn -0.58213 -0.63791 -0.50417
vn -0.33155 -0.70337 -0.62877
vn 0.12451 -0.99204 -0.01859
vn 0.275 -0.90614 -0.32138
vn 0.99571 -0.076 -0.05276
vn 0.93365 -0.14868 -0.32586
vn 0.88904 -0.04231 0.45587
vn 0.96291 -0.08143 0.25725
vn 0.47918 -0.13146 -0.86782
vn 0.40763 -0.00566 -0.91313
vn 0.94599 -0.1361 -0.29424
vn 0.38103 -0.10098 -0.91903
vn 0.4768 0.03347 -0.87837
vn 0.2967 -0.23852 -0.9247
vn 0.86653 -0.22475 0.44567
vn 0.84024 -0.32036 0.43745
vn 0.81594 -0.40937 0.40825
vn 0.77543 -0.09925 0.62359
vn 0.23737 -0.6667 0.70652
vn -0.00587 -0.84878 0.52871
vn 0.31159 -0.76483 0.56386
vn 0.77333 -0.22684 0.59204
vn 0.37733 -0.61346 0.69375
vn -0.22383 -0.68808 0.69025
vn -0.18865 -0.15524 0.9697
vn -0.21768 -0.74041 0.63592
vn 0.39064 -0.5873 0.70885
vn 0.19966 -0.46866 0.86052
vn 0.22307 -0.44999 0.86473
vn 0.11677 -0.73454 0.66844
vn -0.40811 -0.87859 0.24803
vn -0.00046 -0.94517 0.32659
vn 0.98515 -0.16036 0.06136
vn 0.97472 -0.18938 0.11853
vn -0.35856 -0.15636 -0.92032
vn -0.44539 -0.89506 0.02205
vn -0.2451 -0.70891 -0.66134
vn -0.02473 0.03627 -0.99904
vn 0.48967 0.02727 -0.87148
vn 0.16275 -0.10501 -0.98106
vn 0.29862 -0.01413 -0.95427
vn -0.09048 -0.30476 0.94812
vn 0.25156 -0.32615 0.91123
vn 0.09695 -0.41395 0.90512
vn -0.04482 -0.19961 -0.97885
vn -0.26476 -0.08551 -0.96052
vn -0.25649 -0.05108 -0.9652
vn 0.18203 -0.76965 -0.61197
vn 0.00699 -0.47025 -0.88251
vn -0.0141 -0.27418 -0.96158
vn 0.15536 -0.17954 -0.97141
vn 0.08288 -0.25933 -0.96223
vn 0.02919 -0.20187 -0.97898
vn 0.57485 -0.34629 -0.74137
vn -0.62419 -0.78026 0.03964
vn 0.44284 -0.41515 0.7947
vn 0.89776 -0.37367 -0.23322
vn 0.88107 -0.31406 -0.35366
vn -0.3499 -0.08181 0.93321
vn 0.77046 -0.43996 -0.46132
vn 0.57828 -0.23362 -0.78168
vn 0.56701 -0.25356 -0.78371
vn -0.86132 -0.31431 -0.39917
vn 0.49402 -0.25854 -0.83012
vn 0.27663 -0.18984 -0.94204
vn 0.33619 -0.29479 -0.89447
vn -0.25427 -0.04857 -0.96591
vn -0.71754 0.0165 0.69633
vn -0.79051 0.00136 0.61245
vn -0.86415 0.10419 0.49233
vn -0.84036 0.13327 0.52539
vn -0.66112 -0.03163 0.74962
vn -0.01961 -0.67245 0.73988
vn 0.08241 -0.91556 0.39365
vn 0.5805 -0.55069 0.59979
vn -0.46311 0.08604 0.88212
vn 0.87257 -0.25355 0.41753
vn 0.74038 -0.36117 0.56692
vn -0.77728 -0.31181 0.54644
vn 0.16986 0.02943 0.98503
vn -0.74372 0.64067 0.19084
vn 0.31772 0.49372 0.8095
vn -0.72186 0.61867 0.31012
vn -0.97876 0.06048 -0.19589
vn -0.99556 -0.08459 0.0413
vn -0.90566 -0.4204 -0.0552
vn -0.79115 0.16285 0.58955
vn -0.98556 -0.14324 -0.09029
vn -0.99798 -0.02073 -0.06008
vn -0.99767 0.05735 -0.03694
vn -0.56975 0.01823 -0.82161
vn -0.37103 -0.06937 -0.92603
vn -0.48287 0.0781 -0.8722
vn -0.95839 0.16015 0.2363
vn -0.96606 0.05233 0.25297
vn -0.98026 0.18656 -0.06545
vn -0.97045 0.2293 -0.07512
vn 0.17806 -0.20528 -0.96237
vn -0.36458 0.01872 -0.93098
vn -0.87935 0.36081 0.31074
vn -0.98479 0.06044 0.16288
vn -0.79043 -0.14386 0.59542
vn -0.66571 0.3701 0.64797
vn -0.75733 0.13257 -0.63943
vn -0.82064 0.28145 -0.49733
vn -0.48281 0.10957 -0.86885
vn 0.20789 -0.68954 0.69377
vn -0.02916 -0.36591 0.93019
vn 0.1674 -0.75315 0.63619
vn 0.17749 -0.82128 0.54221
vn 0.3943 -0.88531 0.24648
vn 0.39842 -0.85493 0.33219
vn 0.36101 -0.91737 0.16765
vn 0.15728 -0.82833 0.53771
vn 0.38155 -0.92328 0.04448
vn 0.44392 -0.86018 -0.25106
vn 0.44847 -0.8846 0.12788
vn 0.29146 -0.91463 0.2802
vn 0.19532 -0.9222 0.33377
vn -0.38175 -0.24973 0.88989
vn -0.52263 -0.67044 0.52666
vn 0.11245 -0.81064 0.57465
vn 0.03988 -0.41011 0.91117
vn 0.26994 -0.93105 0.24551
vn -0.10525 -0.30043 -0.94798
vn -0.0107 -0.51039 -0.85988
vn -0.21918 -0.20685 -0.95351
vn -0.33644 -0.80905 -0.48193
vn 0.09085 -0.99199 0.08777
vn -0.40093 -0.90423 0.14707
vn 0.06076 -0.30399 -0.95074
vn 0.06894 -0.18907 -0.97954
vn -0.11337 -0.20644 -0.97187
vn -0.83987 -0.2226 0.49505
vn -0.17717 0.4138 -0.89296
vn -0.6564 -0.55319 -0.51295
vn -0.83959 0.35312 -0.4128
vn -0.82085 -0.5447 0.17179
vn -0.68468 -0.49387 -0.53601
vn -0.86315 0.03714 0.50358
vn 0.94115 0.11931 -0.31625
vn 0.77006 0.15824 -0.61804
vn 0.93483 0.16983 -0.31186
vn 0.98059 0.11605 -0.15802
vn 0.98398 0.10698 -0.14263
vn 0.98733 0.10691 -0.11726
vn 0.57466 0.13683 -0.80687
vn 0.98859 0.12131 -0.08934
vn 0.86295 0.07111 -0.50025
vn 0.69327 0.13798 -0.70735
vn 0.92026 -0.0483 0.38831
vn 0.86774 -0.07111 0.4919
vn 0.813 -0.10025 0.57357
vn 0.93505 0.06312 0.34884
vn 0.97906 0.04246 0.19912
vn 0.98916 0.09179 0.11464
vn 0.9534 0.16143 0.2549
vn 0.94175 0.07523 0.32778
vn 0.56716 -0.28597 0.77237
vn 0.53581 -0.1346 0.83354
vn 0.5601 -0.10954 0.82115
vn 0.97982 0.19657 -0.03629
vn 0.98192 0.10802 0.15542
vn 0.55481 -0.17484 0.8134
vn 0.32084 -0.26173 0.91025
vn 0.31351 -0.18827 0.93073
vn 0.33748 -0.15277 0.92885
vn 0.8787 -0.24706 0.40848
vn 0.91875 -0.04436 0.39234
vn 0.80991 -0.36262 0.46103
vn 0.98662 0.03999 0.15804
vn 0.49825 0.01407 0.86692
vn 0.21021 -0.40841 0.88826
vn 0.1692 -0.34009 0.92504
vn 0.23515 -0.24871 0.9396
vn 0.10976 -0.60055 0.79202
vn -0.20232 -0.32186 0.92492
vn -0.19808 -0.21591 0.95611
vn -0.52664 -0.15645 0.83557
vn -0.33689 -0.75559 0.56177
vn -0.75852 -0.16469 0.63049
vn -0.10446 -0.08443 0.99094
vn -0.67057 0.14401 0.72774
vn 0.97757 0.2062 0.04293
vn 0.95095 0.23524 -0.20091
vn 0.40625 0.08282 -0.91
vn 0.36724 0.05201 -0.92867
vn 0.43246 0.06116 -0.89958
vn 0.71989 0.14374 -0.67904
vn 0.44567 0.17414 -0.8781
vn 0.32465 0.03373 -0.94523
vn 0.31355 -0.02521 -0.94924
vn -0.68759 -0.14772 -0.71091
vn -0.6524 -0.18799 -0.73419
vn -0.60287 -0.13207 -0.78684
vn -0.99072 0.0762 0.11255
vn -0.85536 -0.5179 -0.01161
vn -0.9915 -0.10327 0.07918
vn 0.33765 -0.03207 -0.94072
vn 0.21713 0.08409 -0.97251
vn 0.38551 0.15875 -0.90895
vn 0.20353 -0.14701 -0.96797
vn -0.83402 0.52155 0.17999
vn -0.31008 -0.26069 -0.91427
vn -0.35129 -0.12223 -0.92825
vn -0.52884 -0.06704 -0.84607
vn 0.12144 -0.11607 -0.98579
vn 0.10352 -0.04929 -0.9934
vn 0.53819 -0.40112 0.74125
vn -0.17199 0.18503 0.96757
vn -0.05363 -0.27479 0.96001
vn 0.34569 -0.90988 0.22939
vn -0.70544 -0.5843 0.40117
vn 0.76757 -0.63982 0.03831
vn 0.69405 -0.71354 -0.09568
vn 0.69265 -0.7146 -0.09789
vn 0.76818 -0.62695 0.12974
vn 0.69897 -0.67318 0.24141
vn 0.65053 -0.68116 0.33592
vn 0.6047 -0.79343 0.06932
vn -0.95211 0.07133 0.29731
vn 0.67023 -0.67831 -0.30114
vn -0.69251 0.24258 0.6794
vn -0.14997 -0.21583 0.96484
vn -0.18701 -0.30325 0.93438
vn 0.1828 0.03864 0.98239
vn -0.5258 -0.30887 0.79255
vn 0.30254 -0.52489 0.79559
vn 0.25113 -0.66852 0.70001
vn 0.00501 -0.60901 -0.79315
vn -0.06891 -0.24922 -0.96599
vn -0.05932 -0.80188 -0.59454
vn -0.33026 0.03292 -0.94332
vn 0.37426 -0.80596 0.45866
vn 0.35135 -0.83357 0.42627
vn 0.39149 -0.79073 0.47062
vn 0.54679 -0.8365 0.03585
vn 0.45652 -0.84815 0.26877
vn 0.60145 -0.78682 -0.13845
vn 0.60792 -0.76535 -0.21134
vn 0.64079 -0.74824 -0.17183
vn 0.63606 -0.75091 -0.17769
vn 0.59634 -0.71704 -0.36087
vn 0.60995 -0.70675 -0.35843
vn -0.89732 -0.39759 0.1917
vn -0.98062 -0.15295 0.12242
vn -0.88879 -0.13462 -0.4381
vn -0.46018 -0.14126 -0.87651
vn -0.56866 -0.17172 -0.80445
vn -0.64256 -0.02571 -0.7658
vn -0.50429 -0.33232 -0.79703
vn -0.69725 -0.05439 -0.71476
vn -0.74267 -0.31968 -0.58842
vn -0.61569 -0.0018 -0.78799
vn -0.59005 0.0201 -0.80711
vn 0.15017 -0.82084 -0.55107
vn -0.60873 -0.64068 -0.46795
vn -0.9749 -0.19872 0.10039
vn -0.94969 0.18682 0.25138
vn -0.31389 -0.76822 -0.55795
vn -0.58661 -0.14963 -0.79593
vn -0.0179 -0.35427 -0.93497
vn -0.33196 -0.1699 -0.92787
vn -0.65993 -0.12743 -0.74044
vn -0.08677 -0.22351 -0.97083
vn 0.55381 -0.65536 -0.51362
vn -0.53138 0.14428 0.83476
vn -0.04485 -0.30071 0.95266
vn -0.77848 0.57312 0.25594
vn -0.51648 0.75939 0.3957
vn -0.65645 0.75427 0.0122
vn -0.76562 0.44973 -0.45995
vn -0.48098 0.15175 -0.8635
vn -0.58918 0.80715 0.03716
vn -0.61036 0.76997 -0.18605
vn -0.63802 0.75835 -0.13354
vn -0.82514 0.54937 0.13164
vn -0.15353 -0.38669 0.90934
vn 0.2424 -0.77434 0.5845
vn -0.3772 0.01892 0.92594
vn 0.35996 -0.87991 0.31015
vn 0.51873 -0.85118 -0.08009
vn 0.51093 -0.81615 -0.26992
vn -0.66657 0.50918 0.54444
vn -0.08378 -0.06801 0.99416
vn -0.64799 0.70617 -0.28537
vn -0.59729 0.72414 -0.34475
vn -0.28146 0.05322 0.9581
vn -0.64339 0.49247 0.58611
vn -0.16468 0.12225 0.97874
vn -0.40041 0.79203 -0.46083
vn -0.48834 0.84807 0.20568
vn -0.50257 0.80626 -0.31203
vn -0.63948 0.6366 -0.43106
vn -0.6799 0.67373 -0.28951
vn -0.60174 -0.03615 -0.79788
vn -0.34628 0.47223 -0.81061
vn -0.2457 0.41892 -0.87415
vn -0.26998 0.3197 -0.90824
vn 0.07403 -0.14121 -0.98721
vn -0.1649 0.1012 -0.9811
vn -0.58046 0.58112 -0.57041
vn -0.43323 0.55603 -0.70933
vn -0.51177 0.60848 -0.6065
vn 0.45097 0.19354 -0.8713
vn 0.44228 0.13577 -0.88654
vn 0.76601 0.30533 -0.56568
vn 0.89354 -0.05108 0.44606
vn 0.8738 0.04201 0.48446
vn 0.86991 -0.00577 0.49318
vn 0.21557 0.05687 -0.97483
vn 0.99583 -0.03849 -0.08266
vn 0.96857 -0.0151 -0.24827
vn 0.37547 0.32585 -0.86767
vn 0.37793 -0.39237 0.83858
vn 0.62279 -0.28594 0.72827
vn 0.2073 -0.4452 0.87111
vn 0.70199 -0.07175 0.70857
vn 0.76008 -0.17838 0.62487
vn 0.54756 -0.17681 0.81787
vn -0.1807 -0.58613 0.78981
vn 0.83654 -0.052 0.54543
vn 0.35052 -0.32689 0.87766
vn -0.18932 -0.56055 0.80619
vn -0.49906 -0.57932 0.64446
vn -0.46128 -0.63389 0.62081
vn -0.78358 -0.50017 0.36856
vn -0.57106 -0.63975 0.51441
vn 0.97978 -0.19351 -0.05086
vn 0.95842 -0.14528 -0.2456
vn 0.63932 0.09697 0.7628
vn -0.54901 -0.25772 -0.79509
vn -0.85894 -0.46594 -0.21241
vn -0.70849 -0.29489 -0.64116
vn -0.09298 -0.00677 -0.99565
vn -0.09266 -0.06196 -0.99377
vn 0.12281 -0.99102 0.05299
vn -0.63867 -0.53891 -0.54926
vn -0.25314 -0.79181 -0.55584
vn 0.17234 -0.42723 0.88757
vn 0.34309 -0.44588 0.82673
vn 0.29051 -0.35898 0.88698
vn 0.35015 -0.43698 0.82852
vn -0.53816 -0.51087 0.67037
vn -0.34905 -0.10889 -0.93076
vn -0.1297 0.07301 -0.98886
vn -0.32969 -0.06118 -0.9421
vn -0.87556 -0.43397 -0.21229
vn -0.81718 -0.28368 -0.50173
vn -0.63107 -0.12705 -0.76525
vn -0.88597 -0.41839 -0.2
vn -0.58084 -0.08405 -0.80967
vn -0.41979 -0.11791 -0.89993
vn -0.41083 -0.02211 -0.91145
vn -0.59502 -0.66624 0.44952
vn -0.92882 -0.28085 0.24171
vn -0.88737 -0.3634 0.28376
vn -0.70876 -0.5729 0.41164
vn -0.93756 -0.31273 -0.15225
vn -0.82963 -0.2207 -0.51285
vn -0.97567 -0.15713 -0.15289
vn 0.82574 0.16583 0.53912
vn 0.81493 0.29957 0.49613
vn 0.71036 0.14964 0.68775
vn -0.04993 -0.39122 0.91894
vn 0.49633 -0.29767 0.8155
vn -0.05288 -0.37123 0.92703
vn 0.86486 0.4229 0.27051
vn 0.86084 0.37223 0.347
vn 0.86704 0.18275 0.46351
vn 0.97646 0.01596 0.21512
vn 0.95813 0.04632 0.28255
vn 0.93829 0.00216 0.34584
vn 0.98574 0.16163 0.04676
vn 0.8547 0.37844 -0.35535
vn 0.92099 0.3492 -0.17272
vn 0.78724 0.41502 -0.45609
vn 0.99842 0.01742 -0.05335
vn 0.99825 0.04163 -0.0419
vn 0.99815 0.01266 0.05953
vn 0.95984 -0.03929 0.27778
vn 0.99316 0.01799 -0.11537
vn 0.95798 -0.04645 0.28303
vn 0.73207 -0.1906 0.65403
vn 0.79514 -0.15146 0.58721
vn 0.9954 0.09573 0.00212
vn 0.99805 0.00374 0.06232
vn 0.88476 0.08677 0.45789
vn 0.14705 -0.52264 0.83978
vn -0.33696 -0.43738 0.83376
vn 0.74399 0.46587 -0.479
vn 0.93052 0.33793 -0.14118
vn 0.66026 0.48715 -0.57161
vn 0.48577 -0.25597 0.83577
vn 0.06028 -0.57633 0.81499
vn 0.26248 -0.50763 0.82062
vn 0.08374 -0.38107 0.92075
vn 0.99624 0.06145 -0.06112
vn 0.71473 0.41994 -0.55929
vn 0.7169 0.41312 -0.56159
vn 0.68019 0.3456 -0.64645
vn 0.39815 0.28416 -0.8722
vn 0.57832 0.44218 -0.68558
vn 0.82829 0.28648 -0.48153
vn 0.94348 0.16648 -0.28657
vn 0.98834 0.1417 -0.05579
vn 0.83505 0.35651 -0.41903
vn 0.43348 0.16511 -0.88591
vn 0.27138 0.39062 -0.87964
vn 0.11844 0.32761 -0.93736
vn 0.27184 0.37773 -0.88511
vn 0.59356 0.42899 -0.68092
vn 0.22583 0.25095 -0.94129
vn 0.02479 0.26354 -0.96433
vn 0.0742 0.26327 -0.96186
vn -0.50525 -0.51588 0.69181
vn -0.36158 -0.81234 0.45757
vn 0.03627 -0.45357 0.89048
vn -0.16345 -0.70744 0.68761
vn -0.34736 -0.83 0.43639
vn -0.41577 -0.84964 0.32441
vn -0.62414 -0.61363 0.48365
vn -0.75189 -0.19419 0.63004
vn -0.79131 -0.5289 0.30674
vn -0.82421 -0.53266 0.1922
vn -0.89995 -0.28175 0.33274
vn -0.55859 -0.07584 0.82597
vn -0.92802 0.29621 0.22592
vn -0.9124 0.00883 0.40921
vn -0.56022 -0.78249 0.27179
vn -0.66942 -0.70936 0.22065
vn -0.54647 -0.76489 0.34104
vn -0.75337 -0.60351 0.26117
vn -0.75435 -0.63021 0.18382
vn -0.74192 -0.64441 0.18518
vn -0.80411 -0.59132 -0.06117
vn -0.7817 -0.61272 0.11624
vn -0.6008 0.54464 0.58515
vn -0.77632 0.48168 0.40659
vn -0.80812 0.54116 0.23256
vn -0.64335 0.66024 0.38754
vn 0.12585 0.30484 -0.94405
vn -0.83917 -0.12532 -0.52924
vn -0.95397 -0.23167 -0.19044
vn -0.79101 -0.10925 -0.60197
vn -0.08105 0.21407 -0.97345
vn -0.06919 0.05316 -0.99619
vn -0.03695 0.13492 -0.99017
vn -0.89508 -0.1796 -0.40814
vn -0.65895 -0.20249 -0.72442
vn -0.59571 -0.11481 -0.79495
vn -0.2279 -0.02403 -0.97339
vn -0.33235 0.20712 -0.92013
vn -0.60944 -0.02855 -0.79232
vn -0.84106 -0.17723 -0.51109
vn -0.69796 -0.63895 -0.32342
vn -0.71169 -0.07287 -0.6987
vn -0.49533 -0.12052 -0.86031
vn -0.40169 -0.0012 -0.91577
vn -0.92165 0.31975 0.21981
vn -0.39812 -0.89114 0.21763
vn -0.38371 -0.9043 -0.18711
vn -0.39885 -0.89991 0.17632
vn -0.35089 -0.93611 -0.02384
vn -0.71855 0.54698 0.42953
vn -0.81739 0.55836 0.14179
vn -0.83186 0.52037 0.19295
vn -0.79657 0.39474 -0.45789
vn -0.34783 -0.90663 -0.23884
vn -0.33872 -0.71427 -0.61245
vn -0.49728 -0.55034 -0.6707
vn -0.56032 -0.76145 -0.32595
vn 0.88452 0.15728 -0.43918
vn 0.68639 0.16592 -0.70806
vn 0.86873 0.21698 -0.44522
vn 0.97875 0.10845 -0.17402
vn 0.98169 0.08035 -0.17272
vn 0.98282 0.1044 -0.1522
vn 0.4511 0.15719 -0.87852
vn 0.99604 0.08722 -0.01713
vn 0.80565 -0.01371 -0.59223
vn 0.60813 0.15051 -0.77944
vn 0.91664 -0.12329 0.38023
vn 0.91017 -0.16283 0.38088
vn 0.83757 -0.15627 0.5235
vn 0.70619 -0.19255 0.68134
vn 0.97415 0.04934 0.22046
vn 0.94504 0.03108 0.32547
vn 0.60688 -0.20414 0.76813
vn 0.98049 0.1135 0.16051
vn 0.92933 0.15972 0.33293
vn 0.59118 -0.38827 0.70694
vn 0.32644 -0.28596 0.90093
vn 0.26924 -0.51709 0.81248
vn 0.20983 -0.65892 0.72235
vn 0.56962 -0.45396 0.68517
vn 0.94716 -0.09516 0.30632
vn 0.88607 -0.15171 0.43803
vn 0.91398 -0.05672 0.40178
vn 0.60832 -0.22022 0.76253
vn 0.14563 -0.5736 0.80609
vn 0.21883 -0.36219 0.90605
vn 0.26234 -0.26647 0.92745
vn -0.4581 -0.32919 0.8257
vn -0.29524 -0.30984 0.90379
vn -0.46103 -0.41828 0.78262
vn -0.7781 -0.3875 0.49438
vn -0.83491 -0.35943 0.41681
vn -0.81534 -0.38794 0.4298
vn -0.43233 -0.59871 0.67427
vn -0.48481 -0.60638 0.63028
vn -0.73762 -0.51285 0.4392
vn 0.8831 0.31795 -0.34501
vn 0.8898 0.23349 -0.39211
vn 0.07982 0.02284 -0.99655
vn -0.03346 -0.07379 -0.99671
vn 0.02562 0.00452 -0.99966
vn 0.63771 0.15684 -0.75414
vn 0.10865 0.10167 -0.98887
vn 0.99395 -0.1039 -0.03555
vn -0.05285 0.04539 -0.99757
vn -0.00479 0.15608 -0.98773
vn -0.02797 0.00051 -0.99961
vn -0.23359 0.01204 -0.97226
vn -0.86905 -0.34078 -0.35864
vn -0.74331 -0.28705 -0.60423
vn -0.66769 -0.19672 -0.71797
vn -0.28381 -0.00434 -0.95887
vn -0.38521 0.09201 -0.91823
vn -0.43362 -0.05823 -0.89921
vn -0.23432 0.1241 -0.96421
vn -0.72106 -0.09506 -0.68632
vn -0.5289 -0.22621 -0.81798
vn -0.15751 -0.33139 -0.93026
vn -0.01347 -0.07488 -0.9971
vn -0.88053 -0.21566 0.42209
vn -0.90667 -0.31708 0.27823
vn -0.95633 -0.29227 -0.00298
vn -0.95328 -0.29453 0.0671
vn -0.95457 -0.29799 -0.00244
vn -0.92608 -0.27559 0.25775
vn -0.95305 -0.27287 0.1313
vn -0.88725 -0.37129 0.27374
vn -0.90606 -0.32831 0.26697
vn -0.77319 -0.15206 -0.61567
vn -0.92008 -0.31106 -0.2381
vn -0.91632 -0.07084 -0.39413
vn -0.4145 -0.07828 -0.90668
vn -0.82509 -0.20051 -0.52822
vn -0.92985 -0.25334 -0.26685
vn -0.90909 -0.33255 -0.25092
vn 0.90717 0.33552 0.25389
vn 0.93675 0.30621 0.16954
vn 0.8924 0.17591 0.41556
vn 0.82378 0.16094 0.54358
vn 0.72421 0.04673 0.688
vn 0.72637 0.10199 0.6797
vn 0.85157 0.3136 0.42009
vn 0.83307 0.5251 0.17395
vn 0.82482 0.53423 0.18514
vn 0.81587 0.53778 0.21246
vn 0.8308 0.54235 0.12499
vn 0.8526 0.47194 -0.2244
vn 0.75377 0.54007 -0.37438
vn 0.82702 0.51499 -0.22544
vn 0.91268 0.36492 0.18401
vn 0.70363 0.61028 -0.36396
vn 0.55791 0.59011 -0.58353
vn 0.71961 0.56987 -0.39674
vn 0.80086 0.56744 -0.1914
vn 0.84954 0.45049 0.27447
vn 0.87954 0.46714 0.09049
vn 0.80108 0.5865 0.11951
vn 0.69896 0.70172 -0.13799
vn 0.66293 0.67055 -0.33299
vn 0.51984 0.62919 -0.57783
vn 0.42621 0.59548 -0.68099
vn 0.46979 0.52989 -0.70605
vn 0.27875 0.50922 -0.81424
vn 0.21107 -0.4573 0.8639
vn 0.33952 -0.31849 0.88504
vn 0.20759 -0.50554 0.83746
vn 0.05803 -0.65515 0.75326
vn 0.80508 0.05979 0.59015
vn 0.66925 -0.02099 0.74274
vn 0.6549 -0.18158 0.73358
vn 0.84522 -0.14706 0.51379
vn 0.77597 -0.16574 0.60861
vn 0.65791 -0.19852 0.72646
vn 0.88743 -0.10142 0.44965
vn 0.20381 -0.57961 0.789
vn 0.23218 -0.57901 0.78156
vn 0.23652 -0.44077 0.8659
vn 0.89838 -0.05887 0.43526
vn 0.91154 0.03327 0.40986
vn 0.30432 -0.42537 0.85232
vn -0.01669 -0.64689 0.7624
vn 0.50127 -0.20844 0.83981
vn 0.33692 -0.53121 0.77736
vn 0.41755 -0.03317 0.90805
vn 0.02807 -0.61853 0.78526
vn 0.01918 -0.66028 0.75077
vn -0.01015 -0.70099 0.7131
vn 0.14483 -0.58903 0.79503
vn -0.11943 -0.71956 0.68409
vn -0.25311 -0.8715 0.42003
vn -0.15066 -0.81266 0.56293
vn 0.91228 0.36017 0.19497
vn 0.95706 0.2684 0.10956
vn 0.98742 0.1359 0.08084
vn 0.95233 0.30501 -0.00583
vn 0.3588 0.69184 -0.62659
vn 0.52857 0.63533 -0.563
vn 0.45005 0.6389 -0.62391
vn 0.69936 0.5457 -0.46164
vn 0.35195 0.57464 -0.73886
vn 0.44487 0.57434 -0.68718
vn 0.01766 0.36553 -0.93063
vn 0.24505 0.4766 -0.84428
vn 0.22647 0.56313 -0.79473
vn -0.25064 -0.9043 0.34558
vn -0.18592 -0.93218 0.31061
vn -0.30792 -0.90646 0.28898
vn -0.3618 -0.89948 0.245
vn -0.12763 -0.97337 0.19042
vn -0.20932 -0.92492 0.31735
vn 0.27545 0.60006 -0.75104
vn 0.35623 0.5235 -0.77399
vn 0.1673 0.51445 -0.84104
vn 0.28459 0.48038 -0.82961
vn 0.18742 0.35165 -0.91718
vn 0.117 0.29555 -0.94814
vn -0.0284 0.46001 -0.88746
vn -0.26313 0.2115 -0.94129
vn 0.13189 0.48452 -0.86478
vn -0.30775 -0.37699 -0.87359
vn -0.46985 -0.78502 -0.40372
vn -0.41944 -0.40168 -0.81407
vn -0.80697 -0.04136 -0.58915
vn 0.08102 -0.66123 0.7458
vn -0.04013 -0.59495 0.80276
vn 0.09019 -0.46412 0.88117
vn 0.01595 -0.50052 0.86558
vn -0.08096 -0.57744 0.81241
vn -0.29542 -0.78492 0.54464
vn -0.20339 -0.71629 0.66751
vn -0.22165 -0.71778 0.66005
vn -0.07148 -0.6926 0.71777
vn 0.00723 -0.77414 0.63297
vn 0.00377 -0.7203 0.69366
vn -0.22189 -0.78245 0.58184
vn -0.0816 -0.82939 0.55268
vn -0.20681 -0.88815 0.41039
vn -0.27512 -0.84932 0.45052
vn -0.23693 -0.89009 0.38937
vn -0.3173 -0.78225 0.53611
vn -0.37736 -0.8059 0.4562
vn -0.40495 -0.77917 0.47844
vn -0.36953 -0.87423 0.31491
vn -0.4076 -0.88766 0.21427
vn -0.53477 -0.80821 0.2466
vn -0.31382 -0.90025 0.30176
vn -0.42935 -0.88232 0.19282
vn 0.21595 0.33476 -0.91722
vn 0.05323 0.20941 -0.97638
vn -0.36126 -0.9249 0.11856
vn -0.36224 -0.93208 -0.00251
vn -0.40388 -0.91478 0.00734
vn -0.24542 -0.91369 0.32395
vn -0.27285 -0.91738 0.28978
vn -0.3169 -0.93813 0.13961
vn -0.39695 -0.90194 0.17011
vn -0.25061 -0.96789 -0.01986
vn -0.63987 -0.75813 -0.12574
vn -0.64351 -0.74135 -0.19052
vn -0.58025 -0.79961 -0.15469
vn -0.56704 -0.79241 0.22482
vn -0.60314 -0.75746 0.24997
vn -0.53249 -0.82571 0.18617
vn -0.3416 -0.17497 -0.92341
vn -0.36836 -0.18412 -0.91127
vn -0.26011 0.17915 -0.94881
vn -0.40894 -0.61253 -0.67644
vn -0.48218 -0.81894 -0.31119
vn -0.54522 -0.63048 -0.55247
vn -0.23863 -0.95783 0.16004
vn -0.34176 -0.90758 0.24392
vn -0.37963 -0.90833 0.17557
vn -0.4031 -0.91456 -0.03297
vn -0.34999 -0.75697 -0.55181
vn 0.0416 0.10444 -0.99366
vn -0.04335 0.1288 -0.99072
vn -0.35122 -0.30832 -0.88407
vn -0.33047 -0.38764 -0.86054
vn -0.26197 -0.15185 -0.95305
vn -0.51331 -0.38996 -0.76449
vn -0.36832 -0.37664 -0.84999
vn -0.31158 -0.74544 0.58927
vn -0.35077 -0.79471 0.49537
vn -0.43383 -0.78957 0.43402
vn -0.57723 -0.76924 0.27399
vn -0.55355 -0.8057 0.21078
vn -0.32154 -0.93029 0.17655
vn -0.47504 -0.81466 0.33265
vn -0.5147 -0.7917 0.32908
vn -0.65053 -0.72012 0.24133
vn -0.56121 -0.80778 0.18038
vn 0.17568 -0.94697 0.26903
vn 0.43161 -0.86187 0.26627
vn 0.59513 -0.77998 0.19351
vn -0.0325 -0.98839 0.14842
vn -0.03266 -0.98831 0.14888
vn -0.03268 -0.98831 0.14892
vn -0.03287 -0.98822 0.14947
vn -0.11505 -0.99327 0.01319
vn 0.33399 -0.93414 0.12581
vn 0.51863 -0.84898 0.10129
vn 0.35138 -0.9344 0.05856
vn -0.01624 -0.99853 0.05162
vn -0.42384 -0.88337 0.20002
vn -0.67889 -0.69976 -0.22237
vn -0.54429 -0.8382 -0.03402
vn -0.66302 -0.7217 0.1989
vn -0.64213 -0.51161 -0.5709
vn -0.56654 -0.24819 -0.78577
vn -0.56392 -0.72289 -0.39928
vn 0.67227 -0.73755 0.06374
vn 0.62413 -0.76789 0.14425
vn 0.72741 -0.67604 -0.11768
vn -0.13947 -0.97864 0.15102
vn -0.01882 -0.96203 -0.27231
vn 0.40938 -0.90434 0.12072
vn -0.17572 -0.82395 -0.53872
vn -0.50801 -0.62143 -0.59645
vn 0.11592 -0.85864 0.49929
vn -0.41444 -0.62948 0.65726
vn -0.27727 -0.68585 0.67285
vn 0.18966 -0.84151 0.50586
vn -0.37286 -0.71067 0.59659
vn 0.32238 -0.8122 0.48622
vn 0.66251 -0.72583 0.18508
vn 0.77567 -0.6264 0.07724
vn 0.9174 -0.35614 0.17762
vn 0.22247 -0.73628 0.63906
vn -0.22002 -0.61649 0.756
vn -0.09198 -0.54094 0.83602
vn -0.72734 -0.41053 0.54994
vn -0.76907 -0.457 0.44686
vn -0.70012 -0.50049 0.50926
vn -0.61956 -0.42663 0.65888
vn -0.74132 -0.29517 0.60276
vn -0.28016 -0.34715 0.89499
vn 0.69768 -0.71625 -0.01512
vn 0.56221 -0.79548 0.22612
vn 0.6434 -0.76118 0.08156
vn 0.86711 -0.4299 0.2516
vn 0.72659 -0.64464 -0.2377
vn 0.91632 -0.35358 -0.188
vn 0.7531 -0.55635 -0.35117
vn 0.8115 -0.06464 -0.58077
vn 0.74052 -0.21203 -0.63771
vn 0.71851 -0.52285 -0.45867
vn 0.94379 -0.10533 0.31332
vn 0.97144 -0.11042 0.21002
vn 0.91614 -0.37127 0.15116
vn 0.99873 0.04722 -0.01775
vn 0.98858 -0.11241 0.1004
vn 0.98089 0.07119 0.18105
vn 0.98539 0.17017 0.00646
vn 0.97944 0.18161 -0.08789
vn 0.99578 -0.06459 0.06519
vn -0.8777 -0.21174 0.42989
vn -0.8955 -0.07403 0.43885
vn -0.65177 -0.14074 0.74525
vn -0.67481 -0.18602 0.71416
vn -0.51647 -0.32672 0.79152
vn 0.19027 0.21165 -0.95865
vn 0.05307 0.23643 -0.9702
vn -0.02945 0.03221 -0.99905
vn 0.18741 0.49281 -0.84972
vn -0.80902 -0.06644 0.58402
vn -0.3266 -0.41109 0.85108
vn -0.81403 -0.15248 0.56044
vn -0.01871 -0.49198 0.8704
vn -0.83521 -0.18807 0.51677
vn 0.95522 -0.25104 -0.15665
vn 0.97128 -0.14829 -0.18607
vn 0.89281 -0.23469 -0.38446
vn 0.48334 0.01758 -0.87526
vn 0.59285 0.22042 -0.77456
vn 0.39352 0.15792 -0.90565
vn 0.51025 0.30895 -0.80262
vn 0.71217 0.32509 -0.62219
vn 0.88916 0.2167 -0.40304
vn 0.93847 0.27957 -0.20279
vn 0.24449 0.3233 -0.91417
vn 0.19693 0.21031 -0.9576
vn -0.32311 0.25306 -0.9119
vn 0.6365 0.29868 -0.7111
vn 0.12298 0.18821 -0.9744
vn -0.31263 0.08119 -0.9464
vn -0.61645 0.03798 -0.78648
vn -0.85507 -0.20247 0.47735
vn -0.86271 -0.11813 0.49171
vn -0.84594 -0.22232 0.48472
vn -0.96057 -0.091 0.26273
vn -0.96562 -0.05299 0.25448
vn -0.95442 -0.16961 0.24561
vn -0.96413 0.02158 0.26456
vn -0.84403 0.22214 -0.48812
vn -0.98095 0.15637 -0.11522
vn -0.96763 -0.00636 -0.25229
vn -0.98037 -0.04296 0.19241
vn -0.96462 0.04229 0.26022
vn -0.80518 -0.07633 0.5881
vn -0.91922 -0.12689 0.37275
vn -0.99788 -0.0614 -0.02157
vn -0.9937 0.11201 -0.00413
vn -0.96293 -0.23012 -0.14075
vn -0.95482 0.26193 -0.14038
vn -0.82542 0.36468 -0.43092
vn -0.81803 0.33524 -0.46738
vn -0.90881 0.09806 -0.40553
vn 0.76202 0.18652 0.62011
vn 0.79322 0.40265 0.45681
vn 0.66755 0.10488 0.73714
vn 0.34008 -0.22037 0.91421
vn 0.3005 -0.13002 0.94488
vn 0.26271 -0.23151 0.93669
vn 0.64728 0.0165 0.76208
vn 0.6206 0.03932 0.78314
vn 0.63803 -0.04572 0.76865
vn 0.29725 -0.33025 0.89587
vn 0.38587 -0.35514 0.85146
vn 0.57621 0.11147 0.80967
vn 0.8584 0.43232 0.27613
vn 0.84303 0.43325 0.31873
vn 0.84129 0.32395 0.43276
vn 0.86694 0.38127 0.32102
vn 0.85357 0.50448 0.1301
vn 0.67565 0.67362 -0.29954
vn 0.8113 0.57872 -0.08289
vn 0.73274 0.59431 -0.33151
vn 0.90354 0.39736 0.16039
vn 0.88118 0.46278 0.09667
vn 0.8936 0.38563 0.2297
vn 0.86299 0.25464 0.43635
vn 0.85938 0.50479 -0.08155
vn 0.85088 0.13169 0.50859
vn 0.8831 0.13108 0.45051
vn 0.74187 0.20183 0.63944
vn 0.65051 0.0268 0.75902
vn 0.9337 0.31014 0.17892
vn 0.90914 0.26776 0.31902
vn 0.95459 0.18095 0.23668
vn 0.65584 0.68598 -0.31511
vn 0.77702 0.62854 0.03435
vn 0.58314 0.67103 -0.4579
vn 0.27158 -0.2469 0.93021
vn 0.38652 -0.37061 0.84454
vn 0.81417 0.48837 -0.31405
vn 0.70264 0.53959 -0.46383
vn 0.61008 0.61694 -0.49718
vn 0.53261 0.54173 -0.65027
vn 0.39239 0.48778 -0.77981
vn 0.48021 0.58079 -0.65733
vn 0.67197 0.51355 -0.53359
vn 0.8402 0.46952 -0.27132
vn 0.83297 0.44788 -0.32492
vn 0.84401 0.41431 -0.34059
vn 0.73055 0.51836 -0.44453
vn 0.43267 0.44581 -0.78361
vn 0.35721 0.55768 -0.74926
vn 0.38028 0.52888 -0.75873
vn 0.38833 0.56086 -0.73118
vn 0.49935 0.62361 -0.60147
vn 0.34995 0.47798 -0.80565
vn 0.37529 0.50573 -0.77678
vn 0.36981 0.48902 -0.79
vn 0.63818 -0.0237 0.76952
vn 0.44357 -0.24999 0.86067
vn 0.24483 -0.29851 0.92247
vn 0.35923 -0.20706 0.90999
vn 0.25539 -0.35116 0.90081
vn 0.09435 -0.37673 0.9215
vn 0.13921 -0.37522 0.91642
vn 0.04174 -0.43894 0.89755
vn 0.07474 -0.38819 0.91854
vn 0.0182 -0.44453 0.89558
vn 0.04128 -0.40782 0.91213
vn 0.10158 -0.35608 0.92892
vn 0.2013 -0.35619 0.91247
vn -0.0213 -0.46055 0.88738
vn -0.13929 -0.58126 0.80171
vn -0.0653 -0.53425 0.8428
vn 0.38658 0.53386 -0.75203
vn 0.29489 0.51062 -0.80766
vn 0.18426 0.48089 -0.8572
vn 0.29707 0.47352 -0.82917
vn 0.3244 0.52355 -0.78782
vn 0.37902 0.53238 -0.75691
vn 0.19085 0.54447 -0.81678
vn 0.09402 0.42805 -0.89885
vn -0.03158 0.35111 -0.9358
vn 0.12655 0.4686 -0.8743
vn 0.24775 0.52024 -0.81729
vn -0.03818 0.26381 -0.96382
vn -0.1708 0.02061 -0.98509
vn -0.11213 0.16042 -0.98066
vn -0.06666 0.26765 -0.96121
vn 0.19699 0.43599 -0.87813
vn -0.04367 0.31165 -0.94919
vn -0.05607 0.125 -0.99057
vn -0.16814 0.08719 -0.9819
vn 0.04476 -0.4207 0.90609
vn -0.05065 -0.55556 0.82993
vn -0.0657 -0.4451 0.89307
vn -0.0907 -0.55658 0.82583
vn -0.04384 -0.41309 0.90963
vn -0.14879 -0.641 0.75298
vn -0.04846 -0.66484 0.74541
vn -0.239 -0.46797 0.85081
vn -0.29484 -0.4642 0.83521
vn -0.14395 -0.48474 0.86273
vn -0.1542 -0.47492 0.86642
vn -0.05325 -0.52911 0.84688
vn -0.07971 -0.68085 0.72807
vn -0.25812 -0.43993 0.86014
vn -0.00431 -0.71564 0.69845
vn -0.07316 -0.80023 0.59521
vn -0.26651 -0.85885 0.43744
vn -0.14913 -0.76202 0.63015
vn -0.00585 -0.80415 0.5944
vn -0.23343 -0.93127 0.27973
vn -0.01928 -0.93241 0.36089
vn -0.04475 -0.8765 0.47931
vn -0.06567 -0.90196 0.42679
vn -0.02946 -0.9819 0.18711
vn 0.01588 0.39769 -0.91738
vn -0.14353 0.17674 -0.97374
vn -0.10055 0.09142 -0.99072
vn 0.02869 0.27286 -0.96163
vn 0.10128 0.37544 -0.92129
vn -0.37965 -0.31098 -0.8713
vn -0.20618 -0.45818 -0.86462
vn -0.22088 0.00138 -0.9753
vn -0.23996 0.03188 -0.97026
vn 0.09125 0.16254 -0.98247
vn 0.22898 0.2709 -0.93498
vn 0.23937 0.34295 -0.90834
vn 0.22306 -0.01301 -0.97472
vn 0.07328 0.03082 -0.99684
vn 0.37322 -0.04872 -0.92646
vn 0.12914 -0.98451 -0.11855
vn -0.31943 -0.92502 -0.20567
vn -0.07266 -0.61135 -0.78802
vn -0.07577 -0.36337 -0.92856
vn -0.06815 0.02128 -0.99745
vn -0.40317 -0.4452 0.79953
vn -0.39617 -0.39142 0.83056
vn -0.48998 -0.42436 0.76147
vn -0.6178 -0.28891 0.73134
vn -0.63288 -0.3247 0.70287
vn -0.26159 -0.57273 0.77688
vn -0.49949 -0.29466 0.81467
vn -0.80544 -0.17769 0.56542
vn -0.79135 -0.15312 0.59188
vn -0.80938 -0.08551 0.58103
vn -0.42968 -0.5457 0.71943
vn -0.72112 -0.34625 0.60009
vn -0.80564 -0.32183 0.49736
vn -0.81663 -0.33727 0.46837
vn -0.80565 -0.32184 0.49734
vn -0.86679 -0.12636 0.4824
vn -0.88505 -0.11713 0.45052
vn -0.8611 -0.11117 0.49613
vn -0.81738 -0.197 0.54138
vn -0.88991 -0.1696 0.42344
vn -0.86827 -0.08532 0.48869
vn -0.85633 -0.2245 0.46507
vn -0.90663 -0.24409 0.34414
vn -0.79636 -0.35362 0.49068
vn -0.80341 -0.3517 0.48046
vn -0.82766 -0.29248 0.47898
vn 0.45911 -0.00477 -0.88837
vn -0.20334 0.45038 -0.86938
vn 0.10904 0.3932 -0.91296
vn -0.0949 0.49186 -0.86549
vn 0.70146 -0.70532 -0.10234
vn 0.5723 -0.46402 -0.67614
vn 0.57274 -0.12532 -0.8101
vn 0.67737 -0.32308 -0.66091
vn 0.58773 -0.07188 -0.80586
vn -0.36326 0.50918 -0.78024
vn -0.34875 0.33102 -0.87681
vn -0.32165 0.53618 -0.78042
vn -0.28742 0.42127 -0.86019
vn -0.08978 0.21649 -0.97215
vn 0.26032 0.05417 -0.964
vn 0.27355 0.24063 -0.93127
vn -0.02541 0.33813 -0.94076
vn -0.10201 0.14275 -0.98449
vn 0.33027 0.04595 -0.94277
vn 0.24721 0.00094 -0.96896
vn 0.00335 0.10655 -0.9943
vn -0.28566 0.19915 -0.93741
vn -0.38742 0.21946 -0.8954
vn -0.95798 -0.00184 0.28683
vn -0.92572 -0.08299 0.36899
vn -0.9203 -0.05802 0.38688
vn -0.95694 0.02312 0.28935
vn -0.95431 -0.00393 0.29879
vn -0.97759 0.0782 0.19546
vn -0.97335 0.06958 0.21853
vn -0.85727 -0.27083 0.43789
vn -0.9552 -0.06937 0.28771
vn -0.93915 -0.02003 0.34292
vn -0.9797 0.06571 0.18941
vn -0.98033 0.19361 -0.03825
vn -0.98493 0.13174 0.11205
vn -0.95832 0.26561 -0.10527
vn -0.97751 0.20891 0.02871
vn -0.9949 0.04658 0.08945
vn -0.64224 0.40078 -0.65338
vn -0.87405 0.34028 -0.34675
vn -0.80292 0.4053 -0.43709
vn -0.97582 0.17306 -0.13353
vn -0.82931 0.21777 -0.51461
vn -0.97882 -0.14423 0.14531
vn -0.96629 -0.09772 0.2382
vn -0.99396 0.00099 -0.10972
vn -0.91398 0.06747 -0.40011
vn -0.65985 0.34692 -0.66652
vn -0.70969 0.17065 -0.68353
vn -0.84436 -0.00991 -0.53568
vn -0.77151 0.07577 -0.63168
vn -0.76411 0.08342 -0.63967
vn 0.77904 0.46617 0.41926
vn 0.8121 0.56702 0.13775
vn 0.79486 0.58741 0.15215
vn 0.80665 0.58901 0.04888
vn 0.77088 0.63083 0.08835
vn 0.70436 0.70491 -0.08357
vn 0.76107 0.63899 0.11167
vn 0.79069 0.5574 0.25321
vn 0.61684 0.73757 -0.27479
vn 0.63445 0.71518 -0.29323
vn 0.69844 0.68693 -0.20077
vn 0.79505 0.54866 0.25857
vn 0.78318 0.61177 0.1112
vn 0.64042 0.6943 -0.32834
vn 0.66545 0.72482 -0.17835
vn 0.45149 0.64322 -0.61841
vn 0.41825 0.61952 -0.66427
vn 0.55852 0.65778 -0.50535
vn 0.66456 0.21401 0.71594
vn 0.52725 0.03112 0.84914
vn 0.57304 0.1232 0.81021
vn 0.79912 0.56478 0.20599
vn 0.78999 0.51071 0.33924
vn 0.78579 0.59673 0.16261
vn 0.70725 0.40728 0.57786
vn 0.76829 0.39031 0.50734
vn 0.78789 0.50706 0.34947
vn 0.48126 -0.09434 0.87148
vn 0.50964 -0.05137 0.85885
vn 0.64021 0.24157 0.72923
vn 0.47968 -0.0693 0.8747
vn 0.78461 0.43023 0.44641
vn 0.57896 0.08659 0.81074
vn 0.51555 0.02889 0.85637
vn 0.17279 -0.21126 0.96204
vn 0.38937 -0.08631 0.91703
vn 0.76547 0.31015 0.5638
vn 0.80916 0.57878 0.10137
vn 0.81528 0.50692 0.27992
vn 0.11853 -0.32202 0.93928
vn 0.25022 -0.27827 0.92734
vn 0.15793 -0.31607 0.9355
vn 0.18337 -0.29634 0.93731
vn 0.06662 -0.34696 0.93551
vn 0.76359 0.64569 0.00371
vn 0.56725 0.72945 -0.38226
vn 0.57792 0.67088 -0.46467
vn 0.64038 0.64433 -0.41803
vn 0.64862 0.68978 -0.32172
vn 0.65108 0.64104 -0.4064
vn 0.55766 0.71206 -0.4266
vn 0.44907 0.75384 -0.47965
vn 0.79217 0.60972 0.02648
vn 0.60361 0.56715 -0.56035
vn 0.44431 0.50026 -0.74318
vn 0.59009 0.5866 -0.5547
vn 0.43771 0.63219 -0.63934
vn 0.4118 0.64768 -0.64104
vn 0.31904 0.63873 -0.70017
vn 0.37717 0.57764 -0.72393
vn 0.28136 0.58191 -0.76303
vn 0.31554 0.60886 -0.72782
vn 0.34621 0.58368 -0.73448
vn 0.22429 0.56051 -0.7972
vn 0.26466 0.55819 -0.78637
vn 0.12481 0.54227 -0.83088
vn -0.00641 -0.39822 0.91727
vn 0.10728 -0.47529 0.87326
vn -0.04084 -0.51174 0.85817
vn -0.1539 -0.4755 0.86615
vn 0.23091 -0.25357 0.93935
vn 0.13764 -0.39758 0.90719
vn 0.11921 -0.31846 0.94041
vn 0.29727 -0.303 0.90544
vn 0.21708 -0.33626 0.91641
vn 0.1443 -0.36806 0.91854
vn 0.37778 -0.14832 0.91394
vn 0.00036 -0.47029 0.88251
vn 0.02658 -0.4062 0.9134
vn 0.0377 -0.3688 0.92874
vn -0.04906 -0.41436 0.90879
vn -0.11799 -0.46217 0.87891
vn -0.25328 -0.46397 0.84887
vn 0.00356 -0.4284 0.90358
vn -0.14714 -0.41097 0.8997
vn -0.29875 -0.4204 0.85675
vn 0.50253 0.39571 -0.76868
vn 0.38439 0.47067 -0.79417
vn 0.27257 0.47679 -0.83569
vn 0.35293 0.42312 -0.83451
vn 0.2408 0.40402 -0.88249
vn 0.21384 0.38622 -0.89728
vn 0.22888 0.42969 -0.87349
vn 0.16536 0.47425 -0.86472
vn 0.12085 0.45002 -0.8848
vn 0.23223 0.30144 -0.92477
vn 0.16402 0.4417 -0.88204
vn -0.03226 0.5135 -0.85748
vn 0.00474 0.39791 -0.91741
vn 0.38066 0.36587 -0.84926
vn 0.24907 0.38816 -0.8873
vn 0.20473 0.36716 -0.90735
vn 0.17757 0.32188 -0.92998
vn 0.07955 0.3944 -0.91549
vn -0.21939 -0.56309 0.79674
vn -0.32531 -0.65659 0.68049
vn -0.09856 -0.63746 0.76415
vn -0.1685 -0.67221 0.72093
vn -0.33215 -0.74411 0.57963
vn -0.42293 -0.77095 0.4762
vn -0.49284 -0.64382 0.58532
vn -0.48133 -0.53793 0.69206
vn -0.65945 -0.60765 0.44259
vn -0.76806 -0.41246 0.48986
vn -0.72163 -0.3726 0.58345
vn -0.51058 -0.41787 0.75146
vn -0.54889 -0.33026 0.76788
vn -0.7993 -0.16821 0.57691
vn -0.54417 -0.73068 0.4123
vn -0.63676 -0.68374 0.35642
vn -0.64206 -0.72995 0.23437
vn -0.81465 -0.51059 0.27503
vn -0.87923 -0.34853 0.32479
vn -0.88248 -0.46452 0.0738
vn -0.8335 -0.20614 0.51263
vn -0.89852 -0.12615 0.42041
vn -0.88356 -0.16231 0.43929
vn -0.97689 -0.03428 0.21098
vn -0.98965 -0.07877 0.11998
vn -0.99292 0.09252 0.07449
vn -0.86774 -0.47191 0.156
vn -0.87553 -0.45959 0.14907
vn -0.80314 -0.59484 0.0336
vn -0.95903 -0.25988 0.11279
vn -0.92094 -0.18168 0.34477
vn -0.92545 -0.1547 0.34585
vn -0.95332 0.28468 -0.10072
vn -0.9871 0.12074 -0.1051
vn -0.90518 0.35988 -0.22614
vn -0.9174 0.39774 -0.0135
vn -0.90682 -0.19445 0.374
vn -0.91863 -0.06107 0.39036
vn -0.89273 -0.11455 0.43579
vn -0.97284 0.1068 0.20538
vn -0.95988 0.01567 0.27996
vn -0.95554 0.03491 0.2928
vn -0.30668 0.31992 -0.89644
vn -0.31144 0.42549 -0.84968
vn -0.34684 0.49787 -0.79487
vn -0.32204 0.57398 -0.75288
vn -0.39196 0.56183 -0.7285
vn -0.22936 0.54131 -0.80894
vn -0.14294 0.45198 -0.8805
vn -0.37581 0.50872 -0.77458
vn -0.71887 0.54298 -0.43404
vn -0.62393 0.63393 -0.45699
vn -0.52598 0.66099 -0.5352
vn -0.49469 0.65432 -0.57197
vn -0.75567 0.58589 -0.29274
vn -0.71388 0.47794 -0.51181
vn -0.30226 0.57365 -0.76129
vn -0.67317 0.52351 -0.52229
vn -0.26184 0.57354 -0.77621
vn -0.24046 0.6447 -0.72563
vn -0.31932 0.57608 -0.75244
vn -0.93329 0.3099 -0.18147
vn -0.85634 0.44751 -0.25773
vn -0.85414 0.39742 -0.33543
vn -0.31062 0.51383 -0.79968
vn -0.56819 -0.82284 -0.00973
vn -0.5877 -0.78593 -0.19216
vn -0.463 -0.87708 0.12791
vn -0.52614 -0.84898 0.04909
vn -0.45421 -0.86694 0.20523
vn -0.54478 -0.82682 0.13992
vn -0.63172 -0.76858 0.10109
vn -0.65463 -0.75544 0.02791
vn -0.69635 -0.69814 -0.16643
vn -0.68206 -0.70282 -0.20209
vn -0.93297 0.35632 -0.05093
vn -0.94399 0.32454 0.05961
vn -0.99153 0.11353 0.06308
vn -0.64833 0.51114 -0.56427
vn 0.84786 0.41192 0.33386
vn 0.88579 0.37678 0.27094
vn 0.8693 0.43335 0.23773
vn 0.83362 0.32314 0.44795
vn 0.83177 0.30707 0.46246
vn 0.72948 0.13885 0.66976
vn 0.898 0.43268 0.07986
vn 0.87748 0.47591 0.05941
vn 0.86794 0.49341 -0.0568
vn 0.86676 0.4395 0.23571
vn 0.5967 0.09431 0.7969
vn 0.80428 0.3925 0.44618
vn 0.83809 0.53834 0.08829
vn 0.88254 0.46788 0.04705
vn 0.70808 0.65247 -0.27001
vn 0.74688 0.66002 -0.08092
vn 0.74318 0.66721 -0.05015
vn 0.72578 0.61093 -0.31623
vn 0.78672 0.61706 -0.01767
vn 0.6832 0.61192 -0.39849
vn 0.61776 0.53317 -0.57802
vn 0.73709 0.5172 -0.43497
vn 0.83601 0.54114 -0.09085
vn 0.8884 0.45614 -0.05183
vn 0.55384 0.60116 -0.57608
vn 0.75197 0.58869 -0.29661
vn 0.67905 0.65406 -0.33331
vn 0.65459 0.63929 -0.40351
vn 0.52077 0.6055 -0.6018
vn 0.60971 -0.03466 0.79187
vn 0.7425 0.20787 0.63677
vn 0.58351 0.16437 0.7953
vn 0.73564 0.0088 0.67731
vn 0.52276 -0.05337 0.85081
vn 0.80955 0.26193 0.52538
vn 0.61461 -0.22247 0.75681
vn 0.21571 -0.07636 0.97347
vn 0.23242 -0.16561 0.95841
vn 0.25538 -0.16074 0.95339
vn 0.37709 0.1496 0.91402
vn 0.4736 0.05204 0.8792
vn 0.4865 0.18402 0.85408
vn 0.59674 0.27835 0.75261
vn 0.42268 -0.23311 0.87578
vn 0.28904 -0.37078 0.8826
vn 0.06973 -0.61342 0.78667
vn 0.13288 -0.50541 0.85258
vn 0.31462 -0.44981 0.83587
vn 0.81419 0.36204 0.45389
vn 0.83422 0.36054 0.41723
vn 0.75282 0.59418 -0.28324
vn 0.85755 0.51194 -0.05029
vn 0.79134 0.53664 -0.29292
vn 0.84407 0.47437 -0.25003
vn 0.59079 -0.10747 0.79964
vn 0.57375 -0.25615 0.77794
vn 0.57006 -0.17149 0.8035
vn 0.33907 -0.36895 0.8654
vn 0.4304 -0.25365 0.86627
vn 0.66459 0.56931 -0.48396
vn 0.53772 0.54253 -0.64539
vn 0.5026 0.52733 -0.68506
vn 0.54597 0.4828 -0.6847
vn 0.60776 0.537 -0.58502
vn 0.54843 0.52946 -0.64722
vn 0.51235 0.55888 -0.65204
vn 0.44186 0.59484 -0.67151
vn 0.49943 0.4585 -0.73508
vn 0.30042 0.4948 -0.81543
vn 0.47587 0.5283 -0.70317
vn 0.42215 0.51007 -0.74941
vn 0.43889 0.48618 -0.75565
vn 0.30869 0.48752 -0.81672
vn 0.23541 0.44681 -0.8631
vn 0.22807 0.45058 -0.86311
vn -0.06804 0.33545 -0.9396
vn 0.16921 0.38659 -0.90659
vn -0.1718 0.35242 -0.91994
vn 0.16014 -0.11197 0.98072
vn 0.12221 -0.07668 0.98954
vn 0.0915 -0.17818 0.97973
vn 0.01528 -0.23278 0.97241
vn -0.06102 -0.30664 0.94987
vn 0.07442 -0.46364 0.88289
vn -0.05918 -0.71219 0.69949
vn -0.14989 -0.75268 0.64109
vn -0.10052 -0.32231 0.94128
vn -0.29689 -0.55941 0.7739
vn -0.24099 -0.4616 0.85373
vn 0.03257 -0.18897 0.98144
vn -0.17379 -0.56212 0.80859
vn -0.30529 -0.69206 0.65411
vn -0.33357 -0.80418 0.49195
vn -0.36235 -0.70895 0.60506
vn -0.34425 -0.85128 0.396
vn -0.40505 -0.8613 0.30675
vn -0.39267 -0.84041 0.37353
vn -0.45103 -0.85806 0.24559
vn -0.40896 -0.88517 0.22186
vn -0.44802 -0.87457 0.18547
vn 0.10023 0.39081 -0.915
vn 0.00419 0.52261 -0.85256
vn 0.17215 0.53207 -0.82902
vn 0.01115 0.40985 -0.91209
vn -0.18882 0.48741 -0.85251
vn -0.67413 -0.27328 -0.6862
vn -0.79293 -0.33037 -0.51197
vn -0.64942 -0.18506 -0.73756
vn -0.46433 -0.05473 -0.88397
vn -0.58898 -0.75641 -0.28451
vn -0.65233 -0.74031 -0.16251
vn -0.68371 -0.71905 -0.12452
vn -0.85918 -0.39579 -0.32429
vn -0.79422 -0.50743 -0.33425
vn -0.69236 -0.4503 -0.5638
vn -0.64074 -0.18629 -0.74481
vn -0.6756 -0.24408 -0.6957
vn 0.00779 0.26921 -0.96305
vn -0.03202 0.20349 -0.97855
vn -0.14486 0.07133 -0.98688
vn -0.23935 0.1896 -0.95224
vn -0.1585 0.13183 -0.97852
vn -0.1045 0.37112 -0.92269
vn -0.39734 -0.16745 -0.90226
vn -0.33616 -0.02578 -0.94145
vn -0.66616 -0.06044 -0.74336
vn -0.57794 -0.03961 -0.81511
vn -0.24108 -0.49254 0.83623
vn -0.37712 -0.69654 0.61043
vn -0.31003 -0.63965 0.70337
vn -0.46621 -0.73524 0.49201
vn -0.28324 -0.51422 0.80954
vn -0.41686 -0.80503 0.42208
vn -0.51028 -0.77445 0.37397
vn -0.32297 -0.62145 0.71379
vn -0.47195 -0.76175 0.44385
vn -0.40152 -0.76085 0.5098
vn -0.33734 -0.58386 0.73845
vn -0.53678 -0.79909 0.27079
vn -0.55267 -0.78257 0.28661
vn -0.52937 -0.80909 0.25522
vn -0.50289 -0.82897 0.24478
vn -0.4948 -0.8134 0.30586
vn -0.58625 -0.76838 0.25674
vn -0.60737 -0.77311 0.18276
vn -0.54962 -0.79508 0.25646
vn -0.57091 -0.79798 0.1931
vn -0.55604 -0.79537 0.24126
vn -0.57015 -0.77128 0.28295
vn -0.61507 -0.48101 -0.62476
vn -0.59438 -0.54266 -0.59349
vn -0.53489 -0.34377 -0.77183
vn -0.66427 -0.69636 -0.27171
vn -0.63641 -0.77126 -0.012
vn -0.62668 -0.73641 -0.25491
vn -0.60442 -0.7855 0.13291
vn -0.62322 -0.78191 -0.01448
vn -0.64325 -0.76335 0.05927
vn -0.58978 -0.80629 -0.04539
vn -0.70373 -0.68804 -0.1771
vn -0.59054 -0.20105 -0.78157
vn -0.75092 -0.13421 -0.64661
vn -0.67076 -0.30693 -0.67518
vn -0.77588 -0.25255 -0.57813
vn -0.80953 -0.12619 -0.57336
vn -0.6313 -0.14392 -0.76207
vn -0.78677 -0.14435 -0.60014
vn -0.7814 -0.09666 -0.6165
vn -0.80384 -0.25238 -0.53866
vn -0.79242 -0.40509 -0.45604
vn -0.74593 -0.58378 -0.32059
vn -0.737 -0.61652 -0.27701
vn -0.74246 -0.55374 -0.377
vn -0.70188 -0.49325 -0.51387
vn -0.78581 -0.398 -0.47338
vn -0.49492 -0.75052 0.43792
vn -0.54931 -0.79167 0.26741
vn -0.5618 -0.79654 0.22338
vn -0.51459 -0.82147 0.24573
vn -0.5097 -0.7919 0.3363
vn -0.51069 -0.81599 0.27086
vn -0.53523 -0.8182 0.20994
vn -0.52446 -0.80073 0.28944
vn -0.60962 -0.78332 -0.12154
vn -0.6134 -0.78935 -0.02569
vn -0.55082 -0.81121 0.19631
vn -0.51046 -0.79853 0.31903
vn -0.54328 -0.78896 0.28703
vn -0.63324 -0.70713 -0.3146
vn -0.63074 -0.73575 -0.24665
vn -0.62201 -0.76051 -0.18635
vn -0.61388 -0.6798 -0.40127
vn -0.65656 -0.75427 -6E-05
vn -0.64747 -0.74421 -0.16412
vn -0.5201 -0.80761 0.27797
vn -0.64534 -0.6952 -0.3166
vn -0.57652 -0.5803 -0.57522
vn -0.52535 -0.53108 -0.66481
vn -0.58289 -0.5279 -0.61771
vn 0.83741 0.50118 0.21808
vn 0.85255 0.4683 0.23206
vn 0.85752 0.50368 0.1047
vn 0.7505 0.30133 0.58817
vn 0.65148 0.41499 0.63511
vn 0.77144 0.45932 0.44035
vn 0.56834 0.41171 0.71238
vn 0.67838 0.54492 0.49281
vn 0.65418 0.63096 0.41706
vn 0.617 0.71442 0.33002
vn 0.58845 0.64385 0.48906
vn 0.55047 0.41833 0.72249
vn 0.55501 0.55741 0.61746
vn 0.4652 0.36949 0.8044
vn 0.64666 0.56518 0.51225
vn 0.36931 0.20087 0.90734
vn 0.49642 0.26642 0.82619
vn 0.70264 0.6868 0.18603
vn 0.69979 0.59903 0.38917
vn 0.75111 0.62168 0.22214
vn 0.72453 0.6878 0.04452
vn 0.76765 0.50632 0.39288
vn 0.80236 0.53937 0.25552
vn 0.78237 0.61751 0.0811
vn 0.79426 0.59967 0.0977
vn 0.74365 0.66706 0.04487
vn 0.6352 0.73637 0.23296
vn 0.6204 0.78324 0.04053
vn 0.67473 0.73787 0.01669
vn 0.58852 0.80664 -0.05454
vn 0.46167 0.78922 -0.40496
vn 0.54113 0.78134 -0.31095
vn 0.51839 0.78466 -0.33997
vn 0.61081 0.73978 -0.28221
vn 0.66741 0.74041 -0.07975
vn 0.61709 0.69281 -0.37311
vn 0.60739 0.59013 -0.53181
vn 0.69924 0.62188 -0.3526
vn 0.62711 0.63581 -0.44997
vn 0.58705 0.64895 -0.48398
vn 0.54776 0.60663 -0.57617
vn 0.31426 0.71046 -0.62967
vn 0.23622 0.74294 -0.62629
vn 0.28654 0.74011 -0.60839
vn 0.45853 0.69959 -0.54802
vn 0.41897 0.76729 -0.48552
vn 0.2516 0.68005 -0.68864
vn 0.4642 0.64918 -0.60257
vn 0.41652 0.63852 -0.64715
vn 0.31183 0.62219 -0.71808
vn 0.38501 0.2739 0.88133
vn 0.2935 0.10561 0.95011
vn 0.30994 0.18506 0.93257
vn 0.55365 0.64272 0.52952
vn 0.54697 0.57494 0.6085
vn 0.4216 0.33574 0.84234
vn 0.472 0.47596 0.74208
vn 0.25852 0.00722 0.96598
vn 0.26473 0.08398 0.96066
vn 0.24984 0.08531 0.96452
vn 0.24538 0.02975 0.96897
vn 0.34944 0.1964 0.91614
vn 0.33217 0.16935 0.92789
vn 0.39276 0.23807 0.88829
vn 0.18118 0.03254 0.98291
vn 0.19361 0.00176 0.98108
vn 0.48363 0.42738 0.76384
vn 0.54047 0.59332 0.59654
vn 0.13545 -0.05732 0.98913
vn 0.09326 -0.08469 0.99203
vn 0.13655 -0.05508 0.9891
vn -0.03067 -0.21828 0.9754
vn 0.34895 0.77279 -0.53012
vn 0.4152 0.84967 -0.32506
vn 0.4126 0.84267 -0.34593
vn 0.35338 0.8032 -0.47958
vn 0.38826 0.80203 -0.45388
vn 0.33701 0.70354 -0.62566
vn 0.25487 0.71477 -0.65127
vn 0.16664 0.7584 -0.63012
vn 0.21585 0.69656 -0.68426
vn 0.15524 0.71653 -0.68006
vn 0.16496 0.67519 -0.71897
vn -0.04965 0.62216 -0.78131
vn 0.34126 0.62659 -0.70066
vn -0.23703 0.28262 -0.92949
vn -0.03771 0.44543 -0.89452
vn -0.21348 0.50339 -0.83727
vn 0.07087 0.67516 -0.73426
vn 0.01474 0.59163 -0.80608
vn -0.16476 0.53218 -0.83045
vn -0.37026 0.26461 -0.89044
vn -0.27279 0.56126 -0.78139
vn -0.69337 0.25665 -0.67332
vn -0.56285 0.38301 -0.73246
vn -0.28869 0.55612 -0.77935
vn -0.26474 0.54571 -0.79506
vn 0.0883 -0.19484 0.97685
vn 0.19833 -0.09496 0.97552
vn 0.11876 -0.21066 0.97032
vn 0.03943 -0.34713 0.93699
vn 0.26893 -0.04903 0.96191
vn 0.06788 -0.21546 0.97415
vn 0.12468 -0.12019 0.98489
vn 0.3369 0.143 0.93062
vn 0.30181 0.0869 0.9494
vn 0.25554 -0.00422 0.96679
vn 0.10682 -0.16562 0.98039
vn -0.02456 -0.36142 0.93208
vn -0.07324 -0.29677 0.95213
vn -0.17018 -0.35673 0.91858
vn -0.24313 -0.42799 0.87046
vn 0.00526 -0.46801 0.88371
vn -0.06007 -0.52651 0.84805
vn -0.08492 -0.4089 0.90862
vn -0.13378 -0.51424 0.84715
vn -0.20667 -0.63811 0.74168
vn -0.49036 -0.40717 -0.77056
vn -0.09769 0.21474 -0.97177
vn 0.0903 0.37112 -0.92418
vn 0.13712 0.39276 -0.90936
vn 0.00702 0.23898 -0.971
vn 0.18396 0.53226 -0.82635
vn -0.20427 0.04388 -0.97793
vn -0.43116 0.03191 -0.90171
vn -0.42193 -0.20698 -0.88269
vn -0.47778 -0.10172 -0.87257
vn -0.82354 0.08528 -0.56081
vn -0.64279 0.24702 -0.72513
vn -0.4151 0.3835 -0.82499
vn -0.51528 0.53567 -0.66899
vn -0.35866 -0.27629 -0.89164
vn -0.36448 -0.24526 -0.89833
vn -0.33857 -0.20857 -0.91754
vn -0.01445 0.18333 -0.98295
vn -0.02784 -0.02862 -0.9992
vn -0.06731 0.1281 -0.98947
vn -0.35016 -0.21381 -0.91196
vn -0.37057 -0.29981 -0.87908
vn -0.41688 -0.37518 -0.82792
vn 0.07709 -0.28305 0.956
vn 0.05207 -0.37232 0.92664
vn -0.1664 -0.58854 0.79116
vn -0.04537 -0.44673 0.89352
vn -0.11669 -0.57731 0.80815
vn -0.29356 -0.7494 0.59348
vn -0.13132 -0.52583 0.84039
vn -0.21954 -0.5763 0.7872
vn -0.32879 -0.70264 0.63103
vn -0.43419 -0.76163 0.48104
vn -0.47052 -0.69561 0.5429
vn -0.31555 -0.66679 0.67514
vn -0.44 -0.7217 0.53437
vn -0.49166 -0.76888 0.40876
vn -0.30068 -0.78737 0.53818
vn -0.33541 -0.81476 0.47294
vn -0.37018 -0.82561 0.42584
vn -0.47737 -0.80329 0.35615
vn -0.55033 -0.79409 0.25798
vn -0.48597 -0.82257 0.29532
vn -0.59553 -0.78959 -0.14798
vn -0.61127 -0.72643 -0.31406
vn -0.65091 -0.75134 -0.10869
vn -0.57992 -0.81285 0.05452
vn -0.52 -0.40452 -0.75231
vn -0.48773 -0.48057 -0.72882
vn -0.43381 -0.39629 -0.80917
vn -0.58027 -0.54848 -0.60204
vn -0.63551 -0.65499 -0.4088
vn -0.59212 -0.62337 -0.51069
vn -0.55509 -0.80797 0.19763
vn -0.55963 -0.81002 0.17518
vn -0.6305 -0.77589 0.02158
vn -0.65662 -0.72552 -0.20608
vn -0.61526 -0.59504 -0.51709
vn -0.44961 -0.39702 -0.80014
vn -0.3309 -0.25899 -0.90743
vn -0.33828 -0.22498 -0.91376
vn -0.43589 -0.31221 -0.84411
vn -0.53668 -0.43578 -0.72254
vn -0.52626 -0.47017 -0.70851
vn -0.52373 -0.44323 -0.7275
vn -0.14951 -0.71147 0.68663
vn -0.24464 -0.79252 0.55863
vn -0.3896 -0.86442 0.31778
vn -0.42108 -0.83296 0.35897
vn -0.3917 -0.89197 0.22576
vn -0.33997 -0.86756 0.36298
vn -0.53416 -0.84514 -0.02038
vn -0.41336 -0.88518 0.21353
vn -0.49945 -0.86634 -0.0034
vn -0.39813 -0.88723 0.23306
vn -0.47987 -0.82576 0.29639
vn -0.46429 -0.85015 0.24833
vn -0.50059 -0.83343 0.23411
vn -0.4058 -0.88468 0.22948
vn -0.5606 -0.8005 0.21197
vn -0.29948 -0.8365 0.4589
vn -0.33492 -0.89059 0.3077
vn -0.38799 -0.89295 0.22826
vn -0.42306 -0.90509 0.04276
vn -0.4462 -0.88805 -0.11078
vn -0.55791 -0.81881 -0.13525
vn -0.5832 -0.77924 -0.22948
vn -0.513 -0.81856 -0.25845
vn -0.58478 -0.61038 -0.53429
vn -0.60258 -0.50147 -0.62083
vn -0.5678 -0.69202 -0.44577
vn -0.62382 -0.77566 0.09591
vn -0.58607 -0.80755 0.06628
vn -0.5328 -0.84614 -0.01328
vn -0.47648 -0.84635 -0.23802
vn -0.46053 -0.77448 -0.4337
vn -0.52788 -0.62655 -0.57339
vn 0.58717 0.74718 0.31139
vn 0.58599 0.7993 0.13319
vn 0.55447 0.81228 0.18103
vn 0.57704 0.81671 -0.00357
vn 0.57307 0.8108 0.11916
vn 0.57656 0.81444 0.06532
vn 0.48253 0.81622 -0.31771
vn 0.58637 0.80997 -0.01113
vn 0.56507 0.67564 0.47351
vn 0.57338 0.75093 0.32764
vn 0.55053 0.66722 0.50173
vn 0.53789 0.79498 0.2805
vn 0.62376 0.52633 0.57784
vn 0.65683 0.63656 0.4042
vn 0.58417 0.55672 0.5906
vn 0.50554 0.35562 0.78611
vn 0.60854 0.74945 0.26077
vn 0.65853 0.73758 0.14936
vn 0.65667 0.68681 0.31158
vn 0.59243 0.68477 0.4244
vn 0.45895 0.3032 0.83513
vn 0.55926 0.53405 0.63404
vn 0.55253 0.83321 -0.02169
vn 0.57305 0.81054 0.12099
vn 0.4987 0.863 0.08084
vn 0.45041 0.87867 -0.15833
vn 0.50853 0.85916 0.05696
vn 0.51711 0.8255 0.22615
vn 0.39135 0.8818 -0.26321
vn 0.47492 0.83606 -0.27468
vn 0.4672 0.83841 -0.2807
vn 0.54857 0.7998 -0.24368
vn 0.60942 0.7897 -0.0706
vn 0.62238 0.78186 0.03653
vn 0.69391 0.71881 0.04239
vn 0.59673 0.75651 -0.26759
vn 0.63984 0.76293 -0.09239
vn 0.54273 0.7853 -0.2979
vn 0.4383 0.75921 -0.48113
vn 0.54524 0.74783 -0.37877
vn 0.35834 0.61298 -0.70416
vn 0.26481 0.5658 -0.78086
vn 0.39114 0.66163 -0.63973
vn 0.21003 -0.18615 0.95981
vn 0.4646 0.37065 0.80422
vn 0.58536 0.56798 0.57859
vn 0.70551 0.66706 0.23936
vn 0.69605 0.64042 0.32462
vn 0.72653 0.67796 0.1119
vn 0.66037 0.58568 0.46998
vn 0.58711 0.48291 0.64969
vn 0.40743 0.21723 0.88703
vn 0.37781 0.07598 0.92276
vn 0.43688 0.3263 0.83825
vn 0.57131 0.35573 0.73963
vn 0.37133 0.16667 0.91342
vn 0.33221 0.10013 0.93788
vn 0.48104 0.31328 0.81881
vn 0.67331 0.50584 0.53924
vn 0.72076 0.67285 0.16667
vn 0.71867 0.62952 0.29531
vn 0.25402 -0.15562 0.9546
vn 0.19161 -0.17749 0.96529
vn 0.14329 -0.02912 0.98925
vn 0.74106 0.67143 -0.00329
vn 0.57521 0.56284 -0.59359
vn 0.64288 0.65115 -0.40338
vn 0.56779 0.58336 -0.58078
vn 0.63845 0.73082 -0.24142
vn 0.69617 0.6296 -0.34489
vn 0.54435 0.65928 -0.51868
vn 0.45796 0.66267 -0.59257
vn 0.72386 0.68833 0.04719
vn 0.56767 0.5737 -0.59044
vn 0.69325 0.62097 -0.3658
vn 0.32556 0.3871 -0.86265
vn 0.42948 0.42181 -0.79851
vn 0.39372 0.4414 -0.80632
vn 0.3442 0.53125 -0.77415
vn 0.38453 0.47532 -0.79133
vn 0.24971 0.44306 -0.86101
vn 0.16199 0.43284 -0.8868
vn 0.26132 0.5395 -0.80041
vn 0.25269 0.31032 -0.91643
vn 0.1427 0.19861 -0.96963
vn 0.10557 0.27444 -0.95579
vn -0.03144 0.09164 -0.9953
vn 0.23602 -0.22754 0.94473
vn 0.32065 -0.01178 0.94713
vn 0.19171 -0.17769 0.96523
vn 0.15961 -0.32198 0.93319
vn 0.15465 -0.27462 0.94904
vn 0.11667 -0.39168 0.91268
vn 0.1905 -0.25236 0.94869
vn 0.04284 -0.47266 0.8802
vn 0.08654 -0.3732 0.92371
vn 0.40302 0.08561 0.91118
vn 0.30274 0.19098 0.93374
vn 0.53043 0.18056 0.82828
vn 0.42762 0.15174 0.89113
vn 0.3742 0.00519 0.92733
vn 0.11693 -0.27745 0.9536
vn 0.11879 -0.26498 0.95691
vn 0.0409 -0.22385 0.97376
vn 0.06066 -0.26486 0.96238
vn -0.03578 -0.36809 0.9291
vn 0.03111 -0.34255 0.93898
vn 0.43863 0.31692 -0.84093
vn 0.34214 0.31283 -0.88605
vn -0.38524 -0.50938 -0.76949
vn 0.10191 0.0874 -0.99095
vn 0.25601 0.13603 -0.95706
vn 0.02371 -0.06355 -0.9977
vn -0.30179 -0.02839 -0.95295
vn -0.03597 -0.00062 -0.99935
vn -0.26529 -0.25674 -0.92936
vn -0.1548 -0.09324 -0.98354
vn -0.09542 -0.37145 -0.92354
vn -0.0295 -0.4186 -0.90769
vn 0.02616 -0.36767 -0.92959
vn 0.32813 0.23819 -0.91411
vn 0.27126 0.07185 -0.95982
vn 0.22728 -0.12464 -0.96582
vn 0.24348 0.03917 -0.96911
vn -0.09242 -0.2358 -0.9674
vn -0.1626 -0.3869 -0.90767
vn -0.22625 -0.536 -0.81333
vn 0.16584 -0.18733 0.9682
vn 0.12951 -0.25929 0.95708
vn 0.04804 -0.38117 0.92325
vn 0.08781 -0.31051 0.9465
vn -0.00976 -0.43275 0.90146
vn 0.01518 -0.49393 0.86937
vn -0.02978 -0.49797 0.86668
vn 0.00455 -0.32559 0.9455
vn -0.03974 -0.42909 0.90239
vn -0.01326 -0.40158 0.91573
vn 0.03745 -0.31532 0.94824
vn 0.13043 -0.23521 0.96315
vn -0.05382 -0.5342 0.84364
vn -0.2064 -0.75751 0.61934
vn -0.13359 -0.61578 0.77651
vn -0.16886 -0.69384 0.70005
vn -0.25367 -0.85727 0.44805
vn -0.11207 -0.66973 0.7341
vn -0.17847 -0.74209 0.6461
vn -0.29747 -0.9066 0.29931
vn -0.28842 -0.88736 0.35973
vn -0.31586 -0.91472 0.25204
vn -0.29 -0.93383 0.20941
vn -0.2837 -0.91434 0.28895
vn -0.38555 -0.88275 0.26854
vn -0.43148 -0.68278 -0.58961
vn -0.43567 -0.61982 -0.6527
vn -0.36035 -0.71471 -0.59945
vn -0.36915 -0.73798 -0.5649
vn -0.4066 -0.80523 -0.43161
vn -0.46759 -0.72295 -0.50863
vn -0.42972 -0.73592 -0.52323
vn -0.45388 -0.64503 -0.61477
vn -0.37034 -0.6464 -0.66709
vn -0.41562 -0.89639 -0.15412
vn -0.44251 -0.84861 -0.28991
vn -0.44622 -0.83999 -0.30871
vn -0.44389 -0.73362 -0.51456
vn -0.19716 -0.62511 -0.75522
vn -0.12106 -0.41147 -0.90335
vn 0.04601 -0.52669 -0.84881
vn -0.10063 -0.54612 -0.83164
vn -0.3292 -0.71413 -0.61778
vn -0.264 -0.74527 -0.61228
vn -0.34989 -0.76764 -0.53694
vn -0.18496 -0.61806 -0.76406
vn -0.20341 -0.48986 -0.84774
vn -0.04557 -0.38991 0.91972
vn -0.17854 -0.61115 0.77112
vn -0.13251 -0.4819 0.86615
vn -0.29298 -0.68315 0.66893
vn -0.09446 -0.40923 0.90753
vn -0.24868 -0.8035 0.54088
vn -0.36395 -0.79148 0.49102
vn -0.27494 -0.63272 0.72393
vn -0.13245 -0.50714 0.85162
vn -0.30004 -0.70144 0.64649
vn -0.4081 -0.8075 0.42591
vn -0.40468 -0.90077 0.15766
vn -0.36743 -0.86429 0.3435
vn -0.43973 -0.86623 0.23723
vn -0.39961 -0.9037 0.15374
vn -0.48572 -0.86487 -0.12679
vn -0.48376 -0.8707 0.08866
vn -0.48279 -0.87209 -0.07988
vn -0.38985 -0.91874 0.06267
vn -0.45806 -0.88245 0.10704
vn -0.41151 -0.8739 0.25877
vn -0.42179 -0.86909 0.25842
vn -0.41684 -0.88638 0.20141
vn -0.37414 -0.84113 0.39055
vn -0.43007 -0.85279 0.2963
vn -0.44854 -0.87985 -0.15711
vn -0.42251 -0.90355 -0.07133
vn -0.44578 -0.89512 -0.00593
vn -0.44114 -0.89178 0.10062
vn -0.41839 -0.89896 0.12971
vn -0.40193 -0.90502 0.13929
vn -0.41139 -0.90982 0.05466
vn -0.40709 -0.9096 0.08305
vn -0.40348 -0.89807 0.17515
vn -0.45181 -0.88345 0.12403
vn -0.48442 -0.76813 -0.41871
vn -0.42734 -0.8469 -0.31644
vn -0.38702 -0.75424 -0.53041
vn -0.37046 -0.8241 -0.4285
vn -0.34135 -0.80881 -0.47886
vn -0.3146 -0.85387 -0.41466
vn -0.3555 -0.79004 -0.49945
vn -0.40981 -0.65613 -0.63368
vn -0.45531 -0.82101 -0.34443
vn -0.40161 -0.76653 -0.50115
vn -0.47498 -0.84434 -0.24798
vn -0.40321 -0.67303 -0.62004
vn -0.38097 -0.83765 -0.3914
vn -0.51351 -0.77874 -0.36036
vn -0.45248 -0.71453 -0.53358
vn -0.35741 -0.79619 -0.48821
vn -0.36024 -0.85041 -0.38344
vn -0.36936 -0.79579 -0.47989
vn -0.34863 -0.74158 -0.57316
vn -0.33774 -0.776 -0.53269
vn -0.40352 -0.82062 0.40466
vn -0.43703 -0.76981 0.46518
vn -0.34811 -0.65832 0.66741
vn -0.29766 -0.69606 0.65338
vn -0.39892 -0.7818 0.47922
vn -0.48195 -0.81224 0.32862
vn -0.47591 -0.83265 0.28319
vn -0.42506 -0.87505 0.23154
vn -0.48068 -0.8539 0.19948
vn -0.5715 -0.79428 -0.2062
vn -0.52959 -0.84621 -0.05894
vn -0.57046 -0.77919 -0.25968
vn -0.46433 -0.88435 0.04822
vn -0.50934 -0.85795 -0.06708
vn -0.47443 -0.87986 0.02753
vn -0.46962 -0.88228 0.0323
vn -0.51455 -0.80854 0.28548
vn -0.53894 -0.80568 0.24581
vn -0.52245 -0.84013 -0.14571
vn -0.51272 -0.83425 -0.20285
vn -0.47971 -0.79994 -0.36052
vn -0.60392 -0.6826 -0.41151
vn -0.54627 -0.74432 -0.38415
vn 0.72987 0.50223 0.46374
vn 0.75433 0.57148 0.32312
vn 0.72218 0.50268 0.47515
vn 0.67369 0.36349 0.64344
vn 0.75499 0.63578 0.16052
vn 0.75541 0.65241 0.06102
vn 0.76247 0.61243 0.20872
vn 0.73727 0.60625 0.29815
vn 0.61891 0.37774 0.68867
vn 0.70213 0.53687 0.46774
vn 0.73305 0.63298 0.24895
vn 0.73219 0.68097 -0.01337
vn 0.74274 0.66787 0.0478
vn 0.72984 0.6822 0.04412
vn 0.70692 0.65888 -0.25717
vn 0.68767 0.65865 -0.30543
vn 0.71644 0.6713 -0.18993
vn 0.73282 0.68042 0.00068
vn 0.7483 0.66 -0.06669
vn 0.74264 0.66672 0.063
vn 0.70328 0.65875 -0.26732
vn 0.67004 0.65649 -0.34651
vn 0.72573 0.68119 -0.0964
vn 0.73817 0.67449 -0.01314
vn 0.74725 0.66416 -0.02267
vn 0.69448 0.61389 -0.37528
vn 0.65478 0.62271 -0.42837
vn 0.74432 0.66461 0.0654
vn 0.7424 0.66648 0.06823
vn 0.73485 0.67359 0.07916
vn 0.75402 0.65488 0.05086
vn 0.56131 0.54078 -0.62649
vn 0.62967 0.5575 -0.54103
vn 0.68402 0.27972 0.6737
vn 0.7241 0.43373 0.53624
vn 0.562 0.24242 0.79081
vn 0.44425 0.02517 0.89555
vn 0.47909 0.05936 0.87576
vn 0.39588 -0.00149 0.9183
vn 0.52752 0.15083 0.83605
vn 0.3641 -0.06698 0.92895
vn 0.42921 0.0709 0.90042
vn 0.65651 0.3709 0.65683
vn 0.73765 0.52011 0.43053
vn 0.74305 0.4785 0.46789
vn 0.71543 0.45168 0.53306
vn 0.63057 0.3012 0.7153
vn 0.75658 0.62092 0.20507
vn 0.76199 0.5874 0.27265
vn 0.76047 0.63438 0.13871
vn 0.60271 0.28729 0.74445
vn 0.50414 0.18355 0.84389
vn 0.32984 -0.01566 0.94391
vn 0.75066 0.66068 0.00175
vn 0.75819 0.65146 0.02744
vn 0.73634 0.67337 -0.0661
vn 0.57594 0.61965 -0.53322
vn 0.62611 0.62898 -0.46085
vn 0.57169 0.5422 -0.61578
vn 0.68442 0.65811 -0.3138
vn 0.68697 0.6614 -0.30105
vn 0.6031 0.49365 -0.62656
vn 0.53324 0.41885 -0.735
vn 0.65702 0.54867 -0.51699
vn 0.65823 0.61583 -0.433
vn 0.39012 0.33493 -0.85769
vn 0.50404 0.39415 -0.7685
vn 0.50655 0.41365 -0.7565
vn 0.43537 0.37768 -0.8172
vn 0.46397 0.45567 -0.75967
vn 0.37448 0.31611 -0.87169
vn 0.39273 0.32719 -0.85948
vn 0.33798 0.29892 -0.89242
vn 0.41667 0.2463 -0.87505
vn 0.30582 0.2248 -0.92517
vn 0.34819 0.18593 -0.9188
vn 0.25127 0.09552 -0.96319
vn 0.49194 0.22922 0.83992
vn 0.41649 0.07508 0.90603
vn 0.39014 0.00799 0.92072
vn 0.369 0.07273 0.92658
vn 0.17935 -0.13677 0.97423
vn 0.15012 -0.18702 0.97082
vn 0.2056 -0.18091 0.96177
vn 0.19959 -0.19239 0.96081
vn 0.12998 -0.22807 0.96493
vn 0.23202 -0.16598 0.95845
vn 0.21177 -0.12893 0.96878
vn 0.13126 -0.11829 0.98426
vn 0.073 -0.22729 0.97109
vn 0.11783 -0.18835 0.97501
vn 0.17665 -0.1087 0.97825
vn 0.37578 0.08554 0.92275
vn 0.29703 0.03179 0.95434
vn 0.07837 -0.23735 0.96826
vn 0.00351 -0.28964 0.95713
vn 0.07045 -0.2695 0.96042
vn 0.49817 0.25773 -0.82789
vn 0.37878 0.2462 -0.89214
vn 0.28998 0.23269 -0.92831
vn 0.41496 0.15278 -0.89692
vn 0.26941 0.07112 -0.9604
vn 0.24939 0.09365 -0.96386
vn 0.31838 0.14506 -0.9368
vn 0.09516 0.01332 -0.99537
vn 0.22308 0.09781 -0.96988
vn 0.25467 -0.06971 -0.96451
vn 0.14757 -0.0725 -0.98639
vn 0.29858 0.06922 -0.95187
vn 0.21463 0.04401 -0.9757
vn 0.29866 0.2033 -0.93246
vn 0.38539 0.21887 -0.89642
vn 0.39169 0.20222 -0.8976
vn 0.20719 -0.10524 -0.97262
vn -0.20013 -0.32219 -0.92528
vn 0.07823 -0.39672 -0.9146
vn -0.00607 -0.54749 -0.83679
vn 0.09292 -0.25503 -0.96246
vn 0.02551 -0.13175 0.99096
vn 0.06506 -0.07456 0.99509
vn 0.05572 -0.19559 0.9791
vn 0.04434 -0.22317 0.97377
vn 0.04806 -0.2611 0.96412
vn 0.04069 -0.26733 0.96274
vn 0.05778 -0.2557 0.96503
vn 0.00413 -0.30568 0.95213
vn -0.01085 -0.38077 0.9246
vn -0.00613 -0.20879 0.97794
vn -0.12172 -0.31963 0.93969
vn 0.02044 -0.29525 0.9552
vn 0.12099 -0.15201 0.98094
vn 0.05769 -0.28 0.95826
vn 0.00145 -0.36973 0.92914
vn -0.17058 -0.58708 0.79135
vn -0.20869 -0.4259 0.88037
vn -0.43338 -0.8137 -0.38739
vn -0.56733 -0.7228 -0.39458
vn -0.48387 -0.81883 -0.30885
vn 0.21518 0.15312 -0.96449
vn 0.18737 0.03595 -0.98163
vn 0.13234 0.03541 -0.99057
vn -0.21561 -0.22943 -0.94914
vn -0.1697 -0.3052 -0.93704
vn -0.10774 -0.29446 -0.94957
vn 0.12895 0.00397 -0.99164
vn 0.17232 0.11627 -0.97815
vn -0.2822 -0.70846 -0.64687
vn -0.29458 -0.76104 -0.57796
vn -0.18601 -0.45233 -0.87224
vn 0.0887 -0.28955 -0.95304
vn -0.0073 -0.23774 -0.9713
vn -0.2244 -0.44999 -0.86438
vn -0.24198 -0.25827 -0.93528
vn -0.52233 -0.64992 -0.55207
vn -0.49812 -0.54776 -0.67219
vn -0.44775 -0.62487 -0.63957
vn 0.06654 0.06558 -0.99563
vn -0.31144 -0.43232 -0.84623
vn -0.40966 -0.79557 -0.44636
vn -0.43363 -0.76907 -0.46957
vn -0.37643 -0.70759 -0.59801
vn -0.22795 -0.48787 -0.84263
vn -0.14403 -0.23605 0.96101
vn -0.10775 -0.21132 0.97146
vn -0.10967 -0.28411 0.9525
vn -0.13454 -0.3274 0.93526
vn -0.13092 -0.32357 0.9371
vn -0.22347 -0.43006 0.8747
vn -0.24264 -0.5829 0.77547
vn -0.25589 -0.66033 0.70604
vn -0.18379 -0.36515 0.91263
vn -0.42528 -0.54086 0.72568
vn -0.27771 -0.46129 0.84267
vn -0.09984 -0.25919 0.96065
vn -0.21982 -0.5062 0.83393
vn -0.36984 -0.63992 0.67359
vn -0.50495 -0.76437 0.40096
vn -0.52779 -0.67165 0.51992
vn -0.53098 -0.80045 0.2781
vn -0.5761 -0.77391 0.26298
vn -0.51744 -0.80583 0.28791
vn -0.52978 -0.84813 0.00265
vn -0.66221 -0.74923 -0.01164
vn -0.55662 -0.82461 -0.10093
vn -0.53997 -0.70799 -0.45517
vn -0.46098 -0.76108 -0.45634
vn -0.55346 -0.73361 -0.39434
vn -0.61429 -0.70841 -0.34756
vn -0.54803 -0.73483 -0.39961
vn -0.4556 -0.72857 -0.51148
vn -0.62021 -0.67328 -0.40253
vn -0.5867 -0.69251 -0.41978
vn -0.58926 -0.67358 -0.44617
vn -0.6242 -0.66039 -0.41744
vn -0.56149 -0.64584 -0.51731
vn -0.57165 -0.61857 -0.53906
vn -0.59432 -0.5224 -0.61146
vn -0.54634 -0.71491 -0.43637
vn -0.53889 -0.66762 -0.51369
vn -0.5445 -0.69462 -0.47013
vn -0.52606 -0.73855 -0.42166
vn -0.55517 -0.75982 -0.33832
vn -0.51919 -0.68064 -0.51688
vn -0.57726 -0.64415 -0.50184
vn -0.51641 -0.45825 -0.72341
vn -0.50727 -0.44125 -0.74025
vn -0.54757 -0.61908 -0.56294
vn -0.55278 -0.69281 -0.46308
vn -0.34829 -0.58166 0.73509
vn -0.52574 -0.6955 0.48978
vn -0.50604 -0.66552 0.54864
vn -0.54863 -0.71976 0.42539
vn -0.62834 -0.63911 0.44354
vn -0.62501 -0.73258 0.26961
vn -0.48897 -0.60738 0.6261
vn -0.62601 -0.67791 0.38542
vn -0.64355 -0.70901 0.28835
vn -0.6259 -0.70812 0.32684
vn -0.60551 -0.70038 0.37793
vn -0.69342 -0.71345 -0.10082
vn -0.67093 -0.73139 -0.12214
vn -0.65349 -0.74779 -0.1173
vn -0.61938 -0.76032 0.19566
vn -0.65545 -0.75524 0.00111
vn -0.61835 -0.74301 0.2561
vn -0.63353 -0.72908 0.25901
vn -0.61868 -0.75452 0.21894
vn -0.66647 -0.7414 -0.07834
vn -0.66426 -0.71286 -0.22491
vn -0.63482 -0.74104 -0.21878
vn -0.76195 -0.64401 0.06835
vn -0.74374 -0.6639 -0.07805
vn -0.68677 -0.64485 0.33542
vn -0.65868 -0.70376 0.2662
vn -0.62993 -0.7733 -0.07202
vn -0.70057 -0.70753 -0.09274
vn -0.65218 -0.74339 -0.14842
vn -0.63285 -0.73821 -0.23353
vn -0.59974 -0.69718 -0.39275
vn -0.47378 -0.78135 -0.40624
vn -0.63566 -0.63788 -0.43479
vn -0.55777 -0.71433 -0.42264
vn -0.56798 -0.74787 -0.34364
vn -0.57181 -0.67844 -0.46125
vn -0.62927 -0.5858 -0.51075
vn -0.66567 -0.61971 -0.41575
vn 0.66179 0.44642 0.60229
vn 0.77596 0.57746 0.25382
vn 0.78491 0.50362 0.36094
vn 0.79746 0.53219 0.2843
vn 0.80495 0.5572 0.20389
vn 0.7673 0.56113 0.31046
vn 0.77134 0.47729 0.42099
vn 0.80972 0.58274 0.06896
vn 0.80954 0.56843 0.14672
vn 0.83287 0.55127 0.04922
vn 0.75651 0.55956 0.33851
vn 0.72139 0.63604 0.27395
vn 0.73369 0.58323 0.34863
vn 0.76404 0.50256 0.40456
vn 0.76437 0.63573 0.10764
vn 0.74191 0.66983 0.02997
vn 0.74077 0.6472 0.17997
vn 0.74733 0.66409 -0.02191
vn 0.81099 0.58466 0.02143
vn 0.72164 0.45805 0.51907
vn 0.72367 0.63063 -0.28037
vn 0.75769 0.62567 -0.18557
vn 0.70968 0.62825 -0.31885
vn 0.70673 0.58885 -0.39216
vn 0.70643 0.63531 -0.312
vn 0.74217 0.65952 -0.11926
vn 0.79712 0.6037 -0.01255
vn 0.76399 0.64442 -0.03245
vn 0.70223 0.57532 -0.41938
vn 0.72098 0.60416 -0.33939
vn 0.65627 0.63513 -0.40732
vn 0.68965 0.66111 -0.29548
vn 0.74219 0.66941 -0.03235
vn 0.72774 0.68245 -0.06825
vn 0.80428 0.58151 -0.12243
vn 0.72811 0.57346 -0.3755
vn 0.63315 0.52147 -0.572
vn 0.62615 0.5971 -0.5014
vn 0.54467 0.72192 0.42682
vn 0.65691 0.56565 0.49851
vn 0.67316 0.61794 0.4062
vn 0.59176 0.31783 0.74081
vn 0.5441 0.53137 0.6493
vn 0.72093 0.373 0.58406
vn 0.47592 0.26912 0.8373
vn 0.54464 0.20369 0.81356
vn 0.62332 0.31731 0.7147
vn 0.42565 0.10272 0.89904
vn 0.34245 0.38479 0.85712
vn 0.34534 0.25337 0.90363
vn 0.53243 0.50962 0.67587
vn 0.18659 0.13556 0.97304
vn 0.17316 0.07825 0.98178
vn 0.11912 -0.05884 0.99113
vn 0.5197 0.74543 0.41743
vn 0.54847 0.70794 0.44498
vn 0.32631 0.11697 0.938
vn 0.13345 0.03143 0.99056
vn 0.08865 0.00085 0.99606
vn 0.16414 -0.02835 0.98603
vn 0.17239 -0.04768 0.98387
vn 0.27352 -0.02884 0.96143
vn 0.65896 0.67158 0.33876
vn 0.53573 0.73598 0.4139
vn 0.61991 0.66724 -0.41292
vn 0.5109 0.6338 -0.58076
vn 0.55447 0.64212 -0.52938
vn 0.51454 0.61568 -0.59681
vn 0.5258 0.60617 -0.59673
vn 0.5336 0.50733 -0.67667
vn 0.41958 0.73427 -0.53367
vn 0.49992 0.71416 -0.48994
vn 0.43548 0.44058 -0.78501
vn 0.47759 0.6253 -0.61718
vn 0.45767 0.51987 -0.7213
vn 0.38425 0.55816 -0.7354
vn 0.42928 0.55318 -0.71394
vn 0.32859 0.47461 -0.81656
vn 0.39297 0.41438 -0.8209
vn 0.29494 0.4356 -0.85045
vn 0.36062 0.41832 -0.83364
vn 0.32593 0.35333 -0.87689
vn 0.33285 0.36646 -0.86886
vn 0.25335 0.3916 -0.88457
vn 0.06198 0.0178 0.99792
vn 0.08707 1E-05 0.9962
vn 0.12573 0.28636 0.94984
vn 0.1677 0.28837 0.94272
vn 0.12587 0.09084 0.98788
vn 0.11155 0.01989 0.99356
vn 0.12631 -0.01885 0.99181
vn 0.0705 0.00065 0.99751
vn 0.10583 -0.01778 0.99423
vn 0.1384 -0.06994 0.9879
vn 0.11918 -0.01288 0.99279
vn 0.06473 -0.05765 0.99624
vn 0.20339 0.16634 0.96487
vn 0.1816 0.22047 0.95834
vn 0.18231 -0.00227 0.98324
vn 0.12939 -0.04115 0.99074
vn 0.10924 -0.02148 0.99378
vn -0.02097 -0.09032 0.99569
vn 0.51728 0.6093 -0.60097
vn 0.50803 0.43995 -0.7405
vn 0.54168 0.41515 -0.73091
vn 0.48983 0.4108 -0.76897
vn 0.49022 0.16664 -0.85552
vn 0.45424 0.17414 -0.87369
vn 0.42562 0.18214 -0.88638
vn 0.36393 0.11267 -0.92459
vn 0.35605 0.13828 -0.92418
vn 0.35182 0.42514 -0.83395
vn 0.34291 0.27777 -0.89736
vn 0.31307 0.30344 -0.89995
vn 0.20528 0.14668 -0.96765
vn 0.2831 0.11179 -0.95255
vn 0.15796 0.08812 -0.98351
vn -0.04249 -0.00209 -0.99909
vn 0.13157 0.3698 -0.91975
vn 0.30333 0.39148 -0.86876
vn 0.06661 0.0404 -0.99696
vn -0.0153 0.05179 -0.99854
vn -0.36859 -0.12583 -0.92104
vn 0.03255 0.0919 -0.99524
vn -0.01946 -0.10197 0.9946
vn 0.04857 -0.06546 0.99667
vn 0.04056 -0.02642 0.99883
vn 0.02337 0.04916 0.99852
vn 0.00432 -0.03887 0.99923
vn -0.0248 -0.1393 0.98994
vn -0.06041 -0.11803 0.99117
vn -0.05532 -0.1639 0.98493
vn 0.02506 -0.15657 0.98735
vn 0.00333 -0.00027 0.99999
vn -0.02002 -0.1404 0.98989
vn 0.00344 -0.04938 0.99877
vn 0.00649 -0.18241 0.9832
vn -0.03806 -0.22999 0.97245
vn -0.10368 -0.31358 0.94388
vn -0.58338 -0.49259 -0.64578
vn -0.08648 0.24849 -0.96476
vn -0.3466 -0.19102 -0.91836
vn -0.42185 -0.18039 -0.88854
vn -0.31176 -0.13943 -0.93988
vn -0.0714 0.00066 -0.99745
vn -0.18726 -0.02439 -0.98201
vn -0.15381 0.032 -0.98758
vn -0.11042 0.22343 -0.96844
vn -0.50058 -0.26771 -0.82326
vn -0.41759 -0.23792 -0.87694
vn -0.32283 -0.12984 -0.93751
vn -0.26194 -0.0332 -0.96451
vn -0.2588 -0.09662 -0.96109
vn -0.42285 -0.26715 -0.86593
vn -0.48991 -0.32993 -0.80693
vn -0.37864 -0.19182 -0.90545
vn -0.54328 -0.37047 -0.75339
vn -0.23959 -0.16929 -0.956
vn -0.21635 -0.12025 -0.96888
vn -0.2207 0.18656 -0.95733
vn -0.54703 -0.44434 -0.70945
vn -0.16267 -0.18453 0.96927
vn -0.05116 -0.19188 0.98008
vn -0.04203 -0.0049 0.9991
vn -0.0561 0.05009 0.99717
vn -0.10105 -0.14044 0.98492
vn -0.20487 -0.26977 0.94088
vn -0.19715 -0.27005 0.94245
vn -0.26124 -0.4022 0.87749
vn -0.48284 -0.483 0.73047
vn -0.1231 -0.11294 0.98595
vn -0.25527 -0.2337 0.9382
vn -0.28967 -0.36807 0.88352
vn -0.34905 -0.36623 0.86258
vn -0.47948 -0.55633 0.67867
vn -0.40526 -0.5311 0.74411
vn -0.49757 -0.68835 0.52783
vn -0.30058 -0.31286 0.90098
vn -0.49828 -0.51275 0.69915
vn -0.57772 -0.64498 0.50025
vn -0.57564 -0.72777 0.37281
vn -0.57718 -0.77727 0.25043
vn -0.57513 -0.79085 0.20923
vn -0.59222 -0.75501 0.28149
vn -0.59062 -0.80429 0.06538
vn -0.45955 -0.87992 0.12068
vn -0.42977 -0.89902 0.08404
vn -0.43756 -0.73656 -0.51577
vn -0.24246 -0.89318 -0.37875
vn -0.49205 -0.64384 -0.58596
vn -0.62639 -0.52396 -0.57714
vn -0.35393 -0.599 -0.71828
vn -0.15 -0.77913 -0.60865
vn -0.15921 -0.49995 -0.85129
vn -0.0957 -0.40112 -0.91101
vn -0.21262 -0.29659 -0.93103
vn -0.18176 -0.73422 -0.65413
vn -0.09294 -0.81659 -0.56969
vn -0.05488 -0.60788 -0.79213
vn -0.14724 -0.59695 -0.78865
vn -0.34894 -0.93593 -0.04765
vn -0.22325 -0.9733 -0.05344
vn -0.29597 -0.93959 -0.17193
vn -0.50809 -0.84266 -0.17823
vn -0.22736 -0.90789 -0.35221
vn -0.51743 -0.4537 -0.72555
vn -0.29688 -0.2487 -0.92196
vn -0.43424 -0.24366 -0.86722
vn -0.34288 -0.44582 -0.82685
vn -0.28303 -0.54729 -0.78763
vn -0.3129 -0.40524 0.859
vn -0.43039 -0.722 0.54174
vn -0.38238 -0.60545 0.69801
vn -0.43514 -0.76748 0.47077
vn -0.36255 -0.36784 0.8563
vn -0.56295 -0.77545 0.28595
vn -0.39576 -0.85909 0.32457
vn -0.43976 -0.67543 0.59195
vn -0.43814 -0.45494 0.77528
vn -0.44244 -0.66091 0.60617
vn -0.42918 -0.8109 0.39781
vn -0.43122 -0.88269 0.18684
vn -0.51731 -0.84355 0.14428
vn -0.44545 -0.85511 0.26525
vn -0.2798 -0.89674 0.34287
vn -0.36987 -0.91208 0.17692
vn -0.42805 -0.8846 0.1851
vn -0.27556 -0.93898 0.20588
vn -0.3583 -0.93141 0.06401
vn -0.26243 -0.94698 0.18537
vn -0.42664 -0.82836 0.36305
vn -0.43459 -0.83525 0.33689
vn -0.41047 -0.85053 0.32882
vn -0.42493 -0.79183 0.43869
vn -0.39745 -0.81021 0.4308
vn -0.41463 -0.8574 0.30489
vn -0.3167 -0.90629 0.27988
vn -0.24336 -0.94822 0.2041
vn -0.30197 -0.9449 0.12641
vn -0.25989 -0.94819 0.18274
vn -0.30693 -0.9352 0.17659
vn -0.28426 -0.94982 0.13057
vn -0.01492 -0.23397 -0.97213
vn 0.06106 -0.44643 -0.89273
vn 0.02523 -0.72163 -0.69182
vn -0.20106 -0.97395 -0.10485
vn -0.13948 -0.94624 -0.29187
vn -0.42127 -0.90143 0.09975
vn -0.28803 -0.95509 0.0696
vn -0.1854 -0.94894 0.25523
vn -0.23247 -0.94211 0.24162
vn -0.12779 -0.91007 -0.39425
vn -0.16012 -0.9135 -0.37399
vn -0.11978 -0.81893 -0.56126
vn -0.15186 -0.83606 -0.5272
vn -0.12647 -0.84026 -0.52722
vn -0.19175 -0.86692 -0.46009
vn -0.21151 -0.88792 -0.40848
vn -0.23943 -0.90947 -0.3399
vn -0.28738 -0.94689 0.14428
vn -0.28737 -0.94433 0.16016
vn -0.18548 -0.98061 -0.06321
vn -0.17854 -0.9804 0.08334
vn -0.25713 -0.96571 0.03599
vn -0.24199 -0.95604 -0.1656
vn -0.01752 -0.65956 -0.75145
vn 0.10928 -0.4832 -0.86866
vn -0.05459 -0.73132 -0.67984
vn -0.0007 -0.70263 -0.71156
vn -0.08459 -0.76668 -0.63643
vn 0.06423 -0.50578 -0.86027
vn 0.16091 -0.30489 -0.9387
vn 0.17358 -0.53537 -0.82659
vn -0.42353 -0.77637 0.46677
vn -0.402 -0.75502 0.51802
vn -0.42319 -0.57782 0.69788
vn -0.4127 -0.5761 0.70554
vn -0.37679 -0.64554 0.66431
vn -0.4029 -0.74297 0.53447
vn -0.39811 -0.79627 0.45548
vn -0.40346 -0.84048 0.36169
vn -0.38236 -0.83619 0.39318
vn -0.41679 -0.85713 0.30267
vn -0.35572 -0.91129 0.20738
vn -0.40546 -0.878 0.2544
vn -0.4191 -0.8751 0.24198
vn -0.299 -0.83568 0.46069
vn -0.14321 -0.91036 0.38826
vn -0.34226 -0.8831 0.32091
vn -0.37915 -0.80014 0.46478
vn -0.13538 -0.93843 0.31785
vn -0.4008 -0.88597 0.23326
vn -0.17448 -0.94723 0.26892
vn -0.44332 -0.85932 0.25502
vn -0.39494 -0.88529 0.24552
vn -0.3731 -0.90497 0.20451
vn -0.20755 -0.8692 -0.44879
vn -0.28427 -0.94616 -0.15481
vn -0.24889 -0.96486 -0.08425
vn -0.40013 -0.90435 -0.14846
vn -0.26354 -0.96346 0.04783
vn -0.30119 -0.95312 0.02925
vn -0.23693 -0.96297 -0.12865
vn -0.38441 -0.89617 0.22163
vn -0.32834 -0.93473 0.13592
vn -0.28231 -0.93351 -0.22103
vn -0.21666 -0.94419 0.24812
vn -0.11892 -0.98209 0.14617
vn 0.02978 -0.96159 0.27288
vn -0.11594 -0.993 -0.02242
vn 0.00424 -0.98591 -0.16721
vn -0.03063 -0.99182 -0.12392
vn -0.07542 -0.99689 0.02285
vn 0.11153 -0.97809 0.17578
vn 0.09034 -0.9924 0.08354
vn -0.19144 -0.91569 -0.35337
vn 0.1148 -0.74697 -0.65487
vn -0.08524 -0.68039 -0.72787
vn 0.04518 -0.89102 -0.45171
vn -0.08982 -0.8596 -0.50301
vn 0.04623 -0.89548 -0.4427
vn 0.36918 -0.88138 -0.29476
vn 0.32653 -0.90723 -0.26517
vn 0.36701 -0.8395 -0.40067
vn 0.27039 -0.80809 -0.52333
vn 0.25121 -0.88746 -0.3864
vn 0.30146 -0.94896 -0.09274
vn -0.15655 -0.83832 0.52221
vn 0.03252 -0.93174 0.36167
vn -0.02577 -0.89807 0.4391
vn -0.11563 -0.85283 0.50922
vn -0.20702 -0.77713 0.59432
vn -0.22253 -0.75587 0.61575
vn -0.22117 -0.87599 0.42863
vn -0.17644 -0.8669 0.46622
vn -0.2217 -0.80038 0.55699
vn -0.04758 -0.91981 0.38947
vn 0.0846 -0.95833 0.27284
vn -0.07772 -0.94713 0.31131
vn 0.09417 -0.95948 0.26559
vn 0.27711 -0.95808 0.07275
vn 0.24411 -0.96928 0.03023
vn 0.20315 -0.96586 0.16077
vn 0.21253 -0.97706 0.01369
vn -0.04452 -0.96351 0.26394
vn -0.01137 -0.97348 0.22847
vn -0.19407 -0.91739 0.34748
vn -0.16942 -0.93339 0.31635
vn -0.24647 -0.90219 0.35398
vn -0.19474 -0.97814 0.07292
vn -0.06677 -0.99773 -0.00913
vn -0.22993 -0.94379 0.23747
vn -0.26182 -0.9147 0.30786
vn -0.20693 -0.93346 0.29298
vn -0.10639 -0.95771 0.26735
vn 0.24706 -0.96098 -0.12438
vn 0.30565 -0.91702 -0.25624
vn 0.34274 -0.68107 -0.64704
vn 0.17773 -0.89689 -0.40496
vn 0.14342 -0.75382 -0.64124
vn 0.05726 -0.93985 -0.33676
vn 0.18714 -0.52103 -0.83277
vn 0.07408 -0.99207 -0.10158
vn 0.04711 -0.99299 -0.10839
vn 0.15737 -0.97421 -0.16172
vn -0.08826 -0.9728 -0.21418
vn -0.03469 -0.89491 -0.4449
vn -0.20404 -0.96416 -0.16959
vn 0.12638 -0.70377 -0.69909
vn 0.19548 -0.59515 -0.77947
vn 0.16602 -0.73081 -0.66209
vn -0.00225 -0.82931 -0.55879
vn -0.14407 -0.91858 -0.36805
vn -0.27148 -0.85275 0.44623
vn -0.26692 -0.85602 0.44271
vn -0.21795 -0.81189 0.54161
vn -0.27013 -0.81551 0.51183
vn -0.30286 -0.8159 0.49252
vn -0.30872 -0.84648 0.43378
vn -0.28872 -0.87183 0.39568
vn -0.29085 -0.90303 0.31615
vn -0.28288 -0.90278 0.324
vn -0.30306 -0.92368 0.23445
vn -0.30848 -0.95122 -0.00542
vn -0.30476 -0.91249 0.27292
vn -0.25708 -0.95068 0.17356
vn -0.26859 -0.93595 0.22773
vn -0.27939 -0.87304 0.39968
vn -0.21735 -0.92855 0.30092
vn -0.24789 -0.9242 0.29051
vn -0.31364 -0.85973 0.4031
vn -0.22168 -0.95156 0.21307
vn -0.24275 -0.95098 0.19161
vn -0.22978 -0.94214 0.24408
vn -0.2598 -0.96466 0.04396
vn -0.19809 -0.96206 -0.18764
vn -0.09493 -0.87551 -0.47379
vn -0.09541 -0.92648 -0.36405
vn -0.13568 -0.9804 -0.14288
vn -0.02825 -0.88547 -0.46383
vn -0.24457 -0.96647 0.07821
vn -0.19358 -0.97725 0.08669
vn -0.17695 -0.98395 -0.02309
vn -0.10319 -0.9778 -0.18235
vn -0.20995 -0.96387 0.16391
vn -0.2143 -0.96591 0.14526
vn -0.00607 -0.9205 -0.39069
vn -0.005 -0.88874 -0.45838
vn -0.04026 -0.92906 -0.36772
vn -0.15029 -0.98418 -0.09386
vn -0.22124 -0.9653 0.13872
vn 0.09633 -0.73494 -0.67126
vn 0.16365 -0.68386 -0.71103
vn -0.04833 -0.84777 -0.52817
vn -0.2556 -0.89246 0.37172
vn -0.22818 -0.94466 0.23569
vn -0.22921 -0.9313 0.28308
vn -0.2905 -0.91812 0.26958
vn -0.27436 -0.89012 0.36389
vn -0.33971 -0.89163 0.29933
vn -0.33256 -0.90734 0.25718
vn -0.30067 -0.92889 0.21625
vn -0.19086 -0.9813 0.02484
vn -0.16869 -0.98537 -0.02423
vn -0.24203 -0.97025 -0.00569
vn -0.22822 -0.96084 0.15719
vn -0.05763 -0.96895 -0.24046
vn -0.19243 -0.97977 -0.05497
vn -0.10315 -0.97294 -0.20674
vn -0.31592 -0.93479 0.16237
vn -0.3263 -0.92422 0.19835
vn -0.33392 -0.92715 0.16997
vn -0.25641 -0.96646 -0.01459
vn -0.27435 -0.96154 0.01302
vn -0.18651 -0.94553 -0.26681
vn -0.00376 -0.8849 -0.46576
vn 0.07299 -0.88638 -0.45716
vn 0.21526 -0.78818 0.57658
vn 0.27731 -0.86757 0.41282
vn 0.21567 -0.89571 0.38883
vn 0.08735 -0.90064 0.42569
vn -0.03896 -0.85778 0.51253
vn -0.27458 -0.88995 0.36414
vn -0.04822 -0.86374 0.50162
vn -0.13511 -0.84193 0.52239
vn 0.37242 -0.91644 0.14646
vn 0.44918 -0.86631 0.21851
vn 0.35831 -0.89995 0.24839
vn 0.42292 -0.90052 0.101
vn 0.28648 -0.95539 0.07177
vn 0.16072 -0.89419 -0.41785
vn -0.08763 -0.95773 -0.27398
vn 0.03187 -0.99881 -0.03684
vn 0.35816 -0.92969 -0.08597
vn 0.23334 -0.82319 0.5176
vn -0.19921 -0.91017 0.36319
vn -0.20469 -0.90051 0.38364
vn 0.00657 -0.92391 0.38255
vn -0.33957 -0.91025 0.23694
vn 0.35008 -0.93345 -0.07822
vn 0.44531 -0.87271 -0.20021
vn 0.34604 -0.83814 -0.42165
vn -0.03769 -0.99232 -0.1178
vn -0.27682 -0.95775 0.07801
vn -0.0894 -0.98856 -0.12149
vn 0.09874 -0.96655 -0.23671
vn -0.01923 -0.90342 -0.42833
vn 0.13038 -0.864 -0.48631
vn 0.01184 -0.92404 -0.38211
vn 0.25245 -0.78712 -0.56277
vn 0.39596 -0.75718 -0.51952
vn -0.01821 -0.96838 -0.24881
vn 0.09607 -0.96028 -0.26198
vn 0.49632 -0.56961 -0.65514
vn -0.24159 -0.88796 0.39137
vn -0.27098 -0.91208 0.3077
vn -0.30585 -0.90849 0.28479
vn -0.06235 -0.98441 -0.16448
vn -0.10142 -0.97568 -0.19432
vn -0.06546 -0.99596 -0.06152
vn -0.33137 -0.89015 0.31279
vn -0.2942 -0.93719 0.1874
vn -0.33037 -0.90227 0.27708
vn -0.2533 -0.91651 0.3096
vn -0.3015 -0.92322 0.23825
vn -0.24242 -0.94939 0.19973
vn -0.25613 -0.94537 0.20169
vn -0.21328 -0.9553 0.20473
vn -0.30072 -0.92911 0.21521
vn -0.05998 -0.99715 -0.0458
vn -0.06143 -0.99073 -0.12114
vn 0.09581 -0.96589 -0.24059
vn 0.27462 -0.80562 -0.52494
vn 0.19743 -0.88125 -0.42945
vn 0.21029 -0.79889 -0.56352
vn -0.15239 -0.98725 0.04597
vn -0.06663 -0.99732 -0.03007
vn 0.00237 -0.99824 -0.05926
vn -0.14622 -0.98822 0.04512
vn -0.16833 -0.98451 0.049
vn 0.05611 -0.89536 -0.4418
vn 0.19816 -0.85285 -0.4831
vn 0.10831 -0.90465 -0.41216
vn -0.05 -0.96105 -0.27181
vn -0.14814 -0.98788 -0.04623
vn -0.34753 -0.91035 0.22471
vn -0.32414 -0.92247 0.20971
vn -0.30118 -0.93906 0.16569
vn -0.34697 -0.91274 0.2157
vn -0.23428 -0.97147 -0.03677
vn -0.21696 -0.97466 -0.05439
vn -0.17327 -0.95037 -0.25842
vn -0.2509 -0.96769 0.02502
vn -0.26964 -0.96275 -0.02003
vn -0.11214 -0.97367 -0.19848
vn -0.19787 -0.95147 -0.23571
vn -0.06967 -0.93781 -0.34009
vn -0.03166 -0.94459 -0.32671
vn 0.66355 0.7254 0.18302
vn 0.71176 0.6836 0.16152
vn 0.70364 0.70777 0.06287
vn 0.67911 0.69734 -0.22919
vn 0.64405 0.73243 -0.22079
vn 0.64211 0.74291 -0.18915
vn 0.73022 0.68002 -0.06597
vn 0.72598 0.64623 -0.23523
vn 0.72575 0.68767 -0.02014
vn 0.75375 0.65048 -0.09348
vn 0.35427 0.63565 0.68589
vn 0.50867 0.64589 0.56928
vn 0.51736 0.72268 0.45834
vn 0.49255 0.85384 0.16838
vn 0.52411 0.80364 0.28192
vn 0.52252 0.81707 0.24367
vn 0.50302 0.85297 0.13936
vn 0.54249 0.74841 0.38156
vn 0.59223 0.76072 0.26567
vn 0.58395 0.80468 0.10718
vn 0.61299 0.78948 -0.03105
vn 0.54501 0.83838 0.00938
vn 0.49166 0.85812 0.148
vn 0.49818 0.83932 0.21762
vn 0.5458 0.76699 0.33738
vn 0.49855 0.86678 0.012
vn 0.46469 0.88483 -0.03374
vn 0.48498 0.87302 0.0513
vn 0.51537 0.8471 0.12967
vn 0.52395 0.76764 0.36906
vn 0.53481 0.73513 0.41661
vn 0.59367 0.791 -0.14791
vn 0.48821 0.84857 -0.20389
vn 0.52985 0.82947 -0.17674
vn 0.47884 0.85282 -0.20838
vn 0.55394 0.77902 -0.29375
vn 0.43112 0.8483 -0.30745
vn 0.47739 0.81223 -0.33522
vn 0.45267 0.79182 -0.41002
vn 0.4742 0.84983 -0.23003
vn 0.48651 0.84386 -0.22627
vn 0.46934 0.85879 -0.20544
vn 0.45201 0.86606 -0.21361
vn 0.46089 0.74796 -0.47763
vn 0.47158 0.83251 -0.29078
vn 0.42667 0.79885 -0.42401
vn 0.43087 0.76031 -0.48609
vn 0.23846 0.45599 0.85744
vn 0.26121 0.39428 0.88109
vn 0.37409 0.64365 0.66766
vn 0.48706 0.74008 0.46374
vn 0.45534 0.7244 0.5176
vn 0.33518 0.55015 0.76485
vn 0.28428 0.45765 0.84246
vn 0.36209 0.58329 0.72709
vn 0.28365 0.46666 0.83772
vn 0.18986 0.31141 0.93112
vn 0.47775 0.78969 0.3849
vn 0.49369 0.79508 0.35231
vn 0.46066 0.7553 0.46618
vn 0.34731 0.54767 0.76121
vn 0.4397 0.72108 0.53545
vn 0.38616 0.68834 0.61406
vn 0.15038 0.26344 0.95288
vn 0.26326 0.36968 0.89108
vn 0.51502 0.82164 0.24427
vn 0.49606 0.78917 0.36214
vn 0.50486 0.84106 0.19427
vn 0.53387 0.8441 0.0498
vn 0.5396 0.84108 0.03763
vn 0.5377 0.84255 -0.03128
vn 0.52544 0.84434 0.10493
vn 0.4986 0.83992 0.21433
vn 0.48201 0.78121 0.39671
vn 0.51079 0.82099 0.25507
vn 0.51375 0.84294 0.15976
vn 0.52388 0.84552 -0.10321
vn 0.53284 0.84622 0.00111
vn 0.48993 0.84327 -0.22104
vn 0.50245 0.82909 -0.24525
vn 0.48875 0.83812 -0.24222
vn 0.45082 0.83127 -0.3252
vn 0.45895 0.81566 -0.35223
vn 0.43495 0.78245 -0.44564
vn 0.50567 0.73541 -0.45107
vn 0.4123 0.79246 -0.44947
vn 0.43383 0.79127 -0.4309
vn 0.42745 0.80356 -0.41421
vn 0.46724 0.77449 -0.42644
vn 0.49556 0.78839 -0.3645
vn 0.4878 0.82065 -0.29762
vn 0.42514 0.76467 -0.48428
vn 0.41216 0.71792 -0.56099
vn 0.44906 0.76548 -0.46085
vn 0.43066 0.60171 -0.67267
vn 0.43476 0.71416 -0.5486
vn 0.33577 0.71329 -0.6152
vn 0.27453 0.6354 -0.72174
vn 0.33948 0.70064 -0.62758
vn 0.31252 0.6398 -0.70213
vn 0.2845 0.6348 -0.71839
vn 0.15843 0.59444 -0.78838
vn 0.13968 0.29852 0.94413
vn 0.26604 0.45921 0.84756
vn 0.45447 0.71338 0.53343
vn 0.41649 0.66268 0.62241
vn 0.30764 0.55649 0.7718
vn 0.14585 0.35651 0.92284
vn 0.06276 0.21751 0.97404
vn 0.07796 0.22027 0.97232
vn 0.04494 0.19054 0.98065
vn 0.04596 0.18729 0.98123
vn 0.10442 0.23836 0.96555
vn 0.15084 0.4008 0.90366
vn 0.03603 0.19196 0.98074
vn 0.01919 0.16284 0.98647
vn 0.0845 0.23027 0.96945
vn 0.24393 0.54029 0.80535
vn 0.34787 0.68964 0.63512
vn 0.03844 0.17542 0.98374
vn -0.02568 0.12816 0.99142
vn 0.00963 0.13116 0.99131
vn 0.51444 0.74057 -0.43233
vn 0.36416 0.76061 -0.53746
vn 0.45277 0.75897 -0.46793
vn 0.39532 0.71896 -0.57168
vn 0.38151 0.74399 -0.54858
vn 0.40709 0.77159 -0.4888
vn 0.0949 0.38318 -0.91878
vn 0.22496 0.56837 -0.79142
vn 0.21678 0.58756 -0.77961
vn 0.27852 0.65225 -0.70498
vn 0.2484 0.5715 -0.7821
vn 0.11747 0.48677 -0.8656
vn 0.1491 0.53159 -0.83377
vn 0.02625 0.46278 -0.88608
vn -0.09819 0.3383 -0.9359
vn -0.02718 0.3449 -0.93825
vn -0.05661 0.22601 -0.97248
vn -0.01667 0.42195 -0.90647
vn -0.16705 0.22453 -0.96004
vn -0.20083 0.16694 -0.9653
vn -0.09532 0.17213 -0.98045
vn 0.03025 0.14492 0.98898
vn 0.03983 0.13673 0.98981
vn 0.03188 0.29682 0.9544
vn 0.01788 0.3197 0.94735
vn 0.00428 0.22782 0.97369
vn -0.0159 0.16757 0.98573
vn -0.08367 0.09376 0.99207
vn 0.0002 0.12206 0.99252
vn -0.00895 0.12549 0.99205
vn 0.03098 0.1484 0.98844
vn -0.0956 0.11666 0.98856
vn -0.07556 0.23349 0.96942
vn -0.03084 0.27198 0.96181
vn -0.00837 0.21712 0.97611
vn -0.02561 0.25616 0.9663
vn -0.12792 0.07081 0.98925
vn -0.04246 0.04804 0.99794
vn -0.07947 0.08773 0.99297
vn -0.18996 0.00553 0.98178
vn 0.17971 0.55565 -0.81176
vn 0.11218 0.38062 -0.9179
vn -0.1526 -0.1419 -0.97805
vn -0.06264 0.12848 -0.98973
vn 0.09628 0.25399 -0.9624
vn -0.09695 0.01751 -0.99513
vn -0.37868 -0.05906 -0.92364
vn -0.17547 0.03786 -0.98376
vn -0.21857 -0.1143 -0.9691
vn -0.31306 -0.09629 -0.94484
vn 0.03218 -0.02663 -0.99913
vn -0.0341 -0.16059 -0.98643
vn 0.0471 0.09252 -0.9946
vn 0.14752 0.45881 -0.87621
vn 0.12171 0.23247 -0.96496
vn -0.1879 -0.29888 -0.93561
vn -0.13788 -0.16131 -0.97723
vn -0.19961 -0.18148 -0.96292
vn -0.124 -0.23358 -0.9644
vn -0.10474 -0.00025 0.9945
vn -0.16832 0.00756 0.9857
vn -0.11757 0.05187 0.99171
vn -0.22738 0.02883 0.97338
vn -0.24475 -0.05762 0.96787
vn 0.03894 0.19251 0.98052
vn -0.15124 0.08837 0.98454
vn 0.04637 0.15876 0.98623
vn 0.06286 0.25149 0.96582
vn -0.00666 0.26584 0.96399
vn -0.21501 -0.00452 0.9766
vn -0.2867 -0.12569 0.94974
vn -0.26302 -0.04092 0.96392
vn -0.32856 -0.15348 0.93193
vn -0.21277 0.11408 0.97042
vn -0.27606 0.02036 0.96092
vn -0.23484 -0.02342 0.97175
vn -0.21187 0.14447 0.96656
vn -0.18045 0.19915 0.96321
vn -0.28164 -0.17876 0.94272
vn -0.38072 -0.42079 0.8234
vn -0.31844 -0.23686 0.91787
vn 0.0037 -0.28118 -0.95965
vn -0.11139 -0.31241 -0.94339
vn 0.13491 0.08945 -0.98681
vn 0.01905 -0.03809 -0.99909
vn 0.16004 -0.13316 -0.97809
vn 0.26832 -0.19937 -0.94247
vn 0.24157 -0.20589 -0.94829
vn 0.03819 -0.21168 -0.97659
vn 0.0022 -0.01991 -0.9998
vn 0.20716 -0.03757 -0.97758
vn 0.15284 -0.08559 -0.98454
vn 0.26984 -0.14857 -0.95137
vn 0.20319 -0.0129 -0.97905
vn 0.29329 -0.11053 -0.94961
vn 0.23959 0.05369 -0.96939
vn 0.33657 -0.18084 -0.92413
vn 0.37636 -0.122 -0.91841
vn 0.29719 -0.11076 -0.94837
vn 0.33021 0.02612 -0.94355
vn 0.29614 -0.12419 -0.94704
vn 0.1843 -0.1059 -0.97715
vn 0.08987 -0.1257 -0.98799
vn 0.30965 -0.22714 -0.92332
vn -0.27188 0.07541 0.95937
vn -0.40649 -0.13795 0.90318
vn -0.28842 -0.03458 0.95688
vn -0.32842 -0.1816 0.92691
vn -0.23359 0.03947 0.97153
vn -0.42376 -0.363 0.82986
vn -0.36902 -0.3929 0.84229
vn -0.24662 -0.1288 0.96051
vn -0.22723 0.00067 0.97384
vn -0.29932 -0.10519 0.94834
vn -0.2865 -0.26866 0.91964
vn -0.35304 -0.5205 0.77746
vn -0.37714 -0.27044 0.88579
vn -0.3848 -0.48855 0.7831
vn -0.41271 -0.53891 0.73433
vn -0.38758 -0.76063 0.5208
vn -0.2965 -0.77091 0.56373
vn 0.32049 0.08275 -0.94363
vn 0.30619 -0.06211 -0.94994
vn 0.35796 -0.02206 -0.93348
vn 0.29566 0.08846 -0.95119
vn 0.28205 0.14567 -0.94828
vn 0.15604 -0.48582 -0.86002
vn 0.36139 -0.6195 -0.69686
vn 0.18588 -0.50182 -0.84476
vn 0.08959 -0.41939 -0.90338
vn 0.26292 -0.18304 -0.94729
vn 0.22771 0.15321 -0.9616
vn 0.17637 0.16227 -0.97086
vn 0.19675 0.1074 -0.97455
vn 0.24571 0.09109 -0.96505
vn 0.29564 -0.09719 -0.95034
vn 0.30342 -0.60904 -0.7328
vn 0.3791 -0.74425 -0.54989
vn 0.29202 -0.55361 -0.7799
vn 0.37204 -0.50113 -0.78131
vn 0.38115 -0.46491 -0.79911
vn 0.40234 -0.17626 -0.89836
vn -0.41809 -0.08859 0.90408
vn -0.442 -0.24612 0.86259
vn -0.26823 -0.29799 0.91611
vn -0.22933 -0.18874 0.95488
vn -0.22341 -0.16206 0.96116
vn -0.21763 -0.28207 0.93438
vn -0.37917 -0.28385 0.88071
vn -0.44097 -0.37061 0.81743
vn -0.3023 -0.42849 0.85148
vn -0.33872 -0.63044 0.69844
vn -0.24572 -0.75671 0.60581
vn -0.27264 -0.71979 0.63842
vn -0.19163 -0.51687 0.83434
vn -0.14083 -0.47587 0.86817
vn -0.27351 -0.6104 0.74338
vn -0.1666 -0.71365 0.6804
vn -0.17228 -0.76454 0.62113
vn -0.13596 -0.81215 0.56739
vn -0.19078 -0.76182 0.61906
vn 0.14234 0.09644 -0.98511
vn 0.16713 -0.06241 -0.98396
vn 0.13996 0.0717 -0.98756
vn 0.39772 0.04575 -0.91636
vn 0.32077 0.12923 -0.9383
vn 0.309 0.08097 -0.94761
vn 0.23601 -0.44939 -0.86159
vn 0.28877 -0.45022 -0.84493
vn 0.21631 -0.48855 -0.8453
vn 0.10983 -0.05688 -0.99232
vn 0.50502 0.09404 -0.85797
vn 0.4682 0.17747 -0.86562
vn 0.47129 0.14653 -0.86972
vn 0.50266 0.02481 -0.86413
vn 0.25061 -0.54349 -0.80113
vn 0.45156 -0.12351 -0.88365
vn 0.4769 0.04316 -0.8779
vn 0.43965 -0.18575 -0.87875
vn 0.5387 -0.02913 -0.84199
vn 0.46647 -0.36557 -0.80546
vn 0.24172 -0.50219 -0.83029
vn 0.20917 -0.32149 -0.92352
vn -0.27377 -0.12013 0.95426
vn -0.2142 -0.18975 0.95818
vn -0.27498 -0.25341 0.92745
vn -0.29752 -0.36293 0.88304
vn -0.33563 -0.40273 0.85156
vn -0.34122 -0.54339 0.76701
vn -0.38146 -0.55186 0.74158
vn -0.14483 -0.73575 0.66159
vn -0.27151 -0.76655 0.58197
vn -0.27077 -0.58564 0.76401
vn -0.31479 -0.72502 0.61258
vn -0.31958 -0.33588 0.88603
vn -0.27785 -0.4378 0.85506
vn -0.30269 -0.46596 0.83142
vn -0.21769 -0.08422 0.97238
vn -0.23252 -0.27191 0.93381
vn -0.28343 -0.63679 0.71705
vn -0.25461 -0.80798 0.53136
vn -0.24179 -0.68386 0.68838
vn -0.28035 -0.8616 0.42314
vn -0.26373 -0.86816 0.4204
vn -0.32279 -0.84626 0.42386
vn 0.40846 0.29684 -0.86316
vn 0.49446 0.18357 -0.84959
vn 0.04047 -0.84619 -0.53134
vn 0.39443 -0.15515 -0.90574
vn 0.34148 0.17408 -0.92363
vn 0.31552 -0.19049 -0.9296
vn 0.25853 -0.49818 -0.82764
vn 0.31808 -0.52347 -0.79044
vn 0.10894 -0.70921 -0.69652
vn 0.39593 0.34646 -0.85041
vn 0.2532 0.18271 -0.95
vn 0.16905 0.02829 -0.9852
vn 0.32153 0.00763 -0.94687
vn 0.13013 -0.06396 -0.98943
vn 0.14571 -0.36335 -0.92019
vn 0.1223 -0.47856 -0.8695
vn 0.15307 -0.7049 -0.6926
vn 0.28031 -0.08354 -0.95627
vn 0.2873 -0.05794 -0.95609
vn 0.15345 -0.0163 -0.98802
vn 0.11098 -0.82598 -0.55266
vn 0.12272 -0.74886 -0.65127
vn 0.17677 -0.53278 -0.82758
vn -0.34923 -0.30589 0.8857
vn -0.24824 -0.5704 0.78296
vn -0.26843 -0.25499 0.92894
vn -0.28783 -0.57431 0.76637
vn -0.25876 -0.31318 0.91376
vn -0.26249 -0.82876 0.49422
vn -0.24301 -0.80606 0.53964
vn -0.41503 -0.32852 0.84843
vn -0.23561 -0.40829 0.88192
vn -0.23359 -0.58918 0.7735
vn -0.40242 -0.66392 0.63029
vn -0.22454 -0.8707 0.43757
vn -0.21449 -0.86516 0.45332
vn -0.20856 -0.87429 0.4383
vn -0.25959 -0.88803 0.37949
vn -0.35694 -0.61552 0.70265
vn -0.33269 -0.76729 0.54826
vn -0.22178 -0.82885 0.51363
vn -0.27071 -0.90016 0.3412
vn -0.28821 -0.91001 0.29803
vn -0.02263 -0.95537 0.29454
vn -0.19009 -0.92946 0.31617
vn -0.19065 -0.94537 0.26443
vn -0.05934 -0.95175 0.30109
vn -0.29114 -0.92705 0.23625
vn -0.26148 -0.95228 0.15748
vn -0.20106 -0.96055 0.19213
vn -0.21163 -0.97443 0.0755
vn 0.36418 -0.07963 -0.92792
vn 0.33191 -0.12837 -0.93454
vn 0.2206 -0.29798 -0.92873
vn 0.37305 -0.12635 -0.91917
vn 0.40865 -0.09895 -0.90731
vn 0.07763 -0.84435 -0.53014
vn 0.02652 -0.87544 -0.4826
vn 0.12515 -0.67093 -0.73088
vn 0.10437 -0.5073 -0.85543
vn 0.41177 -0.10948 -0.90469
vn 0.45692 -0.21268 -0.86371
vn 0.46646 -0.19155 -0.86356
vn 0.29189 -0.46377 -0.83649
vn 0.12042 -0.47174 -0.87348
vn 0.16665 -0.50896 -0.8445
vn 0.04137 -0.62851 -0.7767
vn 0.02305 -0.71118 -0.70264
vn -0.15682 -0.95868 -0.23735
vn -0.13701 -0.94395 -0.3003
vn -0.06032 -0.92321 -0.37954
vn 0.00102 -0.87178 -0.48989
vn 0.09007 -0.71569 -0.69259
vn 0.1131 -0.50386 -0.85635
vn -0.02005 -0.70666 0.70727
vn -0.11894 -0.61769 0.77738
vn -0.05783 -0.58567 0.80848
vn -0.18988 -0.44113 0.87713
vn -0.23334 -0.42502 0.87459
vn -0.26852 -0.6185 0.73848
vn -0.22986 -0.62986 0.74192
vn -0.32022 -0.50951 0.79866
vn -0.07355 -0.71879 0.69133
vn -0.06916 -0.78756 0.61234
vn -0.11461 -0.74202 0.66051
vn -0.08404 -0.9264 0.36706
vn 0.0796 -0.91662 0.39174
vn -0.07324 -0.86534 0.49581
vn -0.02788 -0.89904 0.43698
vn -0.28279 -0.63404 0.71974
vn -0.27775 -0.69244 0.66587
vn -0.1922 -0.79079 0.58113
vn -0.21875 -0.82998 0.51311
vn -0.04745 -0.82657 0.56083
vn -0.16214 -0.75829 0.63143
vn -0.11359 -0.86077 0.49616
vn -0.0942 -0.90854 0.40704
vn -0.08847 -0.87648 0.47324
vn 0.40149 -0.73958 0.54021
vn 0.32277 -0.92019 -0.22154
vn 0.35529 -0.90975 -0.21478
vn 0.23557 -0.94226 -0.23801
vn 0.37755 -0.51446 -0.76992
vn 0.34617 -0.49491 -0.79702
vn 0.15778 -0.64987 -0.74349
vn -0.18364 -0.94215 -0.2804
vn -0.12604 -0.89008 -0.43803
vn 0.16195 -0.91825 -0.36136
vn -0.07136 -0.85836 -0.50806
vn 0.08963 -0.86241 -0.49822
vn 0.06178 -0.80648 -0.58803
vn 0.28018 -0.78716 -0.54943
vn 0.16376 -0.79882 -0.57885
vn 0.24884 -0.79689 -0.55049
vn 0.15293 -0.81022 -0.56583
vn 0.23162 -0.82815 -0.51042
vn 0.20361 -0.84754 -0.49012
vn 0.20375 -0.81914 -0.53618
vn 0.17991 -0.63658 -0.74993
vn 0.34823 -0.55309 -0.75685
vn 0.15702 -0.72794 -0.66741
vn 0.29971 -0.66966 -0.67951
vn 0.30767 -0.68791 -0.65735
vn 0.29085 -0.58298 -0.75865
vn 0.37398 -0.5808 -0.72306
vn 0.36182 -0.58038 -0.72955
vn -0.39677 -0.43218 0.80981
vn -0.34958 -0.52629 0.77512
vn -0.38278 -0.60344 0.69953
vn -0.38524 -0.60249 0.699
vn -0.39867 -0.52625 0.75108
vn -0.34397 -0.72368 0.5983
vn -0.2379 -0.85183 0.46668
vn -0.3689 -0.71155 0.598
vn -0.29344 -0.79816 0.52615
vn -0.37022 -0.50549 0.77937
vn -0.4137 -0.63724 0.65022
vn -0.38085 -0.64524 0.66228
vn -0.40081 -0.41782 0.81534
vn -0.39355 -0.48441 0.78132
vn -0.44981 -0.69924 0.55564
vn -0.3774 -0.72687 0.57379
vn -0.4093 -0.72382 0.55547
vn -0.23715 -0.89484 0.37819
vn -0.19771 -0.89799 0.3931
vn -0.2234 -0.87316 0.43323
vn -0.18898 -0.93094 0.31248
vn -0.41109 -0.74637 0.52339
vn -0.39754 -0.7908 0.4654
vn -0.32611 -0.89199 0.31307
vn -0.33451 -0.90241 0.2716
vn -0.35334 -0.89582 0.26957
vn -0.37006 -0.89633 0.24424
vn 0.33426 -0.81192 -0.47859
vn 0.21845 -0.84219 -0.49294
vn 0.21952 -0.88282 -0.41527
vn 0.26802 -0.86696 -0.42016
vn 0.2869 -0.88295 -0.37161
vn 0.30097 -0.77291 -0.55859
vn 0.27093 -0.61615 -0.73956
vn 0.3785 -0.61234 -0.6941
vn 0.33457 -0.63944 -0.69223
vn 0.55958 -0.52591 -0.64053
vn 0.50715 -0.66976 -0.54243
vn 0.35096 -0.17362 -0.92015
vn 0.31814 -0.26214 -0.91108
vn 0.47279 -0.09612 -0.87592
vn 0.27946 -0.84747 -0.45133
vn 0.38773 -0.78582 -0.48182
vn 0.26341 -0.85332 -0.44995
vn 0.44731 -0.7899 -0.4195
vn 0.33813 -0.69427 -0.63534
vn 0.26773 -0.82286 -0.50122
vn 0.50959 0.19917 -0.83705
vn 0.68388 0.09148 -0.72384
vn 0.72184 -0.18001 -0.66823
vn 0.41118 -0.69964 -0.58433
vn 0.51832 -0.6769 -0.52263
vn 0.39165 -0.75618 -0.52421
vn 0.12107 -0.91628 -0.3818
vn 0.27016 -0.84883 -0.45442
vn 0.26091 -0.85033 -0.45702
vn 0.11752 -0.92136 -0.37052
vn 0.11141 -0.87167 -0.47725
vn 0.15148 -0.84334 -0.51558
vn -0.43632 -0.55264 0.71008
vn -0.40003 -0.71614 0.57195
vn -0.44905 -0.67466 0.58582
vn -0.49898 -0.615 0.61057
vn -0.48728 -0.55108 0.6774
vn -0.54528 -0.56794 0.61654
vn -0.59343 -0.56573 0.57253
vn -0.46016 -0.69559 0.55173
vn -0.47218 -0.7462 0.46928
vn -0.50762 -0.7381 0.44444
vn -0.46607 -0.79195 0.39446
vn -0.489 -0.79351 0.36223
vn -0.35455 -0.87264 0.33584
vn -0.39802 -0.8613 0.31582
vn -0.41793 -0.81956 0.39198
vn -0.4032 -0.87184 0.27807
vn -0.35701 -0.90159 0.24428
vn -0.38212 -0.88145 0.27756
vn -0.50343 -0.66574 0.55077
vn -0.48765 -0.75438 0.43945
vn -0.46288 -0.76301 0.45117
vn -0.5887 -0.58933 0.55328
vn -0.54821 -0.78771 0.28105
vn -0.47988 -0.81885 0.31497
vn -0.50467 -0.7853 0.35862
vn -0.26287 -0.96275 0.06335
vn -0.34625 -0.90969 0.22927
vn -0.35644 -0.90253 0.24164
vn -0.31312 -0.94388 0.10515
vn -0.58208 -0.76945 0.26292
vn -0.56385 -0.7865 0.25197
vn -0.50092 -0.83753 0.21824
vn -0.46263 -0.84691 0.26214
vn -0.49109 -0.8547 0.16827
vn -0.3927 -0.88805 0.23907
vn -0.33333 -0.92193 0.19731
vn -0.37468 -0.90088 0.21916
vn -0.3902 -0.91509 0.10176
vn -0.39885 -0.91632 0.03587
vn -0.19129 -0.903 -0.38471
vn -0.28341 -0.89733 -0.33835
vn -0.34924 -0.86412 -0.36239
vn -0.05567 -0.45772 -0.88735
vn 0.02817 -0.61354 -0.78916
vn 0.06697 -0.63157 -0.77242
vn 0.13675 -0.84527 -0.51655
vn 0.14373 -0.80085 -0.58136
vn -0.32427 -0.84349 -0.42823
vn -0.10363 -0.90856 -0.40471
vn -0.21483 -0.90042 -0.37827
vn -0.08642 -0.86276 -0.49818
vn -0.38963 -0.80874 -0.44061
vn -0.3907 -0.76226 -0.51605
vn -0.28494 -0.87102 -0.40017
vn -0.50913 -0.49144 -0.70659
vn -0.4571 -0.39065 -0.79903
vn -0.537 -0.22007 -0.81437
vn -0.33087 -0.75115 -0.57123
vn -0.36355 -0.70565 -0.60819
vn -0.34564 -0.90503 -0.24788
vn -0.38179 -0.84753 -0.36868
vn -0.09477 -0.90271 -0.41968
vn -0.4039 -0.76221 -0.50587
vn 0.0572 -0.78539 -0.61636
vn -0.22698 -0.51584 -0.82607
vn -0.31401 -0.70553 -0.63531
vn -0.59672 -0.65957 0.45705
vn -0.62621 -0.72753 0.28027
vn -0.59566 -0.71304 0.36981
vn -0.7306 -0.59962 0.32662
vn -0.71713 -0.5748 0.39412
vn -0.73727 -0.57043 0.36201
vn -0.76294 -0.58684 0.2712
vn -0.7119 -0.6712 0.20663
vn -0.64343 -0.7186 0.26384
vn -0.70138 -0.68111 0.21015
vn -0.61235 -0.72734 0.30984
vn -0.46496 -0.88099 -0.0876
vn -0.47908 -0.86788 0.13142
vn -0.68082 -0.68083 0.2701
vn -0.58382 -0.78758 0.19716
vn -0.75786 -0.62336 0.19256
vn -0.77016 -0.59204 0.23737
vn -0.81749 -0.5402 0.19975
vn -0.77415 -0.58583 0.23978
vn -0.6677 -0.74431 0.01348
vn -0.79568 -0.59658 0.10483
vn -0.75738 -0.64429 -0.10611
vn -0.74205 -0.62761 0.2355
vn -0.48828 -0.86812 -0.08919
vn -0.60239 -0.77894 0.1743
vn -0.40318 -0.84643 -0.34784
vn -0.37863 -0.79357 -0.47632
vn -0.37314 -0.78072 -0.50124
vn -0.38508 -0.58174 -0.71645
vn -0.42563 -0.29226 -0.8564
vn -0.38182 -0.58716 -0.71376
vn -0.46641 -0.73859 -0.48678
vn -0.53049 -0.80929 -0.25225
vn -0.68809 -0.62299 -0.37204
vn -0.80522 -0.55691 -0.20366
vn -0.52587 -0.54362 -0.65417
vn -0.4263 -0.37154 -0.82476
vn 0.49732 0.79152 0.35521
vn 0.5144 0.81801 0.2574
vn 0.50539 0.8217 0.26341
vn 0.55565 0.83108 0.02365
vn 0.52864 0.83067 0.17473
vn 0.53688 0.8287 0.15818
vn 0.51511 0.7999 -0.30792
vn 0.52529 0.79524 -0.30275
vn 0.52074 0.81585 -0.25143
vn 0.51758 0.82057 -0.24243
vn 0.38143 0.7665 0.51671
vn 0.48293 0.7994 0.35742
vn 0.30832 0.74935 0.58602
vn 0.40172 0.83328 0.37982
vn 0.40176 0.83192 0.38275
vn 0.42413 0.86988 0.25185
vn 0.42676 0.79764 0.42621
vn 0.38874 0.71677 0.57891
vn 0.37853 0.69192 0.61478
vn 0.24295 0.56157 0.79095
vn 0.3147 0.62758 0.71211
vn 0.38872 0.89065 0.23587
vn 0.40495 0.87512 0.26491
vn 0.42546 0.8696 0.25055
vn 0.39658 0.88931 0.22771
vn 0.47442 0.85094 0.22542
vn 0.45049 0.84155 0.29808
vn 0.48401 0.86039 0.15956
vn 0.53429 0.8406 0.08896
vn 0.45571 0.87029 0.18686
vn 0.57007 0.81472 -0.10606
vn 0.37897 0.90354 0.2
vn 0.39273 0.89016 0.23105
vn 0.45063 0.86186 0.23266
vn 0.37045 0.91419 0.16439
vn 0.38753 0.92039 -0.05195
vn 0.41026 0.90844 0.08016
vn 0.4583 0.87003 0.1817
vn 0.37218 0.87346 -0.31392
vn 0.39801 0.86635 -0.3017
vn 0.42053 0.8204 -0.38742
vn 0.3998 0.81285 -0.42361
vn 0.51235 0.82115 -0.25141
vn 0.4793 0.83414 -0.27291
vn 0.44879 0.84635 -0.28684
vn 0.45975 0.8018 -0.38178
vn 0.43051 0.75631 -0.49261
vn 0.35526 0.86425 -0.35619
vn 0.38464 0.87543 -0.29272
vn 0.34547 0.89533 -0.28112
vn 0.41598 0.87483 -0.24826
vn 0.42774 0.78469 -0.44867
vn 0.38828 0.87335 -0.2941
vn 0.35648 0.73355 -0.57864
vn 0.36452 0.78576 -0.49971
vn 0.30951 0.88427 0.34967
vn 0.36828 0.83033 0.41824
vn 0.44246 0.86341 0.24238
vn 0.23065 0.69331 0.68273
vn 0.21581 0.7662 0.60528
vn 0.12097 0.64088 0.75805
vn 0.06891 0.39606 0.91563
vn 0.00464 0.36821 0.92973
vn 0.17396 0.59121 0.78753
vn 0.19228 0.77789 0.59825
vn -0.08717 0.72547 0.68271
vn 0.03001 0.80943 0.58646
vn 0.04294 0.51725 0.85476
vn -0.06961 0.57425 0.81571
vn 0.03385 0.33187 0.94272
vn -0.04625 0.35803 0.93256
vn 0.05816 0.50079 0.86361
vn 0.46738 0.85532 0.22356
vn 0.18716 0.94845 -0.25576
vn 0.52087 0.85264 -0.0412
vn 0.37732 0.8863 -0.26853
vn 0.49207 0.86486 0.09944
vn 0.49983 0.85082 0.16209
vn 0.44258 0.83176 0.33512
vn 0.33417 0.81825 0.46776
vn 0.34364 0.87772 -0.33396
vn 0.2098 0.96352 0.16617
vn 0.26497 0.71405 -0.64801
vn 0.20102 0.89987 -0.38708
vn 0.32577 0.87971 -0.34639
vn 0.23649 0.92433 -0.29947
vn 0.18801 0.93965 -0.28584
vn 0.30484 0.84538 -0.43864
vn 0.2902 0.71329 -0.63796
vn 0.32736 0.68575 -0.65006
vn 0.2787 0.85786 -0.43174
vn 0.14492 0.94593 -0.29021
vn 0.23244 0.93974 -0.25071
vn 0.15602 0.92185 -0.35475
vn 0.14222 0.8947 -0.42343
vn 0.2597 0.80885 -0.52756
vn 0.24164 0.8106 -0.53342
vn 0.23645 0.92202 -0.30655
vn 0.19308 0.62006 -0.76043
vn 0.21316 0.54817 -0.80875
vn 0.28883 0.58591 -0.75716
vn 0.21735 0.60405 -0.76673
vn 0.20586 0.38233 -0.9008
vn 0.18236 0.31156 -0.93256
vn -0.01709 0.50273 0.86428
vn -0.30866 0.63806 0.70542
vn -0.22056 0.78115 0.58408
vn -0.01605 0.53971 0.8417
vn -0.11115 0.5217 0.84586
vn -0.04268 0.82156 0.56853
vn -0.01735 0.85724 0.51462
vn -0.01341 0.94492 0.32703
vn -0.03102 0.83044 0.55625
vn -0.09413 0.56902 0.81692
vn -0.1328 0.51938 0.84416
vn -0.20198 0.13648 0.96983
vn -0.20402 0.19931 0.95846
vn -0.18341 0.32868 0.92646
vn -0.63883 0.74856 0.17764
vn -0.39707 0.83155 0.3884
vn -0.33251 0.77986 0.53034
vn -0.62494 0.77659 0.0797
vn -0.95462 -0.03043 -0.29627
vn -0.91384 0.23688 0.32984
vn -0.44085 0.88112 0.17113
vn -0.19556 0.90001 -0.38953
vn -0.59572 0.77162 0.22297
vn -0.95299 -0.00799 0.30289
vn -0.18946 0.97942 0.06958
vn -0.4118 0.90677 0.09048
vn -0.24738 0.96599 0.0753
vn 0.01672 0.99872 0.04782
vn -0.03277 0.91939 0.39198
vn -0.00755 0.92488 0.38018
vn -0.05369 0.94454 0.32398
vn -0.01818 0.93577 0.35215
vn -0.04263 0.93827 0.34327
vn 0.05446 0.92942 0.36498
vn -0.49941 0.21064 0.84037
vn -0.71837 0.04737 0.69404
vn -0.63271 0.72243 0.27888
vn 0.09604 0.9885 0.11679
vn -0.15076 0.97238 0.17819
vn -0.00461 0.94892 0.31549
vn 0.03569 0.92961 0.36681
vn 0.20171 0.95204 0.23008
vn 0.12906 0.97795 0.16421
vn -0.04932 0.99762 0.04816
vn 0.06541 0.99647 0.05261
vn 0.11387 0.99269 0.03998
vn 0.18573 0.9817 0.04205
vn 0.22766 0.95534 -0.18838
vn 0.2123 0.91521 -0.34251
vn 0.21926 0.83391 -0.50647
vn 0.19464 0.72693 -0.65855
vn 0.20782 0.88286 -0.42115
vn -0.09405 0.93043 -0.3542
vn 0.08554 0.93825 -0.33523
vn 0.23699 0.96929 0.06572
vn 0.16869 0.97919 0.11279
vn 0.10815 0.98711 0.11798
vn 0.18802 0.98195 0.0206
vn 0.30422 0.94972 -0.07409
vn 0.15704 0.9664 -0.20349
vn 0.21909 0.97171 -0.08821
vn 0.25635 0.80373 -0.53693
vn 0.31753 0.78064 -0.53831
vn 0.26469 0.92546 -0.27104
vn 0.27017 0.93713 -0.22092
vn 0.24684 0.95682 -0.15353
vn 0.1747 0.46867 -0.86592
vn 0.2251 0.41615 -0.88099
vn 0.23792 0.51568 -0.82308
vn 0.26412 0.48514 -0.8336
vn 0.19842 0.1684 -0.96554
vn 0.28377 0.18061 -0.94173
vn -0.09338 0.78305 0.61491
vn -0.18707 0.47189 0.86158
vn -0.14352 0.33825 0.93005
vn -0.23389 0.12205 0.96457
vn -0.20187 0.11072 0.97313
vn -0.10712 0.57013 0.81454
vn -0.11537 0.50774 0.85375
vn -0.04338 0.61925 0.78399
vn 0.02333 0.75079 0.66013
vn -0.02137 0.53454 0.84487
vn -0.06355 0.44174 0.89489
vn -0.14519 0.30768 0.94035
vn -0.23895 0.06794 0.96865
vn -0.23465 0.11288 0.9655
vn -0.24214 0.09134 0.96593
vn 0.09872 0.89487 0.43528
vn 0.00775 0.84648 0.53237
vn 0.18459 0.96132 0.20445
vn 0.20763 0.92507 0.31802
vn 0.26841 0.96018 0.07759
vn 0.1799 0.87335 0.45266
vn 0.14805 0.85735 0.49298
vn 0.12134 0.8772 0.46453
vn 0.12772 0.87948 0.45848
vn 0.03624 0.77933 0.62556
vn 0.00966 0.81413 0.5806
vn 0.26972 0.72987 0.62813
vn 0.09468 0.74817 0.65671
vn 0.24957 0.83692 0.48711
vn 0.23446 0.95388 0.18745
vn 0.25224 0.93334 0.25545
vn 0.30053 0.94592 0.12215
vn 0.27197 0.92594 -0.26204
vn 0.39243 0.89645 -0.20584
vn 0.3634 0.81189 -0.45693
vn 0.30419 0.95258 -0.00724
vn 0.24589 0.96859 -0.0371
vn 0.18916 0.94965 0.24975
vn 0.26182 0.96511 -0.00286
vn 0.20349 0.97823 -0.04082
vn 0.23561 0.9702 -0.0565
vn 0.15462 0.96497 -0.21196
vn 0.13223 0.98566 -0.10483
vn 0.34655 0.73409 -0.58397
vn 0.36293 0.53743 -0.76122
vn 0.38078 0.3739 -0.8457
vn 0.34515 0.26662 -0.89988
vn 0.37555 0.53141 -0.75932
vn 0.33171 0.38756 -0.86009
vn 0.30891 0.15389 -0.93856
vn 0.3874 0.15313 -0.90911
vn 0.43455 0.1509 -0.88792
vn 0.28255 0.15654 -0.94639
vn 0.28254 0.15651 -0.9464
vn 0.33196 0.10827 -0.93706
vn 0.30375 0.46626 -0.83087
vn 0.29788 0.45996 -0.83649
vn 0.27395 0.78807 -0.55127
vn 0.28462 0.81175 -0.50995
vn 0.29279 0.17689 -0.93967
vn 0.24083 0.09867 -0.96554
vn 0.19118 0.05297 -0.98013
vn -0.04431 0.46795 0.88264
vn -0.25648 0.00703 0.96652
vn -0.18324 0.00282 0.98306
vn 0.19014 0.61223 0.76748
vn 0.14035 0.44772 0.88309
vn -0.03531 0.33368 0.94203
vn -0.26825 0.01345 0.96326
vn -0.2218 -0.02388 0.9748
vn -0.18481 0.16541 0.96876
vn -0.31446 -0.14834 0.93761
vn 0.29349 0.66661 0.6852
vn 0.31481 0.55983 0.76647
vn 0.1868 0.61344 0.76733
vn -0.06232 0.49941 0.86412
vn -0.0123 0.58413 0.81157
vn -0.3467 -0.07434 0.93503
vn -0.35831 -0.23705 0.90301
vn -0.24093 -0.13877 0.96057
vn -0.26781 -0.07552 0.96051
vn -0.34496 -0.09339 0.93396
vn -0.23764 -0.03718 0.97064
vn 0.20088 0.97544 -0.09037
vn 0.19846 0.97983 0.02337
vn 0.13269 0.99114 0.00662
vn 0.29156 0.95633 0.02074
vn 0.43583 0.9 -0.00698
vn 0.33716 0.92407 -0.18006
vn 0.35731 0.92295 -0.14316
vn 0.20752 0.95697 -0.20284
vn 0.27118 0.93875 -0.21264
vn 0.17112 0.94837 -0.26703
vn 0.28218 0.71563 -0.63894
vn 0.27616 0.15945 -0.94779
vn 0.25676 0.22318 -0.94035
vn 0.28444 0.18038 -0.94157
vn 0.32599 0.44683 -0.83311
vn 0.33804 0.75829 -0.55743
vn 0.19343 0.02484 -0.9808
vn 0.32702 0.06458 -0.94281
vn 0.3635 0.32556 -0.87286
vn 0.32005 0.36479 -0.87435
vn 0.37629 0.61254 -0.69512
vn 0.34685 0.18283 -0.91993
vn 0.34669 0.17846 -0.92084
vn 0.37713 0.23025 -0.89708
vn 0.40712 0.23376 -0.88295
vn -0.22193 0.21988 0.94995
vn -0.25344 0.09823 0.96235
vn -0.16247 -0.11046 0.98051
vn -0.2656 -0.11229 0.95752
vn -0.18636 -0.17478 0.96681
vn -0.28011 -0.10927 0.95373
vn -0.2114 -0.08246 0.97391
vn -0.13943 -0.20886 0.96796
vn -0.23294 -0.17802 0.95606
vn -0.24925 -0.23544 0.93938
vn -0.14965 0.48366 0.86237
vn -0.13529 0.45606 0.87961
vn -0.10647 0.23449 0.96627
vn -0.17438 0.52893 0.83056
vn -0.18692 -0.15017 0.97083
vn -0.22211 -0.12947 0.96639
vn -0.20189 -0.08704 0.97553
vn -0.2997 -0.12479 0.94584
vn 0.30882 0.41673 -0.85497
vn 0.32517 0.25027 -0.91194
vn 0.41535 0.18157 -0.89136
vn 0.3962 0.23311 -0.88808
vn 0.39301 0.12307 -0.91126
vn 0.38033 0.24492 -0.89183
vn 0.41468 0.18373 -0.89123
vn 0.41017 0.24922 -0.87729
vn 0.41128 0.22897 -0.88228
vn 0.33224 0.37291 -0.86635
vn 0.4438 0.30969 -0.84091
vn 0.51632 0.23783 -0.82271
vn 0.59639 0.36474 -0.71504
vn 0.4913 0.1961 -0.84863
vn 0.61201 0.13789 -0.77873
vn 0.57385 -0.00812 -0.81892
vn 0.68808 0.16728 -0.70609
vn 0.45501 0.15187 -0.87744
vn 0.45603 -0.04453 -0.88885
vn -0.24037 -0.10427 0.96506
vn -0.28587 -0.10753 0.95222
vn -0.29859 -0.18176 0.93691
vn -0.26708 0.03713 0.96296
vn -0.22219 -0.03165 0.97449
vn -0.1665 -0.03722 0.98534
vn -0.07357 -0.21693 0.97341
vn -0.09739 -0.26871 0.95829
vn -0.24979 -0.10143 0.96297
vn -0.26114 -0.30624 0.91544
vn -0.0942 -0.4463 0.88991
vn -0.12912 0.09035 0.98751
vn -0.19822 0.00557 0.98014
vn -0.14337 -0.05878 0.98792
vn -0.1741 0.01524 0.98461
vn -0.07963 -0.31982 0.94413
vn -0.09058 -0.60041 0.79454
vn -0.19066 -0.28162 0.94039
vn 0.71877 0.32839 -0.6128
vn 0.62936 -0.11116 -0.76913
vn 0.5463 -0.16689 -0.8208
vn 0.62872 0.12694 -0.7672
vn 0.5995 0.47035 -0.64759
vn 0.44378 -0.21812 -0.86918
vn 0.49651 -0.29233 -0.81733
vn 0.51279 0.08238 -0.85456
vn 0.40851 0.1926 -0.8922
vn 0.50841 0.44064 -0.73983
vn 0.47987 -0.19274 -0.85591
vn 0.50977 -0.33089 -0.79413
vn 0.43939 -0.20439 -0.87473
vn 0.36666 -0.05627 -0.92865
vn 0.3767 -0.16141 -0.91216
vn 0.45139 -0.30515 -0.83853
vn -0.24713 0.08258 0.96546
vn -0.3657 -0.07477 0.92772
vn -0.31118 0.03723 0.94962
vn -0.29594 -0.10052 0.9499
vn -0.27944 0.15485 0.94759
vn -0.27219 -0.32368 0.90617
vn -0.29114 -0.23887 0.92638
vn -0.19918 0.03121 0.97947
vn -0.18393 0.15254 0.97103
vn -0.28157 0.09077 0.95524
vn -0.29822 -0.0636 0.95237
vn -0.27711 -0.16271 0.94696
vn -0.37678 -0.15686 0.91292
vn -0.33288 -0.32388 0.8856
vn 0.39845 0.25711 -0.88041
vn 0.34685 -0.00033 -0.93792
vn 0.4534 -0.36911 -0.81129
vn 0.36207 -0.08172 -0.92856
vn 0.38445 -0.02993 -0.92266
vn 0.36102 -0.07652 -0.92941
vn 0.3752 -0.16598 -0.91196
vn 0.40299 -0.26771 -0.87518
vn 0.36143 -0.24314 -0.90014
vn 0.33007 -0.13705 -0.93396
vn 0.38925 0.18007 -0.90336
vn 0.33672 0.06757 -0.93918
vn 0.30144 -0.08647 -0.94956
vn 0.25211 0.05314 -0.96624
vn 0.29405 -0.12275 -0.94787
vn 0.27138 -0.12275 -0.95461
vn 0.2899 -0.06649 -0.95475
vn 0.2397 -0.04943 -0.96959
vn 0.29912 -0.20549 -0.93182
vn 0.35605 -0.2436 -0.90216
vn 0.34271 -0.19006 -0.92001
vn 0.32646 -0.15002 -0.93323
vn -0.44786 -0.13557 0.88377
vn -0.31078 -0.03382 0.94988
vn -0.34778 0.07105 0.93488
vn -0.23184 0.03928 0.97196
vn -0.42575 -0.29982 0.85372
vn -0.15157 -0.02264 0.98819
vn -0.34404 -0.23875 0.90809
vn -0.2624 -0.17676 0.94863
vn -0.27228 -0.139 0.95212
vn -0.39051 -0.07625 0.91743
vn -0.41881 -0.21665 0.88185
vn -0.30266 -0.16971 0.93787
vn -0.32961 -0.27578 0.90294
vn -0.42364 -0.33713 0.84076
vn -0.38528 -0.3368 0.85914
vn -0.33111 -0.35841 0.87287
vn -0.36476 -0.34819 0.86355
vn -0.35718 -0.41948 0.83454
vn -0.35372 -0.45512 0.81716
vn 0.22485 0.02115 -0.97416
vn 0.24042 0.01008 -0.97062
vn 0.36124 0.03594 -0.93178
vn 0.25418 -0.04553 -0.96608
vn 0.27201 0.03011 -0.96182
vn 0.30657 -0.03812 -0.95108
vn 0.46503 0.13049 -0.87562
vn 0.38496 0.03302 -0.92234
vn 0.25881 0.10247 -0.96048
vn 0.28403 0.04438 -0.95779
vn 0.29242 0.13395 -0.94686
vn 0.47422 0.23924 -0.84728
vn 0.25041 0.34461 -0.90473
vn 0.41271 0.38057 -0.82755
vn -0.32982 -0.16898 0.9288
vn -0.37865 -0.24784 0.89174
vn -0.33407 -0.30054 0.89335
vn -0.4081 -0.25928 0.87534
vn -0.34911 -0.35129 0.86874
vn -0.45214 -0.42767 0.78273
vn -0.43192 -0.38751 0.81442
vn -0.39722 -0.38831 0.83152
vn -0.41332 -0.49206 0.76618
vn -0.51408 -0.45213 0.72891
vn -0.38686 -0.32732 0.86209
vn -0.54477 -0.48293 0.68557
vn -0.37609 -0.50929 0.77407
vn -0.33525 -0.22517 0.91483
vn -0.2827 -0.28147 0.91698
vn -0.51857 -0.55155 0.65336
vn -0.54128 -0.57662 0.61198
vn -0.55021 -0.57018 0.61005
vn -0.53345 -0.58269 0.61311
vn -0.46002 -0.63551 0.62009
vn -0.52982 -0.56106 0.636
vn 0.1302 0.06979 -0.98903
vn 0.20688 0.08359 -0.97479
vn 0.08635 -0.13596 -0.98694
vn 0.11131 0.2271 -0.96749
vn -0.12415 0.12461 -0.98441
vn 0.26058 0.44188 -0.85839
vn -0.06976 0.55229 -0.83073
vn 0.0241 -0.11656 -0.99289
vn -0.09233 0.04055 -0.9949
vn 0.014 0.1355 -0.99068
vn 0.01295 -0.19324 -0.98107
vn -0.31527 -0.13273 -0.93967
vn -0.20494 -0.21525 -0.95481
vn -0.23454 -0.19308 -0.95274
vn -0.47348 -0.13843 -0.86986
vn -0.6397 -0.02659 -0.76817
vn 0.25692 0.29577 -0.92006
vn 0.10396 0.34096 -0.93431
vn -0.14928 0.38698 -0.90992
vn 0.07486 0.1851 -0.97986
vn -0.3524 0.52524 -0.77456
vn -0.34949 -0.34933 -0.86938
vn -0.5163 -0.01764 -0.85623
vn -0.54737 -0.41814 0.72494
vn -0.5986 -0.52407 0.60583
vn -0.58559 -0.5398 0.60473
vn -0.5835 -0.56564 0.58273
vn -0.57917 -0.51719 0.63014
vn -0.54883 -0.5563 0.62396
vn -0.55816 -0.45389 0.69458
vn -0.5784 -0.50895 0.63751
vn -0.61744 -0.56744 0.54477
vn -0.65017 -0.4587 0.6057
vn -0.6453 -0.53484 0.54546
vn -0.69305 -0.53844 0.47934
vn -0.72976 -0.54138 0.41757
vn -0.74705 -0.49121 0.44792
vn -0.61705 -0.54245 0.57009
vn -0.65982 -0.58984 0.46553
vn -0.73953 -0.53672 0.40623
vn -0.68314 -0.59917 0.41751
vn -0.75839 -0.56253 0.32926
vn -0.68033 -0.59987 0.42107
vn -0.64732 -0.57412 0.50136
vn -0.82662 -0.52876 0.19263
vn -0.75099 -0.57183 0.33019
vn -0.77958 -0.54464 0.30923
vn -0.7558 -0.56704 0.32747
vn -0.82871 -0.53418 0.167
vn -0.79521 -0.57233 0.2002
vn -0.83777 -0.52489 0.15045
vn -0.80768 -0.56116 0.18097
vn -0.83846 -0.51548 0.1768
vn -0.81886 -0.54453 0.18155
vn -0.83359 -0.51838 0.19083
vn -0.8564 -0.48396 0.17987
vn -0.27732 -0.07262 -0.95803
vn -0.22215 0.09779 -0.9701
vn -0.34537 -0.2003 -0.91684
vn -0.28774 -0.13987 -0.94744
vn -0.36667 -0.23923 -0.89907
vn -0.40397 -0.29314 -0.86653
vn -0.25034 -0.11926 -0.96078
vn -0.41834 -0.28512 -0.86238
vn -0.41059 -0.29382 -0.86318
vn -0.80002 -0.51935 -0.30041
vn -0.71108 -0.45194 -0.53863
vn -0.80516 -0.43227 -0.40602
vn -0.8676 -0.48526 -0.10859
vn -0.33274 -0.22105 -0.91674
vn -0.31136 -0.06809 -0.94785
vn -0.39284 -0.1271 -0.91078
vn -0.54391 -0.33522 -0.76928
vn -0.81984 -0.4706 -0.32619
vn -0.89874 -0.43456 -0.05843
vn -0.65293 -0.38304 -0.65343
vn -0.53362 -0.30186 -0.79002
vn -0.75058 -0.59409 0.28927
vn -0.79952 -0.55454 0.23075
vn -0.7689 -0.59657 0.23
vn -0.81187 -0.55207 0.18996
vn -0.79544 -0.57472 0.19229
vn -0.78849 -0.58384 0.19342
vn -0.85812 -0.51239 0.03293
vn -0.85311 -0.51849 0.05811
vn -0.87025 -0.49261 0.00265
vn -0.84701 -0.52364 0.09155
vn -0.83615 -0.53838 0.10491
vn -0.85684 -0.51556 0.00507
vn -0.89337 -0.44928 0.0064
vn -0.89676 -0.4374 0.06711
vn -0.87517 -0.48221 0.03927
vn -0.87339 -0.48678 0.01543
vn -0.88304 -0.4689 -0.01935
vn -0.8838 -0.46682 -0.03118
vn -0.83806 -0.45435 -0.30203
vn -0.59357 -0.31568 -0.74029
vn -0.51207 -0.17136 -0.84167
vn -0.71528 -0.38838 -0.58097
vn -0.72806 -0.25984 -0.63436
vn -0.88978 -0.44958 -0.07854
vn 0.27668 0.69346 0.66525
vn 0.51427 0.83159 0.20973
vn 0.47523 0.87273 0.11185
vn 0.5224 0.85148 0.04555
vn 0.69112 0.6818 0.23977
vn 0.51591 0.83407 0.19536
vn 0.40034 0.70962 0.5798
vn 0.37059 0.62126 0.69043
vn 0.58075 0.74324 -0.33216
vn 0.42428 0.64466 -0.63593
vn 0.53874 0.76678 -0.34901
vn 0.58293 0.80958 -0.06908
vn 0.51064 0.69748 0.50276
vn 0.66831 0.71344 0.21062
vn 0.7166 0.69748 0.00208
vn 0.69416 0.66056 -0.28603
vn 0.29138 0.58267 -0.75868
vn 0.10213 0.44355 -0.89041
vn 0.19637 0.73839 -0.64515
vn -0.02119 0.73354 -0.67931
vn 0.14307 0.61022 0.77921
vn 0.45661 0.59835 0.6584
vn 0.31762 0.74283 0.58934
vn 0.3084 0.62607 0.71619
vn 0.07178 0.53254 0.84335
vn 0.33846 0.82199 -0.45801
vn 0.46641 0.79611 -0.38558
vn 0.42418 0.64567 -0.63497
vn 0.48889 0.85146 -0.18975
vn 0.42986 0.77641 0.46087
vn 0.59998 0.79046 -0.12322
vn -0.55679 -0.82365 0.10764
vn -0.6317 -0.76774 0.10732
vn -0.62671 -0.77402 0.09015
vn 0.14055 0.45654 0.87853
vn -0.70707 -0.5204 -0.47878
vn -0.49884 -0.77157 -0.39477
vn -0.4332 -0.35946 -0.82651
vn -0.31815 -0.62783 -0.71036
vn -0.67737 -0.13271 -0.72357
vn -0.43019 -0.8833 -0.18633
vn 0.31312 0.5593 0.76756
vn 0.12589 0.58816 0.79889
vn 0.32952 0.45484 0.82737
vn 0.23858 0.47118 0.84916
vn -0.48018 -0.50433 0.71769
vn -0.31305 -0.28136 0.9071
vn -0.56604 -0.68132 0.46411
vn 0.16777 0.769 -0.61684
vn 0.39741 0.87109 -0.28857
vn -0.34974 -0.6217 -0.70084
vn -0.41499 -0.85941 -0.29865
vn -0.28903 -0.71474 -0.63687
vn -0.39801 -0.5959 0.69749
vn 0.21391 0.52958 0.82085
vn -0.41369 -0.86746 0.27635
vn -0.3781 -0.91442 0.14447
vn -0.37489 -0.91513 0.14828
vn -0.41634 -0.89468 -0.16188
vn -0.47975 -0.86765 -0.13044
vn -0.37491 -0.9211 0.10494
vn 0.22607 0.48649 -0.84393
vn 0.29754 0.33086 -0.89555
vn 0.08944 0.15739 -0.98348
vn 0.09951 0.94434 -0.31355
vn -0.21435 -0.49203 -0.84378
vn -0.02416 -0.45644 -0.88943
vn -0.56828 0.19599 -0.79915
vn 0.1437 0.68002 -0.71898
vn -0.35498 -0.3506 -0.86664
vn -0.10748 0.68597 0.71964
vn -0.03456 0.8284 0.55908
vn -0.02335 0.79755 0.6028
vn -0.07633 -0.94374 0.32176
vn -0.1396 -0.35422 0.92469
vn -0.12875 -0.73216 0.66885
vn -0.15485 -0.91328 0.37676
vn -0.16684 -0.97657 -0.13591
vn -0.29512 -0.47194 0.83077
vn 0.11676 0.25247 -0.96054
vn 0.14912 0.54638 -0.82415
vn 0.13705 0.4218 -0.89627
vn -0.06534 -0.90569 -0.41887
vn -0.28362 -0.95605 -0.07434
vn -0.1017 -0.99353 -0.0505
vn 0.07891 -0.9941 0.07439
vn -0.00281 -0.35507 0.93484
vn -0.15345 -0.16174 0.97483
vn 0.12524 -0.62291 0.7722
vn -0.02533 0.75021 0.66071
vn -0.08071 -0.56741 0.81947
vn -0.17331 -0.98265 -0.06604
vn 0.11363 0.53886 -0.8347
vn 0.32096 -0.93424 0.15552
vn 0.36055 0.71824 0.59509
vn 0.38865 0.87201 0.29756
vn 0.28773 0.94404 -0.16128
vn 0.37928 0.90669 0.18453
vn -0.01532 -0.99857 -0.05129
vn 0.01288 -0.77567 -0.63101
vn 0.47569 0.02782 -0.87917
vn 0.11008 0.33095 -0.93721
vn 0.15211 0.44275 -0.88365
vn 0.10491 0.4143 -0.90407
vn -0.05888 -0.90461 -0.42215
vn 0.08446 0.4036 -0.91103
vn 0.23004 0.88919 0.3955
vn 0.41932 0.90252 0.09816
vn 0.209 0.95136 0.22634
vn 0.17506 0.96802 -0.17971
vn 0.21162 0.97644 -0.04216
vn 0.19805 0.48332 -0.85275
vn -0.11926 -0.73953 -0.66247
vn 0.19893 0.31719 -0.92726
vn 0.13945 0.98034 0.13958
vn 0.07918 0.99614 0.03794
vn 0.20616 0.964 0.16792
vn 0.11383 0.98044 0.16057
vn 0.06882 0.99489 -0.07389
vn 0.08407 0.99616 0.02427
vn 0.10212 0.99174 -0.07759
vn 0.09349 0.93992 -0.32836
vn 0.12505 0.94164 -0.31254
vn 0.10284 0.98198 -0.15855
vn -0.0992 0.42652 0.89902
vn -0.20607 0.54442 0.81311
vn -0.17963 0.79192 0.58361
vn -0.03829 0.44319 0.89561
vn 0.40557 -0.08492 0.91011
vn -0.17421 0.06527 0.98254
vn 0.22198 0.08718 0.97115
vn 0.46863 0.05637 0.88159
vn -0.29118 0.85651 0.42614
vn -0.26363 0.83011 0.49135
vn -0.29552 0.83572 0.46286
vn 0.5761 0.21595 0.78834
vn 0.16512 0.5083 0.8452
vn 0.37106 0.33316 0.86679
vn 0.42853 0.5484 0.71807
vn 0.23532 0.97072 -0.04819
vn 0.37066 0.9189 -0.13502
vn 0.47971 0.8725 -0.09283
vn 0.83984 0.45288 -0.29927
vn 0.27868 0.94587 0.16633
vn 0.22451 0.97244 -0.06288
vn 0.39756 -0.91503 0.06836
vn 0.49838 -0.86384 0.07354
vn 0.4114 -0.90226 0.12918
vn -0.32752 0.74933 0.57553
vn -0.1275 0.61774 0.77598
vn -0.2678 0.80427 0.5305
vn -0.41566 0.8552 0.3096
vn -0.41048 0.82535 0.38769
vn -0.30508 0.81216 0.49731
vn -0.49318 0.85942 0.13476
vn -0.41422 0.88483 0.2133
vn -0.2959 0.85246 0.43099
vn -0.32631 0.68183 0.6547
vn 0.44002 -0.89456 -0.07835
vn 0.61682 -0.73679 -0.27689
vn 0.64142 -0.71056 -0.28929
vn -0.04628 0.8777 -0.47698
vn 0.13642 0.32549 -0.93565
vn 0.15891 0.73635 -0.65768
vn 0.57509 -0.05892 -0.81596
vn 0.72439 0.43001 -0.53884
vn 0.46125 0.79032 -0.4033
vn 0.38077 0.72925 -0.56852
vn 0.26441 0.96278 0.05608
vn 0.02364 0.989 0.14602
vn 0.57247 -0.75594 -0.31754
vn 0.28213 0.95932 -0.01068
vn 0.53372 0.83238 0.14926
vn 0.50777 0.85638 -0.09371
vn -0.11845 0.89627 -0.42739
vn 0.13309 0.91363 -0.38414
vn 0.0744 0.945 -0.3185
vn -0.14126 0.93811 -0.31624
vn 0.21543 0.95954 -0.18133
vn 0.39416 0.91142 -0.11814
vn 0.29434 0.93983 -0.17344
vn 0.28592 0.9554 -0.07387
vn 0.21533 0.97206 -0.09342
vn 0.27658 0.9552 -0.10536
vn 0.46673 0.87743 -0.11085
vn 0.46408 0.87194 -0.15602
vn 0.46902 0.86199 -0.19233
vn 0.33203 0.90542 -0.26452
vn 0.34901 0.88449 -0.30964
vn 0.41896 0.85877 -0.29494
vn 0.35379 0.9019 -0.24782
vn 0.35291 0.92534 -0.13855
vn 0.41112 0.89239 -0.18608
vn 0.3189 0.93369 -0.16288
vn 0.39416 0.90288 -0.17162
vn 0.34642 0.83465 -0.42821
vn 0.37966 0.86524 -0.32744
vn 0.35212 0.81081 -0.46756
vn 0.37438 0.66647 -0.64471
vn -0.25914 0.45232 0.85338
vn -0.22582 0.84622 0.48261
vn -0.25245 0.77845 0.5747
vn -0.21981 0.88622 0.40778
vn -0.2764 0.8265 0.4904
vn -0.29519 0.83109 0.47134
vn -0.24908 0.77107 0.58601
vn -0.22731 0.89997 0.37201
vn -0.2432 0.87949 0.40908
vn -0.31151 0.94173 0.12692
vn -0.19684 0.93211 0.304
vn -0.29961 0.58984 0.74988
vn -0.14199 0.78501 0.60299
vn -0.18335 0.70028 0.68992
vn -0.00251 0.9472 0.32062
vn -0.10378 0.985 0.13784
vn 0.02026 0.89768 0.44019
vn 0.07188 0.91879 0.38814
vn 0.0298 0.86332 0.50378
vn -0.03741 0.7812 0.62316
vn -0.03264 0.7407 0.67104
vn -0.10772 0.67235 0.73236
vn -0.10403 0.71171 0.69472
vn 0.19594 0.9804 0.02077
vn 0.05031 0.9953 0.0827
vn 0.00079 0.99684 -0.07944
vn 0.29378 0.95448 -0.0517
vn 0.26192 0.963 -0.06345
vn 0.33221 0.9358 -0.11797
vn 0.25049 0.96801 0.0143
vn 0.19301 0.97261 0.12951
vn 0.14036 0.95872 0.24729
vn 0.19242 0.96785 0.162
vn 0.10247 0.95642 0.27344
vn 0.14086 0.93867 0.31473
vn 0.25662 0.9656 0.04199
vn 0.29139 0.95587 -0.03754
vn 0.21541 0.97179 0.09606
vn 0.16242 0.96538 0.20412
vn 0.26613 0.95531 -0.12866
vn 0.33763 0.93994 -0.05021
vn 0.33548 0.91953 -0.20476
vn 0.32931 0.90963 -0.25322
vn 0.31473 0.94507 -0.08826
vn 0.29285 0.85005 -0.43779
vn 0.281 0.6503 -0.7058
vn 0.31345 0.7198 -0.61939
vn 0.37353 0.80057 -0.46857
vn 0.33838 0.89541 -0.28937
vn 0.29682 0.94795 -0.11531
vn 0.24576 0.96932 -0.00465
vn 0.29327 0.95385 -0.06451
vn 0.21481 0.97569 -0.04342
vn 0.39474 0.72863 -0.55971
vn 0.35888 0.70607 -0.61047
vn 0.36237 0.81379 -0.45435
vn 0.28263 0.91604 -0.2846
vn 0.28873 0.52363 -0.80153
vn 0.34042 0.53144 -0.77568
vn 0.35389 0.56751 -0.74344
vn 0.31822 0.56574 -0.7607
vn 0.37568 0.45802 -0.80566
vn 0.49734 0.54007 -0.67895
vn 0.04265 0.8261 0.5619
vn -0.14652 0.59804 0.78796
vn -0.19696 0.49242 0.84778
vn -0.21927 0.66827 0.71087
vn -0.13257 0.48543 0.86417
vn -0.06153 0.64873 0.75853
vn -0.03509 0.74125 0.67032
vn -0.0654 0.62148 0.7807
vn -0.04805 0.77446 0.6308
vn -0.05298 0.84383 0.53399
vn -0.04316 0.76713 0.64004
vn -0.06201 0.64684 0.7601
vn -0.089 0.62982 0.77163
vn -0.22305 0.38311 0.89637
vn -0.10422 0.4335 0.89511
vn -0.11233 0.33612 0.9351
vn -0.12178 0.477 0.87043
vn 0.07028 0.95413 0.29104
vn 0.01437 0.87694 0.48038
vn 0.1002 0.99401 0.04369
vn 0.15303 0.98304 0.1011
vn 0.16329 0.98655 0.00722
vn 0.09089 0.97973 0.1785
vn 0.01159 0.94352 0.33112
vn -0.02994 0.86768 0.49622
vn -0.04382 0.90314 0.42711
vn 0.04003 0.94433 0.32655
vn -0.03137 0.8848 0.46491
vn 0.07394 0.97599 0.20486
vn 0.09277 0.99536 0.02565
vn 0.11551 0.99309 0.02066
vn 0.15039 0.98797 -0.03612
vn 0.19639 0.94164 -0.2734
vn 0.26569 0.90605 -0.32937
vn 0.29681 0.78931 -0.53749
vn 0.16819 0.96706 -0.19108
vn 0.08584 0.99496 0.05174
vn 0.1472 0.98038 -0.13112
vn 0.13109 0.97535 -0.17748
vn 0.33382 0.91355 -0.23235
vn 0.17301 0.9778 -0.11825
vn 0.21402 0.93154 -0.29398
vn 0.36363 0.79376 -0.48757
vn 0.45432 0.61926 -0.64039
vn 0.61169 0.63011 -0.47832
vn 0.56903 0.66223 -0.4875
vn 0.50471 0.72602 -0.46708
vn 0.51605 0.63227 -0.57787
vn 0.62445 0.62791 -0.46453
vn 0.57048 0.64428 -0.50936
vn 0.47663 0.78829 -0.38912
vn 0.39908 0.84753 -0.34989
vn 0.46418 0.86138 -0.20631
vn 0.52289 0.63993 -0.56309
vn 0.49444 0.61706 -0.61218
vn 0.51455 0.72963 -0.45041
vn 0.49346 0.79633 -0.3498
vn 0.50244 0.53471 -0.67944
vn 0.47398 0.47288 -0.74278
vn 0.44554 0.46935 -0.76237
vn 0.44298 0.41064 -0.79695
vn -0.08732 0.74704 0.65902
vn -0.15687 0.39829 0.90374
vn -0.19921 0.52311 0.82866
vn -0.18653 0.48915 0.85202
vn -0.22311 0.4485 0.86549
vn -0.12853 0.64145 0.75632
vn -0.08884 0.63797 0.76492
vn -0.05377 0.71773 0.69424
vn -0.06189 0.58913 0.80566
vn -0.1271 0.46995 0.87349
vn -0.1451 0.41076 0.90012
vn -0.1769 0.38319 0.90657
vn -0.21909 0.38466 0.89668
vn -0.25522 0.35762 0.89832
vn -0.00375 0.89674 0.44254
vn -0.06973 0.80248 0.59259
vn 0.10805 0.99321 0.04321
vn 0.15576 0.97973 0.12599
vn 0.0456 0.99528 0.08571
vn 0.02422 0.96198 0.27204
vn 0.10184 0.95089 0.29231
vn 0.04214 0.85544 0.51619
vn -0.06116 0.76632 0.63954
vn -0.03249 0.76305 0.64553
vn 0.10404 0.83254 0.54411
vn 0.04598 0.68898 0.72332
vn 0.17572 0.906 0.38508
vn 0.26118 0.95208 0.15913
vn 0.23152 0.96063 0.15358
vn 0.22392 0.96793 0.1139
vn 0.39433 0.90882 -0.13624
vn 0.2746 0.96141 0.01678
vn 0.27334 0.96152 -0.02769
vn 0.30501 0.95232 -0.00789
vn 0.34149 0.93868 0.04766
vn 0.38013 0.92381 0.04549
vn 0.45916 0.86021 -0.22183
vn 0.46102 0.76728 -0.4458
vn 0.51001 0.76251 -0.39808
vn 0.48793 0.65552 -0.57638
vn 0.45852 0.84932 -0.26157
vn 0.38027 0.92486 -0.00555
vn 0.44642 0.80831 -0.38386
vn 0.48715 0.8326 -0.26354
vn 0.35661 0.64372 -0.67709
vn 0.40548 0.73557 -0.5427
vn 0.39473 0.67978 -0.61814
vn 0.44143 0.60851 -0.65944
vn 0.44301 0.5133 -0.73503
vn 0.42163 0.54506 -0.72467
vn 0.43452 0.40904 -0.80242
vn 0.40447 0.38769 -0.82831
vn 0.32903 0.3603 -0.87288
vn 0.31425 0.46375 -0.82836
vn 0.32491 0.54763 -0.77106
vn 0.31882 0.22032 -0.92185
vn 0.36017 0.46152 -0.81073
vn 0.33291 0.23573 -0.91302
vn 0.28658 0.12504 -0.94986
vn -0.07994 0.53142 0.84333
vn -0.26096 0.10006 0.96015
vn -0.08518 0.09203 0.99211
vn -0.18409 0.3629 0.91346
vn -0.10526 0.33372 0.93678
vn -0.13917 0.28831 0.94737
vn -0.15896 0.31348 0.9362
vn -0.10077 0.11899 0.98777
vn 0.00894 0.28892 0.95731
vn 0.14956 0.75952 0.63305
vn 0.11403 0.80243 0.58575
vn 0.11405 0.6079 0.78578
vn 0.05959 0.45291 0.88956
vn 0.03953 0.53324 0.84504
vn -0.06911 0.50188 0.86217
vn 0.04564 0.65123 0.7575
vn -0.11618 0.37129 0.92122
vn 0.07169 0.72386 0.68621
vn -0.10013 0.39877 0.91157
vn -0.21472 -0.00991 0.97662
vn -0.27618 0.10796 0.95502
vn -0.23895 -0.05622 0.9694
vn 0.36745 0.69554 -0.61742
vn 0.35197 0.64775 -0.67568
vn 0.30165 0.52764 -0.7941
vn 0.252 0.52622 -0.81215
vn 0.28649 0.58971 -0.75509
vn 0.28481 0.32646 -0.90128
vn 0.27573 0.11974 -0.95375
vn 0.26427 0.11453 -0.95763
vn 0.18566 0.48388 -0.85522
vn 0.15872 0.47512 -0.86548
vn 0.20783 0.55946 -0.80238
vn 0.26235 0.66606 -0.69823
vn 0.23342 0.61349 -0.75442
vn 0.23779 0.34755 -0.90701
vn 0.18645 0.25493 -0.94881
vn 0.22858 0.13077 -0.9647
vn 0.17365 0.28179 -0.94363
vn -0.23273 0.41081 0.88152
vn -0.27037 0.22022 0.93723
vn -0.01272 0.50888 0.86074
vn -0.05729 0.52753 0.8476
vn -0.09218 0.32412 0.94151
vn -0.21542 0.15267 0.96451
vn -0.24794 0.13566 0.95923
vn -0.31393 0.00256 0.94944
vn -0.3004 -0.01248 0.95373
vn -0.20534 0.11908 0.97142
vn -0.23846 0.18144 0.95405
vn -0.24986 0.1172 0.96116
vn -0.18114 0.43893 0.88008
vn -0.19503 0.43301 0.88004
vn -0.22696 0.1595 0.96076
vn -0.26189 0.02886 0.96467
vn -0.27235 -0.15051 0.95035
vn -0.35935 -0.21199 0.90881
vn 0.13473 0.51909 -0.84404
vn 0.10095 0.38678 -0.91663
vn 0.03657 0.37062 -0.92806
vn 0.0964 0.49008 -0.86633
vn 0.1178 0.50645 -0.85418
vn 0.1043 0.14383 -0.98409
vn 0.13519 0.23456 -0.96266
vn 0.02013 0.2815 -0.95935
vn 0.04837 0.38945 -0.91978
vn -0.03968 0.3687 -0.9287
vn 0.02932 0.42666 -0.90394
vn 0.10001 0.46038 -0.88207
vn 0.01105 0.30461 -0.95241
vn -0.08021 0.20776 -0.97489
vn -0.07696 0.27298 -0.95894
vn -0.36945 0.03168 0.92871
vn -0.32014 -0.00598 0.94735
vn -0.39101 0.11516 0.91315
vn -0.46195 -0.14375 0.87518
vn -0.36766 0.18311 0.91175
vn -0.44431 0.13623 0.88545
vn -0.41376 0.23301 0.88006
vn -0.41081 -0.13437 0.90176
vn -0.47743 -0.3177 0.81923
vn -0.51566 -0.07015 0.85392
vn -0.53682 -0.33045 0.77629
vn -0.49188 0.06854 0.86796
vn -0.37963 0.16721 0.9099
vn -0.58396 -0.01242 0.81168
vn -0.62891 -0.0705 0.77428
vn -0.56584 -0.2769 0.77663
vn -0.65164 -0.28213 0.70411
vn -0.60647 -0.4825 0.63197
vn -0.62861 -0.54116 0.55857
vn -0.65326 -0.58932 0.47534
vn -0.63125 -0.57897 0.51606
vn -0.08449 0.3925 -0.91586
vn -0.18097 0.27556 -0.94409
vn -0.23865 0.24205 -0.94046
vn -0.16836 0.33713 -0.92628
vn -0.12112 0.37517 -0.91901
vn -0.27699 0.09139 -0.95652
vn -0.23019 0.15518 -0.96069
vn -0.24381 0.16685 -0.95536
vn -0.27428 0.2555 -0.92709
vn -0.29164 0.2345 -0.92734
vn -0.26947 0.28355 -0.92032
vn -0.20958 0.30596 -0.92869
vn -0.27042 0.23965 -0.93244
vn -0.31424 -0.01238 -0.94926
vn -0.3333 -0.04353 -0.94181
vn -0.35284 -0.02255 -0.93541
vn -0.32492 -0.04488 -0.94468
vn -0.33527 0.00597 -0.9421
vn -0.32651 -0.03849 -0.94441
vn -0.65184 -0.14008 0.7453
vn -0.70869 -0.14137 0.69121
vn -0.72409 -0.20993 0.65698
vn -0.69509 -0.42497 0.57987
vn -0.79909 -0.25035 0.54661
vn -0.82149 -0.22343 0.52463
vn -0.8968 -0.2896 0.33449
vn -0.92958 -0.31349 0.19393
vn -0.88201 -0.36176 0.30198
vn -0.77476 -0.44029 0.45375
vn -0.78655 -0.52409 0.32661
vn -0.86295 -0.45688 0.21579
vn -0.84872 -0.47995 0.22211
vn -0.92637 -0.32589 0.18879
vn -0.81094 -0.15287 0.56481
vn -0.88849 -0.18573 0.41963
vn -0.94884 -0.25161 0.19075
vn -0.94538 -0.19533 0.26096
vn -0.94624 -0.22659 0.23084
vn -0.93623 -0.24754 0.2494
vn -0.93138 -0.3147 0.18302
vn -0.89357 -0.377 0.24372
vn -0.89374 -0.37292 0.2493
vn -0.89651 -0.37452 0.23666
vn -0.94805 -0.28711 0.13702
vn -0.95198 -0.27982 0.12421
vn -0.9432 -0.27927 0.17997
vn -0.91744 -0.3487 0.19161
vn -0.931 -0.30239 0.20445
vn -0.94002 -0.3167 0.12676
vn -0.92706 -0.35307 0.12614
vn -0.91666 -0.39677 0.04793
vn -0.89987 -0.42796 0.08417
vn -0.87803 -0.46778 0.10119
vn -0.82418 -0.51671 0.23181
vn -0.87003 -0.44629 0.20945
vn -0.88841 -0.4495 0.09315
vn -0.89842 -0.43864 0.021
vn -0.96017 -0.25762 0.10816
vn -0.90861 -0.35353 0.22237
vn -0.95673 -0.23575 0.17057
vn -0.97439 -0.21798 0.05512
vn -0.9219 -0.3368 0.1915
vn -0.99197 -0.12382 -0.02572
vn -0.97182 -0.23568 0.00513
vn -0.93537 -0.35208 -0.03351
vn -0.95099 -0.30838 -0.02268
vn -0.94351 -0.20245 -0.26229
vn -0.89192 -0.45151 -0.02489
vn -0.42559 0.32941 -0.84283
vn -0.42336 0.29018 -0.85823
vn -0.62116 0.12782 -0.77319
vn -0.38181 0.22593 -0.8962
vn -0.24789 0.24675 -0.93684
vn -0.29301 0.24781 -0.92344
vn -0.77061 0.05188 -0.63519
vn -0.54462 -0.00734 -0.83865
vn -0.80851 -0.21574 -0.5475
vn -0.81984 -0.37017 -0.43684
vn -0.89343 -0.4367 -0.10526
vn -0.91561 -0.2162 -0.33899
vn -0.56114 -0.15371 -0.81332
vn -0.78406 0.04366 -0.61914
vn 0.28994 0.90538 0.31019
vn 0.12629 0.92759 0.35162
vn 0.23668 0.96589 0.10504
vn -0.0902 0.74948 0.65586
vn 0.16421 0.82955 0.53375
vn 0.11018 0.97393 0.19831
vn 0.31688 0.8807 0.35207
vn 0.17942 0.89783 -0.40213
vn 0.1945 0.49947 -0.84422
vn -0.03621 0.82315 0.56666
vn -0.02752 0.82486 0.56466
vn 0.08768 0.95265 0.29116
vn -0.03531 0.81401 0.57977
vn -0.13661 0.73542 0.6637
vn -0.08714 0.69823 0.71055
vn -0.02046 0.8352 0.54957
vn -0.04745 0.92222 0.38374
vn 0.00667 0.82214 0.56925
vn -0.08617 0.85019 -0.51937
vn 0.03926 0.64694 -0.76153
vn -0.04682 0.87555 0.48085
vn -0.04515 0.85464 0.51725
vn -0.14802 0.94893 0.27861
vn -0.16945 0.93255 0.31882
vn -0.11055 0.86011 0.49799
vn -0.07597 0.84559 -0.52841
vn -0.33235 0.87972 0.34005
vn -0.3906 0.6848 0.6152
vn 0.04758 0.98455 0.16852
vn 0.06044 0.98983 0.12877
vn 0.09424 0.99537 0.019
vn 0.06821 0.99761 -0.01124
vn 0.17219 0.98006 -0.09918
vn 0.04842 0.99868 -0.01729
vn 0.15532 0.97327 -0.16917
vn 0.0272 0.9908 -0.13254
vn 0.10938 0.99396 -0.00909
vn 0.1521 0.98836 -0.00425
vn 0.12227 0.99224 0.0225
vn 0.12537 0.99021 -0.06136
vn 0.22296 0.97407 -0.03833
vn 0.19931 0.97967 -0.02301
vn 0.09955 0.99053 -0.0946
vn 0.13848 0.98458 -0.1069
vn 0.12088 0.93226 0.34099
vn 0.13363 0.94518 0.29796
vn 0.19779 0.96021 0.19716
vn 0.26658 0.96306 0.03816
vn 0.32487 0.94348 0.06556
vn 0.31658 0.94264 -0.10586
vn 0.27995 0.94682 0.15861
vn 0.26908 0.9475 0.17275
vn 0.23828 0.94969 0.20325
vn 0.32843 0.9405 0.08715
vn 0.37665 0.92026 0.10608
vn 0.31538 0.93943 0.13419
vn 0.46806 0.86594 -0.17628
vn 0.42692 0.90395 -0.02497
vn 0.33184 0.94275 -0.03318
vn 0.44278 0.89654 0.01303
vn 0.46016 0.85383 -0.24337
vn 0.47502 0.87659 0.07707
vn 0.48019 0.87716 -0.00225
vn 0.4632 0.88342 0.07084
vn 0.44909 0.88076 0.15023
vn 0.46289 0.84691 -0.26168
vn 0.47431 0.86128 -0.18228
vn 0.48232 0.84809 -0.21935
vn 0.42417 0.89955 0.10433
vn 0.45313 0.89144 8E-05
vn 0.47241 0.87677 -0.09005
vn 0.45768 0.79995 -0.38808
vn 0.47708 0.84533 -0.24042
vn 0.17523 0.90146 0.39582
vn 0.14847 0.88355 0.44419
vn 0.22625 0.90755 0.35378
vn 0.26464 0.92692 0.26607
vn 0.35769 0.86425 0.35374
vn 0.2805 0.86264 0.42092
vn 0.37811 0.84983 0.36717
vn 0.34724 0.8955 0.27839
vn 0.36021 0.84122 0.40323
vn 0.3578 0.78387 0.50748
vn 0.27557 0.77862 0.56375
vn 0.15848 0.78842 0.59437
vn 0.24804 0.81653 0.52131
vn 0.39088 0.89372 0.22015
vn 0.39775 0.86749 0.29875
vn 0.47215 0.85389 0.21899
vn 0.43352 0.88845 0.15075
vn 0.3676 0.90866 0.19799
vn 0.35827 0.89219 0.27504
vn 0.42372 0.89127 0.16153
vn 0.39481 0.9024 0.17261
vn 0.47898 0.85274 0.20834
vn 0.32484 0.9246 0.199
vn 0.31887 0.90951 0.26667
vn 0.29478 0.92427 0.24254
vn 0.42121 0.88309 0.20672
vn 0.3178 0.93415 0.16238
vn 0.33549 0.92187 0.19391
vn 0.28148 0.92971 0.2375
vn 0.46 0.86726 0.19043
vn 0.49211 0.8693 0.04636
vn 0.49741 0.84554 -0.19402
vn 0.48687 0.82637 -0.28296
vn 0.44434 0.86169 0.24508
vn 0.42399 0.77245 -0.47281
vn 0.40643 0.74198 -0.53318
vn 0.43399 0.83663 -0.33422
vn 0.41193 0.90158 0.13219
vn 0.25499 0.96682 0.01541
vn 0.28929 0.94987 0.1186
vn 0.24979 0.96753 0.03867
vn 0.31728 0.87887 -0.35627
vn 0.41048 0.88444 -0.22198
vn 0.35504 0.76664 -0.53499
vn 0.3181 0.73699 -0.59637
vn 0.30911 0.87189 -0.37982
vn 0.275 0.9033 -0.32928
vn 0.28691 0.69746 -0.65669
vn 0.24514 0.66573 -0.70478
vn 0.35517 0.591 -0.72428
vn 0.28075 0.62707 -0.72661
vn 0.29176 0.62046 -0.72794
vn 0.26491 0.56719 -0.77982
vn 0.29088 0.83122 0.47378
vn 0.06075 0.73292 0.6776
vn -0.02733 0.67594 0.73645
vn 0.11144 0.77015 0.62805
vn 0.17087 0.74787 0.64148
vn 0.07865 0.72037 0.68911
vn 0.07582 0.79035 0.60795
vn 0.13313 0.85039 0.50903
vn 0.09088 0.76436 0.63835
vn 0.00361 0.68503 0.72851
vn -0.03613 0.60959 0.79189
vn -0.17078 0.53498 0.82743
vn -0.08318 0.61157 0.7868
vn 0.22994 0.94493 0.23287
vn 0.23674 0.89548 0.37692
vn 0.23138 0.96217 0.14384
vn 0.29314 0.93119 0.21668
vn 0.28428 0.95375 0.09767
vn 0.23204 0.93301 0.27505
vn 0.20818 0.94689 0.24508
vn 0.15651 0.89204 0.42399
vn 0.12292 0.92991 0.34665
vn 0.46529 0.8569 0.22187
vn 0.30901 0.83928 0.44735
vn 0.25034 0.94183 0.22426
vn 0.29539 0.95517 0.02001
vn 0.35261 0.90842 0.22458
vn 0.2374 0.97103 0.02734
vn 0.16919 0.90903 -0.38083
vn 0.25085 0.92339 -0.29056
vn 0.22393 0.80504 -0.54933
vn 0.19156 0.96163 -0.19639
vn 0.21848 0.97522 0.03493
vn 0.08452 0.94085 -0.32812
vn 0.18237 0.96732 -0.17614
vn 0.04966 0.82051 -0.56947
vn -0.03103 0.93224 -0.36052
vn 0.13036 0.83449 -0.53538
vn 0.15226 0.74889 -0.64497
vn 0.18928 0.67968 -0.70867
vn 0.19281 0.69837 -0.68927
vn 0.20997 0.61184 -0.7626
vn 0.16635 0.51705 -0.83964
vn 0.15068 0.49028 -0.85844
vn 0.15824 0.61257 -0.77442
vn -0.01439 0.63116 -0.77552
vn 0.19606 0.58367 -0.78797
vn 0.11698 0.49237 -0.86249
vn 0.01297 0.46588 -0.88475
vn 0.34391 0.40294 0.84815
vn 0.33761 0.56317 0.75422
vn 0.49862 0.61437 0.6115
vn 0.03239 0.51819 0.85465
vn 0.10932 0.47832 0.87135
vn -0.09419 0.4177 0.90369
vn -0.25472 0.46856 0.84591
vn -0.13687 0.44414 0.88544
vn -0.10903 0.38558 0.91621
vn -0.22312 0.46755 0.85534
vn -0.06835 0.38177 0.92173
vn -0.13674 0.35849 0.92346
vn -0.11554 0.41215 0.90376
vn -0.3677 0.19498 0.90927
vn -0.54453 0.27707 0.79166
vn -0.50497 0.23735 0.82986
vn -0.43656 0.08607 0.89555
vn -0.31834 0.2276 0.92025
vn -0.14557 0.37795 0.91431
vn 0.65126 0.64472 0.40024
vn 0.42467 0.73798 0.52445
vn 0.02888 0.72375 0.68946
vn -0.10964 0.86089 -0.49683
vn 0.06189 0.84312 -0.53415
vn -0.15607 0.89552 -0.41675
vn -0.07142 0.91272 -0.40229
vn 0.13179 0.76692 -0.62806
vn -0.19329 0.74823 -0.63466
vn -0.0457 0.76087 -0.6473
vn -0.05121 0.82842 -0.55776
vn -0.09915 0.81605 -0.56941
vn -0.08799 0.73691 -0.67024
vn -0.05269 0.75045 -0.65882
vn -0.05803 0.57612 -0.8153
vn -0.05206 0.4149 -0.90838
vn -0.1258 0.36345 -0.92308
vn -0.15862 0.57669 -0.80141
vn -0.35975 0.50053 -0.78743
vn -0.08701 0.54107 -0.83646
vn -0.24092 0.34885 -0.90568
vn -0.3323 0.36607 -0.86924
vn -0.69128 0.58577 0.42309
vn -0.70665 0.36777 0.60447
vn -0.58444 0.40306 0.70426
vn -0.5719 0.28843 0.76794
vn -0.57484 0.08596 0.81374
vn -0.7261 0.36635 0.58187
vn -0.61962 0.28082 0.73294
vn -0.7501 0.58623 0.30608
vn -0.7325 0.60134 0.31912
vn -0.78434 0.4866 0.38476
vn -0.84725 0.26265 0.46172
vn -0.7917 0.52546 0.3116
vn -0.71901 0.61932 0.3154
vn -0.6999 -0.10561 0.70639
vn -0.72218 0.25908 0.64135
vn -0.9448 0.07297 0.31941
vn -0.92147 -0.11074 0.37233
vn -0.85776 0.4243 0.2902
vn -0.83291 0.51426 0.20443
vn -0.88754 0.43105 0.16271
vn -0.85801 0.50072 0.11445
vn -0.87743 -0.08055 0.47289
vn -0.97635 0.05296 0.2096
vn -0.15753 0.67755 -0.71841
vn -0.28062 0.76548 -0.57904
vn -0.14385 0.69996 -0.69954
vn -0.15747 0.67369 -0.72205
vn -0.98147 0.19049 0.02053
vn -0.8969 0.43928 0.05096
vn -0.87741 0.47193 -0.08628
vn -0.8536 0.51369 0.08659
vn -0.86217 0.50274 0.06261
vn -0.97229 0.2241 0.06663
vn -0.73303 0.60785 -0.30528
vn -0.79145 0.59637 -0.13397
vn -0.65769 0.668 -0.34816
vn -0.62752 0.62246 -0.46772
vn -0.74658 0.53219 -0.39924
vn -0.94907 0.28373 -0.137
vn -0.99554 -0.07853 0.05236
vn -0.99759 -0.06779 0.01476
vn -0.91059 0.26412 -0.31791
vn -0.91419 0.01802 -0.40488
vn -0.16822 0.64717 -0.74355
vn -0.27357 0.60603 -0.74692
vn -0.21462 0.56688 -0.79535
vn -0.34902 0.45499 -0.81925
vn -0.21205 0.48928 -0.84595
vn -0.31419 0.63003 -0.71018
vn -0.65049 0.51786 -0.5556
vn -0.31335 0.63333 -0.70761
vn -0.75306 0.00641 -0.65791
vn -0.74042 0.32382 -0.589
vn 0.66794 0.63993 0.37992
vn 0.50509 0.78979 0.34801
vn 0.67951 0.63877 0.36088
vn 0.23789 0.97085 -0.02926
vn 0.24314 0.96994 0.01
vn 0.22831 0.97357 -0.0063
vn 0.22455 0.97221 -0.06624
vn 0.43136 0.89083 -0.14268
vn 0.41685 0.8736 -0.25111
vn 0.50844 0.79045 -0.34158
vn 0.62068 0.78406 -0.00123
vn 0.26166 0.95513 -0.1388
vn 0.16541 0.98322 -0.07696
vn -0.0289 0.93333 -0.35785
vn 0.16607 0.94686 -0.27545
vn 0.26858 0.94078 -0.20689
vn -0.11839 0.76258 0.63597
vn 0.11876 0.66987 0.73292
vn 0.55131 0.52763 0.64627
vn 0.76645 0.54816 0.33477
vn 0.45632 0.32658 0.82772
vn -0.05159 0.57407 0.81718
vn 0.75931 0.28445 0.58526
vn 0.00636 0.30353 0.9528
vn 0.52881 0.77129 0.35423
vn 0.16637 0.87637 0.45199
vn 0.56421 0.48103 0.67103
vn 0.76507 0.47157 0.43851
vn -0.2682 0.64192 0.71834
vn -0.40025 0.72754 0.55722
vn -0.50693 0.6361 0.58172
vn -0.49481 0.65418 0.57203
vn -0.48152 0.65637 0.58079
vn -0.53044 0.63964 0.55632
vn -0.54205 0.6821 0.49083
vn -0.49396 0.84859 0.18947
vn -0.61232 0.77817 0.13972
vn -0.64687 0.71904 0.25406
vn 0.03154 0.9401 0.33942
vn -0.02506 0.82796 0.56022
vn -0.00458 0.57947 0.81498
vn -0.30817 0.54185 0.78194
vn 0.77001 0.33518 -0.5429
vn 0.53756 0.42421 -0.72875
vn 0.34233 0.26059 -0.90272
vn 0.2105 0.11355 -0.97098
vn 0.21377 0.38508 -0.89778
vn 0.2465 0.54111 -0.80401
vn 0.27556 0.81877 -0.50367
vn 0.5328 0.62718 -0.56813
vn 0.27204 0.70661 -0.65322
vn 0.20316 0.53721 -0.81861
vn 0.04107 0.63318 -0.77291
vn 0.08975 0.60708 -0.78956
vn -0.02116 0.62995 -0.77635
vn 0.29804 0.59495 -0.74647
vn 0.08921 0.68769 -0.7205
vn 0.07734 0.70007 -0.70988
vn 0.07819 0.69244 -0.71722
vn -0.13233 0.73231 -0.66799
vn -0.65879 0.70801 0.25437
vn -0.58595 0.62307 0.51812
vn -0.59998 0.70004 0.38727
vn -0.57608 0.73463 0.3584
vn -0.66915 0.65546 0.35014
vn -0.64939 0.74436 0.15563
vn -0.86999 0.42705 0.24646
vn -0.79357 0.60117 0.09403
vn -0.70169 0.71243 -0.0086
vn -0.33426 0.66319 -0.66966
vn -0.12586 0.699 -0.70396
vn -0.71094 0.68857 -0.14298
vn -0.70847 0.70569 -0.00836
vn -0.74175 0.6631 -0.10054
vn -0.60775 0.75731 -0.23899
vn -0.62826 0.69858 -0.34245
vn -0.75058 0.65176 -0.10883
vn 0.23941 -0.30316 0.92237
vn 0.32803 -0.31784 0.88959
vn 0.23567 -0.23165 0.94382
vn 0.34749 -0.3213 0.88092
vn -0.50419 0.19986 -0.84015
vn 0.85788 0.02831 -0.51306
vn 0.85788 0.02831 -0.51306
vn -0.62974 -0.50817 0.58754
vn -0.50785 -0.29858 0.80805
vn -0.1159 -0.99295 -0.02483
vn -0.11589 -0.99295 -0.02484
vn 0.82334 -0.47428 -0.31171
vn 0.82334 -0.47429 -0.31172
vn 0.82334 -0.47429 -0.31172
vn 0.24916 -0.93953 -0.23494
vn -0.91917 0.14057 0.36792
vn -0.91917 0.14057 0.36792
vn 0.5509 0.53401 0.64136
vn -0.98606 0.04467 0.1603
vn -0.98605 0.04467 0.16032
vn -0.98605 0.04467 0.16032
vn -0.93042 0.0281 0.36541
vn -0.93043 0.0281 0.36539
vn 0.6021 -0.18905 -0.77572
vn 0.60208 -0.18905 -0.77573
vn -0.86044 -0.03029 0.50865
vn -0.96115 0.26993 0.05772
vn 0.33216 -0.90199 0.27582
vn 0.26839 -0.9129 0.30753
vn 0.26839 -0.9129 0.30753
vn 0.55865 -0.28015 0.78066
vn 0.48337 -0.06316 0.87314
vn 0.85616 0.06542 -0.51256
vn 0.75666 -0.61786 0.21379
vn 0.75667 -0.61786 0.21379
vn -0.9532 0.0975 0.2862
vn -0.9532 0.0975 0.2862
vn -0.88902 -0.33645 0.31054
vn -0.93038 -0.29886 0.2123
vn 0.42035 -0.84568 0.32885
vn -0.85304 0.31855 0.41333
vn -0.85305 0.31855 0.41333
vn -0.9644 -0.24851 0.09039
vn -0.96441 -0.24849 0.09039
vn 0.52249 -0.68744 -0.50441
vn -0.76924 0.43074 0.47194
vn -0.76924 0.43074 0.47195
vn -0.81654 0.44446 0.36839
vn -0.81655 0.44447 0.36837
vn -0.7466 0.18259 -0.63972
vn 0.39035 -0.86304 0.3206
vn 0.50581 -0.8077 -0.30294
vn -0.64888 0.73781 -0.18601
vn -0.48751 0.79048 -0.37077
vn -0.41539 0.61417 -0.671
vn -0.38459 0.46282 -0.79868
vn -0.38459 0.46282 -0.79868
vn 0.58522 -0.38353 0.71444
vn -0.11133 -0.61646 0.77948
vn 0.62116 0.07572 0.78002
vn 0.62114 0.07571 0.78003
vn 0.3719 0.11136 -0.92157
vn 0.77872 0.15831 -0.60707
vn -0.09725 -0.00333 -0.99525
vn -0.59232 -0.62671 0.50636
vn -0.73672 -0.60756 0.29684
vn 0.92555 0.34921 -0.14629
vn 0.4964 -0.2978 0.81541
vn -0.83254 0.25391 0.49235
vn -0.83254 0.2539 0.49235
vn -0.52872 -0.82185 0.21217
vn -0.62872 0.54562 0.55409
vn -0.6287 0.54563 0.5541
vn -0.74143 0.65168 0.15997
vn -0.74143 0.65168 0.15998
vn -0.96136 -0.02562 0.27408
vn -0.96136 -0.02561 0.27409
vn -0.81316 0.38222 -0.43896
vn -0.81313 0.38221 -0.43902
vn -0.28922 0.12258 -0.94938
vn -0.9959 -0.04356 0.07934
vn -0.9959 -0.04356 0.07934
vn -0.9959 -0.04356 0.07934
vn -0.9959 -0.04356 0.07934
vn -0.62094 -0.10327 -0.77702
vn 0.67208 -0.22685 0.70487
vn 0.96971 0.18078 0.16423
vn 0.96971 0.18076 0.16427
vn 0.92327 0.06619 0.3784
vn 0.92328 0.06619 0.37838
vn 0.47782 -0.43843 0.76122
vn 0.94183 -0.13495 0.30781
vn 0.94183 -0.13494 0.30781
vn 0.98657 0.09843 -0.13038
vn 0.98656 0.09845 -0.13043
vn 0.99531 0.0898 0.03585
vn -0.47789 -0.12211 -0.86989
vn -0.29412 0.03343 -0.95518
vn -0.59177 -0.19267 -0.78275
vn -0.42146 0.00529 -0.90683
vn 0.79919 0.59889 0.0512
vn 0.9393 0.14615 0.31042
vn 0.88054 -0.13703 0.45374
vn 0.73068 0.03438 0.68186
vn 0.27205 -0.25539 0.92777
vn -0.52318 -0.27426 -0.80689
vn -0.41715 -0.90876 -0.01144
vn -0.23394 -0.97171 -0.0325
vn -0.08619 0.16127 -0.98314
vn -0.41681 -0.61033 -0.67362
vn -0.18034 0.14106 -0.97344
vn -0.03297 -0.9882 0.14956
vn -0.03265 -0.99936 0.01449
vn -0.63323 -0.72578 0.26883
vn -0.22638 -0.96955 -0.09339
vn -0.22652 -0.9695 -0.09356
vn -0.16259 -0.98496 0.05842
vn -0.16256 -0.98496 0.0585
vn 0.55626 -0.79087 0.25515
vn 0.73789 -0.6651 -0.11468
vn 0.82331 -0.06434 -0.56393
vn 0.73578 -0.66486 -0.12882
vn 0.73577 -0.66487 -0.1288
vn 0.92228 -0.33131 0.19908
vn 0.92228 -0.33131 0.19908
vn 0.93087 -0.14665 0.33462
vn 0.93087 -0.14664 0.33462
vn 0.98774 -0.07756 0.13548
vn 0.98774 -0.07755 0.13548
vn 0.99821 -0.0558 0.02157
vn 0.99821 -0.0558 0.02156
vn 0.84606 0.21437 -0.48808
vn 0.97501 -0.00828 -0.22199
vn 0.92109 0.24826 -0.29994
vn -0.60988 0.07032 -0.78937
vn -0.23397 -0.00589 -0.97223
vn 0.81776 0.57403 0.04206
vn -0.17846 0.02791 -0.98355
vn -0.20797 -0.02547 -0.9778
vn -0.20798 -0.02546 -0.9778
vn 0.13819 -0.53034 -0.83645
vn 0.13818 -0.53034 -0.83645
vn -0.7781 -0.33901 0.5288
vn -0.7392 -0.33549 0.58398
vn -0.89755 -0.13643 0.41928
vn -0.71596 -0.26249 0.64691
vn 0.59034 -0.40713 -0.69695
vn -0.85154 -0.01973 -0.52392
vn 0.69007 0.69686 -0.19543
vn 0.78898 0.61429 0.01258
vn 0.12634 -0.19977 0.97166
vn 0.7374 0.67085 -0.0787
vn 0.7374 0.67085 -0.07871
vn -0.72785 -0.67732 0.10713
vn -0.87309 -0.2825 0.39738
vn -0.87326 -0.28294 0.39669
vn -0.90506 0.36145 -0.22408
vn -0.87735 0.42387 -0.22491
vn -0.89518 -0.07686 0.43902
vn -0.93255 -0.01396 0.36077
vn -0.6776 0.29354 -0.67431
vn -0.64115 0.45285 -0.61955
vn -0.6776 0.29355 -0.67431
vn 0.80419 0.59168 -0.05647
vn 0.7797 0.62614 -0.00399
vn 0.42972 -0.07886 0.89951
vn 0.25505 -0.09653 0.9621
vn -0.48729 -0.86233 0.13761
vn -0.88092 -0.47311 -0.01186
vn -0.15218 0.03837 -0.98761
vn -0.43985 -0.88593 0.14714
vn -0.43927 -0.8862 0.14725
vn 0.84351 0.53282 -0.06782
vn 0.84351 0.53281 -0.06782
vn 0.11628 -0.00384 0.99321
vn 0.11628 -0.00383 0.99321
vn -0.21259 0.51843 -0.82827
vn 0.26927 -0.0495 0.96179
vn 0.13828 -0.00231 0.99039
vn -0.83746 0.08533 -0.5398
vn -0.83746 0.08533 -0.5398
vn -0.37453 -0.175 -0.91055
vn -0.62236 -0.00737 -0.78269
vn -0.41736 -0.87981 0.22748
vn -0.44883 -0.87929 -0.15938
vn 0.40443 0.86875 -0.28586
vn 0.44848 0.8433 -0.29616
vn 0.66213 0.74569 -0.07435
vn 0.29857 -0.16444 0.94011
vn 0.29856 -0.16443 0.94012
vn 0.73768 0.67268 0.05772
vn 0.26342 -0.01142 0.96461
vn -0.0722 -0.0667 -0.99516
vn -0.39425 -0.91066 0.12354
vn -0.39424 -0.91067 0.12351
vn -0.42663 -0.90003 0.08913
vn 0.75292 0.65639 0.04756
vn 0.71604 0.68846 -0.11539
vn 0.35495 -0.0893 0.93061
vn 0.16384 -0.01113 -0.98642
vn -0.5481 -0.79484 0.26042
vn -0.53595 -0.80274 0.26147
vn -0.64728 -0.71546 0.26296
vn 0.80233 0.58889 -0.09731
vn 0.75689 0.65255 -0.03597
vn 0.77483 0.60277 -0.19055
vn -0.0088 0.10464 -0.99447
vn -0.17259 -0.0366 -0.98431
vn -0.64938 -0.75772 0.06457
vn -0.48003 -0.87558 0.05406
vn 0.14966 -0.91795 -0.36738
vn 0.42206 -0.88429 -0.19976
vn 0.27189 -0.96231 0.00662
vn 0.42668 -0.64937 -0.6295
vn 0.4267 -0.64934 -0.62951
vn -0.22527 -0.9577 0.17905
vn 0.49425 0.84408 -0.20796
vn 0.35417 0.65711 -0.6654
vn 0.02806 0.18921 0.98153
vn 0.05195 0.16098 0.98559
vn -0.22169 -0.03794 -0.97438
vn 0.04498 0.19301 0.98017
vn -0.01599 -0.31303 -0.94961
vn -0.04525 -0.06646 -0.99676
vn 0.34863 -0.27023 -0.89746
vn 0.27366 0.05878 -0.96003
vn 0.16325 -0.47159 -0.86657
vn 0.3434 -0.0432 -0.93819
vn 0.25623 -0.49371 -0.83102
vn 0.41085 -0.49437 -0.76603
vn 0.41085 -0.4946 -0.76588
vn -0.2791 -0.94546 0.16793
vn -0.22967 -0.9595 0.16314
vn 0.43441 -0.88019 0.19119
vn 0.43441 -0.88019 0.19119
vn 0.2714 -0.5912 -0.75949
vn 0.28737 -0.6265 -0.72451
vn 0.28737 -0.6265 -0.72451
vn 0.7138 -0.17975 -0.67689
vn -0.33801 -0.91696 0.21197
vn -0.3082 -0.94517 0.10805
vn -0.48857 -0.86348 0.12533
vn -0.82236 -0.55688 0.11667
vn 0.47485 0.8793 -0.03676
vn 0.49462 0.85808 0.13806
vn 0.01876 0.95263 0.30355
vn 0.0481 0.98272 0.17872
vn 0.07385 0.99524 0.06355
vn -0.18938 0.91364 -0.35971
vn 0.13489 0.98568 -0.10123
vn 0.13497 0.98567 -0.10121
vn -0.01682 0.99706 0.07477
vn -0.01684 0.99706 0.07476
vn 0.12442 0.91783 -0.37697
vn 0.2669 0.27496 -0.92367
vn 0.1808 0.8752 0.44871
vn 0.28542 0.95523 0.07795
vn 0.28543 0.95522 0.07794
vn 0.27847 0.13413 -0.95103
vn -0.26204 -0.02821 0.96464
vn -0.30123 -0.02988 0.95308
vn -0.04456 -0.16927 0.98456
vn 0.39 0.17676 -0.90369
vn 0.32692 0.15719 -0.93189
vn -0.16701 0.1392 -0.97608
vn -0.85861 -0.49984 0.11377
vn -0.30621 -0.06973 -0.94941
vn -0.79747 -0.55947 0.22593
vn -0.79747 -0.55947 0.22592
vn 0.41309 0.84694 -0.33473
vn 0.45465 0.85451 -0.25119
vn 0.16896 0.41559 0.89372
vn -0.46658 -0.52355 0.71288
vn -0.59275 -0.65006 0.47547
vn -0.10652 0.40627 0.90752
vn -0.10652 0.40627 0.90752
vn -0.51352 -0.8509 0.1107
vn -0.62298 -0.76897 0.14349
vn -0.22431 -0.25478 0.94062
vn -0.20652 -0.34195 -0.91674
vn -0.46326 -0.87755 -0.12367
vn -0.44865 -0.20071 -0.87088
vn -0.21642 -0.95373 0.20871
vn 0.19434 -0.23368 -0.95269
vn 0.15023 -0.74963 -0.64458
vn 0.07315 -0.70679 -0.70363
vn 0.07643 -0.92162 0.38049
vn 0.1592 -0.96881 0.1899
vn 0.10619 0.99127 -0.07817
vn -0.29788 0.02287 0.95433
vn 0.23695 -0.9714 -0.01561
vn 0.30252 -0.68636 -0.66136
vn 0.30252 -0.68636 -0.66136
vn 0.52216 -0.84895 -0.08142
vn -0.29774 0.8203 0.48832
vn -0.31524 0.81226 0.49077
vn 0.59961 -0.754 -0.26826
vn 0.28424 0.95806 0.03646
vn 0.54086 0.83744 -0.07854
vn 0.54075 0.83751 -0.07857
vn 0.40651 0.90875 -0.09441
vn -0.13057 0.99125 0.0194
vn 0.37675 0.92512 -0.04703
vn 0.25002 0.96083 -0.1196
vn 0.32526 0.9385 -0.11587
vn 0.3227 0.94343 -0.07615
vn -0.19663 0.38294 0.90261
vn -0.20686 0.41295 0.88695
vn -0.07633 0.24336 0.96693
vn -0.19738 0.14391 0.96971
vn -0.31699 -0.01142 -0.94836
vn -0.93169 -0.31731 0.17685
vn -0.81025 -0.56846 0.14264
vn -0.91952 -0.34275 0.19235
vn -0.95418 -0.28829 0.08014
vn -0.89496 -0.11085 -0.43215
vn -0.37693 -0.03444 -0.9256
vn -0.76496 -0.04623 -0.64242
vn -0.10203 0.8003 0.59086
vn 0.08584 0.99001 -0.11185
vn 0.48023 0.85532 -0.19443
vn 0.23313 0.97234 0.01458
vn -0.5684 0.27303 0.77613
vn -0.6193 0.31753 0.71808
vn 0.17616 0.97691 -0.12094
vn 0.17609 0.97695 -0.1207
vn -0.55439 0.60781 0.56852
vn -0.46131 0.76928 0.44204
vn 0.67342 0.58845 -0.44747
vn -0.30008 0.70375 -0.64397
vt 0.01746 0.1726
vt 0.01843 0.1723
vt 0.01737 0.17314
vt 0.88147 0.04311
vt 0.87908 0.04447
vt 0.88197 0.04382
vt 0.87961 0.04398
vt 0.0167 0.17394
vt 0.01692 0.17339
vt 0.60962 0.38359
vt 0.60872 0.38226
vt 0.60927 0.38337
vt 0.60771 0.3813
vt 0.34052 0.29595
vt 0.3407 0.29659
vt 0.34079 0.29611
vt 0.01758 0.17334
vt 0.60802 0.38236
vt 0.60873 0.38304
vt 0.60954 0.38391
vt 0.91791 0.02975
vt 0.8988 0.04035
vt 0.90862 0.04213
vt 0.0161 0.18493
vt 0.02118 0.17819
vt 0.02134 0.17898
vt 0.01998 0.18178
vt 0.01723 0.18604
vt 0.92157 0.02269
vt 0.90398 0.03465
vt 0.92163 0.02587
vt 0.90396 0.02937
vt 0.90692 0.02444
vt 0.34838 0.30871
vt 0.34949 0.31301
vt 0.3499 0.31022
vt 0.00337 0.77674
vt 0.00347 0.77664
vt 0.00333 0.77688
vt 0.95056 0.00801
vt 0.95107 0.00783
vt 0.95105 0.00776
vt 0.95084 0.00772
vt 0.56591 0.34039
vt 0.56573 0.34023
vt 0.56576 0.3403
vt 0.11656 0.66
vt 0.11662 0.65955
vt 0.11678 0.65982
vt 0.00672 0.1969
vt 0.00691 0.19664
vt 0.00692 0.19673
vt 0.0067 0.19696
vt 0.58919 0.36981
vt 0.58562 0.36695
vt 0.59104 0.37317
vt 0.0193 0.99658
vt 0.01932 0.99662
vt 0.01908 0.99667
vt 0.56569 0.34024
vt 0.56569 0.34025
vt 0.00672 0.19687
vt 0.00669 0.19693
vt 0.00669 0.1969
vt 0.56553 0.34
vt 0.56552 0.34005
vt 0.56561 0.3401
vt 0.00667 0.19695
vt 0.56562 0.34009
vt 0.85055 0.06133
vt 0.83774 0.06413
vt 0.83705 0.07116
vt 0.85735 0.06361
vt 0.34064 0.28285
vt 0.34106 0.27762
vt 0.34023 0.28033
vt 0.85838 0.05524
vt 0.85439 0.05615
vt 0.34 0.28493
vt 0.8703 0.07408
vt 0.85405 0.07816
vt 0.87779 0.08594
vt 0.85591 0.07072
vt 0.03885 0.15405
vt 0.03341 0.16052
vt 0.03273 0.15922
vt 0.8363 0.07595
vt 0.03078 0.1603
vt 0.02767 0.16484
vt 0.04157 0.1576
vt 0.03281 0.16687
vt 0.03723 0.16034
vt 0.0409 0.15353
vt 0.04147 0.15152
vt 0.03171 0.16453
vt 0.03149 0.16381
vt 0.03262 0.16391
vt 0.82631 0.08234
vt 0.82671 0.07755
vt 0.61691 0.40256
vt 0.61627 0.40379
vt 0.61797 0.40667
vt 0.34192 0.28261
vt 0.34302 0.2697
vt 0.34487 0.2747
vt 0.34553 0.27162
vt 0.02446 0.16667
vt 0.02186 0.1665
vt 0.02628 0.16281
vt 0.34148 0.28483
vt 0.62553 0.40812
vt 0.62337 0.40434
vt 0.61408 0.40343
vt 0.62518 0.42258
vt 0.63289 0.42341
vt 0.63693 0.43012
vt 0.60796 0.39712
vt 0.62425 0.4215
vt 0.61094 0.39925
vt 0.02892 0.16725
vt 0.87811 0.06339
vt 0.88385 0.04594
vt 0.86407 0.05356
vt 0.01965 0.17248
vt 0.39825 0.70471
vt 0.41803 0.69785
vt 0.41199 0.69587
vt 0.01309 0.75248
vt 0.01132 0.75351
vt 0.01153 0.75335
vt 0.3485 0.2869
vt 0.34917 0.29568
vt 0.34997 0.29367
vt 0.61013 0.38741
vt 0.04007 0.16235
vt 0.51932 0.67163
vt 0.50745 0.68827
vt 0.51154 0.67167
vt 0.03194 0.17172
vt 0.03044 0.17303
vt 0.03176 0.16882
vt 0.87636 0.06713
vt 0.87816 0.06873
vt 0.88239 0.06241
vt 0.03095 0.16878
vt 0.88333 0.06107
vt 0.92639 0.0625
vt 0.02384 0.17812
vt 0.54589 0.67163
vt 0.54471 0.67229
vt 0.54245 0.67531
vt 0.05388 0.9666
vt 0.05529 0.96624
vt 0.06137 0.96484
vt 0.05864 0.96701
vt 0.0563 0.96795
vt 0.58174 0.6741
vt 0.57745 0.67466
vt 0.57971 0.67163
vt 0.02197 0.18063
vt 0.18072 0.5882
vt 0.17526 0.59714
vt 0.16335 0.59825
vt 0.60483 0.40118
vt 0.6063 0.39718
vt 0.59408 0.38346
vt 0.15115 0.62027
vt 0.15535 0.60743
vt 0.15842 0.61455
vt 0.14926 0.6245
vt 0.35083 0.29639
vt 0.60419 0.39332
vt 0.06587 0.96548
vt 0.15612 0.60128
vt 0.15377 0.60313
vt 0.02173 0.18205
vt 0.14469 0.6339
vt 0.12771 0.63973
vt 0.58794 0.37388
vt 0.0386 0.17984
vt 0.03901 0.18026
vt 0.03815 0.18121
vt 0.03743 0.18164
vt 0.9332 0.05721
vt 0.93833 0.0572
vt 0.93959 0.05405
vt 0.03709 0.18264
vt 0.47006 0.70054
vt 0.45186 0.70809
vt 0.45632 0.71194
vt 0.93852 0.04959
vt 0.94143 0.05262
vt 0.03515 0.18887
vt 0.03443 0.18975
vt 0.03442 0.18946
vt 0.03793 0.18255
vt 0.55683 0.35943
vt 0.54994 0.35329
vt 0.55837 0.36115
vt 0.54602 0.35035
vt 0.54512 0.34899
vt 0.54479 0.34829
vt 0.54421 0.34794
vt 0.56651 0.37103
vt 0.56934 0.37244
vt 0.56168 0.36654
vt 0.03471 0.18974
vt 0.10414 0.63183
vt 0.10266 0.63257
vt 0.10353 0.6321
vt 0.03438 0.19004
vt 0.54492 0.34919
vt 0.10173 0.63224
vt 0.34554 0.2516
vt 0.34567 0.25143
vt 0.34567 0.25067
vt 0.79908 0.09289
vt 0.79853 0.09394
vt 0.80068 0.09355
vt 0.3456 0.25193
vt 0.80263 0.09113
vt 0.34505 0.25322
vt 0.34541 0.25261
vt 0.83372 0.12632
vt 0.83996 0.12997
vt 0.84232 0.12561
vt 0.83992 0.11961
vt 0.82852 0.12471
vt 0.80995 0.10375
vt 0.80611 0.11319
vt 0.83856 0.10932
vt 0.67716 0.50876
vt 0.67787 0.4848
vt 0.67459 0.51008
vt 0.79335 0.10954
vt 0.78916 0.12173
vt 0.05074 0.14597
vt 0.05144 0.14593
vt 0.05083 0.14647
vt 0.04795 0.14818
vt 0.84517 0.09139
vt 0.84837 0.10496
vt 0.87913 0.09135
vt 0.82167 0.09725
vt 0.67366 0.50127
vt 0.06265 0.13463
vt 0.06127 0.13849
vt 0.06029 0.13653
vt 0.0609 0.14228
vt 0.05349 0.14528
vt 0.05103 0.14668
vt 0.05079 0.14771
vt 0.05411 0.15089
vt 0.04815 0.1562
vt 0.05 0.14765
vt 0.04522 0.15764
vt 0.78225 0.11852
vt 0.77751 0.10801
vt 0.34578 0.25197
vt 0.35049 0.26058
vt 0.35059 0.24412
vt 0.34979 0.24067
vt 0.35106 0.24174
vt 0.3457 0.25234
vt 0.34937 0.26599
vt 0.62504 0.43653
vt 0.6354 0.44916
vt 0.62527 0.43564
vt 0.10568 0.94852
vt 0.11084 0.94777
vt 0.11064 0.94847
vt 0.35616 0.25889
vt 0.35676 0.25966
vt 0.3564 0.25777
vt 0.35649 0.26073
vt 0.10633 0.94986
vt 0.62486 0.4224
vt 0.62528 0.42296
vt 0.64203 0.44882
vt 0.35124 0.28427
vt 0.3526 0.268
vt 0.06199 0.14209
vt 0.06479 0.14386
vt 0.0608 0.14611
vt 0.05502 0.15185
vt 0.05247 0.15464
vt 0.4066 0.74972
vt 0.42693 0.74036
vt 0.38294 0.74425
vt 0.89275 0.09319
vt 0.89521 0.09519
vt 0.89421 0.09314
vt 0.89372 0.09252
vt 0.61245 0.68201
vt 0.61699 0.67163
vt 0.62593 0.67729
vt 0.89206 0.09235
vt 0.64745 0.68184
vt 0.66298 0.67163
vt 0.65523 0.6818
vt 0.05229 0.1572
vt 0.05778 0.15534
vt 0.05588 0.15748
vt 0.05867 0.15376
vt 0.05086 0.158
vt 0.05162 0.15676
vt 0.60837 0.4214
vt 0.60571 0.42135
vt 0.60745 0.42352
vt 0.60467 0.4197
vt 0.05073 0.15779
vt 0.89453 0.09252
vt 0.05049 0.15814
vt 0.89408 0.09192
vt 0.91109 0.0722
vt 0.89946 0.07503
vt 0.41413 0.72696
vt 0.38028 0.74255
vt 0.42624 0.7396
vt 0.88959 0.07218
vt 0.87994 0.07829
vt 0.69315 0.6777
vt 0.68245 0.67163
vt 0.6975 0.67634
vt 0.7325 0.67793
vt 0.71745 0.67322
vt 0.73729 0.67163
vt 0.62814 0.44323
vt 0.65106 0.46835
vt 0.64876 0.46576
vt 0.64951 0.46721
vt 0.64893 0.46498
vt 0.63202 0.45004
vt 0.62944 0.44653
vt 0.62242 0.43178
vt 0.60776 0.40851
vt 0.61047 0.41821
vt 0.61154 0.41979
vt 0.61554 0.42471
vt 0.77847 0.67163
vt 0.75901 0.69094
vt 0.75245 0.68243
vt 0.61361 0.4301
vt 0.63097 0.44918
vt 0.59419 0.40124
vt 0.58785 0.39496
vt 0.63249 0.45097
vt 0.5858 0.39015
vt 0.87347 0.07546
vt 0.04802 0.16778
vt 0.04964 0.16354
vt 0.79829 0.69
vt 0.78745 0.69276
vt 0.80099 0.67163
vt 0.13486 0.58786
vt 0.11943 0.60271
vt 0.122 0.59085
vt 0.84788 0.67234
vt 0.82245 0.68414
vt 0.83437 0.67163
vt 0.85745 0.68448
vt 0.86985 0.67163
vt 0.8637 0.68022
vt 0.03738 0.96024
vt 0.04078 0.96186
vt 0.02195 0.96774
vt 0.89544 0.67495
vt 0.90437 0.67163
vt 0.89245 0.68414
vt 0.04541 0.17027
vt 0.04461 0.16887
vt 0.04406 0.17489
vt 0.46739 0.70799
vt 0.44527 0.72147
vt 0.43364 0.72402
vt 0.11702 0.60928
vt 0.11393 0.61344
vt 0.03431 0.96735
vt 0.04819 0.95953
vt 0.04007 0.18006
vt 0.03508 0.18925
vt 0.03698 0.18631
vt 0.10373 0.63055
vt 0.1024 0.6312
vt 0.10497 0.62559
vt 0.02562 0.97238
vt 0.01954 0.97105
vt 0.58054 0.38884
vt 0.36745 0.27733
vt 0.36667 0.28335
vt 0.36765 0.28495
vt 0.56973 0.3749
vt 0.36706 0.28625
vt 0.03242 0.97175
vt 0.36836 0.28885
vt 0.36837 0.28413
vt 0.39088 0.32118
vt 0.39237 0.31915
vt 0.39275 0.31333
vt 0.92282 0.01285
vt 0.91453 0.02157
vt 0.92986 0.01497
vt 0.39195 0.32282
vt 0.92877 0.00822
vt 0.92603 0.00667
vt 0.39041 0.32667
vt 0.03989 0.21088
vt 0.04159 0.20896
vt 0.04296 0.20882
vt 0.46489 0.6746
vt 0.46388 0.68022
vt 0.47197 0.67693
vt 0.04024 0.21133
vt 0.44969 0.67951
vt 0.03783 0.21132
vt 0.03572 0.21395
vt 0.04548 0.21009
vt 0.04791 0.20876
vt 0.0461 0.21099
vt 0.03903 0.2138
vt 0.43995 0.68537
vt 0.44048 0.68103
vt 0.44872 0.67594
vt 0.54017 0.37903
vt 0.53906 0.37942
vt 0.54084 0.38236
vt 0.39272 0.32273
vt 0.92745 0.67163
vt 0.92866 0.67366
vt 0.92898 0.67198
vt 0.54623 0.3789
vt 0.54082 0.37383
vt 0.54761 0.38086
vt 0.03308 0.21504
vt 0.03044 0.21555
vt 0.03419 0.21277
vt 0.03048 0.21704
vt 0.53996 0.37428
vt 0.54633 0.38261
vt 0.54818 0.38448
vt 0.54742 0.38475
vt 0.53522 0.3814
vt 0.534 0.38231
vt 0.53448 0.38295
vt 0.53364 0.38147
vt 0.54932 0.39736
vt 0.5515 0.39849
vt 0.55326 0.40161
vt 0.03623 0.21588
vt 0.04563 0.21167
vt 0.04545 0.21178
vt 0.04499 0.21198
vt 0.53369 0.38202
vt 0.53408 0.38258
vt 0.53383 0.38235
vt 0.68595 0.51681
vt 0.68838 0.53203
vt 0.69163 0.49775
vt 0.07539 0.12873
vt 0.07912 0.12206
vt 0.08506 0.1207
vt 0.68388 0.55649
vt 0.68511 0.55077
vt 0.68444 0.53844
vt 0.79171 0.15169
vt 0.78659 0.15648
vt 0.80659 0.15729
vt 0.78202 0.15527
vt 0.35566 0.20171
vt 0.35378 0.20612
vt 0.35393 0.20792
vt 0.77227 0.14032
vt 0.77092 0.14391
vt 0.78624 0.14259
vt 0.80826 0.14259
vt 0.7668 0.14177
vt 0.82317 0.13111
vt 0.82941 0.15483
vt 0.84129 0.1428
vt 0.77963 0.12394
vt 0.79414 0.1322
vt 0.68446 0.51787
vt 0.07444 0.12928
vt 0.07425 0.13013
vt 0.35707 0.1976
vt 0.35586 0.19667
vt 0.35772 0.20165
vt 0.86147 0.14765
vt 0.06434 0.13812
vt 0.06986 0.1294
vt 0.06409 0.1402
vt 0.76579 0.13614
vt 0.35469 0.20992
vt 0.35346 0.21284
vt 0.35427 0.22967
vt 0.35527 0.23186
vt 0.35526 0.22838
vt 0.35074 0.23431
vt 0.34924 0.23783
vt 0.77014 0.12145
vt 0.35171 0.22583
vt 0.35501 0.23307
vt 0.35606 0.23157
vt 0.36201 0.23915
vt 0.36126 0.2203
vt 0.35888 0.21495
vt 0.35568 0.23358
vt 0.35698 0.25809
vt 0.36138 0.24546
vt 0.07871 0.13094
vt 0.08199 0.13094
vt 0.08609 0.12149
vt 0.08712 0.12602
vt 0.08508 0.13086
vt 0.08042 0.13671
vt 0.07647 0.1365
vt 0.07291 0.1374
vt 0.07107 0.14325
vt 0.06681 0.14741
vt 0.06745 0.14445
vt 0.06812 0.14067
vt 0.9688 0.67163
vt 0.97433 0.67778
vt 0.96245 0.67986
vt 0.52321 0.70793
vt 0.51298 0.71591
vt 0.50745 0.70976
vt 0.07618 0.14102
vt 0.07203 0.14605
vt 0.07151 0.14744
vt 0.0696 0.14818
vt 0.62612 0.45367
vt 0.62261 0.45366
vt 0.62843 0.46127
vt 0.06528 0.15004
vt 0.54631 0.71129
vt 0.56981 0.70793
vt 0.54245 0.72736
vt 0.59585 0.71728
vt 0.57745 0.72007
vt 0.60117 0.70793
vt 0.62357 0.7117
vt 0.61245 0.71728
vt 0.61777 0.70793
vt 0.65005 0.71001
vt 0.66193 0.70793
vt 0.64745 0.71924
vt 0.36634 0.23314
vt 0.6371 0.46657
vt 0.63458 0.46451
vt 0.64049 0.47309
vt 0.36331 0.24521
vt 0.36704 0.23529
vt 0.36731 0.23405
vt 0.63277 0.46077
vt 0.63286 0.45545
vt 0.64654 0.4729
vt 0.36258 0.24867
vt 0.35729 0.25916
vt 0.64951 0.47834
vt 0.63529 0.47007
vt 0.62827 0.46291
vt 0.6471 0.48348
vt 0.64898 0.48463
vt 0.36784 0.23514
vt 0.71255 0.70793
vt 0.68245 0.73259
vt 0.69428 0.71056
vt 0.32058 0.88372
vt 0.32076 0.88381
vt 0.32066 0.88372
vt 0.61024 0.45312
vt 0.61035 0.45311
vt 0.6102 0.45305
vt 0.72799 0.71536
vt 0.71745 0.71072
vt 0.73585 0.70793
vt 0.75245 0.71536
vt 0.76031 0.70793
vt 0.76139 0.71205
vt 0.79857 0.70793
vt 0.78853 0.71763
vt 0.78745 0.71351
vt 0.83596 0.71834
vt 0.82245 0.71763
vt 0.83249 0.70793
vt 0.61018 0.45306
vt 0.61024 0.45314
vt 0.61028 0.45316
vt 0.61048 0.45325
vt 0.39772 0.29373
vt 0.3978 0.29363
vt 0.39782 0.29299
vt 0.41135 0.6952
vt 0.41086 0.69595
vt 0.41245 0.69569
vt 0.39777 0.29394
vt 0.41469 0.69374
vt 0.39727 0.29522
vt 0.39759 0.2946
vt 0.44519 0.72557
vt 0.45684 0.73279
vt 0.45865 0.72492
vt 0.45417 0.71726
vt 0.85745 0.7145
vt 0.86423 0.71647
vt 0.8718 0.70793
vt 0.89522 0.70793
vt 0.89245 0.71891
vt 0.92215 0.71421
vt 0.92745 0.71572
vt 0.94012 0.70793
vt 0.92858 0.70897
vt 0.96245 0.71541
vt 0.97394 0.71891
vt 0.97671 0.70793
vt 0.51899 0.74423
vt 0.50745 0.7529
vt 0.53321 0.75284
vt 0.05912 0.19492
vt 0.06191 0.19391
vt 0.05945 0.19619
vt 0.05607 0.19905
vt 0.54245 0.74423
vt 0.54604 0.75811
vt 0.55736 0.74428
vt 0.57745 0.75023
vt 0.60082 0.75811
vt 0.59723 0.74423
vt 0.45551 0.69323
vt 0.43204 0.69907
vt 0.61245 0.7483
vt 0.62399 0.74726
vt 0.61604 0.74423
vt 0.07274 0.18355
vt 0.0697 0.18981
vt 0.06825 0.1875
vt 0.0699 0.19107
vt 0.06711 0.19244
vt 0.06044 0.19645
vt 0.0592 0.19892
vt 0.06218 0.1999
vt 0.05705 0.20341
vt 0.05777 0.19869
vt 0.05074 0.20617
vt 0.0491 0.20837
vt 0.65648 0.75884
vt 0.66205 0.74898
vt 0.64745 0.74423
vt 0.68245 0.75584
vt 0.69704 0.7606
vt 0.7006 0.74423
vt 0.39786 0.29395
vt 0.40216 0.30015
vt 0.40247 0.28432
vt 0.40218 0.28308
vt 0.40264 0.28352
vt 0.72681 0.75338
vt 0.73396 0.7477
vt 0.71745 0.74423
vt 0.39782 0.29413
vt 0.39769 0.31198
vt 0.40216 0.30016
vt 0.29184 0.87375
vt 0.2789 0.85682
vt 0.28067 0.86577
vt 0.53879 0.39631
vt 0.5489 0.41397
vt 0.55568 0.41321
vt 0.40295 0.28433
vt 0.55571 0.41325
vt 0.55571 0.41324
vt 0.55572 0.41325
vt 0.77029 0.77181
vt 0.75245 0.74423
vt 0.75606 0.75618
vt 0.55569 0.41321
vt 0.55571 0.41323
vt 0.40216 0.30016
vt 0.06661 0.19788
vt 0.06272 0.20173
vt 0.12954 0.62044
vt 0.13468 0.61047
vt 0.14479 0.61132
vt 0.12756 0.60511
vt 0.14377 0.60248
vt 0.05446 0.20618
vt 0.05705 0.20493
vt 0.55149 0.42103
vt 0.54217 0.40795
vt 0.5441 0.41467
vt 0.55802 0.42652
vt 0.53451 0.38338
vt 0.53278 0.38814
vt 0.53435 0.39282
vt 0.69348 0.53732
vt 0.69657 0.56143
vt 0.69673 0.53775
vt 0.69374 0.52774
vt 0.69623 0.51126
vt 0.69272 0.50816
vt 0.69164 0.53416
vt 0.68434 0.55986
vt 0.68361 0.56063
vt 0.68726 0.56201
vt 0.68453 0.57033
vt 0.36106 0.18563
vt 0.36568 0.18043
vt 0.36605 0.16878
vt 0.69145 0.554
vt 0.3629 0.19496
vt 0.36327 0.19519
vt 0.36355 0.1921
vt 0.36208 0.19177
vt 0.68994 0.56009
vt 0.69069 0.5654
vt 0.68978 0.56578
vt 0.69092 0.57955
vt 0.36104 0.19579
vt 0.36296 0.19607
vt 0.3634 0.19717
vt 0.36098 0.21296
vt 0.36306 0.21514
vt 0.10822 0.11262
vt 0.11087 0.10963
vt 0.10959 0.11276
vt 0.10736 0.11477
vt 0.70211 0.5061
vt 0.70555 0.49409
vt 0.704 0.48816
vt 0.85315 0.19069
vt 0.84215 0.2039
vt 0.86214 0.20197
vt 0.81235 0.19746
vt 0.09665 0.12053
vt 0.09977 0.11247
vt 0.10666 0.10847
vt 0.80605 0.19488
vt 0.80346 0.19683
vt 0.0938 0.1178
vt 0.09573 0.12138
vt 0.09421 0.11549
vt 0.09676 0.11478
vt 0.08802 0.11879
vt 0.09749 0.12034
vt 0.09632 0.12107
vt 0.09968 0.1239
vt 0.09616 0.12104
vt 0.09594 0.12146
vt 0.08645 0.13372
vt 0.0936 0.13025
vt 0.69681 0.56438
vt 0.69698 0.56359
vt 0.69709 0.56415
vt 0.69702 0.56463
vt 0.37057 0.19564
vt 0.36838 0.18978
vt 0.36945 0.19687
vt 0.3675 0.17654
vt 0.37598 0.19134
vt 0.3718 0.1808
vt 0.37693 0.21237
vt 0.37812 0.2026
vt 0.37207 0.20112
vt 0.08078 0.13918
vt 0.07817 0.14262
vt 0.07823 0.14083
vt 0.07252 0.14681
vt 0.0727 0.14765
vt 0.07193 0.14793
vt 0.37031 0.19928
vt 0.36923 0.20156
vt 0.37074 0.2068
vt 0.3672 0.2139
vt 0.36695 0.22951
vt 0.36858 0.2313
vt 0.37313 0.22282
vt 0.37635 0.22584
vt 0.37118 0.22251
vt 0.64734 0.49358
vt 0.62716 0.46261
vt 0.63495 0.48221
vt 0.64965 0.48841
vt 0.10753 0.11644
vt 0.11279 0.11662
vt 0.1148 0.11374
vt 0.11503 0.11463
vt 0.11433 0.11642
vt 0.10472 0.13159
vt 0.10519 0.12986
vt 0.10598 0.1304
vt 0.10508 0.12343
vt 0.09568 0.12925
vt 0.09526 0.12886
vt 0.09566 0.13519
vt 0.09422 0.13056
vt 0.08415 0.14277
vt 0.09296 0.138
vt 0.0842 0.1433
vt 0.10143 0.1335
vt 0.09454 0.13836
vt 0.10337 0.13341
vt 0.08781 0.14729
vt 0.08677 0.14895
vt 0.08727 0.14871
vt 0.08551 0.14668
vt 0.08644 0.14928
vt 0.38447 0.20475
vt 0.38028 0.2138
vt 0.60212 0.43319
vt 0.6022 0.44069
vt 0.6172 0.4509
vt 0.08361 0.14366
vt 0.08357 0.14441
vt 0.07754 0.14887
vt 0.6198 0.45346
vt 0.59665 0.43759
vt 0.58202 0.43403
vt 0.58289 0.43518
vt 0.58284 0.43393
vt 0.08546 0.15205
vt 0.08401 0.15579
vt 0.08341 0.15563
vt 0.6229 0.4821
vt 0.61317 0.47636
vt 0.63735 0.50238
vt 0.60253 0.45538
vt 0.59979 0.45179
vt 0.60076 0.45408
vt 0.07863 0.15067
vt 0.08103 0.1522
vt 0.58608 0.42964
vt 0.5901 0.43491
vt 0.60998 0.45315
vt 0.38029 0.22458
vt 0.38288 0.21997
vt 0.6299 0.48211
vt 0.6236 0.47788
vt 0.63119 0.48848
vt 0.61032 0.45322
vt 0.61027 0.45318
vt 0.10774 0.13173
vt 0.10502 0.13202
vt 0.10333 0.13655
vt 0.09216 0.15143
vt 0.09448 0.14802
vt 0.09417 0.15124
vt 0.10062 0.14266
vt 0.09588 0.14209
vt 0.08738 0.1494
vt 0.08678 0.14923
vt 0.09802 0.15379
vt 0.09778 0.15408
vt 0.09783 0.15398
vt 0.07228 0.7338
vt 0.07213 0.73399
vt 0.07227 0.73344
vt 0.07206 0.73399
vt 0.80139 0.76415
vt 0.80745 0.76439
vt 0.78745 0.74423
vt 0.90538 0.1421
vt 0.90577 0.14195
vt 0.90523 0.14193
vt 0.90456 0.14199
vt 0.09105 0.15489
vt 0.58113 0.43575
vt 0.57865 0.4404
vt 0.57551 0.43585
vt 0.59707 0.46008
vt 0.60416 0.47304
vt 0.58371 0.44656
vt 0.87338 0.12994
vt 0.87351 0.12961
vt 0.87277 0.12974
vt 0.0928 0.15975
vt 0.82245 0.74423
vt 0.82256 0.74436
vt 0.82257 0.7443
vt 0.8736 0.12996
vt 0.5784 0.44343
vt 0.59081 0.45688
vt 0.09984 0.15645
vt 0.10076 0.1568
vt 0.09905 0.15846
vt 0.0983 0.15898
vt 0.09805 0.15966
vt 0.94026 0.13748
vt 0.92018 0.11876
vt 0.9101 0.11715
vt 0.92226 0.10892
vt 0.08937 0.16759
vt 0.08901 0.169
vt 0.08478 0.17241
vt 0.09906 0.15894
vt 0.09841 0.16015
vt 0.09586 0.16701
vt 0.09093 0.16898
vt 0.09205 0.17271
vt 0.0857 0.17458
vt 0.4077 0.77311
vt 0.43475 0.75635
vt 0.41039 0.74929
vt 0.85745 0.75075
vt 0.87798 0.75801
vt 0.86403 0.74423
vt 0.89351 0.74423
vt 0.89245 0.75597
vt 0.90526 0.74631
vt 0.93946 0.75117
vt 0.94605 0.74464
vt 0.92745 0.74423
vt 0.96245 0.74555
vt 0.96928 0.75597
vt 0.97034 0.74423
vt 0.38094 0.75194
vt 0.37009 0.75677
vt 0.38305 0.76119
vt 0.4335 0.73122
vt 0.43714 0.72365
vt 0.90057 0.11097
vt 0.50745 0.78312
vt 0.51501 0.78895
vt 0.5133 0.78052
vt 0.56342 0.78052
vt 0.54245 0.78123
vt 0.55053 0.79258
vt 0.40658 0.72371
vt 0.40004 0.72145
vt 0.39964 0.72624
vt 0.57745 0.79146
vt 0.59605 0.79187
vt 0.58797 0.78052
vt 0.13498 0.58774
vt 0.13527 0.58807
vt 0.13501 0.5883
vt 0.08493 0.1785
vt 0.08167 0.18041
vt 0.4114 0.25511
vt 0.41311 0.25562
vt 0.41212 0.25308
vt 0.41294 0.25787
vt 0.1351 0.58841
vt 0.07125 0.18955
vt 0.07506 0.19123
vt 0.07854 0.17868
vt 0.13494 0.58861
vt 0.38219 0.74051
vt 0.37559 0.73625
vt 0.37283 0.74181
vt 0.40515 0.24742
vt 0.40533 0.25285
vt 0.40651 0.25131
vt 0.40712 0.26666
vt 0.40252 0.28092
vt 0.40188 0.28143
vt 0.39206 0.72316
vt 0.405 0.27885
vt 0.40782 0.27359
vt 0.41211 0.27638
vt 0.40633 0.27186
vt 0.40756 0.27614
vt 0.57379 0.44815
vt 0.55835 0.43196
vt 0.09094 0.17605
vt 0.08868 0.17755
vt 0.07537 0.19096
vt 0.04359 0.94749
vt 0.03196 0.94788
vt 0.03584 0.94547
vt 0.0375 0.96018
vt 0.09251 0.94799
vt 0.06369 0.95299
vt 0.07298 0.94668
vt 0.05721 0.94876
vt 0.0378 0.96034
vt 0.07491 0.19139
vt 0.06663 0.20008
vt 0.14868 0.59879
vt 0.15926 0.58345
vt 0.14936 0.6033
vt 0.06178 0.95801
vt 0.09331 0.94907
vt 0.07868 0.96127
vt 0.17616 0.58991
vt 0.71254 0.51495
vt 0.71502 0.52696
vt 0.7178 0.49558
vt 0.12118 0.10246
vt 0.12576 0.09924
vt 0.12129 0.1032
vt 0.71443 0.47519
vt 0.71333 0.48705
vt 0.7162 0.4827
vt 0.11953 0.10417
vt 0.11922 0.1028
vt 0.71252 0.47981
vt 0.71026 0.55478
vt 0.71034 0.55447
vt 0.71029 0.55371
vt 0.70865 0.55037
vt 0.71025 0.55504
vt 0.37678 0.13958
vt 0.3745 0.14244
vt 0.37462 0.14469
vt 0.7039 0.57067
vt 0.7068 0.57048
vt 0.70467 0.54085
vt 0.70464 0.53872
vt 0.7066 0.57602
vt 0.70445 0.53754
vt 0.6992 0.53303
vt 0.71002 0.51403
vt 0.70796 0.49573
vt 0.70169 0.56819
vt 0.70448 0.53951
vt 0.69878 0.54105
vt 0.37953 0.13519
vt 0.3769 0.13301
vt 0.38077 0.14314
vt 0.70981 0.47518
vt 0.11577 0.10229
vt 0.37205 0.14892
vt 0.37284 0.15449
vt 0.37583 0.14711
vt 0.37384 0.16347
vt 0.37689 0.16853
vt 0.37698 0.16274
vt 0.37116 0.16413
vt 0.36624 0.16842
vt 0.3701 0.15389
vt 0.36626 0.16782
vt 0.37153 0.15993
vt 0.37616 0.17182
vt 0.37838 0.16769
vt 0.38332 0.17406
vt 0.38264 0.15354
vt 0.38097 0.14999
vt 0.37784 0.1725
vt 0.37898 0.19326
vt 0.38234 0.18381
vt 0.71922 0.49008
vt 0.71922 0.4846
vt 0.1252 0.1049
vt 0.13027 0.09736
vt 0.13129 0.10089
vt 0.12481 0.10795
vt 0.11652 0.11287
vt 0.11669 0.11382
vt 0.1328 0.10666
vt 0.1287 0.11126
vt 0.12907 0.10866
vt 0.13308 0.10245
vt 0.13452 0.09807
vt 0.12073 0.1158
vt 0.11658 0.12062
vt 0.12029 0.11839
vt 0.38881 0.16999
vt 0.38571 0.18556
vt 0.38892 0.1908
vt 0.3892 0.17219
vt 0.38937 0.17065
vt 0.38488 0.20307
vt 0.38545 0.20312
vt 0.39457 0.18735
vt 0.39551 0.18916
vt 0.39549 0.18454
vt 0.39095 0.17477
vt 0.39213 0.20447
vt 0.39205 0.20984
vt 0.3933 0.20647
vt 0.38683 0.20504
vt 0.38517 0.20423
vt 0.38542 0.20462
vt 0.38516 0.20519
vt 0.38565 0.20645
vt 0.13215 0.1126
vt 0.12295 0.12025
vt 0.13105 0.1151
vt 0.12216 0.12427
vt 0.13241 0.11397
vt 0.11387 0.12799
vt 0.11369 0.1305
vt 0.12999 0.12332
vt 0.12721 0.12644
vt 0.12719 0.1249
vt 0.13135 0.11703
vt 0.11695 0.13352
vt 0.11416 0.13689
vt 0.11653 0.13544
vt 0.11306 0.1338
vt 0.10985 0.14131
vt 0.10214 0.14204
vt 0.11155 0.13203
vt 0.11137 0.13309
vt 0.10067 0.14396
vt 0.10201 0.14299
vt 0.10485 0.14708
vt 0.10491 0.14555
vt 0.09801 0.15344
vt 0.39728 0.18766
vt 0.39815 0.206
vt 0.40035 0.20856
vt 0.4008 0.19823
vt 0.40186 0.19103
vt 0.60475 0.47583
vt 0.6021 0.47375
vt 0.3964 0.21876
vt 0.62306 0.49369
vt 0.40725 0.20418
vt 0.40745 0.20423
vt 0.40738 0.20388
vt 0.40732 0.20476
vt 0.40288 0.21826
vt 0.40479 0.22168
vt 0.62724 0.80119
vt 0.61245 0.78052
vt 0.62554 0.79998
vt 0.66224 0.79662
vt 0.64745 0.78052
vt 0.66224 0.80119
vt 0.5784 0.44837
vt 0.59783 0.47736
vt 0.60965 0.4897
vt 0.12911 0.12609
vt 0.11962 0.13974
vt 0.11963 0.13974
vt 0.11962 0.13975
vt 0.12942 0.13146
vt 0.11281 0.14109
vt 0.11961 0.13976
vt 0.11962 0.13975
vt 0.11962 0.13975
vt 0.11962 0.13975
vt 0.10938 0.14742
vt 0.10855 0.15265
vt 0.08767 0.72719
vt 0.08858 0.71976
vt 0.09208 0.72021
vt 0.11841 0.14719
vt 0.1136 0.15489
vt 0.11052 0.15353
vt 0.10876 0.1545
vt 0.10792 0.15582
vt 0.11196 0.15673
vt 0.10207 0.16571
vt 0.68245 0.78166
vt 0.68369 0.78052
vt 0.68299 0.78175
vt 0.10728 0.15573
vt 0.1049 0.1584
vt 0.09766 0.16806
vt 0.41065 0.22521
vt 0.4142 0.20973
vt 0.40766 0.20424
vt 0.41205 0.22388
vt 0.84275 0.12011
vt 0.84886 0.11635
vt 0.37694 0.76457
vt 0.40696 0.23442
vt 0.40449 0.23288
vt 0.40683 0.24003
vt 0.41768 0.21694
vt 0.41662 0.23688
vt 0.41836 0.21991
vt 0.41235 0.22584
vt 0.41409 0.25129
vt 0.41148 0.22622
vt 0.41143 0.22477
vt 0.4118 0.22561
vt 0.41184 0.22691
vt 0.4084 0.24006
vt 0.40834 0.2443
vt 0.40955 0.2416
vt 0.4158 0.23979
vt 0.41644 0.24012
vt 0.03641 0.92511
vt 0.03404 0.92599
vt 0.03179 0.92461
vt 0.03821 0.92582
vt 0.04271 0.93556
vt 0.05769 0.92894
vt 0.03953 0.92478
vt 0.09874 0.16995
vt 0.03785 0.93841
vt 0.02905 0.936
vt 0.0618 0.93851
vt 0.07037 0.92747
vt 0.06365 0.92549
vt 0.09181 0.92814
vt 0.06779 0.93777
vt 0.06508 0.93947
vt 0.10007 0.92775
vt 0.09451 0.92928
vt 0.09655 0.92763
vt 0.07156 0.93869
vt 0.09536 0.93821
vt 0.06232 0.94146
vt 0.05945 0.93987
vt 0.06898 0.94069
vt 0.09105 0.9405
vt 0.10238 0.93648
vt 0.09922 0.9387
vt 0.57306 0.4601
vt 0.56945 0.4606
vt 0.57485 0.46732
vt 0.71981 0.52944
vt 0.71029 0.55496
vt 0.7106 0.55515
vt 0.71031 0.55549
vt 0.71783 0.55849
vt 0.72194 0.56491
vt 0.72247 0.55529
vt 0.72038 0.53247
vt 0.38545 0.13012
vt 0.38785 0.12161
vt 0.38375 0.12333
vt 0.71642 0.55274
vt 0.71618 0.56007
vt 0.38433 0.13316
vt 0.38235 0.12587
vt 0.38253 0.14889
vt 0.38379 0.15003
vt 0.38389 0.13883
vt 0.73073 0.48669
vt 0.73086 0.46803
vt 0.72877 0.47611
vt 0.73055 0.54241
vt 0.72654 0.52902
vt 0.72566 0.54261
vt 0.72585 0.50327
vt 0.72979 0.50998
vt 0.72104 0.52978
vt 0.73057 0.46543
vt 0.72847 0.4628
vt 0.72468 0.49158
vt 0.72499 0.46304
vt 0.72049 0.52829
vt 0.73665 0.46967
vt 0.73714 0.47025
vt 0.73716 0.4687
vt 0.73171 0.46199
vt 0.73143 0.50434
vt 0.73118 0.5443
vt 0.73133 0.5418
vt 0.13968 0.09585
vt 0.14347 0.09379
vt 0.14183 0.09622
vt 0.14419 0.09412
vt 0.14055 0.10249
vt 0.72697 0.55819
vt 0.39188 0.13208
vt 0.39231 0.13269
vt 0.39245 0.12972
vt 0.3923 0.11517
vt 0.39372 0.11614
vt 0.3855 0.13407
vt 0.39214 0.13336
vt 0.73028 0.54776
vt 0.39268 0.13241
vt 0.39974 0.1354
vt 0.39753 0.12494
vt 0.39254 0.13368
vt 0.38911 0.14807
vt 0.39263 0.15445
vt 0.38921 0.16856
vt 0.3899 0.16914
vt 0.39609 0.15598
vt 0.39885 0.14717
vt 0.39986 0.16478
vt 0.39498 0.16467
vt 0.39956 0.1708
vt 0.15197 0.10117
vt 0.15995 0.09078
vt 0.15379 0.10254
vt 0.15038 0.10545
vt 0.15298 0.09006
vt 0.14573 0.10035
vt 0.14371 0.09991
vt 0.15357 0.08951
vt 0.1601 0.0904
vt 0.15124 0.09773
vt 0.73728 0.46965
vt 0.14567 0.10454
vt 0.14228 0.10273
vt 0.13503 0.11077
vt 0.13444 0.11299
vt 0.1426 0.10974
vt 0.14047 0.11745
vt 0.14159 0.10876
vt 0.13901 0.11288
vt 0.13933 0.11843
vt 0.40524 0.14046
vt 0.40232 0.14854
vt 0.40195 0.16586
vt 0.40563 0.15784
vt 0.40535 0.17628
vt 0.40685 0.17857
vt 0.40686 0.17618
vt 0.40112 0.16969
vt 0.40102 0.17728
vt 0.40662 0.17968
vt 0.40742 0.17821
vt 0.41272 0.18489
vt 0.41217 0.16567
vt 0.40692 0.1449
vt 0.41041 0.16213
vt 0.40722 0.18012
vt 0.4075 0.2039
vt 0.41202 0.19081
vt 0.15127 0.10696
vt 0.15665 0.10747
vt 0.15763 0.10581
vt 0.15773 0.10653
vt 0.15734 0.1074
vt 0.15616 0.10904
vt 0.14838 0.11513
vt 0.14081 0.11789
vt 0.14465 0.12005
vt 0.13798 0.12675
vt 0.13973 0.11928
vt 0.13992 0.1185
vt 0.13875 0.11971
vt 0.13204 0.13097
vt 0.14814 0.11844
vt 0.14346 0.12568
vt 0.14275 0.12719
vt 0.14201 0.1275
vt 0.13489 0.13212
vt 0.13753 0.13297
vt 0.12782 0.13527
vt 0.13006 0.13466
vt 0.12424 0.1402
vt 0.13814 0.48979
vt 0.12613 0.47384
vt 0.15292 0.47793
vt 0.54038 0.43656
vt 0.54037 0.43654
vt 0.54037 0.43655
vt 0.12613 0.47382
vt 0.12611 0.47382
vt 0.12516 0.48843
vt 0.15712 0.47624
vt 0.15527 0.47537
vt 0.16667 0.47168
vt 0.16205 0.48514
vt 0.12908 0.13942
vt 0.12038 0.50114
vt 0.12283 0.1448
vt 0.06715 0.91159
vt 0.03783 0.92351
vt 0.04066 0.91071
vt 0.41929 0.16407
vt 0.41396 0.16737
vt 0.41778 0.17473
vt 0.41488 0.18444
vt 0.41871 0.19005
vt 0.41389 0.19034
vt 0.41362 0.19753
vt 0.41836 0.19335
vt 0.10283 0.91215
vt 0.10218 0.91114
vt 0.10494 0.91158
vt 0.1062 0.91073
vt 0.07167 0.91094
vt 0.09118 0.90436
vt 0.10629 0.91154
vt 0.1053 0.91206
vt 0.41894 0.19225
vt 0.41898 0.19125
vt 0.41868 0.19158
vt 0.07773 0.92228
vt 0.07146 0.9117
vt 0.0948 0.92587
vt 0.41868 0.21675
vt 0.52366 0.42571
vt 0.54029 0.4365
vt 0.52492 0.42165
vt 0.14479 0.13245
vt 0.14378 0.12944
vt 0.14547 0.13164
vt 0.14537 0.13235
vt 0.52263 0.42517
vt 0.52374 0.42661
vt 0.52572 0.42844
vt 0.06959 0.91154
vt 0.06457 0.90836
vt 0.06892 0.91206
vt 0.09894 0.92623
vt 0.74192 0.5471
vt 0.74048 0.54332
vt 0.74159 0.55091
vt 0.73761 0.51735
vt 0.74281 0.51585
vt 0.74132 0.49017
vt 0.74128 0.55189
vt 0.7416 0.55219
vt 0.74119 0.56079
vt 0.73693 0.52634
vt 0.73728 0.47043
vt 0.73646 0.51791
vt 0.73195 0.54466
vt 0.73656 0.55266
vt 0.39346 0.11291
vt 0.39205 0.11314
vt 0.72831 0.56225
vt 0.3974 0.10815
vt 0.3945 0.10566
vt 0.39961 0.10643
vt 0.40454 0.10797
vt 0.40444 0.09165
vt 0.73467 0.56644
vt 0.7404 0.56758
vt 0.40343 0.11657
vt 0.39931 0.10475
vt 0.39892 0.10638
vt 0.39896 0.10795
vt 0.40079 0.12476
vt 0.74759 0.4672
vt 0.74736 0.47731
vt 0.74883 0.46947
vt 0.74542 0.4763
vt 0.74922 0.45559
vt 0.74579 0.49687
vt 0.74569 0.44894
vt 0.17692 0.08291
vt 0.1725 0.08789
vt 0.17378 0.08415
vt 0.75685 0.44335
vt 0.75477 0.43913
vt 0.75513 0.4511
vt 0.75098 0.49719
vt 0.16952 0.08348
vt 0.16707 0.0891
vt 0.16107 0.0961
vt 0.16707 0.09281
vt 0.16033 0.09033
vt 0.75001 0.50224
vt 0.74464 0.5215
vt 0.40497 0.08947
vt 0.40448 0.08696
vt 0.4046 0.09022
vt 0.40415 0.09088
vt 0.74554 0.44891
vt 0.11925 0.67024
vt 0.11952 0.67
vt 0.11926 0.67031
vt 0.16023 0.09024
vt 0.16024 0.09031
vt 0.16058 0.09
vt 0.40531 0.0917
vt 0.40704 0.11823
vt 0.41015 0.12405
vt 0.41017 0.10906
vt 0.40893 0.10192
vt 0.41075 0.10372
vt 0.40571 0.13444
vt 0.40791 0.13503
vt 0.41479 0.12179
vt 0.41714 0.12382
vt 0.4161 0.11854
vt 0.41317 0.13674
vt 0.40695 0.13983
vt 0.40803 0.14176
vt 0.41424 0.1445
vt 0.4155 0.14075
vt 0.41555 0.14675
vt 0.41206 0.16027
vt 0.41346 0.16241
vt 0.17703 0.08926
vt 0.1771 0.08935
vt 0.17697 0.08945
vt 0.17643 0.08966
vt 0.1763 0.09023
vt 0.16863 0.09361
vt 0.15989 0.1038
vt 0.15944 0.10563
vt 0.17609 0.0973
vt 0.16905 0.10479
vt 0.16935 0.10084
vt 0.17701 0.08966
vt 0.16698 0.10051
vt 0.16311 0.10707
vt 0.15864 0.11276
vt 0.16139 0.11129
vt 0.15544 0.11565
vt 0.15042 0.12161
vt 0.15065 0.11892
vt 0.14342 0.12671
vt 0.14371 0.12703
vt 0.14302 0.12743
vt 0.42212 0.14505
vt 0.42438 0.12994
vt 0.41991 0.12483
vt 0.42269 0.1441
vt 0.42743 0.13745
vt 0.57437 0.48879
vt 0.56432 0.47717
vt 0.5793 0.49876
vt 0.5971 0.51591
vt 0.54037 0.43655
vt 0.54039 0.43659
vt 0.54038 0.43656
vt 0.55671 0.45763
vt 0.55671 0.45833
vt 0.56385 0.46684
vt 0.5818 0.49449
vt 0.58462 0.49337
vt 0.42249 0.14597
vt 0.42219 0.14654
vt 0.42249 0.14692
vt 0.41933 0.15963
vt 0.42038 0.16114
vt 0.42296 0.14634
vt 0.60309 0.52366
vt 0.60326 0.52307
vt 0.59222 0.50169
vt 0.59195 0.50338
vt 0.17347 0.1053
vt 0.1637 0.11343
vt 0.17117 0.1084
vt 0.1636 0.11579
vt 0.17347 0.10649
vt 0.15785 0.11589
vt 0.15946 0.11836
vt 0.16993 0.1168
vt 0.16976 0.11698
vt 0.16971 0.1169
vt 0.17035 0.11539
vt 0.16241 0.12383
vt 0.16198 0.11919
vt 0.16952 0.11716
vt 0.1493 0.12636
vt 0.15389 0.12198
vt 0.15378 0.12663
vt 0.15196 0.12864
vt 0.15988 0.12834
vt 0.15739 0.13104
vt 0.15401 0.12943
vt 0.15483 0.12748
vt 0.53042 0.45178
vt 0.52763 0.45011
vt 0.53188 0.45508
vt 0.51886 0.43138
vt 0.5138 0.42347
vt 0.51523 0.42959
vt 0.15317 0.12872
vt 0.15273 0.12923
vt 0.51132 0.41815
vt 0.50919 0.41772
vt 0.52127 0.42731
vt 0.5539 0.47672
vt 0.55754 0.47967
vt 0.55021 0.47028
vt 0.55305 0.46967
vt 0.56821 0.49192
vt 0.58927 0.51586
vt 0.58106 0.50581
vt 0.58394 0.5108
vt 0.55308 0.46512
vt 0.54582 0.45689
vt 0.54545 0.45325
vt 0.55441 0.4574
vt 0.52635 0.43078
vt 0.53478 0.44814
vt 0.55101 0.46129
vt 0.1699 0.11701
vt 0.16458 0.12514
vt 0.16969 0.1172
vt 0.16934 0.12521
vt 0.17152 0.12308
vt 0.1711 0.12512
vt 0.16982 0.1269
vt 0.1633 0.13085
vt 0.49916 0.42023
vt 0.5056 0.42071
vt 0.50005 0.41386
vt 0.16255 0.13196
vt 0.16178 0.13161
vt 0.51142 0.43244
vt 0.50065 0.4236
vt 0.49813 0.42063
vt 0.51444 0.44453
vt 0.49669 0.41985
vt 0.49853 0.42225
vt 0.16348 0.13167
vt 0.5139 0.44435
vt 0.51473 0.44533
vt 0.51517 0.4457
vt 0.51779 0.44689
vt 0.74346 0.55072
vt 0.74177 0.5514
vt 0.742 0.55347
vt 0.75071 0.49896
vt 0.75098 0.49908
vt 0.75081 0.50057
vt 0.7513 0.49797
vt 0.75128 0.50178
vt 0.75933 0.53354
vt 0.76047 0.53713
vt 0.76102 0.52952
vt 0.75799 0.48579
vt 0.76031 0.49939
vt 0.76149 0.46695
vt 0.75641 0.50884
vt 0.76009 0.45145
vt 0.75659 0.4563
vt 0.75441 0.55139
vt 0.75422 0.52936
vt 0.74965 0.54764
vt 0.75227 0.56858
vt 0.75036 0.51222
vt 0.74844 0.54598
vt 0.74854 0.55145
vt 0.74655 0.56884
vt 0.75159 0.57084
vt 0.75943 0.54207
vt 0.75814 0.55866
vt 0.7541 0.56851
vt 0.75905 0.56393
vt 0.42139 0.07133
vt 0.42079 0.06688
vt 0.41638 0.07118
vt 0.41496 0.0736
vt 0.41469 0.07258
vt 0.41418 0.07397
vt 0.41031 0.09794
vt 0.4095 0.07875
vt 0.41099 0.08507
vt 0.41528 0.09117
vt 0.41409 0.0964
vt 0.42041 0.10083
vt 0.42245 0.10405
vt 0.42232 0.10048
vt 0.41675 0.09171
vt 0.42071 0.08049
vt 0.42231 0.10538
vt 0.41631 0.09455
vt 0.41655 0.10332
vt 0.41759 0.11925
vt 0.76917 0.44771
vt 0.76927 0.4354
vt 0.76704 0.44224
vt 0.76738 0.51327
vt 0.76341 0.49977
vt 0.76374 0.46139
vt 0.768 0.47783
vt 0.76905 0.4333
vt 0.7633 0.42132
vt 0.76336 0.41818
vt 0.76321 0.41844
vt 0.76311 0.45451
vt 0.77077 0.43673
vt 0.77487 0.45251
vt 0.77539 0.42804
vt 0.76977 0.4322
vt 0.77079 0.47206
vt 0.76891 0.50317
vt 0.18601 0.08656
vt 0.18421 0.08822
vt 0.18563 0.08622
vt 0.18256 0.09445
vt 0.42294 0.08113
vt 0.42862 0.07398
vt 0.42776 0.07334
vt 0.42858 0.07463
vt 0.42882 0.07442
vt 0.43005 0.08018
vt 0.42689 0.09031
vt 0.42298 0.10375
vt 0.42867 0.11229
vt 0.42274 0.10543
vt 0.42283 0.10889
vt 0.42775 0.12022
vt 0.43315 0.09602
vt 0.43437 0.12471
vt 0.43421 0.11467
vt 0.43315 0.12324
vt 0.42862 0.11606
vt 0.4295 0.11544
vt 0.42922 0.11838
vt 0.43424 0.12555
vt 0.20305 0.41963
vt 0.20044 0.42529
vt 0.1983 0.42361
vt 0.42973 0.13953
vt 0.42925 0.14474
vt 0.19421 0.0963
vt 0.1948 0.09584
vt 0.19448 0.09655
vt 0.19384 0.09706
vt 0.18906 0.08926
vt 0.18692 0.09308
vt 0.18563 0.09256
vt 0.7783 0.4372
vt 0.78228 0.42942
vt 0.78127 0.41999
vt 0.19336 0.09061
vt 0.18448 0.10079
vt 0.18445 0.09487
vt 0.17629 0.10326
vt 0.17664 0.1053
vt 0.18324 0.10305
vt 0.18241 0.10952
vt 0.18265 0.10254
vt 0.18108 0.10485
vt 0.18031 0.11128
vt 0.53117 0.45607
vt 0.43468 0.12467
vt 0.44055 0.10603
vt 0.4347 0.09924
vt 0.43973 0.11324
vt 0.43375 0.09733
vt 0.43946 0.12627
vt 0.43451 0.12529
vt 0.55745 0.48968
vt 0.57661 0.50946
vt 0.18315 0.44595
vt 0.20737 0.43879
vt 0.21266 0.43386
vt 0.43035 0.14261
vt 0.56146 0.50553
vt 0.55856 0.50437
vt 0.56304 0.5106
vt 0.44434 0.11805
vt 0.4442 0.12314
vt 0.44587 0.12056
vt 0.56205 0.49825
vt 0.5514 0.48609
vt 0.54073 0.47618
vt 0.19533 0.09713
vt 0.1939 0.09763
vt 0.19138 0.1129
vt 0.19303 0.11086
vt 0.19173 0.11328
vt 0.19112 0.11377
vt 0.1907 0.10674
vt 0.18359 0.10992
vt 0.18232 0.11669
vt 0.18035 0.11865
vt 0.18075 0.11559
vt 0.18135 0.11146
vt 0.17933 0.11338
vt 0.177 0.12071
vt 0.18823 0.11512
vt 0.1814 0.11888
vt 0.19039 0.11471
vt 0.17741 0.12399
vt 0.17474 0.12816
vt 0.17615 0.12743
vt 0.486 0.42473
vt 0.48923 0.42915
vt 0.48762 0.42474
vt 0.48233 0.41713
vt 0.52698 0.47258
vt 0.51729 0.46844
vt 0.53564 0.48907
vt 0.51644 0.45732
vt 0.50453 0.44253
vt 0.5078 0.4515
vt 0.16909 0.13164
vt 0.17395 0.12896
vt 0.48932 0.41934
vt 0.49618 0.42834
vt 0.51425 0.44553
vt 0.53288 0.474
vt 0.54848 0.50154
vt 0.55994 0.50775
vt 0.53439 0.47909
vt 0.52779 0.46977
vt 0.51602 0.44686
vt 0.51529 0.44611
vt 0.19401 0.11411
vt 0.1913 0.11404
vt 0.18684 0.12369
vt 0.1834 0.12238
vt 0.18766 0.12424
vt 0.18846 0.12308
vt 0.47009 0.41161
vt 0.47006 0.41156
vt 0.47006 0.41159
vt 0.17983 0.13166
vt 0.17964 0.13171
vt 0.17973 0.13174
vt 0.17971 0.13176
vt 0.17973 0.13176
vt 0.17484 0.12881
vt 0.1941 0.11801
vt 0.18875 0.12452
vt 0.18692 0.12835
vt 0.4554 0.40332
vt 0.4656 0.41687
vt 0.47016 0.41173
vt 0.48514 0.42692
vt 0.48313 0.43114
vt 0.50462 0.45397
vt 0.50944 0.4642
vt 0.48889 0.43821
vt 0.47973 0.41105
vt 0.47842 0.41058
vt 0.47022 0.41157
vt 0.47009 0.4208
vt 0.48464 0.43568
vt 0.49449 0.44724
vt 0.76113 0.53683
vt 0.7607 0.54005
vt 0.7621 0.54192
vt 0.76014 0.56447
vt 0.76206 0.55771
vt 0.75981 0.56
vt 0.42186 0.06674
vt 0.42131 0.06532
vt 0.76892 0.51426
vt 0.76845 0.51848
vt 0.77014 0.51051
vt 0.76935 0.51854
vt 0.7803 0.47358
vt 0.78055 0.47449
vt 0.78058 0.4731
vt 0.78053 0.47228
vt 0.77576 0.51981
vt 0.77728 0.5258
vt 0.77734 0.51692
vt 0.77615 0.50874
vt 0.78028 0.47084
vt 0.7746 0.48053
vt 0.77308 0.54668
vt 0.77307 0.54553
vt 0.77261 0.54689
vt 0.773 0.5475
vt 0.76648 0.55035
vt 0.76833 0.52661
vt 0.42335 0.06399
vt 0.43305 0.06143
vt 0.43101 0.06822
vt 0.43347 0.06187
vt 0.77335 0.5475
vt 0.77348 0.54606
vt 0.77863 0.5428
vt 0.4338 0.06164
vt 0.4335 0.06149
vt 0.43402 0.06399
vt 0.43582 0.07482
vt 0.4367 0.07239
vt 0.43372 0.09554
vt 0.43419 0.09606
vt 0.43461 0.08812
vt 0.19585 0.09544
vt 0.78072 0.472
vt 0.78151 0.47591
vt 0.78704 0.53305
vt 0.78225 0.51506
vt 0.78116 0.53234
vt 0.78605 0.49586
vt 0.78664 0.48522
vt 0.78066 0.47098
vt 0.78568 0.43838
vt 0.79312 0.45497
vt 0.79344 0.45646
vt 0.79348 0.4543
vt 0.78974 0.42811
vt 0.78682 0.4502
vt 0.7874 0.49209
vt 0.78705 0.53308
vt 0.78706 0.53303
vt 0.20444 0.08735
vt 0.20455 0.08948
vt 0.78768 0.4067
vt 0.78217 0.54891
vt 0.4437 0.07344
vt 0.44252 0.07335
vt 0.44285 0.07541
vt 0.43867 0.06349
vt 0.44242 0.05975
vt 0.44039 0.07489
vt 0.43706 0.07684
vt 0.78704 0.53315
vt 0.44769 0.06689
vt 0.44515 0.06202
vt 0.44994 0.09126
vt 0.45098 0.08119
vt 0.44446 0.07769
vt 0.4428 0.07743
vt 0.44328 0.07638
vt 0.44337 0.07857
vt 0.44293 0.09763
vt 0.44036 0.0925
vt 0.44721 0.10034
vt 0.44982 0.10562
vt 0.44581 0.11683
vt 0.44691 0.1182
vt 0.20958 0.09161
vt 0.21854 0.08487
vt 0.21502 0.09353
vt 0.20423 0.10227
vt 0.20744 0.09985
vt 0.20424 0.10278
vt 0.20854 0.09343
vt 0.20318 0.1034
vt 0.20276 0.10175
vt 0.79902 0.40959
vt 0.79195 0.41969
vt 0.79368 0.45501
vt 0.80191 0.4347
vt 0.79916 0.40976
vt 0.20953 0.09148
vt 0.20929 0.09175
vt 0.20932 0.09156
vt 0.20028 0.0979
vt 0.19725 0.10133
vt 0.20002 0.09981
vt 0.45502 0.08472
vt 0.45279 0.09155
vt 0.5332 0.49245
vt 0.45338 0.10745
vt 0.45655 0.1024
vt 0.4565 0.11163
vt 0.44667 0.12125
vt 0.45201 0.11415
vt 0.55198 0.51103
vt 0.55976 0.51691
vt 0.56083 0.53463
vt 0.55794 0.53296
vt 0.56346 0.54057
vt 0.45814 0.0906
vt 0.46188 0.10856
vt 0.46185 0.11294
vt 0.46327 0.11144
vt 0.5588 0.52325
vt 0.54609 0.50995
vt 0.54036 0.50562
vt 0.21632 0.09447
vt 0.2129 0.09778
vt 0.20792 0.10506
vt 0.21156 0.103
vt 0.20747 0.10741
vt 0.20024 0.10967
vt 0.19913 0.11352
vt 0.21425 0.10776
vt 0.21276 0.10938
vt 0.21299 0.10838
vt 0.21439 0.10633
vt 0.21707 0.09858
vt 0.20187 0.11767
vt 0.20077 0.11892
vt 0.20176 0.1184
vt 0.19916 0.11646
vt 0.19921 0.12039
vt 0.19757 0.11462
vt 0.19747 0.11525
vt 0.19233 0.12815
vt 0.19243 0.12557
vt 0.18701 0.13187
vt 0.18725 0.13271
vt 0.18607 0.13332
vt 0.18563 0.13278
vt 0.51001 0.46945
vt 0.52242 0.48339
vt 0.50382 0.4642
vt 0.51771 0.48216
vt 0.52743 0.50915
vt 0.51694 0.48747
vt 0.50811 0.48152
vt 0.49865 0.46433
vt 0.48465 0.45037
vt 0.46483 0.4168
vt 0.4671 0.4214
vt 0.46712 0.41949
vt 0.48623 0.44522
vt 0.53739 0.50869
vt 0.55349 0.53658
vt 0.55741 0.5376
vt 0.54978 0.53051
vt 0.53081 0.5035
vt 0.53368 0.51739
vt 0.53218 0.51654
vt 0.5369 0.52294
vt 0.5447 0.52876
vt 0.2139 0.10942
vt 0.20496 0.12178
vt 0.20791 0.12011
vt 0.20474 0.12338
vt 0.2147 0.11438
vt 0.20044 0.12039
vt 0.20186 0.12518
vt 0.2084 0.12464
vt 0.21078 0.12391
vt 0.20938 0.12619
vt 0.20311 0.12648
vt 0.19207 0.13242
vt 0.19597 0.12871
vt 0.19439 0.13581
vt 0.18768 0.13898
vt 0.4492 0.40684
vt 0.44884 0.4064
vt 0.44908 0.40687
vt 0.45401 0.40294
vt 0.44444 0.4027
vt 0.19826 0.13893
vt 0.19615 0.1414
vt 0.19433 0.13709
vt 0.20234 0.13239
vt 0.19459 0.13617
vt 0.44215 0.40977
vt 0.44198 0.40875
vt 0.44108 0.4083
vt 0.4363 0.39886
vt 0.19411 0.13651
vt 0.19393 0.13638
vt 0.19397 0.13667
vt 0.19288 0.13931
vt 0.18944 0.1384
vt 0.43314 0.39291
vt 0.46938 0.43608
vt 0.4624 0.43099
vt 0.46891 0.44022
vt 0.5262 0.50993
vt 0.50414 0.48284
vt 0.50632 0.49069
vt 0.49236 0.47107
vt 0.48226 0.45056
vt 0.47183 0.43462
vt 0.47785 0.4398
vt 0.45023 0.40816
vt 0.47809 0.44331
vt 0.46242 0.43402
vt 0.45611 0.43341
vt 0.47538 0.45908
vt 0.4804 0.46411
vt 0.48555 0.47139
vt 0.51084 0.50224
vt 0.53277 0.51893
vt 0.52249 0.51386
vt 0.20414 0.13534
vt 0.20783 0.13486
vt 0.21057 0.12715
vt 0.21181 0.1315
vt 0.21105 0.13444
vt 0.2079 0.13905
vt 0.20267 0.13962
vt 0.19761 0.14227
vt 0.19947 0.14437
vt 0.43392 0.41035
vt 0.43318 0.40945
vt 0.43332 0.41014
vt 0.42771 0.39571
vt 0.43232 0.40874
vt 0.42439 0.39491
vt 0.42076 0.39603
vt 0.20342 0.14386
vt 0.20074 0.14909
vt 0.41961 0.40298
vt 0.42026 0.4042
vt 0.43843 0.4263
vt 0.45721 0.44167
vt 0.45269 0.43924
vt 0.7955 0.50064
vt 0.79853 0.51471
vt 0.799 0.49608
vt 0.79813 0.48251
vt 0.79325 0.53884
vt 0.79601 0.55276
vt 0.7963 0.53511
vt 0.79353 0.51935
vt 0.79395 0.45809
vt 0.79257 0.50349
vt 0.78707 0.53309
vt 0.79048 0.56593
vt 0.79048 0.56466
vt 0.79025 0.56574
vt 0.45022 0.05169
vt 0.45041 0.05197
vt 0.45044 0.05154
vt 0.78434 0.55833
vt 0.78198 0.55874
vt 0.78715 0.53406
vt 0.44452 0.05659
vt 0.45005 0.05301
vt 0.79092 0.56733
vt 0.79131 0.56535
vt 0.79693 0.56479
vt 0.45091 0.05153
vt 0.45094 0.05412
vt 0.33678 0.89378
vt 0.33668 0.89281
vt 0.33667 0.89287
vt 0.3367 0.89281
vt 0.45271 0.06556
vt 0.4538 0.06276
vt 0.80621 0.4649
vt 0.80926 0.48283
vt 0.81253 0.44592
vt 0.80904 0.4223
vt 0.81198 0.43761
vt 0.81173 0.40955
vt 0.80632 0.45034
vt 0.8082 0.40265
vt 0.80235 0.43405
vt 0.80226 0.47296
vt 0.80357 0.50941
vt 0.80551 0.50424
vt 0.80459 0.48635
vt 0.80461 0.46379
vt 0.79949 0.53634
vt 0.80238 0.52092
vt 0.80361 0.55014
vt 0.80179 0.43741
vt 0.80204 0.43508
vt 0.80209 0.4339
vt 0.79828 0.55897
vt 0.80275 0.55727
vt 0.79942 0.56877
vt 0.46132 0.06287
vt 0.45953 0.06093
vt 0.46022 0.06521
vt 0.45628 0.05116
vt 0.45943 0.04766
vt 0.45711 0.065
vt 0.45469 0.06924
vt 0.46527 0.0563
vt 0.46265 0.05001
vt 0.46796 0.07954
vt 0.46848 0.07324
vt 0.46362 0.07003
vt 0.46024 0.06828
vt 0.46094 0.06688
vt 0.46106 0.07026
vt 0.45804 0.083
vt 0.45995 0.08657
vt 0.46482 0.09059
vt 0.46838 0.09949
vt 0.46321 0.10631
vt 0.46588 0.10749
vt 0.81401 0.44256
vt 0.81347 0.43818
vt 0.81523 0.40271
vt 0.81922 0.40981
vt 0.23393 0.08523
vt 0.22616 0.09384
vt 0.22716 0.08853
vt 0.22267 0.09235
vt 0.22324 0.096
vt 0.22474 0.08765
vt 0.21828 0.09111
vt 0.2349 0.0912
vt 0.22627 0.10074
vt 0.22812 0.09426
vt 0.23493 0.08642
vt 0.81978 0.41652
vt 0.82141 0.40561
vt 0.22467 0.09672
vt 0.21907 0.10549
vt 0.21788 0.10362
vt 0.4706 0.07615
vt 0.46978 0.07998
vt 0.47051 0.1004
vt 0.47448 0.09313
vt 0.47461 0.11393
vt 0.47516 0.11489
vt 0.47518 0.11319
vt 0.46667 0.11777
vt 0.46961 0.10469
vt 0.47421 0.11639
vt 0.47509 0.11524
vt 0.47556 0.1146
vt 0.48085 0.11734
vt 0.48087 0.10503
vt 0.47527 0.08754
vt 0.47696 0.096
vt 0.47528 0.11537
vt 0.56045 0.55413
vt 0.56112 0.55669
vt 0.55034 0.54746
vt 0.47519 0.11577
vt 0.23437 0.09746
vt 0.23454 0.09843
vt 0.23382 0.09899
vt 0.22982 0.10061
vt 0.22821 0.10534
vt 0.22462 0.10317
vt 0.22405 0.10272
vt 0.22305 0.10457
vt 0.22237 0.11124
vt 0.2334 0.10607
vt 0.2233 0.11757
vt 0.22415 0.11061
vt 0.23406 0.10039
vt 0.22344 0.11048
vt 0.22289 0.11154
vt 0.21099 0.12476
vt 0.2214 0.11925
vt 0.48077 0.4664
vt 0.47914 0.46583
vt 0.48353 0.47085
vt 0.48394 0.11197
vt 0.48005 0.12536
vt 0.48213 0.12603
vt 0.55453 0.55847
vt 0.53697 0.54182
vt 0.55893 0.57193
vt 0.48643 0.11983
vt 0.4874 0.1153
vt 0.54275 0.54028
vt 0.53446 0.53785
vt 0.55061 0.55149
vt 0.55586 0.55688
vt 0.55153 0.57023
vt 0.54093 0.5512
vt 0.54907 0.56861
vt 0.51505 0.52033
vt 0.52464 0.53537
vt 0.53344 0.53814
vt 0.49168 0.12602
vt 0.53546 0.54013
vt 0.53307 0.53667
vt 0.5052 0.50213
vt 0.53448 0.53856
vt 0.53588 0.5401
vt 0.23213 0.11224
vt 0.23211 0.11465
vt 0.23094 0.11562
vt 0.22616 0.1176
vt 0.22698 0.12007
vt 0.22189 0.11991
vt 0.21881 0.1231
vt 0.21667 0.12923
vt 0.22954 0.1241
vt 0.22368 0.1304
vt 0.22298 0.12686
vt 0.23111 0.11717
vt 0.22088 0.12637
vt 0.21801 0.13133
vt 0.21311 0.13754
vt 0.21653 0.13596
vt 0.20937 0.14119
vt 0.20663 0.14577
vt 0.20584 0.14379
vt 0.41936 0.40337
vt 0.41878 0.40344
vt 0.41984 0.40422
vt 0.46178 0.45073
vt 0.45955 0.4526
vt 0.48216 0.47983
vt 0.49565 0.49528
vt 0.49584 0.50261
vt 0.46803 0.46726
vt 0.45234 0.45794
vt 0.46554 0.47578
vt 0.45684 0.45767
vt 0.44274 0.44247
vt 0.50136 0.51674
vt 0.49057 0.50981
vt 0.50591 0.52796
vt 0.49436 0.50391
vt 0.46554 0.46653
vt 0.48062 0.49494
vt 0.45179 0.44711
vt 0.43475 0.42608
vt 0.46147 0.46012
vt 0.50837 0.51801
vt 0.52553 0.54658
vt 0.52663 0.54726
vt 0.52193 0.54116
vt 0.50204 0.51288
vt 0.22788 0.13093
vt 0.21861 0.1415
vt 0.21862 0.14148
vt 0.21862 0.1415
vt 0.2186 0.14149
vt 0.21364 0.13949
vt 0.22803 0.13292
vt 0.22584 0.13978
vt 0.22172 0.14557
vt 0.21859 0.14151
vt 0.21861 0.14151
vt 0.40981 0.41138
vt 0.41785 0.4205
vt 0.41055 0.40684
vt 0.40953 0.39489
vt 0.41198 0.40356
vt 0.20976 0.14661
vt 0.20962 0.14996
vt 0.20734 0.14891
vt 0.41738 0.41176
vt 0.42624 0.42159
vt 0.42478 0.42695
vt 0.40387 0.41153
vt 0.41671 0.42969
vt 0.21869 0.14887
vt 0.21213 0.15096
vt 0.41963 0.43413
vt 0.42044 0.43122
vt 0.42463 0.43016
vt 0.4298 0.44287
vt 0.43526 0.43981
vt 0.45223 0.46884
vt 0.45307 0.46947
vt 0.44909 0.4641
vt 0.42981 0.43609
vt 0.47904 0.4961
vt 0.482 0.50401
vt 0.4555 0.47214
vt 0.81472 0.4844
vt 0.8106 0.52979
vt 0.8106 0.52658
vt 0.81009 0.529
vt 0.81019 0.53507
vt 0.80471 0.51709
vt 0.81025 0.52329
vt 0.80463 0.55508
vt 0.80496 0.55146
vt 0.80558 0.55699
vt 0.81218 0.52776
vt 0.81629 0.55281
vt 0.81695 0.52389
vt 0.8136 0.49773
vt 0.81525 0.55956
vt 0.81596 0.55934
vt 0.81588 0.55788
vt 0.81385 0.58093
vt 0.80969 0.56511
vt 0.81494 0.4858
vt 0.46768 0.03769
vt 0.46725 0.03473
vt 0.46669 0.03836
vt 0.46757 0.03968
vt 0.4621 0.04276
vt 0.45871 0.04292
vt 0.80462 0.55963
vt 0.46293 0.03335
vt 0.4668 0.04221
vt 0.46917 0.03832
vt 0.47323 0.03893
vt 0.4733 0.02746
vt 0.81476 0.58349
vt 0.81449 0.585
vt 0.80827 0.581
vt 0.46963 0.04915
vt 0.47038 0.05455
vt 0.47078 0.05337
vt 0.82401 0.49838
vt 0.82071 0.48546
vt 0.81878 0.51198
vt 0.82078 0.46161
vt 0.8235 0.4709
vt 0.81535 0.48459
vt 0.82523 0.42845
vt 0.81943 0.44632
vt 0.81511 0.48337
vt 0.82512 0.42481
vt 0.83122 0.44576
vt 0.82634 0.42762
vt 0.82856 0.45906
vt 0.82726 0.41852
vt 0.83193 0.4117
vt 0.8317 0.40543
vt 0.8261 0.50451
vt 0.8276 0.48592
vt 0.82568 0.42372
vt 0.24378 0.08769
vt 0.24195 0.08858
vt 0.24403 0.08269
vt 0.24314 0.08188
vt 0.82557 0.42081
vt 0.8187 0.52794
vt 0.82416 0.51505
vt 0.47574 0.03572
vt 0.47853 0.05524
vt 0.47697 0.05279
vt 0.4777 0.05715
vt 0.47341 0.05543
vt 0.47105 0.05575
vt 0.48305 0.0473
vt 0.47994 0.03941
vt 0.48556 0.06924
vt 0.48609 0.06358
vt 0.48088 0.06114
vt 0.4776 0.05998
vt 0.47824 0.05849
vt 0.47846 0.06225
vt 0.47504 0.07431
vt 0.47828 0.07983
vt 0.48173 0.08106
vt 0.48605 0.09067
vt 0.48061 0.09052
vt 0.4856 0.0945
vt 0.24587 0.08566
vt 0.24426 0.08806
vt 0.83649 0.42517
vt 0.83778 0.42348
vt 0.83754 0.42061
vt 0.25125 0.08604
vt 0.24359 0.09454
vt 0.24322 0.08885
vt 0.24233 0.0955
vt 0.24775 0.09361
vt 0.25209 0.09207
vt 0.24874 0.09582
vt 0.84042 0.41239
vt 0.8442 0.40118
vt 0.84127 0.39364
vt 0.24291 0.09608
vt 0.2394 0.09944
vt 0.238 0.10437
vt 0.48817 0.06591
vt 0.48698 0.06926
vt 0.49221 0.08391
vt 0.49236 0.08441
vt 0.49217 0.08479
vt 0.4872 0.09177
vt 0.48829 0.09644
vt 0.25652 0.68384
vt 0.25635 0.68409
vt 0.25655 0.68391
vt 0.49238 0.08453
vt 0.4924 0.08445
vt 0.48682 0.09373
vt 0.48671 0.09856
vt 0.49142 0.10781
vt 0.49225 0.10369
vt 0.49665 0.10142
vt 0.49855 0.10497
vt 0.49846 0.09791
vt 0.49259 0.08494
vt 0.49352 0.10848
vt 0.55285 0.57397
vt 0.54989 0.57224
vt 0.49276 0.12334
vt 0.24353 0.10301
vt 0.24255 0.10191
vt 0.25189 0.09431
vt 0.2522 0.09916
vt 0.24943 0.10117
vt 0.24187 0.1099
vt 0.24105 0.10482
vt 0.23966 0.1117
vt 0.24756 0.10884
vt 0.24992 0.10787
vt 0.24764 0.11035
vt 0.25017 0.10641
vt 0.24049 0.11264
vt 0.23669 0.11613
vt 0.23613 0.12059
vt 0.50371 0.52959
vt 0.50079 0.10184
vt 0.53256 0.56572
vt 0.53171 0.56502
vt 0.53303 0.56689
vt 0.49781 0.11543
vt 0.49964 0.11555
vt 0.50408 0.10743
vt 0.50458 0.10465
vt 0.5315 0.56464
vt 0.52998 0.5526
vt 0.54771 0.57783
vt 0.55378 0.5842
vt 0.55074 0.58318
vt 0.53164 0.56533
vt 0.52425 0.56493
vt 0.5364 0.58172
vt 0.53108 0.56433
vt 0.55037 0.5939
vt 0.554 0.59552
vt 0.50607 0.10838
vt 0.51266 0.54657
vt 0.2409 0.11892
vt 0.24013 0.11779
vt 0.24976 0.10926
vt 0.24991 0.11481
vt 0.24724 0.11677
vt 0.23662 0.12914
vt 0.23861 0.12064
vt 0.23188 0.12812
vt 0.23499 0.13005
vt 0.24762 0.12079
vt 0.24651 0.12467
vt 0.23748 0.12891
vt 0.23636 0.12956
vt 0.23616 0.1301
vt 0.23793 0.13445
vt 0.23222 0.13928
vt 0.23631 0.12942
vt 0.23608 0.12981
vt 0.23568 0.1303
vt 0.22762 0.14183
vt 0.22354 0.14619
vt 0.22092 0.15071
vt 0.22049 0.14857
vt 0.41705 0.43175
vt 0.41485 0.43122
vt 0.41876 0.43465
vt 0.45383 0.47086
vt 0.45302 0.47023
vt 0.48157 0.50876
vt 0.4908 0.51938
vt 0.49322 0.52798
vt 0.47454 0.50244
vt 0.50149 0.54818
vt 0.49925 0.5494
vt 0.50404 0.5548
vt 0.46975 0.50424
vt 0.46772 0.50255
vt 0.47191 0.50804
vt 0.47824 0.5144
vt 0.43202 0.45241
vt 0.43513 0.45775
vt 0.4372 0.45835
vt 0.43342 0.45221
vt 0.4548 0.48134
vt 0.50543 0.54412
vt 0.51966 0.56934
vt 0.52649 0.57298
vt 0.50857 0.55129
vt 0.50062 0.53998
vt 0.24351 0.13418
vt 0.23398 0.14208
vt 0.24119 0.13751
vt 0.23345 0.14545
vt 0.24363 0.13535
vt 0.22771 0.14482
vt 0.23033 0.14751
vt 0.23777 0.14622
vt 0.24011 0.14542
vt 0.23833 0.1483
vt 0.23122 0.14947
vt 0.22041 0.1549
vt 0.21703 0.15472
vt 0.22344 0.15205
vt 0.22219 0.15912
vt 0.21438 0.16338
vt 0.21402 0.16374
vt 0.21408 0.1639
vt 0.42202 0.44793
vt 0.21509 0.16346
vt 0.22522 0.16381
vt 0.2225 0.16713
vt 0.22146 0.16316
vt 0.2309 0.1555
vt 0.22269 0.15992
vt 0.21837 0.1698
vt 0.22146 0.16079
vt 0.22092 0.16036
vt 0.2209 0.16147
vt 0.21413 0.16458
vt 0.21581 0.17049
vt 0.21454 0.17181
vt 0.49815 0.55088
vt 0.49215 0.54185
vt 0.46999 0.5073
vt 0.43966 0.46906
vt 0.44883 0.47755
vt 0.42187 0.44805
vt 0.42259 0.44878
vt 0.21382 0.16406
vt 0.21379 0.16439
vt 0.45108 0.4856
vt 0.44592 0.48293
vt 0.46085 0.50228
vt 0.45377 0.50408
vt 0.45107 0.49732
vt 0.44699 0.49406
vt 0.4445 0.48937
vt 0.44076 0.48679
vt 0.21033 0.17972
vt 0.20995 0.17433
vt 0.43476 0.46729
vt 0.42226 0.44875
vt 0.42735 0.46258
vt 0.43396 0.47126
vt 0.47193 0.51785
vt 0.47863 0.52962
vt 0.46879 0.51592
vt 0.47374 0.53256
vt 0.47077 0.53055
vt 0.47785 0.54008
vt 0.4908 0.54921
vt 0.48143 0.54179
vt 0.23243 0.15749
vt 0.23898 0.15577
vt 0.2399 0.15178
vt 0.24011 0.15462
vt 0.23983 0.1555
vt 0.23845 0.15762
vt 0.22938 0.16553
vt 0.22503 0.16775
vt 0.22694 0.16899
vt 0.2196 0.17411
vt 0.21541 0.17308
vt 0.21922 0.17704
vt 0.21762 0.17763
vt 0.22624 0.17624
vt 0.2248 0.17799
vt 0.22479 0.17745
vt 0.22989 0.16775
vt 0.21722 0.1855
vt 0.21811 0.17893
vt 0.22407 0.17848
vt 0.21055 0.18569
vt 0.21538 0.18225
vt 0.21148 0.18809
vt 0.44298 0.49406
vt 0.4175 0.47068
vt 0.43024 0.48549
vt 0.41921 0.46816
vt 0.4225 0.46408
vt 0.42267 0.46681
vt 0.42707 0.46998
vt 0.21181 0.18028
vt 0.41699 0.45999
vt 0.42791 0.47455
vt 0.2134 0.18804
vt 0.21059 0.19089
vt 0.21247 0.19241
vt 0.4189 0.47486
vt 0.43356 0.49586
vt 0.43479 0.4926
vt 0.42873 0.48953
vt 0.20907 0.19642
vt 0.20656 0.19705
vt 0.43762 0.49306
vt 0.46428 0.53142
vt 0.46838 0.53315
vt 0.45057 0.51193
vt 0.44151 0.49828
vt 0.44021 0.49778
vt 0.87057 0.18736
vt 0.87918 0.17972
vt 0.84261 0.17983
vt 0.46037 0.52786
vt 0.38182 0.83
vt 0.40475 0.82506
vt 0.37679 0.81829
vt 0.89582 0.1914
vt 0.22545 0.17825
vt 0.21651 0.19096
vt 0.2222 0.18256
vt 0.21759 0.19215
vt 0.22601 0.18373
vt 0.22355 0.19106
vt 0.21491 0.20232
vt 0.21571 0.19729
vt 0.21861 0.19873
vt 0.21502 0.1947
vt 0.20953 0.19815
vt 0.20802 0.20428
vt 0.20604 0.20212
vt 0.90495 0.1949
vt 0.90849 0.18768
vt 0.93092 0.18907
vt 0.92022 0.17723
vt 0.20506 0.20712
vt 0.20169 0.20866
vt 0.21102 0.20441
vt 0.20674 0.20787
vt 0.21229 0.20614
vt 0.40688 0.47721
vt 0.40728 0.47717
vt 0.40633 0.47652
vt 0.20676 0.21261
vt 0.20059 0.21666
vt 0.20046 0.21636
vt 0.89598 0.17568
vt 0.8797 0.17231
vt 0.46099 0.53566
vt 0.43959 0.5092
vt 0.44895 0.52612
vt 0.42777 0.4997
vt 0.46542 0.55117
vt 0.41726 0.482
vt 0.42525 0.49605
vt 0.43093 0.49801
vt 0.42572 0.4979
vt 0.42858 0.50246
vt 0.41616 0.4937
vt 0.44749 0.53488
vt 0.45989 0.54749
vt 0.44521 0.52817
vt 0.4399 0.52341
vt 0.42409 0.50404
vt 0.21542 0.20367
vt 0.22063 0.20409
vt 0.22234 0.20013
vt 0.22253 0.20216
vt 0.22185 0.20402
vt 0.21954 0.20743
vt 0.21191 0.21282
vt 0.20945 0.2141
vt 0.21007 0.21536
vt 0.20207 0.22282
vt 0.40233 0.4769
vt 0.20112 0.2202
vt 0.20181 0.22329
vt 0.20201 0.22317
vt 0.20827 0.22402
vt 0.20688 0.22569
vt 0.20686 0.22508
vt 0.21211 0.21522
vt 0.20025 0.23228
vt 0.20183 0.2235
vt 0.20617 0.22615
vt 0.40011 0.47869
vt 0.41585 0.49575
vt 0.43674 0.52327
vt 0.42534 0.51324
vt 0.41057 0.49508
vt 0.43946 0.53332
vt 0.39833 0.47692
vt 0.39895 0.47795
vt 0.40326 0.48983
vt 0.41079 0.49996
vt 0.19792 0.23635
vt 0.19782 0.23289
vt 0.42198 0.51457
vt 0.42502 0.52264
vt 0.41662 0.51047
vt 0.40861 0.50135
vt 0.2015 0.22383
vt 0.45216 0.55175
vt 0.45393 0.55014
vt 0.44018 0.54035
vt 0.20735 0.22639
vt 0.20061 0.23579
vt 0.20592 0.22775
vt 0.20323 0.23725
vt 0.2075 0.23286
vt 0.2059 0.23793
vt 0.20265 0.24272
vt 0.19784 0.24317
vt 0.39736 0.49418
vt 0.39873 0.48869
vt 0.39571 0.4943
vt 0.39132 0.48796
vt 0.41193 0.50958
vt 0.4019 0.50173
vt 0.41086 0.51348
vt 0.19593 0.2459
vt 0.1975 0.24657
vt 0.19555 0.25001
vt 0.39453 0.49768
vt 0.39729 0.50489
vt 0.41095 0.52177
vt 0.42457 0.53298
vt 0.42881 0.53195
vt 0.20368 0.25194
vt 0.20396 0.251
vt 0.20491 0.25031
vt 0.20519 0.2505
vt 0.20456 0.25212
vt 0.19661 0.26443
vt 0.19712 0.26272
vt 0.19783 0.26323
vt 0.95371 0.11472
vt 0.9526 0.11941
vt 0.96452 0.1178
vt 0.93956 0.11545
vt 0.95887 0.11157
vt 0.38731 0.50142
vt 0.40061 0.51686
vt 0.39173 0.50447
vt 0.94181 0.10767
vt 0.19737 0.25751
vt 0.19583 0.26473
vt 0.19087 0.2688
vt 0.1949 0.26081
vt 0.19617 0.26522
vt 0.93692 0.099
vt 0.92465 0.10224
vt 0.71745 0.78052
vt 0.71778 0.7902
vt 0.72812 0.7872
vt 0.36638 0.47809
vt 0.36605 0.48146
vt 0.37197 0.4876
vt 0.3803 0.49347
vt 0.39833 0.51806
vt 0.38787 0.50922
vt 0.38687 0.50878
vt 0.38995 0.51284
vt 0.39008 0.51191
vt 0.38459 0.50513
vt 0.38567 0.5033
vt 0.75245 0.78226
vt 0.76165 0.78693
vt 0.75588 0.78052
vt 0.19952 0.26574
vt 0.19674 0.26495
vt 0.19484 0.26972
vt 0.38209 0.50425
vt 0.37062 0.49099
vt 0.37102 0.49647
vt 0.19199 0.27566
vt 0.18795 0.27777
vt 0.19053 0.27203
vt 0.19165 0.27796
vt 0.18826 0.28733
vt 0.18642 0.28329
vt 0.18241 0.29549
vt 0.1828 0.29409
vt 0.18338 0.29446
vt 0.38159 0.51045
vt 0.38471 0.51515
vt 0.38547 0.51551
vt 0.38814 0.51858
vt 0.3871 0.51807
vt 0.39169 0.52514
vt 0.37254 0.5071
vt 0.37307 0.5089
vt 0.3836 0.52279
vt 0.37233 0.50808
vt 0.37273 0.50873
vt 0.38427 0.52379
vt 0.38527 0.52472
vt 0.38408 0.52332
vt 0.38379 0.52308
vt 0.38347 0.52273
vt 0.1841 0.2964
vt 0.18251 0.29568
vt 0.3719 0.50792
vt 0.18192 0.29745
vt 0.37263 0.51031
vt 0.38265 0.52244
vt 0.38367 0.52311
vt 0.37831 0.5264
vt 0.38007 0.53193
vt 0.38528 0.53583
vt 0.38492 0.53797
vt 0.38949 0.54179
vt 0.39059 0.54082
vt 0.81675 0.55788
vt 0.81613 0.55845
vt 0.81625 0.5603
vt 0.4733 0.02535
vt 0.47408 0.02536
vt 0.47356 0.0243
vt 0.47308 0.02489
vt 0.47291 0.02572
vt 0.81528 0.5838
vt 0.8149 0.58528
vt 0.8334 0.46043
vt 0.83074 0.46411
vt 0.83188 0.49269
vt 0.82811 0.54619
vt 0.82811 0.54516
vt 0.82779 0.54632
vt 0.82797 0.54799
vt 0.82783 0.54225
vt 0.82242 0.54466
vt 0.82262 0.56575
vt 0.8214 0.5794
vt 0.82378 0.57925
vt 0.82835 0.5469
vt 0.82833 0.54553
vt 0.82891 0.53768
vt 0.82798 0.57705
vt 0.83078 0.57959
vt 0.8313 0.56947
vt 0.8338 0.55071
vt 0.8326 0.50908
vt 0.83191 0.50299
vt 0.82172 0.58819
vt 0.4813 0.01806
vt 0.47984 0.02248
vt 0.48342 0.02615
vt 0.47912 0.02924
vt 0.48355 0.02909
vt 0.48599 0.02928
vt 0.49029 0.03312
vt 0.49017 0.02791
vt 0.48515 0.02613
vt 0.48816 0.01958
vt 0.48525 0.01729
vt 0.48938 0.03812
vt 0.48462 0.02881
vt 0.48474 0.03156
vt 0.48669 0.04884
vt 0.83735 0.43444
vt 0.84035 0.43613
vt 0.83701 0.4664
vt 0.83301 0.49991
vt 0.83996 0.50113
vt 0.84212 0.45014
vt 0.84597 0.43844
vt 0.84894 0.45203
vt 0.84946 0.43245
vt 0.84926 0.42674
vt 0.84028 0.50217
vt 0.84586 0.51759
vt 0.84769 0.49601
vt 0.8432 0.44963
vt 0.84008 0.50115
vt 0.84754 0.48064
vt 0.8473 0.41437
vt 0.84298 0.4435
vt 0.83434 0.53491
vt 0.83986 0.50229
vt 0.84 0.54547
vt 0.83937 0.57346
vt 0.83601 0.56793
vt 0.83562 0.57858
vt 0.84014 0.54721
vt 0.84029 0.54547
vt 0.84001 0.50178
vt 0.84081 0.54377
vt 0.84055 0.54632
vt 0.8426 0.5789
vt 0.84284 0.56827
vt 0.49281 0.01971
vt 0.49612 0.01684
vt 0.4955 0.02525
vt 0.4935 0.03058
vt 0.49623 0.03191
vt 0.4921 0.03897
vt 0.49073 0.05459
vt 0.49411 0.055
vt 0.49586 0.04591
vt 0.50188 0.04181
vt 0.50254 0.04244
vt 0.50243 0.03907
vt 0.49856 0.02802
vt 0.49829 0.0571
vt 0.50118 0.0616
vt 0.50211 0.04568
vt 0.49239 0.0843
vt 0.49256 0.06286
vt 0.49506 0.06743
vt 0.49244 0.08432
vt 0.49928 0.06811
vt 0.50231 0.07543
vt 0.49792 0.07981
vt 0.50226 0.08441
vt 0.85006 0.42639
vt 0.85219 0.44001
vt 0.85226 0.49241
vt 0.84908 0.48012
vt 0.8546 0.45313
vt 0.85526 0.4377
vt 0.8461 0.39521
vt 0.84984 0.42229
vt 0.85509 0.40561
vt 0.85073 0.38991
vt 0.85796 0.41536
vt 0.86136 0.4353
vt 0.86194 0.40604
vt 0.85662 0.40613
vt 0.85571 0.41175
vt 0.85639 0.45071
vt 0.85503 0.47514
vt 0.8564 0.37865
vt 0.25191 0.10743
vt 0.2522 0.10537
vt 0.5032 0.04183
vt 0.50899 0.05697
vt 0.50328 0.04505
vt 0.50584 0.06204
vt 0.51179 0.05411
vt 0.50942 0.04793
vt 0.51505 0.07724
vt 0.51531 0.07467
vt 0.51415 0.0746
vt 0.50835 0.06888
vt 0.50518 0.07722
vt 0.5095 0.08637
vt 0.50411 0.08326
vt 0.50405 0.09368
vt 0.50787 0.09754
vt 0.51068 0.09186
vt 0.51494 0.098
vt 0.50938 0.09185
vt 0.51011 0.09678
vt 0.51008 0.11168
vt 0.51372 0.10427
vt 0.86302 0.39401
vt 0.8615 0.39437
vt 0.86725 0.41809
vt 0.86776 0.41756
vt 0.86768 0.41637
vt 0.26437 0.10528
vt 0.25677 0.11327
vt 0.25804 0.10663
vt 0.25626 0.10793
vt 0.25735 0.1057
vt 0.25524 0.11424
vt 0.86961 0.38516
vt 0.87348 0.40494
vt 0.87381 0.37438
vt 0.86813 0.41591
vt 0.25559 0.11537
vt 0.25801 0.11407
vt 0.25177 0.11897
vt 0.2514 0.12342
vt 0.51741 0.07457
vt 0.51591 0.07746
vt 0.50276 0.55539
vt 0.51708 0.09831
vt 0.52079 0.09045
vt 0.52085 0.10109
vt 0.53804 0.59051
vt 0.51609 0.10243
vt 0.52296 0.57983
vt 0.53422 0.58952
vt 0.52504 0.10093
vt 0.52711 0.10184
vt 0.52714 0.09737
vt 0.52231 0.07738
vt 0.52527 0.09462
vt 0.52752 0.59551
vt 0.52759 0.5887
vt 0.5186 0.57907
vt 0.51022 0.57216
vt 0.25636 0.12059
vt 0.25443 0.12326
vt 0.25423 0.12259
vt 0.26074 0.12167
vt 0.25297 0.12782
vt 0.26167 0.12114
vt 0.26154 0.1216
vt 0.87956 0.38863
vt 0.87927 0.38981
vt 0.87963 0.38945
vt 0.25356 0.1239
vt 0.24789 0.13024
vt 0.25236 0.13171
vt 0.25108 0.13264
vt 0.25921 0.13116
vt 0.25556 0.1352
vt 0.25469 0.13201
vt 0.26146 0.12232
vt 0.26175 0.12146
vt 0.25129 0.13378
vt 0.24092 0.14588
vt 0.24935 0.14088
vt 0.50741 0.57471
vt 0.52354 0.59355
vt 0.53357 0.10364
vt 0.52959 0.10172
vt 0.53241 0.10823
vt 0.52914 0.11131
vt 0.53221 0.11853
vt 0.49774 0.55906
vt 0.52262 0.12105
vt 0.52781 0.12638
vt 0.52776 0.11807
vt 0.53062 0.12266
vt 0.53568 0.11157
vt 0.53571 0.12057
vt 0.53903 0.11705
vt 0.53382 0.12444
vt 0.53766 0.13468
vt 0.53889 0.13735
vt 0.53909 0.13533
vt 0.53329 0.13553
vt 0.53157 0.14006
vt 0.53359 0.14337
vt 0.53853 0.13842
vt 0.25854 0.13358
vt 0.2502 0.14394
vt 0.25286 0.144
vt 0.24947 0.14774
vt 0.25866 0.13969
vt 0.24216 0.15204
vt 0.24097 0.15424
vt 0.25238 0.1483
vt 0.25653 0.14568
vt 0.25331 0.15156
vt 0.24384 0.15857
vt 0.24309 0.15845
vt 0.24374 0.15898
vt 0.24351 0.1591
vt 0.24339 0.1594
vt 0.23337 0.16769
vt 0.2338 0.17031
vt 0.54373 0.12729
vt 0.53959 0.13778
vt 0.54455 0.14599
vt 0.54478 0.13136
vt 0.54527 0.12852
vt 0.48141 0.55404
vt 0.46843 0.53834
vt 0.49384 0.57097
vt 0.49361 0.56951
vt 0.53926 0.13896
vt 0.55133 0.14341
vt 0.55134 0.14341
vt 0.55134 0.14339
vt 0.55132 0.14335
vt 0.54705 0.15702
vt 0.46656 0.54197
vt 0.46038 0.53358
vt 0.46453 0.54028
vt 0.48642 0.56735
vt 0.48912 0.57594
vt 0.54368 0.15112
vt 0.25448 0.15749
vt 0.24758 0.16155
vt 0.24675 0.17212
vt 0.24832 0.17
vt 0.24688 0.17257
vt 0.24657 0.17282
vt 0.24586 0.16605
vt 0.24274 0.16678
vt 0.2391 0.17422
vt 0.23712 0.17077
vt 0.23114 0.17703
vt 0.23284 0.1801
vt 0.23632 0.17862
vt 0.23465 0.18621
vt 0.23574 0.17774
vt 0.23427 0.18036
vt 0.23143 0.18374
vt 0.23142 0.18897
vt 0.22444 0.19308
vt 0.55135 0.1434
vt 0.54906 0.16066
vt 0.55482 0.16281
vt 0.55633 0.16487
vt 0.55642 0.15956
vt 0.55828 0.14872
vt 0.47273 0.56136
vt 0.48644 0.57538
vt 0.47039 0.5603
vt 0.55227 0.17371
vt 0.55791 0.16407
vt 0.56331 0.16943
vt 0.56023 0.15416
vt 0.55781 0.17148
vt 0.47242 0.56603
vt 0.55995 0.18252
vt 0.56221 0.17649
vt 0.56194 0.18803
vt 0.5557 0.18013
vt 0.55949 0.18793
vt 0.4668 0.56414
vt 0.47563 0.57707
vt 0.24696 0.17277
vt 0.24667 0.17297
vt 0.24229 0.18424
vt 0.23492 0.18683
vt 0.23735 0.19034
vt 0.2323 0.19581
vt 0.23343 0.18989
vt 0.23328 0.1875
vt 0.23275 0.18879
vt 0.2339 0.18758
vt 0.22621 0.20014
vt 0.24067 0.1934
vt 0.23514 0.19977
vt 0.23486 0.19629
vt 0.24454 0.18252
vt 0.24267 0.18661
vt 0.22928 0.20137
vt 0.22425 0.20825
vt 0.22761 0.20634
vt 0.22034 0.21207
vt 0.21545 0.21861
vt 0.21535 0.2159
vt 0.566 0.17156
vt 0.5644 0.17553
vt 0.43736 0.54048
vt 0.56532 0.19305
vt 0.56927 0.18739
vt 0.56985 0.20737
vt 0.56447 0.19705
vt 0.46459 0.5686
vt 0.46966 0.5832
vt 0.56994 0.18192
vt 0.57147 0.18916
vt 0.56991 0.20734
vt 0.57601 0.19795
vt 0.46986 0.58363
vt 0.46986 0.58352
vt 0.46976 0.58342
vt 0.46961 0.58337
vt 0.57531 0.217
vt 0.57593 0.21126
vt 0.56997 0.20763
vt 0.44602 0.55618
vt 0.45559 0.57151
vt 0.46088 0.57977
vt 0.2386 0.19912
vt 0.2299 0.20878
vt 0.23445 0.20672
vt 0.22928 0.21231
vt 0.23879 0.20327
vt 0.22301 0.21249
vt 0.22431 0.21591
vt 0.23346 0.213
vt 0.23594 0.21139
vt 0.2335 0.2155
vt 0.225 0.21992
vt 0.21881 0.2197
vt 0.21791 0.22429
vt 0.21262 0.22618
vt 0.21286 0.22943
vt 0.22509 0.22314
vt 0.22031 0.22594
vt 0.21685 0.23445
vt 0.21541 0.22994
vt 0.21294 0.233
vt 0.21505 0.23682
vt 0.20777 0.24122
vt 0.20363 0.24588
vt 0.20017 0.25117
vt 0.20019 0.24864
vt 0.39231 0.50066
vt 0.38971 0.49949
vt 0.39423 0.50404
vt 0.57933 0.20538
vt 0.57764 0.21931
vt 0.58142 0.22538
vt 0.58152 0.21587
vt 0.58275 0.20885
vt 0.44714 0.56225
vt 0.43599 0.55272
vt 0.45586 0.57419
vt 0.46267 0.58576
vt 0.58473 0.22374
vt 0.58814 0.2266
vt 0.58605 0.21705
vt 0.46948 0.61141
vt 0.46852 0.60478
vt 0.4574 0.59283
vt 0.44504 0.57069
vt 0.43699 0.56539
vt 0.40898 0.52327
vt 0.41495 0.53387
vt 0.42144 0.53826
vt 0.43555 0.55637
vt 0.44531 0.5667
vt 0.4563 0.58302
vt 0.22688 0.2273
vt 0.22818 0.2276
vt 0.23526 0.21593
vt 0.23585 0.22062
vt 0.2341 0.22541
vt 0.22433 0.23845
vt 0.22627 0.23144
vt 0.22884 0.23417
vt 0.226 0.22969
vt 0.21899 0.23413
vt 0.2197 0.23771
vt 0.21551 0.23637
vt 0.21504 0.23717
vt 0.21578 0.2364
vt 0.21376 0.24451
vt 0.21591 0.24948
vt 0.21387 0.25191
vt 0.21398 0.24881
vt 0.21275 0.25286
vt 0.21492 0.24353
vt 0.21545 0.2438
vt 0.21421 0.24475
vt 0.21275 0.24641
vt 0.2051 0.2568
vt 0.19751 0.25602
vt 0.47375 0.76038
vt 0.45277 0.75667
vt 0.45863 0.76264
vt 0.47371 0.62227
vt 0.45149 0.59363
vt 0.45005 0.5913
vt 0.4184 0.54288
vt 0.42597 0.54998
vt 0.41258 0.54058
vt 0.42783 0.55608
vt 0.42285 0.55523
vt 0.44925 0.59076
vt 0.4393 0.58574
vt 0.4469 0.58882
vt 0.43119 0.57405
vt 0.42617 0.56557
vt 0.42455 0.56562
vt 0.41151 0.54243
vt 0.40557 0.53886
vt 0.45049 0.59242
vt 0.45132 0.59383
vt 0.4502 0.59228
vt 0.45773 0.611
vt 0.45337 0.60729
vt 0.46357 0.62099
vt 0.47213 0.62461
vt 0.46459 0.61917
vt 0.22976 0.23761
vt 0.22559 0.23962
vt 0.21522 0.25171
vt 0.21871 0.25295
vt 0.22275 0.24769
vt 0.2132 0.25321
vt 0.20307 0.26544
vt 0.21199 0.26013
vt 0.2034 0.26621
vt 0.22089 0.25731
vt 0.21614 0.26289
vt 0.21548 0.26066
vt 0.22757 0.24347
vt 0.223 0.25063
vt 0.20634 0.2712
vt 0.20646 0.27008
vt 0.20812 0.26947
vt 0.1932 0.27588
vt 0.20203 0.26721
vt 0.2019 0.26812
vt 0.19318 0.27693
vt 0.20503 0.27201
vt 0.20382 0.27475
vt 0.19678 0.27866
vt 0.1909 0.28557
vt 0.19361 0.28593
vt 0.18894 0.28873
vt 0.42963 0.57343
vt 0.40761 0.54786
vt 0.40544 0.5471
vt 0.41318 0.55689
vt 0.40767 0.55158
vt 0.4376 0.58936
vt 0.45283 0.61366
vt 0.76273 0.05887
vt 0.77647 0.05615
vt 0.76619 0.0545
vt 0.78969 0.05035
vt 0.60515 0.26682
vt 0.60633 0.27063
vt 0.60692 0.26872
vt 0.43136 0.58603
vt 0.81179 0.04286
vt 0.82854 0.03394
vt 0.80136 0.04025
vt 0.81707 0.04693
vt 0.82869 0.04302
vt 0.61222 0.29106
vt 0.61005 0.27778
vt 0.6092 0.28388
vt 0.74128 0.03025
vt 0.75884 0.039
vt 0.77392 0.03098
vt 0.40383 0.55195
vt 0.42447 0.57871
vt 0.42256 0.58051
vt 0.41549 0.57217
vt 0.41884 0.57731
vt 0.42201 0.58178
vt 0.2189 0.26279
vt 0.20947 0.27515
vt 0.21131 0.27239
vt 0.21098 0.27483
vt 0.21899 0.26727
vt 0.21679 0.27286
vt 0.21054 0.28237
vt 0.2089 0.27672
vt 0.20557 0.27857
vt 0.20058 0.28779
vt 0.19706 0.29142
vt 0.19838 0.28621
vt 0.1977 0.28262
vt 0.19731 0.28486
vt 0.19921 0.28291
vt 0.19089 0.29368
vt 0.18796 0.2971
vt 0.18822 0.29772
vt 0.20794 0.28626
vt 0.20004 0.29536
vt 0.19946 0.29197
vt 0.20886 0.28448
vt 0.19044 0.30324
vt 0.1904 0.30267
vt 0.19141 0.30224
vt 0.37343 0.51896
vt 0.18721 0.29837
vt 0.18688 0.29977
vt 0.37168 0.51937
vt 0.18415 0.31397
vt 0.18385 0.31433
vt 0.18376 0.31401
vt 0.18936 0.30381
vt 0.18333 0.31458
vt 0.18312 0.30816
vt 0.18077 0.30649
vt 0.18034 0.31143
vt 0.3703 0.5235
vt 0.37633 0.53387
vt 0.40604 0.56933
vt 0.40534 0.56886
vt 0.40548 0.56906
vt 0.46502 0.64441
vt 0.46681 0.64183
vt 0.44311 0.61645
vt 0.44029 0.61299
vt 0.45078 0.61852
vt 0.41222 0.57762
vt 0.41609 0.57448
vt 0.40471 0.56785
vt 0.41919 0.57878
vt 0.40534 0.56896
vt 0.40585 0.56987
vt 0.40478 0.56826
vt 0.44018 0.61362
vt 0.42651 0.60682
vt 0.45051 0.6349
vt 0.40773 0.58197
vt 0.42122 0.59888
vt 0.38201 0.54158
vt 0.38742 0.55274
vt 0.43977 0.61256
vt 0.43942 0.61239
vt 0.44054 0.61355
vt 0.44121 0.61467
vt 0.44028 0.61338
vt 0.20352 0.29518
vt 0.19384 0.30664
vt 0.19592 0.30375
vt 0.19677 0.30549
vt 0.20331 0.29907
vt 0.20167 0.30304
vt 0.19885 0.30687
vt 0.1924 0.30997
vt 0.18443 0.31429
vt 0.18873 0.31506
vt 0.18353 0.31525
vt 0.37706 0.53937
vt 0.3641 0.52451
vt 0.18255 0.32116
vt 0.18011 0.32238
vt 0.19196 0.31366
vt 0.18878 0.31819
vt 0.18725 0.32183
vt 0.18416 0.32251
vt 0.37425 0.54638
vt 0.37236 0.54755
vt 0.38028 0.55908
vt 0.18105 0.32361
vt 0.37423 0.54314
vt 0.37003 0.53996
vt 0.38374 0.55424
vt 0.39465 0.5648
vt 0.39381 0.56859
vt 0.41919 0.59864
vt 0.42187 0.60425
vt 0.39927 0.57955
vt 0.39149 0.56963
vt 0.37945 0.55239
vt 0.3874 0.56933
vt 0.38332 0.56616
vt 0.39567 0.57825
vt 0.40415 0.58731
vt 0.84816 0.51807
vt 0.84676 0.53067
vt 0.85134 0.54475
vt 0.84786 0.56973
vt 0.85157 0.5508
vt 0.8461 0.55487
vt 0.50212 0.02656
vt 0.5053 0.02768
vt 0.50405 0.01819
vt 0.4996 0.02002
vt 0.85508 0.49691
vt 0.85432 0.50354
vt 0.85615 0.49408
vt 0.85561 0.50344
vt 0.86214 0.50195
vt 0.86336 0.50584
vt 0.86338 0.49867
vt 0.86263 0.49368
vt 0.86406 0.48691
vt 0.86445 0.45372
vt 0.86087 0.4594
vt 0.85836 0.54577
vt 0.8583 0.53317
vt 0.85334 0.5488
vt 0.85669 0.56396
vt 0.85229 0.54913
vt 0.85317 0.53479
vt 0.85233 0.5519
vt 0.84968 0.57343
vt 0.85509 0.57414
vt 0.84737 0.57708
vt 0.86165 0.55149
vt 0.86111 0.53735
vt 0.86499 0.53143
vt 0.85694 0.57349
vt 0.86199 0.57758
vt 0.86313 0.56087
vt 0.86429 0.55187
vt 0.51417 0.03347
vt 0.51361 0.02885
vt 0.51333 0.03299
vt 0.51412 0.03426
vt 0.50605 0.01596
vt 0.50847 0.02602
vt 0.51132 0.0162
vt 0.50818 0.03244
vt 0.51372 0.03584
vt 0.51451 0.03408
vt 0.5149 0.03243
vt 0.52003 0.03114
vt 0.51851 0.0239
vt 0.5147 0.03644
vt 0.51311 0.01677
vt 0.51702 0.05484
vt 0.51917 0.04716
vt 0.87061 0.50096
vt 0.86964 0.49795
vt 0.86911 0.50511
vt 0.86942 0.48639
vt 0.87043 0.49438
vt 0.87104 0.48036
vt 0.86765 0.42224
vt 0.86839 0.42092
vt 0.86746 0.45883
vt 0.87206 0.4929
vt 0.87635 0.47662
vt 0.87641 0.49974
vt 0.87386 0.45006
vt 0.87743 0.44302
vt 0.87629 0.42223
vt 0.87311 0.43201
vt 0.87158 0.44745
vt 0.86834 0.54055
vt 0.52608 0.01985
vt 0.52085 0.01812
vt 0.52134 0.02407
vt 0.86532 0.56035
vt 0.86713 0.55143
vt 0.8706 0.53608
vt 0.87495 0.51469
vt 0.52681 0.02001
vt 0.52595 0.01874
vt 0.52856 0.02957
vt 0.52451 0.03167
vt 0.52043 0.03965
vt 0.52301 0.03821
vt 0.52547 0.04022
vt 0.52258 0.04708
vt 0.52069 0.06258
vt 0.52339 0.06429
vt 0.52538 0.05259
vt 0.52917 0.05057
vt 0.53128 0.05296
vt 0.52998 0.03704
vt 0.52949 0.036
vt 0.52758 0.06179
vt 0.53022 0.06779
vt 0.5302 0.06043
vt 0.52243 0.07058
vt 0.52357 0.07247
vt 0.52907 0.07196
vt 0.53115 0.07616
vt 0.52709 0.09181
vt 0.52911 0.09272
vt 0.87934 0.50469
vt 0.87881 0.4927
vt 0.87972 0.47017
vt 0.87949 0.4278
vt 0.88328 0.41853
vt 0.88156 0.46314
vt 0.88385 0.45924
vt 0.88789 0.45592
vt 0.88814 0.44114
vt 0.88642 0.42316
vt 0.88893 0.41994
vt 0.26088 0.13101
vt 0.26199 0.12802
vt 0.88521 0.39676
vt 0.09846 0.34639
vt 0.08531 0.35673
vt 0.07782 0.35496
vt 0.12085 0.34166
vt 0.10886 0.34
vt 0.13508 0.34317
vt 0.12147 0.35174
vt 0.16883 0.34225
vt 0.15179 0.35326
vt 0.14621 0.34402
vt 0.02399 0.84099
vt 0.0376 0.83667
vt 0.05386 0.84186
vt 0.02059 0.84295
vt 0.88082 0.47694
vt 0.88222 0.47293
vt 0.88167 0.50907
vt 0.88597 0.5105
vt 0.88614 0.48474
vt 0.88907 0.47766
vt 0.15166 0.3537
vt 0.15133 0.35345
vt 0.42902 0.90213
vt 0.42908 0.90262
vt 0.42907 0.90186
vt 0.88693 0.52064
vt 0.88811 0.50559
vt 0.43656 0.88037
vt 0.43559 0.87022
vt 0.42364 0.92711
vt 0.42759 0.93661
vt 0.42891 0.90317
vt 0.42932 0.93346
vt 0.53541 0.0515
vt 0.53604 0.06429
vt 0.5351 0.06554
vt 0.53622 0.06679
vt 0.53654 0.06506
vt 0.15295 0.35353
vt 0.15244 0.35373
vt 0.78745 0.79567
vt 0.79144 0.80395
vt 0.79202 0.78052
vt 0.43576 0.90638
vt 0.43474 0.91708
vt 0.43619 0.91395
vt 0.87738 0.60585
vt 0.88442 0.58269
vt 0.87969 0.57374
vt 0.53693 0.06674
vt 0.54352 0.07846
vt 0.54311 0.06718
vt 0.8847 0.58723
vt 0.88567 0.58013
vt 0.53377 0.08751
vt 0.53815 0.09455
vt 0.53997 0.09437
vt 0.54523 0.10605
vt 0.53913 0.10228
vt 0.54518 0.10624
vt 0.89323 0.43722
vt 0.89186 0.40135
vt 0.88676 0.39196
vt 0.26234 0.1356
vt 0.26105 0.13941
vt 0.8943 0.43117
vt 0.89387 0.39781
vt 0.89679 0.42423
vt 0.90045 0.42551
vt 0.89997 0.40762
vt 0.8992 0.402
vt 0.89994 0.40159
vt 0.25926 0.14717
vt 0.26196 0.14473
vt 0.26159 0.14604
vt 0.89372 0.48472
vt 0.89421 0.44052
vt 0.44397 0.88373
vt 0.43916 0.87896
vt 0.43809 0.90282
vt 0.43773 0.86532
vt 0.89451 0.49424
vt 0.89499 0.48232
vt 0.44414 0.85397
vt 0.8949 0.43875
vt 0.90056 0.45286
vt 0.9016 0.46905
vt 0.90174 0.44969
vt 0.89777 0.48973
vt 0.44822 0.88786
vt 0.44915 0.86379
vt 0.44066 0.91677
vt 0.55096 0.07694
vt 0.54518 0.06774
vt 0.54622 0.0788
vt 0.88682 0.58684
vt 0.89035 0.56871
vt 0.44332 0.91242
vt 0.8921 0.59251
vt 0.89598 0.58172
vt 0.89322 0.56767
vt 0.5551 0.08352
vt 0.55435 0.07684
vt 0.55079 0.09032
vt 0.54528 0.10604
vt 0.54531 0.10627
vt 0.55075 0.11532
vt 0.55112 0.09922
vt 0.54525 0.10617
vt 0.54524 0.10661
vt 0.30486 0.6981
vt 0.30492 0.69788
vt 0.30487 0.69782
vt 0.30348 0.71138
vt 0.30488 0.71217
vt 0.54996 0.11928
vt 0.55581 0.11058
vt 0.55749 0.11211
vt 0.55767 0.10493
vt 0.55337 0.09246
vt 0.55216 0.12175
vt 0.55134 0.14335
vt 0.55135 0.14338
vt 0.90527 0.40604
vt 0.25766 0.15309
vt 0.26338 0.1503
vt 0.90828 0.40903
vt 0.91296 0.42508
vt 0.91403 0.41631
vt 0.26146 0.16144
vt 0.26404 0.15315
vt 0.26492 0.15913
vt 0.24774 0.17189
vt 0.90403 0.45493
vt 0.90847 0.44885
vt 0.90709 0.41198
vt 0.90706 0.40718
vt 0.90671 0.40769
vt 0.25526 0.15771
vt 0.25343 0.15974
vt 0.25502 0.15895
vt 0.25688 0.16365
vt 0.25562 0.1676
vt 0.26331 0.15253
vt 0.90632 0.57573
vt 0.90644 0.57538
vt 0.90637 0.57526
vt 0.90646 0.57493
vt 0.90649 0.57522
vt 0.56516 0.09276
vt 0.56515 0.09266
vt 0.56511 0.09267
vt 0.5651 0.09289
vt 0.56499 0.09262
vt 0.55919 0.10938
vt 0.55555 0.12887
vt 0.56008 0.13138
vt 0.56201 0.13463
vt 0.56237 0.12477
vt 0.56398 0.11318
vt 0.55807 0.14125
vt 0.56015 0.14574
vt 0.56469 0.13195
vt 0.56901 0.13417
vt 0.56734 0.12398
vt 0.56606 0.15259
vt 0.56604 0.15266
vt 0.56606 0.15269
vt 0.56604 0.15272
vt 0.2651 0.16071
vt 0.26325 0.16236
vt 0.26044 0.17031
vt 0.25551 0.17174
vt 0.25342 0.17854
vt 0.25199 0.17433
vt 0.25087 0.18067
vt 0.25835 0.17822
vt 0.26075 0.17741
vt 0.25408 0.18496
vt 0.92012 0.41725
vt 0.9249 0.3978
vt 0.91927 0.40471
vt 0.92592 0.39649
vt 0.92425 0.39223
vt 0.25134 0.182
vt 0.24817 0.18491
vt 0.24853 0.19043
vt 0.57559 0.13728
vt 0.57224 0.15038
vt 0.56609 0.15271
vt 0.56607 0.15276
vt 0.57275 0.15844
vt 0.57436 0.15613
vt 0.57479 0.16618
vt 0.57026 0.16878
vt 0.57368 0.1743
vt 0.57611 0.13825
vt 0.58015 0.16271
vt 0.57939 0.16818
vt 0.58126 0.16586
vt 0.57646 0.17552
vt 0.57859 0.18268
vt 0.58071 0.18865
vt 0.58136 0.18318
vt 0.57575 0.18312
vt 0.57926 0.19344
vt 0.24954 0.19035
vt 0.24952 0.18996
vt 0.25946 0.18156
vt 0.25739 0.18799
vt 0.25667 0.18852
vt 0.24923 0.19716
vt 0.24759 0.199
vt 0.24811 0.19627
vt 0.24916 0.19062
vt 0.24774 0.19219
vt 0.24708 0.19937
vt 0.25449 0.19809
vt 0.24831 0.20509
vt 0.24794 0.19912
vt 0.25679 0.18939
vt 0.24733 0.19949
vt 0.23637 0.21279
vt 0.24548 0.20767
vt 0.58417 0.17642
vt 0.58476 0.19409
vt 0.58594 0.19636
vt 0.58597 0.19388
vt 0.58825 0.18106
vt 0.58215 0.19612
vt 0.58477 0.20587
vt 0.58666 0.19596
vt 0.59373 0.20363
vt 0.5902 0.18572
vt 0.58698 0.20071
vt 0.58793 0.21308
vt 0.58995 0.2154
vt 0.59269 0.20833
vt 0.59161 0.21952
vt 0.58974 0.22059
vt 0.25368 0.20273
vt 0.24599 0.20912
vt 0.2505 0.20882
vt 0.24484 0.21511
vt 0.25376 0.20646
vt 0.2432 0.21149
vt 0.23943 0.2191
vt 0.24936 0.21625
vt 0.25063 0.21514
vt 0.2496 0.2172
vt 0.24776 0.21855
vt 0.24091 0.22253
vt 0.23974 0.22587
vt 0.23607 0.22778
vt 0.59509 0.20466
vt 0.59455 0.20746
vt 0.48313 0.63265
vt 0.59603 0.22391
vt 0.5996 0.22005
vt 0.59975 0.23571
vt 0.59459 0.23052
vt 0.59163 0.23217
vt 0.59476 0.24015
vt 0.5991 0.23852
vt 0.60034 0.21595
vt 0.60176 0.22206
vt 0.60153 0.23705
vt 0.60632 0.23085
vt 0.60054 0.23957
vt 0.60347 0.24588
vt 0.60595 0.25094
vt 0.6063 0.24707
vt 0.60017 0.24459
vt 0.59811 0.25124
vt 0.60031 0.25633
vt 0.60528 0.25277
vt 0.24115 0.231
vt 0.24669 0.22781
vt 0.25005 0.22298
vt 0.25004 0.22524
vt 0.23534 0.23296
vt 0.24989 0.22564
vt 0.23969 0.24127
vt 0.24154 0.2333
vt 0.2428 0.23877
vt 0.24173 0.23114
vt 0.24095 0.23204
vt 0.24147 0.23186
vt 0.24045 0.23312
vt 0.23253 0.23817
vt 0.23197 0.24129
vt 0.23327 0.24476
vt 0.23135 0.25106
vt 0.22712 0.25013
vt 0.22759 0.25423
vt 0.61004 0.23878
vt 0.60698 0.25159
vt 0.61182 0.25882
vt 0.61186 0.24506
vt 0.61265 0.24139
vt 0.60663 0.25426
vt 0.61075 0.26402
vt 0.61762 0.25579
vt 0.61805 0.25616
vt 0.61776 0.25483
vt 0.61752 0.25948
vt 0.6144 0.26937
vt 0.61617 0.27259
vt 0.61462 0.27651
vt 0.24356 0.24066
vt 0.24097 0.24201
vt 0.2379 0.2509
vt 0.23134 0.25317
vt 0.23174 0.25844
vt 0.22761 0.26287
vt 0.22852 0.25892
vt 0.22945 0.25457
vt 0.22639 0.25784
vt 0.22504 0.26479
vt 0.2362 0.26012
vt 0.23054 0.26665
vt 0.22939 0.26323
vt 0.24133 0.24799
vt 0.23809 0.2538
vt 0.22457 0.26842
vt 0.21978 0.27505
vt 0.22236 0.2735
vt 0.21302 0.28146
vt 0.20976 0.28512
vt 0.20971 0.28423
vt 0.61889 0.25987
vt 0.61924 0.25686
vt 0.62276 0.27389
vt 0.62138 0.27478
vt 0.62276 0.27692
vt 0.61701 0.27989
vt 0.62159 0.28213
vt 0.62498 0.27592
vt 0.62973 0.27672
vt 0.6271 0.26708
vt 0.62772 0.28466
vt 0.44469 0.63514
vt 0.44022 0.6316
vt 0.44915 0.64449
vt 0.43367 0.61871
vt 0.45048 0.63968
vt 0.61532 0.29266
vt 0.61971 0.28994
vt 0.62127 0.29247
vt 0.61944 0.2974
vt 0.62408 0.29133
vt 0.45966 0.64366
vt 0.46001 0.64758
vt 0.23392 0.26577
vt 0.2246 0.27812
vt 0.22666 0.27503
vt 0.22682 0.27729
vt 0.22282 0.277
vt 0.21974 0.27701
vt 0.23412 0.27052
vt 0.23248 0.27501
vt 0.2268 0.28345
vt 0.22211 0.28062
vt 0.22386 0.28011
vt 0.21519 0.29147
vt 0.21248 0.29425
vt 0.21322 0.29189
vt 0.21486 0.28568
vt 0.20818 0.29258
vt 0.20882 0.29676
vt 0.22151 0.29116
vt 0.21659 0.29693
vt 0.21506 0.29494
vt 0.22379 0.287
vt 0.20629 0.30582
vt 0.20595 0.30487
vt 0.20892 0.30316
vt 0.20459 0.30503
vt 0.20425 0.31106
vt 0.20096 0.31482
vt 0.19923 0.31338
vt 0.20404 0.30697
vt 0.19494 0.31925
vt 0.19677 0.31254
vt 0.1919 0.31797
vt 0.19022 0.32201
vt 0.63188 0.28351
vt 0.63318 0.27622
vt 0.4319 0.63298
vt 0.44375 0.64428
vt 0.43041 0.6266
vt 0.41557 0.61093
vt 0.45784 0.66
vt 0.42138 0.61098
vt 0.40858 0.59949
vt 0.39375 0.5921
vt 0.41341 0.61977
vt 0.39549 0.58991
vt 0.38691 0.57995
vt 0.4139 0.62036
vt 0.17042 0.99653
vt 0.17056 0.99667
vt 0.17051 0.99656
vt 0.41379 0.62031
vt 0.41373 0.6202
vt 0.38762 0.5733
vt 0.38265 0.56926
vt 0.39792 0.5876
vt 0.40488 0.59892
vt 0.21822 0.29669
vt 0.21579 0.29901
vt 0.21787 0.30282
vt 0.21041 0.30605
vt 0.20788 0.31183
vt 0.21761 0.3034
vt 0.38641 0.58741
vt 0.38135 0.58081
vt 0.38561 0.59133
vt 0.36727 0.56596
vt 0.36669 0.55741
vt 0.3823 0.57612
vt 0.38112 0.57156
vt 0.37679 0.56274
vt 0.37446 0.56373
vt 0.37343 0.57608
vt 0.38504 0.59361
vt 0.38746 0.59675
vt 0.39615 0.60279
vt 0.41372 0.62023
vt 0.41375 0.6203
vt 0.41324 0.61977
vt 0.17 0.99616
vt 0.17039 0.99652
vt 0.17037 0.99648
vt 0.393 0.60112
vt 0.87745 0.51436
vt 0.86986 0.54625
vt 0.8757 0.55013
vt 0.87055 0.56045
vt 0.87693 0.55056
vt 0.88204 0.55647
vt 0.88214 0.54419
vt 0.8811 0.52654
vt 0.53322 0.01933
vt 0.53454 0.02048
vt 0.53493 0.01724
vt 0.53155 0.01437
vt 0.87653 0.5466
vt 0.87646 0.55015
vt 0.87687 0.55207
vt 0.52778 0.01954
vt 0.5334 0.02336
vt 0.53455 0.02501
vt 0.52997 0.03584
vt 0.53019 0.03608
vt 0.8848 0.5279
vt 0.88833 0.5575
vt 0.88844 0.55726
vt 0.88839 0.55618
vt 0.88751 0.52557
vt 0.54203 0.0189
vt 0.53986 0.01711
vt 0.54038 0.02094
vt 0.88492 0.56346
vt 0.88823 0.55807
vt 0.8798 0.5638
vt 0.26983 0.1193
vt 0.2665 0.11911
vt 0.26896 0.11565
vt 0.8831 0.50998
vt 0.22033 0.9508
vt 0.21904 0.95199
vt 0.22313 0.95572
vt 0.22069 0.95598
vt 0.2323 0.96102
vt 0.2159 0.95072
vt 0.8924 0.53985
vt 0.89434 0.53138
vt 0.89411 0.53121
vt 0.8894 0.5147
vt 0.27596 0.12063
vt 0.27971 0.12225
vt 0.27324 0.12593
vt 0.5466 0.01693
vt 0.54296 0.01505
vt 0.2154 0.95616
vt 0.21304 0.95331
vt 0.21314 0.95482
vt 0.27442 0.11806
vt 0.27616 0.11861
vt 0.27301 0.12244
vt 0.27141 0.12125
vt 0.271 0.12488
vt 0.2105 0.94782
vt 0.20616 0.9462
vt 0.21101 0.94555
vt 0.5417 0.02441
vt 0.54004 0.02624
vt 0.54164 0.02851
vt 0.53051 0.03715
vt 0.22675 0.96673
vt 0.22821 0.9668
vt 0.53102 0.03561
vt 0.54472 0.02701
vt 0.22455 0.96769
vt 0.89443 0.53131
vt 0.89981 0.52841
vt 0.89935 0.5137
vt 0.27396 0.13123
vt 0.27985 0.12246
vt 0.2792 0.12834
vt 0.27409 0.13559
vt 0.27334 0.13238
vt 0.27467 0.12842
vt 0.5543 0.02694
vt 0.55382 0.02608
vt 0.55411 0.02783
vt 0.21231 0.95517
vt 0.20457 0.95035
vt 0.20848 0.95657
vt 0.20289 0.9513
vt 0.27729 0.13738
vt 0.27055 0.14692
vt 0.27348 0.13957
vt 0.90355 0.51519
vt 0.27758 0.13532
vt 0.27321 0.13574
vt 0.55479 0.02766
vt 0.27055 0.14414
vt 0.90544 0.48768
vt 0.90115 0.49445
vt 0.90202 0.49927
vt 0.89952 0.50406
vt 0.20239 0.95182
vt 0.2139 0.96197
vt 0.2161 0.96403
vt 0.55065 0.03299
vt 0.55297 0.03728
vt 0.5515 0.04027
vt 0.21107 0.96072
vt 0.213 0.96272
vt 0.44264 0.92004
vt 0.43998 0.92843
vt 0.44437 0.91668
vt 0.89301 0.56032
vt 0.89474 0.55696
vt 0.55816 0.04479
vt 0.20823 0.96246
vt 0.55354 0.04375
vt 0.44915 0.90034
vt 0.45264 0.89296
vt 0.45151 0.87534
vt 0.4485 0.91791
vt 0.89953 0.57319
vt 0.9029 0.5469
vt 0.89887 0.55819
vt 0.55724 0.09292
vt 0.55902 0.09558
vt 0.55799 0.08796
vt 0.91462 0.42487
vt 0.90811 0.50918
vt 0.9104 0.50801
vt 0.91035 0.50272
vt 0.90889 0.49968
vt 0.27149 0.14842
vt 0.2692 0.1502
vt 0.26888 0.15122
vt 0.12777 0.36885
vt 0.13678 0.36031
vt 0.13289 0.36986
vt 0.90908 0.48457
vt 0.91266 0.47326
vt 0.91214 0.46295
vt 0.90747 0.47887
vt 0.45507 0.84741
vt 0.45829 0.86498
vt 0.4571 0.8386
vt 0.45871 0.84429
vt 0.45165 0.85899
vt 0.45817 0.867
vt 0.86428 0.30702
vt 0.87188 0.30568
vt 0.84926 0.29007
vt 0.91093 0.50634
vt 0.91449 0.46114
vt 0.91446 0.47775
vt 0.12245 0.38462
vt 0.11344 0.38864
vt 0.12301 0.37675
vt 0.13442 0.38599
vt 0.1234 0.39127
vt 0.09305 0.40059
vt 0.91787 0.4612
vt 0.84514 0.30578
vt 0.82525 0.293
vt 0.80737 0.31308
vt 0.56535 0.04936
vt 0.55997 0.04801
vt 0.56525 0.06037
vt 0.56294 0.06569
vt 0.56584 0.0774
vt 0.56753 0.0799
vt 0.5671 0.07502
vt 0.45467 0.89647
vt 0.45253 0.90663
vt 0.56379 0.07026
vt 0.45823 0.86836
vt 0.45895 0.89755
vt 0.56527 0.09191
vt 0.56981 0.06469
vt 0.56875 0.07976
vt 0.56952 0.07437
vt 0.57079 0.06982
vt 0.57198 0.07648
vt 0.91148 0.57103
vt 0.91264 0.57306
vt 0.91309 0.56594
vt 0.91559 0.54108
vt 0.91209 0.54124
vt 0.90672 0.57342
vt 0.56536 0.09269
vt 0.32305 0.68914
vt 0.32306 0.6892
vt 0.32325 0.68916
vt 0.56291 0.10627
vt 0.56676 0.10564
vt 0.57126 0.10698
vt 0.57376 0.10952
vt 0.57364 0.10697
vt 0.5696 0.09907
vt 0.57112 0.09456
vt 0.56981 0.09234
vt 0.57329 0.11273
vt 0.56831 0.10542
vt 0.56847 0.11132
vt 0.57017 0.12461
vt 0.91551 0.41776
vt 0.91797 0.46452
vt 0.91821 0.46253
vt 0.91824 0.46474
vt 0.0854 0.40319
vt 0.08583 0.40392
vt 0.9191 0.46094
vt 0.10531 0.40441
vt 0.91946 0.48352
vt 0.13368 0.39174
vt 0.12408 0.40354
vt 0.9182 0.45978
vt 0.92294 0.45483
vt 0.92246 0.43955
vt 0.92075 0.5001
vt 0.91992 0.502
vt 0.92165 0.49765
vt 0.92731 0.49275
vt 0.92724 0.47505
vt 0.92528 0.45806
vt 0.92845 0.45253
vt 0.92858 0.43052
vt 0.92447 0.44222
vt 0.91812 0.53687
vt 0.91998 0.50719
vt 0.91613 0.52602
vt 0.91893 0.56779
vt 0.91788 0.5641
vt 0.91792 0.56955
vt 0.91939 0.55797
vt 0.92149 0.53318
vt 0.92099 0.50296
vt 0.92642 0.54645
vt 0.92593 0.51574
vt 0.92838 0.51088
vt 0.92402 0.55576
vt 0.92479 0.57876
vt 0.92678 0.54989
vt 0.92716 0.54624
vt 0.57638 0.09953
vt 0.91867 0.57451
vt 0.57529 0.10884
vt 0.57918 0.11166
vt 0.57741 0.10206
vt 0.57496 0.11346
vt 0.5757 0.13506
vt 0.57638 0.13533
vt 0.57895 0.12161
vt 0.58415 0.11932
vt 0.58486 0.11187
vt 0.92579 0.58003
vt 0.92561 0.58103
vt 0.92584 0.5808
vt 0.58177 0.13305
vt 0.5841 0.13645
vt 0.58461 0.12637
vt 0.58542 0.12098
vt 0.57611 0.13687
vt 0.57643 0.13738
vt 0.58296 0.13992
vt 0.58461 0.14405
vt 0.58114 0.16079
vt 0.58267 0.16186
vt 0.93329 0.47167
vt 0.93109 0.40586
vt 0.93147 0.39492
vt 0.92819 0.39387
vt 0.9325 0.40112
vt 0.93097 0.43625
vt 0.93417 0.46961
vt 0.93463 0.42876
vt 0.93519 0.46675
vt 0.9401 0.46523
vt 0.93971 0.44579
vt 0.93826 0.43397
vt 0.94019 0.43045
vt 0.93212 0.39256
vt 0.93935 0.40021
vt 0.93724 0.38921
vt 0.93688 0.40805
vt 0.93394 0.51853
vt 0.93405 0.47333
vt 0.93304 0.55161
vt 0.92762 0.54952
vt 0.92608 0.57951
vt 0.93409 0.52127
vt 0.93429 0.51769
vt 0.93443 0.47265
vt 0.93968 0.48631
vt 0.94041 0.51038
vt 0.9411 0.48208
vt 0.9359 0.52053
vt 0.93782 0.56028
vt 0.93908 0.52918
vt 0.92681 0.58124
vt 0.5918 0.13733
vt 0.5873 0.12627
vt 0.58974 0.13798
vt 0.58893 0.12307
vt 0.93241 0.57887
vt 0.59789 0.13992
vt 0.59207 0.1268
vt 0.59861 0.15144
vt 0.59867 0.14649
vt 0.59742 0.14897
vt 0.59166 0.14244
vt 0.58977 0.1466
vt 0.59122 0.16286
vt 0.59303 0.16595
vt 0.59312 0.1604
vt 0.58741 0.1573
vt 0.587 0.16581
vt 0.59139 0.17323
vt 0.59559 0.16428
vt 0.59773 0.15389
vt 0.59886 0.15262
vt 0.59666 0.18224
vt 0.59681 0.18241
vt 0.59688 0.18153
vt 0.5991 0.16603
vt 0.59629 0.18257
vt 0.59671 0.18269
vt 0.59684 0.18302
vt 0.59639 0.1854
vt 0.94315 0.44322
vt 0.94058 0.38224
vt 0.94337 0.41038
vt 0.9453 0.40766
vt 0.94357 0.38979
vt 0.94539 0.43513
vt 0.95053 0.41747
vt 0.95104 0.41745
vt 0.95097 0.41527
vt 0.95089 0.41458
vt 0.95098 0.41448
vt 0.95059 0.40777
vt 0.94805 0.37975
vt 0.94886 0.37586
vt 0.94599 0.49068
vt 0.94507 0.44916
vt 0.9413 0.55216
vt 0.94548 0.53028
vt 0.94183 0.52717
vt 0.94479 0.49918
vt 0.94614 0.49313
vt 0.94632 0.48985
vt 0.94638 0.44637
vt 0.9511 0.45839
vt 0.95255 0.47789
vt 0.9531 0.45245
vt 0.94698 0.49224
vt 0.94797 0.5362
vt 0.94925 0.51598
vt 0.94496 0.55179
vt 0.59917 0.15169
vt 0.94364 0.59706
vt 0.94063 0.59645
vt 0.94339 0.60427
vt 0.94452 0.60088
vt 0.94429 0.60602
vt 0.60025 0.1544
vt 0.6045 0.17832
vt 0.60217 0.17553
vt 0.603 0.1812
vt 0.60272 0.16404
vt 0.94298 0.61299
vt 0.60829 0.17413
vt 0.60501 0.16688
vt 0.61096 0.19113
vt 0.61112 0.18878
vt 0.6094 0.1884
vt 0.60403 0.18362
vt 0.60286 0.18603
vt 0.6048 0.19562
vt 0.60048 0.20024
vt 0.6048 0.20715
vt 0.60968 0.21591
vt 0.61186 0.21818
vt 0.61142 0.20048
vt 0.61164 0.22051
vt 0.60636 0.20766
vt 0.60598 0.21277
vt 0.61087 0.22295
vt 0.95132 0.41502
vt 0.25027 0.22497
vt 0.25021 0.2252
vt 0.25472 0.21426
vt 0.95596 0.39177
vt 0.95585 0.38885
vt 0.95571 0.38912
vt 0.25047 0.22599
vt 0.25078 0.22475
vt 0.95687 0.4598
vt 0.95898 0.45761
vt 0.95856 0.44447
vt 0.95867 0.41739
vt 0.95643 0.42316
vt 0.9643 0.42792
vt 0.96518 0.43556
vt 0.96541 0.42487
vt 0.96207 0.44408
vt 0.96244 0.3941
vt 0.25239 0.2305
vt 0.25175 0.23291
vt 0.24775 0.23487
vt 0.61256 0.18942
vt 0.61149 0.19127
vt 0.61392 0.2155
vt 0.6175 0.21529
vt 0.61697 0.20726
vt 0.61243 0.22097
vt 0.61216 0.22316
vt 0.61655 0.23455
vt 0.6205 0.22744
vt 0.6235 0.231
vt 0.62338 0.21852
vt 0.61777 0.19842
vt 0.61911 0.20943
vt 0.61748 0.22942
vt 0.61923 0.23614
vt 0.61831 0.25471
vt 0.62232 0.2417
vt 0.25626 0.2305
vt 0.25144 0.2382
vt 0.96764 0.42969
vt 0.97151 0.42748
vt 0.97099 0.41867
vt 0.25559 0.23763
vt 0.249 0.24502
vt 0.24762 0.24111
vt 0.24665 0.24625
vt 0.25006 0.24697
vt 0.25394 0.24692
vt 0.24635 0.25527
vt 0.97346 0.42029
vt 0.97725 0.4164
vt 0.97384 0.39935
vt 0.24707 0.24848
vt 0.24316 0.25215
vt 0.24379 0.25715
vt 0.62783 0.22716
vt 0.62571 0.24256
vt 0.62871 0.24719
vt 0.62902 0.23222
vt 0.62948 0.22844
vt 0.62505 0.26237
vt 0.62472 0.25466
vt 0.62665 0.25831
vt 0.63374 0.24411
vt 0.6355 0.24664
vt 0.63542 0.23995
vt 0.63171 0.2338
vt 0.63141 0.25721
vt 0.63122 0.26779
vt 0.63377 0.26068
vt 0.24504 0.25698
vt 0.24509 0.25645
vt 0.24636 0.25676
vt 0.24441 0.25849
vt 0.25199 0.25366
vt 0.24935 0.25843
vt 0.25187 0.2568
vt 0.24464 0.25728
vt 0.24353 0.25849
vt 0.24265 0.26581
vt 0.2384 0.26889
vt 0.24647 0.26698
vt 0.24884 0.26482
vt 0.24619 0.26952
vt 0.23963 0.27451
vt 0.23738 0.27551
vt 0.23664 0.27715
vt 0.23575 0.27767
vt 0.23238 0.28078
vt 0.22576 0.28835
vt 0.22521 0.28679
vt 0.63905 0.24478
vt 0.63769 0.26035
vt 0.64112 0.26515
vt 0.64108 0.24939
vt 0.64147 0.24644
vt 0.63673 0.27836
vt 0.63654 0.26978
vt 0.63966 0.27244
vt 0.64406 0.26342
vt 0.64709 0.26797
vt 0.64695 0.25475
vt 0.64251 0.24921
vt 0.64279 0.27132
vt 0.43407 0.65048
vt 0.41384 0.62041
vt 0.42033 0.63768
vt 0.41397 0.62052
vt 0.44016 0.65331
vt 0.44059 0.64852
vt 0.24501 0.27599
vt 0.24053 0.27846
vt 0.23666 0.27809
vt 0.23581 0.27828
vt 0.23355 0.28626
vt 0.23751 0.28592
vt 0.23494 0.28938
vt 0.22684 0.29752
vt 0.22878 0.29194
vt 0.22964 0.28904
vt 0.22615 0.29257
vt 0.21846 0.30267
vt 0.218 0.30316
vt 0.21844 0.30301
vt 0.24077 0.28329
vt 0.23719 0.28774
vt 0.11098 0.56068
vt 0.11209 0.55662
vt 0.11791 0.55738
vt 0.14692 0.55636
vt 0.14141 0.56614
vt 0.22554 0.29965
vt 0.22825 0.29768
vt 0.2266 0.301
vt 0.14279 0.5702
vt 0.13118 0.57033
vt 0.12867 0.58434
vt 0.17467 0.58117
vt 0.16656 0.57785
vt 0.17687 0.57892
vt 0.37248 0.58507
vt 0.37435 0.58694
vt 0.37149 0.58244
vt 0.36643 0.56651
vt 0.36388 0.5611
vt 0.21786 0.3034
vt 0.34798 0.54514
vt 0.37644 0.58707
vt 0.17682 0.56447
vt 0.15599 0.56668
vt 0.16582 0.56047
vt 0.20284 0.56602
vt 0.21847 0.30778
vt 0.20962 0.56471
vt 0.20766 0.56905
vt 0.38995 0.60878
vt 0.3885 0.61236
vt 0.39711 0.62299
vt 0.38765 0.5994
vt 0.65283 0.26122
vt 0.65278 0.26126
vt 0.6528 0.26131
vt 0.65277 0.26143
vt 0.64836 0.27435
vt 0.64628 0.27544
vt 0.41389 0.64106
vt 0.41586 0.63528
vt 0.40298 0.62207
vt 0.39902 0.60848
vt 0.39621 0.61199
vt 0.39982 0.61967
vt 0.41288 0.62953
vt 0.4138 0.641
vt 0.8884 0.55785
vt 0.88847 0.55771
vt 0.88841 0.5582
vt 0.89553 0.54519
vt 0.89421 0.54666
vt 0.89462 0.55195
vt 0.89213 0.55693
vt 0.54895 0.01877
vt 0.54826 0.02726
vt 0.8991 0.54262
vt 0.90058 0.53927
vt 0.5496 0.01879
vt 0.89972 0.55126
vt 0.90623 0.52478
vt 0.90514 0.51138
vt 0.90471 0.52968
vt 0.9052 0.5346
vt 0.90023 0.55011
vt 0.55949 0.03535
vt 0.55932 0.04622
vt 0.91014 0.51223
vt 0.91062 0.51093
vt 0.14235 0.35169
vt 0.13322 0.35505
vt 0.91029 0.51553
vt 0.56251 0.04168
vt 0.12336 0.36999
vt 0.11942 0.37261
vt 0.94048 0.52258
vt 0.93999 0.52366
vt 0.94013 0.52593
vt 0.93196 0.58507
vt 0.92879 0.59293
vt 0.93246 0.58401
vt 0.59182 0.12468
vt 0.93197 0.5887
vt 0.93853 0.56401
vt 0.93924 0.56338
vt 0.93898 0.55995
vt 0.93779 0.58844
vt 0.9379 0.59017
vt 0.93823 0.58765
vt 0.93717 0.59157
vt 0.59858 0.14059
vt 0.95327 0.49586
vt 0.95204 0.49787
vt 0.95253 0.50764
vt 0.94345 0.57202
vt 0.94589 0.57106
vt 0.93717 0.60442
vt 0.95008 0.55528
vt 0.95415 0.55791
vt 0.95194 0.53504
vt 0.94944 0.57402
vt 0.95095 0.60493
vt 0.95398 0.56809
vt 0.60443 0.16271
vt 0.94125 0.63318
vt 0.9378 0.62085
vt 0.94405 0.63439
vt 0.60721 0.16336
vt 0.95096 0.63531
vt 0.95323 0.63643
vt 0.95337 0.63296
vt 0.95203 0.61848
vt 0.61537 0.1699
vt 0.61635 0.16684
vt 0.61404 0.16546
vt 0.95079 0.61018
vt 0.94746 0.63016
vt 0.94714 0.63896
vt 0.61253 0.17502
vt 0.61056 0.16723
vt 0.95862 0.46487
vt 0.95951 0.4634
vt 0.95856 0.51058
vt 0.95809 0.51428
vt 0.95883 0.51394
vt 0.95907 0.50906
vt 0.96606 0.50913
vt 0.96616 0.50932
vt 0.96616 0.50881
vt 0.96611 0.50837
vt 0.96623 0.50777
vt 0.96763 0.4653
vt 0.96435 0.47106
vt 0.96169 0.55655
vt 0.96165 0.54834
vt 0.95831 0.56042
vt 0.95962 0.59275
vt 0.95563 0.5617
vt 0.95768 0.52825
vt 0.95569 0.57268
vt 0.95201 0.60734
vt 0.95823 0.60712
vt 0.96366 0.56544
vt 0.96323 0.5507
vt 0.96789 0.5415
vt 0.95933 0.60746
vt 0.9651 0.61754
vt 0.96541 0.5856
vt 0.96704 0.56703
vt 0.95667 0.61871
vt 0.955 0.63542
vt 0.61801 0.16647
vt 0.61815 0.17078
vt 0.95878 0.61238
vt 0.61604 0.17956
vt 0.61964 0.17973
vt 0.62109 0.1743
vt 0.95909 0.63504
vt 0.96381 0.6392
vt 0.96468 0.62094
vt 0.96529 0.62037
vt 0.627 0.17299
vt 0.62198 0.16699
vt 0.62255 0.18004
vt 0.62617 0.18625
vt 0.62719 0.17509
vt 0.62754 0.1737
vt 0.61802 0.18631
vt 0.61947 0.18859
vt 0.62452 0.19065
vt 0.62681 0.19611
vt 0.62301 0.20676
vt 0.62609 0.20948
vt 0.96693 0.50866
vt 0.97091 0.44262
vt 0.97311 0.43916
vt 0.97087 0.4729
vt 0.9734 0.50326
vt 0.97423 0.46477
vt 0.97531 0.49971
vt 0.98018 0.50187
vt 0.97977 0.48185
vt 0.97817 0.46876
vt 0.98024 0.4655
vt 0.97967 0.43669
vt 0.97682 0.44444
vt 0.97177 0.54783
vt 0.97296 0.51236
vt 0.97255 0.5915
vt 0.96835 0.58404
vt 0.96597 0.61643
vt 0.97282 0.56281
vt 0.97388 0.5446
vt 0.97392 0.50988
vt 0.97959 0.52338
vt 0.9802 0.55409
vt 0.98116 0.51986
vt 0.97901 0.55944
vt 0.97863 0.59169
vt 0.97941 0.56418
vt 0.96713 0.61975
vt 0.63346 0.18696
vt 0.62853 0.17616
vt 0.63138 0.18783
vt 0.62922 0.17415
vt 0.97202 0.61283
vt 0.64059 0.18566
vt 0.63408 0.17778
vt 0.63957 0.20166
vt 0.6407 0.18615
vt 0.63545 0.19255
vt 0.63309 0.19115
vt 0.63144 0.1956
vt 0.63394 0.20329
vt 0.62934 0.20676
vt 0.62916 0.22211
vt 0.63174 0.22273
vt 0.63564 0.21406
vt 0.64053 0.22212
vt 0.63399 0.21402
vt 0.63503 0.21925
vt 0.64012 0.22571
vt 0.98747 0.49627
vt 0.98588 0.48061
vt 0.98488 0.49195
vt 0.98579 0.47299
vt 0.98646 0.47749
vt 0.98663 0.47179
vt 0.98104 0.41357
vt 0.98325 0.44589
vt 0.98553 0.44042
vt 0.98333 0.42119
vt 0.9874 0.47678
vt 0.99134 0.45352
vt 0.99294 0.48262
vt 0.25469 0.26269
vt 0.25579 0.26273
vt 0.25404 0.2644
vt 0.25107 0.26588
vt 0.25433 0.25715
vt 0.99043 0.44564
vt 0.98293 0.52512
vt 0.98799 0.51102
vt 0.98898 0.50654
vt 0.64303 0.20427
vt 0.64507 0.19037
vt 0.64078 0.18592
vt 0.64478 0.20498
vt 0.6512 0.2047
vt 0.65068 0.22303
vt 0.65181 0.2075
vt 0.64617 0.21032
vt 0.64468 0.20918
vt 0.64221 0.21863
vt 0.6456 0.22238
vt 0.64115 0.22477
vt 0.64113 0.2345
vt 0.64365 0.24088
vt 0.64727 0.23271
vt 0.65138 0.23688
vt 0.64582 0.23278
vt 0.64669 0.23842
vt 0.65 0.24587
vt 0.14086 0.50123
vt 0.1298 0.5098
vt 0.13082 0.49937
vt 0.25381 0.26597
vt 0.25131 0.26876
vt 0.12136 0.52606
vt 0.10533 0.52079
vt 0.1503 0.51013
vt 0.16009 0.51317
vt 0.14883 0.51975
vt 0.12969 0.53997
vt 0.16343 0.52077
vt 0.20095 0.50919
vt 0.2468 0.2767
vt 0.10266 0.53924
vt 0.13459 0.54362
vt 0.12284 0.54792
vt 0.14138 0.539
vt 0.17614 0.52952
vt 0.17189 0.54058
vt 0.18651 0.53036
vt 0.24104 0.28584
vt 0.16366 0.54963
vt 0.65552 0.22644
vt 0.65667 0.21072
vt 0.65294 0.2072
vt 0.6565 0.22424
vt 0.20221 0.54976
vt 0.20219 0.54388
vt 0.212 0.54342
vt 0.21105 0.52353
vt 0.20461 0.50912
vt 0.18392 0.54868
vt 0.23463 0.53381
vt 0.21898 0.52475
vt 0.24057 0.52854
vt 0.23932 0.53378
vt 0.22945 0.54353
vt 0.21628 0.55171
vt 0.18615 0.55703
vt 0.20524 0.56038
vt 0.2222 0.55402
vt 0.22546 0.56536
vt 0.65629 0.22828
vt 0.65527 0.23151
vt 0.65648 0.23363
vt 0.65333 0.24334
vt 0.65604 0.24746
vt 0.65688 0.22877
vt 0.24218 0.53806
vt 0.24227 0.53231
vt 0.24768 0.56558
vt 0.24259 0.55265
vt 0.98075 0.56046
vt 0.97995 0.56085
vt 0.98015 0.56333
vt 0.97128 0.62015
vt 0.9662 0.63451
vt 0.97214 0.61878
vt 0.97134 0.62526
vt 0.64054 0.17647
vt 0.64103 0.17651
vt 0.6408 0.17449
vt 0.9797 0.58955
vt 0.97921 0.59285
vt 0.97801 0.61781
vt 0.64072 0.18574
vt 0.6408 0.18542
vt 0.64069 0.18553
vt 0.99333 0.5016
vt 0.98888 0.59573
vt 0.98785 0.58828
vt 0.98771 0.59347
vt 0.98718 0.57046
vt 0.98897 0.58098
vt 0.98572 0.58313
vt 0.99014 0.55434
vt 0.98569 0.54684
vt 0.98983 0.54639
vt 0.98569 0.56165
vt 0.98339 0.57743
vt 0.99015 0.58289
vt 0.23464 0.45702
vt 0.23111 0.4654
vt 0.22387 0.46526
vt 0.19687 0.47923
vt 0.22235 0.47818
vt 0.20561 0.48653
vt 0.18602 0.48161
vt 0.15811 0.49697
vt 0.14792 0.49134
vt 0.99071 0.54134
vt 0.99047 0.54768
vt 0.98998 0.55048
vt 0.99062 0.55257
vt 0.64564 0.15999
vt 0.64719 0.16376
vt 0.64773 0.15656
vt 0.64889 0.15585
vt 0.64873 0.16039
vt 0.64996 0.1723
vt 0.64468 0.18286
vt 0.64518 0.1715
vt 0.6486 0.18256
vt 0.65089 0.16259
vt 0.65269 0.17044
vt 0.65121 0.17841
vt 0.65466 0.18582
vt 0.64966 0.17749
vt 0.65088 0.18215
vt 0.65135 0.19446
vt 0.65201 0.20493
vt 0.65373 0.19653
vt 0.2204 0.48521
vt 0.23059 0.47403
vt 0.20408 0.50817
vt 0.18161 0.49671
vt 0.20427 0.50859
vt 0.20504 0.50828
vt 0.20412 0.50894
vt 0.20464 0.50868
vt 0.2298 0.49077
vt 0.65563 0.19471
vt 0.65487 0.18934
vt 0.23027 0.49439
vt 0.20864 0.50645
vt 0.2052 0.5086
vt 0.22753 0.501
vt 0.22871 0.51776
vt 0.21842 0.51782
vt 0.01984 0.17847
vt 0.01419 0.18681
vt 0.00677 0.19674
vt 0.01514 0.18813
vt 0.11688 0.65982
vt 0.34101 0.27147
vt 0.81993 0.07272
vt 0.32518 0.85044
vt 0.32568 0.84961
vt 0.32376 0.84518
vt 0.02653 0.16863
vt 0.60764 0.39196
vt 0.60514 0.39
vt 0.41054 0.71691
vt 0.41229 0.71355
vt 0.39212 0.70887
vt 0.91846 0.06306
vt 0.83593 0.78052
vt 0.83183 0.79712
vt 0.82245 0.78524
vt 0.86683 0.7924
vt 0.86171 0.79496
vt 0.85745 0.78052
vt 0.03092 0.16809
vt 0.0512 0.96825
vt 0.03607 0.97626
vt 0.04609 0.9769
vt 0.90709 0.78903
vt 0.89245 0.79833
vt 0.90053 0.78052
vt 0.93125 0.79833
vt 0.92745 0.79716
vt 0.93932 0.78052
vt 0.43816 0.6877
vt 0.8778 0.04373
vt 0.14357 0.62086
vt 0.13019 0.6349
vt 0.93587 0.04893
vt 0.95731 0.04257
vt 0.94909 0.04415
vt 0.67903 0.50655
vt 0.67333 0.47372
vt 0.34212 0.26565
vt 0.05072 0.15772
vt 0.87241 0.1036
vt 0.89955 0.11618
vt 0.97798 0.78476
vt 0.96245 0.79496
vt 0.96836 0.78052
vt 0.04099 0.16292
vt 0.05176 0.15566
vt 0.04461 0.16084
vt 0.91952 0.07512
vt 0.53347 0.81929
vt 0.50745 0.83008
vt 0.53292 0.81682
vt 0.54245 0.83008
vt 0.5502 0.81992
vt 0.56792 0.81682
vt 0.04409 0.16329
vt 0.32076 0.86017
vt 0.32463 0.86455
vt 0.33 0.86938
vt 0.59132 0.39632
vt 0.5957 0.82146
vt 0.57745 0.84053
vt 0.58516 0.81682
vt 0.61245 0.84053
vt 0.61515 0.82217
vt 0.62016 0.81682
vt 0.65985 0.82601
vt 0.64745 0.83885
vt 0.66284 0.81682
vt 0.68531 0.83885
vt 0.68245 0.83588
vt 0.7007 0.81682
vt 0.72331 0.82861
vt 0.74755 0.81682
vt 0.71745 0.8372
vt 0.47251 0.70798
vt 0.42378 0.72146
vt 0.13179 0.60195
vt 0.1231 0.61191
vt 0.37156 0.29721
vt 0.3635 0.26874
vt 0.36556 0.26689
vt 0.92133 0.0408
vt 0.93902 0.04086
vt 0.9297 0.02633
vt 0.04979 0.2032
vt 0.72189 0.43009
vt 0.71932 0.43085
vt 0.72258 0.44374
vt 0.46405 0.67
vt 0.39588 0.3116
vt 0.39492 0.30813
vt 0.39731 0.31379
vt 0.0345 0.21661
vt 0.53603 0.37724
vt 0.77131 0.15461
vt 0.83054 0.15977
vt 0.77487 0.81682
vt 0.76852 0.82505
vt 0.75245 0.82006
vt 0.06407 0.14784
vt 0.62099 0.45367
vt 0.78849 0.82896
vt 0.78745 0.82702
vt 0.81221 0.81682
vt 0.82245 0.83625
vt 0.84981 0.81682
vt 0.84721 0.82605
vt 0.85745 0.82813
vt 0.87193 0.81682
vt 0.86325 0.83189
vt 0.90113 0.81682
vt 0.91144 0.81916
vt 0.89245 0.83189
vt 0.93767 0.81682
vt 0.94758 0.81735
vt 0.92745 0.8248
vt 0.98258 0.81682
vt 0.97276 0.82662
vt 0.96245 0.82427
vt 0.50745 0.86585
vt 0.52644 0.85311
vt 0.51092 0.87626
vt 0.55797 0.85311
vt 0.54465 0.87514
vt 0.54245 0.87626
vt 0.65272 0.47939
vt 0.1315 0.93204
vt 0.1285 0.93433
vt 0.11573 0.93041
vt 0.10408 0.93576
vt 0.57745 0.87777
vt 0.60755 0.85311
vt 0.58401 0.87512
vt 0.4692 0.70969
vt 0.62399 0.85662
vt 0.6125 0.85311
vt 0.61245 0.86529
vt 0.65301 0.85311
vt 0.64745 0.86297
vt 0.65296 0.86529
vt 0.68245 0.85782
vt 0.69667 0.86643
vt 0.71215 0.85311
vt 0.71745 0.86643
vt 0.7318 0.85986
vt 0.73293 0.85311
vt 0.75245 0.86694
vt 0.7604 0.86998
vt 0.76377 0.85311
vt 0.81401 0.85939
vt 0.81755 0.85532
vt 0.78745 0.85311
vt 0.85255 0.86099
vt 0.8295 0.85311
vt 0.82245 0.85879
vt 0.87171 0.86227
vt 0.86235 0.85311
vt 0.85745 0.86975
vt 0.89735 0.85311
vt 0.89601 0.85338
vt 0.89245 0.86975
vt 0.92745 0.86373
vt 0.94396 0.86721
vt 0.95063 0.85311
vt 0.96816 0.85311
vt 0.96245 0.85382
vt 0.96819 0.85315
vt 0.57264 0.43834
vt 0.26269 0.83667
vt 0.27888 0.85679
vt 0.27889 0.85679
vt 0.17408 0.82241
vt 0.17 0.83
vt 0.17408 0.82242
vt 0.68535 0.58133
vt 0.69836 0.53873
vt 0.85011 0.18515
vt 0.6987 0.49914
vt 0.11139 0.10474
vt 0.65117 0.49546
vt 0.50745 0.8914
vt 0.50758 0.89146
vt 0.51335 0.88941
vt 0.55385 0.90372
vt 0.55387 0.90371
vt 0.54245 0.88941
vt 0.63793 0.49367
vt 0.59399 0.91617
vt 0.57749 0.88945
vt 0.57745 0.88941
vt 0.38583 0.223
vt 0.09773 0.15398
vt 0.87343 0.13009
vt 0.0855 0.1561
vt 0.62771 0.90311
vt 0.61245 0.88941
vt 0.6275 0.9059
vt 0.64745 0.88941
vt 0.64771 0.8898
vt 0.6625 0.9059
vt 0.69505 0.89896
vt 0.68245 0.88941
vt 0.69769 0.90317
vt 0.71747 0.88941
vt 0.71745 0.88948
vt 0.73271 0.90317
vt 0.44429 0.7619
vt 0.40696 0.77323
vt 0.35358 0.74899
vt 0.75245 0.89908
vt 0.75423 0.90859
vt 0.76526 0.88941
vt 0.78745 0.90859
vt 0.81049 0.89635
vt 0.79848 0.88941
vt 0.92669 0.09591
vt 0.85255 0.88941
vt 0.82245 0.88955
vt 0.83413 0.90334
vt 0.88755 0.89971
vt 0.8847 0.88941
vt 0.85745 0.89985
vt 0.92255 0.89103
vt 0.90437 0.88941
vt 0.89245 0.90147
vt 0.92917 0.89783
vt 0.95014 0.89712
vt 0.92745 0.88941
vt 0.98514 0.89719
vt 0.98821 0.88941
vt 0.96245 0.88947
vt 0.5192 0.93664
vt 0.52972 0.92571
vt 0.50745 0.93456
vt 0.56472 0.93154
vt 0.55715 0.92571
vt 0.54245 0.94039
vt 0.40349 0.26594
vt 0.40309 0.26311
vt 0.40225 0.2678
vt 0.56062 0.43819
vt 0.40777 0.28885
vt 0.70917 0.57434
vt 0.39012 0.22205
vt 0.62506 0.49869
vt 0.39529 0.22078
vt 0.57639 0.44706
vt 0.59507 0.47656
vt 0.08859 0.71975
vt 0.08859 0.71974
vt 0.09599 0.71147
vt 0.00333 0.93202
vt 0.08857 0.71976
vt 0.08858 0.71976
vt 0.08038 0.7345
vt 0.33667 0.76771
vt 0.57122 0.45568
vt 0.71865 0.57471
vt 0.71229 0.57342
vt 0.15277 0.08974
vt 0.38782 0.11752
vt 0.72694 0.5637
vt 0.13754 0.13297
vt 0.10936 0.48035
vt 0.01188 0.90594
vt 0.02863 0.90264
vt 0.02865 0.90265
vt 0.20034 0.46329
vt 0.18866 0.47721
vt 0.09878 0.49054
vt 0.0229 0.91644
vt 0.10286 0.89733
vt 0.1142 0.90122
vt 0.11387 0.89558
vt 0.7341 0.56828
vt 0.7325 0.56668
vt 0.58295 0.92652
vt 0.57745 0.92571
vt 0.58306 0.92638
vt 0.76296 0.41737
vt 0.13754 0.13297
vt 0.12613 0.47381
vt 0.60411 0.52373
vt 0.26717 0.87254
vt 0.25664 0.86129
vt 0.26711 0.87251
vt 0.52659 0.41988
vt 0.74127 0.56905
vt 0.40481 0.08296
vt 0.77501 0.41662
vt 0.18801 0.08548
vt 0.43371 0.12778
vt 0.19468 0.08619
vt 0.19671 0.08808
vt 0.16669 0.4491
vt 0.57909 0.51121
vt 0.5774 0.51083
vt 0.57767 0.51039
vt 0.13397 0.71174
vt 0.13675 0.70238
vt 0.13405 0.71166
vt 0.21346 0.86192
vt 0.21351 0.85579
vt 0.21344 0.8557
vt 0.42726 0.0618
vt 0.76658 0.5691
vt 0.43858 0.05832
vt 0.20208 0.08587
vt 0.78843 0.40674
vt 0.61245 0.94037
vt 0.61656 0.9258
vt 0.61656 0.92571
vt 0.79935 0.40923
vt 0.45494 0.11864
vt 0.18755 0.13911
vt 0.45079 0.3998
vt 0.43212 0.39272
vt 0.64972 0.92571
vt 0.64745 0.94899
vt 0.65243 0.95585
vt 0.45625 0.04428
vt 0.8071 0.39581
vt 0.46938 0.12098
vt 0.20102 0.14929
vt 0.20144 0.14939
vt 0.15655 0.72996
vt 0.16332 0.72152
vt 0.16333 0.72151
vt 0.80731 0.5865
vt 0.80253 0.58054
vt 0.47212 0.025
vt 0.49418 0.12522
vt 0.56511 0.60135
vt 0.40326 0.41327
vt 0.40329 0.41692
vt 0.44691 0.51326
vt 0.45883 0.7485
vt 0.9608 0.09861
vt 0.69165 0.93037
vt 0.68245 0.92571
vt 0.69198 0.94005
vt 0.7273 0.92571
vt 0.71745 0.93926
vt 0.73682 0.94005
vt 0.37006 0.50527
vt 0.82681 0.59395
vt 0.2567 0.67
vt 0.25655 0.68377
vt 0.2566 0.68378
vt 0.85799 0.37456
vt 0.85542 0.37127
vt 0.51948 0.10662
vt 0.87888 0.38601
vt 0.51416 0.5893
vt 0.52519 0.10878
vt 0.48669 0.55199
vt 0.75816 0.92576
vt 0.75815 0.92571
vt 0.75245 0.92814
vt 0.54497 0.16489
vt 0.55364 0.17619
vt 0.47509 0.57913
vt 0.56981 0.20737
vt 0.47625 0.58578
vt 0.19563 0.2543
vt 0.19598 0.25555
vt 0.94398 0.12734
vt 0.92445 0.11797
vt 0.4599 0.62317
vt 0.80945 0.0574
vt 0.44513 0.60526
vt 0.75861 0.0565
vt 0.18051 0.30479
vt 0.17744 0.31163
vt 0.36394 0.52553
vt 0.18325 0.32667
vt 0.86495 0.57622
vt 0.87047 0.56476
vt 0.43045 0.83667
vt 0.42943 0.87318
vt 0.4313 0.8688
vt 0.42896 0.90162
vt 0.17436 0.34217
vt 0.53707 0.05323
vt 0.87796 0.57689
vt 0.8769 0.60616
vt 0.78851 0.94967
vt 0.78925 0.92571
vt 0.78745 0.95203
vt 0.82425 0.92571
vt 0.82303 0.9286
vt 0.82245 0.95203
vt 0.54242 0.06213
vt 0.3048 0.69786
vt 0.30485 0.69774
vt 0.29927 0.69532
vt 0.89434 0.524
vt 0.85745 0.94967
vt 0.86139 0.9391
vt 0.8582 0.92571
vt 0.89565 0.9391
vt 0.89622 0.92832
vt 0.89245 0.92571
vt 0.31041 0.7217
vt 0.31043 0.7217
vt 0.26356 0.15183
vt 0.90225 0.39011
vt 0.26119 0.17573
vt 0.92745 0.94313
vt 0.92751 0.92574
vt 0.92749 0.92571
vt 0.33 0.73139
vt 0.32392 0.72771
vt 0.32389 0.72774
vt 0.62576 0.28718
vt 0.37264 0.55209
vt 0.45162 0.65748
vt 0.36026 0.54925
vt 0.20657 0.31371
vt 0.87133 0.56152
vt 0.43786 0.9178
vt 0.43455 0.92319
vt 0.43804 0.91793
vt 0.27536 0.11208
vt 0.27417 0.11522
vt 0.27203 0.11319
vt 0.88568 0.51298
vt 0.27671 0.11484
vt 0.21387 0.94535
vt 0.13292 0.34112
vt 0.27988 0.12232
vt 0.21979 0.96603
vt 0.27131 0.12879
vt 0.23156 0.9647
vt 0.20439 0.948
vt 0.54669 0.0337
vt 0.19523 0.94705
vt 0.20712 0.96237
vt 0.84036 0.32282
vt 0.83746 0.31474
vt 0.82444 0.32667
vt 0.55776 0.08169
vt 0.27537 0.14314
vt 0.85991 0.31198
vt 0.19078 0.94452
vt 0.5609 0.05499
vt 0.84703 0.289
vt 0.09511 0.38996
vt 0.91242 0.50865
vt 0.56365 0.06952
vt 0.90504 0.53674
vt 0.5651 0.09254
vt 0.90933 0.53782
vt 0.91073 0.54369
vt 0.91566 0.51467
vt 0.91381 0.5948
vt 0.58509 0.11204
vt 0.91933 0.59334
vt 0.93701 0.61577
vt 0.95393 0.38494
vt 0.96387 0.39285
vt 0.9678 0.40011
vt 0.25576 0.2404
vt 0.96245 0.92571
vt 0.97949 0.95351
vt 0.96256 0.9258
vt 0.21554 0.3108
vt 0.2084 0.31271
vt 0.21675 0.31031
vt 0.1802 0.58059
vt 0.22276 0.57037
vt 0.513 0.97808
vt 0.50753 0.96211
vt 0.50745 0.962
vt 0.24761 0.56569
vt 0.89927 0.55156
vt 0.5923 0.12538
vt 0.95462 0.64388
vt 0.96433 0.63918
vt 0.26114 0.25925
vt 0.09854 0.52805
vt 0.97787 0.61853
vt 0.63453 0.17583
vt 0.19778 0.47617
vt 0.19217 0.48032
vt 0.64345 0.16472
vt 0.2385 0.49948
usemtl mat0
f 1/1/1 2/2/2 3/3/3
f 4/4/4 5/5/5 6/6/6
f 7/7/7 5/5/5 4/4/4
f 8/8/8 9/9/9 3/3/3
f 10/10/10 11/11/11 12/12/12
f 12/12/12 11/11/11 13/13/13
f 14/14/14 15/15/15 16/16/16
f 2/2/2 17/17/17 3/3/3
f 13/13/13 18/18/18 19/19/19
f 3/3/3 17/17/17 8/8/8
f 19/19/19 12/12/12 13/13/13
f 12/12/12 19/19/19 20/20/20
f 21/21/21 22/22/22 23/23/23
f 24/24/24 25/25/25 26/26/26
f 26/26/26 27/27/27 24/24/24
f 24/24/24 27/27/27 28/28/28
f 29/29/29 30/30/30 31/31/31
f 32/32/32 30/30/30 29/29/29
f 32/32/32 29/29/29 33/33/33
f 34/34/34 35/35/35 36/36/36
f 37/37/37 38/38/37 39/39/37
f 40/40/38 41/41/39 42/42/40
f 42/42/40 43/43/41 40/40/38
f 44/44/42 45/45/43 46/46/44
f 47/47/45 48/48/46 49/49/47
f 50/50/48 51/51/49 52/52/50
f 50/50/48 52/52/50 53/53/51
f 54/54/52 55/55/53 56/56/54
f 57/57/55 58/58/55 59/59/55
f 60/60/56 61/61/57 46/46/44
f 62/62/58 51/51/49 50/50/48
f 63/63/59 50/50/48 53/53/51
f 64/64/60 62/62/58 63/63/59
f 50/50/48 63/63/59 62/62/58
f 65/65/61 66/66/62 67/67/63
f 68/68/64 64/64/60 63/63/59
f 60/60/56 67/67/63 66/66/62
f 67/67/63 45/45/43 69/69/65
f 45/45/43 67/67/63 60/60/56
f 60/60/56 46/46/44 45/45/43
f 70/70/66 71/71/67 72/72/68
f 70/70/66 72/72/68 73/73/69
f 74/74/70 75/75/71 76/76/72
f 73/73/69 77/77/73 70/70/66
f 70/70/66 77/77/73 78/78/74
f 76/76/72 79/79/75 74/74/70
f 80/80/76 81/81/77 82/82/78
f 83/83/79 81/81/77 80/80/76
f 84/84/80 85/85/81 86/86/82
f 87/87/83 81/81/77 83/83/79
f 88/88/84 86/86/82 89/89/85
f 86/86/82 85/85/81 89/89/85
f 90/90/86 91/91/87 92/92/88
f 90/90/86 92/92/88 93/93/89
f 84/84/80 94/94/90 93/93/89
f 95/95/91 96/96/92 97/97/93
f 92/92/88 91/91/87 97/97/93
f 89/89/85 85/85/81 96/96/92
f 98/98/94 87/87/83 99/99/95
f 99/99/95 87/87/83 72/72/68
f 100/100/96 101/101/97 102/102/98
f 74/74/70 103/103/99 75/75/71
f 104/104/100 105/105/101 106/106/102
f 107/107/103 108/108/104 109/109/105
f 79/79/75 110/110/106 74/74/70
f 110/110/106 103/103/99 74/74/70
f 100/100/96 111/111/107 112/112/108
f 102/102/98 101/101/97 113/113/109
f 114/114/110 115/115/111 102/102/98
f 115/115/111 114/114/110 116/116/112
f 117/117/113 118/118/114 119/119/115
f 96/96/92 120/120/116 89/89/85
f 121/121/117 122/122/118 123/123/119
f 2/2/2 124/124/120 17/17/17
f 125/125/121 126/126/122 127/127/123
f 128/128/124 129/129/124 130/130/124
f 131/131/125 132/132/126 133/133/127
f 19/19/19 134/134/128 20/20/20
f 135/135/129 91/91/87 90/90/86
f 136/136/130 137/137/130 138/138/130
f 139/139/131 140/140/132 141/141/133
f 142/142/134 143/143/135 144/144/136
f 25/25/25 145/145/137 26/26/26
f 146/146/138 147/147/139 23/23/23
f 145/145/137 148/148/140 26/26/26
f 23/23/23 22/22/22 146/146/138
f 149/149/141 150/150/141 151/151/141
f 152/152/142 153/153/143 154/154/144
f 154/154/144 155/155/145 152/152/142
f 156/156/146 152/152/142 155/155/145
f 157/157/147 158/158/147 159/159/147
f 26/26/26 148/148/140 27/27/27
f 160/160/148 27/27/27 148/148/140
f 27/27/27 160/160/148 28/28/28
f 142/142/134 144/144/136 121/121/117
f 161/161/149 162/162/150 163/163/151
f 164/164/152 118/118/114 165/165/153
f 117/117/113 165/165/153 118/118/114
f 164/164/152 165/165/153 166/166/154
f 144/144/136 146/146/138 121/121/117
f 167/167/155 168/168/156 169/169/157
f 122/122/118 22/22/22 30/30/30
f 170/170/158 167/167/155 169/169/157
f 132/132/126 171/171/159 133/133/127
f 172/172/160 165/165/153 117/117/113
f 166/166/154 165/165/153 172/172/160
f 173/173/161 155/155/145 154/154/144
f 174/174/162 168/168/156 175/175/163
f 163/163/151 168/168/156 174/174/162
f 176/176/164 28/28/28 160/160/148
f 170/170/158 177/177/165 178/178/166
f 55/55/53 179/179/167 56/56/54
f 180/180/168 181/181/169 182/182/170
f 183/183/171 180/180/168 182/182/170
f 184/184/172 185/185/173 186/186/174
f 187/187/175 183/183/171 182/182/170
f 188/188/176 189/189/177 190/190/178
f 184/184/172 186/186/174 191/191/179
f 191/191/179 186/186/174 192/192/180
f 193/193/181 194/194/182 195/195/183
f 181/181/169 196/196/184 182/182/170
f 182/182/170 196/196/184 187/187/175
f 197/197/185 198/198/186 199/199/187
f 200/200/188 198/198/186 201/201/189
f 202/202/190 203/203/191 201/201/189
f 198/198/186 202/202/190 201/201/189
f 204/204/192 205/205/193 199/199/187
f 206/206/194 204/204/192 199/199/187
f 207/207/195 194/194/182 193/193/181
f 208/208/196 209/209/197 210/210/198
f 207/207/195 211/211/199 194/194/182
f 203/203/191 212/212/200 201/201/189
f 201/201/189 212/212/200 200/200/188
f 213/213/201 210/210/198 209/209/197
f 214/214/202 215/215/203 216/216/204
f 217/217/205 218/218/206 219/219/207
f 220/220/208 215/215/203 214/214/202
f 219/219/207 221/221/209 217/217/205
f 214/214/202 222/222/210 223/223/211
f 214/214/202 223/223/211 220/220/208
f 224/224/212 225/225/213 226/226/214
f 227/227/215 224/224/212 226/226/214
f 228/228/216 224/224/212 227/227/215
f 229/229/217 230/230/218 231/231/219
f 232/232/220 233/233/221 234/234/222
f 235/235/223 230/230/218 229/229/217
f 230/230/218 236/236/224 228/228/216
f 237/237/225 238/238/226 239/239/227
f 237/237/225 239/239/227 240/240/228
f 241/241/229 242/242/230 243/243/231
f 244/244/232 242/242/230 241/241/229
f 241/241/229 98/98/94 244/244/232
f 234/234/222 233/233/221 245/245/233
f 246/246/234 247/247/235 248/248/236
f 247/247/235 249/249/237 250/250/238
f 251/251/239 238/238/226 250/250/238
f 251/251/239 250/250/238 252/252/240
f 252/252/240 253/253/241 254/254/242
f 239/239/227 238/238/226 251/251/239
f 255/255/243 251/251/239 252/252/240
f 240/240/228 239/239/227 255/255/243
f 251/251/239 255/255/243 239/239/227
f 254/254/242 256/256/244 252/252/240
f 93/93/89 94/94/90 240/240/228
f 257/257/245 235/235/223 258/258/246
f 258/258/246 235/235/223 218/218/206
f 220/220/208 259/259/247 215/215/203
f 259/259/247 260/260/248 261/261/249
f 262/262/250 261/261/249 263/263/251
f 229/229/217 244/244/232 219/219/207
f 221/221/209 98/98/94 99/99/95
f 223/223/211 264/264/252 220/220/208
f 106/106/102 265/265/253 264/264/252
f 264/264/252 259/259/247 220/220/208
f 266/266/254 267/267/255 268/268/256
f 269/269/257 270/270/258 271/271/259
f 261/261/249 260/260/248 272/272/260
f 273/273/261 274/274/262 272/272/260
f 273/273/261 272/272/260 275/275/263
f 271/271/259 276/276/264 269/269/257
f 114/114/110 277/277/265 278/278/266
f 279/279/267 278/278/266 268/268/256
f 265/265/253 280/280/268 281/281/269
f 281/281/269 260/260/248 265/265/253
f 282/282/270 283/283/271 284/284/272
f 285/285/273 282/282/270 284/284/272
f 285/285/273 286/286/274 253/253/241
f 254/254/242 253/253/241 286/286/274
f 287/287/275 288/288/276 289/289/277
f 135/135/129 90/90/86 256/256/244
f 290/290/278 291/291/279 292/292/280
f 290/290/278 292/292/280 293/293/281
f 294/294/282 295/295/282 296/296/282
f 293/293/281 297/297/283 290/290/278
f 298/298/284 299/299/284 300/300/284
f 301/301/285 302/302/286 303/303/287
f 283/283/271 304/304/288 284/284/272
f 304/304/288 302/302/286 301/301/285
f 305/305/289 306/306/290 301/301/285
f 307/307/291 308/308/292 309/309/293
f 310/310/294 308/308/292 307/307/291
f 311/311/295 306/306/290 305/305/289
f 293/293/281 292/292/280 312/312/296
f 305/305/289 313/313/297 311/311/295
f 314/314/298 293/293/281 312/312/296
f 314/314/298 315/315/299 316/316/300
f 314/314/298 297/297/283 293/293/281
f 317/317/301 318/318/302 319/319/303
f 316/316/300 320/320/304 321/321/305
f 322/322/306 323/323/306 324/324/306
f 325/325/307 326/326/307 327/327/307
f 328/328/308 267/267/255 266/266/254
f 329/329/309 330/330/310 331/331/311
f 267/267/255 330/330/310 332/332/312
f 333/333/313 328/328/308 334/334/314
f 332/332/312 330/330/310 329/329/309
f 335/335/315 277/277/265 336/336/316
f 337/337/317 338/338/318 339/339/319
f 340/340/320 341/341/320 342/342/320
f 343/343/321 307/307/291 309/309/293
f 334/334/314 343/343/321 344/344/322
f 310/310/294 345/345/323 346/346/324
f 344/344/322 333/333/313 334/334/314
f 333/333/313 344/344/322 347/347/325
f 345/345/323 348/348/326 346/346/324
f 320/320/304 349/349/327 321/321/305
f 303/303/287 350/350/328 351/351/329
f 352/352/330 353/353/330 354/354/330
f 355/355/331 356/356/332 357/357/331
f 358/358/333 359/359/333 360/360/333
f 361/361/334 362/362/334 363/363/334
f 364/364/335 365/365/336 366/366/337
f 367/367/338 368/368/338 369/369/338
f 370/370/339 371/371/340 351/351/329
f 350/350/328 370/370/339 351/351/329
f 370/370/339 350/350/328 372/372/341
f 373/373/342 190/190/178 374/374/343
f 375/375/344 374/374/343 190/190/178
f 356/356/332 376/376/345 377/377/346
f 378/378/347 365/365/336 379/379/348
f 181/181/169 380/380/349 196/196/184
f 381/381/350 193/193/181 382/382/351
f 383/383/352 384/384/353 385/385/354
f 377/377/346 376/376/345 385/385/354
f 386/386/355 387/387/356 378/378/347
f 388/388/357 310/310/294 346/346/324
f 389/389/358 390/390/359 391/391/360
f 205/205/193 204/204/192 392/392/361
f 393/393/362 391/391/360 390/390/359
f 394/394/363 386/386/355 378/378/347
f 393/393/362 395/395/364 391/391/360
f 391/391/360 395/395/364 396/396/365
f 207/207/195 193/193/181 381/381/350
f 213/213/201 384/384/353 210/210/198
f 383/383/352 210/210/198 384/384/353
f 208/208/196 210/210/198 383/383/352
f 397/397/366 398/398/367 399/399/368
f 400/400/369 401/401/370 402/402/371
f 403/403/372 398/398/367 397/397/366
f 402/402/371 404/404/373 400/400/369
f 400/400/369 404/404/373 405/405/374
f 397/397/366 406/406/375 403/403/372
f 407/407/376 408/408/377 409/409/378
f 410/410/379 411/411/380 412/412/381
f 409/409/378 413/413/382 407/407/376
f 414/414/383 411/411/380 410/410/379
f 415/415/384 407/407/376 416/416/385
f 407/407/376 413/413/382 416/416/385
f 409/409/378 417/417/386 413/413/382
f 417/417/386 418/418/387 419/419/388
f 420/420/389 413/413/382 417/417/386
f 416/416/385 413/413/382 420/420/389
f 421/421/390 414/414/383 422/422/391
f 422/422/391 414/414/383 423/423/392
f 424/424/393 425/425/394 426/426/395
f 403/403/372 427/427/396 398/398/367
f 428/428/397 429/429/397 430/430/397
f 431/431/398 432/432/399 433/433/400
f 434/434/401 435/435/402 436/436/403
f 437/437/404 435/435/402 434/434/401
f 424/424/393 432/432/399 438/438/405
f 432/432/399 439/439/406 433/433/400
f 433/433/400 439/439/406 440/440/407
f 439/439/406 432/432/399 424/424/393
f 439/439/406 441/441/408 440/440/407
f 424/424/393 441/441/408 439/439/406
f 442/442/409 443/443/410 444/444/411
f 426/426/395 425/425/394 442/442/409
f 445/445/412 443/443/410 442/442/409
f 446/446/413 447/447/414 426/426/395
f 447/447/414 446/446/413 448/448/415
f 420/420/389 449/449/416 416/416/385
f 450/450/417 451/451/418 419/419/388
f 452/452/419 419/419/388 451/451/418
f 445/445/412 453/453/420 443/443/410
f 454/454/421 453/453/420 455/455/422
f 454/454/421 443/443/410 453/453/420
f 454/454/421 444/444/411 443/443/410
f 456/456/423 457/457/424 458/458/425
f 459/459/426 460/460/427 461/461/428
f 462/462/429 463/463/430 464/464/431
f 465/465/432 466/466/433 467/467/434
f 468/468/435 466/466/433 465/465/432
f 469/469/436 470/470/437 471/471/438
f 472/472/439 473/473/440 474/474/441
f 465/465/432 475/475/442 474/474/441
f 476/476/443 473/473/440 472/472/439
f 477/477/444 224/224/212 228/228/216
f 475/475/442 478/478/445 479/479/446
f 477/477/444 225/225/213 224/224/212
f 480/480/447 481/481/448 236/236/224
f 477/477/444 481/481/448 475/475/442
f 236/236/224 257/257/245 480/480/447
f 474/474/441 475/475/442 481/481/448
f 456/456/423 482/482/449 464/464/431
f 483/483/450 459/459/426 484/484/451
f 469/469/436 485/485/452 486/486/453
f 487/487/454 485/485/452 469/469/436
f 479/479/446 478/478/445 488/488/455
f 483/483/450 489/489/456 490/490/457
f 491/491/458 249/249/237 489/489/456
f 489/489/456 249/249/237 247/247/235
f 472/472/439 492/492/459 476/476/443
f 469/469/436 471/471/438 493/493/460
f 471/471/438 494/494/461 493/493/460
f 495/495/462 496/496/463 497/497/464
f 498/498/465 499/499/466 262/262/250
f 480/480/447 257/257/245 500/500/467
f 501/501/468 495/495/462 494/494/461
f 498/498/465 495/495/462 501/501/468
f 498/498/465 262/262/250 263/263/251
f 495/495/462 502/502/469 496/496/463
f 503/503/470 504/504/471 505/505/472
f 506/506/473 493/493/460 497/497/464
f 496/496/463 503/503/470 497/497/464
f 507/507/474 503/503/470 496/496/463
f 507/507/474 508/508/475 509/509/476
f 274/274/262 502/502/469 263/263/251
f 507/507/474 496/496/463 502/502/469
f 508/508/475 274/274/262 273/273/261
f 459/459/426 461/461/428 510/510/477
f 511/511/478 512/512/479 513/513/480
f 513/513/480 514/514/481 511/511/478
f 511/511/478 514/514/481 515/515/482
f 516/516/483 510/510/477 511/511/478
f 516/516/483 517/517/484 510/510/477
f 518/518/485 519/519/486 520/520/487
f 282/282/270 249/249/237 491/491/458
f 521/521/488 491/491/458 484/484/451
f 517/517/484 521/521/488 484/484/451
f 521/521/488 517/517/484 520/520/487
f 522/522/489 523/523/489 524/524/489
f 525/525/490 526/526/490 527/527/490
f 518/518/485 528/528/491 529/529/492
f 516/516/483 528/528/491 518/518/485
f 529/529/492 530/530/493 531/531/494
f 532/532/495 533/533/496 534/534/497
f 535/535/498 519/519/486 531/531/494
f 536/536/499 537/537/499 538/538/499
f 539/539/500 540/540/500 541/541/500
f 542/542/501 543/543/501 544/544/501
f 545/545/502 546/546/502 547/547/502
f 505/505/472 504/504/471 548/548/503
f 549/549/504 550/550/505 551/551/506
f 509/509/476 552/552/507 504/504/471
f 548/548/503 553/553/508 554/554/509
f 555/555/510 550/550/505 549/549/504
f 556/556/511 555/555/510 549/549/504
f 347/347/325 557/557/512 331/331/311
f 558/558/513 552/552/507 509/509/476
f 273/273/261 559/559/514 508/508/475
f 549/549/504 560/560/515 557/557/512
f 561/561/516 534/534/497 562/562/517
f 551/551/506 561/561/516 563/563/518
f 534/534/497 550/550/505 532/532/495
f 563/563/518 564/564/519 551/551/506
f 553/553/508 565/565/520 554/554/509
f 566/566/521 567/567/521 568/568/521
f 556/556/511 344/344/322 343/343/321
f 344/344/322 556/556/511 347/347/325
f 569/569/522 570/570/522 571/571/522
f 572/572/523 573/573/524 574/574/525
f 575/575/526 576/576/526 577/577/526
f 578/578/527 579/579/527 580/580/527
f 581/581/528 582/582/528 583/583/528
f 584/584/529 585/585/529 586/586/529
f 574/574/525 587/587/530 572/572/523
f 572/572/523 587/587/530 588/588/531
f 589/589/532 590/590/533 572/572/523
f 588/588/531 589/589/532 572/572/523
f 591/591/534 592/592/535 593/593/536
f 594/594/537 595/595/538 596/596/539
f 597/597/540 592/592/535 591/591/534
f 596/596/539 598/598/541 594/594/537
f 591/591/534 599/599/542 600/600/543
f 591/591/534 600/600/543 597/597/540
f 601/601/544 602/602/545 603/603/546
f 604/604/547 601/601/544 603/603/546
f 605/605/548 606/606/548 607/607/548
f 608/608/549 609/609/549 610/610/549
f 611/611/550 612/612/550 613/613/550
f 614/614/551 615/615/551 616/616/551
f 617/617/552 618/618/552 619/619/552
f 620/620/553 621/621/554 622/622/555
f 620/620/553 622/622/555 623/623/556
f 624/624/557 625/625/557 626/626/557
f 627/627/558 628/628/558 629/629/558
f 630/630/559 421/421/390 631/631/560
f 632/632/561 633/633/561 634/634/561
f 635/635/562 636/636/563 637/637/564
f 636/636/563 638/638/565 639/639/566
f 640/640/567 621/621/554 639/639/566
f 640/640/567 639/639/566 641/641/568
f 641/641/568 642/642/569 643/643/570
f 622/622/555 621/621/554 640/640/567
f 644/644/571 640/640/567 641/641/568
f 623/623/556 622/622/555 644/644/571
f 640/640/567 644/644/571 622/622/555
f 644/644/571 641/641/568 645/645/572
f 645/645/572 623/623/556 644/644/571
f 418/418/387 645/645/572 646/646/573
f 418/418/387 646/646/573 419/419/388
f 647/647/574 648/648/574 649/649/574
f 650/650/575 651/651/575 652/652/575
f 597/597/540 653/653/576 592/592/535
f 653/653/576 654/654/577 655/655/578
f 656/656/579 655/655/578 657/657/580
f 658/658/581 659/659/581 660/660/581
f 598/598/541 421/421/390 422/422/391
f 600/600/543 661/661/582 597/597/540
f 662/662/583 663/663/584 661/661/582
f 661/661/582 653/653/576 597/597/540
f 664/664/585 665/665/585 666/666/585
f 667/667/586 668/668/587 669/669/588
f 655/655/578 670/670/589 657/657/580
f 671/671/590 672/672/591 669/669/588
f 672/672/591 671/671/590 673/673/592
f 674/674/593 675/675/593 676/676/593
f 446/446/413 444/444/411 677/677/594
f 672/672/591 677/677/594 669/669/588
f 678/678/595 677/677/594 672/672/591
f 679/679/596 654/654/577 663/663/584
f 680/680/597 642/642/569 638/638/565
f 680/680/597 681/681/598 642/642/569
f 682/682/599 683/683/600 684/684/601
f 685/685/602 686/686/603 683/683/600
f 687/687/604 646/646/573 643/643/570
f 687/687/604 643/643/570 688/688/605
f 689/689/606 690/690/607 691/691/608
f 689/689/606 668/668/587 690/690/607
f 689/689/606 692/692/609 668/668/587
f 693/693/610 444/444/411 454/454/421
f 694/694/611 695/695/612 667/667/586
f 693/693/610 454/454/421 455/455/422
f 696/696/613 697/697/614 698/698/615
f 699/699/616 698/698/615 700/700/617
f 699/699/616 696/696/613 698/698/615
f 701/701/618 699/699/616 700/700/617
f 701/701/618 702/702/619 699/699/616
f 699/699/616 702/702/619 696/696/613
f 703/703/620 462/462/429 704/704/621
f 703/703/620 463/463/430 462/462/429
f 703/703/620 705/705/622 463/463/430
f 703/703/620 704/704/621 706/706/623
f 703/703/620 706/706/623 705/705/622
f 707/707/624 708/708/625 709/709/626
f 710/710/627 697/697/614 696/696/613
f 711/711/628 712/712/629 713/713/630
f 714/714/631 711/711/628 713/713/630
f 702/702/619 710/710/627 696/696/613
f 710/710/627 715/715/632 716/716/633
f 716/716/633 715/715/632 717/717/634
f 705/705/622 717/717/634 715/715/632
f 718/718/635 716/716/633 717/717/634
f 714/714/631 719/719/636 711/711/628
f 485/485/452 487/487/454 719/719/636
f 720/720/637 712/712/629 711/711/628
f 712/712/629 720/720/637 721/721/638
f 719/719/636 720/720/637 711/711/628
f 722/722/639 487/487/454 506/506/473
f 722/722/639 505/505/472 723/723/640
f 506/506/473 505/505/472 722/722/639
f 724/724/641 725/725/642 726/726/643
f 727/727/644 724/724/641 726/726/643
f 728/728/645 729/729/646 730/730/647
f 731/731/648 732/732/649 733/733/650
f 734/734/651 732/732/649 731/731/648
f 735/735/652 736/736/653 737/737/654
f 738/738/655 739/739/656 734/734/651
f 512/512/479 740/740/657 513/513/480
f 740/740/657 741/741/658 513/513/480
f 742/742/659 743/743/660 740/740/657
f 512/512/479 461/461/428 744/744/661
f 745/745/662 746/746/663 735/735/652
f 727/727/644 745/745/662 724/724/641
f 727/727/644 747/747/664 745/745/662
f 735/735/652 746/746/663 748/748/665
f 748/748/665 746/746/663 749/749/666
f 750/750/667 749/749/666 751/751/668
f 513/513/480 741/741/658 514/514/481
f 741/741/658 748/748/665 749/749/666
f 697/697/614 752/752/669 753/753/670
f 754/754/671 753/753/670 755/755/672
f 755/755/672 753/753/670 752/752/669
f 756/756/673 757/757/674 758/758/675
f 708/708/625 757/757/674 759/759/676
f 713/713/630 757/757/674 708/708/625
f 756/756/673 760/760/677 761/761/678
f 762/762/679 763/763/680 764/764/681
f 765/765/682 766/766/683 767/767/684
f 528/528/491 515/515/482 767/767/684
f 767/767/684 515/515/482 765/765/682
f 768/768/685 769/769/686 770/770/687
f 529/529/492 768/768/685 530/530/493
f 530/530/493 768/768/685 770/770/687
f 756/756/673 758/758/675 771/771/688
f 758/758/675 772/772/689 771/771/688
f 772/772/689 773/773/690 771/771/688
f 721/721/638 723/723/640 774/774/691
f 721/721/638 774/774/691 772/772/689
f 723/723/640 775/775/692 774/774/691
f 775/775/692 548/548/503 554/554/509
f 775/775/692 554/554/509 776/776/693
f 771/771/688 764/764/681 756/756/673
f 771/771/688 773/773/690 764/764/681
f 762/762/679 777/777/694 778/778/695
f 777/777/694 773/773/690 779/779/696
f 780/780/697 781/781/698 782/782/699
f 783/783/700 563/563/518 561/561/516
f 565/565/520 776/776/693 554/554/509
f 727/727/644 726/726/643 784/784/701
f 785/785/702 786/786/703 787/787/704
f 787/787/704 788/788/705 785/785/702
f 789/789/706 790/790/707 791/791/708
f 727/727/644 784/784/701 747/747/664
f 792/792/709 784/784/701 785/785/702
f 793/793/710 794/794/711 747/747/664
f 795/795/712 793/793/710 792/792/709
f 793/793/710 796/796/713 794/794/711
f 751/751/668 794/794/711 796/796/713
f 797/797/714 750/750/667 751/751/668
f 797/797/714 765/765/682 750/750/667
f 796/796/713 798/798/715 799/799/716
f 785/785/702 790/790/707 792/792/709
f 800/800/717 801/801/718 795/795/712
f 789/789/706 800/800/717 790/790/707
f 789/789/706 802/802/719 800/800/717
f 795/795/712 801/801/718 798/798/715
f 798/798/715 801/801/718 803/803/720
f 804/804/721 803/803/720 805/805/722
f 804/804/721 806/806/723 803/803/720
f 804/804/721 807/807/724 806/806/723
f 808/808/725 763/763/680 809/809/726
f 762/762/679 809/809/726 763/763/680
f 810/810/727 811/811/728 812/812/729
f 799/799/716 813/813/730 797/797/714
f 813/813/730 799/799/716 814/814/731
f 815/815/732 766/766/683 813/813/730
f 816/816/733 812/812/729 573/573/524
f 811/811/728 817/817/734 574/574/525
f 818/818/735 819/819/736 820/820/737
f 821/821/738 822/822/739 823/823/740
f 824/824/741 825/825/742 826/826/743
f 827/827/744 828/828/745 829/829/746
f 806/806/723 814/814/731 799/799/716
f 830/830/747 814/814/731 831/831/748
f 832/832/749 820/820/737 833/833/750
f 833/833/750 817/817/734 832/832/749
f 828/828/745 833/833/750 820/820/737
f 834/834/751 828/828/745 827/827/744
f 587/587/530 834/834/751 588/588/531
f 809/809/726 835/835/752 836/836/753
f 837/837/754 838/838/755 839/839/756
f 782/782/699 840/840/757 837/837/754
f 590/590/533 589/589/532 840/840/757
f 589/589/532 841/841/758 840/840/757
f 824/824/741 838/838/755 827/827/744
f 839/839/756 838/838/755 824/824/741
f 589/589/532 588/588/531 841/841/758
f 841/841/758 588/588/531 834/834/751
f 842/842/759 843/843/760 791/791/708
f 789/789/706 791/791/708 843/843/760
f 789/789/706 843/843/760 802/802/719
f 844/844/761 843/843/760 842/842/759
f 844/844/761 802/802/719 843/843/760
f 845/845/762 846/846/763 847/847/764
f 848/848/765 846/846/763 849/849/766
f 850/850/767 846/846/763 845/845/762
f 851/851/768 804/804/721 805/805/722
f 851/851/768 805/805/722 850/850/767
f 851/851/768 807/807/724 804/804/721
f 852/852/769 853/853/770 854/854/771
f 855/855/772 856/856/773 857/857/774
f 857/857/774 856/856/773 858/858/775
f 859/859/776 860/860/776 861/861/776
f 862/862/777 863/863/778 864/864/779
f 865/865/780 862/862/777 864/864/779
f 866/866/781 845/845/762 847/847/764
f 867/867/782 819/819/736 818/818/735
f 868/868/783 867/867/782 869/869/784
f 825/825/742 870/870/785 871/871/786
f 819/819/736 870/870/785 829/829/746
f 872/872/787 867/867/782 868/868/783
f 829/829/746 870/870/785 825/825/742
f 807/807/724 851/851/768 821/821/738
f 851/851/768 850/850/767 821/821/738
f 873/873/788 874/874/789 875/875/790
f 847/847/764 876/876/791 866/866/781
f 877/877/792 878/878/792 879/879/792
f 880/880/793 874/874/789 873/873/788
f 881/881/794 872/872/787 868/868/783
f 872/872/787 881/881/794 882/882/795
f 883/883/796 884/884/797 885/885/798
f 886/886/799 883/883/796 885/885/798
f 887/887/800 886/886/799 885/885/798
f 888/888/801 889/889/802 863/863/778
f 880/880/793 864/864/779 890/890/803
f 890/890/803 889/889/802 891/891/804
f 892/892/805 893/893/806 894/894/807
f 884/884/797 895/895/808 885/885/798
f 887/887/800 895/895/808 896/896/809
f 885/885/798 895/895/808 887/887/800
f 896/896/809 897/897/810 898/898/811
f 898/898/811 897/897/810 899/899/812
f 900/900/813 893/893/806 898/898/811
f 894/894/807 893/893/806 900/900/813
f 901/901/814 902/902/815 903/903/816
f 904/904/817 905/905/817 906/906/817
f 907/907/818 908/908/818 909/909/818
f 910/910/819 911/911/819 912/912/819
f 913/913/820 914/914/820 915/915/820
f 916/916/821 917/917/822 918/918/823
f 919/919/824 601/601/544 920/920/825
f 890/890/803 891/891/804 921/921/826
f 919/919/824 602/602/545 601/601/544
f 922/922/827 923/923/827 924/924/827
f 925/925/828 926/926/828 927/927/828
f 928/928/829 929/929/830 930/930/831
f 931/931/832 932/932/832 933/933/832
f 934/934/833 935/935/834 936/936/835
f 937/937/836 938/938/837 900/900/813
f 939/939/838 940/940/839 941/941/840
f 942/942/841 940/940/839 939/939/838
f 936/936/835 935/935/834 943/943/842
f 944/944/843 938/938/837 945/945/844
f 938/938/837 944/944/843 946/946/845
f 944/944/843 638/638/565 636/636/563
f 943/943/842 947/947/846 936/936/835
f 948/948/847 949/949/848 950/950/849
f 951/951/850 952/952/851 953/953/852
f 952/952/851 954/954/853 953/953/852
f 955/955/854 956/956/855 656/656/579
f 930/930/831 929/929/830 957/957/856
f 955/955/854 656/656/579 657/657/580
f 955/955/854 657/657/580 958/958/857
f 953/953/852 954/954/853 939/939/838
f 942/942/841 959/959/858 960/960/859
f 959/959/858 954/954/853 961/961/860
f 958/958/857 962/962/861 961/961/860
f 959/959/858 961/961/860 962/962/861
f 963/963/862 692/692/609 964/964/863
f 670/670/589 958/958/857 657/657/580
f 965/965/864 966/966/865 899/899/812
f 937/937/836 899/899/812 966/966/865
f 937/937/836 966/966/865 967/967/866
f 968/968/867 969/969/868 970/970/869
f 968/968/867 971/971/870 969/969/868
f 972/972/871 973/973/872 974/974/873
f 975/975/874 973/973/872 976/976/875
f 975/975/874 974/974/873 973/973/872
f 680/680/597 638/638/565 977/977/876
f 680/680/597 977/977/876 978/978/877
f 979/979/878 943/943/842 980/980/879
f 686/686/603 979/979/878 981/981/880
f 982/982/881 983/983/882 984/984/883
f 964/964/863 692/692/609 689/689/606
f 979/979/878 980/980/879 985/985/884
f 964/964/863 689/689/606 691/691/608
f 986/986/885 987/987/886 988/988/887
f 989/989/888 990/990/889 991/991/890
f 992/992/891 993/993/892 994/994/893
f 995/995/894 989/989/888 991/991/890
f 995/995/894 996/996/895 989/989/888
f 992/992/891 997/997/896 993/993/892
f 998/998/897 999/999/898 1000/1000/899
f 1001/1001/900 998/998/897 1000/1000/899
f 1002/1002/901 998/998/897 1001/1001/900
f 1003/1003/902 1004/1004/903 1005/1005/904
f 1006/1006/905 1007/1007/906 1008/1008/907
f 1001/1001/900 1009/1009/908 1008/1008/907
f 1010/1010/909 1007/1007/906 1006/1006/905
f 1011/1011/910 728/728/645 1012/1012/911
f 1009/1009/908 1013/1013/912 1014/1014/913
f 1011/1011/910 729/729/646 728/728/645
f 1015/1015/914 1016/1016/915 1017/1017/916
f 1011/1011/910 1016/1016/915 1009/1009/908
f 1017/1017/916 754/754/671 1015/1015/914
f 1008/1008/907 1009/1009/908 1016/1016/915
f 993/993/892 1013/1013/912 986/986/885
f 986/986/885 1013/1013/912 1000/1000/899
f 1003/1003/902 1018/1018/917 1019/1019/918
f 1020/1020/919 1018/1018/917 1003/1003/902
f 1014/1014/913 1021/1021/920 729/729/646
f 996/996/895 725/725/642 1022/1022/921
f 1023/1023/922 1024/1024/923 1005/1005/904
f 1003/1003/902 1005/1005/904 1025/1025/924
f 1005/1005/904 1024/1024/923 1025/1025/924
f 1026/1026/925 1027/1027/926 1028/1028/927
f 1029/1029/928 1030/1030/929 759/759/676
f 1031/1031/930 1032/1032/931 1033/1033/932
f 1033/1033/932 1026/1026/925 1024/1024/923
f 1029/1029/928 1026/1026/925 1033/1033/932
f 1029/1029/928 759/759/676 761/761/678
f 1026/1026/925 1034/1034/933 1027/1027/926
f 1035/1035/934 1036/1036/935 1037/1037/936
f 1038/1038/937 1025/1025/924 1028/1028/927
f 1027/1027/926 1035/1035/934 1028/1028/927
f 1039/1039/938 1035/1035/934 1027/1027/926
f 1039/1039/938 1040/1040/939 1041/1041/940
f 760/760/677 1034/1034/933 761/761/678
f 1039/1039/938 1027/1027/926 1034/1034/933
f 1040/1040/939 760/760/677 763/763/680
f 1042/1042/941 1043/1043/942 988/988/887
f 1044/1044/943 1045/1045/944 1046/1046/945
f 1046/1046/945 1047/1047/946 1044/1044/943
f 988/988/887 1043/1043/942 994/994/893
f 786/786/703 1048/1048/947 787/787/704
f 1048/1048/947 1049/1049/948 787/787/704
f 991/991/890 1044/1044/943 1048/1048/947
f 786/786/703 726/726/643 995/995/894
f 1050/1050/949 1051/1051/950 1052/1052/951
f 1050/1050/949 1052/1052/951 1053/1053/952
f 1046/1046/945 1054/1054/953 1053/1053/952
f 1047/1047/946 1052/1052/951 1055/1055/954
f 1056/1056/955 1055/1055/954 1057/1057/956
f 787/787/704 1049/1049/948 788/788/705
f 1049/1049/948 1047/1047/946 1055/1055/954
f 788/788/705 1056/1056/955 791/791/708
f 1037/1037/936 1036/1036/935 1058/1058/957
f 1041/1041/940 1059/1059/958 1036/1036/935
f 1059/1059/958 1060/1060/959 1061/1061/960
f 1058/1058/957 1061/1061/960 1062/1062/961
f 1040/1040/939 1063/1063/962 1041/1041/940
f 1059/1059/958 1064/1064/963 1060/1060/959
f 1065/1065/964 1066/1066/965 1067/1067/966
f 1068/1068/967 1065/1065/964 1067/1067/966
f 1061/1061/960 1068/1068/967 1062/1062/961
f 1069/1069/968 1065/1065/964 1060/1060/959
f 1069/1069/968 1070/1070/969 1071/1071/970
f 1072/1072/971 1070/1070/969 1069/1069/968
f 1063/1063/962 808/808/725 1073/1073/972
f 1063/1063/962 1073/1073/972 1064/1064/963
f 1064/1064/963 1073/1073/972 1074/1074/973
f 808/808/725 1075/1075/974 1073/1073/972
f 1075/1075/974 1074/1074/973 1073/1073/972
f 1074/1074/973 1072/1072/971 1064/1064/963
f 1075/1075/974 1076/1076/975 1074/1074/973
f 1074/1074/973 1076/1076/975 1072/1072/971
f 1077/1077/976 1051/1051/950 1050/1050/949
f 1057/1057/956 1051/1051/950 1078/1078/977
f 1079/1079/978 1080/1080/979 1078/1078/977
f 1079/1079/978 1077/1077/976 1081/1081/980
f 1082/1082/981 1056/1056/955 1057/1057/956
f 1078/1078/977 1080/1080/979 1083/1083/982
f 1084/1084/983 1085/1085/984 1086/1086/985
f 1084/1084/983 1086/1086/985 1087/1087/986
f 1079/1079/978 1081/1081/980 1087/1087/986
f 1080/1080/979 1086/1086/985 1088/1088/987
f 1089/1089/988 1088/1088/987 1090/1090/989
f 1089/1089/988 1091/1091/990 1088/1088/987
f 1089/1089/988 1092/1092/991 1091/1091/990
f 1093/1093/992 848/848/765 844/844/761
f 1082/1082/981 1094/1094/993 842/842/759
f 1083/1083/982 1094/1094/993 1082/1082/981
f 1094/1094/993 1083/1083/982 1095/1095/994
f 848/848/765 1093/1093/992 1096/1096/995
f 1093/1093/992 1097/1097/996 1096/1096/995
f 1091/1091/990 1095/1095/994 1083/1083/982
f 1092/1092/991 1098/1098/997 1099/1099/998
f 1097/1097/996 1095/1095/994 1099/1099/998
f 1098/1098/997 852/852/769 1099/1099/998
f 1100/1100/999 1096/1096/995 1097/1097/996
f 1067/1067/966 1066/1066/965 1101/1101/1000
f 1071/1071/970 1102/1102/1001 1066/1066/965
f 1102/1102/1001 1103/1103/1002 1104/1104/1003
f 1101/1101/1000 1104/1104/1003 1105/1105/1004
f 882/882/795 1106/1106/1005 871/871/786
f 882/882/795 1107/1107/1006 1106/1106/1005
f 1108/1108/1007 1102/1102/1001 1071/1071/970
f 825/825/742 871/871/786 1109/1109/1008
f 1104/1104/1003 1103/1103/1002 1110/1110/1009
f 1111/1111/1010 1112/1112/1011 1110/1110/1009
f 1111/1111/1010 1110/1110/1009 1113/1113/1012
f 1114/1114/1013 1115/1115/1014 1113/1113/1012
f 1116/1116/1015 1117/1117/1015 1118/1118/1015
f 1119/1119/1016 1120/1120/1016 1121/1121/1016
f 1107/1107/1006 1122/1122/1017 1123/1123/1018
f 1123/1123/1018 1124/1124/1019 1107/1107/1006
f 1125/1125/1020 1085/1085/984 1084/1084/983
f 1090/1090/989 1085/1085/984 1126/1126/1021
f 1127/1127/1022 1128/1128/1023 1126/1126/1021
f 1127/1127/1022 1125/1125/1020 1129/1129/1024
f 1130/1130/1025 1089/1089/988 1090/1090/989
f 1130/1130/1025 1092/1092/991 1089/1089/988
f 1126/1126/1021 1128/1128/1023 1131/1131/1026
f 1127/1127/1022 1132/1132/1027 1128/1128/1023
f 1133/1133/1028 1132/1132/1027 1134/1134/1029
f 1133/1133/1028 1128/1128/1023 1132/1132/1027
f 1131/1131/1026 1128/1128/1023 1133/1133/1028
f 883/883/796 852/852/769 1098/1098/997
f 1131/1131/1026 1135/1135/1030 1130/1130/1025
f 1135/1135/1030 1131/1131/1026 1136/1136/1031
f 1135/1135/1030 1136/1136/1031 884/884/797
f 1137/1137/1032 1138/1138/1033 1139/1139/1034
f 1140/1140/1035 1141/1141/1036 1142/1142/1037
f 1140/1140/1035 1142/1142/1037 1134/1134/1029
f 1143/1143/1038 1142/1142/1037 1144/1144/1039
f 1144/1144/1039 1145/1145/1040 1146/1146/1041
f 1147/1147/1042 1148/1148/1042 1149/1149/1042
f 1143/1143/1038 1150/1150/1043 1136/1136/1031
f 1150/1150/1043 1144/1144/1039 1151/1151/1044
f 896/896/809 1151/1151/1044 897/897/810
f 897/897/810 1151/1151/1044 1152/1152/1045
f 897/897/810 1152/1152/1045 899/899/812
f 1115/1115/1014 1153/1153/1046 1113/1113/1012
f 1154/1154/1047 1155/1155/1048 1156/1156/1049
f 1157/1157/1050 875/875/790 1158/1158/1050
f 918/918/823 917/917/822 1159/1159/1051
f 1160/1160/1052 1153/1153/1046 1115/1115/1014
f 1161/1161/1053 1162/1162/1054 1160/1160/1052
f 1156/1156/1049 1163/1163/1055 1154/1154/1047
f 1164/1164/1056 1165/1165/1057 1166/1166/1058
f 940/940/839 1167/1167/1059 941/941/840
f 1153/1153/1046 1168/1168/1060 1169/1169/1061
f 1156/1156/1049 1169/1169/1061 1170/1170/1062
f 1169/1169/1061 1168/1168/1060 1170/1170/1062
f 1168/1168/1060 1171/1171/1063 1170/1170/1062
f 1160/1160/1052 1162/1162/1054 1172/1172/1064
f 1162/1162/1054 1173/1173/1065 1172/1172/1064
f 1173/1173/1065 1174/1174/1066 1172/1172/1064
f 1170/1170/1062 1166/1166/1058 1156/1156/1049
f 1170/1170/1062 1171/1171/1063 1166/1166/1058
f 1164/1164/1056 1175/1175/1067 1176/1176/1068
f 1175/1175/1067 1171/1171/1063 1174/1174/1066
f 1175/1175/1067 1167/1167/1059 1176/1176/1068
f 1173/1173/1065 941/941/840 1174/1174/1066
f 1177/1177/1069 1178/1178/1070 1179/1179/1071
f 1177/1177/1069 1180/1180/1072 1178/1178/1070
f 1181/1181/1073 1180/1180/1072 1182/1182/1074
f 1177/1177/1069 1183/1183/1075 1180/1180/1072
f 1184/1184/1076 1152/1152/1045 1146/1146/1041
f 1185/1185/1077 1186/1186/1078 1181/1181/1073
f 1182/1182/1074 1187/1187/1079 1181/1181/1073
f 1188/1188/1080 1182/1182/1074 1189/1189/1081
f 1188/1188/1080 1190/1190/1082 1191/1191/1083
f 1191/1191/1083 1192/1192/1084 1187/1187/1079
f 1193/1193/1085 1194/1194/1086 1195/1195/1087
f 1196/1196/1088 1194/1194/1086 1197/1197/1089
f 1191/1191/1083 1196/1196/1088 1192/1192/1084
f 1190/1190/1082 1195/1195/1087 1194/1194/1086
f 1198/1198/1090 975/975/874 968/968/867
f 1185/1185/1077 1199/1199/1091 970/970/869
f 1199/1199/1091 1187/1187/1079 1192/1192/1084
f 1192/1192/1084 1198/1198/1090 1199/1199/1091
f 974/974/873 1200/1200/1092 1201/1201/1093
f 1200/1200/1092 1198/1198/1090 1192/1192/1084
f 1192/1192/1084 1196/1196/1088 1200/1200/1092
f 1197/1197/1089 1202/1202/1094 1203/1203/1095
f 1204/1204/1096 1205/1205/1097 1206/1206/1098
f 1201/1201/1093 1197/1197/1089 1203/1203/1095
f 987/987/886 1207/1207/1099 988/988/887
f 1208/1208/1100 998/998/897 1002/1002/901
f 1208/1208/1100 999/999/898 998/998/897
f 1208/1208/1100 1209/1209/1101 999/999/898
f 1208/1208/1100 1002/1002/901 1210/1210/1102
f 1208/1208/1100 1210/1210/1102 1209/1209/1101
f 1211/1211/1103 1212/1212/1104 1213/1213/1105
f 1211/1211/1103 1213/1213/1105 1214/1214/1106
f 1215/1215/1107 1216/1216/1108 1217/1217/1109
f 1207/1207/1099 987/987/886 1218/1218/1110
f 1211/1211/1103 1218/1218/1110 1219/1219/1111
f 1209/1209/1101 1219/1219/1111 1218/1218/1110
f 1220/1220/1112 1221/1221/1113 1018/1018/917
f 1222/1222/1114 1223/1223/1115 1224/1224/1116
f 1222/1222/1114 1020/1020/919 1038/1038/937
f 1224/1224/1116 1020/1020/919 1222/1222/1114
f 1222/1222/1114 1037/1037/936 1223/1223/1115
f 1038/1038/937 1037/1037/936 1222/1222/1114
f 1225/1225/1117 1226/1226/1118 1227/1227/1119
f 1228/1228/1120 1229/1229/1121 1230/1230/1122
f 1231/1231/1123 1229/1229/1121 1232/1232/1124
f 1233/1233/1125 1229/1229/1121 1231/1231/1123
f 1230/1230/1122 1229/1229/1121 1233/1233/1125
f 1232/1232/1124 1229/1229/1121 1228/1228/1120
f 1227/1227/1119 1226/1226/1118 1234/1234/1126
f 1227/1227/1119 1234/1234/1126 1235/1235/1127
f 1042/1042/941 1236/1236/1128 1237/1237/1129
f 1238/1238/1130 1236/1236/1128 1042/1042/941
f 1231/1231/1123 1227/1227/1119 1236/1236/1128
f 1239/1239/1131 1240/1240/1132 1241/1241/1133
f 1242/1242/1134 1226/1226/1118 1239/1239/1131
f 1239/1239/1131 1226/1226/1118 1225/1225/1117
f 1232/1232/1124 1243/1243/1135 1225/1225/1117
f 1244/1244/1136 1245/1245/1137 1228/1228/1120
f 1234/1234/1126 1226/1226/1118 1242/1242/1134
f 1246/1246/1138 1247/1247/1139 1248/1248/1140
f 1249/1249/1141 1248/1248/1140 1247/1247/1139
f 1250/1250/1142 1050/1050/949 1248/1248/1140
f 1053/1053/952 1054/1054/953 1246/1246/1138
f 1251/1251/1143 1230/1230/1122 1213/1213/1105
f 1215/1215/1107 1252/1252/1144 1216/1216/1108
f 1252/1252/1144 1253/1253/1145 1254/1254/1146
f 1255/1255/1147 1254/1254/1146 1256/1256/1148
f 1238/1238/1130 1207/1207/1099 1214/1214/1106
f 1233/1233/1125 1238/1238/1130 1214/1214/1106
f 1220/1220/1112 1257/1257/1149 1215/1215/1107
f 1220/1220/1112 1224/1224/1116 1257/1257/1149
f 1252/1252/1144 1258/1258/1150 1253/1253/1145
f 1259/1259/1151 1244/1244/1136 1228/1228/1120
f 1254/1254/1146 1253/1253/1145 1260/1260/1152
f 1261/1261/1153 1262/1262/1154 1260/1260/1152
f 1263/1263/1155 1260/1260/1152 1253/1253/1145
f 1263/1263/1155 1253/1253/1145 1258/1258/1150
f 1257/1257/1149 1264/1264/1156 1258/1258/1150
f 1258/1258/1150 1264/1264/1156 1265/1265/1157
f 1223/1223/1115 1266/1266/1158 1264/1264/1156
f 1266/1266/1158 1058/1058/957 1062/1062/961
f 1266/1266/1158 1062/1062/961 1267/1267/1159
f 1268/1268/1160 1269/1269/1161 1263/1263/1155
f 1269/1269/1161 1268/1268/1160 1270/1270/1162
f 1267/1267/1159 1271/1271/1163 1265/1265/1157
f 1268/1268/1160 1265/1265/1157 1271/1271/1163
f 1271/1271/1163 1067/1067/966 1272/1272/1164
f 1068/1068/967 1267/1267/1159 1062/1062/961
f 1273/1273/1165 1274/1274/1166 1275/1275/1167
f 1276/1276/1168 1273/1273/1165 1275/1275/1167
f 1277/1277/1169 1278/1278/1170 1279/1279/1171
f 1280/1280/1172 1281/1281/1173 1282/1282/1174
f 1283/1283/1175 1241/1241/1133 1240/1240/1132
f 1282/1282/1174 1284/1284/1176 1278/1278/1170
f 1285/1285/1177 1250/1250/1142 1279/1279/1171
f 1278/1278/1170 1285/1285/1177 1279/1279/1171
f 1286/1286/1178 1250/1250/1142 1285/1285/1177
f 1077/1077/976 1286/1286/1178 1081/1081/980
f 1286/1286/1178 1287/1287/1179 1081/1081/980
f 1273/1273/1165 1284/1284/1176 1282/1282/1174
f 1288/1288/1180 1276/1276/1168 1289/1289/1181
f 1290/1290/1182 1284/1284/1176 1288/1288/1180
f 1287/1287/1179 1290/1290/1182 1291/1291/1183
f 1288/1288/1180 1291/1291/1183 1290/1290/1182
f 1292/1292/1184 1084/1084/983 1291/1291/1183
f 1087/1087/986 1081/1081/980 1287/1287/1179
f 1293/1293/1185 1261/1261/1153 1294/1294/1186
f 1269/1269/1161 1294/1294/1186 1261/1261/1153
f 1294/1294/1186 1295/1295/1187 1296/1296/1188
f 1297/1297/1189 1298/1298/1190 1299/1299/1191
f 1270/1270/1162 1272/1272/1164 1300/1300/1192
f 1270/1270/1162 1300/1300/1192 1295/1295/1187
f 1300/1300/1192 1297/1297/1189 1295/1295/1187
f 1272/1272/1164 1301/1301/1193 1300/1300/1192
f 1301/1301/1193 1297/1297/1189 1300/1300/1192
f 1301/1301/1193 1101/1101/1000 1105/1105/1004
f 1297/1297/1189 1302/1302/1194 1298/1298/1190
f 1303/1303/1195 1304/1304/1196 1305/1305/1197
f 1306/1306/1198 1296/1296/1188 1307/1307/1199
f 1307/1307/1199 1296/1296/1188 1299/1299/1191
f 1298/1298/1190 1303/1303/1195 1299/1299/1191
f 1308/1308/1200 1303/1303/1195 1298/1298/1190
f 1308/1308/1200 1309/1309/1201 1310/1310/1202
f 1112/1112/1011 1302/1302/1194 1105/1105/1004
f 1308/1308/1200 1298/1298/1190 1302/1302/1194
f 1309/1309/1201 1112/1112/1011 1111/1111/1010
f 1276/1276/1168 1275/1275/1167 1311/1311/1203
f 1312/1312/1204 1313/1313/1205 1314/1314/1206
f 1314/1314/1206 1315/1315/1207 1312/1312/1204
f 1312/1312/1204 1315/1315/1207 1316/1316/1208
f 1317/1317/1209 1311/1311/1203 1312/1312/1204
f 1317/1317/1209 1318/1318/1210 1311/1311/1203
f 1319/1319/1211 1320/1320/1212 1321/1321/1213
f 1322/1322/1214 1292/1292/1184 1289/1289/1181
f 1318/1318/1210 1322/1322/1214 1289/1289/1181
f 1322/1322/1214 1318/1318/1210 1321/1321/1213
f 1323/1323/1215 1292/1292/1184 1322/1322/1214
f 1321/1321/1213 1323/1323/1215 1322/1322/1214
f 1125/1125/1020 1323/1323/1215 1129/1129/1024
f 1320/1320/1212 1324/1324/1216 1321/1321/1213
f 1319/1319/1211 1325/1325/1217 1326/1326/1218
f 1317/1317/1209 1325/1325/1217 1319/1319/1211
f 1326/1326/1218 1327/1327/1219 1328/1328/1220
f 1329/1329/1221 1328/1328/1220 1330/1330/1222
f 1329/1329/1221 1320/1320/1212 1328/1328/1220
f 1129/1129/1024 1324/1324/1216 1331/1331/1223
f 1332/1332/1224 1331/1331/1223 1324/1324/1216
f 1331/1331/1223 1332/1332/1224 1333/1333/1225
f 1334/1334/1226 1335/1335/1227 1336/1336/1228
f 1337/1337/1229 1338/1338/1230 1339/1339/1231
f 1340/1340/1232 1335/1335/1227 1341/1341/1233
f 1342/1342/1234 1335/1335/1227 1334/1334/1226
f 1343/1343/1235 1336/1336/1228 1344/1344/1236
f 1344/1344/1236 1345/1345/1237 1343/1343/1235
f 1346/1346/1238 1336/1336/1228 1343/1343/1235
f 1332/1332/1224 1329/1329/1221 1347/1347/1239
f 1348/1348/1240 1342/1342/1234 1334/1334/1226
f 1140/1140/1035 1333/1333/1225 1349/1349/1241
f 1349/1349/1241 1141/1141/1036 1140/1140/1035
f 1350/1350/1242 1351/1351/1243 1352/1352/1244
f 1353/1353/1245 1354/1354/1246 1355/1355/1247
f 1354/1354/1246 1356/1356/1248 1355/1355/1247
f 1356/1356/1248 1357/1357/1249 1355/1355/1247
f 1356/1356/1248 1304/1304/1196 1358/1358/1250
f 1310/1310/1202 1358/1358/1250 1304/1304/1196
f 1154/1154/1047 1359/1359/1251 1155/1155/1048
f 1154/1154/1047 1360/1360/1252 1359/1359/1251
f 1359/1359/1251 1358/1358/1250 1310/1310/1202
f 1111/1111/1010 1155/1155/1048 1309/1309/1201
f 1361/1361/1253 1362/1362/1254 1363/1363/1255
f 1364/1364/1256 1363/1363/1255 1362/1362/1254
f 1365/1365/1257 1366/1366/1258 1362/1362/1254
f 1367/1367/1259 1363/1363/1255 1364/1364/1256
f 1363/1363/1255 1368/1368/1260 1361/1361/1253
f 1369/1369/1261 1370/1370/1262 1371/1371/1263
f 1361/1361/1253 1372/1372/1264 1373/1373/1265
f 1361/1361/1253 1374/1374/1266 1372/1372/1264
f 1163/1163/1055 1360/1360/1252 1154/1154/1047
f 1369/1369/1261 1371/1371/1263 1360/1360/1252
f 1375/1375/1267 1163/1163/1055 1165/1165/1057
f 1376/1376/1268 1377/1377/1269 1378/1378/1270
f 1379/1379/1271 1380/1380/1272 1381/1381/1273
f 1381/1381/1273 1382/1382/1274 1379/1379/1271
f 1376/1376/1268 1383/1383/1275 1384/1384/1276
f 1385/1385/1277 1377/1377/1269 1376/1376/1268
f 1386/1386/1278 1350/1350/1242 1387/1387/1279
f 1387/1387/1279 1365/1365/1257 1386/1386/1278
f 1177/1177/1069 1179/1179/1071 1351/1351/1243
f 1177/1177/1069 1351/1351/1243 1183/1183/1075
f 1388/1388/1280 1350/1350/1242 1386/1386/1278
f 1183/1183/1075 1388/1388/1280 1189/1189/1081
f 1384/1384/1276 1385/1385/1277 1376/1376/1268
f 1386/1386/1278 1365/1365/1257 1373/1373/1265
f 1388/1388/1280 1386/1386/1278 1373/1373/1265
f 1372/1372/1264 1188/1188/1080 1189/1189/1081
f 1190/1190/1082 1374/1374/1266 1195/1195/1087
f 1389/1389/1281 1195/1195/1087 1374/1374/1266
f 1193/1193/1085 1195/1195/1087 1389/1389/1281
f 1390/1390/1282 1391/1391/1283 1392/1392/1284
f 1393/1393/1285 1394/1394/1286 1395/1395/1287
f 1392/1392/1284 1391/1391/1283 1396/1396/1288
f 1396/1396/1288 1397/1397/1289 1392/1392/1284
f 1398/1398/1290 1397/1397/1289 1396/1396/1288
f 1399/1399/1291 1391/1391/1283 1393/1393/1285
f 1395/1395/1287 1400/1400/1292 1393/1393/1285
f 1401/1401/1293 1240/1240/1132 1243/1243/1135
f 1399/1399/1291 1393/1393/1285 1401/1401/1293
f 1401/1401/1293 1243/1243/1135 1245/1245/1137
f 1399/1399/1291 1402/1402/1294 1403/1403/1295
f 1245/1245/1137 1244/1244/1136 1402/1402/1294
f 1404/1404/1296 1405/1405/1297 1255/1255/1147
f 1406/1406/1298 1259/1259/1151 1251/1251/1143
f 1404/1404/1296 1407/1407/1299 1408/1408/1300
f 1404/1404/1296 1255/1255/1147 1256/1256/1148
f 1404/1404/1296 1256/1256/1148 1407/1407/1299
f 1409/1409/1301 1410/1410/1302 1411/1411/1303
f 1412/1412/1304 1413/1413/1305 1403/1403/1295
f 1414/1414/1306 1410/1410/1302 1409/1409/1301
f 1402/1402/1294 1412/1412/1304 1403/1403/1295
f 1415/1415/1307 1416/1416/1308 1409/1409/1301
f 1409/1409/1301 1416/1416/1308 1417/1417/1309
f 1407/1407/1299 1417/1417/1309 1416/1416/1308
f 1418/1418/1310 1417/1417/1309 1262/1262/1154
f 1418/1418/1310 1262/1262/1154 1261/1261/1153
f 1419/1419/1311 1420/1420/1312 1421/1421/1313
f 1422/1422/1314 1420/1420/1312 1419/1419/1311
f 1421/1421/1313 1423/1423/1315 1419/1419/1311
f 1424/1424/1316 1420/1420/1312 1422/1422/1314
f 1422/1422/1314 1419/1419/1311 1425/1425/1317
f 1419/1419/1311 1423/1423/1315 1425/1425/1317
f 1426/1426/1318 1427/1427/1319 1428/1428/1320
f 1429/1429/1321 1430/1430/1322 1431/1431/1323
f 1421/1421/1313 1432/1432/1324 1431/1431/1323
f 1433/1433/1325 1428/1428/1320 1434/1434/1326
f 1435/1435/1327 1434/1434/1326 1436/1436/1328
f 1435/1435/1327 1437/1437/1329 1434/1434/1326
f 1438/1438/1330 1424/1424/1316 1439/1439/1331
f 1439/1439/1331 1424/1424/1316 1394/1394/1286
f 1439/1439/1331 1394/1394/1286 1390/1390/1282
f 1440/1440/1332 1441/1441/1333 1442/1442/1334
f 1443/1443/1335 1442/1442/1334 1441/1441/1333
f 1283/1283/1175 1240/1240/1132 1400/1400/1292
f 1444/1444/1336 1400/1400/1292 1395/1395/1287
f 1445/1445/1337 1446/1446/1337 1447/1447/1337
f 1448/1448/1338 1449/1449/1339 1281/1281/1173
f 1437/1437/1329 1449/1449/1339 1450/1450/1340
f 1449/1449/1339 1274/1274/1166 1281/1281/1173
f 1437/1437/1329 1274/1274/1166 1449/1449/1339
f 1443/1443/1335 1411/1411/1303 1442/1442/1334
f 1440/1440/1332 1442/1442/1334 1451/1451/1341
f 1451/1451/1341 1442/1442/1334 1411/1411/1303
f 1414/1414/1306 1452/1452/1342 1410/1410/1302
f 1452/1452/1342 1453/1453/1343 1454/1454/1344
f 1455/1455/1345 1454/1454/1344 1456/1456/1346
f 1418/1418/1310 1457/1457/1347 1414/1414/1306
f 1452/1452/1342 1458/1458/1348 1453/1453/1343
f 1454/1454/1344 1453/1453/1343 1459/1459/1349
f 1460/1460/1350 1461/1461/1351 1459/1459/1349
f 1462/1462/1352 1459/1459/1349 1453/1453/1343
f 1462/1462/1352 1453/1453/1343 1458/1458/1348
f 1457/1457/1347 1293/1293/1185 1463/1463/1353
f 1457/1457/1347 1463/1463/1353 1458/1458/1348
f 1458/1458/1348 1463/1463/1353 1464/1464/1354
f 1293/1293/1185 1306/1306/1198 1463/1463/1353
f 1306/1306/1198 1464/1464/1354 1463/1463/1353
f 1465/1465/1355 1466/1466/1356 1462/1462/1352
f 1466/1466/1356 1465/1465/1355 1467/1467/1357
f 1465/1465/1355 1464/1464/1354 1468/1468/1358
f 1468/1468/1358 1305/1305/1197 1469/1469/1359
f 1307/1307/1199 1305/1305/1197 1468/1468/1358
f 1470/1470/1360 1471/1471/1361 1472/1472/1362
f 1473/1473/1363 1470/1470/1360 1472/1472/1362
f 1474/1474/1364 1473/1473/1363 1472/1472/1362
f 1473/1473/1363 1475/1475/1365 1427/1427/1319
f 1436/1436/1328 1427/1427/1319 1475/1475/1365
f 1313/1313/1205 1476/1476/1366 1314/1314/1206
f 1476/1476/1366 1477/1477/1367 1314/1314/1206
f 1436/1436/1328 1475/1475/1365 1476/1476/1366
f 1313/1313/1205 1275/1275/1167 1435/1435/1327
f 1478/1478/1368 1479/1479/1369 1480/1480/1370
f 1471/1471/1361 1481/1481/1371 1472/1472/1362
f 1472/1472/1362 1481/1481/1371 1474/1474/1364
f 1474/1474/1364 1480/1480/1370 1482/1482/1372
f 1482/1482/1372 1480/1480/1370 1483/1483/1373
f 1484/1484/1374 1483/1483/1373 1485/1485/1375
f 1314/1314/1206 1477/1477/1367 1315/1315/1207
f 1477/1477/1367 1482/1482/1372 1483/1483/1373
f 1486/1486/1376 1487/1487/1377 1488/1488/1378
f 1325/1325/1217 1316/1316/1208 1488/1488/1378
f 1488/1488/1378 1316/1316/1208 1486/1486/1376
f 1489/1489/1379 1490/1490/1380 1491/1491/1381
f 1326/1326/1218 1489/1489/1379 1327/1327/1219
f 1327/1327/1219 1489/1489/1379 1491/1491/1381
f 1466/1466/1356 1492/1492/1382 1460/1460/1350
f 1493/1493/1383 1494/1494/1384 1495/1495/1385
f 1495/1495/1385 1496/1496/1386 1493/1493/1383
f 1497/1497/1387 1498/1498/1388 1499/1499/1389
f 1500/1500/1390 1497/1497/1387 1499/1499/1389
f 1501/1501/1391 1502/1502/1392 1503/1503/1393
f 1337/1337/1229 1339/1339/1231 1503/1503/1393
f 1503/1503/1393 1339/1339/1231 1501/1501/1391
f 1504/1504/1394 1505/1505/1395 1506/1506/1396
f 1507/1507/1397 1497/1497/1387 1500/1500/1390
f 1506/1506/1396 1507/1507/1397 1508/1508/1398
f 1495/1495/1385 1492/1492/1382 1509/1509/1399
f 1492/1492/1382 1510/1510/1400 1509/1509/1399
f 1510/1510/1400 1511/1511/1401 1509/1509/1399
f 1469/1469/1359 1305/1305/1197 1354/1354/1246
f 1467/1467/1357 1469/1469/1359 1512/1512/1402
f 1467/1467/1357 1512/1512/1402 1510/1510/1400
f 1353/1353/1245 1513/1513/1403 1512/1512/1402
f 1509/1509/1399 1514/1514/1404 1495/1495/1385
f 1515/1515/1405 1516/1516/1406 1500/1500/1390
f 1509/1509/1399 1511/1511/1401 1514/1514/1404
f 1517/1517/1407 1508/1508/1398 1518/1518/1408
f 1518/1518/1408 1508/1508/1398 1507/1507/1397
f 1519/1519/1409 1479/1479/1369 1478/1478/1368
f 1485/1485/1375 1479/1479/1369 1520/1520/1410
f 1521/1521/1411 1522/1522/1412 1520/1520/1410
f 1521/1521/1411 1519/1519/1409 1523/1523/1413
f 1524/1524/1414 1484/1484/1374 1485/1485/1375
f 1524/1524/1414 1486/1486/1376 1484/1484/1374
f 1520/1520/1410 1522/1522/1412 1525/1525/1415
f 1526/1526/1416 1527/1527/1417 1528/1528/1418
f 1526/1526/1416 1528/1528/1418 1529/1529/1419
f 1521/1521/1411 1523/1523/1413 1529/1529/1419
f 1530/1530/1420 1531/1531/1421 1532/1532/1422
f 1528/1528/1418 1527/1527/1417 1532/1532/1422
f 1525/1525/1415 1522/1522/1412 1531/1531/1421
f 1487/1487/1377 1533/1533/1423 1490/1490/1380
f 1525/1525/1415 1534/1534/1424 1524/1524/1414
f 1534/1534/1424 1525/1525/1415 1535/1535/1425
f 1533/1533/1423 1487/1487/1377 1534/1534/1424
f 1491/1491/1381 1490/1490/1380 1380/1380/1272
f 1533/1533/1423 1536/1536/1426 1381/1381/1273
f 1537/1537/1427 1538/1538/1428 1539/1539/1429
f 1530/1530/1420 1540/1540/1430 1531/1531/1421
f 1541/1541/1431 1542/1542/1432 1543/1543/1433
f 1544/1544/1434 1545/1545/1435 1546/1546/1436
f 1547/1547/1437 1540/1540/1430 1539/1539/1429
f 1536/1536/1426 1535/1535/1425 1547/1547/1437
f 1540/1540/1430 1547/1547/1437 1535/1535/1425
f 1547/1547/1437 1539/1539/1429 1548/1548/1438
f 1548/1548/1438 1536/1536/1426 1547/1547/1437
f 1545/1545/1435 1549/1549/1439 1550/1550/1440
f 1551/1551/1441 1545/1545/1435 1544/1544/1434
f 1383/1383/1275 1551/1551/1441 1384/1384/1276
f 1552/1552/1442 1553/1553/1443 1554/1554/1444
f 1553/1553/1443 1555/1555/1445 1554/1554/1444
f 1553/1553/1443 1556/1556/1446 1555/1555/1445
f 1557/1557/1447 1558/1558/1448 1559/1559/1449
f 1555/1555/1445 1560/1560/1450 1561/1561/1451
f 1499/1499/1389 1558/1558/1448 1557/1557/1447
f 1556/1556/1446 1559/1559/1449 1558/1558/1448
f 1502/1502/1392 1562/1562/1452 1563/1563/1453
f 1377/1377/1269 1502/1502/1392 1501/1501/1391
f 1564/1564/1454 1565/1565/1455 1561/1561/1451
f 1562/1562/1452 1566/1566/1456 1563/1563/1453
f 1563/1563/1453 1566/1566/1456 1498/1498/1388
f 1566/1566/1456 1562/1562/1452 1561/1561/1451
f 1566/1566/1456 1560/1560/1450 1498/1498/1388
f 1561/1561/1451 1560/1560/1450 1566/1566/1456
f 1541/1541/1431 1565/1565/1455 1544/1544/1434
f 1554/1554/1444 1565/1565/1455 1541/1541/1431
f 1385/1385/1277 1384/1384/1276 1564/1564/1454
f 1564/1564/1454 1384/1384/1276 1551/1551/1441
f 1567/1567/1457 1527/1527/1417 1526/1526/1416
f 1568/1568/1458 1569/1569/1459 1570/1570/1460
f 1567/1567/1457 1569/1569/1459 1527/1527/1417
f 1527/1527/1417 1569/1569/1459 1532/1532/1422
f 1571/1571/1461 1572/1572/1462 1570/1570/1460
f 1570/1570/1460 1572/1572/1462 1573/1573/1463
f 1530/1530/1420 1568/1568/1458 1537/1537/1427
f 1574/1574/1464 1568/1568/1458 1570/1570/1460
f 1575/1575/1465 1576/1576/1466 1577/1577/1467
f 1578/1578/1468 1579/1579/1469 1574/1574/1464
f 1576/1576/1466 1580/1580/1470 1546/1546/1436
f 1581/1581/1471 1575/1575/1465 1582/1582/1472
f 1546/1546/1436 1580/1580/1470 1542/1542/1432
f 1581/1581/1471 1583/1583/1473 1580/1580/1470
f 1582/1582/1472 1584/1584/1474 1585/1585/1475
f 1574/1574/1464 1586/1586/1476 1578/1578/1468
f 1585/1585/1475 1581/1581/1471 1582/1582/1472
f 1583/1583/1473 1587/1587/1477 1588/1588/1478
f 1589/1589/1479 1590/1590/1480 1583/1583/1473
f 1588/1588/1478 1589/1589/1479 1583/1583/1473
f 1591/1591/1481 1390/1390/1282 1592/1592/1482
f 1592/1592/1482 1390/1390/1282 1392/1392/1284
f 1593/1593/1483 1591/1591/1481 1592/1592/1482
f 1592/1592/1482 1392/1392/1284 1397/1397/1289
f 1593/1593/1483 1592/1592/1482 1397/1397/1289
f 1593/1593/1483 1397/1397/1289 1398/1398/1290
f 1594/1594/1484 1595/1595/1485 1432/1432/1324
f 1596/1596/1486 1595/1595/1485 1594/1594/1484
f 1595/1595/1485 1597/1597/1487 1432/1432/1324
f 1595/1595/1485 1596/1596/1486 1598/1598/1488
f 1594/1594/1484 1438/1438/1330 1596/1596/1486
f 1598/1598/1488 1597/1597/1487 1595/1595/1485
f 1599/1599/1489 1600/1600/1490 1601/1601/1491
f 1602/1602/1492 1603/1603/1493 1604/1604/1494
f 1602/1602/1492 1605/1605/1495 1603/1603/1493
f 1606/1606/1496 1429/1429/1321 1607/1607/1497
f 1607/1607/1497 1429/1429/1321 1431/1431/1323
f 1602/1602/1492 1607/1607/1497 1597/1597/1487
f 1608/1608/1498 1609/1609/1499 1610/1610/1500
f 1610/1610/1500 1611/1611/1501 1608/1608/1498
f 1596/1596/1486 1438/1438/1330 1612/1612/1502
f 1596/1596/1486 1612/1612/1502 1598/1598/1488
f 1613/1613/1503 1610/1610/1500 1612/1612/1502
f 1591/1591/1481 1614/1614/1504 1613/1613/1503
f 1613/1613/1503 1614/1614/1504 1610/1610/1500
f 1614/1614/1504 1615/1615/1505 1616/1616/1506
f 1600/1600/1490 1599/1599/1489 1617/1617/1507
f 1617/1617/1507 1608/1608/1498 1618/1618/1508
f 1605/1605/1495 1609/1609/1499 1599/1599/1489
f 1619/1619/1509 1620/1620/1510 1618/1618/1508
f 1621/1621/1511 1622/1622/1512 1623/1623/1513
f 1624/1624/1514 1623/1623/1513 1625/1625/1515
f 1598/1598/1488 1609/1609/1499 1605/1605/1495
f 1624/1624/1514 1625/1625/1515 1626/1626/1516
f 1627/1627/1517 1451/1451/1341 1455/1455/1345
f 1628/1628/1518 1440/1440/1332 1629/1629/1519
f 1628/1628/1518 1629/1629/1519 1626/1626/1516
f 1626/1626/1516 1629/1629/1519 1630/1630/1520
f 1627/1627/1517 1455/1455/1345 1456/1456/1346
f 1627/1627/1517 1456/1456/1346 1631/1631/1521
f 1632/1632/1522 1633/1633/1523 1634/1634/1524
f 1635/1635/1525 1636/1636/1526 1624/1624/1514
f 1637/1637/1527 1633/1633/1523 1632/1632/1522
f 1635/1635/1525 1638/1638/1528 1632/1632/1522
f 1631/1631/1521 1638/1638/1528 1630/1630/1520
f 1635/1635/1525 1630/1630/1520 1638/1638/1528
f 1632/1632/1522 1638/1638/1528 1639/1639/1529
f 1631/1631/1521 1639/1639/1529 1638/1638/1528
f 1640/1640/1530 1639/1639/1529 1461/1461/1351
f 1640/1640/1530 1461/1461/1351 1460/1460/1350
f 1641/1641/1531 1642/1642/1532 1643/1643/1533
f 1644/1644/1534 1645/1645/1535 1601/1601/1491
f 1646/1646/1536 1645/1645/1535 1647/1647/1537
f 1601/1601/1491 1645/1645/1535 1603/1603/1493
f 1643/1643/1533 1642/1642/1532 1648/1648/1538
f 1649/1649/1539 1650/1650/1540 1651/1651/1541
f 1606/1606/1496 1652/1652/1542 1649/1649/1539
f 1604/1604/1494 1652/1652/1542 1606/1606/1496
f 1649/1649/1539 1652/1652/1542 1643/1643/1533
f 1604/1604/1494 1646/1646/1536 1652/1652/1542
f 1646/1646/1536 1643/1643/1533 1652/1652/1542
f 1653/1653/1543 1654/1654/1544 1655/1655/1545
f 1656/1656/1546 1642/1642/1532 1653/1653/1543
f 1653/1653/1543 1642/1642/1532 1641/1641/1531
f 1647/1647/1537 1657/1657/1547 1641/1641/1531
f 1647/1647/1537 1658/1658/1548 1657/1657/1547
f 1648/1648/1538 1642/1642/1532 1656/1656/1546
f 1659/1659/1549 1660/1660/1550 1661/1661/1551
f 1662/1662/1552 1478/1478/1368 1660/1660/1550
f 1660/1660/1550 1478/1478/1368 1481/1481/1371
f 1636/1636/1526 1663/1663/1553 1621/1621/1511
f 1664/1664/1554 1665/1665/1555 1666/1666/1556
f 1666/1666/1556 1667/1667/1557 1664/1664/1554
f 1668/1668/1558 1667/1667/1557 1666/1666/1556
f 1636/1636/1526 1634/1634/1524 1663/1663/1553
f 1666/1666/1556 1663/1663/1553 1669/1669/1559
f 1634/1634/1524 1633/1633/1523 1670/1670/1560
f 1670/1670/1560 1671/1671/1561 1669/1669/1559
f 1670/1670/1560 1633/1633/1523 1672/1672/1562
f 1637/1637/1527 1672/1672/1562 1633/1633/1523
f 1493/1493/1383 1673/1673/1563 1494/1494/1384
f 1493/1493/1383 1674/1674/1564 1673/1673/1563
f 1673/1673/1563 1672/1672/1562 1637/1637/1527
f 1460/1460/1350 1494/1494/1384 1640/1640/1530
f 1675/1675/1565 1669/1669/1559 1671/1671/1561
f 1676/1676/1566 1677/1677/1567 1678/1678/1568
f 1679/1679/1569 1680/1680/1570 1671/1671/1561
f 1680/1680/1570 1681/1681/1571 1678/1678/1568
f 1681/1681/1571 1680/1680/1570 1679/1679/1569
f 1678/1678/1568 1682/1682/1572 1676/1676/1566
f 1683/1683/1573 1684/1684/1574 1685/1685/1575
f 1496/1496/1386 1674/1674/1564 1493/1493/1383
f 1681/1681/1571 1679/1679/1569 1674/1674/1564
f 1686/1686/1576 1496/1496/1386 1687/1687/1577
f 1688/1688/1578 1689/1689/1579 1690/1690/1580
f 1691/1691/1581 1688/1688/1578 1690/1690/1580
f 1692/1692/1582 1693/1693/1583 1694/1694/1584
f 1695/1695/1585 1696/1696/1586 1697/1697/1587
f 1695/1695/1585 1655/1655/1545 1654/1654/1544
f 1698/1698/1588 1699/1699/1589 1693/1693/1583
f 1700/1700/1590 1662/1662/1552 1694/1694/1584
f 1693/1693/1583 1700/1700/1590 1694/1694/1584
f 1701/1701/1591 1662/1662/1552 1700/1700/1590
f 1519/1519/1409 1701/1701/1591 1523/1523/1413
f 1701/1701/1591 1702/1702/1592 1523/1523/1413
f 1688/1688/1578 1699/1699/1589 1698/1698/1588
f 1703/1703/1593 1691/1691/1581 1704/1704/1594
f 1705/1705/1595 1699/1699/1589 1703/1703/1593
f 1702/1702/1592 1705/1705/1595 1706/1706/1596
f 1703/1703/1593 1706/1706/1596 1705/1705/1595
f 1707/1707/1597 1526/1526/1416 1706/1706/1596
f 1529/1529/1419 1523/1523/1413 1702/1702/1592
f 1542/1542/1432 1708/1708/1598 1543/1543/1433
f 1676/1676/1566 1709/1709/1599 1677/1677/1567
f 1710/1710/1600 1711/1711/1601 1712/1712/1602
f 1711/1711/1601 1713/1713/1603 1677/1677/1567
f 1709/1709/1599 1714/1714/1604 1712/1712/1602
f 1676/1676/1566 1682/1682/1572 1715/1715/1605
f 1676/1676/1566 1715/1715/1605 1709/1709/1599
f 1552/1552/1442 1716/1716/1606 1717/1717/1607
f 1718/1718/1608 1684/1684/1574 1719/1719/1609
f 1720/1720/1610 1719/1719/1609 1684/1684/1574
f 1687/1687/1577 1721/1721/1611 1686/1686/1576
f 1722/1722/1612 1723/1723/1613 1724/1724/1614
f 1710/1710/1600 1712/1712/1602 1725/1725/1615
f 1725/1725/1615 1726/1726/1616 1727/1727/1617
f 1722/1722/1612 1728/1728/1618 1729/1729/1619
f 1729/1729/1619 1728/1728/1618 1716/1716/1606
f 1729/1729/1619 1708/1708/1598 1730/1730/1620
f 1552/1552/1442 1543/1543/1433 1716/1716/1606
f 1731/1731/1621 1732/1732/1622 1690/1690/1580
f 1691/1691/1581 1690/1690/1580 1732/1732/1622
f 1733/1733/1623 1734/1734/1624 1735/1735/1625
f 1736/1736/1626 1733/1733/1623 1735/1735/1625
f 1737/1737/1627 1738/1738/1628 1732/1732/1622
f 1739/1739/1629 1740/1740/1630 1741/1741/1631
f 1742/1742/1632 1707/1707/1597 1704/1704/1594
f 1738/1738/1628 1742/1742/1632 1704/1704/1594
f 1742/1742/1632 1738/1738/1628 1741/1741/1631
f 1743/1743/1633 1707/1707/1597 1742/1742/1632
f 1741/1741/1631 1743/1743/1633 1742/1742/1632
f 1567/1567/1457 1743/1743/1633 1571/1571/1461
f 1740/1740/1630 1744/1744/1634 1741/1741/1631
f 1745/1745/1635 1746/1746/1636 1739/1739/1629
f 1736/1736/1626 1745/1745/1635 1733/1733/1623
f 1736/1736/1626 1747/1747/1637 1745/1745/1635
f 1739/1739/1629 1746/1746/1636 1740/1740/1630
f 1740/1740/1630 1746/1746/1636 1748/1748/1638
f 1749/1749/1639 1748/1748/1638 1750/1750/1640
f 1571/1571/1461 1744/1744/1634 1572/1572/1462
f 1744/1744/1634 1740/1740/1630 1748/1748/1638
f 1590/1590/1480 1708/1708/1598 1542/1542/1432
f 1751/1751/1641 1752/1752/1642 1753/1753/1643
f 1754/1754/1644 1751/1751/1641 1753/1753/1643
f 1755/1755/1645 1756/1756/1646 1757/1757/1647
f 1758/1758/1648 1759/1759/1649 1760/1760/1650
f 1586/1586/1476 1573/1573/1463 1761/1761/1651
f 1761/1761/1651 1573/1573/1463 1762/1762/1652
f 1763/1763/1653 1753/1753/1643 1764/1764/1654
f 1759/1759/1649 1764/1764/1654 1753/1753/1643
f 1585/1585/1475 1764/1764/1654 1587/1587/1477
f 1765/1765/1655 1759/1759/1649 1758/1758/1648
f 1587/1587/1477 1765/1765/1655 1588/1588/1478
f 1730/1730/1620 1766/1766/1656 1723/1723/1613
f 1767/1767/1657 1768/1768/1658 1769/1769/1659
f 1768/1768/1658 1724/1724/1614 1723/1723/1613
f 1766/1766/1656 1770/1770/1660 1769/1769/1659
f 1730/1730/1620 1771/1771/1661 1766/1766/1656
f 1590/1590/1480 1589/1589/1479 1771/1771/1661
f 1589/1589/1479 1772/1772/1662 1771/1771/1661
f 1755/1755/1645 1770/1770/1660 1758/1758/1648
f 1769/1769/1659 1770/1770/1660 1755/1755/1645
f 1589/1589/1479 1588/1588/1478 1772/1772/1662
f 1772/1772/1662 1588/1588/1478 1765/1765/1655
f 1773/1773/1663 1774/1774/1664 1735/1735/1625
f 1736/1736/1626 1735/1735/1625 1774/1774/1664
f 1736/1736/1626 1774/1774/1664 1747/1747/1637
f 1775/1775/1665 1776/1776/1666 1747/1747/1637
f 1777/1777/1667 1775/1775/1665 1778/1778/1668
f 1779/1779/1669 1780/1780/1670 1781/1781/1671
f 1782/1782/1672 1775/1775/1665 1777/1777/1667
f 1783/1783/1673 1784/1784/1674 1785/1785/1675
f 1782/1782/1672 1786/1786/1676 1784/1784/1674
f 1787/1787/1677 1749/1749/1639 1750/1750/1640
f 1787/1787/1677 1750/1750/1640 1783/1783/1673
f 1787/1787/1677 1762/1762/1652 1749/1749/1639
f 1788/1788/1678 1789/1789/1679 1778/1778/1668
f 1777/1777/1667 1789/1789/1679 1790/1790/1680
f 1778/1778/1668 1789/1789/1679 1777/1777/1667
f 1790/1790/1680 1782/1782/1672 1777/1777/1667
f 1781/1781/1671 1791/1791/1681 1792/1792/1682
f 1793/1793/1683 1779/1779/1669 1781/1781/1671
f 1794/1794/1684 1752/1752/1642 1751/1751/1641
f 1795/1795/1685 1794/1794/1684 1793/1793/1683
f 1756/1756/1646 1796/1796/1686 1797/1797/1687
f 1752/1752/1642 1796/1796/1686 1760/1760/1650
f 1798/1798/1688 1794/1794/1684 1795/1795/1685
f 1760/1760/1650 1796/1796/1686 1756/1756/1646
f 1799/1799/1689 1800/1800/1690 1754/1754/1644
f 1800/1800/1690 1801/1801/1691 1754/1754/1644
f 1795/1795/1685 1802/1802/1692 1803/1803/1693
f 1793/1793/1683 1802/1802/1692 1795/1795/1685
f 1803/1803/1693 1798/1798/1688 1795/1795/1685
f 1798/1798/1688 1803/1803/1693 1804/1804/1694
f 1600/1600/1490 1805/1805/1695 1601/1601/1491
f 1806/1806/1696 1807/1807/1697 1805/1805/1695
f 1806/1806/1696 1600/1600/1490 1617/1617/1507
f 1805/1805/1695 1600/1600/1490 1806/1806/1696
f 1808/1808/1698 1809/1809/1699 1810/1810/1700
f 1810/1810/1700 1618/1618/1508 1620/1620/1510
f 1811/1811/1701 1812/1812/1702 1622/1622/1512
f 1811/1811/1701 1622/1622/1512 1621/1621/1511
f 1644/1644/1534 1813/1813/1703 1658/1658/1548
f 1814/1814/1704 1813/1813/1703 1644/1644/1534
f 1813/1813/1703 1815/1815/1705 1658/1658/1548
f 1813/1813/1703 1814/1814/1704 1816/1816/1706
f 1816/1816/1706 1815/1815/1705 1813/1813/1703
f 1817/1817/1707 1818/1818/1708 1819/1819/1709
f 1817/1817/1707 1819/1819/1709 1820/1820/1710
f 1821/1821/1711 1822/1822/1712 1823/1823/1713
f 1824/1824/1714 1821/1821/1711 1823/1823/1713
f 1820/1820/1710 1825/1825/1715 1817/1817/1707
f 1826/1826/1716 1654/1654/1544 1657/1657/1547
f 1824/1824/1714 1817/1817/1707 1826/1826/1716
f 1824/1824/1714 1826/1826/1716 1815/1815/1705
f 1827/1827/1717 1828/1828/1718 1829/1829/1719
f 1829/1829/1719 1830/1830/1720 1827/1827/1717
f 1831/1831/1721 1807/1807/1697 1809/1809/1699
f 1814/1814/1704 1832/1832/1722 1816/1816/1706
f 1807/1807/1697 1831/1831/1721 1832/1832/1722
f 1831/1831/1721 1829/1829/1719 1832/1832/1722
f 1811/1811/1701 1665/1665/1555 1833/1833/1723
f 1621/1621/1511 1665/1665/1555 1811/1811/1701
f 1834/1834/1724 1835/1835/1725 1836/1836/1726
f 1827/1827/1717 1837/1837/1727 1838/1838/1728
f 1838/1838/1728 1828/1828/1718 1827/1827/1717
f 1838/1838/1728 1839/1839/1729 1822/1822/1712
f 1836/1836/1726 1840/1840/1730 1841/1841/1731
f 1842/1842/1732 1840/1840/1730 1836/1836/1726
f 1816/1816/1706 1828/1828/1718 1821/1821/1711
f 1842/1842/1732 1843/1843/1733 1844/1844/1734
f 1667/1667/1557 1835/1835/1725 1664/1664/1554
f 1842/1842/1732 1836/1836/1726 1835/1835/1725
f 1845/1845/1735 1846/1846/1736 1847/1847/1737
f 1845/1845/1735 1668/1668/1558 1675/1675/1565
f 1847/1847/1737 1668/1668/1558 1845/1845/1735
f 1845/1845/1735 1713/1713/1603 1846/1846/1736
f 1675/1675/1565 1713/1713/1603 1845/1845/1735
f 1689/1689/1579 1848/1848/1738 1690/1690/1580
f 1819/1819/1709 1849/1849/1739 1820/1820/1710
f 1850/1850/1740 1849/1849/1739 1819/1819/1709
f 1819/1819/1709 1818/1818/1708 1850/1850/1740
f 1851/1851/1741 1852/1852/1742 1853/1853/1743
f 1823/1823/1713 1852/1852/1742 1818/1818/1708
f 1850/1850/1740 1854/1854/1744 1855/1855/1745
f 1854/1854/1744 1852/1852/1742 1851/1851/1741
f 1695/1695/1585 1654/1654/1544 1825/1825/1715
f 1856/1856/1746 1825/1825/1715 1820/1820/1710
f 1849/1849/1739 1856/1856/1746 1820/1820/1710
f 1856/1856/1746 1857/1857/1747 1696/1696/1586
f 1858/1858/1748 1859/1859/1749 1860/1860/1750
f 1861/1861/1751 1862/1862/1752 1858/1858/1748
f 1858/1858/1748 1862/1862/1752 1855/1855/1745
f 1854/1854/1744 1863/1863/1753 1855/1855/1745
f 1864/1864/1754 1865/1865/1755 1851/1851/1741
f 1857/1857/1747 1862/1862/1752 1861/1861/1751
f 1866/1866/1756 1867/1867/1757 1848/1848/1738
f 1857/1857/1747 1868/1868/1758 1696/1696/1586
f 1822/1822/1712 1839/1839/1729 1853/1853/1743
f 1869/1869/1759 1853/1853/1743 1839/1839/1729
f 1870/1870/1760 1871/1871/1761 1872/1872/1762
f 1873/1873/1763 1871/1871/1761 1874/1874/1764
f 1872/1872/1762 1871/1871/1761 1875/1875/1765
f 1843/1843/1733 1876/1876/1766 1844/1844/1734
f 1876/1876/1766 1875/1875/1765 1844/1844/1734
f 1843/1843/1733 1847/1847/1737 1876/1876/1766
f 1877/1877/1767 1864/1864/1754 1851/1851/1741
f 1870/1870/1760 1878/1878/1768 1879/1879/1769
f 1880/1880/1770 1881/1881/1771 1882/1882/1772
f 1875/1875/1765 1883/1883/1773 1872/1872/1762
f 1870/1870/1760 1872/1872/1762 1884/1884/1774
f 1872/1872/1762 1883/1883/1773 1884/1884/1774
f 1883/1883/1773 1885/1885/1775 1884/1884/1774
f 1846/1846/1736 1713/1713/1603 1711/1711/1601
f 1710/1710/1600 1886/1886/1776 1887/1887/1777
f 1884/1884/1774 1882/1882/1772 1870/1870/1760
f 1884/1884/1774 1885/1885/1775 1882/1882/1772
f 1880/1880/1770 1888/1888/1778 1889/1889/1779
f 1888/1888/1778 1885/1885/1775 1886/1886/1776
f 1888/1888/1778 1886/1886/1776 1890/1890/1780
f 1890/1890/1780 1727/1727/1617 1891/1891/1781
f 1725/1725/1615 1727/1727/1617 1890/1890/1780
f 1690/1690/1580 1848/1848/1738 1731/1731/1621
f 1892/1892/1782 1893/1893/1783 1894/1894/1784
f 1895/1895/1785 1896/1896/1786 1897/1897/1787
f 1895/1895/1785 1898/1898/1788 1896/1896/1786
f 1899/1899/1789 1895/1895/1785 1897/1897/1787
f 1899/1899/1789 1900/1900/1790 1895/1895/1785
f 1895/1895/1785 1900/1900/1790 1898/1898/1788
f 1860/1860/1750 1901/1901/1791 1902/1902/1792
f 1903/1903/1793 1904/1904/1794 1905/1905/1795
f 1903/1903/1793 1860/1860/1750 1859/1859/1749
f 1906/1906/1796 1907/1907/1797 1908/1908/1798
f 1908/1908/1798 1909/1909/1799 1867/1867/1757
f 1909/1909/1799 1910/1910/1800 1731/1731/1621
f 1909/1909/1799 1911/1911/1801 1910/1910/1800
f 1898/1898/1788 1907/1907/1797 1892/1892/1782
f 1892/1892/1782 1907/1907/1797 1906/1906/1796
f 1911/1911/1801 1734/1734/1624 1910/1910/1800
f 1900/1900/1790 1734/1734/1624 1911/1911/1801
f 1912/1912/1802 1881/1881/1771 1913/1913/1803
f 1880/1880/1770 1913/1913/1803 1881/1881/1771
f 1756/1756/1646 1914/1914/1804 1757/1757/1647
f 1913/1913/1803 1915/1915/1805 1916/1916/1806
f 1915/1915/1805 1917/1917/1807 1916/1916/1806
f 1891/1891/1781 1727/1727/1617 1918/1918/1808
f 1889/1889/1779 1891/1891/1781 1919/1919/1809
f 1889/1889/1779 1919/1919/1809 1915/1915/1805
f 1767/1767/1657 1920/1920/1810 1921/1921/1811
f 1922/1922/1812 1923/1923/1813 1924/1924/1814
f 1925/1925/1815 1916/1916/1806 1926/1926/1816
f 1926/1926/1816 1927/1927/1817 1928/1928/1818
f 1922/1922/1812 1929/1929/1819 1930/1930/1820
f 1930/1930/1820 1929/1929/1819 1920/1920/1810
f 1930/1930/1820 1914/1914/1804 1931/1931/1821
f 1767/1767/1657 1757/1757/1647 1920/1920/1810
f 1932/1932/1822 1933/1933/1823 1894/1894/1784
f 1934/1934/1824 1933/1933/1823 1935/1935/1825
f 1935/1935/1825 1936/1936/1826 1934/1934/1824
f 1894/1894/1784 1933/1933/1823 1896/1896/1786
f 1937/1937/1827 1899/1899/1789 1897/1897/1787
f 1934/1934/1824 1936/1936/1826 1938/1938/1828
f 1939/1939/1829 1940/1940/1830 1941/1941/1831
f 1939/1939/1829 1941/1941/1831 1942/1942/1832
f 1935/1935/1825 1943/1943/1833 1942/1942/1832
f 1936/1936/1826 1941/1941/1831 1944/1944/1834
f 1945/1945/1835 1944/1944/1834 1946/1946/1836
f 1945/1945/1835 1947/1947/1837 1944/1944/1834
f 1945/1945/1835 1948/1948/1838 1947/1947/1837
f 1937/1937/1827 1949/1949/1839 1773/1773/1663
f 1938/1938/1828 1949/1949/1839 1937/1937/1827
f 1949/1949/1839 1938/1938/1828 1950/1950/1840
f 1949/1949/1839 1788/1788/1678 1773/1773/1663
f 1949/1949/1839 1950/1950/1840 1788/1788/1678
f 1947/1947/1837 1950/1950/1840 1938/1938/1828
f 1948/1948/1838 1951/1951/1841 1952/1952/1842
f 1953/1953/1843 1954/1954/1844 1955/1955/1845
f 1790/1790/1680 1953/1953/1843 1956/1956/1846
f 1956/1956/1846 1953/1953/1843 1955/1955/1845
f 1804/1804/1694 1957/1957/1847 1797/1797/1687
f 1797/1797/1687 1957/1957/1847 1958/1958/1848
f 1804/1804/1694 1959/1959/1849 1957/1957/1847
f 1958/1958/1848 1957/1957/1847 1960/1960/1850
f 1957/1957/1847 1959/1959/1849 1960/1960/1850
f 1961/1961/1851 1962/1962/1852 1963/1963/1853
f 1964/1964/1854 1965/1965/1855 1963/1963/1853
f 1962/1962/1852 1964/1964/1854 1963/1963/1853
f 1966/1966/1856 1967/1967/1857 1968/1968/1858
f 1802/1802/1692 1792/1792/1682 1968/1968/1858
f 1968/1968/1858 1792/1792/1682 1966/1966/1856
f 1959/1959/1849 1969/1969/1859 1964/1964/1854
f 1931/1931/1821 1970/1970/1860 1923/1923/1813
f 1971/1971/1861 1972/1972/1862 1973/1973/1863
f 1972/1972/1862 1924/1924/1814 1923/1923/1813
f 1970/1970/1860 1974/1974/1864 1973/1973/1863
f 1914/1914/1804 1958/1958/1848 1931/1931/1821
f 1960/1960/1850 1974/1974/1864 1970/1970/1860
f 1975/1975/1865 1976/1976/1866 1977/1977/1867
f 1971/1971/1861 1973/1973/1863 1978/1978/1868
f 1978/1978/1868 1975/1975/1865 1977/1977/1867
f 1961/1961/1851 1976/1976/1866 1975/1975/1865
f 1962/1962/1852 1974/1974/1864 1960/1960/1850
f 1979/1979/1869 1940/1940/1830 1939/1939/1829
f 1946/1946/1836 1940/1940/1830 1980/1980/1870
f 1981/1981/1871 1982/1982/1872 1980/1980/1870
f 1981/1981/1871 1979/1979/1869 1983/1983/1873
f 1984/1984/1874 1945/1945/1835 1946/1946/1836
f 1984/1984/1874 1948/1948/1838 1945/1945/1835
f 1980/1980/1870 1982/1982/1872 1985/1985/1875
f 1981/1981/1871 1986/1986/1876 1982/1982/1872
f 1986/1986/1876 1987/1987/1877 1988/1988/1878
f 1989/1989/1879 1982/1982/1872 1986/1986/1876
f 1985/1985/1875 1982/1982/1872 1989/1989/1879
f 1951/1951/1841 1990/1990/1880 1954/1954/1844
f 1985/1985/1875 1991/1991/1881 1984/1984/1874
f 1991/1991/1881 1985/1985/1875 1992/1992/1882
f 1990/1990/1880 1951/1951/1841 1991/1991/1881
f 1990/1990/1880 1993/1993/1883 1954/1954/1844
f 1994/1994/1884 1995/1995/1885 1996/1996/1886
f 1994/1994/1884 1966/1966/1856 1997/1997/1887
f 1995/1995/1885 1998/1998/1888 1996/1996/1886
f 1999/1999/1889 2000/2000/1890 2001/2001/1891
f 2002/2002/1892 2003/2003/1893 1989/1989/1879
f 2004/2004/1894 2005/2005/1895 2006/2006/1896
f 2005/2005/1895 2007/2007/1897 2006/2006/1896
f 2008/2008/1898 2003/2003/1893 2001/2001/1891
f 2009/2009/1899 1992/1992/1882 2008/2008/1898
f 2003/2003/1893 2008/2008/1898 1992/1992/1882
f 2008/2008/1898 2001/2001/1891 2010/2010/1900
f 2010/2010/1900 2009/2009/1899 2008/2008/1898
f 2011/2011/1901 2010/2010/1900 2001/2001/1891
f 2010/2010/1900 2012/2012/1902 2009/2009/1899
f 1998/1998/1888 2013/2013/1903 2007/2007/1897
f 2014/2014/1904 2015/2015/1905 2016/2016/1906
f 2017/2017/1907 2018/2018/1908 2019/2019/1909
f 2020/2020/1910 2018/2018/1908 2021/2021/1911
f 2020/2020/1910 2019/2019/1909 2018/2018/1908
f 1967/1967/1857 2022/2022/1912 2023/2023/1913
f 1996/1996/1886 2024/2024/1914 1994/1994/1884
f 2022/2022/1912 1967/1967/1857 2024/2024/1914
f 2014/2014/1904 2022/2022/1912 2024/2024/1914
f 2022/2022/1912 2025/2025/1915 2023/2023/1913
f 2023/2023/1913 2025/2025/1915 1965/1965/1855
f 2025/2025/1915 2022/2022/1912 2014/2014/1904
f 2025/2025/1915 2021/2021/1911 1965/1965/1855
f 2014/2014/1904 2021/2021/1911 2025/2025/1915
f 2026/2026/1916 2027/2027/1917 2028/2028/1918
f 2016/2016/1906 2015/2015/1905 2026/2026/1916
f 2004/2004/1894 2027/2027/1917 2026/2026/1916
f 2029/2029/1919 2020/2020/1910 2016/2016/1906
f 2019/2019/1909 2030/2030/1920 2031/2031/1921
f 2005/2005/1895 2015/2015/1905 1996/1996/1886
f 1961/1961/1851 2017/2017/1907 1976/1976/1866
f 2032/2032/1922 1976/1976/1866 2017/2017/1907
f 2032/2032/1922 1977/1977/1867 1976/1976/1866
f 2031/2031/1921 2033/2033/1923 2019/2019/1909
f 2002/2002/1892 1988/1988/1878 2034/2034/1924
f 2035/2035/1925 2036/2036/1926 2037/2037/1927
f 2037/2037/1927 2038/2038/1928 2035/2035/1925
f 2035/2035/1925 2038/2038/1928 2039/2039/1929
f 2002/2002/1892 2034/2034/1924 1999/1999/1889
f 2040/2040/1930 2034/2034/1924 2035/2035/1925
f 2041/2041/1931 2000/2000/1890 1999/1999/1889
f 2042/2042/1932 2041/2041/1931 2040/2040/1930
f 2043/2043/1933 2044/2044/1934 2045/2045/1935
f 2046/2046/1936 2044/2044/1934 2006/2006/1896
f 2047/2047/1937 2048/2048/1938 2049/2049/1939
f 2047/2047/1937 2045/2045/1935 2044/2044/1934
f 2042/2042/1932 2050/2050/1940 2051/2051/1941
f 2040/2040/1930 2050/2050/1940 2042/2042/1932
f 2052/2052/1942 2047/2047/1937 2049/2049/1939
f 2045/2045/1935 2053/2053/1943 2054/2054/1944
f 2004/2004/1894 2043/2043/1933 2027/2027/1917
f 2055/2055/1945 2027/2027/1917 2043/2043/1933
f 2055/2055/1945 2028/2028/1918 2027/2027/1917
f 2054/2054/1944 2056/2056/1946 2045/2045/1935
f 2057/2057/1947 2058/2058/1948 2059/2059/1949
f 2057/2057/1947 2059/2059/1949 2060/2060/1950
f 2061/2061/1951 2062/2062/1952 2063/2063/1953
f 2064/2064/1954 2061/2061/1951 2063/2063/1953
f 2060/2060/1950 2065/2065/1955 2057/2057/1947
f 2066/2066/1956 1859/1859/1749 1863/1863/1753
f 2064/2064/1954 2057/2057/1947 2066/2066/1956
f 2066/2066/1956 1863/1863/1753 1865/1865/1755
f 2064/2064/1954 2067/2067/1957 2061/2061/1951
f 1865/1865/1755 1864/1864/1754 2067/2067/1957
f 2068/2068/1958 2069/2069/1959 2070/2070/1960
f 2071/2071/1961 2072/2072/1962 2073/2073/1963
f 2074/2074/1964 1869/1869/1759 2075/2075/1965
f 2070/2070/1960 2069/2069/1959 2076/2076/1966
f 2074/2074/1964 1877/1877/1767 1869/1869/1759
f 2077/2077/1967 1874/1874/1764 1879/1879/1769
f 2071/2071/1961 2078/2078/1968 2072/2072/1962
f 2068/2068/1958 2079/2079/1969 2080/2080/1970
f 2080/2080/1970 2069/2069/1959 2068/2068/1958
f 2080/2080/1970 2081/2081/1971 2062/2062/1952
f 2072/2072/1962 2082/2082/1972 2073/2073/1963
f 2083/2083/1973 2082/2082/1972 2072/2072/1962
f 2084/2084/1974 2085/2085/1975 2086/2086/1976
f 2087/2087/1977 2085/2085/1975 2084/2084/1974
f 2083/2083/1973 2088/2088/1978 2089/2089/1979
f 1878/1878/1768 2078/2078/1968 1879/1879/1769
f 2083/2083/1973 2072/2072/1962 2078/2078/1968
f 2088/2088/1978 1878/1878/1768 1881/1881/1771
f 2090/2090/1980 2091/2091/1981 2092/2092/1982
f 2093/2093/1983 2094/2094/1984 2095/2095/1985
f 2093/2093/1983 2096/2096/1986 2094/2094/1984
f 2097/2097/1987 2093/2093/1983 2095/2095/1985
f 2097/2097/1987 2098/2098/1988 2093/2093/1983
f 2093/2093/1983 2098/2098/1988 2096/2096/1986
f 2059/2059/1949 2099/2099/1989 2060/2060/1950
f 2100/2100/1990 2101/2101/1991 2102/2102/1992
f 2102/2102/1992 2103/2103/1993 2099/2099/1989
f 2058/2058/1948 2104/2104/1994 2105/2105/1995
f 2063/2063/1953 2104/2104/1994 2058/2058/1948
f 2104/2104/1994 2106/2106/1996 2105/2105/1995
f 1903/1903/1793 1859/1859/1749 2065/2065/1955
f 2107/2107/1997 2065/2065/1955 2060/2060/1950
f 2099/2099/1989 2107/2107/1997 2060/2060/1950
f 2107/2107/1997 2108/2108/1998 1904/1904/1794
f 2096/2096/1986 2103/2103/1993 2090/2090/1980
f 2090/2090/1980 2103/2103/1993 2102/2102/1992
f 2108/2108/1998 2109/2109/1999 1904/1904/1794
f 2098/2098/1988 2109/2109/1999 2108/2108/1998
f 2062/2062/1952 2081/2081/1971 2110/2110/2000
f 2111/2111/2001 2110/2110/2000 2112/2112/2002
f 2112/2112/2002 2110/2110/2000 2081/2081/1971
f 2113/2113/2003 2114/2114/2004 2115/2115/2005
f 2116/2116/2006 2114/2114/2004 2117/2117/2007
f 2115/2115/2005 2114/2114/2004 2118/2118/2008
f 2088/2088/1978 2119/2119/2009 2089/2089/1979
f 2119/2119/2009 2118/2118/2008 2089/2089/1979
f 2113/2113/2003 2120/2120/2010 2121/2121/2011
f 2122/2122/2012 2123/2123/2013 2124/2124/2014
f 2118/2118/2008 2125/2125/2015 2115/2115/2005
f 2113/2113/2003 2115/2115/2005 2126/2126/2016
f 2115/2115/2005 2125/2125/2015 2126/2126/2016
f 2125/2125/2015 2127/2127/2017 2126/2126/2016
f 2119/2119/2009 1912/1912/1802 2128/2128/2018
f 1912/1912/1802 1925/1925/1815 2128/2128/2018
f 1925/1925/1815 2129/2129/2019 2128/2128/2018
f 2126/2126/2016 2124/2124/2014 2113/2113/2003
f 2126/2126/2016 2127/2127/2017 2124/2124/2014
f 2122/2122/2012 2130/2130/2020 2131/2131/2021
f 2130/2130/2020 2127/2127/2017 2129/2129/2019
f 2130/2130/2020 2129/2129/2019 2132/2132/2022
f 2132/2132/2022 1928/1928/1818 2133/2133/2023
f 1926/1926/1816 1928/1928/1818 2132/2132/2022
f 2134/2134/2024 2135/2135/2025 2092/2092/1982
f 2136/2136/2026 2135/2135/2025 2137/2137/2027
f 2138/2138/2028 2139/2139/2029 2140/2140/2030
f 2092/2092/1982 2135/2135/2025 2094/2094/1984
f 1932/1932/1822 2141/2141/2031 1943/1943/1833
f 2141/2141/2031 2142/2142/2032 1943/1943/1833
f 2143/2143/2033 2140/2140/2030 2141/2141/2031
f 1932/1932/1822 1894/1894/1784 2144/2144/2034
f 2145/2145/2035 2146/2146/2036 2147/2147/2037
f 2145/2145/2035 2147/2147/2037 2148/2148/2038
f 2137/2137/2027 2149/2149/2039 2150/2150/2040
f 2139/2139/2029 2147/2147/2037 2151/2151/2041
f 2152/2152/2042 1939/1939/1829 2153/2153/2043
f 2153/2153/2043 1939/1939/1829 1942/1942/1832
f 2151/2151/2041 2153/2153/2043 2142/2142/2032
f 2142/2142/2032 2139/2139/2029 2151/2151/2041
f 2154/2154/2044 2123/2123/2013 2155/2155/2045
f 2122/2122/2012 2155/2155/2045 2123/2123/2013
f 2155/2155/2045 2156/2156/2046 2157/2157/2047
f 2158/2158/2048 2159/2159/2049 2160/2160/2050
f 2133/2133/2023 1928/1928/1818 2161/2161/2051
f 2131/2131/2021 2133/2133/2023 2162/2162/2052
f 2131/2131/2021 2162/2162/2052 2156/2156/2046
f 2162/2162/2052 2158/2158/2048 2156/2156/2046
f 2163/2163/2053 2164/2164/2054 2158/2158/2048
f 2158/2158/2048 2164/2164/2054 2159/2159/2049
f 2165/2165/2055 2166/2166/2056 2167/2167/2057
f 2168/2168/2058 2157/2157/2047 2169/2169/2059
f 2169/2169/2059 2157/2157/2047 2160/2160/2050
f 2159/2159/2049 2165/2165/2055 2160/2160/2050
f 2170/2170/2060 2165/2165/2055 2159/2159/2049
f 2171/2171/2061 1971/1971/1861 1978/1978/1868
f 2172/2172/2062 1977/1977/1867 2173/2173/2063
f 2174/2174/2064 2164/2164/2054 2163/2163/2053
f 2164/2164/2054 2174/2174/2064 2170/2170/2060
f 2170/2170/2060 2159/2159/2049 2164/2164/2054
f 2175/2175/2065 2176/2176/2066 2177/2177/2067
f 2178/2178/2068 2175/2175/2065 2177/2177/2067
f 2179/2179/2069 2178/2178/2068 2177/2177/2067
f 2178/2178/2068 2180/2180/2070 2146/2146/2036
f 2181/2181/2071 2146/2146/2036 2180/2180/2070
f 1979/1979/1869 1939/1939/1829 2152/2152/2042
f 2181/2181/2071 2182/2182/2072 2152/2152/2042
f 2182/2182/2072 2183/2183/2073 1983/1983/1873
f 2181/2181/2071 2180/2180/2070 2182/2182/2072
f 2184/2184/2074 2185/2185/2075 2186/2186/2076
f 2176/2176/2066 2187/2187/2077 2177/2177/2067
f 2177/2177/2067 2187/2187/2077 2179/2179/2069
f 2179/2179/2069 2186/2186/2076 2188/2188/2078
f 2188/2188/2078 2186/2186/2076 2189/2189/2079
f 2190/2190/2080 2189/2189/2079 2191/2191/2081
f 1983/1983/1873 2183/2183/2073 1987/1987/1877
f 2183/2183/2073 2188/2188/2078 2189/2189/2079
f 1987/1987/1877 2190/2190/2080 1988/1988/1878
f 2192/2192/2082 2028/2028/1918 2193/2193/2083
f 2029/2029/1919 2028/2028/1918 2192/2192/2082
f 2192/2192/2082 2193/2193/2083 2194/2194/2084
f 2029/2029/1919 2192/2192/2082 2030/2030/1920
f 2030/2030/1920 2192/2192/2082 2194/2194/2084
f 2167/2167/2057 2166/2166/2056 2195/2195/2085
f 2196/2196/2086 2197/2197/2087 2166/2166/2056
f 2198/2198/2088 2199/2199/2089 2200/2200/2090
f 2195/2195/2085 2201/2201/2091 2202/2202/2092
f 2032/2032/1922 2033/2033/1923 2203/2203/2093
f 2203/2203/2093 2033/2033/1923 2204/2204/2094
f 2203/2203/2093 2205/2205/2095 2173/2173/2063
f 2173/2173/2063 2205/2205/2095 2206/2206/2096
f 2205/2205/2095 2198/2198/2088 2206/2206/2096
f 2207/2207/2097 2208/2208/2098 2209/2209/2099
f 2210/2210/2100 2211/2211/2101 2212/2212/2102
f 2201/2201/2091 2213/2213/2103 2202/2202/2092
f 2208/2208/2098 2214/2214/2104 2212/2212/2102
f 2214/2214/2104 2208/2208/2098 2199/2199/2089
f 2215/2215/2105 2031/2031/1921 2216/2216/2106
f 2215/2215/2105 2212/2212/2102 2217/2217/2107
f 2217/2217/2107 2204/2204/2094 2215/2215/2105
f 2214/2214/2104 2217/2217/2107 2212/2212/2102
f 2217/2217/2107 2218/2218/2108 2204/2204/2094
f 2218/2218/2108 2217/2217/2107 2214/2214/2104
f 2214/2214/2104 2199/2199/2089 2218/2218/2108
f 2219/2219/2109 2220/2220/2110 2221/2221/2111
f 2222/2222/2112 2219/2219/2109 2221/2221/2111
f 2223/2223/2113 2222/2222/2112 2221/2221/2111
f 2222/2222/2112 2224/2224/2114 2185/2185/2075
f 2191/2191/2081 2185/2185/2075 2224/2224/2114
f 2036/2036/1926 2225/2225/2115 2037/2037/1927
f 2225/2225/2115 2226/2226/2116 2037/2037/1927
f 2191/2191/2081 2224/2224/2114 2225/2225/2115
f 2036/2036/1926 1988/1988/1878 2190/2190/2080
f 2227/2227/2117 2228/2228/2118 2229/2229/2119
f 2220/2220/2110 2230/2230/2120 2221/2221/2111
f 2221/2221/2111 2230/2230/2120 2223/2223/2113
f 2223/2223/2113 2229/2229/2119 2231/2231/2121
f 2231/2231/2121 2229/2229/2119 2232/2232/2122
f 2233/2233/2123 2232/2232/2122 2234/2234/2124
f 2037/2037/1927 2226/2226/2116 2038/2038/1928
f 2226/2226/2116 2231/2231/2121 2232/2232/2122
f 2235/2235/2125 2236/2236/2126 2237/2237/2127
f 2050/2050/1940 2039/2039/1929 2237/2237/2127
f 2237/2237/2127 2039/2039/1929 2235/2235/2125
f 2238/2238/2128 2239/2239/2129 2240/2240/2130
f 2052/2052/1942 2238/2238/2128 2053/2053/1943
f 2053/2053/1943 2238/2238/2128 2240/2240/2130
f 2055/2055/1945 2056/2056/1946 2241/2241/2131
f 2241/2241/2131 2056/2056/1946 2242/2242/2132
f 2241/2241/2131 2243/2243/2133 2193/2193/2083
f 2244/2244/2134 2243/2243/2133 2245/2245/2135
f 2244/2244/2134 2216/2216/2106 2194/2194/2084
f 2243/2243/2133 2246/2246/2136 2245/2245/2135
f 2247/2247/2137 2248/2248/2138 2249/2249/2139
f 2250/2250/2140 2247/2247/2137 2249/2249/2139
f 2251/2251/2141 2252/2252/2142 2253/2253/2143
f 2254/2254/2144 2255/2255/2145 2256/2256/2146
f 2257/2257/2147 2054/2054/1944 2258/2258/2148
f 2257/2257/2147 2249/2249/2139 2259/2259/2149
f 2259/2259/2149 2242/2242/2132 2257/2257/2147
f 2255/2255/2145 2259/2259/2149 2249/2249/2139
f 2259/2259/2149 2246/2246/2136 2242/2242/2132
f 2246/2246/2136 2259/2259/2149 2255/2255/2145
f 2210/2210/2100 2260/2260/2150 2211/2211/2101
f 2261/2261/2151 2262/2262/2152 2263/2263/2153
f 2262/2262/2152 2209/2209/2099 2211/2211/2101
f 2260/2260/2150 2264/2264/2154 2263/2263/2153
f 2216/2216/2106 2244/2244/2134 2210/2210/2100
f 2245/2245/2135 2264/2264/2154 2260/2260/2150
f 2251/2251/2141 2264/2264/2154 2254/2254/2144
f 2263/2263/2153 2264/2264/2154 2251/2251/2141
f 2254/2254/2144 2264/2264/2154 2245/2245/2135
f 2265/2265/2155 2228/2228/2118 2227/2227/2117
f 2266/2266/2156 2267/2267/2157 2268/2268/2158
f 2265/2265/2155 2267/2267/2157 2228/2228/2118
f 2269/2269/2159 2267/2267/2157 2266/2266/2156
f 2270/2270/2160 2233/2233/2123 2234/2234/2124
f 2270/2270/2160 2234/2234/2124 2269/2269/2159
f 2270/2270/2160 2235/2235/2125 2233/2233/2123
f 2271/2271/2161 2272/2272/2162 2268/2268/2158
f 2268/2268/2158 2272/2272/2162 2273/2273/2163
f 2266/2266/2156 2274/2274/2164 2269/2269/2159
f 2275/2275/2165 2266/2266/2156 2268/2268/2158
f 2275/2275/2165 2274/2274/2164 2266/2266/2156
f 2276/2276/2166 2277/2277/2167 2278/2278/2168
f 2279/2279/2169 2280/2280/2170 2239/2239/2129
f 2281/2281/2171 2274/2274/2164 2282/2282/2172
f 2283/2283/2173 2236/2236/2126 2281/2281/2171
f 2282/2282/2172 2283/2283/2173 2281/2281/2171
f 2280/2280/2170 2284/2284/2174 2239/2239/2129
f 2284/2284/2174 2280/2280/2170 2278/2278/2168
f 2285/2285/2175 2284/2284/2174 2286/2286/2176
f 2285/2285/2175 2258/2258/2148 2240/2240/2130
f 2276/2276/2166 2287/2287/2177 2288/2288/2178
f 2275/2275/2165 2289/2289/2179 2290/2290/2180
f 2288/2288/2178 2291/2291/2181 2292/2292/2182
f 2293/2293/2183 2292/2292/2182 2294/2294/2184
f 2293/2293/2183 2277/2277/2167 2292/2292/2182
f 2286/2286/2176 2277/2277/2167 2293/2293/2183
f 2250/2250/2140 2295/2295/2185 2247/2247/2137
f 2296/2296/2186 2297/2297/2187 2298/2298/2188
f 2295/2295/2185 2299/2299/2189 2298/2298/2188
f 2252/2252/2142 2300/2300/2190 2301/2301/2191
f 2302/2302/2192 2300/2300/2190 2248/2248/2138
f 2248/2248/2138 2300/2300/2190 2256/2256/2146
f 2256/2256/2146 2300/2300/2190 2252/2252/2142
f 2302/2302/2192 2301/2301/2191 2300/2300/2190
f 2258/2258/2148 2285/2285/2175 2250/2250/2140
f 2286/2286/2176 2299/2299/2189 2295/2295/2185
f 2294/2294/2184 2299/2299/2189 2293/2293/2183
f 2298/2298/2188 2299/2299/2189 2294/2294/2184
f 2293/2293/2183 2299/2299/2189 2286/2286/2176
f 2091/2091/1981 2303/2303/2193 2092/2092/1982
f 2304/2304/2194 2305/2305/2195 2306/2306/2196
f 2306/2306/2196 2307/2307/2197 2304/2304/2194
f 2308/2308/2198 2100/2100/1990 2105/2105/1995
f 2306/2306/2196 2305/2305/2195 2309/2309/2199
f 2308/2308/2198 2101/2101/1991 2100/2100/1990
f 2310/2310/2200 2311/2311/2201 2106/2106/1996
f 2308/2308/2198 2311/2311/2201 2306/2306/2196
f 2311/2311/2201 2310/2310/2200 2312/2312/2202
f 2106/2106/1996 2111/2111/2001 2310/2310/2200
f 2313/2313/2203 2314/2314/2204 2315/2315/2205
f 2316/2316/2206 2305/2305/2195 2313/2313/2203
f 2313/2313/2203 2305/2305/2195 2304/2304/2194
f 2317/2317/2207 2318/2318/2208 2319/2319/2209
f 2320/2320/2210 2317/2317/2207 2321/2321/2211
f 2321/2321/2211 2317/2317/2207 2307/2307/2197
f 2309/2309/2199 2305/2305/2195 2316/2316/2206
f 2316/2316/2206 2322/2322/2212 2303/2303/2193
f 2309/2309/2199 2091/2091/1981 2101/2101/1991
f 2321/2321/2211 2307/2307/2197 2312/2312/2202
f 2323/2323/2213 2324/2324/2214 2325/2325/2215
f 2325/2325/2215 2326/2326/2216 2323/2323/2213
f 2327/2327/2217 2328/2328/2218 2117/2117/2007
f 2310/2310/2200 2111/2111/2001 2329/2329/2219
f 2310/2310/2200 2329/2329/2219 2312/2312/2202
f 2327/2327/2217 2325/2325/2215 2330/2330/2220
f 2327/2327/2217 2117/2117/2007 2121/2121/2011
f 2325/2325/2215 2331/2331/2221 2326/2326/2216
f 2332/2332/2222 2333/2333/2223 2334/2334/2224
f 2335/2335/2225 2320/2320/2210 2336/2336/2226
f 2321/2321/2211 2337/2337/2227 2320/2320/2210
f 2326/2326/2216 2332/2332/2222 2323/2323/2213
f 2338/2338/2228 2332/2332/2222 2326/2326/2216
f 2312/2312/2202 2337/2337/2227 2321/2321/2211
f 2338/2338/2228 2339/2339/2229 2340/2340/2230
f 2120/2120/2010 2331/2331/2221 2121/2121/2011
f 2338/2338/2228 2326/2326/2216 2331/2331/2221
f 2339/2339/2229 2120/2120/2010 2123/2123/2013
f 2341/2341/2231 2342/2342/2232 2343/2343/2233
f 2344/2344/2234 2342/2342/2232 2345/2345/2235
f 2346/2346/2236 2342/2342/2232 2344/2344/2234
f 2345/2345/2235 2347/2347/2237 2344/2344/2234
f 2343/2343/2233 2342/2342/2232 2346/2346/2236
f 2345/2345/2235 2342/2342/2232 2341/2341/2231
f 2134/2134/2024 2348/2348/2238 2149/2149/2039
f 2349/2349/2239 2348/2348/2238 2134/2134/2024
f 2348/2348/2238 2350/2350/2240 2149/2149/2039
f 2351/2351/2241 2352/2352/2242 2353/2353/2243
f 2354/2354/2244 2355/2355/2245 2356/2356/2246
f 2357/2357/2247 2358/2358/2248 2341/2341/2231
f 2359/2359/2249 2352/2352/2242 2354/2354/2244
f 2347/2347/2237 2352/2352/2242 2359/2359/2249
f 2360/2360/2250 2361/2361/2251 2362/2362/2252
f 2363/2363/2253 2145/2145/2035 2148/2148/2038
f 2359/2359/2249 2354/2354/2244 2364/2364/2254
f 2359/2359/2249 2364/2364/2254 2350/2350/2240
f 2350/2350/2240 2347/2347/2237 2359/2359/2249
f 2365/2365/2255 2343/2343/2233 2315/2315/2205
f 2365/2365/2255 2315/2315/2205 2314/2314/2204
f 2349/2349/2239 2303/2303/2193 2322/2322/2212
f 2346/2346/2236 2349/2349/2239 2322/2322/2212
f 2366/2366/2256 2357/2357/2247 2341/2341/2231
f 2334/2334/2224 2333/2333/2223 2367/2367/2257
f 2368/2368/2258 2369/2369/2259 2370/2370/2260
f 2333/2333/2223 2369/2369/2259 2367/2367/2257
f 2370/2370/2260 2369/2369/2259 2371/2371/2261
f 2339/2339/2229 2372/2372/2262 2340/2340/2230
f 2372/2372/2262 2371/2371/2261 2340/2340/2230
f 2368/2368/2258 2373/2373/2263 2374/2374/2264
f 2375/2375/2265 2376/2376/2266 2377/2377/2267
f 2371/2371/2261 2378/2378/2268 2370/2370/2260
f 2368/2368/2258 2370/2370/2260 2379/2379/2269
f 2370/2370/2260 2378/2378/2268 2379/2379/2269
f 2378/2378/2268 2380/2380/2270 2379/2379/2269
f 2372/2372/2262 2154/2154/2044 2381/2381/2271
f 2154/2154/2044 2168/2168/2058 2381/2381/2271
f 2168/2168/2058 2382/2382/2272 2381/2381/2271
f 2379/2379/2269 2377/2377/2267 2368/2368/2258
f 2379/2379/2269 2380/2380/2270 2377/2377/2267
f 2375/2375/2265 2383/2383/2273 2384/2384/2274
f 2383/2383/2273 2380/2380/2270 2382/2382/2272
f 2383/2383/2273 2382/2382/2272 2385/2385/2275
f 2385/2385/2275 2167/2167/2057 2386/2386/2276
f 2169/2169/2059 2167/2167/2057 2385/2385/2275
f 2387/2387/2277 2388/2388/2278 2360/2360/2250
f 2389/2389/2279 2390/2390/2280 2391/2391/2281
f 2389/2389/2279 2355/2355/2245 2351/2351/2241
f 2392/2392/2282 2393/2393/2283 2388/2388/2278
f 2175/2175/2065 2145/2145/2035 2361/2361/2251
f 2394/2394/2284 2361/2361/2251 2360/2360/2250
f 2388/2388/2278 2394/2394/2284 2360/2360/2250
f 2394/2394/2284 2395/2395/2285 2176/2176/2066
f 2396/2396/2286 2397/2397/2287 2398/2398/2288
f 2390/2390/2280 2399/2399/2289 2391/2391/2281
f 2399/2399/2289 2400/2400/2290 2401/2401/2291
f 2402/2402/2292 2393/2393/2283 2396/2396/2286
f 2395/2395/2285 2393/2393/2283 2402/2402/2292
f 2402/2402/2292 2403/2403/2293 2395/2395/2285
f 2404/2404/2294 2184/2184/2074 2403/2403/2293
f 2403/2403/2293 2184/2184/2074 2187/2187/2077
f 2405/2405/2295 2376/2376/2266 2406/2406/2296
f 2375/2375/2265 2406/2406/2296 2376/2376/2266
f 2405/2405/2295 2406/2406/2296 2407/2407/2297
f 2408/2408/2298 2407/2407/2297 2409/2409/2299
f 2409/2409/2299 2410/2410/2300 2411/2411/2301
f 2412/2412/2302 2413/2413/2302 2414/2414/2302
f 2408/2408/2298 2415/2415/2303 2416/2416/2304
f 2384/2384/2274 2386/2386/2276 2417/2417/2305
f 2384/2384/2274 2417/2417/2305 2410/2410/2300
f 2417/2417/2305 2411/2411/2301 2410/2410/2300
f 2386/2386/2276 2418/2418/2306 2417/2417/2305
f 2418/2418/2306 2411/2411/2301 2417/2417/2305
f 2418/2418/2306 2195/2195/2085 2202/2202/2092
f 2411/2411/2301 2419/2419/2307 2420/2420/2308
f 2421/2421/2309 2422/2422/2310 2423/2423/2311
f 2424/2424/2312 2421/2421/2309 2423/2423/2311
f 2415/2415/2303 2424/2424/2312 2416/2416/2304
f 2425/2425/2313 2421/2421/2309 2420/2420/2308
f 2426/2426/2314 2209/2209/2099 2427/2427/2315
f 2207/2207/2097 2209/2209/2099 2426/2426/2314
f 2419/2419/2307 2428/2428/2316 2425/2425/2313
f 2425/2425/2313 2420/2420/2308 2419/2419/2307
f 2398/2398/2288 2429/2429/2317 2430/2430/2318
f 2431/2431/2319 2432/2432/2320 2433/2433/2321
f 2431/2431/2319 2398/2398/2288 2397/2397/2287
f 2433/2433/2321 2434/2434/2322 2429/2429/2317
f 2219/2219/2109 2184/2184/2074 2404/2404/2294
f 2435/2435/2323 2404/2404/2294 2430/2430/2318
f 2429/2429/2317 2435/2435/2323 2430/2430/2318
f 2435/2435/2323 2436/2436/2324 2220/2220/2110
f 2437/2437/2325 2438/2438/2326 2439/2439/2327
f 2432/2432/2320 2440/2440/2328 2433/2433/2321
f 2440/2440/2328 2438/2438/2326 2437/2437/2325
f 2441/2441/2329 2434/2434/2322 2437/2437/2325
f 2436/2436/2324 2434/2434/2322 2441/2441/2329
f 2441/2441/2329 2442/2442/2330 2436/2436/2324
f 2443/2443/2331 2227/2227/2117 2442/2442/2330
f 2442/2442/2330 2227/2227/2117 2230/2230/2120
f 2252/2252/2142 2444/2444/2332 2253/2253/2143
f 2423/2423/2311 2422/2422/2310 2445/2445/2333
f 2446/2446/2334 2447/2447/2335 2448/2448/2336
f 2449/2449/2337 2450/2450/2338 2422/2422/2310
f 2445/2445/2333 2451/2451/2339 2452/2452/2340
f 2453/2453/2341 2447/2447/2335 2446/2446/2334
f 2262/2262/2152 2261/2261/2151 2454/2454/2342
f 2454/2454/2342 2455/2455/2343 2427/2427/2315
f 2427/2427/2315 2455/2455/2343 2456/2456/2344
f 2455/2455/2343 2454/2454/2342 2446/2446/2334
f 2455/2455/2343 2457/2457/2345 2456/2456/2344
f 2446/2446/2334 2457/2457/2345 2455/2455/2343
f 2458/2458/2346 2459/2459/2347 2460/2460/2348
f 2458/2458/2346 2447/2447/2335 2461/2461/2349
f 2448/2448/2336 2447/2447/2335 2458/2458/2346
f 2462/2462/2350 2463/2463/2351 2448/2448/2336
f 2451/2451/2339 2464/2464/2352 2452/2452/2340
f 2461/2461/2349 2447/2447/2335 2453/2453/2341
f 2461/2461/2349 2444/2444/2332 2465/2465/2353
f 2261/2261/2151 2253/2253/2143 2453/2453/2341
f 2439/2439/2327 2466/2466/2354 2467/2467/2355
f 2468/2468/2356 2469/2469/2357 2470/2470/2358
f 2468/2468/2356 2439/2439/2327 2438/2438/2326
f 2470/2470/2358 2471/2471/2359 2466/2466/2354
f 2472/2472/2360 2443/2443/2331 2467/2467/2355
f 2466/2466/2354 2472/2472/2360 2467/2467/2355
f 2473/2473/2361 2443/2443/2331 2472/2472/2360
f 2265/2265/2155 2473/2473/2361 2271/2271/2161
f 2473/2473/2361 2474/2474/2362 2271/2271/2161
f 2469/2469/2357 2475/2475/2363 2470/2470/2358
f 2475/2475/2363 2476/2476/2364 2477/2477/2365
f 2478/2478/2366 2471/2471/2359 2477/2477/2365
f 2478/2478/2366 2477/2477/2365 2479/2479/2367
f 2479/2479/2367 2480/2480/2368 2481/2481/2369
f 2482/2482/2370 2471/2471/2359 2478/2478/2366
f 2483/2483/2371 2478/2478/2366 2479/2479/2367
f 2474/2474/2362 2482/2482/2370 2483/2483/2371
f 2478/2478/2366 2483/2483/2371 2482/2482/2370
f 2483/2483/2371 2479/2479/2367 2484/2484/2372
f 2484/2484/2372 2474/2474/2362 2483/2483/2371
f 2272/2272/2162 2484/2484/2372 2485/2485/2373
f 2486/2486/2374 2487/2487/2375 2488/2488/2376
f 2289/2289/2179 2273/2273/2163 2488/2488/2376
f 2488/2488/2376 2273/2273/2163 2486/2486/2374
f 2489/2489/2377 2490/2490/2378 2491/2491/2379
f 2288/2288/2178 2489/2489/2377 2291/2291/2181
f 2291/2291/2181 2489/2489/2377 2491/2491/2379
f 2492/2492/2380 2302/2302/2192 2297/2297/2187
f 2297/2297/2187 2296/2296/2186 2492/2492/2380
f 2492/2492/2380 2296/2296/2186 2493/2493/2381
f 2301/2301/2191 2494/2494/2382 2495/2495/2383
f 2495/2495/2383 2494/2494/2382 2496/2496/2384
f 2494/2494/2382 2497/2497/2385 2496/2496/2384
f 2498/2498/2386 2499/2499/2387 2500/2500/2388
f 2501/2501/2389 2502/2502/2390 2503/2503/2391
f 2504/2504/2392 2501/2501/2389 2503/2503/2391
f 2505/2505/2393 2506/2506/2394 2507/2507/2395
f 2507/2507/2395 2508/2508/2396 2505/2505/2393
f 2509/2509/2397 2493/2493/2381 2507/2507/2395
f 2509/2509/2397 2497/2497/2385 2493/2493/2381
f 2497/2497/2385 2509/2509/2397 2501/2501/2389
f 2465/2465/2353 2510/2510/2398 2459/2459/2347
f 2511/2511/2399 2512/2512/2400 2513/2513/2401
f 2512/2512/2400 2460/2460/2348 2459/2459/2347
f 2510/2510/2398 2514/2514/2402 2513/2513/2401
f 2444/2444/2332 2495/2495/2383 2465/2465/2353
f 2496/2496/2384 2514/2514/2402 2510/2510/2398
f 2498/2498/2386 2514/2514/2402 2504/2504/2392
f 2513/2513/2401 2514/2514/2402 2498/2498/2386
f 2504/2504/2392 2514/2514/2402 2496/2496/2384
f 2515/2515/2403 2480/2480/2368 2476/2476/2364
f 2481/2481/2369 2480/2480/2368 2516/2516/2404
f 2517/2517/2405 2518/2518/2406 2516/2516/2404
f 2517/2517/2405 2515/2515/2403 2519/2519/2407
f 2520/2520/2408 2485/2485/2373 2481/2481/2369
f 2520/2520/2408 2486/2486/2374 2485/2485/2373
f 2516/2516/2404 2518/2518/2406 2521/2521/2409
f 2517/2517/2405 2522/2522/2410 2518/2518/2406
f 2522/2522/2410 2523/2523/2411 2524/2524/2412
f 2525/2525/2413 2518/2518/2406 2522/2522/2410
f 2521/2521/2409 2518/2518/2406 2525/2525/2413
f 2487/2487/2375 2526/2526/2414 2527/2527/2415
f 2521/2521/2409 2528/2528/2416 2520/2520/2408
f 2528/2528/2416 2521/2521/2409 2529/2529/2417
f 2526/2526/2414 2487/2487/2375 2528/2528/2416
f 2526/2526/2414 2530/2530/2418 2527/2527/2415
f 2531/2531/2419 2530/2530/2418 2532/2532/2420
f 2533/2533/2421 2505/2505/2393 2491/2491/2379
f 2530/2530/2418 2534/2534/2422 2532/2532/2420
f 2535/2535/2423 2536/2536/2424 2537/2537/2425
f 2538/2538/2426 2539/2539/2427 2525/2525/2413
f 2537/2537/2425 2536/2536/2424 2540/2540/2428
f 2541/2541/2429 2539/2539/2427 2537/2537/2425
f 2542/2542/2430 2529/2529/2417 2541/2541/2429
f 2539/2539/2427 2541/2541/2429 2529/2529/2417
f 2541/2541/2429 2537/2537/2425 2543/2543/2431
f 2543/2543/2431 2542/2542/2430 2541/2541/2429
f 2543/2543/2431 2534/2534/2422 2542/2542/2430
f 2544/2544/2432 2532/2532/2420 2534/2534/2422
f 2545/2545/2433 2546/2546/2434 2544/2544/2432
f 2547/2547/2435 2499/2499/2387 2548/2548/2436
f 2502/2502/2390 2549/2549/2437 2503/2503/2391
f 2506/2506/2394 2550/2550/2438 2551/2551/2439
f 2552/2552/2440 2553/2553/2441 2533/2533/2421
f 2554/2554/2442 2532/2532/2420 2555/2555/2443
f 2550/2550/2438 2506/2506/2394 2553/2553/2441
f 2550/2550/2438 2556/2556/2444 2551/2551/2439
f 2551/2551/2439 2556/2556/2444 2502/2502/2390
f 2556/2556/2444 2557/2557/2445 2558/2558/2446
f 2559/2559/2447 2560/2560/2448 2561/2561/2449
f 2562/2562/2450 2563/2563/2451 2561/2561/2449
f 2560/2560/2448 2562/2562/2450 2561/2561/2449
f 2544/2544/2432 2555/2555/2443 2532/2532/2420
f 2546/2546/2434 2564/2564/2452 2565/2565/2453
f 2566/2566/2454 2567/2567/2455 2568/2568/2456
f 2569/2569/2457 2566/2566/2454 2568/2568/2456
f 2569/2569/2457 2557/2557/2445 2566/2566/2454
f 2557/2557/2445 2569/2569/2457 2562/2562/2450
f 2549/2549/2437 2570/2570/2458 2548/2548/2436
f 2548/2548/2436 2570/2570/2458 2571/2571/2459
f 2570/2570/2458 2572/2572/2460 2571/2571/2459
f 2549/2549/2437 2558/2558/2446 2570/2570/2458
f 2558/2558/2446 2572/2572/2460 2570/2570/2458
f 2573/2573/2461 2574/2574/2462 2575/2575/2463
f 2576/2576/2464 2571/2571/2459 2577/2577/2465
f 2577/2577/2465 2573/2573/2461 2575/2575/2463
f 2559/2559/2447 2574/2574/2462 2573/2573/2461
f 2560/2560/2448 2572/2572/2460 2558/2558/2446
f 2538/2538/2426 2524/2524/2412 2578/2578/2466
f 2579/2579/2467 2580/2580/2468 2581/2581/2469
f 2581/2581/2469 2582/2582/2470 2579/2579/2467
f 2579/2579/2467 2582/2582/2470 2583/2583/2471
f 2538/2538/2426 2578/2578/2466 2535/2535/2423
f 2584/2584/2472 2578/2578/2466 2579/2579/2467
f 2585/2585/2473 2536/2536/2424 2535/2535/2423
f 2586/2586/2474 2585/2585/2473 2584/2584/2472
f 2585/2585/2473 2587/2587/2475 2536/2536/2424
f 2540/2540/2428 2536/2536/2424 2587/2587/2475
f 2588/2588/2476 2545/2545/2433 2540/2540/2428
f 2588/2588/2476 2546/2546/2434 2545/2545/2433
f 2587/2587/2475 2589/2589/2477 2590/2590/2478
f 2591/2591/2479 2592/2592/2480 2593/2593/2481
f 2584/2584/2472 2594/2594/2482 2586/2586/2474
f 2586/2586/2474 2593/2593/2481 2589/2589/2477
f 2595/2595/2483 2596/2596/2484 2597/2597/2485
f 2593/2593/2481 2592/2592/2480 2597/2597/2485
f 2590/2590/2478 2589/2589/2477 2596/2596/2484
f 2598/2598/2486 2599/2599/2487 2600/2600/2488
f 2563/2563/2451 2601/2601/2489 2561/2561/2449
f 2602/2602/2490 2603/2603/2491 2604/2604/2492
f 2559/2559/2447 2561/2561/2449 2601/2601/2489
f 2605/2605/2493 2606/2606/2494 2607/2607/2495
f 2590/2590/2478 2608/2608/2496 2588/2588/2476
f 2606/2606/2494 2605/2605/2493 2609/2609/2497
f 2604/2604/2492 2606/2606/2494 2609/2609/2497
f 2606/2606/2494 2610/2610/2498 2607/2607/2495
f 2607/2607/2495 2610/2610/2498 2563/2563/2451
f 2610/2610/2498 2606/2606/2494 2604/2604/2492
f 2611/2611/2499 2612/2612/2500 2600/2600/2488
f 2600/2600/2488 2599/2599/2487 2611/2611/2499
f 2595/2595/2483 2613/2613/2501 2611/2611/2499
f 2602/2602/2490 2614/2614/2502 2603/2603/2491
f 2615/2615/2503 2616/2616/2504 2617/2617/2505
f 2612/2612/2500 2618/2618/2506 2619/2619/2507
f 2596/2596/2484 2599/2599/2487 2590/2590/2478
f 2620/2620/2508 2603/2603/2491 2616/2616/2504
f 2621/2621/2509 2622/2622/2510 2623/2623/2511
f 2622/2622/2510 2575/2575/2463 2574/2574/2462
f 2624/2624/2512 2625/2625/2513 2623/2623/2511
f 2601/2601/2489 2620/2620/2508 2624/2624/2512
f 2620/2620/2508 2625/2625/2513 2624/2624/2512
f 2626/2626/2514 2627/2627/2515 2628/2628/2516
f 2621/2621/2509 2623/2623/2511 2629/2629/2517
f 2630/2630/2518 2631/2631/2518 2632/2632/2518
f 2633/2633/2519 2627/2627/2515 2626/2626/2514
f 2616/2616/2504 2625/2625/2513 2620/2620/2508
f 2634/2634/2520 2592/2592/2480 2591/2591/2479
f 2635/2635/2521 2636/2636/2522 2637/2637/2523
f 2634/2634/2520 2636/2636/2522 2592/2592/2480
f 2592/2592/2480 2636/2636/2522 2597/2597/2485
f 2638/2638/2524 2639/2639/2525 2637/2637/2523
f 2640/2640/2526 2641/2641/2527 2642/2642/2528
f 2595/2595/2483 2635/2635/2521 2613/2613/2501
f 2643/2643/2529 2635/2635/2521 2637/2637/2523
f 2644/2644/2530 2618/2618/2506 2613/2613/2501
f 2645/2645/2531 2644/2644/2530 2643/2643/2529
f 2644/2644/2530 2646/2646/2532 2618/2618/2506
f 2633/2633/2519 2647/2647/2533 2648/2648/2534
f 2648/2648/2534 2649/2649/2535 2650/2650/2536
f 2646/2646/2532 2651/2651/2537 2652/2652/2538
f 2637/2637/2523 2641/2641/2527 2643/2643/2529
f 2653/2653/2539 2654/2654/2540 2645/2645/2531
f 2640/2640/2526 2653/2653/2539 2641/2641/2527
f 2640/2640/2526 2655/2655/2541 2653/2653/2539
f 2645/2645/2531 2654/2654/2540 2651/2651/2537
f 2656/2656/2542 2657/2657/2543 2658/2658/2544
f 2654/2654/2540 2659/2659/2545 2660/2660/2546
f 2652/2652/2538 2651/2651/2537 2661/2661/2547
f 2627/2627/2515 2662/2662/2548 2663/2663/2549
f 2664/2664/2550 2665/2665/2551 2666/2666/2552
f 2666/2666/2552 2665/2665/2551 2667/2667/2553
f 2664/2664/2550 2666/2666/2552 2668/2668/2554
f 2648/2648/2534 2650/2650/2536 2662/2662/2548
f 2669/2669/2555 2670/2670/2556 2671/2671/2557
f 2672/2672/2558 2673/2673/2559 2667/2667/2553
f 2667/2667/2553 2670/2670/2556 2672/2672/2558
f 2656/2656/2542 2674/2674/2560 2672/2672/2558
f 2675/2675/2561 2676/2676/2562 2677/2677/2563
f 2675/2675/2561 2677/2677/2563 2678/2678/2564
f 2673/2673/2559 2679/2679/2565 2678/2678/2564
f 2677/2677/2563 2673/2673/2559 2678/2678/2564
f 2657/2657/2543 2670/2670/2556 2669/2669/2555
f 2640/2640/2526 2642/2642/2528 2680/2680/2566
f 2681/2681/2567 2682/2682/2568 2683/2683/2569
f 2683/2683/2569 2684/2684/2570 2681/2681/2567
f 2681/2681/2567 2684/2684/2570 2685/2685/2571
f 2640/2640/2526 2680/2680/2566 2655/2655/2541
f 2686/2686/2572 2680/2680/2566 2681/2681/2567
f 2687/2687/2573 2659/2659/2545 2655/2655/2541
f 2688/2688/2574 2687/2687/2573 2686/2686/2572
f 2687/2687/2573 2689/2689/2575 2659/2659/2545
f 2656/2656/2542 2658/2658/2544 2690/2690/2576
f 2691/2691/2577 2689/2689/2575 2692/2692/2578
f 2689/2689/2575 2693/2693/2579 2692/2692/2578
f 2694/2694/2580 2695/2695/2581 2696/2696/2582
f 2686/2686/2572 2697/2697/2583 2688/2688/2574
f 2688/2688/2574 2696/2696/2582 2693/2693/2579
f 2698/2698/2584 2699/2699/2585 2700/2700/2586
f 2696/2696/2582 2695/2695/2581 2700/2700/2586
f 2692/2692/2578 2693/2693/2579 2699/2699/2585
f 2674/2674/2560 2701/2701/2587 2702/2702/2588
f 2702/2702/2588 2679/2679/2565 2674/2674/2560
f 2679/2679/2565 2703/2703/2589 2678/2678/2564
f 2704/2704/2590 2702/2702/2588 2705/2705/2591
f 2678/2678/2564 2703/2703/2589 2675/2675/2561
f 2704/2704/2590 2706/2706/2592 2703/2703/2589
f 2690/2690/2576 2707/2707/2593 2701/2701/2587
f 2707/2707/2593 2708/2708/2594 2701/2701/2587
f 2709/2709/2595 2710/2710/2596 2705/2705/2591
f 2705/2705/2591 2708/2708/2594 2709/2709/2595
f 2698/2698/2584 2711/2711/2597 2712/2712/2598
f 2704/2704/2590 2713/2713/2599 2706/2706/2592
f 2714/2714/2600 2713/2713/2599 2715/2715/2601
f 2710/2710/2596 2716/2716/2602 2715/2715/2601
f 2713/2713/2599 2710/2710/2596 2715/2715/2601
f 2699/2699/2585 2717/2717/2603 2692/2692/2578
f 2718/2718/2604 2719/2719/2605 2706/2706/2592
f 2720/2720/2606 2718/2718/2604 2706/2706/2592
f 2721/2721/2607 2695/2695/2581 2694/2694/2580
f 2722/2722/2608 2723/2723/2609 2724/2724/2610
f 2721/2721/2607 2723/2723/2609 2695/2695/2581
f 2695/2695/2581 2723/2723/2609 2700/2700/2586
f 2725/2725/2611 2726/2726/2612 2724/2724/2610
f 2724/2724/2610 2726/2726/2612 2727/2727/2613
f 2698/2698/2584 2722/2722/2608 2711/2711/2597
f 2728/2728/2614 2722/2722/2608 2724/2724/2610
f 2729/2729/2615 2716/2716/2602 2730/2730/2616
f 2731/2731/2617 2729/2729/2615 2732/2732/2618
f 2716/2716/2602 2733/2733/2619 2715/2715/2601
f 2734/2734/2620 2729/2729/2615 2731/2731/2617
f 2715/2715/2601 2733/2733/2619 2714/2714/2600
f 2734/2734/2620 2735/2735/2621 2733/2733/2619
f 2736/2736/2622 2737/2737/2623 2738/2738/2624
f 2728/2728/2614 2737/2737/2623 2736/2736/2622
f 2739/2739/2625 2734/2734/2620 2731/2731/2617
f 2735/2735/2621 2740/2740/2626 2741/2741/2627
f 2742/2742/2628 2743/2743/2629 2735/2735/2621
f 2741/2741/2627 2742/2742/2628 2735/2735/2621
f 2744/2744/2630 2745/2745/2631 2746/2746/2632
f 2744/2744/2630 2746/2746/2632 2747/2747/2633
f 2747/2747/2633 2748/2748/2634 2744/2744/2630
f 2749/2749/2635 2750/2750/2636 2751/2751/2637
f 2752/2752/2638 2753/2753/2639 2754/2754/2640
f 2755/2755/2641 2753/2753/2639 2752/2752/2638
f 2756/2756/2642 2752/2752/2638 2754/2754/2640
f 2757/2757/2643 2758/2758/2644 2759/2759/2645
f 2755/2755/2641 2752/2752/2638 2760/2760/2646
f 2760/2760/2646 2752/2752/2638 2756/2756/2642
f 2744/2744/2630 2750/2750/2636 2761/2761/2647
f 2762/2762/2648 2763/2763/2649 2764/2764/2650
f 2749/2749/2635 2762/2762/2648 2750/2750/2636
f 2749/2749/2635 2765/2765/2651 2762/2762/2648
f 2760/2760/2646 2766/2766/2652 2767/2767/2653
f 2768/2768/2654 2769/2769/2654 2770/2770/2654
f 2771/2771/2655 2772/2772/2656 2773/2773/2657
f 2774/2774/2658 2771/2771/2655 2773/2773/2657
f 2775/2775/2659 2758/2758/2644 2757/2757/2643
f 2776/2776/2660 2777/2777/2661 2778/2778/2662
f 2779/2779/2663 2776/2776/2660 2778/2778/2662
f 2780/2780/2664 2776/2776/2660 2781/2781/2665
f 2782/2782/2666 2783/2783/2666 2784/2784/2666
f 2780/2780/2664 2777/2777/2661 2776/2776/2660
f 2785/2785/2667 2786/2786/2668 2751/2751/2637
f 2749/2749/2635 2751/2751/2637 2786/2786/2668
f 2749/2749/2635 2786/2786/2668 2765/2765/2651
f 2787/2787/2669 2786/2786/2668 2785/2785/2667
f 2787/2787/2669 2765/2765/2651 2786/2786/2668
f 2788/2788/2670 2789/2789/2671 2790/2790/2672
f 2791/2791/2673 2792/2792/2674 2793/2793/2675
f 2772/2772/2656 2789/2789/2671 2773/2773/2657
f 2794/2794/2676 2795/2795/2677 2796/2796/2678
f 2797/2797/2679 2798/2798/2680 2799/2799/2681
f 2780/2780/2664 2788/2788/2670 2777/2777/2661
f 2800/2800/2682 2788/2788/2670 2790/2790/2672
f 2801/2801/2683 2802/2802/2684 2800/2800/2682
f 2803/2803/2685 2802/2802/2684 2804/2804/2686
f 2804/2804/2686 2802/2802/2684 2801/2801/2683
f 2803/2803/2685 2804/2804/2686 2805/2805/2687
f 2790/2790/2672 2806/2806/2688 2800/2800/2682
f 2807/2807/2689 2808/2808/2690 2801/2801/2683
f 2809/2809/2691 2807/2807/2689 2806/2806/2688
f 2809/2809/2691 2810/2810/2692 2807/2807/2689
f 2811/2811/2693 2812/2812/2694 2813/2813/2695
f 2811/2811/2693 2813/2813/2695 2814/2814/2696
f 2808/2808/2690 2815/2815/2697 2814/2814/2696
f 2813/2813/2695 2808/2808/2690 2814/2814/2696
f 2816/2816/2698 2817/2817/2699 2799/2799/2681
f 2797/2797/2679 2799/2799/2681 2817/2817/2699
f 2809/2809/2691 2818/2818/2700 2810/2810/2692
f 2819/2819/2701 2817/2817/2699 2816/2816/2698
f 2820/2820/2702 2810/2810/2692 2818/2818/2700
f 2821/2821/2703 2822/2822/2704 2815/2815/2697
f 2815/2815/2697 2822/2822/2704 2814/2814/2696
f 2814/2814/2696 2822/2822/2704 2811/2811/2693
f 2823/2823/2705 2824/2824/2706 2825/2825/2707
f 2825/2825/2707 2824/2824/2706 2826/2826/2708
f 2827/2827/2709 2828/2828/2710 2825/2825/2707
f 2826/2826/2708 2827/2827/2709 2825/2825/2707
f 2829/2829/2711 2314/2314/2204 2830/2830/2712
f 2830/2830/2712 2314/2314/2204 2319/2319/2209
f 2831/2831/2713 2829/2829/2711 2830/2830/2712
f 2830/2830/2712 2319/2319/2209 2318/2318/2208
f 2831/2831/2713 2830/2830/2712 2318/2318/2208
f 2832/2832/2714 2833/2833/2715 2834/2834/2716
f 2832/2832/2714 2835/2835/2717 2836/2836/2718
f 2837/2837/2719 2335/2335/2225 2838/2838/2720
f 2832/2832/2714 2334/2334/2224 2833/2833/2715
f 2836/2836/2718 2334/2334/2224 2832/2832/2714
f 2839/2839/2721 2351/2351/2241 2840/2840/2722
f 2840/2840/2722 2351/2351/2241 2353/2353/2243
f 2841/2841/2723 2839/2839/2721 2840/2840/2722
f 2840/2840/2722 2353/2353/2243 2358/2358/2248
f 2841/2841/2723 2840/2840/2722 2358/2358/2248
f 2842/2842/2724 2843/2843/2725 2844/2844/2726
f 2844/2844/2726 2845/2845/2727 2842/2842/2724
f 2844/2844/2726 2843/2843/2725 2846/2846/2728
f 2847/2847/2729 2366/2366/2256 2365/2365/2255
f 2829/2829/2711 2848/2848/2730 2847/2847/2729
f 2847/2847/2729 2848/2848/2730 2844/2844/2726
f 2848/2848/2730 2849/2849/2731 2850/2850/2732
f 2831/2831/2713 2837/2837/2719 2849/2849/2731
f 2842/2842/2724 2851/2851/2733 2852/2852/2734
f 2853/2853/2735 2843/2843/2725 2852/2852/2734
f 2852/2852/2734 2843/2843/2725 2842/2842/2724
f 2845/2845/2727 2851/2851/2733 2842/2842/2724
f 2854/2854/2736 2855/2855/2737 2856/2856/2738
f 2856/2856/2738 2857/2857/2739 2851/2851/2733
f 2846/2846/2728 2843/2843/2725 2853/2853/2735
f 2853/2853/2735 2858/2858/2740 2859/2859/2741
f 2846/2846/2728 2357/2357/2247 2366/2366/2256
f 2854/2854/2736 2845/2845/2727 2850/2850/2732
f 2849/2849/2731 2860/2860/2742 2850/2850/2732
f 2861/2861/2743 2862/2862/2744 2863/2863/2745
f 2833/2833/2715 2864/2864/2746 2862/2862/2744
f 2864/2864/2746 2367/2367/2257 2374/2374/2264
f 2864/2864/2746 2374/2374/2264 2865/2865/2747
f 2866/2866/2748 2867/2867/2749 2868/2868/2750
f 2869/2869/2751 2870/2870/2752 2871/2871/2753
f 2872/2872/2754 2867/2867/2749 2866/2866/2748
f 2869/2869/2751 2873/2873/2755 2866/2866/2748
f 2865/2865/2747 2873/2873/2755 2863/2863/2745
f 2869/2869/2751 2863/2863/2745 2873/2873/2755
f 2866/2866/2748 2873/2873/2755 2874/2874/2756
f 2865/2865/2747 2874/2874/2756 2873/2873/2755
f 2875/2875/2757 2874/2874/2756 2373/2373/2263
f 2875/2875/2757 2373/2373/2263 2376/2376/2266
f 2876/2876/2758 2390/2390/2280 2389/2389/2279
f 2876/2876/2758 2877/2877/2759 2390/2390/2280
f 2839/2839/2721 2878/2878/2760 2876/2876/2758
f 2878/2878/2760 2879/2879/2761 2880/2880/2762
f 2841/2841/2723 2859/2859/2741 2879/2879/2761
f 2880/2880/2762 2881/2881/2763 2878/2878/2760
f 2882/2882/2764 2883/2883/2765 2884/2884/2766
f 2882/2882/2764 2884/2884/2766 2885/2885/2767
f 2886/2886/2768 2887/2887/2769 2888/2888/2770
f 2889/2889/2771 2890/2890/2772 2891/2891/2773
f 2885/2885/2767 2892/2892/2774 2882/2882/2764
f 2390/2390/2280 2877/2877/2759 2399/2399/2289
f 2889/2889/2771 2882/2882/2764 2893/2893/2775
f 2877/2877/2759 2881/2881/2763 2893/2893/2775
f 2889/2889/2771 2893/2893/2775 2881/2881/2763
f 2894/2894/2776 2895/2895/2777 2858/2858/2740
f 2896/2896/2778 2895/2895/2777 2894/2894/2776
f 2894/2894/2776 2857/2857/2739 2896/2896/2778
f 2897/2897/2779 2898/2898/2780 2899/2899/2781
f 2856/2856/2738 2898/2898/2780 2857/2857/2739
f 2896/2896/2778 2900/2900/2782 2901/2901/2783
f 2900/2900/2782 2898/2898/2780 2897/2897/2779
f 2879/2879/2761 2859/2859/2741 2858/2858/2740
f 2895/2895/2777 2902/2902/2784 2880/2880/2762
f 2887/2887/2769 2886/2886/2768 2903/2903/2785
f 2903/2903/2785 2901/2901/2783 2904/2904/2786
f 2890/2890/2772 2902/2902/2784 2886/2886/2768
f 2900/2900/2782 2904/2904/2786 2901/2901/2783
f 2905/2905/2787 2906/2906/2788 2897/2897/2779
f 2880/2880/2762 2902/2902/2784 2890/2890/2772
f 2870/2870/2752 2868/2868/2750 2907/2907/2789
f 2908/2908/2790 2907/2907/2789 2909/2909/2791
f 2868/2868/2750 2867/2867/2749 2910/2910/2792
f 2910/2910/2792 2911/2911/2793 2909/2909/2791
f 2910/2910/2792 2867/2867/2749 2912/2912/2794
f 2872/2872/2754 2912/2912/2794 2867/2867/2749
f 2875/2875/2757 2913/2913/2795 2872/2872/2754
f 2912/2912/2794 2914/2914/2796 2915/2915/2797
f 2916/2916/2798 2917/2917/2799 2918/2918/2800
f 2919/2919/2801 2909/2909/2791 2911/2911/2793
f 2915/2915/2797 2916/2916/2798 2911/2911/2793
f 2920/2920/2802 2921/2921/2803 2922/2922/2804
f 2922/2922/2804 2917/2917/2799 2916/2916/2798
f 2920/2920/2802 2915/2915/2797 2914/2914/2796
f 2923/2923/2805 2407/2407/2297 2408/2408/2298
f 2913/2913/2795 2405/2405/2295 2924/2924/2806
f 2913/2913/2795 2924/2924/2806 2914/2914/2796
f 2914/2914/2796 2924/2924/2806 2925/2925/2807
f 2923/2923/2805 2408/2408/2298 2416/2416/2304
f 2923/2923/2805 2416/2416/2304 2926/2926/2808
f 2927/2927/2809 2921/2921/2803 2920/2920/2802
f 2921/2921/2803 2927/2927/2809 2928/2928/2810
f 2926/2926/2808 2929/2929/2811 2925/2925/2807
f 2927/2927/2809 2925/2925/2807 2929/2929/2811
f 2929/2929/2811 2423/2423/2311 2930/2930/2812
f 2424/2424/2312 2926/2926/2808 2416/2416/2304
f 2884/2884/2766 2931/2931/2813 2885/2885/2767
f 2932/2932/2814 2931/2931/2813 2884/2884/2766
f 2884/2884/2766 2883/2883/2765 2932/2932/2814
f 2933/2933/2815 2934/2934/2816 2888/2888/2770
f 2891/2891/2773 2934/2934/2816 2883/2883/2765
f 2932/2932/2814 2935/2935/2817 2936/2936/2818
f 2888/2888/2770 2934/2934/2816 2891/2891/2773
f 2937/2937/2819 2400/2400/2290 2892/2892/2774
f 2938/2938/2820 2892/2892/2774 2885/2885/2767
f 2931/2931/2813 2938/2938/2820 2885/2885/2767
f 2938/2938/2820 2939/2939/2821 2940/2940/2822
f 2941/2941/2823 2942/2942/2824 2943/2943/2825
f 2944/2944/2826 2945/2945/2827 2941/2941/2823
f 2941/2941/2823 2945/2945/2827 2936/2936/2818
f 2935/2935/2817 2946/2946/2828 2936/2936/2818
f 2935/2935/2817 2947/2947/2829 2946/2946/2828
f 2939/2939/2821 2945/2945/2827 2944/2944/2826
f 2944/2944/2826 2948/2948/2830 2939/2939/2821
f 2949/2949/2831 2438/2438/2326 2950/2950/2832
f 2950/2950/2832 2438/2438/2326 2440/2440/2328
f 2918/2918/2800 2917/2917/2799 2951/2951/2833
f 2952/2952/2834 2953/2953/2835 2954/2954/2836
f 2917/2917/2799 2953/2953/2835 2951/2951/2833
f 2922/2922/2804 2953/2953/2835 2917/2917/2799
f 2952/2952/2834 2955/2955/2837 2956/2956/2838
f 2957/2957/2839 2958/2958/2840 2959/2959/2841
f 2952/2952/2834 2954/2954/2836 2960/2960/2842
f 2954/2954/2836 2961/2961/2843 2960/2960/2842
f 2961/2961/2843 2962/2962/2844 2960/2960/2842
f 2928/2928/2810 2930/2930/2812 2963/2963/2845
f 2928/2928/2810 2963/2963/2845 2961/2961/2843
f 2930/2930/2812 2964/2964/2846 2963/2963/2845
f 2964/2964/2846 2445/2445/2333 2452/2452/2340
f 2964/2964/2846 2452/2452/2340 2965/2965/2847
f 2960/2960/2842 2959/2959/2841 2952/2952/2834
f 2960/2960/2842 2962/2962/2844 2959/2959/2841
f 2957/2957/2839 2966/2966/2848 2967/2967/2849
f 2966/2966/2848 2962/2962/2844 2968/2968/2850
f 2965/2965/2847 2969/2969/2851 2968/2968/2850
f 2966/2966/2848 2968/2968/2850 2969/2969/2851
f 2969/2969/2851 2970/2970/2852 2971/2971/2853
f 2464/2464/2352 2965/2965/2847 2452/2452/2340
f 2943/2943/2825 2972/2972/2854 2973/2973/2855
f 2974/2974/2856 2975/2975/2857 2976/2976/2858
f 2974/2974/2856 2943/2943/2825 2942/2942/2824
f 2977/2977/2859 2978/2978/2860 2979/2979/2861
f 2468/2468/2356 2438/2438/2326 2949/2949/2831
f 2980/2980/2862 2949/2949/2831 2981/2981/2863
f 2979/2979/2861 2980/2980/2862 2981/2981/2863
f 2980/2980/2862 2982/2982/2864 2469/2469/2357
f 2983/2983/2865 2984/2984/2866 2985/2985/2867
f 2975/2975/2857 2986/2986/2868 2976/2976/2858
f 2986/2986/2868 2984/2984/2866 2983/2983/2865
f 2987/2987/2869 2978/2978/2860 2988/2988/2870
f 2982/2982/2864 2978/2978/2860 2987/2987/2869
f 2987/2987/2869 2989/2989/2871 2982/2982/2864
f 2990/2990/2872 2476/2476/2364 2989/2989/2871
f 2989/2989/2871 2476/2476/2364 2475/2475/2363
f 2991/2991/2873 2958/2958/2840 2992/2992/2874
f 2957/2957/2839 2992/2992/2874 2958/2958/2840
f 2499/2499/2387 2993/2993/2875 2500/2500/2388
f 2992/2992/2874 2994/2994/2876 2995/2995/2877
f 2994/2994/2876 2996/2996/2878 2995/2995/2877
f 2997/2997/2879 2460/2460/2348 2512/2512/2400
f 2967/2967/2849 2971/2971/2853 2998/2998/2880
f 2967/2967/2849 2998/2998/2880 2994/2994/2876
f 2511/2511/2399 2999/2999/2881 3000/3000/2882
f 3001/3001/2883 3002/3002/2884 3003/3003/2885
f 3004/3004/2886 2995/2995/2877 3005/3005/2887
f 3005/3005/2887 3001/3001/2883 3003/3003/2885
f 3006/3006/2888 3007/3007/2889 3008/3008/2890
f 3008/3008/2890 3007/3007/2889 2999/2999/2881
f 3008/3008/2890 2993/2993/2875 3009/3009/2891
f 2511/2511/2399 2500/2500/2388 2999/2999/2881
f 3010/3010/2892 3011/3011/2893 3012/3012/2894
f 3013/3013/2895 3011/3011/2893 3010/3010/2892
f 3013/3013/2895 3014/3014/2896 3011/3011/2893
f 3013/3013/2895 3015/3015/2897 3016/3016/2898
f 3017/3017/2899 3018/3018/2900 3019/3019/2901
f 3020/3020/2902 2990/2990/2872 3012/3012/2894
f 3011/3011/2893 3020/3020/2902 3012/3012/2894
f 3020/3020/2902 3011/3011/2893 3014/3014/2896
f 3021/3021/2903 2990/2990/2872 3020/3020/2902
f 3014/3014/2896 3021/3021/2903 3020/3020/2902
f 2515/2515/2403 3021/3021/2903 2519/2519/2407
f 3022/3022/2904 3023/3023/2905 3014/3014/2896
f 3024/3024/2906 3025/3025/2907 3026/3026/2908
f 3024/3024/2906 3026/3026/2908 3027/3027/2909
f 3016/3016/2898 3028/3028/2910 3027/3027/2909
f 3022/3022/2904 3026/3026/2908 3029/3029/2911
f 3030/3030/2912 3029/3029/2911 3031/3031/2913
f 2519/2519/2407 3023/3023/2905 2523/2523/2411
f 3023/3023/2905 3022/3022/2904 3029/3029/2911
f 2523/2523/2411 3030/3030/2912 2524/2524/2412
f 2547/2547/2435 2993/2993/2875 2499/2499/2387
f 3009/3009/2891 3032/3032/2914 3033/3033/2915
f 3034/3034/2916 3035/3035/2917 3036/3036/2918
f 3035/3035/2917 3003/3003/2885 3002/3002/2884
f 3037/3037/2919 3038/3038/2920 3036/3036/2918
f 3009/3009/2891 3039/3039/2921 3032/3032/2914
f 3040/3040/2922 3041/3041/2923 3042/3042/2924
f 3041/3041/2923 3043/3043/2925 3042/3042/2924
f 3034/3034/2916 3036/3036/2918 3044/3044/2926
f 3044/3044/2926 3045/3045/2927 3046/3046/2928
f 3045/3045/2927 3038/3038/2920 3047/3047/2929
f 3047/3047/2929 3048/3048/2930 3045/3045/2927
f 3049/3049/2931 3050/3050/2932 3048/3048/2930
f 3047/3047/2929 3038/3038/2920 3043/3043/2925
f 3047/3047/2929 3051/3051/2933 3048/3048/2930
f 3047/3047/2929 3043/3043/2925 3051/3051/2933
f 3052/3052/2934 3053/3053/2935 3051/3051/2933
f 3048/3048/2930 3054/3054/2936 3049/3049/2931
f 3055/3055/2937 3025/3025/2907 3024/3024/2906
f 3031/3031/2913 3025/3025/2907 3056/3056/2938
f 3057/3057/2939 3058/3058/2940 3056/3056/2938
f 3057/3057/2939 3055/3055/2937 3059/3059/2941
f 2580/2580/2468 3060/3060/2942 2581/2581/2469
f 3060/3060/2942 3061/3061/2943 2581/2581/2469
f 3031/3031/2913 3056/3056/2938 3060/3060/2942
f 2580/2580/2468 2524/2524/2412 3030/3030/2912
f 3057/3057/2939 3062/3062/2944 3058/3058/2940
f 3062/3062/2944 3063/3063/2945 3064/3064/2946
f 3065/3065/2947 3058/3058/2940 3062/3062/2944
f 2581/2581/2469 3061/3061/2943 2582/2582/2470
f 3066/3066/2948 2582/2582/2470 3061/3061/2943
f 2582/2582/2470 3066/3066/2948 2583/2583/2471
f 3067/3067/2949 3068/3068/2950 3065/3065/2947
f 3068/3068/2950 3067/3067/2949 3069/3069/2951
f 3066/3066/2948 3065/3065/2947 3068/3068/2950
f 2594/2594/2482 2583/2583/2471 3070/3070/2952
f 3071/3071/2953 2591/2591/2479 3070/3070/2952
f 3070/3070/2952 2591/2591/2479 2594/2594/2482
f 3046/3046/2928 3050/3050/2932 3072/3072/2954
f 3049/3049/2931 3073/3073/2955 3050/3050/2932
f 3073/3073/2955 3074/3074/2956 3075/3075/2957
f 3072/3072/2954 3075/3075/2957 3076/3076/2958
f 2622/2622/2510 2621/2621/2509 3077/3077/2959
f 3077/3077/2959 2621/2621/2509 3078/3078/2960
f 3077/3077/2959 3079/3079/2961 3080/3080/2962
f 3054/3054/2936 3081/3081/2963 3049/3049/2931
f 3081/3081/2963 3073/3073/2955 3049/3049/2931
f 3082/3082/2964 3083/3083/2965 3084/3084/2966
f 3085/3085/2967 3082/3082/2964 3084/3084/2966
f 3075/3075/2957 3085/3085/2967 3076/3076/2958
f 3086/3086/2968 3082/3082/2964 3074/3074/2956
f 3078/3078/2960 2621/2621/2509 2629/2629/2517
f 3087/3087/2969 3088/3088/2970 3089/3089/2971
f 3087/3087/2969 3090/3090/2972 3078/3078/2960
f 3090/3090/2972 3087/3087/2969 3091/3091/2973
f 3086/3086/2968 3074/3074/2956 3092/3092/2974
f 3093/3093/2975 3094/3094/2976 3064/3064/2946
f 3067/3067/2949 3064/3064/2946 3094/3094/2976
f 3095/3095/2977 3096/3096/2978 3097/3097/2979
f 3098/3098/2980 3095/3095/2977 3097/3097/2979
f 3099/3099/2981 3100/3100/2982 3094/3094/2976
f 3099/3099/2981 3101/3101/2983 3100/3100/2982
f 3102/3102/2984 3071/3071/2953 3069/3069/2951
f 3100/3100/2982 3102/3102/2984 3069/3069/2951
f 3103/3103/2985 3071/3071/2953 3102/3102/2984
f 2634/2634/2520 3103/3103/2985 2638/2638/2524
f 3103/3103/2985 3104/3104/2986 2638/2638/2524
f 3095/3095/2977 3101/3101/2983 3099/3099/2981
f 3105/3105/2987 3098/3098/2980 3106/3106/2988
f 3107/3107/2989 3101/3101/2983 3105/3105/2987
f 3104/3104/2986 3107/3107/2989 3108/3108/2990
f 3105/3105/2987 3108/3108/2990 3107/3107/2989
f 3109/3109/2991 3104/3104/2986 3108/3108/2990
f 3109/3109/2991 3110/3110/2992 3111/3111/2993
f 2639/2639/2525 3109/3109/2991 3111/3111/2993
f 2639/2639/2525 3111/3111/2993 2642/2642/2528
f 3084/3084/2966 3083/3083/2965 3112/3112/2994
f 3113/3113/2995 3114/3114/2996 3083/3083/2965
f 3114/3114/2996 3115/3115/2997 3116/3116/2998
f 3112/3112/2994 3116/3116/2998 3117/3117/2999
f 3089/3089/2971 3088/3088/2970 2664/2664/2550
f 3089/3089/2971 3118/3118/3000 3119/3119/3001
f 2668/2668/2554 3120/3120/3002 3118/3118/3000
f 3121/3121/3003 3114/3114/2996 3113/3113/2995
f 3116/3116/2998 3115/3115/2997 3122/3122/3004
f 3123/3123/3005 3124/3124/3006 3122/3122/3004
f 3125/3125/3007 3122/3122/3004 3115/3115/2997
f 2676/2676/2562 3120/3120/3002 2668/2668/2554
f 3126/3126/3008 3120/3120/3002 2676/2676/2562
f 3127/3127/3009 3128/3128/3010 3125/3125/3007
f 3128/3128/3010 3127/3127/3009 3129/3129/3011
f 3130/3130/3012 3127/3127/3009 3125/3125/3007
f 3127/3127/3009 3131/3131/3013 3129/3129/3011
f 3132/3132/3014 3133/3133/3015 3126/3126/3008
f 3134/3134/3016 3135/3135/3017 3097/3097/2979
f 3098/3098/2980 3097/3097/2979 3135/3135/3017
f 3136/3136/3018 3137/3137/3019 3135/3135/3017
f 3138/3138/3020 3139/3139/3021 3140/3140/3022
f 3141/3141/3023 3142/3142/3024 3110/3110/2992
f 3143/3143/3025 3141/3141/3023 3106/3106/2988
f 3137/3137/3019 3143/3143/3025 3106/3106/2988
f 3143/3143/3025 3137/3137/3019 3140/3140/3022
f 3142/3142/3024 3141/3141/3023 3143/3143/3025
f 3140/3140/3022 3142/3142/3024 3143/3143/3025
f 3111/3111/2993 3110/3110/2992 2682/2682/2568
f 2682/2682/2568 2642/2642/2528 3111/3111/2993
f 3139/3139/3021 3144/3144/3026 3140/3140/3022
f 3145/3145/3027 3146/3146/3028 3147/3147/3029
f 3148/3148/3030 3149/3149/3031 3136/3136/3018
f 3136/3136/3018 3149/3149/3031 3138/3138/3020
f 3138/3138/3020 3147/3147/3029 3139/3139/3021
f 3139/3139/3021 3147/3147/3029 3150/3150/3032
f 3151/3151/3033 3150/3150/3032 3152/3152/3034
f 2683/2683/2569 3144/3144/3026 2684/2684/2570
f 3144/3144/3026 3139/3139/3021 3150/3150/3032
f 3153/3153/3035 3154/3154/3036 3155/3155/3037
f 2697/2697/2583 2685/2685/2571 3155/3155/3037
f 3155/3155/3037 2685/2685/2571 3153/3153/3035
f 3154/3154/3036 2694/2694/2580 3155/3155/3037
f 3155/3155/3037 2694/2694/2580 2697/2697/2583
f 3156/3156/3038 3123/3123/3005 3157/3157/3039
f 3128/3128/3010 3157/3157/3039 3123/3123/3005
f 2719/2719/2605 3132/3132/3014 2675/2675/2561
f 2714/2714/2600 3158/3158/3040 2720/2720/2606
f 3157/3157/3039 3159/3159/3041 3160/3160/3042
f 3159/3159/3041 3161/3161/3043 3160/3160/3042
f 3129/3129/3011 3162/3162/3044 3159/3159/3041
f 2719/2719/2605 2718/2718/2604 3163/3163/3045
f 2718/2718/2604 3164/3164/3046 3163/3163/3045
f 3165/3165/3047 3160/3160/3042 3166/3166/3048
f 3166/3166/3048 3167/3167/3049 3168/3168/3050
f 3169/3169/3051 3170/3170/3052 3171/3171/3053
f 3171/3171/3053 3172/3172/3054 3169/3169/3051
f 3173/3173/3055 3174/3174/3056 3175/3175/3057
f 3171/3171/3053 3170/3170/3052 3164/3164/3046
f 2718/2718/2604 2720/2720/2606 3164/3164/3046
f 3172/3172/3054 3176/3176/3058 3177/3177/3059
f 3172/3172/3054 3177/3177/3059 3178/3178/3060
f 3179/3179/3061 3146/3146/3028 3145/3145/3027
f 3152/3152/3034 3146/3146/3028 3180/3180/3062
f 3181/3181/3063 3182/3182/3064 3180/3180/3062
f 3181/3181/3063 3179/3179/3061 3183/3183/3065
f 3184/3184/3066 3151/3151/3033 3152/3152/3034
f 3184/3184/3066 3153/3153/3035 3151/3151/3033
f 3180/3180/3062 3182/3182/3064 3185/3185/3067
f 3181/3181/3063 3186/3186/3068 3182/3182/3064
f 3186/3186/3068 3187/3187/3069 3188/3188/3070
f 3189/3189/3071 3182/3182/3064 3186/3186/3068
f 3185/3185/3067 3182/3182/3064 3189/3189/3071
f 3185/3185/3067 3190/3190/3072 3184/3184/3066
f 3190/3190/3072 3185/3185/3067 3191/3191/3073
f 3192/3192/3074 3154/3154/3036 3190/3190/3072
f 2721/2721/2607 3192/3192/3074 2725/2725/2611
f 3192/3192/3074 3193/3193/3075 2725/2725/2611
f 3194/3194/3076 3195/3195/3077 3189/3189/3071
f 3195/3195/3077 3194/3194/3076 3196/3196/3078
f 3193/3193/3075 3191/3191/3073 3197/3197/3079
f 3195/3195/3077 3197/3197/3079 3191/3191/3073
f 3198/3198/3080 3193/3193/3075 3197/3197/3079
f 3198/3198/3080 3199/3199/3081 3200/3200/3082
f 2726/2726/2612 3198/3198/3080 3200/3200/3082
f 2743/2743/2629 3158/3158/3040 2714/2714/2600
f 3201/3201/3083 3202/3202/3084 3203/3203/3085
f 2737/2737/2623 2727/2727/2613 3203/3203/3085
f 3203/3203/3085 2727/2727/2613 3201/3201/3083
f 3204/3204/3086 3205/3205/3087 3206/3206/3088
f 2739/2739/2625 3204/3204/3086 2740/2740/2626
f 2740/2740/2626 3204/3204/3086 3206/3206/3088
f 3168/3168/3050 3174/3174/3056 3207/3207/3089
f 3173/3173/3055 3208/3208/3090 3174/3174/3056
f 3208/3208/3090 3209/3209/3091 3210/3210/3092
f 3207/3207/3089 3210/3210/3092 3211/3211/3093
f 3176/3176/3058 3212/3212/3094 3177/3177/3059
f 2743/2743/2629 3176/3176/3058 3158/3158/3040
f 3212/3212/3094 2742/2742/2628 3213/3213/3095
f 3212/3212/3094 3214/3214/3096 3177/3177/3059
f 3177/3177/3059 3214/3214/3096 3178/3178/3060
f 3214/3214/3096 3215/3215/3097 3178/3178/3060
f 3210/3210/3092 3209/3209/3091 3216/3216/3098
f 3217/3217/3099 3218/3218/3100 3216/3216/3098
f 3219/3219/3101 3220/3220/3102 3221/3221/3103
f 3222/3222/3104 3223/3223/3105 3221/3221/3103
f 3224/3224/3106 3225/3225/3107 3226/3226/3108
f 3226/3226/3108 2741/2741/2627 3224/3224/3106
f 3227/3227/3109 3213/3213/3095 3226/3226/3108
f 3227/3227/3109 3228/3228/3110 3213/3213/3095
f 3228/3228/3110 3227/3227/3109 3222/3222/3104
f 3222/3222/3104 3229/3229/3111 3228/3228/3110
f 3194/3194/3076 3188/3188/3070 3230/3230/3112
f 3231/3231/3113 3232/3232/3114 3233/3233/3115
f 3233/3233/3115 3234/3234/3116 3231/3231/3113
f 3235/3235/3117 3236/3236/3118 3237/3237/3119
f 3238/3238/3120 3230/3230/3112 3231/3231/3113
f 3238/3238/3120 3239/3239/3121 3230/3230/3112
f 3238/3238/3120 3240/3240/3122 3239/3239/3121
f 3241/3241/3123 3242/3242/3124 3199/3199/3081
f 3243/3243/3125 3241/3241/3123 3196/3196/3078
f 3239/3239/3121 3243/3243/3125 3196/3196/3078
f 3242/3242/3124 3241/3241/3123 3243/3243/3125
f 3200/3200/3082 3199/3199/3081 2746/2746/2632
f 3242/3242/3124 3244/3244/3126 2747/2747/2633
f 3245/3245/3127 3246/3246/3128 3247/3247/3129
f 3231/3231/3113 3236/3236/3118 3238/3238/3120
f 3236/3236/3118 3240/3240/3122 3238/3238/3120
f 3247/3247/3129 3246/3246/3128 3248/3248/3130
f 3249/3249/3131 3240/3240/3122 3250/3250/3132
f 3251/3251/3133 3250/3250/3132 3247/3247/3129
f 3244/3244/3126 3249/3249/3131 3251/3251/3133
f 3250/3250/3132 3251/3251/3133 3249/3249/3131
f 3251/3251/3133 3247/3247/3129 3252/3252/3134
f 3252/3252/3134 3244/3244/3126 3251/3251/3133
f 2748/2748/2634 3252/3252/3134 3253/3253/3135
f 2748/2748/2634 3253/3253/3135 2751/2751/2637
f 2745/2745/2631 3202/3202/3084 3201/3201/3083
f 3202/3202/3084 2745/2745/2631 3254/3254/3136
f 3255/3255/3137 3256/3256/3138 3257/3257/3139
f 3206/3206/3088 3205/3205/3087 2759/2759/2645
f 3258/3258/3140 3219/3219/3101 3259/3259/3141
f 3223/3223/3105 3260/3260/3142 3221/3221/3103
f 3225/3225/3107 3261/3261/3143 3262/3262/3144
f 2758/2758/2644 3225/3225/3107 3224/3224/3106
f 3261/3261/3143 2775/2775/2659 3263/3263/3145
f 3261/3261/3143 3264/3264/3146 3262/3262/3144
f 3262/3262/3144 3264/3264/3146 3223/3223/3105
f 3264/3264/3146 3265/3265/3147 3266/3266/3148
f 3267/3267/3149 3268/3268/3150 3269/3269/3151
f 3270/3270/3152 3271/3271/3153 3269/3269/3151
f 3268/3268/3150 3270/3270/3152 3269/3269/3151
f 3263/3263/3145 2775/2775/2659 2779/2779/2663
f 3272/3272/3154 2778/2778/2662 3273/3273/3155
f 3272/3272/3154 3265/3265/3147 3263/3263/3145
f 3265/3265/3147 3272/3272/3154 3270/3270/3152
f 3260/3260/3142 3274/3274/3156 3259/3259/3141
f 3259/3259/3141 3274/3274/3156 3275/3275/3157
f 3274/3274/3156 3276/3276/3158 3275/3275/3157
f 3260/3260/3142 3266/3266/3148 3274/3274/3156
f 3266/3266/3148 3276/3276/3158 3274/3274/3156
f 3277/3277/3159 3278/3278/3160 3279/3279/3161
f 3280/3280/3162 3275/3275/3157 3281/3281/3163
f 3281/3281/3163 3277/3277/3159 3279/3279/3161
f 3267/3267/3149 3278/3278/3160 3277/3277/3159
f 3268/3268/3150 3276/3276/3158 3266/3266/3148
f 3282/3282/3164 3283/3283/3165 3237/3237/3119
f 3235/3235/3117 3237/3237/3119 3283/3283/3165
f 3235/3235/3117 3283/3283/3165 3245/3245/3127
f 3284/3284/3166 3246/3246/3128 3245/3245/3127
f 3285/3285/3167 3284/3284/3166 3286/3286/3168
f 3284/3284/3166 3287/3287/3169 3246/3246/3128
f 3248/3248/3130 3246/3246/3128 3287/3287/3169
f 3288/3288/3170 3253/3253/3135 3248/3248/3130
f 3287/3287/3169 3289/3289/3171 3290/3290/3172
f 3291/3291/3173 3292/3292/3174 3293/3293/3175
f 3294/3294/3176 3295/3295/3177 3286/3286/3168
f 3286/3286/3168 3295/3295/3177 3285/3285/3167
f 3285/3285/3167 3293/3293/3175 3289/3289/3171
f 3296/3296/3178 3297/3297/3179 3298/3298/3180
f 3293/3293/3175 3292/3292/3174 3298/3298/3180
f 3290/3290/3172 3289/3289/3171 3297/3297/3179
f 3299/3299/3181 2791/2791/2673 2787/2787/2669
f 3288/3288/3170 3300/3300/3182 2785/2785/2667
f 3290/3290/3172 3300/3300/3182 3288/3288/3170
f 3300/3300/3182 3290/3290/3172 3301/3301/3183
f 2791/2791/2673 3299/3299/3181 2794/2794/2676
f 3299/3299/3181 3302/3302/3184 2794/2794/2676
f 3296/3296/3178 3303/3303/3185 3297/3297/3179
f 3303/3303/3185 3296/3296/3178 3304/3304/3186
f 3302/3302/3184 3301/3301/3183 3305/3305/3187
f 3303/3303/3185 3305/3305/3187 3301/3301/3183
f 3306/3306/3188 3302/3302/3184 3305/3305/3187
f 3306/3306/3188 3307/3307/3189 3308/3308/3190
f 2795/2795/2677 3306/3306/3188 3308/3308/3190
f 2795/2795/2677 3308/3308/3190 2799/2799/2681
f 3271/3271/3153 3309/3309/3191 3269/3269/3151
f 3267/3267/3149 3269/3269/3151 3309/3309/3191
f 3273/3273/3155 2778/2778/2662 2803/2803/2685
f 3273/3273/3155 3310/3310/3192 3271/3271/3153
f 2805/2805/2687 3311/3311/3193 3310/3310/3192
f 3310/3310/3192 3311/3311/3193 3312/3312/3194
f 2812/2812/2694 3311/3311/3193 2805/2805/2687
f 3313/3313/3195 3311/3311/3193 2812/2812/2694
f 3313/3313/3195 3312/3312/3194 3311/3311/3193
f 3278/3278/3160 3314/3314/3196 3315/3315/3197
f 3316/3316/3198 3317/3317/3199 3318/3318/3200
f 3318/3318/3200 3317/3317/3199 3319/3319/3201
f 3320/3320/3202 3321/3321/3203 3322/3322/3204
f 3309/3309/3191 3312/3312/3194 3314/3314/3196
f 3312/3312/3194 3323/3323/3205 3314/3314/3196
f 3324/3324/3206 3325/3325/3207 3326/3326/3208
f 3324/3324/3206 3326/3326/3208 3319/3319/3201
f 3324/3324/3206 3327/3327/3209 3328/3328/3210
f 3319/3319/3201 3327/3327/3209 3324/3324/3206
f 3328/3328/3210 3325/3325/3207 3324/3324/3206
f 3329/3329/3211 3330/3330/3212 3331/3331/3213
f 3332/3332/3214 3333/3333/3215 3334/3334/3216
f 3333/3333/3215 3326/3326/3208 3334/3334/3216
f 3335/3335/3217 3336/3336/3218 3313/3313/3195
f 3337/3337/3219 3338/3338/3220 3339/3339/3221
f 3337/3337/3219 3339/3339/3221 3340/3340/3222
f 3341/3341/3223 3292/3292/3174 3291/3291/3173
f 3342/3342/3224 3343/3343/3225 3344/3344/3226
f 3341/3341/3223 3343/3343/3225 3292/3292/3174
f 3292/3292/3174 3343/3343/3225 3298/3298/3180
f 3345/3345/3227 3346/3346/3228 3344/3344/3226
f 3344/3344/3226 3346/3346/3228 3347/3347/3229
f 3348/3348/3230 3342/3342/3224 3344/3344/3226
f 3348/3348/3230 3349/3349/3231 3342/3342/3224
f 3350/3350/3232 3351/3351/3233 3352/3352/3234
f 3353/3353/3235 3354/3354/3236 3307/3307/3189
f 3355/3355/3237 3353/3353/3235 3304/3304/3186
f 3349/3349/3231 3355/3355/3237 3304/3304/3186
f 3355/3355/3237 3349/3349/3231 3352/3352/3234
f 3354/3354/3236 3353/3353/3235 3355/3355/3237
f 3352/3352/3234 3354/3354/3236 3355/3355/3237
f 3354/3354/3236 3356/3356/3238 3307/3307/3189
f 3356/3356/3238 3354/3354/3236 3352/3352/3234
f 3357/3357/3239 3356/3356/3238 3358/3358/3240
f 3359/3359/3241 3360/3360/3242 3361/3361/3243
f 3348/3348/3230 3362/3362/3244 3350/3350/3232
f 3350/3350/3232 3361/3361/3243 3351/3351/3233
f 3363/3363/3245 3364/3364/3246 3365/3365/3247
f 3361/3361/3243 3360/3360/3242 3365/3365/3247
f 3358/3358/3240 3351/3351/3233 3364/3364/3246
f 3366/3366/3248 2821/2821/2703 2820/2820/2702
f 3357/3357/3239 3367/3367/3249 2816/2816/2698
f 3358/3358/3240 3367/3367/3249 3357/3357/3239
f 3367/3367/3249 3358/3358/3240 3368/3368/3250
f 2821/2821/2703 3366/3366/3248 2823/2823/2705
f 3366/3366/3248 3369/3369/3251 2823/2823/2705
f 2828/2828/2710 3335/3335/3217 2811/2811/2693
f 3370/3370/3252 3371/3371/3253 3372/3372/3254
f 3363/3363/3245 3373/3373/3255 3364/3364/3246
f 3372/3372/3254 3371/3371/3253 3374/3374/3256
f 3375/3375/3257 3373/3373/3255 3372/3372/3254
f 3376/3376/3258 3368/3368/3250 3375/3375/3257
f 3373/3373/3255 3375/3375/3257 3368/3368/3250
f 3375/3375/3257 3372/3372/3254 3377/3377/3259
f 3377/3377/3259 3376/3376/3258 3375/3375/3257
f 2824/2824/2706 3378/3378/3260 3379/3379/3261
f 3380/3380/3262 3381/3381/3263 3382/3382/3264
f 3383/3383/3265 3384/3384/3266 3385/3385/3267
f 3340/3340/3222 3386/3386/3268 3387/3387/3269
f 3382/3382/3264 3388/3388/3270 3380/3380/3262
f 3338/3338/3220 3389/3389/3271 3339/3339/3221
f 2828/2828/2710 3338/3338/3220 3335/3335/3217
f 3390/3390/3272 3381/3381/3263 3380/3380/3262
f 3389/3389/3271 3391/3391/3273 3339/3339/3221
f 3339/3339/3221 3391/3391/3273 3340/3340/3222
f 3391/3391/3273 3389/3389/3271 3380/3380/3262
f 3392/3392/3274 3393/3393/3275 3382/3382/3264
f 3392/3392/3274 3381/3381/3263 3394/3394/3276
f 3382/3382/3264 3381/3381/3263 3392/3392/3274
f 3382/3382/3264 3393/3393/3275 3388/3388/3270
f 3395/3395/3277 3396/3396/3278 3397/3397/3279
f 3393/3393/3275 3398/3398/3280 3399/3399/3281
f 3394/3394/3276 3381/3381/3263 3390/3390/3272
f 3394/3394/3276 3400/3400/3282 3401/3401/3283
f 2827/2827/2709 2826/2826/2708 3390/3390/3272
f 3402/3402/3284 3388/3388/3270 3403/3403/3285
f 3386/3386/3268 3404/3404/3286 3385/3385/3267
f 3385/3385/3267 3404/3404/3286 3405/3405/3287
f 3404/3404/3286 3406/3406/3288 3405/3405/3287
f 3386/3386/3268 3402/3402/3284 3404/3404/3286
f 3402/3402/3284 3406/3406/3288 3404/3404/3286
f 3395/3395/3277 3406/3406/3288 3403/3403/3285
f 3405/3405/3287 3406/3406/3288 3395/3395/3277
f 3403/3403/3285 3406/3406/3288 3402/3402/3284
f 3407/3407/3289 3360/3360/3242 3359/3359/3241
f 3408/3408/3290 3409/3409/3291 3410/3410/3292
f 3407/3407/3289 3409/3409/3291 3360/3360/3242
f 3360/3360/3242 3409/3409/3291 3365/3365/3247
f 3411/3411/3293 3412/3412/3294 3410/3410/3292
f 3410/3410/3292 3412/3412/3294 3413/3413/3295
f 3363/3363/3245 3408/3408/3290 3370/3370/3252
f 3414/3414/3296 3408/3408/3290 3410/3410/3292
f 3415/3415/3297 3371/3371/3253 3370/3370/3252
f 3416/3416/3298 3415/3415/3297 3414/3414/3296
f 3415/3415/3297 3417/3417/3299 3371/3371/3253
f 3374/3374/3256 3371/3371/3253 3417/3417/3299
f 3418/3418/3300 3379/3379/3261 3419/3419/3301
f 3418/3418/3300 3400/3400/3282 3379/3379/3261
f 3417/3417/3299 3420/3420/3302 3421/3421/3303
f 3416/3416/3298 3422/3422/3304 3423/3423/3305
f 3414/3414/3296 3422/3422/3304 3416/3416/3298
f 3423/3423/3305 3424/3424/3306 3425/3425/3307
f 3426/3426/3308 3427/3427/3309 3428/3428/3310
f 3429/3429/3311 3420/3420/3302 3425/3425/3307
f 3430/3430/3312 3431/3431/3313 3426/3426/3308
f 3401/3401/3283 3432/3432/3314 3433/3433/3315
f 3433/3433/3315 3432/3432/3314 3434/3434/3316
f 3434/3434/3316 3398/3398/3280 3433/3433/3315
f 3396/3396/3278 3435/3435/3317 3436/3436/3318
f 3398/3398/3280 3435/3435/3317 3399/3399/3281
f 3437/3437/3319 3434/3434/3316 3438/3438/3320
f 3399/3399/3281 3435/3435/3317 3396/3396/3278
f 3400/3400/3282 3418/3418/3300 3401/3401/3283
f 3430/3430/3312 3439/3439/3321 3432/3432/3314
f 3440/3440/3322 3428/3428/3310 3441/3441/3323
f 3438/3438/3320 3440/3440/3322 3442/3442/3324
f 3428/3428/3310 3439/3439/3321 3426/3426/3308
f 3442/3442/3324 3437/3437/3319 3438/3438/3320
f 3437/3437/3319 3442/3442/3324 3443/3443/3325
f 3426/3426/3308 3439/3439/3321 3430/3430/3312
f 2887/2887/2769 3444/3444/3326 2888/2888/2770
f 3445/3445/3327 3446/3446/3328 3444/3444/3326
f 3445/3445/3327 2887/2887/2769 2903/2903/2785
f 3444/3444/3326 2887/2887/2769 3445/3445/3327
f 3447/3447/3329 3448/3448/3330 3449/3449/3331
f 3449/3449/3331 2904/2904/2786 2906/2906/2788
f 3447/3447/3329 3449/3449/3331 2906/2906/2788
f 3450/3450/3332 3451/3451/3333 3452/3452/3334
f 3450/3450/3332 3453/3453/3335 2919/2919/2801
f 3452/3452/3334 3453/3453/3335 3450/3450/3332
f 3450/3450/3332 2918/2918/2800 3451/3451/3333
f 2919/2919/2801 2918/2918/2800 3450/3450/3332
f 2933/2933/2815 3454/3454/3336 2947/2947/2829
f 3455/3455/3337 3454/3454/3336 2933/2933/2815
f 3454/3454/3336 3456/3456/3338 2947/2947/2829
f 3454/3454/3336 3455/3455/3337 3457/3457/3339
f 3457/3457/3339 3456/3456/3338 3454/3454/3336
f 3458/3458/3340 3459/3459/3341 3460/3460/3342
f 3461/3461/3343 3460/3460/3342 3462/3462/3344
f 3461/3461/3343 3458/3458/3340 3460/3460/3342
f 3463/3463/3345 2942/2942/2824 3464/3464/3346
f 3464/3464/3346 2942/2942/2824 2946/2946/2828
f 3461/3461/3343 3464/3464/3346 3456/3456/3338
f 3465/3465/3347 3466/3466/3348 3467/3467/3349
f 3467/3467/3349 3468/3468/3350 3465/3465/3347
f 3469/3469/3351 3446/3446/3328 3448/3448/3330
f 3455/3455/3337 3470/3470/3352 3457/3457/3339
f 3446/3446/3328 3469/3469/3351 3470/3470/3352
f 3469/3469/3351 3467/3467/3349 3470/3470/3352
f 3448/3448/3330 3471/3471/3353 3469/3469/3351
f 3469/3469/3351 3471/3471/3353 3467/3467/3349
f 3471/3471/3353 3472/3472/3354 3473/3473/3355
f 3447/3447/3329 3474/3474/3356 3472/3472/3354
f 3465/3465/3347 3475/3475/3357 3476/3476/3358
f 3476/3476/3358 3466/3466/3348 3465/3465/3347
f 3476/3476/3358 3477/3477/3359 3459/3459/3341
f 3468/3468/3350 3475/3475/3357 3465/3465/3347
f 3478/3478/3360 3479/3479/3361 3480/3480/3362
f 3480/3480/3362 3481/3481/3363 3475/3475/3357
f 3457/3457/3339 3466/3466/3348 3458/3458/3340
f 3478/3478/3360 3468/3468/3350 3473/3473/3355
f 3482/3482/3364 3483/3483/3365 3484/3484/3366
f 3484/3484/3366 3485/3485/3367 3482/3482/3364
f 3486/3486/3368 3487/3487/3369 3488/3488/3370
f 3451/3451/3333 3489/3489/3371 3487/3487/3369
f 3489/3489/3371 3484/3484/3366 3487/3487/3369
f 3489/3489/3371 2951/2951/2833 2956/2956/2838
f 3484/3484/3366 3490/3490/3372 3485/3485/3367
f 3482/3482/3364 3491/3491/3373 3492/3492/3374
f 3492/3492/3374 3483/3483/3365 3482/3482/3364
f 3492/3492/3374 3493/3493/3375 3494/3494/3376
f 3485/3485/3367 3491/3491/3373 3482/3482/3364
f 3495/3495/3377 3491/3491/3373 3485/3485/3367
f 3488/3488/3370 3483/3483/3365 3496/3496/3378
f 3495/3495/3377 3497/3497/3379 3498/3498/3380
f 2955/2955/2837 3490/3490/3372 2956/2956/2838
f 3495/3495/3377 3485/3485/3367 3490/3490/3372
f 3497/3497/3379 2955/2955/2837 2958/2958/2840
f 3499/3499/3381 3500/3500/3382 3501/3501/3383
f 3502/3502/3384 3500/3500/3382 3503/3503/3385
f 3503/3503/3385 3504/3504/3386 3502/3502/3384
f 3503/3503/3385 3500/3500/3382 3499/3499/3381
f 3505/3505/3387 2975/2975/2857 2974/2974/2856
f 3505/3505/3387 3506/3506/3388 2975/2975/2857
f 3463/3463/3345 3507/3507/3389 3505/3505/3387
f 3462/3462/3344 3507/3507/3389 3463/3463/3345
f 3462/3462/3344 3502/3502/3384 3507/3507/3389
f 3503/3503/3385 3508/3508/3390 3504/3504/3386
f 3508/3508/3390 3503/3503/3385 3499/3499/3381
f 3509/3509/3391 3508/3508/3390 3510/3510/3392
f 3511/3511/3393 3509/3509/3391 3512/3512/3394
f 2975/2975/2857 3506/3506/3388 2986/2986/2868
f 3513/3513/3395 2984/2984/2866 3514/3514/3396
f 3506/3506/3388 3515/3515/3397 3514/3514/3396
f 3511/3511/3393 3514/3514/3396 3515/3515/3397
f 3515/3515/3397 3504/3504/3386 3511/3511/3393
f 3459/3459/3341 3477/3477/3359 3501/3501/3383
f 3516/3516/3398 3501/3501/3383 3477/3477/3359
f 3517/3517/3399 3518/3518/3400 3519/3519/3401
f 3481/3481/3363 3520/3520/3402 3521/3521/3403
f 3480/3480/3362 3520/3520/3402 3481/3481/3363
f 3522/3522/3404 3523/3523/3405 3499/3499/3381
f 3517/3517/3399 3524/3524/3406 3525/3525/3407
f 3526/3526/3408 3524/3524/3406 3517/3517/3399
f 3494/3494/3376 3493/3493/3375 3519/3519/3401
f 3517/3517/3399 3519/3519/3401 3527/3527/3409
f 3493/3493/3375 3528/3528/3410 3529/3529/3411
f 3529/3529/3411 3530/3530/3412 3527/3527/3409
f 3529/3529/3411 3528/3528/3410 3531/3531/3413
f 3498/3498/3380 3531/3531/3413 3528/3528/3410
f 3497/3497/3379 3532/3532/3414 3498/3498/3380
f 3531/3531/3413 3533/3533/3415 3534/3534/3416
f 3535/3535/3417 3536/3536/3418 3537/3537/3419
f 3538/3538/3420 3527/3527/3409 3530/3530/3412
f 3534/3534/3416 3535/3535/3417 3530/3530/3412
f 3539/3539/3421 3540/3540/3422 3541/3541/3423
f 3541/3541/3423 3536/3536/3418 3535/3535/3417
f 3539/3539/3421 3534/3534/3416 3533/3533/3415
f 3532/3532/3414 2991/2991/2873 3542/3542/3424
f 3532/3532/3414 3542/3542/3424 3533/3533/3415
f 3533/3533/3415 3542/3542/3424 3543/3543/3425
f 2991/2991/2873 3004/3004/2886 3542/3542/3424
f 3004/3004/2886 3543/3543/3425 3542/3542/3424
f 3544/3544/3426 3540/3540/3422 3539/3539/3421
f 3540/3540/3422 3544/3544/3426 3545/3545/3427
f 3544/3544/3426 3543/3543/3425 3546/3546/3428
f 3546/3546/3428 3003/3003/2885 3547/3547/3429
f 3005/3005/2887 3003/3003/2885 3546/3546/3428
f 3548/3548/3430 3549/3549/3431 3510/3510/3392
f 3550/3550/3432 3512/3512/3394 3509/3509/3391
f 3018/3018/2900 2984/2984/2866 3513/3513/3395
f 3512/3512/3394 3551/3551/3433 3513/3513/3395
f 3551/3551/3433 3552/3552/3434 3019/3019/2901
f 3553/3553/3435 3552/3552/3434 3551/3551/3433
f 3554/3554/3436 3555/3555/3437 3556/3556/3438
f 3557/3557/3439 3556/3556/3438 3558/3558/3440
f 3557/3557/3439 3554/3554/3436 3556/3556/3438
f 3559/3559/3441 3024/3024/2906 3560/3560/3442
f 3560/3560/3442 3024/3024/2906 3027/3027/2909
f 3557/3557/3439 3561/3561/3443 3552/3552/3434
f 3562/3562/3444 3563/3563/3445 3564/3564/3446
f 3565/3565/3447 3562/3562/3444 3566/3566/3448
f 3565/3565/3447 3567/3567/3449 3568/3568/3450
f 3569/3569/3451 3570/3570/3452 3571/3571/3453
f 3572/3572/3454 3573/3573/3455 3574/3574/3456
f 3572/3572/3454 3574/3574/3456 3575/3575/3457
f 3550/3550/3432 3576/3576/3458 3553/3553/3435
f 3576/3576/3458 3577/3577/3459 3553/3553/3435
f 3578/3578/3460 3579/3579/3461 3580/3580/3462
f 3580/3580/3462 3577/3577/3459 3578/3578/3460
f 3580/3580/3462 3581/3581/3463 3555/3555/3437
f 3582/3582/3464 3583/3583/3465 3570/3570/3452
f 3584/3584/3466 3585/3585/3467 3586/3586/3468
f 3587/3587/3469 3588/3588/3470 3579/3579/3461
f 3589/3589/3471 3590/3590/3472 3586/3586/3468
f 3553/3553/3435 3577/3577/3459 3554/3554/3436
f 3591/3591/3473 3592/3592/3474 3593/3593/3475
f 3592/3592/3474 3594/3594/3476 3593/3593/3475
f 3595/3595/3477 3536/3536/3418 3596/3596/3478
f 3541/3541/3423 3540/3540/3422 3597/3597/3479
f 3598/3598/3480 3596/3596/3478 3597/3597/3479
f 3596/3596/3478 3598/3598/3480 3599/3599/3481
f 3600/3600/3482 3601/3601/3483 3570/3570/3452
f 3602/3602/3484 3603/3603/3484 3604/3604/3484
f 3605/3605/3485 3585/3585/3467 3606/3606/3486
f 3606/3606/3486 3607/3607/3487 3605/3605/3485
f 3608/3608/3488 3609/3609/3489 3610/3610/3490
f 3611/3611/3491 3612/3612/3492 3613/3613/3493
f 3614/3614/3494 3615/3615/3495 3609/3609/3489
f 3611/3611/3491 3599/3599/3481 3598/3598/3480
f 3597/3597/3479 3540/3540/3422 3545/3545/3427
f 3547/3547/3429 3003/3003/2885 3035/3035/2917
f 3545/3545/3427 3547/3547/3429 3616/3616/3496
f 3598/3598/3480 3616/3616/3496 3617/3617/3497
f 3034/3034/2916 3617/3617/3497 3616/3616/3496
f 3618/3618/3498 3612/3612/3492 3611/3611/3491
f 3612/3612/3492 3618/3618/3498 3619/3619/3499
f 3618/3618/3498 3617/3617/3497 3620/3620/3500
f 3620/3620/3500 3046/3046/2928 3621/3621/3501
f 3044/3044/2926 3046/3046/2928 3620/3620/3500
f 3622/3622/3502 3558/3558/3440 3556/3556/3438
f 3556/3556/3438 3555/3555/3437 3622/3622/3502
f 3055/3055/2937 3024/3024/2906 3559/3559/3441
f 3558/3558/3440 3623/3623/3503 3624/3624/3504
f 3625/3625/3505 3626/3626/3506 3059/3059/2941
f 3627/3627/3507 3628/3628/3508 3623/3623/3503
f 3629/3629/3509 3630/3630/3510 3631/3631/3511
f 3632/3632/3512 3631/3631/3511 3633/3633/3513
f 3632/3632/3512 3629/3629/3509 3631/3631/3511
f 3634/3634/3514 3635/3635/3515 3636/3636/3516
f 3059/3059/2941 3626/3626/3506 3063/3063/2945
f 3063/3063/2945 3634/3634/3514 3064/3064/2946
f 3637/3637/3517 3638/3638/3518 3581/3581/3463
f 3581/3581/3463 3588/3588/3470 3637/3637/3517
f 3639/3639/3519 3640/3640/3520 3641/3641/3521
f 3589/3589/3471 3640/3640/3520 3642/3642/3522
f 3637/3637/3517 3643/3643/3523 3644/3644/3524
f 3645/3645/3525 3640/3640/3520 3639/3639/3519
f 3622/3622/3502 3638/3638/3518 3627/3627/3507
f 3638/3638/3518 3646/3646/3526 3627/3627/3507
f 3647/3647/3527 3648/3648/3528 3649/3649/3529
f 3647/3647/3527 3646/3646/3526 3644/3644/3524
f 3647/3647/3527 3649/3649/3529 3630/3630/3510
f 3643/3643/3523 3650/3650/3530 3644/3644/3524
f 3651/3651/3531 3652/3652/3532 3639/3639/3519
f 3627/3627/3507 3646/3646/3526 3629/3629/3509
f 3605/3605/3485 3607/3607/3487 3641/3641/3521
f 3653/3653/3533 3641/3641/3521 3607/3607/3487
f 3654/3654/3534 3655/3655/3535 3656/3656/3536
f 3615/3615/3495 3657/3657/3537 3658/3658/3538
f 3614/3614/3494 3657/3657/3537 3615/3615/3495
f 3659/3659/3539 3651/3651/3531 3639/3639/3519
f 3660/3660/3540 3661/3661/3541 3662/3662/3542
f 3663/3663/3543 3664/3664/3544 3654/3654/3534
f 3654/3654/3534 3656/3656/3536 3665/3665/3545
f 3656/3656/3536 3666/3666/3546 3665/3665/3545
f 3667/3667/3547 3668/3668/3548 3669/3669/3549
f 3619/3619/3499 3621/3621/3501 3670/3670/3550
f 3619/3619/3499 3670/3670/3550 3666/3666/3546
f 3670/3670/3550 3667/3667/3547 3666/3666/3546
f 3621/3621/3501 3671/3671/3551 3670/3670/3550
f 3672/3672/3552 3673/3673/3553 3674/3674/3553
f 3672/3672/3552 3675/3675/3554 3676/3676/3555
f 3667/3667/3547 3677/3677/3556 3668/3668/3548
f 3678/3678/3557 3679/3679/3558 3680/3680/3559
f 3681/3681/3560 3665/3665/3545 3669/3669/3549
f 3668/3668/3548 3678/3678/3557 3669/3669/3549
f 3682/3682/3561 3678/3678/3557 3668/3668/3548
f 3683/3683/3562 3084/3084/2966 3684/3684/3563
f 3085/3085/2967 3084/3084/2966 3683/3683/3562
f 3677/3677/3556 3683/3683/3562 3682/3682/3561
f 3682/3682/3561 3668/3668/3548 3677/3677/3556
f 3685/3685/3564 3633/3633/3513 3631/3631/3511
f 3631/3631/3511 3630/3630/3510 3685/3685/3564
f 3686/3686/3565 3634/3634/3514 3636/3636/3516
f 3686/3686/3565 3636/3636/3516 3687/3687/3566
f 3688/3688/3567 3689/3689/3568 3690/3690/3569
f 3691/3691/3570 3692/3692/3571 3693/3693/3572
f 3096/3096/2978 3694/3694/3573 3097/3097/2979
f 3695/3695/3574 3696/3696/3575 3697/3697/3576
f 3695/3695/3574 3649/3649/3529 3648/3648/3528
f 3697/3697/3576 3698/3698/3577 3699/3699/3578
f 3686/3686/3565 3700/3700/3579 3093/3093/2975
f 3700/3700/3579 3701/3701/3580 3093/3093/2975
f 3700/3700/3579 3702/3702/3581 3701/3701/3580
f 3688/3688/3567 3698/3698/3577 3697/3697/3576
f 3703/3703/3582 3691/3691/3570 3704/3704/3583
f 3702/3702/3581 3705/3705/3584 3703/3703/3582
f 3703/3703/3582 3704/3704/3583 3694/3694/3573
f 3702/3702/3581 3096/3096/2978 3701/3701/3580
f 3706/3706/3585 3707/3707/3586 3708/3708/3587
f 3709/3709/3588 3708/3708/3587 3707/3707/3586
f 3707/3707/3586 3710/3710/3589 3709/3709/3588
f 3711/3711/3590 3712/3712/3591 3713/3713/3592
f 3714/3714/3593 3713/3713/3592 3715/3715/3594
f 3680/3680/3559 3679/3679/3558 3716/3716/3595
f 3717/3717/3596 3718/3718/3597 3679/3679/3558
f 3718/3718/3597 3719/3719/3598 3720/3720/3599
f 3716/3716/3595 3720/3720/3599 3721/3721/3600
f 3684/3684/3563 3084/3084/2966 3112/3112/2994
f 3684/3684/3563 3722/3722/3601 3717/3717/3596
f 3117/3117/2999 3723/3723/3602 3722/3722/3601
f 3722/3722/3601 3718/3718/3597 3717/3717/3596
f 3714/3714/3593 3711/3711/3590 3713/3713/3592
f 3720/3720/3599 3719/3719/3598 3724/3724/3603
f 3725/3725/3604 3726/3726/3605 3724/3724/3603
f 3725/3725/3604 3724/3724/3603 3727/3727/3606
f 3728/3728/3607 3729/3729/3608 3727/3727/3606
f 3728/3728/3607 3730/3730/3609 3729/3729/3608
f 3124/3124/3006 3723/3723/3602 3117/3117/2999
f 3728/3728/3607 3719/3719/3598 3723/3723/3602
f 3730/3730/3609 3124/3124/3006 3123/3123/3005
f 3731/3731/3610 3732/3732/3611 3693/3693/3572
f 3691/3691/3570 3693/3693/3572 3732/3732/3611
f 3097/3097/2979 3694/3694/3573 3134/3134/3016
f 3733/3733/3612 3734/3734/3613 3732/3732/3611
f 3733/3733/3612 3735/3735/3614 3734/3734/3613
f 3734/3734/3613 3736/3736/3615 3704/3704/3583
f 3736/3736/3615 3148/3148/3030 3134/3134/3016
f 3736/3736/3615 3737/3737/3616 3148/3148/3030
f 3738/3738/3617 3739/3739/3618 3740/3740/3619
f 3741/3741/3620 3742/3742/3621 3743/3743/3622
f 3742/3742/3621 3744/3744/3623 3745/3745/3624
f 3746/3746/3625 3735/3735/3614 3738/3738/3617
f 3737/3737/3616 3735/3735/3614 3746/3746/3625
f 3746/3746/3625 3747/3747/3626 3737/3737/3616
f 3748/3748/3627 3145/3145/3027 3747/3747/3626
f 3747/3747/3626 3145/3145/3027 3149/3149/3031
f 3749/3749/3628 3725/3725/3604 3750/3750/3629
f 3729/3729/3608 3751/3751/3630 3727/3727/3606
f 3730/3730/3609 3752/3752/3631 3729/3729/3608
f 3752/3752/3631 3751/3751/3630 3729/3729/3608
f 3751/3751/3630 3753/3753/3632 3750/3750/3629
f 3750/3750/3629 3753/3753/3632 3754/3754/3633
f 3753/3753/3632 3755/3755/3634 3754/3754/3633
f 3752/3752/3631 3156/3156/3038 3756/3756/3635
f 3156/3156/3038 3165/3165/3047 3756/3756/3635
f 3165/3165/3047 3757/3757/3636 3756/3756/3635
f 3758/3758/3637 3754/3754/3633 3759/3759/3638
f 3759/3759/3638 3760/3760/3639 3761/3761/3640
f 3760/3760/3639 3755/3755/3634 3762/3762/3641
f 3762/3762/3641 3763/3763/3642 3760/3760/3639
f 3764/3764/3643 3765/3765/3644 3763/3763/3642
f 3762/3762/3641 3755/3755/3634 3757/3757/3636
f 3762/3762/3641 3766/3766/3645 3763/3763/3642
f 3762/3762/3641 3757/3757/3636 3766/3766/3645
f 3166/3166/3048 3168/3168/3050 3766/3766/3645
f 3763/3763/3642 3767/3767/3646 3764/3764/3643
f 3740/3740/3619 3768/3768/3647 3769/3769/3648
f 3770/3770/3649 3771/3771/3650 3772/3772/3651
f 3770/3770/3649 3740/3740/3619 3739/3739/3618
f 3773/3773/3652 3774/3774/3653 3775/3775/3654
f 3776/3776/3655 3748/3748/3627 3769/3769/3648
f 3768/3768/3647 3776/3776/3655 3769/3769/3648
f 3776/3776/3655 3768/3768/3647 3775/3775/3654
f 3777/3777/3656 3748/3748/3627 3776/3776/3655
f 3775/3775/3654 3777/3777/3656 3776/3776/3655
f 3179/3179/3061 3777/3777/3656 3183/3183/3065
f 3774/3774/3653 3778/3778/3657 3775/3775/3654
f 3779/3779/3658 3780/3780/3659 3781/3781/3660
f 3771/3771/3650 3782/3782/3661 3772/3772/3651
f 3772/3772/3651 3782/3782/3661 3773/3773/3652
f 3773/3773/3652 3781/3781/3660 3774/3774/3653
f 3774/3774/3653 3781/3781/3660 3783/3783/3662
f 3784/3784/3663 3783/3783/3662 3785/3785/3664
f 3183/3183/3065 3778/3778/3657 3187/3187/3069
f 3778/3778/3657 3774/3774/3653 3783/3783/3662
f 3187/3187/3069 3784/3784/3663 3188/3188/3070
f 3761/3761/3640 3765/3765/3644 3786/3786/3665
f 3764/3764/3643 3787/3787/3666 3765/3765/3644
f 3787/3787/3666 3788/3788/3667 3789/3789/3668
f 3786/3786/3665 3789/3789/3668 3790/3790/3669
f 3767/3767/3646 3168/3168/3050 3207/3207/3089
f 3767/3767/3646 3791/3791/3670 3764/3764/3643
f 3211/3211/3093 3792/3792/3671 3791/3791/3670
f 3791/3791/3670 3787/3787/3666 3764/3764/3643
f 3789/3789/3668 3788/3788/3667 3793/3793/3672
f 3794/3794/3673 3795/3795/3674 3793/3793/3672
f 3796/3796/3675 3793/3793/3672 3788/3788/3667
f 3218/3218/3100 3792/3792/3671 3211/3211/3093
f 3797/3797/3676 3792/3792/3671 3218/3218/3100
f 3798/3798/3677 3799/3799/3678 3796/3796/3675
f 3799/3799/3678 3798/3798/3677 3800/3800/3679
f 3797/3797/3676 3798/3798/3677 3796/3796/3675
f 3798/3798/3677 3801/3801/3680 3800/3800/3679
f 3801/3801/3680 3798/3798/3677 3797/3797/3676
f 3802/3802/3681 3780/3780/3659 3779/3779/3658
f 3785/3785/3664 3780/3780/3659 3803/3803/3682
f 3804/3804/3683 3805/3805/3684 3803/3803/3682
f 3804/3804/3683 3802/3802/3681 3806/3806/3685
f 3232/3232/3114 3807/3807/3686 3233/3233/3115
f 3807/3807/3686 3808/3808/3687 3233/3233/3115
f 3785/3785/3664 3803/3803/3682 3807/3807/3686
f 3232/3232/3114 3188/3188/3070 3784/3784/3663
f 3804/3804/3683 3809/3809/3688 3805/3805/3684
f 3809/3809/3688 3810/3810/3689 3811/3811/3690
f 3812/3812/3691 3809/3809/3688 3811/3811/3690
f 3813/3813/3692 3812/3812/3691 3814/3814/3693
f 3815/3815/3694 3813/3813/3692 3814/3814/3693
f 3233/3233/3115 3808/3808/3687 3234/3234/3116
f 3808/3808/3687 3805/3805/3684 3813/3813/3692
f 3234/3234/3116 3815/3815/3694 3237/3237/3119
f 3816/3816/3695 3794/3794/3673 3817/3817/3696
f 3799/3799/3678 3817/3817/3696 3794/3794/3673
f 3258/3258/3140 3818/3818/3697 3219/3219/3101
f 3817/3817/3696 3819/3819/3698 3820/3820/3699
f 3819/3819/3698 3821/3821/3700 3820/3820/3699
f 3800/3800/3679 3822/3822/3701 3819/3819/3698
f 3823/3823/3702 3824/3824/3703 3822/3822/3701
f 3824/3824/3703 3825/3825/3704 3822/3822/3701
f 3826/3826/3705 3820/3820/3699 3827/3827/3706
f 3827/3827/3706 3828/3828/3707 3829/3829/3708
f 3828/3828/3707 3821/3821/3700 3830/3830/3709
f 3830/3830/3709 3831/3831/3710 3828/3828/3707
f 3832/3832/3711 3833/3833/3712 3831/3831/3710
f 3830/3830/3709 3821/3821/3700 3825/3825/3704
f 3830/3830/3709 3834/3834/3713 3831/3831/3710
f 3830/3830/3709 3825/3825/3704 3834/3834/3713
f 3835/3835/3714 3836/3836/3715 3834/3834/3713
f 3831/3831/3710 3837/3837/3716 3832/3832/3711
f 3838/3838/3717 3814/3814/3693 3812/3812/3691
f 3839/3839/3718 3840/3840/3719 3841/3841/3720
f 3842/3842/3721 3815/3815/3694 3814/3814/3693
f 3842/3842/3721 3814/3814/3693 3838/3838/3717
f 3841/3841/3720 3843/3843/3722 3839/3839/3718
f 3844/3844/3723 3845/3845/3724 3846/3846/3725
f 3847/3847/3726 3848/3848/3727 3838/3838/3717
f 3849/3849/3728 3847/3847/3726 3839/3839/3718
f 3849/3849/3728 3848/3848/3727 3847/3847/3726
f 3849/3849/3728 3850/3850/3729 3848/3848/3727
f 3842/3842/3721 3851/3851/3730 3282/3282/3164
f 3851/3851/3730 3294/3294/3176 3282/3282/3164
f 3851/3851/3730 3852/3852/3731 3294/3294/3176
f 3839/3839/3718 3845/3845/3724 3849/3849/3728
f 3845/3845/3724 3850/3850/3729 3849/3849/3728
f 3853/3853/3732 3844/3844/3723 3854/3854/3733
f 3852/3852/3731 3850/3850/3729 3853/3853/3732
f 3853/3853/3732 3855/3855/3734 3852/3852/3731
f 3856/3856/3735 3291/3291/3173 3855/3855/3734
f 3855/3855/3734 3291/3291/3173 3295/3295/3177
f 3829/3829/3708 3833/3833/3712 3857/3857/3736
f 3832/3832/3711 3858/3858/3737 3833/3833/3712
f 3858/3858/3737 3859/3859/3738 3860/3860/3739
f 3857/3857/3736 3860/3860/3739 3861/3861/3740
f 3837/3837/3716 3836/3836/3715 3320/3320/3202
f 3837/3837/3716 3862/3862/3741 3832/3832/3711
f 3322/3322/3204 3863/3863/3742 3862/3862/3741
f 3862/3862/3741 3858/3858/3737 3832/3832/3711
f 3860/3860/3739 3859/3859/3738 3864/3864/3743
f 3865/3865/3744 3866/3866/3745 3864/3864/3743
f 3865/3865/3744 3864/3864/3743 3867/3867/3746
f 3868/3868/3747 3869/3869/3748 3867/3867/3746
f 3868/3868/3747 3870/3870/3749 3869/3869/3748
f 3330/3330/3212 3863/3863/3742 3322/3322/3204
f 3868/3868/3747 3859/3859/3738 3863/3863/3742
f 3870/3870/3749 3330/3330/3212 3329/3329/3211
f 3871/3871/3750 3872/3872/3751 3846/3846/3725
f 3844/3844/3723 3846/3846/3725 3872/3872/3751
f 3873/3873/3752 3874/3874/3753 3872/3872/3751
f 3875/3875/3754 3876/3876/3755 3877/3877/3756
f 3878/3878/3757 3856/3856/3735 3854/3854/3733
f 3874/3874/3753 3878/3878/3757 3854/3854/3733
f 3878/3878/3757 3874/3874/3753 3877/3877/3756
f 3879/3879/3758 3856/3856/3735 3878/3878/3757
f 3877/3877/3756 3879/3879/3758 3878/3878/3757
f 3341/3341/3223 3879/3879/3758 3345/3345/3227
f 3876/3876/3755 3880/3880/3759 3877/3877/3756
f 3881/3881/3760 3882/3882/3761 3883/3883/3762
f 3884/3884/3763 3885/3885/3764 3873/3873/3752
f 3873/3873/3752 3885/3885/3764 3875/3875/3754
f 3875/3875/3754 3883/3883/3762 3876/3876/3755
f 3876/3876/3755 3883/3883/3762 3886/3886/3765
f 3887/3887/3766 3886/3886/3765 3888/3888/3767
f 3345/3345/3227 3880/3880/3759 3346/3346/3228
f 3880/3880/3759 3876/3876/3755 3886/3886/3765
f 3889/3889/3768 3890/3890/3769 3891/3891/3770
f 3362/3362/3244 3347/3347/3229 3891/3891/3770
f 3891/3891/3770 3347/3347/3229 3889/3889/3768
f 3890/3890/3769 3359/3359/3241 3891/3891/3770
f 3891/3891/3770 3359/3359/3241 3362/3362/3244
f 3865/3865/3744 3892/3892/3771 3893/3893/3772
f 3894/3894/3773 3892/3892/3771 3895/3895/3774
f 3895/3895/3774 3896/3896/3775 3894/3894/3773
f 3867/3867/3746 3892/3892/3771 3865/3865/3744
f 3870/3870/3749 3897/3897/3776 3869/3869/3748
f 3895/3895/3774 3898/3898/3777 3896/3896/3775
f 3894/3894/3773 3896/3896/3775 3899/3899/3778
f 3900/3900/3779 3901/3901/3780 3899/3899/3778
f 3900/3900/3779 3899/3899/3778 3902/3902/3781
f 3903/3903/3782 3904/3904/3783 3905/3905/3784
f 3903/3903/3782 3906/3906/3785 3904/3904/3783
f 3907/3907/3786 3906/3906/3785 3903/3903/3782
f 3897/3897/3776 3908/3908/3787 3909/3909/3788
f 3897/3897/3776 3909/3909/3788 3898/3898/3777
f 3898/3898/3777 3909/3909/3788 3910/3910/3789
f 3908/3908/3787 3911/3911/3790 3909/3909/3788
f 3911/3911/3790 3910/3910/3789 3909/3909/3788
f 3910/3910/3789 3912/3912/3791 3898/3898/3777
f 3913/3913/3792 3397/3397/3279 3914/3914/3793
f 3914/3914/3793 3397/3397/3279 3907/3907/3786
f 3915/3915/3794 3882/3882/3761 3881/3881/3760
f 3916/3916/3795 3917/3917/3796 3918/3918/3797
f 3915/3915/3794 3917/3917/3796 3882/3882/3761
f 3919/3919/3798 3917/3917/3796 3916/3916/3795
f 3920/3920/3799 3887/3887/3766 3888/3888/3767
f 3920/3920/3799 3888/3888/3767 3919/3919/3798
f 3920/3920/3799 3889/3889/3768 3887/3887/3766
f 3921/3921/3800 3922/3922/3801 3918/3918/3797
f 3918/3918/3797 3922/3922/3801 3923/3923/3802
f 3916/3916/3795 3924/3924/3803 3919/3919/3798
f 3925/3925/3804 3916/3916/3795 3918/3918/3797
f 3925/3925/3804 3924/3924/3803 3916/3916/3795
f 3926/3926/3805 3927/3927/3806 3928/3928/3807
f 3929/3929/3808 3924/3924/3803 3928/3928/3807
f 3930/3930/3809 3890/3890/3769 3929/3929/3808
f 3928/3928/3807 3930/3930/3809 3929/3929/3808
f 3407/3407/3289 3930/3930/3809 3411/3411/3293
f 3927/3927/3806 3931/3931/3810 3928/3928/3807
f 3932/3932/3811 3933/3933/3812 3934/3934/3813
f 3925/3925/3804 3935/3935/3814 3926/3926/3805
f 3926/3926/3805 3934/3934/3813 3927/3927/3806
f 3936/3936/3815 3937/3937/3816 3938/3938/3817
f 3934/3934/3813 3933/3933/3812 3938/3938/3817
f 3411/3411/3293 3931/3931/3810 3412/3412/3294
f 3939/3939/3818 3412/3412/3294 3931/3931/3810
f 3412/3412/3294 3939/3939/3818 3413/3413/3295
f 3940/3940/3819 3941/3941/3820 3942/3942/3821
f 3936/3936/3815 3943/3943/3822 3937/3937/3816
f 3942/3942/3821 3941/3941/3820 3944/3944/3823
f 3939/3939/3818 3937/3937/3816 3943/3943/3822
f 3945/3945/3824 3943/3943/3822 3942/3942/3821
f 3422/3422/3304 3413/3413/3295 3945/3945/3824
f 3945/3945/3824 3942/3942/3821 3946/3946/3825
f 3423/3423/3305 3946/3946/3825 3424/3424/3306
f 3424/3424/3306 3946/3946/3825 3947/3947/3826
f 3900/3900/3779 3948/3948/3827 3949/3949/3828
f 3950/3950/3829 3951/3951/3830 3952/3952/3831
f 3952/3952/3831 3953/3953/3832 3950/3950/3829
f 3905/3905/3784 3951/3951/3830 3954/3954/3833
f 3443/3443/3325 3955/3955/3834 3436/3436/3318
f 3443/3443/3325 3956/3956/3835 3955/3955/3834
f 3955/3955/3834 3952/3952/3831 3904/3904/3783
f 3396/3396/3278 3436/3436/3318 3906/3906/3785
f 3957/3957/3836 3958/3958/3837 3959/3959/3838
f 3960/3960/3839 3957/3957/3836 3959/3959/3838
f 3950/3950/3829 3953/3953/3832 3961/3961/3840
f 3962/3962/3841 3963/3963/3841 3964/3964/3841
f 3965/3965/3842 3961/3961/3840 3966/3966/3843
f 3440/3440/3322 3441/3441/3323 3967/3967/3844
f 3967/3967/3844 3441/3441/3323 3968/3968/3845
f 3967/3967/3844 3959/3959/3838 3969/3969/3846
f 3970/3970/3847 3969/3969/3846 3959/3959/3838
f 3956/3956/3835 3969/3969/3846 3970/3970/3847
f 3970/3970/3847 3953/3953/3832 3956/3956/3835
f 3971/3971/3848 3933/3933/3812 3932/3932/3811
f 3971/3971/3848 3972/3972/3849 3933/3933/3812
f 3933/3933/3812 3972/3972/3849 3938/3938/3817
f 3971/3971/3848 3973/3973/3850 3972/3972/3849
f 3936/3936/3815 3974/3974/3851 3940/3940/3819
f 3975/3975/3852 3974/3974/3851 3976/3976/3853
f 3975/3975/3852 3940/3940/3819 3974/3974/3851
f 3977/3977/3854 3978/3978/3855 3979/3979/3856
f 3980/3980/3857 3978/3978/3855 3981/3981/3858
f 3982/3982/3859 3978/3978/3855 3977/3977/3854
f 3983/3983/3860 3984/3984/3861 3985/3985/3862
f 3983/3983/3860 3985/3985/3862 3982/3982/3859
f 3983/3983/3860 3968/3968/3845 3984/3984/3861
f 3986/3986/3863 3987/3987/3864 3979/3979/3856
f 3979/3979/3856 3987/3987/3864 3988/3988/3865
f 3989/3989/3866 3957/3957/3836 3977/3977/3854
f 3965/3965/3842 3990/3990/3867 3991/3991/3868
f 3992/3992/3869 3990/3990/3867 3958/3958/3837
f 3958/3958/3837 3990/3990/3867 3966/3966/3843
f 3966/3966/3843 3990/3990/3867 3965/3965/3842
f 3993/3993/3870 3994/3994/3870 3995/3995/3870
f 3968/3968/3845 3983/3983/3860 3960/3960/3839
f 3983/3983/3860 3982/3982/3859 3960/3960/3839
f 3988/3988/3865 3996/3996/3871 3979/3979/3856
f 3523/3523/3405 3997/3997/3872 3510/3510/3392
f 3998/3998/3873 3516/3516/3398 3521/3521/3403
f 3998/3998/3873 3522/3522/3404 3516/3516/3398
f 3998/3998/3873 3999/3999/3874 3522/3522/3404
f 3998/3998/3873 3521/3521/3403 4000/4000/3875
f 3998/3998/3873 4000/4000/3875 3999/3999/3874
f 4001/4001/3876 4002/4002/3877 4003/4003/3878
f 4001/4001/3876 4003/4003/3878 4004/4004/3879
f 4005/4005/3880 4006/4006/3881 4007/4007/3882
f 4008/4008/3883 4005/4005/3880 4007/4007/3882
f 3997/3997/3872 3523/3523/3405 4009/4009/3884
f 4001/4001/3876 4009/4009/3884 4010/4010/3885
f 3999/3999/3874 4010/4010/3885 4009/4009/3884
f 4011/4011/3886 4001/4001/3876 4010/4010/3885
f 4008/4008/3883 4012/4012/3887 4005/4005/3880
f 3524/3524/3406 3526/3526/3408 4012/4012/3887
f 4013/4013/3888 4006/4006/3881 4005/4005/3880
f 4006/4006/3881 4013/4013/3888 4014/4014/3889
f 4012/4012/3887 4013/4013/3888 4005/4005/3880
f 4015/4015/3890 3526/3526/3408 3538/3538/3420
f 4015/4015/3890 3537/3537/3419 4016/4016/3891
f 3538/3538/3420 3537/3537/3419 4015/4015/3890
f 3510/3510/3392 3997/3997/3872 3548/3548/3430
f 4003/4003/3878 4017/4017/3892 4004/4004/3879
f 4018/4018/3893 4019/4019/3894 4020/4020/3895
f 4020/4020/3895 4021/4021/3896 4017/4017/3892
f 4022/4022/3897 4023/4023/3898 4024/4024/3899
f 4002/4002/3877 4025/4025/3900 4026/4026/3901
f 4027/4027/3902 4025/4025/3900 4002/4002/3877
f 4028/4028/3903 4029/4029/3904 4030/4030/3905
f 4017/4017/3892 4031/4031/3906 4004/4004/3879
f 4032/4032/3907 4033/4033/3908 4034/4034/3909
f 4034/4034/3909 4033/4033/3908 4035/4035/3910
f 4032/4032/3907 4034/4034/3909 4036/4036/3911
f 4033/4033/3908 4037/4037/3912 4035/4035/3910
f 4019/4019/3894 4038/4038/3913 4020/4020/3895
f 4038/4038/3913 4039/4039/3914 4040/4040/3915
f 4041/4041/3916 4021/4021/3896 4040/4040/3915
f 4042/4042/3917 4043/4043/3918 4044/4044/3919
f 4022/4022/3897 4045/4045/3920 4046/4046/3921
f 4047/4047/3922 4048/4048/3923 4049/4049/3924
f 4050/4050/3925 4051/4051/3926 4042/4042/3917
f 4052/4052/3927 4042/4042/3917 4044/4044/3919
f 4053/4053/3928 4050/4050/3925 4052/4052/3927
f 4042/4042/3917 4052/4052/3927 4050/4050/3925
f 4052/4052/3927 4044/4044/3919 4054/4054/3929
f 4054/4054/3929 4053/4053/3928 4052/4052/3927
f 4048/4048/3923 4055/4055/3930 4056/4056/3931
f 4055/4055/3930 4037/4037/3912 4057/4057/3932
f 4037/4037/3912 4055/4055/3930 4048/4048/3923
f 4022/4022/3897 4024/4024/3899 4058/4058/3933
f 4024/4024/3899 4059/4059/3934 4058/4058/3933
f 4059/4059/3934 4060/4060/3935 4058/4058/3933
f 4016/4016/3891 3537/3537/3419 4061/4061/3936
f 4035/4035/3910 4062/4062/3937 4063/4063/3938
f 4016/4016/3891 4061/4061/3936 4064/4064/3939
f 4058/4058/3933 4065/4065/3940 4022/4022/3897
f 4066/4066/3941 4062/4062/3937 4047/4047/3922
f 4058/4058/3933 4060/4060/3935 4065/4065/3940
f 4047/4047/3922 4062/4062/3937 4035/4035/3910
f 4067/4067/3942 4068/4068/3943 4069/4069/3944
f 4070/4070/3945 4071/4071/3946 4072/4072/3947
f 4073/4073/3948 4070/4070/3945 4072/4072/3947
f 4070/4070/3945 4074/4074/3949 4075/4075/3950
f 4076/4076/3951 4077/4077/3952 4078/4078/3953
f 4079/4079/3954 4080/4080/3955 4081/4081/3956
f 4080/4080/3955 4082/4082/3957 4081/4081/3956
f 4083/4083/3958 4084/4084/3959 4085/4085/3960
f 4068/4068/3943 4086/4086/3961 4069/4069/3944
f 4072/4072/3947 4087/4087/3962 4073/4073/3948
f 4073/4073/3948 4085/4085/3960 4088/4088/3963
f 4078/4078/3953 4089/4089/3964 4076/4076/3951
f 4085/4085/3960 4084/4084/3959 4090/4090/3965
f 4091/4091/3966 3648/3648/3528 4092/4092/3967
f 4092/4092/3967 3648/3648/3528 3650/3650/3530
f 4093/4093/3968 4091/4091/3966 4092/4092/3967
f 4092/4092/3967 3650/3650/3530 4094/4094/3969
f 4093/4093/3968 4092/4092/3967 4094/4094/3969
f 4081/4081/3956 4082/4082/3957 4095/4095/3970
f 4079/4079/3954 4096/4096/3971 4097/4097/3972
f 4078/4078/3953 4098/4098/3973 4099/4099/3974
f 4098/4098/3973 4100/4100/3975 4099/4099/3974
f 4096/4096/3971 4101/4101/3976 4102/4102/3977
f 4103/4103/3978 3653/3653/3533 4104/4104/3979
f 4079/4079/3954 4081/4081/3956 4096/4096/3971
f 4081/4081/3956 4101/4101/3976 4096/4096/3971
f 4103/4103/3978 3659/3659/3539 3653/3653/3533
f 4103/4103/3978 4105/4105/3980 3659/3659/3539
f 4106/4106/3981 3658/3658/3538 3662/3662/3542
f 4106/4106/3981 3662/3662/3542 4107/4107/3982
f 4099/4099/3974 4108/4108/3983 4078/4078/3953
f 4109/4109/3984 4101/4101/3976 4095/4095/3970
f 4099/4099/3974 4110/4110/3985 4108/4108/3983
f 4095/4095/3970 4101/4101/3976 4081/4081/3956
f 4111/4111/3986 4112/4112/3987 4113/4113/3988
f 4113/4113/3988 3651/3651/3531 4111/4111/3986
f 4105/4105/3980 4114/4114/3989 4111/4111/3986
f 4115/4115/3990 4116/4116/3991 4117/4117/3992
f 4115/4115/3990 4117/4117/3992 3661/3661/3541
f 4118/4118/3993 4119/4119/3994 4120/4120/3995
f 4118/4118/3993 3663/3663/3543 3681/3681/3560
f 4120/4120/3995 3663/3663/3543 4118/4118/3993
f 4118/4118/3993 3680/3680/3559 4119/4119/3994
f 3681/3681/3560 3680/3680/3559 4118/4118/3993
f 3689/3689/3568 4121/4121/3996 3690/3690/3569
f 4122/4122/3997 4123/4123/3998 4124/4124/3999
f 4125/4125/4000 4122/4122/3997 4124/4124/3999
f 4126/4126/4001 4127/4127/4002 4084/4084/3959
f 4126/4126/4001 4128/4128/4003 4127/4127/4002
f 4129/4129/4004 4130/4130/4005 4131/4131/4006
f 4132/4132/4007 4133/4133/4008 4134/4134/4009
f 4135/4135/4010 3696/3696/3575 3695/3695/3574
f 4136/4136/4011 4137/4137/4012 4138/4138/4013
f 4138/4138/4013 4137/4137/4012 4139/4139/4014
f 4140/4140/4015 4113/4113/3988 4141/4141/4016
f 4142/4142/4017 4143/4143/4018 4144/4144/4019
f 4123/4123/3998 4145/4145/4020 4124/4124/3999
f 4146/4146/4021 4133/4133/4008 4147/4147/4022
f 4148/4148/4023 4149/4149/4024 4150/4150/4025
f 4131/4131/4006 4151/4151/4026 4148/4148/4023
f 4152/4152/4027 4153/4153/4028 4149/4149/4024
f 4152/4152/4027 4149/4149/4024 4148/4148/4023
f 4134/4134/4009 4133/4133/4008 4146/4146/4021
f 4146/4146/4021 4154/4154/4029 4121/4121/3996
f 4134/4134/4009 3689/3689/3568 3696/3696/3575
f 4155/4155/4030 4156/4156/4031 4157/4157/4032
f 4158/4158/4033 4159/4159/4034 4160/4160/4035
f 4159/4159/4034 4161/4161/4036 4160/4160/4035
f 4162/4162/4037 4163/4163/4038 4164/4164/4039
f 4165/4165/4040 4112/4112/3987 4166/4166/4041
f 4167/4167/4042 4162/4162/4037 4161/4161/4036
f 4112/4112/3987 4165/4165/4040 4168/4168/4043
f 4165/4165/4040 4169/4169/4044 4168/4168/4043
f 4115/4115/3990 3708/3708/3587 4116/4116/3991
f 4162/4162/4037 4170/4170/4045 4163/4163/4038
f 4160/4160/4035 4171/4171/4046 4158/4158/4033
f 4164/4164/4039 4172/4172/4047 4173/4173/4048
f 4174/4174/4049 4171/4171/4046 4173/4173/4048
f 4173/4173/4048 4175/4175/4050 4174/4174/4049
f 4163/4163/4038 4172/4172/4047 4164/4164/4039
f 4176/4176/4051 4177/4177/4052 4178/4178/4053
f 4178/4178/4053 4179/4179/4054 4180/4180/4055
f 3710/3710/3589 4181/4181/4056 3709/3709/3588
f 4182/4182/4057 4170/4170/4045 3712/3712/3591
f 4183/4183/4058 4184/4184/4058 4185/4185/4058
f 4120/4120/3995 4119/4119/3994 3715/3715/3594
f 4186/4186/4059 4187/4187/4060 3714/3714/3593
f 4186/4186/4059 3716/3716/3595 3721/3721/3600
f 4186/4186/4059 3721/3721/3600 4187/4187/4060
f 4188/4188/4061 4189/4189/4062 4190/4190/4063
f 4191/4191/4064 4192/4192/4065 4193/4193/4066
f 4194/4194/4067 4189/4189/4062 4188/4188/4061
f 4182/4182/4057 4191/4191/4064 4193/4193/4066
f 4191/4191/4064 4195/4195/4068 4188/4188/4061
f 4188/4188/4061 4195/4195/4068 4196/4196/4069
f 4187/4187/4060 4196/4196/4069 4195/4195/4068
f 4197/4197/4070 4196/4196/4069 3726/3726/3605
f 4197/4197/4070 3726/3726/3605 3725/3725/3604
f 3690/3690/3569 4121/4121/3996 4198/4198/4071
f 4199/4199/4072 4200/4200/4073 4154/4154/4029
f 4201/4201/4074 4200/4200/4073 4199/4199/4072
f 4202/4202/4075 4153/4153/4028 4203/4203/4076
f 4201/4201/4074 4204/4204/4077 4200/4200/4073
f 4203/4203/4076 4153/4153/4028 4205/4205/4078
f 4201/4201/4074 4206/4206/4079 4204/4204/4077
f 4152/4152/4027 4207/4207/4080 4208/4208/4081
f 4200/4200/4073 4209/4209/4082 4154/4154/4029
f 4209/4209/4082 4200/4200/4073 4204/4204/4077
f 4209/4209/4082 3741/3741/3620 4198/4198/4071
f 4204/4204/4077 4210/4210/4083 4211/4211/4084
f 4212/4212/4085 4206/4206/4079 4213/4213/4086
f 4214/4214/4087 4215/4215/4088 4216/4216/4089
f 4217/4217/4090 4216/4216/4089 4218/4218/4091
f 4217/4217/4090 4214/4214/4087 4216/4216/4089
f 3741/3741/3620 4211/4211/4084 3742/3742/3621
f 4219/4219/4092 3744/3744/3623 4220/4220/4093
f 4211/4211/4084 4210/4210/4083 4220/4220/4093
f 4217/4217/4090 4220/4220/4093 4210/4210/4083
f 4221/4221/4094 4222/4222/4095 4223/4223/4096
f 4223/4223/4096 4179/4179/4054 4221/4221/4094
f 4224/4224/4097 4225/4225/4098 4226/4226/4099
f 4178/4178/4053 4225/4225/4098 4179/4179/4054
f 4221/4221/4094 4227/4227/4100 4228/4228/4101
f 4227/4227/4100 4225/4225/4098 4224/4224/4097
f 4213/4213/4086 4222/4222/4095 4212/4212/4085
f 4222/4222/4095 4229/4229/4102 4212/4212/4085
f 4228/4228/4101 4230/4230/4103 4231/4231/4104
f 4231/4231/4104 4229/4229/4102 4228/4228/4101
f 4231/4231/4104 4232/4232/4105 4215/4215/4088
f 4233/4233/4106 4227/4227/4100 4224/4224/4097
f 4224/4224/4097 4234/4234/4107 4233/4233/4106
f 4235/4235/4108 4236/4236/4109 4230/4230/4103
f 4235/4235/4108 4230/4230/4103 4233/4233/4106
f 4212/4212/4085 4229/4229/4102 4214/4214/4087
f 4192/4192/4065 4190/4190/4063 4237/4237/4110
f 4224/4224/4097 4226/4226/4099 4238/4238/4111
f 4190/4190/4063 4189/4189/4062 4239/4239/4112
f 4239/4239/4112 4240/4240/4113 4241/4241/4114
f 4239/4239/4112 4189/4189/4062 4242/4242/4115
f 4194/4194/4067 4242/4242/4115 4189/4189/4062
f 4197/4197/4070 4243/4243/4116 4194/4194/4067
f 4242/4242/4115 4244/4244/4117 4245/4245/4118
f 4238/4238/4111 4234/4234/4107 4224/4224/4097
f 4240/4240/4113 4246/4246/4119 4247/4247/4120
f 4248/4248/4121 4234/4234/4107 4249/4249/4122
f 4249/4249/4122 4250/4250/4123 4248/4248/4121
f 4245/4245/4118 4246/4246/4119 4240/4240/4113
f 4251/4251/4124 4252/4252/4125 4253/4253/4126
f 4253/4253/4126 4254/4254/4127 4246/4246/4119
f 4251/4251/4124 4245/4245/4118 4244/4244/4117
f 4243/4243/4116 3749/3749/3628 4255/4255/4128
f 4243/4243/4116 4255/4255/4128 4244/4244/4117
f 4244/4244/4117 4255/4255/4128 4256/4256/4129
f 3749/3749/3628 3758/3758/3637 4255/4255/4128
f 3758/3758/3637 4256/4256/4129 4255/4255/4128
f 4257/4257/4130 4252/4252/4125 4251/4251/4124
f 4252/4252/4125 4257/4257/4130 4258/4258/4131
f 4257/4257/4130 4256/4256/4129 4259/4259/4132
f 4259/4259/4132 3761/3761/3640 4260/4260/4133
f 3759/3759/3638 3761/3761/3640 4259/4259/4132
f 4261/4261/4134 4218/4218/4091 4216/4216/4089
f 4216/4216/4089 4215/4215/4088 4261/4261/4134
f 4262/4262/4135 4263/4263/4136 4264/4264/4137
f 4262/4262/4135 4265/4265/4138 4263/4263/4136
f 4219/4219/4092 4266/4266/4139 4262/4262/4135
f 4218/4218/4091 4266/4266/4139 4219/4219/4092
f 4267/4267/4140 4268/4268/4141 4266/4266/4139
f 4269/4269/4142 4270/4270/4143 4271/4271/4144
f 4272/4272/4145 4271/4271/4144 4273/4273/4146
f 4272/4272/4145 4269/4269/4142 4271/4271/4144
f 4263/4263/4136 4265/4265/4138 4274/4274/4147
f 4275/4275/4148 4276/4276/4149 4277/4277/4150
f 4265/4265/4138 4268/4268/4141 4277/4277/4150
f 4272/4272/4145 4277/4277/4150 4268/4268/4141
f 4278/4278/4151 4279/4279/4152 4232/4232/4105
f 4232/4232/4105 4236/4236/4109 4278/4278/4151
f 4280/4280/4153 4281/4281/4154 4282/4282/4155
f 4235/4235/4108 4281/4281/4154 4236/4236/4109
f 4278/4278/4151 4283/4283/4156 4284/4284/4157
f 4283/4283/4156 4281/4281/4154 4280/4280/4153
f 4261/4261/4134 4279/4279/4152 4267/4267/4140
f 4279/4279/4152 4285/4285/4158 4267/4267/4140
f 4286/4286/4159 4287/4287/4160 4288/4288/4161
f 4286/4286/4159 4285/4285/4158 4284/4284/4157
f 4286/4286/4159 4288/4288/4161 4270/4270/4143
f 4283/4283/4156 4289/4289/4162 4284/4284/4157
f 4290/4290/4163 4291/4291/4164 4280/4280/4153
f 4267/4267/4140 4285/4285/4158 4269/4269/4142
f 4248/4248/4121 4250/4250/4123 4282/4282/4155
f 4292/4292/4165 4282/4282/4155 4250/4250/4123
f 4293/4293/4166 4294/4294/4167 4295/4295/4168
f 4254/4254/4127 4294/4294/4167 4296/4296/4169
f 4253/4253/4126 4294/4294/4167 4254/4254/4127
f 4297/4297/4170 4290/4290/4163 4280/4280/4153
f 4293/4293/4166 4298/4298/4171 4299/4299/4172
f 4300/4300/4173 4301/4301/4174 4302/4302/4175
f 4293/4293/4166 4295/4295/4168 4303/4303/4176
f 4295/4295/4168 4304/4304/4177 4303/4303/4176
f 4305/4305/4178 4306/4306/4179 4307/4307/4180
f 4258/4258/4131 4260/4260/4133 4308/4308/4181
f 4258/4258/4131 4308/4308/4181 4304/4304/4177
f 4308/4308/4181 4305/4305/4178 4304/4304/4177
f 4260/4260/4133 4309/4309/4182 4308/4308/4181
f 4309/4309/4182 4305/4305/4178 4308/4308/4181
f 4309/4309/4182 3786/3786/3665 3790/3790/3669
f 4305/4305/4178 4310/4310/4183 4306/4306/4179
f 4303/4303/4176 4302/4302/4175 4293/4293/4166
f 4307/4307/4180 4311/4311/4184 4312/4312/4185
f 4300/4300/4173 4302/4302/4175 4312/4312/4185
f 4312/4312/4185 4313/4313/4186 4300/4300/4173
f 4306/4306/4179 4311/4311/4184 4307/4307/4180
f 4314/4314/4187 4315/4315/4188 4316/4316/4189
f 4316/4316/4189 4317/4317/4190 4311/4311/4184
f 3795/3795/3674 4310/4310/4183 3790/3790/3669
f 4318/4318/4191 4310/4310/4183 3795/3795/3674
f 4319/4319/4192 4315/4315/4188 4314/4314/4187
f 4315/4315/4188 4319/4319/4192 4320/4320/4193
f 4318/4318/4191 4319/4319/4192 4314/4314/4187
f 4319/4319/4192 4321/4321/4194 4320/4320/4193
f 4321/4321/4194 4319/4319/4192 4318/4318/4191
f 4322/4322/4195 4273/4273/4146 4271/4271/4144
f 4271/4271/4144 4270/4270/4143 4322/4322/4195
f 4323/4323/4196 4276/4276/4149 4275/4275/4148
f 4273/4273/4146 4324/4324/4197 4275/4275/4148
f 4324/4324/4197 4325/4325/4198 4326/4326/4199
f 4327/4327/4200 4325/4325/4198 4324/4324/4197
f 4328/4328/4201 4329/4329/4202 4330/4330/4203
f 4331/4331/4204 4330/4330/4203 4332/4332/4205
f 4331/4331/4204 4328/4328/4201 4330/4330/4203
f 4333/4333/4206 4331/4331/4204 4332/4332/4205
f 4326/4326/4199 4325/4325/4198 4334/4334/4207
f 4334/4334/4207 4333/4333/4206 4335/4335/4208
f 4336/4336/4209 4337/4337/4210 4288/4288/4161
f 4338/4338/4211 4339/4339/4212 4340/4340/4213
f 4336/4336/4209 4341/4341/4214 4342/4342/4215
f 4336/4336/4209 4342/4342/4215 4343/4343/4216
f 4322/4322/4195 4337/4337/4210 4327/4327/4200
f 4337/4337/4210 4344/4344/4217 4327/4327/4200
f 4345/4345/4218 4346/4346/4219 4347/4347/4220
f 4345/4345/4218 4344/4344/4217 4343/4343/4216
f 4345/4345/4218 4347/4347/4220 4329/4329/4202
f 4342/4342/4215 4348/4348/4221 4343/4343/4216
f 4349/4349/4222 4350/4350/4223 4339/4339/4212
f 4327/4327/4200 4344/4344/4217 4328/4328/4201
f 4351/4351/4224 4339/4339/4212 4338/4338/4211
f 4300/4300/4173 4352/4352/4225 4301/4301/4174
f 4353/4353/4226 4354/4354/4227 4355/4355/4228
f 4351/4351/4224 4349/4349/4222 4339/4339/4212
f 4355/4355/4228 4356/4356/4229 4353/4353/4226
f 4357/4357/4230 4356/4356/4229 4355/4355/4228
f 4300/4300/4173 4313/4313/4186 4352/4352/4225
f 4358/4358/4231 4352/4352/4225 4313/4313/4186
f 4359/4359/4232 4360/4360/4233 4361/4361/4234
f 4317/4317/4190 4360/4360/4233 4362/4362/4235
f 4316/4316/4189 4360/4360/4233 4317/4317/4190
f 3816/3816/3695 4321/4321/4194 3794/3794/3673
f 4363/4363/4236 4357/4357/4230 4355/4355/4228
f 4359/4359/4232 4364/4364/4237 4365/4365/4238
f 4366/4366/4239 4367/4367/4240 4368/4368/4241
f 4359/4359/4232 4361/4361/4234 4369/4369/4242
f 4361/4361/4234 4370/4370/4243 4369/4369/4242
f 4370/4370/4243 4371/4371/4244 4369/4369/4242
f 4320/4320/4193 4372/4372/4245 4370/4370/4243
f 3816/3816/3695 3826/3826/3705 4372/4372/4245
f 3826/3826/3705 4373/4373/4246 4372/4372/4245
f 4374/4374/4247 4375/4375/4248 4376/4376/4249
f 4369/4369/4242 4368/4368/4241 4359/4359/4232
f 4369/4369/4242 4371/4371/4244 4368/4368/4241
f 4377/4377/4250 4375/4375/4248 4374/4374/4247
f 4378/4378/4251 4371/4371/4244 4373/4373/4246
f 4378/4378/4251 4379/4379/4252 4374/4374/4247
f 4378/4378/4251 4373/4373/4246 4379/4379/4252
f 3827/3827/3706 3829/3829/3708 4379/4379/4252
f 4374/4374/4247 4380/4380/4253 4377/4377/4250
f 4381/4381/4254 4332/4332/4205 4330/4330/4203
f 4330/4330/4203 4329/4329/4202 4381/4381/4254
f 3840/3840/3719 4382/4382/4255 3841/3841/3720
f 4382/4382/4255 4383/4383/4256 3841/3841/3720
f 3840/3840/3719 3811/3811/3690 4384/4384/4257
f 4385/4385/4258 4386/4386/4259 4387/4387/4260
f 3841/3841/3720 4383/4383/4256 3843/3843/3722
f 4388/4388/4261 3843/3843/3722 4383/4383/4256
f 4388/4388/4261 4383/4383/4256 4389/4389/4262
f 4390/4390/4263 4391/4391/4264 4392/4392/4265
f 4390/4390/4263 4347/4347/4220 4346/4346/4219
f 4392/4392/4265 4393/4393/4266 4394/4394/4267
f 4381/4381/4254 4394/4394/4267 4385/4385/4258
f 4394/4394/4267 4393/4393/4266 4385/4385/4258
f 4395/4395/4268 4396/4396/4269 4397/4397/4270
f 4391/4391/4264 4398/4398/4271 4392/4392/4265
f 4398/4398/4271 4396/4396/4269 4395/4395/4268
f 4399/4399/4272 4393/4393/4266 4395/4395/4268
f 4400/4400/4273 4401/4401/4274 4402/4402/4275
f 4400/4400/4273 4402/4402/4275 4388/4388/4261
f 4403/4403/4276 4367/4367/4240 4404/4404/4277
f 4366/4366/4239 4404/4404/4277 4367/4367/4240
f 4366/4366/4239 4376/4376/4249 4404/4404/4277
f 4376/4376/4249 4375/4375/4248 4405/4405/4278
f 4405/4405/4278 4406/4406/4279 4407/4407/4280
f 4405/4405/4278 4375/4375/4248 4408/4408/4281
f 4377/4377/4250 4408/4408/4281 4375/4375/4248
f 4380/4380/4253 3829/3829/3708 3857/3857/3736
f 4380/4380/4253 4409/4409/4282 4377/4377/4250
f 3861/3861/3740 4410/4410/4283 4409/4409/4282
f 4409/4409/4282 4408/4408/4281 4377/4377/4250
f 4411/4411/4284 4412/4412/4285 4413/4413/4286
f 4414/4414/4287 4407/4407/4280 4415/4415/4288
f 4415/4415/4288 4407/4407/4280 4406/4406/4279
f 4416/4416/4289 4411/4411/4284 4406/4406/4279
f 4417/4417/4290 4411/4411/4284 4416/4416/4289
f 4417/4417/4290 4418/4418/4291 4419/4419/4292
f 3866/3866/3745 4410/4410/4283 3861/3861/3740
f 4417/4417/4290 4416/4416/4289 4410/4410/4283
f 4418/4418/4291 3866/3866/3745 3865/3865/3744
f 3846/3846/3725 4402/4402/4275 3871/3871/3750
f 4420/4420/4293 4421/4421/4294 4401/4401/4274
f 4422/4422/4295 4423/4423/4296 4424/4424/4297
f 4422/4422/4295 4397/4397/4270 4396/4396/4269
f 4425/4425/4298 4426/4426/4299 4421/4421/4294
f 4421/4421/4294 4427/4427/4300 4401/4401/4274
f 4427/4427/4300 3884/3884/3763 3871/3871/3750
f 4427/4427/4300 4428/4428/4301 3884/3884/3763
f 4429/4429/4302 4430/4430/4303 4431/4431/4304
f 4423/4423/4296 4432/4432/4305 4424/4424/4297
f 4432/4432/4305 4433/4433/4306 4434/4434/4307
f 4435/4435/4308 4426/4426/4299 4429/4429/4302
f 4428/4428/4301 4426/4426/4299 4435/4435/4308
f 4435/4435/4308 4436/4436/4309 4428/4428/4301
f 4437/4437/4310 3881/3881/3760 4436/4436/4309
f 4436/4436/4309 3881/3881/3760 3885/3885/3764
f 4413/4413/4286 4412/4412/4285 4438/4438/4311
f 4419/4419/4292 4439/4439/4312 4412/4412/4285
f 4439/4439/4312 4440/4440/4313 4441/4441/4314
f 4438/4438/4311 4441/4441/4314 4442/4442/4315
f 4443/4443/4316 4444/4444/4317 3893/3893/3772
f 4443/4443/4316 4445/4445/4318 4444/4444/4317
f 4444/4444/4317 4439/4439/4312 4419/4419/4292
f 3865/3865/3744 3893/3893/3772 4418/4418/4291
f 4446/4446/4319 4447/4447/4320 4448/4448/4321
f 4449/4449/4322 4446/4446/4319 4448/4448/4321
f 4441/4441/4314 4449/4449/4322 4442/4442/4315
f 4450/4450/4323 4446/4446/4319 4440/4440/4313
f 4450/4450/4323 4451/4451/4324 4452/4452/4325
f 3901/3901/3780 4445/4445/4318 4443/4443/4316
f 4450/4450/4323 4440/4440/4313 4445/4445/4318
f 4451/4451/4324 3901/3901/3780 3900/3900/3779
f 4431/4431/4304 4453/4453/4326 4454/4454/4327
f 4455/4455/4328 4453/4453/4326 4431/4431/4304
f 4455/4455/4328 4456/4456/4329 4453/4453/4326
f 4455/4455/4328 4457/4457/4330 4458/4458/4331
f 4458/4458/4331 4457/4457/4330 4459/4459/4332
f 4460/4460/4333 4437/4437/4310 4454/4454/4327
f 4453/4453/4326 4460/4460/4333 4454/4454/4327
f 4460/4460/4333 4453/4453/4326 4456/4456/4329
f 4461/4461/4334 4437/4437/4310 4460/4460/4333
f 4456/4456/4329 4461/4461/4334 4460/4460/4333
f 3915/3915/3794 4461/4461/4334 3921/3921/3800
f 4462/4462/4335 4463/4463/4336 4456/4456/4329
f 4458/4458/4331 4464/4464/4337 4462/4462/4335
f 4464/4464/4337 4465/4465/4338 4466/4466/4339
f 4467/4467/4340 4464/4464/4337 4466/4466/4339
f 4468/4468/4341 4467/4467/4340 4469/4469/4342
f 4470/4470/4343 4468/4468/4341 4469/4469/4342
f 3921/3921/3800 4463/4463/4336 3922/3922/3801
f 4463/4463/4336 4462/4462/4335 4468/4468/4341
f 4471/4471/4344 4472/4472/4345 4473/4473/4346
f 3935/3935/3814 3923/3923/3802 4473/4473/4346
f 4473/4473/4346 3923/3923/3802 4471/4471/4344
f 4472/4472/4345 3932/3932/3811 4473/4473/4346
f 4473/4473/4346 3932/3932/3811 3935/3935/3814
f 4448/4448/4321 4447/4447/4320 4474/4474/4347
f 4452/4452/4325 4475/4475/4348 4447/4447/4320
f 4475/4475/4348 4476/4476/4349 4477/4477/4350
f 4474/4474/4347 4477/4477/4350 4478/4478/4351
f 4479/4479/4352 4480/4480/4353 3949/3949/3828
f 4479/4479/4352 4481/4481/4354 4480/4480/4353
f 4480/4480/4353 4475/4475/4348 4452/4452/4325
f 3900/3900/3779 3949/3949/3828 4451/4451/4324
f 4482/4482/4355 4483/4483/4356 4484/4484/4357
f 4485/4485/4358 4482/4482/4355 4484/4484/4357
f 4477/4477/4350 4485/4485/4358 4478/4478/4351
f 4486/4486/4359 4482/4482/4355 4476/4476/4349
f 4487/4487/4360 4488/4488/4361 4489/4489/4362
f 4490/4490/4363 4491/4491/4364 4492/4492/4365
f 4486/4486/4359 4476/4476/4349 4481/4481/4354
f 4488/4488/4361 4490/4490/4363 3965/3965/3842
f 4493/4493/4366 4494/4494/4367 4466/4466/4339
f 4495/4495/4368 4469/4469/4342 4467/4467/4340
f 4496/4496/4369 4470/4470/4343 4469/4469/4342
f 4496/4496/4369 4469/4469/4342 4495/4495/4368
f 4496/4496/4369 4471/4471/4344 4470/4470/4343
f 4494/4494/4367 4497/4497/4370 4495/4495/4368
f 4498/4498/4371 4497/4497/4370 4494/4494/4367
f 4499/4499/4372 4500/4500/4373 4501/4501/4374
f 4502/4502/4375 4497/4497/4370 4501/4501/4374
f 4503/4503/4376 4472/4472/4345 4502/4502/4375
f 4501/4501/4374 4503/4503/4376 4502/4502/4375
f 3973/3973/3850 4504/4504/4377 4505/4505/4378
f 4504/4504/4377 4503/4503/4376 4501/4501/4374
f 4505/4505/4378 4504/4504/4377 4506/4506/4379
f 3973/3973/3850 4505/4505/4378 3976/3976/3853
f 4507/4507/4380 4508/4508/4381 4498/4498/4371
f 4509/4509/4382 4510/4510/4383 4511/4511/4384
f 4498/4498/4371 4508/4508/4381 4499/4499/4372
f 4511/4511/4384 4512/4512/4385 4513/4513/4386
f 4514/4514/4387 4515/4515/4388 4516/4516/4389
f 4517/4517/4390 4518/4518/4391 4513/4513/4386
f 4519/4519/4392 4518/4518/4391 4517/4517/4390
f 4520/4520/4393 4521/4521/4394 4522/4522/4395
f 4523/4523/4396 4524/4524/4397 4525/4525/4398
f 4526/4526/4399 3980/3980/3857 4527/4527/4400
f 4505/4505/4378 4528/4528/4401 3976/3976/3853
f 4506/4506/4379 4528/4528/4401 4505/4505/4378
f 4525/4525/4398 4526/4526/4399 4529/4529/4402
f 3980/3980/3857 4526/4526/4399 3986/3986/3863
f 4524/4524/4397 4530/4530/4403 4525/4525/4398
f 4531/4531/4404 4532/4532/4405 4533/4533/4406
f 4522/4522/4395 4531/4531/4404 4534/4534/4407
f 4516/4516/4389 4535/4535/4408 4514/4514/4387
f 4534/4534/4407 4536/4536/4409 4537/4537/4410
f 4538/4538/4411 4539/4539/4412 4540/4540/4413
f 4538/4538/4411 4524/4524/4397 4539/4539/4412
f 4517/4517/4390 4521/4521/4394 4519/4519/4392
f 3986/3986/3863 4530/4530/4403 3987/3987/3864
f 4541/4541/4414 3987/3987/3864 4530/4530/4403
f 3987/3987/3864 4541/4541/4414 3988/3988/3865
f 4542/4542/4415 4543/4543/4416 4544/4544/4417
f 4543/4543/4416 4545/4545/4418 4544/4544/4417
f 4545/4545/4418 4483/4483/4356 4546/4546/4419
f 4547/4547/4420 4546/4546/4419 4483/4483/4356
f 4548/4548/4421 4549/4549/4422 4550/4550/4423
f 4551/4551/4424 3992/3992/3869 3989/3989/3866
f 4552/4552/4425 4553/4553/4426 4550/4550/4423
f 3989/3989/3866 3996/3996/3871 4551/4551/4424
f 4554/4554/4427 4551/4551/4424 4550/4550/4423
f 4554/4554/4427 4549/4549/4422 4489/4489/4362
f 3965/3965/3842 3991/3991/3868 4488/4488/4361
f 4550/4550/4423 4549/4549/4422 4554/4554/4427
f 4540/4540/4413 4553/4553/4426 4538/4538/4411
f 4555/4555/4428 4553/4553/4426 4540/4540/4413
f 3996/3996/3871 3988/3988/3865 4552/4552/4425
f 4552/4552/4425 3988/3988/3865 4541/4541/4414
f 4556/4556/4429 4018/4018/3893 4026/4026/3901
f 4556/4556/4429 4019/4019/3894 4018/4018/3893
f 4556/4556/4429 4557/4557/4430 4019/4019/3894
f 4556/4556/4429 4026/4026/3901 4558/4558/4431
f 4556/4556/4429 4558/4558/4431 4557/4557/4430
f 4019/4019/3894 4557/4557/4430 4038/4038/3913
f 4559/4559/4432 4039/4039/3914 4560/4560/4433
f 4561/4561/4434 4559/4559/4432 4560/4560/4433
f 4561/4561/4434 4560/4560/4433 4562/4562/4435
f 4563/4563/4436 4045/4045/3920 4564/4564/4437
f 4565/4565/4438 4068/4068/3943 4067/4067/3942
f 4565/4565/4438 4566/4566/4439 4068/4068/3943
f 4563/4563/4436 4077/4077/3952 4567/4567/4440
f 4565/4565/4438 4568/4568/4441 4566/4566/4439
f 4564/4564/4437 4077/4077/3952 4563/4563/4436
f 4068/4068/3943 4566/4566/4439 4086/4086/3961
f 4569/4569/4442 4570/4570/4443 4571/4571/4444
f 4572/4572/4445 4569/4569/4442 4571/4571/4444
f 4572/4572/4445 4571/4571/4444 4573/4573/4446
f 4574/4574/4447 4089/4089/3964 4575/4575/4448
f 4576/4576/4449 4123/4123/3998 4122/4122/3997
f 4576/4576/4449 4577/4577/4450 4123/4123/3998
f 4578/4578/4451 4130/4130/4005 4579/4579/4452
f 4576/4576/4449 4580/4580/4453 4577/4577/4450
f 4575/4575/4448 4581/4581/4454 4574/4574/4447
f 4123/4123/3998 4577/4577/4450 4145/4145/4020
f 4582/4582/4455 4150/4150/4025 4583/4583/4456
f 4150/4150/4025 4582/4582/4455 4129/4129/4004
f 4584/4584/4457 4287/4287/4160 4585/4585/4458
f 4585/4585/4458 4287/4287/4160 4289/4289/4162
f 4586/4586/4459 4584/4584/4457 4585/4585/4458
f 4585/4585/4458 4289/4289/4162 4291/4291/4164
f 4586/4586/4459 4585/4585/4458 4291/4291/4164
f 4587/4587/4460 4292/4292/4165 4588/4588/4461
f 4587/4587/4460 4297/4297/4170 4292/4292/4165
f 4587/4587/4460 4589/4589/4462 4297/4297/4170
f 4590/4590/4463 4296/4296/4169 4299/4299/4172
f 4587/4587/4460 4591/4591/4464 4589/4589/4462
f 4592/4592/4465 4593/4593/4466 4594/4594/4467
f 4594/4594/4467 4290/4290/4163 4592/4592/4465
f 4589/4589/4462 4595/4595/4468 4592/4592/4465
f 4596/4596/4469 4597/4597/4470 4595/4595/4468
f 4596/4596/4469 4595/4595/4468 4598/4598/4471
f 4599/4599/4472 4298/4298/4171 4301/4301/4174
f 4341/4341/4214 4287/4287/4160 4584/4584/4457
f 4341/4341/4214 4584/4584/4457 4340/4340/4213
f 4586/4586/4459 4340/4340/4213 4584/4584/4457
f 4600/4600/4473 4346/4346/4219 4601/4601/4474
f 4601/4601/4474 4346/4346/4219 4348/4348/4221
f 4602/4602/4475 4600/4600/4473 4601/4601/4474
f 4601/4601/4474 4348/4348/4221 4350/4350/4223
f 4602/4602/4475 4601/4601/4474 4350/4350/4223
f 4603/4603/4476 4593/4593/4466 4597/4597/4470
f 4594/4594/4467 4593/4593/4466 4338/4338/4211
f 4603/4603/4476 4604/4604/4477 4351/4351/4224
f 4596/4596/4469 4354/4354/4227 4597/4597/4470
f 4603/4603/4476 4353/4353/4226 4604/4604/4477
f 4605/4605/4478 4354/4354/4227 4596/4596/4469
f 4606/4606/4479 4607/4607/4480 4608/4608/4481
f 4608/4608/4481 4349/4349/4222 4606/4606/4479
f 4604/4604/4477 4609/4609/4482 4606/4606/4479
f 4610/4610/4483 4611/4611/4484 4609/4609/4482
f 4610/4610/4483 4609/4609/4482 4356/4356/4229
f 4612/4612/4485 4358/4358/4231 4362/4362/4235
f 4613/4613/4486 4363/4363/4236 4614/4614/4487
f 4613/4613/4486 4615/4615/4488 4363/4363/4236
f 4612/4612/4485 4362/4362/4235 4365/4365/4238
f 4612/4612/4485 4365/4365/4238 4616/4616/4489
f 4617/4617/4490 4618/4618/4491 4619/4619/4492
f 4617/4617/4490 4619/4619/4492 4620/4620/4493
f 4621/4621/4494 4622/4622/4495 4623/4623/4496
f 4624/4624/4497 4357/4357/4230 4625/4625/4498
f 4617/4617/4490 4625/4625/4498 4626/4626/4499
f 4615/4615/4488 4626/4626/4499 4625/4625/4498
f 4627/4627/4500 4628/4628/4501 4364/4364/4237
f 4627/4627/4500 4364/4364/4237 4367/4367/4240
f 4629/4629/4502 4391/4391/4264 4390/4390/4263
f 4629/4629/4502 4630/4630/4503 4391/4391/4264
f 4600/4600/4473 4631/4631/4504 4629/4629/4502
f 4631/4631/4504 4632/4632/4505 4633/4633/4506
f 4602/4602/4475 4608/4608/4481 4632/4632/4505
f 4633/4633/4506 4634/4634/4507 4631/4631/4504
f 4635/4635/4508 4636/4636/4509 4637/4637/4510
f 4638/4638/4511 4637/4637/4510 4639/4639/4512
f 4638/4638/4511 4635/4635/4508 4637/4637/4510
f 4391/4391/4264 4630/4630/4503 4398/4398/4271
f 4640/4640/4513 4396/4396/4269 4641/4641/4514
f 4630/4630/4503 4634/4634/4507 4641/4641/4514
f 4638/4638/4511 4641/4641/4514 4634/4634/4507
f 4642/4642/4515 4643/4643/4516 4644/4644/4517
f 4644/4644/4517 4645/4645/4518 4642/4642/4515
f 4646/4646/4519 4607/4607/4480 4611/4611/4484
f 4632/4632/4505 4647/4647/4520 4633/4633/4506
f 4607/4607/4480 4646/4646/4519 4647/4647/4520
f 4646/4646/4519 4644/4644/4517 4647/4647/4520
f 4611/4611/4484 4648/4648/4521 4646/4646/4519
f 4646/4646/4519 4648/4648/4521 4644/4644/4517
f 4648/4648/4521 4649/4649/4522 4650/4650/4523
f 4610/4610/4483 4624/4624/4497 4649/4649/4522
f 4642/4642/4515 4651/4651/4524 4652/4652/4525
f 4652/4652/4525 4643/4643/4516 4642/4642/4515
f 4652/4652/4525 4653/4653/4526 4636/4636/4509
f 4645/4645/4518 4651/4651/4524 4642/4642/4515
f 4654/4654/4527 4655/4655/4528 4656/4656/4529
f 4656/4656/4529 4657/4657/4530 4651/4651/4524
f 4633/4633/4506 4643/4643/4516 4635/4635/4508
f 4654/4654/4527 4645/4645/4518 4650/4650/4523
f 4619/4619/4492 4658/4658/4531 4620/4620/4493
f 4659/4659/4532 4658/4658/4531 4619/4619/4492
f 4619/4619/4492 4618/4618/4491 4659/4659/4532
f 4660/4660/4533 4622/4622/4495 4661/4661/4534
f 4621/4621/4494 4661/4661/4534 4622/4622/4495
f 4649/4649/4522 4624/4624/4497 4620/4620/4493
f 4658/4658/4531 4662/4662/4535 4650/4650/4523
f 4627/4627/4500 4663/4663/4536 4621/4621/4494
f 4661/4661/4534 4664/4664/4537 4665/4665/4538
f 4666/4666/4539 4667/4667/4540 4668/4668/4541
f 4668/4668/4541 4662/4662/4535 4666/4666/4539
f 4668/4668/4541 4669/4669/4542 4655/4655/4528
f 4665/4665/4538 4670/4670/4543 4671/4671/4544
f 4672/4672/4545 4673/4673/4546 4674/4674/4547
f 4674/4674/4547 4675/4675/4548 4670/4670/4543
f 4650/4650/4523 4662/4662/4535 4654/4654/4527
f 4672/4672/4545 4665/4665/4538 4664/4664/4537
f 4663/4663/4536 4403/4403/4276 4676/4676/4549
f 4663/4663/4536 4676/4676/4549 4664/4664/4537
f 4664/4664/4537 4676/4676/4549 4677/4677/4550
f 4403/4403/4276 4414/4414/4287 4676/4676/4549
f 4414/4414/4287 4677/4677/4550 4676/4676/4549
f 4678/4678/4551 4673/4673/4546 4672/4672/4545
f 4673/4673/4546 4678/4678/4551 4679/4679/4552
f 4678/4678/4551 4677/4677/4550 4680/4680/4553
f 4680/4680/4553 4413/4413/4286 4681/4681/4554
f 4415/4415/4288 4413/4413/4286 4680/4680/4553
f 4682/4682/4555 4639/4639/4512 4637/4637/4510
f 4637/4637/4510 4636/4636/4509 4682/4682/4555
f 4683/4683/4556 4423/4423/4296 4422/4422/4295
f 4683/4683/4556 4684/4684/4557 4423/4423/4296
f 4640/4640/4513 4685/4685/4558 4683/4683/4556
f 4639/4639/4512 4685/4685/4558 4640/4640/4513
f 4686/4686/4559 4687/4687/4560 4685/4685/4558
f 4688/4688/4561 4689/4689/4562 4690/4690/4563
f 4691/4691/4564 4690/4690/4563 4692/4692/4565
f 4691/4691/4564 4688/4688/4561 4690/4690/4563
f 4423/4423/4296 4684/4684/4557 4432/4432/4305
f 4693/4693/4566 4433/4433/4306 4694/4694/4567
f 4684/4684/4557 4687/4687/4560 4694/4694/4567
f 4691/4691/4564 4694/4694/4567 4687/4687/4560
f 4695/4695/4568 4696/4696/4569 4653/4653/4526
f 4653/4653/4526 4657/4657/4530 4695/4695/4568
f 4697/4697/4570 4698/4698/4571 4699/4699/4572
f 4656/4656/4529 4698/4698/4571 4657/4657/4530
f 4695/4695/4568 4700/4700/4573 4701/4701/4574
f 4700/4700/4573 4698/4698/4571 4697/4697/4570
f 4682/4682/4555 4696/4696/4569 4686/4686/4559
f 4696/4696/4569 4702/4702/4575 4686/4686/4559
f 4703/4703/4576 4704/4704/4577 4705/4705/4578
f 4703/4703/4576 4702/4702/4575 4701/4701/4574
f 4703/4703/4576 4705/4705/4578 4689/4689/4562
f 4700/4700/4573 4706/4706/4579 4701/4701/4574
f 4707/4707/4580 4708/4708/4581 4697/4697/4570
f 4686/4686/4559 4702/4702/4575 4688/4688/4561
f 4655/4655/4528 4669/4669/4542 4699/4699/4572
f 4709/4709/4582 4699/4699/4572 4669/4669/4542
f 4710/4710/4583 4711/4711/4584 4712/4712/4585
f 4675/4675/4548 4711/4711/4584 4713/4713/4586
f 4674/4674/4547 4711/4711/4584 4675/4675/4548
f 4714/4714/4587 4707/4707/4580 4697/4697/4570
f 4710/4710/4583 4715/4715/4588 4716/4716/4589
f 4717/4717/4590 4718/4718/4591 4719/4719/4592
f 4710/4710/4583 4712/4712/4585 4720/4720/4593
f 4712/4712/4585 4721/4721/4594 4720/4720/4593
f 4721/4721/4594 4722/4722/4595 4720/4720/4593
f 4679/4679/4552 4681/4681/4554 4723/4723/4596
f 4679/4679/4552 4723/4723/4596 4721/4721/4594
f 4681/4681/4554 4724/4724/4597 4723/4723/4596
f 4724/4724/4597 4438/4438/4311 4442/4442/4315
f 4724/4724/4597 4442/4442/4315 4725/4725/4598
f 4720/4720/4593 4719/4719/4592 4710/4710/4583
f 4720/4720/4593 4722/4722/4595 4719/4719/4592
f 4717/4717/4590 4726/4726/4599 4727/4727/4600
f 4726/4726/4599 4722/4722/4595 4728/4728/4601
f 4725/4725/4598 4729/4729/4602 4728/4728/4601
f 4726/4726/4599 4728/4728/4601 4729/4729/4602
f 4729/4729/4602 4448/4448/4321 4730/4730/4603
f 4449/4449/4322 4725/4725/4598 4442/4442/4315
f 4731/4731/4604 4732/4732/4605 4733/4733/4606
f 4734/4734/4607 4732/4732/4605 4735/4735/4608
f 4735/4735/4608 4736/4736/4609 4734/4734/4607
f 4735/4735/4608 4732/4732/4605 4731/4731/4604
f 4737/4737/4610 4433/4433/4306 4693/4693/4566
f 4692/4692/4565 4738/4738/4611 4693/4693/4566
f 4738/4738/4611 4739/4739/4612 4740/4740/4613
f 4692/4692/4565 4734/4734/4607 4738/4738/4611
f 4735/4735/4608 4741/4741/4614 4736/4736/4609
f 4741/4741/4614 4735/4735/4608 4731/4731/4604
f 4742/4742/4615 4741/4741/4614 4743/4743/4616
f 4744/4744/4617 4745/4745/4618 4746/4746/4619
f 4747/4747/4620 4744/4744/4617 4746/4746/4619
f 4459/4459/4332 4748/4748/4621 4465/4465/4338
f 4739/4739/4612 4736/4736/4609 4749/4749/4622
f 4465/4465/4338 4747/4747/4620 4466/4466/4339
f 4689/4689/4562 4705/4705/4578 4733/4733/4606
f 4750/4750/4623 4733/4733/4606 4705/4705/4578
f 4750/4750/4623 4705/4705/4578 4704/4704/4577
f 4751/4751/4624 4752/4752/4625 4731/4731/4604
f 4717/4717/4590 4753/4753/4626 4718/4718/4591
f 4754/4754/4627 4755/4755/4628 4756/4756/4629
f 4756/4756/4629 4757/4757/4630 4754/4754/4627
f 4758/4758/4631 4759/4759/4632 4760/4760/4633
f 4756/4756/4629 4753/4753/4626 4761/4761/4634
f 4753/4753/4626 4762/4762/4635 4761/4761/4634
f 4762/4762/4635 4763/4763/4636 4761/4761/4634
f 4727/4727/4600 4730/4730/4603 4764/4764/4637
f 4727/4727/4600 4764/4764/4637 4762/4762/4635
f 4730/4730/4603 4765/4765/4638 4764/4764/4637
f 4765/4765/4638 4474/4474/4347 4478/4478/4351
f 4765/4765/4638 4478/4478/4351 4766/4766/4639
f 4761/4761/4634 4760/4760/4633 4756/4756/4629
f 4761/4761/4634 4763/4763/4636 4760/4760/4633
f 4758/4758/4631 4767/4767/4640 4768/4768/4641
f 4767/4767/4640 4763/4763/4636 4769/4769/4642
f 4766/4766/4639 4770/4770/4643 4769/4769/4642
f 4767/4767/4640 4769/4769/4642 4770/4770/4643
f 4770/4770/4643 4484/4484/4357 4771/4771/4644
f 4485/4485/4358 4766/4766/4639 4478/4478/4351
f 4772/4772/4645 4773/4773/4646 4774/4774/4647
f 4775/4775/4648 4746/4746/4619 4745/4745/4618
f 4776/4776/4649 4747/4747/4620 4746/4746/4619
f 4776/4776/4649 4746/4746/4619 4775/4775/4648
f 4773/4773/4646 4777/4777/4650 4778/4778/4651
f 4779/4779/4652 4773/4773/4646 4772/4772/4645
f 4779/4779/4652 4780/4780/4653 4781/4781/4654
f 4781/4781/4654 4782/4782/4655 4777/4777/4650
f 4781/4781/4654 4780/4780/4653 4783/4783/4656
f 4783/4783/4656 4780/4780/4653 4784/4784/4657
f 4776/4776/4649 4785/4785/4658 4493/4493/4366
f 4786/4786/4659 4777/4777/4650 4782/4782/4655
f 4785/4785/4658 4507/4507/4380 4493/4493/4366
f 4782/4782/4655 4787/4787/4660 4788/4788/4661
f 4789/4789/4662 4787/4787/4660 4782/4782/4655
f 4783/4783/4656 4790/4790/4663 4789/4789/4662
f 4791/4791/4664 4790/4790/4663 4792/4792/4665
f 4791/4791/4664 4789/4789/4662 4790/4790/4663
f 4507/4507/4380 4793/4793/4666 4508/4508/4381
f 4788/4788/4661 4511/4511/4384 4510/4510/4383
f 4794/4794/4667 4512/4512/4385 4787/4787/4660
f 4512/4512/4385 4794/4794/4667 4533/4533/4406
f 4758/4758/4631 4795/4795/4668 4759/4759/4632
f 4796/4796/4669 4797/4797/4670 4798/4798/4671
f 4799/4799/4672 4800/4800/4673 4801/4801/4674
f 4802/4802/4675 4792/4792/4665 4803/4803/4676
f 4802/4802/4675 4800/4800/4673 4792/4792/4665
f 4804/4804/4677 4800/4800/4673 4799/4799/4672
f 4805/4805/4678 4801/4801/4674 4806/4806/4679
f 4807/4807/4680 4808/4808/4681 4805/4805/4678
f 4809/4809/4682 4805/4805/4678 4808/4808/4681
f 4801/4801/4674 4810/4810/4683 4799/4799/4672
f 4794/4794/4667 4791/4791/4664 4804/4804/4677
f 4811/4811/4684 4804/4804/4677 4799/4799/4672
f 4531/4531/4404 4533/4533/4406 4811/4811/4684
f 4811/4811/4684 4799/4799/4672 4812/4812/4685
f 4810/4810/4683 4812/4812/4685 4799/4799/4672
f 4534/4534/4407 4812/4812/4685 4536/4536/4409
f 4813/4813/4686 4810/4810/4683 4809/4809/4682
f 4536/4536/4409 4813/4813/4686 4814/4814/4687
f 4798/4798/4671 4795/4795/4668 4815/4815/4688
f 4795/4795/4668 4816/4816/4689 4815/4815/4688
f 4816/4816/4689 4817/4817/4690 4815/4815/4688
f 4771/4771/4644 4484/4484/4357 4543/4543/4416
f 4768/4768/4641 4771/4771/4644 4818/4818/4691
f 4768/4768/4641 4818/4818/4691 4816/4816/4689
f 4542/4542/4415 4819/4819/4692 4818/4818/4691
f 4815/4815/4688 4820/4820/4693 4798/4798/4671
f 4808/4808/4681 4821/4821/4694 4809/4809/4682
f 4822/4822/4695 4821/4821/4694 4808/4808/4681
f 4823/4823/4696 4814/4814/4687 4824/4824/4697
f 4824/4824/4697 4814/4814/4687 4813/4813/4686
f 4825/4825/4698 4704/4704/4577 4826/4826/4699
f 4826/4826/4699 4704/4704/4577 4706/4706/4579
f 4827/4827/4700 4825/4825/4698 4826/4826/4699
f 4826/4826/4699 4706/4706/4579 4708/4708/4581
f 4827/4827/4700 4826/4826/4699 4708/4708/4581
f 4828/4828/4701 4709/4709/4582 4829/4829/4702
f 4828/4828/4701 4714/4714/4587 4709/4709/4582
f 4828/4828/4701 4830/4830/4703 4714/4714/4587
f 4828/4828/4701 4829/4829/4702 4831/4831/4704
f 4828/4828/4701 4831/4831/4704 4830/4830/4703
f 4832/4832/4705 4833/4833/4706 4834/4834/4707
f 4835/4835/4708 4707/4707/4580 4836/4836/4709
f 4830/4830/4703 4837/4837/4710 4836/4836/4709
f 4838/4838/4711 4839/4839/4712 4840/4840/4713
f 4838/4838/4711 4840/4840/4713 4715/4715/4588
f 4838/4838/4711 4715/4715/4588 4718/4718/4591
f 4752/4752/4625 4841/4841/4714 4743/4743/4616
f 4842/4842/4715 4843/4843/4716 4844/4844/4717
f 4845/4845/4718 4843/4843/4716 4846/4846/4719
f 4847/4847/4720 4843/4843/4716 4845/4845/4718
f 4846/4846/4719 4848/4848/4721 4845/4845/4718
f 4844/4844/4717 4843/4843/4716 4847/4847/4720
f 4846/4846/4719 4843/4843/4716 4842/4842/4715
f 4849/4849/4722 4751/4751/4624 4750/4750/4623
f 4849/4849/4722 4850/4850/4723 4751/4751/4624
f 4825/4825/4698 4851/4851/4724 4849/4849/4722
f 4827/4827/4700 4835/4835/4708 4852/4852/4725
f 4846/4846/4719 4853/4853/4726 4848/4848/4721
f 4853/4853/4726 4846/4846/4719 4842/4842/4715
f 4854/4854/4727 4855/4855/4728 4856/4856/4729
f 4857/4857/4730 4858/4858/4731 4859/4859/4732
f 4860/4860/4733 4861/4861/4734 4862/4862/4735
f 4841/4841/4714 4752/4752/4625 4863/4863/4736
f 4850/4850/4723 4864/4864/4737 4863/4863/4736
f 4850/4850/4723 4865/4865/4738 4864/4864/4737
f 4866/4866/4739 4864/4864/4737 4865/4865/4738
f 4865/4865/4738 4848/4848/4721 4866/4866/4739
f 4867/4867/4740 4868/4868/4741 4869/4869/4742
f 4870/4870/4743 4869/4869/4742 4871/4871/4744
f 4869/4869/4742 4868/4868/4741 4871/4871/4744
f 4868/4868/4741 4872/4872/4745 4871/4871/4744
f 4873/4873/4746 4833/4833/4706 4839/4839/4712
f 4833/4833/4706 4873/4873/4746 4874/4874/4747
f 4838/4838/4711 4755/4755/4628 4839/4839/4712
f 4873/4873/4746 4754/4754/4627 4875/4875/4748
f 4718/4718/4591 4755/4755/4628 4838/4838/4711
f 4871/4871/4744 4876/4876/4749 4870/4870/4743
f 4871/4871/4744 4872/4872/4745 4876/4876/4749
f 4877/4877/4750 4878/4878/4751 4879/4879/4752
f 4878/4878/4751 4872/4872/4745 4880/4880/4753
f 4875/4875/4748 4881/4881/4754 4880/4880/4753
f 4878/4878/4751 4880/4880/4753 4881/4881/4754
f 4875/4875/4748 4882/4882/4755 4881/4881/4754
f 4883/4883/4756 4884/4884/4757 4882/4882/4755
f 4883/4883/4756 4882/4882/4755 4757/4757/4630
f 4883/4883/4756 4757/4757/4630 4759/4759/4632
f 4774/4774/4647 4862/4862/4735 4772/4772/4645
f 4885/4885/4758 4859/4859/4732 4858/4858/4731
f 4858/4858/4731 4886/4886/4759 4885/4885/4758
f 4862/4862/4735 4861/4861/4734 4772/4772/4645
f 4861/4861/4734 4779/4779/4652 4772/4772/4645
f 4859/4859/4732 4887/4887/4760 4888/4888/4761
f 4887/4887/4760 4889/4889/4762 4784/4784/4657
f 4890/4890/4763 4889/4889/4762 4887/4887/4760
f 4784/4784/4657 4889/4889/4762 4891/4891/4764
f 4892/4892/4765 4891/4891/4764 4889/4889/4762
f 4892/4892/4765 4889/4889/4762 4890/4890/4763
f 4891/4891/4764 4892/4892/4765 4803/4803/4676
f 4885/4885/4758 4886/4886/4759 4893/4893/4766
f 4894/4894/4767 4895/4895/4768 4884/4884/4757
f 4893/4893/4766 4896/4896/4769 4897/4897/4770
f 4890/4890/4763 4897/4897/4770 4898/4898/4771
f 4896/4896/4769 4899/4899/4772 4897/4897/4770
f 4883/4883/4756 4797/4797/4670 4884/4884/4757
f 4899/4899/4772 4900/4900/4773 4901/4901/4774
f 4759/4759/4632 4797/4797/4670 4883/4883/4756
f 4898/4898/4771 4892/4892/4765 4890/4890/4763
f 4898/4898/4771 4803/4803/4676 4892/4892/4765
f 4901/4901/4774 4806/4806/4679 4802/4802/4675
f 4806/4806/4679 4901/4901/4774 4900/4900/4773
f 30/30/30 22/22/22 31/31/31
f 4902/4902/4775 24/24/24 4903/4903/4776
f 51/51/49 4904/4904/4777 4903/4903/4776
f 40/40/38 29/29/29 31/31/31
f 46/46/44 54/54/52 44/44/42
f 33/33/33 29/29/29 40/40/38
f 28/28/28 4905/4905/4778 24/24/24
f 4905/4905/4778 4903/4903/4776 24/24/24
f 49/49/47 48/48/46 177/177/165
f 48/48/46 178/178/166 177/177/165
f 51/51/49 4903/4903/4776 52/52/50
f 4903/4903/4776 4905/4905/4778 52/52/50
f 49/49/47 177/177/165 4906/4906/4779
f 55/55/53 54/54/52 46/46/44
f 81/81/77 87/87/83 241/241/229
f 87/87/83 98/98/94 241/241/229
f 241/241/229 243/243/231 81/81/77
f 243/243/231 82/82/78 81/81/77
f 92/92/88 85/85/81 93/93/89
f 85/85/81 84/84/80 93/93/89
f 92/92/88 97/97/93 85/85/81
f 97/97/93 96/96/92 85/85/81
f 83/83/79 73/73/69 87/87/83
f 73/73/69 72/72/68 87/87/83
f 75/75/71 104/104/100 4907/4907/4780
f 4908/4908/4781 99/99/95 72/72/68
f 104/104/100 75/75/71 105/105/101
f 75/75/71 103/103/99 105/105/101
f 115/115/111 111/111/107 102/102/98
f 111/111/107 100/100/96 102/102/98
f 77/77/73 5/5/5 78/78/74
f 5/5/5 7/7/7 78/78/74
f 107/107/103 109/109/105 89/89/85
f 109/109/105 88/88/84 89/89/85
f 4909/4909/4782 4910/4910/4782 4911/4911/4782
f 4912/4912/4783 107/107/103 89/89/85
f 2/2/2 1/1/1 107/107/103
f 1/1/1 108/108/104 107/107/103
f 4912/4912/4783 124/124/120 107/107/103
f 124/124/120 2/2/2 107/107/103
f 110/110/106 79/79/75 16/16/16
f 79/79/75 14/14/14 16/16/16
f 112/112/108 20/20/20 100/100/96
f 20/20/20 134/134/128 100/100/96
f 118/118/114 277/277/265 119/119/115
f 277/277/265 113/113/109 119/119/115
f 102/102/98 113/113/109 114/114/110
f 113/113/109 277/277/265 114/114/110
f 101/101/97 4913/4913/4784 113/113/109
f 4913/4913/4784 4914/4914/4785 113/113/109
f 4915/4915/4786 4916/4916/4787 4917/4917/4788
f 4916/4916/4787 125/125/121 4917/4917/4788
f 135/135/129 139/139/131 91/91/87
f 139/139/131 141/141/133 91/91/87
f 144/144/136 143/143/135 4918/4918/4789
f 97/97/93 91/91/87 141/141/133
f 4919/4919/4790 4920/4920/4790 4921/4921/4790
f 4922/4922/4791 4923/4923/4791 4924/4924/4791
f 141/141/133 145/145/137 4925/4925/4792
f 147/147/139 146/146/138 144/144/136
f 148/148/140 145/145/137 140/140/132
f 145/145/137 141/141/133 140/140/132
f 4926/4926/4793 156/156/146 4927/4927/4794
f 156/156/146 4928/4928/4795 4927/4927/4794
f 4929/4929/4796 4930/4930/4796 4931/4931/4796
f 4932/4932/4797 4933/4933/4797 4934/4934/4797
f 118/118/114 164/164/152 277/277/265
f 164/164/152 336/336/316 277/277/265
f 168/168/156 163/163/151 169/169/157
f 163/163/151 162/162/150 169/169/157
f 126/126/122 4935/4935/4798 127/127/123
f 30/30/30 32/32/32 4936/4936/4799
f 122/122/118 121/121/117 22/22/22
f 121/121/117 146/146/138 22/22/22
f 171/171/159 132/132/126 36/36/36
f 132/132/126 34/34/34 36/36/36
f 172/172/160 56/56/54 166/166/154
f 56/56/54 179/179/167 166/166/154
f 168/168/156 167/167/155 175/175/163
f 167/167/155 4937/4937/4800 175/175/163
f 4938/4938/4801 167/167/155 178/178/166
f 167/167/155 170/170/158 178/178/166
f 190/190/178 373/373/342 188/188/176
f 184/184/172 191/191/179 4939/4939/4802
f 195/195/183 187/187/175 193/193/181
f 187/187/175 196/196/184 193/193/181
f 4940/4940/4803 4941/4941/4804 192/192/180
f 4941/4941/4804 191/191/179 192/192/180
f 199/199/187 198/198/186 206/206/194
f 198/198/186 200/200/188 206/206/194
f 238/238/226 237/237/225 248/248/236
f 233/233/221 232/232/220 4942/4942/4805
f 230/230/218 235/235/223 236/236/224
f 235/235/223 257/257/245 236/236/224
f 230/230/218 228/228/216 231/231/219
f 228/228/216 227/227/215 231/231/219
f 245/245/233 233/233/221 4943/4943/4806
f 237/237/225 240/240/228 94/94/90
f 231/231/219 242/242/230 229/229/217
f 242/242/230 244/244/232 229/229/217
f 253/253/241 252/252/240 249/249/237
f 252/252/240 250/250/238 249/249/237
f 238/238/226 248/248/236 250/250/238
f 248/248/236 247/247/235 250/250/238
f 90/90/86 255/255/243 256/256/244
f 255/255/243 252/252/240 256/256/244
f 90/90/86 93/93/89 255/255/243
f 93/93/89 240/240/228 255/255/243
f 229/229/217 219/219/207 235/235/223
f 219/219/207 218/218/206 235/235/223
f 215/215/203 262/262/250 216/216/204
f 262/262/250 499/499/466 216/216/204
f 262/262/250 215/215/203 261/261/249
f 215/215/203 259/259/247 261/261/249
f 222/222/210 4944/4944/4807 223/223/211
f 4944/4944/4807 104/104/100 223/223/211
f 221/221/209 219/219/207 98/98/94
f 219/219/207 244/244/232 98/98/94
f 264/264/252 223/223/211 106/106/102
f 223/223/211 104/104/100 106/106/102
f 265/265/253 260/260/248 264/264/252
f 260/260/248 259/259/247 264/264/252
f 274/274/262 263/263/251 272/272/260
f 263/263/251 261/261/249 272/272/260
f 267/267/255 332/332/312 268/268/256
f 332/332/312 279/279/267 268/268/256
f 281/281/269 275/275/263 260/260/248
f 275/275/263 272/272/260 260/260/248
f 277/277/265 335/335/315 278/278/266
f 335/335/315 268/268/256 278/278/266
f 265/265/253 106/106/102 280/280/268
f 116/116/112 114/114/110 278/278/266
f 253/253/241 249/249/237 285/285/273
f 249/249/237 282/282/270 285/285/273
f 306/306/290 4945/4945/4808 284/284/272
f 290/290/278 4946/4946/4809 4947/4947/4809
f 4948/4948/4810 4949/4949/4810 4950/4950/4810
f 4951/4951/4811 256/256/244 254/254/242
f 286/286/274 4952/4952/4812 254/254/242
f 4952/4952/4812 4953/4953/4813 254/254/242
f 319/319/303 318/318/302 288/288/276
f 318/318/302 289/289/277 288/288/276
f 306/306/290 284/284/272 301/301/285
f 284/284/272 304/304/288 301/301/285
f 303/303/287 351/351/329 301/301/285
f 351/351/329 305/305/289 301/301/285
f 371/371/340 313/313/297 351/351/329
f 313/313/297 305/305/289 351/351/329
f 312/312/296 4954/4954/4814 314/314/298
f 4954/4954/4814 315/315/299 314/314/298
f 314/314/298 316/316/300 297/297/283
f 316/316/300 321/321/305 297/297/283
f 338/338/318 334/334/314 339/339/319
f 334/334/314 328/328/308 339/339/319
f 330/330/310 267/267/255 333/333/313
f 267/267/255 328/328/308 333/333/313
f 331/331/311 330/330/310 347/347/325
f 330/330/310 333/333/313 347/347/325
f 4955/4955/4815 4956/4956/4815 4957/4957/4815
f 4958/4958/4816 4959/4959/4816 4960/4960/4816
f 4953/4953/4813 4952/4952/4812 4961/4961/4817
f 4962/4962/4818 4963/4963/4818 4964/4964/4818
f 338/338/318 345/345/323 307/307/291
f 345/345/323 310/310/294 307/307/291
f 338/338/318 307/307/291 334/334/314
f 307/307/291 343/343/321 334/334/314
f 338/338/318 337/337/317 345/345/323
f 337/337/317 4965/4965/4819 345/345/323
f 4966/4966/4820 4967/4967/4820 4968/4968/4820
f 4969/4969/4821 4970/4970/4821 4971/4971/4821
f 4972/4972/4822 4973/4973/4822 4974/4974/4822
f 4975/4975/4823 4976/4976/4823 4977/4977/4823
f 4978/4978/4824 4979/4979/4824 4980/4980/4824
f 308/308/292 310/310/294 388/388/357
f 4954/4954/4814 185/185/173 315/315/299
f 4981/4981/4825 373/373/342 374/374/343
f 181/181/169 180/180/168 370/370/339
f 180/180/168 371/371/340 370/370/339
f 372/372/341 380/380/349 370/370/339
f 380/380/349 181/181/169 370/370/339
f 4982/4982/4826 375/375/344 189/189/177
f 375/375/344 190/190/178 189/189/177
f 376/376/345 356/356/332 4983/4983/4827
f 366/366/337 365/365/336 378/378/347
f 193/193/181 196/196/184 382/382/351
f 196/196/184 380/380/349 382/382/351
f 385/385/354 376/376/345 383/383/352
f 376/376/345 4984/4984/4828 383/383/352
f 383/383/352 4984/4984/4828 208/208/196
f 396/396/365 395/395/364 4985/4985/4829
f 348/348/326 205/205/193 346/346/324
f 205/205/193 392/392/361 346/346/324
f 390/390/359 389/389/358 4986/4986/4830
f 389/389/358 4987/4987/4831 4986/4986/4830
f 411/411/380 414/414/383 630/630/559
f 414/414/383 421/421/390 630/630/559
f 4988/4988/4832 4989/4989/4832 4990/4990/4832
f 4991/4991/4833 409/409/378 408/408/377
f 418/418/387 417/417/386 4991/4991/4833
f 417/417/386 409/409/378 4991/4991/4833
f 417/417/386 419/419/388 420/420/389
f 419/419/388 452/452/419 420/420/389
f 4992/4992/4834 4993/4993/4834 4994/4994/4834
f 4995/4995/4835 423/423/392 414/414/383
f 398/398/367 4996/4996/4836 399/399/368
f 4996/4996/4836 4997/4997/4837 399/399/368
f 4996/4996/4836 398/398/367 4998/4998/4838
f 398/398/367 427/427/396 4998/4998/4838
f 447/447/414 441/441/408 426/426/395
f 441/441/408 424/424/393 426/426/395
f 434/434/401 436/436/403 416/416/385
f 436/436/403 415/415/384 416/416/385
f 449/449/416 4999/4999/4839 416/416/385
f 4999/4999/4839 434/434/401 416/416/385
f 426/426/395 442/442/409 446/446/413
f 442/442/409 444/444/411 446/446/413
f 425/425/394 5000/5000/4840 442/442/409
f 5000/5000/4840 445/445/412 442/442/409
f 478/478/445 475/475/442 467/467/434
f 475/475/442 465/465/432 467/467/434
f 473/473/440 468/468/435 474/474/441
f 468/468/435 465/465/432 474/474/441
f 468/468/435 473/473/440 5001/5001/4841
f 470/470/437 469/469/436 486/486/453
f 479/479/446 225/225/213 475/475/442
f 225/225/213 477/477/444 475/475/442
f 481/481/448 477/477/444 236/236/224
f 477/477/444 228/228/216 236/236/224
f 474/474/441 481/481/448 472/472/439
f 481/481/448 480/480/447 472/472/439
f 456/456/423 464/464/431 457/457/424
f 464/464/431 463/463/430 457/457/424
f 478/478/445 5002/5002/4842 488/488/455
f 460/460/427 459/459/426 483/483/450
f 491/491/458 489/489/456 484/484/451
f 489/489/456 483/483/450 484/484/451
f 246/246/234 490/490/457 247/247/235
f 490/490/457 489/489/456 247/247/235
f 497/497/464 493/493/460 495/495/462
f 493/493/460 494/494/461 495/495/462
f 500/500/467 492/492/459 480/480/447
f 492/492/459 472/472/439 480/480/447
f 498/498/465 501/501/468 499/499/466
f 500/500/467 257/257/245 258/258/246
f 502/502/469 495/495/462 263/263/251
f 495/495/462 498/498/465 263/263/251
f 487/487/454 469/469/436 506/506/473
f 469/469/436 493/493/460 506/506/473
f 503/503/470 505/505/472 497/497/464
f 505/505/472 506/506/473 497/497/464
f 504/504/471 503/503/470 509/509/476
f 503/503/470 507/507/474 509/509/476
f 508/508/475 507/507/474 274/274/262
f 507/507/474 502/502/469 274/274/262
f 511/511/478 510/510/477 512/512/479
f 510/510/477 461/461/428 512/512/479
f 517/517/484 484/484/451 510/510/477
f 484/484/451 459/459/426 510/510/477
f 518/518/485 520/520/487 516/516/483
f 520/520/487 517/517/484 516/516/483
f 283/283/271 282/282/270 521/521/488
f 282/282/270 491/491/458 521/521/488
f 5003/5003/4843 5004/5004/4843 5005/5005/4843
f 5006/5006/4844 283/283/271 521/521/488
f 515/515/482 528/528/491 511/511/478
f 528/528/491 516/516/483 511/511/478
f 529/529/492 531/531/494 518/518/485
f 531/531/494 519/519/486 518/518/485
f 5007/5007/4845 562/562/517 533/533/496
f 562/562/517 534/534/497 533/533/496
f 5008/5008/4846 5009/5009/4846 5010/5010/4846
f 5011/5011/4847 5012/5012/4847 5013/5013/4847
f 5014/5014/4848 5015/5015/4848 5016/5016/4848
f 5017/5017/4849 5018/5018/4849 5019/5019/4849
f 5020/5020/4850 5021/5021/4850 5022/5022/4850
f 5023/5023/4851 5024/5024/4851 5025/5025/4851
f 5026/5026/4852 5027/5027/4852 5028/5028/4852
f 5029/5029/4853 5030/5030/4853 5031/5031/4853
f 548/548/503 504/504/471 553/553/508
f 504/504/471 552/552/507 553/553/508
f 564/564/519 560/560/515 551/551/506
f 560/560/515 549/549/504 551/551/506
f 557/557/512 5032/5032/4854 331/331/311
f 509/509/476 508/508/475 559/559/514
f 557/557/512 347/347/325 549/549/504
f 347/347/325 556/556/511 549/549/504
f 550/550/505 534/534/497 551/551/506
f 534/534/497 561/561/516 551/551/506
f 5033/5033/4855 5034/5034/4856 5035/5035/4857
f 5034/5034/4856 5036/5036/4858 5035/5035/4857
f 5037/5037/4859 5038/5038/4859 5039/5039/4859
f 555/555/510 556/556/511 343/343/321
f 621/621/554 620/620/553 637/637/564
f 5040/5040/4860 604/604/547 603/603/546
f 5041/5041/4861 5042/5042/4861 5043/5043/4861
f 5044/5044/4862 5045/5045/4862 5046/5046/4862
f 5047/5047/4863 5048/5048/4863 5049/5049/4863
f 5050/5050/4864 5051/5051/4864 5052/5052/4864
f 5053/5053/4865 5054/5054/4865 5055/5055/4865
f 620/620/553 623/623/556 4991/4991/4833
f 5056/5056/4866 5057/5057/4866 5058/5058/4866
f 5059/5059/4867 5060/5060/4867 5061/5061/4867
f 642/642/569 641/641/568 638/638/565
f 641/641/568 639/639/566 638/638/565
f 621/621/554 637/637/564 639/639/566
f 637/637/564 636/636/563 639/639/566
f 646/646/573 645/645/572 643/643/570
f 645/645/572 641/641/568 643/643/570
f 645/645/572 418/418/387 623/623/556
f 418/418/387 4991/4991/4833 623/623/556
f 5062/5062/4868 5063/5063/4868 5064/5064/4868
f 5065/5065/4869 5066/5066/4869 5067/5067/4869
f 592/592/535 656/656/579 593/593/536
f 656/656/579 956/956/855 593/593/536
f 656/656/579 592/592/535 655/655/578
f 592/592/535 653/653/576 655/655/578
f 599/599/542 4997/4997/4837 600/600/543
f 4997/4997/4837 4996/4996/4836 600/600/543
f 598/598/541 596/596/539 421/421/390
f 5068/5068/4870 5069/5069/4870 5070/5070/4870
f 661/661/582 600/600/543 662/662/583
f 600/600/543 4996/4996/4836 662/662/583
f 663/663/584 654/654/577 661/661/582
f 654/654/577 653/653/576 661/661/582
f 5071/5071/4871 5072/5072/4871 5073/5073/4871
f 668/668/587 692/692/609 671/671/590
f 671/671/590 5074/5074/4872 673/673/592
f 670/670/589 655/655/578 654/654/577
f 444/444/411 693/693/610 677/677/594
f 5075/5075/4873 5076/5076/4873 5077/5077/4873
f 5078/5078/4874 5079/5079/4874 5080/5080/4874
f 448/448/415 446/446/413 677/677/594
f 683/683/600 686/686/603 684/684/601
f 686/686/603 981/981/880 684/684/601
f 681/681/598 688/688/605 642/642/569
f 688/688/605 643/643/570 642/642/569
f 419/419/388 646/646/573 450/450/417
f 646/646/573 687/687/604 450/450/417
f 695/695/612 690/690/607 667/667/586
f 690/690/607 668/668/587 667/667/586
f 693/693/610 455/455/422 667/667/586
f 455/455/422 694/694/611 667/667/586
f 701/701/618 458/458/425 702/702/619
f 458/458/425 457/457/424 702/702/619
f 752/752/669 697/697/614 716/716/633
f 697/697/614 710/710/627 716/716/633
f 708/708/625 707/707/624 713/713/630
f 707/707/624 714/714/631 713/713/630
f 457/457/424 463/463/430 715/715/632
f 463/463/430 705/705/622 715/715/632
f 457/457/424 715/715/632 702/702/619
f 715/715/632 710/710/627 702/702/619
f 717/717/634 705/705/622 5081/5081/4875
f 705/705/622 706/706/623 5081/5081/4875
f 717/717/634 5081/5081/4875 718/718/635
f 485/485/452 719/719/636 714/714/631
f 723/723/640 721/721/638 722/722/639
f 721/721/638 720/720/637 722/722/639
f 487/487/454 722/722/639 719/719/636
f 722/722/639 720/720/637 719/719/636
f 5082/5082/4876 753/753/670 1017/1017/916
f 753/753/670 754/754/671 1017/1017/916
f 738/738/655 734/734/651 5083/5083/4877
f 734/734/651 731/731/648 5083/5083/4877
f 5082/5082/4876 5084/5084/4878 698/698/615
f 5084/5084/4878 700/700/617 698/698/615
f 748/748/665 743/743/660 735/735/652
f 743/743/660 736/736/653 735/735/652
f 5082/5082/4876 698/698/615 753/753/670
f 698/698/615 697/697/614 753/753/670
f 740/740/657 512/512/479 742/742/659
f 512/512/479 744/744/661 742/742/659
f 741/741/658 740/740/657 748/748/665
f 740/740/657 743/743/660 748/748/665
f 794/794/711 746/746/663 747/747/664
f 746/746/663 745/745/662 747/747/664
f 724/724/641 737/737/654 725/725/642
f 737/737/654 5085/5085/4879 725/725/642
f 737/737/654 724/724/641 735/735/652
f 724/724/641 745/745/662 735/735/652
f 794/794/711 751/751/668 746/746/663
f 751/751/668 749/749/666 746/746/663
f 750/750/667 514/514/481 749/749/666
f 514/514/481 741/741/658 749/749/666
f 765/765/682 515/515/482 750/750/667
f 515/515/482 514/514/481 750/750/667
f 708/708/625 759/759/676 709/709/626
f 759/759/676 1030/1030/929 709/709/626
f 757/757/674 713/713/630 758/758/675
f 713/713/630 712/712/629 758/758/675
f 759/759/676 757/757/674 761/761/678
f 757/757/674 756/756/673 761/761/678
f 760/760/677 756/756/673 763/763/680
f 756/756/673 764/764/681 763/763/680
f 767/767/684 766/766/683 768/768/685
f 766/766/683 769/769/686 768/768/685
f 768/768/685 529/529/492 767/767/684
f 529/529/492 528/528/491 767/767/684
f 781/781/698 562/562/517 816/816/733
f 562/562/517 5007/5007/4845 816/816/733
f 772/772/689 758/758/675 721/721/638
f 758/758/675 712/712/629 721/721/638
f 505/505/472 548/548/503 723/723/640
f 548/548/503 775/775/692 723/723/640
f 773/773/690 772/772/689 779/779/696
f 772/772/689 774/774/691 779/779/696
f 779/779/696 774/774/691 776/776/693
f 774/774/691 775/775/692 776/776/693
f 773/773/690 777/777/694 764/764/681
f 777/777/694 762/762/679 764/764/681
f 562/562/517 5086/5086/4880 561/561/516
f 5086/5086/4880 783/783/700 561/561/516
f 562/562/517 781/781/698 5086/5086/4880
f 781/781/698 780/780/697 5086/5086/4880
f 785/785/702 784/784/701 786/786/703
f 784/784/701 726/726/643 786/786/703
f 788/788/705 791/791/708 785/785/702
f 791/791/708 790/790/707 785/785/702
f 793/793/710 747/747/664 792/792/709
f 747/747/664 784/784/701 792/792/709
f 798/798/715 796/796/713 795/795/712
f 796/796/713 793/793/710 795/795/712
f 796/796/713 799/799/716 751/751/668
f 799/799/716 797/797/714 751/751/668
f 849/849/766 801/801/718 802/802/719
f 801/801/718 800/800/717 802/802/719
f 792/792/709 790/790/707 795/795/712
f 790/790/707 800/800/717 795/795/712
f 849/849/766 805/805/722 801/801/718
f 805/805/722 803/803/720 801/801/718
f 798/798/715 803/803/720 799/799/716
f 803/803/720 806/806/723 799/799/716
f 766/766/683 765/765/682 813/813/730
f 765/765/682 797/797/714 813/813/730
f 814/814/731 830/830/747 813/813/730
f 830/830/747 815/815/732 813/813/730
f 811/811/728 574/574/525 812/812/729
f 5087/5087/4881 5088/5088/4881 5089/5089/4881
f 781/781/698 816/816/733 590/590/533
f 816/816/733 573/573/524 590/590/533
f 827/827/744 829/829/746 824/824/741
f 829/829/746 825/825/742 824/824/741
f 819/819/736 829/829/746 820/820/737
f 829/829/746 828/828/745 820/820/737
f 831/831/748 807/807/724 823/823/740
f 807/807/724 821/821/738 823/823/740
f 807/807/724 831/831/748 806/806/723
f 831/831/748 814/814/731 806/806/723
f 833/833/750 587/587/530 817/817/734
f 5090/5090/4882 5091/5091/4882 5092/5092/4882
f 833/833/750 828/828/745 587/587/530
f 828/828/745 834/834/751 587/587/530
f 837/837/754 5093/5093/4883 782/782/699
f 809/809/726 762/762/679 778/778/695
f 809/809/726 836/836/753 808/808/725
f 836/836/753 1075/1075/974 808/808/725
f 781/781/698 590/590/533 782/782/699
f 590/590/533 840/840/757 782/782/699
f 838/838/755 837/837/754 841/841/758
f 5094/5094/4884 5095/5095/4884 5096/5096/4884
f 5097/5097/4885 1076/1076/975 836/836/753
f 1076/1076/975 1075/1075/974 836/836/753
f 838/838/755 841/841/758 827/827/744
f 841/841/758 834/834/751 827/827/744
f 849/849/766 802/802/719 848/848/765
f 802/802/719 844/844/761 848/848/765
f 846/846/763 850/850/767 849/849/766
f 850/850/767 805/805/722 849/849/766
f 848/848/765 1096/1096/995 846/846/763
f 1096/1096/995 847/847/764 846/846/763
f 5098/5098/4886 847/847/764 1100/1100/999
f 847/847/764 1096/1096/995 1100/1100/999
f 865/865/780 864/864/779 5099/5099/4887
f 864/864/779 880/880/793 5099/5099/4887
f 850/850/767 845/845/762 821/821/738
f 845/845/762 822/822/739 821/821/738
f 5100/5100/4888 822/822/739 866/866/781
f 822/822/739 845/845/762 866/866/781
f 870/870/785 819/819/736 872/872/787
f 819/819/736 867/867/782 872/872/787
f 871/871/786 870/870/785 882/882/795
f 870/870/785 872/872/787 882/882/795
f 5101/5101/4889 5102/5102/4889 5103/5103/4889
f 5104/5104/4890 5105/5105/4890 5106/5106/4890
f 5107/5107/4891 5108/5108/4891 5109/5109/4891
f 5110/5110/4892 5111/5111/4892 5112/5112/4892
f 853/853/770 852/852/769 886/886/799
f 852/852/769 883/883/796 886/886/799
f 890/890/803 864/864/779 889/889/802
f 864/864/779 863/863/778 889/889/802
f 893/893/806 892/892/805 887/887/800
f 892/892/805 886/886/799 887/887/800
f 896/896/809 898/898/811 887/887/800
f 898/898/811 893/893/806 887/887/800
f 898/898/811 899/899/812 900/900/813
f 899/899/812 937/937/836 900/900/813
f 902/902/815 901/901/814 5113/5113/4893
f 874/874/789 880/880/793 890/890/803
f 918/918/823 5114/5114/4894 903/903/816
f 5114/5114/4894 901/901/814 903/903/816
f 916/916/821 950/950/849 917/917/822
f 950/950/849 5115/5115/4895 917/917/822
f 5116/5116/4896 5117/5117/4896 5118/5118/4896
f 5119/5119/4897 5120/5120/4897 5121/5121/4897
f 891/891/804 5122/5122/4898 921/921/826
f 5123/5123/4899 5124/5124/4899 5125/5125/4899
f 5126/5126/4900 5127/5127/4900 5128/5128/4900
f 5129/5129/4901 5130/5130/4901 5131/5131/4901
f 5132/5132/4902 5133/5133/4902 5134/5134/4902
f 5135/5135/4903 5136/5136/4903 5137/5137/4903
f 5138/5138/4904 5139/5139/4904 5140/5140/4904
f 5141/5141/4905 5142/5142/4905 5143/5143/4905
f 967/967/866 945/945/844 937/937/836
f 945/945/844 938/938/837 937/937/836
f 946/946/845 894/894/807 938/938/837
f 894/894/807 900/900/813 938/938/837
f 635/635/562 946/946/845 636/636/563
f 946/946/845 944/944/843 636/636/563
f 638/638/565 944/944/843 977/977/876
f 944/944/843 945/945/844 977/977/876
f 951/951/850 953/953/852 1162/1162/1054
f 953/953/852 1173/1173/1065 1162/1162/1054
f 5144/5144/4906 952/952/851 5145/5145/4907
f 949/949/848 948/948/847 930/930/831
f 954/954/853 952/952/851 961/961/860
f 952/952/851 5144/5144/4906 961/961/860
f 955/955/854 5144/5144/4906 956/956/855
f 5144/5144/4906 5146/5146/4908 956/956/855
f 961/961/860 5144/5144/4906 958/958/857
f 5144/5144/4906 955/955/854 958/958/857
f 939/939/838 941/941/840 953/953/852
f 941/941/840 1173/1173/1065 953/953/852
f 954/954/853 959/959/858 939/939/838
f 959/959/858 942/942/841 939/939/838
f 964/964/863 5147/5147/4909 963/963/862
f 960/960/859 959/959/858 962/962/861
f 5148/5148/4910 962/962/861 670/670/589
f 962/962/861 958/958/857 670/670/589
f 976/976/875 971/971/870 975/975/874
f 971/971/870 968/968/867 975/975/874
f 973/973/872 982/982/881 976/976/875
f 980/980/879 943/943/842 935/935/834
f 973/973/872 972/972/871 982/982/881
f 972/972/871 983/983/882 982/982/881
f 979/979/878 686/686/603 943/943/842
f 686/686/603 947/947/846 943/943/842
f 964/964/863 691/691/608 5147/5147/4909
f 981/981/880 979/979/878 985/985/884
f 993/993/892 986/986/885 994/994/893
f 986/986/885 988/988/887 994/994/893
f 995/995/894 726/726/643 996/996/895
f 726/726/643 725/725/642 996/996/895
f 1013/1013/912 1009/1009/908 1000/1000/899
f 1009/1009/908 1001/1001/900 1000/1000/899
f 1007/1007/906 1002/1002/901 1008/1008/907
f 1002/1002/901 1001/1001/900 1008/1008/907
f 1002/1002/901 1007/1007/906 1210/1210/1102
f 1007/1007/906 5149/5149/4911 1210/1210/1102
f 1014/1014/913 729/729/646 1009/1009/908
f 729/729/646 1011/1011/910 1009/1009/908
f 1016/1016/915 1011/1011/910 1017/1017/916
f 1011/1011/910 1012/1012/911 1017/1017/916
f 1008/1008/907 1016/1016/915 1006/1006/905
f 1016/1016/915 1015/1015/914 1006/1006/905
f 986/986/885 1000/1000/899 987/987/886
f 1000/1000/899 999/999/898 987/987/886
f 1013/1013/912 993/993/892 1014/1014/913
f 993/993/892 997/997/896 1014/1014/913
f 1028/1028/927 1025/1025/924 1026/1026/925
f 1025/1025/924 1024/1024/923 1026/1026/925
f 1033/1033/932 1024/1024/923 1031/1031/930
f 1024/1024/923 1023/1023/922 1031/1031/930
f 1029/1029/928 1033/1033/932 1030/1030/929
f 1033/1033/932 1032/1032/931 1030/1030/929
f 1034/1034/933 1026/1026/925 761/761/678
f 1026/1026/925 1029/1029/928 761/761/678
f 1020/1020/919 1003/1003/902 1038/1038/937
f 1003/1003/902 1025/1025/924 1038/1038/937
f 1035/1035/934 1037/1037/936 1028/1028/927
f 1037/1037/936 1038/1038/937 1028/1028/927
f 1036/1036/935 1035/1035/934 1041/1041/940
f 1035/1035/934 1039/1039/938 1041/1041/940
f 1040/1040/939 1039/1039/938 760/760/677
f 1039/1039/938 1034/1034/933 760/760/677
f 1045/1045/944 1044/1044/943 990/990/889
f 1044/1044/943 991/991/890 990/990/889
f 1042/1042/941 1237/1237/1129 1043/1043/942
f 1054/1054/953 1046/1046/945 1045/1045/944
f 1048/1048/947 786/786/703 991/991/890
f 786/786/703 995/995/894 991/991/890
f 1049/1049/948 1048/1048/947 1047/1047/946
f 1048/1048/947 1044/1044/943 1047/1047/946
f 1052/1052/951 1047/1047/946 1053/1053/952
f 1047/1047/946 1046/1046/945 1053/1053/952
f 1051/1051/950 1057/1057/956 1052/1052/951
f 1057/1057/956 1055/1055/954 1052/1052/951
f 1056/1056/955 788/788/705 1055/1055/954
f 788/788/705 1049/1049/948 1055/1055/954
f 1058/1058/957 1036/1036/935 1061/1061/960
f 1036/1036/935 1059/1059/958 1061/1061/960
f 1059/1059/958 1041/1041/940 1064/1064/963
f 1041/1041/940 1063/1063/962 1064/1064/963
f 763/763/680 808/808/725 1040/1040/939
f 808/808/725 1063/1063/962 1040/1040/939
f 1065/1065/964 1068/1068/967 1060/1060/959
f 1068/1068/967 1061/1061/960 1060/1060/959
f 1066/1066/965 1065/1065/964 1071/1071/970
f 1065/1065/964 1069/1069/968 1071/1071/970
f 1060/1060/959 1064/1064/963 1069/1069/968
f 1064/1064/963 1072/1072/971 1069/1069/968
f 1070/1070/969 1072/1072/971 5150/5150/4912
f 1072/1072/971 1076/1076/975 5150/5150/4912
f 1077/1077/976 1079/1079/978 1051/1051/950
f 1079/1079/978 1078/1078/977 1051/1051/950
f 1078/1078/977 1083/1083/982 1057/1057/956
f 1083/1083/982 1082/1082/981 1057/1057/956
f 791/791/708 1056/1056/955 842/842/759
f 1056/1056/955 1082/1082/981 842/842/759
f 1086/1086/985 1080/1080/979 1087/1087/986
f 1080/1080/979 1079/1079/978 1087/1087/986
f 1085/1085/984 1090/1090/989 1086/1086/985
f 1090/1090/989 1088/1088/987 1086/1086/985
f 1080/1080/979 1088/1088/987 1083/1083/982
f 1088/1088/987 1091/1091/990 1083/1083/982
f 1093/1093/992 844/844/761 1094/1094/993
f 844/844/761 842/842/759 1094/1094/993
f 1095/1095/994 1097/1097/996 1094/1094/993
f 1097/1097/996 1093/1093/992 1094/1094/993
f 1092/1092/991 1099/1099/998 1091/1091/990
f 1099/1099/998 1095/1095/994 1091/1091/990
f 852/852/769 1100/1100/999 1099/1099/998
f 1100/1100/999 1097/1097/996 1099/1099/998
f 1101/1101/1000 1066/1066/965 1104/1104/1003
f 1066/1066/965 1102/1102/1001 1104/1104/1003
f 1106/1106/1005 5151/5151/4913 871/871/786
f 1071/1071/970 1070/1070/969 5152/5152/4914
f 1107/1107/1006 1124/1124/1019 1106/1106/1005
f 1103/1103/1002 1102/1102/1001 1108/1108/1007
f 1112/1112/1011 1105/1105/1004 1110/1110/1009
f 1105/1105/1004 1104/1104/1003 1110/1110/1009
f 1114/1114/1013 1113/1113/1012 1103/1103/1002
f 1113/1113/1012 1110/1110/1009 1103/1103/1002
f 5153/5153/4915 5154/5154/4916 1122/1122/1017
f 5154/5154/4916 1123/1123/1018 1122/1122/1017
f 1107/1107/1006 882/882/795 1122/1122/1017
f 882/882/795 881/881/794 1122/1122/1017
f 1125/1125/1020 1127/1127/1022 1085/1085/984
f 1127/1127/1022 1126/1126/1021 1085/1085/984
f 1126/1126/1021 1131/1131/1026 1090/1090/989
f 1131/1131/1026 1130/1130/1025 1090/1090/989
f 1331/1331/1223 1132/1132/1027 1129/1129/1024
f 5155/5155/4917 5156/5156/4918 5157/5157/4918
f 1331/1331/1223 1333/1333/1225 1132/1132/1027
f 1139/1139/1034 1138/1138/1033 5155/5155/4917
f 1098/1098/997 1092/1092/991 1135/1135/1030
f 1092/1092/991 1130/1130/1025 1135/1135/1030
f 884/884/797 883/883/796 1135/1135/1030
f 883/883/796 1098/1098/997 1135/1135/1030
f 1178/1178/1070 5158/5158/4919 1179/1179/1071
f 1144/1144/1039 1142/1142/1037 1141/1141/1036
f 1143/1143/1038 1133/1133/1028 1142/1142/1037
f 1133/1133/1028 1134/1134/1029 1142/1142/1037
f 1136/1136/1031 1131/1131/1026 1143/1143/1038
f 5159/5159/4920 5160/5160/4920 5161/5161/4920
f 884/884/797 1136/1136/1031 895/895/808
f 1136/1136/1031 1150/1150/1043 895/895/808
f 1151/1151/1044 896/896/809 1150/1150/1043
f 896/896/809 895/895/808 1150/1150/1043
f 1152/1152/1045 1151/1151/1044 1146/1146/1041
f 1151/1151/1044 1144/1144/1039 1146/1146/1041
f 1156/1156/1049 1155/1155/1048 1169/1169/1061
f 1155/1155/1048 1111/1111/1010 1169/1169/1061
f 1113/1113/1012 1153/1153/1046 1111/1111/1010
f 1153/1153/1046 1169/1169/1061 1111/1111/1010
f 1160/1160/1052 1115/1115/1014 1161/1161/1053
f 5162/5162/4921 1159/1159/1051 917/917/822
f 1163/1163/1055 1156/1156/1049 1165/1165/1057
f 1156/1156/1049 1166/1166/1058 1165/1165/1057
f 1172/1172/1064 1168/1168/1060 1160/1160/1052
f 1168/1168/1060 1153/1153/1046 1160/1160/1052
f 1171/1171/1063 1168/1168/1060 1174/1174/1066
f 1168/1168/1060 1172/1172/1064 1174/1174/1066
f 1171/1171/1063 1175/1175/1067 1166/1166/1058
f 1175/1175/1067 1164/1164/1056 1166/1166/1058
f 941/941/840 1167/1167/1059 1174/1174/1066
f 1167/1167/1059 1175/1175/1067 1174/1174/1066
f 1180/1180/1072 1183/1183/1075 1182/1182/1074
f 1183/1183/1075 1189/1189/1081 1182/1182/1074
f 1180/1180/1072 1181/1181/1073 1178/1178/1070
f 1181/1181/1073 1186/1186/1078 1178/1178/1070
f 899/899/812 1152/1152/1045 965/965/864
f 1152/1152/1045 1184/1184/1076 965/965/864
f 1187/1187/1079 1182/1182/1074 1191/1191/1083
f 1182/1182/1074 1188/1188/1080 1191/1191/1083
f 1194/1194/1086 1196/1196/1088 1190/1190/1082
f 1196/1196/1088 1191/1191/1083 1190/1190/1082
f 1194/1194/1086 1193/1193/1085 1197/1197/1089
f 1193/1193/1085 1202/1202/1094 1197/1197/1089
f 1199/1199/1091 1185/1185/1077 1187/1187/1079
f 1185/1185/1077 1181/1181/1073 1187/1187/1079
f 1198/1198/1090 968/968/867 1199/1199/1091
f 968/968/867 970/970/869 1199/1199/1091
f 1200/1200/1092 974/974/873 1198/1198/1090
f 974/974/873 975/975/874 1198/1198/1090
f 1196/1196/1088 1197/1197/1089 1200/1200/1092
f 1197/1197/1089 1201/1201/1093 1200/1200/1092
f 1204/1204/1096 5163/5163/4922 1205/1205/1097
f 972/972/871 974/974/873 1201/1201/1093
f 1218/1218/1110 1211/1211/1103 1207/1207/1099
f 1211/1211/1103 1214/1214/1106 1207/1207/1099
f 987/987/886 999/999/898 1218/1218/1110
f 999/999/898 1209/1209/1101 1218/1218/1110
f 1220/1220/1112 1215/1215/1107 1221/1221/1113
f 5164/5164/4923 1211/1211/1103 1219/1219/1111
f 1219/1219/1111 1209/1209/1101 5165/5165/4924
f 1209/1209/1101 1210/1210/1102 5165/5165/4924
f 1224/1224/1116 1220/1220/1112 1020/1020/919
f 1220/1220/1112 1018/1018/917 1020/1020/919
f 1232/1232/1124 1225/1225/1117 1231/1231/1123
f 1225/1225/1117 1227/1227/1119 1231/1231/1123
f 1236/1236/1128 1227/1227/1119 1237/1237/1129
f 1227/1227/1119 1235/1235/1127 1237/1237/1129
f 1231/1231/1123 1236/1236/1128 1233/1233/1125
f 1236/1236/1128 1238/1238/1130 1233/1233/1125
f 1207/1207/1099 1238/1238/1130 988/988/887
f 1238/1238/1130 1042/1042/941 988/988/887
f 1225/1225/1117 1243/1243/1135 1239/1239/1131
f 1243/1243/1135 1240/1240/1132 1239/1239/1131
f 1277/1277/1169 1279/1279/1171 5166/5166/4925
f 1279/1279/1171 1249/1249/1141 5166/5166/4925
f 1245/1245/1137 1243/1243/1135 1228/1228/1120
f 1243/1243/1135 1232/1232/1124 1228/1228/1120
f 1250/1250/1142 1248/1248/1140 1279/1279/1171
f 1248/1248/1140 1249/1249/1141 1279/1279/1171
f 1050/1050/949 1053/1053/952 1248/1248/1140
f 1053/1053/952 1246/1246/1138 1248/1248/1140
f 1233/1233/1125 1214/1214/1106 1230/1230/1122
f 1214/1214/1106 1213/1213/1105 1230/1230/1122
f 1230/1230/1122 1251/1251/1143 1228/1228/1120
f 1251/1251/1143 1259/1259/1151 1228/1228/1120
f 1216/1216/1108 1255/1255/1147 5167/5167/4926
f 5168/5168/4927 1251/1251/1143 1213/1213/1105
f 1255/1255/1147 1216/1216/1108 1254/1254/1146
f 1216/1216/1108 1252/1252/1144 1254/1254/1146
f 1252/1252/1144 1215/1215/1107 1258/1258/1150
f 1215/1215/1107 1257/1257/1149 1258/1258/1150
f 1262/1262/1154 1256/1256/1148 1260/1260/1152
f 1256/1256/1148 1254/1254/1146 1260/1260/1152
f 1260/1260/1152 1263/1263/1155 1261/1261/1153
f 1263/1263/1155 1269/1269/1161 1261/1261/1153
f 1037/1037/936 1058/1058/957 1223/1223/1115
f 1058/1058/957 1266/1266/1158 1223/1223/1115
f 1223/1223/1115 1264/1264/1156 1224/1224/1116
f 1264/1264/1156 1257/1257/1149 1224/1224/1116
f 1265/1265/1157 1264/1264/1156 1267/1267/1159
f 1264/1264/1156 1266/1266/1158 1267/1267/1159
f 1265/1265/1157 1268/1268/1160 1258/1258/1150
f 1268/1268/1160 1263/1263/1155 1258/1258/1150
f 1272/1272/1164 1270/1270/1162 1271/1271/1163
f 1270/1270/1162 1268/1268/1160 1271/1271/1163
f 1067/1067/966 1271/1271/1163 1068/1068/967
f 1271/1271/1163 1267/1267/1159 1068/1068/967
f 1278/1278/1170 1277/1277/1169 1282/1282/1174
f 1277/1277/1169 1280/1280/1172 1282/1282/1174
f 1050/1050/949 1250/1250/1142 1077/1077/976
f 1250/1250/1142 1286/1286/1178 1077/1077/976
f 1284/1284/1176 1290/1290/1182 1278/1278/1170
f 1290/1290/1182 1285/1285/1177 1278/1278/1170
f 1290/1290/1182 1287/1287/1179 1285/1285/1177
f 1287/1287/1179 1286/1286/1178 1285/1285/1177
f 1273/1273/1165 1282/1282/1174 1274/1274/1166
f 1282/1282/1174 1281/1281/1173 1274/1274/1166
f 1284/1284/1176 1273/1273/1165 1288/1288/1180
f 1273/1273/1165 1276/1276/1168 1288/1288/1180
f 1292/1292/1184 1291/1291/1183 1289/1289/1181
f 1291/1291/1183 1288/1288/1180 1289/1289/1181
f 1084/1084/983 1087/1087/986 1291/1291/1183
f 1087/1087/986 1287/1287/1179 1291/1291/1183
f 1295/1295/1187 1294/1294/1186 1270/1270/1162
f 1294/1294/1186 1269/1269/1161 1270/1270/1162
f 1294/1294/1186 1296/1296/1188 1293/1293/1185
f 1296/1296/1188 1306/1306/1198 1293/1293/1185
f 1299/1299/1191 1296/1296/1188 1297/1297/1189
f 1296/1296/1188 1295/1295/1187 1297/1297/1189
f 1067/1067/966 1101/1101/1000 1272/1272/1164
f 1101/1101/1000 1301/1301/1193 1272/1272/1164
f 1302/1302/1194 1297/1297/1189 1105/1105/1004
f 1297/1297/1189 1301/1301/1193 1105/1105/1004
f 1303/1303/1195 1305/1305/1197 1299/1299/1191
f 1305/1305/1197 1307/1307/1199 1299/1299/1191
f 1304/1304/1196 1303/1303/1195 1310/1310/1202
f 1303/1303/1195 1308/1308/1200 1310/1310/1202
f 1309/1309/1201 1308/1308/1200 1112/1112/1011
f 1308/1308/1200 1302/1302/1194 1112/1112/1011
f 1312/1312/1204 1311/1311/1203 1313/1313/1205
f 1311/1311/1203 1275/1275/1167 1313/1313/1205
f 1318/1318/1210 1289/1289/1181 1311/1311/1203
f 1289/1289/1181 1276/1276/1168 1311/1311/1203
f 1319/1319/1211 1321/1321/1213 1317/1317/1209
f 1321/1321/1213 1318/1318/1210 1317/1317/1209
f 1084/1084/983 1292/1292/1184 1125/1125/1020
f 1292/1292/1184 1323/1323/1215 1125/1125/1020
f 1324/1324/1216 1129/1129/1024 1321/1321/1213
f 1129/1129/1024 1323/1323/1215 1321/1321/1213
f 1316/1316/1208 1325/1325/1217 1312/1312/1204
f 1325/1325/1217 1317/1317/1209 1312/1312/1204
f 1326/1326/1218 1328/1328/1220 1319/1319/1211
f 1328/1328/1220 1320/1320/1212 1319/1319/1211
f 1327/1327/1219 5169/5169/4928 1328/1328/1220
f 5169/5169/4928 1330/1330/1222 1328/1328/1220
f 1320/1320/1212 1329/1329/1221 1324/1324/1216
f 1329/1329/1221 1332/1332/1224 1324/1324/1216
f 1336/1336/1228 1335/1335/1227 1344/1344/1236
f 1335/1335/1227 1340/1340/1232 1344/1344/1236
f 1342/1342/1234 5170/5170/4929 1335/1335/1227
f 5171/5171/4930 5172/5172/4930 5173/5173/4930
f 1345/1345/1237 5174/5174/4931 1343/1343/1235
f 5174/5174/4931 5175/5175/4932 1343/1343/1235
f 1343/1343/1235 5175/5175/4932 1346/1346/1238
f 1366/1366/1258 1365/1365/1257 1387/1387/1279
f 1336/1336/1228 1346/1346/1238 1334/1334/1226
f 1387/1387/1279 1350/1350/1242 1352/1352/1244
f 1333/1333/1225 1332/1332/1224 1349/1349/1241
f 5176/5176/4933 1342/1342/1234 1348/1348/1240
f 1179/1179/1071 5177/5177/4934 1351/1351/1243
f 5177/5177/4934 1352/1352/1244 1351/1351/1243
f 1304/1304/1196 1356/1356/1248 1305/1305/1197
f 1356/1356/1248 1354/1354/1246 1305/1305/1197
f 1371/1371/1263 1357/1357/1249 1358/1358/1250
f 1357/1357/1249 1356/1356/1248 1358/1358/1250
f 1359/1359/1251 1310/1310/1202 1155/1155/1048
f 1310/1310/1202 1309/1309/1201 1155/1155/1048
f 1360/1360/1252 1371/1371/1263 1359/1359/1251
f 1371/1371/1263 1358/1358/1250 1359/1359/1251
f 1366/1366/1258 5178/5178/4935 5179/5179/4936
f 5178/5178/4935 5180/5180/4937 5179/5179/4936
f 5179/5179/4936 1364/1364/1256 1366/1366/1258
f 1364/1364/1256 1362/1362/1254 1366/1366/1258
f 1365/1365/1257 1362/1362/1254 1373/1373/1265
f 1362/1362/1254 1361/1361/1253 1373/1373/1265
f 1374/1374/1266 1361/1361/1253 1389/1389/1281
f 1361/1361/1253 1368/1368/1260 1389/1389/1281
f 1375/1375/1267 1369/1369/1261 1163/1163/1055
f 1369/1369/1261 1360/1360/1252 1163/1163/1055
f 1388/1388/1280 1183/1183/1075 1350/1350/1242
f 1183/1183/1075 1351/1351/1243 1350/1350/1242
f 1372/1372/1264 1374/1374/1266 1188/1188/1080
f 1374/1374/1266 1190/1190/1082 1188/1188/1080
f 1372/1372/1264 1189/1189/1081 1373/1373/1265
f 1189/1189/1081 1388/1388/1280 1373/1373/1265
f 1393/1393/1285 1391/1391/1283 1394/1394/1286
f 1391/1391/1283 1390/1390/1282 1394/1394/1286
f 1396/1396/1288 1403/1403/1295 1398/1398/1290
f 1403/1403/1295 1413/1413/1305 1398/1398/1290
f 1391/1391/1283 1399/1399/1291 1396/1396/1288
f 1399/1399/1291 1403/1403/1295 1396/1396/1288
f 1240/1240/1132 1401/1401/1293 1400/1400/1292
f 1401/1401/1293 1393/1393/1285 1400/1400/1292
f 1401/1401/1293 1245/1245/1137 1399/1399/1291
f 1245/1245/1137 1402/1402/1294 1399/1399/1291
f 1411/1411/1303 1443/1443/1335 1409/1409/1301
f 1443/1443/1335 1415/1415/1307 1409/1409/1301
f 1244/1244/1136 1259/1259/1151 5181/5181/4938
f 1259/1259/1151 5182/5182/4939 5181/5181/4938
f 1244/1244/1136 5181/5181/4938 1402/1402/1294
f 5181/5181/4938 1412/1412/1304 1402/1402/1294
f 1418/1418/1310 1414/1414/1306 1417/1417/1309
f 1414/1414/1306 1409/1409/1301 1417/1417/1309
f 1417/1417/1309 1407/1407/1299 1262/1262/1154
f 1407/1407/1299 1256/1256/1148 1262/1262/1154
f 1420/1420/1312 1424/1424/1316 1594/1594/1484
f 1424/1424/1316 1438/1438/1330 1594/1594/1484
f 1594/1594/1484 1432/1432/1324 1420/1420/1312
f 1432/1432/1324 1421/1421/1313 1420/1420/1312
f 1430/1430/1322 1423/1423/1315 1431/1431/1323
f 1423/1423/1315 1421/1421/1313 1431/1431/1323
f 1427/1427/1319 1436/1436/1328 1428/1428/1320
f 1436/1436/1328 1434/1434/1326 1428/1428/1320
f 1433/1433/1325 1434/1434/1326 1450/1450/1340
f 1434/1434/1326 1437/1437/1329 1450/1450/1340
f 1435/1435/1327 1275/1275/1167 1437/1437/1329
f 1275/1275/1167 1274/1274/1166 1437/1437/1329
f 1422/1422/1314 1395/1395/1287 1424/1424/1316
f 1395/1395/1287 1394/1394/1286 1424/1424/1316
f 1444/1444/1336 1395/1395/1287 1425/1425/1317
f 1395/1395/1287 1422/1422/1314 1425/1425/1317
f 5183/5183/4940 5184/5184/4940 5185/5185/4940
f 1283/1283/1175 1400/1400/1292 1444/1444/1336
f 1410/1410/1302 1455/1455/1345 1411/1411/1303
f 1455/1455/1345 1451/1451/1341 1411/1411/1303
f 1455/1455/1345 1410/1410/1302 1454/1454/1344
f 1410/1410/1302 1452/1452/1342 1454/1454/1344
f 1452/1452/1342 1414/1414/1306 1458/1458/1348
f 1414/1414/1306 1457/1457/1347 1458/1458/1348
f 1261/1261/1153 1293/1293/1185 1418/1418/1310
f 1293/1293/1185 1457/1457/1347 1418/1418/1310
f 1461/1461/1351 1456/1456/1346 1459/1459/1349
f 1456/1456/1346 1454/1454/1344 1459/1459/1349
f 1459/1459/1349 1462/1462/1352 1460/1460/1350
f 1462/1462/1352 1466/1466/1356 1460/1460/1350
f 1464/1464/1354 1465/1465/1355 1458/1458/1348
f 1465/1465/1355 1462/1462/1352 1458/1458/1348
f 1469/1469/1359 1467/1467/1357 1468/1468/1358
f 1467/1467/1357 1465/1465/1355 1468/1468/1358
f 1306/1306/1198 1307/1307/1199 1464/1464/1354
f 1307/1307/1199 1468/1468/1358 1464/1464/1354
f 1427/1427/1319 1426/1426/1318 1473/1473/1363
f 1429/1429/1321 1651/1651/1541 5186/5186/4941
f 1482/1482/1372 1475/1475/1365 1474/1474/1364
f 1475/1475/1365 1473/1473/1363 1474/1474/1364
f 1476/1476/1366 1313/1313/1205 1436/1436/1328
f 1313/1313/1205 1435/1435/1327 1436/1436/1328
f 1477/1477/1367 1476/1476/1366 1482/1482/1372
f 1476/1476/1366 1475/1475/1365 1482/1482/1372
f 1480/1480/1370 1474/1474/1364 1478/1478/1368
f 1474/1474/1364 1481/1481/1371 1478/1478/1368
f 1479/1479/1369 1485/1485/1375 1480/1480/1370
f 1485/1485/1375 1483/1483/1373 1480/1480/1370
f 1484/1484/1374 1315/1315/1207 1483/1483/1373
f 1315/1315/1207 1477/1477/1367 1483/1483/1373
f 1486/1486/1376 1316/1316/1208 1484/1484/1374
f 1316/1316/1208 1315/1315/1207 1484/1484/1374
f 1488/1488/1378 1487/1487/1377 1489/1489/1379
f 1487/1487/1377 1490/1490/1380 1489/1489/1379
f 1489/1489/1379 1326/1326/1218 1488/1488/1378
f 1326/1326/1218 1325/1325/1217 1488/1488/1378
f 5187/5187/4942 5169/5169/4928 1491/1491/1381
f 5169/5169/4928 1327/1327/1219 1491/1491/1381
f 1495/1495/1385 1494/1494/1384 1492/1492/1382
f 1494/1494/1384 1460/1460/1350 1492/1492/1382
f 1496/1496/1386 1495/1495/1385 1687/1687/1577
f 1495/1495/1385 1514/1514/1404 1687/1687/1577
f 1500/1500/1390 1499/1499/1389 1515/1515/1405
f 1499/1499/1389 1557/1557/1447 1515/1515/1405
f 1503/1503/1393 1502/1502/1392 1505/1505/1395
f 1502/1502/1392 1563/1563/1453 1505/1505/1395
f 1505/1505/1395 1504/1504/1394 1503/1503/1393
f 1344/1344/1236 1340/1340/1232 5188/5188/4943
f 1563/1563/1453 1498/1498/1388 1505/1505/1395
f 1498/1498/1388 1497/1497/1387 1505/1505/1395
f 1505/1505/1395 1497/1497/1387 1506/1506/1396
f 1497/1497/1387 1507/1507/1397 1506/1506/1396
f 1510/1510/1400 1492/1492/1382 1467/1467/1357
f 1492/1492/1382 1466/1466/1356 1467/1467/1357
f 1516/1516/1406 5189/5189/4944 1518/1518/1408
f 1510/1510/1400 1512/1512/1402 1513/1513/1403
f 1353/1353/1245 1512/1512/1402 1354/1354/1246
f 1512/1512/1402 1469/1469/1359 1354/1354/1246
f 1516/1516/1406 1518/1518/1408 1500/1500/1390
f 1518/1518/1408 1507/1507/1397 1500/1500/1390
f 1519/1519/1409 1521/1521/1411 1479/1479/1369
f 1521/1521/1411 1520/1520/1410 1479/1479/1369
f 1520/1520/1410 1525/1525/1415 1485/1485/1375
f 1525/1525/1415 1524/1524/1414 1485/1485/1375
f 1528/1528/1418 1522/1522/1412 1529/1529/1419
f 1522/1522/1412 1521/1521/1411 1529/1529/1419
f 1528/1528/1418 1532/1532/1422 1522/1522/1412
f 1532/1532/1422 1531/1531/1421 1522/1522/1412
f 1487/1487/1377 1486/1486/1376 1534/1534/1424
f 1486/1486/1376 1524/1524/1414 1534/1534/1424
f 1535/1535/1425 1536/1536/1426 1534/1534/1424
f 1536/1536/1426 1533/1533/1423 1534/1534/1424
f 1533/1533/1423 1381/1381/1273 1490/1490/1380
f 1381/1381/1273 1380/1380/1272 1490/1490/1380
f 5190/5190/4945 5191/5191/4945 5192/5192/4945
f 5193/5193/4946 1378/1378/1270 1377/1377/1269
f 1537/1537/1427 1539/1539/1429 1530/1530/1420
f 1539/1539/1429 1540/1540/1430 1530/1530/1420
f 1544/1544/1434 1546/1546/1436 1541/1541/1431
f 1546/1546/1436 1542/1542/1432 1541/1541/1431
f 1576/1576/1466 1546/1546/1436 1550/1550/1440
f 1546/1546/1436 1545/1545/1435 1550/1550/1440
f 1535/1535/1425 1525/1525/1415 1540/1540/1430
f 1525/1525/1415 1531/1531/1421 1540/1540/1430
f 1548/1548/1438 1382/1382/1274 1536/1536/1426
f 1382/1382/1274 1381/1381/1273 1536/1536/1426
f 1549/1549/1439 1545/1545/1435 1383/1383/1275
f 1545/1545/1435 1551/1551/1441 1383/1383/1275
f 1565/1565/1455 1554/1554/1444 1561/1561/1451
f 1554/1554/1444 1555/1555/1445 1561/1561/1451
f 1558/1558/1448 1560/1560/1450 1556/1556/1446
f 1560/1560/1450 1555/1555/1445 1556/1556/1446
f 1558/1558/1448 1499/1499/1389 1560/1560/1450
f 1499/1499/1389 1498/1498/1388 1560/1560/1450
f 1385/1385/1277 1562/1562/1452 1377/1377/1269
f 1562/1562/1452 1502/1502/1392 1377/1377/1269
f 1564/1564/1454 1561/1561/1451 1385/1385/1277
f 1561/1561/1451 1562/1562/1452 1385/1385/1277
f 1541/1541/1431 1543/1543/1433 1554/1554/1444
f 1543/1543/1433 1552/1552/1442 1554/1554/1444
f 1565/1565/1455 1564/1564/1454 1544/1544/1434
f 1564/1564/1454 1551/1551/1441 1544/1544/1434
f 1569/1569/1459 1568/1568/1458 1532/1532/1422
f 1568/1568/1458 1530/1530/1420 1532/1532/1422
f 1567/1567/1457 1571/1571/1461 1569/1569/1459
f 1571/1571/1461 1570/1570/1460 1569/1569/1459
f 1579/1579/1469 1537/1537/1427 1574/1574/1464
f 1537/1537/1427 1568/1568/1458 1574/1574/1464
f 1580/1580/1470 1583/1583/1473 1542/1542/1432
f 1583/1583/1473 1590/1590/1480 1542/1542/1432
f 1580/1580/1470 1576/1576/1466 1581/1581/1471
f 1576/1576/1466 1575/1575/1465 1581/1581/1471
f 1573/1573/1463 1586/1586/1476 1570/1570/1460
f 1586/1586/1476 1574/1574/1464 1570/1570/1460
f 1587/1587/1477 1583/1583/1473 1585/1585/1475
f 1583/1583/1473 1581/1581/1471 1585/1585/1475
f 1605/1605/1495 1599/1599/1489 1603/1603/1493
f 1599/1599/1489 1601/1601/1491 1603/1603/1493
f 1606/1606/1496 1607/1607/1497 1604/1604/1494
f 1607/1607/1497 1602/1602/1492 1604/1604/1494
f 1597/1597/1487 1607/1607/1497 1432/1432/1324
f 1607/1607/1497 1431/1431/1323 1432/1432/1324
f 1602/1602/1492 1597/1597/1487 1605/1605/1495
f 1597/1597/1487 1598/1598/1488 1605/1605/1495
f 1390/1390/1282 1591/1591/1481 1439/1439/1331
f 1591/1591/1481 1613/1613/1503 1439/1439/1331
f 1609/1609/1499 1598/1598/1488 1610/1610/1500
f 1598/1598/1488 1612/1612/1502 1610/1610/1500
f 1613/1613/1503 1612/1612/1502 1439/1439/1331
f 1612/1612/1502 1438/1438/1330 1439/1439/1331
f 1614/1614/1504 1591/1591/1481 1615/1615/1505
f 1591/1591/1481 1593/1593/1483 1615/1615/1505
f 1398/1398/1290 5194/5194/4947 1593/1593/1483
f 1440/1440/1332 1628/1628/1518 5195/5195/4948
f 1610/1610/1500 1614/1614/1504 1611/1611/1501
f 1614/1614/1504 1616/1616/1506 1611/1611/1501
f 1609/1609/1499 1608/1608/1498 1599/1599/1489
f 1608/1608/1498 1617/1617/1507 1599/1599/1489
f 1618/1618/1508 1608/1608/1498 1619/1619/1509
f 1608/1608/1498 1611/1611/1501 1619/1619/1509
f 1623/1623/1513 1624/1624/1514 1621/1621/1511
f 1624/1624/1514 1636/1636/1526 1621/1621/1511
f 1627/1627/1517 1629/1629/1519 1451/1451/1341
f 1629/1629/1519 1440/1440/1332 1451/1451/1341
f 1630/1630/1520 1629/1629/1519 1631/1631/1521
f 1629/1629/1519 1627/1627/1517 1631/1631/1521
f 1634/1634/1524 1636/1636/1526 1632/1632/1522
f 1636/1636/1526 1635/1635/1525 1632/1632/1522
f 1630/1630/1520 1635/1635/1525 1626/1626/1516
f 1635/1635/1525 1624/1624/1514 1626/1626/1516
f 1640/1640/1530 1637/1637/1527 1639/1639/1529
f 1637/1637/1527 1632/1632/1522 1639/1639/1529
f 1639/1639/1529 1631/1631/1521 1461/1461/1351
f 1631/1631/1521 1456/1456/1346 1461/1461/1351
f 1645/1645/1535 1646/1646/1536 1603/1603/1493
f 1646/1646/1536 1604/1604/1494 1603/1603/1493
f 1647/1647/1537 1641/1641/1531 1646/1646/1536
f 1641/1641/1531 1643/1643/1533 1646/1646/1536
f 1644/1644/1534 1658/1658/1548 1645/1645/1535
f 1658/1658/1548 1647/1647/1537 1645/1645/1535
f 1429/1429/1321 1606/1606/1496 1651/1651/1541
f 1606/1606/1496 1649/1649/1539 1651/1651/1541
f 1648/1648/1538 1650/1650/1540 1643/1643/1533
f 1650/1650/1540 1649/1649/1539 1643/1643/1533
f 1641/1641/1531 1657/1657/1547 1653/1653/1543
f 1657/1657/1547 1654/1654/1544 1653/1653/1543
f 1655/1655/1545 5196/5196/4949 1653/1653/1543
f 1694/1694/1584 1659/1659/1549 5197/5197/4950
f 1662/1662/1552 1660/1660/1550 1694/1694/1584
f 1660/1660/1550 1659/1659/1549 1694/1694/1584
f 1471/1471/1361 1661/1661/1551 1481/1481/1371
f 1661/1661/1551 1660/1660/1550 1481/1481/1371
f 1666/1666/1556 1665/1665/1555 1663/1663/1553
f 1665/1665/1555 1621/1621/1511 1663/1663/1553
f 1670/1670/1560 1669/1669/1559 1634/1634/1524
f 1669/1669/1559 1663/1663/1553 1634/1634/1524
f 1679/1679/1569 1671/1671/1561 1672/1672/1562
f 1671/1671/1561 1670/1670/1560 1672/1672/1562
f 1673/1673/1563 1637/1637/1527 1494/1494/1384
f 1637/1637/1527 1640/1640/1530 1494/1494/1384
f 1674/1674/1564 1679/1679/1569 1673/1673/1563
f 1679/1679/1569 1672/1672/1562 1673/1673/1563
f 1678/1678/1568 1677/1677/1567 1680/1680/1570
f 1677/1677/1567 1713/1713/1603 1680/1680/1570
f 1668/1668/1558 1666/1666/1556 1675/1675/1565
f 1666/1666/1556 1669/1669/1559 1675/1675/1565
f 1680/1680/1570 1713/1713/1603 1671/1671/1561
f 1713/1713/1603 1675/1675/1565 1671/1671/1561
f 5198/5198/4951 1678/1678/1568 1686/1686/1576
f 1678/1678/1568 1681/1681/1571 1686/1686/1576
f 1686/1686/1576 1681/1681/1571 1496/1496/1386
f 1681/1681/1571 1674/1674/1564 1496/1496/1386
f 1693/1693/1583 1692/1692/1582 1698/1698/1588
f 1692/1692/1582 5199/5199/4952 1698/1698/1588
f 1478/1478/1368 1662/1662/1552 1519/1519/1409
f 1662/1662/1552 1701/1701/1591 1519/1519/1409
f 1699/1699/1589 1705/1705/1595 1693/1693/1583
f 1705/1705/1595 1700/1700/1590 1693/1693/1583
f 1705/1705/1595 1702/1702/1592 1700/1700/1590
f 1702/1702/1592 1701/1701/1591 1700/1700/1590
f 1688/1688/1578 1698/1698/1588 1689/1689/1579
f 1698/1698/1588 5200/5200/4953 1689/1689/1579
f 1699/1699/1589 1688/1688/1578 1703/1703/1593
f 1688/1688/1578 1691/1691/1581 1703/1703/1593
f 1707/1707/1597 1706/1706/1596 1704/1704/1594
f 1706/1706/1596 1703/1703/1593 1704/1704/1594
f 1526/1526/1416 1529/1529/1419 1706/1706/1596
f 1529/1529/1419 1702/1702/1592 1706/1706/1596
f 1709/1709/1599 1712/1712/1602 1677/1677/1567
f 1712/1712/1602 1711/1711/1601 1677/1677/1567
f 1685/1685/1575 1684/1684/1574 5201/5201/4954
f 5202/5202/4955 1556/1556/1446 1553/1553/1443
f 1728/1728/1618 5203/5203/4956 1716/1716/1606
f 5203/5203/4956 1717/1717/1607 1716/1716/1606
f 1552/1552/1442 1717/1717/1607 1553/1553/1443
f 1717/1717/1607 5204/5204/4957 1553/1553/1443
f 1714/1714/1604 1726/1726/1616 1712/1712/1602
f 1726/1726/1616 1725/1725/1615 1712/1712/1602
f 1723/1723/1613 1722/1722/1612 1730/1730/1620
f 1722/1722/1612 1729/1729/1619 1730/1730/1620
f 1543/1543/1433 1708/1708/1598 1716/1716/1606
f 1708/1708/1598 1729/1729/1619 1716/1716/1606
f 1738/1738/1628 1704/1704/1594 1732/1732/1622
f 1704/1704/1594 1691/1691/1581 1732/1732/1622
f 1732/1732/1622 1731/1731/1621 1737/1737/1627
f 1731/1731/1621 1910/1910/1800 1737/1737/1627
f 1739/1739/1629 1741/1741/1631 1737/1737/1627
f 1741/1741/1631 1738/1738/1628 1737/1737/1627
f 1526/1526/1416 1707/1707/1597 1567/1567/1457
f 1707/1707/1597 1743/1743/1633 1567/1567/1457
f 1744/1744/1634 1571/1571/1461 1741/1741/1631
f 1571/1571/1461 1743/1743/1633 1741/1741/1631
f 1776/1776/1666 1746/1746/1636 1747/1747/1637
f 1746/1746/1636 1745/1745/1635 1747/1747/1637
f 1733/1733/1623 1737/1737/1627 1734/1734/1624
f 1737/1737/1627 1910/1910/1800 1734/1734/1624
f 1737/1737/1627 1733/1733/1623 1739/1739/1629
f 1733/1733/1623 1745/1745/1635 1739/1739/1629
f 1776/1776/1666 1750/1750/1640 1746/1746/1636
f 1750/1750/1640 1748/1748/1638 1746/1746/1636
f 1749/1749/1639 1572/1572/1462 1748/1748/1638
f 1572/1572/1462 1744/1744/1634 1748/1748/1638
f 1762/1762/1652 1573/1573/1463 1749/1749/1639
f 1573/1573/1463 1572/1572/1462 1749/1749/1639
f 1758/1758/1648 1760/1760/1650 1755/1755/1645
f 1760/1760/1650 1756/1756/1646 1755/1755/1645
f 1752/1752/1642 1760/1760/1650 1753/1753/1643
f 1760/1760/1650 1759/1759/1649 1753/1753/1643
f 1763/1763/1653 1799/1799/1689 1753/1753/1643
f 1799/1799/1689 1754/1754/1644 1753/1753/1643
f 1764/1764/1654 1585/1585/1475 1763/1763/1653
f 1585/1585/1475 1584/1584/1474 1763/1763/1653
f 1764/1764/1654 1759/1759/1649 1587/1587/1477
f 1759/1759/1649 1765/1765/1655 1587/1587/1477
f 1766/1766/1656 1769/1769/1659 1723/1723/1613
f 1769/1769/1659 1768/1768/1658 1723/1723/1613
f 1708/1708/1598 1590/1590/1480 1730/1730/1620
f 1590/1590/1480 1771/1771/1661 1730/1730/1620
f 1770/1770/1660 1766/1766/1656 1772/1772/1662
f 1766/1766/1656 1771/1771/1661 1772/1772/1662
f 1755/1755/1645 1757/1757/1647 1769/1769/1659
f 1757/1757/1647 1767/1767/1657 1769/1769/1659
f 1770/1770/1660 1772/1772/1662 1758/1758/1648
f 1772/1772/1662 1765/1765/1655 1758/1758/1648
f 1774/1774/1664 1773/1773/1663 1778/1778/1668
f 1773/1773/1663 1788/1788/1678 1778/1778/1668
f 1775/1775/1665 1747/1747/1637 1778/1778/1668
f 1747/1747/1637 1774/1774/1664 1778/1778/1668
f 5205/5205/4958 5206/5206/4958 5207/5207/4958
f 1776/1776/1666 1775/1775/1665 1782/1782/1672
f 1784/1784/1674 1783/1783/1673 1776/1776/1666
f 1783/1783/1673 1750/1750/1640 1776/1776/1666
f 1956/1956/1846 1786/1786/1676 1790/1790/1680
f 1786/1786/1676 1782/1782/1672 1790/1790/1680
f 1801/1801/1691 1779/1779/1669 1754/1754/1644
f 1779/1779/1669 1751/1751/1641 1754/1754/1644
f 1794/1794/1684 1751/1751/1641 1793/1793/1683
f 1751/1751/1641 1779/1779/1669 1793/1793/1683
f 1796/1796/1686 1752/1752/1642 1798/1798/1688
f 1752/1752/1642 1794/1794/1684 1798/1798/1688
f 1797/1797/1687 1796/1796/1686 1804/1804/1694
f 1796/1796/1686 1798/1798/1688 1804/1804/1694
f 1792/1792/1682 1802/1802/1692 1781/1781/1671
f 5208/5208/4959 5209/5209/4959 5210/5210/4959
f 1806/1806/1696 1810/1810/1700 1807/1807/1697
f 1810/1810/1700 1809/1809/1699 1807/1807/1697
f 1810/1810/1700 1806/1806/1696 1618/1618/1508
f 1806/1806/1696 1617/1617/1507 1618/1618/1508
f 1805/1805/1695 1814/1814/1704 1601/1601/1491
f 1814/1814/1704 1644/1644/1534 1601/1601/1491
f 1818/1818/1708 1817/1817/1707 1823/1823/1713
f 1817/1817/1707 1824/1824/1714 1823/1823/1713
f 1654/1654/1544 1826/1826/1716 1825/1825/1715
f 1826/1826/1716 1817/1817/1707 1825/1825/1715
f 1815/1815/1705 1826/1826/1716 1658/1658/1548
f 1826/1826/1716 1657/1657/1547 1658/1658/1548
f 1824/1824/1714 1815/1815/1705 1821/1821/1711
f 1815/1815/1705 1816/1816/1706 1821/1821/1711
f 1807/1807/1697 1832/1832/1722 1805/1805/1695
f 1832/1832/1722 1814/1814/1704 1805/1805/1695
f 1828/1828/1718 1816/1816/1706 1829/1829/1719
f 1816/1816/1706 1832/1832/1722 1829/1829/1719
f 5211/5211/4960 1833/1833/1723 1664/1664/1554
f 1833/1833/1723 1665/1665/1555 1664/1664/1554
f 1835/1835/1725 1834/1834/1724 1664/1664/1554
f 1829/1829/1719 1831/1831/1721 5212/5212/4961
f 1873/1873/1763 5213/5213/4962 1840/1840/1730
f 1839/1839/1729 1838/1838/1728 1837/1837/1727
f 1828/1828/1718 1838/1838/1728 1821/1821/1711
f 1838/1838/1728 1822/1822/1712 1821/1821/1711
f 1873/1873/1763 1840/1840/1730 1844/1844/1734
f 1840/1840/1730 1842/1842/1732 1844/1844/1734
f 1843/1843/1733 1842/1842/1732 1667/1667/1557
f 1842/1842/1732 1835/1835/1725 1667/1667/1557
f 1847/1847/1737 1843/1843/1733 1668/1668/1558
f 1843/1843/1733 1667/1667/1557 1668/1668/1558
f 1862/1862/1752 1849/1849/1739 1855/1855/1745
f 1849/1849/1739 1850/1850/1740 1855/1855/1745
f 1852/1852/1742 1854/1854/1744 1818/1818/1708
f 1854/1854/1744 1850/1850/1740 1818/1818/1708
f 1852/1852/1742 1823/1823/1713 1853/1853/1743
f 1823/1823/1713 1822/1822/1712 1853/1853/1743
f 1862/1862/1752 1857/1857/1747 1849/1849/1739
f 1857/1857/1747 1856/1856/1746 1849/1849/1739
f 1696/1696/1586 1695/1695/1585 1856/1856/1746
f 1695/1695/1585 1825/1825/1715 1856/1856/1746
f 1855/1855/1745 1863/1863/1753 1858/1858/1748
f 1863/1863/1753 1859/1859/1749 1858/1858/1748
f 1860/1860/1750 1902/1902/1792 1858/1858/1748
f 1902/1902/1792 1861/1861/1751 1858/1858/1748
f 1865/1865/1755 1863/1863/1753 1851/1851/1741
f 1863/1863/1753 1854/1854/1744 1851/1851/1741
f 1689/1689/1579 5214/5214/4963 1848/1848/1738
f 1857/1857/1747 1861/1861/1751 5215/5215/4964
f 1853/1853/1743 1869/1869/1759 1851/1851/1741
f 5216/5216/4965 5217/5217/4965 5218/5218/4965
f 1873/1873/1763 1874/1874/1764 5213/5213/4962
f 2075/2075/1965 1869/1869/1759 1839/1839/1729
f 1871/1871/1761 1873/1873/1763 1875/1875/1765
f 1873/1873/1763 1844/1844/1734 1875/1875/1765
f 1874/1874/1764 1871/1871/1761 1879/1879/1769
f 1871/1871/1761 1870/1870/1760 1879/1879/1769
f 1878/1878/1768 1870/1870/1760 1881/1881/1771
f 1870/1870/1760 1882/1882/1772 1881/1881/1771
f 1846/1846/1736 1887/1887/1777 1847/1847/1737
f 1887/1887/1777 1876/1876/1766 1847/1847/1737
f 1887/1887/1777 1883/1883/1773 1876/1876/1766
f 1883/1883/1773 1875/1875/1765 1876/1876/1766
f 1885/1885/1775 1883/1883/1773 1886/1886/1776
f 1883/1883/1773 1887/1887/1777 1886/1886/1776
f 1710/1710/1600 1887/1887/1777 1711/1711/1601
f 1887/1887/1777 1846/1846/1736 1711/1711/1601
f 1885/1885/1775 1888/1888/1778 1882/1882/1772
f 1888/1888/1778 1880/1880/1770 1882/1882/1772
f 1891/1891/1781 1889/1889/1779 1890/1890/1780
f 1889/1889/1779 1888/1888/1778 1890/1890/1780
f 1710/1710/1600 1725/1725/1615 1886/1886/1776
f 1725/1725/1615 1890/1890/1780 1886/1886/1776
f 1898/1898/1788 1892/1892/1782 1896/1896/1786
f 1892/1892/1782 1894/1894/1784 1896/1896/1786
f 1899/1899/1789 1735/1735/1625 1900/1900/1790
f 1735/1735/1625 1734/1734/1624 1900/1900/1790
f 1901/1901/1791 1860/1860/1750 1905/1905/1795
f 1860/1860/1750 1903/1903/1793 1905/1905/1795
f 1848/1848/1738 1867/1867/1757 1731/1731/1621
f 1867/1867/1757 1909/1909/1799 1731/1731/1621
f 1907/1907/1797 1911/1911/1801 1908/1908/1798
f 1911/1911/1801 1909/1909/1799 1908/1908/1798
f 5219/5219/4966 1905/1905/1795 2109/2109/1999
f 1905/1905/1795 1904/1904/1794 2109/2109/1999
f 1907/1907/1797 1898/1898/1788 1911/1911/1801
f 1898/1898/1788 1900/1900/1790 1911/1911/1801
f 1915/1915/1805 1913/1913/1803 1889/1889/1779
f 1913/1913/1803 1880/1880/1770 1889/1889/1779
f 1913/1913/1803 1916/1916/1806 1912/1912/1802
f 1916/1916/1806 1925/1925/1815 1912/1912/1802
f 1917/1917/1807 1915/1915/1805 5220/5220/4967
f 1915/1915/1805 1919/1919/1809 5220/5220/4967
f 1767/1767/1657 1921/1921/1811 1768/1768/1658
f 1919/1919/1809 1891/1891/1781 1918/1918/1808
f 1917/1917/1807 1927/1927/1817 1916/1916/1806
f 1927/1927/1817 1926/1926/1816 1916/1916/1806
f 1923/1923/1813 1922/1922/1812 1931/1931/1821
f 1922/1922/1812 1930/1930/1820 1931/1931/1821
f 1757/1757/1647 1914/1914/1804 1920/1920/1810
f 1914/1914/1804 1930/1930/1820 1920/1920/1810
f 1933/1933/1823 1934/1934/1824 1896/1896/1786
f 1934/1934/1824 1897/1897/1787 1896/1896/1786
f 1932/1932/1822 1943/1943/1833 1933/1933/1823
f 1943/1943/1833 1935/1935/1825 1933/1933/1823
f 1934/1934/1824 1938/1938/1828 1897/1897/1787
f 1938/1938/1828 1937/1937/1827 1897/1897/1787
f 1735/1735/1625 1899/1899/1789 1773/1773/1663
f 1899/1899/1789 1937/1937/1827 1773/1773/1663
f 1941/1941/1831 1936/1936/1826 1942/1942/1832
f 1936/1936/1826 1935/1935/1825 1942/1942/1832
f 1940/1940/1830 1946/1946/1836 1941/1941/1831
f 1946/1946/1836 1944/1944/1834 1941/1941/1831
f 1936/1936/1826 1944/1944/1834 1938/1938/1828
f 1944/1944/1834 1947/1947/1837 1938/1938/1828
f 1788/1788/1678 1950/1950/1840 1789/1789/1679
f 1950/1950/1840 1952/1952/1842 1789/1789/1679
f 1948/1948/1838 1952/1952/1842 1947/1947/1837
f 1952/1952/1842 1950/1950/1840 1947/1947/1837
f 1952/1952/1842 1951/1951/1841 1953/1953/1843
f 1951/1951/1841 1954/1954/1844 1953/1953/1843
f 1953/1953/1843 1790/1790/1680 1952/1952/1842
f 1790/1790/1680 1789/1789/1679 1952/1952/1842
f 1966/1966/1856 1792/1792/1682 1997/1997/1887
f 1792/1792/1682 1791/1791/1681 1997/1997/1887
f 1914/1914/1804 1756/1756/1646 1958/1958/1848
f 1756/1756/1646 1797/1797/1687 1958/1958/1848
f 1968/1968/1858 1967/1967/1857 1969/1969/1859
f 1967/1967/1857 2023/2023/1913 1969/1969/1859
f 1969/1969/1859 1803/1803/1693 1968/1968/1858
f 1803/1803/1693 1802/1802/1692 1968/1968/1858
f 2023/2023/1913 1965/1965/1855 1969/1969/1859
f 1965/1965/1855 1964/1964/1854 1969/1969/1859
f 1959/1959/1849 1804/1804/1694 1969/1969/1859
f 1804/1804/1694 1803/1803/1693 1969/1969/1859
f 1964/1964/1854 1962/1962/1852 1959/1959/1849
f 1962/1962/1852 1960/1960/1850 1959/1959/1849
f 1970/1970/1860 1973/1973/1863 1923/1923/1813
f 1973/1973/1863 1972/1972/1862 1923/1923/1813
f 1958/1958/1848 1960/1960/1850 1931/1931/1821
f 1960/1960/1850 1970/1970/1860 1931/1931/1821
f 1974/1974/1864 1962/1962/1852 1975/1975/1865
f 1962/1962/1852 1961/1961/1851 1975/1975/1865
f 1974/1974/1864 1975/1975/1865 1973/1973/1863
f 1975/1975/1865 1978/1978/1868 1973/1973/1863
f 1979/1979/1869 1981/1981/1871 1940/1940/1830
f 1981/1981/1871 1980/1980/1870 1940/1940/1830
f 1980/1980/1870 1985/1985/1875 1946/1946/1836
f 1985/1985/1875 1984/1984/1874 1946/1946/1836
f 1987/1987/1877 1986/1986/1876 1983/1983/1873
f 1986/1986/1876 1981/1981/1871 1983/1983/1873
f 1986/1986/1876 1988/1988/1878 1989/1989/1879
f 1988/1988/1878 2002/2002/1892 1989/1989/1879
f 1951/1951/1841 1948/1948/1838 1991/1991/1881
f 1948/1948/1838 1984/1984/1874 1991/1991/1881
f 1992/1992/1882 2009/2009/1899 1991/1991/1881
f 2009/2009/1899 1990/1990/1880 1991/1991/1881
f 1993/1993/1883 5221/5221/4968 1954/1954/1844
f 1994/1994/1884 1997/1997/1887 5222/5222/4969
f 2012/2012/1902 1993/1993/1883 2009/2009/1899
f 1993/1993/1883 1990/1990/1880 2009/2009/1899
f 1999/1999/1889 2001/2001/1891 2002/2002/1892
f 2001/2001/1891 2003/2003/1893 2002/2002/1892
f 2046/2046/1936 2006/2006/1896 5223/5223/4970
f 2006/2006/1896 2007/2007/1897 5223/5223/4970
f 1992/1992/1882 1985/1985/1875 2003/2003/1893
f 1985/1985/1875 1989/1989/1879 2003/2003/1893
f 2007/2007/1897 2005/2005/1895 1998/1998/1888
f 2005/2005/1895 1996/1996/1886 1998/1998/1888
f 2018/2018/1908 1963/1963/1853 2021/2021/1911
f 1963/1963/1853 1965/1965/1855 2021/2021/1911
f 2020/2020/1910 2021/2021/1911 2016/2016/1906
f 2021/2021/1911 2014/2014/1904 2016/2016/1906
f 2018/2018/1908 2017/2017/1907 1963/1963/1853
f 2017/2017/1907 1961/1961/1851 1963/1963/1853
f 1967/1967/1857 1966/1966/1856 2024/2024/1914
f 1966/1966/1856 1994/1994/1884 2024/2024/1914
f 2015/2015/1905 2014/2014/1904 1996/1996/1886
f 2014/2014/1904 2024/2024/1914 1996/1996/1886
f 2016/2016/1906 2026/2026/1916 2029/2029/1919
f 2026/2026/1916 2028/2028/1918 2029/2029/1919
f 2015/2015/1905 2005/2005/1895 2026/2026/1916
f 2005/2005/1895 2004/2004/1894 2026/2026/1916
f 2030/2030/1920 2019/2019/1909 2029/2029/1919
f 2019/2019/1909 2020/2020/1910 2029/2029/1919
f 2017/2017/1907 2019/2019/1909 2032/2032/1922
f 2019/2019/1909 2033/2033/1923 2032/2032/1922
f 2035/2035/1925 2034/2034/1924 2036/2036/1926
f 2034/2034/1924 1988/1988/1878 2036/2036/1926
f 2041/2041/1931 1999/1999/1889 2040/2040/1930
f 1999/1999/1889 2034/2034/1924 2040/2040/1930
f 2044/2044/1934 2046/2046/1936 2047/2047/1937
f 2046/2046/1936 2048/2048/1938 2047/2047/1937
f 2044/2044/1934 2043/2043/1933 2006/2006/1896
f 2043/2043/1933 2004/2004/1894 2006/2006/1896
f 2039/2039/1929 2050/2050/1940 2035/2035/1925
f 2050/2050/1940 2040/2040/1930 2035/2035/1925
f 2053/2053/1943 2045/2045/1935 2052/2052/1942
f 2045/2045/1935 2047/2047/1937 2052/2052/1942
f 2043/2043/1933 2045/2045/1935 2055/2055/1945
f 2045/2045/1935 2056/2056/1946 2055/2055/1945
f 2058/2058/1948 2057/2057/1947 2063/2063/1953
f 2057/2057/1947 2064/2064/1954 2063/2063/1953
f 1859/1859/1749 2066/2066/1956 2065/2065/1955
f 2066/2066/1956 2057/2057/1947 2065/2065/1955
f 2066/2066/1956 1865/1865/1755 2064/2064/1954
f 1865/1865/1755 2067/2067/1957 2064/2064/1954
f 2076/2076/1966 1877/1877/1767 2070/2070/1960
f 5224/5224/4971 5225/5225/4971 5226/5226/4971
f 2078/2078/1968 2071/2071/1961 1879/1879/1769
f 2071/2071/1961 2077/2077/1967 1879/1879/1769
f 2116/2116/2006 5227/5227/4972 2082/2082/1972
f 2081/2081/1971 2080/2080/1970 2079/2079/1969
f 2069/2069/1959 2080/2080/1970 2061/2061/1951
f 2080/2080/1970 2062/2062/1952 2061/2061/1951
f 2116/2116/2006 2082/2082/1972 2089/2089/1979
f 2082/2082/1972 2083/2083/1973 2089/2089/1979
f 2069/2069/1959 2061/2061/1951 2076/2076/1966
f 2061/2061/1951 2067/2067/1957 2076/2076/1966
f 2088/2088/1978 2083/2083/1973 1878/1878/1768
f 2083/2083/1973 2078/2078/1968 1878/1878/1768
f 2096/2096/1986 2090/2090/1980 2094/2094/1984
f 2090/2090/1980 2092/2092/1982 2094/2094/1984
f 2097/2097/1987 5228/5228/4973 2098/2098/1988
f 5228/5228/4973 2109/2109/1999 2098/2098/1988
f 2099/2099/1989 2059/2059/1949 2102/2102/1992
f 2059/2059/1949 2100/2100/1990 2102/2102/1992
f 2058/2058/1948 2105/2105/1995 2059/2059/1949
f 2105/2105/1995 2100/2100/1990 2059/2059/1949
f 2104/2104/1994 2110/2110/2000 2106/2106/1996
f 2110/2110/2000 2111/2111/2001 2106/2106/1996
f 2104/2104/1994 2063/2063/1953 2110/2110/2000
f 2063/2063/1953 2062/2062/1952 2110/2110/2000
f 2103/2103/1993 2108/2108/1998 2099/2099/1989
f 2108/2108/1998 2107/2107/1997 2099/2099/1989
f 1904/1904/1794 1903/1903/1793 2107/2107/1997
f 1903/1903/1793 2065/2065/1955 2107/2107/1997
f 2090/2090/1980 2102/2102/1992 2091/2091/1981
f 2102/2102/1992 2101/2101/1991 2091/2091/1981
f 2103/2103/1993 2096/2096/1986 2108/2108/1998
f 2096/2096/1986 2098/2098/1988 2108/2108/1998
f 2116/2116/2006 2117/2117/2007 5227/5227/4972
f 2117/2117/2007 2328/2328/2218 5227/5227/4972
f 2114/2114/2004 2116/2116/2006 2118/2118/2008
f 2116/2116/2006 2089/2089/1979 2118/2118/2008
f 2117/2117/2007 2114/2114/2004 2121/2121/2011
f 2114/2114/2004 2113/2113/2003 2121/2121/2011
f 1881/1881/1771 1912/1912/1802 2088/2088/1978
f 1912/1912/1802 2119/2119/2009 2088/2088/1978
f 2120/2120/2010 2113/2113/2003 2123/2123/2013
f 2113/2113/2003 2124/2124/2014 2123/2123/2013
f 2128/2128/2018 2125/2125/2015 2119/2119/2009
f 2125/2125/2015 2118/2118/2008 2119/2119/2009
f 2127/2127/2017 2125/2125/2015 2129/2129/2019
f 2125/2125/2015 2128/2128/2018 2129/2129/2019
f 2127/2127/2017 2130/2130/2020 2124/2124/2014
f 2130/2130/2020 2122/2122/2012 2124/2124/2014
f 2133/2133/2023 2131/2131/2021 2132/2132/2022
f 2131/2131/2021 2130/2130/2020 2132/2132/2022
f 1925/1925/1815 1926/1926/1816 2129/2129/2019
f 1926/1926/1816 2132/2132/2022 2129/2129/2019
f 2135/2135/2025 2136/2136/2026 2094/2094/1984
f 2136/2136/2026 2095/2095/1985 2094/2094/1984
f 2134/2134/2024 2149/2149/2039 2135/2135/2025
f 2149/2149/2039 2137/2137/2027 2135/2135/2025
f 2141/2141/2031 1932/1932/1822 2143/2143/2033
f 1932/1932/1822 2144/2144/2034 2143/2143/2033
f 2142/2142/2032 2141/2141/2031 2139/2139/2029
f 2141/2141/2031 2140/2140/2030 2139/2139/2029
f 2147/2147/2037 2139/2139/2029 2148/2148/2038
f 2139/2139/2029 2138/2138/2028 2148/2148/2038
f 2146/2146/2036 2181/2181/2071 2147/2147/2037
f 2181/2181/2071 2151/2151/2041 2147/2147/2037
f 2152/2152/2042 2153/2153/2043 2181/2181/2071
f 2153/2153/2043 2151/2151/2041 2181/2181/2071
f 2142/2142/2032 2153/2153/2043 1943/1943/1833
f 2153/2153/2043 1942/1942/1832 1943/1943/1833
f 2156/2156/2046 2155/2155/2045 2131/2131/2021
f 2155/2155/2045 2122/2122/2012 2131/2131/2021
f 2155/2155/2045 2157/2157/2047 2154/2154/2044
f 2157/2157/2047 2168/2168/2058 2154/2154/2044
f 2160/2160/2050 2157/2157/2047 2158/2158/2048
f 2157/2157/2047 2156/2156/2046 2158/2158/2048
f 5229/5229/4974 2162/2162/2052 2161/2161/2051
f 2162/2162/2052 2133/2133/2023 2161/2161/2051
f 2158/2158/2048 2162/2162/2052 2163/2163/2053
f 2162/2162/2052 5229/5229/4974 2163/2163/2053
f 2165/2165/2055 2167/2167/2057 2160/2160/2050
f 2167/2167/2057 2169/2169/2059 2160/2160/2050
f 2166/2166/2056 2165/2165/2055 2196/2196/2086
f 2165/2165/2055 2170/2170/2060 2196/2196/2086
f 1977/1977/1867 2172/2172/2062 1978/1978/1868
f 2172/2172/2062 2171/2171/2061 1978/1978/1868
f 2173/2173/2063 2206/2206/2096 2172/2172/2062
f 2196/2196/2086 2170/2170/2060 2174/2174/2064
f 2146/2146/2036 2145/2145/2035 2178/2178/2068
f 2145/2145/2035 2175/2175/2065 2178/2178/2068
f 2188/2188/2078 2180/2180/2070 2179/2179/2069
f 2180/2180/2070 2178/2178/2068 2179/2179/2069
f 2182/2182/2072 1983/1983/1873 2152/2152/2042
f 1983/1983/1873 1979/1979/1869 2152/2152/2042
f 2183/2183/2073 2182/2182/2072 2188/2188/2078
f 2182/2182/2072 2180/2180/2070 2188/2188/2078
f 2186/2186/2076 2179/2179/2069 2184/2184/2074
f 2179/2179/2069 2187/2187/2077 2184/2184/2074
f 2185/2185/2075 2191/2191/2081 2186/2186/2076
f 2191/2191/2081 2189/2189/2079 2186/2186/2076
f 2190/2190/2080 1987/1987/1877 2189/2189/2079
f 1987/1987/1877 2183/2183/2073 2189/2189/2079
f 2216/2216/2106 2031/2031/1921 2194/2194/2084
f 2031/2031/1921 2030/2030/1920 2194/2194/2084
f 2195/2195/2085 2166/2166/2056 2201/2201/2091
f 2166/2166/2056 2197/2197/2087 2201/2201/2091
f 1977/1977/1867 2032/2032/1922 2173/2173/2063
f 2032/2032/1922 2203/2203/2093 2173/2173/2063
f 2218/2218/2108 2205/2205/2095 2204/2204/2094
f 2205/2205/2095 2203/2203/2093 2204/2204/2094
f 2218/2218/2108 2199/2199/2089 2205/2205/2095
f 2199/2199/2089 2198/2198/2088 2205/2205/2095
f 2212/2212/2102 2211/2211/2101 2208/2208/2098
f 2211/2211/2101 2209/2209/2099 2208/2208/2098
f 2208/2208/2098 2207/2207/2097 2199/2199/2089
f 2207/2207/2097 2200/2200/2090 2199/2199/2089
f 2215/2215/2105 2216/2216/2106 2212/2212/2102
f 2216/2216/2106 2210/2210/2100 2212/2212/2102
f 2031/2031/1921 2215/2215/2105 2033/2033/1923
f 2215/2215/2105 2204/2204/2094 2033/2033/1923
f 2185/2185/2075 2184/2184/2074 2222/2222/2112
f 2184/2184/2074 2219/2219/2109 2222/2222/2112
f 2231/2231/2121 2224/2224/2114 2223/2223/2113
f 2224/2224/2114 2222/2222/2112 2223/2223/2113
f 2225/2225/2115 2036/2036/1926 2191/2191/2081
f 2036/2036/1926 2190/2190/2080 2191/2191/2081
f 2226/2226/2116 2225/2225/2115 2231/2231/2121
f 2225/2225/2115 2224/2224/2114 2231/2231/2121
f 2229/2229/2119 2223/2223/2113 2227/2227/2117
f 2223/2223/2113 2230/2230/2120 2227/2227/2117
f 2228/2228/2118 2234/2234/2124 2229/2229/2119
f 2234/2234/2124 2232/2232/2122 2229/2229/2119
f 2233/2233/2123 2038/2038/1928 2232/2232/2122
f 2038/2038/1928 2226/2226/2116 2232/2232/2122
f 2235/2235/2125 2039/2039/1929 2233/2233/2123
f 2039/2039/1929 2038/2038/1928 2233/2233/2123
f 2237/2237/2127 2236/2236/2126 5230/5230/4975
f 2236/2236/2126 5231/5231/4976 5230/5230/4975
f 5230/5230/4975 2051/2051/1941 2237/2237/2127
f 2051/2051/1941 2050/2050/1940 2237/2237/2127
f 2258/2258/2148 2054/2054/1944 2240/2240/2130
f 2054/2054/1944 2053/2053/1943 2240/2240/2130
f 2028/2028/1918 2055/2055/1945 2193/2193/2083
f 2055/2055/1945 2241/2241/2131 2193/2193/2083
f 2243/2243/2133 2244/2244/2134 2193/2193/2083
f 2244/2244/2134 2194/2194/2084 2193/2193/2083
f 2246/2246/2136 2243/2243/2133 2242/2242/2132
f 2243/2243/2133 2241/2241/2131 2242/2242/2132
f 2254/2254/2144 2256/2256/2146 2251/2251/2141
f 2256/2256/2146 2252/2252/2142 2251/2251/2141
f 2248/2248/2138 2256/2256/2146 2249/2249/2139
f 2256/2256/2146 2255/2255/2145 2249/2249/2139
f 2257/2257/2147 2258/2258/2148 2249/2249/2139
f 2258/2258/2148 2250/2250/2140 2249/2249/2139
f 2054/2054/1944 2257/2257/2147 2056/2056/1946
f 2257/2257/2147 2242/2242/2132 2056/2056/1946
f 2255/2255/2145 2254/2254/2144 2246/2246/2136
f 2254/2254/2144 2245/2245/2135 2246/2246/2136
f 2260/2260/2150 2263/2263/2153 2211/2211/2101
f 2263/2263/2153 2262/2262/2152 2211/2211/2101
f 2244/2244/2134 2245/2245/2135 2210/2210/2100
f 2245/2245/2135 2260/2260/2150 2210/2210/2100
f 2251/2251/2141 2253/2253/2143 2263/2263/2153
f 2253/2253/2143 2261/2261/2151 2263/2263/2153
f 2267/2267/2157 2269/2269/2159 2228/2228/2118
f 2269/2269/2159 2234/2234/2124 2228/2228/2118
f 2265/2265/2155 2271/2271/2161 2267/2267/2157
f 2271/2271/2161 2268/2268/2158 2267/2267/2157
f 2290/2290/2180 2282/2282/2172 2275/2275/2165
f 5232/5232/4977 5233/5233/4977 5234/5234/4977
f 2236/2236/2126 2235/2235/2125 2281/2281/2171
f 2235/2235/2125 2270/2270/2160 2281/2281/2171
f 2281/2281/2171 2270/2270/2160 2274/2274/2164
f 2270/2270/2160 2269/2269/2159 2274/2274/2164
f 2284/2284/2174 2285/2285/2175 2239/2239/2129
f 2285/2285/2175 2240/2240/2130 2239/2239/2129
f 2278/2278/2168 2277/2277/2167 2284/2284/2174
f 2277/2277/2167 2286/2286/2176 2284/2284/2174
f 2273/2273/2163 2289/2289/2179 2268/2268/2158
f 2289/2289/2179 2275/2275/2165 2268/2268/2158
f 2288/2288/2178 2292/2292/2182 2276/2276/2166
f 2292/2292/2182 2277/2277/2167 2276/2276/2166
f 2291/2291/2181 2508/2508/2396 2292/2292/2182
f 2508/2508/2396 2294/2294/2184 2292/2292/2182
f 2295/2295/2185 2298/2298/2188 2247/2247/2137
f 2298/2298/2188 2297/2297/2187 2247/2247/2137
f 2248/2248/2138 2247/2247/2137 2302/2302/2192
f 2247/2247/2137 2297/2297/2187 2302/2302/2192
f 2285/2285/2175 2286/2286/2176 2250/2250/2140
f 2286/2286/2176 2295/2295/2185 2250/2250/2140
f 2294/2294/2184 2508/2508/2396 2298/2298/2188
f 2508/2508/2396 2296/2296/2186 2298/2298/2188
f 2309/2309/2199 2101/2101/1991 2306/2306/2196
f 2101/2101/1991 2308/2308/2198 2306/2306/2196
f 2311/2311/2201 2308/2308/2198 2106/2106/1996
f 2308/2308/2198 2105/2105/1995 2106/2106/1996
f 2306/2306/2196 2311/2311/2201 2307/2307/2197
f 2311/2311/2201 2312/2312/2202 2307/2307/2197
f 2304/2304/2194 2319/2319/2209 2313/2313/2203
f 2319/2319/2209 2314/2314/2204 2313/2313/2203
f 2315/2315/2205 2322/2322/2212 2313/2313/2203
f 2322/2322/2212 2316/2316/2206 2313/2313/2203
f 2319/2319/2209 2304/2304/2194 2317/2317/2207
f 2304/2304/2194 2307/2307/2197 2317/2317/2207
f 2318/2318/2208 2317/2317/2207 2335/2335/2225
f 2317/2317/2207 2320/2320/2210 2335/2335/2225
f 2091/2091/1981 2309/2309/2199 2303/2303/2193
f 2309/2309/2199 2316/2316/2206 2303/2303/2193
f 2337/2337/2227 2312/2312/2202 5235/5235/4978
f 2312/2312/2202 2329/2329/2219 5235/5235/4978
f 5236/5236/4979 2329/2329/2219 2112/2112/2002
f 2329/2329/2219 2111/2111/2001 2112/2112/2002
f 2331/2331/2221 2325/2325/2215 2121/2121/2011
f 2325/2325/2215 2327/2327/2217 2121/2121/2011
f 2332/2332/2222 2334/2334/2224 2323/2323/2213
f 2334/2334/2224 2836/2836/2718 2323/2323/2213
f 2324/2324/2214 2323/2323/2213 5237/5237/4980
f 2323/2323/2213 2836/2836/2718 5237/5237/4980
f 2333/2333/2223 2332/2332/2222 2340/2340/2230
f 2332/2332/2222 2338/2338/2228 2340/2340/2230
f 2339/2339/2229 2338/2338/2228 2120/2120/2010
f 2338/2338/2228 2331/2331/2221 2120/2120/2010
f 2344/2344/2234 2348/2348/2238 2346/2346/2236
f 2348/2348/2238 2349/2349/2239 2346/2346/2236
f 2303/2303/2193 2349/2349/2239 2092/2092/1982
f 2349/2349/2239 2134/2134/2024 2092/2092/1982
f 2350/2350/2240 2348/2348/2238 2347/2347/2237
f 2348/2348/2238 2344/2344/2234 2347/2347/2237
f 2354/2354/2244 2352/2352/2242 2355/2355/2245
f 2352/2352/2242 2351/2351/2241 2355/2355/2245
f 2352/2352/2242 2347/2347/2237 2353/2353/2243
f 2347/2347/2237 2345/2345/2235 2353/2353/2243
f 2358/2358/2248 2353/2353/2243 2341/2341/2231
f 2353/2353/2243 2345/2345/2235 2341/2341/2231
f 2145/2145/2035 2363/2363/2253 2361/2361/2251
f 2363/2363/2253 2362/2362/2252 2361/2361/2251
f 2350/2350/2240 2364/2364/2254 2149/2149/2039
f 2364/2364/2254 2150/2150/2040 2149/2149/2039
f 2346/2346/2236 2322/2322/2212 2343/2343/2233
f 2322/2322/2212 2315/2315/2205 2343/2343/2233
f 2343/2343/2233 2365/2365/2255 2341/2341/2231
f 2365/2365/2255 2366/2366/2256 2341/2341/2231
f 2369/2369/2259 2333/2333/2223 2371/2371/2261
f 2333/2333/2223 2340/2340/2230 2371/2371/2261
f 2367/2367/2257 2369/2369/2259 2374/2374/2264
f 2369/2369/2259 2368/2368/2258 2374/2374/2264
f 2123/2123/2013 2154/2154/2044 2339/2339/2229
f 2154/2154/2044 2372/2372/2262 2339/2339/2229
f 2373/2373/2263 2368/2368/2258 2376/2376/2266
f 2368/2368/2258 2377/2377/2267 2376/2376/2266
f 2381/2381/2271 2378/2378/2268 2372/2372/2262
f 2378/2378/2268 2371/2371/2261 2372/2372/2262
f 2380/2380/2270 2378/2378/2268 2382/2382/2272
f 2378/2378/2268 2381/2381/2271 2382/2382/2272
f 2380/2380/2270 2383/2383/2273 2377/2377/2267
f 2383/2383/2273 2375/2375/2265 2377/2377/2267
f 2386/2386/2276 2384/2384/2274 2385/2385/2275
f 2384/2384/2274 2383/2383/2273 2385/2385/2275
f 2168/2168/2058 2169/2169/2059 2382/2382/2272
f 2169/2169/2059 2385/2385/2275 2382/2382/2272
f 2388/2388/2278 2387/2387/2277 2392/2392/2282
f 2355/2355/2245 2389/2389/2279 2391/2391/2281
f 2393/2393/2283 2395/2395/2285 2388/2388/2278
f 2395/2395/2285 2394/2394/2284 2388/2388/2278
f 2176/2176/2066 2175/2175/2065 2394/2394/2284
f 2175/2175/2065 2361/2361/2251 2394/2394/2284
f 2393/2393/2283 2392/2392/2282 2396/2396/2286
f 2391/2391/2281 2399/2399/2289 2401/2401/2291
f 2398/2398/2288 2430/2430/2318 2396/2396/2286
f 2430/2430/2318 2402/2402/2292 2396/2396/2286
f 2404/2404/2294 2403/2403/2293 2430/2430/2318
f 2403/2403/2293 2402/2402/2292 2430/2430/2318
f 2176/2176/2066 2395/2395/2285 2187/2187/2077
f 2395/2395/2285 2403/2403/2293 2187/2187/2077
f 2410/2410/2300 2406/2406/2296 2384/2384/2274
f 2406/2406/2296 2375/2375/2265 2384/2384/2274
f 2410/2410/2300 2409/2409/2299 2406/2406/2296
f 2409/2409/2299 2407/2407/2297 2406/2406/2296
f 2420/2420/2308 2415/2415/2303 2411/2411/2301
f 2415/2415/2303 2409/2409/2299 2411/2411/2301
f 2167/2167/2057 2195/2195/2085 2386/2386/2276
f 2195/2195/2085 2418/2418/2306 2386/2386/2276
f 2419/2419/2307 2411/2411/2301 2202/2202/2092
f 2411/2411/2301 2418/2418/2306 2202/2202/2092
f 2421/2421/2309 2424/2424/2312 2420/2420/2308
f 2424/2424/2312 2415/2415/2303 2420/2420/2308
f 2422/2422/2310 2421/2421/2309 2449/2449/2337
f 2421/2421/2309 2425/2425/2313 2449/2449/2337
f 5238/5238/4981 2449/2449/2337 2428/2428/2316
f 2449/2449/2337 2425/2425/2313 2428/2428/2316
f 2419/2419/2307 2202/2202/2092 2428/2428/2316
f 2202/2202/2092 2213/2213/2103 2428/2428/2316
f 2429/2429/2317 2398/2398/2288 2433/2433/2321
f 2398/2398/2288 2431/2431/2319 2433/2433/2321
f 2434/2434/2322 2436/2436/2324 2429/2429/2317
f 2436/2436/2324 2435/2435/2323 2429/2429/2317
f 2220/2220/2110 2219/2219/2109 2435/2435/2323
f 2219/2219/2109 2404/2404/2294 2435/2435/2323
f 2434/2434/2322 2433/2433/2321 2437/2437/2325
f 2433/2433/2321 2440/2440/2328 2437/2437/2325
f 2439/2439/2327 2467/2467/2355 2437/2437/2325
f 2467/2467/2355 2441/2441/2329 2437/2437/2325
f 2443/2443/2331 2442/2442/2330 2467/2467/2355
f 2442/2442/2330 2441/2441/2329 2467/2467/2355
f 2220/2220/2110 2436/2436/2324 2230/2230/2120
f 2436/2436/2324 2442/2442/2330 2230/2230/2120
f 2445/2445/2333 2422/2422/2310 2451/2451/2339
f 5239/5239/4982 2457/2457/2345 2463/2463/2351
f 2463/2463/2351 2457/2457/2345 2448/2448/2336
f 2457/2457/2345 2446/2446/2334 2448/2448/2336
f 2209/2209/2099 2262/2262/2152 2427/2427/2315
f 2262/2262/2152 2454/2454/2342 2427/2427/2315
f 2453/2453/2341 2446/2446/2334 2261/2261/2151
f 2446/2446/2334 2454/2454/2342 2261/2261/2151
f 2448/2448/2336 2458/2458/2346 2462/2462/2350
f 2458/2458/2346 2460/2460/2348 2462/2462/2350
f 2459/2459/2347 2458/2458/2346 2465/2465/2353
f 2458/2458/2346 2461/2461/2349 2465/2465/2353
f 2253/2253/2143 2444/2444/2332 2453/2453/2341
f 2444/2444/2332 2461/2461/2349 2453/2453/2341
f 2466/2466/2354 2439/2439/2327 2470/2470/2358
f 2439/2439/2327 2468/2468/2356 2470/2470/2358
f 2227/2227/2117 2443/2443/2331 2265/2265/2155
f 2443/2443/2331 2473/2473/2361 2265/2265/2155
f 2471/2471/2359 2482/2482/2370 2466/2466/2354
f 2482/2482/2370 2472/2472/2360 2466/2466/2354
f 2482/2482/2370 2474/2474/2362 2472/2472/2360
f 2474/2474/2362 2473/2473/2361 2472/2472/2360
f 2480/2480/2368 2479/2479/2367 2476/2476/2364
f 2479/2479/2367 2477/2477/2365 2476/2476/2364
f 2471/2471/2359 2470/2470/2358 2477/2477/2365
f 2470/2470/2358 2475/2475/2363 2477/2477/2365
f 2485/2485/2373 2484/2484/2372 2481/2481/2369
f 2484/2484/2372 2479/2479/2367 2481/2481/2369
f 2484/2484/2372 2272/2272/2162 2474/2474/2362
f 2272/2272/2162 2271/2271/2161 2474/2474/2362
f 2486/2486/2374 2273/2273/2163 2485/2485/2373
f 2273/2273/2163 2272/2272/2162 2485/2485/2373
f 5240/5240/4983 5241/5241/4984 2489/2489/2377
f 5241/5241/4984 2490/2490/2378 2489/2489/2377
f 2489/2489/2377 2288/2288/2178 5240/5240/4983
f 2288/2288/2178 2287/2287/2177 5240/5240/4983
f 2505/2505/2393 2508/2508/2396 2491/2491/2379
f 2508/2508/2396 2291/2291/2181 2491/2491/2379
f 2494/2494/2382 2301/2301/2191 2492/2492/2380
f 2301/2301/2191 2302/2302/2192 2492/2492/2380
f 2497/2497/2385 2494/2494/2382 2493/2493/2381
f 2494/2494/2382 2492/2492/2380 2493/2493/2381
f 2444/2444/2332 2252/2252/2142 2495/2495/2383
f 2252/2252/2142 2301/2301/2191 2495/2495/2383
f 2504/2504/2392 2503/2503/2391 2498/2498/2386
f 2503/2503/2391 2499/2499/2387 2498/2498/2386
f 2508/2508/2396 2507/2507/2395 2296/2296/2186
f 2507/2507/2395 2493/2493/2381 2296/2296/2186
f 2507/2507/2395 2506/2506/2394 2509/2509/2397
f 2506/2506/2394 2551/2551/2439 2509/2509/2397
f 2551/2551/2439 2502/2502/2390 2509/2509/2397
f 2502/2502/2390 2501/2501/2389 2509/2509/2397
f 2501/2501/2389 2504/2504/2392 2497/2497/2385
f 2504/2504/2392 2496/2496/2384 2497/2497/2385
f 2510/2510/2398 2513/2513/2401 2459/2459/2347
f 2513/2513/2401 2512/2512/2400 2459/2459/2347
f 2495/2495/2383 2496/2496/2384 2465/2465/2353
f 2496/2496/2384 2510/2510/2398 2465/2465/2353
f 2498/2498/2386 2500/2500/2388 2513/2513/2401
f 2500/2500/2388 2511/2511/2399 2513/2513/2401
f 2515/2515/2403 2517/2517/2405 2480/2480/2368
f 2517/2517/2405 2516/2516/2404 2480/2480/2368
f 2516/2516/2404 2521/2521/2409 2481/2481/2369
f 2521/2521/2409 2520/2520/2408 2481/2481/2369
f 2523/2523/2411 2522/2522/2410 2519/2519/2407
f 2522/2522/2410 2517/2517/2405 2519/2519/2407
f 2522/2522/2410 2524/2524/2412 2525/2525/2413
f 2524/2524/2412 2538/2538/2426 2525/2525/2413
f 2487/2487/2375 2486/2486/2374 2528/2528/2416
f 2486/2486/2374 2520/2520/2408 2528/2528/2416
f 2529/2529/2417 2542/2542/2430 2528/2528/2416
f 2542/2542/2430 2526/2526/2414 2528/2528/2416
f 2530/2530/2418 2531/2531/2419 2527/2527/2415
f 2533/2533/2421 2491/2491/2379 2490/2490/2378
f 2534/2534/2422 2530/2530/2418 2542/2542/2430
f 2530/2530/2418 2526/2526/2414 2542/2542/2430
f 2535/2535/2423 2537/2537/2425 2538/2538/2426
f 2537/2537/2425 2539/2539/2427 2538/2538/2426
f 2529/2529/2417 2521/2521/2409 2539/2539/2427
f 2521/2521/2409 2525/2525/2413 2539/2539/2427
f 2545/2545/2433 2543/2543/2431 2540/2540/2428
f 2543/2543/2431 2537/2537/2425 2540/2540/2428
f 2543/2543/2431 2545/2545/2433 2534/2534/2422
f 2545/2545/2433 2544/2544/2432 2534/2534/2422
f 2503/2503/2391 2549/2549/2437 2499/2499/2387
f 2549/2549/2437 2548/2548/2436 2499/2499/2387
f 2506/2506/2394 2505/2505/2393 2553/2553/2441
f 2505/2505/2393 2533/2533/2421 2553/2553/2441
f 2567/2567/2455 2566/2566/2454 2553/2553/2441
f 2566/2566/2454 2550/2550/2438 2553/2553/2441
f 2557/2557/2445 2556/2556/2444 2566/2566/2454
f 2556/2556/2444 2550/2550/2438 2566/2566/2454
f 2556/2556/2444 2558/2558/2446 2502/2502/2390
f 2558/2558/2446 2549/2549/2437 2502/2502/2390
f 2546/2546/2434 2565/2565/2453 2544/2544/2432
f 2565/2565/2453 2555/2555/2443 2544/2544/2432
f 2568/2568/2456 2605/2605/2493 2569/2569/2457
f 2605/2605/2493 2607/2607/2495 2569/2569/2457
f 2607/2607/2495 2563/2563/2451 2569/2569/2457
f 2563/2563/2451 2562/2562/2450 2569/2569/2457
f 2562/2562/2450 2560/2560/2448 2557/2557/2445
f 2560/2560/2448 2558/2558/2446 2557/2557/2445
f 2548/2548/2436 2571/2571/2459 2547/2547/2435
f 2571/2571/2459 2576/2576/2464 2547/2547/2435
f 2572/2572/2460 2560/2560/2448 2573/2573/2461
f 2560/2560/2448 2559/2559/2447 2573/2573/2461
f 2572/2572/2460 2573/2573/2461 2571/2571/2459
f 2573/2573/2461 2577/2577/2465 2571/2571/2459
f 2579/2579/2467 2578/2578/2466 2580/2580/2468
f 2578/2578/2466 2524/2524/2412 2580/2580/2468
f 2585/2585/2473 2535/2535/2423 2584/2584/2472
f 2535/2535/2423 2578/2578/2466 2584/2584/2472
f 2589/2589/2477 2587/2587/2475 2586/2586/2474
f 2587/2587/2475 2585/2585/2473 2586/2586/2474
f 2587/2587/2475 2590/2590/2478 2540/2540/2428
f 2590/2590/2478 2588/2588/2476 2540/2540/2428
f 2583/2583/2471 2594/2594/2482 2579/2579/2467
f 2594/2594/2482 2584/2584/2472 2579/2579/2467
f 2593/2593/2481 2586/2586/2474 2591/2591/2479
f 2586/2586/2474 2594/2594/2482 2591/2591/2479
f 2593/2593/2481 2597/2597/2485 2589/2589/2477
f 2597/2597/2485 2596/2596/2484 2589/2589/2477
f 2564/2564/2452 2546/2546/2434 2608/2608/2496
f 2546/2546/2434 2588/2588/2476 2608/2608/2496
f 2599/2599/2487 2598/2598/2486 2590/2590/2478
f 2598/2598/2486 2608/2608/2496 2590/2590/2478
f 2610/2610/2498 2620/2620/2508 2563/2563/2451
f 2620/2620/2508 2601/2601/2489 2563/2563/2451
f 2604/2604/2492 2603/2603/2491 2610/2610/2498
f 2603/2603/2491 2620/2620/2508 2610/2610/2498
f 2618/2618/2506 2612/2612/2500 2613/2613/2501
f 2612/2612/2500 2611/2611/2499 2613/2613/2501
f 2599/2599/2487 2596/2596/2484 2611/2611/2499
f 2596/2596/2484 2595/2595/2483 2611/2611/2499
f 2614/2614/2502 2617/2617/2505 2603/2603/2491
f 2617/2617/2505 2616/2616/2504 2603/2603/2491
f 2624/2624/2512 2574/2574/2462 2601/2601/2489
f 2574/2574/2462 2559/2559/2447 2601/2601/2489
f 2624/2624/2512 2623/2623/2511 2574/2574/2462
f 2623/2623/2511 2622/2622/2510 2574/2574/2462
f 2625/2625/2513 2616/2616/2504 5242/5242/4985
f 2616/2616/2504 2615/2615/2503 5242/5242/4985
f 2625/2625/2513 5242/5242/4985 2623/2623/2511
f 5242/5242/4985 2629/2629/2517 2623/2623/2511
f 2636/2636/2522 2635/2635/2521 2597/2597/2485
f 2635/2635/2521 2595/2595/2483 2597/2597/2485
f 2634/2634/2520 2638/2638/2524 2636/2636/2522
f 2638/2638/2524 2637/2637/2523 2636/2636/2522
f 2639/2639/2525 2642/2642/2528 2637/2637/2523
f 2642/2642/2528 2641/2641/2527 2637/2637/2523
f 2644/2644/2530 2613/2613/2501 2643/2643/2529
f 2613/2613/2501 2635/2635/2521 2643/2643/2529
f 2648/2648/2534 2647/2647/2533 2649/2649/2535
f 2619/2619/2507 2618/2618/2506 2646/2646/2532
f 2651/2651/2537 2646/2646/2532 2645/2645/2531
f 2646/2646/2532 2644/2644/2530 2645/2645/2531
f 2659/2659/2545 2654/2654/2540 2655/2655/2541
f 2654/2654/2540 2653/2653/2539 2655/2655/2541
f 2643/2643/2529 2641/2641/2527 2645/2645/2531
f 2641/2641/2527 2653/2653/2539 2645/2645/2531
f 2654/2654/2540 2660/2660/2546 2651/2651/2537
f 2660/2660/2546 2661/2661/2547 2651/2651/2537
f 2662/2662/2548 2627/2627/2515 2648/2648/2534
f 2627/2627/2515 2633/2633/2519 2648/2648/2534
f 2664/2664/2550 3088/3088/2970 2665/2665/2551
f 2628/2628/2516 2627/2627/2515 2663/2663/2549
f 2670/2670/2556 2667/2667/2553 2671/2671/2557
f 2667/2667/2553 2665/2665/2551 2671/2671/2557
f 2679/2679/2565 2673/2673/2559 2674/2674/2560
f 2673/2673/2559 2672/2672/2558 2674/2674/2560
f 2670/2670/2556 2657/2657/2543 2672/2672/2558
f 2657/2657/2543 2656/2656/2542 2672/2672/2558
f 2673/2673/2559 2677/2677/2563 2667/2667/2553
f 2677/2677/2563 2666/2666/2552 2667/2667/2553
f 2676/2676/2562 2668/2668/2554 2677/2677/2563
f 2668/2668/2554 2666/2666/2552 2677/2677/2563
f 2681/2681/2567 2680/2680/2566 2682/2682/2568
f 2680/2680/2566 2642/2642/2528 2682/2682/2568
f 2687/2687/2573 2655/2655/2541 2686/2686/2572
f 2655/2655/2541 2680/2680/2566 2686/2686/2572
f 2691/2691/2577 2660/2660/2546 2689/2689/2575
f 2660/2660/2546 2659/2659/2545 2689/2689/2575
f 2693/2693/2579 2689/2689/2575 2688/2688/2574
f 2689/2689/2575 2687/2687/2573 2688/2688/2574
f 2685/2685/2571 2697/2697/2583 2681/2681/2567
f 2697/2697/2583 2686/2686/2572 2681/2681/2567
f 2696/2696/2582 2688/2688/2574 2694/2694/2580
f 2688/2688/2574 2697/2697/2583 2694/2694/2580
f 2696/2696/2582 2700/2700/2586 2693/2693/2579
f 2700/2700/2586 2699/2699/2585 2693/2693/2579
f 2701/2701/2587 2674/2674/2560 2690/2690/2576
f 2674/2674/2560 2656/2656/2542 2690/2690/2576
f 2708/2708/2594 2705/2705/2591 2701/2701/2587
f 2705/2705/2591 2702/2702/2588 2701/2701/2587
f 2703/2703/2589 2706/2706/2592 2675/2675/2561
f 2706/2706/2592 2719/2719/2605 2675/2675/2561
f 2703/2703/2589 2679/2679/2565 2704/2704/2590
f 2679/2679/2565 2702/2702/2588 2704/2704/2590
f 2716/2716/2602 2710/2710/2596 2730/2730/2616
f 2710/2710/2596 2709/2709/2595 2730/2730/2616
f 2717/2717/2603 2699/2699/2585 2712/2712/2598
f 2699/2699/2585 2698/2698/2584 2712/2712/2598
f 2710/2710/2596 2713/2713/2599 2705/2705/2591
f 2713/2713/2599 2704/2704/2590 2705/2705/2591
f 2706/2706/2592 2713/2713/2599 2720/2720/2606
f 2713/2713/2599 2714/2714/2600 2720/2720/2606
f 2723/2723/2609 2722/2722/2608 2700/2700/2586
f 2722/2722/2608 2698/2698/2584 2700/2700/2586
f 2721/2721/2607 2725/2725/2611 2723/2723/2609
f 2725/2725/2611 2724/2724/2610 2723/2723/2609
f 2729/2729/2615 2730/2730/2616 2732/2732/2618
f 2711/2711/2597 2722/2722/2608 2728/2728/2614
f 2733/2733/2619 2735/2735/2621 2714/2714/2600
f 2735/2735/2621 2743/2743/2629 2714/2714/2600
f 2733/2733/2619 2716/2716/2602 2734/2734/2620
f 2716/2716/2602 2729/2729/2615 2734/2734/2620
f 2727/2727/2613 2737/2737/2623 2724/2724/2610
f 2737/2737/2623 2728/2728/2614 2724/2724/2610
f 2740/2740/2626 2735/2735/2621 2739/2739/2625
f 2735/2735/2621 2734/2734/2620 2739/2739/2625
f 2748/2748/2634 2751/2751/2637 2744/2744/2630
f 2751/2751/2637 2750/2750/2636 2744/2744/2630
f 3254/3254/3136 2745/2745/2631 2761/2761/2647
f 2745/2745/2631 2744/2744/2630 2761/2761/2647
f 3256/3256/3138 3255/3255/3137 5243/5243/4986
f 2755/2755/2641 2760/2760/2646 2767/2767/2653
f 2793/2793/2675 2763/2763/2649 2765/2765/2651
f 2763/2763/2649 2762/2762/2648 2765/2765/2651
f 2761/2761/2647 2750/2750/2636 2764/2764/2650
f 2750/2750/2636 2762/2762/2648 2764/2764/2650
f 5244/5244/4987 2766/2766/2652 2756/2756/2642
f 2766/2766/2652 2760/2760/2646 2756/2756/2642
f 2774/2774/2658 2773/2773/2657 2781/2781/2665
f 2773/2773/2657 2780/2780/2664 2781/2781/2665
f 5245/5245/4988 5246/5246/4988 5247/5247/4988
f 5248/5248/4989 5249/5249/4989 5250/5250/4989
f 2793/2793/2675 2765/2765/2651 2791/2791/2673
f 2765/2765/2651 2787/2787/2669 2791/2791/2673
f 2789/2789/2671 2788/2788/2670 2773/2773/2657
f 2788/2788/2670 2780/2780/2664 2773/2773/2657
f 2791/2791/2673 2794/2794/2676 2792/2792/2674
f 2794/2794/2676 2796/2796/2678 2792/2792/2674
f 2795/2795/2677 2799/2799/2681 2796/2796/2678
f 5251/5251/4990 2806/2806/2688 2790/2790/2672
f 2802/2802/2684 2777/2777/2661 2800/2800/2682
f 2777/2777/2661 2788/2788/2670 2800/2800/2682
f 2803/2803/2685 2778/2778/2662 2802/2802/2684
f 2778/2778/2662 2777/2777/2661 2802/2802/2684
f 2815/2815/2697 2808/2808/2690 2810/2810/2692
f 2808/2808/2690 2807/2807/2689 2810/2810/2692
f 2800/2800/2682 2806/2806/2688 2801/2801/2683
f 2806/2806/2688 2807/2807/2689 2801/2801/2683
f 2808/2808/2690 2813/2813/2695 2801/2801/2683
f 2813/2813/2695 2804/2804/2686 2801/2801/2683
f 2812/2812/2694 2805/2805/2687 2813/2813/2695
f 2805/2805/2687 2804/2804/2686 2813/2813/2695
f 2815/2815/2697 2810/2810/2692 2821/2821/2703
f 2810/2810/2692 2820/2820/2702 2821/2821/2703
f 2822/2822/2704 2825/2825/2707 2811/2811/2693
f 2825/2825/2707 2828/2828/2710 2811/2811/2693
f 2821/2821/2703 2823/2823/2705 2822/2822/2704
f 2823/2823/2705 2825/2825/2707 2822/2822/2704
f 2837/2837/2719 2831/2831/2713 2335/2335/2225
f 2831/2831/2713 2318/2318/2208 2335/2335/2225
f 2859/2859/2741 2841/2841/2723 2357/2357/2247
f 2841/2841/2723 2358/2358/2248 2357/2357/2247
f 2314/2314/2204 2829/2829/2711 2365/2365/2255
f 2829/2829/2711 2847/2847/2729 2365/2365/2255
f 2846/2846/2728 2366/2366/2256 2844/2844/2726
f 2366/2366/2256 2847/2847/2729 2844/2844/2726
f 2848/2848/2730 2829/2829/2711 2849/2849/2731
f 2829/2829/2711 2831/2831/2713 2849/2849/2731
f 2844/2844/2726 2848/2848/2730 2845/2845/2727
f 2848/2848/2730 2850/2850/2732 2845/2845/2727
f 2857/2857/2739 2894/2894/2776 2851/2851/2733
f 2894/2894/2776 2852/2852/2734 2851/2851/2733
f 2894/2894/2776 2858/2858/2740 2852/2852/2734
f 2858/2858/2740 2853/2853/2735 2852/2852/2734
f 2851/2851/2733 2845/2845/2727 2856/2856/2738
f 2845/2845/2727 2854/2854/2736 2856/2856/2738
f 2357/2357/2247 2846/2846/2728 2859/2859/2741
f 2846/2846/2728 2853/2853/2735 2859/2859/2741
f 2334/2334/2224 2367/2367/2257 2833/2833/2715
f 2367/2367/2257 2864/2864/2746 2833/2833/2715
f 2833/2833/2715 2862/2862/2744 2834/2834/2716
f 2860/2860/2742 2849/2849/2731 2837/2837/2719
f 2863/2863/2745 2862/2862/2744 2865/2865/2747
f 2862/2862/2744 2864/2864/2746 2865/2865/2747
f 2868/2868/2750 2870/2870/2752 2866/2866/2748
f 2870/2870/2752 2869/2869/2751 2866/2866/2748
f 2863/2863/2745 2869/2869/2751 2861/2861/2743
f 5252/5252/4991 2854/2854/2736 2850/2850/2732
f 2875/2875/2757 2872/2872/2754 2874/2874/2756
f 2872/2872/2754 2866/2866/2748 2874/2874/2756
f 2874/2874/2756 2865/2865/2747 2373/2373/2263
f 2865/2865/2747 2374/2374/2264 2373/2373/2263
f 2351/2351/2241 2839/2839/2721 2389/2389/2279
f 2839/2839/2721 2876/2876/2758 2389/2389/2279
f 2878/2878/2760 2839/2839/2721 2879/2879/2761
f 2839/2839/2721 2841/2841/2723 2879/2879/2761
f 2881/2881/2763 2877/2877/2759 2878/2878/2760
f 2877/2877/2759 2876/2876/2758 2878/2878/2760
f 2890/2890/2772 2886/2886/2768 2891/2891/2773
f 2886/2886/2768 2888/2888/2770 2891/2891/2773
f 2883/2883/2765 2882/2882/2764 2891/2891/2773
f 2882/2882/2764 2889/2889/2771 2891/2891/2773
f 2400/2400/2290 2893/2893/2775 2892/2892/2774
f 2893/2893/2775 2882/2882/2764 2892/2892/2774
f 2400/2400/2290 2399/2399/2289 2893/2893/2775
f 2399/2399/2289 2877/2877/2759 2893/2893/2775
f 2889/2889/2771 2881/2881/2763 2890/2890/2772
f 2881/2881/2763 2880/2880/2762 2890/2890/2772
f 2902/2902/2784 2895/2895/2777 2901/2901/2783
f 2895/2895/2777 2896/2896/2778 2901/2901/2783
f 2898/2898/2780 2900/2900/2782 2857/2857/2739
f 2900/2900/2782 2896/2896/2778 2857/2857/2739
f 2898/2898/2780 2856/2856/2738 2899/2899/2781
f 2856/2856/2738 2855/2855/2737 2899/2899/2781
f 2879/2879/2761 2858/2858/2740 2880/2880/2762
f 2858/2858/2740 2895/2895/2777 2880/2880/2762
f 2902/2902/2784 2901/2901/2783 2886/2886/2768
f 2901/2901/2783 2903/2903/2785 2886/2886/2768
f 2906/2906/2788 2904/2904/2786 2897/2897/2779
f 2904/2904/2786 2900/2900/2782 2897/2897/2779
f 2910/2910/2792 2909/2909/2791 2868/2868/2750
f 2909/2909/2791 2907/2907/2789 2868/2868/2750
f 2915/2915/2797 2911/2911/2793 2912/2912/2794
f 2911/2911/2793 2910/2910/2792 2912/2912/2794
f 2912/2912/2794 2872/2872/2754 2914/2914/2796
f 2872/2872/2754 2913/2913/2795 2914/2914/2796
f 2376/2376/2266 2405/2405/2295 2875/2875/2757
f 2405/2405/2295 2913/2913/2795 2875/2875/2757
f 3453/3453/3335 2908/2908/2790 2919/2919/2801
f 2908/2908/2790 2909/2909/2791 2919/2919/2801
f 2916/2916/2798 2918/2918/2800 2911/2911/2793
f 2918/2918/2800 2919/2919/2801 2911/2911/2793
f 2916/2916/2798 2915/2915/2797 2922/2922/2804
f 2915/2915/2797 2920/2920/2802 2922/2922/2804
f 2923/2923/2805 2924/2924/2806 2407/2407/2297
f 2924/2924/2806 2405/2405/2295 2407/2407/2297
f 2925/2925/2807 2924/2924/2806 2926/2926/2808
f 5253/5253/4992 5254/5254/4992 5255/5255/4992
f 2925/2925/2807 2927/2927/2809 2914/2914/2796
f 2927/2927/2809 2920/2920/2802 2914/2914/2796
f 2930/2930/2812 2928/2928/2810 2929/2929/2811
f 2928/2928/2810 2927/2927/2809 2929/2929/2811
f 2423/2423/2311 2929/2929/2811 2424/2424/2312
f 2929/2929/2811 2926/2926/2808 2424/2424/2312
f 2945/2945/2827 2931/2931/2813 2936/2936/2818
f 2931/2931/2813 2932/2932/2814 2936/2936/2818
f 2934/2934/2816 2935/2935/2817 2883/2883/2765
f 2935/2935/2817 2932/2932/2814 2883/2883/2765
f 2933/2933/2815 2947/2947/2829 2934/2934/2816
f 2947/2947/2829 2935/2935/2817 2934/2934/2816
f 2945/2945/2827 2939/2939/2821 2931/2931/2813
f 2939/2939/2821 2938/2938/2820 2931/2931/2813
f 2940/2940/2822 2937/2937/2819 2938/2938/2820
f 2937/2937/2819 2892/2892/2774 2938/2938/2820
f 2936/2936/2818 2946/2946/2828 2941/2941/2823
f 2946/2946/2828 2942/2942/2824 2941/2941/2823
f 2943/2943/2825 2973/2973/2855 2941/2941/2823
f 2973/2973/2855 2944/2944/2826 2941/2941/2823
f 5256/5256/4993 2948/2948/2830 2973/2973/2855
f 2948/2948/2830 2944/2944/2826 2973/2973/2855
f 2940/2940/2822 2939/2939/2821 5257/5257/4994
f 2939/2939/2821 2948/2948/2830 5257/5257/4994
f 2953/2953/2835 2922/2922/2804 2954/2954/2836
f 2922/2922/2804 2921/2921/2803 2954/2954/2836
f 2951/2951/2833 2953/2953/2835 2956/2956/2838
f 2953/2953/2835 2952/2952/2834 2956/2956/2838
f 2955/2955/2837 2952/2952/2834 2958/2958/2840
f 2952/2952/2834 2959/2959/2841 2958/2958/2840
f 2961/2961/2843 2954/2954/2836 2928/2928/2810
f 2954/2954/2836 2921/2921/2803 2928/2928/2810
f 2423/2423/2311 2445/2445/2333 2930/2930/2812
f 2445/2445/2333 2964/2964/2846 2930/2930/2812
f 2962/2962/2844 2961/2961/2843 2968/2968/2850
f 2961/2961/2843 2963/2963/2845 2968/2968/2850
f 2968/2968/2850 2963/2963/2845 2965/2965/2847
f 2963/2963/2845 2964/2964/2846 2965/2965/2847
f 2962/2962/2844 2966/2966/2848 2959/2959/2841
f 2966/2966/2848 2957/2957/2839 2959/2959/2841
f 2971/2971/2853 2967/2967/2849 2969/2969/2851
f 2967/2967/2849 2966/2966/2848 2969/2969/2851
f 2970/2970/2852 2969/2969/2851 2464/2464/2352
f 2969/2969/2851 2965/2965/2847 2464/2464/2352
f 2972/2972/2854 2943/2943/2825 2976/2976/2858
f 2943/2943/2825 2974/2974/2856 2976/2976/2858
f 2978/2978/2860 2982/2982/2864 2979/2979/2861
f 2982/2982/2864 2980/2980/2862 2979/2979/2861
f 2469/2469/2357 2468/2468/2356 2980/2980/2862
f 2468/2468/2356 2949/2949/2831 2980/2980/2862
f 2978/2978/2860 2977/2977/2859 2988/2988/2870
f 2976/2976/2858 2986/2986/2868 2983/2983/2865
f 3010/3010/2892 3012/3012/2894 2988/2988/2870
f 3012/3012/2894 2987/2987/2869 2988/2988/2870
f 2990/2990/2872 2989/2989/2871 3012/3012/2894
f 2989/2989/2871 2987/2987/2869 3012/3012/2894
f 2469/2469/2357 2982/2982/2864 2475/2475/2363
f 2982/2982/2864 2989/2989/2871 2475/2475/2363
f 2994/2994/2876 2992/2992/2874 2967/2967/2849
f 2992/2992/2874 2957/2957/2839 2967/2967/2849
f 2992/2992/2874 2995/2995/2877 2991/2991/2873
f 2995/2995/2877 3004/3004/2886 2991/2991/2873
f 2996/2996/2878 2994/2994/2876 5258/5258/4995
f 2994/2994/2876 2998/2998/2880 5258/5258/4995
f 2511/2511/2399 3000/3000/2882 2512/2512/2400
f 3000/3000/2882 2997/2997/2879 2512/2512/2400
f 2996/2996/2878 3001/3001/2883 2995/2995/2877
f 3001/3001/2883 3005/3005/2887 2995/2995/2877
f 3033/3033/2915 3006/3006/2888 3009/3009/2891
f 3006/3006/2888 3008/3008/2890 3009/3009/2891
f 2500/2500/2388 2993/2993/2875 2999/2999/2881
f 2993/2993/2875 3008/3008/2890 2999/2999/2881
f 3018/3018/2900 5259/5259/4996 2984/2984/2866
f 5259/5259/4996 2985/2985/2867 2984/2984/2866
f 3022/3022/2904 3014/3014/2896 3016/3016/2898
f 3014/3014/2896 3013/3013/2895 3016/3016/2898
f 2476/2476/2364 2990/2990/2872 2515/2515/2403
f 2990/2990/2872 3021/3021/2903 2515/2515/2403
f 3023/3023/2905 2519/2519/2407 3014/3014/2896
f 2519/2519/2407 3021/3021/2903 3014/3014/2896
f 3026/3026/2908 3022/3022/2904 3027/3027/2909
f 3022/3022/2904 3016/3016/2898 3027/3027/2909
f 3025/3025/2907 3031/3031/2913 3026/3026/2908
f 3031/3031/2913 3029/3029/2911 3026/3026/2908
f 3030/3030/2912 2523/2523/2411 3029/3029/2911
f 2523/2523/2411 3023/3023/2905 3029/3029/2911
f 3032/3032/2914 5260/5260/4997 3033/3033/2915
f 3036/3036/2918 3035/3035/2917 3002/3002/2884
f 2993/2993/2875 2547/2547/2435 3009/3009/2891
f 3040/3040/2922 3042/3042/2924 5261/5261/4998
f 3038/3038/2920 3037/3037/2919 3043/3043/2925
f 3037/3037/2919 3042/3042/2924 3043/3043/2925
f 3050/3050/2932 3046/3046/2928 3048/3048/2930
f 3046/3046/2928 3045/3045/2927 3048/3048/2930
f 3038/3038/2920 3045/3045/2927 3036/3036/2918
f 3045/3045/2927 3044/3044/2926 3036/3036/2918
f 3041/3041/2923 3052/3052/2934 3043/3043/2925
f 3052/3052/2934 3051/3051/2933 3043/3043/2925
f 2575/2575/2463 3080/3080/2962 5262/5262/4999
f 3054/3054/2936 3048/3048/2930 3051/3051/2933
f 3055/3055/2937 3057/3057/2939 3025/3025/2907
f 3057/3057/2939 3056/3056/2938 3025/3025/2907
f 3060/3060/2942 2580/2580/2468 3031/3031/2913
f 2580/2580/2468 3030/3030/2912 3031/3031/2913
f 3061/3061/2943 3060/3060/2942 3058/3058/2940
f 3060/3060/2942 3056/3056/2938 3058/3058/2940
f 3063/3063/2945 3062/3062/2944 3059/3059/2941
f 3062/3062/2944 3057/3057/2939 3059/3059/2941
f 3062/3062/2944 3064/3064/2946 3065/3065/2947
f 3064/3064/2946 3067/3067/2949 3065/3065/2947
f 3058/3058/2940 3065/3065/2947 3061/3061/2943
f 3065/3065/2947 3066/3066/2948 3061/3061/2943
f 3071/3071/2953 3070/3070/2952 3069/3069/2951
f 3070/3070/2952 3068/3068/2950 3069/3069/2951
f 2583/2583/2471 3066/3066/2948 3070/3070/2952
f 3066/3066/2948 3068/3068/2950 3070/3070/2952
f 3072/3072/2954 3050/3050/2932 3075/3075/2957
f 3050/3050/2932 3073/3073/2955 3075/3075/2957
f 2575/2575/2463 2622/2622/2510 3080/3080/2962
f 2622/2622/2510 3077/3077/2959 3080/3080/2962
f 3090/3090/2972 3079/3079/2961 3078/3078/2960
f 3079/3079/2961 3077/3077/2959 3078/3078/2960
f 3092/3092/2974 3074/3074/2956 3081/3081/2963
f 3074/3074/2956 3073/3073/2955 3081/3081/2963
f 5263/5263/5000 5264/5264/5000 5265/5265/5000
f 3085/3085/2967 3075/3075/2957 3074/3074/2956
f 3083/3083/2965 3082/3082/2964 3113/3113/2995
f 3082/3082/2964 3086/3086/2968 3113/3113/2995
f 3088/3088/2970 3087/3087/2969 2629/2629/2517
f 3087/3087/2969 3078/3078/2960 2629/2629/2517
f 3089/3089/2971 3119/3119/3001 3087/3087/2969
f 3113/3113/2995 3086/3086/2968 5266/5266/5001
f 3100/3100/2982 3069/3069/2951 3094/3094/2976
f 3069/3069/2951 3067/3067/2949 3094/3094/2976
f 3094/3094/2976 3093/3093/2975 3099/3099/2981
f 3093/3093/2975 3701/3701/3580 3099/3099/2981
f 2591/2591/2479 3071/3071/2953 2634/2634/2520
f 3071/3071/2953 3103/3103/2985 2634/2634/2520
f 3101/3101/2983 3107/3107/2989 3100/3100/2982
f 3107/3107/2989 3102/3102/2984 3100/3100/2982
f 3107/3107/2989 3104/3104/2986 3102/3102/2984
f 3104/3104/2986 3103/3103/2985 3102/3102/2984
f 3095/3095/2977 3099/3099/2981 3096/3096/2978
f 3099/3099/2981 3701/3701/3580 3096/3096/2978
f 3101/3101/2983 3095/3095/2977 3105/3105/2987
f 3095/3095/2977 3098/3098/2980 3105/3105/2987
f 3141/3141/3023 3108/3108/2990 3106/3106/2988
f 3108/3108/2990 3105/3105/2987 3106/3106/2988
f 3108/3108/2990 3141/3141/3023 3109/3109/2991
f 3141/3141/3023 3110/3110/2992 3109/3109/2991
f 3109/3109/2991 2639/2639/2525 3104/3104/2986
f 2639/2639/2525 2638/2638/2524 3104/3104/2986
f 3112/3112/2994 3083/3083/2965 3116/3116/2998
f 3083/3083/2965 3114/3114/2996 3116/3116/2998
f 3118/3118/3000 3089/3089/2971 2668/2668/2554
f 3089/3089/2971 2664/2664/2550 2668/2668/2554
f 5267/5267/5002 3115/3115/2997 3121/3121/3003
f 3115/3115/2997 3114/3114/2996 3121/3121/3003
f 3124/3124/3006 3117/3117/2999 3122/3122/3004
f 3117/3117/2999 3116/3116/2998 3122/3122/3004
f 3122/3122/3004 3125/3125/3007 3123/3123/3005
f 3125/3125/3007 3128/3128/3010 3123/3123/3005
f 3115/3115/2997 5267/5267/5002 3125/3125/3007
f 5267/5267/5002 3130/3130/3012 3125/3125/3007
f 3132/3132/3014 3126/3126/3008 2675/2675/2561
f 3126/3126/3008 2676/2676/2562 2675/2675/2561
f 3137/3137/3019 3106/3106/2988 3135/3135/3017
f 3106/3106/2988 3098/3098/2980 3135/3135/3017
f 3135/3135/3017 3134/3134/3016 3136/3136/3018
f 3134/3134/3016 3148/3148/3030 3136/3136/3018
f 3138/3138/3020 3140/3140/3022 3136/3136/3018
f 3140/3140/3022 3137/3137/3019 3136/3136/3018
f 3142/3142/3024 2683/2683/2569 3110/3110/2992
f 2683/2683/2569 2682/2682/2568 3110/3110/2992
f 3144/3144/3026 2683/2683/2569 3140/3140/3022
f 2683/2683/2569 3142/3142/3024 3140/3140/3022
f 3147/3147/3029 3138/3138/3020 3145/3145/3027
f 3138/3138/3020 3149/3149/3031 3145/3145/3027
f 3146/3146/3028 3152/3152/3034 3147/3147/3029
f 3152/3152/3034 3150/3150/3032 3147/3147/3029
f 3151/3151/3033 2684/2684/2570 3150/3150/3032
f 2684/2684/2570 3144/3144/3026 3150/3150/3032
f 3153/3153/3035 2685/2685/2571 3151/3151/3033
f 2685/2685/2571 2684/2684/2570 3151/3151/3033
f 3159/3159/3041 3157/3157/3039 3129/3129/3011
f 3157/3157/3039 3128/3128/3010 3129/3129/3011
f 3157/3157/3039 3160/3160/3042 3156/3156/3038
f 3160/3160/3042 3165/3165/3047 3156/3156/3038
f 3132/3132/3014 2719/2719/2605 5268/5268/5003
f 2719/2719/2605 3163/3163/3045 5268/5268/5003
f 3161/3161/3043 3159/3159/3041 5269/5269/5004
f 5270/5270/5005 3163/3163/3045 3164/3164/3046
f 3174/3174/3056 3168/3168/3050 3175/3175/3057
f 3168/3168/3050 3167/3167/3049 3175/3175/3057
f 3161/3161/3043 3167/3167/3049 3160/3160/3042
f 3167/3167/3049 3166/3166/3048 3160/3160/3042
f 3176/3176/3058 3172/3172/3054 3158/3158/3040
f 3172/3172/3054 3171/3171/3053 3158/3158/3040
f 2720/2720/2606 3158/3158/3040 3164/3164/3046
f 3158/3158/3040 3171/3171/3053 3164/3164/3046
f 3179/3179/3061 3181/3181/3063 3146/3146/3028
f 3181/3181/3063 3180/3180/3062 3146/3146/3028
f 3180/3180/3062 3185/3185/3067 3152/3152/3034
f 3185/3185/3067 3184/3184/3066 3152/3152/3034
f 3187/3187/3069 3186/3186/3068 3183/3183/3065
f 3186/3186/3068 3181/3181/3063 3183/3183/3065
f 3186/3186/3068 3188/3188/3070 3189/3189/3071
f 3188/3188/3070 3194/3194/3076 3189/3189/3071
f 2694/2694/2580 3154/3154/3036 2721/2721/2607
f 3154/3154/3036 3192/3192/3074 2721/2721/2607
f 3154/3154/3036 3153/3153/3035 3190/3190/3072
f 3153/3153/3035 3184/3184/3066 3190/3190/3072
f 3191/3191/3073 3193/3193/3075 3190/3190/3072
f 3193/3193/3075 3192/3192/3074 3190/3190/3072
f 3191/3191/3073 3185/3185/3067 3195/3195/3077
f 3185/3185/3067 3189/3189/3071 3195/3195/3077
f 3241/3241/3123 3197/3197/3079 3196/3196/3078
f 3197/3197/3079 3195/3195/3077 3196/3196/3078
f 3197/3197/3079 3241/3241/3123 3198/3198/3080
f 3241/3241/3123 3199/3199/3081 3198/3198/3080
f 3198/3198/3080 2726/2726/2612 3193/3193/3075
f 2726/2726/2612 2725/2725/2611 3193/3193/3075
f 3201/3201/3083 2727/2727/2613 3200/3200/3082
f 2727/2727/2613 2726/2726/2612 3200/3200/3082
f 3203/3203/3085 3202/3202/3084 5271/5271/5006
f 3202/3202/3084 5272/5272/5007 5271/5271/5006
f 5271/5271/5006 2738/2738/2624 3203/3203/3085
f 2738/2738/2624 2737/2737/2623 3203/3203/3085
f 3224/3224/3106 2741/2741/2627 3206/3206/3088
f 2741/2741/2627 2740/2740/2626 3206/3206/3088
f 3207/3207/3089 3174/3174/3056 3210/3210/3092
f 3174/3174/3056 3208/3208/3090 3210/3210/3092
f 2742/2742/2628 3212/3212/3094 2743/2743/2629
f 3212/3212/3094 3176/3176/3058 2743/2743/2629
f 3228/3228/3110 3214/3214/3096 3213/3213/3095
f 3214/3214/3096 3212/3212/3094 3213/3213/3095
f 3228/3228/3110 3229/3229/3111 3214/3214/3096
f 3229/3229/3111 3215/3215/3097 3214/3214/3096
f 3218/3218/3100 3211/3211/3093 3216/3216/3098
f 3211/3211/3093 3210/3210/3092 3216/3216/3098
f 3222/3222/3104 3221/3221/3103 3229/3229/3111
f 3221/3221/3103 3220/3220/3102 3229/3229/3111
f 2741/2741/2627 3226/3226/3108 2742/2742/2628
f 3226/3226/3108 3213/3213/3095 2742/2742/2628
f 3226/3226/3108 3225/3225/3107 3227/3227/3109
f 3225/3225/3107 3262/3262/3144 3227/3227/3109
f 3262/3262/3144 3223/3223/3105 3227/3227/3109
f 3223/3223/3105 3222/3222/3104 3227/3227/3109
f 3231/3231/3113 3230/3230/3112 3232/3232/3114
f 3230/3230/3112 3188/3188/3070 3232/3232/3114
f 3234/3234/3116 3237/3237/3119 3231/3231/3113
f 3237/3237/3119 3236/3236/3118 3231/3231/3113
f 3239/3239/3121 3196/3196/3078 3230/3230/3112
f 3196/3196/3078 3194/3194/3076 3230/3230/3112
f 3240/3240/3122 3249/3249/3131 3239/3239/3121
f 3249/3249/3131 3243/3243/3125 3239/3239/3121
f 3249/3249/3131 3244/3244/3126 3243/3243/3125
f 3244/3244/3126 3242/3242/3124 3243/3243/3125
f 3242/3242/3124 2747/2747/2633 3199/3199/3081
f 2747/2747/2633 2746/2746/2632 3199/3199/3081
f 3201/3201/3083 3200/3200/3082 2745/2745/2631
f 3200/3200/3082 2746/2746/2632 2745/2745/2631
f 3240/3240/3122 3236/3236/3118 3250/3250/3132
f 3236/3236/3118 3235/3235/3117 3250/3250/3132
f 3245/3245/3127 3247/3247/3129 3235/3235/3117
f 3247/3247/3129 3250/3250/3132 3235/3235/3117
f 3253/3253/3135 3252/3252/3134 3248/3248/3130
f 3252/3252/3134 3247/3247/3129 3248/3248/3130
f 3252/3252/3134 2748/2748/2634 3244/3244/3126
f 2748/2748/2634 2747/2747/2633 3244/3244/3126
f 5273/5273/5008 2753/2753/2639 5274/5274/5009
f 2753/2753/2639 2755/2755/2641 5274/5274/5009
f 3224/3224/3106 3206/3206/3088 2758/2758/2644
f 3206/3206/3088 2759/2759/2645 2758/2758/2644
f 3221/3221/3103 3260/3260/3142 3219/3219/3101
f 3260/3260/3142 3259/3259/3141 3219/3219/3101
f 2775/2775/2659 3261/3261/3143 2758/2758/2644
f 3261/3261/3143 3225/3225/3107 2758/2758/2644
f 3265/3265/3147 3264/3264/3146 3263/3263/3145
f 3264/3264/3146 3261/3261/3143 3263/3263/3145
f 3264/3264/3146 3266/3266/3148 3223/3223/3105
f 3266/3266/3148 3260/3260/3142 3223/3223/3105
f 2778/2778/2662 3272/3272/3154 2779/2779/2663
f 3272/3272/3154 3263/3263/3145 2779/2779/2663
f 3273/3273/3155 3271/3271/3153 3272/3272/3154
f 3271/3271/3153 3270/3270/3152 3272/3272/3154
f 3270/3270/3152 3268/3268/3150 3265/3265/3147
f 3268/3268/3150 3266/3266/3148 3265/3265/3147
f 3259/3259/3141 3275/3275/3157 3258/3258/3140
f 3275/3275/3157 3280/3280/3162 3258/3258/3140
f 3276/3276/3158 3268/3268/3150 3277/3277/3159
f 3268/3268/3150 3267/3267/3149 3277/3277/3159
f 3276/3276/3158 3277/3277/3159 3275/3275/3157
f 3277/3277/3159 3281/3281/3163 3275/3275/3157
f 3283/3283/3165 3282/3282/3164 3286/3286/3168
f 3282/3282/3164 3294/3294/3176 3286/3286/3168
f 3284/3284/3166 3245/3245/3127 3286/3286/3168
f 3245/3245/3127 3283/3283/3165 3286/3286/3168
f 3289/3289/3171 3287/3287/3169 3285/3285/3167
f 3287/3287/3169 3284/3284/3166 3285/3285/3167
f 3287/3287/3169 3290/3290/3172 3248/3248/3130
f 3290/3290/3172 3288/3288/3170 3248/3248/3130
f 2751/2751/2637 3253/3253/3135 2785/2785/2667
f 3253/3253/3135 3288/3288/3170 2785/2785/2667
f 3293/3293/3175 3285/3285/3167 3291/3291/3173
f 3285/3285/3167 3295/3295/3177 3291/3291/3173
f 3293/3293/3175 3298/3298/3180 3289/3289/3171
f 3298/3298/3180 3297/3297/3179 3289/3289/3171
f 3299/3299/3181 2787/2787/2669 3300/3300/3182
f 2787/2787/2669 2785/2785/2667 3300/3300/3182
f 3301/3301/3183 3302/3302/3184 3300/3300/3182
f 3302/3302/3184 3299/3299/3181 3300/3300/3182
f 3301/3301/3183 3290/3290/3172 3303/3303/3185
f 3290/3290/3172 3297/3297/3179 3303/3303/3185
f 3353/3353/3235 3305/3305/3187 3304/3304/3186
f 3305/3305/3187 3303/3303/3185 3304/3304/3186
f 3305/3305/3187 3353/3353/3235 3306/3306/3188
f 3353/3353/3235 3307/3307/3189 3306/3306/3188
f 3306/3306/3188 2795/2795/2677 3302/3302/3184
f 2795/2795/2677 2794/2794/2676 3302/3302/3184
f 3310/3310/3192 3273/3273/3155 2805/2805/2687
f 3273/3273/3155 2803/2803/2685 2805/2805/2687
f 3310/3310/3192 3312/3312/3194 3271/3271/3153
f 3312/3312/3194 3309/3309/3191 3271/3271/3153
f 3335/3335/3217 3313/3313/3195 2811/2811/2693
f 3313/3313/3195 2812/2812/2694 2811/2811/2693
f 3314/3314/3196 3278/3278/3160 3309/3309/3191
f 3278/3278/3160 3267/3267/3149 3309/3309/3191
f 5275/5275/5010 3279/3279/3161 3315/3315/3197
f 3279/3279/3161 3278/3278/3160 3315/3315/3197
f 3327/3327/3209 3319/3319/3201 5276/5276/5011
f 5277/5277/5012 3315/3315/3197 3314/3314/3196
f 3326/3326/3208 3333/3333/3215 3319/3319/3201
f 3333/3333/3215 3318/3318/3200 3319/3319/3201
f 3330/3330/3212 3322/3322/3204 3331/3331/3213
f 5278/5278/5013 3318/3318/3200 3333/3333/3215
f 3326/3326/3208 3325/3325/3207 3334/3334/3216
f 3337/3337/3219 3340/3340/3222 3387/3387/3269
f 3323/3323/3205 3312/3312/3194 3336/3336/3218
f 3312/3312/3194 3313/3313/3195 3336/3336/3218
f 3338/3338/3220 3337/3337/3219 3335/3335/3217
f 3337/3337/3219 3336/3336/3218 3335/3335/3217
f 3343/3343/3225 3342/3342/3224 3298/3298/3180
f 3342/3342/3224 3296/3296/3178 3298/3298/3180
f 3341/3341/3223 3345/3345/3227 3343/3343/3225
f 3345/3345/3227 3344/3344/3226 3343/3343/3225
f 3349/3349/3231 3304/3304/3186 3342/3342/3224
f 3304/3304/3186 3296/3296/3178 3342/3342/3224
f 3350/3350/3232 3352/3352/3234 3348/3348/3230
f 3352/3352/3234 3349/3349/3231 3348/3348/3230
f 3356/3356/3238 3357/3357/3239 3307/3307/3189
f 3357/3357/3239 3308/3308/3190 3307/3307/3189
f 2799/2799/2681 3308/3308/3190 2816/2816/2698
f 3308/3308/3190 3357/3357/3239 2816/2816/2698
f 3352/3352/3234 3351/3351/3233 3356/3356/3238
f 3351/3351/3233 3358/3358/3240 3356/3356/3238
f 3347/3347/3229 3362/3362/3244 3344/3344/3226
f 3362/3362/3244 3348/3348/3230 3344/3344/3226
f 3361/3361/3243 3350/3350/3232 3359/3359/3241
f 3350/3350/3232 3362/3362/3244 3359/3359/3241
f 3361/3361/3243 3365/3365/3247 3351/3351/3233
f 3365/3365/3247 3364/3364/3246 3351/3351/3233
f 5279/5279/5014 2819/2819/2701 3367/3367/3249
f 2819/2819/2701 2816/2816/2698 3367/3367/3249
f 3368/3368/3250 3376/3376/3258 3367/3367/3249
f 3376/3376/3258 5279/5279/5014 3367/3367/3249
f 3370/3370/3252 3372/3372/3254 3363/3363/3245
f 3372/3372/3254 3373/3373/3255 3363/3363/3245
f 3368/3368/3250 3358/3358/3240 3373/3373/3255
f 3358/3358/3240 3364/3364/3246 3373/3373/3255
f 3379/3379/3261 3378/3378/3260 3419/3419/3301
f 3377/3377/3259 3372/3372/3254 3374/3374/3256
f 3377/3377/3259 5280/5280/5015 3376/3376/3258
f 2824/2824/2706 2823/2823/2705 3369/3369/3251
f 3400/3400/3282 2826/2826/2708 3379/3379/3261
f 2826/2826/2708 2824/2824/2706 3379/3379/3261
f 3387/3387/3269 3386/3386/3268 3384/3384/3266
f 3386/3386/3268 3385/3385/3267 3384/3384/3266
f 2827/2827/2709 3389/3389/3271 2828/2828/2710
f 3389/3389/3271 3338/3338/3220 2828/2828/2710
f 3390/3390/3272 3380/3380/3262 2827/2827/2709
f 3380/3380/3262 3389/3389/3271 2827/2827/2709
f 3391/3391/3273 3402/3402/3284 3340/3340/3222
f 3402/3402/3284 3386/3386/3268 3340/3340/3222
f 3380/3380/3262 3388/3388/3270 3391/3391/3273
f 3388/3388/3270 3402/3402/3284 3391/3391/3273
f 3398/3398/3280 3393/3393/3275 3433/3433/3315
f 3393/3393/3275 3392/3392/3274 3433/3433/3315
f 3433/3433/3315 3392/3392/3274 3401/3401/3283
f 3392/3392/3274 3394/3394/3276 3401/3401/3283
f 3403/3403/3285 3399/3399/3281 3395/3395/3277
f 3399/3399/3281 3396/3396/3278 3395/3395/3277
f 3393/3393/3275 3399/3399/3281 3388/3388/3270
f 3399/3399/3281 3403/3403/3285 3388/3388/3270
f 2826/2826/2708 3400/3400/3282 3390/3390/3272
f 3400/3400/3282 3394/3394/3276 3390/3390/3272
f 3385/3385/3267 3405/3405/3287 3383/3383/3265
f 3405/3405/3287 3913/3913/3792 3383/3383/3265
f 3395/3395/3277 3397/3397/3279 3405/3405/3287
f 3397/3397/3279 3913/3913/3792 3405/3405/3287
f 3409/3409/3291 3408/3408/3290 3365/3365/3247
f 3408/3408/3290 3363/3363/3245 3365/3365/3247
f 3407/3407/3289 3411/3411/3293 3409/3409/3291
f 3411/3411/3293 3410/3410/3292 3409/3409/3291
f 3415/3415/3297 3370/3370/3252 3414/3414/3296
f 3370/3370/3252 3408/3408/3290 3414/3414/3296
f 3420/3420/3302 3417/3417/3299 3416/3416/3298
f 3417/3417/3299 3415/3415/3297 3416/3416/3298
f 5281/5281/5016 3430/3430/3312 3419/3419/3301
f 3430/3430/3312 3418/3418/3300 3419/3419/3301
f 3413/3413/3295 3422/3422/3304 3410/3410/3292
f 3422/3422/3304 3414/3414/3296 3410/3410/3292
f 3423/3423/3305 3425/3425/3307 3416/3416/3298
f 3425/3425/3307 3420/3420/3302 3416/3416/3298
f 3424/3424/3306 5282/5282/5017 3425/3425/3307
f 3441/3441/3323 3428/3428/3310 3427/3427/3309
f 3439/3439/3321 3438/3438/3320 3432/3432/3314
f 3438/3438/3320 3434/3434/3316 3432/3432/3314
f 3435/3435/3317 3398/3398/3280 3437/3437/3319
f 3398/3398/3280 3434/3434/3316 3437/3437/3319
f 3436/3436/3318 3435/3435/3317 3443/3443/3325
f 3435/3435/3317 3437/3437/3319 3443/3443/3325
f 3418/3418/3300 3430/3430/3312 3401/3401/3283
f 3430/3430/3312 3432/3432/3314 3401/3401/3283
f 3439/3439/3321 3428/3428/3310 3438/3438/3320
f 3428/3428/3310 3440/3440/3322 3438/3438/3320
f 3445/3445/3327 3449/3449/3331 3446/3446/3328
f 3449/3449/3331 3448/3448/3330 3446/3446/3328
f 3449/3449/3331 3445/3445/3327 2904/2904/2786
f 3445/3445/3327 2903/2903/2785 2904/2904/2786
f 3474/3474/3356 3447/3447/3329 2905/2905/2787
f 3447/3447/3329 2906/2906/2788 2905/2905/2787
f 3444/3444/3326 3455/3455/3337 2888/2888/2770
f 3455/3455/3337 2933/2933/2815 2888/2888/2770
f 3463/3463/3345 3464/3464/3346 3462/3462/3344
f 3464/3464/3346 3461/3461/3343 3462/3462/3344
f 3456/3456/3338 3464/3464/3346 2947/2947/2829
f 3464/3464/3346 2946/2946/2828 2947/2947/2829
f 3461/3461/3343 3456/3456/3338 3458/3458/3340
f 3456/3456/3338 3457/3457/3339 3458/3458/3340
f 3446/3446/3328 3470/3470/3352 3444/3444/3326
f 3470/3470/3352 3455/3455/3337 3444/3444/3326
f 3466/3466/3348 3457/3457/3339 3467/3467/3349
f 3457/3457/3339 3470/3470/3352 3467/3467/3349
f 3471/3471/3353 3448/3448/3330 3472/3472/3354
f 3448/3448/3330 3447/3447/3329 3472/3472/3354
f 3467/3467/3349 3471/3471/3353 3468/3468/3350
f 3471/3471/3353 3473/3473/3355 3468/3468/3350
f 3481/3481/3363 3477/3477/3359 3475/3475/3357
f 3477/3477/3359 3476/3476/3358 3475/3475/3357
f 3466/3466/3348 3476/3476/3358 3458/3458/3340
f 3476/3476/3358 3459/3459/3341 3458/3458/3340
f 3475/3475/3357 3468/3468/3350 3480/3480/3362
f 3468/3468/3350 3478/3478/3360 3480/3480/3362
f 2918/2918/2800 2951/2951/2833 3451/3451/3333
f 2951/2951/2833 3489/3489/3371 3451/3451/3333
f 3451/3451/3333 3487/3487/3369 3452/3452/3334
f 3487/3487/3369 3486/3486/3368 3452/3452/3334
f 3483/3483/3365 3488/3488/3370 3484/3484/3366
f 3488/3488/3370 3487/3487/3369 3484/3484/3366
f 3490/3490/3372 3484/3484/3366 2956/2956/2838
f 3484/3484/3366 3489/3489/3371 2956/2956/2838
f 3528/3528/3410 3493/3493/3375 3491/3491/3373
f 3493/3493/3375 3492/3492/3374 3491/3491/3373
f 3483/3483/3365 3492/3492/3374 3496/3496/3378
f 3492/3492/3374 3494/3494/3376 3496/3496/3378
f 3528/3528/3410 3491/3491/3373 3498/3498/3380
f 3491/3491/3373 3495/3495/3377 3498/3498/3380
f 3497/3497/3379 3495/3495/3377 2955/2955/2837
f 3495/3495/3377 3490/3490/3372 2955/2955/2837
f 3500/3500/3382 3502/3502/3384 3460/3460/3342
f 3502/3502/3384 3462/3462/3344 3460/3460/3342
f 3500/3500/3382 3460/3460/3342 3501/3501/3383
f 3460/3460/3342 3459/3459/3341 3501/3501/3383
f 2942/2942/2824 3463/3463/3345 2974/2974/2856
f 3463/3463/3345 3505/3505/3387 2974/2974/2856
f 3515/3515/3397 3506/3506/3388 3507/3507/3389
f 3506/3506/3388 3505/3505/3387 3507/3507/3389
f 3515/3515/3397 3507/3507/3389 3504/3504/3386
f 3507/3507/3389 3502/3502/3384 3504/3504/3386
f 3499/3499/3381 3523/3523/3405 3508/3508/3390
f 3523/3523/3405 3510/3510/3392 3508/3508/3390
f 3511/3511/3393 3504/3504/3386 3509/3509/3391
f 3504/3504/3386 3508/3508/3390 3509/3509/3391
f 2984/2984/2866 2986/2986/2868 3514/3514/3396
f 2986/2986/2868 3506/3506/3388 3514/3514/3396
f 3513/3513/3395 3514/3514/3396 3512/3512/3394
f 3514/3514/3396 3511/3511/3393 3512/3512/3394
f 3501/3501/3383 3516/3516/3398 3499/3499/3381
f 3516/3516/3398 3522/3522/3404 3499/3499/3381
f 3481/3481/3363 3521/3521/3403 3477/3477/3359
f 3521/3521/3403 3516/3516/3398 3477/3477/3359
f 3520/3520/3402 3480/3480/3362 5283/5283/5018
f 3480/3480/3362 3479/3479/3361 5283/5283/5018
f 3521/3521/3403 3520/3520/3402 4000/4000/3875
f 3520/3520/3402 5284/5284/5019 4000/4000/3875
f 3529/3529/3411 3527/3527/3409 3493/3493/3375
f 3527/3527/3409 3519/3519/3401 3493/3493/3375
f 3534/3534/3416 3530/3530/3412 3531/3531/3413
f 3530/3530/3412 3529/3529/3411 3531/3531/3413
f 3531/3531/3413 3498/3498/3380 3533/3533/3415
f 3498/3498/3380 3532/3532/3414 3533/3533/3415
f 2958/2958/2840 2991/2991/2873 3497/3497/3379
f 2991/2991/2873 3532/3532/3414 3497/3497/3379
f 3526/3526/3408 3517/3517/3399 3538/3538/3420
f 3517/3517/3399 3527/3527/3409 3538/3538/3420
f 3535/3535/3417 3537/3537/3419 3530/3530/3412
f 3537/3537/3419 3538/3538/3420 3530/3530/3412
f 3535/3535/3417 3534/3534/3416 3541/3541/3423
f 3534/3534/3416 3539/3539/3421 3541/3541/3423
f 3543/3543/3425 3544/3544/3426 3533/3533/3415
f 3544/3544/3426 3539/3539/3421 3533/3533/3415
f 3547/3547/3429 3545/3545/3427 3546/3546/3428
f 3545/3545/3427 3544/3544/3426 3546/3546/3428
f 3004/3004/2886 3005/3005/2887 3543/3543/3425
f 3005/3005/2887 3546/3546/3428 3543/3543/3425
f 3509/3509/3391 3510/3510/3392 3550/3550/3432
f 3510/3510/3392 3549/3549/3431 3550/3550/3432
f 3551/3551/3433 3019/3019/2901 3513/3513/3395
f 3019/3019/2901 3018/3018/2900 3513/3513/3395
f 3551/3551/3433 3512/3512/3394 3553/3553/3435
f 3512/3512/3394 3550/3550/3432 3553/3553/3435
f 3624/3624/3504 3561/3561/3443 3558/3558/3440
f 3561/3561/3443 3557/3557/3439 3558/3558/3440
f 3552/3552/3434 3561/3561/3443 3019/3019/2901
f 3560/3560/3442 3027/3027/2909 3028/3028/2910
f 3557/3557/3439 3552/3552/3434 3554/3554/3436
f 3552/3552/3434 3553/3553/3435 3554/3554/3436
f 3563/3563/3445 3562/3562/3444 3568/3568/3450
f 3562/3562/3444 3565/3565/3447 3568/3568/3450
f 3577/3577/3459 3576/3576/3458 3578/3578/3460
f 5285/5285/5020 5286/5286/5020 5287/5287/5021
f 3571/3571/3453 3570/3570/3452 3567/3567/3449
f 3570/3570/3452 3583/3583/3465 3567/3567/3449
f 3588/3588/3470 3581/3581/3463 3579/3579/3461
f 3581/3581/3463 3580/3580/3462 3579/3579/3461
f 3577/3577/3459 3580/3580/3462 3554/3554/3436
f 3580/3580/3462 3555/3555/3437 3554/3554/3436
f 3590/3590/3472 5287/5287/5021 3586/3586/3468
f 5287/5287/5021 5288/5288/5022 3586/3586/3468
f 3586/3586/3468 3585/3585/3467 3589/3589/3471
f 3585/3585/3467 3605/3605/3485 3589/3589/3471
f 5289/5289/5023 3600/3600/3482 3569/3569/3451
f 3600/3600/3482 3570/3570/3452 3569/3569/3451
f 3536/3536/3418 3595/3595/3477 3537/3537/3419
f 3595/3595/3477 4061/4061/3936 3537/3537/3419
f 3597/3597/3479 3596/3596/3478 3541/3541/3423
f 3596/3596/3478 3536/3536/3418 3541/3541/3423
f 3599/3599/3481 5290/5290/5024 3596/3596/3478
f 3610/3610/3490 5291/5291/5025 5292/5292/5025
f 5293/5293/5026 5294/5294/5026 5295/5295/5026
f 5296/5296/5027 5297/5297/5027 5298/5298/5027
f 3593/3593/3475 3594/3594/3476 3585/3585/3467
f 3594/3594/3476 3606/3606/3486 3585/3585/3467
f 5299/5299/5028 3599/3599/3481 3613/3613/3493
f 3599/3599/3481 3611/3611/3491 3613/3613/3493
f 3616/3616/3496 3598/3598/3480 3545/3545/3427
f 3598/3598/3480 3597/3597/3479 3545/3545/3427
f 3034/3034/2916 3616/3616/3496 3035/3035/2917
f 3616/3616/3496 3547/3547/3429 3035/3035/2917
f 3617/3617/3497 3618/3618/3498 3598/3598/3480
f 3618/3618/3498 3611/3611/3491 3598/3598/3480
f 5300/5300/5029 5301/5301/5029 5302/5302/5029
f 3619/3619/3499 3618/3618/3498 3620/3620/3500
f 3034/3034/2916 3044/3044/2926 3617/3617/3497
f 3044/3044/2926 3620/3620/3500 3617/3617/3497
f 3625/3625/3505 3059/3059/2941 3559/3559/3441
f 3059/3059/2941 3055/3055/2937 3559/3559/3441
f 3623/3623/3503 3558/3558/3440 3627/3627/3507
f 3558/3558/3440 3622/3622/3502 3627/3627/3507
f 3634/3634/3514 3063/3063/2945 3635/3635/3515
f 3063/3063/2945 3626/3626/3506 3635/3635/3515
f 3632/3632/3512 3628/3628/3508 3629/3629/3509
f 3628/3628/3508 3627/3627/3507 3629/3629/3509
f 3638/3638/3518 3622/3622/3502 3581/3581/3463
f 3622/3622/3502 3555/3555/3437 3581/3581/3463
f 3646/3646/3526 3638/3638/3518 3644/3644/3524
f 3638/3638/3518 3637/3637/3517 3644/3644/3524
f 3640/3640/3520 3645/3645/3525 3642/3642/3522
f 3643/3643/3523 3637/3637/3517 3588/3588/3470
f 3640/3640/3520 3589/3589/3471 3641/3641/3521
f 3589/3589/3471 3605/3605/3485 3641/3641/3521
f 3644/3644/3524 3650/3650/3530 3647/3647/3527
f 3650/3650/3530 3648/3648/3528 3647/3647/3527
f 3646/3646/3526 3647/3647/3527 3629/3629/3509
f 3647/3647/3527 3630/3630/3510 3629/3629/3509
f 4094/4094/3969 3650/3650/3530 5303/5303/5030
f 3650/3650/3530 3643/3643/3523 5303/5303/5030
f 3641/3641/3521 3653/3653/3533 3639/3639/3519
f 3653/3653/3533 3659/3659/3539 3639/3639/3519
f 5304/5304/5031 5305/5305/5031 5306/5306/5031
f 5307/5307/5032 5308/5308/5032 5309/5309/5032
f 3655/3655/3535 3613/3613/3493 3656/3656/3536
f 3613/3613/3493 3612/3612/3492 3656/3656/3536
f 3658/3658/3538 3657/3657/3537 3662/3662/3542
f 3657/3657/3537 3660/3660/3540 3662/3662/3542
f 3666/3666/3546 3656/3656/3536 3619/3619/3499
f 3656/3656/3536 3612/3612/3492 3619/3619/3499
f 3669/3669/3549 3665/3665/3545 3667/3667/3547
f 3665/3665/3545 3666/3666/3546 3667/3667/3547
f 3046/3046/2928 3072/3072/2954 3621/3621/3501
f 3072/3072/2954 3671/3671/3551 3621/3621/3501
f 3677/3677/3556 3667/3667/3547 3076/3076/2958
f 3667/3667/3547 3671/3671/3551 3076/3076/2958
f 3663/3663/3543 3654/3654/3534 3681/3681/3560
f 3654/3654/3534 3665/3665/3545 3681/3681/3560
f 3678/3678/3557 3680/3680/3559 3669/3669/3549
f 3680/3680/3559 3681/3681/3560 3669/3669/3549
f 3679/3679/3558 3678/3678/3557 3717/3717/3596
f 3678/3678/3557 3682/3682/3561 3717/3717/3596
f 3684/3684/3563 3717/3717/3596 3683/3683/3562
f 3717/3717/3596 3682/3682/3561 3683/3683/3562
f 3677/3677/3556 3076/3076/2958 3683/3683/3562
f 3676/3676/3555 5310/5310/5033 5311/5311/5033
f 3064/3064/2946 3634/3634/3514 3093/3093/2975
f 3634/3634/3514 3686/3686/3565 3093/3093/2975
f 3699/3699/3578 3685/3685/3564 3649/3649/3529
f 3685/3685/3564 3630/3630/3510 3649/3649/3529
f 3699/3699/3578 3649/3649/3529 3697/3697/3576
f 3649/3649/3529 3695/3695/3574 3697/3697/3576
f 3700/3700/3579 3686/3686/3565 5312/5312/5034
f 5313/5313/5035 3685/3685/3564 3699/3699/3578
f 3705/3705/3584 3702/3702/3581 5312/5312/5034
f 3702/3702/3581 3700/3700/3579 5312/5312/5034
f 3688/3688/3567 3697/3697/3576 3689/3689/3568
f 3697/3697/3576 3696/3696/3575 3689/3689/3568
f 3705/3705/3584 3692/3692/3571 3703/3703/3582
f 3692/3692/3571 3691/3691/3570 3703/3703/3582
f 3096/3096/2978 3702/3702/3581 3694/3694/3573
f 3702/3702/3581 3703/3703/3582 3694/3694/3573
f 3716/3716/3595 3679/3679/3558 3720/3720/3599
f 3679/3679/3558 3718/3718/3597 3720/3720/3599
f 3722/3722/3601 3684/3684/3563 3117/3117/2999
f 3684/3684/3563 3112/3112/2994 3117/3117/2999
f 3723/3723/3602 3719/3719/3598 3722/3722/3601
f 3719/3719/3598 3718/3718/3597 3722/3722/3601
f 3726/3726/3605 3721/3721/3600 3724/3724/3603
f 3721/3721/3600 3720/3720/3599 3724/3724/3603
f 3728/3728/3607 3727/3727/3606 3719/3719/3598
f 3727/3727/3606 3724/3724/3603 3719/3719/3598
f 3730/3730/3609 3728/3728/3607 3124/3124/3006
f 3728/3728/3607 3723/3723/3602 3124/3124/3006
f 3734/3734/3613 3704/3704/3583 3732/3732/3611
f 3704/3704/3583 3691/3691/3570 3732/3732/3611
f 3732/3732/3611 3731/3731/3610 3733/3733/3612
f 4198/4198/4071 3741/3741/3620 3743/3743/3622
f 3694/3694/3573 3704/3704/3583 3134/3134/3016
f 3704/3704/3583 3736/3736/3615 3134/3134/3016
f 3735/3735/3614 3737/3737/3616 3734/3734/3613
f 3737/3737/3616 3736/3736/3615 3734/3734/3613
f 3735/3735/3614 3733/3733/3612 3738/3738/3617
f 3733/3733/3612 5314/5314/5036 3738/3738/3617
f 3740/3740/3619 3769/3769/3648 3738/3738/3617
f 3769/3769/3648 3746/3746/3625 3738/3738/3617
f 3748/3748/3627 3747/3747/3626 3769/3769/3648
f 3747/3747/3626 3746/3746/3625 3769/3769/3648
f 3148/3148/3030 3737/3737/3616 3149/3149/3031
f 3737/3737/3616 3747/3747/3626 3149/3149/3031
f 3727/3727/3606 3751/3751/3630 3725/3725/3604
f 3751/3751/3630 3750/3750/3629 3725/3725/3604
f 3123/3123/3005 3156/3156/3038 3730/3730/3609
f 5315/5315/5037 5316/5316/5037 5317/5317/5037
f 3750/3750/3629 3754/3754/3633 3749/3749/3628
f 3754/3754/3633 3758/3758/3637 3749/3749/3628
f 3756/3756/3635 3753/3753/3632 3752/3752/3631
f 5318/5318/5038 5319/5319/5038 5320/5320/5038
f 3755/3755/3634 3753/3753/3632 3757/3757/3636
f 3753/3753/3632 3756/3756/3635 3757/3757/3636
f 3765/3765/3644 3761/3761/3640 3763/3763/3642
f 3761/3761/3640 3760/3760/3639 3763/3763/3642
f 3755/3755/3634 3760/3760/3639 3754/3754/3633
f 3760/3760/3639 3759/3759/3638 3754/3754/3633
f 3165/3165/3047 3166/3166/3048 3757/3757/3636
f 3166/3166/3048 3766/3766/3645 3757/3757/3636
f 3168/3168/3050 3767/3767/3646 3766/3766/3645
f 3767/3767/3646 3763/3763/3642 3766/3766/3645
f 3768/3768/3647 3740/3740/3619 3772/3772/3651
f 3740/3740/3619 3770/3770/3649 3772/3772/3651
f 3773/3773/3652 3775/3775/3654 3772/3772/3651
f 3775/3775/3654 3768/3768/3647 3772/3772/3651
f 3145/3145/3027 3748/3748/3627 3179/3179/3061
f 3748/3748/3627 3777/3777/3656 3179/3179/3061
f 3778/3778/3657 3183/3183/3065 3775/3775/3654
f 3183/3183/3065 3777/3777/3656 3775/3775/3654
f 3781/3781/3660 3773/3773/3652 3779/3779/3658
f 3773/3773/3652 3782/3782/3661 3779/3779/3658
f 3780/3780/3659 3785/3785/3664 3781/3781/3660
f 3785/3785/3664 3783/3783/3662 3781/3781/3660
f 3784/3784/3663 3187/3187/3069 3783/3783/3662
f 3187/3187/3069 3778/3778/3657 3783/3783/3662
f 3786/3786/3665 3765/3765/3644 3789/3789/3668
f 3765/3765/3644 3787/3787/3666 3789/3789/3668
f 3791/3791/3670 3767/3767/3646 3211/3211/3093
f 3767/3767/3646 3207/3207/3089 3211/3211/3093
f 3792/3792/3671 3788/3788/3667 3791/3791/3670
f 3788/3788/3667 3787/3787/3666 3791/3791/3670
f 3795/3795/3674 3790/3790/3669 3793/3793/3672
f 3790/3790/3669 3789/3789/3668 3793/3793/3672
f 3793/3793/3672 3796/3796/3675 3794/3794/3673
f 3796/3796/3675 3799/3799/3678 3794/3794/3673
f 3788/3788/3667 3792/3792/3671 3796/3796/3675
f 3792/3792/3671 3797/3797/3676 3796/3796/3675
f 3801/3801/3680 3797/3797/3676 3217/3217/3099
f 3797/3797/3676 3218/3218/3100 3217/3217/3099
f 3802/3802/3681 3804/3804/3683 3780/3780/3659
f 3804/3804/3683 3803/3803/3682 3780/3780/3659
f 3807/3807/3686 3232/3232/3114 3785/3785/3664
f 3232/3232/3114 3784/3784/3663 3785/3785/3664
f 3808/3808/3687 3807/3807/3686 3805/3805/3684
f 3807/3807/3686 3803/3803/3682 3805/3805/3684
f 3810/3810/3689 3809/3809/3688 3806/3806/3685
f 3809/3809/3688 3804/3804/3683 3806/3806/3685
f 3813/3813/3692 3805/3805/3684 3812/3812/3691
f 3805/3805/3684 3809/3809/3688 3812/3812/3691
f 3815/3815/3694 3234/3234/3116 3813/3813/3692
f 3234/3234/3116 3808/3808/3687 3813/3813/3692
f 3819/3819/3698 3817/3817/3696 3800/3800/3679
f 3817/3817/3696 3799/3799/3678 3800/3800/3679
f 3817/3817/3696 3820/3820/3699 3816/3816/3695
f 3820/3820/3699 3826/3826/3705 3816/3816/3695
f 3801/3801/3680 3823/3823/3702 3800/3800/3679
f 3823/3823/3702 3822/3822/3701 3800/3800/3679
f 3821/3821/3700 3819/3819/3698 3825/3825/3704
f 3819/3819/3698 3822/3822/3701 3825/3825/3704
f 3833/3833/3712 3829/3829/3708 3831/3831/3710
f 3829/3829/3708 3828/3828/3707 3831/3831/3710
f 3821/3821/3700 3828/3828/3707 3820/3820/3699
f 3828/3828/3707 3827/3827/3706 3820/3820/3699
f 3824/3824/3703 3835/3835/3714 3825/3825/3704
f 3835/3835/3714 3834/3834/3713 3825/3825/3704
f 3836/3836/3715 3837/3837/3716 3834/3834/3713
f 3837/3837/3716 3831/3831/3710 3834/3834/3713
f 3839/3839/3718 3847/3847/3726 3840/3840/3719
f 3847/3847/3726 3811/3811/3690 3840/3840/3719
f 3812/3812/3691 3811/3811/3690 3838/3838/3717
f 3811/3811/3690 3847/3847/3726 3838/3838/3717
f 3237/3237/3119 3815/3815/3694 3282/3282/3164
f 3815/3815/3694 3842/3842/3721 3282/3282/3164
f 3843/3843/3722 3846/3846/3725 3839/3839/3718
f 3846/3846/3725 3845/3845/3724 3839/3839/3718
f 3851/3851/3730 3842/3842/3721 3848/3848/3727
f 3842/3842/3721 3838/3838/3717 3848/3848/3727
f 3850/3850/3729 3852/3852/3731 3848/3848/3727
f 3852/3852/3731 3851/3851/3730 3848/3848/3727
f 3850/3850/3729 3845/3845/3724 3853/3853/3732
f 3845/3845/3724 3844/3844/3723 3853/3853/3732
f 3856/3856/3735 3855/3855/3734 3854/3854/3733
f 3855/3855/3734 3853/3853/3732 3854/3854/3733
f 3294/3294/3176 3852/3852/3731 3295/3295/3177
f 3852/3852/3731 3855/3855/3734 3295/3295/3177
f 3857/3857/3736 3833/3833/3712 3860/3860/3739
f 3833/3833/3712 3858/3858/3737 3860/3860/3739
f 3862/3862/3741 3837/3837/3716 3322/3322/3204
f 3837/3837/3716 3320/3320/3202 3322/3322/3204
f 3863/3863/3742 3859/3859/3738 3862/3862/3741
f 3859/3859/3738 3858/3858/3737 3862/3862/3741
f 3866/3866/3745 3861/3861/3740 3864/3864/3743
f 3861/3861/3740 3860/3860/3739 3864/3864/3743
f 3868/3868/3747 3867/3867/3746 3859/3859/3738
f 3867/3867/3746 3864/3864/3743 3859/3859/3738
f 3870/3870/3749 3868/3868/3747 3330/3330/3212
f 3868/3868/3747 3863/3863/3742 3330/3330/3212
f 3874/3874/3753 3854/3854/3733 3872/3872/3751
f 3854/3854/3733 3844/3844/3723 3872/3872/3751
f 3872/3872/3751 3871/3871/3750 3873/3873/3752
f 3871/3871/3750 3884/3884/3763 3873/3873/3752
f 3875/3875/3754 3877/3877/3756 3873/3873/3752
f 3877/3877/3756 3874/3874/3753 3873/3873/3752
f 3291/3291/3173 3856/3856/3735 3341/3341/3223
f 3856/3856/3735 3879/3879/3758 3341/3341/3223
f 3880/3880/3759 3345/3345/3227 3877/3877/3756
f 3345/3345/3227 3879/3879/3758 3877/3877/3756
f 3883/3883/3762 3875/3875/3754 3881/3881/3760
f 3875/3875/3754 3885/3885/3764 3881/3881/3760
f 3882/3882/3761 3888/3888/3767 3883/3883/3762
f 3888/3888/3767 3886/3886/3765 3883/3883/3762
f 3887/3887/3766 3346/3346/3228 3886/3886/3765
f 3346/3346/3228 3880/3880/3759 3886/3886/3765
f 3889/3889/3768 3347/3347/3229 3887/3887/3766
f 3347/3347/3229 3346/3346/3228 3887/3887/3766
f 3892/3892/3771 3867/3867/3746 3895/3895/3774
f 3867/3867/3746 3869/3869/3748 3895/3895/3774
f 3893/3893/3772 3892/3892/3771 4443/4443/4316
f 3892/3892/3771 3894/3894/3773 4443/4443/4316
f 3895/3895/3774 3869/3869/3748 3898/3898/3777
f 3869/3869/3748 3897/3897/3776 3898/3898/3777
f 3329/3329/3211 3908/3908/3787 3870/3870/3749
f 3908/3908/3787 3897/3897/3776 3870/3870/3749
f 3901/3901/3780 4443/4443/4316 3899/3899/3778
f 4443/4443/4316 3894/3894/3773 3899/3899/3778
f 5321/5321/5039 3902/3902/3781 3896/3896/3775
f 3902/3902/3781 3899/3899/3778 3896/3896/3775
f 3896/3896/3775 3898/3898/3777 5321/5321/5039
f 3898/3898/3777 3912/3912/3791 5321/5321/5039
f 3906/3906/3785 3907/3907/3786 3396/3396/3278
f 3907/3907/3786 3397/3397/3279 3396/3396/3278
f 3917/3917/3796 3919/3919/3798 3882/3882/3761
f 3919/3919/3798 3888/3888/3767 3882/3882/3761
f 3915/3915/3794 3921/3921/3800 3917/3917/3796
f 3921/3921/3800 3918/3918/3797 3917/3917/3796
f 3926/3926/3805 3928/3928/3807 3925/3925/3804
f 3928/3928/3807 3924/3924/3803 3925/3925/3804
f 3359/3359/3241 3890/3890/3769 3407/3407/3289
f 3890/3890/3769 3930/3930/3809 3407/3407/3289
f 3890/3890/3769 3889/3889/3768 3929/3929/3808
f 3889/3889/3768 3920/3920/3799 3929/3929/3808
f 3929/3929/3808 3920/3920/3799 3924/3924/3803
f 3920/3920/3799 3919/3919/3798 3924/3924/3803
f 3931/3931/3810 3411/3411/3293 3928/3928/3807
f 3411/3411/3293 3930/3930/3809 3928/3928/3807
f 3923/3923/3802 3935/3935/3814 3918/3918/3797
f 3935/3935/3814 3925/3925/3804 3918/3918/3797
f 3934/3934/3813 3926/3926/3805 3932/3932/3811
f 3926/3926/3805 3935/3935/3814 3932/3932/3811
f 3934/3934/3813 3938/3938/3817 3927/3927/3806
f 3938/3938/3817 3937/3937/3816 3927/3927/3806
f 3927/3927/3806 3937/3937/3816 3931/3931/3810
f 3937/3937/3816 3939/3939/3818 3931/3931/3810
f 3940/3940/3819 3942/3942/3821 3936/3936/3815
f 3942/3942/3821 3943/3943/3822 3936/3936/3815
f 3413/3413/3295 3939/3939/3818 3945/3945/3824
f 3939/3939/3818 3943/3943/3822 3945/3945/3824
f 3946/3946/3825 3423/3423/3305 3945/3945/3824
f 3423/3423/3305 3422/3422/3304 3945/3945/3824
f 3947/3947/3826 3946/3946/3825 3944/3944/3823
f 3946/3946/3825 3942/3942/3821 3944/3944/3823
f 3968/3968/3845 3441/3441/3323 3984/3984/3861
f 3441/3441/3323 5322/5322/5040 3984/3984/3861
f 3951/3951/3830 3905/3905/3784 3952/3952/3831
f 3905/3905/3784 3904/3904/3783 3952/3952/3831
f 5323/5323/5041 3951/3951/3830 4492/4492/4365
f 3951/3951/3830 3950/3950/3829 4492/4492/4365
f 3955/3955/3834 3904/3904/3783 3436/3436/3318
f 3904/3904/3783 3906/3906/3785 3436/3436/3318
f 3956/3956/3835 3953/3953/3832 3955/3955/3834
f 3953/3953/3832 3952/3952/3831 3955/3955/3834
f 4490/4490/4363 4492/4492/4365 3961/3961/3840
f 4492/4492/4365 3950/3950/3829 3961/3961/3840
f 3958/3958/3837 3966/3966/3843 3959/3959/3838
f 3966/3966/3843 3970/3970/3847 3959/3959/3838
f 3970/3970/3847 3966/3966/3843 3953/3953/3832
f 3966/3966/3843 3961/3961/3840 3953/3953/3832
f 3967/3967/3844 3968/3968/3845 3959/3959/3838
f 3968/3968/3845 3960/3960/3839 3959/3959/3838
f 3969/3969/3846 3442/3442/3324 3967/3967/3844
f 3442/3442/3324 3440/3440/3322 3967/3967/3844
f 3956/3956/3835 3443/3443/3325 3969/3969/3846
f 3443/3443/3325 3442/3442/3324 3969/3969/3846
f 3972/3972/3849 3973/3973/3850 3974/3974/3851
f 3973/3973/3850 3976/3976/3853 3974/3974/3851
f 3972/3972/3849 3974/3974/3851 3938/3938/3817
f 3974/3974/3851 3936/3936/3815 3938/3938/3817
f 3981/3981/3858 5324/5324/5042 3980/3980/3857
f 3940/3940/3819 3975/3975/3852 5325/5325/5043
f 3978/3978/3855 3982/3982/3859 3981/3981/3858
f 3982/3982/3859 3985/3985/3862 3981/3981/3858
f 3980/3980/3857 3986/3986/3863 3978/3978/3855
f 3986/3986/3863 3979/3979/3856 3978/3978/3855
f 3982/3982/3859 3977/3977/3854 3960/3960/3839
f 3977/3977/3854 3957/3957/3836 3960/3960/3839
f 3977/3977/3854 3979/3979/3856 3989/3989/3866
f 3979/3979/3856 3996/3996/3871 3989/3989/3866
f 3958/3958/3837 3957/3957/3836 3992/3992/3869
f 3957/3957/3836 3989/3989/3866 3992/3992/3869
f 4002/4002/3877 4001/4001/3876 4027/4027/3902
f 4001/4001/3876 4011/4011/3886 4027/4027/3902
f 4009/4009/3884 4001/4001/3876 3997/3997/3872
f 4001/4001/3876 4004/4004/3879 3997/3997/3872
f 3523/3523/3405 3522/3522/3404 4009/4009/3884
f 3522/3522/3404 3999/3999/3874 4009/4009/3884
f 4010/4010/3885 3999/3999/3874 5326/5326/5044
f 3999/3999/3874 4000/4000/3875 5326/5326/5044
f 4010/4010/3885 5326/5326/5044 4011/4011/3886
f 3524/3524/3406 4012/4012/3887 4008/4008/3883
f 4016/4016/3891 4014/4014/3889 4015/4015/3890
f 4014/4014/3889 4013/4013/3888 4015/4015/3890
f 3526/3526/3408 4015/4015/3890 4012/4012/3887
f 4015/4015/3890 4013/4013/3888 4012/4012/3887
f 4017/4017/3892 4003/4003/3878 4020/4020/3895
f 4003/4003/3878 4018/4018/3893 4020/4020/3895
f 4002/4002/3877 4026/4026/3901 4003/4003/3878
f 4026/4026/3901 4018/4018/3893 4003/4003/3878
f 4023/4023/3898 4007/4007/3882 4024/4024/3899
f 4007/4007/3882 4006/4006/3881 4024/4024/3899
f 5327/5327/5045 5328/5328/5045 5329/5329/5045
f 4023/4023/3898 4022/4022/3897 4046/4046/3921
f 3997/3997/3872 4004/4004/3879 3548/3548/3430
f 5330/5330/5046 5331/5331/5047 5332/5332/5048
f 4021/4021/3896 5333/5333/5049 4017/4017/3892
f 4050/4050/3925 5331/5331/5047 5334/5334/5050
f 4028/4028/3903 4030/4030/3905 5331/5331/5047
f 4030/4030/3905 5332/5332/5048 5331/5331/5047
f 4050/4050/3925 4053/4053/3928 5331/5331/5047
f 4053/4053/3928 4028/4028/3903 5331/5331/5047
f 4033/4033/3908 4032/4032/3907 5335/5335/5051
f 3571/3571/3453 3567/3567/3449 5336/5336/5052
f 4037/4037/3912 4033/4033/3908 4057/4057/3932
f 4033/4033/3908 5335/5335/5051 4057/4057/3932
f 4075/4075/3950 4044/4044/3919 5337/5337/5053
f 4044/4044/3919 4043/4043/3918 5337/5337/5053
f 4021/4021/3896 4020/4020/3895 4040/4040/3915
f 4020/4020/3895 4038/4038/3913 4040/4040/3915
f 4045/4045/3920 4022/4022/3897 4564/4564/4437
f 4022/4022/3897 4065/4065/3940 4564/4564/4437
f 4047/4047/3922 4049/4049/3924 4066/4066/3941
f 4049/4049/3924 5338/5338/5054 4066/4066/3941
f 4075/4075/3950 5339/5339/5055 4044/4044/3919
f 4049/4049/3924 4048/4048/3923 4056/4056/3931
f 4048/4048/3923 4047/4047/3922 4037/4037/3912
f 4047/4047/3922 4035/4035/3910 4037/4037/3912
f 4059/4059/3934 4024/4024/3899 4014/4014/3889
f 4024/4024/3899 4006/4006/3881 4014/4014/3889
f 4016/4016/3891 4064/4064/3939 4014/4014/3889
f 4036/4036/3911 4034/4034/3909 5340/5340/5056
f 4034/4034/3909 4035/4035/3910 5340/5340/5056
f 4035/4035/3910 4063/4063/3938 5340/5340/5056
f 4075/4075/3950 5337/5337/5053 4070/4070/3945
f 5337/5337/5053 4071/4071/3946 4070/4070/3945
f 4078/4078/3953 4077/4077/3952 4098/4098/3973
f 4077/4077/3952 4564/4564/4437 4098/4098/3973
f 4079/4079/3954 4049/4049/3924 4080/4080/3955
f 4049/4049/3924 5341/5341/5057 4080/4080/3955
f 4088/4088/3963 4074/4074/3949 4073/4073/3948
f 4074/4074/3949 4070/4070/3945 4073/4073/3948
f 4049/4049/3924 4079/4079/3954 5338/5338/5054
f 5342/5342/5058 4098/4098/3973 4564/4564/4437
f 4085/4085/3960 4073/4073/3948 4083/4083/3958
f 4073/4073/3948 4087/4087/3962 4083/4083/3958
f 4089/4089/3964 4078/4078/3953 4575/4575/4448
f 4078/4078/3953 4108/4108/3983 4575/4575/4448
f 4095/4095/3970 5343/5343/5059 4109/4109/3984
f 5343/5343/5059 5344/5344/5060 4109/4109/3984
f 5345/5345/5061 5346/5346/5062 5347/5347/5061
f 5343/5343/5059 4095/4095/3970 4082/4082/3957
f 4113/4113/3988 4140/4140/4015 3651/3651/3531
f 4140/4140/4015 3652/3652/3532 3651/3651/3531
f 3651/3651/3531 3659/3659/3539 4111/4111/3986
f 3659/3659/3539 4105/4105/3980 4111/4111/3986
f 4111/4111/3986 4114/4114/3989 4112/4112/3987
f 4114/4114/3989 4166/4166/4041 4112/4112/3987
f 4117/4117/3992 4107/4107/3982 3661/3661/3541
f 4107/4107/3982 3662/3662/3542 3661/3661/3541
f 4120/4120/3995 5348/5348/5063 3663/3663/3543
f 5348/5348/5063 3664/3664/3544 3663/3663/3543
f 4084/4084/3959 4083/4083/3958 4126/4126/4001
f 4083/4083/3958 5349/5349/5064 4126/4126/4001
f 4133/4133/4008 4132/4132/4007 4124/4124/3999
f 4132/4132/4007 4125/4125/4000 4124/4124/3999
f 4158/4158/4033 4581/4581/4454 4159/4159/4034
f 4581/4581/4454 4575/4575/4448 4159/4159/4034
f 4155/4155/4030 5346/5346/5062 4142/4142/4017
f 5346/5346/5062 5350/5350/5065 4142/4142/4017
f 5343/5343/5059 5351/5351/5066 5344/5344/5060
f 5352/5352/5067 4159/4159/4034 4575/4575/4448
f 3648/3648/3528 4091/4091/3966 3695/3695/3574
f 4091/4091/3966 4135/4135/4010 3695/3695/3574
f 4134/4134/4009 3696/3696/3575 4132/4132/4007
f 3696/3696/3575 4135/4135/4010 4132/4132/4007
f 4137/4137/4012 4136/4136/4011 4141/4141/4016
f 4136/4136/4011 4140/4140/4015 4141/4141/4016
f 4142/4142/4017 4144/4144/4019 4155/4155/4030
f 4144/4144/4019 5353/5353/5068 4155/4155/4030
f 4153/4153/4028 4202/4202/4075 4149/4149/4024
f 4202/4202/4075 5354/5354/5069 4149/4149/4024
f 4149/4149/4024 5354/5354/5069 4150/4150/4025
f 4147/4147/4022 4145/4145/4020 5355/5355/5070
f 4133/4133/4008 4124/4124/3999 4147/4147/4022
f 4124/4124/3999 4145/4145/4020 4147/4147/4022
f 4199/4199/4072 4154/4154/4029 4147/4147/4022
f 4154/4154/4029 4146/4146/4021 4147/4147/4022
f 4148/4148/4023 4150/4150/4025 4131/4131/4006
f 4150/4150/4025 4129/4129/4004 4131/4131/4006
f 4148/4148/4023 4151/4151/4026 4152/4152/4027
f 4151/4151/4026 4207/4207/4080 4152/4152/4027
f 3689/3689/3568 4134/4134/4009 4121/4121/3996
f 4134/4134/4009 4146/4146/4021 4121/4121/3996
f 4164/4164/4039 4160/4160/4035 4162/4162/4037
f 4160/4160/4035 4161/4161/4036 4162/4162/4037
f 4112/4112/3987 4168/4168/4043 4113/4113/3988
f 4168/4168/4043 4141/4141/4016 4113/4113/3988
f 4167/4167/4042 4161/4161/4036 5356/5356/5071
f 4156/4156/4031 4155/4155/4030 5353/5353/5068
f 5357/5357/5072 4116/4116/3991 3709/3709/3588
f 4116/4116/3991 3708/3708/3587 3709/3709/3588
f 4170/4170/4045 4162/4162/4037 5358/5358/5073
f 5359/5359/5074 5357/5357/5072 3709/3709/3588
f 4120/4120/3995 3715/3715/3594 5348/5348/5063
f 3706/3706/3585 3708/3708/3587 4115/4115/3990
f 4179/4179/4054 4223/4223/4096 4180/4180/4055
f 4175/4175/4050 4173/4173/4048 4172/4172/4047
f 4160/4160/4035 4164/4164/4039 4171/4171/4046
f 4164/4164/4039 4173/4173/4048 4171/4171/4046
f 4180/4180/4055 5360/5360/5075 4178/4178/4053
f 5360/5360/5075 4176/4176/4051 4178/4178/4053
f 5360/5360/5075 4181/4181/4056 4176/4176/4051
f 4170/4170/4045 4182/4182/4057 4193/4193/4066
f 3680/3680/3559 3716/3716/3595 4119/4119/3994
f 3716/3716/3595 4186/4186/4059 4119/4119/3994
f 3714/3714/3593 3715/3715/3594 4186/4186/4059
f 3715/3715/3594 4119/4119/3994 4186/4186/4059
f 4190/4190/4063 4192/4192/4065 4188/4188/4061
f 4192/4192/4065 4191/4191/4064 4188/4188/4061
f 3711/3711/3590 3714/3714/3593 4195/4195/4068
f 3714/3714/3593 4187/4187/4060 4195/4195/4068
f 3711/3711/3590 4195/4195/4068 4182/4182/4057
f 4195/4195/4068 4191/4191/4064 4182/4182/4057
f 4197/4197/4070 4194/4194/4067 4196/4196/4069
f 4194/4194/4067 4188/4188/4061 4196/4196/4069
f 4196/4196/4069 4187/4187/4060 3726/3726/3605
f 4187/4187/4060 3721/3721/3600 3726/3726/3605
f 4208/4208/4081 4205/4205/4078 4152/4152/4027
f 4205/4205/4078 4153/4153/4028 4152/4152/4027
f 4121/4121/3996 4154/4154/4029 4198/4198/4071
f 4154/4154/4029 4209/4209/4082 4198/4198/4071
f 4204/4204/4077 4211/4211/4084 4209/4209/4082
f 4211/4211/4084 3741/3741/3620 4209/4209/4082
f 4210/4210/4083 4204/4204/4077 4212/4212/4085
f 4204/4204/4077 4206/4206/4079 4212/4212/4085
f 3744/3744/3623 3742/3742/3621 4220/4220/4093
f 3742/3742/3621 4211/4211/4084 4220/4220/4093
f 4219/4219/4092 4220/4220/4093 4218/4218/4091
f 4220/4220/4093 4217/4217/4090 4218/4218/4091
f 4217/4217/4090 4210/4210/4083 4214/4214/4087
f 4210/4210/4083 4212/4212/4085 4214/4214/4087
f 4222/4222/4095 4213/4213/4086 4223/4223/4096
f 4213/4213/4086 5361/5361/5076 4223/4223/4096
f 4229/4229/4102 4222/4222/4095 4228/4228/4101
f 4222/4222/4095 4221/4221/4094 4228/4228/4101
f 4225/4225/4098 4227/4227/4100 4179/4179/4054
f 4227/4227/4100 4221/4221/4094 4179/4179/4054
f 4225/4225/4098 4178/4178/4053 4226/4226/4099
f 4178/4178/4053 4177/4177/4052 4226/4226/4099
f 4236/4236/4109 4232/4232/4105 4230/4230/4103
f 4232/4232/4105 4231/4231/4104 4230/4230/4103
f 4229/4229/4102 4231/4231/4104 4214/4214/4087
f 4231/4231/4104 4215/4215/4088 4214/4214/4087
f 4230/4230/4103 4228/4228/4101 4233/4233/4106
f 4228/4228/4101 4227/4227/4100 4233/4233/4106
f 4233/4233/4106 4234/4234/4107 4235/4235/4108
f 4234/4234/4107 4248/4248/4121 4235/4235/4108
f 4239/4239/4112 4241/4241/4114 4190/4190/4063
f 4238/4238/4111 4226/4226/4099 5362/5362/5077
f 4245/4245/4118 4240/4240/4113 4242/4242/4115
f 4240/4240/4113 4239/4239/4112 4242/4242/4115
f 4242/4242/4115 4194/4194/4067 4244/4244/4117
f 4194/4194/4067 4243/4243/4116 4244/4244/4117
f 3725/3725/3604 3749/3749/3628 4197/4197/4070
f 3749/3749/3628 4243/4243/4116 4197/4197/4070
f 4254/4254/4127 5363/5363/5078 4246/4246/4119
f 5363/5363/5078 4247/4247/4120 4246/4246/4119
f 4238/4238/4111 5364/5364/5079 4234/4234/4107
f 5364/5364/5079 4249/4249/4122 4234/4234/4107
f 4246/4246/4119 4245/4245/4118 4253/4253/4126
f 4245/4245/4118 4251/4251/4124 4253/4253/4126
f 4256/4256/4129 4257/4257/4130 4244/4244/4117
f 4257/4257/4130 4251/4251/4124 4244/4244/4117
f 4260/4260/4133 4258/4258/4131 4259/4259/4132
f 4258/4258/4131 4257/4257/4130 4259/4259/4132
f 3758/3758/3637 3759/3759/3638 4256/4256/4129
f 3759/3759/3638 4259/4259/4132 4256/4256/4129
f 3744/3744/3623 4219/4219/4092 4264/4264/4137
f 4219/4219/4092 4262/4262/4135 4264/4264/4137
f 4268/4268/4141 4265/4265/4138 4266/4266/4139
f 4265/4265/4138 4262/4262/4135 4266/4266/4139
f 4266/4266/4139 4218/4218/4091 4267/4267/4140
f 4218/4218/4091 4261/4261/4134 4267/4267/4140
f 4276/4276/4149 4274/4274/4147 4277/4277/4150
f 4274/4274/4147 4265/4265/4138 4277/4277/4150
f 4275/4275/4148 4277/4277/4150 4273/4273/4146
f 4277/4277/4150 4272/4272/4145 4273/4273/4146
f 4272/4272/4145 4268/4268/4141 4269/4269/4142
f 4268/4268/4141 4267/4267/4140 4269/4269/4142
f 4279/4279/4152 4261/4261/4134 4232/4232/4105
f 4261/4261/4134 4215/4215/4088 4232/4232/4105
f 4285/4285/4158 4279/4279/4152 4284/4284/4157
f 4279/4279/4152 4278/4278/4151 4284/4284/4157
f 4281/4281/4154 4283/4283/4156 4236/4236/4109
f 4283/4283/4156 4278/4278/4151 4236/4236/4109
f 4281/4281/4154 4235/4235/4108 4282/4282/4155
f 4235/4235/4108 4248/4248/4121 4282/4282/4155
f 4284/4284/4157 4289/4289/4162 4286/4286/4159
f 4289/4289/4162 4287/4287/4160 4286/4286/4159
f 4285/4285/4158 4286/4286/4159 4269/4269/4142
f 4286/4286/4159 4270/4270/4143 4269/4269/4142
f 4291/4291/4164 4289/4289/4162 4280/4280/4153
f 4289/4289/4162 4283/4283/4156 4280/4280/4153
f 4282/4282/4155 4292/4292/4165 4280/4280/4153
f 4292/4292/4165 4297/4297/4170 4280/4280/4153
f 4254/4254/4127 4296/4296/4169 5363/5363/5078
f 4588/4588/4461 4292/4292/4165 4250/4250/4123
f 4294/4294/4167 4253/4253/4126 4295/4295/4168
f 4253/4253/4126 4252/4252/4125 4295/4295/4168
f 4296/4296/4169 4294/4294/4167 4299/4299/4172
f 4294/4294/4167 4293/4293/4166 4299/4299/4172
f 4298/4298/4171 4293/4293/4166 4301/4301/4174
f 4293/4293/4166 4302/4302/4175 4301/4301/4174
f 4304/4304/4177 4295/4295/4168 4258/4258/4131
f 4295/4295/4168 4252/4252/4125 4258/4258/4131
f 4307/4307/4180 4303/4303/4176 4305/4305/4178
f 4303/4303/4176 4304/4304/4177 4305/4305/4178
f 3761/3761/3640 3786/3786/3665 4260/4260/4133
f 3786/3786/3665 4309/4309/4182 4260/4260/4133
f 4310/4310/4183 4305/4305/4178 3790/3790/3669
f 4305/4305/4178 4309/4309/4182 3790/3790/3669
f 4317/4317/4190 4313/4313/4186 4311/4311/4184
f 4313/4313/4186 4312/4312/4185 4311/4311/4184
f 4303/4303/4176 4307/4307/4180 4302/4302/4175
f 4307/4307/4180 4312/4312/4185 4302/4302/4175
f 4311/4311/4184 4306/4306/4179 4316/4316/4189
f 4306/4306/4179 4314/4314/4187 4316/4316/4189
f 4306/4306/4179 4310/4310/4183 4314/4314/4187
f 4310/4310/4183 4318/4318/4191 4314/4314/4187
f 4321/4321/4194 4318/4318/4191 3794/3794/3673
f 4318/4318/4191 3795/3795/3674 3794/3794/3673
f 4324/4324/4197 4326/4326/4199 4275/4275/4148
f 4326/4326/4199 4323/4323/4196 4275/4275/4148
f 4324/4324/4197 4273/4273/4146 4327/4327/4200
f 4273/4273/4146 4322/4322/4195 4327/4327/4200
f 4333/4333/4206 4334/4334/4207 4331/4331/4204
f 4334/4334/4207 4325/4325/4198 4331/4331/4204
f 4331/4331/4204 4325/4325/4198 4328/4328/4201
f 4325/4325/4198 4327/4327/4200 4328/4328/4201
f 4337/4337/4210 4322/4322/4195 4288/4288/4161
f 4322/4322/4195 4270/4270/4143 4288/4288/4161
f 4341/4341/4214 4336/4336/4209 4287/4287/4160
f 4336/4336/4209 4288/4288/4161 4287/4287/4160
f 4344/4344/4217 4337/4337/4210 4343/4343/4216
f 4337/4337/4210 4336/4336/4209 4343/4343/4216
f 4340/4340/4213 4339/4339/4212 4341/4341/4214
f 4339/4339/4212 4342/4342/4215 4341/4341/4214
f 4343/4343/4216 4348/4348/4221 4345/4345/4218
f 4348/4348/4221 4346/4346/4219 4345/4345/4218
f 4344/4344/4217 4345/4345/4218 4328/4328/4201
f 4345/4345/4218 4329/4329/4202 4328/4328/4201
f 4350/4350/4223 4348/4348/4221 4339/4339/4212
f 4348/4348/4221 4342/4342/4215 4339/4339/4212
f 4355/4355/4228 4354/4354/4227 5365/5365/5080
f 4354/4354/4227 4605/4605/4478 5365/5365/5080
f 5365/5365/5080 4614/4614/4487 4355/4355/4228
f 4614/4614/4487 4363/4363/4236 4355/4355/4228
f 4317/4317/4190 4362/4362/4235 4313/4313/4186
f 4362/4362/4235 4358/4358/4231 4313/4313/4186
f 4360/4360/4233 4316/4316/4189 4361/4361/4234
f 4316/4316/4189 4315/4315/4188 4361/4361/4234
f 4362/4362/4235 4360/4360/4233 4365/4365/4238
f 4360/4360/4233 4359/4359/4232 4365/4365/4238
f 4364/4364/4237 4359/4359/4232 4367/4367/4240
f 4359/4359/4232 4368/4368/4241 4367/4367/4240
f 4370/4370/4243 4361/4361/4234 4320/4320/4193
f 4361/4361/4234 4315/4315/4188 4320/4320/4193
f 4321/4321/4194 3816/3816/3695 4320/4320/4193
f 3816/3816/3695 4372/4372/4245 4320/4320/4193
f 4371/4371/4244 4370/4370/4243 4373/4373/4246
f 4370/4370/4243 4372/4372/4245 4373/4373/4246
f 4371/4371/4244 4378/4378/4251 4368/4368/4241
f 4378/4378/4251 4366/4366/4239 4368/4368/4241
f 4376/4376/4249 4366/4366/4239 4374/4374/4247
f 4366/4366/4239 4378/4378/4251 4374/4374/4247
f 3826/3826/3705 3827/3827/3706 4373/4373/4246
f 3827/3827/3706 4379/4379/4252 4373/4373/4246
f 3829/3829/3708 4380/4380/4253 4379/4379/4252
f 4380/4380/4253 4374/4374/4247 4379/4379/4252
f 4387/4387/4260 5366/5366/5081 4332/4332/4205
f 5366/5366/5081 4333/4333/4206 4332/4332/4205
f 4387/4387/4260 4332/4332/4205 4385/4385/4258
f 4332/4332/4205 4381/4381/4254 4385/4385/4258
f 4402/4402/4275 3846/3846/3725 4388/4388/4261
f 3846/3846/3725 3843/3843/3722 4388/4388/4261
f 4394/4394/4267 4381/4381/4254 4347/4347/4220
f 4381/4381/4254 4329/4329/4202 4347/4347/4220
f 4394/4394/4267 4347/4347/4220 4392/4392/4265
f 4347/4347/4220 4390/4390/4263 4392/4392/4265
f 4393/4393/4266 4392/4392/4265 4395/4395/4268
f 4392/4392/4265 4398/4398/4271 4395/4395/4268
f 4397/4397/4270 5367/5367/5082 4395/4395/4268
f 5367/5367/5082 4399/4399/4272 4395/4395/4268
f 4393/4393/4266 4399/4399/4272 4385/4385/4258
f 4400/4400/4273 4388/4388/4261 4389/4389/4262
f 4404/4404/4277 4407/4407/4280 4403/4403/4276
f 4407/4407/4280 4414/4414/4287 4403/4403/4276
f 4405/4405/4278 4407/4407/4280 4376/4376/4249
f 4407/4407/4280 4404/4404/4277 4376/4376/4249
f 4416/4416/4289 4406/4406/4279 4408/4408/4281
f 4406/4406/4279 4405/4405/4278 4408/4408/4281
f 4409/4409/4282 4380/4380/4253 3861/3861/3740
f 4380/4380/4253 3857/3857/3736 3861/3861/3740
f 4410/4410/4283 4416/4416/4289 4409/4409/4282
f 4416/4416/4289 4408/4408/4281 4409/4409/4282
f 4411/4411/4284 4413/4413/4286 4406/4406/4279
f 4413/4413/4286 4415/4415/4288 4406/4406/4279
f 4412/4412/4285 4411/4411/4284 4419/4419/4292
f 4411/4411/4284 4417/4417/4290 4419/4419/4292
f 4418/4418/4291 4417/4417/4290 3866/3866/3745
f 4417/4417/4290 4410/4410/4283 3866/3866/3745
f 5368/5368/5083 4397/4397/4270 4424/4424/4297
f 4397/4397/4270 4422/4422/4295 4424/4424/4297
f 4402/4402/4275 4401/4401/4274 3871/3871/3750
f 4401/4401/4274 4427/4427/4300 3871/3871/3750
f 4426/4426/4299 4428/4428/4301 4421/4421/4294
f 4428/4428/4301 4427/4427/4300 4421/4421/4294
f 4426/4426/4299 4425/4425/4298 4429/4429/4302
f 4425/4425/4298 5369/5369/5084 4429/4429/4302
f 4431/4431/4304 4454/4454/4327 4429/4429/4302
f 4454/4454/4327 4435/4435/4308 4429/4429/4302
f 4437/4437/4310 4436/4436/4309 4454/4454/4327
f 4436/4436/4309 4435/4435/4308 4454/4454/4327
f 3884/3884/3763 4428/4428/4301 3885/3885/3764
f 4428/4428/4301 4436/4436/4309 3885/3885/3764
f 4438/4438/4311 4412/4412/4285 4441/4441/4314
f 4412/4412/4285 4439/4439/4312 4441/4441/4314
f 4444/4444/4317 4419/4419/4292 3893/3893/3772
f 4419/4419/4292 4418/4418/4291 3893/3893/3772
f 4445/4445/4318 4440/4440/4313 4444/4444/4317
f 4440/4440/4313 4439/4439/4312 4444/4444/4317
f 4446/4446/4319 4449/4449/4322 4440/4440/4313
f 4449/4449/4322 4441/4441/4314 4440/4440/4313
f 4447/4447/4320 4446/4446/4319 4452/4452/4325
f 4446/4446/4319 4450/4450/4323 4452/4452/4325
f 4451/4451/4324 4450/4450/4323 3901/3901/3780
f 4450/4450/4323 4445/4445/4318 3901/3901/3780
f 4457/4457/4330 4455/4455/4328 4430/4430/4303
f 4455/4455/4328 4431/4431/4304 4430/4430/4303
f 4462/4462/4335 4456/4456/4329 4458/4458/4331
f 4456/4456/4329 4455/4455/4328 4458/4458/4331
f 3881/3881/3760 4437/4437/4310 3915/3915/3794
f 4437/4437/4310 4461/4461/4334 3915/3915/3794
f 4463/4463/4336 3921/3921/3800 4456/4456/4329
f 3921/3921/3800 4461/4461/4334 4456/4456/4329
f 4465/4465/4338 4464/4464/4337 4459/4459/4332
f 4464/4464/4337 4458/4458/4331 4459/4459/4332
f 4468/4468/4341 4462/4462/4335 4467/4467/4340
f 4462/4462/4335 4464/4464/4337 4467/4467/4340
f 4470/4470/4343 3922/3922/3801 4468/4468/4341
f 3922/3922/3801 4463/4463/4336 4468/4468/4341
f 4471/4471/4344 3923/3923/3802 4470/4470/4343
f 3923/3923/3802 3922/3922/3801 4470/4470/4343
f 4474/4474/4347 4447/4447/4320 4477/4477/4350
f 4447/4447/4320 4475/4475/4348 4477/4477/4350
f 4480/4480/4353 4452/4452/4325 3949/3949/3828
f 4452/4452/4325 4451/4451/4324 3949/3949/3828
f 4481/4481/4354 4476/4476/4349 4480/4480/4353
f 4476/4476/4349 4475/4475/4348 4480/4480/4353
f 4482/4482/4355 4485/4485/4358 4476/4476/4349
f 4485/4485/4358 4477/4477/4350 4476/4476/4349
f 4483/4483/4356 4482/4482/4355 4547/4547/4420
f 4482/4482/4355 4486/4486/4359 4547/4547/4420
f 5370/5370/5085 5371/5371/5085 5372/5372/5085
f 4487/4487/4360 4491/4491/4364 4490/4490/4363
f 4467/4467/4340 4466/4466/4339 4495/4495/4368
f 4466/4466/4339 4494/4494/4367 4495/4495/4368
f 4494/4494/4367 4493/4493/4366 4498/4498/4371
f 4493/4493/4366 4507/4507/4380 4498/4498/4371
f 4499/4499/4372 4501/4501/4374 4498/4498/4371
f 4501/4501/4374 4497/4497/4370 4498/4498/4371
f 3932/3932/3811 4472/4472/4345 3971/3971/3848
f 4472/4472/4345 4503/4503/4376 3971/3971/3848
f 4472/4472/4345 4471/4471/4344 4502/4502/4375
f 4471/4471/4344 4496/4496/4369 4502/4502/4375
f 4502/4502/4375 4496/4496/4369 4497/4497/4370
f 4496/4496/4369 4495/4495/4368 4497/4497/4370
f 4504/4504/4377 3973/3973/3850 4503/4503/4376
f 3973/3973/3850 3971/3971/3848 4503/4503/4376
f 4501/4501/4374 4500/4500/4373 4504/4504/4377
f 4500/4500/4373 4506/4506/4379 4504/4504/4377
f 4511/4511/4384 4513/4513/4386 4509/4509/4382
f 4513/4513/4386 4518/4518/4391 4509/4509/4382
f 4512/4512/4385 4533/4533/4406 4513/4513/4386
f 4533/4533/4406 4532/4532/4405 4513/4513/4386
f 4535/4535/4408 5373/5373/5086 4506/4506/4379
f 5373/5373/5086 4528/4528/4401 4506/4506/4379
f 5374/5374/5087 3975/3975/3852 4528/4528/4401
f 3975/3975/3852 3976/3976/3853 4528/4528/4401
f 4530/4530/4403 3986/3986/3863 4525/4525/4398
f 3986/3986/3863 4526/4526/4399 4525/4525/4398
f 4535/4535/4408 4516/4516/4389 5375/5375/5088
f 4532/4532/4405 4531/4531/4404 4522/4522/4395
f 4534/4534/4407 4537/4537/4410 4522/4522/4395
f 4537/4537/4410 5376/5376/5089 4522/4522/4395
f 4536/4536/4409 4814/4814/4687 4537/4537/4410
f 4814/4814/4687 5377/5377/5090 4537/4537/4410
f 4524/4524/4397 4538/4538/4411 4530/4530/4403
f 4538/4538/4411 4541/4541/4414 4530/4530/4403
f 4483/4483/4356 4545/4545/4418 4484/4484/4357
f 4545/4545/4418 4543/4543/4416 4484/4484/4357
f 4553/4553/4426 4555/4555/4428 4550/4550/4423
f 4555/4555/4428 4548/4548/4421 4550/4550/4423
f 4552/4552/4425 4550/4550/4423 3996/3996/3871
f 4550/4550/4423 4551/4551/4424 3996/3996/3871
f 4554/4554/4427 3991/3991/3868 4551/4551/4424
f 3991/3991/3868 3992/3992/3869 4551/4551/4424
f 4554/4554/4427 4489/4489/4362 3991/3991/3868
f 5378/5378/5091 5379/5379/5091 5380/5380/5091
f 5377/5377/5090 4814/4814/4687 5381/5381/5092
f 4814/4814/4687 4823/4823/4696 5381/5381/5092
f 4553/4553/4426 4552/4552/4425 4538/4538/4411
f 4552/4552/4425 4541/4541/4414 4538/4538/4411
f 4039/4039/3914 4038/4038/3913 4560/4560/4433
f 4038/4038/3913 4557/4557/4430 4560/4560/4433
f 4560/4560/4433 4557/4557/4430 4562/4562/4435
f 4557/4557/4430 4558/4558/4431 4562/4562/4435
f 4039/4039/3914 4559/4559/4432 4067/4067/3942
f 4559/4559/4432 4565/4565/4438 4067/4067/3942
f 4565/4565/4438 4559/4559/4432 4568/4568/4441
f 4559/4559/4432 5382/5382/5093 4568/4568/4441
f 4570/4570/4443 4086/4086/3961 4571/4571/4444
f 4086/4086/3961 4566/4566/4439 4571/4571/4444
f 4571/4571/4444 4566/4566/4439 4573/4573/4446
f 4566/4566/4439 4568/4568/4441 4573/4573/4446
f 4570/4570/4443 4569/4569/4442 4122/4122/3997
f 4569/4569/4442 4576/4576/4449 4122/4122/3997
f 4576/4576/4449 4569/4569/4442 4580/4580/4453
f 4579/4579/4452 4130/4130/4005 4129/4129/4004
f 4594/4594/4467 4586/4586/4459 4290/4290/4163
f 4586/4586/4459 4291/4291/4164 4290/4290/4163
f 4290/4290/4163 4297/4297/4170 4592/4592/4465
f 4297/4297/4170 4589/4589/4462 4592/4592/4465
f 4592/4592/4465 4595/4595/4468 4593/4593/4466
f 4595/4595/4468 4597/4597/4470 4593/4593/4466
f 4595/4595/4468 4589/4589/4462 4598/4598/4471
f 5383/5383/5094 4299/4299/4172 4298/4298/4171
f 4594/4594/4467 4338/4338/4211 4586/4586/4459
f 4338/4338/4211 4340/4340/4213 4586/4586/4459
f 4608/4608/4481 4602/4602/4475 4349/4349/4222
f 4602/4602/4475 4350/4350/4223 4349/4349/4222
f 4351/4351/4224 4338/4338/4211 4603/4603/4476
f 4338/4338/4211 4593/4593/4466 4603/4603/4476
f 4603/4603/4476 4597/4597/4470 4353/4353/4226
f 4597/4597/4470 4354/4354/4227 4353/4353/4226
f 4349/4349/4222 4351/4351/4224 4606/4606/4479
f 4351/4351/4224 4604/4604/4477 4606/4606/4479
f 4606/4606/4479 4609/4609/4482 4607/4607/4480
f 4609/4609/4482 4611/4611/4484 4607/4607/4480
f 4609/4609/4482 4604/4604/4477 4356/4356/4229
f 4604/4604/4477 4353/4353/4226 4356/4356/4229
f 4624/4624/4497 4610/4610/4483 4357/4357/4230
f 4610/4610/4483 4356/4356/4229 4357/4357/4230
f 4625/4625/4498 4617/4617/4490 4624/4624/4497
f 4617/4617/4490 4620/4620/4493 4624/4624/4497
f 4357/4357/4230 4363/4363/4236 4625/4625/4498
f 4363/4363/4236 4615/4615/4488 4625/4625/4498
f 4627/4627/4500 4621/4621/4494 4628/4628/4501
f 4621/4621/4494 4623/4623/4496 4628/4628/4501
f 4628/4628/4501 4616/4616/4489 4364/4364/4237
f 4616/4616/4489 4365/4365/4238 4364/4364/4237
f 4346/4346/4219 4600/4600/4473 4390/4390/4263
f 4600/4600/4473 4629/4629/4502 4390/4390/4263
f 4631/4631/4504 4600/4600/4473 4632/4632/4505
f 4600/4600/4473 4602/4602/4475 4632/4632/4505
f 4634/4634/4507 4630/4630/4503 4631/4631/4504
f 4630/4630/4503 4629/4629/4502 4631/4631/4504
f 4396/4396/4269 4398/4398/4271 4641/4641/4514
f 4398/4398/4271 4630/4630/4503 4641/4641/4514
f 4640/4640/4513 4641/4641/4514 4639/4639/4512
f 4641/4641/4514 4638/4638/4511 4639/4639/4512
f 4638/4638/4511 4634/4634/4507 4635/4635/4508
f 4634/4634/4507 4633/4633/4506 4635/4635/4508
f 4607/4607/4480 4647/4647/4520 4608/4608/4481
f 4647/4647/4520 4632/4632/4505 4608/4608/4481
f 4643/4643/4516 4633/4633/4506 4644/4644/4517
f 4633/4633/4506 4647/4647/4520 4644/4644/4517
f 4648/4648/4521 4611/4611/4484 4649/4649/4522
f 4611/4611/4484 4610/4610/4483 4649/4649/4522
f 4644/4644/4517 4648/4648/4521 4645/4645/4518
f 4648/4648/4521 4650/4650/4523 4645/4645/4518
f 4657/4657/4530 4653/4653/4526 4651/4651/4524
f 4653/4653/4526 4652/4652/4525 4651/4651/4524
f 4643/4643/4516 4652/4652/4525 4635/4635/4508
f 4652/4652/4525 4636/4636/4509 4635/4635/4508
f 4651/4651/4524 4645/4645/4518 4656/4656/4529
f 4645/4645/4518 4654/4654/4527 4656/4656/4529
f 4662/4662/4535 4658/4658/4531 4666/4666/4539
f 4658/4658/4531 4659/4659/4532 4666/4666/4539
f 4665/4665/4538 4671/4671/4544 4661/4661/4534
f 4666/4666/4539 4659/4659/4532 5384/5384/5095
f 4649/4649/4522 4620/4620/4493 4650/4650/4523
f 4620/4620/4493 4658/4658/4531 4650/4650/4523
f 4661/4661/4534 4621/4621/4494 4664/4664/4537
f 4621/4621/4494 4663/4663/4536 4664/4664/4537
f 4367/4367/4240 4403/4403/4276 4627/4627/4500
f 4403/4403/4276 4663/4663/4536 4627/4627/4500
f 5385/5385/5096 4669/4669/4542 4667/4667/4540
f 4669/4669/4542 4668/4668/4541 4667/4667/4540
f 4662/4662/4535 4668/4668/4541 4654/4654/4527
f 4668/4668/4541 4655/4655/4528 4654/4654/4527
f 4670/4670/4543 4665/4665/4538 4674/4674/4547
f 4665/4665/4538 4672/4672/4545 4674/4674/4547
f 4677/4677/4550 4678/4678/4551 4664/4664/4537
f 4678/4678/4551 4672/4672/4545 4664/4664/4537
f 4681/4681/4554 4679/4679/4552 4680/4680/4553
f 4679/4679/4552 4678/4678/4551 4680/4680/4553
f 4414/4414/4287 4415/4415/4288 4677/4677/4550
f 4415/4415/4288 4680/4680/4553 4677/4677/4550
f 4396/4396/4269 4640/4640/4513 4422/4422/4295
f 4640/4640/4513 4683/4683/4556 4422/4422/4295
f 4687/4687/4560 4684/4684/4557 4685/4685/4558
f 4684/4684/4557 4683/4683/4556 4685/4685/4558
f 4685/4685/4558 4639/4639/4512 4686/4686/4559
f 4639/4639/4512 4682/4682/4555 4686/4686/4559
f 4433/4433/4306 4432/4432/4305 4694/4694/4567
f 4432/4432/4305 4684/4684/4557 4694/4694/4567
f 4693/4693/4566 4694/4694/4567 4692/4692/4565
f 4694/4694/4567 4691/4691/4564 4692/4692/4565
f 4691/4691/4564 4687/4687/4560 4688/4688/4561
f 4687/4687/4560 4686/4686/4559 4688/4688/4561
f 4696/4696/4569 4682/4682/4555 4653/4653/4526
f 4682/4682/4555 4636/4636/4509 4653/4653/4526
f 4702/4702/4575 4696/4696/4569 4701/4701/4574
f 4696/4696/4569 4695/4695/4568 4701/4701/4574
f 4698/4698/4571 4700/4700/4573 4657/4657/4530
f 4700/4700/4573 4695/4695/4568 4657/4657/4530
f 4698/4698/4571 4656/4656/4529 4699/4699/4572
f 4656/4656/4529 4655/4655/4528 4699/4699/4572
f 4701/4701/4574 4706/4706/4579 4703/4703/4576
f 4706/4706/4579 4704/4704/4577 4703/4703/4576
f 4702/4702/4575 4703/4703/4576 4688/4688/4561
f 4703/4703/4576 4689/4689/4562 4688/4688/4561
f 4708/4708/4581 4706/4706/4579 4697/4697/4570
f 4706/4706/4579 4700/4700/4573 4697/4697/4570
f 4699/4699/4572 4709/4709/4582 4697/4697/4570
f 4709/4709/4582 4714/4714/4587 4697/4697/4570
f 5385/5385/5096 4829/4829/4702 4669/4669/4542
f 4829/4829/4702 4709/4709/4582 4669/4669/4542
f 4711/4711/4584 4674/4674/4547 4712/4712/4585
f 4674/4674/4547 4673/4673/4546 4712/4712/4585
f 4713/4713/4586 4711/4711/4584 4716/4716/4589
f 4711/4711/4584 4710/4710/4583 4716/4716/4589
f 4715/4715/4588 4710/4710/4583 4718/4718/4591
f 4710/4710/4583 4719/4719/4592 4718/4718/4591
f 4721/4721/4594 4712/4712/4585 4679/4679/4552
f 4712/4712/4585 4673/4673/4546 4679/4679/4552
f 4413/4413/4286 4438/4438/4311 4681/4681/4554
f 4438/4438/4311 4724/4724/4597 4681/4681/4554
f 4722/4722/4595 4721/4721/4594 4728/4728/4601
f 4721/4721/4594 4723/4723/4596 4728/4728/4601
f 4728/4728/4601 4723/4723/4596 4725/4725/4598
f 4723/4723/4596 4724/4724/4597 4725/4725/4598
f 4722/4722/4595 4726/4726/4599 4719/4719/4592
f 4726/4726/4599 4717/4717/4590 4719/4719/4592
f 4730/4730/4603 4727/4727/4600 4729/4729/4602
f 4727/4727/4600 4726/4726/4599 4729/4729/4602
f 4448/4448/4321 4729/4729/4602 4449/4449/4322
f 4729/4729/4602 4725/4725/4598 4449/4449/4322
f 4732/4732/4605 4734/4734/4607 4690/4690/4563
f 4734/4734/4607 4692/4692/4565 4690/4690/4563
f 4732/4732/4605 4690/4690/4563 4733/4733/4606
f 4690/4690/4563 4689/4689/4562 4733/4733/4606
f 4738/4738/4611 4740/4740/4613 4693/4693/4566
f 4740/4740/4613 4737/4737/4610 4693/4693/4566
f 4739/4739/4612 4738/4738/4611 4736/4736/4609
f 4738/4738/4611 4734/4734/4607 4736/4736/4609
f 4731/4731/4604 4752/4752/4625 4741/4741/4614
f 4752/4752/4625 4743/4743/4616 4741/4741/4614
f 4749/4749/4622 4736/4736/4609 4742/4742/4615
f 4736/4736/4609 4741/4741/4614 4742/4742/4615
f 4747/4747/4620 4465/4465/4338 4744/4744/4617
f 4465/4465/4338 4748/4748/4621 4744/4744/4617
f 4733/4733/4606 4750/4750/4623 4731/4731/4604
f 4750/4750/4623 4751/4751/4624 4731/4731/4604
f 4756/4756/4629 4755/4755/4628 4753/4753/4626
f 4755/4755/4628 4718/4718/4591 4753/4753/4626
f 4757/4757/4630 4756/4756/4629 4759/4759/4632
f 4756/4756/4629 4760/4760/4633 4759/4759/4632
f 4762/4762/4635 4753/4753/4626 4727/4727/4600
f 4753/4753/4626 4717/4717/4590 4727/4727/4600
f 4448/4448/4321 4474/4474/4347 4730/4730/4603
f 4474/4474/4347 4765/4765/4638 4730/4730/4603
f 4763/4763/4636 4762/4762/4635 4769/4769/4642
f 4762/4762/4635 4764/4764/4637 4769/4769/4642
f 4769/4769/4642 4764/4764/4637 4766/4766/4639
f 4764/4764/4637 4765/4765/4638 4766/4766/4639
f 4763/4763/4636 4767/4767/4640 4760/4760/4633
f 4767/4767/4640 4758/4758/4631 4760/4760/4633
f 4771/4771/4644 4768/4768/4641 4770/4770/4643
f 4768/4768/4641 4767/4767/4640 4770/4770/4643
f 4484/4484/4357 4770/4770/4643 4485/4485/4358
f 4770/4770/4643 4766/4766/4639 4485/4485/4358
f 4745/4745/4618 5386/5386/5097 4775/4775/4648
f 4774/4774/4647 4773/4773/4646 4778/4778/4651
f 4466/4466/4339 4747/4747/4620 4493/4493/4366
f 4747/4747/4620 4776/4776/4649 4493/4493/4366
f 4777/4777/4650 4773/4773/4646 4781/4781/4654
f 4773/4773/4646 4779/4779/4652 4781/4781/4654
f 4789/4789/4662 4782/4782/4655 4783/4783/4656
f 4782/4782/4655 4781/4781/4654 4783/4783/4656
f 4786/4786/4659 5387/5387/5098 4777/4777/4650
f 5387/5387/5098 4778/4778/4651 4777/4777/4650
f 4782/4782/4655 4788/4788/4661 4786/4786/4659
f 4793/4793/4666 4507/4507/4380 4785/4785/4658
f 4891/4891/4764 4790/4790/4663 4784/4784/4657
f 4790/4790/4663 4783/4783/4656 4784/4784/4657
f 4891/4891/4764 4803/4803/4676 4790/4790/4663
f 4803/4803/4676 4792/4792/4665 4790/4790/4663
f 4787/4787/4660 4512/4512/4385 4788/4788/4661
f 4512/4512/4385 4511/4511/4384 4788/4788/4661
f 4789/4789/4662 4791/4791/4664 4787/4787/4660
f 4791/4791/4664 4794/4794/4667 4787/4787/4660
f 4798/4798/4671 4797/4797/4670 4795/4795/4668
f 4797/4797/4670 4759/4759/4632 4795/4795/4668
f 4801/4801/4674 4800/4800/4673 4806/4806/4679
f 4800/4800/4673 4802/4802/4675 4806/4806/4679
f 4804/4804/4677 4791/4791/4664 4800/4800/4673
f 4791/4791/4664 4792/4792/4665 4800/4800/4673
f 4805/4805/4678 4806/4806/4679 4807/4807/4680
f 4806/4806/4679 4900/4900/4773 4807/4807/4680
f 4801/4801/4674 4805/4805/4678 4810/4810/4683
f 4805/4805/4678 4809/4809/4682 4810/4810/4683
f 4533/4533/4406 4794/4794/4667 4811/4811/4684
f 4794/4794/4667 4804/4804/4677 4811/4811/4684
f 4812/4812/4685 4534/4534/4407 4811/4811/4684
f 4534/4534/4407 4531/4531/4404 4811/4811/4684
f 4812/4812/4685 4810/4810/4683 4536/4536/4409
f 4810/4810/4683 4813/4813/4686 4536/4536/4409
f 4816/4816/4689 4795/4795/4668 4768/4768/4641
f 4795/4795/4668 4758/4758/4631 4768/4768/4641
f 4817/4817/4690 4816/4816/4689 4819/4819/4692
f 4816/4816/4689 4818/4818/4691 4819/4819/4692
f 4542/4542/4415 4818/4818/4691 4543/4543/4416
f 4818/4818/4691 4771/4771/4644 4543/4543/4416
f 4821/4821/4694 4824/4824/4697 4809/4809/4682
f 4824/4824/4697 4813/4813/4686 4809/4809/4682
f 4835/4835/4708 4827/4827/4700 4707/4707/4580
f 4827/4827/4700 4708/4708/4581 4707/4707/4580
f 4707/4707/4580 4714/4714/4587 4836/4836/4709
f 4714/4714/4587 4830/4830/4703 4836/4836/4709
f 4832/4832/4705 4840/4840/4713 4833/4833/4706
f 4840/4840/4713 4839/4839/4712 4833/4833/4706
f 4837/4837/4710 4830/4830/4703 5388/5388/5099
f 5389/5389/5100 4716/4716/4589 4715/4715/4588
f 4704/4704/4577 4825/4825/4698 4750/4750/4623
f 4825/4825/4698 4849/4849/4722 4750/4750/4623
f 4851/4851/4724 4825/4825/4698 4852/4852/4725
f 4825/4825/4698 4827/4827/4700 4852/4852/4725
f 4865/4865/4738 4850/4850/4723 4851/4851/4724
f 4850/4850/4723 4849/4849/4722 4851/4851/4724
f 4845/4845/4718 4851/4851/4724 4847/4847/4720
f 4851/4851/4724 4852/4852/4725 4847/4847/4720
f 4865/4865/4738 4851/4851/4724 4848/4848/4721
f 4851/4851/4724 4845/4845/4718 4848/4848/4721
f 4856/4856/4729 4855/4855/4728 4858/4858/4731
f 4855/4855/4728 4886/4886/4759 4858/4858/4731
f 4857/4857/4730 5390/5390/5101 4858/4858/4731
f 5390/5390/5101 4856/4856/4729 4858/4858/4731
f 4752/4752/4625 4751/4751/4624 4863/4863/4736
f 4751/4751/4624 4850/4850/4723 4863/4863/4736
f 4860/4860/4733 5391/5391/5102 4861/4861/4734
f 5391/5391/5102 4888/4888/4761 4861/4861/4734
f 4888/4888/4761 5391/5391/5102 4859/4859/4732
f 5391/5391/5102 4857/4857/4730 4859/4859/4732
f 4833/4833/4706 4874/4874/4747 4834/4834/4707
f 4874/4874/4747 5392/5392/5103 4834/4834/4707
f 4874/4874/4747 4868/4868/4741 5392/5392/5103
f 4868/4868/4741 4867/4867/4740 5392/5392/5103
f 4872/4872/4745 4868/4868/4741 4880/4880/4753
f 4868/4868/4741 4874/4874/4747 4880/4880/4753
f 4880/4880/4753 4874/4874/4747 4875/4875/4748
f 4874/4874/4747 4873/4873/4746 4875/4875/4748
f 4873/4873/4746 4839/4839/4712 4754/4754/4627
f 4839/4839/4712 4755/4755/4628 4754/4754/4627
f 4872/4872/4745 4878/4878/4751 4876/4876/4749
f 4878/4878/4751 4877/4877/4750 4876/4876/4749
f 4895/4895/4768 4879/4879/4752 4881/4881/4754
f 4879/4879/4752 4878/4878/4751 4881/4881/4754
f 4881/4881/4754 4882/4882/4755 4895/4895/4768
f 4882/4882/4755 4884/4884/4757 4895/4895/4768
f 4882/4882/4755 4875/4875/4748 4757/4757/4630
f 4875/4875/4748 4754/4754/4627 4757/4757/4630
f 4861/4861/4734 4888/4888/4761 4779/4779/4652
f 4888/4888/4761 4780/4780/4653 4779/4779/4652
f 4887/4887/4760 4784/4784/4657 4888/4888/4761
f 4784/4784/4657 4780/4780/4653 4888/4888/4761
f 4887/4887/4760 4859/4859/4732 4890/4890/4763
f 4859/4859/4732 4885/4885/4758 4890/4890/4763
f 4897/4897/4770 4890/4890/4763 4893/4893/4766
f 4890/4890/4763 4885/4885/4758 4893/4893/4766
f 4898/4898/4771 4897/4897/4770 4901/4901/4774
f 4897/4897/4770 4899/4899/4772 4901/4901/4774
f 4899/4899/4772 5393/5393/5104 4900/4900/4773
f 4884/4884/4757 4797/4797/4670 4796/4796/4669
f 4803/4803/4676 4898/4898/4771 4802/4802/4675
f 4898/4898/4771 4901/4901/4774 4802/4802/4675
# Vertices: 5393, normals: 5104, texture coordinates: 5393, faces: 7972

