# File generated by FabConvert.com - Free Image and 3D model conversion tools

mtllib leftleg.mtl

o obj1
v 0.17890978 -0.44156602 -0.1080147
v 0.18003082 -0.44025847 -0.10826844
v 0.18023449 -0.440281 -0.10713875
v 0.17892271 -0.44105923 -0.10519028
v 0.17892271 -0.44105923 -0.10519028
v 0.1777339 -0.44019753 -0.10721499
v 0.17890978 -0.44156602 -0.1080147
v 0.17767078 -0.44027811 -0.10824412
v 0.178877 -0.44087401 -0.10948586
v 0.178877 -0.44087401 -0.10948586
v 0.27520818 -0.41305628 -0.08076566
v 0.27518922 -0.41259483 -0.08076566
v 0.27481306 -0.41281417 -0.0781821
v 0.27461487 -0.41355363 -0.08073258
v 0.27520818 -0.41305628 -0.08076566
v 0.27481306 -0.41281417 -0.0781821
v 0.27491963 -0.41349986 -0.08144301
v 0.27074516 -0.4303675 -0.09086436
v 0.27562904 -0.41695648 -0.08802897
v 0.27516717 -0.41284451 -0.08123547
v 0.27516717 -0.41284451 -0.08123547
v 0.27585483 -0.41640016 -0.08789515
v 0.27588344 -0.41661373 -0.08837765
v 0.27588344 -0.41661373 -0.08837765
v 0.27588344 -0.41618973 -0.08836901
v 0.27585483 -0.41640016 -0.08789515
v 0.27540964 -0.4164176 -0.08852404
v 0.27588344 -0.41618973 -0.08836901
v 0.27588344 -0.41661373 -0.08837765
v 0.27534765 -0.41780511 -0.08875132
v 0.27534765 -0.41780511 -0.08875132
v 0.27006686 -0.43030494 -0.0890668
v 0.27007931 -0.43141612 -0.09025687
v 0.27007198 -0.43143341 -0.09132117
v 0.27052516 -0.43116274 -0.09240144
v 0.23663986 -0.4170309 0.03369945
v 0.23487014 -0.42078719 0.0319196
v 0.23743212 -0.41866606 0.03115213
v 0.23886478 -0.4170112 0.03131324
v 0.2391634 -0.4181945 0.02890623
v 0.2432822 -0.41312546 0.02715206
v 0.23654544 -0.42035922 0.0284577
v 0.26238781 -0.41622838 -0.00116581
v 0.25887913 -0.4094857 0.00960177
v 0.25903541 -0.4195857 0.00231826
v 0.26079667 -0.4202314 -0.00364488
v 0.26369065 -0.41599825 -0.00596845
v 0.25444341 -0.42340353 -0.00321436
v 0.26072967 -0.42664012 -0.0261175
v 0.26127446 -0.42493844 -0.02491921
v 0.26024699 -0.42661405 -0.02476144
v 0.26332229 -0.42347106 -0.02782565
v 0.26618356 -0.40796143 -0.01915854
v 0.25970286 -0.42728353 -0.02596813
v 0.25789285 -0.42734927 -0.02307761
v 0.24205112 -0.42780548 0.00231099
v 0.24232608 -0.42749369 -0.00666207
v 0.2364825 -0.42876142 0.01493257
v 0.24746203 -0.42216071 0.01280355
v 0.22731966 -0.43463099 -0.00308418
v 0.23558378 -0.43462908 -0.02478522
v 0.23612726 -0.43447655 -0.02479798
v 0.23558468 -0.43462336 -0.02473128
v 0.22731811 -0.43459383 -0.00494999
v 0.26130319 -0.42714113 -0.02971494
v 0.2701472 -0.41024643 -0.02963084
v 0.27039754 -0.41417411 -0.0377292
v 0.27068633 -0.41345671 -0.05246431
v 0.26483297 -0.42482066 -0.04540431
v 0.27225447 -0.41053164 -0.05875587
v 0.26953793 -0.416823 -0.06304419
v 0.26461899 -0.42479762 -0.07136887
v 0.2644242 -0.42695713 -0.05904621
v 0.25460994 -0.428626 -0.0329659
v 0.26035631 -0.42618316 -0.07080913
v 0.24988139 -0.42995512 -0.05226195
v 0.24460167 -0.43055424 -0.04302204
v 0.23931831 -0.43306214 -0.04529977
v 0.24470061 -0.43083093 -0.04611921
v 0.24866372 -0.42916557 -0.04467934
v 0.23532188 -0.429194 -0.07088035
v 0.24130183 -0.42845079 -0.07054359
v 0.23537076 -0.42891204 -0.06872535
v 0.2355178 -0.43466133 -0.02491152
v 0.22830826 -0.43676379 -0.04394418
v 0.22803444 -0.43612647 -0.04771793
v 0.2326234 -0.43126693 -0.06325775
v 0.26257849 -0.43070114 -0.08998042
v 0.25079536 -0.42800805 -0.08091027
v 0.2479974 -0.42889696 -0.08541024
v 0.27016342 -0.42099634 -0.09235656
v 0.27330393 -0.41514006 -0.08971822
v 0.26288158 -0.42683002 -0.09748107
v 0.26509833 -0.42825422 -0.09599727
v 0.26897871 -0.431337 -0.09095746
v 0.26878089 -0.43083212 -0.08915257
v 0.26872575 -0.43138963 -0.09217793
v 0.26872575 -0.43138963 -0.09217793
v 0.27052516 -0.43116274 -0.09240144
v 0.26509833 -0.42825422 -0.09599727
v 0.24271643 -0.42928728 -0.08543563
v 0.235892 -0.43175149 -0.08948445
v 0.24214518 -0.42940795 -0.08825397
v 0.23511547 -0.42161056 -0.11089706
v 0.25649315 -0.41037554 -0.0979076
v 0.26138401 -0.42696819 -0.09802365
v 0.23511547 -0.42161056 -0.11089706
v 0.26138401 -0.42696819 -0.09802365
v 0.23530591 -0.43103197 -0.09803247
v 0.23276782 -0.43076405 -0.07683653
v 0.22914773 -0.4345099 -0.08970535
v 0.22976238 -0.43549934 -0.09281993
v 0.23144639 -0.43276739 -0.09619731
v 0.22200918 -0.41711578 0.04422605
v 0.21693546 -0.41509998 0.04508621
v 0.2169674 -0.4182266 0.04404259
v 0.21979761 -0.42318231 0.0408833
v 0.21224368 -0.42499188 0.04134667
v 0.21979761 -0.42318231 0.0408833
v 0.22108233 -0.43209699 0.02670085
v 0.22454453 -0.4313311 0.01903254
v 0.21765548 -0.43320569 0.01941574
v 0.21116853 -0.43273678 0.02996248
v 0.19464219 -0.41656533 0.04763073
v 0.18699521 -0.43165675 0.03772634
v 0.2010107 -0.42942506 0.03745937
v 0.20517105 -0.41688678 0.04767054
v 0.21224368 -0.42499188 0.04134667
v 0.2010107 -0.42942506 0.03745937
v 0.19435042 -0.43707985 0.02131027
v 0.19354266 -0.43733406 0.01988608
v 0.19258517 -0.43725944 0.02159441
v 0.19439149 -0.43731502 0.01974016
v 0.19353831 -0.43733284 0.01957911
v 0.22460651 -0.43476075 0.00031465
v 0.22573751 -0.43494225 -0.00404829
v 0.22521019 -0.43523902 -0.00678152
v 0.23550838 -0.43464366 -0.0247646
v 0.20487082 -0.43459097 -0.00060278
v 0.21842813 -0.43903384 -0.02348459
v 0.2045542 -0.43471158 -0.00247508
v 0.2039507 -0.43461347 -0.00151682
v 0.19186354 -0.43611798 -0.00212747
v 0.20394951 -0.43457589 -0.00192565
v 0.20438188 -0.43462965 -0.00172889
v 0.19968921 -0.43584153 0.00722677
v 0.20356405 -0.43497163 -0.00286597
v 0.18218857 -0.43719482 -0.00232285
v 0.1821934 -0.4371962 -0.002514
v 0.19343197 -0.43848309 -0.02142286
v 0.21039385 -0.4401584 -0.02337968
v 0.19341558 -0.43891773 -0.0252533
v 0.23558378 -0.43462908 -0.02478522
v 0.23550838 -0.43464366 -0.0247646
v 0.2355178 -0.43466133 -0.02491152
v 0.23286301 -0.42955184 -0.07019264
v 0.22476816 -0.43647668 -0.0458166
v 0.22134089 -0.43931046 -0.03116101
v 0.21242756 -0.43766493 -0.03197235
v 0.22347182 -0.4352901 -0.05648118
v 0.20960236 -0.43358546 -0.05279648
v 0.21932817 -0.4332889 -0.06946075
v 0.1844846 -0.43883005 -0.04140806
v 0.20258886 -0.43424171 -0.04208273
v 0.20555186 -0.43384382 -0.04361629
v 0.20282722 -0.43347612 -0.04500318
v 0.1839776 -0.4375456 -0.04722238
v 0.19320029 -0.43146712 -0.06836897
v 0.19979692 -0.43192923 -0.06934977
v 0.19307697 -0.43156579 -0.07042038
v 0.21131402 -0.42988575 -0.08918607
v 0.20597947 -0.42841619 -0.08547771
v 0.20521855 -0.42842522 -0.0875473
v 0.23431432 -0.4209182 -0.11127228
v 0.23391873 -0.42218974 -0.11074096
v 0.22940707 -0.43184206 -0.10003299
v 0.20825565 -0.429039 -0.09105653
v 0.22582614 -0.43502453 -0.09124827
v 0.22414309 -0.4341743 -0.08213955
v 0.22524244 -0.43443006 -0.09549195
v 0.22524244 -0.43443006 -0.09549195
v 0.22582614 -0.43502453 -0.09124827
v 0.21131402 -0.42988575 -0.08918607
v 0.20301652 -0.42810979 -0.0870266
v 0.19922948 -0.42944041 -0.0889892
v 0.20277435 -0.42832184 -0.08860141
v 0.19847828 -0.42955559 -0.07865441
v 0.19300383 -0.42941961 -0.10723996
v 0.20104259 -0.43147197 -0.10364407
v 0.19328541 -0.43121564 -0.10372382
v 0.18331093 -0.43580252 -0.08919185
v 0.1839447 -0.43715194 -0.09612566
v 0.19033116 -0.4321582 -0.1026057
v 0.22121567 -0.43344447 -0.10074019
v 0.2232669 -0.43177485 -0.10855877
v 0.23391873 -0.42218974 -0.11074096
v 0.2232669 -0.43177485 -0.10855877
v 0.21937305 -0.42529368 -0.11015594
v 0.21618539 -0.43024886 -0.10655546
v 0.21937305 -0.42529368 -0.11015594
v 0.2184118 -0.41527265 -0.11455828
v 0.20309412 -0.42154604 -0.11688435
v 0.19568515 -0.42525792 -0.11526334
v 0.19260669 -0.4210636 -0.11905575
v 0.17963129 -0.43704888 -0.12223661
v 0.18018579 -0.43558723 -0.12222719
v 0.1810416 -0.43699899 -0.12107807
v 0.18419379 -0.43552682 -0.11505997
v 0.17978585 -0.43811354 -0.1204502
v 0.1810416 -0.43699899 -0.12107807
v 0.17962676 -0.43803555 -0.12167555
v 0.17963129 -0.43704888 -0.12223661
v 0.1881364 -0.41687506 0.04941463
v 0.17521214 -0.41416278 0.04752165
v 0.1751824 -0.41924873 0.04593235
v 0.17984039 -0.42996988 0.04134047
v 0.17009163 -0.42747042 0.04110211
v 0.17984039 -0.42996988 0.04134047
v 0.18062973 -0.43572554 0.03314465
v 0.18699521 -0.43165675 0.03772634
v 0.19293058 -0.4373306 0.01967657
v 0.16971582 -0.43423149 0.03094864
v 0.17601287 -0.43544644 0.01910096
v 0.16886681 -0.41738877 0.04548198
v 0.16146165 -0.41769564 0.03392953
v 0.15879184 -0.41591096 0.02964604
v 0.16066653 -0.42043152 0.02828902
v 0.15611237 -0.41796675 0.02657253
v 0.1566987 -0.43641016 0.01912826
v 0.16971582 -0.43423149 0.03094864
v 0.1566987 -0.43641016 0.01912826
v 0.17812204 -0.43685001 -0.00235915
v 0.16605288 -0.43557888 -8.315E-05
v 0.16544688 -0.4354279 -0.00206065
v 0.16569656 -0.43571109 -0.00352997
v 0.18201298 -0.43719321 -0.00243145
v 0.1819557 -0.437195 -0.00203359
v 0.18164074 -0.43749082 -0.00402921
v 0.18215364 -0.44047171 -0.02485627
v 0.17576879 -0.44023517 -0.02522779
v 0.16421407 -0.43470198 -0.00107008
v 0.16446012 -0.43517423 -0.00260878
v 0.15546447 -0.43585432 0.01861566
v 0.14211655 -0.43708986 -0.0031656
v 0.1629234 -0.43602133 -0.00784165
v 0.15659904 -0.43697622 -0.02341121
v 0.14240789 -0.43718031 -0.00382519
v 0.16476023 -0.43883756 -0.02496248
v 0.15663868 -0.43723691 -0.02529764
v 0.17949337 -0.43864849 -0.04446542
v 0.17716146 -0.44065759 -0.03095621
v 0.1712026 -0.4387475 -0.03346211
v 0.17821628 -0.43590909 -0.05899042
v 0.18915749 -0.43179193 -0.06985456
v 0.17598617 -0.43386504 -0.07092929
v 0.16920805 -0.43471345 -0.05330616
v 0.15898567 -0.43212977 -0.06818253
v 0.16100496 -0.4322266 -0.06824309
v 0.15895998 -0.43210208 -0.06701595
v 0.16123742 -0.43304312 -0.06011963
v 0.15501928 -0.43355492 -0.06245178
v 0.14445835 -0.43886268 -0.04231954
v 0.1637705 -0.4360494 -0.04171902
v 0.16722673 -0.43590879 -0.04335642
v 0.16400027 -0.43536025 -0.04495233
v 0.19073349 -0.43210953 -0.10469037
v 0.17866373 -0.44060951 -0.09405947
v 0.17732245 -0.4347811 -0.08081722
v 0.16890275 -0.43193397 -0.08688647
v 0.17866373 -0.44060951 -0.09405947
v 0.16898209 -0.43217134 -0.08738595
v 0.18450648 -0.43686792 -0.10676163
v 0.14413047 -0.43449503 -0.07831311
v 0.14605576 -0.43222472 -0.08190244
v 0.16680545 -0.43209991 -0.08658671
v 0.16805327 -0.4319042 -0.08579361
v 0.1687007 -0.42556843 -0.10816443
v 0.1553697 -0.42109111 -0.09749836
v 0.16490388 -0.41381931 -0.11065894
v 0.16864061 -0.43244848 -0.10313791
v 0.16863054 -0.43184653 -0.08738977
v 0.1557858 -0.42561218 -0.09467006
v 0.1686756 -0.43192145 -0.08716637
v 0.16890275 -0.43193397 -0.08688647
v 0.1686756 -0.43192145 -0.08716637
v 0.16867971 -0.43192178 -0.08727235
v 0.16867971 -0.43192178 -0.08727235
v 0.16680545 -0.43209991 -0.08658671
v 0.17684954 -0.43910757 -0.10736537
v 0.18008178 -0.4212878 -0.12435859
v 0.17722422 -0.43690693 -0.12118882
v 0.17217439 -0.43270805 -0.11431485
v 0.17400533 -0.42564103 -0.12197953
v 0.1786235 -0.43659464 -0.12230426
v 0.1764434 -0.42207837 -0.12476814
v 0.17643476 -0.41958418 -0.12473887
v 0.1786989 -0.43882504 -0.12090737
v 0.17732924 -0.43881848 -0.1100468
v 0.17859882 -0.43758616 -0.1222949
v 0.17962676 -0.43803555 -0.12167555
v 0.17859882 -0.43758616 -0.1222949
v 0.17859882 -0.43758616 -0.1222949
v 0.1786989 -0.43882504 -0.12090737
v 0.1786235 -0.43659464 -0.12230426
v 0.17274368 -0.42147288 -0.12038881
v 0.17408222 -0.42085627 -0.12354058
v 0.1764434 -0.42207837 -0.12476814
v 0.17408222 -0.42085627 -0.12354058
v 0.1473763 -0.41342899 0.01414454
v 0.14306635 -0.42460567 0.01546597
v 0.15546447 -0.43585432 0.01861566
v 0.14211655 -0.43708986 -0.0031656
v 0.1418466 -0.43688291 -0.00322431
v 0.14207858 -0.43713555 -0.00329942
v 0.14211655 -0.43708986 -0.0031656
v 0.12947255 -0.42311895 -0.00143051
v 0.1418466 -0.43688291 -0.00322431
v 0.13275331 -0.42191035 0.00595599
v 0.14192992 -0.43715981 -0.00342727
v 0.14207858 -0.43713555 -0.00329942
v 0.14192992 -0.43715981 -0.00342727
v 0.14444011 -0.43965518 -0.02488023
v 0.12678808 -0.43270147 -0.01406586
v 0.12997437 -0.44049942 -0.02472258
v 0.13266361 -0.41552693 0.00313556
v 0.12946504 -0.41803312 0.00058007
v 0.12947255 -0.42311895 -0.00143051
v 0.12946504 -0.41803312 0.00058007
v 0.12789106 -0.41779545 -0.00367087
v 0.12473506 -0.40851364 -0.01776826
v 0.12386882 -0.42420679 -0.01883298
v 0.11985278 -0.43322435 -0.0248211
v 0.12386882 -0.42420679 -0.01883298
v 0.11534864 -0.41863921 -0.03167856
v 0.12678808 -0.43270147 -0.01406586
v 0.11985278 -0.43322435 -0.0248211
v 0.15631729 -0.43257469 -0.06783748
v 0.13961464 -0.43870077 -0.04472482
v 0.14390534 -0.43802664 -0.04686666
v 0.12997437 -0.44049942 -0.02472258
v 0.13331509 -0.44154164 -0.03155142
v 0.12563419 -0.44135785 -0.03197247
v 0.13519961 -0.43780923 -0.05742759
v 0.12397921 -0.43776616 -0.05649257
v 0.12966537 -0.43734595 -0.06792539
v 0.11336017 -0.41615236 -0.03462583
v 0.11588752 -0.41339621 -0.03094912
v 0.11127543 -0.41596505 -0.03816676
v 0.11325085 -0.42096999 -0.03653526
v 0.11466449 -0.43577334 -0.03624707
v 0.11325085 -0.42096999 -0.03653526
v 0.11118835 -0.43569243 -0.04693592
v 0.10589439 -0.42644992 -0.05312634
v 0.10545093 -0.43422875 -0.06397271
v 0.11697102 -0.43879199 -0.04255223
v 0.12089908 -0.43854383 -0.0444364
v 0.11697102 -0.43879199 -0.04255223
v 0.12563419 -0.44135785 -0.03197247
v 0.11732394 -0.43783507 -0.04667056
v 0.11732394 -0.43783507 -0.04667056
v 0.11778247 -0.43628666 -0.07084137
v 0.10845643 -0.43549532 -0.07059151
v 0.10849583 -0.43745014 -0.07588094
v 0.14187276 -0.43487406 -0.07775044
v 0.14188385 -0.43451738 -0.07898754
v 0.12121671 -0.4354957 -0.07888454
v 0.1553697 -0.42109111 -0.09749836
v 0.14337856 -0.42622483 -0.09518343
v 0.14131147 -0.41328698 -0.09819043
v 0.14337856 -0.42622483 -0.09518343
v 0.1557858 -0.42561218 -0.09467006
v 0.14337856 -0.42622483 -0.09518343
v 0.1183778 -0.43572471 -0.07832432
v 0.11793745 -0.43565595 -0.07895696
v 0.11792421 -0.43557963 -0.07916355
v 0.11835933 -0.43527925 -0.07980698
v 0.13005358 -0.42902786 -0.09503949
v 0.11835933 -0.43527925 -0.07980698
v 0.11845446 -0.42422542 -0.09344643
v 0.10870105 -0.41804329 -0.09316289
v 0.11824751 -0.41215628 -0.09640568
v 0.11845446 -0.42422542 -0.09344643
v 0.10821563 -0.42472509 -0.09206438
v 0.11749446 -0.43550554 -0.07946318
v 0.10343093 -0.43725568 -0.08628511
v 0.10390729 -0.44183412 -0.07925326
v 0.11754441 -0.43581682 -0.07897335
v 0.11754751 -0.43582839 -0.079202
v 0.11749446 -0.43550554 -0.07946318
v 0.10359526 -0.41516578 -0.05228812
v 0.10589439 -0.42644992 -0.05312634
v 0.09774888 -0.40586978 -0.06531715
v 0.09529781 -0.41917881 -0.0697462
v 0.09970176 -0.40709823 -0.06222546
v 0.09621346 -0.42950493 -0.06870407
v 0.09483445 -0.42623457 -0.06952298
v 0.09411991 -0.428543 -0.07082164
v 0.10244882 -0.43611962 -0.07365477
v 0.10845643 -0.43549532 -0.07059151
v 0.10244882 -0.43611962 -0.07365477
v 0.09621346 -0.42950493 -0.06870407
v 0.09411991 -0.428543 -0.07082164
v 0.0952059 -0.43070507 -0.07329792
v 0.09375453 -0.42715392 -0.07197815
v 0.09529781 -0.41917881 -0.0697462
v 0.09379143 -0.427156 -0.07291549
v 0.09373277 -0.42826179 -0.07265103
v 0.09373277 -0.42826179 -0.07265103
v 0.09617281 -0.41621929 -0.07563466
v 0.09558368 -0.42239976 -0.07654452
v 0.09459347 -0.42375684 -0.07415974
v 0.0989511 -0.41696161 -0.08063674
v 0.10870105 -0.41804329 -0.09316289
v 0.10555637 -0.42005473 -0.09005785
v 0.10574228 -0.4158321 -0.09050924
v 0.09842569 -0.43544948 -0.08178478
v 0.09237307 -0.43784344 -0.0771572
v 0.10555637 -0.42005473 -0.09005785
v 0.09691048 -0.44470271 -0.08018064
v 0.1034103 -0.44224921 -0.08272886
v 0.09759796 -0.43901002 -0.07558298
v 0.10244882 -0.43611962 -0.07365477
v 0.09759796 -0.43901002 -0.07558298
v 0.09691048 -0.44470271 -0.08018064
v 0.09759796 -0.43901002 -0.07558298
v 0.09862775 -0.43918505 -0.08179408
v 0.1034103 -0.44224921 -0.08272886
v 0.1034103 -0.44224921 -0.08272886
v 0.09862775 -0.43918505 -0.08179408
v 0.10343093 -0.43725568 -0.08628511
v 0.09313458 -0.42993218 -0.07380182
v 0.09313458 -0.42993218 -0.07380182
v 0.268794 -0.3934516 -0.00184256
v 0.26890641 -0.39161891 -0.00283164
v 0.26867998 -0.39221632 -0.00112861
v 0.26848763 -0.39340508 -0.00099748
v 0.26902264 -0.39347118 -0.00388962
v 0.2684378 -0.39429554 -0.00148052
v 0.26859945 -0.39469358 -0.00252593
v 0.26934922 -0.39455742 -0.04356891
v 0.26928216 -0.39195207 -0.04429835
v 0.26945162 -0.39129293 -0.04120803
v 0.26961005 -0.39434642 -0.04008132
v 0.26937485 -0.39484528 -0.0473001
v 0.27000946 -0.39885226 -0.04147011
v 0.27012074 -0.39889777 -0.04668289
v 0.27518922 -0.41259483 -0.08076566
v 0.27464461 -0.41141593 -0.07979804
v 0.27481306 -0.41281417 -0.0781821
v 0.27073634 -0.39767772 -0.07719147
v 0.27073473 -0.39767513 -0.0771926
v 0.27073544 -0.39767361 -0.07718867
v 0.2707358 -0.39767739 -0.07718533
v 0.27073509 -0.39767772 -0.07719457
v 0.2749716 -0.41221157 -0.08121258
v 0.27464461 -0.41141593 -0.07979804
v 0.27073634 -0.39767772 -0.07719147
v 0.2749716 -0.41221157 -0.08121258
v 0.27567571 -0.41581136 -0.08782744
v 0.27567571 -0.41581136 -0.08782744
v 0.2754547 -0.41581258 -0.0884015
v 0.2754547 -0.41581258 -0.0884015
v 0.26078933 -0.38474393 0.02353907
v 0.26236778 -0.38111883 0.02122706
v 0.25909466 -0.37891495 0.02722418
v 0.26248604 -0.38450029 0.01962835
v 0.25373298 -0.38791606 0.03141582
v 0.26392692 -0.38059649 0.01684833
v 0.26248604 -0.38450029 0.01962835
v 0.26078933 -0.38474393 0.02353907
v 0.2590034 -0.39420795 0.01951158
v 0.25373298 -0.38791606 0.03141582
v 0.23817354 -0.37077859 0.0453397
v 0.24602413 -0.3859458 0.03920388
v 0.25052577 -0.37132561 0.03651887
v 0.23919535 -0.39200014 0.04296917
v 0.23256457 -0.38145268 0.04796684
v 0.22964364 -0.39201218 0.04835695
v 0.25981176 -0.36452669 0.02583218
v 0.24649322 -0.39211982 0.03728479
v 0.23919535 -0.39200014 0.04296917
v 0.23053652 -0.40041628 0.04683816
v 0.24025381 -0.40971449 0.03384107
v 0.24649322 -0.39211982 0.03728479
v 0.23919535 -0.39200014 0.04296917
v 0.25338489 -0.4073599 0.01693881
v 0.25413793 -0.40106934 0.02016193
v 0.26335472 -0.36371201 0.01824552
v 0.26637197 -0.37312222 0.00212538
v 0.26858735 -0.37851092 -0.01707238
v 0.26788294 -0.37352037 -0.00678277
v 0.26872349 -0.37915814 -0.02668291
v 0.26919943 -0.388428 -0.02227974
v 0.26961219 -0.36806804 -0.01568395
v 0.26642126 -0.39537156 0.00201529
v 0.26642126 -0.39537156 0.00201529
v 0.25705069 -0.40133357 0.01515383
v 0.25705069 -0.40133357 0.01515383
v 0.25887913 -0.4094857 0.00960177
v 0.26859945 -0.39469358 -0.00252593
v 0.26890707 -0.39864871 -0.02231789
v 0.26618356 -0.40796143 -0.01915854
v 0.2701472 -0.41024643 -0.02963084
v 0.26967645 -0.36941469 -0.02522868
v 0.26905042 -0.37533215 -0.0331521
v 0.26314878 -0.37392986 -0.05643392
v 0.26736891 -0.38183501 -0.05387157
v 0.26640314 -0.38273999 -0.06043512
v 0.26847792 -0.37541533 -0.04171157
v 0.26776987 -0.39006379 -0.06067616
v 0.27039754 -0.41417411 -0.0377292
v 0.27068633 -0.41345671 -0.05246431
v 0.27225447 -0.41053164 -0.05875587
v 0.27011639 -0.39892712 -0.0650121
v 0.26314878 -0.37392986 -0.05643392
v 0.25927043 -0.3660078 -0.05480087
v 0.26348418 -0.36861783 -0.04819959
v 0.24844223 -0.37026861 -0.06663084
v 0.26215762 -0.38219172 -0.06462175
v 0.27073544 -0.39767361 -0.07718867
v 0.27073473 -0.39767513 -0.0771926
v 0.27073157 -0.39767212 -0.07719105
v 0.27073157 -0.39767212 -0.07719105
v 0.25766528 -0.38672212 -0.07983279
v 0.27073222 -0.39767593 -0.07719475
v 0.27073509 -0.39767772 -0.07719457
v 0.26165235 -0.40931275 -0.09597319
v 0.27072543 -0.3976872 -0.07721108
v 0.25948846 -0.40450674 -0.09454745
v 0.2482115 -0.38737723 -0.08660382
v 0.23326063 -0.38385844 -0.09059852
v 0.23999482 -0.37312746 -0.07556194
v 0.24415714 -0.37371203 -0.07357794
v 0.26215762 -0.38219172 -0.06462175
v 0.25766528 -0.38672212 -0.07983279
v 0.2559014 -0.39204553 -0.08811563
v 0.24346387 -0.39579424 -0.09762794
v 0.23816782 -0.40198922 -0.10201597
v 0.23655343 -0.39553979 -0.10087818
v 0.19789851 -0.37205145 0.05500138
v 0.19855058 -0.36949861 0.05529886
v 0.19570732 -0.37088534 0.05502677
v 0.19568932 -0.37339923 0.05520445
v 0.22393674 -0.38882199 0.05028379
v 0.22957313 -0.37069425 0.04850501
v 0.21725982 -0.36560726 0.05316156
v 0.21709794 -0.37506542 0.0517298
v 0.23817354 -0.37077859 0.0453397
v 0.20990324 -0.38819453 0.05162746
v 0.23663986 -0.4170309 0.03369945
v 0.22471911 -0.3945888 0.04853475
v 0.20882565 -0.39486924 0.0497672
v 0.20187896 -0.39203876 0.05246693
v 0.18930638 -0.39196664 0.05201572
v 0.19817841 -0.40869966 0.05045617
v 0.19166672 -0.40843165 0.0502485
v 0.21733427 -0.36994272 -0.08217555
v 0.22812146 -0.3725951 -0.07990599
v 0.21726936 -0.37303868 -0.08426917
v 0.21858937 -0.37477097 -0.08636022
v 0.21563309 -0.37528807 -0.0864045
v 0.22078168 -0.38662589 -0.09911263
v 0.23325825 -0.39913273 -0.1047799
v 0.21802998 -0.39341062 -0.10533333
v 0.21263939 -0.38692337 -0.09805757
v 0.19906402 -0.37996989 -0.0928809
v 0.19193256 -0.37775123 -0.09395069
v 0.19463396 -0.37250435 -0.08764768
v 0.21334416 -0.37219647 -0.08431232
v 0.19907123 -0.39080301 -0.10639125
v 0.19420373 -0.39098206 -0.10740632
v 0.19426709 -0.38790175 -0.10400987
v 0.22217089 -0.40234295 -0.11161929
v 0.21481109 -0.4024677 -0.1112169
v 0.19525546 -0.39313045 -0.10831678
v 0.19102198 -0.39333045 -0.11229718
v 0.19515407 -0.41559079 -0.11558306
v 0.18799239 -0.40719178 -0.11952651
v 0.19384944 -0.36990047 0.05489576
v 0.19381624 -0.37190095 0.05486524
v 0.17570627 -0.37185779 0.04650646
v 0.18213314 -0.38843012 0.05052769
v 0.1693216 -0.3830722 0.0436492
v 0.1661405 -0.3905842 0.04143953
v 0.16907001 -0.39154744 0.04386675
v 0.18273163 -0.39480808 0.04934502
v 0.16605103 -0.3927727 0.04168791
v 0.16716498 -0.39686108 0.043428
v 0.17578048 -0.36858034 0.04656559
v 0.17303795 -0.37022012 0.04471904
v 0.1666109 -0.37036949 0.03878003
v 0.15812439 -0.36876208 0.03078467
v 0.15826201 -0.37303287 0.03031498
v 0.1539256 -0.37089986 0.02645499
v 0.15419102 -0.37905133 0.02854085
v 0.16256517 -0.39171007 0.0387857
v 0.1520977 -0.3921369 0.02712601
v 0.15561217 -0.40984359 0.02820492
v 0.15394378 -0.37373182 -0.0709675
v 0.15050161 -0.37233001 -0.06883973
v 0.15533066 -0.37048766 -0.07042557
v 0.15078551 -0.37525079 -0.07092309
v 0.17603236 -0.37323946 -0.08719802
v 0.17665333 -0.38355789 -0.10522068
v 0.17414707 -0.38430637 -0.10387927
v 0.1754235 -0.3742857 -0.08907396
v 0.1843276 -0.38747922 -0.10685849
v 0.17603236 -0.37323946 -0.08719802
v 0.17536402 -0.37316376 -0.08704019
v 0.17586118 -0.38496748 -0.10720426
v 0.17665333 -0.38355789 -0.10522068
v 0.17586118 -0.38496748 -0.10720426
v 0.17306757 -0.37320346 -0.08547658
v 0.15298951 -0.37625986 -0.0742141
v 0.14686602 -0.38016188 -0.07553256
v 0.17510372 -0.37325564 -0.08696103
v 0.15923154 -0.3939563 -0.0942474
v 0.16026694 -0.38611397 -0.08865869
v 0.15923154 -0.3939563 -0.0942474
v 0.15450186 -0.41383111 -0.09554529
v 0.14284885 -0.39466259 -0.08817518
v 0.16295522 -0.39936599 -0.1064499
v 0.15450186 -0.41383111 -0.09554529
v 0.18222851 -0.39661393 -0.12136406
v 0.17043328 -0.39945737 -0.11727273
v 0.17966658 -0.41058233 -0.12339604
v 0.17472798 -0.41673049 -0.12276751
v 0.17043328 -0.39945737 -0.11727273
v 0.17043328 -0.39945737 -0.11727273
v 0.16295522 -0.39936599 -0.1064499
v 0.17472798 -0.41673049 -0.12276751
v 0.14750153 -0.36801577 0.01423442
v 0.14707273 -0.37510794 0.01451975
v 0.14940202 -0.39002314 0.02176815
v 0.14892316 -0.39520797 0.02201611
v 0.14707273 -0.37510794 0.01451975
v 0.14197296 -0.3909789 0.00401855
v 0.14940202 -0.39002314 0.02176815
v 0.14435619 -0.37168369 0.00565708
v 0.14750153 -0.36801577 0.01423442
v 0.14163858 -0.37193978 -0.00466913
v 0.14086175 -0.38667557 -0.00040549
v 0.14086175 -0.38667557 -0.00040549
v 0.13917124 -0.3930119 -0.00023949
v 0.14197296 -0.3909789 0.00401855
v 0.13718963 -0.36165017 -0.02444297
v 0.13355523 -0.37740889 -0.02252209
v 0.13817739 -0.36225617 -0.02113694
v 0.14163858 -0.37193978 -0.00466913
v 0.13309622 -0.38195184 -0.02043045
v 0.14166015 -0.39521495 0.0044111
v 0.14197296 -0.3909789 0.00401855
v 0.13917124 -0.3930119 -0.00023949
v 0.12888569 -0.40040657 -0.01436454
v 0.13056248 -0.41304317 -0.00113338
v 0.13242775 -0.38347852 -0.02096611
v 0.13233691 -0.38253871 -0.02181417
v 0.13218057 -0.38248545 -0.02268952
v 0.13173932 -0.38354144 -0.02223235
v 0.13056248 -0.41304317 -0.00113338
v 0.12789106 -0.41779545 -0.00367087
v 0.12946504 -0.41803312 0.00058007
v 0.12518334 -0.40024841 -0.02156609
v 0.12473506 -0.40851364 -0.01776826
v 0.11588752 -0.41339621 -0.03094912
v 0.134507 -0.36463517 -0.0296849
v 0.1467889 -0.37457266 -0.06954789
v 0.13319653 -0.36706412 -0.04768932
v 0.13772631 -0.36383611 -0.05377573
v 0.13210046 -0.36843771 -0.05614787
v 0.11632085 -0.39364138 -0.04540181
v 0.12054402 -0.38920623 -0.042467
v 0.12016225 -0.38773531 -0.04676801
v 0.12920392 -0.37288725 -0.03923947
v 0.11962926 -0.39313179 -0.03890365
v 0.12245762 -0.37976202 -0.05403173
v 0.12764615 -0.37355906 -0.04411775
v 0.12202382 -0.37984478 -0.06269014
v 0.11435276 -0.38832706 -0.0594545
v 0.11453342 -0.40932098 -0.03700954
v 0.11453342 -0.40932098 -0.03700954
v 0.11027455 -0.39481187 -0.05762452
v 0.10782576 -0.40634716 -0.05188334
v 0.13079315 -0.37879479 -0.06800503
v 0.14207476 -0.39067936 -0.08481181
v 0.13762522 -0.38912389 -0.08159196
v 0.12350792 -0.38665482 -0.07864654
v 0.13762522 -0.38912389 -0.08159196
v 0.14207476 -0.39067936 -0.08481181
v 0.13786751 -0.39239067 -0.08699709
v 0.12839592 -0.4088352 -0.09967476
v 0.13437158 -0.40014228 -0.09290302
v 0.124578 -0.40055659 -0.09306097
v 0.11031514 -0.39490905 -0.07716781
v 0.11720765 -0.38705581 -0.07406694
v 0.11779642 -0.38930607 -0.081411
v 0.113617 -0.38886896 -0.06519479
v 0.12271136 -0.39072013 -0.08546299
v 0.11698371 -0.39375758 -0.08506244
v 0.10468429 -0.40123683 -0.0753659
v 0.10853666 -0.39523488 -0.07013863
v 0.10573882 -0.4075987 -0.08275849
v 0.11698371 -0.39375758 -0.08506244
v 0.12271136 -0.39072013 -0.08546299
v 0.10923868 -0.41191453 -0.09145373
v 0.1093722 -0.39269352 -0.06332296
v 0.10782576 -0.40634716 -0.05188334
v 0.09970176 -0.40709823 -0.06222546
v 0.1019125 -0.40081245 -0.06417477
v 0.09617281 -0.41621929 -0.07563466
v 0.0989511 -0.41696161 -0.08063674
v 0.10574228 -0.4158321 -0.09050924
v 0.10923868 -0.41191453 -0.09145373
v 0.10574228 -0.4158321 -0.09050924
v 0.26787436 -0.35027951 -0.0037908
v 0.26786286 -0.34970146 -0.00394487
v 0.26781791 -0.34990495 -0.00359941
v 0.26781023 -0.3502692 -0.00346959
v 0.2679649 -0.35031569 -0.00438601
v 0.26784509 -0.35074753 -0.00354385
v 0.26792669 -0.35102683 -0.00405908
v 0.25939012 -0.32827312 0.019234
v 0.26147932 -0.33778894 0.02043527
v 0.26194924 -0.33748585 0.01870412
v 0.26097572 -0.3394255 0.02151203
v 0.26009333 -0.33702672 0.02250516
v 0.26180744 -0.33934075 0.01981282
v 0.25147796 -0.34708548 0.03772879
v 0.26223302 -0.36258614 0.02137709
v 0.26131815 -0.35958362 0.02308553
v 0.26276892 -0.35970032 0.02015156
v 0.25065231 -0.35031384 0.03940922
v 0.2388944 -0.32791191 0.04905516
v 0.2492103 -0.34830749 0.04143316
v 0.24961746 -0.32763082 0.03642231
v 0.2484712 -0.34893167 0.04181284
v 0.23580354 -0.33348042 0.05040705
v 0.23152733 -0.34867722 0.05076104
v 0.25704813 -0.31932813 0.01813579
v 0.25622517 -0.31968951 0.0204646
v 0.24930727 -0.34899932 0.04123992
v 0.2484712 -0.34893167 0.04181284
v 0.23365957 -0.36123735 0.04867309
v 0.24916887 -0.34968948 0.04136455
v 0.2643345 -0.32770276 0.00251961
v 0.26139599 -0.32008415 -0.01173896
v 0.26764274 -0.33522379 -0.0114665
v 0.26725382 -0.3361451 -0.01657134
v 0.26523125 -0.32762635 -0.00220597
v 0.26888686 -0.34461105 -0.01562101
v 0.26999509 -0.35580862 -0.01925677
v 0.25904226 -0.32094175 0.01411343
v 0.26099837 -0.31920707 -0.01160961
v 0.26126087 -0.31960368 -0.01092744
v 0.2608555 -0.31928271 -0.01200849
v 0.2681272 -0.34794825 -0.02628934
v 0.2631349 -0.33515751 -0.02098584
v 0.26683962 -0.35219586 -0.03386015
v 0.25629044 -0.3470639 -0.04399049
v 0.25833404 -0.33885872 -0.03483856
v 0.26834643 -0.35886288 -0.03420818
v 0.268664 -0.35488355 -0.02985662
v 0.26683962 -0.35219586 -0.03386015
v 0.26348418 -0.36861783 -0.04819959
v 0.26068342 -0.36047769 -0.04960787
v 0.24331445 -0.33439624 -0.04689562
v 0.23761892 -0.33184308 -0.04917675
v 0.23987055 -0.32787591 -0.04536867
v 0.25380218 -0.32810551 -0.0311327
v 0.2631349 -0.33515751 -0.02098584
v 0.241373 -0.35218436 -0.0591414
v 0.24021018 -0.35337526 -0.0609538
v 0.2395373 -0.35212982 -0.06034881
v 0.24107736 -0.37101665 -0.07364792
v 0.23874635 -0.37060273 -0.0740658
v 0.24017805 -0.35868472 -0.0648486
v 0.20118886 -0.3297956 0.05662906
v 0.2015124 -0.32435405 0.05684936
v 0.19603437 -0.32701582 0.0567416
v 0.1959641 -0.33253425 0.0567987
v 0.19571531 -0.36781633 0.05550808
v 0.22265792 -0.3435747 0.05363005
v 0.23408037 -0.32788157 0.05105406
v 0.21696413 -0.3216489 0.05600387
v 0.21702439 -0.3333385 0.05548346
v 0.2388944 -0.32791191 0.04905516
v 0.21266454 -0.34239793 0.05589741
v 0.22300267 -0.35355073 0.05320817
v 0.21277833 -0.35487264 0.05544066
v 0.20031762 -0.3485617 0.05630434
v 0.19045472 -0.34862638 0.05376393
v 0.23433512 -0.32785058 -0.0488745
v 0.2192629 -0.34114307 -0.06009221
v 0.21512669 -0.34081888 -0.0607667
v 0.21719253 -0.33630079 -0.05897474
v 0.2173416 -0.3223083 -0.0533998
v 0.2378391 -0.3532145 -0.06170857
v 0.21721357 -0.3460986 -0.06424499
v 0.20613301 -0.33307558 -0.05888897
v 0.19533634 -0.32715714 -0.05802214
v 0.2004742 -0.32456052 -0.05611789
v 0.20788908 -0.34354067 -0.06428492
v 0.22086954 -0.35753751 -0.07103968
v 0.21388602 -0.35736334 -0.07097203
v 0.19700891 -0.34985793 -0.0694589
v 0.19449097 -0.34343302 -0.06721103
v 0.19114292 -0.35003608 -0.07070798
v 0.19843739 -0.36473525 -0.0780288
v 0.19017261 -0.3632195 -0.07873803
v 0.19175917 -0.3249197 0.05593204
v 0.192514 -0.32880229 0.05572176
v 0.17515075 -0.3292011 0.04861361
v 0.18208015 -0.34457052 0.0508514
v 0.16759592 -0.3421694 0.04344517
v 0.16579235 -0.34692711 0.04141653
v 0.16842198 -0.34793603 0.04335076
v 0.18210143 -0.3524304 0.0510186
v 0.16589272 -0.34909451 0.04131746
v 0.16913116 -0.35653269 0.04333079
v 0.17507261 -0.32392144 0.0492847
v 0.17025083 -0.32684261 0.04516697
v 0.16127521 -0.32723045 0.03488481
v 0.15587616 -0.32620263 0.02885979
v 0.15630364 -0.32900327 0.02877253
v 0.15300071 -0.32767022 0.02331924
v 0.15355033 -0.33968747 0.02531362
v 0.15997267 -0.34855473 0.0338285
v 0.15288168 -0.34937584 0.02356517
v 0.15389132 -0.35741329 0.02580947
v 0.14483941 -0.34682238 -0.00128335
v 0.14432275 -0.34786367 -0.00287199
v 0.1445564 -0.34927619 -0.00260091
v 0.14641494 -0.34933645 0.00362372
v 0.14415807 -0.34928411 -0.00346339
v 0.14461648 -0.35104668 -0.00156534
v 0.14430356 -0.35039067 -0.00302744
v 0.18648398 -0.33223546 -0.05812025
v 0.19147015 -0.32518625 -0.05548215
v 0.17421031 -0.3342908 -0.05469525
v 0.17687559 -0.34137881 -0.05950063
v 0.18376541 -0.34432983 -0.06427431
v 0.17098254 -0.34211493 -0.05775785
v 0.17493099 -0.34730309 -0.06415403
v 0.15598828 -0.33861786 -0.04346323
v 0.14397186 -0.3465749 -0.03652263
v 0.15026236 -0.3288281 -0.02868551
v 0.16524446 -0.32796282 -0.04311496
v 0.16524446 -0.32796282 -0.04311496
v 0.17382753 -0.32437021 -0.04811412
v 0.15465486 -0.35063517 -0.05239701
v 0.17098254 -0.34211493 -0.05775785
v 0.1506446 -0.35861003 -0.05592674
v 0.144674 -0.35082 -0.04103315
v 0.16170031 -0.35595495 -0.06103957
v 0.17927885 -0.3569873 -0.07283407
v 0.17188483 -0.3582983 -0.07040679
v 0.17552704 -0.37287751 -0.08683056
v 0.17536402 -0.37316376 -0.08704019
v 0.17552704 -0.37287751 -0.08683056
v 0.17524713 -0.37303048 -0.08684194
v 0.17188483 -0.3582983 -0.07040679
v 0.16170031 -0.35595495 -0.06103957
v 0.17493099 -0.34730309 -0.06415403
v 0.14838076 -0.32507694 0.01238805
v 0.14743048 -0.33117568 0.01247472
v 0.15300071 -0.32767022 0.02331924
v 0.15129167 -0.34800798 0.02143198
v 0.15181595 -0.35052246 0.02160472
v 0.14533156 -0.32899559 0.00567925
v 0.14256281 -0.32944161 -0.00117195
v 0.13964218 -0.33867639 -0.01217443
v 0.13882941 -0.34191984 -0.01452279
v 0.14131278 -0.3371461 -0.01668364
v 0.14256281 -0.32944161 -0.00117195
v 0.14507145 -0.3234185 -0.00870019
v 0.13964218 -0.33867639 -0.01217443
v 0.15181595 -0.35052246 0.02160472
v 0.15129167 -0.34800798 0.02143198
v 0.13817739 -0.36225617 -0.02113694
v 0.13752103 -0.35863125 -0.02309769
v 0.13718963 -0.36165017 -0.02444297
v 0.13916868 -0.34475195 -0.02148408
v 0.14705223 -0.328969 -0.02530503
v 0.14131278 -0.3371461 -0.01668364
v 0.14677387 -0.3259657 -0.02053481
v 0.14114046 -0.34746128 -0.034172
v 0.13932425 -0.35080159 -0.03447151
v 0.13916868 -0.34475195 -0.02148408
v 0.14141184 -0.34943992 -0.0369488
v 0.13838315 -0.35603786 -0.02823788
v 0.13838315 -0.35603786 -0.02823788
v 0.13838315 -0.35603786 -0.02823788
v 0.13892531 -0.35445833 -0.04186392
v 0.13892531 -0.35445833 -0.04186392
v 0.1506446 -0.35861003 -0.05592674
v 0.13932425 -0.35080159 -0.03447151
v 0.14141184 -0.34943992 -0.0369488
v 0.13160866 -0.36676246 -0.03976113
v 0.23705405 -0.28668517 0.02960598
v 0.2375139 -0.28758764 0.02955782
v 0.23731369 -0.28667867 0.02925307
v 0.2376579 -0.30809325 0.0422824
v 0.23120236 -0.29970783 0.04565537
v 0.23085999 -0.30722797 0.04882246
v 0.2377829 -0.28713191 0.02871925
v 0.2372942 -0.28654331 0.02899057
v 0.24529618 -0.29191095 0.01537633
v 0.24973339 -0.30220902 0.01963115
v 0.24483812 -0.30815434 0.03301895
v 0.23554116 -0.32160032 0.05014747
v 0.24481869 -0.31593412 0.03763682
v 0.25614017 -0.31707591 0.01906884
v 0.25193125 -0.30086255 0.00542718
v 0.25294179 -0.30387849 0.01158375
v 0.25669861 -0.30869395 0.00393921
v 0.25339752 -0.30480784 -0.00085896
v 0.26235175 -0.32129467 0.00100827
v 0.25680053 -0.31650025 0.01617628
v 0.26080084 -0.31859136 -0.01090896
v 0.24075341 -0.28477931 0.01433158
v 0.24311405 -0.28725016 0.01067883
v 0.24108118 -0.28661549 -0.00024945
v 0.24152619 -0.28779691 -0.00210154
v 0.2401945 -0.28591996 -0.00171506
v 0.23935914 -0.28636813 -0.0027656
v 0.24825233 -0.3038016 -0.01308268
v 0.2604683 -0.31854463 -0.01174009
v 0.24417973 -0.30647701 -0.01993555
v 0.24091142 -0.30022675 -0.01675832
v 0.24825233 -0.3038016 -0.01308268
v 0.23418963 -0.30583841 -0.0295006
v 0.2604683 -0.31854463 -0.01174009
v 0.24509054 -0.31875122 -0.03138453
v 0.2608555 -0.31928271 -0.01200849
v 0.23190314 -0.31171966 -0.03776914
v 0.20109653 -0.28755814 0.05619627
v 0.20016211 -0.28209305 0.05537844
v 0.19532877 -0.28432655 0.05718946
v 0.19547939 -0.29354542 0.05764824
v 0.1959725 -0.32082373 0.05704039
v 0.22398168 -0.30316275 0.0510776
v 0.22405189 -0.28528464 0.04554558
v 0.21696776 -0.28140438 0.04932207
v 0.21698153 -0.28852332 0.05081081
v 0.21698153 -0.28852332 0.05081081
v 0.21163571 -0.30120164 0.05408984
v 0.22398168 -0.30316275 0.0510776
v 0.23408037 -0.32788157 0.05105406
v 0.22301584 -0.31156045 0.05338037
v 0.22301584 -0.31156045 0.05338037
v 0.23085999 -0.30722797 0.04882246
v 0.21254849 -0.31269413 0.05661023
v 0.1995331 -0.30692124 0.05703998
v 0.19210815 -0.30690634 0.05680907
v 0.21770418 -0.27435148 -0.01495445
v 0.23935914 -0.28636813 -0.0027656
v 0.22837651 -0.29036295 -0.02132684
v 0.22592825 -0.30278087 -0.03576273
v 0.21765 -0.28924161 -0.0305872
v 0.21178377 -0.30495572 -0.04275346
v 0.20683873 -0.30419993 -0.04433382
v 0.20745474 -0.30254596 -0.04296893
v 0.22692472 -0.30713534 -0.03795737
v 0.22557914 -0.31168067 -0.04176664
v 0.20737457 -0.30597645 -0.04545969
v 0.21759975 -0.27435231 -0.01505703
v 0.2023105 -0.2840181 -0.03419852
v 0.18605161 -0.30569071 -0.04229367
v 0.18628162 -0.30492806 -0.04212767
v 0.18833303 -0.30559123 -0.04260999
v 0.20531231 -0.30296856 -0.04404515
v 0.20538884 -0.30482078 -0.04485649
v 0.18604875 -0.30592299 -0.04241079
v 0.18639106 -0.30672967 -0.04305464
v 0.19535094 -0.32311028 -0.05542594
v 0.1862551 -0.27966601 0.05808055
v 0.18824643 -0.28838795 0.05692714
v 0.17449993 -0.29140794 0.0564177
v 0.17933118 -0.30059516 0.05544573
v 0.16574925 -0.30487382 0.04622114
v 0.18037158 -0.31156898 0.05402118
v 0.16539913 -0.30799466 0.04541564
v 0.17418766 -0.27654839 0.05840629
v 0.1553933 -0.28501266 0.04975682
v 0.15268433 -0.28513938 0.04745221
v 0.1585148 -0.29625535 0.04640019
v 0.16310287 -0.30671424 0.04414725
v 0.16149461 -0.30673677 0.04230624
v 0.16149461 -0.30673677 0.04230624
v 0.14916235 -0.29567701 0.03530651
v 0.15230775 -0.3064959 0.02468646
v 0.16287071 -0.30886173 0.04339027
v 0.15958244 -0.31521207 0.03735799
v 0.15373313 -0.31857741 0.02561074
v 0.14766777 -0.30415642 0.00812483
v 0.14795285 -0.30248863 0.00456399
v 0.14937204 -0.30769324 0.00652659
v 0.15047109 -0.30723089 0.01320118
v 0.16167855 -0.29150665 -0.02281284
v 0.15103692 -0.28702545 -0.01289785
v 0.16293699 -0.28023934 -0.0236364
v 0.15289807 -0.30649382 -0.01270574
v 0.15211344 -0.30745262 -0.00937176
v 0.14893669 -0.31538147 0.00793725
v 0.1478706 -0.31301415 0.00400108
v 0.18573761 -0.30554014 -0.04212266
v 0.1740489 -0.2794013 -0.03206342
v 0.18774182 -0.28454769 -0.03555882
v 0.17384034 -0.29052556 -0.03203529
v 0.19559324 -0.28392118 -0.03674698
v 0.16795117 -0.30161506 -0.02930886
v 0.18561655 -0.30628067 -0.04249758
v 0.18580455 -0.30581141 -0.04226601
v 0.18561655 -0.30628067 -0.04249758
v 0.17382753 -0.32437021 -0.04811412
v 0.16910565 -0.31916595 -0.0405587
v 0.17384034 -0.29052556 -0.03203529
v 0.16795117 -0.30161506 -0.02930886
v 0.15332782 -0.30730361 -0.01314688
v 0.15278065 -0.30731308 -0.01263231
v 0.16661501 -0.31008494 -0.03159559
v 0.15320933 -0.32318538 -0.02751857
v 0.16661501 -0.31008494 -0.03159559
v 0.15332782 -0.30730361 -0.01314688
v 0.15320933 -0.32318538 -0.02751857
v 0.15026236 -0.3288281 -0.02868551
v 0.14912379 -0.32522577 -0.02547377
v 0.14302313 -0.28449136 0.03555024
v 0.15268433 -0.28513938 0.04745221
v 0.14294893 -0.29260868 0.0178588
v 0.14460796 -0.29142928 0.02507418
v 0.13637215 -0.28104639 0.02123171
v 0.14968544 -0.30346698 0.02010322
v 0.15116221 -0.30830467 0.02004665
v 0.15373313 -0.31857741 0.02561074
v 0.13593042 -0.27768892 0.02738416
v 0.13318956 -0.27520365 0.02266484
v 0.13332248 -0.27513599 0.02067208
v 0.13954574 -0.28585714 0.00988948
v 0.14614356 -0.29004025 -0.00596273
v 0.14423424 -0.28204525 -0.00644666
v 0.14058101 -0.28615326 0.00658023
v 0.1478706 -0.31301415 0.00400108
v 0.15237236 -0.30771387 -0.01210755
v 0.15250301 -0.30703092 -0.01210546
v 0.14507145 -0.3234185 -0.00870019
v 0.15237236 -0.30771387 -0.01210755
v 0.14677387 -0.3259657 -0.02053481
v 0.1366505 -0.2810142 0.01449728
v 0.14912379 -0.32522577 -0.02547377
v 0.2365768 -0.28579277 0.02955657
v 0.23716199 -0.28643101 0.02923191
v 0.23697865 -0.28597665 0.02882093
v 0.22689492 -0.26603109 0.0095399
v 0.22681612 -0.26594633 0.00950086
v 0.22681499 -0.26593852 0.00957739
v 0.22687948 -0.26603389 0.00971633
v 0.22683823 -0.26602638 0.00943989
v 0.23919016 -0.28185773 0.01120442
v 0.23620707 -0.27870196 0.0162096
v 0.2397666 -0.28487855 -0.00043505
v 0.23922205 -0.28503299 -0.00176227
v 0.19501531 -0.27649063 0.05717254
v 0.20880198 -0.25590485 0.04175448
v 0.20840007 -0.26066363 0.04710019
v 0.21503162 -0.26416177 0.04158384
v 0.21393859 -0.24961454 0.02156633
v 0.21550715 -0.25233716 0.0220722
v 0.21556616 -0.25232285 0.02113324
v 0.21638906 -0.25501174 0.0248155
v 0.21434766 -0.25166458 0.02389145
v 0.21739602 -0.25473011 0.0215351
v 0.20924503 -0.26631725 0.04839152
v 0.22104055 -0.27541333 0.04203606
v 0.2224806 -0.26845831 0.03358942
v 0.22759545 -0.26922214 0.0210709
v 0.19955271 -0.25030011 0.04808432
v 0.19470394 -0.24100947 0.0461337
v 0.19223881 -0.24585444 0.0500859
v 0.20122236 -0.26274043 0.05195588
v 0.20444369 -0.24233508 0.03567249
v 0.20547622 -0.23569465 0.0192728
v 0.20461446 -0.23639894 0.02517122
v 0.20122236 -0.26274043 0.05195588
v 0.19091147 -0.26216406 0.05693364
v 0.20016211 -0.28209305 0.05537844
v 0.21462935 -0.25049841 0.01884264
v 0.22681499 -0.26593852 0.00957739
v 0.22681612 -0.26594633 0.00950086
v 0.22650564 -0.26549542 0.00957197
v 0.22650564 -0.26549542 0.00957197
v 0.21312535 -0.24729472 0.00905085
v 0.22670978 -0.26592916 0.00939733
v 0.2176767 -0.27426207 -0.01490635
v 0.22670978 -0.26592916 0.00939733
v 0.21759742 -0.27418089 -0.01490283
v 0.2120685 -0.25699431 -0.0040257
v 0.20988357 -0.24214613 0.01126403
v 0.20408875 -0.24127901 0.00254434
v 0.19997025 -0.24222654 -0.0047884
v 0.19838691 -0.23899645 -0.00434572
v 0.20408875 -0.24127901 0.00254434
v 0.19604838 -0.24018645 -0.00706321
v 0.20184207 -0.25827801 -0.01661509
v 0.2176767 -0.27426207 -0.01490635
v 0.2176289 -0.27426571 -0.01497865
v 0.21756005 -0.27425814 -0.01500183
v 0.19738066 -0.26178515 -0.02371377
v 0.19487906 -0.25509077 -0.02102637
v 0.19073182 -0.26194489 -0.02735996
v 0.19793612 -0.27932227 -0.03312075
v 0.19177181 -0.27674538 -0.03499329
v 0.16790926 -0.24937379 0.06138462
v 0.16804355 -0.23273027 0.06168389
v 0.15233135 -0.2409178 0.06323957
v 0.1523515 -0.25532204 0.0600931
v 0.19223881 -0.24585444 0.0500859
v 0.17527199 -0.25413191 0.060148
v 0.19009089 -0.24090171 0.05035555
v 0.17326635 -0.23192304 0.0609405
v 0.17310375 -0.25028187 0.06061244
v 0.19009089 -0.24090171 0.05035555
v 0.17140347 -0.25396913 0.06053138
v 0.17705935 -0.26995367 0.05848575
v 0.17113644 -0.27029824 0.05901676
v 0.15501612 -0.26266003 0.05870342
v 0.14832395 -0.26283306 0.05446142
v 0.15378475 -0.28278905 0.04979557
v 0.1506685 -0.2807799 0.04866534
v 0.17457634 -0.23103976 -0.02030671
v 0.18134099 -0.24792832 -0.02277505
v 0.16349453 -0.2473017 -0.02561229
v 0.152089 -0.24166769 -0.02206248
v 0.17141688 -0.231462 -0.02092248
v 0.15108573 -0.2621156 -0.0193643
v 0.15099204 -0.26664633 -0.01876295
v 0.17812568 -0.25654477 -0.02980155
v 0.17341077 -0.24837667 -0.02719581
v 0.16998118 -0.2557317 -0.02783293
v 0.17921948 -0.26831079 -0.03115302
v 0.17010432 -0.26954395 -0.02914971
v 0.15174741 -0.26438677 -0.01949954
v 0.15052783 -0.26444453 -0.01896673
v 0.15174741 -0.26438677 -0.01949954
v 0.15052783 -0.26444453 -0.01896673
v 0.16293699 -0.28023934 -0.0236364
v 0.13477522 -0.23220998 0.06115669
v 0.14076859 -0.2476818 0.05783838
v 0.1321243 -0.24843466 0.05341917
v 0.13729519 -0.25772154 0.05128312
v 0.12721676 -0.25553417 0.04048663
v 0.12724894 -0.25888526 0.03510302
v 0.13211578 -0.26217717 0.0404892
v 0.13962531 -0.26683712 0.04759616
v 0.13211578 -0.26217717 0.0404892
v 0.13933718 -0.27389306 0.04006732
v 0.13933718 -0.27389306 0.04006732
v 0.13132679 -0.26916343 0.02911299
v 0.13124567 -0.23218822 0.05948365
v 0.12087893 -0.24057144 0.04596984
v 0.12087893 -0.24057144 0.04596984
v 0.11453187 -0.24020344 0.02930427
v 0.12721676 -0.25553417 0.04048663
v 0.11423188 -0.23994082 0.02871835
v 0.11448562 -0.24052238 0.02865106
v 0.1237554 -0.25606358 0.02413774
v 0.11537057 -0.2413286 0.01941782
v 0.13098204 -0.27098781 0.02237463
v 0.12917519 -0.26338035 0.00941372
v 0.12722945 -0.26048279 0.01266873
v 0.12710536 -0.25793546 0.00932723
v 0.152089 -0.24166769 -0.02206248
v 0.14001733 -0.24835116 -0.01203901
v 0.13581508 -0.2345494 -0.01527232
v 0.13119274 -0.24812979 -0.00346887
v 0.13579977 -0.25855023 -0.00434804
v 0.14896619 -0.26333976 -0.01759952
v 0.1380406 -0.28228688 0.00916702
v 0.13076454 -0.2687909 0.01569057
v 0.13766485 -0.26967317 -0.00204211
v 0.14950252 -0.26537055 -0.01740426
v 0.11547869 -0.24070221 0.0181917
v 0.11479872 -0.23998284 0.01931059
v 0.12211198 -0.24181342 0.00368631
v 0.13045686 -0.23567349 -0.00939643
v 0.15108573 -0.2621156 -0.0193643
v 0.19061542 -0.22064489 0.04178226
v 0.18711275 -0.21007222 0.03718412
v 0.18596679 -0.21428591 0.04489273
v 0.18666011 -0.22020233 0.04759163
v 0.19569212 -0.21918213 0.02296817
v 0.19176501 -0.21049011 0.021303
v 0.19178337 -0.2117601 0.02648884
v 0.19565719 -0.22109741 0.02838022
v 0.18992937 -0.23141533 0.04784811
v 0.19872719 -0.23059559 0.03582829
v 0.19935316 -0.22519636 0.02260524
v 0.19541454 -0.2206642 0.00928468
v 0.18806577 -0.21213984 0.00534642
v 0.18865561 -0.20662451 0.01538974
v 0.19709349 -0.22118044 0.01776159
v 0.18854523 -0.21932471 0.0020346
v 0.18806577 -0.21213984 0.00534642
v 0.19541454 -0.2206642 0.00928468
v 0.20083737 -0.22749835 0.01138616
v 0.19872499 -0.23343658 0.0017463
v 0.19872499 -0.23343658 0.0017463
v 0.19602787 -0.23675352 -0.00459629
v 0.16541994 -0.20448601 0.06023037
v 0.16333693 -0.19109821 0.05915177
v 0.1512391 -0.19714016 0.06717241
v 0.15216458 -0.21913546 0.06525761
v 0.15163523 -0.21629632 0.06575722
v 0.15125823 -0.21913588 0.06533325
v 0.15490848 -0.21756113 0.06418258
v 0.15176266 -0.22108227 0.06525552
v 0.15722603 -0.22194839 0.06435317
v 0.17927933 -0.2149049 0.0519374
v 0.17987442 -0.19823617 0.0459047
v 0.17280257 -0.19231302 0.05268222
v 0.17308134 -0.20386827 0.05468851
v 0.1701718 -0.21131712 0.05844915
v 0.18665498 -0.20102119 0.02927613
v 0.18349439 -0.19860607 0.03577447
v 0.18363696 -0.19409156 0.02869207
v 0.17762041 -0.22608548 0.05593598
v 0.17158455 -0.22835535 0.06135625
v 0.17326635 -0.23192304 0.0609405
v 0.1701718 -0.21131712 0.05844915
v 0.16541994 -0.20448601 0.06023037
v 0.17158455 -0.22835535 0.06135625
v 0.18755317 -0.20077664 0.01982164
v 0.18481833 -0.19491863 0.02105099
v 0.18457669 -0.19850194 0.01521081
v 0.18072802 -0.21476859 -0.00224835
v 0.17032301 -0.21180528 -0.01100987
v 0.17447436 -0.2018196 -0.00216436
v 0.18068898 -0.19729036 0.00526202
v 0.17462605 -0.19365138 0.00119287
v 0.17451888 -0.22986889 -0.019512
v 0.17335898 -0.22853744 -0.01966202
v 0.16389507 -0.20263213 -0.0134998
v 0.15176463 -0.19568002 -0.02157992
v 0.1616196 -0.19136256 -0.0114553
v 0.15844989 -0.2161029 -0.01973176
v 0.15167457 -0.2262153 -0.02410382
v 0.17367148 -0.23005873 -0.02056664
v 0.1728285 -0.22997296 -0.02083647
v 0.17328775 -0.23095596 -0.02096838
v 0.15338707 -0.2193023 -0.02438706
v 0.15162462 -0.21170145 -0.02420121
v 0.14985329 -0.21937364 -0.02418816
v 0.14070535 -0.19123656 0.07070953
v 0.13746673 -0.20437765 0.06809258
v 0.13189781 -0.20952183 0.06749719
v 0.13039845 -0.20604581 0.06848317
v 0.12898922 -0.20952493 0.06716895
v 0.14436376 -0.22319651 0.06376135
v 0.13088369 -0.22278661 0.06330121
v 0.12245524 -0.20439798 0.06755388
v 0.11877644 -0.19198275 0.06978601
v 0.10880786 -0.19792229 0.06496948
v 0.12320083 -0.21228647 0.06286049
v 0.1320709 -0.22941971 0.06107509
v 0.12949312 -0.2288627 0.05985332
v 0.10299665 -0.21450496 0.04287899
v 0.10234267 -0.21614921 0.03924978
v 0.10484278 -0.21898091 0.04083711
v 0.1100443 -0.21086961 0.05727243
v 0.11412722 -0.21958864 0.05402011
v 0.10343468 -0.21901691 0.03661758
v 0.11594367 -0.23179483 0.04668164
v 0.10484278 -0.21898091 0.04083711
v 0.11594367 -0.23179483 0.04668164
v 0.11409396 -0.23944455 0.02933556
v 0.11375558 -0.23930585 0.02860075
v 0.13642704 -0.1885004 -0.02474314
v 0.13185251 -0.20838469 -0.02162385
v 0.13200188 -0.22990155 -0.0141511
v 0.14147437 -0.22538167 -0.01932174
v 0.1266641 -0.22897172 -0.01017874
v 0.12999558 -0.21287256 -0.02027231
v 0.10234833 -0.21672934 0.01075846
v 0.10365772 -0.21240216 0.00466764
v 0.10489416 -0.22003496 0.00958622
v 0.10374558 -0.21969748 0.01304626
v 0.12892985 -0.20904744 -0.02113038
v 0.10750359 -0.19945079 -0.01040888
v 0.12596583 -0.18784314 -0.02335399
v 0.12863034 -0.21035331 -0.02025861
v 0.11400187 -0.22140545 -0.00290728
v 0.10803968 -0.20626205 -0.00738287
v 0.11432242 -0.23905367 0.01833743
v 0.11368144 -0.23852789 0.01949716
v 0.11524761 -0.23135769 0.00345653
v 0.13037592 -0.20991307 -0.02148002
v 0.12999165 -0.20911843 -0.02146697
v 0.12964791 -0.20987558 -0.02133262
v 0.14147437 -0.22538167 -0.01932174
v 0.12999558 -0.21287256 -0.02027231
v 0.12964791 -0.20987558 -0.02133262
v 0.12892985 -0.20904744 -0.02113038
v 0.09463555 -0.18981165 0.05870974
v 0.10077912 -0.20202607 0.05595523
v 0.10299665 -0.21450496 0.04287899
v 0.09360296 -0.20356399 0.04082543
v 0.08981287 -0.19798291 0.04114246
v 0.09033483 -0.19794154 0.04259962
v 0.09284317 -0.20699155 0.02363724
v 0.09291017 -0.20694661 0.02419788
v 0.09207231 -0.20584834 0.02392977
v 0.09152216 -0.20335364 0.03054518
v 0.09355307 -0.20814556 0.02383614
v 0.10331911 -0.22222495 0.02366608
v 0.08994812 -0.19489676 0.04523414
v 0.08922267 -0.19695693 0.04162306
v 0.08889681 -0.19687724 0.04053515
v 0.08184361 -0.18939883 0.02793521
v 0.08233786 -0.18897593 0.02184522
v 0.09115088 -0.19839913 0.01022142
v 0.1038577 -0.20125079 -0.00655293
v 0.1022709 -0.19662166 -0.00721204
v 0.09306377 -0.19862747 0.00755239
v 0.09011847 -0.19719768 0.01137537
v 0.16267943 -0.16007566 0.05814266
v 0.16099393 -0.14959836 0.05725443
v 0.15217769 -0.15470743 0.06714612
v 0.15283453 -0.17469418 0.06750518
v 0.1516121 -0.16888255 0.06800538
v 0.1496318 -0.17465276 0.06884557
v 0.15283453 -0.17469418 0.06750518
v 0.15588981 -0.17254364 0.06437618
v 0.1516121 -0.16888255 0.06800538
v 0.1513744 -0.18098384 0.06798232
v 0.15669471 -0.17755961 0.06449789
v 0.15669471 -0.17755961 0.06449789
v 0.17093289 -0.15586275 0.04061729
v 0.16767275 -0.17001438 0.05305916
v 0.17473578 -0.17642349 0.04146063
v 0.17170936 -0.15086126 0.02663618
v 0.17486864 -0.16431552 0.02721113
v 0.17491883 -0.16432768 0.02529848
v 0.17528296 -0.1688562 0.0308314
v 0.17161864 -0.15683317 0.03797346
v 0.17558187 -0.16736144 0.02613372
v 0.17760116 -0.18607253 0.04183936
v 0.16836882 -0.18206239 0.05449426
v 0.17934579 -0.18245667 0.02443677
v 0.17759824 -0.18067902 0.03408647
v 0.17039436 -0.15486139 0.04119676
v 0.17087626 -0.15485495 0.04030943
v 0.17020464 -0.14469302 0.02597564
v 0.17027044 -0.14464265 0.026923
v 0.16333693 -0.19109821 0.05915177
v 0.1755631 -0.16842848 0.0223015
v 0.17324442 -0.16145927 0.02020633
v 0.17458099 -0.17615896 0.008645
v 0.1678887 -0.17145181 5.424E-05
v 0.17077124 -0.16146731 0.00907606
v 0.17878151 -0.18771827 0.0091331
v 0.18068898 -0.19729036 0.00526202
v 0.17844218 -0.1811766 0.01696432
v 0.17458099 -0.17615896 0.008645
v 0.17878151 -0.18771827 0.0091331
v 0.16807258 -0.17915964 -0.00108981
v 0.1703757 -0.1546011 0.01086044
v 0.17077124 -0.16146731 0.00907606
v 0.16455185 -0.15433925 0.00212753
v 0.15874058 -0.15588045 -0.00794572
v 0.15831089 -0.15136862 -0.00793928
v 0.16455185 -0.15433925 0.00212753
v 0.15416598 -0.15365183 -0.01186675
v 0.15284443 -0.16623223 -0.01509404
v 0.1548478 -0.17425543 -0.01379287
v 0.1507225 -0.17387503 -0.01798069
v 0.15183991 -0.17822152 -0.01813293
v 0.14296991 -0.1497665 0.07145882
v 0.14336938 -0.15847838 0.07148689
v 0.15217769 -0.15470743 0.06714612
v 0.13476986 -0.16900402 0.07512879
v 0.13007194 -0.15875602 0.07636696
v 0.12468952 -0.16954148 0.07612395
v 0.13384742 -0.18170834 0.07330382
v 0.13023204 -0.18869084 0.07242143
v 0.12590873 -0.18127614 0.07421708
v 0.10873115 -0.15388238 0.07807839
v 0.10706615 -0.15741897 0.07759672
v 0.11068791 -0.15791219 0.07815546
v 0.112876 -0.15390277 0.07822907
v 0.13028759 -0.14781326 0.07606864
v 0.11320674 -0.17483044 0.07397348
v 0.108706 -0.18777996 0.06932086
v 0.10474294 -0.1750657 0.07228482
v 0.13879615 -0.14543641 -0.02429217
v 0.13784683 -0.1600489 -0.0244472
v 0.14598465 -0.17091876 -0.02074802
v 0.14240074 -0.17894542 -0.02108842
v 0.1149956 -0.15578008 -0.02943826
v 0.10866886 -0.15283906 -0.02980864
v 0.11511266 -0.14964998 -0.02943432
v 0.10860473 -0.17516112 -0.02114272
v 0.10841566 -0.17518377 -0.02104193
v 0.10853142 -0.17499208 -0.02121812
v 0.10900348 -0.17490625 -0.02130866
v 0.10860473 -0.17516112 -0.02114272
v 0.10853142 -0.17499208 -0.02121812
v 0.10849267 -0.17592466 -0.0207867
v 0.10942209 -0.17559689 -0.02132982
v 0.10942209 -0.17559689 -0.02132982
v 0.13346213 -0.16594273 -0.02715015
v 0.13050586 -0.15949076 -0.02874202
v 0.12768322 -0.16612512 -0.02706867
v 0.13170785 -0.18369913 -0.02513403
v 0.13003564 -0.18702841 -0.02480763
v 0.12834924 -0.18381906 -0.02508503
v 0.12596583 -0.18784314 -0.02335399
v 0.10507983 -0.15397877 0.07788175
v 0.09048355 -0.16799325 0.06973898
v 0.08743346 -0.16128099 0.07054931
v 0.08511651 -0.1671043 0.06754804
v 0.08753562 -0.1481936 0.07518625
v 0.0952071 -0.18259728 0.06225014
v 0.08810401 -0.17750877 0.06204575
v 0.0799613 -0.16122997 0.06615782
v 0.07650799 -0.14929694 0.06829304
v 0.06719679 -0.15445507 0.05615872
v 0.08053243 -0.16800141 0.06201601
v 0.09030068 -0.18456519 0.05808455
v 0.08356011 -0.18114322 0.05140519
v 0.08994812 -0.19489676 0.04523414
v 0.06521791 -0.15868914 0.04851228
v 0.06269634 -0.16364992 0.03672713
v 0.07233977 -0.17437816 0.0407353
v 0.06730807 -0.15901005 0.05305612
v 0.07497066 -0.1750347 0.04605222
v 0.08053243 -0.16800141 0.06201601
v 0.06799638 -0.17344326 0.02586639
v 0.06841803 -0.17405659 0.02611053
v 0.06800914 -0.17351317 0.02636975
v 0.06898373 -0.17435473 0.02754605
v 0.07641411 -0.17874241 0.04284966
v 0.08356011 -0.18114322 0.05140519
v 0.07614923 -0.17967618 0.03905457
v 0.06908792 -0.17487663 0.02607358
v 0.08703822 -0.16261113 -0.01243258
v 0.09271228 -0.16243893 -0.01637989
v 0.09006667 -0.16927278 -0.01113337
v 0.07805681 -0.17599177 0.00717443
v 0.10866886 -0.15283906 -0.02980864
v 0.08676285 -0.1501525 -0.02014947
v 0.09065145 -0.19716632 0.00965607
v 0.08269453 -0.18603158 0.00981134
v 0.09228104 -0.18282336 -0.00538123
v 0.06847721 -0.15505898 -0.00106585
v 0.07473797 -0.17228156 0.00725269
v 0.06609446 -0.15507495 0.0023334
v 0.07156146 -0.17531347 0.01984829
v 0.07555902 -0.14982879 -0.01058364
v 0.08403623 -0.14496356 -0.0216381
v 0.07680869 -0.1769079 0.00887108
v 0.07623112 -0.17672503 0.0096885
v 0.07688725 -0.17773557 0.01011342
v 0.07693768 -0.17747194 0.00926626
v 0.07771313 -0.17753845 0.00853431
v 0.08671594 -0.14479321 -0.02343923
v 0.09774858 -0.1482622 -0.02678448
v 0.06294805 -0.15156543 0.05279243
v 0.06470788 -0.15515995 0.05234587
v 0.06730807 -0.15901005 0.05305612
v 0.06470788 -0.15515995 0.05234587
v 0.06179667 -0.15310961 0.0478847
v 0.06294805 -0.15156543 0.05279243
v 0.05846852 -0.1571759 0.02215064
v 0.05788469 -0.15683144 0.02868509
v 0.04764301 -0.14050019 0.02570093
v 0.0560115 -0.15161377 0.03691632
v 0.04764092 -0.14042729 0.02597427
v 0.04749388 -0.14029658 0.02574033
v 0.04749537 -0.14029276 0.02562767
v 0.06310993 -0.16188318 0.01438028
v 0.05701512 -0.15214336 0.01381975
v 0.04762304 -0.14038557 0.02544296
v 0.15275216 -0.13701725 0.06106454
v 0.16330701 -0.13012815 0.04069424
v 0.16317654 -0.13185316 0.04311866
v 0.16436982 -0.13311911 0.04072607
v 0.1646263 -0.13005686 0.03565753
v 0.16357309 -0.13490331 0.04383153
v 0.16957307 -0.15069652 0.04052967
v 0.1682353 -0.14056754 0.03120726
v 0.15631044 -0.1213091 0.04619807
v 0.15144068 -0.11129719 0.04629284
v 0.15042663 -0.11339587 0.05014449
v 0.15797269 -0.13279283 0.05064702
v 0.16170716 -0.11806458 0.02826703
v 0.15667826 -0.10855019 0.02925086
v 0.15718299 -0.11121088 0.03471166
v 0.16108286 -0.11725748 0.02239352
v 0.16561842 -0.12602592 0.02504998
v 0.15127522 -0.13227713 0.06024772
v 0.16987085 -0.14329523 0.02643013
v 0.16458762 -0.13180542 0.00946736
v 0.16510355 -0.13163763 0.01250166
v 0.16509229 -0.13343215 0.00939941
v 0.16449684 -0.13281226 0.0082981
v 0.16754377 -0.13867313 0.01791376
v 0.16615951 -0.13801384 0.00966036
v 0.16464114 -0.13397229 0.00817037
v 0.16270053 -0.13033098 0.00804168
v 0.15079665 -0.11657333 0.00011051
v 0.15322673 -0.11088037 0.010809
v 0.15664726 -0.10905814 0.02017343
v 0.1575247 -0.11145276 0.01635039
v 0.16449684 -0.13281226 0.0082981
v 0.16458762 -0.13180542 0.00946736
v 0.16277099 -0.13342655 0.00625485
v 0.15434271 -0.14593452 -0.00986469
v 0.15095621 -0.13283265 -0.00956321
v 0.16464114 -0.13397229 0.00817037
v 0.13039774 -0.10676223 0.06386995
v 0.13648933 -0.11764705 0.06728858
v 0.14631468 -0.11357743 0.05437124
v 0.13320076 -0.12374741 0.07105178
v 0.13028145 -0.11776501 0.07051092
v 0.14568985 -0.12863582 0.06373346
v 0.13028145 -0.11776501 0.07051092
v 0.12662542 -0.12435824 0.07291591
v 0.13320076 -0.12374741 0.07105178
v 0.13420248 -0.13875937 0.07324511
v 0.14746624 -0.1347428 0.06372172
v 0.13420248 -0.13875937 0.07324511
v 0.14296991 -0.1497665 0.07145882
v 0.12574881 -0.13771439 0.07534164
v 0.11650622 -0.11351615 0.07234937
v 0.11650622 -0.11351615 0.07234937
v 0.1088115 -0.1143927 0.07386434
v 0.10884386 -0.10960072 0.07257569
v 0.11426663 -0.13114655 0.07649696
v 0.10318899 -0.13110995 0.07679909
v 0.10679597 -0.14993352 0.07810152
v 0.1105749 -0.15021199 0.07801825
v 0.14931375 -0.11121058 0.05011469
v 0.13058692 -0.1010859 0.05986708
v 0.12694412 -0.10114872 0.06173003
v 0.14675158 -0.11010414 0.000319
v 0.12992734 -0.11564386 -0.01931858
v 0.13481992 -0.11801594 -0.01628196
v 0.13160694 -0.11918569 -0.02078855
v 0.13478166 -0.12279624 -0.01920885
v 0.14313173 -0.13737553 -0.01831722
v 0.12438649 -0.10148478 -0.01433426
v 0.13099355 -0.10187978 -0.00906879
v 0.1084981 -0.11449045 -0.0302974
v 0.10857338 -0.10949033 -0.02894843
v 0.12228519 -0.11640471 -0.02452987
v 0.1086666 -0.14843363 -0.03061914
v 0.1307863 -0.12110162 -0.02217573
v 0.1297279 -0.11913449 -0.02205271
v 0.12818187 -0.12160349 -0.0235557
v 0.13457787 -0.1388002 -0.02709925
v 0.13122076 -0.14525509 -0.02871329
v 0.12678391 -0.1372838 -0.03009373
v 0.11414415 -0.13076252 -0.0332132
v 0.10363531 -0.13089126 -0.03148514
v 0.09871101 -0.104702 0.07113737
v 0.10316211 -0.11226529 0.07340407
v 0.09225845 -0.12544721 0.07562995
v 0.08700341 -0.11573917 0.07373536
v 0.0827387 -0.1246134 0.07383955
v 0.09259951 -0.13710767 0.0758428
v 0.08266991 -0.13806015 0.07399869
v 0.07372177 -0.11385697 0.07140732
v 0.07807004 -0.10327441 0.06909704
v 0.06510663 -0.10995126 0.06821716
v 0.0652467 -0.12539041 0.06665331
v 0.06680954 -0.13144821 0.06659663
v 0.0641945 -0.13149875 0.06552333
v 0.06563574 -0.13634616 0.06494457
v 0.10370493 -0.10717213 -0.02995372
v 0.10187393 -0.11285812 -0.02951866
v 0.09774858 -0.1482622 -0.02678448
v 0.07340682 -0.11565089 -0.02711332
v 0.06421405 -0.11192101 -0.02426761
v 0.07127398 -0.10773879 -0.02734661
v 0.06621629 -0.13329577 -0.01150024
v 0.05748862 -0.13333762 -0.0005762
v 0.06359398 -0.12618202 -0.01379514
v 0.07437861 -0.12730306 -0.0194394
v 0.06684572 -0.1527307 -0.00118357
v 0.06173629 -0.14730471 0.00209785
v 0.08029526 -0.14090961 -0.01980257
v 0.09039015 -0.12448519 -0.02961385
v 0.08648407 -0.11598164 -0.03107339
v 0.08323509 -0.12370664 -0.02763271
v 0.08846956 -0.14154249 -0.02451658
v 0.08671594 -0.14479321 -0.02343923
v 0.08530736 -0.14222938 -0.02336842
v 0.08323509 -0.12370664 -0.02763271
v 0.07340682 -0.11565089 -0.02711332
v 0.08530736 -0.14222938 -0.02336842
v 0.04684907 -0.10120165 0.06188375
v 0.05176175 -0.11782515 0.05877548
v 0.05972576 -0.12873322 0.06273806
v 0.06211174 -0.13309151 0.06265694
v 0.04962611 -0.12619853 0.05254108
v 0.04492456 -0.11723924 0.05347568
v 0.04020917 -0.12171888 0.04114079
v 0.04136586 -0.12576389 0.03142446
v 0.04543728 -0.1310432 0.04073071
v 0.05184162 -0.14151591 0.04080129
v 0.05171144 -0.13574749 0.04866844
v 0.05171144 -0.13574749 0.04866844
v 0.04962611 -0.12619853 0.05254108
v 0.04740691 -0.14003783 0.025989
v 0.02429533 -0.10911733 0.03253591
v 0.02382475 -0.11004454 0.0299415
v 0.02624643 -0.11225051 0.03094786
v 0.04422063 -0.10180277 0.0594936
v 0.03267986 -0.11019564 0.04632479
v 0.04020917 -0.12171888 0.04114079
v 0.02543283 -0.11309946 0.01629525
v 0.03895706 -0.12410623 0.02393562
v 0.02474684 -0.11106181 0.02863091
v 0.04735285 -0.14006418 0.02566886
v 0.04726762 -0.13129538 0.00910771
v 0.04127318 -0.12523454 0.01697147
v 0.03965795 -0.12308586 0.00863528
v 0.04421991 -0.11866087 -0.0037353
v 0.05260962 -0.11855084 -0.011446
v 0.05133951 -0.13018149 0.00190532
v 0.04423583 -0.11036181 -0.01608813
v 0.04738599 -0.139974 0.02532744
v 0.05217898 -0.13854349 0.00906122
v 0.05255312 -0.1345818 0.00434494
v 0.02841741 -0.11506814 0.01294827
v 0.02383626 -0.1113224 0.01331562
v 0.02502882 -0.11017793 0.00376171
v 0.02711791 -0.11086339 -0.00045168
v 0.02867776 -0.10918099 -0.00430995
v 0.03833163 -0.10541564 -0.01928473
v 0.04391783 -0.1053943 -0.02221626
v 0.05373645 -0.10758251 -0.02374864
v 0.02282774 -0.10892379 0.03013062
v 0.02316654 -0.1094749 0.02894139
v 0.01171935 -0.10222942 0.0235697
v 0.02248955 -0.1102981 0.01547748
v 0.01926672 -0.10808647 0.01225698
v 0.00825399 -0.1004262 0.01784605
v 0.14107853 -0.09447819 0.03905809
v 0.15352529 -0.10547125 0.03430736
v 0.14986998 -0.09859473 0.02786028
v 0.15433055 -0.10642159 0.01651043
v 0.14344126 -0.09528291 0.01230288
v 0.1505577 -0.09991556 0.022834
v 0.15322673 -0.11088037 0.010809
v 0.10854924 -0.09151894 0.06270319
v 0.10884386 -0.10960072 0.07257569
v 0.12138295 -0.08184326 0.04206139
v 0.12201101 -0.08566099 0.04954982
v 0.13530922 -0.09019679 0.04113811
v 0.1270889 -0.08050352 0.02432704
v 0.12741071 -0.08070177 0.02448237
v 0.12741798 -0.08070302 0.02418864
v 0.12943691 -0.08285052 0.02774298
v 0.1270563 -0.08057421 0.02484322
v 0.12914085 -0.08185095 0.02447623
v 0.12692338 -0.09620923 0.05698371
v 0.13794279 -0.09199762 0.04098296
v 0.13785708 -0.0912239 0.03935778
v 0.14536941 -0.09265822 0.02525049
v 0.10645038 -0.07074392 0.03134888
v 0.11246318 -0.0791117 0.04696542
v 0.11122274 -0.08849752 0.05830324
v 0.1181426 -0.07613683 0.02693951
v 0.10566837 -0.06995004 0.03032863
v 0.10545683 -0.06926823 0.02445364
v 0.10532957 -0.07011515 0.03101623
v 0.10678124 -0.08827329 0.06082559
v 0.12929744 -0.08231318 0.02179456
v 0.12707621 -0.08049196 0.02377993
v 0.13623118 -0.08875215 0.00934136
v 0.12291968 -0.08382726 0.00012118
v 0.12259108 -0.07918084 0.00815362
v 0.13886559 -0.09017229 0.01107824
v 0.13889581 -0.09131002 0.00906146
v 0.13889581 -0.09131002 0.00906146
v 0.13623118 -0.08875215 0.00934136
v 0.12544012 -0.09307814 -0.00486112
v 0.12291968 -0.08382726 0.00012118
v 0.11089313 -0.07437992 0.00183231
v 0.10485709 -0.07123429 -0.00045985
v 0.10543519 -0.0688349 0.01463062
v 0.10657519 -0.06906152 0.01639622
v 0.10899729 -0.08691835 -0.01437634
v 0.11089313 -0.07437992 0.00183231
v 0.1080687 -0.08798361 -0.01633686
v 0.10756093 -0.08685529 -0.01570666
v 0.0882172 -0.09717405 0.06827307
v 0.08664024 -0.10094875 0.069628
v 0.09964192 -0.09263104 0.064408
v 0.08501202 -0.09718138 0.06831735
v 0.08675092 -0.08837366 0.06459004
v 0.07643372 -0.07130778 0.05896652
v 0.07043725 -0.06298536 0.05559164
v 0.06498736 -0.06540418 0.05840224
v 0.0650503 -0.08794969 0.06535554
v 0.06477243 -0.0871439 0.06515992
v 0.06448364 -0.08795911 0.06533992
v 0.06755245 -0.08657205 0.06467575
v 0.06479424 -0.09003407 0.06574601
v 0.1030947 -0.07551008 0.04876482
v 0.08953154 -0.07942784 0.0594368
v 0.09134263 -0.06736916 0.04526693
v 0.08657157 -0.06529897 0.04622215
v 0.08671618 -0.07054621 0.05094069
v 0.08492774 -0.07896763 0.06029832
v 0.09564745 -0.06315905 0.02599448
v 0.10510975 -0.06963879 0.03031188
v 0.10239458 -0.06904298 0.0326913
v 0.09964192 -0.09263104 0.064408
v 0.08953154 -0.07942784 0.0594368
v 0.08492774 -0.07896763 0.06029832
v 0.07643372 -0.07130778 0.05896652
v 0.09945136 -0.06673211 0.00142497
v 0.08713275 -0.06346202 -0.01397449
v 0.09790879 -0.07104659 -0.00813323
v 0.09197104 -0.07305986 -0.01904154
v 0.09790879 -0.07104659 -0.00813323
v 0.10531926 -0.08545488 -0.01661104
v 0.10663086 -0.08764929 -0.01684314
v 0.08713275 -0.06346202 -0.01397449
v 0.08354467 -0.05703646 -0.01142907
v 0.08727074 -0.05878299 -0.00618583
v 0.07548624 -0.06043935 -0.02112335
v 0.08354467 -0.05703646 -0.01142907
v 0.06421405 -0.11192101 -0.02426761
v 0.06419861 -0.10488153 -0.02723259
v 0.07127398 -0.10773879 -0.02734661
v 0.0896585 -0.07863712 -0.02347171
v 0.0866949 -0.07249224 -0.02277559
v 0.08224648 -0.08027047 -0.02673429
v 0.09128052 -0.09327048 -0.02968168
v 0.08661067 -0.10461468 -0.03238368
v 0.08002198 -0.09212029 -0.0329603
v 0.06768268 -0.07113045 -0.03277946
v 0.06170487 -0.07172751 -0.03292161
v 0.06467384 -0.06479889 -0.03319836
v 0.06858999 -0.06470275 -0.03100461
v 0.07093447 -0.08793646 -0.03296071
v 0.05813986 -0.08922952 -0.03326535
v 0.0550772 -0.06094182 0.05837721
v 0.05177307 -0.07284009 0.0599916
v 0.06112373 -0.0862506 0.06468129
v 0.05952597 -0.09099543 0.06433517
v 0.035061 -0.07342321 0.06019729
v 0.03175479 -0.06129247 0.05860239
v 0.02147067 -0.06629354 0.05872232
v 0.02178824 -0.07656354 0.0576663
v 0.04498947 -0.07941109 0.06111819
v 0.04324287 -0.07578748 0.06090373
v 0.04115874 -0.07992059 0.05992752
v 0.04517174 -0.09875822 0.06118238
v 0.04267102 -0.09833562 0.06040484
v 0.02586132 -0.08884269 0.0560537
v 0.01604158 -0.08835137 0.05026406
v 0.02715462 -0.10223436 0.04700691
v 0.0167498 -0.09681946 0.04447472
v 0.02429533 -0.10911733 0.03253591
v 0.05373645 -0.10758251 -0.02374864
v 0.02553713 -0.10941249 -0.00114375
v 0.02396607 -0.10866725 -0.00099188
v 0.02470815 -0.10842556 -0.00299656
v 0.0503183 -0.08612925 -0.03535563
v 0.0435406 -0.06660527 -0.0418306
v 0.05073905 -0.06660038 -0.03870028
v 0.04343504 -0.06849617 -0.04158908
v 0.03539383 -0.08784974 -0.03492361
v 0.04776001 -0.09817159 -0.0268805
v 0.04391783 -0.1053943 -0.02221626
v 0.03925395 -0.09868622 -0.02696741
v 0.04776001 -0.09817159 -0.0268805
v 0.02916837 -0.08457237 -0.03813887
v 0.0148527 -0.08385241 -0.03517169
v 0.0219844 -0.06786764 -0.04893601
v 0.04161131 -0.06758112 -0.04251033
v 0.02723897 -0.09209383 -0.02958739
v 0.03925395 -0.09868622 -0.02696741
v 0.02723897 -0.09209383 -0.02958739
v 0.0222308 -0.09983343 -0.01925248
v 0.01614743 -0.09204292 -0.02674609
v 0.01242214 -0.06178772 0.05801153
v 0.01419151 -0.07037365 0.05636585
v 0.00011909 -0.07193637 0.05175972
v 0.00800276 -0.08489484 0.04768223
v -0.00593907 -0.0789578 0.04101741
v -0.00735736 -0.08453351 0.03466874
v 0.0020088 -0.08753479 0.04057354
v 0.0095365 -0.08984423 0.04480702
v 0.0097239 -0.09207296 0.04117393
v 0.00361562 -0.09532315 0.02302641
v 0.00303572 -0.09646839 0.01922166
v 0.0097239 -0.09207296 0.04117393
v 0.0020088 -0.08753479 0.04057354
v 0.00177121 -0.09577936 0.01919127
v -0.02198344 -0.06719726 0.04489923
v -0.02601856 -0.07407588 0.03396475
v -0.01449263 -0.07946438 0.03621209
v -1.639E-05 -0.06046903 0.05462414
v -0.01481581 -0.06701356 0.04868162
v -0.02078587 -0.08382833 0.01748288
v -0.01848441 -0.08493322 0.01863706
v -0.0207721 -0.0827561 0.02035701
v -0.0207721 -0.0827561 0.02035701
v -0.00735736 -0.08453351 0.03466874
v 0.00255132 -0.0963847 0.01804143
v -0.00048953 -0.0947665 0.01547861
v 0.00724888 -0.09937143 0.00551844
v 0.00422603 -0.09637272 -0.00940055
v 0.00725341 -0.09672713 -0.01315922
v 0.00188529 -0.09498793 -0.01292592
v -0.00296295 -0.0928551 -0.00561476
v -0.02984232 -0.08015591 0.00330824
v -0.03031802 -0.08112085 8.07E-05
v -0.01975882 -0.0853622 0.00196183
v -0.01677459 -0.08615351 0.01305366
v -0.02000046 -0.08542609 -0.01385522
v -0.0176416 -0.08660311 -0.0126707
v -0.01987624 -0.08582693 -0.01207656
v -0.01651448 -0.08705497 -0.00812876
v -0.01057523 -0.0893749 0.00364506
v -0.00405866 -0.09312528 0.00372398
v -0.01066697 -0.08942264 0.00072062
v 0.00637448 -0.08769166 -0.0283891
v 0.0148527 -0.08385241 -0.03517169
v 0.00383341 -0.07805318 -0.03958833
v 0.01130742 -0.06890476 -0.04760998
v 0.00383341 -0.07805318 -0.03958833
v -0.00044823 -0.07190746 -0.04528797
v -0.00044823 -0.07190746 -0.04528797
v -0.00352323 -0.07670534 -0.0389477
v -0.00039428 -0.06565565 -0.04873949
v -0.0055849 -0.08611035 -0.02658796
v -0.01566344 -0.08131683 -0.03092611
v -0.02774042 -0.078596 -0.03041428
v -0.02325827 -0.07148761 -0.04119134
v -0.01088685 -0.07068682 -0.04467934
v -0.01088685 -0.07068682 -0.04467934
v -0.03954762 -0.06603587 0.03779125
v -0.04187435 -0.07319766 0.01661325
v -0.03914177 -0.0723477 0.0226565
v -0.04700565 -0.07001323 0.01908803
v -0.03914177 -0.0723477 0.0226565
v -0.02601856 -0.07407588 0.03396475
v -0.04548138 -0.06374896 0.03639829
v -0.05884123 -0.06106591 0.02560753
v -0.06769037 -0.06360531 0.00869805
v -0.04736096 -0.07163 0.01150322
v -0.03712195 -0.07742596 0.00105405
v -0.05051875 -0.0712778 5.805E-05
v -0.04463071 -0.07589686 -0.01582688
v -0.04593867 -0.07589513 -0.01340336
v -0.04832214 -0.07480961 -0.0143829
v -0.04813057 -0.0742377 -0.01083595
v -0.068865 -0.06400096 0.00441045
v -0.07000577 -0.06734282 -0.00721246
v -0.06797665 -0.06622499 -0.00739133
v -0.0670504 -0.06414014 0.00757563
v -0.05942661 -0.07011354 -0.01116729
v -0.06150264 -0.07004255 -0.01985711
v -0.06875622 -0.0675838 -0.01034176
v -0.05942661 -0.07011354 -0.01116729
v -0.04391998 -0.0703755 -0.03383899
v -0.068672 -0.06720638 -0.02465248
v -0.07005483 -0.06762618 -0.02477443
v -0.06949788 -0.06604177 -0.02716511
v -0.05866057 -0.0679338 -0.02893412
v -0.06915313 -0.06815898 -0.02262229
v -0.068672 -0.06720638 -0.02465248
v -0.06150264 -0.07004255 -0.01985711
v -0.06915313 -0.06815898 -0.02262229
v -0.07455611 -0.06376231 -0.00511301
v -0.07000577 -0.06734282 -0.00721246
v -0.068865 -0.06400096 0.00441045
v -0.07213229 -0.067626 -0.02170455
v -0.07270497 -0.06698287 -0.01115084
v -0.08230227 -0.06120455 -0.01667511
v -0.06875622 -0.0675838 -0.01034176
v -0.08238941 -0.05924416 -0.01029021
v -0.08514225 -0.05677181 -0.01615733
v -0.08512056 -0.05674386 -0.01771218
v -0.07162666 -0.06560135 -0.02526873
v -0.0831725 -0.05789083 -0.02015322
v 0.10590082 -0.06869316 0.01708037
v 0.1052826 -0.06834751 0.01707882
v 0.10557145 -0.06847686 0.01657891
v 0.10470295 -0.06798899 0.01631194
v 0.07043725 -0.06298536 0.05559164
v 0.06500185 -0.05946237 0.05613124
v 0.06498736 -0.06540418 0.05840224
v 0.08751661 -0.06453437 0.04315156
v 0.08239961 -0.05915231 0.04259849
v 0.08660704 -0.05689543 0.02164203
v 0.08635741 -0.05688041 0.02220565
v 0.08597493 -0.0562712 0.021595
v 0.0850352 -0.0559864 0.02367002
v 0.06859547 -0.04536742 0.04179484
v 0.06233698 -0.02818775 0.03258002
v 0.05887651 -0.03504467 0.04647362
v 0.05911648 -0.04444563 0.05147177
v 0.0678277 -0.02789217 0.01347566
v 0.06610352 -0.02397037 0.01265883
v 0.06384289 -0.02526569 0.02365613
v 0.07233143 -0.04579425 0.03567404
v 0.07365924 -0.04174292 0.02147752
v 0.06401807 -0.02815896 0.02956462
v 0.07038081 -0.0550766 0.04701459
v 0.07342815 -0.04951406 0.03959519
v 0.07689232 -0.04340053 0.0050472
v 0.07718039 -0.04475439 0.0080834
v 0.07897288 -0.04667658 0.00540841
v 0.07719749 -0.04488432 0.00268584
v 0.08646756 -0.05680758 0.02096432
v 0.08998531 -0.05886161 0.00599235
v 0.0802632 -0.04971135 -0.00113481
v 0.06698459 -0.02534205 0.01000899
v 0.06645292 -0.02516955 -0.0015139
v 0.06667811 -0.02609891 -0.00281227
v 0.06601429 -0.02461535 -0.00255454
v 0.06527156 -0.02499896 -0.00423408
v 0.07152122 -0.04307675 -0.01323396
v 0.07842088 -0.05108577 -0.01262635
v 0.07842088 -0.05108577 -0.01262635
v 0.06948078 -0.04499966 -0.01899093
v 0.06672937 -0.03788334 -0.01639789
v 0.06672937 -0.03788334 -0.01639789
v 0.06948078 -0.04499966 -0.01899093
v 0.0607658 -0.04493594 -0.02694076
v 0.07152122 -0.04307675 -0.01323396
v 0.06705123 -0.0607264 -0.03053182
v 0.0604701 -0.05607909 -0.03381115
v 0.06500185 -0.05946237 0.05613124
v 0.02380568 -0.0239442 0.05477279
v 0.02293134 -0.02201635 0.05423671
v 0.0214023 -0.02270162 0.05465645
v 0.02144665 -0.02579755 0.05527991
v 0.02160025 -0.05604184 0.05862588
v 0.04903865 -0.03897917 0.05363733
v 0.05019748 -0.02360427 0.04511613
v 0.04398328 -0.02053529 0.04747427
v 0.04389334 -0.02698582 0.05014968
v 0.04389334 -0.02698582 0.05014968
v 0.03934157 -0.03796911 0.05627114
v 0.04903865 -0.03897917 0.05363733
v 0.06094754 -0.02342898 0.02932996
v 0.06231278 -0.02591634 0.03005701
v 0.05865455 -0.02473575 0.03377658
v 0.0476647 -0.05123609 0.05597955
v 0.05911648 -0.04444563 0.05147177
v 0.04323298 -0.05847752 0.05887496
v 0.04009771 -0.05237865 0.05834126
v 0.02510953 -0.0439021 0.0583626
v 0.01789641 -0.0437476 0.05757284
v 0.05451494 -0.01749283 -0.0178616
v 0.06527156 -0.02499896 -0.00423408
v 0.05875188 -0.02735031 -0.02124625
v 0.05875188 -0.02735031 -0.02124625
v 0.05273789 -0.04244274 -0.03557676
v 0.04392695 -0.02540517 -0.03546214
v 0.04566568 -0.04452181 -0.04107291
v 0.0348627 -0.04164737 -0.04800189
v 0.03916502 -0.03161693 -0.04086953
v 0.05296719 -0.04651642 -0.03647584
v 0.0410949 -0.06267899 -0.04345393
v 0.0348053 -0.04689068 -0.04799736
v 0.04405355 -0.01922405 -0.03037828
v 0.03903383 -0.02313834 -0.03797221
v 0.02640522 -0.02326435 -0.04931158
v 0.02195644 -0.02395868 -0.05345798
v 0.02179354 -0.02252364 -0.0532912
v 0.02038801 -0.02320051 -0.05424196
v 0.02041107 -0.02553046 -0.05394036
v 0.02823097 -0.04451114 -0.05025142
v 0.01601291 -0.04469639 -0.05397499
v 0.02615255 -0.05807918 -0.04910588
v 0.01904207 -0.061692 -0.0508123
v 0.01936728 -0.02171719 0.05474317
v 0.01844984 -0.02419633 0.05519617
v -0.01931387 -0.02395767 0.05565363
v -0.02017939 -0.02149218 0.05522668
v -0.02230513 -0.02245253 0.05516559
v -0.02233183 -0.02489859 0.05530936
v 0.00017291 -0.02886152 0.05676234
v 0.00380111 -0.03723556 0.05730152
v -0.00424099 -0.03720272 0.05715907
v 0.00393009 -0.0510813 0.0565604
v -0.00445545 -0.050924 0.05641842
v -0.01767087 -0.04402 0.05559587
v -0.02858603 -0.04409432 0.05244291
v -0.01914424 -0.06098855 0.04941112
v -0.02641422 -0.05827177 0.0482505
v 0.01437098 -0.0262844 -0.05613863
v 0.00450397 -0.01520061 -0.06232548
v 6.992E-05 -0.03187305 -0.06124461
v 0.00225115 -0.03604919 -0.05985558
v -0.00209188 -0.03558069 -0.06108135
v 0.00491971 -0.05102509 -0.05502152
v -0.00442767 -0.05200428 -0.05710739
v -0.00447142 -0.03171068 -0.06273824
v -0.02297771 -0.02343237 -0.07001728
v -0.00095683 -0.0130474 -0.06496876
v -0.02305937 -0.04159671 -0.06316602
v -0.02100706 -0.04581183 -0.0614633
v -0.02520144 -0.04613268 -0.06097174
v -0.02013475 -0.0645166 -0.04785651
v -0.02628767 -0.06462443 -0.04740024
v -0.02013475 -0.0645166 -0.04785651
v -0.02416408 -0.02155346 0.05516732
v -0.02433252 -0.0234707 0.05516326
v -0.04387164 -0.0266993 0.05293846
v -0.03748894 -0.03967142 0.05159616
v -0.05180919 -0.04145426 0.04779524
v -0.03710467 -0.04816699 0.0499658
v -0.04166508 -0.05864424 0.04125577
v -0.04548138 -0.06374896 0.03639829
v -0.04989547 -0.05538964 0.0412122
v -0.04379201 -0.01770246 0.05287576
v -0.06125575 -0.02202815 0.05209476
v -0.06485593 -0.02205014 0.05170989
v -0.06153154 -0.02926713 0.05002093
v -0.05638164 -0.04430211 0.04578465
v -0.06537241 -0.04437566 0.04151934
v -0.07386118 -0.04036778 0.03940302
v -0.07368183 -0.04447991 0.03644037
v -0.05226684 -0.0468204 0.04659724
v -0.05666292 -0.04771531 0.0434013
v -0.05832165 -0.05009913 0.03844106
v -0.05884123 -0.06106591 0.02560753
v -0.06692004 -0.05608767 0.02571052
v -0.06856704 -0.06301802 0.00880933
v -0.06900388 -0.0632562 0.00782287
v -0.0683558 -0.06345683 0.00796533
v -0.03046697 -0.01970083 -0.07268381
v -0.04040271 -0.03255439 -0.06727731
v -0.03836143 -0.03783542 -0.06520212
v -0.04653043 -0.0693469 -0.03362161
v -0.04552025 -0.06819719 -0.03554481
v -0.04734707 -0.06825012 -0.03528857
v -0.04123652 -0.05448931 -0.05449623
v -0.02520144 -0.04613268 -0.06097174
v -0.04123652 -0.05448931 -0.05449623
v -0.04929811 -0.05488455 -0.05314708
v -0.04450786 -0.03780985 -0.06475359
v -0.06578839 -0.03248882 -0.07133037
v -0.04903787 -0.03771067 -0.06439185
v -0.06630844 -0.04431754 -0.05973202
v -0.06378937 -0.04904884 -0.05559516
v -0.07028341 -0.0494628 -0.05233002
v -0.06477928 -0.06115347 -0.0434562
v -0.07200629 -0.05990595 -0.04147387
v -0.04929811 -0.05488455 -0.05314708
v -0.04374141 -0.03519589 -0.06646037
v -0.04438752 -0.03345424 -0.06751865
v -0.04501766 -0.03524506 -0.06647199
v -0.06436974 -0.02688003 -0.0768373
v -0.06642771 -0.02692038 -0.07666898
v -0.06540054 -0.02468532 -0.07832307
v -0.04418945 -0.01831222 -0.0760563
v -0.06177789 -0.02475005 -0.07762951
v -0.06642771 -0.02692038 -0.07666898
v -0.06436974 -0.02688003 -0.0768373
v -0.04903787 -0.03771067 -0.06439185
v -0.07730645 -0.02236313 0.04788131
v -0.08676845 -0.02173269 0.04512507
v -0.08675742 -0.02334082 0.04476273
v -0.08381003 -0.02856052 0.04270035
v -0.08775818 -0.02469063 0.0430454
v -0.07860816 -0.04176635 0.03585136
v -0.08143651 -0.05258471 0.01887369
v -0.06856704 -0.06301802 0.00880933
v -0.09127128 -0.03847378 0.02976519
v -0.08548188 -0.0499295 0.01896411
v -0.10823351 -0.02293056 0.03714842
v -0.10990119 -0.02623951 0.03286374
v -0.10533953 -0.02821499 0.03367954
v -0.08908963 -0.02264303 0.04431361
v -0.10777521 -0.03625274 0.01624805
v -0.09835845 -0.03934628 0.02038634
v -0.10793471 -0.02996677 0.02755392
v -0.10793471 -0.02996677 0.02755392
v -0.09835845 -0.03934628 0.02038634
v -0.08548188 -0.0499295 0.01896411
v -0.08376276 -0.05314165 0.01521564
v -0.08143651 -0.05258471 0.01887369
v -0.09085178 -0.04943115 0.00762767
v -0.08011258 -0.06083733 -0.00113469
v -0.08816749 -0.05430418 -0.00164312
v -0.11514217 -0.03824562 -0.00090086
v -0.11558771 -0.03929514 -0.00489378
v -0.10477751 -0.04371238 -0.00283009
v -0.09892327 -0.04446274 0.00344431
v -0.10787123 -0.04367679 -0.01619923
v -0.09698117 -0.04652268 -0.00085938
v -0.09696478 -0.04661006 -0.00301367
v -0.10598308 -0.04455733 -0.01842362
v -0.09538543 -0.04754531 -0.03486729
v -0.09541732 -0.04752451 -0.03484625
v -0.09542 -0.04751909 -0.0348708
v -0.08209819 -0.03497761 -0.06364924
v -0.08701861 -0.03791988 -0.05921429
v -0.08782142 -0.03727216 -0.05966693
v -0.08783793 -0.0379979 -0.05884147
v -0.08702242 -0.03932619 -0.05760157
v -0.0952633 -0.04766327 -0.03461444
v -0.07974392 -0.05820686 -0.0348711
v -0.08073437 -0.05278897 -0.04539156
v -0.09538543 -0.04754531 -0.03486729
v -0.08702242 -0.03932619 -0.05760157
v -0.08073437 -0.05278897 -0.04539156
v -0.09544468 -0.04751343 -0.03485942
v -0.09545213 -0.04750687 -0.03488779
v -0.09576714 -0.04742628 -0.03435057
v -0.08914179 -0.03782243 -0.05880994
v -0.10989863 -0.02791482 -0.06825364
v -0.10822564 -0.03788143 -0.05364114
v -0.1150077 -0.04117185 -0.03668439
v -0.09576714 -0.04742628 -0.03435057
v -0.09541732 -0.04752451 -0.03484625
v -0.0952633 -0.04766327 -0.03461444
v -0.10599166 -0.04453421 -0.01911724
v -0.10836214 -0.04383671 -0.02255148
v -0.06969917 -0.02507269 -0.07781422
v -0.06969917 -0.02507269 -0.07781422
v -0.10711128 -0.02624881 -0.07068497
v -0.08694535 -0.02123678 -0.07787865
v -0.11313856 -0.02279174 0.0335775
v -0.12072271 -0.02911854 0.01496679
v -0.11464155 -0.02605623 0.02728289
v -0.12959361 -0.01943702 0.02009702
v -0.11464155 -0.02605623 0.02728289
v -0.13017821 -0.01454103 0.02639133
v -0.13518715 -0.0138526 0.02316004
v -0.12959361 -0.01943702 0.02009702
v -0.13833416 -0.01534402 0.01592159
v -0.12888175 -0.02731246 0.00678021
v -0.1209895 -0.03578037 -0.00358284
v -0.13234079 -0.02888411 -0.00276744
v -0.12160915 -0.0378499 -0.01210684
v -0.10702401 -0.04424548 -0.0188337
v -0.12884814 -0.03488177 -0.01659548
v -0.12635505 -0.03671694 -0.02070469
v -0.13989985 -0.02182043 0.00211889
v -0.14565241 -0.02126741 -0.01087296
v -0.14800882 -0.02025217 -0.01339525
v -0.1420114 -0.0250169 -0.01530284
v -0.12987447 -0.03442317 -0.02069658
v -0.14619946 -0.02292097 -0.02633196
v -0.11998701 -0.03948629 -0.02933371
v -0.1151458 -0.04147691 -0.03427309
v -0.11859226 -0.0396561 -0.03506547
v -0.12147939 -0.03231752 -0.05391753
v -0.12830138 -0.03043294 -0.0475415
v -0.13270211 -0.03246552 -0.03633571
v -0.12993234 -0.02466273 -0.05828661
v -0.12925452 -0.03520888 -0.02534598
v -0.1479702 -0.0216099 -0.02763283
v -0.14859247 -0.02116036 -0.02698195
v -0.14249897 -0.02315027 -0.04229337
v -0.1424278 -0.01923162 -0.05141711
v -0.13764369 -0.01736587 -0.06256247
v -0.13131952 -0.01822066 -0.06603867
v -0.11562568 -0.02468878 -0.06853843
v 0.06308109 -0.01988339 0.01353133
v 0.05365461 -0.00433469 0.00438249
v 0.05242389 -0.00284535 0.00393426
v 0.05242074 -0.00281626 0.00521576
v 0.05340195 -0.00456637 0.00736237
v 0.05341935 -0.00453079 0.00205362
v 0.06507951 -0.02207088 0.00995654
v 0.06559074 -0.02369589 -0.00164539
v 0.06486863 -0.02293408 -0.00301576
v 0.02142996 -0.02123255 0.05434412
v 0.03291839 0.00042242 0.04209435
v 0.03281373 -0.00039232 0.0430268
v 0.03424579 -0.00105524 0.04202527
v 0.04021144 0.00671887 0.02089155
v 0.0469451 -0.01561564 0.04142332
v 0.03303063 -0.00135309 0.04328483
v 0.05350727 -0.00842363 0.01952034
v 0.04830223 -0.00741285 0.03170681
v 0.04078984 0.0071528 0.0193541
v 0.03169411 0.00078124 0.04289889
v 0.02214295 0.02016371 0.0351488
v 0.01524705 0.00747305 0.04630274
v 0.03192741 -0.00078684 0.04336762
v 0.04044551 0.00748634 0.01953411
v 0.02653176 0.02221835 0.02752143
v 0.02594596 0.01965165 0.03213984
v 0.0406791 0.00732332 0.01930296
v 0.04070568 0.0072307 0.01935339
v 0.03192741 -0.00078684 0.04336762
v 0.01422495 -0.0005424 0.04947352
v 0.03303063 -0.00135309 0.04328483
v 0.04398328 -0.02053529 0.04747427
v 0.04070568 0.0072307 0.01935339
v 0.04021144 0.00671887 0.02089155
v 0.04078984 0.0071528 0.0193541
v 0.04111677 0.00689626 0.01888978
v 0.04555088 0.00687134 0.00571674
v 0.04808468 0.00030929 -0.0016824
v 0.04073942 0.00722998 0.01927668
v 0.05270553 -0.00893098 -0.01307976
v 0.04281265 0.00264043 -0.012483
v 0.04057044 0.00645548 -0.00974685
v 0.03161466 0.02445281 0.01581836
v 0.03757668 0.01759851 0.00709391
v 0.03905141 0.01545435 0.00610423
v 0.03726321 0.01765752 0.00506651
v 0.03765041 0.01062894 -0.01008952
v 0.03086865 0.02366292 -0.00772625
v 0.0228641 0.02031618 -0.02252644
v 0.03925413 0.00659704 -0.01295686
v 0.05451494 -0.01749283 -0.0178616
v 0.04781091 -0.00882787 -0.02028108
v 0.04281265 0.00264043 -0.012483
v 0.04781091 -0.00882787 -0.02028108
v 0.03707558 -0.00497478 -0.02827823
v 0.02509594 -0.00064206 -0.03849679
v 0.01467794 0.00762582 -0.04423964
v 0.02167708 0.01845413 -0.02606982
v 0.03034794 -0.0009324 -0.03286719
v 0.02279967 0.01927125 -0.02411836
v 0.03925413 0.00659704 -0.01295686
v 0.01442254 -0.00028181 -0.04983979
v 0.03013891 -0.00556839 -0.03567684
v 0.02342242 -0.0177052 -0.04873544
v 0.02043694 -0.02115303 -0.05366188
v -0.02227944 -0.02057773 0.05515718
v 0.01524705 0.00747305 0.04630274
v 0.00771838 0.0028193 0.05003572
v 0.00477231 0.02095056 0.04437339
v 0.00075525 0.02219975 0.04500419
v 0.00068134 0.01955348 0.04599786
v 0.00477231 0.02095056 0.04437339
v -0.00695711 0.00342387 0.05161303
v 0.0071075 -0.0046944 0.05154449
v 0.00043589 -0.01705903 0.05478323
v -0.00608146 -0.00520837 0.05316448
v -0.01862609 0.01463586 0.05080432
v -0.0220328 0.0210318 0.04962426
v -0.0250445 0.01492476 0.05097049
v -0.00865799 0.02105594 0.04730672
v -0.01511085 -0.00045508 0.05277294
v -0.0280534 -0.00033331 0.05317169
v 0.02127337 0.02113861 -0.02384591
v 0.0228641 0.02031618 -0.02252644
v 0.02185404 0.0199343 -0.02424729
v 0.02012575 0.02049041 -0.02631837
v 0.00341266 0.00636256 -0.05540133
v -0.00312483 0.00794894 -0.05962437
v -0.00102657 0.01510692 -0.05397642
v 0.00622588 0.02127767 -0.04341513
v -0.00105196 0.02489388 -0.04774779
v -0.00027859 -0.01298606 -0.06476116
v 0.0002073 -0.012128 -0.06410289
v -0.00056171 -0.0124898 -0.06478834
v -0.00926769 0.01418471 -0.06062353
v -0.02428293 0.02096403 -0.06768024
v -0.0152179 0.02563059 -0.05769163
v -0.00931633 0.00603813 -0.06462801
v -0.00141877 -0.012191 -0.06528902
v -0.01949954 -0.00093085 -0.07239914
v -0.02376169 0.01183927 -0.07176805
v -0.02814287 -0.00103056 -0.07540721
v -0.02304024 -0.01408052 -0.07190412
v -0.03633213 0.00375873 0.05224985
v -0.03185135 0.02110356 0.04900366
v -0.04322076 0.02303344 0.0472315
v -0.04317439 0.01900268 0.04835701
v -0.05057168 0.00347579 0.05157644
v -0.03694224 -0.00482875 0.0532102
v -0.05008674 -0.00448585 0.05251884
v -0.06138426 0.01309425 0.05062848
v -0.06579399 0.02109838 0.04884928
v -0.07039756 0.01196963 0.05028033
v -0.05365276 0.0211519 0.04869318
v -0.05778837 -0.00013959 0.05154902
v -0.06278956 -0.01776987 0.05200261
v -0.0675506 -0.01702535 0.05175638
v -0.03361291 0.02658969 -0.07051206
v -0.0303719 0.0174228 -0.07285941
v -0.03825319 0.0039674 -0.07769966
v -0.04418832 0.01710981 -0.07895237
v -0.05278486 0.001064 -0.08245838
v -0.03877735 -0.00662339 -0.07695448
v -0.05262911 -0.00440079 -0.08192676
v -0.04520601 0.02779961 -0.07502282
v -0.05535603 0.02120239 -0.08158779
v -0.05898893 0.00517464 -0.083781
v -0.06698078 0.02090418 -0.08658695
v -0.05726981 -0.00142044 -0.08329254
v -0.06902671 -0.00222629 -0.08730304
v -0.0749045 -0.00233972 -0.08882123
v -0.07408601 0.00145257 -0.0890789
v -0.06150645 -0.01575202 -0.08028293
v -0.0746699 -0.00434738 -0.08826315
v -0.07935053 0.00284189 0.05059272
v -0.07328349 -0.00021571 0.05084443
v -0.07764822 0.02131015 0.04872376
v -0.08717537 0.02315593 0.04744071
v -0.0871917 0.01953053 0.04819685
v -0.09542412 0.00239801 0.04884201
v -0.07927108 -0.00329137 0.05057728
v -0.09532571 -0.0023331 0.0488342
v -0.09725219 0.02159905 0.04907477
v -0.10850739 0.02176023 0.04985493
v -0.10318458 0.01113659 0.04954702
v -0.09980971 -5.9E-06 0.04858893
v -0.1149165 1.937E-05 0.04444724
v -0.1188556 0.00162238 0.04362786
v -0.11900318 -5.889E-05 0.04309016
v -0.1005215 -0.00623029 0.04647022
v -0.1172179 -0.0049901 0.04165494
v -0.10988379 -0.02529633 -0.07092488
v -0.07644844 0.02109629 -0.09250474
v -0.07677132 -0.00119412 -0.08952445
v -0.09674442 -0.00050235 -0.09052324
v -0.0869137 0.01711386 -0.0951156
v -0.08722126 0.02624869 -0.0973292
v -0.08694535 -0.02123678 -0.07787865
v -0.07737231 -0.00614423 -0.08713359
v -0.09603572 -0.00702614 -0.08732235
v -0.07637471 -0.00315797 -0.08883458
v -0.10724711 0.01976067 -0.09779966
v -0.10647303 0.01489151 -0.09621114
v -0.1087057 0.01968747 -0.09781283
v -0.12075698 -0.00243092 -0.08552182
v -0.12062585 -0.0011965 -0.08609909
v -0.11435002 -0.00241166 -0.08694363
v -0.09955221 -0.002096 -0.09002686
v -0.10437489 -0.01566154 -0.07929248
v -0.10437489 -0.01566154 -0.07929248
v -0.0995605 -0.00486022 -0.08863109
v -0.09723389 -0.00311673 -0.08964342
v -0.11966157 0.02186 0.04916012
v -0.13014317 0.02378511 0.04779655
v -0.13014233 0.02011716 0.04772151
v -0.12214184 0.00511563 0.044379
v -0.13334763 0.01543504 0.04385281
v -0.12039292 0.00068015 0.04310113
v -0.12166047 -0.00212693 0.04022211
v -0.13427174 -0.00736076 0.02927357
v -0.15165615 0.02203953 0.03631663
v -0.15303731 0.0188452 0.0337224
v -0.14904499 0.01665598 0.03516918
v -0.13496363 0.02198738 0.04617411
v -0.13733542 0.00375998 0.03627694
v -0.15137374 0.00075459 0.01971024
v -0.15005827 8.118E-05 0.02043867
v -0.15143454 0.00569659 0.02369988
v -0.14762294 -0.00258517 0.0204336
v -0.1506964 -0.00060838 0.0188719
v -0.1506964 -0.00060838 0.0188719
v -0.15137374 0.00075459 0.01971024
v -0.15486944 -0.00048757 0.0120945
v -0.13833416 -0.01534402 0.01592159
v -0.14754963 -0.01407236 0.00490266
v -0.14868391 -0.01876491 -0.01139444
v -0.15514886 -0.01080865 -0.00749838
v -0.14978445 -0.0185492 -0.0136261
v -0.1491679 -0.02058858 -0.02687359
v -0.15065897 -0.01868552 -0.02834761
v -0.14888465 -0.02085233 -0.02749479
v -0.14819002 -0.01780164 -0.04436386
v -0.15615058 -0.01000124 -0.03971595
v -0.1515764 -0.0077371 -0.05498648
v -0.12075698 -0.00243092 -0.08552182
v -0.12185723 -0.0018416 -0.08547598
v -0.12062585 -0.0011965 -0.08609909
v -0.12241542 -2.885E-05 -0.08665466
v -0.11036354 0.01962584 -0.09771264
v -0.12241542 -2.885E-05 -0.08665466
v -0.13082969 0.0157069 -0.09465295
v -0.13082969 0.0157069 -0.09465295
v -0.13682294 0.00783604 -0.085504
v -0.13082469 0.0245868 -0.09777105
v -0.12288016 -0.00427967 -0.08281398
v -0.1367743 -0.01015562 -0.07033879
v -0.1486125 0.01106399 -0.07667923
v -0.15372968 0.01439255 -0.07436031
v -0.15166473 0.01869327 -0.07894826
v -0.13935363 0.00043416 -0.07817757
v -0.15081143 -0.00341839 -0.06158257
v -0.13933206 0.01892519 -0.09059852
v -0.13082469 0.0245868 -0.09777105
v -0.15199292 -0.00499755 -0.05881011
v -0.15284967 -0.00329423 -0.05959433
v -0.1551801 0.02197689 0.03390938
v -0.1661042 0.01413018 0.01696628
v -0.15747678 0.0188694 0.02886766
v -0.17320693 0.02600724 0.02031457
v -0.1734457 0.02985591 0.02360362
v -0.17573845 0.0303424 0.02163452
v -0.17320693 0.02600724 0.02031457
v -0.17573845 0.0303424 0.02163452
v -0.17665529 0.02997196 0.01864004
v -0.17280781 0.01673687 0.00786644
v -0.1661042 0.01413018 0.01696628
v -0.16335571 0.00206739 0.00239104
v -0.17540181 0.01624328 -0.00127423
v -0.17283535 0.00951868 -0.01729077
v -0.16314447 -6.044E-05 -0.00197035
v -0.15896058 -0.00431919 -0.00018555
v -0.1618371 -0.00186968 -0.00197953
v -0.16199505 -0.001167 -7.99E-06
v -0.162377 -0.00168604 -0.00537819
v -0.16186547 -0.0055272 -0.02052838
v -0.17092347 0.00655627 -0.01998502
v -0.17928267 0.02210563 0.00174391
v -0.18124521 0.022228 -0.00544912
v -0.18602097 0.02575296 -0.0142597
v -0.17648172 0.01378238 -0.01759017
v -0.17337346 0.00993901 -0.01998711
v -0.17702425 0.01431328 -0.02224696
v -0.16438735 -0.00117761 -0.03628987
v -0.17286026 0.00942087 -0.02270144
v -0.17596996 0.01438385 -0.03714478
v -0.16090202 0.01466656 -0.06538105
v -0.16708112 0.01218885 -0.05530781
v -0.17380714 0.0214929 -0.0574156
v -0.17279446 0.01471013 -0.0471499
v -0.16458237 0.00230086 -0.04347581
v -0.15624809 -0.00064522 -0.05760407
v -0.1618371 -0.00450629 -0.03650087
v -0.16275477 -0.00377738 -0.03156579
v -0.16212058 -0.00319964 -0.03978407
v -0.15369058 -0.00387752 -0.05798441
v -0.18261898 0.02185231 -0.03254265
v -0.18631756 0.02574486 -0.0264436
v -0.18123186 0.02152729 -0.04093856
v -0.18000948 0.0275507 -0.05478114
v -0.17820358 0.02812028 -0.06008661
v -0.15682423 0.01901674 -0.07454139
v -0.17482293 0.02735198 -0.06222206
v 0.0189774 0.02567488 0.0325582
v 0.0234434 0.02350748 0.03182894
v 0.02131999 0.02804667 0.02606446
v 0.01841843 0.04026043 0.00635797
v 0.01126927 0.0450272 0.00367332
v 0.01114672 0.0448873 0.00685865
v 0.01405555 0.04116237 0.01192439
v 0.01483405 0.04153335 -0.002065
v 0.02737635 0.03296548 0.00791824
v 0.02069438 0.03412211 0.01697975
v 0.02729714 0.03215075 0.00328362
v 0.0219695 0.0340246 -0.00932389
v 0.00261164 0.02517736 0.04223508
v 0.00075525 0.02219975 0.04500419
v -0.00302112 0.02761388 0.04241359
v 0.00578588 0.03701752 0.03187323
v 0.01427513 0.03775537 0.02019155
v -0.00166053 0.04495877 0.01975644
v -0.00824809 0.03913802 0.03538543
v -0.00984085 0.0480181 0.01977444
v -0.02556837 0.05543971 0.01391876
v -0.02487099 0.05098486 0.02458495
v -0.0161314 0.04277313 0.0341081
v -0.03143221 0.04309195 0.03581262
v -0.00302112 0.02761388 0.04241359
v -0.0318414 0.03848237 0.03974438
v -0.01455063 0.0369072 0.03884059
v -0.01455063 0.0369072 0.03884059
v 0.00444889 0.04549497 0.01168656
v 0.00521612 0.04776794 0.00479805
v -0.00199699 0.05161613 -0.01254255
v -0.00190508 0.05159098 -0.01249897
v -0.00192487 0.05158305 -0.01257634
v -0.00200778 0.0516336 -0.01236147
v -0.00650293 0.05364966 0.00265366
v -0.00162631 0.05139059 -0.01251876
v -0.00529587 0.04855788 0.01473761
v 0.01552594 0.03875244 -0.01319832
v -0.02479267 0.0596782 -0.0039503
v -0.02261078 0.05681121 0.00808418
v -0.02261078 0.05681121 0.00808418
v -0.02881581 0.05777311 0.00745869
v -0.02556837 0.05543971 0.01391876
v -0.00268751 0.05186659 -0.01232618
v -0.00200778 0.0516336 -0.01236147
v -0.00199699 0.05161613 -0.01254255
v -0.00238425 0.05174178 -0.01270527
v -0.00268751 0.05186659 -0.01232618
v -0.02704799 0.06023306 -0.00709891
v -0.02853048 0.0603292 -0.00466144
v -0.02479267 0.0596782 -0.0039503
v -0.02704799 0.06023306 -0.00709891
v -0.00162631 0.05139059 -0.01251876
v -0.00191379 0.05149442 -0.01267743
v -0.00192487 0.05158305 -0.01257634
v -0.00199479 0.05159998 -0.01264024
v -0.00192487 0.05158305 -0.01257634
v -0.00191379 0.05149442 -0.01267743
v -0.00199479 0.05159998 -0.01264024
v -0.00281453 0.05100548 -0.01421219
v 0.00324053 0.03020698 -0.03855228
v 0.01552594 0.03875244 -0.01319832
v 0.00515598 0.03798515 -0.02602768
v -0.01190281 0.04130769 -0.03655219
v -0.01559395 0.0441075 -0.03624356
v -0.03235328 0.05336195 -0.04235697
v -0.02988535 0.05749613 -0.02884734
v -0.00238425 0.05174178 -0.01270527
v -0.03176922 0.04495764 -0.04931688
v -0.03235328 0.05336195 -0.04235697
v -0.01559395 0.0441075 -0.03624356
v -0.0141322 0.04403025 -0.03474987
v -0.01242119 0.04310751 -0.03450793
v -0.01385325 0.04288524 -0.03578949
v -0.01433361 0.04197997 -0.03761059
v -0.02464944 0.03219515 -0.05789953
v -0.04641813 0.05456275 0.01990759
v -0.04589766 0.05439967 0.02013415
v -0.04517597 0.05469596 0.01928538
v -0.04543036 0.05329865 0.02167684
v -0.04640615 0.05439407 0.02029377
v -0.0468508 0.05359715 0.02117258
v -0.04640615 0.05439407 0.02029377
v -0.04589766 0.05439967 0.02013415
v -0.04641813 0.05456275 0.01990759
v -0.03889245 0.03193504 0.04281473
v -0.04754215 0.02973861 0.04352182
v -0.03636342 0.04087073 0.03782111
v -0.03143221 0.04309195 0.03581262
v -0.03143221 0.04309195 0.03581262
v -0.03636342 0.04087073 0.03782111
v -0.04691362 0.05443722 0.02022177
v -0.04691362 0.05443722 0.02022177
v -0.06541824 0.05060238 0.02630854
v -0.06488705 0.06314409 0.01312715
v -0.05929768 0.04309154 0.03429168
v -0.07263333 0.04306352 0.03724986
v -0.07374352 0.03807169 0.04167694
v -0.05808872 0.03626138 0.03974891
v -0.05185187 0.04010588 0.03725874
v -0.05929768 0.04309154 0.03429168
v -0.05185187 0.04010588 0.03725874
v -0.05929768 0.04309154 0.03429168
v -0.04517597 0.05469596 0.01928538
v -0.04652679 0.05494553 0.01864398
v -0.0453611 0.060588 0.00037879
v -0.04971439 0.06114864 0.0003711
v -0.04652679 0.05494553 0.01864398
v -0.04846132 0.06219554 -0.01851523
v -0.03392899 0.06098884 -0.00961745
v -0.03600925 0.06032455 -0.02174252
v -0.04845935 0.06147015 -0.008205
v -0.06053299 0.06384164 0.00786358
v -0.04971439 0.06114864 0.0003711
v -0.05459094 0.06491524 -0.00363326
v -0.04845935 0.06147015 -0.008205
v -0.05637997 0.06817597 -0.0242337
v -0.05763084 0.06747031 -0.01342779
v -0.04846132 0.06219554 -0.01851523
v -0.02608931 0.05891824 -0.02214241
v -0.03600925 0.06032455 -0.02174252
v -0.04867768 0.06282258 -0.02892882
v -0.04534435 0.0606578 -0.03687733
v -0.04989237 0.06362104 -0.03682607
v -0.04725111 0.05638993 -0.0566662
v -0.03176922 0.04495764 -0.04931688
v -0.03705299 0.03850031 -0.06271893
v -0.04799795 0.05501771 -0.05904382
v -0.04860032 0.05699915 -0.0576213
v -0.05322659 0.06635273 -0.0343067
v -0.05384833 0.06658232 -0.04032314
v -0.04994547 0.05835009 -0.05747586
v -0.05771118 0.06841379 -0.05270845
v -0.06440574 0.06482905 -0.06757784
v -0.04942971 0.05666167 -0.05885547
v -0.04942971 0.05666167 -0.05885547
v -0.04860032 0.05699915 -0.0576213
v -0.04799795 0.05501771 -0.05904382
v -0.04255277 0.03744787 -0.07016444
v -0.051153 0.03991264 -0.07441115
v -0.07051289 0.04392821 -0.08603728
v -0.07517362 0.04687953 -0.08821172
v -0.06737387 0.05986989 -0.07378483
v -0.05931967 0.0451414 -0.07683343
v -0.06450313 0.06335717 -0.06945544
v -0.07561874 0.04336858 -0.08939421
v -0.06110239 0.03431875 -0.08060282
v -0.07430184 0.03717375 -0.08964199
v -0.09805977 0.04468155 0.04476172
v -0.0987336 0.04314286 0.04534751
v -0.0958876 0.04290271 0.04475123
v -0.0787347 0.07009423 0.02634829
v -0.07683468 0.05792153 0.02728033
v -0.07901919 0.0457027 0.03902864
v -0.08780211 0.05984288 0.03671181
v -0.09867704 0.04255325 0.04544085
v -0.08195347 0.03180122 0.04429245
v -0.07807505 0.04115194 0.04059517
v -0.07263333 0.04306352 0.03724986
v -0.07807505 0.04115194 0.04059517
v -0.07901919 0.0457027 0.03902864
v -0.09989768 0.0445382 0.04563075
v -0.10962492 0.06360567 0.0465045
v -0.11730874 0.04802078 0.04751742
v -0.09935367 0.04286379 0.04548496
v -0.08780211 0.05984288 0.03671181
v -0.09606147 0.06369704 0.04027307
v -0.08764011 0.06846303 0.03469819
v -0.09606147 0.06369704 0.04027307
v -0.10032672 0.04000115 0.04612774
v -0.11575824 0.03536975 0.04855192
v -0.06571871 0.06549293 -0.06951749
v -0.06440574 0.06482905 -0.06757784
v -0.06559873 0.06430906 -0.06966764
v -0.07507539 0.06479317 -0.07787758
v -0.07918489 0.04531276 -0.09106302
v -0.09332448 0.04779434 -0.09713984
v -0.08688378 0.0638966 -0.08835554
v -0.08549446 0.06474268 -0.08725297
v -0.08683336 0.06537348 -0.08796662
v -0.0796988 0.04031485 -0.09199667
v -0.09262556 0.03689247 -0.09834933
v -0.10683578 0.06239337 -0.0999077
v -0.10919958 0.06354702 -0.10036623
v -0.10731328 0.06446284 -0.09967023
v -0.10912836 0.0578177 -0.10113579
v -0.10575294 0.04174703 -0.10177994
v -0.1115098 0.04123229 -0.10300744
v -0.10810947 0.02102816 -0.09793139
v -0.10922188 0.02064234 -0.09810787
v -0.12095642 0.0441488 0.04734296
v -0.11862671 0.04307038 0.04737109
v -0.12255239 0.06333709 0.04851764
v -0.1308676 0.06631291 0.04990846
v -0.13091135 0.06138581 0.04853249
v -0.14141595 0.04393226 0.04518557
v -0.1209814 0.04188985 0.0474363
v -0.14137566 0.04300129 0.04522943
v -0.14029109 0.06353122 0.04883748
v -0.15293372 0.06400871 0.04708081
v -0.14326584 0.04602844 0.04555655
v -0.1423372 0.0435254 0.04513556
v -0.14576244 0.04350471 0.04417562
v -0.16039431 0.0491305 0.04113752
v -0.16085887 0.04352683 0.03926718
v -0.14252222 0.04216748 0.04482257
v -0.15650308 0.03113943 0.03733414
v -0.11381757 0.0611648 -0.10096705
v -0.11438811 0.06608057 -0.10118669
v -0.13116503 0.05596364 -0.1026656
v -0.12770212 0.04920042 -0.10280949
v -0.13615227 0.04838789 -0.09963953
v -0.12657481 0.0341211 -0.10101402
v -0.13713014 0.03633851 -0.09752625
v -0.15173268 0.06418324 -0.09832746
v -0.15180063 0.06376904 -0.09822196
v -0.15196776 0.06419539 -0.09821308
v -0.16190219 0.04249585 -0.08208603
v -0.16144848 0.0471946 -0.08423328
v -0.15691006 0.04221851 -0.08663577
v -0.13166928 0.07190329 -0.10323274
v -0.15180063 0.06376904 -0.09822196
v -0.14662349 0.04269403 -0.09447318
v -0.13615227 0.04838789 -0.09963953
v -0.15802193 0.03055441 -0.07972896
v -0.14657354 0.03286648 -0.09045893
v -0.13713014 0.03633851 -0.09752625
v -0.14662349 0.04269403 -0.09447318
v -0.17147243 0.0641008 0.0429554
v -0.16571796 0.04607743 0.03818929
v -0.17393637 0.06290084 0.04167038
v -0.17819881 0.04841095 0.03078008
v -0.17398858 0.06495011 0.04248905
v -0.1693964 0.03609842 0.02976692
v -0.1751709 0.03317976 0.02400035
v -0.18749106 0.06075186 0.02836365
v -0.18931019 0.06726301 0.02945298
v -0.19487619 0.06482273 0.02205622
v -0.18570781 0.0472281 0.02063453
v -0.17858231 0.03416836 0.02044725
v -0.17858231 0.03416836 0.02044725
v -0.19920599 0.05467868 0.00460154
v -0.20037961 0.0519715 -0.00467139
v -0.19485462 0.04346544 -0.0010668
v -0.19446063 0.05458987 0.0150308
v -0.18922579 0.04273683 0.0104512
v -0.18570781 0.0472281 0.02063453
v -0.197541 0.04354912 -0.01296961
v -0.18733799 0.03458548 0.00315565
v -0.18809557 0.03211302 -0.00612968
v -0.19271576 0.03523576 -0.017241
v -0.20120704 0.04834682 -0.03604668
v -0.20118201 0.04887307 -0.03972298
v -0.19816744 0.04349148 -0.03708786
v -0.19875574 0.04378599 -0.03081554
v -0.19600487 0.05909264 -0.06680989
v -0.19106472 0.04360545 -0.05731481
v -0.19453418 0.04634166 -0.05484307
v -0.1920011 0.04160678 -0.0521515
v -0.188802 0.03014392 -0.03154665
v -0.19243026 0.03456622 -0.0245803
v -0.18848181 0.03173298 -0.04234648
v -0.18579102 0.03625017 -0.05705088
v -0.16654551 0.0446856 -0.08103418
v -0.1742065 0.06331396 -0.08696187
v -0.1633786 0.06413305 -0.09265536
v -0.17456162 0.06399888 -0.08714533
v -0.17468071 0.06381923 -0.08691341
v -0.17456043 0.0642035 -0.0872193
v -0.17028821 0.03485471 -0.07057828
v -0.17701888 0.03136814 -0.0625217
v -0.19594169 0.06249034 -0.07007617
v -0.19679463 0.06285095 -0.06995714
v -0.19648135 0.06358725 -0.07065666
v -0.17972374 0.04683203 -0.07205456
v -0.17480373 0.06407559 -0.08705115
v -0.20262277 0.06890053 0.01389641
v -0.20032942 0.06246877 0.01320845
v -0.19487619 0.06482273 0.02205622
v -0.20032942 0.06246877 0.01320845
v -0.20506918 0.06554854 0.0038839
v -0.20262277 0.06890053 0.01389641
v -0.20766497 0.06568605 -0.0051741
v -0.2060591 0.0595963 -0.01695472
v -0.20107257 0.04805011 -0.02135992
v -0.20700395 0.05905551 -0.02464283
v -0.21516287 0.07553869 -0.02249306
v -0.1968962 0.0414539 -0.02156508
v -0.21049094 0.06614071 -0.03703856
v -0.21520066 0.07555228 -0.02268672
v -0.21016014 0.06605196 -0.04049581
v -0.20500958 0.06058073 -0.05335987
v -0.21121228 0.07270318 -0.05433518
v -0.19751823 0.06316882 -0.06888175
v -0.19725227 0.06368619 -0.06997514
v -0.19970918 0.06551224 -0.06734723
v -0.06324208 0.06407708 0.01136363
v -0.06507272 0.06612992 0.01188612
v -0.06843412 0.08450925 -0.0008747
v -0.06795722 0.10697103 -0.01186693
v -0.07241035 0.09675318 0.00432158
v -0.07286489 0.08544838 0.00787824
v -0.06601256 0.1058529 -0.02861446
v -0.06629992 0.10767138 -0.02875477
v -0.06783628 0.10722625 -0.01281404
v -0.06435347 0.0834319 -0.01719773
v -0.06425369 0.08522093 -0.0216158
v -0.06780428 0.1065284 -0.01231718
v -0.06354088 0.06605029 0.00859088
v -0.06081295 0.07178402 -0.00638443
v -0.06285483 0.0815742 -0.02098852
v -0.06474954 0.10067624 -0.03108573
v -0.06221658 0.08268011 -0.03759366
v -0.06610483 0.10415554 -0.04536027
v -0.06628221 0.10688788 -0.03018719
v -0.0629319 0.08278918 -0.02652448
v -0.06662071 0.10612357 -0.04597616
v -0.0666008 0.10589898 -0.04641056
v -0.06663203 0.10632646 -0.04639614
v -0.06694531 0.10613155 -0.04719305
v -0.06615132 0.096376 -0.05052155
v -0.05830956 0.07424009 -0.03420603
v -0.05870539 0.07393217 -0.04175997
v -0.06493747 0.08242291 -0.05573153
v -0.08433056 0.09363067 0.02833432
v -0.08184665 0.09987932 0.0246008
v -0.08738095 0.10199606 0.0319804
v -0.07958782 0.09223562 0.02176821
v -0.09696895 0.08724159 0.04056442
v -0.07805485 0.10197574 0.01608956
v -0.08383214 0.07827121 0.0294947
v -0.07851201 0.07863152 0.02189499
v -0.09726822 0.08388066 0.04119176
v -0.10968995 0.10775363 0.05068451
v -0.09973615 0.08723795 0.04317009
v -0.09550905 0.1080457 0.03981662
v -0.10235161 0.08539569 0.04404986
v -0.11308384 0.10089535 0.05114996
v -0.11702383 0.0856722 0.05072528
v -0.08740729 0.11458993 0.03124809
v -0.09955901 0.08534831 0.04265636
v -0.09973615 0.08723795 0.04317009
v -0.09955901 0.08534831 0.04265636
v -0.11523759 0.07489091 0.0491786
v -0.09997338 0.08314651 0.04298699
v -0.09997338 0.08314651 0.04298699
v -0.07852572 0.11403757 0.01614767
v -0.07370198 0.10789281 0.00595647
v -0.06792694 0.10730249 -0.0120675
v -0.06791639 0.10720301 -0.0120616
v -0.06783628 0.10722625 -0.01281404
v -0.06795722 0.10697103 -0.01186693
v -0.06791639 0.10720301 -0.0120616
v -0.0679481 0.1072526 -0.01195645
v -0.06791639 0.10720301 -0.0120616
v -0.06792694 0.10730249 -0.0120675
v -0.0679481 0.1072526 -0.01195645
v -0.07358205 0.11160076 -0.06495905
v -0.07278305 0.10332793 -0.06546837
v -0.06560451 0.08394444 -0.0553664
v -0.06583387 0.08434564 -0.05651569
v -0.06578755 0.08350325 -0.05651301
v -0.06583387 0.08434564 -0.05651569
v -0.07821739 0.08894742 -0.0758577
v -0.07278305 0.10332793 -0.06546837
v -0.08581638 0.10716832 -0.08342505
v -0.08888364 0.08543646 -0.08491778
v -0.0952701 0.08710319 -0.09046274
v -0.08814114 0.10314 -0.08522457
v -0.08500904 0.06809717 -0.08579683
v -0.06578755 0.08350325 -0.05651301
v -0.07816511 0.08303487 -0.07627255
v -0.09527552 0.08370584 -0.09066653
v -0.10608131 0.10126907 -0.0955959
v -0.11064422 0.10484439 -0.09759462
v -0.10942537 0.1071735 -0.0971579
v -0.0858618 0.10848492 -0.08322668
v -0.08702606 0.10776144 -0.08431244
v -0.10011888 0.08516598 -0.09268564
v -0.10922748 0.06638753 -0.10023338
v -0.1149357 0.08488888 -0.09886581
v -0.14643633 0.1045779 0.05806381
v -0.14561498 0.11175466 0.05864084
v -0.15312421 0.10800743 0.05860835
v -0.1531142 0.10224795 0.0578481
v -0.12522954 0.09058028 0.0533362
v -0.11481279 0.10780311 0.05209792
v -0.13153148 0.11434007 0.05691957
v -0.13135612 0.10186923 0.05569285
v -0.10968995 0.10775363 0.05068451
v -0.13627732 0.09148902 0.05502981
v -0.1239177 0.08197135 0.05115879
v -0.13731599 0.08127648 0.05279505
v -0.14704251 0.08590889 0.0543133
v -0.15861332 0.08604556 0.05365151
v -0.14841712 0.07279015 0.05041558
v -0.15739512 0.07348418 0.05007309
v -0.11137474 0.1070959 -0.09777248
v -0.12825221 0.09203392 -0.10218203
v -0.13502884 0.09246731 -0.1029498
v -0.13179481 0.09846973 -0.10306448
v -0.13133109 0.11467248 -0.10403067
v -0.1282047 0.07828605 -0.10206389
v -0.1351788 0.07794148 -0.10284764
v -0.14214027 0.10098052 -0.10409832
v -0.15337753 0.10730457 -0.10448772
v -0.14084268 0.11291021 -0.10472846
v -0.15281045 0.09598523 -0.10388219
v -0.1495074 0.08538598 -0.10262364
v -0.15605974 0.08562356 -0.10102022
v -0.15186012 0.06445009 -0.09831649
v -0.15216196 0.06457096 -0.09826219
v -0.16125512 0.1122759 0.05905128
v -0.15898597 0.10496897 0.05780625
v -0.17402554 0.10315484 0.05416465
v -0.16809642 0.09115958 0.05374348
v -0.18333912 0.08768857 0.0437144
v -0.18370318 0.08650291 0.04304248
v -0.18255842 0.08616149 0.04367596
v -0.16685081 0.08226568 0.05133164
v -0.17235398 0.06745696 0.04417217
v -0.18364334 0.08579469 0.0429368
v -0.19496679 0.10803562 0.0437122
v -0.19885993 0.09968507 0.03603941
v -0.1847645 0.08771437 0.04289818
v -0.17411196 0.11467206 0.05687249
v -0.18518984 0.10828745 0.04945254
v -0.1846776 0.086173 0.04221505
v -0.19476283 0.07339394 0.02756202
v -0.19891226 0.086155 0.0293051
v -0.16110921 0.10311908 -0.10251522
v -0.16187239 0.11143851 -0.10275418
v -0.17461646 0.10291952 -0.09636813
v -0.16821611 0.09092885 -0.09810787
v -0.18180561 0.08863091 -0.09359038
v -0.15216196 0.06457096 -0.09826219
v -0.15196776 0.06419539 -0.09821308
v -0.1671772 0.08162242 -0.09608406
v -0.17456043 0.0642035 -0.0872193
v -0.1827637 0.08222562 -0.09171206
v -0.18368816 0.1076991 -0.09133226
v -0.18915582 0.09179372 -0.08955777
v -0.19677234 0.10719526 -0.08365262
v -0.20486677 0.08391356 -0.075257
v -0.20276713 0.09407496 -0.07767725
v -0.19604421 0.08430254 -0.08309036
v -0.18368816 0.1076991 -0.09133226
v -0.17483664 0.11250001 -0.09694248
v -0.18851101 0.08473921 -0.09077066
v -0.18851101 0.08473921 -0.09077066
v -0.18915582 0.09179372 -0.08955777
v -0.19775987 0.06593746 -0.07073861
v -0.18843341 0.07940096 -0.08786631
v -0.1827637 0.08222562 -0.09171206
v -0.20309615 0.10774666 0.03596187
v -0.2113992 0.09972334 0.01804656
v -0.20794833 0.10135108 0.02499324
v -0.21647942 0.11422205 0.02039063
v -0.20794833 0.10135108 0.02499324
v -0.20831585 0.09318095 0.0204879
v -0.2113992 0.09972334 0.01804656
v -0.203457 0.08160877 0.02067447
v -0.21651912 0.11769235 0.02244556
v -0.21771955 0.11818606 0.02108431
v -0.21807325 0.11799896 0.01968861
v -0.21222663 0.0933947 0.01206827
v -0.20831585 0.09318095 0.0204879
v -0.21621358 0.10201907 0.00987399
v -0.21994185 0.09958798 -0.00179297
v -0.22064745 0.09260732 -0.01241297
v -0.21547222 0.08723909 -0.00178832
v -0.21058154 0.07501554 -0.00196475
v -0.203457 0.08160877 0.02067447
v -0.20977676 0.08207017 0.00717336
v -0.21516287 0.07553869 -0.02249306
v -0.21522689 0.07580501 -0.02231139
v -0.2152493 0.07571232 -0.02261823
v -0.21522689 0.07580501 -0.02231139
v -0.2152493 0.07571232 -0.02261823
v -0.21538246 0.07597822 -0.02260786
v -0.21516287 0.07553869 -0.02249306
v -0.2152493 0.07571232 -0.02261823
v -0.21520066 0.07555228 -0.02268672
v -0.22148716 0.10775083 0.00133437
v -0.2226913 0.10769773 -0.00484318
v -0.22704709 0.11294556 -0.01587594
v -0.22414589 0.10172224 -0.01760024
v -0.22197974 0.09458321 -0.02210355
v -0.22478747 0.10210514 -0.02595145
v -0.22035027 0.08704931 -0.03913742
v -0.22165108 0.09110463 -0.03276992
v -0.22247803 0.09363562 -0.0386402
v -0.21929133 0.09447443 -0.05281705
v -0.21248329 0.06997412 -0.03862572
v -0.21529174 0.07572746 -0.02275902
v -0.21538246 0.07597822 -0.02260786
v -0.21529174 0.07572746 -0.02275902
v -0.2152493 0.07571232 -0.02261823
v -0.21398497 0.07758182 -0.05269873
v -0.21276009 0.07696307 -0.05700433
v -0.2174257 0.09144396 -0.05646741
v -0.22628975 0.10682201 -0.0341534
v -0.22755325 0.112279 -0.02649212
v -0.22554255 0.10674107 -0.04284006
v -0.22405303 0.11371607 -0.05431628
v -0.21953809 0.09750396 -0.05568653
v -0.21874356 0.09592724 -0.05682933
v -0.21891546 0.0970521 -0.05741614
v -0.21603465 0.09419745 -0.06052709
v -0.21906483 0.11360413 -0.06287771
v -0.20435035 0.10654604 -0.07671469
v -0.217834 0.09705502 -0.05844837
v -0.21831214 0.09582686 -0.05799508
v -0.07155782 0.12989753 -0.00098068
v -0.07077664 0.14707255 -0.01010376
v -0.07338583 0.14058936 0.00397748
v -0.07438397 0.12996972 0.00660747
v -0.06831223 0.1292578 -0.02041531
v -0.06938297 0.14112699 -0.02415806
v -0.06933171 0.13856459 -0.01633734
v -0.06842238 0.12891215 -0.01912439
v -0.07304233 0.11930937 0.00388879
v -0.06797737 0.10755968 -0.01186603
v -0.06795186 0.109209 -0.0127818
v -0.06829739 0.12853235 -0.02042234
v -0.06908959 0.12910497 -0.03750467
v -0.07154477 0.14295185 -0.04310989
v -0.07013947 0.14865291 -0.02764362
v -0.06830496 0.12886775 -0.0216701
v -0.07136959 0.12923312 -0.04901445
v -0.06648928 0.11014318 -0.03041565
v -0.06667429 0.10712475 -0.0456329
v -0.06702489 0.10777169 -0.04681915
v -0.08423507 0.13726699 0.02793974
v -0.08167863 0.14374995 0.02354068
v -0.08734292 0.14515376 0.03054643
v -0.0802989 0.13660836 0.02049899
v -0.09632277 0.13201749 0.03958923
v -0.07785499 0.14567196 0.01447189
v -0.08223766 0.11630076 0.02413005
v -0.08452785 0.1224122 0.02801013
v -0.08087736 0.12287706 0.02114469
v -0.09610498 0.12767744 0.03931558
v -0.10918921 0.15178025 0.05033326
v -0.09978956 0.13260162 0.04272133
v -0.09687126 0.15128791 0.03886765
v -0.10190648 0.13000369 0.04420406
v -0.11214334 0.14615703 0.05233538
v -0.11565953 0.1300894 0.05367941
v -0.08713847 0.15882719 0.02839625
v -0.09940314 0.12993962 0.04217154
v -0.10190648 0.13000369 0.04420406
v -0.11240327 0.11346722 0.05206567
v -0.09963393 0.12762189 0.04289061
v -0.07959247 0.15745234 0.01584762
v -0.07491064 0.15082014 0.00568044
v -0.07060379 0.14927888 -0.01226574
v -0.07095045 0.14999163 -0.0107252
v -0.07073474 0.15068209 -0.0123266
v -0.07022965 0.14966834 -0.02673078
v -0.07031566 0.15056551 -0.0266906
v -0.07028985 0.15008831 -0.02743435
v -0.07375807 0.14681041 -0.05014914
v -0.07259804 0.15021384 -0.04418904
v -0.07858127 0.144104 -0.06389433
v -0.07410127 0.13317156 -0.05809897
v -0.07617748 0.15505707 -0.05167174
v -0.07298964 0.12592584 -0.05785155
v -0.0811848 0.13433182 -0.07122481
v -0.07858127 0.144104 -0.06389433
v -0.0811848 0.13433182 -0.07122481
v -0.08596218 0.1464808 -0.07407129
v -0.09237522 0.13031328 -0.08453053
v -0.09551865 0.13179255 -0.08825713
v -0.09366339 0.13637197 -0.08472943
v -0.07298964 0.12592584 -0.05785155
v -0.07358205 0.11160076 -0.06495905
v -0.08058554 0.12484509 -0.07252294
v -0.08862281 0.11359286 -0.08495396
v -0.09541398 0.12906688 -0.08850694
v -0.10149139 0.13890266 -0.09044266
v -0.11184776 0.14649057 -0.09552741
v -0.10880059 0.15196729 -0.09280926
v -0.08599794 0.15674603 -0.07016474
v -0.0932768 0.15131712 -0.08026755
v -0.09924066 0.13050926 -0.09034079
v -0.10530239 0.11480618 -0.09444219
v -0.11048293 0.10917771 -0.09773171
v -0.13841295 0.14444697 0.06211686
v -0.1368413 0.15969741 0.06309444
v -0.15257025 0.15206897 0.06490666
v -0.1526376 0.13403094 0.06346393
v -0.15284073 0.12240183 0.0616557
v -0.12760162 0.13702083 0.05862772
v -0.11355352 0.15179992 0.05297583
v -0.13152754 0.16004252 0.06179041
v -0.13139057 0.14340234 0.06025839
v -0.10918921 0.15178025 0.05033326
v -0.13401878 0.13796735 0.06052113
v -0.12652618 0.12378025 0.05661941
v -0.13483906 0.12251496 0.05875021
v -0.15127909 0.13016343 0.06274384
v -0.15395713 0.13013971 0.06264848
v -0.11399329 0.15180516 -0.09564382
v -0.1141786 0.12989968 -0.09939349
v -0.12852603 0.13736594 -0.10395914
v -0.13331914 0.13772058 -0.1048308
v -0.13107955 0.14241862 -0.10428756
v -0.13174856 0.15947008 -0.10327017
v -0.12856275 0.12044519 -0.103836
v -0.13362455 0.11990082 -0.10474962
v -0.13906825 0.14406788 -0.10555899
v -0.15220809 0.15091252 -0.10627151
v -0.14053261 0.1573621 -0.10492873
v -0.15267491 0.13409889 -0.10726237
v -0.15165246 0.12869215 -0.1071294
v -0.15437639 0.12866104 -0.10672307
v -0.15303385 0.12273246 -0.10669714
v -0.16882288 0.14369071 0.06276315
v -0.17443728 0.16067505 0.06478119
v -0.17397165 0.16192245 0.06498235
v -0.1744566 0.16205537 0.06495875
v -0.17480576 0.16198516 0.06490999
v -0.19581199 0.14684391 0.05673158
v -0.18609023 0.14681685 0.05930156
v -0.19594204 0.15174901 0.05754489
v -0.17415071 0.14257395 0.0618878
v -0.1720891 0.13881826 0.06151623
v -0.1764555 0.138448 0.06065881
v -0.17072523 0.12231857 0.05927962
v -0.17768586 0.12308592 0.05811757
v -0.19039094 0.13035631 0.05581546
v -0.20517492 0.13045549 0.04538494
v -0.19060755 0.11744893 0.05009174
v -0.20502794 0.12806296 0.04445654
v -0.16580093 0.14399719 -0.10491014
v -0.16930091 0.15864873 -0.10594356
v -0.17556989 0.141518 -0.10373056
v -0.17276311 0.1365788 -0.1032207
v -0.18069422 0.13433886 -0.09760243
v -0.17068064 0.12223363 -0.10062724
v -0.18181777 0.12612426 -0.09465492
v -0.19438922 0.15107012 -0.09619266
v -0.1931355 0.14472568 -0.09431595
v -0.19657946 0.15120852 -0.0945096
v -0.2047807 0.12957633 -0.07869297
v -0.20462835 0.13617384 -0.0817045
v -0.19448256 0.12971437 -0.08668506
v -0.19438922 0.15107012 -0.09619266
v -0.17545414 0.15993524 -0.10546732
v -0.18761146 0.13007057 -0.09207112
v -0.18069422 0.13433886 -0.09760243
v -0.20285881 0.11855119 -0.08002764
v -0.18848324 0.12377101 -0.09058523
v -0.18181777 0.12612426 -0.09465492
v -0.20025015 0.15393865 0.0560829
v -0.19898987 0.15019143 0.05545884
v -0.21720862 0.15086019 0.04407287
v -0.20683897 0.13105214 0.04438382
v -0.21773219 0.15016663 0.04306883
v -0.22097242 0.1363852 0.02907902
v -0.20760071 0.13044274 0.0431568
v -0.20667875 0.12996691 0.04413664
v -0.20690095 0.12891829 0.04313827
v -0.21651912 0.11769235 0.02244556
v -0.21751142 0.11987102 0.02248275
v -0.21723163 0.15211022 0.04453492
v -0.21802008 0.15138793 0.04349965
v -0.21867895 0.15138972 0.04226756
v -0.21867895 0.15138972 0.04226756
v -0.22981811 0.15592122 0.02691555
v -0.22706354 0.14640093 0.02526784
v -0.22519684 0.13656783 0.02019876
v -0.23386323 0.15025055 0.01135546
v -0.22097242 0.1363852 0.02907902
v -0.21771955 0.11818606 0.02108431
v -0.21845794 0.11987698 0.02046341
v -0.21751142 0.11987102 0.02248275
v -0.23527062 0.15202546 0.00878471
v -0.23509169 0.15311408 0.01082551
v -0.23678303 0.15202069 -0.0051527
v -0.23367882 0.1450969 0.00625402
v -0.22861457 0.13014948 0.0038597
v -0.22956729 0.13027561 -0.00090289
v -0.23713839 0.15050471 -0.02748537
v -0.23135102 0.13273072 -0.02066994
v -0.23646128 0.14895201 -0.0128631
v -0.23033834 0.13016534 -0.00977218
v -0.22817194 0.12593633 0.00103295
v -0.22857547 0.12449652 -0.00365275
v -0.23055243 0.12701744 -0.02064741
v -0.23444891 0.15151572 -0.04506403
v -0.23286366 0.1423533 -0.04269868
v -0.2372607 0.15173018 -0.02948564
v -0.23073614 0.12978905 -0.02939022
v -0.23202276 0.14795923 -0.04965591
v -0.23251128 0.15418601 -0.04979748
v -0.22640038 0.13564229 -0.05779231
v -0.22607446 0.14396369 -0.06186873
v -0.22936213 0.12967175 -0.04390401
v -0.2299732 0.12976635 -0.03830379
v -0.22911096 0.12238359 -0.03538138
v -0.22878134 0.12310565 -0.04090446
v -0.22480857 0.1209147 -0.05706573
v -0.22270167 0.11472255 -0.05978823
v -0.21363795 0.13424134 -0.07187372
v -0.21919179 0.15681577 -0.07008749
v -0.20962405 0.15090311 -0.07986951
v -0.21913469 0.14398015 -0.06837457
v -0.22202969 0.13597512 -0.06539381
v -0.21492636 0.1214599 -0.06824732
v -0.2214185 0.1195122 -0.06257093
v -0.2373116 0.15204561 -0.0112766
v -0.23702049 0.1512413 -0.01118153
v -0.237257 0.15174079 -0.01190519
v -0.23749161 0.1525476 -0.01202404
v -0.23747742 0.15165091 -0.02786005
v -0.23737311 0.1514585 -0.02810693
v -0.23747706 0.15176952 -0.02807653
v -0.23756659 0.15196335 -0.027803
v -0.07506222 0.17361331 -0.00168449
v -0.07527173 0.18049324 -0.00422007
v -0.07585841 0.17853355 0.0008018
v -0.07598132 0.17358732 0.00229937
v -0.07380092 0.17317557 -0.01088488
v -0.07484114 0.16585994 0.00161034
v -0.0717175 0.15604818 -0.00902897
v -0.07426906 0.17305923 -0.03557676
v -0.07524365 0.17723799 -0.03728575
v -0.07453239 0.1806668 -0.03185403
v -0.07328755 0.17291892 -0.02624291
v -0.07519054 0.17311847 -0.03899181
v -0.07082933 0.15397537 -0.02829784
v -0.07338637 0.1636281 -0.03933263
v -0.08723408 0.20072913 0.02080363
v -0.08506447 0.18574262 0.02228361
v -0.08406365 0.18635023 0.01942414
v -0.08587557 0.18347836 0.02354157
v -0.08687973 0.18624032 0.02463979
v -0.08443886 0.18313074 0.02113664
v -0.09302372 0.17873549 0.03355747
v -0.08296418 0.15994871 0.02293521
v -0.08505821 0.1648761 0.02529192
v -0.08240545 0.16544521 0.02064598
v -0.09513593 0.17053318 0.03754586
v -0.10935062 0.19541228 0.05013102
v -0.09966564 0.17633307 0.04265118
v -0.09752268 0.19529688 0.03797543
v -0.10223752 0.17366326 0.04419959
v -0.11241496 0.18937075 0.05181402
v -0.11563784 0.17361236 0.05390674
v -0.08801568 0.20575726 0.02029598
v -0.08847845 0.20553565 0.02123207
v -0.09935647 0.17366862 0.04195154
v -0.11234653 0.15801013 0.0521993
v -0.09972662 0.17074656 0.04259956
v -0.07880294 0.19510424 0.00390279
v -0.07590705 0.19131374 -0.01335979
v -0.07708526 0.19503796 -0.0059424
v -0.07576627 0.19144809 -0.02410156
v -0.07334942 0.17498732 -0.01929581
v -0.07765412 0.19966257 -0.01386082
v -0.0728268 0.17130089 -0.0194478
v -0.08732122 0.20534742 0.01912779
v -0.07749867 0.1996063 -0.02298582
v -0.07717371 0.1945796 -0.03032291
v -0.08578563 0.18908119 -0.05824417
v -0.08457983 0.1846813 -0.0576278
v -0.08501136 0.18439364 -0.05900306
v -0.07978654 0.19449663 -0.04008454
v -0.08462906 0.18324113 -0.05839634
v -0.08089209 0.16508472 -0.05895495
v -0.08105898 0.15884972 -0.0619294
v -0.08889753 0.20422351 -0.0567807
v -0.08593845 0.20220995 -0.05137348
v -0.09231752 0.20268071 -0.06237537
v -0.08889753 0.20422351 -0.0567807
v -0.08578563 0.18908119 -0.05824417
v -0.08462906 0.18324113 -0.05839634
v -0.08529395 0.18339396 -0.05961078
v -0.08501136 0.18439364 -0.05900306
v -0.08580244 0.18455803 -0.05994463
v -0.08840209 0.18151557 -0.06416833
v -0.08089209 0.16508472 -0.05895495
v -0.08105898 0.15884972 -0.0619294
v -0.08377594 0.16448224 -0.06476289
v -0.09334844 0.16884589 -0.07502323
v -0.10110903 0.19513786 -0.07751721
v -0.10110247 0.17983603 -0.08142704
v -0.10893929 0.1953131 -0.08467066
v -0.09950948 0.17323697 -0.08083528
v -0.10377133 0.17349935 -0.08513111
v -0.11569518 0.17409873 -0.09612596
v -0.11497504 0.18440533 -0.09228116
v -0.09984797 0.16898012 -0.08253032
v -0.11244673 0.1588521 -0.09479946
v -0.13340306 0.18517315 0.06453001
v -0.13429713 0.20490026 0.06434077
v -0.15282083 0.19528544 0.07096368
v -0.1511445 0.17361641 0.0680964
v -0.15267491 0.18230784 0.06975114
v -0.15408111 0.17358553 0.06838644
v -0.13746953 0.1812005 0.06532782
v -0.15255177 0.16866183 0.06753504
v -0.14241517 0.16801357 0.06548446
v -0.11241496 0.18937075 0.05181402
v -0.13018692 0.18288589 0.06290329
v -0.11563784 0.17361236 0.05390674
v -0.11327392 0.19532132 0.05263036
v -0.13174081 0.20499849 0.06342089
v -0.13155282 0.18497133 0.06387132
v -0.11327392 0.19532132 0.05263036
v -0.13224685 0.1834743 0.0640105
v -0.11234653 0.15801013 0.0521993
v -0.12847281 0.1653167 0.06011021
v -0.1332382 0.16401887 0.0623799
v -0.12092125 0.1953696 -0.09233904
v -0.12671524 0.17988181 -0.09929663
v -0.13534248 0.18046594 -0.10160416
v -0.13192177 0.18900764 -0.09947264
v -0.13202381 0.20028687 -0.09719127
v -0.12780774 0.16648388 -0.10137397
v -0.13448906 0.16508615 -0.10340625
v -0.14606285 0.19126856 -0.10197967
v -0.15251803 0.19447732 -0.10247344
v -0.14793849 0.19705653 -0.10119176
v -0.15213728 0.18136966 -0.10491222
v -0.1506176 0.17278075 -0.10605711
v -0.15332949 0.1727711 -0.10622823
v -0.15198004 0.1672641 -0.10658884
v -0.16042686 0.19933128 0.07263714
v -0.1628176 0.19016206 0.07148904
v -0.17202973 0.18191409 0.0705502
v -0.17441142 0.18722939 0.07159775
v -0.17682707 0.18199444 0.07026172
v -0.17431223 0.16230536 0.06503546
v -0.17458725 0.16228902 0.06501323
v -0.18680513 0.19061041 0.07147336
v -0.18864715 0.19893551 0.07250363
v -0.19557488 0.19533384 0.07091206
v -0.19201589 0.17519081 0.0649901
v -0.17816472 0.16407979 0.06475902
v -0.19574881 0.1750741 0.06403339
v -0.1950264 0.17324305 0.06347603
v -0.19680381 0.17326701 0.06284928
v -0.19582808 0.16678309 0.06168813
v -0.16605866 0.18832946 -0.10465765
v -0.16656148 0.2018559 -0.105286
v -0.17492926 0.18551981 -0.10593098
v -0.173648 0.18298507 -0.10584843
v -0.17641425 0.18276417 -0.10561812
v -0.17390978 0.1629405 -0.10544115
v -0.17687082 0.16292131 -0.1051988
v -0.18120468 0.18701327 -0.10549718
v -0.19663751 0.19403493 -0.10377121
v -0.1802851 0.20294237 -0.10614753
v -0.19666719 0.18440425 -0.10239661
v -0.19295287 0.17178655 -0.10094237
v -0.20262289 0.17157674 -0.09475756
v -0.19538116 0.1536026 -0.09605592
v -0.19923937 0.15628588 -0.09409696
v -0.19538116 0.1536026 -0.09605592
v -0.2119813 0.18714249 0.06217676
v -0.21716797 0.20119548 0.06457204
v -0.21174562 0.20345402 0.06732005
v -0.21710038 0.20557046 0.06582701
v -0.21856081 0.20540428 0.06515157
v -0.22186792 0.20373678 0.06196022
v -0.21730936 0.18676841 0.05985922
v -0.21423674 0.18116546 0.05877787
v -0.22626376 0.1748507 0.04613537
v -0.21183419 0.16818452 0.05372465
v -0.22713625 0.17248142 0.04420137
v -0.23370302 0.19501269 0.05055064
v -0.23901761 0.19491541 0.04563206
v -0.22944307 0.1763165 0.04426008
v -0.22825789 0.17317045 0.04363585
v -0.22884762 0.17321718 0.04274797
v -0.22884762 0.17321718 0.04274797
v -0.24243116 0.1865747 0.0351246
v -0.23948073 0.17328537 0.02396762
v -0.22820508 0.17236388 0.04316884
v -0.2285167 0.17166686 0.04196239
v -0.2285167 0.17166686 0.04196239
v -0.23778939 0.16856253 0.02278501
v -0.24685049 0.17425263 -0.00054228
v -0.24687696 0.17417443 -0.00105089
v -0.24659038 0.17367983 -0.00081593
v -0.24572814 0.17362392 0.00227869
v -0.24660945 0.17364001 -0.00178063
v -0.23631036 0.1539501 0.00872427
v -0.23743975 0.16059697 0.01410389
v -0.24327588 0.16584146 -0.00473708
v -0.24605942 0.17486382 -0.03467304
v -0.2458744 0.17547035 -0.03724718
v -0.24421227 0.17223299 -0.03571069
v -0.24490905 0.17238152 -0.03182966
v -0.24016166 0.18698573 -0.06653255
v -0.23709822 0.17196465 -0.05680031
v -0.23919082 0.17345142 -0.05529171
v -0.2378546 0.17088914 -0.05414569
v -0.23826897 0.15394402 -0.02870369
v -0.23593795 0.15520763 -0.04466462
v -0.23541403 0.16909194 -0.05692744
v -0.22669017 0.15756047 -0.06316262
v -0.21492207 0.17128491 -0.08405048
v -0.22523487 0.17563117 -0.07433802
v -0.22312748 0.18399918 -0.08438349
v -0.20271206 0.1908083 -0.10084766
v -0.20511365 0.19804657 -0.10202736
v -0.21841455 0.18988681 -0.09338659
v -0.20271206 0.1908083 -0.10084766
v -0.21043432 0.17473769 -0.09112203
v -0.22348142 0.16518736 -0.06928039
v -0.21155632 0.1641171 -0.08433771
v -0.20964944 0.16951382 -0.08959788
v -0.20262289 0.17157674 -0.09475756
v -0.24001646 0.19099438 -0.07028735
v -0.24072087 0.19144583 -0.06998461
v -0.24049091 0.19198799 -0.07047331
v -0.22553205 0.19343376 -0.08853841
v -0.21822906 0.19906819 -0.0963589
v -0.24762392 0.19518626 0.03533977
v -0.24243116 0.1865747 0.0351246
v -0.25183403 0.18841255 0.01682347
v -0.24888742 0.18992567 0.02560115
v -0.25893283 0.20197618 0.02012151
v -0.24762392 0.19518626 0.03533977
v -0.24279165 0.17612684 0.02056521
v -0.24008143 0.17218423 0.02071011
v -0.2590915 0.2046299 0.02332461
v -0.26084983 0.20563948 0.02101314
v -0.26107824 0.20551074 0.01922381
v -0.258165 0.19409597 0.00173259
v -0.24954104 0.17862833 -0.00103652
v -0.25884461 0.19454217 -0.00166553
v -0.25462556 0.18634784 -0.02053517
v -0.25458741 0.18639553 -0.0179677
v -0.25742972 0.19116855 -0.0191853
v -0.25771892 0.19202793 -0.0078907
v -0.25218892 0.18204069 -0.01930892
v -0.24420011 0.16981161 -0.02030218
v -0.25967014 0.19587255 -0.0008859
v -0.25979888 0.19589138 -0.00243539
v -0.26435924 0.20355296 -0.01692343
v -0.26423132 0.20358086 -0.02236372
v -0.25829279 0.19440556 -0.03555655
v -0.25820005 0.19437456 -0.03588581
v -0.24991703 0.18840539 -0.05279815
v -0.25638771 0.2026428 -0.05480438
v -0.25857663 0.19485152 -0.0350191
v -0.24135137 0.19163561 -0.06907183
v -0.24103272 0.19204652 -0.06998128
v -0.24378967 0.19415462 -0.06738752
v -0.1088593 0.23915946 0.04169935
v -0.10334867 0.22794032 0.03731978
v -0.10240138 0.23932624 0.03404689
v -0.1079396 0.21707392 0.04357326
v -0.11420381 0.22869647 0.04869741
v -0.11571467 0.21727264 0.05252796
v -0.09597766 0.23215234 0.02342045
v -0.10014814 0.24453092 0.02533913
v -0.09252477 0.23018777 0.01737869
v -0.0925262 0.22584891 0.01951844
v -0.10120183 0.21719408 0.03704202
v -0.11229652 0.20110142 0.05165648
v -0.10209292 0.20962489 0.03962779
v -0.08816803 0.20650077 0.02062607
v -0.08955228 0.23825276 8.4E-06
v -0.09088308 0.22526073 0.01435375
v -0.08344144 0.21627271 -0.00047064
v -0.08402878 0.22174406 -0.00995368
v -0.08575612 0.2289623 -0.0177781
v -0.08921456 0.2377156 -0.00193954
v -0.08404744 0.22438967 -0.01862419
v -0.08596134 0.2288233 -0.02039313
v -0.08147258 0.21038795 -0.00074494
v -0.08788812 0.20664155 0.01954567
v -0.07972503 0.210078 -0.01859421
v -0.08166307 0.21285355 -0.00638723
v -0.09628534 0.2467339 0.01621497
v -0.08972788 0.23891485 0.00023758
v -0.08965558 0.23891461 -0.00019747
v -0.09041047 0.24825346 -0.01323253
v -0.0844382 0.22275686 -0.02531952
v -0.08847457 0.23519909 -0.02893722
v -0.08438969 0.21621346 -0.03540432
v -0.09184796 0.22292793 -0.04836261
v -0.08975035 0.23623943 -0.03466201
v -0.08140475 0.20769477 -0.03530151
v -0.08165282 0.21201527 -0.02877295
v -0.08855891 0.20809436 -0.05284113
v -0.09055007 0.2497443 -0.01676071
v -0.09032077 0.2395221 -0.03380996
v -0.09167111 0.23950696 -0.03660393
v -0.09748274 0.23381531 -0.05316657
v -0.10059053 0.24418485 -0.05198389
v -0.10841233 0.23998976 -0.06220722
v -0.10059053 0.24418485 -0.05198389
v -0.09748274 0.23381531 -0.05316657
v -0.09761524 0.22318089 -0.05995613
v -0.09184796 0.22292793 -0.04836261
v -0.09183168 0.20892918 -0.05889779
v -0.08855891 0.20809436 -0.05284113
v -0.10446584 0.21794724 -0.07041472
v -0.10842562 0.23018515 -0.06833851
v -0.11959362 0.21810901 -0.08418238
v -0.10503763 0.20300949 -0.07799667
v -0.11957425 0.21512938 -0.08557266
v -0.13413107 0.22932959 0.06450766
v -0.13843286 0.24642622 0.06202799
v -0.15405023 0.2383467 0.07277483
v -0.15103781 0.2180686 0.07047349
v -0.15382695 0.23098636 0.07235473
v -0.15607274 0.21801484 0.07187027
v -0.13798249 0.22535861 0.06584835
v -0.1530627 0.20698893 0.07120609
v -0.13800609 0.20960605 0.06575429
v -0.13000739 0.22647274 0.0622856
v -0.11698413 0.23857129 0.04962134
v -0.13187242 0.24633074 0.05886221
v -0.13176656 0.22935236 0.06335133
v -0.13271642 0.22725511 0.0638386
v -0.12997699 0.20785558 0.06214827
v -0.12997699 0.20785558 0.06214827
v -0.13270497 0.2070713 0.06370199
v -0.13271642 0.22725511 0.0638386
v -0.13176656 0.22935236 0.06335133
v -0.1159305 0.24375522 -0.07022399
v -0.11488926 0.23705721 -0.07067835
v -0.12416804 0.23974836 -0.08238786
v -0.12898052 0.23969901 -0.08905333
v -0.12389809 0.22315359 -0.08726674
v -0.12180829 0.21874309 -0.08583182
v -0.12326038 0.21801972 -0.08721107
v -0.13256276 0.23703325 -0.09255886
v -0.13253009 0.24213791 -0.09241629
v -0.12173331 0.21751177 -0.08600509
v -0.12235337 0.21565533 -0.08719814
v -0.13750458 0.21193779 -0.09790981
v -0.13769829 0.22266293 -0.09752905
v -0.14505529 0.23600018 -0.10190469
v -0.15170169 0.23964405 -0.10498828
v -0.14512503 0.24331546 -0.10178727
v -0.15207744 0.22555387 -0.10546666
v -0.14976144 0.2167182 -0.10396636
v -0.15457833 0.21663201 -0.10547096
v -0.15242052 0.20444107 -0.10396391
v -0.15729129 0.24011755 0.07433593
v -0.15800631 0.23655951 0.07419455
v -0.16955018 0.22344494 0.07664591
v -0.17504752 0.23595536 0.08068335
v -0.18031502 0.22285473 0.07776552
v -0.16981959 0.2112937 0.07458413
v -0.1739763 0.20249653 0.07366502
v -0.17920172 0.21202457 0.07577425
v -0.19616461 0.23871529 0.0813055
v -0.19900084 0.23326647 0.07942969
v -0.19251895 0.23164773 0.08019215
v -0.18624115 0.23900664 0.08173239
v -0.17515743 0.24228072 0.08146644
v -0.19004869 0.21808267 0.0768292
v -0.19557464 0.20164382 0.07291257
v -0.2003237 0.21818888 0.07492638
v -0.16942739 0.23073781 -0.10703874
v -0.16865444 0.24743819 -0.10631627
v -0.1749965 0.22929382 -0.10754633
v -0.17354739 0.22677696 -0.10729265
v -0.17608476 0.22690141 -0.10734582
v -0.17457342 0.2049011 -0.10666299
v -0.17330647 0.2072897 -0.10660815
v -0.17580831 0.20730734 -0.10665691
v -0.18021357 0.23086762 -0.10705739
v -0.19612217 0.23945081 -0.1054287
v -0.18220735 0.24716473 -0.10635859
v -0.19635129 0.22655451 -0.1049273
v -0.19430661 0.21716344 -0.10469413
v -0.19910097 0.21715331 -0.1042406
v -0.19664204 0.20690203 -0.104388
v -0.20362401 0.23876572 0.08011836
v -0.21414363 0.22544169 0.07289511
v -0.2177788 0.23323131 0.07461572
v -0.22053707 0.22612584 0.07133418
v -0.21772003 0.24337602 0.07767367
v -0.21616435 0.20723236 0.06654155
v -0.21782291 0.20695639 0.06599241
v -0.23068082 0.23449242 0.0716027
v -0.23383629 0.24125445 0.07280129
v -0.23965168 0.23830092 0.06967616
v -0.22911513 0.22308052 0.06553835
v -0.22115898 0.20836687 0.06466335
v -0.23912108 0.22450972 0.06171089
v -0.23601961 0.21770144 0.05955905
v -0.2449578 0.21748722 0.05293727
v -0.23646939 0.20005226 0.05071449
v -0.24446309 0.20640337 0.04794949
v -0.2050029 0.23503733 -0.10324204
v -0.20781016 0.2449671 -0.10459942
v -0.2184931 0.23294806 -0.10064781
v -0.21427929 0.22409105 -0.1011849
v -0.2243011 0.22198546 -0.09737825
v -0.21822906 0.19906819 -0.0963589
v -0.21398628 0.20958984 -0.10042834
v -0.22390604 0.21039927 -0.09683287
v -0.2365483 0.2384553 -0.09564787
v -0.23792446 0.23257589 -0.09444511
v -0.24078476 0.23820949 -0.09380615
v -0.24790657 0.21525943 -0.0769279
v -0.2481699 0.22186267 -0.08056104
v -0.24176073 0.21543109 -0.08431649
v -0.2365483 0.2384553 -0.09564787
v -0.21784914 0.24679101 -0.1032874
v -0.23287392 0.21598971 -0.09358883
v -0.2243011 0.22198546 -0.09737825
v -0.24131608 0.19367826 -0.07067251
v -0.23306394 0.20804203 -0.08898997
v -0.22390604 0.21039927 -0.09683287
v -0.23287392 0.21598971 -0.09358883
v -0.25403464 0.24641228 0.06143332
v -0.24968708 0.23351109 0.05908424
v -0.26029849 0.23472083 0.05136085
v -0.25238442 0.22030199 0.04894692
v -0.26448774 0.22963679 0.04268479
v -0.26565731 0.22219491 0.0323481
v -0.25565767 0.21725833 0.04289484
v -0.25137019 0.21515906 0.04693604
v -0.25565767 0.21725833 0.04289484
v -0.25199497 0.21149015 0.04272604
v -0.25199497 0.21149015 0.04272604
v -0.26113296 0.20836616 0.0239889
v -0.26051831 0.24528968 0.05588686
v -0.26754165 0.23876321 0.04625714
v -0.26448774 0.22963679 0.04268479
v -0.27459872 0.23938572 0.03441417
v -0.27459872 0.23938572 0.03441417
v -0.27816987 0.24127018 0.02897137
v -0.27670801 0.23733115 0.02821368
v -0.28107274 0.23976123 0.01943237
v -0.27185345 0.22238731 0.02032143
v -0.2634455 0.20887256 0.02004445
v -0.2823658 0.23687136 0.00822306
v -0.28287506 0.23597574 -0.00864542
v -0.27321434 0.21757364 0.00033796
v -0.28066599 0.23400748 0.01227641
v -0.2728399 0.21761036 0.0063442
v -0.28020418 0.22996306 -0.02367371
v -0.27550018 0.22028089 -0.01995438
v -0.27991128 0.22884858 -0.01547831
v -0.27412593 0.2179265 -0.00946528
v -0.27125394 0.21428967 0.00185925
v -0.27129877 0.21396565 -0.00149262
v -0.27162409 0.21407998 -0.0197084
v -0.25844836 0.19474959 -0.03569925
v -0.26046526 0.19797719 -0.03558457
v -0.25852239 0.20633531 -0.05394417
v -0.25699127 0.20632362 -0.05696905
v -0.26065755 0.21238518 -0.05686629
v -0.26662695 0.21224415 -0.0422467
v -0.28083944 0.23907733 -0.04508966
v -0.2770164 0.22959197 -0.04125106
v -0.28179407 0.23926008 -0.04123789
v -0.27234006 0.21665621 -0.03123021
v -0.27857828 0.23680949 -0.04750711
v -0.28038156 0.23987091 -0.0466072
v -0.26717746 0.22344041 -0.05773592
v -0.26747227 0.22901917 -0.06063861
v -0.27105355 0.21616852 -0.03745759
v -0.27143645 0.2162267 -0.03564167
v -0.27063167 0.21464097 -0.03494638
v -0.27054894 0.21489763 -0.03625441
v -0.25784528 0.22116697 -0.06799227
v -0.26199472 0.24139345 -0.0747031
v -0.25541496 0.23713577 -0.08065909
v -0.26210594 0.22974241 -0.06780541
v -0.26382148 0.22359169 -0.06228036
v -0.28399873 0.24145257 0.0111686
v -0.28321815 0.23876965 0.01071042
v -0.28384733 0.23996282 0.00812149
v -0.28482866 0.24005091 -0.00879353
v -0.28409386 0.23846555 -0.01231372
v -0.28643739 0.24341989 -0.01358026
v -0.28384757 0.23862004 -0.02625585
v -0.28273761 0.23664737 -0.02896762
v -0.2844646 0.24009609 -0.02902746
v -0.28587341 0.24281108 -0.02543962
v -0.11742771 0.26145494 0.04244316
v -0.11806291 0.26628971 0.0399915
v -0.11917025 0.26375043 0.04388869
v -0.11910462 0.26149547 0.04493177
v -0.1101225 0.28191638 0.00977767
v -0.11041486 0.28252411 0.00962484
v -0.11082613 0.28234792 0.01083374
v -0.10693246 0.26185107 0.02563441
v -0.10499251 0.26410758 0.0208531
v -0.10990787 0.27007771 0.02444625
v -0.11773413 0.25657237 0.04509574
v -0.10569876 0.2473222 0.03384942
v -0.10259169 0.25783491 0.02031165
v -0.09852594 0.26485419 -0.00130689
v -0.09843904 0.26296282 0.00301701
v -0.09678829 0.2607609 -0.0012005
v -0.09701955 0.26424265 -0.00741988
v -0.09718442 0.25744092 0.00503129
v -0.09031469 0.24091375 -0.00013626
v -0.09055901 0.25015748 -0.01596534
v -0.09059519 0.25024652 -0.01591152
v -0.09057474 0.25022864 -0.01600081
v -0.090657 0.25045645 -0.01599503
v -0.09056616 0.25016129 -0.01603556
v -0.11016423 0.28227603 0.00907224
v -0.10834771 0.28246355 -0.00890744
v -0.10575157 0.27921033 -0.01178068
v -0.10917449 0.2833941 -0.01087701
v -0.10539597 0.27881968 -0.02435344
v -0.09707212 0.26736701 -0.01738244
v -0.09866804 0.26368892 -0.03497785
v -0.09758997 0.26367927 -0.02996063
v -0.09770179 0.26152277 -0.03491467
v -0.09867376 0.26258183 -0.03688967
v -0.09059715 0.25024021 -0.01607788
v -0.09369618 0.24987805 -0.03442103
v -0.09825027 0.26042068 -0.03730303
v -0.10585541 0.27480137 -0.04138881
v -0.11066526 0.28182459 -0.04535145
v -0.11016452 0.28298998 -0.03889245
v -0.10890949 0.28312612 -0.02681392
v -0.10829139 0.282184 -0.02853876
v -0.1048888 0.26203859 -0.04814494
v -0.1048888 0.26203859 -0.04814494
v -0.10872531 0.25918067 -0.05686128
v -0.10971534 0.26232684 -0.05661863
v -0.14300323 0.27764714 0.06024969
v -0.14541566 0.28650773 0.05842143
v -0.15352333 0.28227198 0.06683064
v -0.15068603 0.26072514 0.07064259
v -0.15354335 0.27006984 0.07019889
v -0.15780103 0.26058054 0.07445633
v -0.14550686 0.26474059 0.06566513
v -0.15386748 0.2454803 0.07258934
v -0.15068603 0.26072514 0.07064259
v -0.15780103 0.26058054 0.07445633
v -0.15386748 0.2454803 0.07258934
v -0.1434207 0.25569618 0.06535977
v -0.12224317 0.26342058 0.04724848
v -0.12901855 0.28261161 0.04471195
v -0.13066232 0.28363562 0.04601538
v -0.13070691 0.28109074 0.04722667
v -0.13560081 0.26756346 0.05749238
v -0.11882812 0.28669989 0.02625948
v -0.11673975 0.27950251 0.0276258
v -0.1271258 0.28259575 0.04160708
v -0.12332237 0.25841856 0.04886639
v -0.13500965 0.25302863 0.05916411
v -0.13843286 0.24642622 0.06202799
v -0.1112839 0.2834096 -0.0454008
v -0.11158073 0.28253627 -0.04728162
v -0.11891568 0.27890563 -0.06642705
v -0.1107533 0.26334774 -0.05865508
v -0.113307 0.28531551 -0.0484401
v -0.11076742 0.26136994 -0.05869067
v -0.1107533 0.26334774 -0.05865508
v -0.12387776 0.26682365 -0.07654971
v -0.11891568 0.27890563 -0.06642705
v -0.12996781 0.28048289 -0.07852894
v -0.1300354 0.26215279 -0.08559895
v -0.13691235 0.26558816 -0.09492147
v -0.13426185 0.27507675 -0.08565891
v -0.12887543 0.2466892 -0.08670312
v -0.12439406 0.25854313 -0.07732296
v -0.13701069 0.25706947 -0.09588164
v -0.15032268 0.27926946 -0.09624469
v -0.15357995 0.28049266 -0.09711456
v -0.15225458 0.28303146 -0.09535444
v -0.12966394 0.28911936 -0.07287484
v -0.13690758 0.28356874 -0.08222085
v -0.14800525 0.26102448 -0.10145241
v -0.15159166 0.25180483 -0.10440063
v -0.15430737 0.26095045 -0.10395396
v -0.16186905 0.28626406 0.07252127
v -0.16120327 0.27836192 0.07272708
v -0.16802537 0.26451075 0.07927495
v -0.16120327 0.27836192 0.07272708
v -0.17491102 0.27841842 0.07981569
v -0.18313193 0.26223981 0.08321661
v -0.16792905 0.25676847 0.07954401
v -0.18337429 0.25852227 0.08341938
v -0.1958288 0.28233147 0.08257055
v -0.20328081 0.26734531 0.08334923
v -0.18807852 0.26641583 0.08388817
v -0.18548429 0.2822665 0.08175325
v -0.17511225 0.2864356 0.0793615
v -0.18668306 0.26018369 0.08355606
v -0.2023983 0.25136161 0.08257276
v -0.18918037 0.25218821 0.08312434
v -0.15517986 0.2828871 -0.09699404
v -0.17219114 0.26903677 -0.1045953
v -0.17736757 0.26850653 -0.10421133
v -0.17481256 0.27414417 -0.10413027
v -0.17441261 0.28931057 -0.10097677
v -0.17583704 0.2493695 -0.10682106
v -0.17392612 0.2523737 -0.10642809
v -0.17725778 0.25219786 -0.10616136
v -0.18456006 0.27604687 -0.10470152
v -0.19617712 0.28185856 -0.10491246
v -0.18746996 0.28654325 -0.10283345
v -0.19015265 0.26218092 -0.10873485
v -0.18823397 0.25633907 -0.10888141
v -0.19433129 0.25946975 -0.10975009
v -0.19500935 0.26161182 -0.10953063
v -0.19556367 0.25946605 -0.10968405
v -0.19501054 0.25743985 -0.10956413
v -0.20648539 0.28227758 0.0815801
v -0.2047627 0.26030636 0.08285397
v -0.20871103 0.26252723 0.08262569
v -0.21713471 0.2785393 0.07973009
v -0.22399294 0.26452231 0.07881516
v -0.21728611 0.28609538 0.07999891
v -0.20896709 0.25804305 0.08221531
v -0.22399223 0.25601685 0.07816303
v -0.23901832 0.28138888 0.07552117
v -0.23907113 0.28204429 0.07553661
v -0.23968804 0.28170907 0.0753032
v -0.23967969 0.28054881 0.07521802
v -0.23395348 0.26055229 0.07511753
v -0.24318111 0.2606585 0.07241118
v -0.23955834 0.24690962 0.07142466
v -0.21101081 0.27408826 -0.10608053
v -0.20808089 0.28749204 -0.10446692
v -0.21719885 0.27236986 -0.10635155
v -0.21588469 0.26970923 -0.10677344
v -0.20336926 0.26371229 -0.10872573
v -0.21898866 0.26912284 -0.10572731
v -0.21510589 0.25196457 -0.10472745
v -0.20002973 0.25717247 -0.1086303
v -0.22074306 0.25261891 -0.10304928
v -0.23934138 0.28073597 -0.0976721
v -0.24141705 0.27942801 -0.09672916
v -0.24001157 0.28200698 -0.09740722
v -0.23893917 0.28202724 -0.09780121
v -0.21791327 0.290012 -0.10427803
v -0.2346102 0.26003957 -0.09881252
v -0.23843467 0.2423445 -0.0955047
v -0.24454725 0.24548233 -0.09319109
v -0.24078476 0.23820949 -0.09380615
v -0.23843467 0.2423445 -0.0955047
v -0.24215031 0.28310895 0.07457697
v -0.25521255 0.27437139 0.06783414
v -0.2603513 0.27177024 0.06535691
v -0.26046264 0.27198613 0.06531191
v -0.26052797 0.27182829 0.06525999
v -0.25169301 0.25448346 0.06461328
v -0.26046288 0.27130592 0.06511366
v -0.26061761 0.2719692 0.06520277
v -0.26065886 0.27179694 0.0651086
v -0.26061761 0.2719692 0.06520277
v -0.26122093 0.27228546 0.0646925
v -0.26065886 0.27179694 0.0651086
v -0.26046288 0.27130592 0.06511366
v -0.26052797 0.27182829 0.06525999
v -0.26065886 0.27179694 0.0651086
v -0.25808561 0.25260818 0.05960554
v -0.26505506 0.25463927 0.05545908
v -0.27703428 0.28256917 0.05135888
v -0.26122093 0.27228546 0.0646925
v -0.27026725 0.28865194 0.05955923
v -0.28121507 0.28249705 0.04631883
v -0.27780223 0.27528 0.04969126
v -0.27466488 0.26133645 0.04933542
v -0.28028071 0.26166475 0.04197663
v -0.28028071 0.26166475 0.04197663
v -0.28619742 0.27301133 0.03580493
v -0.28641653 0.26197064 0.03069782
v -0.27470076 0.25376654 0.04568857
v -0.27801061 0.24661708 0.03420776
v -0.27801061 0.24661708 0.03420776
v -0.28132808 0.24618411 0.02763081
v -0.27834082 0.27859509 -0.06720728
v -0.28262866 0.28081441 -0.06050634
v -0.27866375 0.28296208 -0.0671075
v -0.28356194 0.26000893 -0.05676347
v -0.28594291 0.26072943 -0.05147809
v -0.28369236 0.2607106 -0.05668819
v -0.28339088 0.260167 -0.05711883
v -0.28139007 0.24029648 -0.04502589
v -0.28791273 0.25286317 -0.03975272
v -0.28327703 0.25977445 -0.05711806
v -0.27143133 0.24421418 -0.06447387
v -0.24993646 0.2815237 -0.09230602
v -0.26027918 0.25971115 -0.08409995
v -0.2686857 0.26352096 -0.07548028
v -0.26348162 0.27877247 -0.08456504
v -0.24807894 0.25996757 -0.09305358
v -0.2543025 0.26245189 -0.09065372
v -0.26240897 0.28038621 -0.08595866
v -0.2624135 0.28153908 -0.08598429
v -0.26797652 0.25464141 -0.07327485
v -0.25652432 0.24939978 -0.0841856
v -0.2540704 0.25750554 -0.09020275
v -0.24807894 0.25996757 -0.09305358
v -0.2543025 0.26245189 -0.09065372
v -0.26655042 0.28085816 -0.08140022
v -0.26333678 0.28094935 -0.08523041
v -0.26240897 0.28038621 -0.08595866
v -0.2624135 0.28153908 -0.08598429
v -0.28731322 0.28254831 0.03481114
v -0.28121507 0.28249705 0.04631883
v -0.28951645 0.27830267 0.027349
v -0.28979981 0.26592064 0.0215016
v -0.29172254 0.27727008 0.01608318
v -0.28928721 0.2863934 0.02782398
v -0.28785324 0.25857043 0.02144778
v -0.29301643 0.26368797 0.00211781
v -0.29340565 0.28220022 0.00409913
v -0.29145813 0.28748226 0.01655418
v -0.29379869 0.2821095 -0.00318694
v -0.29347527 0.26649344 -0.00074816
v -0.29313874 0.2622751 -0.00094575
v -0.29355645 0.2644999 -0.00548524
v -0.29400897 0.27518833 -0.0166744
v -0.29409695 0.26845992 -0.02009267
v -0.29368424 0.27511191 -0.02333421
v -0.29237497 0.28805745 -0.0159173
v -0.29251194 0.26038432 -0.00094324
v -0.29258239 0.26129174 0.00108016
v -0.29286885 0.2608602 -0.00397176
v -0.29185402 0.25700891 -0.02032572
v -0.29304767 0.26371288 -0.03406817
v -0.2922343 0.28177559 -0.03409392
v -0.29204655 0.28746712 -0.02397567
v -0.29060316 0.28158629 -0.04242247
v -0.29283226 0.26432788 -0.03582442
v -0.29280269 0.26276958 -0.03585535
v -0.28884721 0.27835882 -0.05085385
v -0.28802717 0.28460908 -0.05090529
v -0.29267192 0.26323116 -0.03674757
v -0.29273641 0.26215112 -0.03472894
v -0.29257643 0.26200271 -0.03583592
v -0.29258013 0.26242793 -0.03654629
v -0.11088955 0.28324914 0.00988996
v -0.12014359 0.30374551 -0.00051516
v -0.1206851 0.30594862 -0.00152993
v -0.12078327 0.30556846 0.00038618
v -0.1204403 0.30369055 0.00185841
v -0.119596 0.30350339 -0.00450319
v -0.11058676 0.28286076 0.00915635
v -0.10986418 0.28464818 -0.00915921
v -0.11135578 0.28843963 -0.01254916
v -0.11933827 0.30358732 -0.03570706
v -0.12016654 0.305408 -0.03649372
v -0.1199984 0.30627191 -0.03443873
v -0.1187669 0.30335784 -0.03094751
v -0.11980259 0.30364883 -0.03790104
v -0.10968953 0.2843014 -0.02843672
v -0.1112451 0.28844547 -0.02469903
v -0.1144942 0.29179549 -0.04147893
v -0.15168381 0.32455623 0.05471611
v -0.15186989 0.32587385 0.05456531
v -0.15309131 0.32520628 0.05587226
v -0.1530937 0.31787229 0.05793452
v -0.15315676 0.29897916 0.06292492
v -0.13821197 0.31103289 0.04252326
v -0.13942945 0.30589426 0.04705447
v -0.13619804 0.30361056 0.04256421
v -0.1325556 0.33400273 0.01990962
v -0.12981683 0.31598318 0.02243936
v -0.12929046 0.3162744 0.01979363
v -0.13016617 0.31283593 0.02483165
v -0.13207281 0.31739032 0.0261963
v -0.12827289 0.31257761 0.02123886
v -0.1296404 0.28480506 0.04382086
v -0.13893354 0.30133104 0.04794329
v -0.12194568 0.29765475 0.02088088
v -0.12648946 0.29760993 0.03005409
v -0.15046 0.32527888 0.05255651
v -0.14043176 0.32543969 0.03782547
v -0.14901376 0.30374944 0.05747664
v -0.15452802 0.30379629 0.06250274
v -0.13281488 0.33543396 0.01969373
v -0.13293099 0.33537388 0.01999694
v -0.12708539 0.32532048 0.00282955
v -0.12426811 0.31915915 -0.01565671
v -0.12641382 0.32531953 -0.00317299
v -0.12447119 0.31912172 -0.02291447
v -0.11969703 0.30692315 -0.0190047
v -0.12800831 0.3325938 -0.01547372
v -0.11699581 0.30043399 -0.01923186
v -0.13258576 0.33518696 0.01909119
v -0.12817121 0.33276379 -0.01940268
v -0.1274823 0.32498276 -0.03297526
v -0.12831455 0.31164503 -0.05143225
v -0.13135302 0.31425524 -0.05676204
v -0.13115954 0.31604457 -0.05415273
v -0.12850785 0.3249259 -0.03703457
v -0.13150311 0.3278147 -0.04081631
v -0.12272853 0.29093254 -0.06356233
v -0.12386686 0.29723299 -0.06008726
v -0.13086927 0.31261492 -0.05769122
v -0.13198686 0.31509531 -0.05708086
v -0.15246034 0.32569563 -0.07393259
v -0.13999093 0.33146524 -0.05484068
v -0.13198686 0.31509531 -0.05708086
v -0.13177216 0.31425059 -0.05755138
v -0.12699008 0.29697871 -0.0659501
v -0.13086927 0.31261492 -0.05769122
v -0.12699008 0.29697871 -0.0659501
v -0.13561618 0.29980302 -0.07445323
v -0.12272853 0.29093254 -0.06356233
v -0.15106666 0.30411744 -0.08585089
v -0.16132534 0.31022108 -0.0898717
v -0.15279853 0.32510519 -0.07455605
v -0.1428659 0.30399907 -0.0806343
v -0.15245998 0.32550132 -0.07410353
v -0.13177216 0.31425059 -0.05755138
v -0.16135287 0.30446541 -0.09266973
v -0.14344513 0.29869628 -0.08259648
v -0.15542519 0.2884115 -0.09542632
v -0.1714803 0.33491302 0.06702608
v -0.16886532 0.31769443 0.068277
v -0.17178142 0.31193995 0.07172936
v -0.17489207 0.31810009 0.07203227
v -0.15974414 0.30716956 0.06528175
v -0.17489207 0.31810009 0.07203227
v -0.18029761 0.30991304 0.07559836
v -0.17178142 0.31193995 0.07172936
v -0.16186905 0.28626406 0.07252127
v -0.17030752 0.29861379 0.07556897
v -0.15710425 0.30196142 0.06537974
v -0.17030752 0.29861379 0.07556897
v -0.18235087 0.30065334 0.07942289
v -0.19645739 0.32506895 0.07703274
v -0.19780135 0.32248461 0.07768542
v -0.19558907 0.32330441 0.07726699
v -0.19554245 0.32507241 0.07684529
v -0.17454457 0.33477747 0.06899321
v -0.18916011 0.30454504 0.08007509
v -0.20297515 0.29682004 0.08273602
v -0.19075084 0.29420781 0.08164793
v -0.15271068 0.32582748 -0.07408547
v -0.15264285 0.32561243 -0.07412398
v -0.15694571 0.32571721 -0.07685554
v -0.16767764 0.30779874 -0.09386563
v -0.18084478 0.3089124 -0.09642518
v -0.17463076 0.32527685 -0.0883916
v -0.17376363 0.32581437 -0.08774531
v -0.17461908 0.32617664 -0.08802915
v -0.16857171 0.29999506 -0.09600961
v -0.17967808 0.29858613 -0.09875578
v -0.19408631 0.32026541 -0.09510887
v -0.19932008 0.32080567 -0.09556061
v -0.19693387 0.32571054 -0.09370035
v -0.17838073 0.32579565 -0.08909404
v -0.19150317 0.30416012 -0.09897006
v -0.19620955 0.29117978 -0.10286224
v -0.20082355 0.30396044 -0.10007429
v -0.19846308 0.32510793 0.0773682
v -0.20447636 0.30481505 0.08184087
v -0.20923662 0.30715084 0.08173627
v -0.21803558 0.32250595 0.08058548
v -0.22511351 0.30838096 0.08002394
v -0.21810627 0.32939792 0.0797649
v -0.20914817 0.3025558 0.08197683
v -0.22519505 0.30172598 0.08035064
v -0.23980248 0.32545054 0.07693779
v -0.23993957 0.32519042 0.07692343
v -0.23956418 0.32501101 0.07701248
v -0.23927629 0.3254503 0.07704085
v -0.23264623 0.30512202 0.07902724
v -0.23969483 0.2825526 0.07544607
v -0.24490988 0.30506718 0.0762502
v -0.20313644 0.32597268 -0.09491366
v -0.21383119 0.31048965 -0.09981251
v -0.22287703 0.31088531 -0.10025817
v -0.21869898 0.32086802 -0.09813881
v -0.21872914 0.33090127 -0.09556198
v -0.21502161 0.2957294 -0.1029104
v -0.22142756 0.29563248 -0.10330343
v -0.23659849 0.31961608 -0.09506321
v -0.24603844 0.31424224 -0.09225273
v -0.23967695 0.32654727 -0.09205669
v -0.2315017 0.32655072 -0.09401292
v -0.23489332 0.30409646 -0.09901279
v -0.23941565 0.28330219 -0.09767705
v -0.24158216 0.28475595 -0.09676474
v -0.24000645 0.32545507 0.07688707
v -0.25800002 0.31277549 0.07078254
v -0.26085305 0.31794083 0.06949991
v -0.26253557 0.31403613 0.0683046
v -0.26089835 0.33524668 0.06829441
v -0.2585268 0.29648185 0.06998068
v -0.26085901 0.29220653 0.06852525
v -0.26225162 0.29551387 0.06788301
v -0.26493227 0.31764793 0.06681675
v -0.26396167 0.33530688 0.06626052
v -0.28023612 0.3259809 0.05308247
v -0.26727533 0.31223702 0.06436807
v -0.26388633 0.29222536 0.06645167
v -0.26626503 0.29691195 0.06465292
v -0.28067291 0.32502997 0.05229932
v -0.2863909 0.31301141 0.03823727
v -0.28423536 0.3042649 0.04277831
v -0.28024495 0.32539332 0.05304384
v -0.27675951 0.30474651 0.05469096
v -0.28721666 0.30418158 0.03545314
v -0.27869952 0.2877655 0.05072832
v -0.28423536 0.3042649 0.04277831
v -0.28678596 0.29529941 0.03808141
v -0.28922999 0.30480337 -0.03666484
v -0.28885531 0.30578351 -0.0380733
v -0.28933811 0.30363894 -0.03716648
v -0.28941643 0.30365515 -0.03659046
v -0.27728367 0.32299685 -0.0666762
v -0.2814225 0.32562423 -0.05604225
v -0.27629137 0.32896268 -0.06612504
v -0.28202629 0.31180358 -0.06089413
v -0.28876984 0.30363035 -0.03951091
v -0.28943372 0.30285883 -0.03682888
v -0.28932524 0.30243158 -0.03760737
v -0.28234434 0.29417765 -0.06150097
v -0.26258051 0.3281194 -0.07960308
v -0.25831783 0.32569814 -0.08317244
v -0.26272571 0.32343543 -0.0806489
v -0.25831783 0.32569814 -0.08317244
v -0.25835681 0.31658971 -0.08560044
v -0.26272571 0.32343543 -0.0806489
v -0.25387168 0.30542636 -0.09107465
v -0.24812245 0.30327606 -0.09367347
v -0.2617346 0.30290473 -0.0849368
v -0.27026045 0.30001664 -0.07722461
v -0.27026939 0.30633378 -0.07692212
v -0.2617346 0.30290473 -0.0849368
v -0.2639637 0.28402829 -0.08449173
v -0.2540921 0.30067801 -0.09153485
v -0.27936113 0.30343473 -0.0648908
v -0.2834121 0.30379701 -0.05997795
v -0.28043151 0.32608926 0.05284625
v -0.2804327 0.32590568 0.0528487
v -0.28067291 0.32502997 0.05229932
v -0.28046584 0.32598889 0.05264616
v -0.2804327 0.32590568 0.0528487
v -0.28043151 0.32608926 0.05284625
v -0.28622818 0.32600284 0.0347203
v -0.2876693 0.3221333 0.02873945
v -0.28928828 0.3081609 0.02252334
v -0.28923821 0.32139802 0.0160262
v -0.28684378 0.32891071 0.02896225
v -0.28731322 0.28254831 0.03481114
v -0.28678596 0.29529941 0.03808141
v -0.2903049 0.29886198 0.02231783
v -0.29132009 0.30530417 0.00287926
v -0.28920233 0.32566798 0.00700122
v -0.28836751 0.32955921 0.0152356
v -0.28852189 0.32590497 -0.00654715
v -0.29130924 0.30623198 0.00099522
v -0.29152691 0.30445731 0.0009523
v -0.29126704 0.30546522 -0.00115836
v -0.28855133 0.32127261 -0.01495373
v -0.29015636 0.30934477 -0.02121055
v -0.28774166 0.3218385 -0.02568203
v -0.2877208 0.32977605 -0.01466799
v -0.29203475 0.30062485 0.00089031
v -0.29151058 0.30315208 0.0033415
v -0.29163671 0.30262005 -0.00207567
v -0.29184413 0.29726374 -0.02096456
v -0.28653085 0.32594192 -0.03218871
v -0.28695631 0.32915902 -0.02643871
v -0.28406239 0.3241061 -0.04929745
v -0.28374302 0.32700253 -0.04916567
v -0.2844739 0.32558215 -0.04587859
v -0.28482008 0.30219531 -0.05732405
v -0.2843895 0.30505884 -0.05741209
v -0.15301371 0.32784069 0.05526769
v -0.15223682 0.36947489 0.04815292
v -0.14307761 0.35015953 0.04035836
v -0.14078355 0.36967754 0.03581798
v -0.14450788 0.34727538 0.04197884
v -0.15478301 0.36440659 0.05103344
v -0.15691674 0.34778833 0.0557158
v -0.13519979 0.3598628 0.02124912
v -0.13657868 0.37887895 0.02200633
v -0.13466704 0.3595711 0.01925254
v -0.13474524 0.3577894 0.02012193
v -0.1427778 0.34731352 0.03960091
v -0.14875305 0.333637 0.04938203
v -0.14325142 0.34432864 0.04045135
v -0.1328299 0.33569598 0.01980698
v -0.13239956 0.36994779 0.00267184
v -0.13448489 0.37590146 0.01270133
v -0.13376951 0.36274564 0.01334465
v -0.13168585 0.36360061 0.0017091
v -0.13242602 0.36991298 0.00063568
v -0.13176072 0.35769725 -0.01521164
v -0.13183177 0.35894239 -0.01465285
v -0.13146508 0.35646009 -0.01235592
v -0.13112986 0.34685755 0.00095177
v -0.13188446 0.35889804 -0.015688
v -0.13365412 0.37975979 -0.01238585
v -0.12835574 0.33463228 0.00080657
v -0.13431156 0.3570497 0.01712877
v -0.13278198 0.33581054 0.01934266
v -0.12940687 0.33676124 -0.0173955
v -0.12929606 0.33882153 -0.01065165
v -0.13197637 0.35725534 -0.01681256
v -0.13288713 0.35980773 -0.01750362
v -0.1358242 0.34681189 -0.03519171
v -0.13835394 0.34898579 -0.03947943
v -0.13764799 0.35410357 -0.03498632
v -0.12957448 0.3300736 -0.03474903
v -0.13013196 0.33754146 -0.02104908
v -0.13750672 0.34379244 -0.04132241
v -0.14739954 0.36292005 -0.04563749
v -0.15159953 0.36791348 -0.04919738
v -0.15052998 0.36994886 -0.04712564
v -0.13368523 0.37973046 -0.01249057
v -0.14027333 0.37018478 -0.03154933
v -0.13835394 0.34898579 -0.03947943
v -0.13764799 0.35410357 -0.03498632
v -0.14628339 0.34749746 -0.05182266
v -0.15037656 0.34462297 -0.06034839
v -0.15157819 0.34806323 -0.05920935
v -0.13999093 0.33146524 -0.05484068
v -0.13750672 0.34379244 -0.04132241
v -0.17308044 0.35774004 0.06835848
v -0.17139494 0.36072779 0.06672084
v -0.17462015 0.36085093 0.06867075
v -0.169801 0.35678136 0.06523198
v -0.17139494 0.36072779 0.06672084
v -0.17308044 0.35774004 0.06835848
v -0.17668927 0.35711408 0.06960326
v -0.16568971 0.36330938 0.06058323
v -0.1714803 0.33491302 0.06702608
v -0.1731497 0.3379426 0.06807709
v -0.170223 0.33879399 0.06531662
v -0.1731497 0.3379426 0.06807709
v -0.17634761 0.33852935 0.06919771
v -0.19263697 0.36742759 0.07353854
v -0.19267905 0.37166202 0.07345062
v -0.197106 0.36944222 0.07467616
v -0.19705927 0.36725986 0.07454592
v -0.19272053 0.34770072 0.07301062
v -0.20033813 0.34779477 0.07300353
v -0.19699311 0.32618093 0.0768671
v -0.19596517 0.32612944 0.07687497
v -0.1654278 0.37611866 0.06012851
v -0.15640461 0.36948347 0.05148005
v -0.15287137 0.36993349 -0.04935461
v -0.15559745 0.3677479 -0.05320513
v -0.16780734 0.36278033 -0.0670113
v -0.15678632 0.35145199 -0.06260848
v -0.17339563 0.38086355 -0.06377316
v -0.15354609 0.34634614 -0.06225175
v -0.17015195 0.35638285 -0.07161546
v -0.17374814 0.36319149 -0.07088232
v -0.18419826 0.35030007 -0.08359629
v -0.17406881 0.32687938 -0.08731955
v -0.16797805 0.34286463 -0.07609087
v -0.17879176 0.33390594 -0.08731461
v -0.17460799 0.3813858 -0.06463587
v -0.18951321 0.37029171 -0.07929838
v -0.18770623 0.35159755 -0.08558351
v -0.1962235 0.37013495 -0.08308953
v -0.18683255 0.34840679 -0.08588719
v -0.19178188 0.3482945 -0.08692771
v -0.20523143 0.34811068 -0.08933538
v -0.20475209 0.35220671 -0.08819896
v -0.18525612 0.34752917 -0.08551103
v -0.1870203 0.34667325 -0.08638757
v -0.20194244 0.33704078 -0.09182131
v -0.1983676 0.3700738 0.07491863
v -0.19861555 0.368662 0.07481319
v -0.21312129 0.35406756 0.0747059
v -0.21819794 0.36367679 0.075701
v -0.2234869 0.35330927 0.07629859
v -0.21259964 0.34262943 0.07576185
v -0.22429812 0.3430953 0.07742864
v -0.23952556 0.36950099 0.07676774
v -0.24021626 0.36818182 0.0767498
v -0.23875642 0.36782789 0.07690668
v -0.23809528 0.36947918 0.076823
v -0.21872985 0.37449563 0.07667255
v -0.23466647 0.34771955 0.07644606
v -0.23993933 0.32573676 0.07691902
v -0.23964238 0.32579982 0.07695049
v -0.21811426 0.36873519 -0.08669418
v -0.20839977 0.34949219 -0.08923459
v -0.22710693 0.35040891 -0.09110123
v -0.21880341 0.36845446 -0.08684343
v -0.21881533 0.36889982 -0.08672589
v -0.20904052 0.34599221 -0.09033322
v -0.22638917 0.34518862 -0.09254891
v -0.23307109 0.35480344 -0.08981901
v -0.25084054 0.34869874 -0.08598602
v -0.24088371 0.36877131 -0.08464223
v -0.21962142 0.36870265 -0.08675617
v -0.23203599 0.34826493 -0.09136575
v -0.23456311 0.33763254 -0.09214634
v -0.25051129 0.34697533 -0.08634913
v -0.24057019 0.36952543 0.07658267
v -0.24484706 0.34797227 0.07524735
v -0.25721526 0.35554516 0.07131046
v -0.26020801 0.36182022 0.0700677
v -0.2625072 0.35652733 0.06899935
v -0.25970769 0.37814319 0.06940156
v -0.25876367 0.33942139 0.06924409
v -0.26224637 0.33854902 0.06759453
v -0.26441932 0.36108696 0.06670344
v -0.26840913 0.35409629 0.06413132
v -0.27022374 0.36391079 0.05887961
v -0.2664001 0.34002137 0.0644536
v -0.2747364 0.36871541 0.05182552
v -0.26941085 0.37438178 0.05899435
v -0.27863109 0.36877024 0.04344743
v -0.27664495 0.3628968 0.0514276
v -0.27658308 0.34731293 0.05635542
v -0.28224516 0.34702063 0.04378152
v -0.28224516 0.34702063 0.04378152
v -0.28220165 0.36244071 0.03683591
v -0.28493178 0.34725046 0.03263158
v -0.2802211 0.32671571 0.05311453
v -0.28533578 0.33590531 0.0374921
v -0.28051281 0.32656145 0.05249989
v -0.28350794 0.35890293 0.00799394
v -0.28017449 0.36357033 -0.00665492
v -0.28583109 0.34698534 0.00128686
v -0.28640032 0.34699166 0.00793499
v -0.27623427 0.36814833 -0.02756202
v -0.27739811 0.36863935 -0.01647145
v -0.27567732 0.37018061 -0.02720314
v -0.277758 0.36345625 -0.0260359
v -0.2850765 0.34701192 -0.00753999
v -0.28583109 0.34698534 0.00128686
v -0.28722417 0.34141743 0.00395066
v -0.28640032 0.34699166 0.00793499
v -0.28697884 0.34103584 -0.00206012
v -0.2850765 0.34701192 -0.00753999
v -0.28184438 0.34772313 -0.0378328
v -0.27660835 0.36617255 -0.02933663
v -0.2759198 0.36233437 -0.04503769
v -0.27571452 0.36898983 -0.02929264
v -0.27623427 0.36814833 -0.02756202
v -0.27567732 0.37018061 -0.02720314
v -0.27571452 0.36898983 -0.02929264
v -0.27284265 0.36530304 -0.05176127
v -0.27373171 0.3687762 -0.04612172
v -0.27373171 0.3687762 -0.04612172
v -0.27064896 0.37412226 -0.05253804
v -0.27284265 0.36530304 -0.05176127
v -0.27558231 0.34995377 -0.05789459
v -0.26971483 0.36361849 -0.06453389
v -0.27817738 0.34721649 -0.05244702
v -0.28184438 0.34772313 -0.0378328
v -0.28488398 0.33622813 -0.03312063
v -0.28290927 0.34724629 -0.02688164
v -0.28374863 0.33249772 -0.04402745
v -0.27634025 0.34460616 -0.05811924
v -0.28076625 0.33630598 -0.05215752
v -0.27817738 0.34721649 -0.05244702
v -0.26131892 0.37521505 -0.07046211
v -0.25449991 0.36942017 -0.07828718
v -0.2615602 0.36624467 -0.07358849
v -0.25449991 0.36942017 -0.07828718
v -0.2517767 0.3495177 -0.08532339
v -0.2615602 0.36624467 -0.07358849
v -0.25126135 0.34828758 -0.08594912
v -0.25093138 0.34814298 -0.08606714
v -0.25195134 0.34811425 -0.08545178
v -0.26805592 0.34338987 -0.0727672
v -0.2673862 0.35254359 -0.07129884
v -0.25195134 0.34811425 -0.08545178
v -0.26258051 0.3281194 -0.07960308
v -0.25211978 0.34617698 -0.08560139
v -0.25126863 0.34799135 -0.08597916
v -0.28159034 0.36923778 0.03491217
v -0.28220165 0.36244071 0.03683591
v -0.27863109 0.36877024 0.04344743
v -0.28184199 0.36769402 0.03221977
v -0.28550792 0.35000908 0.02226126
v -0.28184199 0.36769402 0.03221977
v -0.28126991 0.3678273 0.01439524
v -0.28154063 0.37042737 0.03234679
v -0.28051281 0.32656145 0.05249989
v -0.28630865 0.34418738 0.02233499
v -0.28106451 0.36896598 0.01211017
v -0.28126991 0.3678273 0.01439524
v -0.28101707 0.37004912 0.01424497
v -0.27848446 0.36807132 -0.00957471
v -0.27836323 0.36893487 -0.00950915
v -0.27842343 0.3685441 -0.00870985
v -0.28397942 0.34467804 -0.020244
v -0.28300834 0.34909248 -0.02026731
v -0.28397942 0.34467804 -0.020244
v -0.28290927 0.34724629 -0.02688164
v -0.14948821 0.39086795 0.0408563
v -0.15431559 0.41082895 0.02930844
v -0.15829682 0.40250683 0.04637069
v -0.15784395 0.39117563 0.05282629
v -0.14594626 0.40819716 0.01350987
v -0.14933312 0.41512084 0.012182
v -0.1534673 0.41254127 0.02543169
v -0.14523101 0.3910408 0.03445005
v -0.14160681 0.39795518 0.01969743
v -0.15347826 0.41118848 0.02774465
v -0.15534866 0.3751533 0.05044627
v -0.14511609 0.38477659 0.03725761
v -0.13661695 0.38166142 0.02073205
v -0.13597798 0.37924159 0.01958811
v -0.13927782 0.40084505 0.00145775
v -0.1389972 0.39601386 0.00994164
v -0.13526261 0.39038718 0.00129753
v -0.13750219 0.39720488 -0.00824118
v -0.13273358 0.37390089 0.00160724
v -0.13599002 0.3824172 0.01647621
v -0.1336565 0.37979209 -0.01240283
v -0.13365734 0.37981474 -0.01233977
v -0.13370597 0.38000369 -0.01240057
v -0.13365591 0.37976062 -0.01241827
v -0.14638901 0.4124949 0.00673538
v -0.14457738 0.41207612 -0.003263
v -0.14097774 0.40457153 -0.01143134
v -0.14713204 0.41576231 -0.01103538
v -0.14367592 0.40716887 -0.01866984
v -0.1384145 0.39862204 -0.01375473
v -0.1336695 0.37979686 -0.01243883
v -0.13373518 0.37984514 -0.01253223
v -0.1485405 0.41473567 -0.02246195
v -0.14857686 0.41289163 -0.02534121
v -0.14857686 0.41289163 -0.02534121
v -0.14764845 0.40532219 -0.02720648
v -0.15117836 0.41284835 -0.02835912
v -0.14764845 0.40532219 -0.02720648
v -0.1438446 0.3907212 -0.02854967
v -0.14963603 0.39057672 -0.0362671
v -0.15837371 0.39061582 -0.04751092
v -0.15758765 0.40016937 -0.04212493
v -0.14406431 0.38367558 -0.03209949
v -0.13373518 0.37984514 -0.01253223
v -0.14027333 0.37018478 -0.03154933
v -0.15254378 0.3731854 -0.04828387
v -0.17113698 0.37909842 0.06619442
v -0.17311418 0.38201833 0.06739956
v -0.17443049 0.37911284 0.06818789
v -0.16991425 0.38292885 0.06443131
v -0.17311418 0.38201833 0.06739956
v -0.17616296 0.38268113 0.06853294
v -0.17443049 0.37911284 0.06818789
v -0.17477536 0.3969264 0.0637483
v -0.17616296 0.38268113 0.06853294
v -0.17667985 0.40379131 0.06250072
v -0.1856482 0.42007685 0.05760914
v -0.19685447 0.41508329 0.06569409
v -0.19233096 0.39214373 0.07319582
v -0.19650352 0.40324473 0.06996822
v -0.20069683 0.39213538 0.07384986
v -0.17723322 0.40164018 0.0635035
v -0.19706476 0.37112212 0.07473868
v -0.17394626 0.40180659 0.06161684
v -0.16397166 0.41347015 0.04603481
v -0.17450607 0.41878736 0.05201036
v -0.17490625 0.40369248 0.06154394
v -0.17544568 0.40224862 0.06236291
v -0.15515304 0.4133532 0.02768099
v -0.15432048 0.41210759 0.02791822
v -0.15520656 0.41253591 0.0292713
v -0.17723322 0.40164018 0.0635035
v -0.1637522 0.41297305 -0.04194635
v -0.16819298 0.39639568 -0.05132246
v -0.17872417 0.39837694 -0.05540878
v -0.17364538 0.40796018 -0.05107594
v -0.17359507 0.41763318 -0.04737508
v -0.17448878 0.38138771 -0.06455445
v -0.17446649 0.38150823 -0.06448507
v -0.17460215 0.38166046 -0.06449598
v -0.18545878 0.40809774 -0.05897605
v -0.19740307 0.41378593 -0.06563991
v -0.1880008 0.41820312 -0.05685633
v -0.1857264 0.39687669 -0.06422555
v -0.17456484 0.38149166 -0.06459218
v -0.17468858 0.38151622 -0.06464964
v -0.19265556 0.39167309 -0.07276899
v -0.19687736 0.40274143 -0.0701977
v -0.20247424 0.3916266 -0.07737046
v -0.19298065 0.37723529 -0.07942933
v -0.20198452 0.38164699 -0.0816409
v -0.21419895 0.39947414 0.072725
v -0.20831406 0.40881932 0.06925124
v -0.21807599 0.40650785 0.07010281
v -0.22227502 0.3995558 0.07258272
v -0.19685447 0.41508329 0.06569409
v -0.21729577 0.42116261 0.06383538
v -0.21336019 0.38585043 0.07537133
v -0.22353506 0.38558996 0.07526231
v -0.22933257 0.40951979 0.06921238
v -0.23994601 0.40436864 0.06917328
v -0.2399025 0.41513991 0.06581837
v -0.2363565 0.39247298 0.07259297
v -0.24381161 0.39277959 0.07205778
v -0.2400732 0.37067461 0.07659256
v -0.23902166 0.37064707 0.07666504
v -0.21706843 0.4246273 0.06212574
v -0.21441245 0.42409861 0.06229371
v -0.22006929 0.4241302 0.06218004
v -0.20778465 0.4192661 -0.06903017
v -0.20534027 0.40953851 -0.07115746
v -0.21026039 0.3951596 -0.07939303
v -0.21742237 0.40900147 -0.07500643
v -0.22760856 0.3926481 -0.08188689
v -0.20991719 0.38865292 -0.08122718
v -0.2179935 0.37027299 -0.08636552
v -0.22030854 0.37160492 -0.0862872
v -0.23479581 0.39978647 -0.07919872
v -0.24867785 0.39883804 -0.07700962
v -0.24137485 0.41292238 -0.07392609
v -0.21741927 0.42038655 -0.0716418
v -0.23546028 0.41318941 -0.07380348
v -0.23172259 0.39046478 -0.08258373
v -0.2282865 0.38892531 -0.08302575
v -0.23257399 0.38515615 -0.08320135
v -0.25035655 0.38732982 -0.07956004
v -0.25102949 0.4223069 0.05857545
v -0.25864828 0.40605748 0.06255376
v -0.25856113 0.40581381 0.06265837
v -0.25726569 0.38375592 0.06945503
v -0.26122224 0.38288391 0.06764799
v -0.25881326 0.40544152 0.06266761
v -0.26355195 0.37846243 0.0662657
v -0.26332617 0.38317204 0.06410128
v -0.25875568 0.40591121 0.06254256
v -0.25879467 0.40608025 0.06243676
v -0.25879467 0.40608025 0.06243676
v -0.25893164 0.40579331 0.06236553
v -0.25875568 0.40591121 0.06254256
v -0.25893164 0.40579331 0.06236553
v -0.2733953 0.39233088 0.04334962
v -0.27103782 0.397861 0.04553616
v -0.27195156 0.39868677 0.04005629
v -0.25768173 0.42175913 0.05416912
v -0.26484179 0.41543829 0.04597646
v -0.25879467 0.40608025 0.06243676
v -0.27119732 0.39261222 0.04907852
v -0.25893164 0.40579331 0.06236553
v -0.26929069 0.40873516 0.02656531
v -0.26657867 0.41474295 0.03914899
v -0.26429653 0.4216727 0.02561802
v -0.27581811 0.39417243 0.02322012
v -0.27099454 0.40971291 0.01658654
v -0.27592146 0.39211094 0.02978158
v -0.27483284 0.37755811 0.04999101
v -0.27483284 0.37755811 0.04999101
v -0.2747364 0.36871541 0.05182552
v -0.27651846 0.39038241 0.02347183
v -0.27895105 0.38173974 0.02817243
v -0.27893031 0.38034272 0.01850808
v -0.27368712 0.39290845 0.00164008
v -0.27268791 0.40077317 0.00587469
v -0.27249289 0.40096891 -0.00266123
v -0.26753318 0.4144212 0.00620294
v -0.26579082 0.4210372 0.01971906
v -0.27581215 0.39243126 0.01662213
v -0.26887703 0.40940344 -0.01570821
v -0.26754069 0.41404927 -0.0031904
v -0.26121271 0.42218506 -0.01823246
v -0.27048802 0.3975755 -0.01928121
v -0.26831949 0.40953863 -0.02527982
v -0.27249289 0.40096891 -0.00266123
v -0.27303898 0.39280498 -0.00870436
v -0.27368712 0.39290845 0.00164008
v -0.27808166 0.36957109 -0.00858748
v -0.28011835 0.37162423 0.01196659
v -0.27253902 0.3895185 -0.01862526
v -0.27738392 0.37222862 -0.01046872
v -0.27048802 0.3975755 -0.01928121
v -0.25050414 0.41867816 -0.06264448
v -0.25900996 0.41382468 -0.05765969
v -0.2549454 0.42164588 -0.05610728
v -0.25837588 0.41904867 -0.04683179
v -0.26931632 0.39461291 -0.0382213
v -0.26929629 0.39685154 -0.03709221
v -0.26905799 0.39634526 -0.03901666
v -0.26229835 0.41584122 -0.03829163
v -0.26095033 0.42231178 -0.02198923
v -0.26987231 0.39429343 -0.03426731
v -0.26929629 0.39685154 -0.03709221
v -0.26931632 0.39461291 -0.0382213
v -0.26323688 0.40725648 -0.05693024
v -0.26160371 0.41596806 -0.04128313
v -0.26237595 0.40685582 -0.05967093
v -0.26338959 0.40391636 -0.05844456
v -0.26905799 0.39634526 -0.03901666
v -0.26909673 0.39459574 -0.03998756
v -0.27227259 0.38320351 -0.03355026
v -0.270298 0.38890481 -0.04018742
v -0.26667011 0.38543069 -0.05893874
v -0.26338959 0.40391636 -0.05844456
v -0.2671864 0.3775804 -0.0623228
v -0.25136662 0.39151013 -0.07875955
v -0.2560488 0.39812481 -0.07046616
v -0.24779904 0.41358221 -0.07306993
v -0.2560488 0.39812481 -0.07046616
v -0.26210487 0.40381575 -0.06209272
v -0.26031256 0.40829027 -0.06327516
v -0.25473905 0.38898909 -0.07486635
v -0.26412642 0.38601983 -0.06574941
v -0.25473905 0.38898909 -0.07486635
v -0.26031256 0.40829027 -0.06327516
v -0.26237595 0.40685582 -0.05967093
v -0.26210487 0.40381575 -0.06209272
v -0.28029728 0.37195158 0.03497267
v -0.27893031 0.38034272 0.01850808
v -0.28101707 0.37004912 0.01424497
v -0.28011835 0.37162423 0.01196659
v -0.27808166 0.36957109 -0.00858748
v -0.27836323 0.36893487 -0.00950915
v -0.27739811 0.36863935 -0.01647145
v -0.15419769 0.41989803 0.01305205
v -0.16067231 0.43241918 -0.00328374
v -0.16504097 0.43647826 -0.00473404
v -0.16512859 0.43625891 -0.00145072
v -0.16377044 0.43319559 0.00351167
v -0.15850878 0.43194091 -0.01466674
v -0.15088105 0.41918683 0.00544125
v -0.15011954 0.42053938 -0.00581473
v -0.15658176 0.42990458 -0.01586765
v -0.1502856 0.4161706 -0.02559924
v -0.16486168 0.43328464 -0.03381002
v -0.15592968 0.4282155 -0.01797009
v -0.1502856 0.4161706 -0.02559924
v -0.16486168 0.43328464 -0.03381002
v -0.1970222 0.42397726 0.05752879
v -0.17016578 0.42479515 0.03984606
v -0.18642116 0.43402648 0.04057217
v -0.16518033 0.42898965 0.02045888
v -0.17002726 0.42957258 0.03093153
v -0.1759392 0.43637943 0.02054298
v -0.18642759 0.43479145 0.03917587
v -0.18961465 0.43558598 0.04052889
v -0.20397246 0.44280756 0.03644943
v -0.20555902 0.44010031 0.04350466
v -0.20480049 0.43564153 0.04777187
v -0.18572438 0.44044328 0.02091718
v -0.19749415 0.45011914 0.01032913
v -0.19711268 0.44429493 0.02534133
v -0.18803489 0.43551731 0.03905803
v -0.18792117 0.43427885 0.0412268
v -0.18759346 0.43486357 0.04015392
v -0.17062318 0.43742061 0.00514174
v -0.17190909 0.44182348 -0.00333673
v -0.17754722 0.44732416 -0.02066565
v -0.17500484 0.44626391 -0.01930028
v -0.17496288 0.44623744 -0.02161932
v -0.17784822 0.44796383 -0.01453143
v -0.1809206 0.44848108 -0.00280082
v -0.16135156 0.43460071 -0.0174529
v -0.18039322 0.44183517 0.01266944
v -0.15769863 0.43144917 -0.01677656
v -0.19620693 0.45155275 0.00585836
v -0.19784915 0.4541961 -0.00489539
v -0.19880211 0.45205677 0.00622284
v -0.19333041 0.45399559 -0.01102835
v -0.19600379 0.45601737 -0.03143471
v -0.1966548 0.45495701 -0.01415169
v -0.16544032 0.43398416 -0.03369939
v -0.17766738 0.44837451 -0.02563781
v -0.16531682 0.43373585 -0.03404349
v -0.18325961 0.4402653 -0.04361755
v -0.18113625 0.44780874 -0.03520602
v -0.16517961 0.43367493 -0.03396624
v -0.16531682 0.43373585 -0.03404349
v -0.16486168 0.43328464 -0.03381002
v -0.16520894 0.43355823 -0.03406113
v -0.16517961 0.43367493 -0.03396624
v -0.16520894 0.43355823 -0.03406113
v -0.16517961 0.43367493 -0.03396624
v -0.18212974 0.43240678 -0.04562533
v -0.19676495 0.4553349 -0.04380882
v -0.1977216 0.45571017 -0.04413611
v -0.1974988 0.45619822 -0.04268509
v -0.18990993 0.45425951 -0.03336716
v -0.18113625 0.44780874 -0.03520602
v -0.19262636 0.43671644 -0.04985511
v -0.19714165 0.42716599 -0.05775976
v -0.20059073 0.43646955 -0.05406117
v -0.21441245 0.42409861 0.06229371
v -0.23930013 0.42721581 0.05812442
v -0.21021521 0.43791676 0.04655772
v -0.21162128 0.44311476 0.04096133
v -0.21778595 0.44777024 0.02171803
v -0.21283829 0.44712639 0.02361578
v -0.20636749 0.45008075 0.01361048
v -0.21283829 0.44712639 0.02361578
v -0.21162128 0.44311476 0.04096133
v -0.21759224 0.44723392 0.02679986
v -0.22327089 0.4441061 0.04091954
v -0.21506393 0.42771029 0.05877864
v -0.21706843 0.4246273 0.06212574
v -0.21908903 0.42708695 0.05986124
v -0.23293424 0.4443264 0.03608859
v -0.23150039 0.44076729 0.04444772
v -0.23386514 0.43508708 0.0521794
v -0.22568309 0.43793631 0.04793
v -0.22306442 0.44728804 0.02443153
v -0.23091733 0.45067084 0.01316923
v -0.2379837 0.44582677 0.0270794
v -0.24321079 0.44297874 0.03640592
v -0.21908903 0.42708695 0.05986124
v -0.24362636 0.43510032 0.05020255
v -0.23930013 0.42721581 0.05812442
v -0.21908903 0.42708695 0.05986124
v -0.20636749 0.45008075 0.01361048
v -0.20452929 0.4540869 0.00402629
v -0.19880211 0.45205677 0.00622284
v -0.20452929 0.4540869 0.00402629
v -0.20559525 0.45739663 -0.03096491
v -0.21820652 0.45708895 -0.0264948
v -0.20244765 0.45597529 -0.01663643
v -0.21766424 0.45739949 -0.01244855
v -0.23677647 0.45222867 0.0081566
v -0.23736644 0.45345974 -0.0005756
v -0.23878121 0.45098805 0.00752336
v -0.23205996 0.45366442 0.00610542
v -0.23754692 0.45134592 0.01030838
v -0.23294103 0.45545816 -0.01608968
v -0.22869432 0.45769453 -0.03205347
v -0.21817875 0.45981026 -0.0317663
v -0.19822001 0.45637298 -0.04399091
v -0.21774685 0.44800401 -0.05790907
v -0.20467556 0.45281911 -0.04924995
v -0.21683192 0.4468807 -0.05867052
v -0.21522796 0.44524598 -0.0583896
v -0.20643449 0.43094647 -0.06144327
v -0.23028529 0.45939589 -0.04885215
v -0.21792567 0.46069837 -0.04736602
v -0.2401582 0.44087672 -0.06007916
v -0.23842704 0.45564449 -0.0529691
v -0.21923375 0.44714391 -0.05881774
v -0.21723115 0.44596398 -0.05931461
v -0.21770155 0.44677687 -0.05902398
v -0.21821904 0.44590652 -0.05938077
v -0.21457708 0.42775226 -0.06910479
v -0.22090173 0.42784429 -0.0692783
v -0.23811424 0.43447316 -0.06279629
v -0.24309969 0.43439412 -0.06324852
v -0.23928487 0.41690648 -0.07261389
v -0.24337697 0.41802776 -0.07232863
v -0.2453475 0.43968022 0.04324061
v -0.24994648 0.43726194 0.04533291
v -0.24984801 0.44002616 0.04105002
v -0.25356209 0.4347266 0.04130846
v -0.25206435 0.43912613 0.03361666
v -0.25033545 0.44046164 0.02299881
v -0.25218177 0.43070126 0.0512144
v -0.25102949 0.4223069 0.05857545
v -0.26124811 0.4271239 0.02826452
v -0.26233661 0.42232347 0.0428586
v -0.25852704 0.43256688 0.02323192
v -0.26282835 0.4262681 0.02300543
v -0.25206006 0.44556642 -0.00017238
v -0.25353956 0.44012916 0.01231611
v -0.25836277 0.43377042 0.00045818
v -0.25353646 0.44192266 -0.01485592
v -0.24339449 0.45059514 -0.01508409
v -0.25267649 0.44279099 -0.02105397
v -0.24808776 0.44861865 -0.02696472
v -0.24053919 0.45382893 -0.01025379
v -0.23894906 0.45430517 -0.01321429
v -0.26317561 0.42269206 0.00150323
v -0.26217902 0.42771959 0.01501894
v -0.25931251 0.42598581 -0.01600009
v -0.25665545 0.43175733 -0.02038628
v -0.25928831 0.4249804 -0.02030349
v -0.25251842 0.44018734 -0.02948463
v -0.24519074 0.45479119 -0.03942239
v -0.24137759 0.45600164 -0.03324658
v -0.24631107 0.45562351 -0.04378539
v -0.25049293 0.44466615 -0.04168373
v -0.25380945 0.43355036 -0.04013139
v -0.23842704 0.45564449 -0.0529691
v -0.24602413 0.45096922 -0.04997659
v -0.24268377 0.4580251 -0.04802728
v -0.25119472 0.43839347 -0.04628962
v -0.24638975 0.43836558 -0.05687189
v -0.26026499 0.41850293 -0.03996122
v -0.25868928 0.42541897 -0.02330005
v -0.25389194 0.42743993 -0.05059338
v -0.25108266 0.42724729 -0.05694497
v -0.24638975 0.43836558 -0.05687189
v -0.24309969 0.43439412 -0.06324852
v -0.24337697 0.41802776 -0.07232863
v -0.24779904 0.41358221 -0.07306993
v -0.19896007 0.45627606 -0.0122897
v -0.19727576 0.45564365 -0.01263112
v -0.19805396 0.45553219 -0.01431489
v -0.19896007 0.45627606 -0.0122897
v -0.19727576 0.45564365 -0.01263112
v -0.19805396 0.45553219 -0.01431489
v -0.19708836 0.4576844 -0.034114
v -0.20335472 0.46162975 -0.03778791
v -0.19858766 0.45707631 -0.03169286
v -0.1974988 0.45619822 -0.04268509
v -0.2151053 0.45854425 -0.00144148
v -0.21720386 0.45609808 0.00260097
v -0.21939921 0.45814335 -0.00134206
v -0.23830903 0.45499527 -0.01144266
v -0.23652363 0.45548463 -0.01119167
v -0.23757398 0.45467496 -0.01320034
v -0.20559525 0.45739663 -0.03096491
v -0.21134567 0.46605968 -0.04262495
v -0.22760046 0.46739984 -0.04707927
v -0.21134567 0.46605968 -0.04262495
v -0.21792567 0.46069837 -0.04736602
v -0.23094249 0.46561921 -0.04541159
v -0.24153984 0.45980239 -0.04030108
v -0.23797262 0.45694673 -0.03346366
v -0.23075283 0.46648669 -0.04756737
v -0.23872757 0.46052945 -0.04802865
v -0.24247527 0.46159732 -0.04609358
v -0.23872757 0.46052945 -0.04802865
v -0.23075283 0.46648669 -0.04756737
v -0.24268377 0.4580251 -0.04802728
v 0.27491963 -0.41349986 -0.08144301
v 0.27074516 -0.4303675 -0.09086436
v 0.26288158 -0.42683002 -0.09748107
v 0.23550838 -0.43464366 -0.0247646
v 0.23558468 -0.43462336 -0.02473128
v 0.22521019 -0.43523902 -0.00678152
v 0.22940707 -0.43184206 -0.10003299
v 0.19568515 -0.42525792 -0.11526334
v 0.18062973 -0.43572554 0.03314465
v 0.17732245 -0.4347811 -0.08081722
v 0.16898209 -0.43217134 -0.08738595
v 0.14192992 -0.43715981 -0.00342727
v 0.12473506 -0.40851364 -0.01776826
v 0.11127543 -0.41596505 -0.03816676
v 0.13005358 -0.42902786 -0.09503949
v 0.13005358 -0.42902786 -0.09503949
v 0.11835933 -0.43527925 -0.07980698
v 0.10821563 -0.42472509 -0.09206438
v 0.10343093 -0.43725568 -0.08628511
v 0.11754751 -0.43582839 -0.079202
v 0.09483445 -0.42623457 -0.06952298
v 0.09529781 -0.41917881 -0.0697462
v 0.10545093 -0.43422875 -0.06397271
v 0.09459347 -0.42375684 -0.07415974
v 0.09842569 -0.43544948 -0.08178478
v 0.10849583 -0.43745014 -0.07588094
v 0.0952059 -0.43070507 -0.07329792
v 0.09237307 -0.43784344 -0.0771572
v 0.2707358 -0.39767739 -0.07718533
v 0.27464461 -0.41141593 -0.07979804
v 0.24602413 -0.3859458 0.03920388
v 0.24025381 -0.40971449 0.03384107
v 0.26238781 -0.41622838 -0.00116581
v 0.26848763 -0.39340508 -0.00099748
v 0.2559014 -0.39204553 -0.08811563
v 0.27073222 -0.39767593 -0.07719475
v 0.27072543 -0.3976872 -0.07721108
v 0.1754235 -0.3742857 -0.08907396
v 0.15298951 -0.37625986 -0.0742141
v 0.17306757 -0.37320346 -0.08547658
v 0.17510372 -0.37325564 -0.08696103
v 0.16026694 -0.38611397 -0.08865869
v 0.15450186 -0.41383111 -0.09554529
v 0.14166015 -0.39521495 0.0044111
v 0.11127543 -0.41596505 -0.03816676
v 0.12350792 -0.38665482 -0.07864654
v 0.13786751 -0.39239067 -0.08699709
v 0.2492103 -0.34830749 0.04143316
v 0.23580354 -0.33348042 0.05040705
v 0.24916887 -0.34968948 0.04136455
v 0.26781023 -0.3502692 -0.00346959
v 0.26276892 -0.35970032 0.02015156
v 0.26335472 -0.36371201 0.01824552
v 0.26139599 -0.32008415 -0.01173896
v 0.25380218 -0.32810551 -0.0311327
v 0.16524446 -0.32796282 -0.04311496
v 0.17421031 -0.3342908 -0.05469525
v 0.17098254 -0.34211493 -0.05775785
v 0.17493099 -0.34730309 -0.06415403
v 0.15050161 -0.37233001 -0.06883973
v 0.17927885 -0.3569873 -0.07283407
v 0.17524713 -0.37303048 -0.08684194
v 0.13772631 -0.36383611 -0.05377573
v 0.23554116 -0.32160032 0.05014747
v 0.21696776 -0.28140438 0.04932207
v 0.14916235 -0.29567701 0.03530651
v 0.15958244 -0.31521207 0.03735799
v 0.15230775 -0.3064959 0.02468646
v 0.16661501 -0.31008494 -0.03159559
v 0.18580455 -0.30581141 -0.04226601
v 0.15278065 -0.30731308 -0.01263231
v 0.15332782 -0.30730361 -0.01314688
v 0.14893669 -0.31538147 0.00793725
v 0.14533156 -0.32899559 0.00567925
v 0.15211344 -0.30745262 -0.00937176
v 0.1478706 -0.31301415 0.00400108
v 0.19091147 -0.26216406 0.05693364
v 0.20924503 -0.26631725 0.04839152
v 0.22687948 -0.26603389 0.00971633
v 0.21556616 -0.25232285 0.02113324
v 0.2120685 -0.25699431 -0.0040257
v 0.22683823 -0.26602638 0.00943989
v 0.22683823 -0.26602638 0.00943989
v 0.2176767 -0.27426207 -0.01490635
v 0.21759742 -0.27418089 -0.01490283
v 0.23922205 -0.28503299 -0.00176227
v 0.21770418 -0.27435148 -0.01495445
v 0.23922205 -0.28503299 -0.00176227
v 0.19997025 -0.24222654 -0.0047884
v 0.17010432 -0.26954395 -0.02914971
v 0.15099204 -0.26664633 -0.01876295
v 0.14302313 -0.28449136 0.03555024
v 0.14896619 -0.26333976 -0.01759952
v 0.13581508 -0.2345494 -0.01527232
v 0.09033483 -0.19794154 0.04259962
v 0.10077912 -0.20202607 0.05595523
v 0.07497066 -0.1750347 0.04605222
v 0.16270053 -0.13033098 0.00804168
v 0.16615951 -0.13801384 0.00966036
v 0.12694412 -0.10114872 0.06173003
v 0.04492456 -0.11723924 0.05347568
v 0.04543728 -0.1310432 0.04073071
v 0.03267986 -0.11019564 0.04632479
v 0.14675158 -0.11010414 0.000319
v 0.14344126 -0.09528291 0.01230288
v 0.10485709 -0.07123429 -0.00045985
v 0.10854924 -0.09151894 0.06270319
v 0.10678124 -0.08827329 0.06082559
v 0.08675092 -0.08837366 0.06459004
v 0.02916837 -0.08457237 -0.03813887
v 0.0167498 -0.09681946 0.04447472
v -0.01449263 -0.07946438 0.03621209
v -0.06797665 -0.06622499 -0.00739133
v -0.05051875 -0.0712778 5.805E-05
v -0.068865 -0.06400096 0.00441045
v -0.05942661 -0.07011354 -0.01116729
v 0.0550772 -0.06094182 0.05837721
v -0.02628767 -0.06462443 -0.04740024
v -0.06692004 -0.05608767 0.02571052
v -0.06769037 -0.06360531 0.00869805
v -0.06378937 -0.04904884 -0.05559516
v -0.06578839 -0.03248882 -0.07133037
v -0.0952633 -0.04766327 -0.03461444
v -0.09538543 -0.04754531 -0.03486729
v -0.0831725 -0.05789083 -0.02015322
v -0.09545213 -0.04750687 -0.03488779
v -0.08914179 -0.03782243 -0.05880994
v -0.09542 -0.04751909 -0.0348708
v 0.01422495 -0.0005424 0.04947352
v 0.03169411 0.00078124 0.04289889
v 0.04073942 0.00722998 0.01927668
v 0.03905141 0.01545435 0.00610423
v 0.0406791 0.00732332 0.01930296
v 0.03034794 -0.0009324 -0.03286719
v 0.00068134 0.01955348 0.04599786
v -0.11435002 -0.00241166 -0.08694363
v -0.14762294 -0.00258517 0.0204336
v 0.02127337 0.02113861 -0.02384591
v -0.00191379 0.05149442 -0.01267743
v -0.0141322 0.04403025 -0.03474987
v -0.02608931 0.05891824 -0.02214241
v -0.02487099 0.05098486 0.02458495
v -0.0468508 0.05359715 0.02117258
v -0.05808872 0.03626138 0.03974891
v -0.02608931 0.05891824 -0.02214241
v -0.04725111 0.05638993 -0.0566662
v -0.09805977 0.04468155 0.04476172
v -0.19446063 0.05458987 0.0150308
v -0.08764011 0.06846303 0.03469819
v -0.07241035 0.09675318 0.00432158
v -0.06571871 0.06549293 -0.06951749
v -0.06493747 0.08242291 -0.05573153
v -0.21647942 0.11422205 0.02039063
v -0.21516287 0.07553869 -0.02249306
v -0.20766497 0.06568605 -0.0051741
v -0.21058154 0.07501554 -0.00196475
v -0.11214334 0.14615703 0.05233538
v -0.11240327 0.11346722 0.05206567
v -0.17068064 0.12223363 -0.10062724
v -0.17556989 0.141518 -0.10373056
v -0.17483664 0.11250001 -0.09694248
v -0.18848324 0.12377101 -0.09058523
v -0.21773219 0.15016663 0.04306883
v -0.22706354 0.14640093 0.02526784
v -0.08529395 0.18339396 -0.05961078
v -0.19666719 0.18440425 -0.10239661
v -0.09761524 0.22318089 -0.05995613
v -0.13000739 0.22647274 0.0622856
v -0.13413107 0.22932959 0.06450766
v -0.23792446 0.23257589 -0.09444511
v -0.10971534 0.26232684 -0.05661863
v -0.15405023 0.2383467 0.07277483
v -0.16802537 0.26451075 0.07927495
v -0.15354335 0.27006984 0.07019889
v -0.24454725 0.24548233 -0.09319109
v -0.26061761 0.2719692 0.06520277
v -0.26046264 0.27198613 0.06531191
v -0.26085901 0.29220653 0.06852525
v -0.28619742 0.27301133 0.03580493
v -0.17454457 0.33477747 0.06899321
v -0.16886532 0.31769443 0.068277
v -0.18029761 0.30991304 0.07559836
v -0.25835681 0.31658971 -0.08560044
v -0.2540921 0.30067801 -0.09153485
v -0.28224516 0.34702063 0.04378152
v -0.27664495 0.3628968 0.0514276
v -0.25211978 0.34617698 -0.08560139
v -0.28154063 0.37042737 0.03234679
v -0.28350794 0.35890293 0.00799394
v -0.13365734 0.37981474 -0.01233977
v -0.13273358 0.37390089 0.00160724
v -0.13365412 0.37975979 -0.01238585
v -0.1438446 0.3907212 -0.02854967
v -0.14406431 0.38367558 -0.03209949
v -0.17667985 0.40379131 0.06250072
v -0.25864828 0.40605748 0.06255376
v -0.25102949 0.4223069 0.05857545
v -0.25879467 0.40608025 0.06243676
v -0.27119732 0.39261222 0.04907852
v -0.27303898 0.39280498 -0.00870436
v -0.27581215 0.39243126 0.01662213
v -0.26909673 0.39459574 -0.03998756
v -0.26323688 0.40725648 -0.05693024
v -0.26031256 0.40829027 -0.06327516
v -0.21021521 0.43791676 0.04655772
v -0.20397246 0.44280756 0.03644943
v -0.19711268 0.44429493 0.02534133
v -0.23386514 0.43508708 0.0521794
v -0.24362636 0.43510032 0.05020255
v -0.19784915 0.4541961 -0.00489539
v -0.19858766 0.45707631 -0.03169286
v -0.19822001 0.45637298 -0.04399091
v -0.21134567 0.46605968 -0.04262495
v -0.23028529 0.45939589 -0.04885215
v -0.22760046 0.46739984 -0.04707927
vn 0.69743 -0.70689 -0.11794
vn 0.66037 -0.73111 -0.17143
vn 0.64146 -0.76687 -0.02099
vn 0.58079 -0.8113 0.06697
vn -0.65343 -0.75505 0.05418
vn -0.72937 -0.68148 0.06002
vn -0.70918 -0.7023 -0.06188
vn -0.7703 -0.62195 -0.14079
vn 0.62222 -0.75466 -0.20816
vn -0.71897 -0.64654 -0.25509
vn 0.99774 0.04098 0.05317
vn 0.97543 0.21791 -0.03245
vn 0.97025 0.21882 0.10364
vn 0.76282 -0.59858 0.24454
vn 0.76095 -0.64447 0.07487
vn 0.78584 -0.60527 0.12692
vn 0.84937 -0.47688 0.22617
vn 0.8583 -0.45328 0.24053
vn 0.87913 -0.41074 0.24172
vn 0.99111 0.13001 -0.02815
vn 0.93469 -0.28633 -0.21066
vn 0.86119 -0.41879 0.28802
vn 0.87624 -0.43092 0.21569
vn 0.99821 -0.00122 0.05973
vn 0.94261 0.3339 0.0004
vn 0.97813 0.19257 0.07858
vn 0.42064 0.11704 -0.89964
vn 0.26578 0.09973 -0.95886
vn 0.32579 0.08417 -0.94169
vn 0.52903 0.08775 -0.84405
vn 0.92851 -0.36515 0.06728
vn 0.65648 -0.60706 0.44778
vn 0.43769 -0.84952 0.29454
vn 0.39924 -0.91675 0.01334
vn 0.4634 -0.88572 -0.02752
vn 0.60815 -0.4957 0.62003
vn 0.56424 -0.69529 0.4452
vn 0.63588 -0.64878 0.41802
vn 0.71621 -0.4832 0.50356
vn 0.6705 -0.62175 0.40478
vn 0.76273 -0.40208 0.50653
vn 0.55314 -0.76445 0.33116
vn 0.86884 -0.38902 0.30625
vn 0.69838 -0.38504 0.60333
vn 0.65961 -0.63289 0.40541
vn 0.69102 -0.68592 0.22803
vn 0.92442 -0.35631 0.136
vn 0.38523 -0.89734 0.21535
vn 0.70315 -0.66667 0.24725
vn 0.85959 -0.4499 0.24227
vn 0.65277 -0.718 0.24161
vn 0.84573 -0.46502 0.26173
vn 0.94246 -0.30038 0.14674
vn 0.39774 -0.90544 0.14825
vn 0.35641 -0.90731 0.22308
vn 0.41824 -0.90286 0.09962
vn 0.35277 -0.92842 0.11655
vn 0.41396 -0.85724 0.30622
vn 0.60072 -0.68223 0.41677
vn 0.29273 -0.95465 0.05429
vn 0.28866 -0.95653 0.04165
vn 0.28006 -0.95574 0.09011
vn 0.28901 -0.94461 0.15549
vn 0.31783 -0.9466 0.05413
vn 0.56422 -0.82193 0.078
vn 0.85862 -0.39923 0.32153
vn 0.87353 -0.47183 0.11965
vn 0.89815 -0.4389 0.02651
vn 0.65694 -0.75224 0.05061
vn 0.89264 -0.44284 0.08422
vn 0.86865 -0.49008 0.07259
vn 0.62752 -0.7621 0.15943
vn 0.58525 -0.81071 -0.01529
vn 0.26483 -0.9625 -0.0588
vn 0.17055 -0.98436 0.04425
vn 0.16902 -0.98561 -0.00277
vn 0.35006 -0.93673 0.00267
vn 0.3534 -0.93029 -0.0983
vn 0.31074 -0.95049 0.00304
vn 0.29563 -0.95474 0.03274
vn 0.16701 -0.97768 0.12751
vn 0.09882 -0.99502 -0.01317
vn 0.20533 -0.97664 -0.06336
vn 0.34413 -0.93786 0.04466
vn 0.18967 -0.97413 -0.12287
vn 0.17469 -0.9693 -0.17306
vn 0.29668 -0.92937 -0.21969
vn -0.16134 -0.9794 -0.12145
vn 0.03627 -0.98837 0.14766
vn 0.03582 -0.99774 0.05681
vn 0.53778 0.06713 -0.84041
vn 0.56468 0.31547 -0.76263
vn 0.45106 0.08158 -0.88876
vn 0.54192 -0.03499 -0.8397
vn -0.10138 -0.98643 0.12913
vn 0.08815 -0.92819 0.36153
vn -0.10455 -0.98519 -0.13588
vn 0.0165 -0.76507 -0.64374
vn 0.63193 -0.35003 -0.69148
vn -0.2514 -0.85527 -0.45311
vn 0.17326 -0.9825 0.06834
vn 0.37452 -0.92698 0.02102
vn 0.22627 -0.97402 -0.00901
vn 0.39297 -0.10647 -0.91337
vn 0.35934 0.24378 -0.9008
vn 0.38187 0.11898 -0.91652
vn 0.17155 -0.79361 -0.58374
vn 0.11884 -0.98548 -0.12124
vn 0.25879 -0.90541 -0.33655
vn 0.26852 -0.94967 0.16134
vn 0.21514 -0.94812 0.23405
vn 0.24783 -0.96202 -0.11443
vn 0.3284 -0.88763 -0.32291
vn 0.28803 -0.40858 0.86608
vn 0.14606 -0.23198 0.96169
vn 0.1461 -0.41243 0.8992
vn 0.27009 -0.51501 0.81352
vn 0.10197 -0.54349 0.8332
vn 0.32632 -0.77601 0.53975
vn 0.33461 -0.89946 0.28108
vn 0.35559 -0.91195 0.20471
vn 0.17067 -0.98182 0.08313
vn 0.14728 -0.91577 0.37373
vn 0.10263 -0.46092 0.88149
vn 0.18428 -0.60285 0.77628
vn 0.03977 -0.60767 0.79319
vn 0.10911 -0.3961 0.9117
vn 0.19378 -0.81955 0.53925
vn 0.10001 -0.88829 0.44827
vn 0.13038 -0.96234 0.23853
vn 0.02893 -0.99818 0.0529
vn 0.04363 -0.98276 0.17969
vn 0.0998 -0.9944 0.03464
vn 0.02787 -0.99907 -0.03296
vn 0.124 -0.98605 0.11108
vn 0.11143 -0.99209 0.05787
vn 0.12879 -0.98391 0.12387
vn 0.24767 -0.96137 0.12011
vn 0.05682 -0.99837 -0.00525
vn 0.11674 -0.98978 0.08195
vn 0.04459 -0.97594 0.21345
vn 0.05832 -0.9964 -0.0616
vn 0.11107 -0.99325 0.03345
vn 0.03087 -0.99377 0.10713
vn -0.05263 -0.99771 0.04247
vn 0.14279 -0.9881 -0.05716
vn 0.09413 -0.95626 0.27695
vn 0.04235 -0.99906 -0.00937
vn 0.0775 -0.99284 0.09088
vn 0.03988 -0.98882 0.14367
vn 0.04416 -0.99902 0.00098
vn 0.0702 -0.99681 -0.03807
vn 0.22243 -0.96618 0.13047
vn 0.25727 -0.96633 0.00469
vn -0.05514 -0.9864 -0.15487
vn 0.05945 -0.99707 -0.04807
vn -0.07668 -0.97087 -0.22702
vn 0.05205 -0.98557 -0.16108
vn -0.11046 -0.99102 -0.07532
vn 0.01317 -0.99647 -0.08286
vn 0.15211 -0.9747 -0.1638
vn 0.08976 -0.965 -0.24639
vn -0.08382 -0.97834 -0.18927
vn 0.06339 -0.98476 -0.16199
vn 0.16814 -0.964 -0.20597
vn 0.0476 -0.99677 -0.06464
vn -0.06054 -0.98846 -0.13888
vn 0.08236 -0.99651 0.01394
vn -0.28609 -0.9582 0.00268
vn -0.14857 -0.98567 -0.07989
vn -0.1442 -0.98673 0.07469
vn 0.32699 -0.0517 -0.94361
vn 0.15449 -0.55426 -0.81788
vn 0.30262 -0.87287 -0.38278
vn -0.16795 -0.97924 0.11351
vn -0.10604 -0.99248 0.06113
vn -0.02096 -0.99553 0.09213
vn 0.0035 -0.96919 -0.24627
vn -0.34318 -0.93552 -0.08385
vn 0.0826 -0.9965 0.01288
vn 0.34633 -0.93809 0.00686
vn 0.09287 -0.98849 0.11941
vn 0.15601 -0.98102 -0.11513
vn 0.35435 -0.86568 -0.3536
vn -0.04352 -0.98879 -0.1428
vn 0.20822 -0.96108 -0.18159
vn 0.37165 -0.89927 0.23062
vn 0.54008 -0.83887 0.06794
vn 0.47557 -0.8796 -0.01172
vn -0.06379 -0.98836 -0.13812
vn 0.07609 -0.87297 -0.48181
vn 0.56206 -0.71806 -0.41045
vn 0.01066 -0.23322 -0.97237
vn 0.11066 -0.35927 -0.92665
vn -0.07475 -0.79291 -0.60474
vn -0.0712 -0.55595 -0.82816
vn 0.14557 -0.02034 -0.98914
vn 0.15233 -0.22004 -0.96352
vn 0.31225 -0.51056 -0.80114
vn 0.42327 -0.0496 -0.90464
vn 0.27773 -0.19245 -0.94119
vn 0.36763 -0.19386 -0.90954
vn 0.57533 -0.2775 -0.76941
vn 0.64206 -0.75077 -0.15525
vn 0.60388 -0.78486 -0.13901
vn 0.64231 -0.72768 -0.24065
vn 0.48064 -0.73936 -0.47152
vn 0.58987 -0.4012 -0.70078
vn 0.0526 -0.34215 0.93817
vn -0.24067 -0.10098 0.96534
vn -0.16765 -0.37401 0.91215
vn -0.06124 -0.6454 0.76139
vn -0.49741 -0.56499 0.6583
vn 0.10124 -0.80954 0.57827
vn 0.04938 -0.96314 0.26442
vn 0.1746 -0.87407 0.45334
vn -0.04995 -0.99858 0.01862
vn -0.04435 -0.99592 0.07856
vn -0.05766 -0.99741 0.04304
vn -0.54969 -0.19807 0.81155
vn -0.85215 -0.24957 0.45995
vn -0.73745 -0.25328 0.62611
vn -0.68236 -0.40826 0.60639
vn -0.65008 -0.22405 0.72608
vn -0.53961 -0.31388 0.78121
vn -0.57607 -0.57758 0.5784
vn -0.13113 -0.98857 -0.07444
vn -0.09853 -0.98948 0.10591
vn -0.18974 -0.98079 -0.04533
vn -0.26884 -0.95685 0.11029
vn -0.16944 -0.97006 0.174
vn -0.02782 -0.9966 0.0775
vn -0.05877 -0.9982 0.01203
vn 0.00933 -0.98696 0.16067
vn 0.06489 -0.99654 0.05197
vn -0.11094 -0.99157 0.06696
vn -0.16854 -0.98317 0.07044
vn -0.14385 -0.96652 0.21245
vn -0.16785 -0.97696 -0.13179
vn 0.08591 -0.97498 0.20503
vn -0.03891 -0.9915 0.12419
vn 0.00439 -0.99261 0.12124
vn 0.08023 -0.98979 0.11778
vn -0.16339 -0.98654 0.00567
vn 0.01711 -0.99943 0.02924
vn -0.0581 -0.98187 -0.18043
vn -0.09696 -0.9932 -0.06441
vn -0.19887 -0.96929 -0.14469
vn -0.02572 -0.98404 -0.17608
vn 0.12453 -0.9921 -0.01522
vn -0.02574 -0.99828 -0.05264
vn -0.16178 -0.97739 -0.13616
vn 0.06503 -0.99775 0.01629
vn -0.09289 -0.99366 -0.0633
vn 0.05697 -0.99581 -0.07151
vn 0.00873 -0.99009 -0.14014
vn 0.16345 -0.97384 -0.15783
vn 0.12658 -0.98329 -0.13084
vn 0.00593 -0.9858 -0.1678
vn -0.14194 -0.97167 -0.18896
vn 0.0221 -0.98433 -0.17496
vn 0.54058 -0.83495 -0.10312
vn 0.36022 -0.90206 0.23776
vn -0.12367 -0.97601 0.17921
vn -0.11731 -0.99291 -0.01901
vn -0.65085 -0.75904 0.01552
vn -0.58103 -0.80182 0.13961
vn 0.62744 -0.77563 -0.06868
vn 0.11539 -0.96617 -0.23064
vn 0.02078 -0.86414 -0.50283
vn 0.06209 -0.99286 -0.10182
vn 0.00145 -0.99999 -0.00311
vn -0.81783 -0.31426 -0.48206
vn -0.58166 -0.3416 -0.73823
vn -0.80149 -0.10359 -0.58896
vn -0.70805 -0.67007 -0.22287
vn -0.46187 -0.85043 -0.25189
vn -0.39041 -0.67407 -0.62707
vn 0.06029 -0.99806 0.01529
vn -0.4796 -0.81963 0.31335
vn -0.53665 -0.82276 0.18728
vn 0.09709 -0.99525 0.00685
vn -0.5456 -0.81825 -0.18107
vn -0.11278 -0.8449 -0.5229
vn -0.7498 -0.65246 -0.11
vn 0.26481 -0.02277 -0.96403
vn -0.75782 -0.44178 -0.48015
vn -0.85396 -0.42813 -0.29573
vn -0.78304 -0.20331 -0.58781
vn 0.0894 -0.05943 -0.99422
vn -0.03553 -0.05263 -0.99798
vn -0.22412 0.13128 -0.96568
vn 0.48013 -0.82794 -0.28982
vn -0.74313 -0.64533 -0.1769
vn 0.07806 -0.74085 -0.66711
vn 0.29333 -0.47358 -0.83047
vn 0.17829 -0.23905 -0.9545
vn -0.68514 -0.32502 -0.65188
vn -0.75702 -0.61457 -0.22186
vn -0.60234 -0.11989 -0.78919
vn -0.88887 -0.08683 -0.44986
vn -0.84026 -0.0315 -0.54127
vn -0.55837 -0.23956 -0.79425
vn -0.50678 0.13518 -0.85141
vn -0.75791 0.137 0.63782
vn -0.69137 -0.19512 0.69566
vn -0.55256 -0.42082 0.71944
vn -0.62123 -0.63598 0.45782
vn -0.5607 -0.60641 0.56381
vn -0.53974 -0.65341 0.5308
vn -0.61005 -0.68073 0.40552
vn -0.72249 -0.50472 0.47251
vn -0.60869 -0.64927 0.456
vn -0.74973 -0.18514 0.63532
vn -0.50257 -0.64546 0.57516
vn 0.07048 -0.9798 0.18713
vn 0.05856 -0.99088 0.1214
vn 0.15192 -0.98642 0.06235
vn -0.71716 -0.5759 0.39245
vn -0.52969 -0.74817 0.3996
vn -0.69141 0.29783 0.65821
vn -0.81901 0.13838 0.55684
vn -0.93577 -0.14579 0.32107
vn -0.93166 -0.13477 0.33743
vn -0.94854 -0.09578 0.30183
vn -0.96968 0.03714 0.24154
vn -0.95709 -0.06654 0.28204
vn -0.84626 -0.00361 0.53276
vn -0.83501 0.00878 0.55017
vn -0.86017 -0.04344 0.50815
vn -0.7429 -0.31841 0.58883
vn -0.66229 -0.61408 0.42928
vn 0.17963 -0.98169 -0.06341
vn 0.04302 -0.98786 -0.14926
vn 0.1254 -0.97845 -0.16403
vn 0.03114 -0.9887 0.14661
vn 0.04855 -0.99862 -0.0198
vn -0.02015 -0.99359 -0.11126
vn 0.08281 -0.99145 -0.10086
vn -0.05063 -0.99664 -0.06445
vn 0.03877 -0.99331 -0.10875
vn -0.86993 0.05516 0.49008
vn -0.85317 0.08996 0.51381
vn -0.86283 0.08164 0.49886
vn -0.88123 -0.13013 0.45443
vn -0.79437 -0.49948 0.3457
vn -0.89489 -0.15029 0.42022
vn -0.73267 -0.64687 0.21152
vn -0.85328 -0.34282 0.39293
vn -0.48091 -0.84181 0.24509
vn -0.49544 -0.8645 0.08474
vn -0.0479 -0.98561 -0.16209
vn -0.04238 -0.97529 -0.21681
vn -0.53214 -0.76056 0.37198
vn -0.32206 -0.93807 -0.12769
vn -0.09594 -0.98693 -0.12947
vn -0.03349 -0.99886 -0.03387
vn -0.07925 -0.97285 0.21745
vn 0.1326 -0.89096 0.4343
vn 0.10991 -0.98125 -0.15833
vn 0.10293 -0.9284 -0.35703
vn 0.04263 -0.9606 -0.27464
vn 0.06416 0.02711 -0.99757
vn -0.01768 -0.22903 -0.97326
vn 0.11901 0.12994 -0.98435
vn 0.12726 -0.89403 -0.42955
vn -0.04137 -0.87399 -0.48418
vn 0.06106 -0.52532 -0.84871
vn 0.0864 -0.98813 -0.12701
vn 0.28066 -0.91461 -0.29108
vn 0.23963 -0.87345 -0.42386
vn 0.05803 -0.92589 -0.37332
vn -0.37761 -0.71809 -0.5846
vn -0.22946 -0.75539 -0.61379
vn -0.21564 -0.75789 -0.61572
vn -0.40154 0.01098 -0.91578
vn -0.3461 0.12388 -0.92998
vn -0.19576 -0.22181 -0.95524
vn -0.18129 -0.25978 -0.9485
vn 0.25616 -0.6397 -0.72469
vn -0.31535 -0.37561 -0.87148
vn 0.29692 -0.85849 0.41813
vn 0.31245 -0.94992 0.0041
vn 0.45705 -0.84633 -0.27356
vn 0.26707 -0.7738 -0.57438
vn -0.86078 0.07309 0.50371
vn -0.83261 -0.20778 0.51341
vn -0.90411 0.38413 0.18715
vn -0.98369 0.17984 0.00396
vn -0.77002 0.291 0.56779
vn -0.68738 -0.4085 0.60053
vn -0.88529 0.01251 0.46487
vn -0.88366 -0.05217 0.46521
vn 0.00506 -0.98174 0.19016
vn -0.10915 -0.98429 0.13879
vn -0.07875 -0.93527 0.34506
vn -0.70577 -0.56289 0.43018
vn -0.72892 -0.64112 0.2401
vn -0.53837 -0.61083 0.58056
vn -0.9856 0.07301 0.15251
vn -0.98027 0.1575 0.11943
vn -0.98468 0.1743 0.00549
vn -0.97527 0.04832 0.21566
vn -0.73676 -0.54879 0.39499
vn -0.87449 0.15121 -0.46087
vn -0.87836 0.13105 -0.45968
vn -0.96247 0.19866 -0.18487
vn -0.82435 0.07723 -0.56079
vn -0.68632 -0.04737 -0.72576
vn -0.75954 -0.0214 -0.6501
vn -0.76378 -0.03527 -0.64452
vn -0.67892 0.0365 -0.7333
vn -0.90696 -0.1748 -0.38324
vn -0.67741 -0.07116 -0.73215
vn 0.23916 -0.77322 0.58731
vn 0.43992 -0.86446 -0.24325
vn -0.19885 -0.39744 0.89582
vn -0.19694 -0.68035 0.70593
vn 0.1419 -0.65152 0.74525
vn -0.66217 -0.34254 -0.66648
vn -0.35112 -0.56228 0.7487
vn -0.55101 -0.07457 -0.83116
vn -0.29903 -0.1809 -0.93694
vn -0.46839 -0.51124 -0.72058
vn -0.67509 -0.03468 -0.73692
vn -0.98467 0.05039 0.16698
vn -0.36321 -0.43687 0.82293
vn 0.96607 -0.13911 0.21761
vn 0.99368 0.0525 0.09917
vn 0.97202 -0.01467 0.23443
vn 0.91473 -0.18382 0.35983
vn 0.99287 -0.1021 0.06157
vn 0.90561 -0.26033 0.33481
vn 0.95413 -0.25048 0.16396
vn 0.99595 0.08455 -0.03066
vn 0.99635 0.05672 -0.06386
vn 0.99839 0.0423 -0.03773
vn 0.99834 0.05634 -0.0122
vn 0.98823 0.15028 -0.02856
vn 0.99684 0.07699 0.01979
vn 0.993 0.11575 0.02371
vn 0.93974 0.30086 0.16237
vn 0.90267 0.35627 -0.24136
vn 0.8604 0.3916 -0.32612
vn 0.90868 0.39036 -0.14806
vn 0.97482 0.20702 0.08293
vn 0.84523 0.4113 -0.34121
vn 0.93738 0.34311 -0.05997
vn 0.96078 0.2673 0.07376
vn 0.96271 0.26498 0.05444
vn 0.95395 0.29419 -0.05855
vn 0.89838 0.41244 -0.15103
vn 0.75675 0.58457 -0.2926
vn 0.49262 0.29452 -0.81889
vn 0.84643 -0.12518 0.51758
vn 0.91325 -0.06014 0.40294
vn 0.79647 -0.05382 0.60227
vn 0.93026 -0.12857 0.34365
vn 0.70901 -0.11694 0.69544
vn 0.95969 -0.02786 0.27969
vn 0.8716 -0.31718 0.37377
vn 0.8206 -0.34783 0.45346
vn 0.79213 -0.40429 0.45725
vn 0.72116 -0.42743 0.54519
vn 0.57598 -0.09197 0.81227
vn 0.64804 -0.12224 0.75173
vn 0.67715 -0.0706 0.73245
vn 0.54544 -0.1509 0.82445
vn 0.39044 -0.02913 0.92017
vn 0.33093 -0.13094 0.93453
vn 0.83549 -0.00337 0.5495
vn 0.64153 -0.18283 0.74499
vn 0.60066 -0.19534 0.77527
vn 0.38778 -0.25218 0.88658
vn 0.7378 -0.35938 0.5714
vn 0.67469 -0.38749 0.62821
vn 0.57246 -0.34829 0.74228
vn 0.73866 -0.3728 0.5616
vn 0.7532 -0.40794 0.51602
vn 0.9617 -0.00225 0.2741
vn 0.98307 0.03148 0.18053
vn 0.99914 -0.01452 0.03896
vn 0.99095 0.00692 0.13402
vn 0.99971 -0.01799 0.01619
vn 0.9997 0.01971 0.01456
vn 0.99449 -0.05256 0.09074
vn 0.86608 -0.22554 0.44614
vn 0.85864 -0.33675 0.38643
vn 0.78292 -0.39618 0.47967
vn 0.83697 -0.16716 0.52109
vn 0.85753 -0.20452 0.47203
vn 0.96727 -0.23737 0.08972
vn 0.99233 -0.08231 0.09223
vn 0.95145 -0.19842 0.23532
vn 0.99266 0.0056 0.12081
vn 0.99873 -0.03202 -0.03899
vn 0.9994 0.00705 -0.03385
vn 0.85244 0.4151 -0.31785
vn 0.95491 0.24219 -0.17173
vn 0.84794 0.42447 -0.31752
vn 0.96796 0.15464 -0.19784
vn 0.98071 0.19547 -0.00057
vn 0.99938 0.0299 0.01879
vn 0.99124 -0.01365 0.13136
vn 0.98655 0.12545 0.10477
vn 0.9726 0.22701 0.05017
vn 0.65276 0.49281 -0.57537
vn 0.6808 0.43384 -0.59016
vn 0.85412 0.30722 -0.41964
vn 0.5603 0.51729 -0.6469
vn 0.60373 0.63178 -0.48617
vn 0.52898 0.75484 -0.38782
vn 0.42353 0.68763 -0.58973
vn 0.5436 0.66494 -0.51221
vn 0.58084 0.68224 -0.44404
vn 0.63701 0.66682 -0.38674
vn 0.47104 0.63284 -0.61452
vn 0.46194 0.59917 -0.65392
vn 0.46429 0.32016 -0.82579
vn 0.57588 0.5284 -0.62382
vn 0.49293 0.44254 -0.74912
vn 0.34038 0.6999 -0.62792
vn 0.30232 0.69873 -0.64836
vn 0.33516 0.63116 -0.69951
vn 0.48175 0.63199 -0.60705
vn 0.56284 0.63142 -0.5334
vn 0.49477 0.69811 -0.51753
vn 0.47064 0.61789 -0.62985
vn 0.36439 0.51032 -0.77897
vn 0.46479 0.29604 -0.83447
vn 0.38144 0.51505 -0.76761
vn 0.09122 -0.08315 0.99235
vn 0.06297 -0.11664 0.99118
vn -0.06121 -0.04787 0.99698
vn -0.04472 -0.04777 0.99786
vn 0.1733 -0.13282 0.97587
vn 0.30363 -0.06978 0.95023
vn 0.22057 -0.14327 0.96479
vn 0.19183 -0.08635 0.97762
vn 0.42543 -0.06657 0.90254
vn 0.13681 -0.17018 0.97587
vn 0.57197 -0.3923 0.72038
vn 0.10781 -0.22251 0.96895
vn 0.18302 -0.22158 0.95781
vn 0.11685 -0.15823 0.98046
vn -0.17829 -0.13419 0.97478
vn 0.06701 -0.20286 0.97691
vn -0.06222 -0.14104 0.98805
vn 0.16734 0.60674 -0.77709
vn 0.28234 0.65886 -0.69727
vn 0.14602 0.65983 -0.73709
vn 0.07839 0.75728 -0.64837
vn 0.01364 0.68353 -0.72979
vn 0.10531 0.69579 -0.71048
vn 0.42858 0.42619 -0.79667
vn 0.13073 0.63398 -0.76222
vn 0.03313 0.74333 -0.66811
vn 0.1963 0.69381 -0.69288
vn 0.16767 0.75501 -0.63392
vn 0.08557 0.71025 -0.69873
vn 0.09516 0.64381 -0.75925
vn 0.1383 0.65268 -0.7449
vn 0.26236 0.67036 -0.69411
vn 0.19438 0.73536 -0.6492
vn 0.17818 0.40384 -0.89731
vn 0.012 0.38625 -0.92232
vn 0.34383 0.43412 -0.83266
vn 0.49591 0.55038 -0.67168
vn 0.3463 0.29863 -0.88932
vn 0.54171 0.15841 -0.8255
vn -0.28362 -0.04849 0.95771
vn -0.26611 -0.00288 0.96394
vn -0.4756 0.03307 0.87904
vn -0.36778 -0.08048 0.92642
vn -0.6015 0.07505 0.79534
vn -0.64034 0.11287 0.75976
vn -0.5089 0.05027 0.85936
vn -0.31883 -0.10829 0.94161
vn -0.67229 0.04729 0.73877
vn -0.63959 0.04033 0.76766
vn -0.48361 -0.04041 0.87435
vn -0.59633 0.00558 0.80272
vn -0.69892 -0.00396 0.71519
vn -0.71734 -0.0593 0.6942
vn -0.67227 0.05568 0.73821
vn -0.7963 0.05725 0.60218
vn -0.76461 0.12778 0.6317
vn -0.67696 0.01281 0.7359
vn -0.80951 -0.00576 0.58708
vn -0.75464 -0.15794 0.63685
vn -0.42897 0.5617 -0.70744
vn -0.32187 0.58653 -0.74322
vn -0.48087 0.51342 -0.71075
vn -0.26777 0.69035 -0.6721
vn -0.02952 0.7466 -0.66462
vn -0.46031 0.77932 -0.42518
vn -0.57883 0.67257 -0.46109
vn -0.51291 0.73567 -0.44239
vn 0.24073 0.75829 -0.60584
vn -0.015 0.87532 -0.48331
vn -0.30748 0.77125 -0.55734
vn 0.11833 0.76485 -0.63324
vn 0.18289 0.77224 -0.60844
vn -0.61201 0.65232 -0.44712
vn -0.45618 0.61564 -0.64256
vn -0.38189 0.7415 -0.55167
vn -0.27405 0.71529 -0.64285
vn -0.46704 0.68201 -0.56279
vn -0.75828 0.44215 -0.47908
vn -0.50947 0.63115 -0.58489
vn -0.33531 0.38496 -0.85987
vn 0.07688 0.31118 -0.94724
vn -0.07349 0.51778 -0.85235
vn -0.75761 0.47731 -0.4452
vn -0.89465 0.23761 -0.37835
vn 0.1231 0.46574 -0.87632
vn -0.38543 0.40791 -0.82768
vn 0.01142 0.15749 -0.98745
vn -0.4569 0.25615 -0.85184
vn -0.67015 0.57617 -0.4679
vn -0.8006 0.03271 -0.59831
vn -0.82187 0.05434 -0.56708
vn -0.81808 0.05517 -0.57244
vn -0.87963 0.04653 0.47338
vn -0.87655 0.08255 0.47418
vn -0.88905 0.09732 0.44735
vn -0.8814 -0.02578 0.47166
vn -0.93797 0.06841 0.33991
vn -0.93532 0.07125 0.34655
vn -0.92244 0.04246 0.3838
vn -0.952 0.10161 0.28875
vn -0.94797 0.09899 0.30257
vn -0.96142 0.10747 0.25321
vn -0.94761 0.09792 0.30404
vn -0.88552 0.21941 0.40952
vn -0.83725 0.29254 0.46199
vn -0.85961 0.24114 0.45047
vn -0.90898 0.29399 0.29551
vn -0.91514 0.24512 0.32005
vn -0.91202 0.24836 0.32641
vn -0.90901 0.19972 0.3658
vn -0.89439 0.24182 0.37629
vn -0.86108 0.09845 0.49885
vn -0.89285 0.10648 0.43759
vn -0.85364 0.11021 0.50906
vn -0.8481 0.31601 0.42527
vn -0.86268 0.30809 0.40107
vn -0.85791 0.3 0.41712
vn -0.89896 0.30673 0.31271
vn -0.89366 0.36111 0.26642
vn -0.84082 0.39433 0.37085
vn -0.75908 0.32618 0.56339
vn -0.88031 0.29757 0.36948
vn -0.8848 0.3131 0.34512
vn -0.84714 0.30771 0.43321
vn -0.86112 0.27005 0.43074
vn -0.85482 0.30451 0.42019
vn -0.91444 0.31434 0.25494
vn -0.23121 0.69658 -0.67921
vn -0.78396 0.60347 -0.14573
vn -0.54624 0.69964 -0.46058
vn -0.56389 0.75754 -0.32889
vn -0.81405 0.44891 0.36851
vn -0.82534 0.47753 0.30129
vn -0.81992 0.50522 0.26923
vn -0.89376 0.35861 0.26944
vn -0.83531 0.39911 0.37811
vn -0.79997 0.58711 0.12388
vn -0.85129 0.51574 0.09653
vn -0.61643 0.75852 -0.21132
vn -0.75107 0.63404 0.18408
vn -0.84585 0.32431 0.42351
vn -0.84965 0.29779 0.43521
vn -0.76822 0.51077 0.38594
vn -0.80191 0.37507 0.46503
vn -0.27697 0.77224 -0.57179
vn -0.27534 0.70349 -0.6552
vn -0.10238 0.7841 -0.61214
vn -0.18446 0.86813 -0.46079
vn -0.07727 0.85174 -0.51824
vn -0.1086 0.70937 -0.69642
vn 0.02956 0.69046 -0.72276
vn -0.08652 0.22167 -0.97127
vn 0.0968 0.54867 -0.83042
vn -0.22483 0.54788 -0.80578
vn -0.72457 0.59952 -0.33997
vn -0.55266 0.78954 -0.26683
vn -0.46131 0.75515 -0.46578
vn -0.70618 0.70352 -0.07981
vn -0.27183 0.75718 -0.59396
vn -0.61172 0.54979 -0.5688
vn -0.75673 0.54364 -0.36305
vn -0.72532 0.66741 -0.16872
vn -0.72936 0.46419 -0.50255
vn -0.3769 0.49788 -0.78107
vn -0.09997 0.70194 -0.70518
vn -0.45881 0.34544 -0.81864
vn -0.73362 0.67546 0.07453
vn -0.78158 0.35128 0.5155
vn -0.86755 0.16096 0.47059
vn -0.78054 0.59727 0.18443
vn -0.90639 0.33728 -0.25435
vn -0.75803 0.44056 -0.48093
vn -0.72706 0.47044 -0.50006
vn -0.69751 0.48923 -0.52358
vn -0.52234 0.27128 -0.80844
vn 0.98527 0.04087 0.16603
vn 0.98429 0.08331 0.1557
vn 0.97823 0.07266 0.19437
vn 0.97632 0.04724 0.21113
vn 0.99034 0.0427 0.13192
vn 0.98252 0.01287 0.18574
vn 0.98834 -0.00315 0.15223
vn 0.89147 0.24862 0.37877
vn 0.90393 0.14292 0.40309
vn 0.95468 0.15024 0.25694
vn 0.86711 0.06175 0.49428
vn 0.84429 0.16687 0.50924
vn 0.94321 0.05163 0.32817
vn 0.83907 0.08407 0.53749
vn 0.9101 -0.00234 0.41438
vn 0.87394 0.03405 0.48484
vn 0.92768 0.02853 0.37229
vn 0.81524 -0.00661 0.57909
vn 0.62958 0.12375 0.76702
vn 0.75812 -0.00114 0.65211
vn 0.80079 0.20514 0.56272
vn 0.48068 -0.07997 0.87324
vn 0.33727 -0.0453 0.94032
vn 0.37076 -0.07517 0.92568
vn 0.90448 0.26957 0.33053
vn 0.8611 0.2653 0.43373
vn 0.73016 -0.02645 0.68276
vn 0.56076 -0.06199 0.82565
vn 0.38682 -0.11148 0.91539
vn 0.70763 -0.05308 0.70459
vn 0.95162 0.22116 0.2133
vn 0.89083 0.40284 -0.21012
vn 0.97361 0.2282 0.00172
vn 0.88287 0.34706 -0.31636
vn 0.95788 0.27503 0.08263
vn 0.9929 0.11889 -0.00413
vn 0.99862 0.05227 -0.00418
vn 0.91311 0.30223 0.27364
vn 0.84183 0.47506 -0.25619
vn 0.91122 0.40682 -0.06466
vn 0.79193 0.48186 -0.37504
vn 0.91358 0.30304 -0.27118
vn 0.73753 0.43655 -0.51523
vn 0.76491 0.42051 -0.48794
vn 0.64232 0.45985 -0.61316
vn 0.72088 0.47327 -0.50631
vn 0.94941 0.14209 -0.28006
vn 0.9729 0.13604 -0.187
vn 0.90363 0.2617 -0.33907
vn 0.88136 0.3022 -0.36316
vn 0.73094 0.3701 -0.57337
vn 0.56986 0.46063 -0.6805
vn 0.42211 0.43465 -0.79555
vn 0.54068 0.50742 -0.67096
vn 0.6671 0.52102 -0.53246
vn 0.78709 0.47078 -0.39856
vn 0.52674 0.47894 -0.70225
vn 0.42551 0.53857 -0.72724
vn 0.3695 0.52468 -0.76693
vn 0.39586 0.5499 -0.73546
vn 0.27333 0.58087 -0.76673
vn 0.41758 0.53783 -0.73237
vn 0.04103 -0.02257 0.9989
vn 0.03302 -0.03322 0.9989
vn -0.11619 -0.03368 0.99266
vn -0.15825 -0.02992 0.98695
vn -0.1353 -0.0576 0.98913
vn 0.25023 -0.04037 0.96734
vn 0.30436 0.00785 0.95252
vn 0.18994 0.00136 0.98179
vn 0.17277 -0.03171 0.98445
vn 0.38352 0.01132 0.92346
vn 0.12443 -0.02792 0.99184
vn 0.26942 -0.08234 0.9595
vn 0.14138 -0.07524 0.98709
vn -0.07983 -0.03723 0.99611
vn -0.29817 -0.02523 0.95418
vn 0.40361 0.45458 -0.79401
vn 0.25395 0.45797 -0.85193
vn 0.16874 0.46485 -0.86916
vn 0.21425 0.34309 -0.91454
vn 0.2437 0.45545 -0.85626
vn 0.28479 0.55445 -0.78198
vn 0.19528 0.54156 -0.81766
vn 0.1503 0.41818 -0.89584
vn -0.07112 0.496 -0.86541
vn 0.07876 0.44728 -0.89092
vn 0.17689 0.48355 -0.85726
vn 0.17335 0.58596 -0.79158
vn 0.06073 0.57001 -0.81939
vn 0.16797 0.45278 -0.87566
vn -0.01067 0.478 -0.87829
vn -0.04374 0.5286 -0.84775
vn 0.12921 0.6408 -0.75675
vn 0.03984 0.62499 -0.77962
vn -0.2832 -0.09445 0.9544
vn -0.32345 -0.0629 0.94415
vn -0.48176 -0.07019 0.87349
vn -0.40495 -0.02842 0.9139
vn -0.63657 -0.02449 0.77083
vn -0.71875 -0.04254 0.69397
vn -0.54727 -0.06226 0.83464
vn -0.41118 -0.01649 0.9114
vn -0.69946 -0.06221 0.71195
vn -0.60088 -0.0768 0.79564
vn -0.48915 -0.13896 0.86106
vn -0.65709 -0.08673 0.74881
vn -0.75988 -0.10192 0.64202
vn -0.83301 -0.12111 0.53984
vn -0.81309 -0.04425 0.58045
vn -0.86929 -0.01612 0.49404
vn -0.84697 0.00976 0.53156
vn -0.79726 -0.0074 0.6036
vn -0.83865 -0.02447 0.54412
vn -0.83632 0.01553 0.54802
vn -0.9418 -0.08727 0.32466
vn -0.92131 -0.087 0.37897
vn -0.93851 0.01619 0.34486
vn -0.95907 0.01671 0.28266
vn -0.92298 -0.03567 0.3832
vn -0.95543 0.1147 0.27202
vn -0.95277 0.07058 0.29539
vn -0.29666 0.49418 -0.81718
vn -0.28471 0.50041 -0.81764
vn -0.35685 0.47692 -0.80324
vn -0.29822 0.54327 -0.78481
vn -0.25936 0.55446 -0.79077
vn -0.29964 0.54515 -0.78296
vn -0.25214 0.61259 -0.74911
vn -0.59697 0.51355 -0.61636
vn -0.62729 0.52405 -0.57608
vn -0.64939 0.46775 -0.59959
vn -0.59022 0.4846 -0.64561
vn -0.58213 0.43377 -0.68773
vn -0.4234 0.475 -0.77143
vn -0.55669 0.53471 -0.63576
vn -0.50629 0.5099 -0.69546
vn -0.47634 0.62479 -0.61866
vn -0.52871 0.6273 -0.57181
vn -0.4743 0.54212 -0.69365
vn -0.19176 0.58374 -0.78897
vn -0.34766 0.53443 -0.7704
vn -0.17096 0.66809 -0.72417
vn -0.11092 0.62753 -0.77065
vn -0.34181 0.67415 -0.65475
vn -0.40763 0.63899 -0.65233
vn -0.43708 0.60844 -0.66239
vn -0.47172 0.58479 -0.65992
vn -0.50587 0.52805 -0.6821
vn -0.93661 0.12013 0.32912
vn -0.935 0.03764 0.35264
vn -0.91059 0.02312 0.41267
vn -0.83407 -0.06636 0.54766
vn -0.86984 -0.03278 0.49224
vn -0.9419 0.05085 0.33202
vn -0.92897 -0.02789 0.3691
vn -0.97732 0.06244 0.20234
vn -0.98612 0.13642 0.09465
vn -0.90329 0.37832 -0.20234
vn -0.94143 0.334 -0.04649
vn -0.93297 0.34521 -0.10193
vn -0.91887 0.36246 -0.15588
vn -0.95757 -0.04502 0.28466
vn -0.94609 -0.1052 0.30634
vn -0.95595 0.02609 0.29237
vn -0.99215 0.05665 0.11148
vn -0.99088 0.05369 0.12362
vn -0.97534 0.18375 -0.12229
vn -0.80361 0.41654 -0.4251
vn -0.8997 0.37661 -0.22068
vn -0.8885 0.3781 -0.26003
vn -0.77067 0.49998 -0.39509
vn -0.90607 0.35388 -0.23198
vn -0.91707 0.34812 -0.19443
vn -0.58976 0.60378 -0.53631
vn -0.98617 0.1337 -0.09795
vn -0.99252 0.10565 -0.0611
vn -0.90533 0.37445 0.2004
vn -0.83434 0.50423 -0.22276
vn -0.38938 0.74036 -0.54795
vn -0.37064 0.6386 -0.6744
vn -0.85665 0.50923 -0.08265
vn -0.73036 0.62709 -0.27078
vn -0.89239 0.45099 0.01566
vn 0.73865 0.3945 0.5466
vn 0.78177 0.35527 0.51247
vn 0.79072 0.45401 0.41066
vn 0.72073 0.30998 0.62005
vn 0.64195 0.31678 0.69825
vn 0.567 0.2721 0.77748
vn 0.81768 0.4561 0.35125
vn 0.81123 0.53677 0.23191
vn 0.83559 0.50915 0.20629
vn 0.84593 0.40349 0.3487
vn 0.78921 0.33665 0.51363
vn 0.61526 0.22562 0.75535
vn 0.76976 0.28413 0.57161
vn 0.87986 0.30164 0.36724
vn 0.84367 0.53625 -0.02581
vn 0.87724 0.4393 0.19358
vn 0.88838 0.45691 0.04494
vn 0.80824 0.55465 -0.19775
vn 0.91896 0.38042 0.10386
vn 0.90301 0.34079 0.26159
vn 0.84726 0.50762 -0.15645
vn 0.81048 0.55411 0.18996
vn 0.8247 0.56518 0.021
vn 0.80056 0.57982 -0.15139
vn 0.72023 0.59138 -0.36268
vn 0.67131 0.59467 -0.44239
vn 0.54945 0.55908 -0.62091
vn 0.76889 0.56938 -0.29089
vn 0.76233 0.58039 -0.28636
vn 0.61007 0.5594 -0.56115
vn 0.59837 0.58376 -0.5488
vn 0.61048 0.55201 -0.56798
vn 0.60238 0.55525 -0.57344
vn 0.6604 0.53039 -0.53157
vn 0.61161 0.56179 -0.55707
vn 0.72353 0.47635 -0.49959
vn 0.52958 0.55995 -0.63718
vn 0.2685 0.11302 0.95663
vn 0.34995 0.13689 0.92671
vn 0.15141 0.0294 0.98803
vn 0.05012 0.00725 0.99872
vn -0.09121 -0.03004 0.99538
vn 0.48654 0.28127 0.82714
vn 0.63302 0.34144 0.69477
vn 0.53516 0.30293 0.78856
vn 0.51527 0.2212 0.82799
vn 0.30908 0.15262 0.93871
vn 0.24138 0.1447 0.95958
vn 0.31111 0.19488 0.93018
vn 0.38335 0.044 0.92256
vn 0.40047 0.21261 0.8913
vn 0.30527 0.15005 0.94037
vn 0.40877 0.19733 0.89105
vn 0.16133 0.10011 0.98181
vn 0.06381 0.02531 0.99764
vn -0.11304 -0.04604 0.99252
vn 0.62311 0.53861 -0.56712
vn 0.61941 0.56408 -0.54603
vn 0.60433 0.58002 -0.54622
vn 0.49438 0.51246 -0.70212
vn 0.44229 0.5784 -0.68545
vn 0.32602 0.53574 -0.7789
vn 0.23606 0.52583 -0.81718
vn 0.32196 0.50338 -0.80184
vn 0.46601 0.5175 -0.71765
vn 0.38595 0.5421 -0.74644
vn 0.17726 0.53922 -0.8233
vn 0.50162 0.57497 -0.64636
vn 0.37244 0.53795 -0.75624
vn -0.23982 0.3673 -0.89865
vn -0.2397 0.29419 -0.9252
vn -0.13404 0.42782 -0.89387
vn 0.09724 0.43362 -0.89584
vn -0.01434 0.47656 -0.87902
vn -0.22037 0.50134 -0.83672
vn -0.22957 0.52082 -0.82222
vn -0.11828 0.51968 -0.84614
vn 0.04529 -0.04847 0.9978
vn -0.03898 -0.07036 0.99676
vn -0.24527 -0.21226 0.94593
vn -0.28052 -0.16393 0.94574
vn -0.47105 -0.26603 0.84104
vn -0.36719 -0.12961 0.92107
vn -0.54816 -0.15846 0.82122
vn -0.13179 -0.12651 0.98317
vn -0.46049 -0.32429 0.82631
vn -0.6338 -0.43274 0.64111
vn -0.57004 -0.40032 0.71749
vn -0.60085 -0.27728 0.74973
vn -0.76304 -0.26599 0.58908
vn -0.72781 -0.57637 0.3716
vn -0.80806 -0.48758 0.33062
vn -0.89511 -0.31386 0.31665
vn -0.68542 -0.18963 0.70302
vn -0.80317 -0.16567 0.57226
vn -0.88541 -0.05203 0.46189
vn -0.90201 -0.43097 -0.02541
vn -0.91631 -0.33716 -0.21611
vn -0.99442 -0.10473 0.01255
vn -0.96863 -0.20158 0.14535
vn -0.67102 0.00681 -0.74141
vn -0.71873 -0.13218 -0.68261
vn -0.5831 -0.08896 -0.80751
vn -0.766 -0.03007 -0.64214
vn -0.96489 -0.19652 -0.17427
vn -0.97396 0.11881 0.1931
vn -0.96633 0.22523 0.12441
vn -0.42305 0.29581 -0.85646
vn -0.39288 0.06832 -0.91705
vn -0.21787 0.21266 -0.95253
vn -0.44858 0.11525 -0.88628
vn 0.10534 0.37354 -0.92161
vn -0.54172 0.20577 -0.81498
vn -0.29237 0.4974 -0.81677
vn -0.34587 0.40852 -0.84468
vn -0.49832 0.536 -0.68146
vn -0.53734 0.49926 -0.67971
vn -0.56489 0.49206 -0.6624
vn -0.60638 0.07916 -0.79122
vn -0.71163 0.14269 -0.68792
vn -0.72917 0.02876 -0.68372
vn -0.79616 0.08487 -0.59911
vn -0.7589 0.27863 -0.58859
vn -0.64772 0.48073 -0.59106
vn -0.59901 0.49677 -0.62802
vn -0.6622 0.50549 -0.55314
vn -0.59636 0.49293 -0.63354
vn -0.60614 0.45192 -0.65449
vn -0.66993 0.47983 -0.56653
vn -0.80917 -0.47601 0.34447
vn -0.71981 -0.40731 0.56211
vn -0.86676 -0.47672 0.14653
vn -0.83617 -0.496 0.23409
vn -0.85497 -0.50868 0.10136
vn -0.8884 -0.416 0.19414
vn -0.9661 -0.12477 0.22601
vn -0.91534 -0.04566 0.40008
vn -0.81694 -0.50643 0.27593
vn -0.87218 -0.48274 0.07911
vn -0.88894 -0.45125 -0.07844
vn -0.89438 -0.42673 -0.13413
vn -0.87219 -0.23706 -0.42789
vn -0.82331 -0.23772 -0.51541
vn -0.88804 -0.35534 -0.29175
vn -0.94768 0.23986 0.21067
vn -0.944 0.18144 -0.27557
vn -0.92083 0.00701 -0.3899
vn -0.9068 0.38365 -0.17472
vn -0.88195 0.40418 -0.24247
vn -0.86814 0.40119 -0.29218
vn -0.8897 -0.44912 -0.08195
vn -0.77653 0.4081 -0.48007
vn 0.75749 0.49718 0.4231
vn 0.78553 0.50563 0.35676
vn 0.79239 0.54879 0.26637
vn 0.76518 0.6314 -0.1258
vn 0.70255 0.59149 -0.39569
vn 0.77115 0.63583 0.03244
vn 0.78603 0.61092 0.0945
vn 0.66939 0.60767 -0.42739
vn 0.80403 0.59457 0.00498
vn 0.79211 0.58315 0.18025
vn 0.74548 0.62532 -0.23074
vn 0.62463 0.646 -0.43877
vn 0.27557 0.07132 0.95863
vn 0.72635 0.50748 0.46355
vn 0.61657 0.38304 0.68784
vn 0.7192 0.46302 0.51804
vn 0.84026 0.51539 0.16832
vn 0.80999 0.5533 0.19433
vn 0.82456 0.56081 0.07483
vn 0.76682 0.55433 0.32358
vn 0.79382 0.51608 0.32175
vn 0.79606 0.58044 0.17141
vn 0.56512 0.2917 0.77172
vn 0.69191 0.41909 0.58789
vn 0.75933 0.52014 0.39099
vn 0.78739 0.57908 0.21136
vn 0.55615 0.40984 0.723
vn 0.66845 0.33267 0.66521
vn 0.50933 0.33646 0.79207
vn 0.45258 0.30954 0.83627
vn 0.78615 0.44066 0.43334
vn 0.85489 0.50897 0.10052
vn 0.84976 0.47558 0.22745
vn 0.44533 0.13479 0.88516
vn 0.26958 0.12293 0.9551
vn 0.32253 0.22185 0.9202
vn 0.8345 0.54683 0.06778
vn 0.80619 0.59165 0.00304
vn 0.81934 0.57145 -0.04618
vn 0.8013 0.57304 -0.17187
vn 0.78694 0.57277 -0.22949
vn 0.66335 0.53604 -0.52213
vn 0.60353 0.65834 -0.44981
vn 0.66157 0.59879 -0.45142
vn 0.59798 0.57072 -0.56276
vn 0.66845 0.52547 -0.52635
vn 0.81653 0.55141 -0.17095
vn 0.72165 0.5231 -0.45342
vn 0.66787 0.46905 -0.57787
vn 0.65376 0.47386 -0.58996
vn 0.75354 0.45761 -0.47199
vn 0.57742 0.47742 -0.66232
vn 0.61413 0.51419 -0.59871
vn 0.67678 0.56183 -0.47572
vn 0.52422 0.57425 -0.62883
vn 0.4562 0.56753 -0.68542
vn 0.51548 0.46246 -0.7214
vn 0.49106 0.52423 -0.69574
vn 0.32272 0.42917 -0.8436
vn 0.43808 0.47096 -0.76569
vn 0.11793 0.33806 -0.93371
vn 0.07182 -0.10422 0.99196
vn 0.14619 -0.04892 0.98805
vn -0.07859 -0.1575 0.98439
vn -0.23415 -0.27383 0.93284
vn 0.41648 0.21893 0.88239
vn 0.2428 0.03993 0.96925
vn 0.47939 0.08676 0.8733
vn 0.26348 -0.02855 0.96424
vn 0.28201 0.00043 0.95941
vn 0.64146 0.2198 0.73499
vn 0.05141 -0.10813 0.99281
vn 0.09134 -0.04295 0.99489
vn -0.07712 -0.17303 0.98189
vn -0.2735 -0.28214 0.91956
vn -0.46588 -0.35941 0.80857
vn -0.44735 -0.36675 0.81571
vn -0.6003 -0.41534 0.68347
vn 0.55333 0.36657 -0.74797
vn 0.45336 0.44368 -0.77305
vn -0.2354 0.13663 -0.96225
vn -0.2228 -0.02331 -0.97458
vn 0.00266 0.1284 -0.99172
vn -0.47614 -0.07144 -0.87646
vn -0.65119 -0.19042 -0.73464
vn 0.09892 0.28435 -0.9536
vn 0.10168 0.31502 -0.94362
vn -0.28796 0.08749 -0.95364
vn -0.08643 0.20569 -0.97479
vn -0.37578 0.08758 -0.92256
vn -0.43368 -0.06234 -0.89891
vn -0.39716 -0.06118 -0.91571
vn -0.3882 -0.16575 -0.90655
vn -0.62816 -0.14605 -0.76425
vn -0.60431 0.00106 -0.79675
vn -0.28055 -0.24027 0.92928
vn -0.35946 -0.33073 0.87259
vn -0.56971 -0.41144 0.71144
vn -0.55793 -0.44416 0.70103
vn -0.80821 -0.49961 0.31174
vn -0.81946 -0.50644 0.26833
vn -0.77201 -0.52305 0.36113
vn -0.63489 -0.43607 0.63777
vn -0.71577 -0.4695 0.51695
vn -0.70844 -0.48924 0.50868
vn -0.8031 -0.47614 0.35822
vn -0.83729 -0.48006 0.2617
vn -0.50602 -0.35441 0.78635
vn -0.64811 -0.39235 0.6527
vn -0.82573 -0.47514 0.30399
vn -0.83695 -0.47108 0.27857
vn -0.68511 -0.49682 0.53272
vn -0.85937 -0.49908 0.11142
vn -0.88205 -0.45784 0.11124
vn -0.8701 -0.49191 0.0308
vn -0.88371 -0.44159 -0.15511
vn -0.8937 -0.44818 0.02105
vn -0.87287 -0.36916 -0.3191
vn -0.88946 -0.42183 -0.17584
vn -0.83817 -0.37585 -0.39523
vn -0.55781 -0.2004 -0.80541
vn -0.63743 -0.24451 -0.73068
vn -0.56503 -0.30002 -0.76858
vn -0.71872 -0.33572 -0.60888
vn -0.76619 -0.25573 -0.58954
vn -0.70487 -0.17179 -0.68822
vn -0.8868 -0.391 -0.24638
vn -0.89707 -0.42558 -0.11895
vn -0.81264 -0.28299 -0.50945
vn -0.74148 -0.22137 -0.6334
vn -0.83655 -0.46471 -0.29022
vn -0.84945 -0.51302 -0.12346
vn -0.75669 -0.43132 -0.4913
vn -0.65296 -0.387 -0.65106
vn -0.64827 0.02539 -0.76098
vn 0.82187 0.36379 0.43839
vn 0.87527 0.36294 0.31966
vn 0.78773 0.34493 0.5104
vn 0.70605 0.27178 0.65393
vn 0.88412 0.45361 0.11209
vn 0.90141 0.43252 -0.01973
vn 0.89254 0.40444 0.19951
vn 0.85892 0.45303 0.23879
vn 0.69214 0.23793 0.68142
vn 0.82138 0.39962 0.40699
vn 0.86475 0.48739 0.12103
vn 0.8186 0.52245 -0.23862
vn 0.81786 0.48275 -0.31314
vn 0.86414 0.43149 -0.25897
vn 0.86197 0.50546 -0.03891
vn 0.64889 0.43039 -0.62746
vn 0.64605 0.33335 -0.68665
vn 0.68979 0.44461 -0.57142
vn 0.82646 0.51632 -0.22443
vn 0.75709 0.469 -0.45481
vn 0.68962 0.49748 -0.52624
vn 0.60406 0.50973 -0.61261
vn 0.41633 0.02072 0.90898
vn 0.53622 0.04523 0.84287
vn 0.35007 -0.05923 0.93485
vn 0.19696 -0.03455 0.9798
vn 0.2281 -0.10329 0.96814
vn 0.00069 -0.13681 0.9906
vn 0.34389 0.05833 0.9372
vn -0.00288 -0.07482 0.99719
vn 0.2148 0.04509 0.97562
vn 0.64483 0.21443 0.73363
vn 0.82505 0.26408 0.49955
vn 0.7064 0.1992 0.6792
vn 0.63835 0.17222 0.75024
vn 0.6011 0.17198 0.78045
vn 0.90033 0.37939 0.21326
vn 0.90048 0.32736 0.28632
vn 0.91327 0.37387 0.16172
vn 0.60606 0.19594 0.7709
vn 0.61504 0.1912 0.76496
vn 0.606 0.20656 0.76818
vn 0.3177 0.09012 0.9439
vn 0.56916 0.16583 0.80533
vn 0.20055 0.01876 0.9795
vn 0.89825 0.42015 -0.12891
vn 0.91489 0.39712 -0.07263
vn 0.87102 0.39386 -0.2936
vn 0.6329 0.38677 -0.67071
vn 0.60153 0.34915 -0.71851
vn 0.6647 0.29225 -0.68758
vn 0.6456 0.32899 -0.68917
vn 0.69704 0.27971 -0.66022
vn 0.62092 0.47168 -0.62608
vn 0.51586 0.48317 -0.70741
vn 0.63708 0.21819 -0.73927
vn 0.39261 0.11883 -0.912
vn 0.6868 0.21519 -0.69426
vn 0.51245 0.30838 -0.80143
vn -0.14741 -0.11024 -0.98291
vn 0.47733 0.39987 -0.78247
vn 0.24202 0.28269 -0.92818
vn 0.21304 0.25288 -0.94375
vn 0.21157 0.10241 -0.97198
vn 0.23762 0.1143 -0.96461
vn -0.18663 -0.07974 -0.97919
vn 0.20533 -0.14639 0.96768
vn 0.09811 -0.17712 0.97929
vn -0.0256 -0.25933 0.96545
vn -0.03853 -0.24986 0.96752
vn -0.23697 -0.34446 0.9084
vn -0.10649 -0.20303 0.97336
vn -0.27862 -0.33097 0.90157
vn -0.28074 -0.36322 0.8884
vn -0.19137 -0.28033 0.94063
vn -0.43034 -0.40435 0.80704
vn -0.42966 -0.4167 0.80109
vn -0.31366 -0.30603 0.89887
vn -0.52134 -0.37548 0.7663
vn -0.74752 -0.54067 0.38586
vn -0.79597 -0.53556 0.28213
vn -0.79577 -0.52445 0.30282
vn -0.54075 -0.5257 0.65668
vn -0.60447 -0.46086 0.64979
vn -0.82303 -0.52598 0.21441
vn -0.63072 -0.43416 0.6432
vn -0.72814 -0.47851 0.49075
vn -0.80024 -0.51251 0.31135
vn -0.81234 -0.51284 0.27766
vn -0.8254 -0.5545 0.10604
vn 0.14376 -0.00148 -0.98961
vn -0.05432 -0.0475 -0.99739
vn -0.52959 -0.32399 -0.78394
vn -0.34691 -0.29242 -0.89115
vn -0.61928 -0.39095 -0.68092
vn -0.56093 -0.33464 -0.75722
vn -0.8002 -0.49865 -0.33322
vn -0.74258 -0.45615 -0.4904
vn -0.79238 -0.48717 -0.36715
vn -0.82428 -0.53157 -0.1949
vn -0.55142 -0.30409 -0.77683
vn -0.54791 -0.3196 -0.77307
vn -0.43689 -0.26407 -0.85988
vn -0.58176 -0.35478 -0.7319
vn -0.67006 -0.42606 -0.60785
vn -0.62891 -0.43246 -0.64611
vn -0.80311 -0.54402 -0.24303
vn -0.82464 -0.55198 -0.12364
vn -0.73235 -0.48687 -0.47605
vn -0.18305 -0.16333 -0.96944
vn -0.18552 -0.08593 -0.97888
vn -0.23663 -0.17055 -0.95651
vn -0.37841 -0.20561 -0.90251
vn -0.27791 -0.33211 -0.90137
vn -0.60464 -0.33582 -0.72224
vn -0.30696 -0.10765 -0.94562
vn -0.6376 -0.43728 0.63424
vn -0.63145 -0.49847 0.59397
vn -0.69478 -0.5389 0.4763
vn -0.77718 -0.56507 0.27692
vn -0.79353 -0.56568 0.22431
vn -0.76769 -0.53013 0.36002
vn -0.84256 -0.53553 -0.05737
vn -0.82022 -0.54977 0.15811
vn -0.8372 -0.54599 -0.0316
vn -0.8146 -0.56156 0.14518
vn -0.84053 -0.54171 0.0076
vn -0.8456 -0.53363 -0.01425
vn -0.72701 -0.52327 0.44458
vn -0.78007 -0.54441 0.3084
vn -0.80622 -0.56805 0.16529
vn -0.80462 -0.59329 0.02446
vn -0.80182 -0.57579 -0.15986
vn -0.79586 -0.49737 -0.3453
vn -0.68766 -0.39587 -0.60861
vn -0.67499 -0.34998 -0.64954
vn -0.73433 -0.46022 -0.49896
vn -0.82113 -0.52364 -0.22703
vn 0.77118 0.11095 0.62688
vn 0.78253 0.23341 0.5772
vn 0.62884 0.16652 0.7595
vn 0.45052 -0.0296 0.89227
vn 0.39789 0.00903 0.91739
vn 0.35953 -0.03398 0.93252
vn 0.67661 0.10016 0.7295
vn 0.67304 0.07287 0.73601
vn 0.6645 0.03651 0.7464
vn 0.43339 -0.04971 0.89983
vn 0.57211 -0.05629 0.81824
vn 0.66829 0.10511 0.73644
vn 0.92356 0.17484 0.34128
vn 0.81159 0.12602 0.57047
vn 0.91171 0.22097 0.34634
vn 0.97408 0.22612 -0.00631
vn 0.97262 0.2157 0.08649
vn 0.96948 0.23565 -0.06772
vn 0.96474 0.21034 0.1582
vn 0.96723 0.20196 0.1539
vn 0.97636 0.21374 0.0323
vn 0.88043 0.29682 0.36978
vn 0.73838 0.13632 0.66047
vn 0.94445 0.32713 0.0315
vn 0.94138 0.28636 0.17832
vn 0.86397 0.21643 0.45465
vn 0.92937 0.21317 0.30137
vn 0.96437 0.24108 -0.10897
vn 0.96311 0.2648 0.04797
vn 0.60063 0.09609 0.79373
vn 0.95657 0.25422 -0.14266
vn 0.95629 0.23119 -0.17906
vn 0.79618 0.21596 -0.56521
vn 0.78626 0.15343 -0.59854
vn 0.82751 0.22564 -0.51411
vn 0.90722 0.33023 -0.26059
vn 0.88159 0.3643 -0.30014
vn 0.93022 0.32538 -0.16976
vn 0.92861 0.29333 -0.22724
vn 0.7388 0.29407 -0.60638
vn 0.74475 0.17726 -0.64337
vn 0.9219 0.18809 -0.33872
vn 0.93263 0.1897 -0.30694
vn 0.8214 0.17606 -0.5425
vn 0.76113 0.10738 -0.63965
vn 0.75241 0.16128 -0.63864
vn 0.84454 0.17998 -0.50435
vn 0.64388 0.12192 -0.75535
vn 0.64707 0.10953 -0.75453
vn 0.71648 0.13049 -0.6853
vn 0.56023 0.09047 -0.82338
vn 0.53063 0.17177 -0.83002
vn 0.37453 0.04433 0.92615
vn 0.38913 0.02242 0.92091
vn 0.43097 0.03143 0.90182
vn 0.25127 -0.07284 0.96517
vn 0.20653 -0.00738 0.97841
vn 0.02878 -0.14198 0.98945
vn 0.18823 -0.14168 0.97185
vn 0.00256 -0.22551 0.97424
vn -0.0318 -0.21669 0.97572
vn -0.05103 -0.02666 0.99834
vn -0.19943 -0.19173 0.96097
vn -0.06694 -0.13427 0.98868
vn 0.04875 0.02035 0.9986
vn 0.23053 0.08768 0.96911
vn -0.1431 -0.25396 0.95657
vn -0.34626 -0.33554 0.87608
vn -0.31085 -0.32756 0.89223
vn 0.6079 0.04771 -0.79258
vn 0.53296 0.03106 -0.84557
vn 0.49315 -0.0004 -0.86994
vn 0.34784 0.02186 -0.9373
vn -0.03069 -0.18519 -0.98222
vn -0.07469 -0.19239 -0.97847
vn 0.09437 -0.09372 -0.99112
vn -0.38239 -0.40397 -0.83102
vn -0.48799 -0.3756 -0.7879
vn -0.47966 -0.3904 -0.78582
vn -0.18934 -0.25881 -0.94719
vn -0.18466 -0.31681 -0.93034
vn -0.10184 -0.40046 -0.91064
vn -0.47733 -0.33901 -0.8107
vn -0.37439 -0.35672 -0.85591
vn -0.25447 -0.13119 -0.95814
vn 0.27365 -0.08944 -0.95766
vn 0.22681 -0.09239 -0.96955
vn -0.07342 -0.20973 -0.975
vn 0.11973 -0.05357 -0.99136
vn -0.13652 -0.14579 -0.97985
vn -0.16111 -0.15691 -0.97438
vn -0.29505 -0.19377 -0.93563
vn -0.16402 -0.12529 0.97847
vn -0.35827 -0.37628 0.85443
vn -0.38718 -0.27541 0.87991
vn -0.51994 -0.40391 0.75267
vn -0.32602 -0.15681 0.93227
vn -0.47342 -0.42972 0.7689
vn -0.55307 -0.53218 0.64101
vn -0.60824 -0.34673 0.71402
vn -0.5691 -0.27247 0.77581
vn -0.69978 -0.38352 0.60268
vn -0.66848 -0.47859 0.56928
vn -0.63413 -0.4989 0.59074
vn -0.7033 -0.53305 0.47036
vn -0.74439 -0.49684 0.44614
vn -0.79887 -0.49143 0.34686
vn -0.81637 -0.52822 0.23352
vn -0.77206 -0.57755 0.26525
vn -0.77041 -0.51608 0.37433
vn -0.74078 -0.55923 0.37218
vn -0.69187 -0.54021 0.47905
vn -0.80809 -0.56855 -0.1541
vn -0.77416 -0.63131 -0.04613
vn -0.81012 -0.58309 0.06086
vn -0.75843 -0.62599 0.18144
vn -0.74939 -0.58619 0.30789
vn -0.71031 -0.55033 0.43886
vn -0.7758 -0.60495 0.17938
vn -0.76844 -0.63839 -0.04417
vn -0.57433 -0.44362 -0.688
vn -0.4899 -0.40087 -0.77415
vn -0.60413 -0.3987 -0.68997
vn -0.63612 -0.44316 -0.63163
vn -0.45249 -0.37783 -0.80777
vn -0.49229 -0.46489 -0.73589
vn -0.76393 -0.501 -0.40671
vn -0.76586 -0.5349 -0.35685
vn -0.65479 -0.40637 -0.63727
vn -0.64173 -0.48619 -0.59313
vn -0.66587 -0.50787 -0.54652
vn -0.73531 -0.47964 -0.47881
vn -0.75224 -0.60552 -0.25977
vn -0.60599 -0.41117 -0.68097
vn -0.57696 -0.36024 -0.73303
vn -0.6669 -0.49756 -0.55469
vn -0.76113 -0.5489 -0.34552
vn -0.7759 -0.58704 -0.23103
vn -0.7271 -0.54241 -0.42085
vn -0.6408 -0.45961 -0.61492
vn -0.46123 -0.41362 -0.78497
vn -0.40399 -0.44921 -0.79687
vn -0.71859 -0.37013 0.58875
vn -0.7275 -0.4094 0.55058
vn -0.70414 -0.41141 0.57874
vn -0.82035 -0.46638 0.33093
vn -0.81284 -0.46707 0.34805
vn -0.81693 -0.4669 0.33856
vn -0.84321 -0.52461 -0.11739
vn -0.85646 -0.51505 0.03471
vn -0.82973 -0.55785 -0.01874
vn -0.84341 -0.47775 0.24578
vn -0.83767 -0.51621 0.17844
vn -0.83373 -0.54316 0.09939
vn -0.81723 -0.55632 -0.15049
vn -0.78484 -0.52883 -0.32306
vn -0.81311 -0.48005 -0.32924
vn -0.81597 -0.52729 -0.23696
vn 0.66131 0.30174 0.68675
vn 0.87802 0.37311 0.29979
vn 0.84806 0.30759 0.4315
vn 0.92285 0.27282 0.27187
vn 0.92744 0.30608 0.21489
vn 0.85043 0.26017 0.45725
vn 0.91438 0.26507 0.30604
vn 0.94724 0.26752 0.17654
vn 0.80337 0.36279 0.47221
vn 0.76818 0.49285 0.40865
vn 0.75099 0.37558 0.54311
vn 0.77547 0.32879 0.53901
vn 0.90135 0.42035 0.10429
vn 0.8516 0.5195 0.07002
vn 0.84239 0.45872 0.28277
vn 0.89719 0.42967 -0.10213
vn 0.94136 0.3374 -0.00075
vn 0.68654 0.31381 0.65589
vn 0.96109 0.27614 0.00705
vn 0.89331 0.35108 -0.2806
vn 0.93973 0.30122 -0.1618
vn 0.93436 0.23186 -0.27057
vn 0.90441 0.2275 -0.36094
vn 0.96297 0.22981 -0.14097
vn 0.94973 0.21605 -0.22656
vn 0.89766 0.17275 -0.40542
vn 0.74062 0.38773 -0.54878
vn 0.72567 0.42318 -0.54252
vn 0.78047 0.46083 -0.4225
vn 0.85199 0.51782 -0.0773
vn 0.83081 0.46263 -0.30939
vn 0.7098 0.34427 -0.61455
vn 0.73589 0.48379 -0.47372
vn 0.73101 0.31293 -0.60638
vn 0.70258 0.21937 -0.67694
vn 0.70683 0.29051 -0.64498
vn 0.77711 0.19972 -0.59684
vn 0.42823 0.49417 0.75659
vn 0.54659 0.38298 0.74469
vn 0.63088 0.41822 0.65352
vn 0.51826 0.21078 0.82884
vn 0.3655 0.42642 0.82739
vn 0.61236 0.26153 0.74606
vn 0.2205 0.22401 0.94932
vn 0.2146 0.19173 0.9577
vn 0.25286 0.17943 0.95072
vn 0.28728 0.15897 0.94456
vn 0.54402 0.22368 0.80871
vn 0.52704 0.21128 0.82315
vn 0.51499 0.2656 0.81501
vn 0.18575 0.13353 0.97348
vn 0.20811 0.31521 0.92592
vn 0.26619 0.49266 0.82851
vn 0.07614 0.21654 0.9733
vn 0.11381 0.35603 0.92752
vn 0.10501 0.13161 0.98572
vn -0.03028 0.10069 0.99446
vn -0.0526 0.02591 0.99828
vn 0.04304 0.06223 0.99713
vn 0.69266 0.48569 0.53323
vn 0.48831 0.5843 0.64819
vn 0.33501 0.56283 0.75564
vn 0.67034 0.47164 -0.57289
vn 0.53856 0.48714 -0.68749
vn 0.64062 0.42454 -0.63982
vn 0.60425 0.41059 -0.68286
vn 0.65557 0.34695 -0.67071
vn 0.66106 0.24057 -0.71073
vn 0.52195 0.5124 -0.68192
vn 0.57406 0.5285 -0.62541
vn 0.13511 0.2143 -0.96738
vn 0.31838 0.31207 -0.89512
vn 0.43597 0.37608 -0.81762
vn -0.10142 -0.16753 -0.98064
vn 0.52423 0.30432 -0.79534
vn 0.45597 0.40449 -0.79277
vn 0.39618 0.30334 -0.86662
vn 0.53225 0.17303 -0.82872
vn 0.30697 -0.03435 -0.9511
vn 0.28208 0.09154 -0.95501
vn 0.12079 0.08303 -0.9892
vn -0.1973 -0.04359 -0.97937
vn 0.03571 0.37511 0.92629
vn -0.01013 0.23587 0.97173
vn -0.1005 0.09419 0.99047
vn -0.10024 0.18702 0.97723
vn -0.26232 0.0197 0.96478
vn -0.14879 0.02141 0.98864
vn -0.35215 -0.05247 0.93447
vn -0.2659 0.09504 0.9593
vn -0.12167 0.2205 0.96777
vn -0.33806 0.00847 0.94109
vn -0.45682 -0.09306 0.88468
vn -0.40478 -0.13136 0.90493
vn -0.52824 -0.20069 0.82504
vn -0.60533 -0.2829 0.744
vn 0.27607 0.1734 -0.94537
vn 0.03458 -0.00075 -0.9994
vn -0.32952 -0.14361 -0.93316
vn -0.42658 -0.42355 -0.79915
vn -0.40866 -0.4903 -0.7698
vn -0.33717 -0.11843 -0.93397
vn -0.63243 -0.37769 -0.6763
vn -0.63015 -0.45489 -0.62927
vn -0.525 -0.50545 -0.68475
vn -0.5231 -0.38091 -0.76241
vn -0.68888 -0.43221 -0.58193
vn -0.74312 -0.39568 -0.53964
vn -0.62357 -0.28797 -0.72679
vn -0.16597 -0.16456 -0.9723
vn -0.11258 -0.17058 -0.97889
vn -0.28407 -0.27244 -0.91928
vn -0.30259 -0.18671 -0.93466
vn -0.31892 -0.13869 -0.93758
vn -0.2965 -0.19706 -0.93448
vn -0.54001 -0.3805 -0.75074
vn -0.28987 -0.15682 -0.94413
vn -0.58157 -0.2385 -0.77775
vn -0.4556 -0.12039 0.88201
vn -0.58064 -0.27192 0.76741
vn -0.64034 -0.24573 0.72773
vn -0.6932 -0.3537 0.62799
vn -0.71355 -0.39246 0.58036
vn -0.63592 -0.40793 0.65513
vn -0.75941 -0.57315 0.3079
vn -0.80839 -0.56977 0.14786
vn -0.84527 -0.46157 0.26922
vn -0.82892 -0.48064 0.28614
vn -0.70868 -0.37442 0.59799
vn -0.81335 -0.44265 0.37752
vn -0.824 -0.35804 0.43912
vn -0.85866 -0.47538 0.19163
vn -0.66988 -0.6551 0.34945
vn -0.70601 -0.68045 0.19634
vn -0.68964 -0.69175 0.21422
vn -0.55603 -0.34421 0.75654
vn -0.63372 -0.48538 0.60233
vn -0.62972 -0.62126 0.46635
vn -0.65821 -0.75276 -0.01087
vn -0.75037 -0.66098 -0.00692
vn -0.68338 -0.72649 0.0722
vn -0.87712 -0.48014 -0.01119
vn -0.74917 -0.56599 -0.34409
vn -0.74308 -0.65486 -0.13782
vn -0.62328 -0.73964 -0.25388
vn -0.50067 -0.70339 -0.50455
vn -0.46477 -0.64338 -0.60832
vn -0.60697 -0.57428 -0.54936
vn -0.36548 -0.74676 -0.55567
vn -0.82729 -0.50519 -0.24572
vn -0.7889 -0.47533 -0.38949
vn -0.6858 -0.46229 -0.56211
vn -0.61642 -0.77714 -0.12683
vn -0.61572 -0.7806 -0.10747
vn -0.57074 -0.80373 -0.16815
vn -0.53529 -0.76907 -0.34929
vn -0.37414 -0.80838 -0.45447
vn -0.3244 -0.76515 -0.55615
vn -0.24009 -0.7101 -0.6619
vn -0.30604 -0.70802 -0.63643
vn -0.64653 -0.71366 0.26961
vn -0.65706 -0.74606 0.10803
vn -0.5997 -0.77258 0.20849
vn -0.61992 -0.78414 0.02858
vn -0.55618 -0.82796 -0.07177
vn -0.5773 -0.81553 0.04043
vn 0.69757 0.63018 0.34097
vn 0.75995 0.58061 0.29219
vn 0.77295 0.62071 0.1314
vn 0.77338 0.54913 -0.31677
vn 0.74839 0.59371 -0.29568
vn 0.79106 0.59901 -0.12419
vn 0.72876 0.47616 -0.49211
vn 0.28798 0.573 0.76729
vn 0.28661 0.4627 0.8389
vn 0.47562 0.82766 0.29793
vn 0.44774 0.72349 0.52545
vn 0.51966 0.76521 0.38
vn 0.48823 0.86979 0.07134
vn 0.52419 0.84415 0.11242
vn 0.55272 0.83282 -0.03007
vn 0.52414 0.82375 0.21615
vn 0.49001 0.85018 0.19257
vn 0.55619 0.82972 0.04722
vn 0.44005 0.66077 0.60807
vn 0.60868 0.67884 0.41072
vn 0.59448 0.75674 0.2719
vn 0.68918 0.724 0.02915
vn 0.43507 0.85165 0.29224
vn 0.39881 0.79718 0.45327
vn 0.3741 0.66519 0.6462
vn 0.46874 0.86904 0.15829
vn 0.45346 0.85929 0.23662
vn 0.49836 0.86225 0.09038
vn 0.43333 0.82742 0.35722
vn 0.29273 0.62494 0.72372
vn 0.56613 0.81771 -0.10413
vn 0.53531 0.84344 -0.04531
vn 0.56857 0.79654 -0.20557
vn 0.53878 0.7386 -0.4052
vn 0.53383 0.81077 -0.24014
vn 0.64695 0.7232 -0.24174
vn 0.69099 0.63397 -0.34729
vn 0.617 0.56791 -0.54478
vn 0.54999 0.58498 -0.59607
vn 0.55715 0.56535 -0.60825
vn 0.54983 0.56019 -0.61958
vn 0.48874 0.84604 -0.21293
vn 0.53576 0.80847 -0.2436
vn 0.52549 0.83452 -0.16565
vn 0.48063 0.87245 -0.08843
vn 0.54163 0.60871 -0.57975
vn 0.50221 0.65457 -0.56509
vn 0.47276 0.5381 -0.69782
vn 0.53878 0.57067 -0.61972
vn 0.05084 0.38839 0.92009
vn -0.06694 0.29431 0.95336
vn 0.13277 0.45956 0.87817
vn -0.02401 0.31867 0.94756
vn 0.08654 0.40866 0.90857
vn 0.12561 0.32563 0.93712
vn 0.21413 0.49562 0.84173
vn 0.09753 0.31844 0.94291
vn 0.00597 0.24576 0.96931
vn 0.01778 0.26964 0.9628
vn -0.11459 0.16851 0.97902
vn 0.07486 0.33978 0.93752
vn -0.17152 0.15366 0.97312
vn 0.38082 0.77448 0.50514
vn 0.23691 0.64429 0.72716
vn 0.41754 0.78065 0.46503
vn 0.48322 0.68408 0.54638
vn 0.38321 0.65255 0.65371
vn 0.31781 0.67377 0.6671
vn 0.49819 0.84632 0.18852
vn 0.48729 0.83991 0.23893
vn 0.46397 0.83267 0.3023
vn 0.0936 0.53626 0.83885
vn 0.20748 0.43907 0.87417
vn 0.12443 0.38928 0.91268
vn 0.46115 0.60584 0.6483
vn 0.59609 0.76417 -0.24642
vn 0.56401 0.57546 -0.59223
vn 0.62835 0.60354 -0.49084
vn 0.58477 0.51941 -0.6231
vn 0.61657 0.67549 -0.40442
vn 0.56507 0.49863 -0.65732
vn 0.46496 0.44915 -0.76294
vn 0.69515 0.61071 -0.3792
vn 0.73632 0.61792 -0.27571
vn 0.69384 0.66586 -0.27425
vn 0.61288 0.4692 -0.63579
vn 0.58111 0.48521 -0.65337
vn -0.18781 -0.38161 -0.90504
vn -0.14494 -0.36003 -0.92161
vn -0.20978 -0.23101 -0.95007
vn 0.43719 0.3632 -0.82277
vn 0.50197 0.41468 -0.75899
vn 0.36225 0.2785 -0.8895
vn 0.35223 0.31225 -0.88229
vn -0.01596 -0.03933 -0.9991
vn 0.08543 0.11053 -0.99019
vn 0.26863 0.07829 -0.96006
vn 0.21156 -0.09153 -0.97307
vn 0.39839 0.08804 -0.91298
vn 0.53751 0.29431 -0.79023
vn 0.105 -0.0332 -0.99392
vn 0.03666 -0.27132 -0.96179
vn 0.09445 0.21474 0.97209
vn 2E-05 0.19275 0.98125
vn -0.13397 0.14766 0.97992
vn -0.24449 0.0592 0.96784
vn -0.10227 -0.03014 0.9943
vn -0.02209 0.06753 0.99747
vn -0.11938 -0.05016 0.99158
vn -0.2877 -0.20908 0.93462
vn -0.17176 0.05451 0.98363
vn -0.05327 0.02049 0.99837
vn -0.22246 -0.08174 0.97151
vn -0.3517 -0.09756 0.93101
vn -0.39005 -0.2485 0.88663
vn -0.38218 -0.32485 0.86511
vn -0.45716 -0.4384 0.77383
vn -0.54947 -0.56972 0.61115
vn -0.49296 -0.60431 0.62594
vn -0.61575 -0.65741 0.43435
vn -0.20339 -0.41446 -0.88705
vn -0.45315 -0.83924 -0.30055
vn -0.46461 -0.86324 -0.19737
vn -0.35622 -0.87209 -0.3355
vn 0.1348 -0.35604 -0.9247
vn 0.41945 -0.08321 -0.90396
vn 0.39529 -0.05466 -0.91693
vn 0.31314 -0.24334 -0.918
vn 0.0215 -0.55628 -0.83072
vn -0.09788 -0.50029 -0.86031
vn -0.23299 -0.43706 -0.86873
vn -0.18035 -0.67402 -0.71636
vn 0.04221 -0.55776 -0.82893
vn 0.07457 -0.55277 -0.82999
vn -0.10762 -0.62072 -0.77661
vn 0.11153 -0.38603 -0.91572
vn 0.31954 -0.26082 -0.91097
vn -0.12825 -0.67136 -0.72995
vn -0.02261 -0.59689 -0.80201
vn -0.19846 -0.7246 -0.65998
vn -0.29484 -0.80164 -0.52004
vn -0.2408 -0.76444 -0.59804
vn -0.18434 -0.09708 0.97806
vn -0.28196 -0.26102 0.92324
vn -0.34161 -0.42214 0.8397
vn -0.45809 -0.48179 0.74702
vn -0.43778 -0.61863 0.65241
vn -0.45329 -0.61709 0.64322
vn -0.53806 -0.57198 0.61914
vn -0.52176 -0.61914 0.58688
vn -0.56599 -0.71542 0.40968
vn -0.54604 -0.77288 0.32327
vn -0.54027 -0.81102 0.2244
vn -0.57912 -0.74725 0.32595
vn -0.48394 -0.81543 0.31761
vn -0.48128 -0.85135 0.20874
vn -0.35871 -0.58943 0.72381
vn -0.39645 -0.77992 0.48432
vn -0.38629 -0.71896 0.57782
vn -0.23465 -0.2152 0.94796
vn -0.32857 -0.48147 0.81255
vn -0.46968 -0.86656 0.16874
vn -0.48302 -0.84914 0.21365
vn -0.46754 -0.81738 0.33661
vn -0.45187 -0.82082 0.34938
vn -0.46936 -0.81582 0.33786
vn -0.52802 -0.84541 0.08044
vn -0.48249 -0.87523 0.03429
vn -0.51713 -0.85442 -0.0504
vn -0.43396 -0.89204 -0.12626
vn -0.35057 -0.86003 -0.37073
vn -0.35217 -0.90111 -0.25294
vn -0.43513 -0.8996 -0.03709
vn -0.42492 -0.88638 0.1838
vn -0.39998 -0.89715 0.18744
vn -0.41129 -0.90992 0.05363
vn -0.45426 -0.88987 0.04227
vn -0.32144 -0.91789 -0.2327
vn -0.35066 -0.92296 -0.1587
vn -0.35815 -0.93107 -0.06955
vn -0.38609 -0.92229 0.01779
vn -0.45538 -0.88997 0.02421
vn -0.48252 -0.87562 -0.02155
vn -0.42981 -0.90289 0.00694
vn -0.21184 -0.79709 -0.56549
vn -0.17598 -0.73502 -0.65481
vn -0.18376 -0.75716 -0.62685
vn -0.02909 -0.52141 -0.85281
vn -0.01014 -0.65455 -0.75595
vn -0.04544 -0.54917 -0.83447
vn -0.15302 -0.7509 -0.64244
vn -0.15554 -0.76058 -0.63034
vn -0.03039 -0.47545 -0.87922
vn -0.23813 -0.84747 -0.47444
vn -0.19697 -0.85169 -0.48561
vn -0.28063 -0.86272 -0.42067
vn -0.19041 -0.72633 -0.66044
vn -0.1383 -0.73594 -0.66277
vn -0.0778 -0.52281 -0.84889
vn -0.38722 -0.69822 0.60212
vn -0.41792 -0.88324 0.21266
vn -0.419 -0.8458 0.33026
vn -0.41786 -0.86103 0.28986
vn -0.40662 -0.84703 0.34234
vn -0.42388 -0.8288 0.36525
vn -0.42918 -0.83657 0.34053
vn -0.43689 -0.83021 0.34623
vn -0.44135 -0.85399 0.27552
vn -0.39616 -0.90657 0.14555
vn -0.41878 -0.89415 0.15851
vn -0.3892 -0.91349 0.11856
vn -0.35717 -0.90433 -0.23371
vn -0.40129 -0.91595 0.00055
vn -0.36027 -0.93109 -0.05734
vn -0.39843 -0.90132 0.1699
vn 0.48633 -0.85127 0.19703
vn 0.4853 -0.84496 0.22477
vn 0.28572 -0.90515 0.31475
vn -0.3776 -0.90903 0.17627
vn -0.32331 -0.9412 0.09802
vn -0.25235 -0.95614 -0.14871
vn -0.04958 -0.9423 0.33107
vn -0.19587 -0.87002 0.45244
vn -0.33307 -0.80994 -0.48277
vn 0.0548 -0.92239 -0.38235
vn -0.19713 -0.87104 -0.44992
vn -0.31247 -0.87127 -0.37848
vn -0.21403 -0.92499 -0.31397
vn -0.14726 -0.9582 -0.24527
vn -0.06334 -0.89762 -0.43619
vn -0.2288 -0.97302 -0.02976
vn -0.10226 -0.98854 -0.11105
vn -0.49369 -0.84766 0.19427
vn -0.41993 -0.88288 0.21019
vn -0.36776 -0.9106 0.18857
vn -0.4473 -0.87497 -0.18533
vn -0.40647 -0.90494 0.12596
vn -0.70698 -0.70136 -0.09089
vn -0.17998 -0.98295 0.0376
vn -0.64316 -0.76079 0.08684
vn -0.69263 -0.72015 0.04057
vn -0.65411 -0.74779 -0.11382
vn -0.58116 -0.7231 -0.37333
vn -0.63938 -0.7329 -0.23246
vn 0.48601 0.87173 0.06222
vn 0.50278 0.86206 0.06378
vn 0.49612 0.86645 -0.05584
vn 0.53938 0.83927 -0.06851
vn 0.43659 0.58197 0.68608
vn 0.40804 0.46637 0.78485
vn 0.30798 0.33901 0.88894
vn 0.55484 0.7731 0.30735
vn 0.59234 0.68862 0.41824
vn 0.59141 0.79949 0.10509
vn 0.61007 0.75602 0.23717
vn 0.73494 0.66433 0.13612
vn 0.71649 0.65758 0.23288
vn 0.70565 0.4807 0.52057
vn 0.72203 0.52778 0.44735
vn 0.61024 0.47432 0.63453
vn 0.54932 0.41554 0.72496
vn 0.87804 0.45026 0.16222
vn 0.85683 0.49605 0.14059
vn 0.82715 0.51465 0.22573
vn 0.7632 0.55567 0.32978
vn 0.82208 0.5424 0.17318
vn 0.80541 0.50452 0.31109
vn 0.55365 0.55784 0.61829
vn 0.66668 0.59396 0.45028
vn 0.8743 0.48458 -0.028
vn 0.82633 0.55407 0.10093
vn 0.78619 0.61716 -0.03197
vn 0.82857 0.52714 -0.18867
vn 0.65567 0.75484 0.01776
vn 0.64913 0.75787 -0.06536
vn 0.74499 0.6419 -0.18153
vn 0.8796 0.47492 0.02756
vn 0.87612 0.47334 -0.09149
vn 0.84584 0.44756 -0.29026
vn 0.84402 0.46326 -0.27022
vn 0.79735 0.43564 -0.41766
vn 0.80461 0.49793 -0.32352
vn 0.75583 0.62477 -0.1959
vn 0.67114 0.41339 -0.61537
vn 0.77897 0.45745 -0.42889
vn 0.79141 0.46094 -0.40151
vn 0.68768 0.36054 -0.63017
vn 0.65458 0.44269 -0.61282
vn 0.68497 0.34669 -0.6408
vn 0.69761 0.56784 -0.43692
vn 0.61444 0.3209 -0.72076
vn 0.5288 0.23581 -0.81533
vn 0.1563 0.3523 0.92274
vn 0.15582 0.28325 0.9463
vn 0.21243 0.32581 0.92126
vn 0.11295 0.20885 0.9714
vn 0.04798 0.16613 0.98494
vn -0.04642 0.02926 0.99849
vn 0.41652 0.42337 0.80453
vn 0.57892 0.4863 0.65449
vn 0.52168 0.44335 0.7289
vn 0.43971 0.38682 0.81057
vn 0.2653 0.37524 0.88815
vn 0.20032 0.24773 0.94789
vn 0.28034 0.21907 0.93457
vn 0.76455 0.53114 0.36517
vn 0.75614 0.53183 0.38132
vn 0.69575 0.53061 0.48413
vn 0.21546 0.23862 0.94691
vn 0.2318 0.23561 0.9438
vn 0.0585 0.16223 0.98502
vn 0.12541 0.12035 0.98478
vn -0.01527 0.10734 0.9941
vn -0.06599 0.07306 0.99514
vn 0.7127 0.44752 -0.54017
vn 0.79979 0.47138 -0.37166
vn 0.72356 0.40352 -0.56003
vn 0.81411 0.44469 -0.37346
vn 0.65374 0.25789 -0.71142
vn 0.59444 0.39426 -0.70085
vn 0.54885 0.12963 -0.82581
vn 0.49495 0.09644 -0.86356
vn 0.58822 0.27109 -0.76191
vn 0.59807 0.15881 -0.78555
vn 0.42369 -0.08876 -0.90145
vn 0.40937 -0.05836 -0.9105
vn 0.64087 0.44057 -0.62864
vn 0.60826 0.36567 -0.70449
vn 0.63399 0.31853 -0.70469
vn 0.51526 0.07575 -0.85368
vn 0.5846 0.27478 -0.76337
vn 0.44598 0.03767 -0.89425
vn 0.34799 -0.0813 -0.93397
vn 0.30508 -0.07902 -0.94904
vn 0.27196 -0.13151 -0.95328
vn 0.29982 -0.13727 -0.94407
vn 0.13737 -0.23789 -0.96153
vn 0.09527 0.2016 0.97482
vn 0.05549 0.1475 0.9875
vn -0.07233 0.08245 0.99397
vn -0.02502 0.11878 0.99261
vn -0.04673 0.04205 0.99802
vn -0.12777 -0.01667 0.99166
vn 0.00879 0.11248 0.99361
vn 0.00337 0.02756 0.99961
vn -0.05217 -0.00041 0.99864
vn -0.08567 -0.06235 0.99437
vn -0.11734 -0.1775 0.9771
vn -0.20111 -0.15491 0.96724
vn -0.2034 -0.19514 0.95945
vn -0.29133 -0.35793 0.88714
vn -0.29674 -0.4109 0.86204
vn 0.36603 -0.12615 -0.92201
vn 0.47858 0.07128 -0.87515
vn 0.32648 -0.1663 -0.93046
vn 0.29239 -0.18142 -0.93893
vn 0.22336 -0.24578 -0.94324
vn 0.17919 -0.30637 -0.93489
vn 0.12465 -0.41671 -0.90045
vn 0.25408 -0.23546 -0.93808
vn 0.19759 -0.2862 -0.93757
vn 0.33737 -0.1166 -0.93412
vn 0.08257 -0.36565 -0.92708
vn 0.03779 -0.44001 -0.8972
vn -0.04259 -0.50439 -0.86242
vn -0.10813 -0.66128 -0.7423
vn -0.15118 -0.69904 -0.69892
vn -0.04749 -0.56973 -0.82046
vn -0.05374 0.03017 0.9981
vn -0.08637 -0.0308 0.99579
vn -0.11361 -0.11632 0.98669
vn -0.17816 -0.16864 0.96944
vn -0.21228 -0.24152 0.94689
vn -0.22932 -0.35092 0.90789
vn -0.29812 -0.5262 0.79639
vn -0.42416 -0.65366 0.62675
vn -0.40347 -0.60344 0.6878
vn -0.0751 0.01131 0.99711
vn -0.08758 -0.12583 0.98818
vn -0.19771 -0.21988 0.95528
vn -0.25537 -0.3275 0.90969
vn -0.34829 -0.38781 0.8534
vn -0.38827 -0.56736 0.72619
vn -0.37803 -0.49105 0.78484
vn -0.41109 -0.66139 0.62735
vn -0.31553 -0.40117 0.85994
vn -0.44262 -0.60661 0.66039
vn -0.46576 -0.69573 0.54683
vn -0.4909 -0.70578 0.51078
vn -0.4178 -0.7629 0.49338
vn -0.43867 -0.82415 0.35826
vn -0.36854 -0.88588 0.28177
vn -0.39824 -0.88256 0.24998
vn 0.18462 -0.30805 -0.93329
vn 0.10065 -0.42048 -0.9017
vn -0.01154 -0.44608 -0.89492
vn -0.2758 -0.86296 -0.42337
vn -0.17844 -0.77471 -0.60662
vn -0.13243 -0.85164 -0.50712
vn -0.0985 -0.72527 -0.68138
vn -0.01777 -0.5909 -0.80655
vn -0.09226 -0.53467 -0.84001
vn -0.09489 -0.54129 -0.83547
vn -0.06735 -0.54436 -0.83614
vn -0.1371 -0.69457 -0.70624
vn 0.06663 -0.68552 -0.725
vn -0.1157 -0.69773 -0.70696
vn -0.18339 -0.68775 -0.7024
vn -0.26227 -0.69611 -0.66832
vn -0.21 -0.80975 -0.54792
vn -0.3459 -0.80639 -0.47968
vn -0.08427 -0.77491 -0.62643
vn 0.03773 -0.48851 -0.87174
vn 0.17377 -0.50267 -0.84683
vn 0.05462 -0.58097 -0.81209
vn 0.0934 -0.58648 -0.80456
vn -0.04913 -0.57947 -0.81351
vn 0.07125 -0.45618 -0.88703
vn 0.22125 -0.33831 -0.91465
vn 0.19429 -0.41898 -0.88696
vn -0.13393 -0.70623 -0.69519
vn -0.04516 -0.69404 -0.71852
vn -0.01964 -0.61699 -0.78673
vn -0.27062 -0.31026 0.91132
vn -0.24152 -0.22288 0.94445
vn -0.31227 -0.41263 0.8557
vn -0.36555 -0.50945 0.77899
vn -0.36996 -0.59536 0.71321
vn -0.43925 -0.62538 0.64495
vn -0.4291 -0.75965 0.48868
vn -0.38294 -0.84101 0.38217
vn -0.44218 -0.69131 0.57146
vn -0.47096 -0.71559 0.51588
vn -0.38805 -0.51122 0.76686
vn -0.47809 -0.70367 0.52562
vn -0.36663 -0.71627 0.59375
vn -0.27555 -0.44919 0.84988
vn -0.44584 -0.82402 0.34959
vn -0.49309 -0.81229 0.31152
vn -0.46227 -0.77776 0.42591
vn -0.45576 -0.79225 0.40573
vn -0.48999 -0.75239 0.44025
vn -0.59388 -0.7416 0.31199
vn -0.53567 -0.78003 0.32344
vn -0.43597 -0.80619 0.39999
vn -0.61581 -0.75508 0.225
vn -0.50978 -0.84897 0.1392
vn -0.64325 -0.75867 0.10323
vn -0.44906 -0.84686 0.2849
vn -0.42546 -0.88215 0.20199
vn -0.38433 -0.90674 0.17356
vn -0.48167 -0.84421 0.23516
vn -0.35972 -0.92914 0.08544
vn -0.52402 -0.84257 0.1244
vn -0.50542 -0.86014 0.06863
vn -0.39924 -0.91535 0.05225
vn -0.56088 -0.79204 -0.24101
vn -0.4717 -0.87533 -0.10625
vn -0.4443 -0.86034 -0.24983
vn -0.19446 -0.70779 -0.67913
vn -0.21933 -0.71779 -0.66081
vn -0.13693 -0.74196 -0.65631
vn -0.21921 -0.78394 -0.58084
vn -0.35171 -0.73993 -0.57341
vn -0.50351 -0.84992 -0.15528
vn -0.51881 -0.8176 -0.24972
vn -0.36601 -0.75281 -0.5471
vn -0.57195 -0.68137 -0.45673
vn -0.30768 -0.9455 -0.10663
vn -0.25574 -0.94211 -0.21688
vn -0.38508 -0.91872 -0.08751
vn -0.11352 -0.84582 -0.52125
vn -0.24624 -0.75784 -0.60419
vn -0.24081 -0.87296 -0.4242
vn -0.36865 -0.90309 -0.22028
vn -0.49445 -0.85027 -0.18045
vn -0.36773 -0.92901 -0.04148
vn -0.32198 -0.94672 0.00675
vn -0.17138 -0.73063 -0.66091
vn -0.07052 -0.48996 -0.86889
vn -0.11574 -0.69496 -0.70967
vn -0.11686 -0.71629 -0.68794
vn -0.542 -0.56822 0.61916
vn -0.50887 -0.77366 0.3775
vn -0.48959 -0.75838 0.4303
vn -0.54309 -0.73 0.41493
vn -0.53345 -0.71122 0.45781
vn -0.49492 -0.60552 0.62322
vn -0.55686 -0.64225 0.52671
vn -0.5156 -0.7165 0.46989
vn -0.61284 -0.67787 0.40611
vn -0.51862 -0.77995 0.35029
vn -0.48593 -0.83128 0.26991
vn -0.53106 -0.80627 0.26057
vn -0.42962 -0.88835 0.16206
vn -0.32194 -0.94583 0.04205
vn -0.52793 -0.83791 0.13855
vn -0.44891 -0.89206 0.05204
vn -0.58152 -0.74967 0.31595
vn -0.6033 -0.76219 0.23472
vn -0.6446 -0.74207 0.1839
vn -0.58731 -0.79818 0.13405
vn -0.57194 -0.81819 0.0588
vn -0.59429 -0.80363 0.03169
vn -0.4067 -0.91319 -0.02602
vn -0.36561 -0.92771 -0.07541
vn -0.45243 -0.87562 -0.16909
vn -0.42231 -0.81212 -0.40262
vn -0.4954 -0.80892 -0.31659
vn -0.52144 -0.83221 -0.18847
vn -0.46463 -0.76465 -0.44658
vn -0.51537 -0.85693 -0.00757
vn -0.61916 -0.78058 -0.08569
vn -0.652 -0.75818 0.00775
vn -0.59135 -0.76567 -0.25309
vn -0.59264 -0.71779 -0.36545
vn -0.53984 -0.67448 -0.50365
vn -0.39372 -0.67685 -0.62198
vn -0.37491 -0.68336 -0.62647
vn 0.80993 0.56017 0.17384
vn 0.81216 0.58325 -0.01449
vn 0.77703 0.61867 -0.11605
vn 0.79144 0.60443 0.09101
vn 0.78823 0.59638 0.15173
vn 0.78147 0.59888 -0.17507
vn 0.84211 0.53848 0.02981
vn 0.84771 0.52325 -0.08716
vn 0.82605 0.49035 -0.27784
vn 0.19167 0.27192 0.94304
vn 0.64402 0.56019 0.52098
vn 0.46885 0.42943 0.77186
vn 0.63442 0.54149 0.55162
vn 0.69577 0.58433 0.41768
vn 0.63819 0.50462 0.58144
vn 0.52477 0.38882 0.75726
vn 0.77594 0.58794 0.22857
vn 0.70007 0.58305 0.41225
vn 0.71117 0.65619 0.25231
vn 0.46612 0.49483 0.7334
vn 0.47044 0.51563 0.71611
vn 0.36294 0.41465 0.83447
vn 0.22046 0.30507 0.92646
vn 0.76524 0.49027 0.41718
vn 0.71953 0.58177 0.37923
vn 0.69328 0.51011 0.50907
vn 0.79591 0.47133 0.37997
vn 0.75923 0.53262 0.37401
vn 0.28896 0.33169 0.89805
vn 0.21975 0.28143 0.93408
vn 0.25547 0.35233 0.90033
vn 0.26269 0.35774 0.89611
vn 0.61464 0.66787 0.41973
vn 0.76919 0.59838 0.22426
vn 0.80344 0.59536 0.00571
vn 0.75094 0.61516 -0.24014
vn 0.75652 0.59883 0.26284
vn 0.763 0.53797 -0.35836
vn 0.723 0.60668 -0.33047
vn 0.76989 0.58218 -0.26143
vn 0.75939 0.57367 0.30696
vn 0.83974 0.54034 0.05355
vn 0.8255 0.56406 -0.01955
vn 0.82095 0.54799 -0.16045
vn 0.78059 0.53369 -0.32535
vn 0.77996 0.52971 -0.33328
vn 0.70038 0.51608 -0.49308
vn 0.72707 0.56861 -0.38478
vn 0.79173 0.41676 -0.44662
vn 0.70545 0.5288 -0.47191
vn 0.62232 0.5924 -0.51164
vn 0.64802 0.46852 -0.60046
vn 0.65232 0.48178 -0.58512
vn 0.6807 0.40207 -0.61236
vn 0.65706 0.44625 -0.60756
vn 0.67229 0.49753 -0.54817
vn 0.67888 0.44057 -0.58738
vn 0.63209 0.58772 -0.50501
vn 0.71543 0.4916 -0.49647
vn 0.62226 0.35646 -0.69695
vn 0.66261 0.36917 -0.65166
vn 0.65477 0.36424 -0.66228
vn 0.57401 0.30295 -0.76075
vn -0.0091 0.06587 0.99779
vn 0.24996 0.32674 0.91146
vn 0.17819 0.25704 0.94983
vn 0.24686 0.3346 0.90945
vn 0.1949 0.39238 0.89892
vn 0.19116 0.30671 0.93241
vn 0.34497 0.46909 0.81299
vn 0.10569 0.20746 0.97252
vn 0.11478 0.21328 0.97022
vn 0.03436 0.17551 0.98388
vn 0.05955 0.16111 0.98514
vn 0.09754 0.20218 0.97448
vn 0.05406 0.37005 0.92744
vn -0.02333 0.18825 0.98184
vn 0.1616 0.38221 0.90983
vn 0.03981 0.13382 0.99021
vn -0.0106 0.11894 0.99284
vn 0.68622 0.53485 -0.49298
vn 0.67779 0.58368 -0.44712
vn 0.64638 0.57068 -0.50648
vn 0.69374 0.52006 -0.49826
vn 0.58421 0.35405 -0.73031
vn 0.54997 0.3444 -0.76087
vn 0.56947 0.43066 -0.70017
vn 0.64621 0.47356 -0.59846
vn 0.53107 0.55581 -0.63956
vn 0.4238 0.06453 -0.90345
vn 0.55384 0.28324 -0.78296
vn 0.50425 0.18125 -0.84432
vn 0.52894 0.41644 -0.73946
vn 0.50102 0.45945 -0.73341
vn 0.49068 0.573 -0.65643
vn 0.51793 0.2971 -0.80218
vn 0.44457 0.04249 -0.89473
vn 0.38952 0.06695 -0.91858
vn 0.42544 0.26621 -0.86495
vn 0.27713 -0.00621 -0.96081
vn 0.27431 -0.16144 -0.94799
vn -0.05632 0.16007 0.9855
vn -0.07231 0.34089 0.93732
vn -0.01681 0.38972 0.92078
vn -0.01733 0.22992 0.97306
vn -0.02513 0.136 0.99039
vn -0.05944 0.07365 0.99551
vn -0.06077 0.06069 0.99631
vn -0.00845 0.14326 0.98965
vn 0.01373 0.32185 0.94669
vn -0.04673 0.10839 0.99301
vn 0.03714 0.34687 0.93718
vn -0.05601 0.06188 0.99651
vn -0.05982 0.00584 0.99819
vn -0.16202 -0.06763 0.98447
vn 0.47273 0.44935 -0.75803
vn 0.39856 0.28301 -0.87238
vn 0.30183 0.03093 -0.95286
vn 0.33706 0.19755 -0.92052
vn 0.26638 -0.01763 -0.96371
vn 0.25736 -0.1439 -0.95554
vn 0.23509 -0.17727 -0.95567
vn 0.39177 0.31115 -0.86585
vn 0.35653 0.17716 -0.91733
vn 0.2986 0.02692 -0.954
vn 0.46592 0.05961 -0.88282
vn 0.24494 -0.12431 -0.96154
vn 0.30425 -0.1632 -0.93851
vn 0.22363 -0.20166 -0.95358
vn 0.31472 -0.08719 -0.94517
vn 0.23212 -0.29409 -0.92716
vn 0.11662 -0.361 -0.92525
vn -0.07236 0.04596 0.99632
vn -0.0426 0.03748 0.99839
vn -0.04075 0.25157 0.96698
vn 0.05809 0.2373 0.9697
vn -0.00544 0.12485 0.99216
vn -0.04213 -0.00535 0.9991
vn -0.12189 -0.07044 0.99004
vn -0.14299 -0.15583 0.97738
vn 0.09354 0.09389 0.99118
vn -0.02113 -0.00629 0.99976
vn -0.08911 -0.0833 0.99253
vn -0.16352 -0.17657 0.97061
vn -0.27514 -0.26369 0.92453
vn -0.18603 -0.25874 0.94786
vn -0.3149 -0.39079 0.86494
vn -0.25794 -0.31281 0.91412
vn -0.41085 -0.40645 0.81609
vn -0.24515 -0.64307 -0.7255
vn 0.43585 -0.03538 -0.89932
vn 0.15984 -0.23191 -0.95952
vn 0.03873 -0.31269 -0.94906
vn 0.17394 -0.22668 -0.95831
vn 0.26023 -0.05964 -0.9637
vn -0.06527 -0.53034 -0.84527
vn -0.02172 -0.49109 -0.87084
vn -0.0314 -0.56118 -0.8271
vn 0.06858 -0.37573 -0.92419
vn 0.04731 -0.19615 -0.97943
vn -0.05541 -0.34956 -0.93527
vn -0.00402 -0.2973 -0.95477
vn -0.19761 -0.39796 -0.89587
vn -0.14328 -0.42311 -0.89468
vn -0.18999 -0.44219 -0.87657
vn -0.07967 -0.39445 -0.91546
vn -0.15488 -0.59516 -0.78854
vn -0.14769 -0.60346 -0.7836
vn -0.10621 -0.53047 -0.84102
vn 0.0099 -0.41842 -0.9082
vn -0.08623 -0.0932 0.99191
vn -0.19755 0.00836 0.98026
vn -0.26915 -0.21453 0.9389
vn -0.23731 -0.33779 0.91081
vn -0.43373 -0.39062 0.81197
vn -0.28326 -0.45285 0.84539
vn -0.45027 -0.50568 0.7359
vn -0.50243 -0.53998 0.67526
vn -0.47383 -0.33045 0.81626
vn -0.5676 -0.47331 0.67365
vn -0.52045 -0.45461 0.72281
vn -0.41403 -0.21738 0.88392
vn -0.49646 -0.48143 0.72232
vn -0.59709 -0.54153 0.5918
vn -0.60981 -0.54956 0.57106
vn -0.59799 -0.51161 0.61697
vn -0.60651 -0.55261 0.57164
vn -0.6178 -0.59538 0.51366
vn -0.67135 -0.60454 0.42874
vn -0.67142 -0.61801 0.40899
vn -0.67245 -0.61527 0.4114
vn -0.58014 -0.69546 0.42401
vn -0.65171 -0.67081 0.35396
vn -0.66543 -0.69643 0.26868
vn -0.72732 -0.65948 0.18996
vn -0.715 -0.68058 0.15995
vn -0.73488 -0.67815 0.00865
vn -0.75471 -0.64928 -0.0941
vn -0.69973 -0.70717 -0.10146
vn -0.67984 -0.68088 -0.27244
vn -0.73355 -0.64157 -0.22426
vn -0.68738 -0.63365 -0.35497
vn -0.28258 -0.5566 -0.78125
vn -0.30365 -0.56727 -0.76551
vn -0.1713 -0.49553 -0.85153
vn -0.3266 -0.58108 -0.74544
vn -0.05204 -0.38519 -0.92137
vn -0.03777 -0.47229 -0.88063
vn -0.05963 -0.40195 -0.91372
vn -0.47279 -0.42274 -0.77315
vn -0.49406 -0.5099 -0.70421
vn -0.1431 -0.27596 -0.95046
vn -0.36444 -0.61393 -0.7002
vn -0.49086 -0.59419 -0.63718
vn -0.61864 -0.47225 -0.62791
vn -0.63665 -0.47389 -0.60837
vn -0.61156 -0.39916 -0.68312
vn -0.52578 -0.54544 -0.65273
vn -0.61678 -0.53531 -0.57709
vn -0.56533 -0.35947 -0.74241
vn -0.50964 -0.26938 -0.81713
vn -0.6308 -0.60313 -0.48819
vn -0.64286 -0.52615 -0.55669
vn -0.57049 -0.4276 0.70121
vn -0.58079 -0.51857 0.62752
vn -0.59986 -0.52494 0.60382
vn -0.58471 -0.53956 0.60579
vn -0.5949 -0.45856 0.66017
vn -0.66221 -0.43532 0.6099
vn -0.76638 -0.5333 0.35812
vn -0.79228 -0.52686 0.30775
vn -0.77909 -0.52303 0.34564
vn -0.75343 -0.57039 0.32709
vn -0.70675 -0.59446 0.38356
vn -0.72721 -0.5988 0.33556
vn -0.76606 -0.61253 0.19481
vn -0.78036 -0.61702 0.10162
vn -0.79966 -0.5794 0.15757
vn -0.68934 -0.65451 0.31052
vn -0.76301 -0.63014 0.14403
vn -0.74266 -0.60737 0.28207
vn -0.77978 -0.61605 0.11145
vn -0.78021 -0.62365 0.04832
vn -0.80097 -0.59769 0.0348
vn -0.77686 -0.56728 0.27329
vn -0.78188 -0.5953 0.18516
vn -0.80157 -0.58621 0.11764
vn -0.76709 -0.6365 0.08021
vn -0.78396 -0.62063 0.01485
vn -0.77032 -0.63741 -0.01752
vn -0.80066 -0.58395 -0.13395
vn -0.78924 -0.6128 -0.03961
vn -0.76591 -0.62574 -0.14773
vn -0.66266 -0.51945 -0.5395
vn -0.7063 -0.56754 -0.42314
vn -0.67843 -0.59133 -0.43597
vn -0.73795 -0.6032 -0.30262
vn -0.76487 -0.57188 -0.29651
vn -0.7279 -0.52764 -0.4379
vn -0.76731 -0.62909 -0.12439
vn -0.78904 -0.61276 -0.04401
vn -0.7674 -0.59059 -0.24962
vn -0.69398 -0.57633 -0.43154
vn -0.78211 -0.6172 -0.08588
vn -0.8006 -0.59785 -0.04015
vn -0.76268 -0.61025 -0.21425
vn -0.7406 -0.59146 -0.31887
vn -0.65896 -0.50435 -0.55804
vn -0.63989 -0.43751 -0.63176
vn -0.5961 -0.47367 -0.64831
vn 0.46198 0.64474 0.60901
vn 0.58174 0.61866 0.52806
vn 0.59441 0.68985 0.41327
vn 0.60023 0.79577 0.08054
vn 0.51279 0.8581 -0.02648
vn 0.4429 0.86852 0.22252
vn 0.4809 0.81222 0.3302
vn 0.60269 0.78423 -0.14748
vn 0.71517 0.69149 0.10186
vn 0.5996 0.71152 0.36635
vn 0.74082 0.65353 -0.15519
vn 0.69541 0.64164 -0.32358
vn 0.33125 0.56426 0.75623
vn 0.2818 0.55329 0.78387
vn 0.26865 0.58239 0.76724
vn 0.38579 0.7304 0.56363
vn 0.50658 0.77743 0.3728
vn 0.33891 0.86005 0.38139
vn 0.25943 0.72387 0.63931
vn 0.30449 0.8647 0.39947
vn 0.28803 0.88975 0.35409
vn 0.23689 0.85556 0.46033
vn 0.19873 0.76269 0.61547
vn 0.08852 0.75123 0.65408
vn 0.14609 0.50787 0.84896
vn 0.01128 0.56369 0.82591
vn 0.11692 0.53405 0.83733
vn 0.17177 0.62228 0.76371
vn 0.36775 0.86394 0.34405
vn 0.39525 0.90192 0.17412
vn 0.33615 0.93396 -0.12134
vn 0.44497 0.88783 -0.11731
vn 0.4204 0.88807 -0.18599
vn 0.38216 0.92409 -0.00238
vn 0.35133 0.92276 0.15835
vn 0.5549 0.78097 -0.28664
vn 0.33393 0.8745 0.35175
vn 0.64666 0.71531 -0.26486
vn 0.29832 0.95434 0.01587
vn 0.27398 0.91807 0.28649
vn 0.12427 0.96136 0.24565
vn 0.08489 0.9621 0.25916
vn 0.07455 0.94003 0.33284
vn 0.32006 0.94465 -0.07204
vn 0.35227 0.92298 -0.15493
vn 0.31861 0.94677 -0.04595
vn 0.13157 0.99131 -0.00021
vn 0.10451 0.98742 0.11863
vn 0.13831 0.97625 0.16672
vn 0.31262 0.94796 -0.06032
vn 0.53029 0.66547 -0.5253
vn 0.3583 0.92237 -0.14442
vn 0.6002 0.6329 -0.48908
vn 0.53966 0.67289 -0.50595
vn 0.52204 0.6835 -0.51019
vn 0.44102 0.74676 -0.49785
vn 0.56265 0.62221 -0.54431
vn 0.58656 0.62781 -0.51166
vn 0.55048 0.66835 -0.50027
vn 0.4379 0.71508 -0.54489
vn 0.52698 0.76595 -0.36826
vn 0.50261 0.77684 -0.37935
vn 0.37029 0.87326 -0.3167
vn 0.37606 0.78565 -0.49126
vn 0.55577 0.60795 -0.56702
vn 0.53868 0.55926 -0.63012
vn 0.52464 0.67367 -0.5205
vn 0.49457 0.70027 -0.5148
vn 0.44481 0.72156 -0.53057
vn 0.48639 0.69193 -0.53354
vn 0.47977 0.68652 -0.54637
vn 0.49881 0.62708 -0.5983
vn 0.10682 0.90696 0.40744
vn 0.09602 0.87464 0.47517
vn 0.05808 0.93607 0.34699
vn -0.0233 0.79355 0.60807
vn 0.03051 0.78475 0.61906
vn -0.05106 0.76293 0.64446
vn 0.06653 0.91512 0.39766
vn 0.11386 0.91173 0.39471
vn 0.14128 0.90943 0.39112
vn -0.05716 0.48091 0.87491
vn -0.0148 0.49714 0.86755
vn -0.04681 0.55022 0.83371
vn 0.06379 0.64435 0.76207
vn -0.04356 0.78901 0.61283
vn -0.0746 0.76951 0.63427
vn -0.03045 0.74806 0.66294
vn 0.09977 0.79756 0.59493
vn 0.24366 0.70122 0.67002
vn 0.47144 0.55176 0.68797
vn 0.12695 0.71362 0.68894
vn 0.33169 0.60551 0.72342
vn 0.11637 0.49513 0.86099
vn 0.04285 0.53372 0.84457
vn -0.03335 0.54486 0.83786
vn -0.06601 0.61569 0.78522
vn -0.00887 0.76753 0.64096
vn 0.04507 0.75848 0.65014
vn 0.04083 0.95722 0.28646
vn 0.30198 0.91933 0.25227
vn 0.08104 0.97876 0.18832
vn 0.12542 0.97631 0.17631
vn 0.04409 0.95372 0.29744
vn 0.07929 0.99684 0.00568
vn 0.08894 0.99603 0.00447
vn 0.13279 0.98815 -0.07692
vn 0.05367 0.99575 0.0749
vn 0.49626 0.80803 0.31751
vn 0.44953 0.86577 0.21992
vn 0.57056 0.80007 0.18531
vn 0.53041 0.84441 0.07507
vn 0.76766 0.63301 0.10001
vn 0.7434 0.6633 0.08594
vn 0.44099 0.89499 0.06728
vn 0.34526 0.88395 -0.31532
vn 0.21279 0.96813 -0.13207
vn 0.44489 0.89542 -0.01705
vn 0.42575 0.88567 -0.18529
vn 0.60221 0.79291 -0.09294
vn 0.55844 0.75364 -0.34666
vn 0.64667 0.51266 -0.56479
vn 0.60383 0.57127 -0.55591
vn 0.63041 0.56998 -0.52698
vn 0.6152 0.68463 -0.39092
vn 0.72022 0.69361 0.01409
vn 0.76353 0.63359 -0.12485
vn 0.65899 0.66464 -0.35211
vn 0.79603 0.5362 -0.28076
vn 0.785 0.41968 -0.45567
vn 0.59654 0.60918 -0.52253
vn 0.58779 0.53467 -0.60715
vn 0.59334 0.58063 -0.55751
vn 0.59116 0.55352 -0.58664
vn 0.54051 0.4669 -0.69989
vn 0.47829 0.39562 -0.78405
vn 0.57427 0.26144 -0.7758
vn 0.5416 0.31623 -0.77889
vn 0.57814 0.41789 -0.7008
vn 0.55127 0.37704 -0.74427
vn 0.59688 0.5151 -0.61515
vn 0.50213 0.16694 -0.84853
vn 0.49413 0.19143 -0.84805
vn 0.51177 0.11111 -0.85191
vn 0.3484 0.21073 0.91335
vn 0.24222 0.15035 0.9585
vn 0.23284 0.26659 0.93526
vn 0.71355 0.20879 0.66877
vn 0.59902 0.40514 0.69068
vn 0.42323 0.45701 0.78232
vn 0.52558 0.28197 0.80266
vn 0.17017 0.18187 0.96849
vn 0.10125 0.31646 0.94319
vn 0.1913 0.40216 0.89536
vn 0.19796 0.62538 0.7548
vn 0.38829 0.37095 0.84358
vn 0.24633 0.35728 0.90093
vn 0.25583 0.06006 0.96485
vn 0.279 -0.00878 0.96025
vn 0.0709 -0.0351 0.99687
vn 0.14387 0.08641 0.98582
vn 0.4527 0.15951 0.87728
vn 0.46184 0.07107 0.88411
vn 0.62729 0.148 0.76459
vn 0.46316 0.19334 0.86493
vn 0.11106 0.17638 0.97804
vn -0.00034 0.12396 0.99229
vn 0.74471 0.21082 -0.63321
vn 0.67207 0.53157 -0.51552
vn 0.67015 0.34935 -0.65487
vn 0.63591 0.28519 -0.71714
vn 0.45258 0.21235 -0.86607
vn 0.38324 0.18483 -0.90497
vn 0.47453 0.25845 -0.84144
vn 0.56188 0.28567 -0.77632
vn 0.53642 0.19188 -0.82185
vn 0.43651 0.11835 -0.89188
vn 0.279 0.02606 -0.95994
vn 0.35806 0.17367 -0.91741
vn 0.20596 0.08465 -0.97489
vn 0.39569 0.14342 -0.90711
vn 0.17269 0.11008 -0.97881
vn 0.23704 -0.03131 -0.971
vn 0.09193 -0.07538 -0.99291
vn 0.13397 -0.14568 -0.98022
vn 0.06974 -0.24843 -0.96614
vn -0.04361 -0.02054 0.99884
vn 0.02586 0.05722 0.99803
vn 0.09935 -0.10539 0.98946
vn 0.04007 -0.20503 0.97794
vn -0.00888 -0.1862 0.98247
vn -0.05522 -0.07111 0.99594
vn -0.07325 0.0746 0.99452
vn -0.16492 -0.01692 0.98616
vn -0.0718 -0.20763 0.97557
vn -0.17665 -0.27877 0.94397
vn -0.14908 -0.20745 0.96682
vn -0.15786 -0.16273 0.97396
vn -0.28408 -0.24397 0.92724
vn -0.28704 -0.27908 0.91636
vn -0.38559 -0.321 0.86503
vn -0.30891 -0.15731 0.93799
vn -0.44142 -0.30701 0.84315
vn 0.08487 0.04404 -0.99542
vn 0.14643 0.04274 -0.9883
vn -0.12024 -0.06939 -0.99032
vn -0.13667 -0.0508 -0.98931
vn -0.32821 -0.15388 -0.93199
vn -0.17588 -0.19203 -0.9655
vn -0.35135 -0.14083 -0.92559
vn -0.32007 -0.13004 -0.93843
vn -0.3124 -0.18603 -0.93156
vn -0.39363 -0.19108 -0.89919
vn -0.55492 -0.37811 -0.74101
vn -0.49476 -0.34266 -0.79862
vn -0.61607 -0.30237 -0.72734
vn -0.02135 0.01391 -0.99968
vn -0.58435 -0.24699 -0.773
vn -0.49471 -0.29261 -0.81831
vn -0.3205 -0.24165 -0.91591
vn -0.61948 -0.36217 -0.69647
vn -0.56292 -0.32226 -0.76109
vn -0.50472 -0.28553 -0.81469
vn -0.38116 -0.12961 -0.91538
vn -0.258 -0.3511 0.90009
vn -0.42264 -0.39792 0.81427
vn -0.48644 -0.34363 0.8033
vn -0.61879 -0.40395 0.67374
vn -0.47967 -0.32985 0.81309
vn -0.54017 -0.39241 0.74446
vn -0.63421 -0.394 0.66524
vn -0.68257 -0.35586 0.63833
vn -0.65814 -0.32787 0.67776
vn -0.72629 -0.36791 0.58064
vn -0.71107 -0.41073 0.57069
vn -0.71679 -0.38575 0.58087
vn -0.77954 -0.49599 0.38252
vn -0.83131 -0.46905 0.29819
vn -0.86977 -0.45485 0.19134
vn -0.81967 -0.51087 0.25915
vn -0.76678 -0.48105 0.42502
vn -0.77508 -0.49083 0.39792
vn -0.75349 -0.46458 0.4652
vn -0.85074 -0.50703 0.13843
vn -0.7882 -0.53595 0.30248
vn -0.81025 -0.54965 0.20341
vn -0.82807 -0.55309 0.09163
vn -0.87121 -0.48872 -0.0463
vn -0.84059 -0.51688 -0.16202
vn -0.81734 -0.55925 -0.13855
vn -0.84491 -0.53469 -0.01572
vn -0.67521 -0.52996 -0.51306
vn -0.69522 -0.54028 -0.47409
vn -0.75828 -0.54605 -0.35616
vn -0.7668 -0.56663 -0.30157
vn -0.80782 -0.58231 -0.09138
vn -0.82272 -0.56837 -0.00926
vn -0.78328 -0.58172 -0.21925
vn -0.71098 -0.53139 -0.46058
vn -0.44713 -0.47542 -0.75766
vn -0.47135 -0.44375 -0.76218
vn -0.40866 -0.35544 -0.84063
vn -0.45242 -0.41196 -0.79095
vn -0.52471 -0.5121 -0.68002
vn -0.40577 -0.33616 -0.84991
vn -0.5863 -0.43858 -0.6811
vn -0.6046 -0.40731 -0.68451
vn -0.46207 -0.57668 -0.67374
vn -0.59692 -0.5273 -0.60468
vn -0.55924 -0.46778 -0.68442
vn -0.571 -0.49272 -0.65665
vn -0.45153 -0.48455 -0.74922
vn -0.76106 -0.33853 0.55334
vn -0.76139 -0.3311 0.55737
vn -0.72344 -0.41048 0.5551
vn -0.81608 -0.42703 0.38943
vn -0.87724 -0.38655 0.28466
vn -0.88261 -0.31594 0.34811
vn -0.88112 -0.43321 0.18963
vn -0.88311 -0.45037 0.13145
vn -0.87357 -0.48163 0.07015
vn -0.88839 -0.45542 0.05802
vn -0.89136 -0.427 0.15217
vn -0.84081 -0.53958 0.0436
vn -0.88552 -0.46339 -0.03347
vn -0.89261 -0.44339 0.08163
vn -0.87815 -0.46375 -0.11742
vn -0.81871 -0.48356 -0.30966
vn -0.84011 -0.47129 -0.26853
vn -0.77835 -0.47039 -0.41583
vn -0.7348 -0.40122 -0.54689
vn -0.77462 -0.42795 -0.46565
vn 0.49936 0.71154 0.49431
vn 0.75579 0.40264 0.51639
vn 0.90657 0.27355 0.32139
vn 0.95853 0.08708 0.27135
vn 0.92151 0.09572 0.37638
vn 0.8738 0.22871 0.42915
vn 0.98342 0.17196 0.05764
vn 0.99409 0.10517 0.02705
vn 0.99038 0.08968 0.10541
vn 0.94283 0.29062 0.16314
vn 0.96642 0.22392 0.12603
vn 0.97986 0.10622 0.16911
vn 0.73547 0.56311 0.37681
vn 0.82821 0.52388 0.19905
vn 0.90914 0.39887 0.11982
vn 0.9828 0.17493 0.05913
vn 0.95686 0.28581 -0.05235
vn 0.97656 0.17845 -0.12035
vn 0.98825 0.14972 -0.03083
vn 0.95022 0.29662 0.09543
vn 0.99009 0.13779 -0.02719
vn 0.96497 0.15285 -0.21323
vn 0.97302 0.10998 -0.20281
vn 0.92688 0.14868 -0.34465
vn 0.95592 0.15007 -0.25239
vn 0.88267 0.46933 0.02517
vn 0.87591 0.46769 -0.11857
vn 0.87912 0.41214 -0.23935
vn 0.76589 0.03045 0.64225
vn 0.85291 0.04905 0.51974
vn 0.7458 0.00787 0.66612
vn 0.8719 0.07449 0.48398
vn 0.67028 0.01683 0.74191
vn 0.90958 0.05976 0.41121
vn 0.73004 0.12752 0.6714
vn 0.81103 0.21996 0.54208
vn 0.60537 0.05379 0.79413
vn 0.58615 0.02133 0.80992
vn 0.66702 -0.05852 0.74274
vn 0.66374 0.01206 0.74786
vn 0.4091 -0.08218 0.90878
vn 0.3203 -0.10358 0.94164
vn 0.28529 -0.12119 0.95075
vn 0.75363 0.02381 0.65687
vn 0.44423 -0.07466 0.89279
vn 0.41554 -0.16256 0.89493
vn 0.60891 -0.01155 0.79316
vn 0.25421 -0.09336 0.96263
vn 0.43131 -0.00599 0.90219
vn 0.55114 0.00944 0.83436
vn 0.91004 0.02175 0.41394
vn 0.92975 0.03314 0.36668
vn 0.98785 0.1112 0.10861
vn 0.95257 0.06376 0.29756
vn 0.96271 0.05316 0.26527
vn 0.95897 0.05723 0.27768
vn 0.97409 0.10043 0.20263
vn 0.98205 0.06746 0.17615
vn 0.96587 0.0455 0.255
vn 0.94166 0.11418 -0.31662
vn 0.9357 0.1458 -0.32126
vn 0.95042 0.24724 -0.18864
vn 0.97182 0.10901 -0.20901
vn 0.93352 0.25845 -0.24848
vn 0.84649 0.05003 -0.53005
vn 0.76695 0.04493 -0.64013
vn 0.82637 0.0934 -0.55532
vn 0.71038 0.06829 -0.7005
vn 0.64763 0.06904 -0.75882
vn 0.53554 0.0227 -0.84421
vn 0.57984 0.00729 -0.8147
vn 0.63591 0.19577 -0.74652
vn 0.83465 0.22705 -0.5018
vn 0.72483 0.15204 -0.67194
vn 0.52926 0.107 -0.84169
vn 0.44052 0.01439 -0.89763
vn 0.31749 -0.00661 -0.94824
vn 0.41797 -0.00066 -0.90846
vn 0.73727 0.12595 -0.66376
vn 0.57332 0.06126 -0.81704
vn 0.40544 0.07403 -0.91112
vn 0.29297 0.11348 -0.94936
vn 0.28775 0.06276 -0.95565
vn 0.07184 -0.13236 0.98859
vn 0.119 -0.14185 0.98271
vn -0.00228 -0.15861 0.98734
vn -0.03504 -0.18117 0.98283
vn 0.18575 -0.14971 0.97112
vn 0.24933 -0.08621 0.96457
vn 0.20154 -0.11057 0.97322
vn 0.18031 -0.10124 0.97839
vn 0.30701 -0.10182 0.94625
vn 0.09876 -0.18195 0.97834
vn 0.13564 -0.16836 0.97635
vn 0.05575 -0.21496 0.97503
vn -0.00657 -0.2438 0.9698
vn -0.09654 -0.25615 0.9618
vn -0.06332 -0.27385 0.95969
vn -0.13321 -0.32904 0.93487
vn 0.27697 -0.04673 -0.95974
vn 0.18898 -0.01308 -0.98189
vn 0.06568 -0.05237 -0.99647
vn 0.16209 -0.0503 -0.98549
vn 0.18027 -0.07687 -0.98061
vn 0.15342 0.06161 -0.98624
vn -0.028 -0.03074 -0.99914
vn 0.04187 -0.07274 -0.99647
vn -0.11107 -0.08563 -0.99012
vn 0.06533 -0.08602 -0.99415
vn -0.13595 -0.11899 -0.98354
vn -0.12275 -0.14012 -0.9825
vn -0.2865 -0.18361 -0.94032
vn -0.25541 -0.1648 -0.95268
vn -0.29848 -0.20773 -0.93153
vn -0.13366 -0.19595 0.97146
vn -0.12382 -0.18824 0.97429
vn -0.36647 -0.22524 0.90276
vn -0.30085 -0.24507 0.92165
vn -0.48819 -0.28309 0.82555
vn -0.53353 -0.26116 0.80445
vn -0.49295 -0.25406 0.83213
vn -0.29888 -0.29257 0.90834
vn -0.35023 -0.31815 0.88098
vn -0.57019 -0.24164 0.78517
vn -0.56863 -0.32258 0.7567
vn -0.68355 -0.33873 0.64654
vn -0.55081 -0.32375 0.76928
vn -0.30017 -0.24154 0.9228
vn -0.45772 -0.28339 0.84272
vn -0.60809 -0.32476 0.7244
vn -0.69189 -0.34179 0.63598
vn -0.70945 -0.31445 0.63071
vn -0.31466 -0.08842 -0.94508
vn -0.33037 -0.09146 -0.93941
vn -0.42708 -0.0328 -0.90362
vn -0.31976 -0.15431 -0.93485
vn -0.35466 -0.0783 -0.93171
vn -0.41284 -0.32402 -0.85122
vn -0.48831 -0.33444 -0.80604
vn -0.32438 -0.25096 -0.91203
vn -0.35543 -0.29988 -0.88529
vn -0.26494 -0.26875 -0.92606
vn -0.5055 -0.02039 -0.86258
vn -0.64319 0.01728 -0.76551
vn -0.60207 -0.04527 -0.79716
vn -0.74114 -0.22829 -0.63135
vn -0.72142 -0.0302 -0.69184
vn -0.66524 -0.20943 -0.71665
vn -0.48454 -0.03111 -0.87422
vn -0.46172 -0.09916 -0.88146
vn -0.59671 -0.25295 -0.76155
vn -0.36864 -0.03779 -0.9288
vn -0.45249 0.08076 -0.8881
vn -0.71015 -0.38945 -0.58653
vn -0.52416 -0.41869 -0.74159
vn -0.36262 -0.41095 -0.83644
vn -0.71597 -0.34518 0.60683
vn -0.8447 -0.32136 0.42803
vn -0.80003 -0.35814 0.48134
vn -0.86183 -0.3303 0.38489
vn -0.78217 -0.30144 0.5453
vn -0.78825 -0.27575 0.55012
vn -0.85098 -0.22374 0.47516
vn -0.76043 -0.32583 0.56177
vn -0.76359 -0.33544 0.55173
vn -0.87461 -0.30481 0.37703
vn -0.89504 -0.31741 0.31328
vn -0.86762 -0.31886 0.38154
vn -0.86265 -0.31891 0.39259
vn -0.87425 -0.3185 0.36639
vn -0.91525 -0.28771 0.28204
vn -0.92714 -0.33036 0.17683
vn -0.88906 -0.3538 0.29053
vn -0.89501 -0.34865 0.2782
vn -0.86384 -0.31441 0.39361
vn -0.87224 -0.33015 0.36083
vn -0.92559 -0.33832 0.1698
vn -0.89684 -0.39196 0.20506
vn -0.88726 -0.40799 0.21521
vn -0.91358 -0.38717 0.12433
vn -0.92452 -0.34773 0.15601
vn -0.91139 -0.30604 0.27514
vn -0.9355 -0.28852 0.20397
vn -0.95622 -0.26337 0.12762
vn -0.95141 -0.28037 0.12734
vn -0.94263 -0.32691 0.06763
vn -0.95751 -0.28479 0.04557
vn -0.93333 -0.34557 -0.09733
vn -0.94644 -0.32055 0.03883
vn -0.952 -0.28783 -0.10415
vn -0.92875 -0.29131 -0.22926
vn -0.89243 -0.4458 -0.06947
vn -0.91165 -0.40678 0.05853
vn -0.86996 -0.44403 0.21449
vn -0.90796 -0.37567 -0.18569
vn -0.85377 -0.38431 -0.35126
vn -0.89331 -0.28886 -0.34433
vn -0.97204 -0.23245 -0.03324
vn -0.97503 -0.22149 0.01636
vn -0.95915 -0.22541 -0.17092
vn -0.94607 -0.2063 -0.24979
vn -0.93033 -0.26672 -0.25167
vn -0.9173 -0.29171 -0.27105
vn -0.85176 -0.22639 -0.47249
vn -0.81631 -0.15812 -0.55555
vn -0.68073 -0.20408 -0.70353
vn -0.71304 -0.09437 -0.69474
vn -0.72392 -0.10586 -0.68172
vn -0.83048 -0.17681 -0.52825
vn 0.96511 0.03694 0.25924
vn 0.9791 0.07831 0.18767
vn 0.95148 0.05398 0.30292
vn 0.92542 0.00729 0.37888
vn 0.99771 0.05474 0.03974
vn 0.99576 0.09156 -0.00907
vn 0.99256 0.07446 0.09638
vn 0.99098 0.05551 0.12201
vn 0.93432 0.01117 0.35626
vn 0.97214 0.03695 0.23146
vn 0.98906 0.06624 0.13182
vn 0.99746 0.04727 0.05322
vn 0.98635 0.1195 -0.11333
vn 0.9759 0.11402 -0.18607
vn 0.99173 0.10631 -0.0719
vn 0.99625 0.08441 -0.01895
vn 0.96583 0.14007 -0.21806
vn 0.99569 0.09148 -0.01553
vn 0.9873 0.1291 -0.09254
vn 0.95425 0.15498 -0.25573
vn 0.79314 0.01574 0.60883
vn 0.86484 0.05398 0.49914
vn 0.72643 0.0735 0.68329
vn 0.90508 -0.00864 0.42516
vn 0.67618 0.00757 0.7367
vn 0.92183 0.05634 0.38348
vn 0.86834 0.01028 0.49586
vn 0.8018 -0.00455 0.59758
vn 0.89964 0.00047 0.43663
vn 0.69615 0.02296 0.71753
vn 0.6322 0.00529 0.77478
vn 0.6444 -0.0135 0.76457
vn 0.69441 0.02225 0.71923
vn 0.56726 -0.01151 0.82346
vn 0.44732 -0.01028 0.89432
vn 0.4355 -0.03302 0.89958
vn 0.76273 0.0534 0.6445
vn 0.6582 0.03979 0.75179
vn 0.59044 0.02548 0.80668
vn 0.32318 -0.06288 0.94425
vn 0.63731 0.08458 0.76595
vn 0.91918 0.09258 0.3828
vn 0.94796 0.08612 0.30652
vn 0.99009 0.09243 0.10571
vn 0.97664 0.08717 0.19639
vn 0.99058 0.09979 0.09372
vn 0.99495 0.10038 0.00197
vn 0.99374 0.1114 -0.00854
vn 0.99058 0.1128 -0.07764
vn 0.93956 0.16501 -0.29999
vn 0.963 0.14322 -0.22831
vn 0.90358 0.16764 -0.39427
vn 0.92532 0.13323 -0.35501
vn 0.91959 0.19054 -0.34359
vn 0.94308 0.13967 -0.30182
vn 0.87837 0.11547 -0.46382
vn 0.81466 0.20172 -0.54373
vn 0.79211 0.14477 -0.59296
vn 0.75997 0.19636 -0.61958
vn 0.75411 0.15335 -0.63859
vn 0.63576 0.1543 -0.75631
vn 0.69428 0.19255 -0.69347
vn 0.87028 0.16817 -0.46296
vn 0.83239 0.13603 -0.53723
vn 0.81122 0.14626 -0.56615
vn 0.63209 0.10965 -0.7671
vn 0.60646 0.09506 -0.78941
vn 0.561 0.17515 -0.80908
vn 0.45353 0.14281 -0.87972
vn 0.56331 0.12774 -0.81631
vn 0.77829 0.2042 -0.59377
vn 0.68381 0.19359 -0.70351
vn 0.47788 0.08434 -0.87437
vn 0.50443 0.02989 -0.86294
vn 0.39188 -0.03403 -0.91938
vn 0.19434 -0.09008 0.97679
vn 0.22473 -0.09375 0.9699
vn 0.04602 -0.11599 0.99218
vn 0.01883 -0.12664 0.99177
vn 0.01361 -0.16674 0.98591
vn 0.32377 -0.06883 0.94363
vn 0.45886 0.00107 0.88851
vn 0.3484 -0.03109 0.93683
vn 0.31168 -0.0651 0.94795
vn 0.51792 0.01917 0.85522
vn 0.22897 -0.10558 0.96769
vn 0.27259 -0.09872 0.95705
vn 0.20599 -0.13561 0.96911
vn 0.08699 -0.14821 0.98512
vn -0.09068 -0.15478 0.98378
vn 0.43119 0.08011 -0.8987
vn 0.41334 0.06056 -0.90856
vn 0.28322 0.05927 -0.95722
vn 0.15638 0.00883 -0.98766
vn 0.27154 0.07282 -0.95967
vn 0.28616 0.06251 -0.95614
vn 0.24212 -0.03818 -0.9695
vn 0.13532 -0.05059 -0.98951
vn 0.12851 0.04169 -0.99083
vn 0.01335 0.01056 -0.99986
vn 0.1492 0.0425 -0.98789
vn -0.04059 0.00292 -0.99917
vn -0.00107 -0.04067 -0.99917
vn -0.21534 -0.06992 -0.97403
vn -0.11976 -0.09579 -0.98817
vn -0.10872 -0.14196 0.98388
vn -0.15659 -0.14969 0.97625
vn -0.07055 -0.16227 0.98422
vn -0.09144 -0.20047 0.97542
vn -0.16967 -0.19458 0.9661
vn -0.42047 -0.18726 0.88777
vn -0.25495 -0.15087 0.95511
vn -0.34946 -0.21238 0.91257
vn -0.19001 -0.16135 0.96843
vn -0.15104 -0.16052 0.97541
vn -0.2213 -0.149 0.96376
vn -0.1651 -0.17253 0.97107
vn -0.27841 -0.23042 0.93241
vn -0.41046 -0.24742 0.87767
vn -0.55321 -0.28026 0.78449
vn -0.46846 -0.32316 0.82226
vn -0.58796 -0.34706 0.73065
vn -0.12138 -0.05294 -0.99119
vn -0.06802 -0.02541 -0.99736
vn -0.26036 -0.17019 -0.95039
vn -0.3263 -0.20381 -0.92303
vn -0.50565 -0.26718 -0.82033
vn -0.397 -0.15065 -0.90537
vn -0.49968 -0.11182 -0.85896
vn -0.56819 -0.29261 -0.76911
vn -0.53627 -0.32961 -0.77703
vn -0.62869 -0.27183 -0.7286
vn -0.65052 -0.16791 -0.7407
vn -0.65547 -0.25757 -0.70995
vn -0.591 -0.19146 -0.78362
vn -0.40035 -0.09808 -0.9111
vn -0.22116 -0.04565 -0.97417
vn -0.53582 -0.22467 -0.81389
vn -0.49874 -0.28462 -0.81869
vn -0.65124 -0.06388 -0.75618
vn -0.54175 -0.09504 -0.83515
vn -0.50547 -0.17336 -0.84525
vn -0.4685 -0.26905 0.8415
vn -0.50686 -0.25018 0.82493
vn -0.62106 -0.31686 0.71686
vn -0.63355 -0.28099 0.72087
vn -0.74561 -0.3604 0.56052
vn -0.76969 -0.3551 0.53055
vn -0.74417 -0.35005 0.56892
vn -0.66255 -0.33241 0.67122
vn -0.71665 -0.3712 0.59045
vn -0.77024 -0.33953 0.53986
vn -0.75626 -0.3607 0.54586
vn -0.57951 -0.2917 0.76098
vn -0.74035 -0.34384 0.57763
vn -0.81737 -0.37595 0.43655
vn -0.80932 -0.33132 0.485
vn -0.8331 -0.35934 0.4205
vn -0.85787 -0.33243 0.39185
vn -0.86731 -0.34854 0.35537
vn -0.89078 -0.32746 0.31509
vn -0.84898 -0.34909 0.39669
vn -0.76117 -0.35594 0.54215
vn -0.87921 -0.31283 0.35933
vn -0.86312 -0.30343 0.40367
vn -0.90501 -0.37216 0.20606
vn -0.86768 -0.38068 0.3197
vn -0.92837 -0.36236 0.08257
vn -0.92747 -0.31598 0.1999
vn -0.9085 -0.32127 0.26723
vn -0.9541 -0.27012 0.12935
vn -0.95637 -0.29071 -0.02901
vn -0.97137 -0.23661 0.02122
vn -0.9545 -0.29475 0.04534
vn -0.96629 -0.24786 0.06965
vn -0.9256 -0.29139 0.24156
vn -0.95309 -0.26914 0.13851
vn -0.9838 -0.17752 0.02496
vn -0.91997 -0.24271 -0.30782
vn -0.94768 -0.23966 -0.21086
vn -0.93919 -0.31143 -0.14469
vn -0.97373 -0.22388 -0.04152
vn -0.91877 -0.1573 -0.3621
vn -0.86414 -0.23191 -0.44663
vn -0.90399 -0.1649 -0.39447
vn -0.82193 -0.11566 -0.55772
vn -0.96276 -0.19055 -0.19178
vn -0.97366 -0.20692 -0.09581
vn -0.98306 -0.17154 -0.06455
vn -0.97605 -0.16686 -0.13959
vn -0.92502 -0.14107 -0.35277
vn -0.83836 -0.20535 -0.50496
vn -0.66388 -0.15478 -0.73164
vn -0.72467 -0.21344 -0.65521
vn -0.73358 -0.21789 -0.64372
vn -0.68924 -0.09332 -0.7185
vn -0.73431 -0.11767 -0.66854
vn -0.6637 -0.12942 -0.73672
vn -0.73926 -0.15261 -0.6559
vn -0.93506 -0.3511 0.04892
vn -0.94615 -0.31234 0.08509
vn -0.95524 -0.29165 0.0496
vn -0.94217 -0.33513 -0.00188
vn -0.95514 -0.28532 -0.07939
vn -0.94559 -0.29749 -0.13175
vn -0.93987 -0.31762 -0.12553
vn -0.94724 -0.31941 -0.02676
vn 0.98011 0.09519 0.17413
vn 0.98469 0.11797 0.12832
vn 0.96182 0.09578 0.25638
vn 0.94721 0.09194 0.30715
vn 0.98737 0.12341 0.09935
vn 0.95547 0.09745 0.27853
vn 0.98245 0.09684 0.15944
vn 0.97496 0.13544 -0.17639
vn 0.94413 0.16263 -0.28667
vn 0.97638 0.15842 -0.14692
vn 0.98985 0.12893 -0.05982
vn 0.93585 0.1705 -0.30841
vn 0.98866 0.12283 -0.08644
vn 0.96165 0.15602 -0.22557
vn 0.86576 0.16531 0.47237
vn 0.87149 0.09669 0.48078
vn 0.92156 0.12243 0.36843
vn 0.82407 0.05449 0.56386
vn 0.80489 0.10566 0.58394
vn 0.90154 0.06988 0.42701
vn 0.79231 0.07221 0.60583
vn 0.85663 0.0819 0.50939
vn 0.8177 0.07806 0.57032
vn 0.89648 0.0966 0.43242
vn 0.76008 0.0498 0.64792
vn 0.62686 0.0622 0.77665
vn 0.69995 -0.02883 0.71361
vn 0.7721 0.12909 0.62225
vn 0.58246 -0.00101 0.81286
vn 0.55749 -0.03641 0.82939
vn 0.58658 0.01145 0.80981
vn 0.89824 0.13504 0.41825
vn 0.83959 0.13166 0.52703
vn 0.71265 0.00849 0.70147
vn 0.57839 0.0428 0.81463
vn 0.6683 0.0315 0.74322
vn 0.94311 0.17592 0.28213
vn 0.98487 0.16637 0.04856
vn 0.97521 0.18942 0.11441
vn 0.98149 0.18578 -0.04654
vn 0.99036 0.13649 0.02366
vn 0.97398 0.22131 0.04891
vn 0.9909 0.13245 0.02406
vn 0.89219 0.22404 0.39217
vn 0.97148 0.22891 -0.06187
vn 0.95916 0.21923 -0.17876
vn 0.90924 0.20287 -0.36349
vn 0.92009 0.18033 -0.34772
vn 0.92864 0.1738 -0.32775
vn 0.92778 0.20706 -0.31041
vn 0.90776 0.17584 -0.38085
vn 0.91736 0.18196 -0.35404
vn 0.91251 0.17684 -0.36887
vn 0.88465 0.25913 -0.38762
vn 0.89573 0.25061 -0.36722
vn 0.77917 0.24734 -0.57595
vn 0.81861 0.27009 -0.50688
vn 0.795 0.21263 -0.56812
vn 0.87857 0.04093 -0.47585
vn 0.80531 0.15369 -0.57258
vn 0.80614 0.14906 -0.57264
vn 0.78073 0.18662 -0.59635
vn 0.77391 0.18971 -0.60421
vn 0.87073 0.19286 -0.45236
vn 0.83828 0.17902 -0.51502
vn 0.81916 0.1939 -0.53979
vn 0.74987 0.2145 -0.62585
vn 0.72759 0.23538 -0.64437
vn 0.72112 0.15224 -0.67587
vn 0.6078 0.24092 -0.75666
vn 0.74061 0.17517 -0.6487
vn 0.66807 0.14611 -0.72961
vn 0.51558 0.14801 -0.84396
vn 0.54232 0.23335 -0.80712
vn 0.69186 0.1696 -0.70183
vn 0.53002 0.05555 -0.84616
vn 0.30984 -0.03741 0.95005
vn 0.3422 0.01344 0.93953
vn 0.23072 -0.05703 0.97135
vn 0.17472 -0.13991 0.97463
vn 0.16269 -0.12705 0.97846
vn 0.03748 -0.18167 0.98265
vn 0.27243 -0.09356 0.95762
vn 0.06604 -0.16464 0.98414
vn 0.23171 -0.11662 0.96577
vn 0.53489 -0.02152 0.84464
vn 0.49185 -0.06787 0.86803
vn 0.48382 -0.02648 0.87477
vn 0.52892 -0.00858 0.84863
vn 0.43515 0.04497 0.89923
vn 0.43155 -0.03246 0.90151
vn 0.53351 0.02065 0.84554
vn 0.36262 -0.09743 0.92683
vn 0.46164 0.01202 0.88698
vn 0.45104 -0.03178 0.89194
vn 0.34283 -0.05216 0.93795
vn 0.48332 0.23888 -0.84222
vn 0.3434 0.17709 -0.92234
vn 0.23057 0.14184 -0.96266
vn 0.31227 0.18691 -0.93142
vn 0.379 0.17552 -0.9086
vn 0.33301 0.07619 -0.93984
vn 0.22399 0.09413 -0.97003
vn 0.18775 0.18181 -0.96524
vn 0.17609 0.03947 -0.98358
vn 0.27619 0.04191 -0.96019
vn 0.12423 0.16268 -0.97883
vn 0.1396 0.11106 -0.98396
vn 0.02035 0.08615 -0.99607
vn 0.05985 0.03026 -0.99775
vn 0.13145 -0.08489 0.98768
vn 0.0664 -0.14044 0.98786
vn -0.00901 -0.21947 0.97558
vn -0.01293 -0.17246 0.98493
vn -0.11209 -0.26145 0.95869
vn -0.06303 -0.24138 0.96838
vn -0.11312 -0.25272 0.9609
vn -0.13569 -0.22929 0.96385
vn -0.06124 -0.1976 0.97837
vn -0.24254 -0.27571 0.93014
vn -0.22171 -0.31626 0.9224
vn -0.20448 -0.26571 0.94212
vn -0.28887 -0.34279 0.8939
vn -0.26491 -0.30589 0.91447
vn -0.36786 -0.30489 0.87848
vn -0.32591 -0.23725 0.91515
vn 0.11376 0.05637 -0.99191
vn 0.13844 -0.07492 -0.98753
vn 0.01417 -0.03329 -0.99935
vn 0.0004 0.01113 -0.99994
vn -0.12808 -0.06683 -0.98951
vn -0.06577 0.01895 -0.99765
vn -0.23604 -0.05506 -0.97018
vn -0.12888 -0.09267 -0.98732
vn -0.22079 -0.10667 -0.96947
vn -0.1005 -0.02653 -0.99458
vn -0.27176 -0.16565 -0.948
vn -0.38013 -0.1643 -0.91022
vn -0.52554 -0.19429 -0.82828
vn -0.57019 -0.20367 -0.79587
vn -0.62261 -0.24101 -0.74449
vn -0.41052 -0.14274 -0.90061
vn -0.34983 -0.31393 0.88265
vn -0.45288 -0.26951 0.84986
vn -0.34146 -0.24401 0.90767
vn -0.34643 -0.25116 0.90383
vn -0.47523 -0.29137 0.83022
vn -0.54501 -0.31739 0.77603
vn -0.48357 -0.33959 0.80675
vn -0.44718 -0.39185 0.80404
vn -0.57756 -0.38172 0.7216
vn -0.49811 -0.31574 0.80759
vn -0.59914 -0.3439 0.72302
vn -0.59125 -0.34165 0.73055
vn -0.66046 -0.40989 0.62911
vn -0.66099 -0.39177 0.64
vn -0.68264 -0.38521 0.62099
vn -0.77382 -0.38758 0.50099
vn -0.77874 -0.44788 0.43928
vn -0.7779 -0.49684 0.38474
vn -0.80287 -0.46031 0.37884
vn -0.74222 -0.37641 0.55446
vn -0.81194 -0.38953 0.43476
vn -0.80163 -0.38759 0.45516
vn -0.84178 -0.3887 0.37458
vn -0.84911 -0.50038 0.16921
vn -0.868 -0.49132 0.07195
vn -0.88829 -0.44115 0.12778
vn -0.86463 -0.4481 0.22719
vn -0.89062 -0.45425 0.02121
vn -0.88048 -0.4259 0.20826
vn -0.87423 -0.3834 0.29786
vn -0.91457 -0.40371 0.02402
vn -0.84056 -0.52338 -0.13978
vn -0.82215 -0.52792 -0.213
vn -0.87684 -0.43944 -0.19503
vn -0.88742 -0.45036 -0.09831
vn -0.70859 -0.47708 -0.5199
vn -0.72743 -0.47296 -0.49715
vn -0.76459 -0.51667 -0.3853
vn -0.81786 -0.44785 -0.36129
vn -0.93099 -0.35363 -0.09059
vn -0.88752 -0.34046 -0.31046
vn -0.77252 -0.37752 -0.51057
vn -0.77423 -0.19994 -0.6005
vn -0.71367 -0.3783 -0.58954
vn -0.69492 -0.45073 -0.56029
vn -0.66798 -0.45318 -0.59028
vn -0.35512 -0.21398 -0.91
vn -0.31611 -0.16243 -0.93471
vn -0.54473 -0.34039 -0.76643
vn -0.441 -0.29001 -0.84936
vn -0.57146 -0.34088 -0.74649
vn -0.72304 -0.32781 -0.60808
vn -0.73323 -0.32624 -0.5966
vn -0.65772 -0.29217 -0.69429
vn -0.51932 -0.22801 -0.8236
vn -0.64225 -0.47707 -0.59993
vn -0.68046 -0.43374 -0.59063
vn -0.65357 -0.39633 -0.6448
vn -0.64693 -0.36984 -0.66686
vn -0.53009 -0.28553 -0.79842
vn -0.69487 -0.43914 0.56949
vn -0.70941 -0.42138 0.56495
vn -0.82535 -0.50385 0.25481
vn -0.79379 -0.48916 0.36142
vn -0.82813 -0.49198 0.26862
vn -0.79481 -0.46348 0.39174
vn -0.80542 -0.51885 0.28651
vn -0.85104 -0.44597 0.27719
vn -0.78034 -0.48192 0.39853
vn -0.80582 -0.52035 0.28264
vn -0.82687 -0.53827 0.16293
vn -0.8549 -0.49752 0.14704
vn -0.85592 -0.50857 0.09358
vn -0.84242 -0.53331 0.07685
vn -0.86163 -0.50637 -0.03431
vn -0.86459 -0.5019 0.02411
vn -0.86829 -0.49584 -0.01466
vn -0.86412 -0.50258 0.02666
vn -0.85684 -0.51486 -0.02743
vn -0.89729 -0.44067 -0.02611
vn -0.83605 -0.53727 0.1112
vn -0.84472 -0.53358 0.04163
vn -0.84817 -0.52966 -0.00871
vn -0.85009 -0.52541 -0.03579
vn -0.86019 -0.49373 -0.12769
vn -0.84668 -0.48155 -0.2264
vn -0.80662 -0.4721 -0.35564
vn -0.82153 -0.42079 -0.38474
vn -0.86338 -0.50113 -0.05872
vn -0.77019 -0.4349 -0.46654
vn -0.72745 -0.38741 -0.56633
vn -0.76643 -0.40014 -0.50246
vn 0.72588 0.1853 0.66239
vn 0.78908 0.11239 0.60392
vn 0.82361 0.21897 0.52319
vn 0.71636 0.12942 0.68562
vn 0.68734 0.11871 0.71657
vn 0.65517 0.10202 0.74856
vn 0.87234 0.18656 0.45191
vn 0.86005 0.28714 0.42173
vn 0.92072 0.19821 0.33614
vn 0.89638 0.19206 0.39952
vn 0.77499 0.14662 0.61473
vn 0.61257 0.10317 0.78366
vn 0.74388 0.15404 0.65032
vn 0.90078 0.12777 0.41506
vn 0.96055 0.20853 0.18401
vn 0.93576 0.20848 0.28441
vn 0.93649 0.27647 0.21577
vn 0.9545 0.28587 0.08494
vn 0.95864 0.2846 -0.00315
vn 0.96682 0.23818 0.09235
vn 0.94683 0.32098 -0.02222
vn 0.95203 0.29081 -0.09528
vn 0.93988 0.27178 0.20677
vn 0.91812 0.22929 0.32323
vn 0.96543 0.26029 -0.01416
vn 0.95621 0.27718 0.09399
vn 0.89376 0.29626 0.33679
vn 0.94706 0.24454 0.20803
vn 0.96005 0.24279 0.13916
vn 0.95551 0.26358 0.13235
vn 0.94766 0.28844 -0.13693
vn 0.95841 0.25075 -0.13631
vn 0.91594 0.29295 -0.27429
vn 0.87516 0.28765 -0.38904
vn 0.92074 0.25375 -0.2964
vn 0.92866 0.27417 -0.24985
vn 0.94591 0.28662 -0.15198
vn 0.87826 0.3051 -0.36821
vn 0.95194 0.2727 -0.13945
vn 0.92469 0.25919 -0.27888
vn 0.86953 0.26827 -0.41467
vn 0.86782 0.28935 -0.40394
vn 0.85829 0.28672 -0.42559
vn 0.72516 0.2742 -0.63163
vn 0.74293 0.2498 -0.62101
vn 0.75761 0.31914 -0.56937
vn 0.76431 0.30993 -0.56549
vn 0.86661 0.26081 -0.42541
vn 0.80574 0.29193 -0.51533
vn 0.84883 0.32974 -0.41322
vn 0.69335 0.30743 -0.65173
vn 0.66744 0.35778 -0.65308
vn 0.61588 0.32778 -0.71641
vn 0.67962 0.30603 -0.66668
vn 0.57283 0.30296 -0.76163
vn 0.40746 0.03032 0.91272
vn 0.46288 0.24022 0.85325
vn 0.40046 0.00297 0.91631
vn 0.31335 -0.02749 0.94924
vn 0.33462 -0.06384 0.94019
vn 0.25966 -0.05735 0.964
vn 0.35884 -0.02724 0.933
vn 0.27115 -0.00616 0.96252
vn 0.34794 -0.00659 0.93749
vn 0.59873 0.06958 0.79792
vn 0.64373 0.17054 0.74601
vn 0.52399 0.21432 0.82432
vn 0.53456 0.14288 0.83297
vn 0.49266 -0.021 0.86997
vn 0.54467 0.02908 0.83815
vn 0.50383 0.03564 0.86307
vn 0.4109 0.02637 0.9113
vn 0.41757 -0.0126 0.90856
vn 0.43922 0.00979 0.89833
vn 0.77652 0.16829 -0.60721
vn 0.72761 0.25254 -0.63782
vn 0.79238 0.17702 -0.58378
vn 0.74195 0.14841 -0.65382
vn 0.70138 0.12519 -0.70171
vn 0.67256 0.1753 -0.71898
vn 0.61062 0.13567 -0.78021
vn 0.6255 0.05669 -0.77816
vn 0.68891 0.06326 -0.72208
vn 0.60131 0.24085 -0.76185
vn 0.54036 0.24684 -0.80441
vn 0.45981 0.05414 -0.88637
vn 0.54349 0.03524 -0.83868
vn 0.50969 0.01858 -0.86016
vn 0.26667 0.03311 -0.96322
vn 0.50665 0.03489 -0.86144
vn 0.28364 -0.01318 -0.95884
vn 0.38695 -0.05237 -0.92061
vn 0.18111 -0.06305 -0.98144
vn 0.26084 -0.11019 -0.95907
vn 0.39991 -0.05322 0.91501
vn 0.34797 -0.09539 0.93264
vn 0.22599 -0.16597 0.95989
vn 0.19111 -0.16636 0.96737
vn 0.05675 -0.21268 0.97547
vn 0.14739 -0.12409 0.98126
vn 0.02206 -0.15541 0.9876
vn 0.03733 -0.19198 0.98069
vn -0.09909 -0.17859 0.97892
vn -0.19922 -0.26654 0.94301
vn -0.07726 -0.23408 0.96914
vn 0.01318 -0.15432 0.98793
vn 0.21372 -0.08153 0.97349
vn -0.07892 -0.21989 0.97233
vn -0.19302 -0.24829 0.94926
vn -0.24746 -0.23724 0.9394
vn 0.08807 0.01094 -0.99605
vn 0.0901 0.05511 -0.99441
vn 0.0007 -0.01575 -0.99988
vn 0.05895 -0.04276 -0.99734
vn -0.05799 -0.04923 -0.9971
vn 0.03485 -0.03446 -0.9988
vn 0.07495 -0.04349 -0.99624
vn -0.05041 -0.02148 -0.9985
vn -0.10127 -0.0088 -0.99482
vn -0.11856 -0.11003 -0.98683
vn 0.00609 -0.05917 -0.99823
vn -0.15825 -0.03251 -0.98686
vn -0.10661 -0.02863 -0.99389
vn -0.16592 -0.0303 -0.98567
vn -0.16436 -0.03165 -0.98589
vn -0.20446 -0.23594 0.95001
vn -0.25948 -0.29566 0.91938
vn -0.24514 -0.30201 0.92125
vn -0.31752 -0.34139 0.88467
vn -0.24447 -0.21309 0.94595
vn -0.29747 -0.2497 0.9215
vn -0.35814 -0.27822 0.89125
vn -0.31371 -0.37745 0.87127
vn -0.31726 -0.21543 0.92355
vn -0.47039 -0.31946 0.82261
vn -0.41789 -0.39244 0.81936
vn -0.48857 -0.3279 0.80857
vn -0.47048 -0.45084 0.75855
vn -0.4886 -0.39321 0.77888
vn -0.54882 -0.40119 0.73337
vn -0.55771 -0.36915 0.74343
vn -0.62249 -0.41026 0.66648
vn -0.184 -0.09297 -0.97852
vn -0.1646 -0.19153 -0.96759
vn -0.255 -0.12191 -0.95923
vn -0.2624 -0.05176 -0.96357
vn -0.33535 -0.08308 -0.93842
vn -0.38268 -0.21027 -0.89963
vn -0.30984 -0.10553 -0.94491
vn -0.35347 -0.10104 -0.92997
vn -0.39221 -0.09536 -0.91492
vn -0.58266 -0.21633 -0.7834
vn -0.55227 -0.21135 -0.80643
vn -0.72765 -0.37964 -0.57131
vn -0.69778 -0.32242 -0.63965
vn -0.68714 -0.33535 -0.64449
vn -0.3306 -0.13656 -0.93384
vn -0.24783 -0.15352 -0.95656
vn -0.56436 -0.29679 -0.77034
vn -0.31404 -0.14407 -0.93841
vn -0.7197 -0.38673 -0.5766
vn -0.63062 -0.37514 -0.6794
vn -0.55618 -0.34886 -0.75429
vn -0.37046 -0.05627 -0.92714
vn -0.58798 -0.2317 0.77498
vn -0.57053 -0.3905 0.7225
vn -0.62756 -0.39226 0.67253
vn -0.61318 -0.42652 0.6649
vn -0.76082 -0.48279 0.43367
vn -0.76188 -0.48939 0.4243
vn -0.73838 -0.50237 0.44991
vn -0.65702 -0.41855 0.62701
vn -0.69467 -0.44143 0.56795
vn -0.70103 -0.46856 0.53759
vn -0.76814 -0.46126 0.44407
vn -0.76286 -0.49596 0.4148
vn -0.617 -0.28176 0.73479
vn -0.72877 -0.37733 0.57141
vn -0.6991 -0.45448 0.552
vn -0.80122 -0.38608 0.45714
vn -0.80463 -0.42409 0.41561
vn -0.83464 -0.40024 0.3784
vn -0.82797 -0.42423 0.36673
vn -0.87572 -0.39295 0.28053
vn -0.818 -0.48292 0.31251
vn -0.79315 -0.54227 0.27725
vn -0.89527 -0.44306 0.04686
vn -0.90231 -0.42906 0.04184
vn -0.88156 -0.46827 0.05983
vn -0.87804 -0.4414 0.18495
vn -0.84715 -0.51228 0.14108
vn -0.90002 -0.42965 -0.07322
vn -0.87138 -0.48894 -0.04042
vn -0.90324 -0.42894 0.01331
vn -0.86495 -0.50084 0.03207
vn -0.83914 -0.53353 0.10576
vn -0.84986 -0.52538 0.04142
vn -0.83348 -0.55159 -0.03247
vn -0.85949 -0.47357 -0.19238
vn -0.84128 -0.51352 -0.16893
vn -0.82324 -0.44836 -0.34822
vn -0.77562 -0.41957 -0.47156
vn -0.77049 -0.46277 -0.4384
vn -0.80699 -0.49643 -0.31989
vn -0.85879 -0.40233 -0.3172
vn -0.85965 -0.44949 -0.24282
vn -0.89263 -0.41187 -0.18325
vn -0.8583 -0.50282 -0.10238
vn -0.82117 -0.39741 -0.40956
vn -0.8182 -0.35241 -0.45426
vn -0.78556 -0.41823 -0.45605
vn -0.77343 -0.32584 -0.54372
vn -0.83521 -0.49182 -0.24603
vn -0.87023 -0.46876 -0.15155
vn -0.84766 -0.51825 -0.11352
vn -0.83137 -0.51602 -0.20628
vn -0.7262 -0.39456 -0.56299
vn -0.73709 -0.29529 -0.60787
vn -0.69272 -0.30008 -0.65582
vn -0.7337 -0.34087 -0.58779
vn -0.7249 -0.39022 -0.56767
vn -0.92719 -0.32589 0.18471
vn -0.9153 -0.37619 0.14389
vn -0.92285 -0.37886 0.06934
vn -0.91306 -0.40638 0.03438
vn -0.9084 -0.4181 -0.0014
vn -0.91904 -0.39408 0.00813
vn -0.90578 -0.42219 -0.0362
vn -0.89304 -0.4339 -0.11923
vn -0.90313 -0.41661 -0.10389
vn -0.91707 -0.39591 -0.04725
vn 0.79588 0.30592 0.52249
vn 0.78869 0.37331 0.48848
vn 0.76073 0.33388 0.55661
vn 0.71676 0.23809 0.65542
vn 0.84365 0.46136 0.2746
vn 0.84097 0.49555 0.21726
vn 0.83372 0.42956 0.34696
vn 0.80937 0.33618 0.48156
vn 0.84631 0.36395 0.38898
vn 0.80002 0.41378 0.43445
vn 0.68721 0.23662 0.68684
vn 0.7939 0.3198 0.51716
vn 0.86402 0.32654 0.3832
vn 0.87513 0.45673 0.15983
vn 0.89623 0.37775 0.23254
vn 0.9228 0.33925 0.1826
vn 0.88965 0.43173 0.1488
vn 0.91088 0.32169 0.25849
vn 0.93065 0.31024 0.19401
vn 0.96886 0.24363 0.0441
vn 0.93666 0.31395 0.15525
vn 0.95714 0.286 -0.04572
vn 0.94149 0.33701 -0.00431
vn 0.96286 0.23688 -0.12958
vn 0.84346 0.52054 0.13272
vn 0.81914 0.57163 0.04741
vn 0.81098 0.58068 0.07149
vn 0.84511 0.53455 -0.0063
vn 0.81829 0.56868 -0.08367
vn 0.88549 0.46454 -0.0104
vn 0.87662 0.43698 -0.20144
vn 0.895 0.41278 -0.16908
vn 0.91362 0.32929 -0.23847
vn 0.87639 0.32635 -0.35416
vn 0.93455 0.30583 -0.18188
vn 0.91173 0.28625 -0.29464
vn 0.87259 0.27161 -0.40597
vn 0.86224 0.41049 -0.29672
vn 0.89543 0.35073 -0.27421
vn 0.88314 0.45323 -0.12101
vn 0.84552 0.53297 -0.03207
vn 0.83346 0.54446 -0.09438
vn 0.83067 0.30463 -0.46604
vn 0.83295 0.29998 -0.46498
vn 0.79727 0.25007 -0.54939
vn 0.83959 0.22964 -0.4923
vn 0.61557 0.2712 0.73995
vn 0.65525 0.24147 0.71577
vn 0.59707 0.19189 0.7789
vn 0.56474 0.12651 0.81552
vn 0.5353 0.20472 0.81948
vn 0.46162 0.18237 0.86813
vn 0.60285 0.17141 0.77922
vn 0.44965 0.00823 0.89317
vn 0.47216 0.01402 0.8814
vn 0.46257 0.06872 0.88391
vn 0.56798 0.00164 0.82304
vn 0.59841 0.05632 0.7992
vn 0.65511 0.22507 0.72123
vn 0.73693 0.37568 0.56196
vn 0.70543 0.31618 0.63435
vn 0.66234 0.31358 0.68042
vn 0.62651 0.20534 0.75188
vn 0.82765 0.36697 0.42464
vn 0.81047 0.37749 0.44794
vn 0.78124 0.37814 0.49667
vn 0.61002 0.1669 0.77461
vn 0.57917 0.13693 0.80363
vn 0.51069 0.10983 0.85272
vn 0.89125 0.39236 -0.22745
vn 0.87993 0.32277 -0.34863
vn 0.86374 0.31772 -0.39116
vn 0.89773 0.25263 -0.3609
vn 0.84724 0.41142 -0.33603
vn 0.81295 0.11953 -0.56993
vn 0.83821 0.03394 -0.5443
vn 0.78644 0.12698 -0.60447
vn 0.75699 0.25424 -0.60194
vn 0.66657 0.3518 -0.65721
vn 0.80811 0.14406 -0.57115
vn 0.64192 0.24748 -0.72574
vn 0.66711 0.3716 -0.64566
vn 0.79561 0.14435 -0.58836
vn 0.81296 0.08413 -0.57621
vn 0.65066 0.07492 -0.75567
vn 0.45874 0.38803 -0.79937
vn 0.32371 0.30964 -0.89405
vn 0.51151 0.34556 -0.78673
vn 0.69221 0.33311 -0.64022
vn 0.60677 0.37244 -0.70223
vn 0.41029 0.19611 -0.89062
vn 0.28917 0.08151 -0.9538
vn 0.22618 0.1958 -0.9542
vn 0.59073 0.14468 0.79379
vn 0.52603 0.1579 0.83568
vn 0.35398 0.09105 0.93081
vn 0.45676 0.11315 0.88237
vn 0.32243 0.09633 0.94168
vn 0.1848 0.04586 0.98171
vn 0.34708 0.00825 0.9378
vn 0.1273 -0.0102 0.99181
vn 0.00469 0.05159 0.99866
vn -0.10033 0.0253 0.99463
vn 0.07418 0.03431 0.99665
vn 0.15127 0.08693 0.98466
vn 0.32903 0.0894 0.94008
vn 0.01942 -0.0325 0.99928
vn -0.12071 -0.11423 0.98609
vn -0.00326 -0.08109 0.9967
vn 0.34324 0.25842 -0.903
vn 0.06975 0.15806 -0.98496
vn 0.07591 0.09488 -0.99259
vn 0.12973 0.13685 -0.98206
vn 0.18189 0.25035 -0.95092
vn -0.02642 0.09736 -0.9949
vn 0.01347 0.10795 -0.99407
vn 0.02783 0.09231 -0.99534
vn 0.13398 0.18383 -0.97378
vn 0.06792 0.20231 -0.97696
vn 0.11158 0.22361 -0.96827
vn 0.19754 0.15608 -0.96779
vn 0.17036 -0.05325 -0.98394
vn 0.05737 0.02036 -0.99815
vn 0.03247 0.16161 -0.98632
vn -0.10373 -0.0177 -0.99445
vn -0.04981 -0.15894 -0.98603
vn -0.13943 0.0128 0.99015
vn -0.07584 -0.05938 0.99535
vn -0.17882 -0.02095 0.98366
vn -0.19202 0.01321 0.9813
vn -0.26124 -0.0337 0.96469
vn -0.16157 -0.05909 0.98509
vn -0.19216 -0.1043 0.97581
vn -0.28286 -0.11478 0.95227
vn -0.27423 -0.05275 0.96022
vn -0.23676 -0.08464 0.96788
vn -0.34668 -0.11242 0.93122
vn -0.3583 -0.07757 0.93038
vn -0.30802 -0.10361 0.94572
vn -0.41106 -0.15403 0.8985
vn -0.44526 -0.15498 0.88189
vn -0.01464 0.16544 -0.98611
vn 0.03633 0.17457 -0.98397
vn -0.19146 0.08126 -0.97813
vn -0.1808 0.02298 -0.98325
vn -0.12387 0.04884 -0.9911
vn -0.33743 -0.056 -0.93968
vn -0.23014 -0.14716 -0.96197
vn -0.18162 -0.15648 -0.97084
vn -0.32023 -0.11564 -0.94025
vn -0.37873 -0.0115 -0.92543
vn -0.42355 -0.01002 -0.90582
vn -0.3992 -0.01571 -0.91673
vn -0.33218 0.0076 -0.94319
vn -0.11185 0.1224 -0.98616
vn -0.3727 -0.07371 -0.92502
vn -0.41121 -0.13651 -0.90126
vn -0.57724 -0.23797 -0.78113
vn -0.38641 -0.15394 -0.90939
vn -0.36041 -0.11601 -0.92555
vn -0.36064 -0.13958 0.9222
vn -0.39101 -0.10464 0.91442
vn -0.48228 -0.16105 0.86109
vn -0.46101 -0.0712 0.88453
vn -0.58155 -0.15095 0.79938
vn -0.55085 -0.2291 0.80255
vn -0.57168 -0.27703 0.77229
vn -0.66173 -0.13012 0.73836
vn -0.69332 -0.21074 0.68913
vn -0.67442 -0.20747 0.7086
vn -0.69928 -0.27228 0.66096
vn -0.566 -0.23509 0.79017
vn -0.61829 -0.27741 0.73536
vn -0.72413 -0.12532 0.67818
vn -0.68219 -0.1595 0.71357
vn -0.70362 -0.12362 0.69974
vn -0.82685 -0.0962 0.55414
vn -0.75692 -0.13459 0.6395
vn -0.7137 -0.2421 0.65728
vn -0.8064 -0.23716 0.54173
vn -0.84471 -0.28703 0.45175
vn -0.91859 -0.11399 0.37841
vn -0.90025 -0.25055 0.35605
vn -0.75168 -0.32927 0.57145
vn -0.80874 -0.36554 0.46079
vn -0.82278 -0.36945 0.43191
vn -0.85738 -0.3805 0.34658
vn -0.79888 -0.07921 -0.59625
vn -0.85322 -0.02708 -0.52085
vn -0.81015 -0.01857 -0.58593
vn -0.87225 -0.23055 -0.43131
vn -0.89951 -0.22325 -0.37555
vn -0.88125 -0.09623 -0.46274
vn -0.8157 -0.15776 -0.55655
vn -0.87472 -0.36407 -0.31989
vn -0.8981 -0.3512 -0.26472
vn -0.79147 -0.28888 -0.53863
vn -0.76514 -0.31858 -0.55952
vn -0.45392 -0.01748 -0.89087
vn -0.72563 -0.19124 -0.66098
vn -0.748 -0.17021 -0.6415
vn -0.72796 -0.13991 -0.67119
vn -0.38571 -0.05747 -0.92083
vn -0.4152 -0.0104 -0.90967
vn -0.45355 -9E-05 -0.89123
vn -0.45167 -0.03818 -0.89137
vn -0.73871 -0.24627 -0.62742
vn -0.68871 -0.2734 -0.67152
vn -0.58782 -0.17622 -0.78957
vn -0.39644 -0.09285 -0.91336
vn -0.61998 -0.11421 -0.77626
vn -0.76031 -0.06756 -0.64604
vn -0.70188 -0.06057 -0.70971
vn -0.67027 -0.11283 -0.73349
vn -0.64047 0.03111 -0.76735
vn -0.93983 -0.03948 0.33934
vn -0.88239 -0.05454 0.46735
vn -0.96632 -0.04605 0.2532
vn -0.96145 -0.1613 0.22268
vn -0.98537 -0.02925 0.16792
vn -0.97418 0.00563 0.22568
vn -0.92753 -0.30049 0.22227
vn -0.97871 -0.14555 0.14472
vn -0.99499 0.03056 0.09524
vn -0.98849 0.03862 0.14629
vn -0.99853 0.05362 0.00801
vn -0.99653 -0.04276 0.07139
vn -0.97653 -0.20216 0.07437
vn -0.99423 -0.10661 0.01188
vn -0.9982 0.05722 -0.01788
vn -0.99736 -0.06869 -0.02347
vn -0.99491 0.07353 -0.06892
vn -0.99482 0.09265 -0.04188
vn -0.93676 -0.34029 0.08176
vn -0.94548 -0.29031 0.14762
vn -0.95992 -0.27945 0.02135
vn -0.95488 -0.29628 -0.02073
vn -0.99497 -0.07656 -0.0646
vn -0.98774 0.09003 -0.12755
vn -0.99313 0.09897 -0.06237
vn -0.9721 0.08371 -0.21912
vn -0.9869 0.02564 -0.1593
vn -0.97823 -0.15705 -0.13565
vn -0.917 0.01658 -0.39854
vn -0.92872 0.08138 -0.36173
vn -0.95685 -0.08938 -0.27649
vn -0.96026 -0.27341 -0.05611
vn -0.92962 -0.33833 -0.14609
vn -0.92515 -0.26299 -0.27373
vn 0.86235 0.45114 0.22986
vn 0.92521 0.36348 0.10896
vn 0.95041 0.29775 0.08986
vn 0.94293 0.29344 0.1574
vn 0.90287 0.39364 0.17284
vn 0.91938 0.3843 0.08392
vn 0.85043 0.51762 0.09399
vn 0.8724 0.48562 0.05559
vn 0.90351 0.4259 0.04777
vn 0.91691 0.37298 -0.142
vn 0.8968 0.36548 -0.24935
vn 0.928 0.34715 -0.13525
vn 0.92141 0.38428 -0.0578
vn 0.87285 0.42357 -0.24232
vn 0.87622 0.47386 -0.08773
vn 0.90731 0.41906 -0.03444
vn 0.87728 0.43991 -0.19199
vn 0.73802 0.20802 0.64192
vn 0.74898 0.14582 0.64634
vn 0.62051 0.17984 0.7633
vn 0.62219 0.20338 0.75599
vn 0.65218 0.19487 0.73259
vn 0.83345 0.26744 0.48357
vn 0.7803 0.22358 0.58407
vn 0.83035 0.27703 0.48349
vn 0.91674 0.19449 0.34894
vn 0.90638 0.2373 0.34952
vn 0.94064 0.25542 0.22351
vn 0.85579 0.2842 0.43227
vn 0.86767 0.22507 0.44328
vn 0.89055 0.33268 0.31023
vn 0.77731 0.35994 0.51597
vn 0.74376 0.23219 0.62683
vn 0.85652 0.40893 0.31488
vn 0.81237 0.36085 0.45808
vn 0.81382 0.17116 0.55534
vn 0.8517 0.17881 0.49259
vn 0.68876 0.18789 0.70022
vn 0.62601 0.23389 0.74391
vn 0.9524 0.10714 0.2854
vn 0.90002 0.09277 0.42586
vn 0.95986 0.21646 0.17833
vn 0.95348 0.30129 0.0095
vn 0.96849 0.24296 0.05475
vn 0.9429 0.32874 -0.05361
vn 0.93214 0.36171 0.01668
vn 0.96474 0.26206 -0.02441
vn 0.90789 0.41886 0.01677
vn 0.95159 0.19663 0.23626
vn 0.94846 0.3061 -0.082
vn 0.92671 0.3376 -0.16503
vn 0.86543 0.39899 -0.30304
vn 0.82548 0.43329 -0.36172
vn 0.84333 0.40923 -0.34831
vn 0.88004 0.36269 -0.30657
vn 0.84491 0.37008 -0.38621
vn 0.83572 0.3714 -0.40451
vn 0.82779 0.41749 -0.37478
vn 0.84355 0.43217 -0.31883
vn 0.8038 0.45127 -0.38764
vn 0.64388 0.43757 -0.62766
vn 0.7344 0.3887 -0.55639
vn 0.69424 0.4574 -0.55572
vn 0.78631 0.45293 -0.4202
vn 0.79699 0.41121 -0.4424
vn 0.71133 0.44656 -0.54276
vn 0.71974 0.36078 -0.59313
vn 0.70339 0.3555 -0.61552
vn 0.72472 0.33122 -0.60422
vn 0.52771 0.36872 -0.76522
vn 0.4612 0.42164 -0.78072
vn 0.48286 0.46467 -0.74225
vn 0.62692 0.35176 -0.69516
vn 0.54963 0.51125 -0.66071
vn 0.70169 0.46306 -0.54148
vn 0.40766 0.32419 -0.85365
vn 0.61464 0.2584 -0.74528
vn 0.42441 0.29557 -0.85587
vn 0.57876 0.14351 0.80277
vn 0.53926 0.20228 0.81748
vn 0.48053 0.26144 0.8371
vn 0.52612 0.22535 0.82001
vn 0.54771 0.25422 0.79711
vn 0.37851 0.16793 0.91023
vn 0.31454 0.24353 0.91747
vn 0.37993 0.14694 0.91327
vn 0.45841 0.0737 0.88568
vn 0.37583 0.17073 0.91083
vn 0.59126 0.24616 0.768
vn 0.50972 0.25477 0.82175
vn 0.25721 0.20339 0.94471
vn 0.14724 0.16647 0.97499
vn 0.12868 0.17197 0.97666
vn 0.20198 0.20522 0.95765
vn 0.25433 0.15217 0.95507
vn 0.37865 0.10087 0.92002
vn 0.19427 0.19754 0.96085
vn -0.01518 0.03802 0.99916
vn 0.1337 0.08705 0.98719
vn 0.56855 0.36393 -0.73777
vn 0.4954 0.44061 -0.74863
vn 0.49239 0.42157 -0.76146
vn 0.28604 0.32381 -0.90185
vn 0.17751 0.28918 -0.94067
vn 0.29286 0.37387 -0.88003
vn 0.44053 0.42536 -0.79057
vn 0.37367 0.3466 -0.86037
vn 0.24464 0.26099 -0.93383
vn 0.15055 0.26197 -0.95326
vn 0.16049 0.30533 -0.93863
vn 0.12944 0.25389 -0.95853
vn 0.1955 0.27235 -0.94213
vn 0.23013 0.29306 -0.92799
vn 0.11844 0.24465 -0.96235
vn 0.09513 0.22998 -0.96853
vn 0.0927 0.23734 -0.96699
vn 0.15796 0.18509 0.96994
vn 0.06188 0.14218 0.9879
vn -0.0003 0.098 0.99519
vn -0.02154 0.09359 0.99538
vn -0.13302 0.04094 0.99027
vn 0.02301 0.15319 0.98793
vn -0.07911 0.02254 0.99661
vn -0.14858 -0.03058 0.98843
vn -0.19989 0.03426 0.97922
vn -0.27386 0.0459 0.96067
vn -0.19211 0.03917 0.98059
vn -0.16293 0.07078 0.9841
vn -0.19347 -0.01523 0.98099
vn -0.28985 -0.1236 0.94906
vn -0.30651 -0.03043 0.95138
vn 0.1518 0.24177 -0.95839
vn 0.08552 0.2095 -0.97406
vn -0.09124 0.21363 -0.97265
vn -0.02172 0.24161 -0.97013
vn -0.00871 0.22529 -0.97425
vn 0.05708 0.21109 -0.9758
vn -0.13258 0.11058 -0.98499
vn -0.28639 0.24142 -0.9272
vn -0.3977 0.2162 -0.89168
vn -0.33133 0.16768 -0.92849
vn -0.19556 0.20377 -0.95929
vn -0.3032 0.12131 -0.94517
vn -0.34299 -0.00698 -0.93931
vn -0.41309 -0.01687 -0.91054
vn -0.31323 0.01824 0.9495
vn -0.41623 -0.0005 0.90926
vn -0.45961 0.02419 0.88779
vn -0.55474 -0.04324 0.8309
vn -0.462 0.01667 0.88672
vn -0.41841 -0.06737 0.90576
vn -0.46908 -0.11027 0.87624
vn -0.55934 -0.03612 0.82815
vn -0.61308 -0.00348 0.79001
vn -0.59608 0.01082 0.80286
vn -0.71158 -0.01118 0.70251
vn -0.66505 -0.04364 0.74553
vn -0.634 -0.10116 0.76669
vn -0.67812 -0.05172 0.73312
vn -0.94682 0.0811 0.31137
vn -0.95755 0.02502 0.28719
vn -0.92415 0.00385 0.38202
vn -0.76569 -0.06927 0.63947
vn -0.7692 -0.06249 0.63595
vn -0.96264 0.03254 0.26884
vn -0.78247 -0.0879 0.61646
vn -0.84643 -0.05358 0.5298
vn -0.96375 0.02182 0.26591
vn -0.97981 0.15376 -0.12782
vn -0.97235 0.13657 -0.18944
vn -0.97851 0.10183 -0.17931
vn -0.98616 0.1104 -0.12373
vn -0.80944 0.14883 -0.56802
vn -0.91427 0.17502 -0.36534
vn -0.81681 0.18176 -0.54753
vn -0.87603 0.1062 -0.47042
vn -0.9682 0.1044 -0.22737
vn -0.98682 0.07208 -0.14491
vn -0.97348 0.09065 -0.21005
vn -0.83875 0.00427 -0.54451
vn -0.65166 0.14634 -0.74426
vn -0.56128 0.19688 -0.80386
vn -0.6483 0.16401 -0.74351
vn -0.51327 0.1457 -0.84577
vn -0.4875 0.21644 -0.84587
vn -0.56591 0.21462 -0.79604
vn -0.49265 0.15444 -0.85641
vn -0.36441 0.10709 -0.92506
vn -0.63389 0.11487 -0.76485
vn -0.74486 0.03162 -0.66647
vn -0.72739 0.07215 -0.68242
vn -0.66003 0.0779 -0.74719
vn -0.70609 0.02897 -0.70753
vn -0.46136 0.04726 -0.88595
vn -0.78984 0.03422 -0.61235
vn -0.84856 0.05467 -0.52627
vn -0.81951 0.04043 0.57163
vn -0.78774 -0.03628 0.61494
vn -0.84058 -0.10057 0.53226
vn -0.97022 0.04479 0.23803
vn -0.97868 0.07535 0.19109
vn -0.98425 -0.01451 0.17616
vn -0.97296 0.06334 0.22213
vn -0.98534 0.08046 0.15044
vn -0.98839 0.07282 0.13334
vn -0.99236 0.08886 0.08558
vn -0.9879 0.09139 0.1253
vn -0.88069 -0.08318 0.46633
vn -0.86085 -0.04868 0.50652
vn -0.98664 0.06034 0.15133
vn -0.99313 0.09747 0.06483
vn -0.99335 0.11505 0.00398
vn -0.99098 0.1141 0.0703
vn -0.99218 0.11425 -0.05031
vn -0.99348 0.11345 -0.0112
vn -0.99205 0.12572 0.00526
vn -0.99006 0.13216 -0.04806
vn -0.99065 0.12451 -0.05576
vn -0.98699 0.14686 -0.06544
vn -0.98762 0.13028 -0.08736
vn -0.98683 0.14475 -0.07214
vn -0.99377 0.10808 0.02712
vn -0.99086 0.10293 0.08719
vn -0.99165 0.12232 -0.04079
vn -0.99419 0.08601 -0.06467
vn -0.98115 0.13788 -0.13544
vn -0.98372 0.1499 -0.09913
vn -0.95824 0.13189 -0.25374
vn -0.95398 0.15612 -0.25604
vn -0.97657 0.14268 -0.16109
vn -0.93181 0.06609 -0.35688
vn -0.93952 0.12732 -0.31795
vn 0.65038 0.14837 0.74498
vn 0.69437 0.09155 0.71377
vn 0.82956 0.00991 0.55833
vn 0.8547 0.09416 0.51051
vn 0.77061 0.05053 0.63531
vn 0.6744 0.10272 0.73118
vn 0.66135 0.09157 0.74447
vn 0.94859 0.03204 0.31487
vn 0.93397 0.13111 0.33243
vn 0.97947 0.04637 0.1962
vn 0.96389 0.04751 0.26204
vn 0.87241 0.00053 0.48877
vn 0.78457 0.08813 0.61374
vn 0.8536 0.03722 0.51961
vn 0.95889 0.01571 0.28333
vn 0.99205 0.09331 0.08446
vn 0.98243 0.10598 0.15361
vn 0.9832 0.04633 0.17653
vn 0.99478 0.07005 0.07424
vn 0.9951 0.09581 -0.0243
vn 0.99094 0.09011 -0.09961
vn 0.99444 0.09307 -0.04936
vn 0.9947 0.09986 -0.02436
vn 0.98761 0.11928 0.102
vn 0.96736 0.12261 -0.22176
vn 0.99645 0.07584 -0.03648
vn 0.97341 0.20092 0.10998
vn 0.98789 0.0483 0.14745
vn 0.975 0.13145 0.17914
vn 0.9675 0.23253 -0.09935
vn 0.98394 0.17787 -0.01478
vn 0.95142 0.16588 -0.2594
vn 0.90936 0.18552 -0.37234
vn 0.90784 0.25942 -0.32943
vn 0.88377 0.25643 -0.39141
vn 0.9109 0.23139 -0.34164
vn 0.90596 0.3302 -0.26494
vn 0.95224 0.25164 -0.17295
vn 0.86502 0.30284 -0.40004
vn 0.79851 0.26254 -0.54172
vn 0.70877 0.30537 -0.63592
vn 0.7558 0.24309 -0.60801
vn 0.8873 0.16826 -0.42941
vn 0.90491 0.19747 -0.37701
vn 0.79668 0.30447 -0.52211
vn 0.81282 0.2859 -0.50752
vn 0.78077 0.33728 -0.52596
vn 0.70191 0.40295 -0.58733
vn 0.70736 0.37383 -0.59991
vn 0.83042 0.3855 -0.40224
vn 0.77554 0.35205 -0.52402
vn 0.38076 0.06482 0.9224
vn 0.51794 0.08075 0.8516
vn 0.38911 0.06618 0.91881
vn 0.67215 0.02976 0.73982
vn 0.7073 0.01711 0.70671
vn 0.68939 -0.00411 0.72438
vn 0.27991 0.01649 0.95988
vn 0.68869 0.06525 0.72212
vn 0.54004 0.00561 0.84162
vn 0.39783 0.03598 0.91675
vn 0.62045 0.06534 0.78152
vn 0.67848 0.04503 0.73323
vn 0.30305 0.05453 0.95141
vn 0.24544 -0.00087 0.96941
vn 0.27247 0.01294 0.96208
vn 0.1987 -0.04616 0.97897
vn 0.14991 -0.06329 0.98667
vn 0.13969 0.04062 0.98936
vn 0.07086 0.05729 0.99584
vn 0.08824 0.19441 0.97694
vn 0.15329 0.12707 0.97998
vn 0.70895 0.01063 0.70518
vn 0.65462 0.06563 0.75311
vn 0.65494 0.28008 -0.70186
vn 0.65293 0.34512 -0.67422
vn 0.59472 0.3259 -0.73491
vn 0.63281 0.34132 -0.69502
vn 0.64226 0.28437 -0.71178
vn 0.6224 0.39423 -0.67616
vn 0.55635 0.34001 -0.7582
vn 0.53599 0.32234 -0.78026
vn 0.52641 0.32318 -0.78641
vn 0.50394 0.38817 -0.7716
vn 0.54514 0.36226 -0.75604
vn 0.38287 0.28922 -0.87736
vn 0.53643 0.2405 -0.80895
vn 0.5205 0.28574 -0.80463
vn 0.37198 0.24064 -0.89651
vn 0.29866 0.24564 -0.92221
vn 0.33627 0.24909 -0.90823
vn 0.17546 0.22194 -0.95914
vn 0.12733 0.25828 -0.95764
vn 0.14143 0.21778 -0.9657
vn 0.42279 0.32664 -0.84532
vn 0.25248 0.24587 -0.93584
vn 0.15611 0.25098 -0.95532
vn 0.10996 -0.02793 0.99354
vn 0.09253 -0.08267 0.99227
vn 0.12448 0.00431 0.99221
vn 0.07161 -0.0487 0.99624
vn 0.0752 0.04367 0.99621
vn 0.15395 0.16508 0.97419
vn 0.01069 0.11498 0.99331
vn -0.09767 0.07819 0.99214
vn -0.20598 0.01508 0.97844
vn -0.03475 0.00497 0.99938
vn 3E-05 0.06347 0.99798
vn 0.03513 0.01979 0.99919
vn -0.06893 0.02172 0.99739
vn -0.24498 0.00365 0.96952
vn -0.13432 0.05728 0.98928
vn 0.12531 0.20446 -0.97082
vn 0.10555 0.24142 -0.96466
vn 0.01809 0.24044 -0.9705
vn 0.05421 0.22789 -0.97218
vn 0.0483 0.2167 -0.97504
vn 0.11018 0.26563 -0.95776
vn -0.02363 0.20759 -0.97793
vn -0.15171 0.22939 -0.96144
vn -0.31846 0.22679 -0.92041
vn -0.24878 0.18823 -0.95009
vn -0.04543 0.20873 -0.97692
vn -0.16634 0.17722 -0.97001
vn -0.22001 0.11958 -0.96814
vn -0.34868 0.07744 -0.93404
vn -0.26076 0.07202 0.96271
vn -0.25086 -0.0178 0.96786
vn -0.36002 -0.03029 0.93245
vn -0.47606 0.04881 0.87806
vn -0.54351 0.00695 0.83937
vn -0.47229 0.0926 0.87656
vn -0.39493 -0.04016 0.91783
vn -0.52379 -0.03754 0.85102
vn -0.69808 0.10411 0.70841
vn -0.69577 0.06198 0.71559
vn -0.77985 0.13252 0.61178
vn -0.62455 -0.04152 0.77988
vn -0.82914 0.1646 0.53426
vn -0.80958 0.13197 0.57199
vn -0.87518 0.25913 0.40854
vn -0.81849 0.2026 0.53762
vn -0.79624 0.07239 0.60064
vn -0.90729 0.1094 0.40602
vn -0.95763 0.10463 0.26832
vn -0.98154 0.14048 0.12982
vn -0.98091 0.11969 0.15326
vn -0.78677 0.04073 0.6159
vn -0.97084 0.06619 0.23039
vn -0.95405 0.00869 0.29951
vn -0.95739 0.26522 -0.11428
vn -0.95224 0.28268 -0.11542
vn -0.96018 0.2618 -0.09758
vn -0.9683 0.23554 -0.08313
vn -0.95171 0.2836 -0.11755
vn -0.95013 0.28657 -0.12301
vn -0.95308 0.28105 -0.11246
vn -0.95046 0.29352 -0.10237
vn -0.95527 0.27946 -0.09674
vn -0.97305 0.21833 -0.07418
vn -0.98773 0.15412 -0.02515
vn -0.98471 0.17422 0.00167
vn -0.98164 0.17606 -0.07337
vn -0.97181 0.20863 -0.10985
vn -0.94418 0.29471 -0.14723
vn -0.94797 0.2992 -0.10878
vn -0.93414 0.2896 -0.2086
vn -0.96684 0.22607 -0.11875
vn -0.94728 0.28534 -0.14575
vn -0.9679 0.22272 -0.11644
vn -0.94525 0.30184 -0.12406
vn -0.91492 0.2711 -0.29903
vn -0.93657 0.28343 -0.20616
vn -0.953 0.21467 -0.21378
vn -0.94332 0.2132 -0.25436
vn -0.93498 0.23258 -0.26781
vn -0.89947 0.19663 -0.39025
vn -0.86129 0.21721 -0.45935
vn -0.92918 0.26503 -0.25765
vn -0.96278 0.21251 -0.16701
vn -0.97474 0.18717 -0.12184
vn -0.97273 0.21847 -0.07794
vn -0.96361 0.18392 -0.19398
vn -0.88337 0.18453 -0.43083
vn -0.9246 0.20712 -0.31971
vn -0.92381 0.21585 -0.31621
vn -0.72816 0.16707 -0.66473
vn -0.66403 0.19378 -0.72216
vn -0.69607 0.22461 -0.68194
vn -0.50335 0.15748 -0.84961
vn -0.52849 0.20564 -0.82366
vn -0.6035 0.19026 -0.77434
vn -0.43773 0.1663 -0.88359
vn -0.27776 0.1474 -0.94927
vn -0.60728 0.12991 -0.7838
vn -0.74048 0.14882 -0.65539
vn -0.75955 0.15859 -0.63082
vn -0.63884 0.13339 -0.75769
vn -0.60857 0.09069 -0.7883
vn -0.46475 0.03717 -0.88466
vn -0.4529 0.09116 -0.88689
vn -0.94747 0.25439 0.19387
vn -0.93976 0.15787 0.3032
vn -0.92713 0.18095 0.32814
vn -0.99409 0.10317 0.03376
vn -0.98381 0.17367 0.04414
vn -0.98809 0.15361 0.00886
vn -0.98401 0.17706 -0.01953
vn -0.95923 0.26014 0.11046
vn -0.90833 0.11186 0.40302
vn -0.99076 0.11432 0.07296
vn -0.96129 0.2635 -0.08049
vn -0.98402 0.17805 0.00027
vn -0.97416 0.21495 -0.06933
vn -0.9669 0.2345 -0.10056
vn -0.98058 0.19296 -0.03512
vn -0.95802 0.28016 -0.06083
vn -0.97178 0.21324 -0.10082
vn -0.95951 0.26152 -0.1046
vn -0.97346 0.20985 -0.09128
vn -0.95356 0.28876 -0.08569
vn 0.78687 0.28012 0.54989
vn 0.77266 0.45497 0.44271
vn 0.74467 0.39751 0.53614
vn 0.7201 0.20334 0.66341
vn 0.84261 0.4713 0.26054
vn 0.7779 0.56621 0.27254
vn 0.75618 0.56701 0.32664
vn 0.82221 0.3409 0.4558
vn 0.86906 0.40716 0.28099
vn 0.74686 0.52366 0.40985
vn 0.71627 0.05124 0.69594
vn 0.81422 0.18781 0.54934
vn 0.93139 0.22388 0.28705
vn 0.97245 0.11364 0.20352
vn 0.90499 0.41028 0.11254
vn 0.91144 0.36565 0.1886
vn 0.96355 0.25687 0.07471
vn 0.94336 0.3297 -0.03687
vn 0.99146 0.12018 0.05067
vn 0.9614 0.21971 0.16565
vn 0.97568 0.15238 -0.15756
vn 0.98058 0.19109 -0.04423
vn 0.94326 0.22073 -0.24806
vn 0.96454 0.10992 -0.23994
vn 0.84528 0.50494 0.17477
vn 0.86243 0.50379 0.04905
vn 0.89014 0.44804 -0.08308
vn 0.85366 0.51375 -0.08559
vn 0.87676 0.37519 -0.30089
vn 0.9182 0.30992 -0.24669
vn 0.89543 0.18778 -0.40367
vn 0.87015 0.21595 -0.44294
vn 0.85385 0.47298 -0.21731
vn 0.87029 0.36042 -0.3357
vn 0.72476 0.28166 -0.6288
vn 0.75673 0.25994 -0.59983
vn 0.72338 0.29461 -0.62445
vn 0.85782 0.24448 -0.45207
vn 0.81387 0.23644 -0.53077
vn 0.76431 0.26802 -0.5865
vn 0.65181 0.31885 -0.6881
vn 0.67229 0.30475 -0.67465
vn 0.8113 0.23695 -0.53446
vn 0.88323 0.18875 -0.42929
vn 0.81175 0.22729 -0.53796
vn 0.70118 0.23262 -0.67397
vn 0.64222 0.04653 0.76511
vn 0.54585 0.16977 0.8205
vn 0.51782 0.00857 0.85545
vn 0.66045 0.14663 0.73641
vn 0.36367 0.08688 0.92747
vn 0.32376 0.09259 0.9416
vn 0.30414 0.04299 0.95166
vn 0.495 0.25324 0.83117
vn 0.38724 0.25944 0.88473
vn 0.43939 0.39257 0.80798
vn 0.34647 0.61693 0.70665
vn 0.26841 0.60003 0.7536
vn 0.22889 0.19858 0.95298
vn 0.19564 0.33247 0.9226
vn 0.07305 0.18127 0.98072
vn 0.34775 0.31657 0.88253
vn 0.192 0.00676 0.98137
vn 0.57394 0.30651 0.75937
vn 0.69729 0.48839 0.52466
vn 0.5017 0.58566 0.63663
vn 0.53122 0.3776 0.75843
vn 0.46972 0.28306 0.83621
vn 0.73522 0.59295 0.32843
vn 0.74694 0.54503 0.38081
vn 0.77386 0.51838 0.3639
vn 0.44 0.27517 0.8548
vn 0.62479 0.31045 -0.71642
vn 0.49659 0.36743 -0.78638
vn 0.55168 0.32567 -0.76784
vn 0.5308 0.24711 -0.81067
vn 0.5401 0.33514 -0.77199
vn 0.61385 0.26748 -0.74272
vn 0.61556 0.35543 -0.70339
vn 0.54041 0.45617 -0.70701
vn 0.5879 0.27715 -0.75997
vn 0.4954 0.36828 -0.78673
vn 0.52163 0.36534 -0.77099
vn 0.61819 0.38749 -0.68388
vn 0.55187 0.32934 -0.76614
vn 0.52969 0.35344 -0.77104
vn 0.49198 0.37565 -0.78539
vn 0.4762 0.35811 -0.80311
vn 0.36921 0.35661 -0.8582
vn 0.46517 0.30429 -0.83128
vn 0.26823 0.29603 -0.91674
vn 0.0178 0.26997 0.9627
vn 0.04774 0.3647 0.9299
vn 0.00478 0.3622 0.93209
vn -0.04743 0.25388 0.96607
vn 0.16304 0.36893 0.91505
vn 0.00027 0.432 0.90187
vn 0.03569 0.12787 0.99115
vn -0.04856 0.16479 0.98513
vn -0.06143 0.34805 0.93546
vn -0.19817 0.28175 0.9388
vn -0.18746 0.41223 0.89158
vn -0.08699 0.21685 0.97232
vn -0.20426 0.23592 0.95006
vn -0.17315 0.13671 0.97536
vn -0.05197 0.1428 0.98839
vn -0.03563 0.50218 0.86403
vn 0.04013 0.43335 0.90033
vn -0.06493 0.54234 0.83765
vn 0.40052 0.33947 -0.85108
vn 0.35101 0.33783 -0.8733
vn 0.23747 0.32843 -0.91419
vn 0.13643 0.33698 -0.93157
vn 0.04396 0.31998 -0.9464
vn 0.19184 0.27595 -0.94183
vn 0.11545 0.20719 -0.97146
vn 0.00146 0.18126 -0.98343
vn -0.07239 0.33261 -0.94028
vn -0.39894 0.30834 -0.86358
vn -0.05821 0.30206 -0.95151
vn 0.12856 0.2776 -0.95206
vn 0.00505 0.33352 -0.94273
vn -0.09276 0.23212 -0.96825
vn 0.01043 0.21716 -0.97608
vn -0.12923 0.14681 -0.98069
vn -0.45494 0.10007 -0.88488
vn -0.26201 0.48982 0.83152
vn -0.39563 0.30512 0.86624
vn -0.34072 0.27585 0.89879
vn -0.36616 0.19118 0.9107
vn -0.6485 0.20745 0.7324
vn -0.60511 0.24498 0.75752
vn -0.74605 0.14831 0.64916
vn -0.81705 0.23169 0.52796
vn -0.53603 0.27914 0.79671
vn -0.55195 0.34722 0.75814
vn -0.75978 0.20993 0.61536
vn -0.79105 0.22298 0.56966
vn -0.93201 0.26286 0.24952
vn -0.89444 0.30672 0.32541
vn -0.93138 0.32935 0.15513
vn -0.68943 0.4729 0.54868
vn -0.87106 0.36123 0.33282
vn -0.79323 0.3165 0.52021
vn -0.88479 0.27504 0.37615
vn -0.83658 0.28785 0.46612
vn -0.92466 0.36101 0.12114
vn -0.9199 0.37416 0.11744
vn -0.90589 0.40045 0.13784
vn -0.96111 0.27475 0.02805
vn -0.93166 0.36308 0.01325
vn -0.94661 0.3034 0.10899
vn -0.93184 0.17906 0.31562
vn -0.8134 0.17972 0.55325
vn -0.90389 0.07742 0.4207
vn -0.97366 0.22786 -0.00852
vn -0.96717 0.24653 0.06171
vn -0.97314 0.22781 -0.03319
vn -0.98256 0.16788 -0.07994
vn -0.96217 0.26276 -0.07195
vn -0.96411 0.25871 -0.05974
vn -0.91217 0.40372 -0.07042
vn -0.90726 0.41692 0.05532
vn -0.9682 0.24137 -0.06582
vn -0.93478 0.34653 -0.07815
vn -0.90329 0.42619 -0.04924
vn -0.85855 0.50693 -0.07691
vn -0.98092 0.16192 -0.10761
vn -0.93163 0.34345 -0.11879
vn -0.99156 0.11315 -0.06326
vn -0.97651 0.19633 -0.08881
vn -0.97648 0.19512 -0.09173
vn -0.96545 0.25997 -0.01778
vn -0.95744 0.24682 -0.14962
vn -0.96874 0.22082 -0.11303
vn -0.97006 0.22405 -0.09375
vn -0.96738 0.23097 -0.10408
vn -0.68042 0.4793 -0.55434
vn -0.76906 0.53603 -0.34817
vn -0.78492 0.44454 -0.4316
vn -0.86869 0.45052 -0.20595
vn -0.98631 0.0812 -0.14349
vn -0.95329 0.24291 -0.17954
vn -0.96085 0.21314 -0.17704
vn -0.87625 0.44546 -0.18372
vn -0.84121 0.53338 -0.08874
vn -0.98003 0.17224 -0.09937
vn -0.98877 0.10096 -0.11019
vn -0.98046 0.15308 -0.12353
vn -0.88566 0.39596 -0.24252
vn -0.87508 0.45235 -0.17209
vn -0.87119 0.35682 -0.33721
vn -0.92902 0.18719 -0.3192
vn -0.98818 0.09055 -0.12373
vn -0.97042 0.17518 -0.16614
vn -0.97298 0.20265 -0.11061
vn -0.96364 0.20858 -0.16703
vn -0.94277 0.18925 -0.27454
vn -0.94672 0.16769 -0.27497
vn -0.88922 0.17706 -0.42182
vn -0.52506 0.1865 -0.83038
vn -0.67704 0.25751 -0.68942
vn -0.31669 0.262 -0.91163
vn -0.72065 0.20677 -0.66175
vn -0.8492 0.17387 -0.49862
vn -0.75729 0.13445 -0.63909
vn -0.75742 0.10413 -0.64457
vn -0.82953 0.16042 -0.53493
vn -0.71251 0.16546 -0.68187
vn -0.7692 0.49954 -0.3985
vn -0.92603 0.18119 -0.3311
vn -0.88021 0.2452 -0.40633
vn -0.91646 0.31356 0.24856
vn -0.96308 0.23274 -0.1353
vn -0.97716 0.18535 -0.10391
vn -0.93608 0.32605 -0.13208
vn -0.94489 0.3217 -0.06084
vn -0.96076 0.27494 -0.03678
vn -0.9675 0.21803 -0.12808
vn 0.70516 0.65212 0.27837
vn 0.70484 0.69245 0.154
vn 0.64325 0.76164 0.07827
vn 0.62393 0.75589 0.19837
vn 0.63722 0.72671 0.25659
vn 0.69903 0.70837 0.09782
vn 0.75802 0.62725 0.17879
vn 0.80461 0.59056 0.06197
vn 0.81247 0.58274 -0.01752
vn 0.82668 0.50377 -0.25063
vn 0.79557 0.53933 -0.27602
vn 0.82221 0.52831 -0.2118
vn 0.71834 0.32009 -0.61768
vn 0.70327 0.29874 -0.64511
vn 0.23037 0.69953 0.67646
vn 0.58949 0.68102 0.43441
vn 0.4122 0.76178 0.49978
vn 0.65421 0.70949 0.26197
vn 0.58525 0.74194 0.32713
vn 0.47359 0.83464 0.28124
vn 0.4122 0.83461 0.36541
vn 0.33589 0.80838 0.48342
vn 0.2787 0.89835 0.33953
vn 0.23595 0.78705 0.56999
vn 0.2274 0.70915 0.66738
vn 0.38347 0.86313 0.32857
vn 0.25321 0.8941 0.36943
vn 0.31402 0.90047 0.30092
vn 0.36868 0.87026 0.32668
vn 0.33998 0.74247 0.5772
vn 0.37608 0.81177 0.44675
vn 0.55803 0.77991 0.28345
vn 0.59661 0.77793 0.19718
vn 0.38949 0.91984 0.04679
vn 0.5489 0.8358 0.01233
vn 0.59148 0.80589 -0.02624
vn 0.48233 0.8756 0.02606
vn 0.45762 0.86441 0.20829
vn 0.65955 0.74934 -0.05904
vn 0.45339 0.82758 0.33098
vn 0.75499 0.65156 -0.07384
vn 0.28897 0.91214 0.29068
vn 0.29094 0.93732 0.19182
vn 0.21277 0.93499 0.28375
vn 0.33777 0.93956 0.05603
vn 0.36283 0.90355 0.22792
vn 0.39542 0.9156 -0.07286
vn 0.65513 0.71781 -0.23572
vn 0.53821 0.84205 -0.03589
vn 0.53108 0.40796 -0.74264
vn 0.51304 0.40523 -0.75669
vn 0.56632 0.5468 -0.61668
vn 0.66512 0.6947 -0.27388
vn 0.58275 0.74372 -0.32755
vn 0.70959 0.32852 -0.62334
vn 0.57963 0.36447 -0.72883
vn 0.57971 0.42138 -0.69741
vn 0.49909 0.34783 -0.79368
vn 0.50565 0.63414 -0.58497
vn 0.509 0.55526 -0.65772
vn 0.55586 0.77376 -0.30385
vn 0.45042 0.89175 -0.0436
vn 0.58136 0.77074 -0.26073
vn 0.44097 0.38407 -0.81119
vn 0.47496 0.43923 -0.76255
vn 0.45058 0.4228 -0.78627
vn 0.15874 0.69633 0.69995
vn -0.1463 0.58589 0.79708
vn 0.12624 0.72421 0.67793
vn 0.1904 0.82795 0.52749
vn 0.02563 0.96726 0.2525
vn 0.09545 0.96356 0.24987
vn 0.10832 0.91827 0.38086
vn 0.14925 0.96374 0.22121
vn 0.10294 0.90055 0.42238
vn 0.04579 0.98371 0.17384
vn -0.01554 0.89552 0.44475
vn 0.12063 0.72429 0.67886
vn 0.08834 0.70573 0.70295
vn 0.07118 0.72682 0.68313
vn -0.10586 0.95095 0.29067
vn -0.08344 0.84472 0.52867
vn -0.05298 0.767 0.63945
vn 0.04158 0.76194 0.64631
vn -0.02813 0.97505 0.22019
vn -0.04796 0.93438 0.35304
vn -0.2318 0.94837 0.21647
vn -0.24705 0.94332 0.22163
vn 0.06435 0.75577 0.65167
vn -0.17467 0.74191 0.64735
vn -0.1484 0.65923 0.73716
vn -0.07086 0.63 0.77336
vn 0.13057 0.92225 0.36387
vn 0.17749 0.918 0.35464
vn 0.16257 0.89889 0.40691
vn 0.25673 0.94475 0.20379
vn 0.06649 0.96751 0.24393
vn -0.01298 0.97857 0.20551
vn 0.06713 0.99765 -0.01343
vn -0.02504 0.99749 -0.06618
vn -0.32255 0.9146 0.24385
vn -0.35473 0.91913 0.17137
vn -0.52935 0.83066 0.1726
vn -0.15227 0.9447 0.29044
vn -0.32727 0.90991 0.25487
vn -0.10767 0.99407 0.01538
vn -0.12255 0.92939 0.34817
vn -0.0313 0.86919 0.49349
vn 0.47794 0.56756 -0.67041
vn 0.1464 0.659 -0.73776
vn 0.36374 0.49347 -0.79005
vn 0.34472 0.51088 -0.78751
vn 0.48633 0.39734 -0.77821
vn 0.49632 0.4526 -0.74082
vn 0.03048 0.48222 -0.87552
vn 0.16274 0.5354 -0.82877
vn -0.28229 0.45324 -0.84551
vn -0.11312 0.60839 -0.78554
vn 0.00086 0.52933 -0.84842
vn 0.27366 0.43606 -0.8573
vn 0.1199 0.52528 -0.84244
vn -0.02278 0.42293 -0.90588
vn 0.27528 0.39783 -0.87519
vn -0.03711 0.41487 -0.90912
vn -0.0257 0.44994 -0.89269
vn -0.09108 0.50252 -0.85976
vn -0.00168 0.37431 -0.9273
vn 0.00799 0.37846 -0.92558
vn -0.13746 0.86011 0.49124
vn -0.48562 0.71401 0.50434
vn -0.49866 0.81372 0.29867
vn -0.78616 0.56772 0.24421
vn -0.6468 0.75812 0.08305
vn -0.57159 0.8125 0.1146
vn -0.51835 0.62932 0.57903
vn -0.46249 0.50938 0.7257
vn -0.84705 0.51247 0.14098
vn -0.83225 0.50667 0.22504
vn -0.78816 0.60871 0.091
vn -0.86597 0.4864 0.11621
vn -0.70403 0.70419 0.092
vn -0.70898 0.6924 0.13391
vn -0.89615 0.44206 -0.03879
vn -0.83001 0.55315 -0.07151
vn -0.66123 0.75011 0.01094
vn -0.84333 0.53562 -0.04359
vn -0.77496 0.62777 0.07314
vn -0.52384 0.85181 0.00226
vn -0.46021 0.88603 -0.05627
vn -0.89879 0.42968 -0.08687
vn -0.86717 0.49757 -0.02097
vn -0.90261 0.41699 -0.10686
vn -0.93247 0.34531 -0.10612
vn -0.88159 0.46221 -0.09567
vn -0.91831 0.38725 -0.08205
vn -0.79365 0.55632 0.24622
vn -0.48371 0.83432 0.26446
vn -0.87703 0.48 -0.02029
vn -0.93178 0.3461 -0.10959
vn -0.93482 0.32887 -0.13401
vn -0.54959 0.43751 -0.71171
vn -0.76415 0.38482 -0.51768
vn -0.65348 0.43572 -0.61896
vn -0.91382 0.29176 -0.2825
vn -0.80477 0.32884 -0.49418
vn -0.86417 0.47676 -0.16097
vn -0.89065 0.44036 -0.11328
vn -0.87774 0.38449 -0.28589
vn -0.78078 0.37939 -0.49644
vn -0.54683 0.48876 -0.67978
vn -0.748 0.32524 -0.57854
vn -0.67333 0.51533 -0.53015
vn -0.60313 0.64365 -0.47111
vn 0.3794 0.90396 0.19728
vn 0.39362 0.91927 0.00123
vn 0.19789 0.97037 -0.13863
vn 0.2066 0.97512 -0.08035
vn 0.30767 0.92943 -0.20372
vn 0.38472 0.92169 -0.04985
vn 0.42266 0.89305 0.15435
vn 0.3919 0.89977 0.19191
vn 0.28645 0.89268 0.34796
vn 0.54644 0.81353 -0.19892
vn 0.04585 0.97428 0.22064
vn 0.00964 0.88753 0.46065
vn -0.10643 0.9737 0.20144
vn -0.35158 0.93407 -0.0624
vn -0.23105 0.97254 -0.02786
vn -0.2385 0.96583 -0.10147
vn 0.10461 0.82933 0.54888
vn 0.1024 0.97255 0.20894
vn -0.08401 0.99592 -0.03289
vn 0.24638 0.45455 -0.85597
vn 0.27147 0.42879 -0.86165
vn -0.25509 0.86811 0.4258
vn -0.5074 0.76909 0.38865
vn -0.19201 0.92658 0.3234
vn -0.24804 0.91251 -0.32527
vn -0.29783 0.46525 -0.83357
vn -0.60751 0.74773 -0.26803
vn -0.16084 0.58991 -0.79129
vn -0.07256 0.17318 -0.98221
vn -0.40411 0.63803 -0.65545
vn 0.85168 -0.42067 0.31254
vn 0.93529 -0.35066 0.04756
vn -0.12319 -0.94168 -0.31315
vn 0.21798 -0.97154 0.09266
vn 0.29778 -0.76809 -0.5669
vn 0.32214 -0.86348 -0.38811
vn -0.22053 -0.80807 0.54625
vn -0.49605 -0.81214 0.30717
vn -0.49607 -0.81212 0.3072
vn -0.57333 -0.58958 0.56894
vn -0.83167 0.00824 0.5552
vn -0.87061 -0.19662 0.45097
vn 0.1067 -0.91408 -0.39124
vn -0.08106 -0.22931 -0.96997
vn -0.04708 -0.77589 -0.62911
vn -0.47245 -0.41547 -0.77729
vn 0.42316 -0.52676 -0.7372
vn 0.42314 -0.52684 -0.73715
vn -0.85933 -0.1006 0.50142
vn -0.90717 0.07269 0.41445
vn -0.5566 -0.76578 0.32214
vn -0.97947 0.19603 -0.04702
vn -0.68161 -0.07541 -0.72782
vn 0.11707 -0.67959 0.72419
vn -0.33997 -0.33928 0.8771
vn -0.34001 -0.33926 0.87709
vn 0.96289 0.2606 0.07022
vn 0.528 -0.06913 0.84643
vn 0.6309 -0.32527 0.70439
vn 0.87487 -0.23525 0.4234
vn 0.86598 -0.31534 0.38812
vn 0.62957 0.492 -0.60131
vn 0.03577 0.86781 -0.49561
vn -0.45589 0.61139 -0.64682
vn -0.30518 0.57906 -0.75602
vn -0.82257 0.05396 -0.56609
vn -0.77119 0.30654 0.55794
vn -0.83338 0.33165 0.44214
vn 0.04217 0.85592 -0.51539
vn 0.04216 0.85591 -0.51541
vn 0.50124 -0.06883 0.86257
vn 0.50125 -0.06882 0.86256
vn 0.47415 -0.08201 0.87661
vn 0.97424 0.03654 0.22252
vn 0.79721 0.37982 -0.46925
vn 0.7972 0.37983 -0.46925
vn -0.57973 0.4772 -0.66045
vn -0.53871 0.49039 -0.68506
vn -0.49441 0.50016 -0.71091
vn -0.4478 0.61528 -0.64877
vn -0.33663 0.6659 -0.66577
vn -0.33685 0.66588 -0.66568
vn -0.39085 0.74194 -0.54476
vn 0.29982 0.06762 0.9516
vn 0.32553 0.19415 0.92538
vn -0.70352 -0.42305 0.57104
vn -0.88497 -0.06918 0.46047
vn -0.88497 -0.06918 0.46047
vn -0.51373 0.29823 -0.80445
vn -0.49829 0.53595 -0.68152
vn -0.73268 0.48894 -0.4734
vn -0.57702 0.55037 -0.60344
vn -0.91557 0.18306 0.35807
vn -0.90982 0.39608 -0.12393
vn -0.90982 0.39607 -0.12394
vn 0.42629 0.32047 0.84591
vn 0.45084 0.13144 0.88287
vn 0.79091 0.60977 0.05143
vn 0.71309 0.53427 -0.45393
vn 0.62882 0.63345 -0.45091
vn 0.62876 0.63352 -0.45091
vn 0.62732 0.58179 -0.51767
vn 0.61919 0.51138 -0.5959
vn 0.61919 0.51104 -0.59618
vn 0.69743 0.54747 -0.46246
vn -0.48796 -0.11876 -0.86475
vn -0.48796 -0.11877 -0.86475
vn -0.69672 -0.47239 0.53983
vn -0.61261 -0.07378 -0.78694
vn -0.42956 -0.12958 -0.89369
vn -0.7561 -0.4805 0.44433
vn -0.73051 -0.55164 0.40256
vn -0.68706 -0.54567 0.47978
vn 0.73373 0.43199 -0.52443
vn 0.85953 0.14191 -0.49099
vn 0.27206 0.48435 0.8315
vn -0.7672 -0.45026 0.45681
vn -0.7672 -0.45026 0.4568
vn -0.6915 -0.6192 0.37205
vn 0.74828 0.51008 -0.42415
vn 0.74828 0.51007 -0.42414
vn 0.56469 0.62444 -0.53963
vn 0.10722 0.4778 0.8719
vn 0.16236 0.45415 0.87601
vn 0.16236 0.45416 0.876
vn -0.1755 -0.71925 -0.67222
vn -0.62974 -0.70437 0.32755
vn -0.4879 -0.7959 0.35847
vn -0.33678 -0.92792 0.15985
vn -0.33751 -0.92728 0.16201
vn -0.3335 -0.9307 0.15029
vn -0.34217 -0.92305 0.17579
vn 0.1572 0.34834 0.92409
vn -0.04949 -0.58906 -0.80658
vn -0.48356 -0.79232 0.37201
vn -0.48351 -0.79235 0.37202
vn -0.07859 -0.54526 -0.83458
vn 0.07045 -0.70787 -0.70282
vn -0.55974 -0.82098 -0.11264
vn -0.13223 -0.90616 -0.40172
vn 0.3134 0.31449 0.89603
vn 0.3134 0.31447 0.89604
vn 0.84771 0.49192 0.1985
vn 0.67082 0.5428 -0.50534
vn 0.25086 0.32548 0.91167
vn -0.17367 -0.58726 -0.79055
vn -0.63371 -0.62337 0.45807
vn 0.68726 0.52667 -0.50028
vn 0.51498 0.72363 -0.4595
vn 0.42584 0.75904 -0.49246
vn 0.48506 0.75834 -0.43547
vn 0.03837 0.87209 0.48783
vn 0.06121 0.74999 0.65861
vn 0.16633 0.63332 0.7558
vn 0.13687 0.98755 -0.07759
vn 0.65301 0.54884 -0.52187
vn 0.25874 0.31058 0.91465
vn -0.71218 -0.41676 0.5649
vn 0.55387 -0.00478 0.83259
vn 0.95077 0.06551 0.30289
vn 0.83061 0.32807 -0.44996
vn 0.8306 0.32808 -0.44997
vn -0.77974 -0.32559 0.53478
vn -0.91497 -0.35318 0.19519
vn 0.5954 -0.02689 0.80298
vn 0.54198 0.05466 0.83861
vn -0.52028 -0.22449 -0.82396
vn -0.49189 -0.33491 -0.80367
vn -0.49059 -0.10616 -0.8649
vn -0.4906 -0.10617 -0.86489
vn -0.81429 -0.308 0.49201
vn -0.81429 -0.308 0.49201
vn 0.87067 0.19312 -0.45237
vn -0.49288 -0.26476 -0.82884
vn 0.85248 0.31498 -0.4172
vn 0.49612 -0.0056 0.86824
vn 0.42532 0.23383 0.87432
vn -0.29962 -0.1234 -0.94604
vn 0.87838 0.27051 -0.39406
vn 0.56441 0.007 0.82547
vn 0.47389 0.17461 0.8631
vn 0.47389 0.17461 0.8631
vn -0.39128 -0.0867 -0.91618
vn -0.55973 -0.14075 0.81664
vn -0.83549 -0.14779 0.52926
vn 0.53037 0.14128 0.83591
vn 0.53037 0.14127 0.83591
vn 0.33617 0.29489 0.89444
vn -0.65212 0.1247 -0.74779
vn -0.64268 0.05788 -0.76395
vn -0.9243 0.15892 0.34702
vn -0.9243 0.15892 0.34701
vn -0.63518 0.11422 -0.76387
vn -0.99334 0.11096 -0.03105
vn -0.97172 0.2359 0.01085
vn 0.99601 0.08384 -0.03042
vn 0.86736 0.23017 -0.44126
vn 0.87853 0.22979 -0.41878
vn 0.32483 0.32967 0.88645
vn -0.52347 0.42608 0.73785
vn -0.80407 0.21292 0.55509
vn -0.9718 0.1788 -0.15374
vn -0.96485 0.22866 -0.12957
vn -0.96355 0.14581 -0.2243
vn -0.96355 0.14576 -0.22433
vn -0.65837 0.23069 -0.71648
vn 0.05984 0.74543 0.66389
vn 0.1634 0.96364 0.2114
vn 0.12763 0.92576 0.35591
vn -0.0626 0.62868 0.77514
vn -0.23206 0.62312 0.74691
vn 0.27964 0.93437 0.22082
vn 0.05448 0.99474 0.08671
vn 0.567 0.79743 -0.20643
vn 0.39995 0.90157 0.16497
vn 0.09823 0.18369 -0.97806
vn 0.09825 0.18369 -0.97806
vt 0.36944 0.5755
vt 0.36831 0.57347
vt 0.37014 0.57293
vt 0.37406 0.57434
vt 0.78371 0.01366
vt 0.78093 0.0132
vt 0.77985 0.01232
vt 0.77952 0.01274
vt 0.36682 0.5755
vt 0.77757 0.01178
vt 0.08765 0.34284
vt 0.08753 0.34294
vt 0.0916 0.34363
vt 0.37479 0.44335
vt 0.37441 0.44237
vt 0.37883 0.4419
vt 0.37348 0.44318
vt 0.36307 0.4618
vt 0.36297 0.44661
vt 0.0869 0.34277
vt 0.37359 0.44241
vt 0.36298 0.44595
vt 0.36221 0.4462
vt 0.077 0.34
vt 0.07689 0.34009
vt 0.07767 0.34017
vt 0.46694 0.009
vt 0.46625 0.00895
vt 0.46652 0.00885
vt 0.46797 0.00869
vt 0.36205 0.4477
vt 0.36631 0.46199
vt 0.36457 0.46306
vt 0.36279 0.46339
vt 0.36075 0.46302
vt 0.58136 0.45458
vt 0.57987 0.45956
vt 0.57718 0.45554
vt 0.57655 0.4528
vt 0.57268 0.45396
vt 0.56709 0.44653
vt 0.57336 0.45842
vt 0.51345 0.4357
vt 0.53121 0.43195
vt 0.52128 0.44064
vt 0.51078 0.44085
vt 0.50486 0.43549
vt 0.5145 0.44986
vt 0.47454 0.45169
vt 0.47597 0.44961
vt 0.47699 0.45182
vt 0.47001 0.4472
vt 0.47994 0.43116
vt 0.47531 0.45321
vt 0.48082 0.45442
vt 0.52921 0.46488
vt 0.51396 0.46695
vt 0.55262 0.46802
vt 0.5436 0.45211
vt 0.52696 0.48725
vt 0.48757 0.48439
vt 0.48732 0.48369
vt 0.48766 0.48437
vt 0.52382 0.48776
vt 0.46841 0.45243
vt 0.46147 0.43134
vt 0.44869 0.43602
vt 0.42366 0.43947
vt 0.44026 0.45151
vt 0.41185 0.43759
vt 0.40708 0.44604
vt 0.3967 0.45921
vt 0.41798 0.45732
vt 0.46567 0.46174
vt 0.39947 0.46467
vt 0.43524 0.47341
vt 0.45277 0.47697
vt 0.45141 0.48513
vt 0.4476 0.47794
vt 0.44822 0.47204
vt 0.40894 0.49431
vt 0.40721 0.48713
vt 0.41248 0.49345
vt 0.48739 0.48452
vt 0.45845 0.49936
vt 0.45206 0.50032
vt 0.42319 0.49648
vt 0.36753 0.47077
vt 0.38632 0.47935
vt 0.37996 0.48433
vt 0.47659 0.0091
vt 0.4687 0.00976
vt 0.48958 0.00936
vt 0.4877 0.00854
vt 0.36376 0.46443
vt 0.36675 0.46378
vt 0.36181 0.46509
vt 0.48463 0.00699
vt 0.48273 0.00667
vt 0.35595 0.46809
vt 0.38188 0.49042
vt 0.37807 0.50076
vt 0.37737 0.49194
vt 0.51942 0.01663
vt 0.48576 0.01453
vt 0.4914 0.00965
vt 0.34 0.50099
vt 0.35356 0.47191
vt 0.36375 0.50339
vt 0.4002 0.4999
vt 0.38074 0.51011
vt 0.37552 0.51099
vt 0.36861 0.50828
vt 0.09587 0.05092
vt 0.09943 0.05098
vt 0.10116 0.04957
vt 0.10175 0.04766
vt 0.10951 0.04565
vt 0.60084 0.4752
vt 0.57863 0.48385
vt 0.56434 0.48172
vt 0.56787 0.49047
vt 0.58778 0.49427
vt 0.12021 0.04679
vt 0.13733 0.03813
vt 0.12326 0.04145
vt 0.11049 0.04848
vt 0.60472 0.48461
vt 0.60321 0.50109
vt 0.58022 0.51821
vt 0.57817 0.51968
vt 0.58137 0.5202
vt 0.57762 0.51878
vt 0.57766 0.51978
vt 0.53367 0.48935
vt 0.52598 0.48948
vt 0.52164 0.49105
vt 0.48763 0.48447
vt 0.53909 0.51126
vt 0.49687 0.50588
vt 0.53608 0.51223
vt 0.53788 0.51255
vt 0.5415 0.52706
vt 0.53719 0.51265
vt 0.53738 0.51215
vt 0.55437 0.51555
vt 0.53584 0.51361
vt 0.54485 0.53851
vt 0.54453 0.53856
vt 0.50907 0.53248
vt 0.50016 0.51546
vt 0.50274 0.53389
vt 0.17018 0.83667
vt 0.17025 0.83675
vt 0.17 0.8368
vt 0.41105 0.49707
vt 0.4565 0.50361
vt 0.483 0.50506
vt 0.48441 0.51402
vt 0.43876 0.50732
vt 0.44947 0.52041
vt 0.41795 0.51428
vt 0.47874 0.54833
vt 0.47012 0.52549
vt 0.4664 0.5224
vt 0.46495 0.52556
vt 0.46885 0.54971
vt 0.42863 0.54156
vt 0.42475 0.53488
vt 0.42525 0.54235
vt 0.38686 0.52652
vt 0.39464 0.53035
vt 0.39143 0.53179
vt 0.51993 0.01697
vt 0.52096 0.01675
vt 0.36267 0.51101
vt 0.3846 0.52987
vt 0.37944 0.51456
vt 0.39515 0.51322
vt 0.37238 0.51603
vt 0.78135 0.00735
vt 0.78738 0.009
vt 0.79318 0.01444
vt 0.39301 0.53386
vt 0.39137 0.53949
vt 0.3905 0.53472
vt 0.40903 0.53742
vt 0.36291 0.5516
vt 0.36658 0.54308
vt 0.36913 0.55148
vt 0.39816 0.56137
vt 0.3866 0.56357
vt 0.37228 0.55505
vt 0.36476 0.52132
vt 0.35051 0.52019
vt 0.34082 0.50265
vt 0.53721 0.01674
vt 0.53762 0.01909
vt 0.35603 0.5264
vt 0.34769 0.5206
vt 0.53376 0.02168
vt 0.55427 0.0235
vt 0.56365 0.02418
vt 0.56546 0.02585
vt 0.59008 0.02493
vt 0.58858 0.02516
vt 0.58819 0.02463
vt 0.35432 0.56766
vt 0.34743 0.57581
vt 0.34567 0.57386
vt 0.34541 0.57628
vt 0.34423 0.57578
vt 0.1259 0.04573
vt 0.13734 0.04442
vt 0.14019 0.04213
vt 0.14215 0.03799
vt 0.1502 0.03731
vt 0.61737 0.52368
vt 0.60466 0.52902
vt 0.60915 0.51796
vt 0.57804 0.52042
vt 0.60449 0.54069
vt 0.58263 0.53797
vt 0.14538 0.04176
vt 0.15598 0.03909
vt 0.15896 0.0389
vt 0.1597 0.0372
vt 0.16335 0.03725
vt 0.17355 0.02889
vt 0.15676 0.03333
vt 0.58976 0.55991
vt 0.54615 0.54277
vt 0.55396 0.55457
vt 0.55082 0.55571
vt 0.54833 0.55605
vt 0.54473 0.53873
vt 0.54542 0.53868
vt 0.54225 0.5398
vt 0.50777 0.54723
vt 0.50935 0.55422
vt 0.55275 0.5563
vt 0.55019 0.55678
vt 0.5892 0.56104
vt 0.55763 0.58286
vt 0.54214 0.56055
vt 0.51844 0.57265
vt 0.55644 0.58279
vt 0.51338 0.56535
vt 0.51532 0.57333
vt 0.47534 0.5546
vt 0.49933 0.55462
vt 0.49679 0.56063
vt 0.45074 0.55835
vt 0.42764 0.54666
vt 0.43099 0.56288
vt 0.46321 0.56585
vt 0.44124 0.57967
vt 0.44044 0.57753
vt 0.4432 0.57935
vt 0.4542 0.57548
vt 0.45261 0.58335
vt 0.49142 0.59275
vt 0.48492 0.5694
vt 0.48091 0.56597
vt 0.47925 0.56962
vt 0.36862 0.55517
vt 0.39275 0.57111
vt 0.41412 0.56487
vt 0.40624 0.574
vt 0.79945 0.01878
vt 0.80933 0.0256
vt 0.36846 0.56582
vt 0.43004 0.60056
vt 0.42279 0.59795
vt 0.40753 0.57633
vt 0.40837 0.5746
vt 0.77793 0.01746
vt 0.79578 0.02634
vt 0.772 0.01924
vt 0.78716 0.0186
vt 0.80933 0.02574
vt 0.80103 0.02676
vt 0.40585 0.57432
vt 0.80999 0.02588
vt 0.80966 0.02581
vt 0.40567 0.57435
vt 0.80951 0.02577
vt 0.81111 0.02652
vt 0.78066 0.01353
vt 0.5803 0.02852
vt 0.76026 0.00762
vt 0.77029 0.01266
vt 0.75672 0.00993
vt 0.59085 0.02525
vt 0.58468 0.02912
vt 0.58308 0.0297
vt 0.34721 0.57762
vt 0.77662 0.01226
vt 0.34463 0.5773
vt 0.59052 0.0247
vt 0.5915 0.02503
vt 0.75848 0.00667
vt 0.76079 0.00706
vt 0.75816 0.00682
vt 0.75811 0.01165
vt 0.75304 0.01
vt 0.75095 0.00865
vt 0.58588 0.02988
vt 0.17323 0.03627
vt 0.182 0.03103
vt 0.1746 0.02885
vt 0.1943 0.02365
vt 0.93849 0.06932
vt 0.93839 0.06919
vt 0.93855 0.06924
vt 0.19919 0.02745
vt 0.19448 0.02369
vt 0.19331 0.02933
vt 0.93826 0.06916
vt 0.55743 0.58298
vt 0.55727 0.58319
vt 0.52091 0.58828
vt 0.92643 0.06897
vt 0.91268 0.06212
vt 0.19132 0.03165
vt 0.19625 0.02978
vt 0.94066 0.07552
vt 0.94198 0.07725
vt 0.93635 0.07579
vt 0.9145 0.07181
vt 0.91799 0.06898
vt 0.21997 0.01905
vt 0.21024 0.02413
vt 0.21957 0.02357
vt 0.20996 0.02163
vt 0.91343 0.06584
vt 0.44287 0.58281
vt 0.48906 0.59868
vt 0.48378 0.59411
vt 0.52651 0.60475
vt 0.51409 0.60373
vt 0.51607 0.6122
vt 0.46907 0.60661
vt 0.47461 0.61868
vt 0.45329 0.61542
vt 0.22118 0.02394
vt 0.21643 0.02592
vt 0.22413 0.02327
vt 0.22408 0.02171
vt 0.89956 0.06162
vt 0.89512 0.06429
vt 0.88543 0.05774
vt 0.87547 0.05783
vt 0.86255 0.05182
vt 0.89082 0.05773
vt 0.49615 0.61912
vt 0.50076 0.62308
vt 0.90397 0.05984
vt 0.88458 0.05595
vt 0.49349 0.62324
vt 0.45236 0.62866
vt 0.4559 0.63834
vt 0.44745 0.64113
vt 0.43187 0.60314
vt 0.4297 0.60324
vt 0.43744 0.62666
vt 0.59594 0.03339
vt 0.61067 0.0347
vt 0.60559 0.03818
vt 0.40002 0.60071
vt 0.39634 0.58647
vt 0.80427 0.02957
vt 0.43944 0.62978
vt 0.43852 0.6304
vt 0.43816 0.63042
vt 0.43685 0.62993
vt 0.80938 0.03255
vt 0.83646 0.0413
vt 0.81373 0.03699
vt 0.64022 0.04389
vt 0.62784 0.04328
vt 0.63429 0.0404
vt 0.64459 0.04242
vt 0.63752 0.03778
vt 0.65544 0.04044
vt 0.44444 0.6501
vt 0.43867 0.63095
vt 0.43828 0.63102
vt 0.43779 0.63093
vt 0.23525 0.02073
vt 0.23854 0.01635
vt 0.79244 0.36649
vt 0.78744 0.35268
vt 0.79789 0.36848
vt 0.85722 0.05282
vt 0.8555 0.05334
vt 0.85457 0.05256
vt 0.85029 0.04794
vt 0.85262 0.04789
vt 0.45303 0.64626
vt 0.25376 0.01171
vt 0.25592 0.01152
vt 0.25665 0.01054
vt 0.85262 0.05236
vt 0.85291 0.05428
vt 0.85128 0.05194
vt 0.852 0.05189
vt 0.25671 0.01137
vt 0.84339 0.05191
vt 0.84414 0.05064
vt 0.84824 0.05173
vt 0.83567 0.04885
vt 0.81524 0.0406
vt 0.82121 0.04246
vt 0.81924 0.0429
vt 0.83978 0.04543
vt 0.84891 0.04864
vt 0.64362 0.04404
vt 0.44603 0.66
vt 0.43887 0.65192
vt 0.25892 0.00726
vt 0.25246 0.00951
vt 0.45218 0.6541
vt 0.84531 0.04502
vt 0.84991 0.04783
vt 0.84083 0.04477
vt 0.83897 0.04263
vt 0.65739 0.03924
vt 0.66 0.04094
vt 0.83241 0.04186
vt 0.85106 0.05125
vt 0.25839 0.01045
vt 0.2028 0.36852
vt 0.20076 0.36862
vt 0.20357 0.36898
vt 0.20417 0.36881
vt 0.19966 0.36794
vt 0.20371 0.36851
vt 0.2022 0.36812
vt 0.14028 0.35748
vt 0.13847 0.35785
vt 0.14286 0.35874
vt 0.14536 0.35836
vt 0.13475 0.35646
vt 0.14442 0.35698
vt 0.13657 0.35561
vt 0.50745 0.67163
vt 0.50868 0.67241
vt 0.51128 0.67253
vt 0.0902 0.34792
vt 0.0902 0.34792
vt 0.09021 0.34792
vt 0.09021 0.34792
vt 0.0902 0.34792
vt 0.08682 0.34295
vt 0.08883 0.34355
vt 0.01587 0.84107
vt 0.01249 0.83818
vt 0.00333 0.83667
vt 0.07767 0.34035
vt 0.07688 0.34025
vt 0.46646 0.00913
vt 0.2412 0.37855
vt 0.23616 0.37837
vt 0.24567 0.38107
vt 0.23468 0.37724
vt 0.25636 0.38142
vt 0.2289 0.37703
vt 0.54095 0.40834
vt 0.54818 0.40925
vt 0.54425 0.41872
vt 0.56466 0.41688
vt 0.27777 0.3919
vt 0.27015 0.38548
vt 0.26043 0.38687
vt 0.06861 0.06418
vt 0.06845 0.06795
vt 0.07592 0.06311
vt 0.23926 0.38356
vt 0.26885 0.3836
vt 0.27986 0.38665
vt 0.07941 0.05961
vt 0.5786 0.44565
vt 0.57807 0.42599
vt 0.59018 0.43232
vt 0.54499 0.43447
vt 0.54867 0.42849
vt 0.22642 0.38103
vt 0.20384 0.37429
vt 0.17578 0.36777
vt 0.19006 0.3716
vt 0.16149 0.36515
vt 0.17056 0.36424
vt 0.17456 0.37009
vt 0.20996 0.36961
vt 0.51249 0.41636
vt 0.53929 0.4269
vt 0.2346 0.37375
vt 0.22794 0.37023
vt 0.50393 0.41481
vt 0.17349 0.36216
vt 0.18181 0.36162
vt 0.16537 0.35761
vt 0.16059 0.36735
vt 0.15058 0.36422
vt 0.11726 0.35981
vt 0.12189 0.35791
vt 0.11262 0.35625
vt 0.13795 0.36213
vt 0.11386 0.35437
vt 0.15424 0.35466
vt 0.13181 0.35097
vt 0.121 0.34963
vt 0.10906 0.35091
vt 0.44097 0.02096
vt 0.4393 0.02359
vt 0.43431 0.022
vt 0.45729 0.02507
vt 0.10764 0.3562
vt 0.45573 0.01416
vt 0.45573 0.01416
vt 0.45573 0.01416
vt 0.0902 0.34792
vt 0.08764 0.35233
vt 0.45573 0.01416
vt 0.45573 0.01416
vt 0.47912 0.01366
vt 0.45575 0.01416
vt 0.47776 0.01521
vt 0.47554 0.02144
vt 0.49001 0.02548
vt 0.47093 0.02632
vt 0.46634 0.02527
vt 0.45016 0.01938
vt 0.46305 0.0195
vt 0.47119 0.01876
vt 0.48968 0.02066
vt 0.50061 0.0204
vt 0.49774 0.02222
vt 0.09445 0.06663
vt 0.09258 0.06783
vt 0.09596 0.06674
vt 0.09708 0.06571
vt 0.07921 0.06366
vt 0.06614 0.07196
vt 0.07392 0.07245
vt 0.07885 0.06834
vt 0.05909 0.07306
vt 0.09166 0.06164
vt 0.08534 0.05234
vt 0.08166 0.06121
vt 0.0963 0.05848
vt 0.10068 0.05875
vt 0.11256 0.05656
vt 0.11242 0.05098
vt 0.11846 0.04994
vt 0.49443 0.03194
vt 0.48428 0.02901
vt 0.49722 0.03127
vt 0.49771 0.03062
vt 0.50108 0.03112
vt 0.50756 0.02759
vt 0.50479 0.02214
vt 0.51692 0.02669
vt 0.51571 0.02923
vt 0.52333 0.03363
vt 0.52959 0.03567
vt 0.52124 0.03622
vt 0.50071 0.03229
vt 0.53503 0.03132
vt 0.54048 0.03232
vt 0.53725 0.03297
vt 0.52062 0.02384
vt 0.52808 0.02536
vt 0.5411 0.03161
vt 0.54697 0.03252
vt 0.55813 0.02653
vt 0.56149 0.03005
vt 0.09729 0.06681
vt 0.09825 0.06597
vt 0.11773 0.06195
vt 0.11811 0.05662
vt 0.12974 0.05588
vt 0.13684 0.05197
vt 0.1338 0.05234
vt 0.12084 0.05395
vt 0.13786 0.05107
vt 0.13816 0.04976
vt 0.11614 0.06333
vt 0.12002 0.06197
vt 0.12792 0.06015
vt 0.13756 0.05848
vt 0.13954 0.05668
vt 0.14379 0.05639
vt 0.14666 0.05328
vt 0.14152 0.0506
vt 0.15506 0.04734
vt 0.15959 0.04071
vt 0.75959 0.45966
vt 0.76428 0.45678
vt 0.75958 0.46392
vt 0.76087 0.4546
vt 0.54058 0.03997
vt 0.691 0.47497
vt 0.69436 0.47151
vt 0.71972 0.48302
vt 0.54816 0.03521
vt 0.72285 0.48487
vt 0.72332 0.48412
vt 0.55534 0.03758
vt 0.55293 0.03771
vt 0.68779 0.47261
vt 0.72691 0.48149
vt 0.75429 0.45604
vt 0.75433 0.44528
vt 0.72356 0.48374
vt 0.71849 0.44723
vt 0.72712 0.45533
vt 0.57351 0.03882
vt 0.5915 0.03523
vt 0.58857 0.04202
vt 0.69568 0.44582
vt 0.72127 0.42612
vt 0.56129 0.03375
vt 0.57372 0.03552
vt 0.57355 0.03108
vt 0.58231 0.03069
vt 0.67333 0.45331
vt 0.75659 0.01724
vt 0.77421 0.02399
vt 0.7527 0.01086
vt 0.1522 0.05514
vt 0.15578 0.05216
vt 0.15825 0.04716
vt 0.16101 0.04496
vt 0.94345 0.08607
vt 0.93489 0.08006
vt 0.95753 0.08627
vt 0.93067 0.08336
vt 0.94078 0.087
vt 0.91691 0.07939
vt 0.92765 0.07907
vt 0.89767 0.44486
vt 0.89969 0.438
vt 0.90646 0.44369
vt 0.84897 0.4554
vt 0.85665 0.43927
vt 0.85498 0.45669
vt 0.88664 0.45629
vt 0.86157 0.4356
vt 0.17317 0.04178
vt 0.17105 0.04354
vt 0.1759 0.04175
vt 0.87767 0.41739
vt 0.90436 0.41202
vt 0.86105 0.43353
vt 0.85931 0.434
vt 0.85771 0.4337
vt 0.8589 0.43243
vt 0.19345 0.03186
vt 0.9013 0.40471
vt 0.90884 0.40716
vt 0.86525 0.41176
vt 0.87407 0.40556
vt 0.85292 0.38879
vt 0.84052 0.44897
vt 0.76445 0.45037
vt 0.80773 0.44265
vt 0.79444 0.44974
vt 0.7925 0.4389
vt 0.82197 0.40196
vt 0.82539 0.41103
vt 0.81718 0.41098
vt 0.82578 0.43463
vt 0.83307 0.40749
vt 0.8014 0.4187
vt 0.81724 0.43141
vt 0.78537 0.41672
vt 0.79525 0.4013
vt 0.84119 0.38923
vt 0.21767 0.02671
vt 0.80109 0.39163
vt 0.81475 0.38078
vt 0.77273 0.42756
vt 0.7404 0.42991
vt 0.74738 0.42607
vt 0.75645 0.41088
vt 0.58804 0.04431
vt 0.58563 0.04306
vt 0.5918 0.04358
vt 0.61649 0.04196
vt 0.60242 0.04261
vt 0.61276 0.04459
vt 0.76458 0.38849
vt 0.76688 0.40348
vt 0.75343 0.40134
vt 0.78484 0.39907
vt 0.74473 0.40573
vt 0.7477 0.39639
vt 0.77078 0.37701
vt 0.77829 0.38716
vt 0.7579 0.37233
vt 0.61336 0.04765
vt 0.6057 0.04715
vt 0.63515 0.04517
vt 0.79029 0.3912
vt 0.22711 0.02516
vt 0.23821 0.02232
vt 0.7924 0.37567
vt 0.77561 0.35507
vt 0.76561 0.35716
vt 0.74501 0.36487
vt 0.74149 0.37203
vt 0.64089 0.04498
vt 0.18798 0.37721
vt 0.18759 0.3773
vt 0.18818 0.37735
vt 0.18848 0.37731
vt 0.18706 0.37703
vt 0.18849 0.37718
vt 0.18777 0.37698
vt 0.21924 0.38952
vt 0.22302 0.38739
vt 0.22017 0.38691
vt 0.22527 0.38744
vt 0.22639 0.38838
vt 0.22241 0.38684
vt 0.25505 0.39203
vt 0.23119 0.3823
vt 0.23322 0.38356
vt 0.22835 0.38248
vt 0.25878 0.39197
vt 0.27097 0.40163
vt 0.26174 0.39321
vt 0.24823 0.39615
vt 0.04048 0.08352
vt 0.04262 0.08868
vt 0.0535 0.08168
vt 0.21586 0.3916
vt 0.21975 0.3923
vt 0.26162 0.393
vt 0.26274 0.39334
vt 0.05792 0.07661
vt 0.26205 0.39292
vt 0.19228 0.38429
vt 0.16973 0.38286
vt 0.17227 0.37843
vt 0.165 0.37702
vt 0.18485 0.38291
vt 0.16826 0.37515
vt 0.16559 0.37164
vt 0.2096 0.38981
vt 0.16981 0.38316
vt 0.17086 0.3832
vt 0.16928 0.38307
vt 0.15345 0.37188
vt 0.15951 0.37698
vt 0.4153 0.02489
vt 0.42641 0.02845
vt 0.41584 0.02979
vt 0.14457 0.36753
vt 0.14987 0.36941
vt 0.14373 0.36933
vt 0.128 0.36296
vt 0.43248 0.0245
vt 0.43263 0.03417
vt 0.43764 0.036
vt 0.43145 0.03639
vt 0.41229 0.03318
vt 0.40365 0.02943
vt 0.45032 0.03064
vt 0.45291 0.03064
vt 0.45259 0.03106
vt 0.4678 0.02655
vt 0.47006 0.02715
vt 0.45772 0.02947
vt 0.07145 0.08491
vt 0.06857 0.08725
vt 0.07496 0.08518
vt 0.07755 0.08289
vt 0.09439 0.06806
vt 0.05859 0.08257
vt 0.04146 0.09078
vt 0.05312 0.09095
vt 0.05859 0.08605
vt 0.03757 0.09138
vt 0.06672 0.08158
vt 0.06298 0.07845
vt 0.07248 0.07638
vt 0.08099 0.07694
vt 0.09103 0.07493
vt 0.43834 0.03762
vt 0.46623 0.03788
vt 0.4705 0.03884
vt 0.46486 0.03943
vt 0.45379 0.04256
vt 0.45551 0.03119
vt 0.47297 0.03723
vt 0.47409 0.04251
vt 0.48105 0.04615
vt 0.47346 0.04564
vt 0.48089 0.03979
vt 0.47894 0.0339
vt 0.48595 0.03542
vt 0.49789 0.0407
vt 0.49557 0.04269
vt 0.50445 0.04191
vt 0.50897 0.03708
vt 0.51671 0.03918
vt 0.07825 0.08523
vt 0.07939 0.08372
vt 0.098 0.07978
vt 0.09789 0.07484
vt 0.11261 0.07253
vt 0.1171 0.07002
vt 0.11452 0.07027
vt 0.10144 0.07161
vt 0.11804 0.06913
vt 0.11781 0.06682
vt 0.09544 0.08203
vt 0.10255 0.07954
vt 0.11427 0.0767
vt 0.12068 0.07554
vt 0.1216 0.07444
vt 0.12574 0.07383
vt 0.13014 0.06915
vt 0.12561 0.06751
vt 0.13575 0.06483
vt 0.13782 0.06191
vt 0.91317 0.08422
vt 0.91139 0.08347
vt 0.91213 0.0833
vt 0.92041 0.0856
vt 0.91102 0.08301
vt 0.91411 0.08346
vt 0.91193 0.08299
vt 0.49339 0.04684
vt 0.48285 0.04738
vt 0.50604 0.0489
vt 0.50955 0.04677
vt 0.50608 0.0447
vt 0.51543 0.04782
vt 0.51697 0.04587
vt 0.39567 0.88005
vt 0.4089 0.86022
vt 0.41583 0.88269
vt 0.39268 0.89965
vt 0.50707 0.05209
vt 0.49777 0.05119
vt 0.38536 0.86788
vt 0.37332 0.89374
vt 0.38248 0.85631
vt 0.40314 0.85716
vt 0.37273 0.87123
vt 0.52179 0.04284
vt 0.52933 0.04406
vt 0.54074 0.04015
vt 0.54116 0.04013
vt 0.72361 0.48457
vt 0.7237 0.48411
vt 0.75252 0.49369
vt 0.77248 0.48431
vt 0.76121 0.50678
vt 0.92494 0.09301
vt 0.92719 0.09228
vt 0.93983 0.0963
vt 0.13726 0.06489
vt 0.13788 0.06395
vt 0.91753 0.09014
vt 0.90878 0.0877
vt 0.89684 0.08201
vt 0.89473 0.08063
vt 0.88946 0.07982
vt 0.45544 0.87705
vt 0.44368 0.88352
vt 0.44222 0.86469
vt 0.94465 0.09208
vt 0.9438 0.09255
vt 0.89167 0.0745
vt 0.888 0.07438
vt 0.8871 0.07337
vt 0.8856 0.07697
vt 0.42119 0.87914
vt 0.43544 0.8672
vt 0.42739 0.88182
vt 0.41286 0.85641
vt 0.41331 0.85158
vt 0.43036 0.85803
vt 0.40926 0.85481
vt 0.87965 0.07229
vt 0.42284 0.84744
vt 0.84045 0.46052
vt 0.81453 0.46022
vt 0.40373 0.84714
vt 0.78571 0.46939
vt 0.82753 0.46465
vt 0.82204 0.46788
vt 0.82294 0.44216
vt 0.23073 0.40563
vt 0.23075 0.40533
vt 0.23011 0.40549
vt 0.25561 0.40429
vt 0.26053 0.40829
vt 0.26753 0.4076
vt 0.22927 0.40516
vt 0.22968 0.40545
vt 0.20801 0.39913
vt 0.21578 0.39712
vt 0.23925 0.40036
vt 0.27197 0.40394
vt 0.24839 0.39993
vt 0.21694 0.39251
vt 0.19332 0.39329
vt 0.20307 0.39402
vt 0.19166 0.39026
vt 0.18449 0.39055
vt 0.18888 0.38567
vt 0.21221 0.39174
vt 0.17076 0.38351
vt 0.20598 0.40132
vt 0.20039 0.39937
vt 0.1845 0.39714
vt 0.1819 0.39632
vt 0.18241 0.3971
vt 0.18124 0.39691
vt 0.16763 0.38873
vt 0.16961 0.38338
vt 0.40435 0.04006
vt 0.40258 0.04216
vt 0.39605 0.03972
vt 0.41756 0.04246
vt 0.39249 0.03371
vt 0.41532 0.0372
vt 0.39266 0.03346
vt 0.42659 0.0417
vt 0.05224 0.10237
vt 0.05086 0.10439
vt 0.05586 0.10282
vt 0.05982 0.09907
vt 0.07208 0.08777
vt 0.27213 0.4105
vt 0.25874 0.4128
vt 0.26575 0.41609
vt 0.27 0.41499
vt 0.03945 0.10413
vt 0.04929 0.0983
vt 0.03955 0.09929
vt 0.27562 0.40318
vt 0.2783 0.40955
vt 0.04361 0.09589
vt 0.03566 0.09855
vt 0.05295 0.09397
vt 0.06235 0.09416
vt 0.06937 0.09286
vt 0.40916 0.05303
vt 0.39035 0.04549
vt 0.41073 0.04716
vt 0.42628 0.04501
vt 0.42427 0.04982
vt 0.44462 0.04759
vt 0.44976 0.04884
vt 0.44759 0.04907
vt 0.42882 0.04382
vt 0.43445 0.04311
vt 0.45075 0.04833
vt 0.4093 0.05305
vt 0.43791 0.05432
vt 0.47126 0.05285
vt 0.47048 0.05298
vt 0.46898 0.0524
vt 0.45043 0.04944
vt 0.45183 0.04901
vt 0.47146 0.0528
vt 0.47185 0.05255
vt 0.47753 0.04704
vt 0.06194 0.10329
vt 0.06444 0.09989
vt 0.07885 0.0962
vt 0.07885 0.09312
vt 0.09635 0.08799
vt 0.08336 0.08859
vt 0.09835 0.08654
vt 0.07171 0.10253
vt 0.09584 0.09482
vt 0.09913 0.09405
vt 0.0991 0.09033
vt 0.1003 0.08654
vt 0.10238 0.08605
vt 0.95788 0.10607
vt 0.94837 0.10788
vt 0.93559 0.10056
vt 0.10174 0.08553
vt 0.10957 0.08166
vt 0.12017 0.07798
vt 0.91279 0.09472
vt 0.90715 0.09333
vt 0.91107 0.09299
vt 0.92007 0.09577
vt 0.86079 0.07942
vt 0.87676 0.08728
vt 0.85584 0.08058
vt 0.88233 0.0837
vt 0.8876 0.08523
vt 0.91553 0.09247
vt 0.90955 0.09137
vt 0.47143 0.05295
vt 0.46313 0.06133
vt 0.45364 0.0573
vt 0.47043 0.05879
vt 0.44563 0.0558
vt 0.48258 0.05742
vt 0.47216 0.05281
vt 0.47158 0.05287
vt 0.38614 0.94143
vt 0.38347 0.91223
vt 0.39413 0.9115
vt 0.8437 0.07237
vt 0.85271 0.07326
vt 0.88182 0.08326
vt 0.88272 0.08363
vt 0.85242 0.07119
vt 0.41602 0.8908
vt 0.40571 0.9167
vt 0.43352 0.90525
vt 0.8312 0.50388
vt 0.83096 0.49577
vt 0.83659 0.49759
vt 0.94721 0.11138
vt 0.96135 0.11415
vt 0.92457 0.10216
vt 0.93395 0.10516
vt 0.92787 0.10723
vt 0.92897 0.09967
vt 0.9299 0.09848
vt 0.94012 0.09863
vt 0.93573 0.11065
vt 0.92911 0.10964
vt 0.92622 0.10873
vt 0.91225 0.10057
vt 0.889 0.09113
vt 0.88649 0.09271
vt 0.90733 0.09878
vt 0.45911 0.89688
vt 0.88371 0.0839
vt 0.88347 0.08398
vt 0.86874 0.49659
vt 0.85724 0.51699
vt 0.84663 0.4949
vt 0.91822 0.10416
vt 0.41998 0.88451
vt 0.23057 0.40591
vt 0.23006 0.40557
vt 0.22938 0.4056
vt 0.19825 0.40698
vt 0.1982 0.407
vt 0.19831 0.40702
vt 0.19852 0.40702
vt 0.19812 0.40696
vt 0.201 0.40147
vt 0.20865 0.40405
vt 0.18418 0.39773
vt 0.18242 0.39748
vt 0.05255 0.10602
vt 0.24998 0.42122
vt 0.25949 0.42169
vt 0.24992 0.41812
vt 0.21612 0.41626
vt 0.21711 0.41548
vt 0.21568 0.41523
vt 0.22169 0.41544
vt 0.22005 0.41634
vt 0.21634 0.41444
vt 0.26274 0.42066
vt 0.25171 0.4146
vt 0.23657 0.41358
vt 0.21623 0.40912
vt 0.26108 0.426
vt 0.2572 0.42847
vt 0.26535 0.429
vt 0.26984 0.42404
vt 0.23851 0.42343
vt 0.21165 0.42039
vt 0.22101 0.42194
vt 0.04201 0.11223
vt 0.04988 0.11123
vt 0.28082 0.42111
vt 0.21205 0.41523
vt 0.12398 0.87544
vt 0.12387 0.87543
vt 0.12395 0.87553
vt 0.19828 0.40718
vt 0.19696 0.41371
vt 0.19807 0.407
vt 0.16705 0.40098
vt 0.38593 0.05272
vt 0.40914 0.05309
vt 0.39997 0.05808
vt 0.19994 0.41605
vt 0.1886 0.41524
vt 0.40318 0.06407
vt 0.40258 0.06515
vt 0.39576 0.06331
vt 0.4067 0.06541
vt 0.41571 0.06013
vt 0.40911 0.05305
vt 0.40919 0.05306
vt 0.40926 0.05308
vt 0.42504 0.06036
vt 0.42237 0.0624
vt 0.43324 0.06178
vt 0.43901 0.05632
vt 0.44433 0.05825
vt 0.06419 0.11304
vt 0.05632 0.12001
vt 0.07432 0.11406
vt 0.08189 0.10775
vt 0.04323 0.11748
vt 0.05986 0.11221
vt 0.04288 0.11919
vt 0.05128 0.12116
vt 0.05998 0.11348
vt 0.26509 0.43057
vt 0.06329 0.11165
vt 0.06596 0.10577
vt 0.07151 0.10466
vt 0.08319 0.10501
vt 0.09083 0.10332
vt 0.09631 0.09547
vt 0.09865 0.09565
vt 0.42753 0.07226
vt 0.43227 0.06695
vt 0.45114 0.0709
vt 0.45795 0.07457
vt 0.43125 0.07283
vt 0.47108 0.07
vt 0.8623 0.08802
vt 0.44355 0.06573
vt 0.44224 0.06858
vt 0.45067 0.06761
vt 0.45043 0.06279
vt 0.45983 0.0644
vt 0.4719 0.06933
vt 0.473 0.06957
vt 0.86034 0.08787
vt 0.86149 0.08841
vt 0.47204 0.06336
vt 0.0874 0.11441
vt 0.08991 0.10867
vt 0.09969 0.10638
vt 0.09977 0.10319
vt 0.9503 0.12235
vt 0.94366 0.11939
vt 0.95081 0.12002
vt 0.1029 0.0994
vt 0.10996 0.09926
vt 0.10871 0.09561
vt 0.95155 0.11608
vt 0.93701 0.11399
vt 0.0912 0.11363
vt 0.10888 0.10689
vt 0.9555 0.12887
vt 0.93367 0.12308
vt 0.11149 0.10117
vt 0.93285 0.12294
vt 0.93285 0.12275
vt 0.92831 0.11583
vt 0.91972 0.11827
vt 0.9281 0.11076
vt 0.90796 0.10668
vt 0.9123 0.1091
vt 0.90683 0.10806
vt 0.84975 0.09037
vt 0.86967 0.09681
vt 0.8622 0.09869
vt 0.88446 0.10291
vt 0.88495 0.09964
vt 0.86357 0.08959
vt 0.91061 0.10121
vt 0.91802 0.10819
vt 0.89101 0.09837
vt 0.8643 0.08921
vt 0.91776 0.11779
vt 0.91933 0.11858
vt 0.89548 0.10945
vt 0.87251 0.10249
vt 0.86005 0.08847
vt 0.24631 0.43248
vt 0.23762 0.43426
vt 0.25078 0.4356
vt 0.25626 0.43491
vt 0.2159 0.42687
vt 0.21229 0.4291
vt 0.22043 0.43016
vt 0.22458 0.42787
vt 0.2587 0.43193
vt 0.23739 0.42714
vt 0.21579 0.42474
vt 0.19587 0.42312
vt 0.19007 0.42546
vt 0.20339 0.42906
vt 0.20816 0.42482
vt 0.39783 0.07169
vt 0.39256 0.07341
vt 0.38908 0.06982
vt 0.19909 0.42107
vt 0.18702 0.41782
vt 0.39653 0.06627
vt 0.40365 0.06617
vt 0.04623 0.13111
vt 0.04236 0.13619
vt 0.05402 0.13247
vt 0.06385 0.12329
vt 0.06289 0.12443
vt 0.06468 0.12314
vt 0.06088 0.1243
vt 0.06512 0.12241
vt 0.06068 0.1229
vt 0.26383 0.43871
vt 0.24985 0.44051
vt 0.26078 0.445
vt 0.26697 0.44304
vt 0.27573 0.44308
vt 0.22334 0.43421
vt 0.2335 0.43706
vt 0.22154 0.43616
vt 0.27357 0.43776
vt 0.28443 0.43997
vt 0.28423 0.43876
vt 0.04547 0.12891
vt 0.2781 0.44598
vt 0.05109 0.1224
vt 0.20877 0.43165
vt 0.20989 0.43377
vt 0.20222 0.43158
vt 0.40444 0.07446
vt 0.4163 0.07748
vt 0.40253 0.07878
vt 0.39065 0.07841
vt 0.39597 0.0806
vt 0.42656 0.07253
vt 0.42695 0.07308
vt 0.4179 0.081
vt 0.42874 0.08529
vt 0.4123 0.08406
vt 0.43428 0.07911
vt 0.44923 0.07827
vt 0.42792 0.07268
vt 0.42882 0.07288
vt 0.42903 0.07256
vt 0.44316 0.07951
vt 0.44004 0.08164
vt 0.44675 0.08024
vt 0.0601 0.13348
vt 0.06997 0.12718
vt 0.07773 0.12402
vt 0.07723 0.12531
vt 0.08055 0.12348
vt 0.07348 0.1201
vt 0.08605 0.11789
vt 0.0842 0.12452
vt 0.08126 0.12928
vt 0.09479 0.12457
vt 0.08856 0.12087
vt 0.08867 0.1151
vt 0.0912 0.11475
vt 0.9487 0.13629
vt 0.94425 0.13457
vt 0.94659 0.13418
vt 0.10193 0.11857
vt 0.1031 0.1153
vt 0.94104 0.13264
vt 0.10925 0.10975
vt 0.11553 0.11251
vt 0.95537 0.13187
vt 0.93362 0.12333
vt 0.93264 0.12311
vt 0.44097 0.09024
vt 0.45724 0.08655
vt 0.86355 0.10092
vt 0.85196 0.09696
vt 0.87054 0.10421
vt 0.85034 0.10149
vt 0.90398 0.12173
vt 0.89363 0.11939
vt 0.90253 0.12002
vt 0.90769 0.12192
vt 0.84829 0.10201
vt 0.86715 0.1138
vt 0.83964 0.10525
vt 0.85001 0.10226
vt 0.88244 0.11191
vt 0.87333 0.1139
vt 0.91782 0.11842
vt 0.9195 0.11919
vt 0.89409 0.1128
vt 0.45968 0.0865
vt 0.45956 0.08677
vt 0.46035 0.08666
vt 0.45744 0.08054
vt 0.46153 0.08588
vt 0.84803 0.1016
vt 0.46048 0.087
vt 0.10624 0.1248
vt 0.10694 0.12049
vt 0.11458 0.11427
vt 0.94535 0.13955
vt 0.94527 0.14157
vt 0.94717 0.1421
vt 0.92222 0.1315
vt 0.92298 0.13174
vt 0.92252 0.13201
vt 0.93133 0.13552
vt 0.92263 0.13122
vt 0.92366 0.12636
vt 0.95011 0.14387
vt 0.94583 0.1421
vt 0.94436 0.14171
vt 0.92637 0.1391
vt 0.91744 0.13632
vt 0.9011 0.12734
vt 0.87427 0.11616
vt 0.87243 0.11702
vt 0.8968 0.12563
vt 0.90269 0.12832
vt 0.26334 0.45529
vt 0.25963 0.4576
vt 0.27896 0.46096
vt 0.04211 0.14209
vt 0.04043 0.14435
vt 0.04468 0.1417
vt 0.28493 0.45675
vt 0.27857 0.45574
vt 0.28445 0.45835
vt 0.04622 0.13928
vt 0.04072 0.14124
vt 0.27989 0.45455
vt 0.233 0.4499
vt 0.25681 0.45084
vt 0.23877 0.44502
vt 0.21032 0.4472
vt 0.21391 0.44386
vt 0.21102 0.44336
vt 0.22049 0.44376
vt 0.22907 0.44888
vt 0.21291 0.4428
vt 0.24109 0.44249
vt 0.26213 0.44855
vt 0.21333 0.43841
vt 0.22792 0.44163
vt 0.23377 0.45038
vt 0.23227 0.45005
vt 0.2081 0.44864
vt 0.20949 0.44888
vt 0.27341 0.44894
vt 0.20746 0.4416
vt 0.20314 0.44301
vt 0.3822 0.08455
vt 0.38909 0.08718
vt 0.37656 0.08875
vt 0.19204 0.43352
vt 0.18828 0.43012
vt 0.20206 0.43696
vt 0.18948 0.4367
vt 0.38511 0.08098
vt 0.39423 0.08537
vt 0.18816 0.44266
vt 0.18728 0.44069
vt 0.17697 0.44173
vt 0.39134 0.09284
vt 0.3889 0.09398
vt 0.38084 0.09182
vt 0.39599 0.09438
vt 0.40652 0.09179
vt 0.40914 0.08949
vt 0.4146 0.09051
vt 0.41629 0.08927
vt 0.03868 0.15116
vt 0.0423 0.14762
vt 0.03364 0.15023
vt 0.05409 0.14216
vt 0.0534 0.14574
vt 0.06347 0.14031
vt 0.06135 0.13653
vt 0.06821 0.13292
vt 0.06831 0.13544
vt 0.07062 0.14426
vt 0.07395 0.14245
vt 0.07062 0.14293
vt 0.0667 0.14498
vt 0.04826 0.15028
vt 0.07731 0.13589
vt 0.0889 0.12923
vt 0.08586 0.13415
vt 0.41088 0.09972
vt 0.42124 0.09653
vt 0.41854 0.09224
vt 0.42746 0.09114
vt 0.44366 0.10242
vt 0.44839 0.10444
vt 0.43963 0.10382
vt 0.84425 0.11272
vt 0.84445 0.11281
vt 0.84411 0.11273
vt 0.45913 0.09913
vt 0.45964 0.09915
vt 0.45964 0.09921
vt 0.84502 0.11278
vt 0.84386 0.11235
vt 0.45915 0.09888
vt 0.43045 0.09613
vt 0.42991 0.09827
vt 0.43645 0.09731
vt 0.44287 0.09235
vt 0.44659 0.09193
vt 0.44636 0.09303
vt 0.45076 0.09258
vt 0.07414 0.14357
vt 0.09674 0.13434
vt 0.09626 0.13669
vt 0.10202 0.13354
vt 0.08874 0.14264
vt 0.10131 0.12828
vt 0.10568 0.12914
vt 0.10457 0.13494
vt 0.10167 0.13952
vt 0.11645 0.13445
vt 0.10841 0.13177
vt 0.10808 0.12616
vt 0.11485 0.12569
vt 0.11707 0.12041
vt 0.95138 0.15755
vt 0.93692 0.15211
vt 0.9429 0.14969
vt 0.95729 0.159
vt 0.94985 0.1513
vt 0.96869 0.15818
vt 0.92284 0.1443
vt 0.92324 0.1442
vt 0.92357 0.14451
vt 0.9252 0.14465
vt 0.94598 0.14889
vt 0.95667 0.15051
vt 0.94095 0.14711
vt 0.92323 0.14388
vt 0.8594 0.12413
vt 0.85201 0.12096
vt 0.86233 0.12285
vt 0.89401 0.13298
vt 0.82519 0.11249
vt 0.84477 0.1228
vt 0.90008 0.12742
vt 0.89936 0.13133
vt 0.87391 0.12264
vt 0.87891 0.13516
vt 0.89401 0.13446
vt 0.88447 0.13728
vt 0.91377 0.1404
vt 0.86167 0.12997
vt 0.84192 0.12368
vt 0.89707 0.1339
vt 0.89835 0.13444
vt 0.89906 0.1343
vt 0.89776 0.13395
vt 0.89651 0.13342
vt 0.8385 0.12222
vt 0.83143 0.11736
vt 0.12013 0.13455
vt 0.12027 0.13331
vt 0.11939 0.13224
vt 0.95591 0.15997
vt 0.94985 0.15905
vt 0.956 0.16121
vt 0.91556 0.14772
vt 0.92491 0.15085
vt 0.91887 0.15479
vt 0.93559 0.15586
vt 0.91924 0.15493
vt 0.91891 0.15488
vt 0.91875 0.15483
vt 0.90454 0.1423
vt 0.90266 0.14519
vt 0.91848 0.1547
vt 0.26462 0.46297
vt 0.22845 0.45692
vt 0.23263 0.45721
vt 0.22898 0.45608
vt 0.22042 0.45537
vt 0.23442 0.45667
vt 0.23187 0.45125
vt 0.21547 0.45126
vt 0.23663 0.46167
vt 0.23562 0.46483
vt 0.24234 0.46559
vt 0.24599 0.46006
vt 0.20693 0.4566
vt 0.20745 0.45991
vt 0.21623 0.46065
vt 0.1981 0.4554
vt 0.20301 0.45328
vt 0.26256 0.46407
vt 0.20851 0.44912
vt 0.1816 0.4483
vt 0.18594 0.449
vt 0.18179 0.44784
vt 0.18017 0.44781
vt 0.19521 0.4484
vt 0.18311 0.44672
vt 0.18025 0.4475
vt 0.3653 0.09769
vt 0.37151 0.10351
vt 0.36159 0.10416
vt 0.19397 0.45749
vt 0.18861 0.45582
vt 0.36496 0.09673
vt 0.36381 0.09693
vt 0.36784 0.09699
vt 0.39017 0.0961
vt 0.38516 0.09985
vt 0.3656 0.09644
vt 0.26797 0.47479
vt 0.27408 0.47209
vt 0.25015 0.46752
vt 0.28259 0.47249
vt 0.28109 0.47422
vt 0.26869 0.46692
vt 0.03614 0.16214
vt 0.04186 0.15904
vt 0.03599 0.16023
vt 0.04129 0.15441
vt 0.26979 0.46526
vt 0.28979 0.46971
vt 0.2872 0.46507
vt 0.04808 0.15361
vt 0.04652 0.16173
vt 0.28739 0.47853
vt 0.05367 0.1602
vt 0.05183 0.16205
vt 0.05547 0.15448
vt 0.06573 0.15261
vt 0.07061 0.14557
vt 0.06723 0.14609
vt 0.24206 0.46628
vt 0.26028 0.47491
vt 0.26435 0.47615
vt 0.37144 0.10586
vt 0.39916 0.10842
vt 0.39459 0.10679
vt 0.40022 0.10727
vt 0.39872 0.10574
vt 0.39917 0.10058
vt 0.39402 0.1128
vt 0.38564 0.11124
vt 0.42424 0.11338
vt 0.42049 0.1145
vt 0.40931 0.10994
vt 0.44587 0.10548
vt 0.40278 0.10702
vt 0.40256 0.1077
vt 0.40625 0.10747
vt 0.41195 0.10219
vt 0.42008 0.10142
vt 0.42002 0.10423
vt 0.42989 0.10846
vt 0.44012 0.11062
vt 0.05951 0.16218
vt 0.05812 0.16005
vt 0.07372 0.15294
vt 0.07475 0.15586
vt 0.0828 0.15145
vt 0.0787 0.14819
vt 0.08899 0.14587
vt 0.08704 0.15409
vt 0.0788 0.15898
vt 0.09428 0.15387
vt 0.10172 0.14732
vt 0.10306 0.14507
vt 0.10586 0.14448
vt 0.10692 0.14265
vt 0.42435 0.11608
vt 0.4297 0.11514
vt 0.45557 0.10776
vt 0.82855 0.12874
vt 0.83427 0.13295
vt 0.82648 0.13047
vt 0.85823 0.13464
vt 0.87641 0.14173
vt 0.85362 0.13545
vt 0.84266 0.13001
vt 0.87854 0.1359
vt 0.88312 0.13955
vt 0.84445 0.12611
vt 0.44892 0.11487
vt 0.448 0.11769
vt 0.45504 0.11653
vt 0.45997 0.11125
vt 0.46346 0.11085
vt 0.46324 0.11174
vt 0.82725 0.12469
vt 0.45977 0.12047
vt 0.83826 0.12303
vt 0.10928 0.15365
vt 0.11327 0.14727
vt 0.10962 0.14455
vt 0.10942 0.14314
vt 0.12102 0.14274
vt 0.12102 0.14575
vt 0.93739 0.16666
vt 0.92446 0.16136
vt 0.93803 0.16362
vt 0.93933 0.16031
vt 0.12464 0.13872
vt 0.9488 0.16481
vt 0.95205 0.16864
vt 0.91921 0.15506
vt 0.92622 0.16892
vt 0.92296 0.16772
vt 0.92432 0.1672
vt 0.11275 0.15269
vt 0.13142 0.14578
vt 0.13125 0.14173
vt 0.90402 0.16071
vt 0.91407 0.1589
vt 0.92113 0.16674
vt 0.91878 0.15492
vt 0.89265 0.14898
vt 0.90382 0.15501
vt 0.89183 0.15205
vt 0.87154 0.14609
vt 0.858 0.14053
vt 0.88085 0.14491
vt 0.8515 0.14192
vt 0.91826 0.15478
vt 0.89328 0.14653
vt 0.88527 0.14497
vt 0.89896 0.15814
vt 0.89974 0.16008
vt 0.88547 0.15569
vt 0.87906 0.15317
vt 0.8726 0.15132
vt 0.84727 0.1428
vt 0.8414 0.14008
vt 0.83689 0.13655
vt 0.9232 0.16824
vt 0.92157 0.16754
vt 0.91525 0.16922
vt 0.90292 0.16155
vt 0.89866 0.16129
vt 0.90764 0.16784
vt 0.22356 0.4687
vt 0.21525 0.46252
vt 0.20489 0.46309
vt 0.18853 0.45759
vt 0.1828 0.46117
vt 0.19748 0.46138
vt 0.18161 0.45544
vt 0.26942 0.48236
vt 0.28926 0.48105
vt 0.23127 0.47633
vt 0.24338 0.47732
vt 0.22746 0.47137
vt 0.2023 0.47084
vt 0.20248 0.47077
vt 0.20204 0.4707
vt 0.20729 0.47073
vt 0.20311 0.47097
vt 0.2022 0.47016
vt 0.25584 0.47597
vt 0.22683 0.47039
vt 0.2242 0.47015
vt 0.20084 0.46462
vt 0.21719 0.4791
vt 0.24093 0.48007
vt 0.26104 0.48128
vt 0.20807 0.47434
vt 0.2157 0.47918
vt 0.20676 0.47786
vt 0.2169 0.47939
vt 0.26629 0.48293
vt 0.19825 0.46934
vt 0.20148 0.47071
vt 0.17899 0.46332
vt 0.16834 0.46484
vt 0.17919 0.46794
vt 0.18109 0.46291
vt 0.17838 0.46215
vt 0.36438 0.11175
vt 0.36537 0.1129
vt 0.38421 0.11439
vt 0.37911 0.11699
vt 0.17237 0.46983
vt 0.17012 0.47119
vt 0.1919 0.47544
vt 0.19422 0.4756
vt 0.40048 0.11943
vt 0.38478 0.12169
vt 0.4028 0.11941
vt 0.40238 0.11977
vt 0.06674 0.16317
vt 0.06954 0.16148
vt 0.05513 0.16661
vt 0.06974 0.16262
vt 0.06519 0.16617
vt 0.06872 0.17085
vt 0.07154 0.1729
vt 0.0769 0.17126
vt 0.08509 0.16268
vt 0.08504 0.16294
vt 0.08563 0.16257
vt 0.08232 0.16361
vt 0.08617 0.16181
vt 0.24584 0.48329
vt 0.26764 0.48812
vt 0.24233 0.48661
vt 0.24482 0.48831
vt 0.25334 0.4884
vt 0.27039 0.48942
vt 0.21072 0.48163
vt 0.21578 0.47936
vt 0.22012 0.48067
vt 0.27536 0.48447
vt 0.06004 0.1698
vt 0.06388 0.16929
vt 0.26915 0.4925
vt 0.17353 0.47378
vt 0.40773 0.12948
vt 0.39947 0.12536
vt 0.4107 0.12631
vt 0.16094 0.47076
vt 0.4041 0.12058
vt 0.40424 0.11979
vt 0.15373 0.47315
vt 0.15697 0.47592
vt 0.16405 0.4761
vt 0.42025 0.13274
vt 0.40639 0.13169
vt 0.46578 0.12323
vt 0.46235 0.12491
vt 0.45698 0.12276
vt 0.4182 0.12557
vt 0.41706 0.12761
vt 0.42799 0.1268
vt 0.42809 0.12192
vt 0.44107 0.12032
vt 0.44004 0.12461
vt 0.4392 0.13208
vt 0.44574 0.13321
vt 0.43838 0.13419
vt 0.43353 0.13336
vt 0.44667 0.1275
vt 0.46069 0.12991
vt 0.08413 0.1714
vt 0.09221 0.16607
vt 0.08819 0.16263
vt 0.09197 0.16035
vt 0.10806 0.16296
vt 0.10607 0.16725
vt 0.11796 0.16341
vt 0.12271 0.15909
vt 0.10124 0.16229
vt 0.10127 0.16347
vt 0.10542 0.16129
vt 0.10994 0.1543
vt 0.11233 0.15396
vt 0.12503 0.15452
vt 0.13576 0.15239
vt 0.13273 0.1482
vt 0.14076 0.14837
vt 0.14298 0.14327
vt 0.47355 0.12644
vt 0.87813 0.1535
vt 0.87859 0.15409
vt 0.87545 0.15304
vt 0.46746 0.13231
vt 0.46422 0.13836
vt 0.45574 0.1368
vt 0.46545 0.13794
vt 0.48368 0.13506
vt 0.47476 0.12993
vt 0.48166 0.129
vt 0.83405 0.14024
vt 0.83143 0.13821
vt 0.48909 0.13718
vt 0.50223 0.14032
vt 0.4896 0.14273
vt 0.46706 0.13856
vt 0.49284 0.13572
vt 0.48383 0.13161
vt 0.83201 0.1432
vt 0.85054 0.14781
vt 0.83941 0.14728
vt 0.12458 0.16363
vt 0.12737 0.1602
vt 0.14267 0.15662
vt 0.14249 0.15216
vt 0.15484 0.15148
vt 0.16067 0.14823
vt 0.15148 0.14925
vt 0.1442 0.15005
vt 0.14616 0.14876
vt 0.91487 0.17217
vt 0.90999 0.17043
vt 0.93779 0.17927
vt 0.93792 0.1817
vt 0.91012 0.17085
vt 0.16328 0.15401
vt 0.17355 0.14927
vt 0.16455 0.14927
vt 0.13665 0.16166
vt 0.15533 0.15574
vt 0.91097 0.17776
vt 0.91224 0.17751
vt 0.91472 0.17922
vt 0.17677 0.14509
vt 0.93148 0.18193
vt 0.90844 0.17004
vt 0.90524 0.16993
vt 0.89013 0.16276
vt 0.86897 0.15735
vt 0.86282 0.15484
vt 0.86426 0.15659
vt 0.87547 0.16144
vt 0.8925 0.17432
vt 0.88836 0.17284
vt 0.88909 0.17031
vt 0.90416 0.17438
vt 0.86673 0.16329
vt 0.86804 0.16303
vt 0.86933 0.16399
vt 0.87428 0.1647
vt 0.88989 0.16808
vt 0.88914 0.16585
vt 0.88578 0.16679
vt 0.83874 0.14974
vt 0.82537 0.14519
vt 0.82071 0.14696
vt 0.50072 0.14472
vt 0.51137 0.14406
vt 0.51385 0.14647
vt 0.81207 0.14651
vt 0.82345 0.14933
vt 0.51102 0.14796
vt 0.84446 0.15383
vt 0.83993 0.15524
vt 0.84352 0.15897
vt 0.82471 0.15418
vt 0.81575 0.14962
vt 0.52353 0.14895
vt 0.18136 0.15068
vt 0.91296 0.18446
vt 0.92045 0.18661
vt 0.91707 0.18739
vt 0.18849 0.14648
vt 0.93302 0.18806
vt 0.93929 0.19577
vt 0.92724 0.19477
vt 0.9067 0.18904
vt 0.9069 0.18382
vt 0.8907 0.17561
vt 0.89151 0.17956
vt 0.86856 0.17021
vt 0.8724 0.17163
vt 0.87141 0.17197
vt 0.87621 0.1736
vt 0.2407 0.91561
vt 0.22236 0.92245
vt 0.22107 0.91952
vt 0.90507 0.18828
vt 0.87794 0.17699
vt 0.86622 0.17365
vt 0.21671 0.92214
vt 0.2126 0.91379
vt 0.84111 0.16289
vt 0.86074 0.17378
vt 0.86112 0.17401
vt 0.85707 0.17306
vt 0.85183 0.16922
vt 0.19635 0.9265
vt 0.19255 0.92592
vt 0.19872 0.91853
vt 0.86406 0.17466
vt 0.88923 0.18458
vt 0.88594 0.1819
vt 0.90109 0.18735
vt 0.86611 0.17591
vt 0.88107 0.18088
vt 0.87441 0.18179
vt 0.88119 0.18014
vt 0.88291 0.18499
vt 0.87467 0.18347
vt 0.87245 0.18277
vt 0.86028 0.17452
vt 0.86874 0.181
vt 0.19537 0.47599
vt 0.19549 0.4762
vt 0.19467 0.47598
vt 0.19443 0.4762
vt 0.26379 0.49466
vt 0.26547 0.49669
vt 0.27057 0.49604
vt 0.23967 0.48748
vt 0.23908 0.48956
vt 0.20553 0.48376
vt 0.20645 0.48396
vt 0.2055 0.48401
vt 0.20885 0.48481
vt 0.23872 0.49519
vt 0.22218 0.49775
vt 0.24617 0.50062
vt 0.25625 0.49989
vt 0.19152 0.49174
vt 0.18978 0.49272
vt 0.20743 0.49575
vt 0.22837 0.49273
vt 0.20545 0.48965
vt 0.21706 0.49662
vt 0.24869 0.49412
vt 0.23493 0.49272
vt 0.18014 0.48441
vt 0.18498 0.48484
vt 0.18089 0.48337
vt 0.17691 0.48343
vt 0.20453 0.48363
vt 0.18142 0.47862
vt 0.17148 0.48078
vt 0.18588 0.49157
vt 0.16872 0.48876
vt 0.16695 0.48819
vt 0.16715 0.48871
vt 0.16499 0.48836
vt 0.15445 0.48094
vt 0.15525 0.47795
vt 0.40826 0.13417
vt 0.14705 0.4795
vt 0.14987 0.48224
vt 0.41313 0.13975
vt 0.41578 0.13756
vt 0.42747 0.13953
vt 0.41042 0.13749
vt 0.4324 0.1346
vt 0.43733 0.13711
vt 0.07484 0.17348
vt 0.09751 0.18095
vt 0.0976 0.18154
vt 0.09922 0.18104
vt 0.10041 0.17983
vt 0.11316 0.16767
vt 0.26143 0.50375
vt 0.24388 0.50452
vt 0.24869 0.5071
vt 0.25457 0.50646
vt 0.0815 0.18266
vt 0.08895 0.17798
vt 0.08113 0.17895
vt 0.21643 0.49821
vt 0.21776 0.49758
vt 0.22427 0.49957
vt 0.08734 0.17388
vt 0.07487 0.17819
vt 0.09394 0.17043
vt 0.09424 0.17236
vt 0.10437 0.17329
vt 0.11129 0.17202
vt 0.41312 0.14708
vt 0.40208 0.14287
vt 0.41628 0.14395
vt 0.14236 0.48491
vt 0.43716 0.14193
vt 0.43525 0.14774
vt 0.44767 0.14302
vt 0.45935 0.14607
vt 0.44601 0.14739
vt 0.43984 0.14095
vt 0.46479 0.13981
vt 0.46275 0.14487
vt 0.42937 0.14907
vt 0.4397 0.14934
vt 0.45672 0.15214
vt 0.46319 0.15298
vt 0.46238 0.15335
vt 0.46459 0.1535
vt 0.46595 0.15295
vt 0.46876 0.14684
vt 0.4827 0.14944
vt 0.47915 0.14412
vt 0.48934 0.14481
vt 0.10065 0.1811
vt 0.10251 0.17997
vt 0.13763 0.17359
vt 0.13743 0.17442
vt 0.13988 0.17364
vt 0.14099 0.17264
vt 0.12129 0.17504
vt 0.12158 0.17225
vt 0.12914 0.17086
vt 0.12805 0.16645
vt 0.13588 0.16505
vt 0.14533 0.16554
vt 0.15654 0.16328
vt 0.15639 0.15757
vt 0.16231 0.15732
vt 0.47339 0.15408
vt 0.4786 0.15883
vt 0.4934 0.15588
vt 0.49335 0.15443
vt 0.49792 0.15548
vt 0.49847 0.15033
vt 0.5094 0.1521
vt 0.49848 0.1569
vt 0.51471 0.16284
vt 0.48375 0.16052
vt 0.52396 0.15854
vt 0.52395 0.1571
vt 0.52827 0.15791
vt 0.8122 0.15156
vt 0.81475 0.1533
vt 0.53018 0.15238
vt 0.14121 0.17369
vt 0.14225 0.17287
vt 0.16271 0.16791
vt 0.16311 0.16348
vt 0.17849 0.15985
vt 0.16715 0.15985
vt 0.17889 0.15376
vt 0.18629 0.15045
vt 0.18511 0.15368
vt 0.15852 0.17165
vt 0.1771 0.16675
vt 0.1806 0.16608
vt 0.18132 0.16347
vt 0.1847 0.15766
vt 0.19445 0.15561
vt 0.2012 0.15558
vt 0.20383 0.15358
vt 0.18175 0.15742
vt 0.18726 0.15594
vt 0.19142 0.15412
vt 0.20085 0.14808
vt 0.2061 0.14876
vt 0.90694 0.1894
vt 0.90575 0.18903
vt 0.90581 0.1889
vt 0.52093 0.16532
vt 0.53739 0.16436
vt 0.53794 0.16267
vt 0.8419 0.16382
vt 0.83852 0.16289
vt 0.83946 0.16346
vt 0.80618 0.15558
vt 0.78958 0.15
vt 0.54773 0.15926
vt 0.55575 0.16085
vt 0.54406 0.16397
vt 0.78313 0.15789
vt 0.78945 0.15589
vt 0.80332 0.16126
vt 0.80985 0.1617
vt 0.81659 0.16473
vt 0.83104 0.16539
vt 0.83568 0.16831
vt 0.81067 0.15816
vt 0.54221 0.16444
vt 0.54213 0.165
vt 0.54355 0.1647
vt 0.56168 0.17088
vt 0.56376 0.1713
vt 0.56186 0.17162
vt 0.53528 0.16859
vt 0.55795 0.17083
vt 0.77407 0.15658
vt 0.77319 0.15599
vt 0.5485 0.16494
vt 0.19357 0.16338
vt 0.20298 0.1617
vt 0.20382 0.161
vt 0.20409 0.15912
vt 0.2059 0.16008
vt 0.20737 0.15379
vt 0.22016 0.14696
vt 0.21597 0.14376
vt 0.21957 0.1523
vt 0.2227 0.14737
vt 0.22606 0.15663
vt 0.23045 0.1545
vt 0.22684 0.15455
vt 0.20582 0.16084
vt 0.92138 0.20706
vt 0.92532 0.20601
vt 0.93558 0.21318
vt 0.23194 0.15271
vt 0.22946 0.14969
vt 0.92257 0.20038
vt 0.91769 0.19774
vt 0.92201 0.19888
vt 0.90796 0.19675
vt 0.89569 0.18824
vt 0.89545 0.19113
vt 0.89989 0.20093
vt 0.89467 0.19909
vt 0.89564 0.19654
vt 0.90299 0.19774
vt 0.87759 0.19136
vt 0.89691 0.19499
vt 0.89387 0.19401
vt 0.87412 0.18974
vt 0.84845 0.17921
vt 0.84849 0.17924
vt 0.84845 0.17923
vt 0.79976 0.16505
vt 0.80844 0.16779
vt 0.80784 0.1679
vt 0.80924 0.16815
vt 0.81115 0.16828
vt 0.84881 0.17928
vt 0.8469 0.1735
vt 0.83063 0.16994
vt 0.37549 0.68093
vt 0.33819 0.67
vt 0.35767 0.67165
vt 0.84847 0.17924
vt 0.84843 0.17923
vt 0.84927 0.17956
vt 0.80963 0.16853
vt 0.79956 0.17119
vt 0.8228 0.17566
vt 0.84993 0.18442
vt 0.3763 0.68128
vt 0.37552 0.68095
vt 0.37585 0.68099
vt 0.87313 0.18944
vt 0.86877 0.18862
vt 0.77288 0.1572
vt 0.56633 0.17243
vt 0.79476 0.16967
vt 0.77689 0.16217
vt 0.23168 0.15545
vt 0.92136 0.21094
vt 0.93606 0.2154
vt 0.92842 0.21707
vt 0.2365 0.15314
vt 0.24603 0.15514
vt 0.25139 0.15421
vt 0.24965 0.15252
vt 0.25722 0.15225
vt 0.91168 0.20964
vt 0.89712 0.20162
vt 0.89966 0.20599
vt 0.88583 0.19762
vt 0.87376 0.18987
vt 0.88077 0.19794
vt 0.87473 0.19517
vt 0.90676 0.21125
vt 0.88991 0.20699
vt 0.88674 0.20663
vt 0.88364 0.20347
vt 0.87512 0.19644
vt 0.86863 0.19995
vt 0.86138 0.18924
vt 0.85349 0.18548
vt 0.85287 0.1863
vt 0.82477 0.17981
vt 0.83533 0.1847
vt 0.85319 0.19049
vt 0.81884 0.18125
vt 0.86857 0.19408
vt 0.86693 0.20003
vt 0.86791 0.20055
vt 0.84491 0.19184
vt 0.83076 0.18838
vt 0.81292 0.1825
vt 0.80631 0.1792
vt 0.79993 0.17304
vt 0.19097 0.49444
vt 0.17608 0.49736
vt 0.17541 0.49782
vt 0.17733 0.49816
vt 0.18071 0.49813
vt 0.17272 0.49678
vt 0.18554 0.49264
vt 0.1684 0.48922
vt 0.16638 0.48918
vt 0.09861 0.18162
vt 0.23849 0.51246
vt 0.24016 0.51255
vt 0.23835 0.51185
vt 0.20237 0.50678
vt 0.2372 0.50594
vt 0.24074 0.51237
vt 0.20002 0.50042
vt 0.21982 0.50487
vt 0.19974 0.50635
vt 0.24002 0.51301
vt 0.22619 0.51711
vt 0.2489 0.5188
vt 0.24109 0.51275
vt 0.20003 0.50654
vt 0.21264 0.51464
vt 0.2205 0.51542
vt 0.19965 0.5064
vt 0.19974 0.50639
vt 0.08272 0.19072
vt 0.09733 0.18843
vt 0.08198 0.19067
vt 0.07926 0.18506
vt 0.12541 0.93323
vt 0.12803 0.93346
vt 0.1254 0.93321
vt 0.199 0.50611
vt 0.1777 0.50178
vt 0.16758 0.49797
vt 0.19962 0.50636
vt 0.15149 0.49213
vt 0.15252 0.49682
vt 0.15632 0.4988
vt 0.19269 0.51102
vt 0.17948 0.50608
vt 0.17809 0.50506
vt 0.17653 0.50564
vt 0.15563 0.50021
vt 0.15782 0.50498
vt 0.1393 0.50221
vt 0.15191 0.49829
vt 0.14611 0.48874
vt 0.14233 0.49136
vt 0.41033 0.15414
vt 0.4153 0.15054
vt 0.42666 0.15382
vt 0.43978 0.1575
vt 0.44719 0.1617
vt 0.42667 0.16247
vt 0.43259 0.15624
vt 0.42431 0.16239
vt 0.41161 0.15581
vt 0.45449 0.16001
vt 0.43676 0.15525
vt 0.45602 0.15405
vt 0.46302 0.15396
vt 0.139 0.17442
vt 0.09365 0.19158
vt 0.10171 0.18876
vt 0.09785 0.19515
vt 0.10085 0.19505
vt 0.10183 0.19404
vt 0.24579 0.52336
vt 0.11469 0.18664
vt 0.10528 0.1857
vt 0.11622 0.17977
vt 0.11737 0.18338
vt 0.12071 0.18919
vt 0.12132 0.19113
vt 0.12654 0.18822
vt 0.10949 0.1932
vt 0.12376 0.18375
vt 0.1357 0.18161
vt 0.42458 0.16314
vt 0.42301 0.1626
vt 0.4249 0.16275
vt 0.42705 0.16327
vt 0.46349 0.16396
vt 0.47066 0.16577
vt 0.46194 0.1669
vt 0.44683 0.16664
vt 0.45351 0.16908
vt 0.48294 0.16039
vt 0.48166 0.16047
vt 0.48292 0.16056
vt 0.47332 0.16852
vt 0.48686 0.17337
vt 0.47106 0.17239
vt 0.47999 0.1667
vt 0.48379 0.16082
vt 0.49762 0.16735
vt 0.4936 0.1712
vt 0.50759 0.1692
vt 0.50947 0.16504
vt 0.14186 0.18178
vt 0.13067 0.18939
vt 0.14097 0.18803
vt 0.14244 0.18649
vt 0.15553 0.17912
vt 0.14608 0.17821
vt 0.15845 0.17601
vt 0.16152 0.18114
vt 0.16251 0.18351
vt 0.17058 0.17908
vt 0.15116 0.18561
vt 0.16396 0.17637
vt 0.17661 0.16824
vt 0.1808 0.1677
vt 0.49381 0.17669
vt 0.49718 0.17391
vt 0.51556 0.17253
vt 0.51368 0.17685
vt 0.53397 0.17499
vt 0.5226 0.17017
vt 0.53712 0.17368
vt 0.5065 0.17948
vt 0.52343 0.18019
vt 0.53817 0.17727
vt 0.53729 0.18265
vt 0.54045 0.17538
vt 0.55441 0.17773
vt 0.56104 0.17897
vt 0.55787 0.17968
vt 0.55287 0.1729
vt 0.56188 0.17844
vt 0.18307 0.17378
vt 0.17872 0.17359
vt 0.17355 0.18153
vt 0.18202 0.18051
vt 0.18347 0.17909
vt 0.19886 0.17063
vt 0.18582 0.17125
vt 0.20094 0.16868
vt 0.19167 0.1783
vt 0.2019 0.17651
vt 0.20189 0.17299
vt 0.20415 0.16884
vt 0.21954 0.16579
vt 0.22275 0.16568
vt 0.22382 0.1649
vt 0.20832 0.16591
vt 0.22485 0.16301
vt 0.79498 0.17042
vt 0.54895 0.18478
vt 0.56247 0.17964
vt 0.58282 0.18403
vt 0.56313 0.18611
vt 0.5584 0.18832
vt 0.58155 0.17697
vt 0.5654 0.17858
vt 0.58513 0.18232
vt 0.56307 0.17909
vt 0.5832 0.19105
vt 0.58496 0.18974
vt 0.58475 0.19134
vt 0.60685 0.18858
vt 0.60613 0.18885
vt 0.60079 0.18725
vt 0.58653 0.18425
vt 0.77851 0.16687
vt 0.59633 0.18196
vt 0.58781 0.18359
vt 0.58468 0.18351
vt 0.21251 0.17455
vt 0.22186 0.17338
vt 0.22357 0.17185
vt 0.22399 0.16665
vt 0.2299 0.16894
vt 0.22478 0.16497
vt 0.22813 0.16327
vt 0.24568 0.15773
vt 0.2463 0.16769
vt 0.24985 0.16584
vt 0.24668 0.16578
vt 0.22769 0.17163
vt 0.24131 0.16257
vt 0.26088 0.15709
vt 0.25974 0.15712
vt 0.25745 0.15957
vt 0.25868 0.15643
vt 0.26113 0.15655
vt 0.92744 0.22496
vt 0.92842 0.22573
vt 0.91905 0.223
vt 0.92393 0.21809
vt 0.91071 0.2157
vt 0.88934 0.20794
vt 0.89444 0.21262
vt 0.88644 0.20725
vt 0.86806 0.20084
vt 0.86585 0.20087
vt 0.86717 0.20045
vt 0.8421 0.19323
vt 0.84877 0.19861
vt 0.82501 0.19099
vt 0.77067 0.17041
vt 0.7709 0.1708
vt 0.76944 0.17032
vt 0.76885 0.17072
vt 0.58645 0.19168
vt 0.60741 0.1895
vt 0.60881 0.19505
vt 0.75531 0.17186
vt 0.7725 0.17617
vt 0.60424 0.19715
vt 0.77572 0.17185
vt 0.79944 0.17998
vt 0.78765 0.18363
vt 0.79149 0.18651
vt 0.78305 0.18464
vt 0.7859 0.17887
vt 0.81411 0.18856
vt 0.76269 0.17635
vt 0.74821 0.17192
vt 0.81889 0.18984
vt 0.81752 0.18999
vt 0.25036 0.16679
vt 0.26936 0.1598
vt 0.25548 0.16455
vt 0.26953 0.16386
vt 0.26698 0.16578
vt 0.26951 0.16537
vt 0.92832 0.23568
vt 0.92966 0.23762
vt 0.9258 0.23645
vt 0.91332 0.22849
vt 0.92499 0.23043
vt 0.9071 0.22124
vt 0.90129 0.22498
vt 0.8798 0.21606
vt 0.90148 0.21888
vt 0.90403 0.21792
vt 0.90162 0.21825
vt 0.90425 0.21929
vt 0.8969 0.2169
vt 0.8764 0.20937
vt 0.87629 0.21389
vt 0.90499 0.22827
vt 0.89534 0.22557
vt 0.88322 0.22342
vt 0.8792 0.21755
vt 0.87601 0.21506
vt 0.87259 0.2157
vt 0.85348 0.20367
vt 0.87216 0.21363
vt 0.8511 0.20878
vt 0.80634 0.19239
vt 0.82327 0.19805
vt 0.81953 0.20034
vt 0.83584 0.20356
vt 0.84229 0.20108
vt 0.82058 0.19217
vt 0.85341 0.20239
vt 0.86047 0.20494
vt 0.84844 0.2012
vt 0.82024 0.19082
vt 0.85741 0.21375
vt 0.86602 0.21805
vt 0.84517 0.20959
vt 0.82333 0.20408
vt 0.81508 0.20135
vt 0.79079 0.18797
vt 0.81125 0.19941
vt 0.22183 0.51827
vt 0.21981 0.51668
vt 0.2106 0.5166
vt 0.17855 0.51472
vt 0.17564 0.51656
vt 0.1805 0.51737
vt 0.18816 0.51727
vt 0.16678 0.5136
vt 0.17988 0.51168
vt 0.19546 0.51567
vt 0.17318 0.51034
vt 0.15555 0.50864
vt 0.24213 0.52416
vt 0.24777 0.52465
vt 0.24365 0.52592
vt 0.22213 0.52329
vt 0.20146 0.51863
vt 0.20425 0.52344
vt 0.23163 0.52764
vt 0.20623 0.52584
vt 0.20075 0.52926
vt 0.21779 0.53091
vt 0.2314 0.52977
vt 0.23914 0.53355
vt 0.10269 0.19636
vt 0.12549 0.19559
vt 0.1103 0.19783
vt 0.23962 0.52942
vt 0.18988 0.52017
vt 0.17863 0.51872
vt 0.15399 0.51663
vt 0.15403 0.51661
vt 0.15392 0.5166
vt 0.15426 0.51668
vt 0.17778 0.52191
vt 0.15396 0.51651
vt 0.19695 0.52368
vt 0.15062 0.51002
vt 0.17246 0.5254
vt 0.19059 0.52741
vt 0.44794 0.96551
vt 0.44825 0.95843
vt 0.45679 0.96173
vt 0.08015 0.93933
vt 0.07993 0.93921
vt 0.07966 0.93918
vt 0.15384 0.51669
vt 0.15448 0.51688
vt 0.42747 0.96017
vt 0.43113 0.95879
vt 0.43141 0.96305
vt 0.16835 0.52519
vt 0.07963 0.93911
vt 0.07946 0.93914
vt 0.07959 0.93916
vt 0.15385 0.5166
vt 0.42488 0.17493
vt 0.42496 0.17491
vt 0.42496 0.17495
vt 0.42674 0.17501
vt 0.44246 0.16927
vt 0.41544 0.16828
vt 0.43109 0.17048
vt 0.45016 0.17501
vt 0.12521 0.51191
vt 0.11918 0.51586
vt 0.13745 0.51966
vt 0.4253 0.17507
vt 0.47268 0.18024
vt 0.46544 0.18221
vt 0.45204 0.17644
vt 0.45006 0.17609
vt 0.44881 0.17551
vt 0.45087 0.17578
vt 0.45259 0.1757
vt 0.47659 0.17591
vt 0.46956 0.93613
vt 0.46979 0.93669
vt 0.46842 0.93768
vt 0.47197 0.93668
vt 0.47011 0.93608
vt 0.47153 0.93507
vt 0.21779 0.53514
vt 0.21738 0.53499
vt 0.21717 0.53508
vt 0.13417 0.19199
vt 0.14307 0.18967
vt 0.12921 0.19559
vt 0.12419 0.19715
vt 0.48994 0.9486
vt 0.49407 0.94111
vt 0.47012 0.93547
vt 0.21785 0.53524
vt 0.23444 0.53997
vt 0.21092 0.5391
vt 0.24645 0.53914
vt 0.25549 0.54275
vt 0.16433 0.18839
vt 0.15109 0.19014
vt 0.14424 0.19254
vt 0.15075 0.19217
vt 0.49667 0.92122
vt 0.49372 0.91376
vt 0.21577 0.53468
vt 0.2152 0.53486
vt 0.44158 0.93889
vt 0.44241 0.93391
vt 0.46779 0.93609
vt 0.41598 0.93325
vt 0.42534 0.9518
vt 0.40918 0.94678
vt 0.43029 0.93435
vt 0.20132 0.53696
vt 0.18711 0.53216
vt 0.18171 0.53296
vt 0.17371 0.52976
vt 0.15047 0.52875
vt 0.16733 0.53164
vt 0.15802 0.52727
vt 0.1458 0.52086
vt 0.14942 0.52338
vt 0.14229 0.52478
vt 0.12982 0.52158
vt 0.13062 0.52318
vt 0.10197 0.51603
vt 0.11091 0.5122
vt 0.48696 0.18006
vt 0.09905 0.51529
vt 0.10083 0.5162
vt 0.13478 0.52511
vt 0.12589 0.52375
vt 0.10113 0.5168
vt 0.10811 0.52179
vt 0.08911 0.51867
vt 0.09936 0.51599
vt 0.48666 0.18682
vt 0.48516 0.18671
vt 0.48631 0.18614
vt 0.4959 0.18109
vt 0.50464 0.18354
vt 0.526 0.18873
vt 0.52966 0.19043
vt 0.50827 0.19158
vt 0.51051 0.18651
vt 0.50156 0.19172
vt 0.53278 0.18972
vt 0.52059 0.18443
vt 0.53547 0.18801
vt 0.18313 0.18727
vt 0.18429 0.18658
vt 0.18191 0.18691
vt 0.23357 0.5469
vt 0.23776 0.5442
vt 0.25961 0.54513
vt 0.25515 0.54937
vt 0.18448 0.18635
vt 0.17411 0.18466
vt 0.1673 0.1888
vt 0.16235 0.19017
vt 0.26292 0.54438
vt 0.16657 0.19036
vt 0.18465 0.18699
vt 0.18473 0.19331
vt 0.19878 0.18563
vt 0.18495 0.18637
vt 0.169 0.19445
vt 0.17388 0.19501
vt 0.24963 0.55061
vt 0.26225 0.55285
vt 0.18699 0.18508
vt 0.20283 0.18076
vt 0.50147 0.19247
vt 0.49986 0.19201
vt 0.50215 0.19217
vt 0.51445 0.19441
vt 0.53578 0.19095
vt 0.55081 0.1946
vt 0.53082 0.19685
vt 0.52847 0.19673
vt 0.52969 0.19717
vt 0.53983 0.18992
vt 0.55749 0.19195
vt 0.5563 0.20088
vt 0.55814 0.20166
vt 0.55538 0.20146
vt 0.562 0.20032
vt 0.56904 0.19589
vt 0.5757 0.19701
vt 0.58332 0.19153
vt 0.58477 0.19168
vt 0.20403 0.18337
vt 0.20233 0.18333
vt 0.19634 0.19119
vt 0.20234 0.19114
vt 0.20506 0.18893
vt 0.22395 0.17951
vt 0.20506 0.18244
vt 0.22432 0.17914
vt 0.21277 0.18824
vt 0.22492 0.18606
vt 0.2246 0.1801
vt 0.22501 0.17918
vt 0.22852 0.17847
vt 0.24056 0.17795
vt 0.24414 0.17534
vt 0.2259 0.17855
vt 0.24635 0.17074
vt 0.5646 0.20209
vt 0.56212 0.20335
vt 0.58628 0.20457
vt 0.58711 0.20227
vt 0.59515 0.20382
vt 0.59495 0.19851
vt 0.6031 0.2012
vt 0.60054 0.21075
vt 0.60084 0.21067
vt 0.60073 0.2108
vt 0.77454 0.18974
vt 0.76994 0.18944
vt 0.76665 0.1864
vt 0.57682 0.20838
vt 0.74214 0.18347
vt 0.75224 0.18037
vt 0.74 0.17634
vt 0.78031 0.18785
vt 0.76089 0.18054
vt 0.74693 0.17556
vt 0.60767 0.20463
vt 0.2435 0.18244
vt 0.24785 0.17544
vt 0.24675 0.18138
vt 0.26072 0.17344
vt 0.24561 0.18231
vt 0.25845 0.16974
vt 0.26695 0.1669
vt 0.26448 0.17669
vt 0.26286 0.1792
vt 0.27145 0.17641
vt 0.27138 0.17054
vt 0.27077 0.16633
vt 0.92769 0.23844
vt 0.90529 0.23995
vt 0.8933 0.23565
vt 0.8993 0.23447
vt 0.91868 0.24339
vt 0.91416 0.23807
vt 0.92618 0.24247
vt 0.8832 0.22984
vt 0.90568 0.23299
vt 0.89348 0.22863
vt 0.87817 0.22534
vt 0.85011 0.22124
vt 0.84473 0.21968
vt 0.84917 0.21921
vt 0.85817 0.22221
vt 0.80162 0.20794
vt 0.81826 0.20839
vt 0.822 0.21082
vt 0.82648 0.2106
vt 0.85821 0.21712
vt 0.86787 0.22188
vt 0.8423 0.21247
vt 0.81925 0.20596
vt 0.77679 0.19175
vt 0.76509 0.1941
vt 0.75346 0.18895
vt 0.76473 0.19422
vt 0.76515 0.19433
vt 0.76457 0.19422
vt 0.79574 0.19576
vt 0.81028 0.20049
vt 0.79594 0.20702
vt 0.79626 0.20735
vt 0.79494 0.20708
vt 0.79291 0.19946
vt 0.76492 0.19434
vt 0.27931 0.17588
vt 0.28033 0.17353
vt 0.92569 0.24832
vt 0.9155 0.24536
vt 0.90278 0.2429
vt 0.91524 0.2473
vt 0.89067 0.23953
vt 0.8753 0.23285
vt 0.87101 0.22773
vt 0.86484 0.22957
vt 0.8654 0.2353
vt 0.87143 0.22549
vt 0.84617 0.22607
vt 0.86514 0.23523
vt 0.84118 0.22443
vt 0.823 0.21648
vt 0.81985 0.2196
vt 0.79791 0.20806
vt 0.79612 0.20759
vt 0.80005 0.20969
vt 0.20744 0.53849
vt 0.20827 0.53944
vt 0.18507 0.54072
vt 0.16204 0.54249
vt 0.19078 0.54546
vt 0.19947 0.54411
vt 0.13655 0.53755
vt 0.13592 0.53795
vt 0.16051 0.54227
vt 0.15946 0.53544
vt 0.15229 0.53466
vt 0.16144 0.54225
vt 0.20282 0.53825
vt 0.17778 0.53502
vt 0.15378 0.53376
vt 0.13387 0.53556
vt 0.12832 0.5296
vt 0.11192 0.53292
vt 0.13399 0.53742
vt 0.14515 0.53261
vt 0.11061 0.53328
vt 0.11002 0.53312
vt 0.10993 0.53322
vt 0.1089 0.53304
vt 0.10639 0.52999
vt 0.13445 0.52787
vt 0.12333 0.52596
vt 0.10209 0.52549
vt 0.23182 0.55352
vt 0.22359 0.55333
vt 0.23597 0.55685
vt 0.22072 0.55053
vt 0.25634 0.55803
vt 0.20891 0.55077
vt 0.23773 0.55051
vt 0.22439 0.54749
vt 0.25833 0.55755
vt 0.2701 0.56763
vt 0.2612 0.55929
vt 0.24882 0.56186
vt 0.16864 0.20334
vt 0.16941 0.20869
vt 0.18023 0.20165
vt 0.23132 0.55929
vt 0.16647 0.20365
vt 0.16562 0.20446
vt 0.2609 0.55873
vt 0.18398 0.19732
vt 0.16777 0.2027
vt 0.26217 0.55844
vt 0.20574 0.5534
vt 0.19052 0.54848
vt 0.63101 0.67192
vt 0.63104 0.6719
vt 0.62995 0.67163
vt 0.08771 0.95422
vt 0.08734 0.95422
vt 0.0875 0.95424
vt 0.16167 0.54248
vt 0.16164 0.5425
vt 0.16183 0.54252
vt 0.08296 0.53106
vt 0.08426 0.52903
vt 0.10244 0.52604
vt 0.10068 0.52588
vt 0.10091 0.52569
vt 0.48493 0.19667
vt 0.50152 0.20064
vt 0.48309 0.20267
vt 0.50034 0.20658
vt 0.51789 0.20221
vt 0.52533 0.20403
vt 0.50593 0.20616
vt 0.52532 0.19739
vt 0.48542 0.19647
vt 0.50539 0.19926
vt 0.52758 0.20325
vt 0.52917 0.20967
vt 0.53226 0.21149
vt 0.52937 0.21177
vt 0.49948 0.20689
vt 0.50152 0.20699
vt 0.53232 0.20464
vt 0.55631 0.20232
vt 0.54985 0.20779
vt 0.19684 0.20521
vt 0.1926 0.20839
vt 0.20136 0.20554
vt 0.20423 0.20307
vt 0.18486 0.20255
vt 0.16756 0.21136
vt 0.17874 0.21171
vt 0.18469 0.20644
vt 0.16322 0.21208
vt 0.19427 0.20121
vt 0.18825 0.19897
vt 0.20062 0.19654
vt 0.20714 0.19695
vt 0.21811 0.19494
vt 0.21564 0.19084
vt 0.22384 0.18954
vt 0.53163 0.21217
vt 0.56009 0.21231
vt 0.56702 0.21385
vt 0.55991 0.21456
vt 0.54943 0.21824
vt 0.56878 0.20911
vt 0.57641 0.21051
vt 0.56926 0.21734
vt 0.57686 0.22119
vt 0.56054 0.21985
vt 0.5833 0.21844
vt 0.58624 0.21526
vt 0.59223 0.21668
vt 0.60049 0.21084
vt 0.60071 0.21093
vt 0.20688 0.20595
vt 0.20849 0.20318
vt 0.22452 0.19943
vt 0.22461 0.19543
vt 0.24354 0.19026
vt 0.24463 0.18963
vt 0.24352 0.18976
vt 0.22827 0.19169
vt 0.24241 0.18381
vt 0.24493 0.18934
vt 0.24507 0.19669
vt 0.25489 0.19172
vt 0.24511 0.18993
vt 0.21848 0.20449
vt 0.23405 0.19911
vt 0.24594 0.18924
vt 0.26572 0.18059
vt 0.26321 0.18536
vt 0.58675 0.22182
vt 0.5823 0.22392
vt 0.59852 0.22454
vt 0.60025 0.22043
vt 0.61402 0.2227
vt 0.74195 0.18367
vt 0.74208 0.18358
vt 0.60441 0.21802
vt 0.61995 0.21541
vt 0.61842 0.22139
vt 0.74839 0.20184
vt 0.75737 0.20141
vt 0.76343 0.2085
vt 0.78484 0.21048
vt 0.7777 0.21054
vt 0.77091 0.20481
vt 0.60296 0.22748
vt 0.59283 0.22681
vt 0.75758 0.19954
vt 0.62237 0.22317
vt 0.61809 0.22493
vt 0.79451 0.20775
vt 0.76329 0.19994
vt 0.75525 0.19725
vt 0.25518 0.19432
vt 0.91451 0.25644
vt 0.92283 0.25894
vt 0.91501 0.26116
vt 0.266 0.18963
vt 0.27147 0.18569
vt 0.2721 0.1876
vt 0.27219 0.18174
vt 0.91689 0.26266
vt 0.91518 0.26244
vt 0.91336 0.26187
vt 0.90818 0.25294
vt 0.91901 0.25568
vt 0.90368 0.25439
vt 0.88899 0.24972
vt 0.87624 0.244
vt 0.89136 0.24656
vt 0.89331 0.24323
vt 0.92128 0.25263
vt 0.9039 0.24827
vt 0.75264 0.67164
vt 0.75283 0.67182
vt 0.75245 0.67163
vt 0.8656 0.23544
vt 0.8652 0.2353
vt 0.86518 0.23538
vt 0.8752 0.67173
vt 0.87501 0.67172
vt 0.87495 0.67163
vt 0.89144 0.25285
vt 0.88305 0.25038
vt 0.86714 0.24742
vt 0.86719 0.24407
vt 0.86229 0.24033
vt 0.85542 0.24056
vt 0.83989 0.23107
vt 0.8481 0.23491
vt 0.83925 0.23291
vt 0.81791 0.2259
vt 0.84336 0.2265
vt 0.86501 0.23525
vt 0.39221 0.7371
vt 0.39205 0.73696
vt 0.39224 0.73701
vt 0.82155 0.22184
vt 0.81525 0.2195
vt 0.81307 0.2233
vt 0.84281 0.23805
vt 0.85242 0.24269
vt 0.83027 0.23396
vt 0.81142 0.2296
vt 0.81299 0.22518
vt 0.8116 0.22421
vt 0.81048 0.22418
vt 0.80605 0.22159
vt 0.79778 0.22449
vt 0.77579 0.21342
vt 0.80869 0.22344
vt 0.80985 0.22356
vt 0.17314 0.55083
vt 0.15431 0.5519
vt 0.17819 0.55472
vt 0.18549 0.55339
vt 0.14302 0.54502
vt 0.13441 0.54676
vt 0.14686 0.54822
vt 0.1451 0.5453
vt 0.18396 0.55018
vt 0.16189 0.54261
vt 0.16004 0.54272
vt 0.14321 0.54486
vt 0.11768 0.54077
vt 0.10619 0.54275
vt 0.12731 0.5476
vt 0.14125 0.54461
vt 0.10115 0.53834
vt 0.13279 0.53808
vt 0.11086 0.53359
vt 0.10902 0.5335
vt 0.21884 0.56249
vt 0.20952 0.56217
vt 0.22159 0.56547
vt 0.2065 0.5596
vt 0.24198 0.56697
vt 0.19404 0.55942
vt 0.21837 0.55672
vt 0.22325 0.55947
vt 0.21155 0.55703
vt 0.24272 0.56595
vt 0.25694 0.5766
vt 0.24771 0.56864
vt 0.23563 0.57092
vt 0.14767 0.22195
vt 0.14735 0.22777
vt 0.15763 0.22064
vt 0.21442 0.56772
vt 0.2475 0.56786
vt 0.2514 0.56893
vt 0.16271 0.21413
vt 0.24932 0.56761
vt 0.19337 0.5626
vt 0.17837 0.55761
vt 0.15038 0.55177
vt 0.15261 0.55239
vt 0.14994 0.55207
vt 0.12843 0.54806
vt 0.12826 0.54828
vt 0.12727 0.54799
vt 0.09529 0.54223
vt 0.10288 0.54421
vt 0.07708 0.53918
vt 0.08733 0.53742
vt 0.0915 0.54407
vt 0.08937 0.53574
vt 0.06973 0.53582
vt 0.46242 0.21333
vt 0.47393 0.21172
vt 0.47207 0.21559
vt 0.49266 0.21335
vt 0.49626 0.21441
vt 0.49018 0.21503
vt 0.46617 0.20784
vt 0.47845 0.20475
vt 0.47983 0.20941
vt 0.49965 0.20869
vt 0.49798 0.21376
vt 0.4986 0.21735
vt 0.50616 0.22137
vt 0.49858 0.22196
vt 0.46416 0.21792
vt 0.47866 0.21835
vt 0.50162 0.21493
vt 0.51931 0.21263
vt 0.52937 0.21247
vt 0.16976 0.22358
vt 0.16098 0.23029
vt 0.17867 0.2246
vt 0.18746 0.21695
vt 0.19355 0.21189
vt 0.16412 0.22199
vt 0.14589 0.22993
vt 0.15625 0.23121
vt 0.16423 0.22416
vt 0.14261 0.23039
vt 0.16911 0.22148
vt 0.16981 0.21646
vt 0.17753 0.21473
vt 0.18819 0.2155
vt 0.19074 0.21502
vt 0.505 0.22306
vt 0.52051 0.21808
vt 0.53204 0.2229
vt 0.53703 0.22401
vt 0.53154 0.22462
vt 0.52098 0.2287
vt 0.54284 0.21899
vt 0.5487 0.21994
vt 0.53912 0.22671
vt 0.54844 0.23108
vt 0.5319 0.23009
vt 0.56001 0.22729
vt 0.56237 0.22582
vt 0.56504 0.22638
vt 0.56744 0.22473
vt 0.19839 0.21808
vt 0.19523 0.22438
vt 0.19416 0.225
vt 0.19456 0.22497
vt 0.19493 0.22487
vt 0.22406 0.21407
vt 0.21418 0.21602
vt 0.22168 0.21617
vt 0.20416 0.2166
vt 0.20407 0.21536
vt 0.20859 0.21436
vt 0.21106 0.20851
vt 0.21758 0.2075
vt 0.22684 0.20806
vt 0.24381 0.20441
vt 0.23472 0.20205
vt 0.24506 0.20334
vt 0.56629 0.23233
vt 0.56088 0.23648
vt 0.57745 0.2338
vt 0.57755 0.23205
vt 0.58511 0.23312
vt 0.58366 0.22825
vt 0.59046 0.23141
vt 0.73167 0.2095
vt 0.73587 0.20898
vt 0.73469 0.21083
vt 0.76616 0.21643
vt 0.75985 0.21612
vt 0.75164 0.21027
vt 0.58793 0.23987
vt 0.56618 0.23807
vt 0.74179 0.20618
vt 0.73054 0.20265
vt 0.76701 0.21353
vt 0.74607 0.20603
vt 0.73755 0.20291
vt 0.22515 0.21617
vt 0.22588 0.21477
vt 0.2461 0.21066
vt 0.2454 0.20426
vt 0.24722 0.21017
vt 0.26085 0.20236
vt 0.24677 0.20374
vt 0.24583 0.20381
vt 0.24682 0.20323
vt 0.26729 0.19465
vt 0.26721 0.19539
vt 0.24541 0.21122
vt 0.24679 0.21067
vt 0.24778 0.21042
vt 0.93553 0.2776
vt 0.91576 0.2743
vt 0.91546 0.27131
vt 0.91066 0.26695
vt 0.89662 0.26744
vt 0.92203 0.26982
vt 0.2686 0.1945
vt 0.91401 0.26262
vt 0.91659 0.26328
vt 0.89286 0.26694
vt 0.89538 0.26799
vt 0.87354 0.26109
vt 0.89087 0.26427
vt 0.89044 0.25946
vt 0.88393 0.25759
vt 0.8424 0.25095
vt 0.85568 0.24961
vt 0.86342 0.25706
vt 0.87161 0.25381
vt 0.88756 0.25739
vt 0.88147 0.25516
vt 0.85719 0.24848
vt 0.81633 0.24258
vt 0.82196 0.24173
vt 0.83923 0.25029
vt 0.844 0.24507
vt 0.81014 0.23933
vt 0.80821 0.24041
vt 0.80059 0.23224
vt 0.7922 0.2317
vt 0.82301 0.23822
vt 0.83112 0.24089
vt 0.83723 0.24077
vt 0.82907 0.23833
vt 0.80558 0.22974
vt 0.80294 0.22698
vt 0.77714 0.22248
vt 0.77456 0.2284
vt 0.75954 0.22063
vt 0.78084 0.22704
vt 0.78837 0.22779
vt 0.78653 0.22233
vt 0.79716 0.22619
vt 0.865 0.25849
vt 0.86529 0.25833
vt 0.86418 0.25815
vt 0.86384 0.25829
vt 0.84163 0.25106
vt 0.84131 0.25089
vt 0.84129 0.25098
vt 0.84164 0.25116
vt 0.16092 0.56051
vt 0.15524 0.56134
vt 0.16353 0.56234
vt 0.16722 0.56172
vt 0.14679 0.55779
vt 0.16798 0.55969
vt 0.15371 0.55425
vt 0.10991 0.55154
vt 0.1065 0.55218
vt 0.11344 0.55414
vt 0.12363 0.55369
vt 0.10509 0.55088
vt 0.12506 0.54869
vt 0.10664 0.54842
vt 0.1912 0.57453
vt 0.19691 0.57132
vt 0.1921 0.5705
vt 0.19972 0.57135
vt 0.20093 0.57242
vt 0.19572 0.57035
vt 0.21856 0.57446
vt 0.20447 0.56566
vt 0.20733 0.56774
vt 0.19928 0.5661
vt 0.2276 0.57422
vt 0.24435 0.58568
vt 0.23518 0.57771
vt 0.22206 0.58001
vt 0.23915 0.5781
vt 0.24964 0.58551
vt 0.25835 0.58345
vt 0.18928 0.57562
vt 0.19091 0.57591
vt 0.23478 0.57691
vt 0.25907 0.57906
vt 0.23671 0.57655
vt 0.16451 0.56722
vt 0.13867 0.56139
vt 0.14916 0.56432
vt 0.12245 0.55863
vt 0.1335 0.55592
vt 0.13616 0.56337
vt 0.13413 0.555
vt 0.1874 0.57508
vt 0.12242 0.56099
vt 0.11271 0.55799
vt 0.07531 0.55154
vt 0.07707 0.55053
vt 0.07523 0.55021
vt 0.09898 0.55604
vt 0.07634 0.55004
vt 0.07935 0.54531
vt 0.07671 0.54328
vt 0.07429 0.55574
vt 0.08196 0.55607
vt 0.43853 0.22979
vt 0.43206 0.22934
vt 0.43906 0.22519
vt 0.44166 0.2236
vt 0.44268 0.22379
vt 0.44153 0.22395
vt 0.44257 0.22417
vt 0.44867 0.22408
vt 0.44964 0.21861
vt 0.45484 0.21724
vt 0.45503 0.21916
vt 0.46568 0.22235
vt 0.45771 0.23012
vt 0.46886 0.22663
vt 0.46815 0.23192
vt 0.47124 0.22475
vt 0.47695 0.22578
vt 0.49267 0.2286
vt 0.48399 0.23078
vt 0.4749 0.22386
vt 0.49862 0.22435
vt 0.14561 0.24161
vt 0.13744 0.24962
vt 0.15719 0.24315
vt 0.16646 0.23414
vt 0.16339 0.23766
vt 0.16913 0.23365
vt 0.15101 0.23935
vt 0.17022 0.23178
vt 0.16165 0.23304
vt 0.1279 0.24559
vt 0.14415 0.24104
vt 0.13753 0.23873
vt 0.12572 0.248
vt 0.13528 0.25
vt 0.14417 0.24178
vt 0.24948 0.58714
vt 0.14547 0.24105
vt 0.14214 0.23263
vt 0.15147 0.23374
vt 0.15584 0.23263
vt 0.48309 0.23457
vt 0.50138 0.23231
vt 0.51065 0.2343
vt 0.50094 0.23553
vt 0.49303 0.23813
vt 0.51179 0.22946
vt 0.52024 0.23058
vt 0.51486 0.23907
vt 0.51959 0.24119
vt 0.5128 0.2408
vt 0.52843 0.23811
vt 0.53277 0.23581
vt 0.53561 0.23638
vt 0.53788 0.23483
vt 0.16194 0.2437
vt 0.16875 0.23936
vt 0.18145 0.23424
vt 0.18092 0.23615
vt 0.186 0.23341
vt 0.19428 0.22511
vt 0.19456 0.22505
vt 0.19101 0.23539
vt 0.18859 0.23864
vt 0.19722 0.23578
vt 0.20495 0.22739
vt 0.19716 0.22515
vt 0.20879 0.22659
vt 0.20913 0.22589
vt 0.21097 0.22553
vt 0.21339 0.22288
vt 0.53815 0.24265
vt 0.53024 0.24591
vt 0.54947 0.24389
vt 0.54975 0.24304
vt 0.55264 0.24356
vt 0.56267 0.23844
vt 0.56563 0.23905
vt 0.55478 0.24556
vt 0.56548 0.25042
vt 0.5439 0.24907
vt 0.57117 0.24817
vt 0.57492 0.24444
vt 0.58275 0.24634
vt 0.7314 0.21023
vt 0.73455 0.21252
vt 0.58728 0.24067
vt 0.21901 0.22859
vt 0.21668 0.23379
vt 0.20973 0.23596
vt 0.21422 0.23575
vt 0.21587 0.23535
vt 0.22071 0.23374
vt 0.22488 0.22726
vt 0.22491 0.22535
vt 0.24292 0.21927
vt 0.23016 0.21983
vt 0.24542 0.21792
vt 0.23928 0.22683
vt 0.24579 0.22534
vt 0.2458 0.21912
vt 0.24632 0.21795
vt 0.24713 0.21778
vt 0.93272 0.28398
vt 0.92201 0.2862
vt 0.90929 0.27829
vt 0.24679 0.21758
vt 0.24777 0.2171
vt 0.93198 0.28329
vt 0.90852 0.27655
vt 0.87645 0.26936
vt 0.87576 0.26912
vt 0.87615 0.26907
vt 0.8803 0.27023
vt 0.8748 0.26864
vt 0.89251 0.26749
vt 0.89849 0.27128
vt 0.87194 0.26519
vt 0.82757 0.254
vt 0.82368 0.2529
vt 0.82633 0.25263
vt 0.83201 0.25457
vt 0.77689 0.24025
vt 0.79431 0.24136
vt 0.79664 0.24281
vt 0.79863 0.24256
vt 0.83998 0.25126
vt 0.81623 0.24374
vt 0.79448 0.24041
vt 0.78645 0.23351
vt 0.74907 0.22345
vt 0.76469 0.23112
vt 0.74726 0.22747
vt 0.57272 0.25091
vt 0.57097 0.25311
vt 0.73127 0.22322
vt 0.71561 0.21606
vt 0.73662 0.21972
vt 0.77448 0.23122
vt 0.7498 0.22129
vt 0.74012 0.21934
vt 0.73003 0.2156
vt 0.77031 0.2392
vt 0.77082 0.23958
vt 0.76989 0.2394
vt 0.73925 0.22777
vt 0.72423 0.22335
vt 0.25686 0.22284
vt 0.25603 0.22014
vt 0.89835 0.28071
vt 0.90945 0.28413
vt 0.9011 0.28621
vt 0.92131 0.28903
vt 0.90461 0.27807
vt 0.90518 0.2768
vt 0.9049 0.28811
vt 0.90185 0.28769
vt 0.89942 0.28693
vt 0.87714 0.2765
vt 0.87525 0.27053
vt 0.87239 0.27522
vt 0.84679 0.26437
vt 0.85041 0.26552
vt 0.84811 0.26648
vt 0.86397 0.27174
vt 0.84909 0.2636
vt 0.84893 0.25912
vt 0.87335 0.276
vt 0.87118 0.27534
vt 0.84969 0.27128
vt 0.84192 0.26882
vt 0.82415 0.25991
vt 0.82367 0.25974
vt 0.79894 0.2491
vt 0.79377 0.25218
vt 0.82487 0.2603
vt 0.77225 0.24018
vt 0.77074 0.23976
vt 0.77462 0.24197
vt 0.21914 0.59253
vt 0.21384 0.58789
vt 0.20538 0.58922
vt 0.22788 0.58821
vt 0.23444 0.59329
vt 0.24395 0.59222
vt 0.18924 0.58363
vt 0.19005 0.58759
vt 0.17954 0.58093
vt 0.18398 0.58057
vt 0.21573 0.58512
vt 0.24604 0.58789
vt 0.22206 0.5844
vt 0.18962 0.57589
vt 0.15015 0.57752
vt 0.17583 0.57877
vt 0.15355 0.57151
vt 0.13797 0.57034
vt 0.12477 0.57022
vt 0.14726 0.57684
vt 0.12421 0.56868
vt 0.12095 0.56956
vt 0.15413 0.56979
vt 0.18786 0.57558
vt 0.12681 0.56478
vt 0.14502 0.5689
vt 0.1744 0.58489
vt 0.15037 0.57776
vt 0.14969 0.57763
vt 0.12774 0.5764
vt 0.11475 0.56671
vt 0.10719 0.56924
vt 0.10144 0.56275
vt 0.08266 0.56243
vt 0.09874 0.56826
vt 0.10298 0.56036
vt 0.11165 0.56299
vt 0.079 0.55749
vt 0.12207 0.57584
vt 0.09928 0.56929
vt 0.09556 0.56886
vt 0.0743 0.56468
vt 0.07421 0.56781
vt 0.43111 0.24183
vt 0.4168 0.241
vt 0.42066 0.23796
vt 0.42999 0.23562
vt 0.42014 0.23417
vt 0.4328 0.23108
vt 0.42784 0.23011
vt 0.44406 0.23601
vt 0.43956 0.23965
vt 0.46431 0.23945
vt 0.45687 0.23278
vt 0.46669 0.23877
vt 0.126 0.2598
vt 0.12292 0.26588
vt 0.13799 0.261
vt 0.14519 0.25286
vt 0.14129 0.25794
vt 0.14951 0.25212
vt 0.13102 0.25764
vt 0.15196 0.24799
vt 0.13832 0.25109
vt 0.26092 0.5997
vt 0.23399 0.59618
vt 0.2508 0.60336
vt 0.26231 0.60095
vt 0.26396 0.60084
vt 0.26597 0.59578
vt 0.1327 0.25135
vt 0.13514 0.25073
vt 0.12583 0.25911
vt 0.12413 0.2601
vt 0.43924 0.24441
vt 0.44261 0.24265
vt 0.45454 0.2454
vt 0.46186 0.2465
vt 0.46659 0.24157
vt 0.46676 0.24008
vt 0.4692 0.24024
vt 0.46847 0.24669
vt 0.46512 0.24787
vt 0.46753 0.23979
vt 0.46978 0.2395
vt 0.49145 0.242
vt 0.48467 0.24452
vt 0.48523 0.24923
vt 0.49079 0.25153
vt 0.48058 0.25094
vt 0.50035 0.24834
vt 0.50309 0.24578
vt 0.50861 0.2468
vt 0.51365 0.2435
vt 0.13974 0.26135
vt 0.14209 0.25973
vt 0.15818 0.25257
vt 0.15635 0.25725
vt 0.16819 0.25058
vt 0.16465 0.24725
vt 0.17286 0.24278
vt 0.17273 0.24606
vt 0.17466 0.25481
vt 0.1804 0.25185
vt 0.17484 0.25239
vt 0.16511 0.25669
vt 0.1533 0.25994
vt 0.17979 0.24682
vt 0.19371 0.23861
vt 0.18994 0.24488
vt 0.51535 0.25323
vt 0.50363 0.25693
vt 0.52215 0.25408
vt 0.52218 0.25319
vt 0.52472 0.25375
vt 0.53698 0.24832
vt 0.53414 0.24861
vt 0.53671 0.24914
vt 0.52631 0.25554
vt 0.53653 0.26087
vt 0.51769 0.25973
vt 0.54482 0.25792
vt 0.54865 0.2553
vt 0.5534 0.25631
vt 0.55748 0.25341
vt 0.18199 0.25341
vt 0.20017 0.24528
vt 0.19946 0.24807
vt 0.20631 0.24429
vt 0.19381 0.25262
vt 0.21236 0.23668
vt 0.21421 0.23622
vt 0.21188 0.24603
vt 0.21137 0.24842
vt 0.21912 0.24585
vt 0.21751 0.24091
vt 0.21709 0.23608
vt 0.22739 0.23935
vt 0.22827 0.23683
vt 0.23876 0.23447
vt 0.2395 0.22846
vt 0.24491 0.22941
vt 0.54766 0.26168
vt 0.54467 0.2646
vt 0.56188 0.26401
vt 0.56342 0.26108
vt 0.57367 0.26265
vt 0.58173 0.25604
vt 0.57211 0.25764
vt 0.58047 0.25987
vt 0.71894 0.23478
vt 0.72284 0.2347
vt 0.72292 0.23663
vt 0.75597 0.24221
vt 0.7489 0.24174
vt 0.74356 0.23738
vt 0.57507 0.26903
vt 0.55332 0.26712
vt 0.72752 0.23108
vt 0.71772 0.2282
vt 0.76935 0.23979
vt 0.7365 0.23188
vt 0.72187 0.22644
vt 0.58493 0.26301
vt 0.23137 0.24583
vt 0.23395 0.24097
vt 0.24568 0.2388
vt 0.24563 0.23392
vt 0.92648 0.30224
vt 0.91441 0.2967
vt 0.92782 0.29807
vt 0.24766 0.23174
vt 0.25194 0.23143
vt 0.25121 0.22965
vt 0.9282 0.29612
vt 0.90533 0.28954
vt 0.23965 0.24364
vt 0.25216 0.23867
vt 0.25458 0.23502
vt 0.26209 0.23641
vt 0.91488 0.30271
vt 0.90768 0.30149
vt 0.90734 0.30013
vt 0.89548 0.29771
vt 0.89917 0.29292
vt 0.90029 0.28845
vt 0.88083 0.29256
vt 0.85731 0.285
vt 0.87267 0.28354
vt 0.88693 0.29347
vt 0.88107 0.28614
vt 0.83698 0.27661
vt 0.84374 0.2755
vt 0.84886 0.28002
vt 0.85892 0.27945
vt 0.87522 0.28319
vt 0.87057 0.28165
vt 0.84478 0.2736
vt 0.82389 0.25994
vt 0.8237 0.26104
vt 0.79452 0.25371
vt 0.78977 0.25197
vt 0.7892 0.25394
vt 0.81182 0.26196
vt 0.80402 0.2687
vt 0.81116 0.26789
vt 0.80972 0.27069
vt 0.82787 0.26906
vt 0.80058 0.26667
vt 0.80149 0.26803
vt 0.78662 0.25702
vt 0.78091 0.25671
vt 0.81878 0.26587
vt 0.82146 0.26679
vt 0.82268 0.26663
vt 0.82072 0.26607
vt 0.7699 0.24969
vt 0.75554 0.25107
vt 0.74636 0.24604
vt 0.76888 0.25227
vt 0.7791 0.25416
vt 0.88413 0.29504
vt 0.88405 0.29419
vt 0.8802 0.29339
vt 0.85647 0.28609
vt 0.85172 0.28407
vt 0.84914 0.28492
vt 0.83181 0.2778
vt 0.82822 0.27599
vt 0.82762 0.27696
vt 0.83232 0.27937
vt 0.21689 0.59921
vt 0.21206 0.59972
vt 0.21901 0.60043
vt 0.2212 0.60021
vt 0.15954 0.59354
vt 0.15924 0.59369
vt 0.16125 0.59405
vt 0.18793 0.59273
vt 0.17945 0.59156
vt 0.18484 0.59478
vt 0.22236 0.59894
vt 0.20395 0.59155
vt 0.17958 0.5896
vt 0.14374 0.58465
vt 0.15074 0.58535
vt 0.14446 0.58346
vt 0.13421 0.58264
vt 0.15489 0.58445
vt 0.14944 0.5782
vt 0.12315 0.57613
vt 0.12321 0.57617
vt 0.12308 0.57614
vt 0.12305 0.5762
vt 0.12304 0.57611
vt 0.1584 0.59344
vt 0.13072 0.58848
vt 0.12644 0.58651
vt 0.12779 0.58835
vt 0.10755 0.58314
vt 0.11839 0.58075
vt 0.09356 0.57582
vt 0.10073 0.57687
vt 0.09394 0.57517
vt 0.09101 0.5751
vt 0.12297 0.57612
vt 0.0966 0.57201
vt 0.09085 0.57445
vt 0.08327 0.57803
vt 0.07698 0.57951
vt 0.08618 0.5813
vt 0.10384 0.58416
vt 0.10131 0.58339
vt 0.0764 0.57343
vt 0.40843 0.24599
vt 0.41727 0.24627
vt 0.41619 0.2472
vt 0.24785 0.61263
vt 0.24343 0.61453
vt 0.26004 0.61754
vt 0.27089 0.61341
vt 0.26856 0.61586
vt 0.2791 0.61589
vt 0.26049 0.61187
vt 0.1346 0.26398
vt 0.1252 0.27064
vt 0.13077 0.26977
vt 0.27922 0.61142
vt 0.26188 0.60945
vt 0.22521 0.60188
vt 0.2183 0.60669
vt 0.22053 0.60759
vt 0.22309 0.60738
vt 0.24402 0.60824
vt 0.18593 0.60062
vt 0.1893 0.59903
vt 0.21299 0.60548
vt 0.22943 0.60149
vt 0.25044 0.60551
vt 0.25778 0.6056
vt 0.07668 0.57996
vt 0.0742 0.57936
vt 0.04901 0.57528
vt 0.06227 0.57227
vt 0.07227 0.58002
vt 0.41861 0.24723
vt 0.41732 0.24769
vt 0.43488 0.25153
vt 0.41849 0.25313
vt 0.43309 0.25601
vt 0.44737 0.25188
vt 0.45552 0.25427
vt 0.44346 0.25577
vt 0.45645 0.24807
vt 0.44097 0.24973
vt 0.4614 0.25233
vt 0.46097 0.26029
vt 0.46383 0.26128
vt 0.46023 0.26156
vt 0.42525 0.25787
vt 0.43953 0.25825
vt 0.4721 0.25565
vt 0.4827 0.25431
vt 0.47948 0.257
vt 0.27033 0.62162
vt 0.27265 0.61988
vt 0.13707 0.27015
vt 0.12631 0.27637
vt 0.13696 0.27479
vt 0.15106 0.26703
vt 0.14046 0.26699
vt 0.15294 0.26547
vt 0.15391 0.2731
vt 0.16754 0.26568
vt 0.15357 0.26798
vt 0.1445 0.27478
vt 0.1336 0.27804
vt 0.15523 0.2656
vt 0.1743 0.25912
vt 0.16138 0.26181
vt 0.4639 0.26217
vt 0.49285 0.26266
vt 0.49835 0.26362
vt 0.4921 0.26439
vt 0.48089 0.26778
vt 0.50993 0.2589
vt 0.50592 0.25919
vt 0.50934 0.25985
vt 0.50106 0.2669
vt 0.50932 0.2707
vt 0.49668 0.26992
vt 0.51707 0.26492
vt 0.51889 0.26317
vt 0.52344 0.26519
vt 0.52269 0.26583
vt 0.52468 0.26545
vt 0.52537 0.26486
vt 0.16422 0.27113
vt 0.17232 0.26245
vt 0.17506 0.26267
vt 0.17647 0.26754
vt 0.18962 0.26044
vt 0.17306 0.27068
vt 0.17749 0.26072
vt 0.19373 0.25684
vt 0.19694 0.26448
vt 0.19668 0.26474
vt 0.19748 0.26447
vt 0.19804 0.26398
vt 0.2019 0.25666
vt 0.21131 0.25482
vt 0.21454 0.24963
vt 0.52987 0.27205
vt 0.51774 0.27451
vt 0.5374 0.27296
vt 0.5379 0.27207
vt 0.52962 0.26807
vt 0.54108 0.27258
vt 0.54771 0.26776
vt 0.53034 0.26585
vt 0.55247 0.26908
vt 0.55164 0.27945
vt 0.55426 0.27957
vt 0.55142 0.27988
vt 0.55045 0.27966
vt 0.52613 0.27717
vt 0.56042 0.27367
vt 0.71854 0.23596
vt 0.72274 0.23906
vt 0.57891 0.26984
vt 0.57446 0.27032
vt 0.19937 0.26455
vt 0.21767 0.25793
vt 0.22443 0.25569
vt 0.22445 0.25576
vt 0.2246 0.25567
vt 0.2245 0.24993
vt 0.22482 0.25545
vt 0.22464 0.25571
vt 0.50759 0.83497
vt 0.50745 0.83508
vt 0.50799 0.83504
vt 0.22478 0.25562
vt 0.06605 0.67
vt 0.06582 0.67022
vt 0.06601 0.67017
vt 0.23287 0.2475
vt 0.23973 0.24669
vt 0.23935 0.25576
vt 0.22521 0.25568
vt 0.22772 0.26035
vt 0.24484 0.25446
vt 0.24393 0.25242
vt 0.24751 0.24714
vt 0.25486 0.2455
vt 0.92063 0.31119
vt 0.91025 0.31179
vt 0.9064 0.30775
vt 0.25214 0.24359
vt 0.26202 0.2388
vt 0.91345 0.30467
vt 0.90525 0.3025
vt 0.75994 0.26467
vt 0.77009 0.26912
vt 0.75887 0.26551
vt 0.78197 0.26761
vt 0.78998 0.27069
vt 0.7819 0.26779
vt 0.78136 0.26743
vt 0.80391 0.26907
vt 0.80959 0.27514
vt 0.78145 0.26734
vt 0.77209 0.25849
vt 0.56007 0.28179
vt 0.73615 0.24944
vt 0.7498 0.25605
vt 0.73072 0.25318
vt 0.57221 0.27641
vt 0.57614 0.27826
vt 0.57131 0.28406
vt 0.57059 0.28433
vt 0.7554 0.2554
vt 0.738 0.24676
vt 0.72626 0.24478
vt 0.71965 0.24239
vt 0.7242 0.24545
vt 0.73552 0.25571
vt 0.72907 0.2532
vt 0.72793 0.25255
vt 0.72755 0.25272
vt 0.9063 0.3132
vt 0.92079 0.31679
vt 0.89766 0.30972
vt 0.89318 0.30515
vt 0.88265 0.30507
vt 0.89583 0.3112
vt 0.89473 0.30342
vt 0.86732 0.29693
vt 0.86467 0.30095
vt 0.88016 0.3069
vt 0.85447 0.29778
vt 0.86255 0.29622
vt 0.86344 0.29536
vt 0.85645 0.2938
vt 0.83748 0.29067
vt 0.83468 0.28806
vt 0.82795 0.2876
vt 0.83417 0.29271
vt 0.86382 0.29489
vt 0.86644 0.29596
vt 0.85948 0.2937
vt 0.83712 0.2855
vt 0.81596 0.28076
vt 0.81022 0.28351
vt 0.82281 0.28892
vt 0.79796 0.27935
vt 0.81321 0.28003
vt 0.81363 0.27975
vt 0.78643 0.2746
vt 0.78422 0.2754
vt 0.81218 0.27939
vt 0.81539 0.28013
vt 0.81382 0.27957
vt 0.81268 0.27933
vt 0.1596 0.59401
vt 0.14136 0.5976
vt 0.1394 0.59792
vt 0.14242 0.59835
vt 0.14504 0.59826
vt 0.13525 0.59641
vt 0.1585 0.59368
vt 0.13025 0.5892
vt 0.1246 0.58944
vt 0.08829 0.58838
vt 0.08688 0.58874
vt 0.08966 0.58941
vt 0.09531 0.58943
vt 0.08514 0.58793
vt 0.10134 0.58415
vt 0.10632 0.58631
vt 0.0813 0.5834
vt 0.22925 0.62285
vt 0.22872 0.62313
vt 0.23129 0.62359
vt 0.23646 0.62259
vt 0.24932 0.61994
vt 0.21014 0.61402
vt 0.21881 0.61437
vt 0.21161 0.61205
vt 0.16774 0.6118
vt 0.17569 0.60811
vt 0.17146 0.60738
vt 0.18029 0.60814
vt 0.18171 0.60985
vt 0.17432 0.60676
vt 0.21656 0.60705
vt 0.22127 0.61354
vt 0.17583 0.6022
vt 0.19118 0.60551
vt 0.22538 0.62219
vt 0.19977 0.6163
vt 0.23837 0.61865
vt 0.2478 0.62113
vt 0.1671 0.6121
vt 0.16761 0.61219
vt 0.14267 0.60444
vt 0.11568 0.59782
vt 0.13342 0.60276
vt 0.10487 0.596
vt 0.11255 0.59343
vt 0.11344 0.60147
vt 0.11311 0.59144
vt 0.16618 0.61185
vt 0.10755 0.60053
vt 0.08914 0.59529
vt 0.06549 0.58796
vt 0.0578 0.58779
vt 0.06114 0.58879
vt 0.08342 0.59445
vt 0.07795 0.59473
vt 0.05122 0.57933
vt 0.05504 0.58178
vt 0.0567 0.5871
vt 0.0573 0.58802
vt 0.42559 0.27118
vt 0.40238 0.2696
vt 0.40544 0.26415
vt 0.05676 0.58767
vt 0.04739 0.5809
vt 0.4061 0.26334
vt 0.41504 0.25902
vt 0.42508 0.26162
vt 0.4137 0.25669
vt 0.44218 0.26606
vt 0.4502 0.2697
vt 0.42654 0.27112
vt 0.43201 0.26422
vt 0.42578 0.27113
vt 0.40593 0.26391
vt 0.4549 0.26841
vt 0.43669 0.26314
vt 0.46006 0.26348
vt 0.25162 0.63241
vt 0.25747 0.62858
vt 0.26529 0.62889
vt 0.26507 0.63092
vt 0.25281 0.62366
vt 0.12107 0.29041
vt 0.12881 0.28647
vt 0.12108 0.28836
vt 0.12336 0.27951
vt 0.12466 0.28351
vt 0.25352 0.62204
vt 0.27431 0.62678
vt 0.13382 0.28269
vt 0.13654 0.29012
vt 0.13878 0.28889
vt 0.13646 0.28957
vt 0.13573 0.29026
vt 0.114 0.29706
vt 0.13821 0.2832
vt 0.15389 0.2779
vt 0.14398 0.27881
vt 0.42582 0.27126
vt 0.4259 0.2712
vt 0.43121 0.27217
vt 0.45966 0.27054
vt 0.47334 0.27361
vt 0.45368 0.27597
vt 0.45222 0.27591
vt 0.45296 0.27618
vt 0.46632 0.26895
vt 0.47956 0.27101
vt 0.47917 0.27902
vt 0.48434 0.28026
vt 0.4781 0.28086
vt 0.45743 0.2769
vt 0.48818 0.2748
vt 0.50267 0.27284
vt 0.49824 0.27674
vt 0.13829 0.28983
vt 0.15189 0.28086
vt 0.15531 0.28099
vt 0.15684 0.28572
vt 0.17013 0.27857
vt 0.15399 0.28848
vt 0.15727 0.27913
vt 0.17317 0.27583
vt 0.17698 0.28278
vt 0.17723 0.28265
vt 0.17694 0.28265
vt 0.17646 0.28288
vt 0.17899 0.27581
vt 0.19706 0.26484
vt 0.19135 0.27336
vt 0.48471 0.28225
vt 0.50728 0.28099
vt 0.51645 0.283
vt 0.50504 0.2844
vt 0.49775 0.2867
vt 0.51903 0.27787
vt 0.52579 0.2792
vt 0.52307 0.28784
vt 0.53517 0.28855
vt 0.52073 0.29006
vt 0.51305 0.28836
vt 0.53264 0.28394
vt 0.55008 0.28006
vt 0.55104 0.28084
vt 0.17719 0.28274
vt 0.20173 0.2737
vt 0.20241 0.27521
vt 0.20615 0.27317
vt 0.19487 0.28225
vt 0.20995 0.26676
vt 0.21455 0.26443
vt 0.21453 0.26549
vt 0.20718 0.27409
vt 0.19833 0.28153
vt 0.22187 0.27341
vt 0.21261 0.27118
vt 0.21801 0.26369
vt 0.21863 0.26502
vt 0.91629 0.32631
vt 0.9017 0.3195
vt 0.91012 0.31954
vt 0.22216 0.27316
vt 0.22788 0.26537
vt 0.90066 0.31701
vt 0.23871 0.25756
vt 0.23873 0.26258
vt 0.90694 0.31662
vt 0.79871 0.28539
vt 0.7963 0.28482
vt 0.79838 0.285
vt 0.79922 0.28528
vt 0.74698 0.27193
vt 0.76255 0.27817
vt 0.74566 0.27291
vt 0.76001 0.27388
vt 0.79489 0.2838
vt 0.79913 0.28504
vt 0.79812 0.2846
vt 0.76456 0.27079
vt 0.7226 0.26327
vt 0.71697 0.2602
vt 0.72258 0.26207
vt 0.5372 0.29366
vt 0.54391 0.2916
vt 0.54226 0.29403
vt 0.5484 0.28814
vt 0.54481 0.28647
vt 0.55588 0.28913
vt 0.7368 0.26166
vt 0.73533 0.26284
vt 0.72238 0.25653
vt 0.72939 0.25419
vt 0.55182 0.28709
vt 0.75605 0.27004
vt 0.76415 0.27333
vt 0.22207 0.27339
vt 0.22216 0.27332
vt 0.22295 0.27285
vt 0.91643 0.32657
vt 0.91673 0.32664
vt 0.91667 0.32667
vt 0.89274 0.32002
vt 0.88585 0.31707
vt 0.88174 0.31241
vt 0.86851 0.31167
vt 0.88387 0.31808
vt 0.25403 0.25217
vt 0.24667 0.25791
vt 0.88456 0.31105
vt 0.85533 0.30367
vt 0.8544 0.30833
vt 0.86466 0.31243
vt 0.83488 0.30214
vt 0.85237 0.30298
vt 0.85292 0.30273
vt 0.84954 0.30188
vt 0.82436 0.29762
vt 0.81956 0.29327
vt 0.80871 0.29272
vt 0.82195 0.29894
vt 0.85414 0.3022
vt 0.8567 0.30358
vt 0.8492 0.3011
vt 0.82407 0.29183
vt 0.79787 0.29017
vt 0.80519 0.29338
vt 0.77338 0.2816
vt 0.7726 0.28205
vt 0.77792 0.28348
vt 0.76883 0.27461
vt 0.76771 0.27493
vt 0.22961 0.62396
vt 0.20688 0.63065
vt 0.19749 0.62266
vt 0.18436 0.62508
vt 0.20123 0.62279
vt 0.21351 0.63088
vt 0.22598 0.62907
vt 0.16334 0.6181
vt 0.15957 0.62256
vt 0.16024 0.61742
vt 0.16208 0.61728
vt 0.19705 0.62181
vt 0.21767 0.62275
vt 0.19934 0.62151
vt 0.1672 0.61219
vt 0.13163 0.61484
vt 0.14572 0.6191
vt 0.15016 0.61637
vt 0.13173 0.61312
vt 0.12859 0.61432
vt 0.10802 0.60757
vt 0.10854 0.60799
vt 0.11256 0.60798
vt 0.13514 0.60932
vt 0.10701 0.60773
vt 0.10668 0.6133
vt 0.13743 0.60614
vt 0.15764 0.61627
vt 0.16645 0.61208
vt 0.10986 0.60214
vt 0.11937 0.60428
vt 0.10582 0.60712
vt 0.10437 0.60767
vt 0.08251 0.60106
vt 0.07632 0.60095
vt 0.08138 0.60302
vt 0.08576 0.59634
vt 0.1044 0.60153
vt 0.07474 0.59922
vt 0.38661 0.27832
vt 0.38898 0.28042
vt 0.38585 0.28063
vt 0.10654 0.61327
vt 0.08289 0.60782
vt 0.38407 0.27309
vt 0.37848 0.27406
vt 0.39751 0.2746
vt 0.40656 0.27492
vt 0.40518 0.27596
vt 0.05878 0.59372
vt 0.38717 0.27173
vt 0.10226 0.30677
vt 0.09981 0.30813
vt 0.10218 0.30783
vt 0.24216 0.63615
vt 0.24382 0.6377
vt 0.24771 0.63785
vt 0.10555 0.30603
vt 0.23191 0.63544
vt 0.11167 0.29743
vt 0.11152 0.29852
vt 0.24752 0.63251
vt 0.25291 0.63367
vt 0.1139 0.29833
vt 0.11455 0.30798
vt 0.11267 0.30972
vt 0.11746 0.30817
vt 0.11846 0.30725
vt 0.12386 0.29972
vt 0.13095 0.29844
vt 0.13658 0.29047
vt 0.13564 0.29063
vt 0.22752 0.63793
vt 0.2133 0.6324
vt 0.38904 0.28116
vt 0.39459 0.28128
vt 0.41516 0.28291
vt 0.40955 0.27789
vt 0.40818 0.28824
vt 0.40937 0.27602
vt 0.42328 0.28199
vt 0.42235 0.28432
vt 0.44578 0.28373
vt 0.4517 0.27621
vt 0.43127 0.27847
vt 0.45204 0.27884
vt 0.40939 0.28863
vt 0.43693 0.28942
vt 0.44925 0.2848
vt 0.44524 0.29086
vt 0.4505 0.28388
vt 0.45601 0.28491
vt 0.47074 0.28774
vt 0.46723 0.28857
vt 0.44931 0.28333
vt 0.45198 0.28352
vt 0.47533 0.28452
vt 0.11828 0.30824
vt 0.11919 0.3076
vt 0.13952 0.29902
vt 0.13955 0.30224
vt 0.14909 0.29709
vt 0.14397 0.29448
vt 0.1542 0.29283
vt 0.15652 0.30109
vt 0.15778 0.30042
vt 0.15653 0.30054
vt 0.15517 0.30133
vt 0.13478 0.30674
vt 0.16208 0.29285
vt 0.17698 0.28287
vt 0.17667 0.28295
vt 0.46981 0.29521
vt 0.47306 0.28873
vt 0.49228 0.29292
vt 0.47075 0.29529
vt 0.47044 0.29539
vt 0.47634 0.28807
vt 0.4954 0.29158
vt 0.49513 0.29518
vt 0.51585 0.29746
vt 0.49236 0.29999
vt 0.4714 0.29552
vt 0.49879 0.29347
vt 0.50845 0.29155
vt 0.51674 0.297
vt 0.15754 0.3009
vt 0.17187 0.29107
vt 0.18117 0.29164
vt 0.18146 0.29359
vt 0.18637 0.29088
vt 0.17369 0.30038
vt 0.19066 0.28446
vt 0.19482 0.28331
vt 0.18677 0.29219
vt 0.1945 0.28832
vt 0.19329 0.29151
vt 0.19899 0.28286
vt 0.19745 0.29195
vt 0.18768 0.29601
vt 0.20362 0.29039
vt 0.20203 0.28916
vt 0.20764 0.28325
vt 0.21691 0.28077
vt 0.89805 0.32651
vt 0.88352 0.32593
vt 0.88297 0.32225
vt 0.2215 0.27372
vt 0.89341 0.32266
vt 0.91606 0.32661
vt 0.89051 0.48308
vt 0.86129 0.48842
vt 0.88095 0.47012
vt 0.89354 0.47047
vt 0.82021 0.49344
vt 0.84117 0.49413
vt 0.82033 0.49573
vt 0.82441 0.48825
vt 0.86424 0.46967
vt 0.83883 0.30842
vt 0.84471 0.30905
vt 0.84844 0.31154
vt 0.83622 0.30624
vt 0.82606 0.30429
vt 0.80658 0.4694
vt 0.81739 0.4912
vt 0.7886 0.48666
vt 0.7857 0.2958
vt 0.78857 0.29657
vt 0.78829 0.29692
vt 0.81667 0.49445
vt 0.77458 0.49165
vt 0.7847 0.49407
vt 0.76127 0.28774
vt 0.74961 0.28497
vt 0.75404 0.28442
vt 0.7508 0.27985
vt 0.73546 0.27764
vt 0.77832 0.47124
vt 0.78186 0.29004
vt 0.79294 0.29103
vt 0.79787 0.29513
vt 0.77824 0.28525
vt 0.75232 0.27907
vt 0.76464 0.28149
vt 0.76015 0.2825
vt 0.72099 0.27477
vt 0.70955 0.2686
vt 0.71933 0.27196
vt 0.50363 0.30292
vt 0.51605 0.29784
vt 0.51122 0.30361
vt 0.51653 0.29745
vt 0.51633 0.29735
vt 0.51717 0.29755
vt 0.72937 0.27022
vt 0.72849 0.27221
vt 0.70503 0.26125
vt 0.53875 0.29507
vt 0.51863 0.29714
vt 0.51674 0.29739
vt 0.93826 0.49756
vt 0.94335 0.49197
vt 0.95345 0.50224
vt 0.9336 0.49565
vt 0.86759 0.31821
vt 0.87527 0.32464
vt 0.84976 0.31655
vt 0.93322 0.49811
vt 0.22204 0.27354
vt 0.86969 0.31749
vt 0.89556 0.49438
vt 0.90011 0.49362
vt 0.89933 0.49559
vt 0.85448 0.49345
vt 0.8544 0.49427
vt 0.85599 0.49402
vt 0.84064 0.46724
vt 0.83947 0.47178
vt 0.80839 0.29795
vt 0.82744 0.46946
vt 0.18892 0.63265
vt 0.16759 0.63489
vt 0.19694 0.63838
vt 0.20968 0.63757
vt 0.14174 0.6285
vt 0.13895 0.63033
vt 0.161 0.63407
vt 0.17779 0.63013
vt 0.15243 0.62702
vt 0.16486 0.63438
vt 0.20978 0.63309
vt 0.18374 0.62952
vt 0.15688 0.62282
vt 0.15563 0.62188
vt 0.12343 0.62245
vt 0.13744 0.62355
vt 0.12477 0.61937
vt 0.10929 0.61882
vt 0.12903 0.61547
vt 0.15006 0.62175
vt 0.10664 0.6133
vt 0.10673 0.61332
vt 0.1066 0.61336
vt 0.10663 0.61329
vt 0.1305 0.62775
vt 0.11499 0.62472
vt 0.10361 0.62029
vt 0.10315 0.62404
vt 0.09293 0.61955
vt 0.10092 0.6179
vt 0.10659 0.6133
vt 0.10646 0.6133
vt 0.08677 0.6212
vt 0.08298 0.62009
vt 0.3487 0.28985
vt 0.35324 0.28793
vt 0.35246 0.29044
vt 0.08201 0.61783
vt 0.35915 0.28376
vt 0.36791 0.28507
vt 0.38081 0.28709
vt 0.37199 0.28905
vt 0.36514 0.28223
vt 0.35007 0.27887
vt 0.36968 0.27829
vt 0.38625 0.28182
vt 0.23775 0.64133
vt 0.23941 0.64268
vt 0.24187 0.64255
vt 0.23359 0.64142
vt 0.09142 0.31674
vt 0.09363 0.31661
vt 0.09375 0.31539
vt 0.23028 0.6452
vt 0.24197 0.64376
vt 0.22712 0.64672
vt 0.21825 0.65079
vt 0.23566 0.65422
vt 0.103 0.31825
vt 0.10279 0.32178
vt 0.11064 0.31687
vt 0.08745 0.32374
vt 0.11663 0.30888
vt 0.22541 0.6455
vt 0.19528 0.6418
vt 0.20638 0.6467
vt 0.2251 0.64608
vt 0.22692 0.6461
vt 0.16472 0.63518
vt 0.16515 0.6348
vt 0.16736 0.63543
vt 0.22942 0.64665
vt 0.37006 0.29332
vt 0.38852 0.29056
vt 0.39948 0.2933
vt 0.38662 0.29438
vt 0.37908 0.29656
vt 0.40924 0.2886
vt 0.40911 0.28862
vt 0.40916 0.28869
vt 0.40143 0.29703
vt 0.41238 0.30097
vt 0.39682 0.29988
vt 0.41073 0.29456
vt 0.40926 0.28864
vt 0.40939 0.28867
vt 0.42417 0.29494
vt 0.42051 0.29836
vt 0.43588 0.29707
vt 0.43609 0.29176
vt 0.44327 0.29472
vt 0.12025 0.31746
vt 0.1115 0.32197
vt 0.12145 0.31942
vt 0.12782 0.31608
vt 0.09897 0.32617
vt 0.11589 0.32495
vt 0.12493 0.31224
vt 0.13461 0.31036
vt 0.13088 0.31863
vt 0.1432 0.31465
vt 0.13922 0.31876
vt 0.14426 0.31071
vt 0.15127 0.30949
vt 0.15655 0.30146
vt 0.15555 0.30164
vt 0.1146 0.32624
vt 0.11231 0.3265
vt 0.11762 0.32552
vt 0.4207 0.30448
vt 0.42517 0.30174
vt 0.44231 0.29957
vt 0.43924 0.30422
vt 0.46255 0.30268
vt 0.44676 0.29801
vt 0.46859 0.29553
vt 0.47008 0.29633
vt 0.46439 0.30582
vt 0.47843 0.30849
vt 0.46086 0.31017
vt 0.43077 0.30681
vt 0.4546 0.30898
vt 0.4684 0.30306
vt 0.46603 0.30198
vt 0.47288 0.30201
vt 0.4884 0.30622
vt 0.14855 0.31902
vt 0.16195 0.3114
vt 0.16195 0.31132
vt 0.16881 0.30314
vt 0.17346 0.30189
vt 0.16235 0.31113
vt 0.1781 0.2995
vt 0.17638 0.30126
vt 0.16212 0.31132
vt 0.16211 0.31137
vt 0.00333 0.72592
vt 0.00362 0.72577
vt 0.00334 0.72587
vt 0.16239 0.31122
vt 0.94722 0.52654
vt 0.94956 0.53399
vt 0.93942 0.53261
vt 0.95724 0.57002
vt 0.94521 0.55504
vt 0.97604 0.5581
vt 0.95724 0.53039
vt 0.976 0.5577
vt 0.91151 0.54136
vt 0.93308 0.55128
vt 0.90581 0.5572
vt 0.90994 0.52172
vt 0.89316 0.5384
vt 0.92263 0.52107
vt 0.96289 0.51464
vt 0.19403 0.2954
vt 0.968 0.50836
vt 0.91135 0.51802
vt 0.9225 0.50922
vt 0.9047 0.50665
vt 0.86926 0.51997
vt 0.87536 0.52783
vt 0.85932 0.52687
vt 0.87186 0.5446
vt 0.89534 0.55392
vt 0.89795 0.51936
vt 0.83228 0.53566
vt 0.85438 0.54282
vt 0.8229 0.55443
vt 0.82835 0.52414
vt 0.81421 0.53493
vt 0.81287 0.31214
vt 0.80692 0.30824
vt 0.82178 0.31304
vt 0.81564 0.30575
vt 0.84481 0.31579
vt 0.79368 0.30314
vt 0.81195 0.30517
vt 0.78969 0.30365
vt 0.73753 0.55801
vt 0.75022 0.54457
vt 0.75044 0.55578
vt 0.76926 0.55103
vt 0.7932 0.52034
vt 0.79487 0.52224
vt 0.7913 0.52185
vt 0.78695 0.5451
vt 0.81578 0.55426
vt 0.76922 0.29625
vt 0.76427 0.29526
vt 0.76334 0.2944
vt 0.75406 0.53447
vt 0.78114 0.54558
vt 0.74877 0.5348
vt 0.75192 0.53152
vt 0.76161 0.29426
vt 0.76078 0.29355
vt 0.77432 0.29536
vt 0.76257 0.29283
vt 0.7359 0.28296
vt 0.73002 0.28538
vt 0.73362 0.28029
vt 0.48648 0.30739
vt 0.48411 0.30979
vt 0.46671 0.31167
vt 0.71247 0.2772
vt 0.72448 0.28341
vt 0.72091 0.28316
vt 0.49016 0.30746
vt 0.72528 0.27937
vt 0.70858 0.2734
vt 0.74117 0.53788
vt 0.72709 0.28506
vt 0.74475 0.53246
vt 0.93748 0.50123
vt 0.85111 0.31985
vt 0.8488 0.31678
vt 0.89451 0.49754
vt 0.85592 0.49524
vt 0.8146 0.30531
vt 0.80452 0.3019
vt 0.14058 0.63259
vt 0.11474 0.6324
vt 0.11292 0.63382
vt 0.11794 0.63463
vt 0.12579 0.63497
vt 0.09704 0.62892
vt 0.12821 0.62978
vt 0.11067 0.62702
vt 0.09515 0.62778
vt 0.08226 0.62107
vt 0.0701 0.62566
vt 0.09224 0.62675
vt 0.34844 0.29098
vt 0.35534 0.29815
vt 0.22094 0.65402
vt 0.18492 0.6439
vt 0.18899 0.6495
vt 0.15291 0.63874
vt 0.17013 0.64258
vt 0.15465 0.64261
vt 0.18668 0.6493
vt 0.18959 0.6505
vt 0.18636 0.65404
vt 0.19826 0.65562
vt 0.20567 0.65562
vt 0.15743 0.64565
vt 0.14284 0.64748
vt 0.1669 0.65003
vt 0.18685 0.64977
vt 0.19042 0.65004
vt 0.18853 0.64982
vt 0.1294 0.63774
vt 0.11586 0.63676
vt 0.09023 0.63468
vt 0.09171 0.63426
vt 0.08822 0.63365
vt 0.09936 0.63645
vt 0.11789 0.64022
vt 0.09308 0.62937
vt 0.14281 0.64268
vt 0.09373 0.62811
vt 0.13528 0.64636
vt 0.11895 0.64451
vt 0.13658 0.64711
vt 0.10825 0.64192
vt 0.07796 0.63769
vt 0.10443 0.64204
vt 0.07027 0.62596
vt 0.08251 0.63365
vt 0.3556 0.29835
vt 0.37318 0.30379
vt 0.36321 0.30497
vt 0.06987 0.62577
vt 0.06978 0.6258
vt 0.17 0.82991
vt 0.17027 0.82999
vt 0.17013 0.83
vt 0.35561 0.29829
vt 0.35547 0.29831
vt 0.37776 0.30176
vt 0.37745 0.31014
vt 0.3783 0.31044
vt 0.37725 0.31048
vt 0.07345 0.63552
vt 0.0695 0.63182
vt 0.38725 0.30504
vt 0.40077 0.3039
vt 0.39705 0.30673
vt 0.23405 0.659
vt 0.13545 0.32304
vt 0.20507 0.65695
vt 0.19568 0.6569
vt 0.88017 0.63405
vt 0.88243 0.64001
vt 0.86131 0.64868
vt 0.16892 0.65355
vt 0.91526 0.64125
vt 0.88971 0.63469
vt 0.91832 0.62753
vt 0.22798 0.65899
vt 0.23456 0.65963
vt 0.23116 0.66
vt 0.91202 0.61493
vt 0.92792 0.61535
vt 0.94414 0.60935
vt 0.93331 0.62098
vt 0.88684 0.62756
vt 0.86739 0.61858
vt 0.89634 0.60836
vt 0.91581 0.6012
vt 0.95581 0.62286
vt 0.94323 0.59692
vt 0.95832 0.59759
vt 0.11605 0.32667
vt 0.15083 0.65022
vt 0.8421 0.65247
vt 0.84496 0.65839
vt 0.13468 0.6482
vt 0.77639 0.64808
vt 0.78841 0.6329
vt 0.80253 0.65319
vt 0.81444 0.63604
vt 0.8594 0.61169
vt 0.84302 0.6105
vt 0.85903 0.60816
vt 0.85394 0.6183
vt 0.86381 0.6104
vt 0.81238 0.61503
vt 0.7809 0.61945
vt 0.77802 0.63415
vt 0.37834 0.31069
vt 0.4086 0.31308
vt 0.38908 0.31131
vt 0.40865 0.31264
vt 0.40795 0.31192
vt 0.40917 0.30679
vt 0.41094 0.31823
vt 0.39693 0.31591
vt 0.43685 0.31619
vt 0.42313 0.31915
vt 0.41099 0.31321
vt 0.40987 0.31252
vt 0.40973 0.3128
vt 0.41094 0.31272
vt 0.42226 0.30788
vt 0.42873 0.30924
vt 0.43982 0.31432
vt 0.44513 0.31536
vt 0.45572 0.31064
vt 0.45909 0.31176
vt 0.92983 0.59714
vt 0.93552 0.58994
vt 0.92696 0.59147
vt 0.92953 0.58289
vt 0.91388 0.58685
vt 0.89329 0.58832
vt 0.94842 0.58314
vt 0.96347 0.57939
vt 0.90883 0.56552
vt 0.93733 0.56286
vt 0.89759 0.57222
vt 0.89962 0.56208
vt 0.8495 0.58635
vt 0.87431 0.58239
vt 0.85476 0.56971
vt 0.82319 0.57942
vt 0.81819 0.59854
vt 0.8112 0.58016
vt 0.79771 0.58932
vt 0.82577 0.6053
vt 0.81969 0.60716
vt 0.86023 0.55552
vt 0.88423 0.56271
vt 0.82579 0.56002
vt 0.81572 0.56699
vt 0.81793 0.55861
vt 0.7959 0.57705
vt 0.77241 0.59561
vt 0.78263 0.60224
vt 0.76442 0.59415
vt 0.77166 0.58101
vt 0.77766 0.56873
vt 0.745 0.60249
vt 0.75367 0.59
vt 0.75499 0.59979
vt 0.76447 0.57466
vt 0.74333 0.57892
vt 0.78274 0.54937
vt 0.81208 0.5592
vt 0.75932 0.56235
vt 0.74669 0.56468
vt 0.4437 0.31688
vt 0.73124 0.57899
vt 0.71752 0.56482
vt 0.71826 0.55585
vt 0.10764 0.64328
vt 0.10673 0.6427
vt 0.8057 0.65868
vt 0.8096 0.65844
vt 0.8086 0.66
vt 0.1045 0.64241
vt 0.07383 0.63758
vt 0.06936 0.63881
vt 0.07816 0.6384
vt 0.06153 0.63517
vt 0.83405 0.64184
vt 0.84267 0.63803
vt 0.83554 0.63622
vt 0.82268 0.60876
vt 0.82255 0.61138
vt 0.81925 0.60915
vt 0.08157 0.64016
vt 0.75457 0.64563
vt 0.75064 0.62576
vt 0.3851 0.31569
vt 0.74863 0.63266
vt 0.75505 0.62053
vt 0.76876 0.60379
vt 0.78107 0.60715
vt 0.7508 0.62108
vt 0.75338 0.6066
vt 0.75786 0.60306
vt 0.41857 0.32027
vt 0.40644 0.31996
vt 0.42421 0.32052
vt 0.08686 0.34263
vt 0.48145 0.00678
vt 0.35391 0.47001
vt 0.62995 0.8351
vt 0.62997 0.83497
vt 0.66195 0.84352
vt 0.52795 0.0153
vt 0.3475 0.54817
vt 0.14655 0.03484
vt 0.8169 0.02599
vt 0.40543 0.57421
vt 0.19459 0.02356
vt 0.20189 0.03091
vt 0.8919 0.06488
vt 0.40565 0.61723
vt 0.62605 0.03686
vt 0.63661 0.03765
vt 0.81896 0.04012
vt 0.43172 0.64958
vt 0.63758 0.03769
vt 0.25379 0.01274
vt 0.25018 0.01573
vt 0.24584 0.01187
vt 0.78028 0.34764
vt 0.65782 0.04185
vt 0.24809 0.00976
vt 0.85137 0.05082
vt 0.26376 0.00667
vt 0.01588 0.84107
vt 0.0145 0.83852
vt 0.06058 0.06746
vt 0.07854 0.05601
vt 0.21247 0.36532
vt 0.50624 0.41363
vt 0.28585 0.67259
vt 0.2704 0.67
vt 0.27042 0.67
vt 0.54254 0.03988
vt 0.35931 0.84297
vt 0.33913 0.86841
vt 0.33667 0.87067
vt 0.56546 0.04033
vt 0.79663 0.02863
vt 0.9081 0.44016
vt 0.84125 0.37997
vt 0.59987 0.04782
vt 0.73785 0.42304
vt 0.03961 0.08387
vt 0.27564 0.40148
vt 0.04031 0.08328
vt 0.11415 0.85816
vt 0.15402 0.86117
vt 0.15209 0.86032
vt 0.39252 0.03315
vt 0.14549 0.37785
vt 0.79954 0.51273
vt 0.77657 0.51723
vt 0.77328 0.50682
vt 0.36442 0.89371
vt 0.36668 0.84371
vt 0.74562 0.50347
vt 0.54113 0.04018
vt 0.38891 0.83667
vt 0.03748 0.09354
vt 0.03664 0.10692
vt 0.11097 0.08775
vt 0.95399 0.10295
vt 0.11623 0.08264
vt 0.49017 0.05578
vt 0.38635 0.94206
vt 0.85607 0.51772
vt 0.85495 0.51832
vt 0.46464 0.89704
vt 0.46423 0.88191
vt 0.86238 0.5173
vt 0.88965 0.50996
vt 0.2807 0.42764
vt 0.03722 0.11174
vt 0.12419 0.87544
vt 0.14135 0.88022
vt 0.18043 0.40857
vt 0.38585 0.05267
vt 0.20051 0.69168
vt 0.22378 0.6919
vt 0.22381 0.69192
vt 0.38929 0.04581
vt 0.22382 0.69189
vt 0.20395 0.68782
vt 0.17927 0.41404
vt 0.8426 0.07806
vt 0.47386 0.06896
vt 0.11151 0.09135
vt 0.47341 0.07013
vt 0.46765 0.07955
vt 0.11891 0.11893
vt 0.96418 0.14475
vt 0.12171 0.12615
vt 0.1797 0.44865
vt 0.3661 0.09516
vt 0.0343 0.1675
vt 0.95211 0.17172
vt 0.13076 0.13872
vt 0.94357 0.17278
vt 0.16787 0.45431
vt 0.36111 0.10982
vt 0.38976 0.12373
vt 0.0468 0.16843
vt 0.04753 0.16926
vt 0.27887 0.48817
vt 0.81701 0.14012
vt 0.94176 0.17818
vt 0.93432 0.18526
vt 0.41177 0.6832
vt 0.41855 0.68128
vt 0.42812 0.68907
vt 0.40498 0.67871
vt 0.27268 0.49909
vt 0.53639 0.15365
vt 0.92834 0.19768
vt 0.21545 0.14365
vt 0.56772 0.1653
vt 0.56477 0.16979
vt 0.75279 0.83505
vt 0.75245 0.83497
vt 0.77153 0.83725
vt 0.37547 0.68095
vt 0.33667 0.67024
vt 0.37549 0.68094
vt 0.25628 0.51816
vt 0.08237 0.19128
vt 0.12528 0.93321
vt 0.10376 0.93246
vt 0.12532 0.93323
vt 0.12721 0.49353
vt 0.25004 0.52437
vt 0.7667 0.16815
vt 0.92932 0.22455
vt 0.13764 0.50239
vt 0.15379 0.51655
vt 0.12697 0.51196
vt 0.44832 0.18188
vt 0.47197 0.96092
vt 0.21949 0.5353
vt 0.25616 0.53885
vt 0.40674 0.95797
vt 0.48383 0.18627
vt 0.27506 0.55047
vt 0.2779 0.17147
vt 0.1655 0.19784
vt 0.11644 0.95595
vt 0.08646 0.51859
vt 0.48497 0.19603
vt 0.26947 0.19299
vt 0.39244 0.73702
vt 0.41771 0.74124
vt 0.42034 0.74495
vt 0.26256 0.57658
vt 0.2715 0.56975
vt 0.72685 0.19678
vt 0.71812 0.1998
vt 0.73628 0.19788
vt 0.59734 0.23221
vt 0.93674 0.27752
vt 0.26311 0.20505
vt 0.0747 0.5499
vt 0.7135 0.21278
vt 0.06716 0.56075
vt 0.12413 0.25909
vt 0.26486 0.60175
vt 0.5798 0.26793
vt 0.06526 0.57236
vt 0.28158 0.61002
vt 0.28875 0.62013
vt 0.12372 0.27397
vt 0.57789 0.27231
vt 0.06586 0.67026
vt 0.06567 0.6703
vt 0.05577 0.67898
vt 0.25706 0.24851
vt 0.25567 0.63354
vt 0.11675 0.29088
vt 0.2746 0.63129
vt 0.71628 0.25763
vt 0.71136 0.25128
vt 0.95932 0.48136
vt 0.96893 0.50153
vt 0.70546 0.26091
vt 0.87454 0.32507
vt 0.84404 0.31279
vt 0.0324 0.99542
vt 0.05469 0.99667
vt 0.03234 0.99541
vt 0.08281 0.61363
vt 0.07955 0.6113
vt 0.08624 0.32462
vt 0.88755 0.835
vt 0.87495 0.84477
vt 0.8877 0.83497
vt 0.18399 0.30218
vt 0.84976 0.51905
vt 0.84383 0.3202
vt 0.78984 0.52032
vt 0.73112 0.28657
vt 0.47943 0.31294
vt 0.92632 0.63995
vt 0.9047 0.64979
vt 0.8817 0.65766
vt 0.12855 0.32659
vt 0.13829 0.3247
vt 0.8235 0.65942
vt 0.77309 0.65642
vt 0.05977 0.63502
vt 0.06359 0.64021
vt 0.74964 0.61609
vt 0.40245 0.3195
usemtl mat0
f 1/1/1 2/2/2 3/3/3
f 1/1/1 3/3/3 4/4/4
f 5/5/5 6/6/6 7/7/7
f 7/7/7 6/6/6 8/8/8
f 9/9/9 2/2/2 1/1/1
f 8/8/8 10/10/10 7/7/7
f 11/11/11 12/12/12 13/13/13
f 14/14/14 15/15/15 16/16/16
f 17/17/17 18/18/18 19/19/19
f 12/12/12 11/11/11 20/20/20
f 14/14/14 17/17/17 15/15/15
f 21/21/21 15/15/15 17/17/17
f 22/22/22 19/19/19 23/23/23
f 24/24/24 25/25/25 26/26/26
f 27/27/27 28/28/28 29/29/29
f 27/27/27 29/29/29 30/30/30
f 23/23/23 19/19/19 31/31/31
f 32/32/32 33/33/33 18/18/18
f 18/18/18 33/33/33 34/34/34
f 18/18/18 34/34/34 35/35/35
f 36/36/36 37/37/37 38/38/38
f 36/36/36 38/38/38 39/39/39
f 39/39/39 38/38/38 40/40/40
f 40/40/40 41/41/41 39/39/39
f 38/38/38 37/37/37 42/42/42
f 40/40/40 38/38/38 42/42/42
f 43/43/43 44/44/44 45/45/45
f 46/46/46 43/43/43 45/45/45
f 47/47/47 43/43/43 46/46/46
f 48/48/48 46/46/46 45/45/45
f 49/49/49 50/50/50 51/51/51
f 52/52/52 50/50/50 49/49/49
f 50/50/50 53/53/53 47/47/47
f 49/49/49 51/51/51 54/54/54
f 51/51/51 55/55/55 54/54/54
f 56/56/56 57/57/57 48/48/48
f 58/58/58 56/56/56 59/59/59
f 58/58/58 60/60/60 56/56/56
f 48/48/48 57/57/57 55/55/55
f 61/61/61 62/62/62 63/63/63
f 57/57/57 64/64/64 63/63/63
f 54/54/54 55/55/55 62/62/62
f 49/49/49 65/65/65 52/52/52
f 66/66/66 52/52/52 67/67/67
f 68/68/68 67/67/67 69/69/69
f 70/70/70 71/71/71 16/16/16
f 72/72/72 71/71/71 73/73/73
f 71/71/71 70/70/70 68/68/68
f 49/49/49 54/54/54 65/65/65
f 54/54/54 74/74/74 65/65/65
f 72/72/72 73/73/73 75/75/75
f 73/73/73 76/76/76 75/75/75
f 77/77/77 78/78/78 79/79/79
f 77/77/77 79/79/79 80/80/80
f 80/80/80 74/74/74 77/77/77
f 80/80/80 79/79/79 76/76/76
f 81/81/81 82/82/82 83/83/83
f 62/62/62 74/74/74 54/54/54
f 84/84/84 85/85/85 78/78/78
f 78/78/78 85/85/85 86/86/86
f 78/78/78 86/86/86 87/87/87
f 75/75/75 76/76/76 82/82/82
f 14/14/14 72/72/72 32/32/32
f 88/88/88 89/89/89 90/90/90
f 27/27/27 91/91/91 92/92/92
f 93/93/93 91/91/91 94/94/94
f 30/30/30 91/91/91 27/27/27
f 33/33/33 95/95/95 34/34/34
f 96/96/96 33/33/33 32/32/32
f 95/95/95 33/33/33 96/96/96
f 88/88/88 95/95/95 96/96/96
f 95/95/95 97/97/97 34/34/34
f 34/34/34 97/97/97 35/35/35
f 97/97/97 95/95/95 88/88/88
f 98/98/98 94/94/94 99/99/99
f 88/88/88 100/100/100 97/97/97
f 101/101/101 102/102/102 103/103/103
f 101/101/101 103/103/103 90/90/90
f 90/90/90 89/89/89 101/101/101
f 104/104/104 105/105/105 106/106/106
f 107/107/107 108/108/108 109/109/109
f 108/108/108 103/103/103 109/109/109
f 82/82/82 89/89/89 75/75/75
f 110/110/110 111/111/111 102/102/102
f 102/102/102 111/111/111 112/112/112
f 102/102/102 112/112/112 113/113/113
f 114/114/114 115/115/115 116/116/116
f 117/117/117 114/114/114 116/116/116
f 118/118/118 117/117/117 116/116/116
f 119/119/119 120/120/120 37/37/37
f 58/58/58 42/42/42 121/121/121
f 121/121/121 120/120/120 122/122/122
f 120/120/120 123/123/123 122/122/122
f 124/124/124 125/125/125 126/126/126
f 115/115/115 127/127/127 116/116/116
f 116/116/116 127/127/127 118/118/118
f 128/128/128 129/129/129 123/123/123
f 123/123/123 129/129/129 130/130/130
f 131/131/131 130/130/130 132/132/132
f 131/131/131 133/133/133 130/130/130
f 131/131/131 134/134/134 133/133/133
f 60/60/60 135/135/135 136/136/136
f 136/136/136 64/64/64 60/60/60
f 136/136/136 137/137/137 64/64/64
f 61/61/61 63/63/63 138/138/138
f 121/121/121 122/122/122 135/135/135
f 122/122/122 139/139/139 135/135/135
f 138/138/138 137/137/137 140/140/140
f 137/137/137 141/141/141 140/140/140
f 142/142/142 143/143/143 144/144/144
f 142/142/142 144/144/144 145/145/145
f 142/142/142 139/139/139 146/146/146
f 145/145/145 139/139/139 142/142/142
f 146/146/146 143/143/143 142/142/142
f 145/145/145 144/144/144 141/141/141
f 147/147/147 144/144/144 143/143/143
f 141/141/141 144/144/144 147/147/147
f 134/134/134 146/146/146 133/133/133
f 143/143/143 148/148/148 149/149/149
f 150/150/150 151/151/151 147/147/147
f 150/150/150 152/152/152 151/151/151
f 153/153/153 154/154/153 155/155/153
f 87/87/87 156/156/154 83/83/83
f 81/81/81 83/83/83 156/156/154
f 85/85/85 157/157/155 86/86/86
f 158/158/156 85/85/85 84/84/84
f 158/158/156 140/140/140 159/159/157
f 157/157/155 85/85/85 158/158/156
f 157/157/155 160/160/158 86/86/86
f 86/86/86 160/160/158 87/87/87
f 160/160/158 161/161/159 162/162/160
f 151/151/151 159/159/157 140/140/140
f 152/152/152 163/163/161 164/164/162
f 165/165/163 159/159/157 164/164/162
f 166/166/164 165/165/163 164/164/162
f 166/166/164 167/167/165 168/168/166
f 166/166/164 161/161/159 165/165/163
f 169/169/167 162/162/160 161/161/159
f 168/168/166 170/170/168 169/169/167
f 81/81/81 156/156/154 110/110/110
f 171/171/169 172/172/170 173/173/171
f 174/174/172 104/104/104 175/175/173
f 113/113/113 176/176/174 109/109/109
f 173/173/171 177/177/175 171/171/169
f 111/111/111 178/178/176 112/112/112
f 179/179/177 111/111/111 110/110/110
f 178/178/176 111/111/111 179/179/177
f 171/171/169 178/178/176 179/179/177
f 178/178/176 180/180/178 112/112/112
f 112/112/112 180/180/178 113/113/113
f 181/181/179 182/182/179 183/183/179
f 184/184/180 185/185/181 186/186/182
f 184/184/180 186/186/182 173/173/171
f 184/184/180 172/172/170 187/187/183
f 173/173/171 172/172/170 184/184/180
f 187/187/183 185/185/181 184/184/180
f 173/173/171 186/186/182 177/177/175
f 188/188/184 189/189/185 190/190/186
f 170/170/168 187/187/183 169/169/167
f 185/185/181 191/191/187 192/192/188
f 185/185/181 192/192/188 193/193/189
f 194/194/190 177/177/175 189/189/185
f 176/176/174 195/195/191 196/196/192
f 175/175/173 197/197/193 198/198/194
f 195/195/191 199/199/195 200/200/196
f 176/176/174 194/194/190 195/195/191
f 194/194/190 199/199/195 195/195/191
f 201/201/197 198/198/194 202/202/198
f 202/202/198 203/203/199 204/204/200
f 205/205/201 206/206/202 207/207/203
f 189/189/185 199/199/195 194/194/190
f 208/208/204 209/209/205 210/210/206
f 210/210/206 209/209/205 211/211/207
f 210/210/206 211/211/207 212/212/208
f 213/213/209 214/214/210 215/215/211
f 216/216/212 213/213/209 215/215/211
f 217/217/213 216/216/212 215/215/211
f 218/218/214 219/219/215 220/220/216
f 132/132/132 220/220/216 219/219/215
f 221/221/217 131/131/131 132/132/132
f 221/221/217 134/134/134 131/131/131
f 219/219/215 222/222/218 223/223/219
f 214/214/210 224/224/220 215/215/211
f 217/217/213 224/224/220 225/225/221
f 215/215/211 224/224/220 217/217/213
f 225/225/221 226/226/222 227/227/223
f 227/227/223 226/226/222 228/228/224
f 229/229/225 230/230/226 227/227/223
f 223/223/219 222/222/218 231/231/227
f 232/232/228 233/233/229 234/234/230
f 234/234/230 235/235/231 232/232/228
f 148/148/148 236/236/232 149/149/149
f 223/223/219 237/237/233 221/221/217
f 236/236/232 148/148/148 237/237/233
f 232/232/228 236/236/232 237/237/233
f 236/236/232 238/238/234 149/149/149
f 238/238/234 236/236/232 232/232/228
f 239/239/235 238/238/234 240/240/236
f 239/239/235 152/152/152 150/150/150
f 241/241/237 242/242/238 234/234/230
f 234/234/230 233/233/229 241/241/237
f 243/243/239 244/244/240 241/241/237
f 234/234/230 242/242/238 235/235/231
f 235/235/231 242/242/238 245/245/241
f 231/231/227 233/233/229 223/223/219
f 246/246/242 245/245/241 247/247/243
f 246/246/242 248/248/244 245/245/241
f 246/246/242 249/249/245 248/248/244
f 163/163/161 250/250/246 167/167/165
f 240/240/236 251/251/247 239/239/235
f 251/251/247 240/240/236 252/252/248
f 250/250/246 163/163/161 251/251/247
f 250/250/246 253/253/249 167/167/165
f 254/254/250 253/253/249 255/255/251
f 254/254/250 170/170/168 168/168/166
f 253/253/249 256/256/252 255/255/251
f 257/257/253 258/258/254 259/259/255
f 260/260/256 261/261/257 259/259/255
f 258/258/254 260/260/256 259/259/255
f 248/248/244 252/252/248 240/240/236
f 249/249/245 262/262/258 263/263/259
f 264/264/260 252/252/248 263/263/259
f 265/265/261 264/264/260 263/263/259
f 265/265/261 256/256/252 264/264/260
f 256/256/252 265/265/261 260/260/256
f 193/193/189 266/266/262 190/190/186
f 188/188/184 190/190/186 266/266/262
f 191/191/187 267/267/263 192/192/188
f 255/255/251 268/268/264 254/254/250
f 268/268/264 255/255/251 269/269/265
f 267/267/263 191/191/187 268/268/264
f 270/270/266 271/271/267 5/5/5
f 272/272/268 266/266/262 193/193/189
f 3/3/3 2/2/2 272/272/268
f 273/273/269 274/274/270 275/275/271
f 257/257/253 276/276/272 258/258/254
f 277/277/273 278/278/274 279/279/275
f 280/280/276 281/281/277 282/282/278
f 283/283/279 276/276/272 275/275/271
f 271/271/267 284/284/280 285/285/281
f 276/276/272 283/283/279 269/269/265
f 283/283/279 275/275/271 286/286/282
f 287/287/283 271/271/267 285/285/281
f 281/281/277 287/287/283 288/288/284
f 289/289/285 281/281/277 280/280/276
f 6/6/6 289/289/285 8/8/8
f 188/188/184 266/266/262 208/208/204
f 204/204/200 206/206/202 290/290/286
f 291/291/287 292/292/288 293/293/289
f 205/205/201 294/294/290 206/206/202
f 290/290/286 295/295/291 296/296/292
f 209/209/205 297/297/293 211/211/207
f 266/266/262 272/272/268 208/208/204
f 298/298/294 292/292/288 291/291/287
f 297/297/293 299/299/295 211/211/207
f 300/300/296 301/301/297 205/205/201
f 302/302/298 303/303/299 291/291/287
f 301/301/297 294/294/290 205/205/201
f 291/291/287 304/304/300 302/302/298
f 305/305/301 277/277/273 279/279/275
f 293/293/289 305/305/301 306/306/302
f 277/277/273 292/292/288 280/280/276
f 306/306/302 307/307/303 293/293/289
f 295/295/291 308/308/304 296/296/292
f 10/10/10 8/8/8 298/298/294
f 298/298/294 8/8/8 289/289/285
f 309/309/305 310/310/306 228/228/224
f 311/311/307 228/228/224 310/310/306
f 311/311/307 310/310/306 312/312/308
f 313/313/309 314/314/310 315/315/311
f 316/316/312 317/317/313 318/318/314
f 313/313/309 319/319/315 314/314/310
f 247/247/243 320/320/316 321/321/317
f 322/322/318 246/246/242 247/247/243
f 322/322/318 249/249/245 246/246/242
f 319/319/315 323/323/319 324/324/320
f 325/325/321 326/326/322 318/318/314
f 327/327/323 328/328/324 329/329/325
f 318/318/314 326/326/322 316/316/312
f 329/329/325 330/330/326 331/331/327
f 332/332/328 333/333/329 334/334/330
f 332/332/328 335/335/331 333/333/329
f 324/324/320 323/323/319 336/336/332
f 261/261/257 337/337/333 259/259/255
f 257/257/253 259/259/255 337/337/333
f 262/262/258 338/338/334 339/339/335
f 340/340/336 341/341/337 322/322/318
f 341/341/337 340/340/336 342/342/338
f 338/338/334 262/262/258 341/341/337
f 338/338/334 343/343/339 339/339/335
f 339/339/335 343/343/339 261/261/257
f 343/343/339 344/344/340 345/345/341
f 346/346/342 334/334/330 347/347/343
f 346/346/342 348/348/344 349/349/345
f 346/346/342 349/349/345 334/334/330
f 350/350/346 351/351/347 352/352/348
f 352/352/348 353/353/349 354/354/350
f 355/355/351 350/350/346 352/352/348
f 356/356/352 342/342/338 357/357/353
f 350/350/346 355/355/351 358/358/354
f 355/355/351 352/352/348 359/359/355
f 360/360/356 356/356/352 357/357/353
f 360/360/356 344/344/340 356/356/352
f 361/361/357 345/345/341 344/344/340
f 362/362/358 363/363/359 361/361/357
f 273/273/269 364/364/360 365/365/361
f 365/365/361 274/274/270 273/273/269
f 365/365/361 364/364/360 366/366/362
f 367/367/363 368/368/364 369/369/365
f 274/274/270 370/370/366 371/371/367
f 282/282/278 372/372/368 278/278/274
f 337/337/333 345/345/341 364/364/360
f 366/366/362 373/373/369 374/374/370
f 374/374/370 375/375/371 366/366/362
f 366/366/362 375/375/371 376/376/372
f 377/377/373 378/378/374 379/379/375
f 380/380/376 381/381/377 382/382/378
f 380/380/376 382/382/378 383/383/379
f 384/384/380 385/385/381 383/383/379
f 361/361/357 373/373/369 345/345/341
f 363/363/359 386/386/382 387/387/383
f 374/374/370 373/373/369 387/387/383
f 388/388/384 374/374/370 387/387/383
f 388/388/384 375/375/371 374/374/370
f 375/375/371 388/388/384 389/389/385
f 389/389/385 376/376/372 375/375/371
f 390/390/386 391/391/387 348/348/344
f 392/392/388 393/393/389 394/394/390
f 354/354/350 353/353/349 395/395/391
f 396/396/392 397/397/393 395/395/391
f 398/398/394 399/399/395 354/354/350
f 400/400/396 363/363/359 362/362/358
f 401/401/397 402/402/398 403/403/399
f 396/396/392 404/404/400 397/397/393
f 404/404/400 396/396/392 405/405/401
f 405/405/401 406/406/402 404/404/400
f 407/407/403 404/404/400 406/406/402
f 407/407/403 397/397/393 404/404/400
f 403/403/399 402/402/398 408/408/404
f 409/409/405 410/410/406 411/411/407
f 409/409/405 412/412/408 410/410/406
f 413/413/409 414/414/410 415/415/411
f 410/410/406 416/416/412 417/417/413
f 383/383/379 418/418/414 380/380/376
f 412/412/408 415/415/411 414/414/410
f 386/386/382 419/419/415 420/420/416
f 403/403/399 421/421/417 422/422/418
f 419/419/415 386/386/382 423/423/419
f 417/417/413 424/424/420 425/425/421
f 424/424/420 426/426/422 427/427/423
f 428/428/424 429/429/424 385/385/381
f 426/426/422 424/424/420 417/417/413
f 426/426/422 416/416/412 430/430/425
f 417/417/413 416/416/412 426/426/422
f 411/411/407 406/406/402 405/405/401
f 406/406/402 431/431/426 407/407/403
f 411/411/407 431/431/426 406/406/402
f 408/408/404 432/432/427 403/403/399
f 433/433/428 434/434/429 435/435/430
f 433/433/428 435/435/430 436/436/431
f 437/437/432 434/434/429 433/433/428
f 436/436/431 438/438/433 433/433/428
f 433/433/428 438/438/433 439/439/434
f 433/433/428 439/439/434 437/437/432
f 440/440/435 441/441/436 442/442/437
f 440/440/435 442/442/437 443/443/438
f 444/444/439 441/441/436 440/440/435
f 443/443/438 445/445/440 440/440/435
f 440/440/435 445/445/440 446/446/441
f 440/440/435 446/446/441 444/444/439
f 447/447/442 448/448/442 449/449/442
f 450/450/443 451/451/444 452/452/445
f 450/450/443 452/452/445 453/453/446
f 454/454/447 451/451/444 450/450/443
f 455/455/448 12/12/12 20/20/20
f 456/456/449 12/12/12 455/455/448
f 457/457/450 458/458/451 459/459/451
f 460/460/452 26/26/26 25/25/25
f 461/461/453 460/460/452 25/25/25
f 462/462/454 28/28/28 27/27/27
f 463/463/455 464/464/456 465/465/457
f 466/466/458 464/464/456 463/463/455
f 465/465/457 467/467/459 463/463/455
f 468/468/460 464/464/456 466/466/458
f 469/469/461 470/470/462 471/471/463
f 470/470/462 472/472/464 471/471/463
f 473/473/465 474/474/466 475/475/467
f 476/476/468 477/477/469 478/478/470
f 465/465/457 479/479/471 475/475/467
f 480/480/472 474/474/466 481/481/473
f 467/467/459 474/474/466 480/480/472
f 478/478/470 482/482/474 476/476/468
f 483/483/475 36/36/36 39/39/39
f 484/484/476 485/485/477 483/483/475
f 483/483/475 39/39/39 41/41/41
f 41/41/41 486/486/478 487/487/479
f 488/488/480 468/468/460 489/489/481
f 489/489/481 468/468/460 435/435/430
f 434/434/429 490/490/482 491/491/483
f 492/492/484 490/490/482 493/493/485
f 490/490/482 494/494/486 491/491/483
f 495/495/487 438/438/433 436/436/431
f 496/496/488 471/471/463 497/497/489
f 495/495/487 498/498/490 499/499/491
f 47/47/47 53/53/53 500/500/492
f 501/501/493 493/493/485 437/437/432
f 502/502/494 503/503/495 501/501/493
f 487/487/479 497/497/489 471/471/463
f 497/497/489 486/486/478 44/44/44
f 487/487/479 486/486/478 497/497/489
f 504/504/496 492/492/484 505/505/497
f 505/505/497 492/492/484 442/442/437
f 506/506/498 507/507/499 508/508/500
f 441/441/436 507/507/499 509/509/501
f 508/508/500 507/507/499 510/510/502
f 493/493/485 501/501/493 443/443/438
f 445/445/440 503/503/495 511/511/503
f 512/512/504 513/513/505 446/446/441
f 514/514/506 510/510/502 444/444/439
f 515/515/507 516/516/508 517/517/509
f 518/518/510 516/516/508 515/515/507
f 506/506/498 508/508/500 519/519/511
f 520/520/512 521/521/513 522/522/514
f 523/523/515 524/524/516 519/519/511
f 522/522/514 521/521/513 525/525/517
f 526/526/518 525/525/517 521/521/513
f 514/514/506 456/456/449 453/453/446
f 510/510/502 514/514/506 453/453/446
f 527/527/519 528/528/520 92/92/92
f 527/527/519 529/529/521 528/528/520
f 528/528/520 525/525/517 526/526/518
f 27/27/27 92/92/92 462/462/454
f 530/530/522 531/531/523 532/532/524
f 533/533/525 534/534/526 535/535/527
f 536/536/528 530/530/522 535/535/527
f 537/537/529 530/530/522 536/536/528
f 537/537/529 538/538/530 539/539/531
f 105/105/105 529/529/521 527/527/519
f 537/537/529 536/536/528 529/529/521
f 538/538/530 105/105/105 104/104/104
f 540/540/532 541/541/533 542/542/534
f 543/543/535 540/540/532 542/542/534
f 477/477/469 544/544/536 478/478/470
f 545/545/537 546/546/538 547/547/539
f 545/545/537 477/477/469 548/548/540
f 547/547/539 549/549/541 544/544/536
f 114/114/114 550/550/542 482/482/474
f 551/551/543 482/482/474 478/478/470
f 544/544/536 551/551/543 478/478/470
f 551/551/543 552/552/544 115/115/115
f 540/540/532 549/549/541 547/547/539
f 553/553/545 543/543/535 554/554/546
f 552/552/544 549/549/541 553/553/545
f 553/553/545 555/555/547 552/552/544
f 556/556/548 124/124/124 555/555/547
f 555/555/547 124/124/124 127/127/127
f 557/557/549 558/558/550 559/559/551
f 558/558/550 560/560/552 559/559/551
f 560/560/552 561/561/553 559/559/551
f 560/560/552 531/531/523 562/562/554
f 539/539/531 562/562/554 531/531/523
f 538/538/530 563/563/555 539/539/531
f 562/562/554 564/564/556 565/565/557
f 566/566/558 567/567/559 568/568/560
f 557/557/549 559/559/551 569/569/561
f 569/569/561 559/559/551 561/561/553
f 565/565/557 566/566/558 561/561/553
f 570/570/562 571/571/563 572/572/564
f 572/572/564 567/567/559 566/566/558
f 570/570/562 565/565/557 564/564/556
f 563/563/555 174/174/172 573/573/565
f 563/563/555 573/573/565 564/564/556
f 564/564/556 573/573/565 574/574/566
f 174/174/172 201/201/197 573/573/565
f 201/201/197 574/574/566 573/573/565
f 575/575/567 571/571/563 570/570/562
f 571/571/563 575/575/567 576/576/568
f 575/575/567 574/574/566 577/577/569
f 577/577/569 204/204/200 578/578/570
f 202/202/198 204/204/200 577/577/569
f 579/579/571 580/580/572 542/542/534
f 543/543/535 542/542/534 580/580/572
f 581/581/573 582/582/574 580/580/572
f 583/583/575 584/584/576 585/585/577
f 213/213/209 124/124/124 556/556/548
f 586/586/578 556/556/548 554/554/546
f 582/582/574 586/586/578 554/554/546
f 586/586/578 582/582/574 585/585/577
f 585/585/577 587/587/579 588/588/580
f 584/584/576 587/587/579 585/585/577
f 589/589/581 590/590/582 581/581/573
f 583/583/575 590/590/582 591/591/583
f 581/581/573 590/590/582 583/583/575
f 591/591/583 592/592/584 593/593/585
f 593/593/585 592/592/584 594/594/586
f 595/595/587 593/593/585 594/594/586
f 596/596/588 595/595/587 597/597/589
f 214/214/210 588/588/580 224/224/220
f 588/588/580 225/225/221 224/224/220
f 598/598/590 596/596/588 597/597/589
f 587/587/579 584/584/576 596/596/588
f 226/226/222 598/598/590 228/228/224
f 599/599/591 600/600/592 601/601/593
f 602/602/594 600/600/592 599/599/591
f 568/568/560 567/567/559 603/603/595
f 604/604/596 605/605/597 606/606/598
f 572/572/564 571/571/563 607/607/599
f 608/608/600 606/606/598 609/609/601
f 610/610/602 611/611/603 607/607/599
f 604/604/596 612/612/604 605/605/597
f 613/613/605 599/599/591 601/601/593
f 602/602/594 599/599/591 614/614/606
f 613/613/605 614/614/606 599/599/591
f 614/614/606 615/615/607 602/602/594
f 606/606/598 616/616/608 609/609/601
f 617/617/609 618/618/610 605/605/597
f 619/619/611 620/620/612 621/621/613
f 622/622/614 623/623/615 617/617/609
f 607/607/599 571/571/563 576/576/568
f 576/576/568 578/578/570 624/624/616
f 610/610/602 624/624/616 625/625/617
f 578/578/570 626/626/618 624/624/616
f 626/626/618 290/290/286 296/296/292
f 626/626/618 296/296/292 627/627/619
f 628/628/620 622/622/614 612/612/604
f 629/629/621 279/279/275 630/630/622
f 631/631/623 306/306/302 305/305/301
f 308/308/304 627/627/619 296/296/292
f 632/632/624 633/633/625 594/594/586
f 634/634/626 597/597/589 595/595/587
f 635/635/627 598/598/590 597/597/589
f 635/635/627 597/597/589 634/634/626
f 636/636/628 637/637/629 638/638/630
f 639/639/631 636/636/628 640/640/632
f 639/639/631 641/641/633 642/642/634
f 643/643/635 644/644/636 645/645/637
f 646/646/638 647/647/639 648/648/640
f 643/643/635 649/649/641 650/650/642
f 635/635/627 651/651/643 309/309/305
f 651/651/643 652/652/644 653/653/645
f 651/651/643 325/325/321 309/309/305
f 644/644/636 654/654/646 655/655/647
f 656/656/648 654/654/646 644/644/636
f 650/650/642 657/657/649 656/656/648
f 657/657/649 650/650/642 647/647/639
f 647/647/639 658/658/650 657/657/649
f 659/659/651 657/657/649 658/658/650
f 659/659/651 656/656/648 657/657/649
f 325/325/321 660/660/652 326/326/322
f 655/655/647 661/661/653 662/662/654
f 663/663/655 664/664/656 654/654/646
f 664/664/656 663/663/655 665/665/657
f 666/666/658 647/647/639 646/646/638
f 602/602/594 667/667/659 600/600/592
f 668/668/660 669/669/661 670/670/662
f 671/671/663 672/672/664 673/673/665
f 674/674/666 672/672/664 658/658/650
f 675/675/667 672/672/664 671/671/663
f 676/676/668 673/673/665 677/677/669
f 670/670/662 678/678/670 676/676/668
f 679/679/671 673/673/665 676/676/668
f 663/663/655 659/659/651 675/675/667
f 680/680/672 675/675/667 671/671/663
f 346/346/342 347/347/343 681/681/673
f 681/681/673 348/348/344 346/346/342
f 682/682/674 683/683/675 671/671/663
f 602/602/594 615/615/607 667/667/659
f 670/670/662 667/667/659 684/684/676
f 615/615/607 685/685/677 686/686/678
f 686/686/678 687/687/679 684/684/676
f 688/688/680 689/689/681 690/690/682
f 621/621/613 690/690/682 689/689/681
f 691/691/683 692/692/684 369/369/365
f 691/691/683 693/693/685 692/692/684
f 692/692/684 690/690/682 621/621/613
f 367/367/363 369/369/365 620/620/612
f 694/694/686 695/695/687 696/696/688
f 684/684/676 678/678/670 670/670/662
f 687/687/679 696/696/688 695/695/687
f 697/697/689 678/678/670 695/695/687
f 698/698/690 696/696/688 687/687/679
f 696/696/688 699/699/691 694/694/686
f 699/699/691 696/696/688 698/698/690
f 694/694/686 700/700/692 701/701/693
f 694/694/686 702/702/694 700/700/692
f 381/381/377 693/693/685 691/691/683
f 703/703/695 704/704/696 693/693/685
f 705/705/697 381/381/377 380/380/376
f 706/706/698 682/682/674 679/679/671
f 679/679/671 697/697/689 706/706/698
f 390/390/386 348/348/344 707/707/699
f 390/390/386 707/707/699 708/708/700
f 709/709/701 682/682/674 706/706/698
f 394/394/390 709/709/701 392/392/388
f 706/706/698 697/697/689 701/701/693
f 709/709/701 706/706/698 701/701/693
f 700/700/692 710/710/702 392/392/388
f 711/711/703 702/702/694 712/712/704
f 713/713/705 712/712/704 702/702/694
f 380/380/376 714/714/706 705/705/697
f 715/715/707 716/716/708 717/717/709
f 715/715/707 717/717/709 718/718/710
f 719/719/711 716/716/708 715/715/707
f 718/718/710 720/720/712 715/715/707
f 715/715/707 720/720/712 721/721/713
f 715/715/707 721/721/713 719/719/711
f 722/722/714 723/723/715 724/724/716
f 725/725/717 723/723/715 726/726/718
f 727/727/719 723/723/715 725/725/717
f 726/726/718 728/728/720 725/725/717
f 724/724/716 723/723/715 727/727/719
f 726/726/718 723/723/715 722/722/714
f 729/729/721 730/730/722 479/479/471
f 731/731/723 730/730/722 729/729/721
f 730/730/722 732/732/724 479/479/471
f 729/729/721 488/488/480 731/731/723
f 733/733/725 734/734/726 735/735/727
f 736/736/728 737/737/729 738/738/730
f 739/739/731 740/740/732 722/722/714
f 741/741/733 734/734/726 742/742/734
f 728/728/720 734/734/726 741/741/733
f 738/738/730 743/743/735 736/736/728
f 744/744/736 473/473/465 475/475/467
f 741/741/733 742/742/734 744/744/736
f 741/741/733 744/744/736 732/732/724
f 732/732/724 728/728/720 741/741/733
f 745/745/737 724/724/716 717/717/709
f 746/746/738 747/747/739 748/748/740
f 716/716/708 747/747/739 749/749/741
f 748/748/740 747/747/739 750/750/742
f 727/727/719 731/731/723 718/718/710
f 720/720/712 488/488/480 489/489/481
f 491/491/483 494/494/486 721/721/713
f 751/751/743 750/750/742 719/719/711
f 494/494/486 504/504/496 751/751/743
f 752/752/744 739/739/731 722/722/714
f 746/746/738 753/753/745 754/754/746
f 755/755/747 753/753/745 746/746/738
f 750/750/742 756/756/748 748/748/740
f 746/746/738 748/748/740 757/757/749
f 748/748/740 756/756/748 757/757/749
f 758/758/750 759/759/751 760/760/752
f 761/761/753 505/505/497 509/509/501
f 751/751/743 504/504/496 762/762/754
f 762/762/754 763/763/755 756/756/748
f 761/761/753 763/763/755 762/762/754
f 761/761/753 509/509/501 764/764/756
f 758/758/750 765/765/757 759/759/751
f 766/766/758 767/767/759 768/768/760
f 769/769/761 770/770/762 760/760/752
f 759/759/751 766/766/758 760/760/752
f 771/771/763 766/766/758 759/759/751
f 771/771/763 772/772/764 773/773/765
f 516/516/508 765/765/757 517/517/509
f 771/771/763 759/759/751 765/765/757
f 774/774/766 775/775/767 776/776/768
f 774/774/766 518/518/510 533/533/525
f 776/776/768 518/518/510 774/774/766
f 774/774/766 532/532/524 775/775/767
f 533/533/525 532/532/524 774/774/766
f 777/777/769 778/778/770 779/779/771
f 780/780/772 777/777/769 779/779/771
f 541/541/533 781/781/773 542/542/534
f 737/737/729 782/782/774 738/738/730
f 783/783/775 784/784/776 785/785/777
f 783/783/775 737/737/729 786/786/778
f 785/785/777 787/787/779 782/782/774
f 545/545/537 548/548/540 743/743/735
f 788/788/780 743/743/735 738/738/730
f 782/782/774 788/788/780 738/738/730
f 788/788/780 789/789/781 546/546/538
f 777/777/769 787/787/779 785/785/777
f 790/790/782 780/780/772 791/791/783
f 789/789/781 787/787/779 790/790/782
f 790/790/782 791/791/783 781/781/773
f 789/789/781 541/541/533 546/546/538
f 768/768/760 767/767/759 792/792/784
f 773/773/765 793/793/785 767/767/759
f 793/793/785 794/794/786 795/795/787
f 792/792/784 795/795/787 796/796/788
f 772/772/764 797/797/789 773/773/765
f 772/772/764 776/776/768 797/797/789
f 793/793/785 798/798/790 794/794/786
f 795/795/787 794/794/786 799/799/791
f 800/800/792 801/801/793 799/799/791
f 802/802/794 799/799/791 794/794/786
f 802/802/794 794/794/786 798/798/790
f 775/775/767 532/532/524 558/558/550
f 797/797/789 803/803/795 798/798/790
f 798/798/790 803/803/795 804/804/796
f 557/557/549 804/804/796 803/803/795
f 805/805/797 806/806/798 802/802/794
f 806/806/798 805/805/797 807/807/799
f 805/805/797 804/804/796 808/808/800
f 808/808/800 568/568/560 809/809/801
f 569/569/561 568/568/560 808/808/800
f 810/810/802 811/811/803 779/779/771
f 780/780/772 779/779/771 811/811/803
f 542/542/534 781/781/773 579/579/571
f 812/812/804 813/813/805 811/811/803
f 814/814/806 815/815/807 816/816/808
f 813/813/805 817/817/809 791/791/783
f 817/817/809 813/813/805 816/816/808
f 817/817/809 589/589/581 579/579/571
f 816/816/808 818/818/810 819/819/811
f 815/815/807 818/818/810 816/816/808
f 820/820/812 821/821/813 812/812/804
f 814/814/806 821/821/813 822/822/814
f 812/812/804 821/821/813 814/814/806
f 822/822/814 823/823/815 824/824/816
f 824/824/816 823/823/815 825/825/817
f 826/826/818 824/824/816 825/825/817
f 827/827/819 826/826/818 828/828/820
f 589/589/581 819/819/811 590/590/582
f 819/819/811 591/591/583 590/590/582
f 829/829/821 827/827/819 828/828/820
f 818/818/810 815/815/807 827/827/819
f 592/592/584 829/829/821 594/594/586
f 830/830/822 831/831/823 832/832/824
f 833/833/825 830/830/822 832/832/824
f 832/832/824 831/831/823 834/834/826
f 832/832/824 835/835/827 833/833/825
f 832/832/824 836/836/828 835/835/827
f 834/834/826 836/836/828 832/832/824
f 800/800/792 837/837/829 838/838/830
f 839/839/831 837/837/829 840/840/832
f 840/840/832 837/837/829 841/841/833
f 840/840/832 842/842/834 839/839/831
f 843/843/835 840/840/832 841/841/833
f 840/840/832 843/843/835 842/842/834
f 844/844/836 845/845/837 846/846/838
f 847/847/839 844/844/836 846/846/838
f 839/839/831 848/848/840 849/849/841
f 850/850/842 844/844/836 851/851/843
f 850/850/842 852/852/844 853/853/845
f 854/854/846 852/852/844 850/850/842
f 841/841/833 806/806/798 807/807/799
f 807/807/799 809/809/801 855/855/847
f 843/843/835 855/855/847 856/856/848
f 809/809/801 857/857/849 855/855/847
f 857/857/849 603/603/595 858/858/850
f 859/859/851 609/609/601 860/860/852
f 861/861/853 862/862/854 863/863/855
f 861/861/853 601/601/593 862/862/854
f 860/860/852 616/616/608 613/613/605
f 616/616/608 860/860/852 609/609/601
f 864/864/856 865/865/857 866/866/858
f 867/867/859 828/828/820 826/826/818
f 868/868/860 829/829/821 828/828/820
f 868/868/860 828/828/820 867/867/859
f 869/869/861 865/865/857 864/864/856
f 869/869/861 830/830/822 865/865/857
f 870/870/862 871/871/863 831/831/823
f 872/872/864 871/871/863 873/873/865
f 874/874/866 875/875/867 876/876/868
f 877/877/869 878/878/870 833/833/825
f 835/835/827 639/639/631 640/640/632
f 641/641/633 836/836/828 879/879/871
f 880/880/872 834/834/826 872/872/864
f 879/879/871 880/880/872 881/881/873
f 873/873/865 882/882/874 872/872/864
f 883/883/875 884/884/876 885/885/877
f 886/886/878 887/887/879 888/888/880
f 886/886/878 845/845/837 889/889/881
f 853/853/845 889/889/881 845/845/837
f 886/886/878 889/889/881 887/887/879
f 880/880/872 890/890/882 881/881/873
f 891/891/883 888/888/880 887/887/879
f 892/892/884 666/666/658 646/646/638
f 668/668/660 893/893/885 669/669/661
f 894/894/886 889/889/881 853/853/845
f 600/600/592 669/669/661 895/895/887
f 896/896/888 897/897/889 893/893/885
f 666/666/658 898/898/890 674/674/666
f 898/898/890 677/677/669 674/674/666
f 677/677/669 898/898/890 668/668/660
f 899/899/891 900/900/892 901/901/893
f 902/902/894 903/903/895 904/904/896
f 901/901/893 900/900/892 905/905/897
f 905/905/897 906/906/898 901/901/893
f 907/907/899 905/905/897 908/908/900
f 909/909/901 900/900/892 902/902/894
f 904/904/896 910/910/902 902/902/894
f 911/911/903 733/733/725 735/735/727
f 909/909/901 902/902/894 911/911/903
f 911/911/903 735/735/727 740/740/732
f 909/909/901 912/912/904 908/908/900
f 740/740/732 739/739/731 912/912/904
f 913/913/905 914/914/906 915/915/907
f 915/915/907 916/916/908 913/913/905
f 917/917/909 745/745/737 749/749/741
f 915/915/907 914/914/906 918/918/910
f 917/917/909 752/752/744 745/745/737
f 917/917/909 749/749/741 754/754/746
f 915/915/907 919/919/911 916/916/908
f 920/920/912 907/907/899 921/921/913
f 921/921/913 913/913/905 922/922/914
f 908/908/900 914/914/906 907/907/899
f 923/923/915 924/924/916 922/922/914
f 925/925/917 924/924/916 923/923/915
f 926/926/918 923/923/915 916/916/908
f 918/918/910 739/739/731 752/752/744
f 912/912/904 739/739/731 918/918/910
f 753/753/745 919/919/911 754/754/746
f 927/927/919 919/919/911 753/753/745
f 753/753/745 755/755/747 927/927/919
f 928/928/920 929/929/921 930/930/922
f 929/929/921 928/928/920 931/931/923
f 932/932/924 928/928/920 930/930/922
f 933/933/925 934/934/926 769/769/761
f 933/933/925 768/768/760 935/935/927
f 769/769/761 768/768/760 933/933/925
f 936/936/928 937/937/929 938/938/930
f 939/939/931 936/936/928 938/938/930
f 778/778/770 940/940/932 779/779/771
f 903/903/895 941/941/933 904/904/896
f 942/942/934 943/943/935 944/944/936
f 942/942/934 903/903/895 899/899/891
f 945/945/937 946/946/938 947/947/939
f 948/948/940 733/733/725 910/910/902
f 949/949/941 910/910/902 904/904/896
f 947/947/939 950/950/942 951/951/943
f 950/950/942 952/952/944 784/784/776
f 936/936/928 946/946/938 945/945/937
f 953/953/945 939/939/931 954/954/946
f 952/952/944 946/946/938 953/953/945
f 953/953/945 954/954/946 940/940/932
f 952/952/944 778/778/770 784/784/776
f 955/955/947 956/956/948 957/957/949
f 929/929/921 957/957/949 956/956/948
f 957/957/949 958/958/950 959/959/951
f 960/960/952 961/961/953 962/962/954
f 931/931/923 935/935/927 963/963/955
f 931/931/923 963/963/955 958/958/950
f 963/963/955 960/960/952 958/958/950
f 935/935/927 964/964/956 963/963/955
f 964/964/956 960/960/952 963/963/955
f 964/964/956 792/792/784 796/796/788
f 960/960/952 965/965/957 961/961/953
f 966/966/958 959/959/951 967/967/959
f 967/967/959 959/959/951 962/962/954
f 968/968/960 969/969/961 970/970/962
f 961/961/953 971/971/963 962/962/954
f 971/971/963 972/972/964 970/970/962
f 972/972/964 971/971/963 961/961/953
f 970/970/962 973/973/965 968/968/960
f 970/970/962 974/974/966 973/973/965
f 801/801/793 965/965/957 796/796/788
f 972/972/964 961/961/953 965/965/957
f 975/975/967 801/801/793 800/800/792
f 976/976/968 977/977/969 938/938/930
f 939/939/931 938/938/930 977/977/969
f 779/779/771 940/940/932 810/810/802
f 978/978/970 979/979/971 977/977/969
f 978/978/970 980/980/972 979/979/971
f 979/979/971 981/981/973 954/954/946
f 981/981/973 820/820/812 810/810/802
f 981/981/973 982/982/974 820/820/812
f 983/983/975 984/984/976 978/978/970
f 984/984/976 985/985/977 986/986/978
f 987/987/979 980/980/972 986/986/978
f 987/987/979 986/986/978 988/988/980
f 989/989/981 990/990/982 991/991/983
f 982/982/974 980/980/972 987/987/979
f 992/992/984 987/987/979 988/988/980
f 987/987/979 992/992/984 982/982/974
f 992/992/984 988/988/980 993/993/985
f 822/822/814 993/993/985 823/823/815
f 823/823/815 993/993/985 994/994/986
f 823/823/815 994/994/986 825/825/817
f 995/995/987 996/996/988 997/997/989
f 998/998/990 995/995/987 997/997/989
f 999/999/991 1000/1000/992 1001/1001/993
f 1002/1002/994 1000/1000/992 999/999/991
f 997/997/989 996/996/988 1003/1003/995
f 997/997/989 1004/1004/996 998/998/990
f 997/997/989 1005/1005/997 1004/1004/996
f 1003/1003/995 1005/1005/997 997/997/989
f 968/968/960 1006/1006/998 969/969/961
f 1007/1007/999 1008/1008/1000 1009/1009/1001
f 1008/1008/1000 1010/1010/1002 969/969/961
f 1006/1006/998 1011/1011/1003 1009/1009/1001
f 1012/1012/1004 973/973/965 974/974/966
f 968/968/960 973/973/965 1013/1013/1005
f 968/968/960 1013/1013/1005 1006/1006/998
f 973/973/965 1012/1012/1004 1013/1013/1005
f 975/975/967 838/838/830 974/974/966
f 1014/1014/1006 1015/1015/1007 1016/1016/1008
f 800/800/792 838/838/830 975/975/967
f 1017/1017/1009 1018/1018/1010 999/999/991
f 1002/1002/994 1019/1019/1011 1020/1020/1012
f 1019/1019/1011 1018/1018/1010 1021/1021/1013
f 1016/1016/1008 1022/1022/1014 1023/1023/1015
f 1024/1024/1016 1023/1023/1015 1022/1022/1014
f 1025/1025/1017 1026/1026/1018 1027/1027/1019
f 847/847/839 1016/1016/1008 1015/1015/1007
f 1028/1028/1020 990/990/982 1029/1029/1021
f 1030/1030/1022 1031/1031/1023 1032/1032/1024
f 1028/1028/1020 1031/1031/1023 990/990/982
f 1033/1033/1025 1031/1031/1023 1030/1030/1022
f 1034/1034/1026 1035/1035/1027 991/991/983
f 1034/1034/1026 991/991/983 1033/1033/1025
f 1036/1036/1028 1037/1037/1029 1032/1032/1024
f 1032/1032/1024 1037/1037/1029 1038/1038/1030
f 1039/1039/1031 995/995/987 1030/1030/1022
f 1000/1000/992 1040/1040/1032 1041/1041/1033
f 1042/1042/1034 1040/1040/1032 996/996/988
f 1042/1042/1034 1041/1041/1033 1040/1040/1032
f 1034/1034/1026 1033/1033/1025 998/998/990
f 1004/1004/996 869/869/861 864/864/856
f 874/874/866 1043/1043/1035 875/875/867
f 1044/1044/1036 1003/1003/995 1045/1045/1037
f 1046/1046/1038 1047/1047/1039 1048/1048/1040
f 1038/1038/1030 1049/1049/1041 1032/1032/1024
f 1045/1045/1037 1002/1002/994 1020/1020/1012
f 1050/1050/1042 846/846/838 883/883/875
f 1044/1044/1036 1045/1045/1037 1020/1020/1012
f 1050/1050/1042 883/883/875 885/885/877
f 1051/1051/1043 899/899/891 1052/1052/1044
f 1052/1052/1044 899/899/891 901/901/893
f 1053/1053/1045 1051/1051/1043 1052/1052/1044
f 1052/1052/1044 901/901/893 906/906/898
f 1053/1053/1045 1052/1052/1044 906/906/898
f 1054/1054/1046 1055/1055/1047 1056/1056/1048
f 1054/1054/1046 1056/1056/1048 1057/1057/1049
f 1058/1058/1050 1055/1055/1047 1054/1054/1046
f 1059/1059/1051 920/920/912 921/921/913
f 1060/1060/1052 920/920/912 1059/1059/1051
f 1054/1054/1046 1059/1059/1051 1061/1061/1053
f 1061/1061/1053 922/922/914 924/924/916
f 1062/1062/1054 1061/1061/1053 924/924/916
f 1062/1062/1054 924/924/916 925/925/917
f 937/937/929 1063/1063/1055 938/938/930
f 1064/1064/1056 1065/1065/1057 1066/1066/1058
f 1067/1067/1059 1068/1068/1060 1069/1069/1061
f 1070/1070/1062 1068/1068/1060 1071/1071/1063
f 1072/1072/1064 1068/1068/1060 1070/1070/1062
f 1069/1069/1061 1068/1068/1060 1072/1072/1064
f 1071/1071/1063 1068/1068/1060 1067/1067/1059
f 1066/1066/1058 1065/1065/1057 1073/1073/1065
f 1074/1074/1066 943/943/935 942/942/934
f 1051/1051/1043 1075/1075/1067 1074/1074/1066
f 1074/1074/1066 1075/1075/1067 1066/1066/1058
f 1053/1053/1045 1060/1060/1052 1076/1076/1068
f 1070/1070/1062 1066/1066/1058 1075/1075/1067
f 1077/1077/1069 1078/1078/1070 1079/1079/1071
f 1080/1080/1072 1065/1065/1057 1077/1077/1069
f 1077/1077/1069 1065/1065/1057 1064/1064/1056
f 1071/1071/1063 1081/1081/1073 1064/1064/1056
f 1082/1082/1074 1083/1083/1075 1067/1067/1059
f 1073/1073/1065 1065/1065/1057 1080/1080/1072
f 1084/1084/1076 1085/1085/1077 1063/1063/1055
f 1073/1073/1065 1086/1086/1078 943/943/935
f 1067/1067/1059 1069/1069/1061 1087/1087/1079
f 1088/1088/1080 1089/1089/1081 1090/1090/1081
f 1091/1091/1082 1092/1092/1083 1087/1087/1079
f 1091/1091/1082 1055/1055/1047 1093/1093/1084
f 1058/1058/1050 1093/1093/1084 1055/1055/1047
f 1076/1076/1068 1060/1060/1052 1057/1057/1049
f 1072/1072/1064 1076/1076/1068 1057/1057/1049
f 1062/1062/1054 1094/1094/1085 1058/1058/1050
f 1095/1095/1086 1096/1096/1087 1097/1097/1088
f 1098/1098/1089 1092/1092/1083 1099/1099/1090
f 1098/1098/1089 1087/1087/1079 1092/1092/1083
f 1100/1100/1091 1101/1101/1092 1102/1102/1093
f 1103/1103/1094 1101/1101/1092 1100/1100/1091
f 1104/1104/1095 1100/1100/1091 1097/1097/1088
f 1104/1104/1095 1097/1097/1088 1096/1096/1087
f 1105/1105/1096 955/955/947 1106/1106/1097
f 1105/1105/1096 1106/1106/1097 1096/1096/1087
f 1096/1096/1087 1106/1106/1097 1107/1107/1098
f 955/955/947 966/966/958 1106/1106/1097
f 966/966/958 1107/1107/1098 1106/1106/1097
f 1108/1108/1099 1109/1109/1100 1104/1104/1095
f 1109/1109/1100 1108/1108/1099 1110/1110/1101
f 1108/1108/1099 1107/1107/1098 1111/1111/1102
f 1111/1111/1102 1010/1010/1002 1112/1112/1103
f 967/967/959 1010/1010/1002 1111/1111/1102
f 938/938/930 1063/1063/1055 976/976/968
f 1113/1113/1104 1114/1114/1105 1115/1115/1106
f 1116/1116/1107 1113/1113/1104 1115/1115/1106
f 1117/1117/1108 1118/1118/1109 1085/1085/1077
f 1119/1119/1110 1120/1120/1111 1121/1121/1112
f 1122/1122/1113 1079/1079/1071 1078/1078/1070
f 1121/1121/1112 1123/1123/1114 1118/1118/1109
f 1118/1118/1109 1124/1124/1115 1085/1085/1077
f 1124/1124/1115 983/983/975 976/976/968
f 1124/1124/1115 1125/1125/1116 983/983/975
f 1113/1113/1104 1123/1123/1114 1121/1121/1112
f 1126/1126/1117 1116/1116/1107 1127/1127/1118
f 1125/1125/1116 1123/1123/1114 1126/1126/1117
f 1126/1126/1117 1128/1128/1119 1125/1125/1116
f 1129/1129/1120 985/985/977 1128/1128/1119
f 1128/1128/1119 985/985/977 984/984/976
f 1130/1130/1121 1103/1103/1094 1131/1131/1122
f 1109/1109/1100 1131/1131/1122 1103/1103/1094
f 1132/1132/1123 1133/1133/1124 1134/1134/1125
f 1135/1135/1126 1133/1133/1124 1132/1132/1123
f 1000/1000/992 1136/1136/1127 1001/1001/993
f 1131/1131/1122 1137/1137/1128 1138/1138/1129
f 1137/1137/1128 1139/1139/1130 1138/1138/1129
f 1112/1112/1103 1010/1010/1002 1008/1008/1000
f 1110/1110/1101 1112/1112/1103 1140/1140/1131
f 1110/1110/1101 1140/1140/1131 1137/1137/1128
f 1007/1007/999 1141/1141/1132 1140/1140/1131
f 1138/1138/1129 1139/1139/1130 1132/1132/1123
f 1135/1135/1126 1142/1142/1133 1143/1143/1134
f 1142/1142/1133 1139/1139/1130 1141/1141/1132
f 1144/1144/1135 1136/1136/1127 1145/1145/1136
f 1007/1007/999 1146/1146/1137 1141/1141/1132
f 1147/1147/1138 1148/1148/1139 1115/1115/1106
f 1116/1116/1107 1115/1115/1106 1148/1148/1139
f 1149/1149/1140 1150/1150/1141 1148/1148/1139
f 1151/1151/1142 1152/1152/1143 1153/1153/1144
f 1154/1154/1145 1129/1129/1120 1127/1127/1118
f 1150/1150/1141 1154/1154/1145 1127/1127/1118
f 1154/1154/1145 1150/1150/1141 1155/1155/1146
f 1156/1156/1147 1129/1129/1120 1154/1154/1145
f 1155/1155/1146 1156/1156/1147 1154/1154/1145
f 1028/1028/1020 1157/1157/1148 1036/1036/1028
f 1152/1152/1143 1158/1158/1149 1153/1153/1144
f 1159/1159/1150 1160/1160/1151 1149/1149/1140
f 1151/1151/1142 1161/1161/1152 1162/1162/1153
f 1149/1149/1140 1160/1160/1151 1163/1163/1154
f 1162/1162/1153 1164/1164/1155 1165/1165/1156
f 1166/1166/1157 1165/1165/1156 1167/1167/1158
f 1166/1166/1157 1152/1152/1143 1165/1165/1156
f 1036/1036/1028 1158/1158/1149 1037/1037/1029
f 1168/1168/1159 1037/1037/1029 1158/1158/1149
f 1037/1037/1029 1168/1168/1159 1038/1038/1030
f 1169/1169/1160 1170/1170/1161 1171/1171/1162
f 1172/1172/1163 1173/1173/1164 1174/1174/1165
f 1175/1175/1166 1173/1173/1164 1176/1176/1167
f 1176/1176/1167 1173/1173/1164 1177/1177/1168
f 1178/1178/1169 1042/1042/1034 1039/1039/1031
f 1179/1179/1170 1170/1170/1161 1169/1169/1160
f 1039/1039/1031 1049/1049/1041 1178/1178/1169
f 1041/1041/1033 1180/1180/1171 1181/1181/1172
f 1180/1180/1171 1178/1178/1169 1169/1169/1160
f 1169/1169/1160 1176/1176/1167 1180/1180/1171
f 1182/1182/1173 1167/1167/1158 1183/1183/1174
f 1171/1171/1162 1182/1182/1173 1184/1184/1175
f 1167/1167/1158 1170/1170/1161 1166/1166/1157
f 1184/1184/1175 1175/1175/1166 1171/1171/1162
f 1175/1175/1166 1184/1184/1175 1185/1185/1176
f 1049/1049/1041 1038/1038/1030 1179/1179/1170
f 1179/1179/1170 1038/1038/1030 1168/1168/1159
f 1177/1177/1168 1186/1186/1177 1145/1145/1136
f 1136/1136/1127 1181/1181/1172 1145/1145/1136
f 1181/1181/1172 1177/1177/1168 1145/1145/1136
f 1187/1187/1178 1188/1188/1179 1189/1189/1180
f 1187/1187/1178 1189/1189/1180 1190/1190/1181
f 1191/1191/1182 1192/1192/1183 1193/1193/1184
f 1194/1194/1185 1191/1191/1182 1193/1193/1184
f 1190/1190/1181 1195/1195/1186 1187/1187/1178
f 1196/1196/1187 1078/1078/1070 1081/1081/1073
f 1194/1194/1185 1187/1187/1178 1196/1196/1187
f 1196/1196/1187 1081/1081/1073 1083/1083/1075
f 1194/1194/1185 1197/1197/1188 1191/1191/1182
f 1083/1083/1075 1082/1082/1074 1197/1197/1188
f 1198/1198/1189 1199/1199/1190 1200/1200/1191
f 1201/1201/1192 1192/1192/1183 1191/1191/1182
f 1202/1202/1193 1203/1203/1194 1204/1204/1195
f 1197/1197/1188 1201/1201/1192 1191/1191/1182
f 1201/1201/1192 1205/1205/1196 1198/1198/1189
f 1205/1205/1196 1082/1082/1074 1098/1098/1089
f 1198/1198/1189 1205/1205/1196 1206/1206/1197
f 1207/1207/1198 1102/1102/1093 1101/1101/1092
f 1208/1208/1199 1207/1207/1198 1101/1101/1092
f 1208/1208/1199 1101/1101/1092 1103/1103/1094
f 1209/1209/1200 1210/1210/1201 1211/1211/1202
f 1212/1212/1203 1213/1213/1204 1214/1214/1205
f 1212/1212/1203 1215/1215/1206 1213/1213/1204
f 1216/1216/1207 1212/1212/1203 1214/1214/1205
f 1216/1216/1207 1217/1217/1208 1212/1212/1203
f 1212/1212/1203 1217/1217/1208 1215/1215/1206
f 1189/1189/1180 1218/1218/1209 1190/1190/1181
f 1219/1219/1210 1220/1220/1211 1221/1221/1212
f 1221/1221/1212 1222/1222/1213 1218/1218/1209
f 1188/1188/1179 1223/1223/1214 1224/1224/1215
f 1193/1193/1184 1223/1223/1214 1188/1188/1179
f 1223/1223/1214 1225/1225/1216 1224/1224/1215
f 1122/1122/1113 1078/1078/1070 1195/1195/1186
f 1226/1226/1217 1195/1195/1186 1190/1190/1181
f 1218/1218/1209 1226/1226/1217 1190/1190/1181
f 1226/1226/1217 1227/1227/1218 1228/1228/1219
f 1215/1215/1206 1229/1229/1220 1209/1209/1200
f 1230/1230/1221 1222/1222/1213 1221/1221/1212
f 1231/1231/1222 1114/1114/1105 1120/1120/1111
f 1217/1217/1208 1114/1114/1105 1231/1231/1222
f 1192/1192/1183 1200/1200/1191 1232/1232/1223
f 1233/1233/1224 1232/1232/1223 1234/1234/1225
f 1234/1234/1225 1232/1232/1223 1200/1200/1191
f 1202/1202/1193 1235/1235/1226 1203/1203/1194
f 1235/1235/1226 1236/1236/1227 1237/1237/1228
f 1238/1238/1229 1237/1237/1228 1239/1239/1230
f 1208/1208/1199 1240/1240/1231 1202/1202/1193
f 1235/1235/1226 1241/1241/1232 1236/1236/1227
f 1237/1237/1228 1236/1236/1227 1242/1242/1233
f 1243/1243/1234 1244/1244/1235 1242/1242/1233
f 1245/1245/1236 1242/1242/1233 1236/1236/1227
f 1245/1245/1236 1236/1236/1227 1241/1241/1232
f 1133/1133/1124 1246/1246/1237 1134/1134/1125
f 1240/1240/1231 1130/1130/1121 1247/1247/1238
f 1240/1240/1231 1247/1247/1238 1241/1241/1232
f 1241/1241/1232 1247/1247/1238 1248/1248/1239
f 1130/1130/1121 1249/1249/1240 1247/1247/1238
f 1249/1249/1240 1248/1248/1239 1247/1247/1238
f 1250/1250/1241 1251/1251/1242 1245/1245/1236
f 1251/1251/1242 1250/1250/1241 1252/1252/1243
f 1250/1250/1241 1246/1246/1237 1252/1252/1243
f 1249/1249/1240 1134/1134/1125 1248/1248/1239
f 1253/1253/1244 1254/1254/1245 1211/1211/1202
f 1255/1255/1246 1254/1254/1245 1256/1256/1247
f 1256/1256/1247 1257/1257/1248 1255/1255/1246
f 1211/1211/1202 1254/1254/1245 1213/1213/1204
f 1258/1258/1249 1216/1216/1207 1214/1214/1205
f 1255/1255/1246 1257/1257/1248 1259/1259/1250
f 1256/1256/1247 1260/1260/1251 1257/1257/1248
f 1260/1260/1251 1261/1261/1252 1262/1262/1253
f 1263/1263/1254 1257/1257/1248 1260/1260/1251
f 1259/1259/1250 1257/1257/1248 1263/1263/1254
f 1258/1258/1249 1264/1264/1255 1147/1147/1138
f 1259/1259/1250 1264/1264/1255 1258/1258/1249
f 1264/1264/1255 1259/1259/1250 1265/1265/1256
f 1264/1264/1255 1159/1159/1150 1147/1147/1138
f 1264/1264/1255 1265/1265/1256 1159/1159/1150
f 1266/1266/1257 1267/1267/1258 1268/1268/1259
f 1269/1269/1260 1270/1270/1261 1263/1263/1254
f 1268/1268/1259 1267/1267/1258 1271/1271/1262
f 1272/1272/1263 1270/1270/1261 1273/1273/1264
f 1270/1270/1261 1272/1272/1263 1265/1265/1256
f 1274/1274/1265 1268/1268/1259 1275/1275/1266
f 1162/1162/1153 1275/1275/1266 1164/1164/1155
f 1164/1164/1155 1275/1275/1266 1276/1276/1267
f 1277/1277/1268 1243/1243/1234 1278/1278/1269
f 1251/1251/1242 1278/1278/1269 1243/1243/1234
f 1185/1185/1176 1279/1279/1270 1174/1174/1165
f 1174/1174/1165 1279/1279/1270 1280/1280/1271
f 1185/1185/1176 1281/1281/1272 1279/1279/1270
f 1280/1280/1271 1279/1279/1270 1282/1282/1273
f 1279/1279/1270 1281/1281/1272 1282/1282/1273
f 1283/1283/1274 1284/1284/1275 1285/1285/1276
f 1286/1286/1277 1283/1283/1274 1285/1285/1276
f 1287/1287/1278 1288/1288/1279 1289/1289/1280
f 1290/1290/1281 1291/1291/1282 1292/1292/1283
f 1182/1182/1173 1183/1183/1174 1293/1293/1284
f 1293/1293/1284 1183/1183/1174 1294/1294/1285
f 1293/1293/1284 1285/1285/1276 1295/1295/1286
f 1291/1291/1282 1295/1295/1286 1285/1285/1276
f 1281/1281/1272 1295/1295/1286 1291/1291/1282
f 1278/1278/1269 1296/1296/1287 1297/1297/1288
f 1296/1296/1287 1298/1298/1289 1297/1297/1288
f 1246/1246/1237 1299/1299/1290 1252/1252/1243
f 1300/1300/1291 1298/1298/1289 1296/1296/1287
f 1287/1287/1278 1301/1301/1292 1290/1290/1281
f 1297/1297/1288 1298/1298/1289 1302/1302/1293
f 1290/1290/1281 1301/1301/1292 1282/1282/1273
f 1303/1303/1294 1304/1304/1295 1262/1262/1253
f 1269/1269/1260 1262/1262/1253 1304/1304/1295
f 1269/1269/1260 1304/1304/1295 1305/1305/1296
f 1306/1306/1297 1267/1267/1258 1266/1266/1257
f 1307/1307/1298 1306/1306/1297 1308/1308/1299
f 1309/1309/1300 1310/1310/1301 1311/1311/1302
f 1312/1312/1303 1306/1306/1297 1307/1307/1298
f 1313/1313/1304 1310/1310/1301 1309/1309/1300
f 1312/1312/1303 1311/1311/1302 1310/1310/1301
f 1314/1314/1305 1276/1276/1267 1271/1271/1262
f 1314/1314/1305 1271/1271/1262 1313/1313/1304
f 1314/1314/1305 1294/1294/1285 1276/1276/1267
f 1315/1315/1306 1316/1316/1307 1308/1308/1299
f 1307/1307/1298 1316/1316/1307 1317/1317/1308
f 1308/1308/1299 1316/1316/1307 1307/1307/1298
f 1317/1317/1308 1312/1312/1303 1307/1307/1298
f 1311/1311/1302 1318/1318/1309 1319/1319/1310
f 1320/1320/1311 1283/1283/1274 1309/1309/1300
f 1288/1288/1279 1321/1321/1312 1322/1322/1313
f 1323/1323/1314 1321/1321/1312 1284/1284/1275
f 1284/1284/1275 1321/1321/1312 1292/1292/1283
f 1292/1292/1283 1321/1321/1312 1288/1288/1279
f 1323/1323/1314 1322/1322/1313 1321/1321/1312
f 1294/1294/1285 1314/1314/1305 1286/1286/1277
f 1314/1314/1305 1313/1313/1304 1286/1286/1277
f 1319/1319/1310 1324/1324/1315 1311/1311/1302
f 1325/1325/1316 1326/1326/1317 1327/1327/1318
f 1328/1328/1319 1329/1329/1320 1330/1330/1321
f 1331/1331/1322 1332/1332/1323 1333/1333/1324
f 1334/1334/1325 1328/1328/1319 1330/1330/1321
f 1334/1334/1325 1335/1335/1326 1328/1328/1319
f 1331/1331/1322 1336/1336/1327 1332/1332/1323
f 1337/1337/1328 1338/1338/1329 1339/1339/1330
f 1340/1340/1331 1341/1341/1332 1342/1342/1333
f 1343/1343/1334 1341/1341/1332 1344/1344/1335
f 1345/1345/1336 1341/1341/1332 1343/1343/1334
f 1342/1342/1333 1341/1341/1332 1345/1345/1336
f 1344/1344/1335 1341/1341/1332 1340/1340/1331
f 1346/1346/1337 1219/1219/1210 1224/1224/1215
f 1339/1339/1330 1338/1338/1329 1347/1347/1338
f 1346/1346/1337 1220/1220/1211 1219/1219/1210
f 1348/1348/1339 1349/1349/1340 1225/1225/1216
f 1346/1346/1337 1349/1349/1340 1339/1339/1330
f 1225/1225/1216 1233/1233/1224 1348/1348/1339
f 1343/1343/1334 1339/1339/1330 1349/1349/1340
f 1326/1326/1317 1325/1325/1316 1350/1350/1341
f 1350/1350/1341 1337/1337/1328 1351/1351/1342
f 1332/1332/1323 1338/1338/1329 1325/1325/1316
f 1344/1344/1335 1351/1351/1342 1337/1337/1328
f 1352/1352/1343 1353/1353/1344 1340/1340/1331
f 1347/1347/1338 1354/1354/1345 1220/1220/1211
f 1336/1336/1327 1354/1354/1345 1347/1347/1338
f 1345/1345/1336 1355/1355/1346 1342/1342/1333
f 1340/1340/1331 1342/1342/1333 1356/1356/1347
f 1342/1342/1333 1355/1355/1346 1356/1356/1347
f 1357/1357/1348 1358/1358/1349 1359/1359/1350
f 1360/1360/1351 1234/1234/1225 1361/1361/1352
f 1348/1348/1339 1233/1233/1224 1362/1362/1353
f 1362/1362/1353 1363/1363/1354 1355/1355/1346
f 1360/1360/1351 1363/1363/1354 1362/1362/1353
f 1364/1364/1355 1238/1238/1229 1239/1239/1230
f 1357/1357/1348 1365/1365/1356 1358/1358/1349
f 1366/1366/1357 1367/1367/1358 1368/1368/1359
f 1366/1366/1357 1356/1356/1347 1367/1367/1358
f 1369/1369/1360 1370/1370/1361 1371/1371/1362
f 1372/1372/1363 1370/1370/1361 1369/1369/1360
f 1372/1372/1363 1369/1369/1360 1373/1373/1364
f 1374/1374/1365 1375/1375/1366 1373/1373/1364
f 1374/1374/1365 1376/1376/1367 1375/1375/1366
f 1244/1244/1235 1365/1365/1356 1239/1239/1230
f 1374/1374/1365 1358/1358/1349 1365/1365/1356
f 1376/1376/1367 1244/1244/1235 1243/1243/1234
f 1377/1377/1368 1378/1378/1369 1379/1379/1370
f 1380/1380/1371 1378/1378/1369 1381/1381/1372
f 1381/1381/1372 1382/1382/1373 1380/1380/1371
f 1379/1379/1370 1378/1378/1369 1329/1329/1320
f 1253/1253/1244 1383/1383/1374 1384/1384/1375
f 1383/1383/1374 1385/1385/1376 1384/1384/1375
f 1330/1330/1321 1380/1380/1371 1383/1383/1374
f 1253/1253/1244 1211/1211/1202 1334/1334/1325
f 1386/1386/1377 1387/1387/1378 1388/1388/1379
f 1386/1386/1377 1388/1388/1379 1389/1389/1380
f 1381/1381/1372 1390/1390/1381 1389/1389/1380
f 1382/1382/1373 1388/1388/1379 1391/1391/1382
f 1392/1392/1383 1391/1391/1382 1393/1393/1384
f 1384/1384/1375 1385/1385/1376 1261/1261/1252
f 1385/1385/1376 1382/1382/1373 1391/1391/1382
f 1261/1261/1252 1392/1392/1383 1262/1262/1253
f 1394/1394/1385 1372/1372/1363 1395/1395/1386
f 1375/1375/1366 1396/1396/1387 1373/1373/1364
f 1376/1376/1367 1397/1397/1388 1375/1375/1366
f 1397/1397/1388 1396/1396/1387 1375/1375/1366
f 1398/1398/1389 1399/1399/1390 1400/1400/1391
f 1401/1401/1392 1402/1402/1393 1403/1403/1394
f 1404/1404/1395 1405/1405/1396 1406/1406/1397
f 1401/1401/1392 1407/1407/1398 1402/1402/1393
f 1408/1408/1399 1407/1407/1398 1401/1401/1392
f 1409/1409/1400 1405/1405/1396 1404/1404/1395
f 1396/1396/1387 1410/1410/1401 1395/1395/1386
f 1395/1395/1386 1410/1410/1401 1411/1411/1402
f 1410/1410/1401 1412/1412/1403 1411/1411/1402
f 1397/1397/1388 1277/1277/1268 1413/1413/1404
f 1277/1277/1268 1414/1414/1405 1413/1413/1404
f 1414/1414/1405 1415/1415/1406 1413/1413/1404
f 1398/1398/1389 1412/1412/1403 1404/1404/1395
f 1411/1411/1402 1412/1412/1403 1398/1398/1389
f 1414/1414/1405 1416/1416/1407 1415/1415/1406
f 1415/1415/1406 1416/1416/1407 1409/1409/1400
f 1417/1417/1408 1387/1387/1378 1386/1386/1377
f 1393/1393/1384 1387/1387/1378 1418/1418/1409
f 1419/1419/1410 1420/1420/1411 1418/1418/1409
f 1419/1419/1410 1417/1417/1408 1421/1421/1412
f 1422/1422/1413 1392/1392/1383 1393/1393/1384
f 1418/1418/1409 1420/1420/1411 1423/1423/1414
f 1419/1419/1410 1424/1424/1415 1420/1420/1411
f 1424/1424/1415 1425/1425/1416 1426/1426/1417
f 1427/1427/1418 1420/1420/1411 1424/1424/1415
f 1423/1423/1414 1420/1420/1411 1427/1427/1418
f 1422/1422/1413 1428/1428/1419 1303/1303/1294
f 1423/1423/1414 1428/1428/1419 1422/1422/1413
f 1428/1428/1419 1423/1423/1414 1429/1429/1420
f 1428/1428/1419 1430/1430/1421 1303/1303/1294
f 1428/1428/1419 1429/1429/1420 1430/1430/1421
f 1431/1431/1422 1432/1432/1423 1433/1433/1424
f 1434/1434/1425 1435/1435/1426 1436/1436/1427
f 1437/1437/1428 1438/1438/1429 1439/1439/1430
f 1438/1438/1429 1440/1440/1431 1439/1439/1430
f 1441/1441/1432 1435/1435/1426 1433/1433/1424
f 1435/1435/1426 1441/1441/1432 1442/1442/1433
f 1441/1441/1432 1433/1433/1424 1443/1443/1434
f 1440/1440/1431 1443/1443/1434 1433/1433/1424
f 1317/1317/1308 1443/1443/1434 1318/1318/1309
f 1444/1444/1435 1440/1440/1431 1438/1438/1429
f 1318/1318/1309 1444/1444/1435 1319/1319/1310
f 1445/1445/1436 1446/1446/1437 1447/1447/1438
f 1447/1447/1438 1448/1448/1439 1445/1445/1436
f 1403/1403/1394 1446/1446/1437 1449/1449/1440
f 1445/1445/1436 1450/1450/1441 1446/1446/1437
f 1451/1451/1442 1323/1323/1314 1320/1320/1311
f 1320/1320/1311 1324/1324/1315 1451/1451/1442
f 1451/1451/1442 1324/1324/1315 1452/1452/1443
f 1453/1453/1444 1447/1447/1438 1402/1402/1393
f 1288/1288/1279 1322/1322/1313 1407/1407/1398
f 1454/1454/1445 1455/1455/1446 1456/1456/1447
f 1437/1437/1428 1457/1457/1448 1438/1438/1429
f 1450/1450/1441 1458/1458/1449 1459/1459/1450
f 1455/1455/1446 1460/1460/1451 1461/1461/1452
f 1460/1460/1451 1455/1455/1446 1448/1448/1439
f 1444/1444/1435 1438/1438/1429 1457/1457/1448
f 1462/1462/1453 1457/1457/1448 1461/1461/1452
f 1462/1462/1453 1461/1461/1452 1463/1463/1454
f 1463/1463/1454 1452/1452/1443 1462/1462/1453
f 1460/1460/1451 1463/1463/1454 1461/1461/1452
f 1463/1463/1454 1464/1464/1455 1452/1452/1443
f 1464/1464/1455 1463/1463/1454 1460/1460/1451
f 1460/1460/1451 1448/1448/1439 1464/1464/1455
f 1465/1465/1456 1466/1466/1457 1450/1450/1441
f 1459/1459/1450 1465/1465/1456 1450/1450/1441
f 1467/1467/1458 1468/1468/1459 1426/1426/1417
f 1469/1469/1460 1426/1426/1417 1468/1468/1459
f 1434/1434/1425 1470/1470/1461 1431/1431/1422
f 1471/1471/1462 1470/1470/1461 1472/1472/1463
f 1471/1471/1462 1431/1431/1422 1470/1470/1461
f 1473/1473/1464 1474/1474/1465 1475/1475/1466
f 1476/1476/1467 1474/1474/1465 1432/1432/1423
f 1432/1432/1423 1474/1474/1465 1439/1439/1430
f 1477/1477/1468 1478/1478/1469 1475/1475/1466
f 1475/1475/1466 1478/1478/1469 1479/1479/1470
f 1437/1437/1428 1473/1473/1464 1480/1480/1471
f 1481/1481/1472 1480/1480/1471 1473/1473/1464
f 1481/1481/1472 1456/1456/1447 1480/1480/1471
f 1479/1479/1470 1482/1482/1473 1475/1475/1466
f 1326/1326/1317 1483/1483/1474 1327/1327/1318
f 1484/1484/1475 1485/1485/1476 1486/1486/1477
f 1486/1486/1477 1487/1487/1478 1484/1484/1475
f 1486/1486/1477 1485/1485/1476 1488/1488/1479
f 1486/1486/1477 1488/1488/1479 1489/1489/1480
f 1489/1489/1480 1490/1490/1481 1486/1486/1477
f 1486/1486/1477 1490/1490/1481 1487/1487/1478
f 1491/1491/1482 1492/1492/1483 1493/1493/1484
f 1494/1494/1485 1485/1485/1476 1491/1491/1482
f 1491/1491/1482 1485/1485/1476 1484/1484/1475
f 1495/1495/1486 1496/1496/1487 1497/1497/1488
f 1498/1498/1489 1495/1495/1486 1499/1499/1490
f 1499/1499/1490 1495/1495/1486 1487/1487/1478
f 1488/1488/1479 1485/1485/1476 1494/1494/1485
f 1494/1494/1485 1500/1500/1491 1483/1483/1474
f 1489/1489/1480 1350/1350/1341 1351/1351/1342
f 1501/1501/1492 1490/1490/1481 1353/1353/1344
f 1353/1353/1344 1352/1352/1343 1501/1501/1492
f 1502/1502/1493 1503/1503/1494 1504/1504/1495
f 1504/1504/1495 1505/1505/1496 1502/1502/1493
f 1504/1504/1495 1503/1503/1494 1506/1506/1497
f 1504/1504/1495 1506/1506/1497 1507/1507/1498
f 1507/1507/1498 1508/1508/1499 1504/1504/1495
f 1504/1504/1495 1508/1508/1499 1505/1505/1496
f 1509/1509/1500 1510/1510/1501 1511/1511/1502
f 1512/1512/1503 1498/1498/1489 1513/1513/1504
f 1499/1499/1490 1503/1503/1494 1498/1498/1489
f 1514/1514/1505 1509/1509/1500 1515/1515/1506
f 1516/1516/1507 1509/1509/1500 1514/1514/1505
f 1501/1501/1492 1352/1352/1343 1506/1506/1497
f 1507/1507/1498 1366/1366/1357 1368/1368/1359
f 1516/1516/1507 1517/1517/1508 1518/1518/1509
f 1516/1516/1507 1514/1514/1505 1519/1519/1510
f 1517/1517/1508 1370/1370/1361 1372/1372/1363
f 1520/1520/1511 1521/1521/1512 1522/1522/1513
f 1523/1523/1514 1521/1521/1512 1524/1524/1515
f 1525/1525/1516 1521/1521/1512 1523/1523/1514
f 1526/1526/1517 1527/1527/1518 1528/1528/1519
f 1522/1522/1513 1521/1521/1512 1525/1525/1516
f 1524/1524/1515 1521/1521/1512 1520/1520/1511
f 1377/1377/1368 1529/1529/1520 1390/1390/1381
f 1530/1530/1521 1531/1531/1522 1532/1532/1523
f 1529/1529/1520 1533/1533/1524 1390/1390/1381
f 1526/1526/1517 1534/1534/1525 1527/1527/1518
f 1535/1535/1526 1524/1524/1515 1520/1520/1511
f 1536/1536/1527 1534/1534/1525 1537/1537/1528
f 1538/1538/1529 1536/1536/1527 1539/1539/1530
f 1540/1540/1531 1386/1386/1377 1541/1541/1532
f 1541/1541/1532 1386/1386/1377 1389/1389/1380
f 1538/1538/1529 1541/1541/1532 1533/1533/1524
f 1533/1533/1524 1527/1527/1518 1538/1538/1529
f 1542/1542/1533 1522/1522/1513 1493/1493/1484
f 1542/1542/1533 1493/1493/1484 1492/1492/1483
f 1530/1530/1521 1483/1483/1474 1500/1500/1491
f 1525/1525/1516 1530/1530/1521 1500/1500/1491
f 1543/1543/1534 1544/1544/1535 1520/1520/1511
f 1511/1511/1502 1510/1510/1501 1545/1545/1536
f 1546/1546/1537 1547/1547/1538 1548/1548/1539
f 1510/1510/1501 1547/1547/1538 1545/1545/1536
f 1548/1548/1539 1547/1547/1538 1549/1549/1540
f 1517/1517/1508 1550/1550/1541 1518/1518/1509
f 1550/1550/1541 1549/1549/1540 1518/1518/1509
f 1546/1546/1537 1551/1551/1542 1552/1552/1543
f 1553/1553/1544 1554/1554/1545 1555/1555/1546
f 1399/1399/1390 1556/1556/1547 1400/1400/1391
f 1549/1549/1540 1557/1557/1548 1548/1548/1539
f 1546/1546/1537 1548/1548/1539 1558/1558/1549
f 1548/1548/1539 1557/1557/1548 1558/1558/1549
f 1557/1557/1548 1559/1559/1550 1558/1558/1549
f 1550/1550/1541 1394/1394/1385 1560/1560/1551
f 1394/1394/1385 1561/1561/1552 1560/1560/1551
f 1561/1561/1552 1562/1562/1553 1560/1560/1551
f 1558/1558/1549 1555/1555/1546 1546/1546/1537
f 1558/1558/1549 1559/1559/1550 1555/1555/1546
f 1553/1553/1544 1563/1563/1554 1564/1564/1555
f 1563/1563/1554 1559/1559/1550 1562/1562/1553
f 1563/1563/1554 1556/1556/1547 1564/1564/1555
f 1561/1561/1552 1400/1400/1391 1562/1562/1553
f 1565/1565/1556 1566/1566/1557 1537/1537/1528
f 1567/1567/1558 1566/1566/1557 1568/1568/1559
f 1568/1568/1559 1569/1569/1560 1567/1567/1558
f 1537/1537/1528 1566/1566/1557 1536/1536/1527
f 1417/1417/1408 1386/1386/1377 1540/1540/1531
f 1539/1539/1530 1570/1570/1561 1540/1540/1531
f 1570/1570/1561 1571/1571/1562 1421/1421/1412
f 1539/1539/1530 1567/1567/1558 1570/1570/1561
f 1568/1568/1559 1572/1572/1563 1569/1569/1560
f 1572/1572/1563 1573/1573/1564 1574/1574/1565
f 1575/1575/1566 1572/1572/1563 1574/1574/1565
f 1576/1576/1567 1575/1575/1566 1577/1577/1568
f 1578/1578/1569 1576/1576/1567 1577/1577/1568
f 1421/1421/1412 1571/1571/1562 1425/1425/1416
f 1571/1571/1562 1569/1569/1560 1576/1576/1567
f 1425/1425/1416 1578/1578/1569 1426/1426/1417
f 1579/1579/1570 1554/1554/1545 1580/1580/1571
f 1553/1553/1544 1580/1580/1571 1554/1554/1545
f 1581/1581/1572 1556/1556/1547 1399/1399/1390
f 1582/1582/1573 1583/1583/1574 1584/1584/1575
f 1585/1585/1576 1586/1586/1577 1587/1587/1578
f 1588/1588/1579 1585/1585/1576 1587/1587/1578
f 1589/1589/1580 1456/1456/1447 1590/1590/1581
f 1454/1454/1445 1456/1456/1447 1589/1589/1580
f 1454/1454/1445 1589/1589/1580 1458/1458/1449
f 1591/1591/1582 1585/1585/1576 1588/1588/1579
f 1458/1458/1449 1591/1591/1582 1459/1459/1450
f 1580/1580/1571 1592/1592/1583 1593/1593/1584
f 1592/1592/1583 1594/1594/1585 1593/1593/1584
f 1564/1564/1555 1595/1595/1586 1592/1592/1583
f 1581/1581/1572 1596/1596/1587 1595/1595/1586
f 1596/1596/1587 1597/1597/1588 1595/1595/1586
f 1582/1582/1573 1598/1598/1589 1588/1588/1579
f 1593/1593/1584 1594/1594/1585 1599/1599/1590
f 1465/1465/1456 1459/1459/1450 1600/1600/1591
f 1600/1600/1591 1459/1459/1450 1591/1591/1582
f 1601/1601/1592 1602/1602/1593 1574/1574/1565
f 1603/1603/1594 1577/1577/1568 1575/1575/1566
f 1604/1604/1595 1578/1578/1569 1577/1577/1568
f 1604/1604/1595 1577/1577/1568 1603/1603/1594
f 1602/1602/1593 1605/1605/1596 1603/1603/1594
f 1606/1606/1597 1605/1605/1596 1602/1602/1593
f 1607/1607/1598 1608/1608/1599 1609/1609/1600
f 1610/1610/1601 1476/1476/1467 1471/1471/1462
f 1604/1604/1595 1611/1611/1602 1467/1467/1458
f 1612/1612/1603 1613/1613/1604 1609/1609/1600
f 1609/1609/1600 1610/1610/1601 1612/1612/1603
f 1476/1476/1467 1610/1610/1601 1477/1477/1468
f 1608/1608/1599 1614/1614/1605 1609/1609/1600
f 1615/1615/1606 1616/1616/1607 1617/1617/1608
f 1618/1618/1609 1619/1619/1610 1606/1606/1597
f 1606/1606/1597 1619/1619/1610 1620/1620/1611
f 1607/1607/1598 1617/1617/1608 1608/1608/1599
f 1621/1621/1612 1622/1622/1613 1623/1623/1614
f 1617/1617/1608 1616/1616/1607 1623/1623/1614
f 1477/1477/1468 1614/1614/1605 1478/1478/1469
f 1624/1624/1615 1478/1478/1469 1614/1614/1605
f 1478/1478/1469 1624/1624/1615 1479/1479/1470
f 1625/1625/1616 1626/1626/1617 1627/1627/1618
f 1628/1628/1619 1629/1629/1620 1630/1630/1621
f 1587/1587/1578 1629/1629/1620 1583/1583/1574
f 1628/1628/1619 1631/1631/1622 1629/1629/1620
f 1632/1632/1623 1626/1626/1617 1625/1625/1616
f 1481/1481/1472 1482/1482/1473 1633/1633/1624
f 1633/1633/1624 1634/1634/1625 1590/1590/1581
f 1590/1590/1581 1634/1634/1625 1586/1586/1577
f 1634/1634/1625 1633/1633/1624 1625/1625/1616
f 1634/1634/1625 1630/1630/1621 1586/1586/1577
f 1625/1625/1616 1630/1630/1621 1634/1634/1625
f 1635/1635/1626 1636/1636/1627 1637/1637/1628
f 1627/1627/1618 1626/1626/1617 1635/1635/1626
f 1621/1621/1612 1636/1636/1627 1635/1635/1626
f 1638/1638/1629 1628/1628/1619 1627/1627/1618
f 1631/1631/1622 1639/1639/1630 1640/1640/1631
f 1482/1482/1473 1479/1479/1470 1632/1632/1623
f 1632/1632/1623 1479/1479/1470 1624/1624/1615
f 1641/1641/1632 1642/1642/1633 1631/1631/1622
f 1640/1640/1631 1641/1641/1632 1631/1631/1622
f 1643/1643/1634 1616/1616/1607 1615/1615/1606
f 1643/1643/1634 1644/1644/1635 1616/1616/1607
f 1616/1616/1607 1644/1644/1635 1623/1623/1614
f 1643/1643/1634 1645/1645/1636 1644/1644/1635
f 1621/1621/1612 1646/1646/1637 1636/1636/1627
f 1647/1647/1638 1646/1646/1637 1648/1648/1639
f 1647/1647/1638 1636/1636/1627 1646/1646/1637
f 1647/1647/1638 1637/1637/1628 1636/1636/1627
f 1649/1649/1640 1492/1492/1483 1650/1650/1641
f 1650/1650/1641 1492/1492/1483 1497/1497/1488
f 1651/1651/1642 1649/1649/1640 1650/1650/1641
f 1650/1650/1641 1497/1497/1488 1496/1496/1487
f 1651/1651/1642 1650/1650/1641 1496/1496/1487
f 1652/1652/1643 1653/1653/1644 1654/1654/1645
f 1652/1652/1643 1512/1512/1503 1513/1513/1504
f 1654/1654/1645 1512/1512/1503 1652/1652/1643
f 1652/1652/1643 1655/1655/1646 1653/1653/1644
f 1513/1513/1504 1655/1655/1646 1652/1652/1643
f 1544/1544/1535 1656/1656/1647 1657/1657/1648
f 1658/1658/1649 1659/1659/1650 1660/1660/1651
f 1661/1661/1652 1662/1662/1653 1663/1663/1654
f 1664/1664/1655 1662/1662/1653 1665/1665/1656
f 1666/1666/1657 1662/1662/1653 1664/1664/1655
f 1663/1663/1654 1662/1662/1653 1666/1666/1657
f 1665/1665/1656 1662/1662/1653 1661/1661/1652
f 1660/1660/1651 1659/1659/1650 1667/1667/1658
f 1668/1668/1659 1543/1543/1534 1542/1542/1533
f 1649/1649/1640 1669/1669/1660 1668/1668/1659
f 1668/1668/1659 1669/1669/1660 1660/1660/1651
f 1651/1651/1642 1654/1654/1645 1670/1670/1661
f 1664/1664/1655 1660/1660/1651 1669/1669/1660
f 1658/1658/1649 1671/1671/1662 1672/1672/1663
f 1673/1673/1664 1659/1659/1650 1672/1672/1663
f 1672/1672/1663 1659/1659/1650 1658/1658/1649
f 1674/1674/1665 1665/1665/1656 1661/1661/1652
f 1675/1675/1666 1674/1674/1665 1676/1676/1667
f 1675/1675/1666 1677/1677/1668 1671/1671/1662
f 1675/1675/1666 1671/1671/1662 1674/1674/1665
f 1667/1667/1658 1659/1659/1650 1673/1673/1664
f 1673/1673/1664 1678/1678/1669 1656/1656/1647
f 1667/1667/1658 1544/1544/1535 1543/1543/1534
f 1666/1666/1657 1679/1679/1670 1663/1663/1654
f 1661/1661/1652 1663/1663/1654 1680/1680/1671
f 1663/1663/1654 1679/1679/1670 1680/1680/1671
f 1681/1681/1672 1682/1682/1673 1683/1683/1674
f 1684/1684/1675 1681/1681/1672 1679/1679/1670
f 1653/1653/1644 1685/1685/1676 1684/1684/1675
f 1685/1685/1676 1681/1681/1672 1684/1684/1675
f 1686/1686/1677 1545/1545/1536 1552/1552/1543
f 1687/1687/1678 1688/1688/1679 1689/1689/1680
f 1690/1690/1681 1691/1691/1682 1692/1692/1683
f 1693/1693/1684 1680/1680/1671 1683/1683/1674
f 1682/1682/1673 1690/1690/1681 1683/1683/1674
f 1694/1694/1685 1695/1695/1686 1689/1689/1680
f 1694/1694/1685 1696/1696/1687 1697/1697/1688
f 1551/1551/1542 1688/1688/1679 1552/1552/1543
f 1694/1694/1685 1689/1689/1680 1688/1688/1679
f 1696/1696/1687 1551/1551/1542 1554/1554/1545
f 1565/1565/1556 1698/1698/1689 1699/1699/1690
f 1700/1700/1691 1698/1698/1689 1565/1565/1556
f 1698/1698/1689 1701/1701/1692 1699/1699/1690
f 1698/1698/1689 1700/1700/1691 1702/1702/1693
f 1702/1702/1693 1701/1701/1692 1698/1698/1689
f 1703/1703/1694 1704/1704/1695 1705/1705/1696
f 1706/1706/1697 1707/1707/1698 1708/1708/1699
f 1706/1706/1697 1709/1709/1700 1707/1707/1698
f 1710/1710/1701 1706/1706/1697 1708/1708/1699
f 1699/1699/1690 1701/1701/1692 1573/1573/1564
f 1573/1573/1564 1710/1710/1701 1574/1574/1565
f 1711/1711/1702 1712/1712/1703 1678/1678/1669
f 1713/1713/1704 1714/1714/1705 1715/1715/1706
f 1715/1715/1706 1716/1716/1707 1712/1712/1703
f 1717/1717/1708 1718/1718/1709 1676/1676/1667
f 1677/1677/1668 1718/1718/1709 1719/1719/1710
f 1675/1675/1666 1718/1718/1709 1677/1677/1668
f 1676/1676/1667 1718/1718/1709 1675/1675/1666
f 1718/1718/1709 1717/1717/1708 1719/1719/1710
f 1720/1720/1711 1656/1656/1647 1678/1678/1669
f 1721/1721/1712 1722/1722/1713 1702/1702/1693
f 1709/1709/1700 1722/1722/1713 1703/1703/1694
f 1723/1723/1714 1716/1716/1707 1715/1715/1706
f 1702/1702/1693 1722/1722/1713 1709/1709/1700
f 1692/1692/1683 1691/1691/1682 1724/1724/1715
f 1725/1725/1716 1726/1726/1717 1727/1727/1718
f 1691/1691/1682 1728/1728/1719 1724/1724/1715
f 1727/1727/1718 1726/1726/1717 1729/1729/1720
f 1696/1696/1687 1730/1730/1721 1697/1697/1688
f 1730/1730/1721 1729/1729/1720 1697/1697/1688
f 1731/1731/1722 1732/1732/1723 1733/1733/1724
f 1734/1734/1725 1735/1735/1726 1725/1725/1716
f 1736/1736/1727 1737/1737/1728 1738/1738/1729
f 1729/1729/1720 1739/1739/1730 1727/1727/1718
f 1725/1725/1716 1727/1727/1718 1740/1740/1731
f 1727/1727/1718 1739/1739/1730 1740/1740/1731
f 1739/1739/1730 1741/1741/1732 1740/1740/1731
f 1730/1730/1721 1579/1579/1570 1742/1742/1733
f 1579/1579/1570 1743/1743/1734 1742/1742/1733
f 1743/1743/1734 1744/1744/1735 1742/1742/1733
f 1745/1745/1736 1746/1746/1737 1747/1747/1738
f 1748/1748/1739 1745/1745/1736 1747/1747/1738
f 1745/1745/1736 1741/1741/1732 1749/1749/1740
f 1749/1749/1740 1741/1741/1732 1744/1744/1735
f 1749/1749/1740 1737/1737/1728 1750/1750/1741
f 1743/1743/1734 1738/1738/1729 1744/1744/1735
f 1751/1751/1742 1752/1752/1743 1705/1705/1696
f 1753/1753/1744 1708/1708/1699 1707/1707/1698
f 1754/1754/1745 1710/1710/1701 1708/1708/1699
f 1754/1754/1745 1708/1708/1699 1753/1753/1744
f 1755/1755/1746 1756/1756/1747 1757/1757/1748
f 1758/1758/1749 1755/1755/1746 1757/1757/1748
f 1752/1752/1743 1759/1759/1750 1753/1753/1744
f 1760/1760/1751 1759/1759/1750 1752/1752/1743
f 1760/1760/1751 1761/1761/1752 1759/1759/1750
f 1754/1754/1745 1762/1762/1753 1601/1601/1592
f 1762/1762/1753 1618/1618/1609 1601/1601/1592
f 1762/1762/1753 1763/1763/1754 1618/1618/1609
f 1755/1755/1746 1761/1761/1752 1760/1760/1751
f 1764/1764/1755 1758/1758/1749 1765/1765/1756
f 1763/1763/1754 1761/1761/1752 1764/1764/1755
f 1764/1764/1755 1766/1766/1757 1763/1763/1754
f 1767/1767/1758 1768/1768/1759 1766/1766/1757
f 1766/1766/1757 1768/1768/1759 1619/1619/1610
f 1769/1769/1760 1737/1737/1728 1736/1736/1727
f 1770/1770/1761 1637/1637/1628 1771/1771/1762
f 1638/1638/1629 1637/1637/1628 1770/1770/1761
f 1770/1770/1761 1771/1771/1762 1772/1772/1763
f 1638/1638/1629 1770/1770/1761 1639/1639/1630
f 1639/1639/1630 1770/1770/1761 1772/1772/1763
f 1750/1750/1741 1773/1773/1764 1746/1746/1737
f 1774/1774/1765 1775/1775/1766 1776/1776/1767
f 1775/1775/1766 1747/1747/1738 1746/1746/1737
f 1773/1773/1764 1777/1777/1768 1776/1776/1767
f 1750/1750/1741 1778/1778/1769 1773/1773/1764
f 1769/1769/1760 1779/1779/1770 1778/1778/1769
f 1641/1641/1632 1780/1780/1771 1781/1781/1772
f 1782/1782/1773 1783/1783/1774 1784/1784/1775
f 1774/1774/1765 1776/1776/1767 1785/1785/1776
f 1785/1785/1776 1782/1782/1773 1784/1784/1775
f 1782/1782/1773 1777/1777/1768 1786/1786/1777
f 1786/1786/1777 1777/1777/1768 1787/1787/1778
f 1788/1788/1779 1789/1789/1780 1790/1790/1781
f 1641/1641/1632 1640/1640/1631 1780/1780/1771
f 1791/1791/1782 1792/1792/1783 1757/1757/1748
f 1758/1758/1749 1757/1757/1748 1792/1792/1783
f 1793/1793/1784 1794/1794/1785 1792/1792/1783
f 1795/1795/1786 1796/1796/1787 1797/1797/1788
f 1798/1798/1789 1767/1767/1758 1765/1765/1756
f 1794/1794/1785 1798/1798/1789 1765/1765/1756
f 1798/1798/1789 1794/1794/1785 1797/1797/1788
f 1799/1799/1790 1767/1767/1758 1798/1798/1789
f 1797/1797/1788 1799/1799/1790 1798/1798/1789
f 1645/1645/1636 1800/1800/1791 1801/1801/1792
f 1800/1800/1791 1802/1802/1793 1803/1803/1794
f 1801/1801/1792 1800/1800/1791 1804/1804/1795
f 1645/1645/1636 1801/1801/1792 1648/1648/1639
f 1805/1805/1796 1806/1806/1797 1807/1807/1798
f 1808/1808/1799 1809/1809/1800 1793/1793/1784
f 1793/1793/1784 1809/1809/1800 1795/1795/1786
f 1795/1795/1786 1807/1807/1798 1796/1796/1787
f 1810/1810/1801 1811/1811/1802 1812/1812/1803
f 1807/1807/1798 1806/1806/1797 1813/1813/1804
f 1804/1804/1795 1814/1814/1805 1811/1811/1802
f 1801/1801/1792 1815/1815/1806 1648/1648/1639
f 1804/1804/1795 1815/1815/1806 1801/1801/1792
f 1815/1815/1806 1804/1804/1795 1816/1816/1807
f 1817/1817/1808 1818/1818/1809 1771/1771/1762
f 1819/1819/1810 1818/1818/1809 1820/1820/1811
f 1819/1819/1810 1789/1789/1780 1772/1772/1763
f 1818/1818/1809 1821/1821/1812 1820/1820/1811
f 1822/1822/1813 1823/1823/1814 1824/1824/1815
f 1810/1810/1801 1825/1825/1816 1811/1811/1802
f 1826/1826/1817 1827/1827/1818 1828/1828/1819
f 1827/1827/1818 1829/1829/1820 1828/1828/1819
f 1830/1830/1821 1825/1825/1816 1824/1824/1815
f 1831/1831/1822 1816/1816/1807 1830/1830/1821
f 1825/1825/1816 1830/1830/1821 1816/1816/1807
f 1830/1830/1821 1824/1824/1815 1832/1832/1823
f 1832/1832/1823 1831/1831/1822 1830/1830/1821
f 1829/1829/1820 1832/1832/1823 1824/1824/1815
f 1832/1832/1823 1821/1821/1812 1831/1831/1822
f 1821/1821/1812 1832/1832/1823 1829/1829/1820
f 1790/1790/1781 1833/1833/1824 1834/1834/1825
f 1834/1834/1825 1833/1833/1824 1835/1835/1826
f 1836/1836/1827 1837/1837/1828 1838/1838/1829
f 1839/1839/1830 1835/1835/1826 1840/1840/1831
f 1836/1836/1827 1838/1838/1829 1841/1841/1832
f 1789/1789/1780 1819/1819/1810 1790/1790/1781
f 1820/1820/1811 1842/1842/1833 1833/1833/1824
f 1843/1843/1834 1844/1844/1835 1845/1845/1836
f 1840/1840/1831 1842/1842/1833 1843/1843/1834
f 1826/1826/1817 1844/1844/1835 1843/1843/1834
f 1846/1846/1837 1839/1839/1830 1840/1840/1831
f 1838/1838/1829 1847/1847/1838 1841/1841/1832
f 1827/1827/1818 1842/1842/1833 1820/1820/1811
f 1848/1848/1839 1806/1806/1797 1805/1805/1796
f 1849/1849/1840 1850/1850/1841 1851/1851/1842
f 1848/1848/1839 1852/1852/1843 1806/1806/1797
f 1853/1853/1844 1850/1850/1841 1812/1812/1803
f 1854/1854/1845 1855/1855/1846 1851/1851/1842
f 1851/1851/1842 1855/1855/1846 1856/1856/1847
f 1810/1810/1801 1849/1849/1840 1822/1822/1813
f 1857/1857/1848 1849/1849/1840 1851/1851/1842
f 1858/1858/1849 1823/1823/1814 1822/1822/1813
f 1859/1859/1850 1858/1858/1849 1857/1857/1848
f 1860/1860/1851 1861/1861/1852 1862/1862/1853
f 1823/1823/1814 1861/1861/1852 1828/1828/1819
f 1863/1863/1854 1858/1858/1849 1859/1859/1850
f 1863/1863/1854 1862/1862/1853 1861/1861/1852
f 1864/1864/1855 1865/1865/1856 1866/1866/1857
f 1857/1857/1848 1867/1867/1858 1859/1859/1850
f 1863/1863/1854 1868/1868/1859 1862/1862/1853
f 1869/1869/1860 1862/1862/1853 1868/1868/1859
f 1866/1866/1857 1865/1865/1856 1870/1870/1861
f 1871/1871/1862 1866/1866/1857 1870/1870/1861
f 1826/1826/1817 1860/1860/1851 1844/1844/1835
f 1872/1872/1863 1844/1844/1835 1860/1860/1851
f 1872/1872/1863 1845/1845/1836 1844/1844/1835
f 1873/1873/1864 1874/1874/1865 1875/1875/1866
f 1876/1876/1867 1873/1873/1864 1875/1875/1866
f 1877/1877/1868 1878/1878/1869 1879/1879/1870
f 1876/1876/1867 1869/1869/1860 1873/1873/1864
f 1880/1880/1871 1874/1874/1865 1873/1873/1864
f 1881/1881/1872 1882/1882/1873 1883/1883/1874
f 1884/1884/1875 1885/1885/1876 1886/1886/1877
f 1881/1881/1872 1885/1885/1876 1882/1882/1873
f 1882/1882/1873 1885/1885/1876 1887/1887/1878
f 1888/1888/1879 1889/1889/1880 1886/1886/1877
f 1886/1886/1877 1889/1889/1880 1890/1890/1881
f 1880/1880/1871 1884/1884/1875 1874/1874/1865
f 1891/1891/1882 1874/1874/1865 1884/1884/1875
f 1891/1891/1882 1875/1875/1866 1874/1874/1865
f 1890/1890/1881 1892/1892/1883 1886/1886/1877
f 1893/1893/1884 1894/1894/1885 1676/1676/1667
f 1895/1895/1886 1896/1896/1887 1894/1894/1885
f 1895/1895/1886 1893/1893/1884 1693/1693/1684
f 1894/1894/1885 1893/1893/1884 1895/1895/1886
f 1895/1895/1886 1692/1692/1683 1896/1896/1887
f 1693/1693/1684 1692/1692/1683 1895/1895/1886
f 1897/1897/1888 1898/1898/1889 1899/1899/1890
f 1900/1900/1891 1713/1713/1704 1719/1719/1710
f 1900/1900/1891 1714/1714/1705 1713/1713/1704
f 1900/1900/1891 1901/1901/1892 1714/1714/1705
f 1902/1902/1893 1903/1903/1894 1717/1717/1708
f 1903/1903/1894 1902/1902/1893 1904/1904/1895
f 1904/1904/1895 1905/1905/1896 1903/1903/1894
f 1906/1906/1897 1907/1907/1898 1908/1908/1899
f 1906/1906/1897 1908/1908/1899 1909/1909/1900
f 1910/1910/1901 1911/1911/1902 1912/1912/1903
f 1913/1913/1904 1914/1914/1905 1915/1915/1906
f 1898/1898/1889 1897/1897/1888 1916/1916/1907
f 1906/1906/1897 1916/1916/1907 1917/1917/1908
f 1901/1901/1892 1917/1917/1908 1916/1916/1907
f 1913/1913/1904 1906/1906/1897 1917/1917/1908
f 1901/1901/1892 1905/1905/1896 1917/1917/1908
f 1913/1913/1904 1917/1917/1908 1905/1905/1896
f 1918/1918/1909 1919/1919/1910 1920/1920/1911
f 1920/1920/1911 1921/1921/1912 1918/1918/1909
f 1902/1902/1893 1922/1922/1913 1904/1904/1895
f 1896/1896/1887 1923/1923/1914 1922/1922/1913
f 1923/1923/1914 1920/1920/1911 1922/1922/1913
f 1923/1923/1914 1724/1724/1715 1733/1733/1724
f 1920/1920/1911 1924/1924/1915 1921/1921/1912
f 1911/1911/1902 1910/1910/1901 1925/1925/1916
f 1925/1925/1916 1918/1918/1909 1926/1926/1917
f 1914/1914/1905 1919/1919/1910 1910/1910/1901
f 1927/1927/1918 1928/1928/1919 1926/1926/1917
f 1929/1929/1920 1928/1928/1919 1927/1927/1918
f 1930/1930/1921 1927/1927/1918 1921/1921/1912
f 1904/1904/1895 1919/1919/1910 1914/1914/1905
f 1732/1732/1723 1924/1924/1915 1733/1733/1724
f 1931/1931/1922 1924/1924/1915 1732/1732/1723
f 1735/1735/1726 1734/1734/1725 1932/1932/1923
f 1933/1933/1924 1934/1934/1925 1930/1930/1921
f 1935/1935/1926 1936/1936/1927 1937/1937/1928
f 1932/1932/1923 1936/1936/1927 1938/1938/1929
f 1939/1939/1930 1734/1734/1725 1748/1748/1739
f 1939/1939/1930 1747/1747/1738 1940/1940/1931
f 1748/1748/1739 1747/1747/1738 1939/1939/1930
f 1705/1705/1696 1941/1941/1932 1751/1751/1742
f 1942/1942/1933 1943/1943/1934 1944/1944/1935
f 1945/1945/1936 1942/1942/1933 1944/1944/1935
f 1756/1756/1747 1946/1946/1937 1757/1757/1748
f 1908/1908/1899 1947/1947/1938 1909/1909/1900
f 1948/1948/1939 1949/1949/1940 1950/1950/1941
f 1951/1951/1942 1952/1952/1943 1953/1953/1944
f 1954/1954/1945 1955/1955/1946 1912/1912/1903
f 1907/1907/1898 1955/1955/1946 1956/1956/1947
f 1915/1915/1906 1955/1955/1946 1907/1907/1898
f 1912/1912/1903 1955/1955/1946 1915/1915/1906
f 1955/1955/1946 1954/1954/1945 1956/1956/1947
f 1953/1953/1944 1957/1957/1948 1958/1958/1949
f 1957/1957/1948 1959/1959/1950 1751/1751/1742
f 1957/1957/1948 1960/1960/1951 1959/1959/1950
f 1942/1942/1933 1952/1952/1943 1951/1951/1942
f 1961/1961/1952 1945/1945/1936 1962/1962/1953
f 1960/1960/1951 1952/1952/1943 1961/1961/1952
f 1961/1961/1952 1962/1962/1953 1946/1946/1937
f 1960/1960/1951 1756/1756/1747 1959/1959/1950
f 1963/1963/1954 1964/1964/1955 1965/1965/1956
f 1934/1934/1925 1966/1966/1957 1929/1929/1920
f 1965/1965/1956 1967/1967/1958 1968/1968/1959
f 1969/1969/1960 1970/1970/1961 1971/1971/1962
f 1940/1940/1931 1747/1747/1738 1775/1775/1766
f 1937/1937/1928 1940/1940/1931 1972/1972/1963
f 1937/1937/1928 1972/1972/1963 1967/1967/1958
f 1972/1972/1963 1969/1969/1960 1967/1967/1958
f 1973/1973/1964 1974/1974/1965 1969/1969/1960
f 1969/1969/1960 1974/1974/1965 1970/1970/1961
f 1975/1975/1966 1968/1968/1959 1976/1976/1967
f 1976/1976/1967 1971/1971/1962 1977/1977/1968
f 1976/1976/1967 1968/1968/1959 1971/1971/1962
f 1978/1978/1969 1979/1979/1970 1977/1977/1968
f 1980/1980/1971 1979/1979/1970 1978/1978/1969
f 1980/1980/1971 1978/1978/1969 1981/1981/1972
f 1982/1982/1973 1983/1983/1974 1981/1981/1972
f 1973/1973/1964 1774/1774/1765 1785/1785/1776
f 1984/1984/1975 1784/1784/1775 1985/1985/1976
f 1984/1984/1975 1974/1974/1965 1973/1973/1964
f 1974/1974/1965 1984/1984/1975 1982/1982/1973
f 1982/1982/1973 1970/1970/1961 1974/1974/1965
f 1986/1986/1977 1987/1987/1978 1944/1944/1935
f 1945/1945/1936 1944/1944/1935 1987/1987/1978
f 1757/1757/1748 1946/1946/1937 1791/1791/1782
f 1988/1988/1979 1989/1989/1980 1990/1990/1981
f 1991/1991/1982 1988/1988/1979 1990/1990/1981
f 1992/1992/1983 1993/1993/1984 1987/1987/1978
f 1992/1992/1983 1994/1994/1985 1993/1993/1984
f 1993/1993/1984 1995/1995/1986 1962/1962/1953
f 1995/1995/1986 1808/1808/1799 1791/1791/1782
f 1995/1995/1986 1996/1996/1987 1808/1808/1799
f 1988/1988/1979 1994/1994/1985 1992/1992/1983
f 1997/1997/1988 1991/1991/1982 1998/1998/1989
f 1996/1996/1987 1994/1994/1985 1997/1997/1988
f 1997/1997/1988 1999/1999/1990 1996/1996/1987
f 2000/2000/1991 1805/1805/1796 1999/1999/1990
f 1999/1999/1990 1805/1805/1796 1809/1809/1800
f 1980/1980/1971 2001/2001/1992 2002/2002/1993
f 2003/2003/1994 2001/2001/1992 2004/2004/1995
f 2004/2004/1995 2005/2005/1996 2003/2003/1994
f 1981/1981/1972 2001/2001/1992 1980/1980/1971
f 1985/1985/1976 1784/1784/1775 1836/1836/1827
f 1985/1985/1976 2006/2006/1997 1983/1983/1974
f 1841/1841/1832 2007/2007/1998 2006/2006/1997
f 2006/2006/1997 2004/2004/1995 1983/1983/1974
f 2003/2003/1994 2005/2005/1996 2008/2008/1999
f 2009/2009/2000 2010/2010/2001 2008/2008/1999
f 2009/2009/2000 2008/2008/1999 2011/2011/2002
f 2012/2012/2003 2013/2013/2004 2011/2011/2002
f 2014/2014/2005 1845/1845/1836 2015/2015/2006
f 1846/1846/1837 1845/1845/1836 2014/2014/2005
f 2007/2007/1998 2016/2016/2007 2012/2012/2003
f 2012/2012/2003 2005/2005/1996 2007/2007/1998
f 2017/2017/2008 2018/2018/2009 1990/1990/1981
f 1991/1991/1982 1990/1990/1981 2018/2018/2009
f 2019/2019/2010 2020/2020/2011 2018/2018/2009
f 2019/2019/2010 2021/2021/2012 2020/2020/2011
f 2022/2022/2013 2000/2000/1991 1998/1998/1989
f 2020/2020/2011 2022/2022/2013 1998/1998/1989
f 2023/2023/2014 2000/2000/1991 2022/2022/2013
f 1848/1848/1839 2023/2023/2014 2024/2024/2015
f 2023/2023/2014 2025/2025/2016 2024/2024/2015
f 2026/2026/2017 2027/2027/2018 2019/2019/2010
f 2027/2027/2018 2028/2028/2019 2029/2029/2020
f 2030/2030/2021 2021/2021/2012 2029/2029/2020
f 2030/2030/2021 2029/2029/2020 2031/2031/2022
f 2031/2031/2022 2032/2032/2023 2033/2033/2024
f 2034/2034/2025 2021/2021/2012 2030/2030/2021
f 2035/2035/2026 2030/2030/2021 2031/2031/2022
f 2025/2025/2016 2034/2034/2025 2035/2035/2026
f 2030/2030/2021 2035/2035/2026 2034/2034/2025
f 2035/2035/2026 2031/2031/2022 2036/2036/2027
f 2036/2036/2027 2025/2025/2016 2035/2035/2026
f 2037/2037/2028 2036/2036/2027 2038/2038/2029
f 2039/2039/2030 2040/2040/2031 2041/2041/2032
f 1867/1867/1858 1856/1856/1847 2041/2041/2032
f 2041/2041/2032 1856/1856/1847 2039/2039/2030
f 2040/2040/2031 1883/1883/1874 2041/2041/2032
f 2041/2041/2032 1883/1883/1874 1867/1867/1858
f 2042/2042/2033 2009/2009/2000 2043/2043/2034
f 2013/2013/2004 2044/2044/2035 2011/2011/2002
f 1872/1872/1863 2045/2045/2036 2046/2046/2037
f 2046/2046/2037 2045/2045/2036 2047/2047/2038
f 2046/2046/2037 2048/2048/2039 2015/2015/2006
f 2015/2015/2006 2048/2048/2039 2049/2049/2040
f 2050/2050/2041 2051/2051/2042 2052/2052/2043
f 2053/2053/2044 2054/2054/2045 2055/2055/2046
f 2056/2056/2047 2057/2057/2048 2055/2055/2046
f 2054/2054/2045 2056/2056/2047 2055/2055/2046
f 2047/2047/2038 2045/2045/2036 1876/1876/1867
f 2058/2058/2049 1875/1875/1866 2059/2059/2050
f 2058/2058/2049 2060/2060/2051 2047/2047/2038
f 2060/2060/2051 2058/2058/2049 2056/2056/2047
f 2044/2044/2035 2061/2061/2052 2043/2043/2034
f 2043/2043/2034 2061/2061/2052 2062/2062/2053
f 2061/2061/2052 2063/2063/2054 2062/2062/2053
f 2044/2044/2035 2052/2052/2043 2061/2061/2052
f 2052/2052/2043 2063/2063/2054 2061/2061/2052
f 2064/2064/2055 2065/2065/2056 2066/2066/2057
f 2067/2067/2058 2062/2062/2053 2068/2068/2059
f 2068/2068/2059 2064/2064/2055 2066/2066/2057
f 2053/2053/2044 2069/2069/2060 2070/2070/2061
f 2071/2071/2062 2063/2063/2054 2052/2052/2043
f 2072/2072/2063 2073/2073/2064 2074/2074/2065
f 2075/2075/2066 2072/2072/2063 2074/2074/2065
f 2076/2076/2067 2075/2075/2066 2074/2074/2065
f 2075/2075/2066 2077/2077/2068 2032/2032/2023
f 2033/2033/2024 2032/2032/2023 2077/2077/2068
f 2078/2078/2069 2038/2038/2029 2033/2033/2024
f 2078/2078/2069 2079/2079/2070 2038/2038/2029
f 2077/2077/2068 2080/2080/2071 2081/2081/2072
f 2082/2082/2073 2083/2083/2074 2084/2084/2075
f 2073/2073/2064 2085/2085/2076 2074/2074/2065
f 2074/2074/2065 2085/2085/2076 2076/2076/2067
f 2076/2076/2067 2084/2084/2075 2080/2080/2071
f 2086/2086/2077 2087/2087/2078 2088/2088/2079
f 2084/2084/2075 2083/2083/2074 2089/2089/2080
f 2081/2081/2072 2080/2080/2071 2090/2090/2081
f 2091/2091/2082 2092/2092/2083 2093/2093/2084
f 2092/2092/2083 2091/2091/2082 2094/2094/2085
f 2095/2095/2086 2040/2040/2031 2092/2092/2083
f 1881/1881/1872 2095/2095/2086 1888/1888/1879
f 2095/2095/2086 2096/2096/2087 1888/1888/1879
f 2097/2097/2088 2098/2098/2089 2099/2099/2090
f 2086/2086/2077 2100/2100/2091 2087/2087/2078
f 2099/2099/2090 2098/2098/2089 2101/2101/2092
f 2102/2102/2093 2100/2100/2091 2099/2099/2090
f 2096/2096/2087 2094/2094/2085 2102/2102/2093
f 2100/2100/2091 2102/2102/2093 2094/2094/2085
f 2102/2102/2093 2099/2099/2090 2103/2103/2094
f 2103/2103/2094 2096/2096/2087 2102/2102/2093
f 1889/1889/1880 2103/2103/2094 2104/2104/2095
f 2105/2105/2096 2106/2106/2097 2107/2107/2098
f 2108/2108/2099 2109/2109/2100 2110/2110/2101
f 2111/2111/2102 2109/2109/2100 2112/2112/2103
f 2111/2111/2102 2110/2110/2101 2109/2109/2100
f 2113/2113/2104 2106/2106/2097 2105/2105/2096
f 1891/1891/1882 1892/1892/1883 2114/2114/2105
f 2114/2114/2105 2115/2115/2106 2059/2059/2050
f 2059/2059/2050 2115/2115/2106 2057/2057/2048
f 2115/2115/2106 2114/2114/2105 2105/2105/2096
f 2115/2115/2106 2112/2112/2103 2057/2057/2048
f 2116/2116/2107 2117/2117/2107 2118/2118/2107
f 2119/2119/2108 2120/2120/2109 2107/2107/2098
f 2119/2119/2108 2106/2106/2097 2121/2121/2110
f 2107/2107/2098 2106/2106/2097 2119/2119/2108
f 2111/2111/2102 2122/2122/2111 2110/2110/2101
f 2123/2123/2112 2122/2122/2111 2124/2124/2113
f 2120/2120/2109 2125/2125/2114 2124/2124/2113
f 2122/2122/2111 2120/2120/2109 2124/2124/2113
f 2126/2126/2115 2127/2127/2115 2128/2128/2115
f 2121/2121/2110 2129/2129/2116 2130/2130/2117
f 1892/1892/1883 1890/1890/1881 2113/2113/2104
f 2053/2053/2044 2108/2108/2099 2069/2069/2060
f 2131/2131/2118 2069/2069/2060 2108/2108/2099
f 2132/2132/2119 2066/2066/2057 2065/2065/2056
f 2133/2133/2120 2134/2134/2121 2110/2110/2101
f 2135/2135/2122 2083/2083/2074 2082/2082/2073
f 2136/2136/2123 2137/2137/2124 2138/2138/2125
f 2135/2135/2122 2139/2139/2126 2083/2083/2074
f 2083/2083/2074 2139/2139/2126 2089/2089/2080
f 2140/2140/2127 2141/2141/2128 2142/2142/2129
f 2142/2142/2129 2141/2141/2128 2143/2143/2130
f 2086/2086/2077 2136/2136/2123 2097/2097/2088
f 2144/2144/2131 2136/2136/2123 2138/2138/2125
f 2145/2145/2132 2098/2098/2089 2097/2097/2088
f 2146/2146/2133 2145/2145/2132 2144/2144/2131
f 2145/2145/2132 2147/2147/2134 2098/2098/2089
f 2101/2101/2092 2098/2098/2089 2147/2147/2134
f 2148/2148/2135 2104/2104/2095 2101/2101/2092
f 2148/2148/2135 2129/2129/2116 2104/2104/2095
f 2147/2147/2134 2149/2149/2136 2150/2150/2137
f 2146/2146/2133 2151/2151/2138 2152/2152/2139
f 2144/2144/2131 2151/2151/2138 2146/2146/2133
f 2152/2152/2139 2153/2153/2140 2154/2154/2141
f 2155/2155/2142 2154/2154/2141 2156/2156/2143
f 2155/2155/2142 2149/2149/2136 2154/2154/2141
f 2150/2150/2137 2149/2149/2136 2155/2155/2142
f 2130/2130/2117 2157/2157/2144 2158/2158/2145
f 2158/2158/2145 2157/2157/2144 2159/2159/2146
f 2159/2159/2146 2125/2125/2114 2158/2158/2145
f 2125/2125/2114 2160/2160/2147 2124/2124/2113
f 2161/2161/2148 2159/2159/2146 2162/2162/2149
f 2124/2124/2113 2160/2160/2147 2123/2123/2112
f 2161/2161/2148 2163/2163/2150 2160/2160/2147
f 2129/2129/2116 2148/2148/2135 2130/2130/2117
f 2150/2150/2137 2164/2164/2151 2157/2157/2144
f 2165/2165/2152 2156/2156/2143 2166/2166/2153
f 2162/2162/2149 2165/2165/2152 2167/2167/2154
f 2156/2156/2143 2164/2164/2151 2155/2155/2142
f 2167/2167/2154 2161/2161/2148 2162/2162/2149
f 2163/2163/2150 2168/2168/2155 2169/2169/2156
f 2155/2155/2142 2164/2164/2151 2150/2150/2137
f 2170/2170/2157 2171/2171/2158 2163/2163/2150
f 2169/2169/2156 2170/2170/2157 2163/2163/2150
f 1911/1911/1902 2172/2172/2159 1912/1912/1903
f 2173/2173/2160 2174/2174/2161 2175/2175/2162
f 2173/2173/2160 2175/2175/2162 2176/2176/2163
f 2177/2177/2164 2174/2174/2161 2173/2173/2160
f 2178/2178/2165 1911/1911/1902 1925/1925/1916
f 2172/2172/2159 1911/1911/1902 2178/2178/2165
f 2173/2173/2160 2178/2178/2165 2179/2179/2166
f 2179/2179/2166 1926/1926/1917 1928/1928/1919
f 2180/2180/2167 2179/2179/2166 1928/1928/1919
f 2180/2180/2167 1928/1928/1919 1929/1929/1920
f 1943/1943/1934 2181/2181/2168 1944/1944/1935
f 2182/2182/2169 2183/2183/2170 2184/2184/2171
f 2184/2184/2171 2185/2185/2172 2182/2182/2169
f 2186/2186/2173 1948/1948/1939 1956/1956/1947
f 2184/2184/2171 2183/2183/2170 2187/2187/2174
f 2186/2186/2173 1949/1949/1940 1948/1948/1939
f 2188/2188/2175 2189/2189/2176 1954/1954/1945
f 2186/2186/2173 2189/2189/2176 2184/2184/2171
f 2189/2189/2176 2188/2188/2175 2190/2190/2177
f 2191/2191/2178 2192/2192/2179 2193/2193/2180
f 2194/2194/2181 2183/2183/2170 2191/2191/2178
f 2191/2191/2178 2183/2183/2170 2182/2182/2169
f 2195/2195/2182 2196/2196/2183 2197/2197/2184
f 2198/2198/2185 2195/2195/2182 2199/2199/2186
f 2199/2199/2186 2195/2195/2182 2185/2185/2172
f 2187/2187/2174 2183/2183/2170 2194/2194/2181
f 2200/2200/2187 2201/2201/2188 2181/2181/2168
f 2202/2202/2189 1943/1943/1934 2203/2203/2190
f 2204/2204/2191 2205/2205/2191 2206/2206/2191
f 2175/2175/2162 2207/2207/2192 2176/2176/2163
f 2208/2208/2193 2207/2207/2192 2175/2175/2162
f 2175/2175/2162 2174/2174/2161 2208/2208/2193
f 2208/2208/2193 2174/2174/2161 2209/2209/2194
f 2177/2177/2164 2209/2209/2194 2174/2174/2161
f 2188/2188/2175 2172/2172/2159 2176/2176/2163
f 2207/2207/2192 2210/2210/2195 2190/2190/2177
f 2180/2180/2167 2211/2211/2196 2177/2177/2164
f 2209/2209/2194 2212/2212/2197 2213/2213/2198
f 2214/2214/2199 2198/2198/2185 2215/2215/2200
f 2215/2215/2200 2216/2216/2201 2217/2217/2202
f 2199/2199/2186 2210/2210/2195 2198/2198/2185
f 2218/2218/2203 2219/2219/2204 2217/2217/2202
f 2220/2220/2205 2219/2219/2204 2218/2218/2203
f 2221/2221/2206 2218/2218/2203 2213/2213/2198
f 2190/2190/2177 2210/2210/2195 2199/2199/2186
f 2221/2221/2206 2213/2213/2198 2212/2212/2197
f 2211/2211/2196 2222/2222/2207 2223/2223/2208
f 2211/2211/2196 2223/2223/2208 2212/2212/2197
f 2224/2224/2209 2225/2225/2210 2226/2226/2211
f 1963/1963/1954 1975/1975/1966 2225/2225/2210
f 1975/1975/1966 2226/2226/2211 2225/2225/2210
f 2227/2227/2212 2228/2228/2213 2229/2229/2214
f 2230/2230/2215 2231/2231/2216 2232/2232/2217
f 2233/2233/2218 2228/2228/2213 2227/2227/2212
f 2230/2230/2215 2234/2234/2219 2227/2227/2212
f 2230/2230/2215 2226/2226/2211 2234/2234/2219
f 2227/2227/2212 2234/2234/2219 2235/2235/2220
f 2235/2235/2220 1977/1977/1968 1979/1979/1970
f 2236/2236/2221 2235/2235/2220 1979/1979/1970
f 2236/2236/2221 1979/1979/1970 1980/1980/1971
f 1944/1944/1935 2181/2181/2168 1986/1986/1977
f 1989/1989/1980 2237/2237/2222 1990/1990/1981
f 2238/2238/2223 2239/2239/2224 2201/2201/2188
f 2240/2240/2225 2241/2241/2226 2242/2242/2227
f 2243/2243/2228 2193/2193/2180 2192/2192/2179
f 2242/2242/2227 2244/2244/2229 2239/2239/2224
f 2239/2239/2224 2245/2245/2230 2201/2201/2188
f 2245/2245/2230 2246/2246/2231 1986/1986/1977
f 2245/2245/2230 2247/2247/2232 2246/2246/2231
f 2248/2248/2233 2249/2249/2234 2250/2250/2235
f 2241/2241/2226 2251/2251/2236 2242/2242/2227
f 2251/2251/2236 2249/2249/2234 2248/2248/2233
f 2252/2252/2237 2244/2244/2229 2248/2248/2233
f 2247/2247/2232 2244/2244/2229 2252/2252/2237
f 2252/2252/2237 2253/2253/2238 2237/2237/2222
f 2247/2247/2232 1989/1989/1980 2246/2246/2231
f 2254/2254/2239 2255/2255/2240 2256/2256/2241
f 2231/2231/2216 2256/2256/2241 2255/2255/2240
f 2231/2231/2216 2229/2229/2214 2256/2256/2241
f 2254/2254/2239 2256/2256/2241 2257/2257/2242
f 2257/2257/2242 2256/2256/2241 2229/2229/2214
f 2233/2233/2218 2258/2258/2243 2228/2228/2213
f 2258/2258/2243 2259/2259/2244 2260/2260/2245
f 2261/2261/2246 2260/2260/2245 2262/2262/2247
f 2263/2263/2248 2264/2264/2249 2002/2002/1993
f 2263/2263/2248 2265/2265/2250 2264/2264/2249
f 2264/2264/2249 2258/2258/2243 2233/2233/2218
f 1980/1980/1971 2002/2002/1993 2236/2236/2221
f 2260/2260/2245 2259/2259/2244 2266/2266/2251
f 2267/2267/2252 2268/2268/2253 2266/2266/2251
f 2269/2269/2254 2266/2266/2251 2259/2259/2244
f 2010/2010/2001 2265/2265/2250 2263/2263/2248
f 2270/2270/2255 2265/2265/2250 2010/2010/2001
f 2271/2271/2256 2272/2272/2257 2269/2269/2254
f 2272/2272/2257 2271/2271/2256 2273/2273/2258
f 2270/2270/2255 2271/2271/2256 2269/2269/2254
f 2271/2271/2256 2274/2274/2259 2273/2273/2258
f 2274/2274/2259 2271/2271/2256 2270/2270/2255
f 1990/1990/1981 2237/2237/2222 2017/2017/2008
f 2250/2250/2235 2275/2275/2260 2253/2253/2238
f 2276/2276/2261 2277/2277/2262 2278/2278/2263
f 2276/2276/2261 2250/2250/2235 2249/2249/2234
f 2278/2278/2263 2279/2279/2264 2275/2275/2260
f 2275/2275/2260 2280/2280/2265 2253/2253/2238
f 2280/2280/2265 2026/2026/2017 2017/2017/2008
f 2280/2280/2265 2281/2281/2266 2026/2026/2017
f 2282/2282/2267 2283/2283/2268 2284/2284/2269
f 2277/2277/2262 2285/2285/2270 2278/2278/2263
f 2285/2285/2270 2283/2283/2268 2282/2282/2267
f 2286/2286/2271 2279/2279/2264 2282/2282/2267
f 2281/2281/2266 2279/2279/2264 2286/2286/2271
f 2286/2286/2271 2287/2287/2272 2281/2281/2266
f 2288/2288/2273 2028/2028/2019 2287/2287/2272
f 2287/2287/2272 2028/2028/2019 2027/2027/2018
f 2289/2289/2274 2267/2267/2252 2290/2290/2275
f 2272/2272/2257 2290/2290/2275 2267/2267/2252
f 2042/2042/2033 2274/2274/2259 2009/2009/2000
f 2290/2290/2275 2291/2291/2276 2292/2292/2277
f 2291/2291/2276 2293/2293/2278 2292/2292/2277
f 2273/2273/2258 2294/2294/2279 2291/2291/2276
f 2042/2042/2033 2067/2067/2058 2294/2294/2279
f 2067/2067/2058 2295/2295/2280 2294/2294/2279
f 2296/2296/2281 2292/2292/2277 2297/2297/2282
f 2297/2297/2282 2298/2298/2283 2299/2299/2284
f 2298/2298/2283 2293/2293/2278 2300/2300/2285
f 2300/2300/2285 2301/2301/2286 2298/2298/2283
f 2302/2302/2287 2303/2303/2288 2301/2301/2286
f 2300/2300/2285 2293/2293/2278 2295/2295/2280
f 2300/2300/2285 2304/2304/2289 2301/2301/2286
f 2300/2300/2285 2295/2295/2280 2304/2304/2289
f 2068/2068/2059 2066/2066/2057 2304/2304/2289
f 2301/2301/2286 2305/2305/2290 2302/2302/2287
f 2284/2284/2269 2306/2306/2291 2307/2307/2292
f 2308/2308/2293 2309/2309/2294 2310/2310/2295
f 2308/2308/2293 2284/2284/2269 2283/2283/2268
f 2310/2310/2295 2311/2311/2296 2306/2306/2291
f 2072/2072/2063 2028/2028/2019 2288/2288/2273
f 2312/2312/2297 2288/2288/2273 2307/2307/2292
f 2306/2306/2291 2312/2312/2297 2307/2307/2292
f 2312/2312/2297 2313/2313/2298 2073/2073/2064
f 2309/2309/2294 2314/2314/2299 2310/2310/2295
f 2314/2314/2299 2315/2315/2300 2316/2316/2301
f 2317/2317/2302 2311/2311/2296 2316/2316/2301
f 2317/2317/2302 2316/2316/2301 2318/2318/2303
f 2318/2318/2303 2319/2319/2304 2320/2320/2305
f 2313/2313/2298 2311/2311/2296 2317/2317/2302
f 2321/2321/2306 2317/2317/2302 2318/2318/2303
f 2317/2317/2302 2321/2321/2306 2313/2313/2298
f 2321/2321/2306 2082/2082/2073 2085/2085/2076
f 2320/2320/2305 2322/2322/2307 2318/2318/2303
f 2123/2123/2112 2323/2323/2308 2133/2133/2120
f 2299/2299/2284 2303/2303/2288 2324/2324/2309
f 2302/2302/2287 2325/2325/2310 2303/2303/2288
f 2325/2325/2310 2326/2326/2311 2327/2327/2312
f 2324/2324/2309 2327/2327/2312 2328/2328/2313
f 2132/2132/2119 2329/2329/2314 2330/2330/2315
f 2330/2330/2315 2329/2329/2314 2331/2331/2316
f 2330/2330/2315 2332/2332/2317 2305/2305/2290
f 2305/2305/2290 2332/2332/2317 2302/2302/2287
f 2332/2332/2317 2325/2325/2310 2302/2302/2287
f 2333/2333/2318 2334/2334/2319 2335/2335/2320
f 2336/2336/2321 2337/2337/2322 2338/2338/2323
f 2327/2327/2312 2333/2333/2318 2328/2328/2313
f 2334/2334/2319 2339/2339/2324 2338/2338/2323
f 2339/2339/2324 2334/2334/2319 2326/2326/2311
f 2340/2340/2325 2133/2133/2120 2323/2323/2308
f 2341/2341/2326 2338/2338/2323 2342/2342/2327
f 2342/2342/2327 2331/2331/2316 2341/2341/2326
f 2339/2339/2324 2342/2342/2327 2338/2338/2323
f 2342/2342/2327 2343/2343/2328 2331/2331/2316
f 2343/2343/2328 2342/2342/2327 2339/2339/2324
f 2339/2339/2324 2326/2326/2311 2343/2343/2328
f 2344/2344/2329 2345/2345/2330 2346/2346/2331
f 2347/2347/2332 2344/2344/2329 2346/2346/2331
f 2348/2348/2333 2347/2347/2332 2346/2346/2331
f 2347/2347/2332 2349/2349/2334 2319/2319/2304
f 2320/2320/2305 2319/2319/2304 2349/2349/2334
f 2135/2135/2122 2082/2082/2073 2322/2322/2307
f 2320/2320/2305 2350/2350/2335 2322/2322/2307
f 2350/2350/2335 2351/2351/2336 2140/2140/2127
f 2320/2320/2305 2349/2349/2334 2350/2350/2335
f 2352/2352/2337 2353/2353/2338 2354/2354/2339
f 2345/2345/2330 2355/2355/2340 2346/2346/2331
f 2346/2346/2331 2355/2355/2340 2348/2348/2333
f 2348/2348/2333 2354/2354/2339 2356/2356/2341
f 2357/2357/2342 2358/2358/2343 2359/2359/2344
f 2354/2354/2339 2353/2353/2338 2359/2359/2344
f 2140/2140/2127 2351/2351/2336 2141/2141/2128
f 2360/2360/2345 2141/2141/2128 2351/2351/2336
f 2141/2141/2128 2360/2360/2345 2143/2143/2130
f 2357/2357/2342 2361/2361/2346 2358/2358/2343
f 2362/2362/2347 2363/2363/2348 2364/2364/2349
f 2360/2360/2345 2358/2358/2343 2361/2361/2346
f 2151/2151/2138 2365/2365/2350 2366/2366/2351
f 2367/2367/2352 2368/2368/2353 2369/2369/2354
f 2152/2152/2139 2367/2367/2352 2153/2153/2140
f 2153/2153/2140 2367/2367/2352 2369/2369/2354
f 2171/2171/2158 2323/2323/2308 2123/2123/2112
f 2370/2370/2355 2371/2371/2356 2372/2372/2357
f 2165/2165/2152 2166/2166/2153 2372/2372/2357
f 2372/2372/2357 2166/2166/2153 2370/2370/2355
f 2373/2373/2358 2374/2374/2359 2375/2375/2360
f 2167/2167/2154 2373/2373/2358 2168/2168/2155
f 2168/2168/2155 2373/2373/2358 2375/2375/2360
f 2376/2376/2361 2377/2377/2362 2378/2378/2363
f 2378/2378/2363 2377/2377/2362 2379/2379/2364
f 2380/2380/2365 2381/2381/2366 2382/2382/2367
f 2383/2383/2368 2379/2379/2364 2384/2384/2369
f 2380/2380/2365 2382/2382/2367 2385/2385/2370
f 2376/2376/2361 2386/2386/2371 2377/2377/2362
f 2171/2171/2158 2170/2170/2157 2386/2386/2371
f 2170/2170/2157 2387/2387/2372 2386/2386/2371
f 2388/2388/2373 2389/2389/2374 2390/2390/2375
f 2388/2388/2373 2391/2391/2376 2392/2392/2377
f 2384/2384/2369 2391/2391/2376 2388/2388/2373
f 2393/2393/2378 2383/2383/2368 2384/2384/2369
f 2383/2383/2368 2393/2393/2378 2394/2394/2379
f 2392/2392/2377 2391/2391/2376 2387/2387/2372
f 2392/2392/2377 2395/2395/2380 2396/2396/2381
f 2170/2170/2157 2169/2169/2156 2387/2387/2372
f 2397/2397/2382 2353/2353/2338 2352/2352/2337
f 2398/2398/2383 2399/2399/2384 2400/2400/2385
f 2397/2397/2382 2399/2399/2384 2353/2353/2338
f 2353/2353/2338 2399/2399/2384 2359/2359/2344
f 2401/2401/2386 2402/2402/2387 2400/2400/2385
f 2403/2403/2388 2404/2404/2389 2405/2405/2390
f 2406/2406/2391 2407/2407/2392 2403/2403/2388
f 2406/2406/2391 2408/2408/2393 2407/2407/2392
f 2409/2409/2394 2410/2410/2395 2411/2411/2396
f 2412/2412/2397 2413/2413/2398 2368/2368/2353
f 2414/2414/2399 2412/2412/2397 2364/2364/2349
f 2408/2408/2393 2414/2414/2399 2364/2364/2349
f 2414/2414/2399 2408/2408/2393 2411/2411/2396
f 2413/2413/2398 2412/2412/2397 2414/2414/2399
f 2411/2411/2396 2413/2413/2398 2414/2414/2399
f 2413/2413/2398 2415/2415/2400 2368/2368/2353
f 2415/2415/2400 2413/2413/2398 2411/2411/2396
f 2416/2416/2401 2415/2415/2400 2417/2417/2402
f 2416/2416/2401 2370/2370/2355 2369/2369/2354
f 2409/2409/2394 2418/2418/2403 2419/2419/2404
f 2406/2406/2391 2418/2418/2403 2409/2409/2394
f 2419/2419/2404 2420/2420/2405 2421/2421/2406
f 2422/2422/2407 2421/2421/2406 2423/2423/2408
f 2422/2422/2407 2410/2410/2395 2421/2421/2406
f 2417/2417/2402 2410/2410/2395 2422/2422/2407
f 2424/2424/2409 2425/2425/2410 2426/2426/2411
f 2427/2427/2412 2428/2428/2413 2429/2429/2414
f 2430/2430/2415 2428/2428/2413 2431/2431/2416
f 2431/2431/2416 2428/2428/2413 2432/2432/2417
f 2432/2432/2417 2428/2428/2413 2427/2427/2412
f 2430/2430/2415 2429/2429/2414 2428/2428/2413
f 2371/2371/2356 2433/2433/2418 2374/2374/2359
f 2417/2417/2402 2434/2434/2419 2416/2416/2401
f 2433/2433/2418 2371/2371/2356 2434/2434/2419
f 2424/2424/2409 2433/2433/2418 2434/2434/2419
f 2433/2433/2418 2435/2435/2420 2374/2374/2359
f 2435/2435/2420 2433/2433/2418 2424/2424/2409
f 2436/2436/2421 2395/2395/2380 2375/2375/2360
f 2424/2424/2409 2431/2431/2416 2435/2435/2420
f 2437/2437/2422 2423/2423/2408 2438/2438/2423
f 2426/2426/2411 2437/2437/2422 2439/2439/2424
f 2423/2423/2408 2425/2425/2410 2422/2422/2407
f 2439/2439/2424 2430/2430/2415 2426/2426/2411
f 2429/2429/2414 2440/2440/2425 2441/2441/2426
f 2422/2422/2407 2425/2425/2410 2417/2417/2402
f 2442/2442/2427 2389/2389/2374 2427/2427/2412
f 2442/2442/2427 2390/2390/2375 2389/2389/2374
f 2395/2395/2380 2436/2436/2421 2396/2396/2381
f 2436/2436/2421 2432/2432/2417 2396/2396/2381
f 2441/2441/2426 2443/2443/2428 2429/2429/2414
f 2444/2444/2429 2192/2192/2179 2445/2445/2430
f 2445/2445/2430 2192/2192/2179 2197/2197/2184
f 2446/2446/2431 2444/2444/2429 2445/2445/2430
f 2445/2445/2430 2197/2197/2184 2196/2196/2183
f 2446/2446/2431 2445/2445/2430 2196/2196/2183
f 2447/2447/2432 2448/2448/2433 2449/2449/2434
f 2447/2447/2432 2449/2449/2434 2450/2450/2435
f 2451/2451/2436 2448/2448/2433 2447/2447/2432
f 2452/2452/2437 2214/2214/2199 2215/2215/2200
f 2453/2453/2438 2214/2214/2199 2452/2452/2437
f 2447/2447/2432 2452/2452/2437 2454/2454/2439
f 2454/2454/2439 2217/2217/2202 2219/2219/2204
f 2455/2455/2440 2454/2454/2439 2219/2219/2204
f 2455/2455/2440 2219/2219/2204 2220/2220/2205
f 2456/2456/2441 2457/2457/2442 2243/2243/2228
f 2456/2456/2441 2458/2458/2443 2457/2457/2442
f 2444/2444/2429 2459/2459/2444 2456/2456/2441
f 2459/2459/2444 2460/2460/2445 2461/2461/2446
f 2446/2446/2431 2453/2453/2438 2460/2460/2445
f 2461/2461/2446 2462/2462/2447 2459/2459/2444
f 2463/2463/2448 2464/2464/2449 2465/2465/2450
f 2466/2466/2451 2465/2465/2450 2467/2467/2452
f 2466/2466/2451 2463/2463/2448 2465/2465/2450
f 2241/2241/2226 2468/2468/2453 2251/2251/2236
f 2469/2469/2454 2249/2249/2234 2470/2470/2455
f 2458/2458/2443 2462/2462/2447 2471/2471/2456
f 2466/2466/2451 2471/2471/2456 2462/2462/2447
f 2449/2449/2434 2472/2472/2457 2450/2450/2435
f 2473/2473/2458 2472/2472/2457 2449/2449/2434
f 2449/2449/2434 2448/2448/2433 2473/2473/2458
f 2474/2474/2459 2475/2475/2460 2476/2476/2461
f 2473/2473/2458 2477/2477/2462 2478/2478/2463
f 2476/2476/2461 2475/2475/2460 2479/2479/2464
f 2477/2477/2462 2475/2475/2460 2474/2474/2459
f 2460/2460/2445 2453/2453/2438 2450/2450/2435
f 2472/2472/2457 2480/2480/2465 2461/2461/2446
f 2455/2455/2440 2481/2481/2466 2451/2451/2436
f 2481/2481/2466 2479/2479/2464 2451/2451/2436
f 2478/2478/2463 2482/2482/2467 2483/2483/2468
f 2483/2483/2468 2480/2480/2465 2478/2478/2463
f 2484/2484/2469 2485/2485/2470 2486/2486/2471
f 2487/2487/2472 2488/2488/2472 2489/2489/2472
f 2474/2474/2459 2490/2490/2473 2491/2491/2474
f 2492/2492/2475 2493/2493/2476 2494/2494/2477
f 2495/2495/2478 2482/2482/2467 2491/2491/2474
f 2461/2461/2446 2480/2480/2465 2463/2463/2448
f 2496/2496/2479 2497/2497/2479 2498/2498/2479
f 2474/2474/2459 2476/2476/2461 2499/2499/2480
f 2500/2500/2481 2501/2501/2482 2502/2502/2483
f 2501/2501/2482 2503/2503/2484 2502/2502/2483
f 2504/2504/2485 2257/2257/2242 2261/2261/2246
f 2505/2505/2486 2254/2254/2239 2506/2506/2487
f 2504/2504/2485 2261/2261/2246 2262/2262/2247
f 2504/2504/2485 2262/2262/2247 2507/2507/2488
f 2508/2508/2489 2509/2509/2490 2510/2510/2491
f 2499/2499/2480 2490/2490/2473 2474/2474/2459
f 2502/2502/2483 2503/2503/2484 2511/2511/2492
f 2512/2512/2493 2513/2513/2494 2514/2514/2495
f 2515/2515/2496 2503/2503/2484 2516/2516/2497
f 2515/2515/2496 2517/2517/2498 2514/2514/2495
f 2507/2507/2488 2517/2517/2498 2516/2516/2497
f 2515/2515/2496 2516/2516/2497 2517/2517/2498
f 2514/2514/2495 2517/2517/2498 2518/2518/2499
f 2507/2507/2488 2518/2518/2499 2517/2517/2498
f 2519/2519/2500 2518/2518/2499 2268/2268/2253
f 2519/2519/2500 2268/2268/2253 2267/2267/2252
f 2520/2520/2501 2521/2521/2502 2522/2522/2503
f 2523/2523/2504 2521/2521/2502 2524/2524/2505
f 2524/2524/2505 2525/2525/2506 2523/2523/2504
f 2526/2526/2507 2527/2527/2508 2528/2528/2509
f 2529/2529/2510 2277/2277/2262 2276/2276/2261
f 2529/2529/2510 2530/2530/2511 2277/2277/2262
f 2469/2469/2454 2531/2531/2512 2529/2529/2510
f 2532/2532/2513 2531/2531/2512 2469/2469/2454
f 2533/2533/2514 2523/2523/2504 2534/2534/2515
f 2524/2524/2505 2535/2535/2516 2525/2525/2506
f 2536/2536/2517 2526/2526/2507 2528/2528/2509
f 2537/2537/2518 2536/2536/2517 2538/2538/2519
f 2539/2539/2520 2537/2537/2518 2540/2540/2521
f 2277/2277/2262 2530/2530/2511 2285/2285/2270
f 2541/2541/2522 2283/2283/2268 2542/2542/2523
f 2530/2530/2511 2543/2543/2524 2542/2542/2523
f 2544/2544/2525 2542/2542/2523 2543/2543/2524
f 2545/2545/2526 2525/2525/2506 2546/2546/2527
f 2486/2486/2471 2485/2485/2470 2522/2522/2503
f 2528/2528/2509 2547/2547/2528 2548/2548/2529
f 2485/2485/2470 2493/2493/2476 2549/2549/2530
f 2549/2549/2530 2550/2550/2531 2551/2551/2532
f 2552/2552/2533 2553/2553/2534 2554/2554/2535
f 2492/2492/2475 2553/2553/2534 2493/2493/2476
f 2549/2549/2530 2555/2555/2536 2550/2550/2531
f 2555/2555/2536 2553/2553/2534 2552/2552/2533
f 2556/2556/2537 2557/2557/2538 2558/2558/2539
f 2556/2556/2537 2548/2548/2529 2557/2557/2538
f 2559/2559/2540 2558/2558/2539 2557/2557/2538
f 2560/2560/2541 2561/2561/2542 2562/2562/2543
f 2563/2563/2544 2510/2510/2491 2564/2564/2545
f 2562/2562/2543 2564/2564/2545 2565/2565/2546
f 2510/2510/2491 2509/2509/2490 2566/2566/2547
f 2566/2566/2547 2567/2567/2548 2565/2565/2546
f 2566/2566/2547 2509/2509/2490 2568/2568/2549
f 2569/2569/2550 2568/2568/2549 2509/2509/2490
f 2519/2519/2500 2570/2570/2551 2512/2512/2493
f 2568/2568/2549 2571/2571/2552 2572/2572/2553
f 2573/2573/2554 2567/2567/2548 2574/2574/2555
f 2573/2573/2554 2565/2565/2546 2567/2567/2548
f 2575/2575/2556 2576/2576/2557 2574/2574/2555
f 2577/2577/2558 2576/2576/2557 2575/2575/2556
f 2578/2578/2559 2575/2575/2556 2572/2572/2553
f 2579/2579/2560 2580/2580/2561 2581/2581/2562
f 2570/2570/2551 2289/2289/2274 2582/2582/2563
f 2570/2570/2551 2582/2582/2563 2581/2581/2562
f 2581/2581/2562 2582/2582/2563 2583/2583/2564
f 2289/2289/2274 2296/2296/2281 2582/2582/2563
f 2296/2296/2281 2583/2583/2564 2582/2582/2563
f 2584/2584/2565 2585/2585/2566 2586/2586/2567
f 2587/2587/2568 2588/2588/2569 2579/2579/2560
f 2589/2589/2570 2585/2585/2566 2584/2584/2565
f 2587/2587/2568 2590/2590/2571 2584/2584/2565
f 2587/2587/2568 2583/2583/2564 2590/2590/2571
f 2297/2297/2282 2299/2299/2284 2590/2590/2571
f 2584/2584/2565 2591/2591/2572 2589/2589/2570
f 2592/2592/2573 2593/2593/2574 2594/2594/2575
f 2595/2595/2576 2596/2596/2577 2538/2538/2519
f 2597/2597/2578 2596/2596/2577 2598/2598/2579
f 2538/2538/2519 2596/2596/2577 2537/2537/2518
f 2594/2594/2575 2593/2593/2574 2599/2599/2580
f 2600/2600/2581 2309/2309/2294 2308/2308/2293
f 2541/2541/2522 2601/2601/2582 2600/2600/2581
f 2602/2602/2583 2601/2601/2582 2541/2541/2522
f 2600/2600/2581 2601/2601/2582 2594/2594/2575
f 2540/2540/2521 2597/2597/2578 2603/2603/2584
f 2604/2604/2585 2594/2594/2575 2601/2601/2582
f 2605/2605/2586 2606/2606/2587 2607/2607/2588
f 2608/2608/2589 2593/2593/2574 2605/2605/2586
f 2605/2605/2586 2593/2593/2574 2592/2592/2573
f 2609/2609/2590 2610/2610/2591 2592/2592/2573
f 2598/2598/2579 2611/2611/2592 2612/2612/2593
f 2599/2599/2580 2593/2593/2574 2608/2608/2589
f 2608/2608/2589 2613/2613/2594 2599/2599/2580
f 2614/2614/2595 2315/2315/2300 2613/2613/2594
f 2613/2613/2594 2315/2315/2300 2314/2314/2299
f 2615/2615/2596 2616/2616/2597 2617/2617/2598
f 2588/2588/2569 2617/2617/2598 2616/2616/2597
f 2588/2588/2569 2586/2586/2567 2617/2617/2598
f 2615/2615/2596 2617/2617/2598 2618/2618/2599
f 2618/2618/2599 2617/2617/2598 2586/2586/2567
f 2589/2589/2570 2619/2619/2600 2585/2585/2566
f 2619/2619/2600 2620/2620/2601 2621/2621/2602
f 2622/2622/2603 2621/2621/2602 2623/2623/2604
f 2591/2591/2572 2299/2299/2284 2324/2324/2309
f 2591/2591/2572 2624/2624/2605 2589/2589/2570
f 2328/2328/2313 2625/2625/2606 2624/2624/2605
f 2624/2624/2605 2619/2619/2600 2589/2589/2570
f 2621/2621/2602 2620/2620/2601 2626/2626/2607
f 2627/2627/2608 2628/2628/2609 2626/2626/2607
f 2627/2627/2608 2626/2626/2607 2629/2629/2610
f 2630/2630/2611 2631/2631/2612 2629/2629/2610
f 2632/2632/2613 2335/2335/2320 2633/2633/2614
f 2333/2333/2318 2335/2335/2320 2632/2632/2613
f 2625/2625/2606 2632/2632/2613 2630/2630/2611
f 2630/2630/2611 2620/2620/2601 2625/2625/2606
f 2607/2607/2588 2634/2634/2615 2635/2635/2616
f 2636/2636/2617 2637/2637/2618 2638/2638/2619
f 2636/2636/2617 2607/2607/2588 2606/2606/2587
f 2638/2638/2619 2639/2639/2620 2634/2634/2615
f 2344/2344/2329 2315/2315/2300 2614/2614/2595
f 2640/2640/2621 2614/2614/2595 2635/2635/2616
f 2634/2634/2615 2640/2640/2621 2635/2635/2616
f 2640/2640/2621 2641/2641/2622 2345/2345/2330
f 2637/2637/2618 2642/2642/2623 2638/2638/2619
f 2642/2642/2623 2643/2643/2624 2644/2644/2625
f 2645/2645/2626 2639/2639/2620 2644/2644/2625
f 2645/2645/2626 2644/2644/2625 2646/2646/2627
f 2646/2646/2627 2647/2647/2628 2648/2648/2629
f 2641/2641/2622 2639/2639/2620 2645/2645/2626
f 2649/2649/2630 2645/2645/2626 2646/2646/2627
f 2645/2645/2626 2649/2649/2630 2641/2641/2622
f 2649/2649/2630 2352/2352/2337 2355/2355/2340
f 2648/2648/2629 2650/2650/2631 2646/2646/2627
f 2627/2627/2608 2651/2651/2632 2652/2652/2633
f 2653/2653/2634 2651/2651/2632 2654/2654/2635
f 2654/2654/2635 2655/2655/2636 2653/2653/2634
f 2629/2629/2610 2651/2651/2632 2627/2627/2608
f 2633/2633/2614 2335/2335/2320 2380/2380/2365
f 2633/2633/2614 2656/2656/2637 2631/2631/2612
f 2385/2385/2370 2657/2657/2638 2656/2656/2637
f 2656/2656/2637 2654/2654/2635 2631/2631/2612
f 2658/2658/2639 2659/2659/2640 2660/2660/2641
f 2661/2661/2642 2662/2662/2643 2663/2663/2644
f 2653/2653/2634 2658/2658/2639 2664/2664/2645
f 2665/2665/2646 2666/2666/2647 2663/2663/2644
f 2666/2666/2647 2665/2665/2646 2667/2667/2648
f 2663/2663/2644 2668/2668/2649 2661/2661/2642
f 2393/2393/2378 2390/2390/2375 2669/2669/2650
f 2666/2666/2647 2669/2669/2650 2663/2663/2644
f 2670/2670/2651 2669/2669/2650 2666/2666/2647
f 2671/2671/2652 2655/2655/2636 2657/2657/2638
f 2672/2672/2653 2647/2647/2628 2643/2643/2624
f 2648/2648/2629 2647/2647/2628 2673/2673/2654
f 2674/2674/2655 2675/2675/2656 2673/2673/2654
f 2674/2674/2655 2672/2672/2653 2676/2676/2657
f 2397/2397/2382 2352/2352/2337 2650/2650/2631
f 2648/2648/2629 2677/2677/2658 2650/2650/2631
f 2677/2677/2658 2678/2678/2659 2401/2401/2386
f 2648/2648/2629 2673/2673/2654 2677/2677/2658
f 2674/2674/2655 2679/2679/2660 2675/2675/2656
f 2679/2679/2660 2680/2680/2661 2681/2681/2662
f 2682/2682/2663 2675/2675/2656 2679/2679/2660
f 2401/2401/2386 2678/2678/2659 2402/2402/2387
f 2683/2683/2664 2402/2402/2387 2678/2678/2659
f 2404/2404/2389 2684/2684/2665 2405/2405/2390
f 2685/2685/2666 2686/2686/2667 2687/2687/2668
f 2688/2688/2669 2689/2689/2670 2690/2690/2671
f 2687/2687/2668 2686/2686/2667 2691/2691/2672
f 2684/2684/2665 2690/2690/2671 2689/2689/2670
f 2692/2692/2673 2689/2689/2670 2687/2687/2668
f 2418/2418/2403 2405/2405/2390 2692/2692/2673
f 2692/2692/2673 2687/2687/2668 2693/2693/2674
f 2419/2419/2404 2693/2693/2674 2420/2420/2405
f 2420/2420/2405 2693/2693/2674 2694/2694/2675
f 2695/2695/2676 2696/2696/2677 2697/2697/2678
f 2698/2698/2679 2695/2695/2676 2697/2697/2678
f 2699/2699/2680 2700/2700/2681 2701/2701/2682
f 2700/2700/2681 2702/2702/2683 2701/2701/2682
f 2437/2437/2422 2438/2438/2423 2703/2703/2684
f 2703/2703/2684 2438/2438/2423 2704/2704/2685
f 2703/2703/2684 2697/2697/2678 2705/2705/2686
f 2702/2702/2683 2705/2705/2686 2697/2697/2678
f 2439/2439/2424 2705/2705/2686 2440/2440/2425
f 2706/2706/2687 2702/2702/2683 2700/2700/2681
f 2440/2440/2425 2706/2706/2687 2441/2441/2426
f 2661/2661/2642 2707/2707/2688 2662/2662/2643
f 2662/2662/2643 2707/2707/2688 2708/2708/2689
f 2709/2709/2690 2708/2708/2689 2710/2710/2691
f 2710/2710/2691 2708/2708/2689 2711/2711/2692
f 2709/2709/2690 2710/2710/2691 2712/2712/2693
f 2668/2668/2649 2390/2390/2375 2442/2442/2427
f 2661/2661/2642 2668/2668/2649 2713/2713/2694
f 2661/2661/2642 2713/2713/2694 2707/2707/2688
f 2443/2443/2428 2714/2714/2695 2713/2713/2694
f 2715/2715/2696 2716/2716/2697 2717/2717/2698
f 2711/2711/2692 2718/2718/2699 2715/2715/2696
f 2699/2699/2680 2716/2716/2697 2715/2715/2696
f 2719/2719/2700 2710/2710/2691 2711/2711/2692
f 2710/2710/2691 2719/2719/2700 2712/2712/2693
f 2443/2443/2428 2441/2441/2426 2714/2714/2695
f 2714/2714/2695 2441/2441/2426 2706/2706/2687
f 2720/2720/2701 2721/2721/2702 2681/2681/2662
f 2688/2688/2669 2722/2722/2703 2723/2723/2704
f 2688/2688/2669 2723/2723/2704 2685/2685/2666
f 2724/2724/2705 2723/2723/2704 2725/2725/2706
f 2724/2724/2705 2685/2685/2666 2723/2723/2704
f 2726/2726/2707 2727/2727/2708 2686/2686/2667
f 2728/2728/2709 2727/2727/2708 2729/2729/2710
f 2726/2726/2707 2730/2730/2711 2727/2727/2708
f 2731/2731/2712 2694/2694/2675 2691/2691/2672
f 2731/2731/2712 2691/2691/2672 2728/2728/2709
f 2731/2731/2712 2704/2704/2685 2694/2694/2675
f 2732/2732/2713 2729/2729/2710 2733/2733/2714
f 2732/2732/2713 2695/2695/2676 2729/2729/2710
f 2734/2734/2715 2735/2735/2716 2696/2696/2677
f 2696/2696/2677 2735/2735/2716 2701/2701/2682
f 2734/2734/2715 2736/2736/2717 2735/2735/2716
f 2704/2704/2685 2731/2731/2712 2698/2698/2679
f 2731/2731/2712 2728/2728/2709 2698/2698/2679
f 2699/2699/2680 2737/2737/2718 2716/2716/2697
f 2738/2738/2719 2737/2737/2718 2739/2739/2720
f 2738/2738/2719 2716/2716/2697 2737/2737/2718
f 2738/2738/2719 2717/2717/2698 2716/2716/2697
f 2740/2740/2721 2741/2741/2722 2538/2538/2519
f 2742/2742/2723 2743/2743/2724 2744/2744/2725
f 2742/2742/2723 2744/2744/2725 2745/2745/2726
f 2746/2746/2727 2747/2747/2728 2748/2748/2729
f 2749/2749/2730 2750/2750/2731 2751/2751/2732
f 2752/2752/2733 2740/2740/2721 2556/2556/2537
f 2741/2741/2722 2740/2740/2721 2752/2752/2733
f 2742/2742/2723 2752/2752/2733 2753/2753/2734
f 2749/2749/2730 2742/2742/2723 2753/2753/2734
f 2753/2753/2734 2558/2558/2539 2561/2561/2542
f 2749/2749/2730 2754/2754/2735 2750/2750/2731
f 2561/2561/2542 2560/2560/2541 2754/2754/2735
f 2755/2755/2736 2756/2756/2737 2757/2757/2738
f 2747/2747/2728 2746/2746/2727 2758/2758/2739
f 2758/2758/2739 2746/2746/2727 2755/2755/2736
f 2759/2759/2740 2756/2756/2737 2755/2755/2736
f 2760/2760/2741 2757/2757/2738 2761/2761/2742
f 2761/2761/2742 2762/2762/2743 2760/2760/2741
f 2763/2763/2744 2762/2762/2743 2761/2761/2742
f 2763/2763/2744 2761/2761/2742 2764/2764/2745
f 2761/2761/2742 2757/2757/2738 2764/2764/2745
f 2754/2754/2735 2759/2759/2740 2750/2750/2731
f 2759/2759/2740 2765/2765/2746 2756/2756/2737
f 2765/2765/2746 2560/2560/2541 2573/2573/2554
f 2756/2756/2737 2765/2765/2746 2766/2766/2747
f 2766/2766/2747 2574/2574/2555 2576/2576/2557
f 2767/2767/2748 2766/2766/2747 2576/2576/2557
f 2767/2767/2748 2576/2576/2557 2577/2577/2558
f 2768/2768/2749 2769/2769/2750 2770/2770/2751
f 2771/2771/2752 2769/2769/2750 2768/2768/2749
f 2770/2770/2751 2772/2772/2753 2768/2768/2749
f 2773/2773/2754 2769/2769/2750 2771/2771/2752
f 2595/2595/2576 2774/2774/2755 2611/2611/2592
f 2775/2775/2756 2774/2774/2755 2595/2595/2576
f 2774/2774/2755 2776/2776/2757 2611/2611/2592
f 2777/2777/2758 2778/2778/2759 2779/2779/2760
f 2780/2780/2761 2781/2781/2762 2782/2782/2763
f 2770/2770/2751 2783/2783/2764 2779/2779/2760
f 2784/2784/2765 2785/2785/2766 2780/2780/2761
f 2772/2772/2753 2778/2778/2759 2786/2786/2767
f 2782/2782/2763 2787/2787/2768 2780/2780/2761
f 2788/2788/2769 2606/2606/2587 2610/2610/2591
f 2784/2784/2765 2780/2780/2761 2788/2788/2769
f 2786/2786/2767 2789/2789/2770 2776/2776/2757
f 2776/2776/2757 2772/2772/2753 2786/2786/2767
f 2790/2790/2771 2773/2773/2754 2791/2791/2772
f 2791/2791/2772 2773/2773/2754 2744/2744/2725
f 2792/2792/2773 2793/2793/2773 2794/2794/2773
f 2795/2795/2774 2796/2796/2775 2797/2797/2776
f 2751/2751/2732 2798/2798/2777 2743/2743/2724
f 2748/2748/2729 2798/2798/2777 2751/2751/2732
f 2798/2798/2777 2799/2799/2778 2800/2800/2779
f 2775/2775/2756 2741/2741/2722 2745/2745/2726
f 2771/2771/2752 2775/2775/2756 2745/2745/2726
f 2801/2801/2780 2763/2763/2744 2802/2802/2781
f 2803/2803/2782 2804/2804/2783 2764/2764/2745
f 2767/2767/2748 2805/2805/2784 2803/2803/2782
f 2805/2805/2784 2804/2804/2783 2803/2803/2782
f 2806/2806/2785 2807/2807/2786 2808/2808/2787
f 2808/2808/2787 2807/2807/2786 2809/2809/2788
f 2810/2810/2789 2811/2811/2790 2812/2812/2791
f 2813/2813/2792 2618/2618/2599 2622/2622/2603
f 2814/2814/2793 2615/2615/2596 2815/2815/2794
f 2815/2815/2794 2810/2810/2789 2807/2807/2786
f 2813/2813/2792 2810/2810/2789 2815/2815/2794
f 2813/2813/2792 2622/2622/2603 2623/2623/2604
f 2810/2810/2789 2816/2816/2795 2811/2811/2790
f 2817/2817/2796 2818/2818/2797 2819/2819/2798
f 2820/2820/2799 2809/2809/2788 2821/2821/2800
f 2821/2821/2800 2809/2809/2788 2812/2812/2791
f 2811/2811/2790 2817/2817/2796 2812/2812/2791
f 2822/2822/2801 2817/2817/2796 2811/2811/2790
f 2822/2822/2801 2823/2823/2802 2824/2824/2803
f 2628/2628/2609 2816/2816/2795 2623/2623/2604
f 2822/2822/2801 2811/2811/2790 2816/2816/2795
f 2823/2823/2802 2628/2628/2609 2627/2627/2608
f 2825/2825/2804 2826/2826/2805 2827/2827/2806
f 2828/2828/2807 2825/2825/2804 2827/2827/2806
f 2781/2781/2762 2829/2829/2808 2782/2782/2763
f 2830/2830/2809 2831/2831/2810 2832/2832/2811
f 2830/2830/2809 2781/2781/2762 2833/2833/2812
f 2832/2832/2811 2834/2834/2813 2829/2829/2808
f 2636/2636/2617 2606/2606/2587 2787/2787/2768
f 2835/2835/2814 2787/2787/2768 2782/2782/2763
f 2829/2829/2808 2835/2835/2814 2782/2782/2763
f 2835/2835/2814 2836/2836/2815 2637/2637/2618
f 2825/2825/2804 2834/2834/2813 2832/2832/2811
f 2837/2837/2816 2828/2828/2807 2838/2838/2817
f 2836/2836/2815 2834/2834/2813 2837/2837/2816
f 2837/2837/2816 2839/2839/2818 2836/2836/2815
f 2840/2840/2819 2643/2643/2624 2839/2839/2818
f 2839/2839/2818 2643/2643/2624 2642/2642/2623
f 2819/2819/2798 2818/2818/2797 2841/2841/2820
f 2824/2824/2803 2842/2842/2821 2818/2818/2797
f 2842/2842/2821 2843/2843/2822 2844/2844/2823
f 2841/2841/2820 2844/2844/2823 2845/2845/2824
f 2664/2664/2645 2846/2846/2825 2652/2652/2633
f 2664/2664/2645 2847/2847/2826 2846/2846/2825
f 2846/2846/2825 2842/2842/2821 2824/2824/2803
f 2627/2627/2608 2652/2652/2633 2823/2823/2802
f 2844/2844/2823 2843/2843/2822 2848/2848/2827
f 2849/2849/2828 2850/2850/2829 2848/2848/2827
f 2849/2849/2828 2848/2848/2827 2851/2851/2830
f 2852/2852/2831 2853/2853/2832 2851/2851/2830
f 2854/2854/2833 2660/2660/2641 2855/2855/2834
f 2658/2658/2639 2660/2660/2641 2854/2854/2833
f 2847/2847/2826 2854/2854/2833 2852/2852/2831
f 2852/2852/2831 2843/2843/2822 2847/2847/2826
f 2856/2856/2835 2857/2857/2836 2827/2827/2806
f 2828/2828/2807 2827/2827/2806 2857/2857/2836
f 2858/2858/2837 2859/2859/2838 2857/2857/2836
f 2860/2860/2839 2861/2861/2840 2862/2862/2841
f 2863/2863/2842 2840/2840/2819 2838/2838/2817
f 2859/2859/2838 2863/2863/2842 2838/2838/2817
f 2863/2863/2842 2859/2859/2838 2862/2862/2841
f 2864/2864/2843 2840/2840/2819 2863/2863/2842
f 2862/2862/2841 2864/2864/2843 2863/2863/2842
f 2672/2672/2653 2864/2864/2843 2676/2676/2657
f 2861/2861/2840 2865/2865/2844 2862/2862/2841
f 2866/2866/2845 2867/2867/2846 2868/2868/2847
f 2869/2869/2848 2870/2870/2849 2858/2858/2837
f 2858/2858/2837 2870/2870/2849 2860/2860/2839
f 2860/2860/2839 2868/2868/2847 2861/2861/2840
f 2861/2861/2840 2868/2868/2847 2871/2871/2850
f 2872/2872/2851 2871/2871/2850 2873/2873/2852
f 2676/2676/2657 2865/2865/2844 2680/2680/2661
f 2865/2865/2844 2861/2861/2840 2871/2871/2850
f 2680/2680/2661 2872/2872/2851 2681/2681/2662
f 2849/2849/2828 2874/2874/2853 2875/2875/2854
f 2876/2876/2855 2874/2874/2853 2877/2877/2856
f 2877/2877/2856 2878/2878/2857 2876/2876/2855
f 2851/2851/2830 2874/2874/2853 2849/2849/2828
f 2879/2879/2858 2880/2880/2859 2709/2709/2690
f 2855/2855/2834 2881/2881/2860 2853/2853/2832
f 2882/2882/2861 2883/2883/2862 2881/2881/2860
f 2881/2881/2860 2877/2877/2856 2853/2853/2832
f 2884/2884/2863 2885/2885/2864 2886/2886/2865
f 2887/2887/2866 2888/2888/2867 2889/2889/2868
f 2876/2876/2855 2890/2890/2869 2891/2891/2870
f 2885/2885/2864 2892/2892/2871 2889/2889/2868
f 2893/2893/2872 2894/2894/2873 2878/2878/2857
f 2889/2889/2868 2895/2895/2874 2887/2887/2866
f 2719/2719/2700 2717/2717/2698 2896/2896/2875
f 2892/2892/2871 2896/2896/2875 2889/2889/2868
f 2897/2897/2876 2896/2896/2875 2892/2892/2871
f 2893/2893/2872 2878/2878/2857 2883/2883/2862
f 2898/2898/2877 2867/2867/2846 2866/2866/2845
f 2899/2899/2878 2900/2900/2879 2901/2901/2880
f 2898/2898/2877 2902/2902/2881 2867/2867/2846
f 2903/2903/2882 2902/2902/2881 2904/2904/2883
f 2905/2905/2884 2872/2872/2851 2873/2873/2852
f 2905/2905/2884 2873/2873/2852 2903/2903/2882
f 2906/2906/2885 2907/2907/2886 2901/2901/2880
f 2901/2901/2880 2907/2907/2886 2908/2908/2887
f 2899/2899/2878 2909/2909/2888 2910/2910/2889
f 2911/2911/2890 2899/2899/2878 2901/2901/2880
f 2911/2911/2890 2909/2909/2888 2899/2899/2878
f 2912/2912/2891 2913/2913/2892 2914/2914/2893
f 2915/2915/2894 2726/2726/2707 2724/2724/2705
f 2916/2916/2895 2917/2917/2896 2725/2725/2706
f 2917/2917/2896 2909/2909/2888 2914/2914/2893
f 2914/2914/2893 2915/2915/2894 2917/2917/2896
f 2918/2918/2897 2919/2919/2897 2920/2920/2897
f 2921/2921/2898 2915/2915/2894 2914/2914/2893
f 2922/2922/2899 2921/2921/2898 2923/2923/2900
f 2924/2924/2901 2925/2925/2901 2926/2926/2901
f 2912/2912/2891 2927/2927/2902 2928/2928/2903
f 2911/2911/2890 2927/2927/2902 2912/2912/2891
f 2928/2928/2903 2929/2929/2904 2930/2930/2905
f 2931/2931/2906 2930/2930/2905 2932/2932/2907
f 2931/2931/2906 2913/2913/2892 2930/2930/2905
f 2923/2923/2900 2913/2913/2892 2931/2931/2906
f 2933/2933/2908 2934/2934/2909 2935/2935/2910
f 2935/2935/2910 2936/2936/2911 2933/2933/2908
f 2937/2937/2912 2734/2734/2715 2732/2732/2713
f 2922/2922/2899 2938/2938/2913 2733/2733/2714
f 2939/2939/2914 2940/2940/2914 2941/2941/2914
f 2933/2933/2908 2937/2937/2912 2938/2938/2913
f 2736/2736/2717 2942/2942/2915 2943/2943/2916
f 2942/2942/2915 2937/2937/2912 2933/2933/2908
f 2943/2943/2916 2942/2942/2915 2944/2944/2917
f 2736/2736/2717 2943/2943/2916 2739/2739/2720
f 2945/2945/2918 2932/2932/2907 2946/2946/2919
f 2935/2935/2910 2945/2945/2918 2947/2947/2920
f 2932/2932/2907 2934/2934/2909 2931/2931/2906
f 2947/2947/2920 2948/2948/2921 2949/2949/2922
f 2950/2950/2923 2949/2949/2922 2951/2951/2924
f 2950/2950/2923 2936/2936/2911 2949/2949/2922
f 2931/2931/2906 2934/2934/2909 2923/2923/2900
f 2944/2944/2917 2936/2936/2911 2950/2950/2923
f 2887/2887/2866 2952/2952/2925 2888/2888/2867
f 2953/2953/2926 2954/2954/2927 2955/2955/2928
f 2954/2954/2927 2886/2886/2865 2888/2888/2867
f 2952/2952/2925 2956/2956/2929 2955/2955/2928
f 2895/2895/2874 2717/2717/2698 2738/2738/2719
f 2944/2944/2917 2956/2956/2929 2952/2952/2925
f 2895/2895/2874 2738/2738/2719 2739/2739/2720
f 2951/2951/2924 2956/2956/2929 2950/2950/2923
f 2955/2955/2928 2956/2956/2929 2951/2951/2924
f 2950/2950/2923 2956/2956/2929 2944/2944/2917
f 2957/2957/2930 2958/2958/2931 2959/2959/2932
f 2957/2957/2930 2959/2959/2932 2960/2960/2933
f 2961/2961/2934 2962/2962/2935 2963/2963/2936
f 2964/2964/2937 2961/2961/2934 2963/2963/2936
f 2960/2960/2933 2965/2965/2938 2957/2957/2930
f 2957/2957/2930 2965/2965/2938 2966/2966/2939
f 2967/2967/2940 2968/2968/2941 2964/2964/2937
f 2964/2964/2937 2968/2968/2941 2961/2961/2934
f 2969/2969/2942 2970/2970/2943 2971/2971/2944
f 2972/2972/2945 2962/2962/2935 2961/2961/2934
f 2973/2973/2946 2970/2970/2943 2969/2969/2942
f 2968/2968/2941 2972/2972/2945 2961/2961/2934
f 2972/2972/2945 2974/2974/2947 2969/2969/2942
f 2974/2974/2947 2747/2747/2728 2758/2758/2739
f 2969/2969/2942 2974/2974/2947 2975/2975/2948
f 2975/2975/2948 2760/2760/2741 2762/2762/2743
f 2976/2976/2949 2975/2975/2948 2762/2762/2743
f 2976/2976/2949 2762/2762/2743 2763/2763/2744
f 2977/2977/2950 2978/2978/2951 2979/2979/2952
f 2980/2980/2953 2978/2978/2951 2977/2977/2950
f 2979/2979/2952 2981/2981/2954 2977/2977/2950
f 2982/2982/2955 2978/2978/2951 2980/2980/2953
f 2983/2983/2956 2984/2984/2957 2783/2783/2764
f 2985/2985/2958 2984/2984/2957 2983/2983/2956
f 2984/2984/2957 2986/2986/2959 2783/2783/2764
f 2983/2983/2956 2790/2790/2771 2985/2985/2958
f 2987/2987/2960 2988/2988/2961 2989/2989/2962
f 2990/2990/2963 2991/2991/2964 2992/2992/2965
f 2979/2979/2952 2993/2993/2966 2989/2989/2962
f 2994/2994/2967 2988/2988/2961 2995/2995/2968
f 2981/2981/2954 2988/2988/2961 2994/2994/2967
f 2992/2992/2965 2996/2996/2969 2990/2990/2963
f 2997/2997/2970 2777/2777/2758 2779/2779/2760
f 2994/2994/2967 2995/2995/2968 2997/2997/2970
f 2994/2994/2967 2997/2997/2970 2986/2986/2959
f 2986/2986/2959 2981/2981/2954 2994/2994/2967
f 2998/2998/2971 2982/2982/2955 2999/2999/2972
f 2999/2999/2972 2982/2982/2955 2959/2959/2932
f 2958/2958/2931 3000/3000/2973 3001/3001/2974
f 2963/2963/2936 3000/3000/2973 2958/2958/2931
f 3000/3000/2973 3002/3002/2975 3001/3001/2974
f 2980/2980/2953 2985/2985/2958 2960/2960/2933
f 2965/2965/2938 2790/2790/2771 2791/2791/2772
f 2800/2800/2779 2799/2799/2778 2966/2966/2939
f 2967/2967/2940 2966/2966/2939 2799/2799/2778
f 2799/2799/2778 2748/2748/2729 2967/2967/2940
f 2962/2962/2935 2971/2971/2944 3003/3003/2976
f 3004/3004/2977 3003/3003/2976 3005/3005/2978
f 3005/3005/2978 3003/3003/2976 2971/2971/2944
f 2970/2970/2943 3006/3006/2979 3007/3007/2980
f 3008/3008/2981 3006/3006/2979 3009/3009/2982
f 3006/3006/2979 3010/3010/2983 3007/3007/2980
f 2976/2976/2949 3011/3011/2984 2973/2973/2946
f 3011/3011/2984 3009/3009/2982 2973/2973/2946
f 3009/3009/2982 3012/3012/2985 3008/3008/2981
f 3013/3013/2986 3014/3014/2987 3015/3015/2988
f 3016/3016/2989 3017/3017/2990 3018/3018/2991
f 3019/3019/2992 3020/3020/2993 3021/3021/2994
f 3021/3021/2994 3016/3016/2989 3014/3014/2987
f 3020/3020/2993 2820/2820/2799 3021/3021/2994
f 3022/3022/2995 3023/3023/2996 3016/3016/2989
f 3016/3016/2989 3023/3023/2996 3017/3017/2990
f 3024/3024/2997 3025/3025/2998 3026/3026/2999
f 3027/3027/3000 3015/3015/2988 3028/3028/3001
f 3028/3028/3001 3015/3015/2988 3018/3018/2991
f 3017/3017/2990 3024/3024/2997 3018/3018/2991
f 3029/3029/3002 3024/3024/2997 3017/3017/2990
f 3022/3022/2995 2820/2820/2799 2821/2821/2800
f 3030/3030/3003 2819/2819/2798 3031/3031/3004
f 3030/3030/3003 3023/3023/2996 3022/3022/2995
f 3023/3023/2996 3030/3030/3003 3029/3029/3002
f 3029/3029/3002 3017/3017/2990 3023/3023/2996
f 3032/3032/3005 3033/3033/3006 3034/3034/3007
f 3035/3035/3008 3032/3032/3005 3034/3034/3007
f 2826/2826/2805 3036/3036/3009 2827/2827/2806
f 2991/2991/2964 3037/3037/3010 2992/2992/2965
f 3038/3038/3011 3039/3039/3012 3040/3040/3013
f 3038/3038/3011 2991/2991/2964 3041/3041/3014
f 3040/3040/3013 3042/3042/3015 3037/3037/3010
f 2830/2830/2809 2833/2833/2812 2996/2996/2969
f 3043/3043/3016 2996/2996/2969 2992/2992/2965
f 3037/3037/3010 3043/3043/3016 2992/2992/2965
f 3043/3043/3016 3044/3044/3017 2831/2831/2810
f 3032/3032/3005 3042/3042/3015 3040/3040/3013
f 3045/3045/3018 3035/3035/3008 3046/3046/3019
f 3044/3044/3017 3042/3042/3015 3045/3045/3018
f 3045/3045/3018 3046/3046/3019 3036/3036/3009
f 3044/3044/3017 2826/2826/2805 2831/2831/2810
f 3026/3026/2999 3025/3025/2998 3047/3047/3020
f 3048/3048/3021 3049/3049/3022 3025/3025/2998
f 3049/3049/3022 3050/3050/3023 3051/3051/3024
f 3047/3047/3020 3051/3051/3024 3052/3052/3025
f 3031/3031/3004 2819/2819/2798 2841/2841/2820
f 3031/3031/3004 3053/3053/3026 3048/3048/3021
f 2845/2845/2824 3054/3054/3027 3053/3053/3026
f 3053/3053/3026 3049/3049/3022 3048/3048/3021
f 3051/3051/3024 3050/3050/3023 3055/3055/3028
f 3056/3056/3029 3057/3057/3030 3055/3055/3028
f 3056/3056/3029 3055/3055/3028 3058/3058/3031
f 3059/3059/3032 3060/3060/3033 3058/3058/3031
f 3059/3059/3032 3061/3061/3034 3060/3060/3033
f 2850/2850/2829 3054/3054/3027 2845/2845/2824
f 3059/3059/3032 3050/3050/3023 3054/3054/3027
f 3061/3061/3034 2850/2850/2829 2849/2849/2828
f 3035/3035/3008 3034/3034/3007 3062/3062/3035
f 3063/3063/3036 3064/3064/3037 3065/3065/3038
f 2827/2827/2806 3036/3036/3009 2856/2856/2835
f 3065/3065/3038 3066/3066/3039 3063/3063/3036
f 3067/3067/3040 3068/3068/3041 3069/3069/3042
f 3070/3070/3043 3062/3062/3035 3063/3063/3036
f 3070/3070/3043 3071/3071/3044 3062/3062/3035
f 3070/3070/3043 3072/3072/3045 3071/3071/3044
f 3071/3071/3044 3073/3073/3046 3046/3046/3019
f 3073/3073/3046 2869/2869/2848 2856/2856/2835
f 3073/3073/3046 3074/3074/3047 2869/2869/2848
f 3063/3063/3036 3068/3068/3041 3070/3070/3043
f 3068/3068/3041 3072/3072/3045 3070/3070/3043
f 3075/3075/3048 3067/3067/3040 3076/3076/3049
f 3074/3074/3047 3072/3072/3045 3075/3075/3048
f 3075/3075/3048 3077/3077/3050 3074/3074/3047
f 3078/3078/3051 2866/2866/2845 3077/3077/3050
f 3077/3077/3050 2866/2866/2845 2870/2870/2849
f 3056/3056/3029 3079/3079/3052 3080/3080/3053
f 3081/3081/3054 3079/3079/3052 3082/3082/3055
f 3082/3082/3055 3083/3083/3056 3081/3081/3054
f 3058/3058/3031 3079/3079/3052 3056/3056/3029
f 2891/2891/2870 3084/3084/3057 2875/2875/2854
f 2891/2891/2870 3085/3085/3058 3084/3084/3057
f 3084/3084/3057 3082/3082/3055 3060/3060/3033
f 2849/2849/2828 2875/2875/2854 3061/3061/3034
f 3086/3086/3059 3087/3087/3060 3088/3088/3061
f 3089/3089/3062 3090/3090/3063 3091/3091/3064
f 3081/3081/3054 3092/3092/3065 3093/3093/3066
f 3087/3087/3060 3094/3094/3067 3091/3091/3064
f 3094/3094/3067 3087/3087/3060 3095/3095/3068
f 3091/3091/3064 3096/3096/3069 3089/3089/3062
f 2884/2884/2863 2886/2886/2865 3097/3097/3070
f 3094/3094/3067 3097/3097/3070 3091/3091/3064
f 3098/3098/3071 3097/3097/3070 3094/3094/3067
f 3094/3094/3067 3095/3095/3068 3098/3098/3071
f 3099/3099/3072 3100/3100/3073 3069/3069/3042
f 3067/3067/3040 3069/3069/3042 3100/3100/3073
f 3101/3101/3074 3102/3102/3075 3100/3100/3073
f 3103/3103/3076 3104/3104/3077 3105/3105/3078
f 3106/3106/3079 3078/3078/3051 3076/3076/3049
f 3102/3102/3075 3106/3106/3079 3076/3076/3049
f 3106/3106/3079 3102/3102/3075 3105/3105/3078
f 3107/3107/3080 3078/3078/3051 3106/3106/3079
f 3105/3105/3078 3107/3107/3080 3106/3106/3079
f 2898/2898/2877 3107/3107/3080 3108/3108/3081
f 3104/3104/3077 3109/3109/3082 3105/3105/3078
f 3110/3110/3083 3111/3111/3084 3101/3101/3074
f 3103/3103/3076 3111/3111/3084 3112/3112/3085
f 3101/3101/3074 3111/3111/3084 3103/3103/3076
f 3113/3113/3086 3114/3114/3087 3115/3115/3088
f 3116/3116/3089 3115/3115/3088 3117/3117/3090
f 3116/3116/3089 3118/3118/3091 3115/3115/3088
f 3108/3108/3081 3109/3109/3082 3119/3119/3092
f 3120/3120/3093 2907/2907/2886 3121/3121/3094
f 2907/2907/2886 3120/3120/3093 2908/2908/2887
f 3122/3122/3095 3117/3117/3090 3123/3123/3096
f 3122/3122/3095 3124/3124/3097 3125/3125/3098
f 3122/3122/3095 3125/3125/3098 3117/3117/3090
f 3126/3126/3099 3125/3125/3098 3127/3127/3100
f 3128/3128/3101 3129/3129/3102 3130/3130/3103
f 3129/3129/3102 3131/3131/3104 3130/3130/3103
f 3120/3120/3093 3116/3116/3089 3126/3126/3099
f 3132/3132/3105 3126/3126/3099 3127/3127/3100
f 2927/2927/2902 2908/2908/2887 3132/3132/3105
f 3132/3132/3105 3127/3127/3100 3133/3133/3106
f 3131/3131/3104 3133/3133/3106 3127/3127/3100
f 2928/2928/2903 3133/3133/3106 2929/2929/2904
f 3134/3134/3107 3131/3131/3104 3129/3129/3102
f 2929/2929/2904 3134/3134/3107 2946/2946/2919
f 3135/3135/3108 3136/3136/3109 3137/3137/3110
f 3128/3128/3101 3138/3138/3111 3129/3129/3102
f 3139/3139/3112 3136/3136/3109 3135/3135/3108
f 3135/3135/3108 3140/3140/3113 3139/3139/3112
f 3141/3141/3114 3139/3139/3112 3142/3142/3115
f 3136/3136/3109 3143/3143/3116 3144/3144/3117
f 3134/3134/3107 3129/3129/3102 3138/3138/3111
f 3145/3145/3118 3138/3138/3111 3144/3144/3117
f 2945/2945/2918 2946/2946/2919 3145/3145/3118
f 3145/3145/3118 3144/3144/3117 3146/3146/3119
f 3143/3143/3116 3146/3146/3119 3144/3144/3117
f 2947/2947/2920 3146/3146/3119 2948/2948/2921
f 3147/3147/3120 3143/3143/3116 3141/3141/3114
f 2948/2948/2921 3147/3147/3120 3148/3148/3121
f 3089/3089/3062 3149/3149/3122 3090/3090/3063
f 3150/3150/3123 3151/3151/3124 3152/3152/3125
f 3151/3151/3124 3088/3088/3061 3090/3090/3063
f 3149/3149/3122 3153/3153/3126 3152/3152/3125
f 3096/3096/3069 2886/2886/2865 2954/2954/2927
f 3089/3089/3062 3096/3096/3069 3154/3154/3127
f 3089/3089/3062 3154/3154/3127 3149/3149/3122
f 2953/2953/2926 3155/3155/3128 3154/3154/3127
f 3142/3142/3115 3153/3153/3126 3141/3141/3114
f 3152/3152/3125 3153/3153/3126 3142/3142/3115
f 2953/2953/2926 3148/3148/3121 3155/3155/3128
f 3155/3155/3128 3148/3148/3121 3147/3147/3120
f 3156/3156/3129 3157/3157/3130 3124/3124/3097
f 3156/3156/3129 3158/3158/3131 3157/3157/3130
f 3157/3157/3130 3158/3158/3131 3130/3130/3103
f 3156/3156/3129 3159/3159/3132 3158/3158/3131
f 3128/3128/3101 3160/3160/3133 3161/3161/3134
f 3162/3162/3135 3160/3160/3133 3163/3163/3136
f 3162/3162/3135 3161/3161/3134 3160/3160/3133
f 3162/3162/3135 3137/3137/3110 3161/3161/3134
f 3164/3164/3137 3165/3165/3138 3166/3166/3139
f 3164/3164/3137 3166/3166/3139 3167/3167/3140
f 3168/3168/3141 3165/3165/3138 3164/3164/3137
f 3167/3167/3140 3169/3169/3142 3164/3164/3137
f 3164/3164/3137 3169/3169/3142 3170/3170/3143
f 3164/3164/3137 3170/3170/3143 3168/3168/3141
f 3171/3171/3144 3172/3172/3145 3173/3173/3146
f 3171/3171/3144 3173/3173/3146 3174/3174/3147
f 3175/3175/3148 3172/3172/3145 3171/3171/3144
f 3174/3174/3147 3176/3176/3149 3171/3171/3144
f 3171/3171/3144 3176/3176/3149 3177/3177/3150
f 3171/3171/3144 3177/3177/3150 3175/3175/3148
f 3178/3178/3151 3179/3179/3152 3180/3180/3153
f 3181/3181/3154 3179/3179/3152 3182/3182/3155
f 3183/3183/3156 3179/3179/3152 3181/3181/3154
f 3182/3182/3155 3184/3184/3157 3181/3181/3154
f 3180/3180/3153 3179/3179/3152 3183/3183/3156
f 3182/3182/3155 3179/3179/3152 3178/3178/3151
f 3185/3185/3158 3186/3186/3159 2993/2993/2966
f 3187/3187/3160 3186/3186/3159 3185/3185/3158
f 3186/3186/3159 3188/3188/3161 2993/2993/2966
f 3185/3185/3158 2998/2998/2971 3187/3187/3160
f 3189/3189/3162 3190/3190/3163 3191/3191/3164
f 3192/3192/3165 3193/3193/3166 3194/3194/3167
f 3195/3195/3168 3196/3196/3169 3178/3178/3151
f 3197/3197/3170 3190/3190/3163 3192/3192/3165
f 3184/3184/3157 3190/3190/3163 3197/3197/3170
f 3194/3194/3167 3198/3198/3171 3192/3192/3165
f 3199/3199/3172 2987/2987/2960 2989/2989/2962
f 3197/3197/3170 3192/3192/3165 3199/3199/3172
f 3197/3197/3170 3199/3199/3172 3188/3188/3161
f 3188/3188/3161 3184/3184/3157 3197/3197/3170
f 3200/3200/3173 3180/3180/3153 3166/3166/3139
f 3165/3165/3138 3201/3201/3174 3202/3202/3175
f 3203/3203/3176 3201/3201/3174 3204/3204/3177
f 3201/3201/3174 3205/3205/3178 3202/3202/3175
f 3183/3183/3156 3187/3187/3160 3167/3167/3140
f 3169/3169/3142 2998/2998/2971 2999/2999/2972
f 3001/3001/2974 3002/3002/2975 3170/3170/3143
f 3206/3206/3179 3204/3204/3177 3168/3168/3141
f 3002/3002/2975 3004/3004/2977 3206/3206/3179
f 3207/3207/3180 3195/3195/3168 3178/3178/3151
f 3208/3208/3181 3203/3203/3176 3209/3209/3182
f 3209/3209/3182 3203/3203/3176 3173/3173/3146
f 3210/3210/3183 3211/3211/3184 3212/3212/3185
f 3172/3172/3145 3211/3211/3184 3213/3213/3186
f 3212/3212/3185 3211/3211/3184 3214/3214/3187
f 3204/3204/3177 3206/3206/3179 3174/3174/3147
f 3176/3176/3149 3004/3004/2977 3005/3005/2978
f 3007/3007/2980 3010/3010/2983 3177/3177/3150
f 3215/3215/3188 3214/3214/3187 3175/3175/3148
f 3010/3010/2983 3216/3216/3189 3215/3215/3188
f 3210/3210/3183 3217/3217/3190 3218/3218/3191
f 3219/3219/3192 3220/3220/3193 3221/3221/3194
f 3222/3222/3195 3223/3223/3196 3224/3224/3197
f 3221/3221/3194 3224/3224/3197 3225/3225/3198
f 3224/3224/3197 3223/3223/3196 3225/3225/3198
f 3223/3223/3196 3226/3226/3199 3225/3225/3198
f 3227/3227/3200 3228/3228/3201 3229/3229/3202
f 3228/3228/3201 3027/3027/3000 3229/3229/3202
f 3027/3027/3000 3230/3230/3203 3229/3229/3202
f 3231/3231/3204 3232/3232/3205 3233/3233/3206
f 3232/3232/3205 3226/3226/3199 3234/3234/3207
f 3234/3234/3207 3235/3235/3208 3232/3232/3205
f 3236/3236/3209 3237/3237/3210 3235/3235/3208
f 3234/3234/3207 3226/3226/3199 3230/3230/3203
f 3234/3234/3207 3238/3238/3211 3235/3235/3208
f 3234/3234/3207 3230/3230/3203 3238/3238/3211
f 3028/3028/3001 3026/3026/2999 3238/3238/3211
f 3235/3235/3208 3239/3239/3212 3236/3236/3209
f 3240/3240/3213 3241/3241/3214 3242/3242/3215
f 3243/3243/3216 3244/3244/3217 3245/3245/3218
f 3243/3243/3216 3246/3246/3219 3244/3244/3217
f 3247/3247/3220 3243/3243/3216 3245/3245/3218
f 3247/3247/3220 3248/3248/3221 3243/3243/3216
f 3243/3243/3216 3248/3248/3221 3246/3246/3219
f 3249/3249/3222 3250/3250/3223 3251/3251/3224
f 3252/3252/3225 3253/3253/3226 3254/3254/3227
f 3255/3255/3228 3193/3193/3166 3189/3189/3162
f 3254/3254/3227 3256/3256/3229 3250/3250/3223
f 3038/3038/3011 3041/3041/3014 3257/3257/3230
f 3258/3258/3231 3257/3257/3230 3251/3251/3224
f 3250/3250/3223 3258/3258/3231 3251/3251/3224
f 3258/3258/3231 3259/3259/3232 3039/3039/3012
f 3246/3246/3219 3256/3256/3229 3240/3240/3213
f 3240/3240/3213 3256/3256/3229 3254/3254/3227
f 3259/3259/3232 3033/3033/3006 3039/3039/3012
f 3248/3248/3221 3033/3033/3006 3259/3259/3232
f 3233/3233/3206 3237/3237/3210 3260/3260/3233
f 3236/3236/3209 3261/3261/3234 3237/3237/3210
f 3261/3261/3234 3262/3262/3235 3263/3263/3236
f 3260/3260/3233 3263/3263/3236 3264/3264/3237
f 3239/3239/3212 3026/3026/2999 3047/3047/3020
f 3239/3239/3212 3265/3265/3238 3236/3236/3209
f 3052/3052/3025 3266/3266/3239 3265/3265/3238
f 3265/3265/3238 3261/3261/3234 3236/3236/3209
f 3263/3263/3236 3262/3262/3235 3267/3267/3240
f 3268/3268/3241 3269/3269/3242 3267/3267/3240
f 3268/3268/3241 3267/3267/3240 3270/3270/3243
f 3271/3271/3244 3272/3272/3245 3270/3270/3243
f 3271/3271/3244 3273/3273/3246 3272/3272/3245
f 3057/3057/3030 3266/3266/3239 3052/3052/3025
f 3271/3271/3244 3262/3262/3235 3266/3266/3239
f 3273/3273/3246 3057/3057/3030 3056/3056/3029
f 3274/3274/3247 3275/3275/3248 3242/3242/3215
f 3276/3276/3249 3275/3275/3248 3277/3277/3250
f 3277/3277/3250 3278/3278/3251 3276/3276/3249
f 3242/3242/3215 3275/3275/3248 3244/3244/3217
f 3064/3064/3037 3279/3279/3252 3065/3065/3038
f 3279/3279/3252 3280/3280/3253 3065/3065/3038
f 3245/3245/3218 3276/3276/3249 3279/3279/3252
f 3064/3064/3037 3034/3034/3007 3247/3247/3220
f 3277/3277/3250 3281/3281/3254 3278/3278/3251
f 3281/3281/3254 3282/3282/3255 3283/3283/3256
f 3284/3284/3257 3278/3278/3251 3281/3281/3254
f 3065/3065/3038 3280/3280/3253 3066/3066/3039
f 3285/3285/3258 3066/3066/3039 3280/3280/3253
f 3286/3286/3259 3287/3287/3260 3284/3284/3257
f 3287/3287/3260 3286/3286/3259 3288/3288/3261
f 3285/3285/3258 3284/3284/3257 3287/3287/3260
f 3287/3287/3260 3288/3288/3261 3289/3289/3262
f 3287/3287/3260 3289/3289/3262 3285/3285/3258
f 3268/3268/3241 3290/3290/3263 3291/3291/3264
f 3292/3292/3265 3290/3290/3263 3293/3293/3266
f 3293/3293/3266 3294/3294/3267 3292/3292/3265
f 3270/3270/3243 3290/3290/3263 3268/3268/3241
f 3093/3093/3066 3295/3295/3268 3080/3080/3053
f 3093/3093/3066 3296/3296/3269 3295/3295/3268
f 3295/3295/3268 3293/3293/3266 3272/3272/3245
f 3056/3056/3029 3080/3080/3053 3273/3273/3246
f 3292/3292/3265 3294/3294/3267 3297/3297/3270
f 3298/3298/3271 3299/3299/3272 3297/3297/3270
f 3298/3298/3271 3297/3297/3270 3300/3300/3273
f 3301/3301/3274 3302/3302/3275 3300/3300/3273
f 3303/3303/3276 3088/3088/3061 3304/3304/3277
f 3086/3086/3059 3088/3088/3061 3303/3303/3276
f 3296/3296/3269 3305/3305/3278 3301/3301/3274
f 3301/3301/3274 3294/3294/3267 3296/3296/3269
f 3286/3286/3259 3283/3283/3256 3306/3306/3279
f 3307/3307/3280 3308/3308/3281 3309/3309/3282
f 3069/3069/3042 3289/3289/3262 3099/3099/3072
f 3309/3309/3282 3310/3310/3283 3307/3307/3280
f 3307/3307/3280 3310/3310/3283 3311/3311/3284
f 3312/3312/3285 3306/3306/3279 3307/3307/3280
f 3312/3312/3285 3313/3313/3286 3306/3306/3279
f 3312/3312/3285 3314/3314/3287 3313/3313/3286
f 3313/3313/3286 3315/3315/3288 3288/3288/3261
f 3315/3315/3288 3110/3110/3083 3099/3099/3072
f 3315/3315/3288 3316/3316/3289 3110/3110/3083
f 3317/3317/3290 3318/3318/3291 3319/3319/3292
f 3320/3320/3293 3314/3314/3287 3319/3319/3292
f 3320/3320/3293 3319/3319/3292 3321/3321/3294
f 3322/3322/3295 3323/3323/3296 3324/3324/3297
f 3316/3316/3289 3314/3314/3287 3320/3320/3293
f 3325/3325/3298 3320/3320/3293 3321/3321/3294
f 3320/3320/3293 3325/3325/3298 3316/3316/3289
f 3325/3325/3298 3321/3321/3294 3326/3326/3299
f 3113/3113/3086 3327/3327/3300 3114/3114/3087
f 3114/3114/3087 3327/3327/3300 3328/3328/3301
f 3329/3329/3302 3330/3330/3303 3331/3331/3304
f 3332/3332/3305 3329/3329/3302 3331/3331/3304
f 3331/3331/3304 3330/3330/3303 3333/3333/3306
f 3122/3122/3095 3123/3123/3096 3334/3334/3307
f 3334/3334/3307 3123/3123/3096 3335/3335/3308
f 3334/3334/3307 3124/3124/3097 3122/3122/3095
f 3333/3333/3306 3336/3336/3309 3331/3331/3304
f 3337/3337/3310 3338/3338/3311 3339/3339/3312
f 3340/3340/3313 3337/3337/3310 3339/3339/3312
f 3341/3341/3314 3342/3342/3315 3343/3343/3316
f 3342/3342/3315 3344/3344/3317 3343/3343/3316
f 3339/3339/3312 3345/3345/3318 3340/3340/3313
f 3135/3135/3108 3137/3137/3110 3346/3346/3319
f 3344/3344/3317 3346/3346/3319 3339/3339/3312
f 3135/3135/3108 3346/3346/3319 3140/3140/3113
f 3347/3347/3320 3344/3344/3317 3342/3342/3315
f 3140/3140/3113 3347/3347/3320 3348/3348/3321
f 3349/3349/3322 3350/3350/3323 3351/3351/3324
f 3298/3298/3271 3352/3352/3325 3353/3353/3326
f 3354/3354/3327 3355/3355/3328 3356/3356/3329
f 3300/3300/3273 3352/3352/3325 3298/3298/3271
f 3357/3357/3330 3350/3350/3323 3349/3349/3322
f 3151/3151/3124 3150/3150/3123 3358/3358/3331
f 3358/3358/3331 3359/3359/3332 3304/3304/3277
f 3304/3304/3277 3359/3359/3332 3360/3360/3333
f 3359/3359/3332 3358/3358/3331 3349/3349/3322
f 3359/3359/3332 3356/3356/3329 3360/3360/3333
f 3349/3349/3322 3356/3356/3329 3359/3359/3332
f 3361/3361/3334 3362/3362/3335 3363/3363/3336
f 3351/3351/3324 3350/3350/3323 3361/3361/3334
f 3341/3341/3314 3362/3362/3335 3361/3361/3334
f 3364/3364/3337 3354/3354/3327 3351/3351/3324
f 3354/3354/3327 3364/3364/3337 3365/3365/3338
f 3150/3150/3123 3348/3348/3321 3357/3357/3330
f 3357/3357/3330 3348/3348/3321 3347/3347/3320
f 3366/3366/3339 3367/3367/3340 3318/3318/3291
f 3368/3368/3341 3369/3369/3342 3370/3370/3343
f 3371/3371/3344 3369/3369/3342 3323/3323/3296
f 3372/3372/3345 3369/3369/3342 3368/3368/3341
f 3373/3373/3346 3328/3328/3301 3324/3324/3297
f 3373/3373/3346 3324/3324/3297 3372/3372/3345
f 3373/3373/3346 3335/3335/3308 3328/3328/3301
f 3374/3374/3347 3375/3375/3348 3370/3370/3343
f 3370/3370/3343 3375/3375/3348 3376/3376/3349
f 3377/3377/3350 3368/3368/3341 3370/3370/3343
f 3378/3378/3351 3330/3330/3303 3329/3329/3302
f 3379/3379/3352 3378/3378/3351 3377/3377/3350
f 3380/3380/3353 3381/3381/3354 3382/3382/3355
f 3383/3383/3356 3378/3378/3351 3379/3379/3352
f 3384/3384/3357 3381/3381/3354 3380/3380/3353
f 3383/3383/3356 3382/3382/3355 3381/3381/3354
f 3156/3156/3129 3124/3124/3097 3336/3336/3309
f 3335/3335/3308 3373/3373/3346 3332/3332/3305
f 3373/3373/3346 3372/3372/3345 3332/3332/3305
f 3156/3156/3129 3336/3336/3309 3159/3159/3132
f 3385/3385/3358 3333/3333/3306 3384/3384/3357
f 3159/3159/3132 3385/3385/3358 3163/3163/3136
f 3379/3379/3352 3386/3386/3359 3387/3387/3360
f 3377/3377/3350 3386/3386/3359 3379/3379/3352
f 3387/3387/3360 3383/3383/3356 3379/3379/3352
f 3382/3382/3355 3388/3388/3361 3389/3389/3362
f 3390/3390/3363 3337/3337/3310 3380/3380/3353
f 3391/3391/3364 3392/3392/3365 3338/3338/3311
f 3338/3338/3311 3392/3392/3365 3343/3343/3316
f 3391/3391/3364 3393/3393/3366 3392/3392/3365
f 3345/3345/3318 3137/3137/3110 3162/3162/3135
f 3385/3385/3358 3384/3384/3357 3340/3340/3313
f 3345/3345/3318 3162/3162/3135 3163/3163/3136
f 3389/3389/3362 3394/3394/3367 3382/3382/3355
f 3341/3341/3314 3395/3395/3368 3362/3362/3335
f 3396/3396/3369 3395/3395/3368 3397/3397/3370
f 3396/3396/3369 3362/3362/3335 3395/3395/3368
f 3396/3396/3369 3363/3363/3336 3362/3362/3335
f 3398/3398/3371 3399/3399/3372 3400/3400/3373
f 3401/3401/3374 3402/3402/3375 3403/3403/3376
f 3400/3400/3373 3399/3399/3372 3404/3404/3377
f 3404/3404/3377 3405/3405/3378 3400/3400/3373
f 3406/3406/3379 3404/3404/3377 3407/3407/3380
f 3408/3408/3381 3399/3399/3372 3401/3401/3374
f 3403/3403/3376 3409/3409/3382 3401/3401/3374
f 3410/3410/3383 3189/3189/3162 3191/3191/3164
f 3408/3408/3381 3401/3401/3374 3410/3410/3383
f 3410/3410/3383 3191/3191/3164 3196/3196/3169
f 3408/3408/3381 3411/3411/3384 3407/3407/3380
f 3196/3196/3169 3195/3195/3168 3411/3411/3384
f 3412/3412/3385 3413/3413/3386 3414/3414/3387
f 3415/3415/3388 3416/3416/3389 3417/3417/3390
f 3418/3418/3391 3416/3416/3389 3415/3415/3388
f 3419/3419/3392 3416/3416/3389 3418/3418/3391
f 3420/3420/3393 3200/3200/3173 3202/3202/3175
f 3414/3414/3387 3413/3413/3386 3421/3421/3394
f 3420/3420/3393 3207/3207/3180 3200/3200/3173
f 3422/3422/3395 3423/3423/3396 3205/3205/3178
f 3420/3420/3393 3423/3423/3396 3414/3414/3387
f 3205/3205/3178 3208/3208/3181 3422/3422/3395
f 3415/3415/3388 3414/3414/3387 3423/3423/3396
f 3424/3424/3397 3406/3406/3379 3425/3425/3398
f 3425/3425/3398 3412/3412/3385 3426/3426/3399
f 3407/3407/3380 3413/3413/3386 3406/3406/3379
f 3417/3417/3390 3426/3426/3399 3412/3412/3385
f 3417/3417/3390 3427/3427/3400 3426/3426/3399
f 3421/3421/3394 3195/3195/3168 3207/3207/3180
f 3411/3411/3384 3195/3195/3168 3421/3421/3394
f 3418/3418/3391 3428/3428/3401 3419/3419/3392
f 3419/3419/3392 3428/3428/3401 3429/3429/3402
f 3430/3430/3403 3431/3431/3404 3432/3432/3405
f 3433/3433/3406 3209/3209/3182 3213/3213/3186
f 3422/3422/3395 3208/3208/3181 3434/3434/3407
f 3434/3434/3407 3430/3430/3403 3428/3428/3401
f 3433/3433/3406 3430/3430/3403 3434/3434/3407
f 3433/3433/3406 3213/3213/3186 3218/3218/3191
f 3430/3430/3403 3435/3435/3408 3431/3431/3404
f 3436/3436/3409 3429/3429/3402 3437/3437/3410
f 3437/3437/3410 3432/3432/3405 3438/3438/3411
f 3437/3437/3410 3429/3429/3402 3432/3432/3405
f 3439/3439/3412 3440/3440/3413 3438/3438/3411
f 3441/3441/3414 3442/3442/3415 3443/3443/3416
f 3444/3444/3417 3443/3443/3416 3445/3445/3418
f 3217/3217/3190 3435/3435/3408 3218/3218/3191
f 3446/3446/3419 3447/3447/3420 3220/3220/3193
f 3220/3220/3193 3219/3219/3192 3446/3446/3419
f 3448/3448/3421 3449/3449/3422 3444/3444/3417
f 3449/3449/3422 3448/3448/3421 3450/3450/3423
f 3446/3446/3419 3448/3448/3421 3444/3444/3417
f 3451/3451/3424 3219/3219/3192 3231/3231/3204
f 3451/3451/3424 3233/3233/3206 3452/3452/3425
f 3231/3231/3204 3233/3233/3206 3451/3451/3424
f 3453/3453/3426 3454/3454/3427 3455/3455/3428
f 3456/3456/3429 3457/3457/3430 3458/3458/3431
f 3456/3456/3429 3459/3459/3432 3457/3457/3430
f 3460/3460/3433 3456/3456/3429 3458/3458/3431
f 3460/3460/3433 3461/3461/3434 3456/3456/3429
f 3456/3456/3429 3461/3461/3434 3459/3459/3432
f 3402/3402/3375 3462/3462/3435 3403/3403/3376
f 3463/3463/3436 3464/3464/3437 3465/3465/3438
f 3463/3463/3436 3402/3402/3375 3398/3398/3371
f 3465/3465/3438 3466/3466/3439 3462/3462/3435
f 3255/3255/3228 3189/3189/3162 3409/3409/3382
f 3467/3467/3440 3409/3409/3382 3403/3403/3376
f 3462/3462/3435 3467/3467/3440 3403/3403/3376
f 3468/3468/3441 3469/3469/3442 3253/3253/3226
f 3459/3459/3432 3470/3470/3443 3453/3453/3426
f 3453/3453/3426 3470/3470/3443 3471/3471/3444
f 3469/3469/3442 3241/3241/3214 3253/3253/3226
f 3461/3461/3434 3241/3241/3214 3469/3469/3442
f 3472/3472/3445 3441/3441/3414 3473/3473/3446
f 3449/3449/3422 3473/3473/3446 3441/3441/3414
f 3472/3472/3445 3473/3473/3446 3474/3474/3447
f 3475/3475/3448 3474/3474/3447 3476/3476/3449
f 3476/3476/3449 3477/3477/3450 3478/3478/3451
f 3475/3475/3448 3476/3476/3449 3479/3479/3452
f 3475/3475/3448 3479/3479/3452 3480/3480/3453
f 3450/3450/3423 3452/3452/3425 3481/3481/3454
f 3450/3450/3423 3481/3481/3454 3477/3477/3450
f 3481/3481/3454 3478/3478/3451 3477/3477/3450
f 3452/3452/3425 3482/3482/3455 3481/3481/3454
f 3482/3482/3455 3478/3478/3451 3481/3481/3454
f 3482/3482/3455 3260/3260/3233 3264/3264/3237
f 3478/3478/3451 3483/3483/3456 3484/3484/3457
f 3479/3479/3452 3484/3484/3457 3485/3485/3458
f 3486/3486/3459 3487/3487/3460 3485/3485/3458
f 3486/3486/3459 3485/3485/3458 3488/3488/3461
f 3489/3489/3462 3490/3490/3463 3488/3488/3461
f 3489/3489/3462 3491/3491/3464 3490/3490/3463
f 3269/3269/3242 3483/3483/3456 3264/3264/3237
f 3489/3489/3462 3484/3484/3457 3483/3483/3456
f 3491/3491/3464 3269/3269/3242 3268/3268/3241
f 3492/3492/3465 3493/3493/3466 3455/3455/3428
f 3494/3494/3467 3493/3493/3466 3495/3495/3468
f 3495/3495/3468 3496/3496/3469 3494/3494/3467
f 3455/3455/3428 3493/3493/3466 3457/3457/3430
f 3274/3274/3247 3497/3497/3470 3498/3498/3471
f 3497/3497/3470 3499/3499/3472 3498/3498/3471
f 3458/3458/3431 3494/3494/3467 3497/3497/3470
f 3274/3274/3247 3242/3242/3215 3460/3460/3433
f 3500/3500/3473 3501/3501/3474 3502/3502/3475
f 3500/3500/3473 3502/3502/3475 3503/3503/3476
f 3495/3495/3468 3504/3504/3477 3503/3503/3476
f 3496/3496/3469 3502/3502/3475 3505/3505/3478
f 3506/3506/3479 3505/3505/3478 3507/3507/3480
f 3498/3498/3471 3499/3499/3472 3282/3282/3255
f 3499/3499/3472 3496/3496/3469 3505/3505/3478
f 3282/3282/3255 3506/3506/3479 3283/3283/3256
f 3486/3486/3459 3508/3508/3481 3509/3509/3482
f 3510/3510/3483 3508/3508/3481 3511/3511/3484
f 3511/3511/3484 3512/3512/3485 3510/3510/3483
f 3488/3488/3461 3508/3508/3481 3486/3486/3459
f 3513/3513/3486 3514/3514/3487 3291/3291/3264
f 3513/3513/3486 3515/3515/3488 3514/3514/3487
f 3514/3514/3487 3511/3511/3484 3490/3490/3463
f 3268/3268/3241 3291/3291/3264 3491/3491/3464
f 3510/3510/3483 3512/3512/3485 3516/3516/3489
f 3517/3517/3490 3518/3518/3491 3516/3516/3489
f 3517/3517/3490 3516/3516/3489 3519/3519/3492
f 3520/3520/3493 3521/3521/3494 3519/3519/3492
f 3520/3520/3493 3522/3522/3495 3521/3521/3494
f 3299/3299/3272 3515/3515/3488 3513/3513/3486
f 3520/3520/3493 3512/3512/3485 3515/3515/3488
f 3522/3522/3495 3299/3299/3272 3298/3298/3271
f 3523/3523/3496 3501/3501/3474 3500/3500/3473
f 3507/3507/3480 3501/3501/3474 3524/3524/3497
f 3525/3525/3498 3526/3526/3499 3524/3524/3497
f 3525/3525/3498 3523/3523/3496 3527/3527/3500
f 3308/3308/3281 3528/3528/3501 3309/3309/3282
f 3528/3528/3501 3529/3529/3502 3309/3309/3282
f 3507/3507/3480 3524/3524/3497 3528/3528/3501
f 3308/3308/3281 3283/3283/3256 3506/3506/3479
f 3525/3525/3498 3530/3530/3503 3526/3526/3499
f 3530/3530/3503 3531/3531/3504 3532/3532/3505
f 3533/3533/3506 3526/3526/3499 3530/3530/3503
f 3309/3309/3282 3529/3529/3502 3310/3310/3283
f 3534/3534/3507 3310/3310/3283 3529/3529/3502
f 3310/3310/3283 3534/3534/3507 3311/3311/3284
f 3535/3535/3508 3536/3536/3509 3533/3533/3506
f 3536/3536/3509 3535/3535/3508 3537/3537/3510
f 3534/3534/3507 3533/3533/3506 3536/3536/3509
f 3317/3317/3290 3311/3311/3284 3538/3538/3511
f 3539/3539/3512 3318/3318/3291 3538/3538/3511
f 3538/3538/3511 3318/3318/3291 3317/3317/3290
f 3517/3517/3490 3540/3540/3513 3541/3541/3514
f 3542/3542/3515 3540/3540/3513 3543/3543/3516
f 3543/3543/3516 3544/3544/3517 3542/3542/3515
f 3519/3519/3492 3540/3540/3513 3517/3517/3490
f 3545/3545/3518 3546/3546/3519 3353/3353/3326
f 3545/3545/3518 3547/3547/3520 3546/3546/3519
f 3546/3546/3519 3543/3543/3516 3521/3521/3494
f 3298/3298/3271 3353/3353/3326 3522/3522/3495
f 3548/3548/3521 3549/3549/3522 3550/3550/3523
f 3551/3551/3524 3552/3552/3525 3553/3553/3526
f 3542/3542/3515 3554/3554/3527 3555/3555/3528
f 3549/3549/3522 3556/3556/3529 3553/3553/3526
f 3556/3556/3529 3549/3549/3522 3557/3557/3530
f 3553/3553/3526 3558/3558/3531 3551/3551/3524
f 3364/3364/3337 3363/3363/3336 3559/3559/3532
f 3556/3556/3529 3559/3559/3532 3553/3553/3526
f 3560/3560/3533 3559/3559/3532 3556/3556/3529
f 3561/3561/3534 3544/3544/3517 3547/3547/3520
f 3562/3562/3535 3563/3563/3536 3532/3532/3505
f 3535/3535/3508 3532/3532/3505 3563/3563/3536
f 3564/3564/3537 3565/3565/3538 3563/3563/3536
f 3566/3566/3539 3567/3567/3540 3568/3568/3541
f 3569/3569/3542 3539/3539/3512 3537/3537/3510
f 3565/3565/3538 3569/3569/3542 3537/3537/3510
f 3569/3569/3542 3565/3565/3538 3570/3570/3543
f 3571/3571/3544 3539/3539/3512 3569/3569/3542
f 3570/3570/3543 3571/3571/3544 3569/3569/3542
f 3371/3371/3344 3572/3572/3545 3374/3374/3347
f 3567/3567/3540 3573/3573/3546 3568/3568/3541
f 3574/3574/3547 3575/3575/3548 3564/3564/3537
f 3576/3576/3549 3575/3575/3548 3577/3577/3550
f 3564/3564/3537 3575/3575/3548 3576/3576/3549
f 3578/3578/3551 3579/3579/3552 3580/3580/3553
f 3580/3580/3553 3579/3579/3552 3581/3581/3554
f 3582/3582/3555 3567/3567/3540 3580/3580/3553
f 3374/3374/3347 3573/3573/3546 3375/3375/3348
f 3583/3583/3556 3375/3375/3348 3573/3573/3546
f 3375/3375/3348 3583/3583/3556 3376/3376/3349
f 3584/3584/3557 3585/3585/3558 3586/3586/3559
f 3587/3587/3560 3588/3588/3561 3582/3582/3555
f 3589/3589/3562 3590/3590/3563 3591/3591/3564
f 3590/3590/3563 3592/3592/3565 3591/3591/3564
f 3583/3583/3556 3582/3582/3555 3588/3588/3561
f 3593/3593/3566 3588/3588/3561 3586/3586/3559
f 3386/3386/3359 3376/3376/3349 3593/3593/3566
f 3593/3593/3566 3586/3586/3559 3594/3594/3567
f 3592/3592/3565 3594/3594/3567 3586/3586/3559
f 3387/3387/3360 3594/3594/3567 3388/3388/3361
f 3595/3595/3568 3592/3592/3565 3590/3590/3563
f 3388/3388/3361 3595/3595/3568 3389/3389/3362
f 3596/3596/3569 3391/3391/3364 3390/3390/3363
f 3390/3390/3363 3394/3394/3367 3596/3596/3569
f 3596/3596/3569 3394/3394/3367 3597/3597/3570
f 3393/3393/3366 3598/3598/3571 3599/3599/3572
f 3599/3599/3572 3598/3598/3571 3600/3600/3573
f 3393/3393/3366 3599/3599/3572 3397/3397/3370
f 3598/3598/3571 3601/3601/3574 3600/3600/3573
f 3602/3602/3575 3603/3603/3576 3604/3604/3577
f 3589/3589/3562 3605/3605/3578 3590/3590/3563
f 3606/3606/3579 3603/3603/3576 3602/3602/3575
f 3602/3602/3575 3607/3607/3580 3606/3606/3579
f 3608/3608/3581 3606/3606/3579 3609/3609/3582
f 3603/3603/3576 3610/3610/3583 3611/3611/3584
f 3595/3595/3568 3590/3590/3563 3605/3605/3578
f 3612/3612/3585 3605/3605/3578 3611/3611/3584
f 3612/3612/3585 3611/3611/3584 3613/3613/3586
f 3613/3613/3586 3597/3597/3570 3612/3612/3585
f 3610/3610/3583 3613/3613/3586 3611/3611/3584
f 3613/3613/3586 3601/3601/3574 3597/3597/3570
f 3601/3601/3574 3613/3613/3586 3610/3610/3583
f 3551/3551/3524 3614/3614/3587 3552/3552/3525
f 3615/3615/3588 3616/3616/3589 3617/3617/3590
f 3616/3616/3589 3550/3550/3523 3552/3552/3525
f 3614/3614/3587 3618/3618/3591 3617/3617/3590
f 3558/3558/3531 3363/3363/3336 3396/3396/3369
f 3600/3600/3573 3618/3618/3591 3614/3614/3587
f 3558/3558/3531 3396/3396/3369 3397/3397/3370
f 3609/3609/3582 3618/3618/3591 3608/3608/3581
f 3617/3617/3590 3618/3618/3591 3609/3609/3582
f 3608/3608/3581 3618/3618/3591 3600/3600/3573
f 3619/3619/3592 3620/3620/3593 3581/3581/3554
f 3587/3587/3560 3581/3581/3554 3620/3620/3593
f 3587/3587/3560 3620/3620/3593 3584/3584/3557
f 3621/3621/3594 3620/3620/3593 3619/3619/3592
f 3621/3621/3594 3584/3584/3557 3620/3620/3593
f 3622/3622/3595 3623/3623/3596 3585/3585/3558
f 3585/3585/3558 3623/3623/3596 3591/3591/3564
f 3622/3622/3595 3624/3624/3597 3623/3623/3596
f 3589/3589/3562 3625/3625/3598 3626/3626/3599
f 3627/3627/3600 3625/3625/3598 3628/3628/3601
f 3627/3627/3600 3626/3626/3599 3625/3625/3598
f 3627/3627/3600 3604/3604/3577 3626/3626/3599
f 3629/3629/3602 3630/3630/3603 3631/3631/3604
f 3629/3629/3602 3631/3631/3604 3632/3632/3605
f 3633/3633/3606 3634/3634/3607 3635/3635/3608
f 3636/3636/3609 3637/3637/3610 3638/3638/3611
f 3632/3632/3605 3639/3639/3612 3629/3629/3602
f 3640/3640/3613 3398/3398/3371 3400/3400/3373
f 3636/3636/3609 3629/3629/3602 3640/3640/3613
f 3640/3640/3613 3400/3400/3373 3405/3405/3378
f 3636/3636/3609 3641/3641/3614 3637/3637/3610
f 3405/3405/3378 3424/3424/3397 3641/3641/3614
f 3642/3642/3615 3643/3643/3616 3644/3644/3617
f 3644/3644/3617 3645/3645/3618 3642/3642/3615
f 3644/3644/3617 3643/3643/3616 3646/3646/3619
f 3644/3644/3617 3646/3646/3619 3647/3647/3620
f 3648/3648/3621 3649/3649/3622 3427/3427/3400
f 3650/3650/3623 3649/3649/3622 3648/3648/3621
f 3649/3649/3622 3650/3650/3623 3651/3651/3624
f 3648/3648/3621 3652/3652/3625 3650/3650/3623
f 3634/3634/3607 3633/3633/3606 3653/3653/3626
f 3653/3653/3626 3642/3642/3615 3654/3654/3627
f 3637/3637/3610 3643/3643/3616 3633/3633/3606
f 3655/3655/3628 3656/3656/3629 3654/3654/3627
f 3657/3657/3630 3655/3655/3628 3658/3658/3631
f 3658/3658/3631 3655/3655/3628 3645/3645/3618
f 3641/3641/3614 3424/3424/3397 3646/3646/3619
f 3647/3647/3620 3425/3425/3398 3426/3426/3399
f 3426/3426/3399 3427/3427/3400 3647/3647/3620
f 3658/3658/3631 3645/3645/3618 3651/3651/3624
f 3659/3659/3632 3660/3660/3633 3661/3661/3634
f 3661/3661/3634 3662/3662/3635 3659/3659/3632
f 3650/3650/3623 3652/3652/3625 3663/3663/3636
f 3650/3650/3623 3663/3663/3636 3651/3651/3624
f 3652/3652/3625 3436/3436/3409 3663/3663/3636
f 3664/3664/3637 3665/3665/3638 3661/3661/3634
f 3661/3661/3634 3665/3665/3638 3662/3662/3635
f 3666/3666/3639 3667/3667/3640 3668/3668/3641
f 3669/3669/3642 3657/3657/3630 3670/3670/3643
f 3658/3658/3631 3660/3660/3633 3657/3657/3630
f 3662/3662/3635 3666/3666/3639 3659/3659/3632
f 3671/3671/3644 3666/3666/3639 3662/3662/3635
f 3651/3651/3624 3660/3660/3633 3658/3658/3631
f 3664/3664/3637 3436/3436/3409 3437/3437/3410
f 3664/3664/3637 3437/3437/3410 3438/3438/3411
f 3672/3672/3645 3673/3673/3646 3674/3674/3647
f 3671/3671/3644 3662/3662/3635 3665/3665/3638
f 3673/3673/3646 3442/3442/3415 3441/3441/3414
f 3675/3675/3648 3676/3676/3649 3677/3677/3650
f 3678/3678/3651 3679/3679/3652 3680/3680/3653
f 3678/3678/3651 3681/3681/3654 3679/3679/3652
f 3682/3682/3655 3683/3683/3656 3684/3684/3657
f 3685/3685/3658 3686/3686/3659 3678/3678/3651
f 3678/3678/3651 3686/3686/3659 3681/3681/3654
f 3631/3631/3604 3687/3687/3660 3632/3632/3605
f 3688/3688/3661 3689/3689/3662 3690/3690/3663
f 3690/3690/3663 3691/3691/3664 3687/3687/3660
f 3692/3692/3665 3693/3693/3666 3635/3635/3608
f 3630/3630/3603 3693/3693/3666 3694/3694/3667
f 3638/3638/3611 3693/3693/3666 3630/3630/3603
f 3635/3635/3608 3693/3693/3666 3638/3638/3611
f 3693/3693/3666 3692/3692/3665 3694/3694/3667
f 3463/3463/3436 3398/3398/3371 3639/3639/3612
f 3695/3695/3668 3639/3639/3612 3632/3632/3605
f 3687/3687/3660 3695/3695/3668 3632/3632/3605
f 3695/3695/3668 3696/3696/3669 3464/3464/3437
f 3681/3681/3654 3691/3691/3664 3675/3675/3648
f 3675/3675/3648 3691/3691/3664 3690/3690/3663
f 3696/3696/3669 3697/3697/3670 3464/3464/3437
f 3686/3686/3659 3697/3697/3670 3696/3696/3669
f 3668/3668/3641 3667/3667/3640 3698/3698/3671
f 3667/3667/3640 3699/3699/3672 3698/3698/3671
f 3700/3700/3673 3699/3699/3672 3701/3701/3674
f 3699/3699/3672 3702/3702/3675 3698/3698/3671
f 3673/3673/3646 3703/3703/3676 3674/3674/3647
f 3703/3703/3676 3704/3704/3677 3674/3674/3647
f 3704/3704/3677 3705/3705/3678 3706/3706/3679
f 3706/3706/3679 3705/3705/3678 3707/3707/3680
f 3708/3708/3681 3709/3709/3682 3710/3710/3683
f 3711/3711/3684 3474/3474/3447 3475/3475/3448
f 3703/3703/3676 3472/3472/3445 3712/3712/3685
f 3712/3712/3685 3708/3708/3681 3705/3705/3678
f 3711/3711/3684 3708/3708/3681 3712/3712/3685
f 3711/3711/3684 3475/3475/3448 3480/3480/3453
f 3708/3708/3681 3713/3713/3686 3709/3709/3682
f 3714/3714/3687 3715/3715/3688 3716/3716/3689
f 3717/3717/3690 3707/3707/3680 3718/3718/3691
f 3718/3718/3691 3707/3707/3680 3710/3710/3683
f 3709/3709/3682 3714/3714/3687 3710/3710/3683
f 3719/3719/3692 3714/3714/3687 3709/3709/3682
f 3719/3719/3692 3720/3720/3693 3721/3721/3694
f 3487/3487/3460 3713/3713/3686 3480/3480/3453
f 3719/3719/3692 3709/3709/3682 3713/3713/3686
f 3720/3720/3693 3487/3487/3460 3486/3486/3459
f 3722/3722/3695 3723/3723/3696 3677/3677/3650
f 3724/3724/3697 3725/3725/3698 3726/3726/3699
f 3726/3726/3699 3727/3727/3700 3724/3724/3697
f 3677/3677/3650 3723/3723/3696 3679/3679/3652
f 3492/3492/3465 3728/3728/3701 3504/3504/3477
f 3728/3728/3701 3729/3729/3702 3504/3504/3477
f 3684/3684/3657 3724/3724/3697 3728/3728/3701
f 3492/3492/3465 3455/3455/3428 3682/3682/3655
f 3730/3730/3703 3731/3731/3704 3732/3732/3705
f 3730/3730/3703 3732/3732/3705 3733/3733/3706
f 3726/3726/3699 3734/3734/3707 3733/3733/3706
f 3727/3727/3700 3732/3732/3705 3735/3735/3708
f 3736/3736/3709 3500/3500/3473 3737/3737/3710
f 3737/3737/3710 3500/3500/3473 3503/3503/3476
f 3735/3735/3708 3737/3737/3710 3729/3729/3702
f 3729/3729/3702 3727/3727/3700 3735/3735/3708
f 3716/3716/3689 3715/3715/3688 3738/3738/3711
f 3721/3721/3694 3739/3739/3712 3715/3715/3688
f 3739/3739/3712 3740/3740/3713 3741/3741/3714
f 3738/3738/3711 3741/3741/3714 3742/3742/3715
f 3743/3743/3716 3744/3744/3717 3509/3509/3482
f 3743/3743/3716 3745/3745/3718 3744/3744/3717
f 3744/3744/3717 3739/3739/3712 3721/3721/3694
f 3486/3486/3459 3509/3509/3482 3720/3720/3693
f 3741/3741/3714 3740/3740/3713 3746/3746/3719
f 3747/3747/3720 3748/3748/3721 3746/3746/3719
f 3749/3749/3722 3746/3746/3719 3740/3740/3713
f 3518/3518/3491 3745/3745/3718 3743/3743/3716
f 3750/3750/3723 3745/3745/3718 3518/3518/3491
f 3751/3751/3724 3752/3752/3725 3749/3749/3722
f 3752/3752/3725 3751/3751/3724 3753/3753/3726
f 3750/3750/3723 3751/3751/3724 3749/3749/3722
f 3751/3751/3724 3754/3754/3727 3753/3753/3726
f 3754/3754/3727 3751/3751/3724 3750/3750/3723
f 3755/3755/3728 3731/3731/3704 3730/3730/3703
f 3756/3756/3729 3731/3731/3704 3757/3757/3730
f 3758/3758/3731 3759/3759/3732 3757/3757/3730
f 3758/3758/3731 3755/3755/3728 3760/3760/3733
f 3523/3523/3496 3500/3500/3473 3736/3736/3709
f 3756/3756/3729 3761/3761/3734 3736/3736/3709
f 3761/3761/3734 3762/3762/3735 3527/3527/3500
f 3756/3756/3729 3757/3757/3730 3761/3761/3734
f 3758/3758/3731 3763/3763/3736 3759/3759/3732
f 3763/3763/3736 3764/3764/3737 3765/3765/3738
f 3766/3766/3739 3763/3763/3736 3765/3765/3738
f 3767/3767/3740 3766/3766/3739 3768/3768/3741
f 3769/3769/3742 3767/3767/3740 3768/3768/3741
f 3527/3527/3500 3762/3762/3735 3531/3531/3504
f 3762/3762/3735 3759/3759/3732 3767/3767/3740
f 3531/3531/3504 3769/3769/3742 3532/3532/3505
f 3747/3747/3720 3770/3770/3743 3771/3771/3744
f 3772/3772/3745 3770/3770/3743 3773/3773/3746
f 3773/3773/3746 3770/3770/3743 3774/3774/3747
f 3773/3773/3746 3775/3775/3748 3772/3772/3745
f 3555/3555/3528 3776/3776/3749 3541/3541/3514
f 3541/3541/3514 3776/3776/3749 3777/3777/3750
f 3555/3555/3528 3778/3778/3751 3776/3776/3749
f 3779/3779/3752 3780/3780/3753 3781/3781/3754
f 3782/3782/3755 3779/3779/3752 3781/3781/3754
f 3772/3772/3745 3782/3782/3755 3783/3783/3756
f 3784/3784/3757 3779/3779/3752 3775/3775/3748
f 3785/3785/3758 3550/3550/3523 3786/3786/3759
f 3554/3554/3527 3787/3787/3760 3788/3788/3761
f 3778/3778/3751 3788/3788/3761 3784/3784/3757
f 3784/3784/3757 3775/3775/3748 3778/3778/3751
f 3774/3774/3747 3752/3752/3725 3753/3753/3726
f 3754/3754/3727 3777/3777/3750 3753/3753/3726
f 3777/3777/3750 3774/3774/3747 3753/3753/3726
f 3789/3789/3762 3790/3790/3763 3765/3765/3738
f 3791/3791/3764 3790/3790/3763 3792/3792/3765
f 3792/3792/3765 3793/3793/3766 3791/3791/3764
f 3765/3765/3738 3790/3790/3763 3766/3766/3739
f 3794/3794/3767 3769/3769/3742 3768/3768/3741
f 3791/3791/3764 3793/3793/3766 3795/3795/3768
f 3792/3792/3765 3796/3796/3769 3793/3793/3766
f 3797/3797/3770 3798/3798/3770 3799/3799/3770
f 3800/3800/3771 3793/3793/3766 3796/3796/3769
f 3801/3801/3772 3802/3802/3772 3803/3803/3772
f 3794/3794/3767 3804/3804/3773 3562/3562/3535
f 3795/3795/3768 3804/3804/3773 3794/3794/3767
f 3804/3804/3773 3795/3795/3768 3805/3805/3774
f 3804/3804/3773 3574/3574/3547 3562/3562/3535
f 3804/3804/3773 3805/3805/3774 3574/3574/3547
f 3806/3806/3775 3807/3807/3776 3808/3808/3777
f 3806/3806/3775 3809/3809/3778 3810/3810/3779
f 3806/3806/3775 3810/3810/3779 3807/3807/3776
f 3811/3811/3780 3810/3810/3779 3812/3812/3781
f 3813/3813/3782 3814/3814/3783 3815/3815/3784
f 3816/3816/3785 3811/3811/3780 3812/3812/3781
f 3811/3811/3780 3816/3816/3785 3805/3805/3774
f 3816/3816/3785 3812/3812/3781 3817/3817/3786
f 3578/3578/3551 3818/3818/3787 3579/3579/3552
f 3579/3579/3552 3818/3818/3787 3819/3819/3788
f 3579/3579/3552 3819/3819/3788 3581/3581/3554
f 3820/3820/3789 3821/3821/3790 3822/3822/3791
f 3823/3823/3792 3824/3824/3793 3825/3825/3794
f 3826/3826/3795 3823/3823/3792 3825/3825/3794
f 3827/3827/3796 3604/3604/3577 3828/3828/3797
f 3602/3602/3575 3604/3604/3577 3827/3827/3796
f 3602/3602/3575 3827/3827/3796 3607/3607/3580
f 3829/3829/3798 3823/3823/3792 3826/3826/3795
f 3607/3607/3580 3829/3829/3798 3830/3830/3799
f 3781/3781/3754 3780/3780/3753 3831/3831/3800
f 3832/3832/3801 3833/3833/3802 3834/3834/3803
f 3835/3835/3804 3836/3836/3805 3780/3780/3753
f 3831/3831/3800 3837/3837/3806 3838/3838/3807
f 3839/3839/3808 3833/3833/3802 3832/3832/3801
f 3616/3616/3589 3615/3615/3588 3840/3840/3809
f 3840/3840/3809 3841/3841/3810 3786/3786/3759
f 3786/3786/3759 3841/3841/3810 3842/3842/3811
f 3841/3841/3810 3840/3840/3809 3832/3832/3801
f 3841/3841/3810 3843/3843/3812 3842/3842/3811
f 3832/3832/3801 3843/3843/3812 3841/3841/3810
f 3844/3844/3813 3820/3820/3789 3822/3822/3791
f 3834/3834/3803 3844/3844/3813 3845/3845/3814
f 3820/3820/3789 3833/3833/3802 3826/3826/3795
f 3845/3845/3814 3846/3846/3815 3834/3834/3803
f 3846/3846/3815 3845/3845/3814 3847/3847/3816
f 3615/3615/3588 3830/3830/3799 3839/3839/3808
f 3839/3839/3808 3830/3830/3799 3829/3829/3798
f 3848/3848/3817 3814/3814/3783 3849/3849/3818
f 3848/3848/3817 3850/3850/3819 3814/3814/3783
f 3851/3851/3820 3850/3850/3819 3852/3852/3821
f 3848/3848/3817 3853/3853/3822 3850/3850/3819
f 3854/3854/3823 3819/3819/3788 3815/3815/3784
f 3854/3854/3823 3815/3815/3784 3851/3851/3820
f 3852/3852/3821 3855/3855/3824 3851/3851/3820
f 3856/3856/3825 3852/3852/3821 3857/3857/3826
f 3856/3856/3825 3858/3858/3827 3859/3859/3828
f 3859/3859/3828 3860/3860/3829 3855/3855/3824
f 3861/3861/3830 3862/3862/3831 3863/3863/3832
f 3859/3859/3828 3861/3861/3830 3860/3860/3829
f 3863/3863/3832 3862/3862/3831 3864/3864/3833
f 3858/3858/3827 3865/3865/3834 3862/3862/3831
f 3866/3866/3835 3622/3622/3595 3621/3621/3594
f 3854/3854/3823 3867/3867/3836 3619/3619/3592
f 3867/3867/3836 3855/3855/3824 3860/3860/3829
f 3860/3860/3829 3866/3866/3835 3867/3867/3836
f 3624/3624/3597 3868/3868/3837 3869/3869/3838
f 3868/3868/3837 3866/3866/3835 3860/3860/3829
f 3624/3624/3597 3869/3869/3838 3628/3628/3601
f 3860/3860/3829 3861/3861/3830 3868/3868/3837
f 3864/3864/3833 3870/3870/3839 3863/3863/3832
f 3871/3871/3840 3864/3864/3833 3872/3872/3841
f 3871/3871/3840 3873/3873/3842 3874/3874/3843
f 3874/3874/3843 3875/3875/3844 3870/3870/3839
f 3821/3821/3790 3876/3876/3845 3877/3877/3846
f 3874/3874/3843 3878/3878/3847 3875/3875/3844
f 3825/3825/3794 3876/3876/3845 3821/3821/3790
f 3873/3873/3842 3877/3877/3846 3876/3876/3845
f 3869/3869/3838 3879/3879/3848 3628/3628/3601
f 3879/3879/3848 3870/3870/3839 3875/3875/3844
f 3875/3875/3844 3880/3880/3849 3879/3879/3848
f 3880/3880/3849 3881/3881/3850 3828/3828/3797
f 3828/3828/3797 3881/3881/3850 3824/3824/3793
f 3881/3881/3850 3880/3880/3849 3875/3875/3844
f 3881/3881/3850 3878/3878/3847 3824/3824/3793
f 3875/3875/3844 3878/3878/3847 3881/3881/3850
f 3634/3634/3607 3882/3882/3851 3635/3635/3608
f 3883/3883/3852 3884/3884/3853 3885/3885/3854
f 3883/3883/3852 3885/3885/3854 3886/3886/3855
f 3887/3887/3856 3884/3884/3853 3883/3883/3852
f 3888/3888/3857 3634/3634/3607 3653/3653/3626
f 3882/3882/3851 3634/3634/3607 3888/3888/3857
f 3883/3883/3852 3888/3888/3857 3889/3889/3858
f 3889/3889/3858 3654/3654/3627 3656/3656/3629
f 3890/3890/3859 3889/3889/3858 3656/3656/3629
f 3891/3891/3860 3892/3892/3861 3893/3893/3862
f 3891/3891/3860 3893/3893/3862 3894/3894/3863
f 3895/3895/3864 3892/3892/3861 3891/3891/3860
f 3896/3896/3865 3669/3669/3642 3670/3670/3643
f 3897/3897/3866 3669/3669/3642 3896/3896/3865
f 3670/3670/3643 3668/3668/3641 3896/3896/3865
f 3891/3891/3860 3898/3898/3867 3895/3895/3864
f 3899/3899/3868 3900/3900/3869 3901/3901/3870
f 3902/3902/3871 3899/3899/3868 3901/3901/3870
f 3676/3676/3649 3903/3903/3872 3677/3677/3650
f 3904/3904/3873 3905/3905/3874 3906/3906/3875
f 3907/3907/3876 3908/3908/3877 3909/3909/3878
f 3910/3910/3879 3908/3908/3877 3911/3911/3880
f 3912/3912/3881 3908/3908/3877 3910/3910/3879
f 3909/3909/3878 3908/3908/3877 3912/3912/3881
f 3911/3911/3880 3908/3908/3877 3907/3907/3876
f 3913/3913/3882 3688/3688/3661 3694/3694/3667
f 3906/3906/3875 3905/3905/3874 3914/3914/3883
f 3913/3913/3882 3689/3689/3662 3688/3688/3661
f 3915/3915/3884 3916/3916/3885 3692/3692/3665
f 3913/3913/3882 3916/3916/3885 3906/3906/3875
f 3910/3910/3879 3906/3906/3875 3916/3916/3885
f 3900/3900/3869 3899/3899/3868 3917/3917/3886
f 3917/3917/3886 3904/3904/3873 3918/3918/3887
f 3919/3919/3888 3902/3902/3871 3920/3920/3889
f 3911/3911/3880 3918/3918/3887 3904/3904/3873
f 3921/3921/3890 3922/3922/3891 3907/3907/3876
f 3914/3914/3883 3905/3905/3874 3919/3919/3888
f 3919/3919/3888 3920/3920/3889 3903/3903/3872
f 3914/3914/3883 3676/3676/3649 3689/3689/3662
f 3923/3923/3892 3909/3909/3878 3885/3885/3854
f 3884/3884/3853 3924/3924/3893 3925/3925/3894
f 3926/3926/3895 3924/3924/3893 3927/3927/3896
f 3924/3924/3893 3928/3928/3897 3925/3925/3894
f 3915/3915/3884 3882/3882/3851 3886/3886/3855
f 3912/3912/3881 3915/3915/3884 3886/3886/3855
f 3890/3890/3859 3929/3929/3898 3887/3887/3856
f 3929/3929/3898 3927/3927/3896 3887/3887/3856
f 3890/3890/3859 3897/3897/3866 3929/3929/3898
f 3930/3930/3899 3921/3921/3890 3907/3907/3876
f 3931/3931/3900 3926/3926/3895 3932/3932/3901
f 3932/3932/3901 3926/3926/3895 3893/3893/3862
f 3895/3895/3864 3933/3933/3902 3892/3892/3861
f 3933/3933/3902 3934/3934/3903 3935/3935/3904
f 3936/3936/3905 3935/3935/3904 3937/3937/3906
f 3898/3898/3867 3668/3668/3641 3698/3698/3671
f 3929/3929/3898 3897/3897/3866 3894/3894/3863
f 3927/3927/3896 3929/3929/3898 3894/3894/3863
f 3698/3698/3671 3702/3702/3675 3898/3898/3867
f 3702/3702/3675 3938/3938/3907 3939/3939/3908
f 3933/3933/3902 3940/3940/3909 3934/3934/3903
f 3935/3935/3904 3934/3934/3903 3941/3941/3910
f 3942/3942/3911 3943/3943/3912 3944/3944/3913
f 3945/3945/3914 3941/3941/3910 3934/3934/3903
f 3945/3945/3914 3934/3934/3903 3940/3940/3909
f 3939/3939/3908 3938/3938/3907 3946/3946/3915
f 3939/3939/3908 3946/3946/3915 3940/3940/3909
f 3947/3947/3916 3948/3948/3917 3949/3949/3918
f 3950/3950/3919 3717/3717/3690 3948/3948/3917
f 3717/3717/3690 3949/3949/3918 3948/3948/3917
f 3951/3951/3920 3952/3952/3921 3953/3953/3922
f 3954/3954/3923 3955/3955/3924 3956/3956/3925
f 3957/3957/3926 3952/3952/3921 3951/3951/3920
f 3954/3954/3923 3958/3958/3927 3951/3951/3920
f 3954/3954/3923 3949/3949/3918 3958/3958/3927
f 3718/3718/3691 3716/3716/3689 3958/3958/3927
f 3951/3951/3920 3959/3959/3928 3957/3957/3926
f 3960/3960/3929 3961/3961/3930 3901/3901/3870
f 3962/3962/3931 3961/3961/3930 3963/3963/3932
f 3964/3964/3933 3961/3961/3930 3962/3962/3931
f 3965/3965/3934 3966/3966/3935 3967/3967/3936
f 3968/3968/3937 3969/3969/3938 3734/3734/3707
f 3970/3970/3939 3971/3971/3940 3722/3722/3695
f 3969/3969/3938 3972/3972/3941 3734/3734/3707
f 3973/3973/3942 3974/3974/3943 3975/3975/3944
f 3973/3973/3942 3975/3975/3944 3976/3976/3945
f 3965/3965/3934 3977/3977/3946 3976/3976/3945
f 3966/3966/3935 3975/3975/3944 3978/3978/3947
f 3979/3979/3948 3730/3730/3703 3980/3980/3949
f 3980/3980/3949 3730/3730/3703 3733/3733/3706
f 3978/3978/3947 3980/3980/3949 3972/3972/3941
f 3972/3972/3941 3966/3966/3935 3978/3978/3947
f 3902/3902/3871 3964/3964/3933 3920/3920/3889
f 3970/3970/3939 3903/3903/3872 3920/3920/3889
f 3964/3964/3933 3970/3970/3939 3920/3920/3889
f 3981/3981/3950 3942/3942/3911 3982/3982/3951
f 3955/3955/3924 3982/3982/3951 3942/3942/3911
f 3955/3955/3924 3953/3953/3922 3982/3982/3951
f 3981/3981/3950 3982/3982/3951 3983/3983/3952
f 3983/3983/3952 3982/3982/3951 3953/3953/3922
f 3957/3957/3926 3984/3984/3953 3952/3952/3921
f 3984/3984/3953 3985/3985/3954 3986/3986/3955
f 3987/3987/3956 3986/3986/3955 3988/3988/3957
f 3959/3959/3928 3716/3716/3689 3738/3738/3711
f 3959/3959/3928 3989/3989/3958 3957/3957/3926
f 3742/3742/3715 3990/3990/3959 3989/3989/3958
f 3989/3989/3958 3984/3984/3953 3957/3957/3926
f 3991/3991/3960 3992/3992/3961 3993/3993/3962
f 3994/3994/3963 3991/3991/3960 3993/3993/3962
f 3986/3986/3955 3994/3994/3963 3988/3988/3957
f 3995/3995/3964 3991/3991/3960 3985/3985/3954
f 3995/3995/3964 3996/3996/3965 3997/3997/3966
f 3748/3748/3721 3990/3990/3959 3742/3742/3715
f 3995/3995/3964 3985/3985/3954 3990/3990/3959
f 3996/3996/3965 3748/3748/3721 3747/3747/3720
f 3998/3998/3967 3974/3974/3943 3973/3973/3942
f 3999/3999/3968 3974/3974/3943 4000/4000/3969
f 4001/4001/3970 4002/4002/3971 4000/4000/3969
f 4001/4001/3970 3998/3998/3967 4003/4003/3972
f 3755/3755/3728 3730/3730/3703 3979/3979/3948
f 3999/3999/3968 4004/4004/3973 3979/3979/3948
f 4004/4004/3973 4005/4005/3974 3760/3760/3733
f 3999/3999/3968 4000/4000/3969 4004/4004/3973
f 4006/4006/3975 4007/4007/3976 4008/4008/3977
f 4006/4006/3975 4008/4008/3977 4009/4009/3978
f 4001/4001/3970 4003/4003/3972 4009/4009/3978
f 4002/4002/3971 4008/4008/3977 4010/4010/3979
f 4011/4011/3980 4010/4010/3979 4012/4012/3981
f 3760/3760/3733 4005/4005/3974 3764/3764/3737
f 4005/4005/3974 4002/4002/3971 4010/4010/3979
f 3764/3764/3737 4011/4011/3980 3765/3765/3738
f 3993/3993/3962 3992/3992/3961 4013/4013/3982
f 3997/3997/3966 4014/4014/3983 3992/3992/3961
f 4014/4014/3983 4015/4015/3984 4016/4016/3985
f 4013/4013/3982 4016/4016/3985 4017/4017/3986
f 3783/3783/3756 4018/4018/3987 3771/3771/3744
f 3783/3783/3756 4019/4019/3988 4018/4018/3987
f 4018/4018/3987 4014/4014/3983 3997/3997/3966
f 3747/3747/3720 3771/3771/3744 3996/3996/3965
f 4020/4020/3989 4021/4021/3990 4022/4022/3991
f 4023/4023/3992 4020/4020/3989 4022/4022/3991
f 4016/4016/3985 4023/4023/3992 4017/4017/3986
f 4024/4024/3993 4020/4020/3989 4015/4015/3984
f 4025/4025/3994 3781/3781/3754 4026/4026/3995
f 3782/3782/3755 3781/3781/3754 4025/4025/3994
f 4019/4019/3988 4025/4025/3994 4024/4024/3993
f 4024/4024/3993 4015/4015/3984 4019/4019/3988
f 4027/4027/3996 4007/4007/3976 4006/4006/3975
f 4012/4012/3981 4007/4007/3976 4028/4028/3997
f 4029/4029/3998 4030/4030/3999 4028/4028/3997
f 4029/4029/3998 4027/4027/3996 4031/4031/4000
f 3789/3789/3762 4032/4032/4001 4033/4033/4002
f 4032/4032/4001 4034/4034/4003 4033/4033/4002
f 4012/4012/3981 4028/4028/3997 4032/4032/4001
f 3789/3789/3762 3765/3765/3738 4011/4011/3980
f 4029/4029/3998 4035/4035/4004 4030/4030/3999
f 4035/4035/4004 4036/4036/4005 4037/4037/4006
f 4038/4038/4007 4030/4030/3999 4035/4035/4004
f 4033/4033/4002 4034/4034/4003 4039/4039/4008
f 4040/4040/4009 4039/4039/4008 4034/4034/4003
f 4039/4039/4008 4040/4040/4009 3808/3808/3777
f 4041/4041/4010 4042/4042/4011 4043/4043/4012
f 4044/4044/4013 4045/4045/4014 4038/4038/4007
f 4043/4043/4012 4042/4042/4011 4046/4046/4015
f 4040/4040/4009 4038/4038/4007 4045/4045/4014
f 4047/4047/4016 4045/4045/4014 4048/4048/4017
f 3806/3806/3775 3808/3808/3777 4047/4047/4016
f 4047/4047/4016 3809/3809/3778 3806/3806/3775
f 4046/4046/4015 4049/4049/4018 4043/4043/4012
f 4050/4050/4019 4051/4051/4020 4052/4052/4021
f 4053/4053/4022 4050/4050/4019 4052/4052/4021
f 4054/4054/4023 4055/4055/4024 4056/4056/4025
f 4057/4057/4026 4055/4055/4024 4054/4054/4023
f 4052/4052/4021 4051/4051/4020 4058/4058/4027
f 4052/4052/4021 4059/4059/4028 4053/4053/4022
f 4052/4052/4021 4060/4060/4029 4059/4059/4028
f 4058/4058/4027 4060/4060/4029 4052/4052/4021
f 3821/3821/3790 4061/4061/4030 3822/3822/3791
f 4062/4062/4031 4063/4063/4032 4064/4064/4033
f 4065/4065/4034 4066/4066/4035 4067/4067/4036
f 4066/4066/4035 4021/4021/3990 4068/4068/4037
f 4069/4069/4038 4068/4068/4037 4021/4021/3990
f 4066/4066/4035 4068/4068/4037 4070/4070/4039
f 4026/4026/3995 3781/3781/3754 3831/3831/3800
f 4071/4071/4040 4072/4072/4041 4073/4073/4042
f 4074/4074/4043 4071/4071/4040 4073/4073/4042
f 4026/4026/3995 4075/4075/4044 4069/4069/4038
f 4075/4075/4044 4068/4068/4037 4069/4069/4038
f 4070/4070/4039 4068/4068/4037 4075/4075/4044
f 4064/4064/4033 4072/4072/4041 4054/4054/4023
f 4057/4057/4026 4076/4076/4045 4077/4077/4046
f 4076/4076/4045 4072/4072/4041 4071/4071/4040
f 4076/4076/4045 4061/4061/4030 4077/4077/4046
f 4074/4074/4043 3845/3845/3814 3844/3844/3813
f 3845/3845/3814 4074/4074/4043 3847/3847/3816
f 4078/4078/4047 4079/4079/4048 4037/4037/4006
f 4044/4044/4013 4037/4037/4006 4079/4079/4048
f 4044/4044/4013 4079/4079/4048 4080/4080/4049
f 4081/4081/4050 4082/4082/4051 4083/4083/4052
f 4081/4081/4050 4041/4041/4010 4082/4082/4051
f 4084/4084/4053 4085/4085/4054 4042/4042/4011
f 4086/4086/4055 4085/4085/4054 4087/4087/4056
f 4084/4084/4053 4088/4088/4057 4085/4085/4054
f 4089/4089/4058 3809/3809/3778 4090/4090/4059
f 3848/3848/3817 4049/4049/4018 3853/3853/3822
f 4091/4091/4060 4046/4046/4015 4086/4086/4055
f 3853/3853/3822 4091/4091/4060 3857/3857/3826
f 4087/4087/4056 4092/4092/4061 4086/4086/4055
f 4093/4093/4062 4087/4087/4056 4094/4094/4063
f 4093/4093/4062 4095/4095/4064 4096/4096/4065
f 4096/4096/4065 4097/4097/4066 4092/4092/4061
f 4098/4098/4067 4099/4099/4068 4100/4100/4069
f 4096/4096/4065 4098/4098/4067 4097/4097/4066
f 4100/4100/4069 4099/4099/4068 4101/4101/4070
f 4095/4095/4064 4102/4102/4071 4099/4099/4068
f 4103/4103/4072 3858/3858/3827 3856/3856/3825
f 4091/4091/4060 4104/4104/4073 3857/3857/3826
f 4104/4104/4073 4092/4092/4061 4097/4097/4066
f 4097/4097/4066 4103/4103/4072 4104/4104/4073
f 3865/3865/3834 4105/4105/4074 4106/4106/4075
f 4105/4105/4074 4103/4103/4072 4097/4097/4066
f 3865/3865/3834 4106/4106/4075 3872/3872/3841
f 4097/4097/4066 4098/4098/4067 4105/4105/4074
f 4107/4107/4076 4101/4101/4070 4108/4108/4077
f 4107/4107/4076 4050/4050/4019 4101/4101/4070
f 4055/4055/4024 4109/4109/4078 4110/4110/4079
f 4111/4111/4080 4109/4109/4078 4051/4051/4020
f 4111/4111/4080 4110/4110/4079 4109/4109/4078
f 4106/4106/4075 4100/4100/4069 4053/4053/4022
f 4059/4059/4028 3871/3871/3840 3872/3872/3841
f 3873/3873/3842 4060/4060/4029 3877/3877/3846
f 4112/4112/4081 4058/4058/4027 4113/4113/4082
f 4113/4113/4082 4057/4057/4026 4077/4077/4046
f 4061/4061/4030 4112/4112/4081 4077/4077/4046
f 4112/4112/4081 4113/4113/4082 4077/4077/4046
f 3900/3900/3869 4114/4114/4083 3901/3901/3870
f 4115/4115/4084 4116/4116/4085 4117/4117/4086
f 4118/4118/4087 4119/4119/4088 4120/4120/4089
f 4117/4117/4086 4116/4116/4085 4121/4121/4090
f 4121/4121/4090 4122/4122/4091 4117/4117/4086
f 4123/4123/4092 4121/4121/4090 4124/4124/4093
f 4125/4125/4094 4116/4116/4085 4118/4118/4087
f 4126/4126/4095 3900/3900/3869 3917/3917/3886
f 4114/4114/4083 3900/3900/3869 4126/4126/4095
f 4118/4118/4087 4126/4126/4095 4127/4127/4096
f 4125/4125/4094 4118/4118/4087 4127/4127/4096
f 4127/4127/4096 3918/3918/3887 3922/3922/3891
f 4125/4125/4094 4128/4128/4097 4124/4124/4093
f 3922/3922/3891 3921/3921/3890 4128/4128/4097
f 4129/4129/4098 4130/4130/4099 4131/4131/4100
f 4132/4132/4101 4129/4129/4098 4131/4131/4100
f 4133/4133/4102 4129/4129/4098 4132/4132/4101
f 4134/4134/4103 4135/4135/4104 4136/4136/4105
f 4132/4132/4101 4137/4137/4106 4136/4136/4105
f 4138/4138/4107 4135/4135/4104 4134/4134/4103
f 4135/4135/4104 4139/4139/4108 4133/4133/4102
f 4140/4140/4109 3923/3923/3892 3925/3925/3894
f 4137/4137/4106 4141/4141/4110 4142/4142/4111
f 4140/4140/4109 3930/3930/3899 3923/3923/3892
f 4143/4143/4112 4144/4144/4113 3928/3928/3897
f 4140/4140/4109 4144/4144/4113 4137/4137/4106
f 3928/3928/3897 3931/3931/3900 4143/4143/4112
f 4136/4136/4105 4137/4137/4106 4144/4144/4113
f 4124/4124/4093 4141/4141/4110 4123/4123/4092
f 4123/4123/4092 4141/4141/4110 4131/4131/4100
f 4142/4142/4111 3921/3921/3890 3930/3930/3899
f 4128/4128/4097 3921/3921/3890 4142/4142/4111
f 4134/4134/4103 4145/4145/4114 4138/4138/4107
f 4138/4138/4107 4145/4145/4114 4146/4146/4115
f 4147/4147/4116 4148/4148/4117 4149/4149/4118
f 4150/4150/4119 3932/3932/3901 3936/3936/3905
f 4143/4143/4112 3931/3931/3900 4151/4151/4120
f 4151/4151/4120 4147/4147/4116 4145/4145/4114
f 4150/4150/4119 4147/4147/4116 4151/4151/4120
f 4150/4150/4119 3936/3936/3905 3937/3937/3906
f 4147/4147/4116 4152/4152/4121 4148/4148/4117
f 4153/4153/4122 4154/4154/4123 4155/4155/4124
f 4156/4156/4125 4146/4146/4115 4157/4157/4126
f 4157/4157/4126 4146/4146/4115 4149/4149/4118
f 4158/4158/4127 4153/4153/4122 4159/4159/4128
f 4160/4160/4129 4153/4153/4122 4158/4158/4127
f 4160/4160/4129 4161/4161/4130 4162/4162/4131
f 4163/4163/4132 4152/4152/4121 3937/3937/3906
f 4160/4160/4129 4158/4158/4127 4164/4164/4133
f 4161/4161/4130 3943/3943/3912 3942/3942/3911
f 4165/4165/4134 4166/4166/4135 4167/4167/4136
f 4168/4168/4137 4169/4169/4138 4170/4170/4139
f 4167/4167/4136 4171/4171/4140 4165/4165/4134
f 4172/4172/4141 4169/4169/4138 4168/4168/4137
f 4173/4173/4142 4174/4174/4143 3977/3977/3946
f 4175/4175/4144 4176/4176/4145 3960/3960/3929
f 4174/4174/4143 4177/4177/4146 3977/3977/3946
f 4167/4167/4136 4178/4178/4147 4171/4171/4140
f 4178/4178/4147 4179/4179/4148 4180/4180/4149
f 4181/4181/4150 4178/4178/4147 4180/4180/4149
f 4182/4182/4151 4181/4181/4150 4183/4183/4152
f 4184/4184/4153 3973/3973/3942 4185/4185/4154
f 4185/4185/4154 3973/3973/3942 3976/3976/3945
f 4182/4182/4151 4185/4185/4154 4177/4177/4146
f 4177/4177/4146 4171/4171/4140 4182/4182/4151
f 4186/4186/4155 4172/4172/4141 4187/4187/4156
f 4187/4187/4156 4172/4172/4141 4119/4119/4088
f 4187/4187/4156 4119/4119/4088 4115/4115/4084
f 4175/4175/4144 4114/4114/4083 4120/4120/4089
f 4168/4168/4137 4175/4175/4144 4120/4120/4089
f 4155/4155/4124 4154/4154/4123 4188/4188/4157
f 4154/4154/4123 4189/4189/4158 4188/4188/4157
f 4190/4190/4159 4189/4189/4158 4191/4191/4160
f 4189/4189/4158 4192/4192/4161 4188/4188/4157
f 4161/4161/4130 4193/4193/4162 4162/4162/4131
f 4193/4193/4162 4191/4191/4160 4162/4162/4131
f 4191/4191/4160 4194/4194/4163 4190/4190/4159
f 4190/4190/4159 4194/4194/4163 4195/4195/4164
f 4194/4194/4163 4196/4196/4165 4195/4195/4164
f 4197/4197/4166 3983/3983/3952 3987/3987/3956
f 4193/4193/4162 3981/3981/3950 4198/4198/4167
f 4197/4197/4166 3987/3987/3956 3988/3988/3957
f 4197/4197/4166 3988/3988/3957 4199/4199/4168
f 4200/4200/4169 4195/4195/4164 4201/4201/4170
f 4201/4201/4170 4202/4202/4171 4203/4203/4172
f 4202/4202/4171 4196/4196/4165 4204/4204/4173
f 4204/4204/4173 4205/4205/4174 4202/4202/4171
f 4206/4206/4175 4207/4207/4176 4205/4205/4174
f 4204/4204/4173 4196/4196/4165 4208/4208/4177
f 4204/4204/4173 4209/4209/4178 4205/4205/4174
f 4199/4199/4168 4209/4209/4178 4208/4208/4177
f 4204/4204/4173 4208/4208/4177 4209/4209/4178
f 4205/4205/4174 4210/4210/4179 4206/4206/4175
f 3994/3994/3963 4199/4199/4168 3988/3988/3957
f 4211/4211/4180 4212/4212/4181 4180/4180/4149
f 4213/4213/4182 4212/4212/4181 4214/4214/4183
f 4214/4214/4183 4215/4215/4184 4213/4213/4182
f 4180/4180/4149 4212/4212/4181 4181/4181/4150
f 3998/3998/3967 3973/3973/3942 4184/4184/4153
f 4183/4183/4152 4216/4216/4185 4184/4184/4153
f 4216/4216/4185 4217/4217/4186 4003/4003/3972
f 4183/4183/4152 4213/4213/4182 4216/4216/4185
f 4218/4218/4187 4219/4219/4188 4220/4220/4189
f 4218/4218/4187 4220/4220/4189 4221/4221/4190
f 4214/4214/4183 4222/4222/4191 4221/4221/4190
f 4215/4215/4184 4220/4220/4189 4223/4223/4192
f 4224/4224/4193 4006/4006/3975 4225/4225/4194
f 4225/4225/4194 4006/4006/3975 4009/4009/3978
f 4223/4223/4192 4225/4225/4194 4217/4217/4186
f 4217/4217/4186 4215/4215/4184 4223/4223/4192
f 4203/4203/4172 4207/4207/4176 4226/4226/4195
f 4206/4206/4175 4227/4227/4196 4207/4207/4176
f 4227/4227/4196 4228/4228/4197 4229/4229/4198
f 4226/4226/4195 4229/4229/4198 4230/4230/4199
f 4210/4210/4179 3993/3993/3962 4013/4013/3982
f 4210/4210/4179 4231/4231/4200 4206/4206/4175
f 4017/4017/3986 4232/4232/4201 4231/4231/4200
f 4231/4231/4200 4227/4227/4196 4206/4206/4175
f 4233/4233/4202 4234/4234/4203 4235/4235/4204
f 4236/4236/4205 4233/4233/4202 4235/4235/4204
f 4229/4229/4198 4236/4236/4205 4230/4230/4199
f 4237/4237/4206 4233/4233/4202 4228/4228/4197
f 4238/4238/4207 4022/4022/3991 4239/4239/4208
f 4023/4023/3992 4022/4022/3991 4238/4238/4207
f 4232/4232/4201 4238/4238/4207 4237/4237/4206
f 4237/4237/4206 4228/4228/4197 4232/4232/4201
f 4240/4240/4209 4219/4219/4188 4218/4218/4187
f 4241/4241/4210 4219/4219/4188 4242/4242/4211
f 4243/4243/4212 4244/4244/4213 4242/4242/4211
f 4243/4243/4212 4240/4240/4209 4245/4245/4214
f 4027/4027/3996 4006/4006/3975 4224/4224/4193
f 4241/4241/4210 4246/4246/4215 4224/4224/4193
f 4246/4246/4215 4247/4247/4216 4031/4031/4000
f 4241/4241/4210 4242/4242/4211 4246/4246/4215
f 4243/4243/4212 4248/4248/4217 4244/4244/4213
f 4249/4249/4218 4248/4248/4217 4250/4250/4219
f 4249/4249/4218 4244/4244/4213 4248/4248/4217
f 4031/4031/4000 4247/4247/4216 4036/4036/4005
f 4251/4251/4220 4036/4036/4005 4247/4247/4216
f 4252/4252/4221 4250/4250/4219 4253/4253/4222
f 4252/4252/4221 4254/4254/4223 4255/4255/4224
f 4252/4252/4221 4255/4255/4224 4250/4250/4219
f 4256/4256/4225 4255/4255/4224 4257/4257/4226
f 4258/4258/4227 4259/4259/4228 4260/4260/4229
f 4251/4251/4220 4249/4249/4218 4256/4256/4225
f 4256/4256/4225 4261/4261/4230 4251/4251/4220
f 4258/4258/4227 4262/4262/4231 4263/4263/4232
f 4260/4260/4229 4262/4262/4231 4258/4258/4227
f 4264/4264/4233 4265/4265/4234 4266/4266/4235
f 4267/4267/4236 4264/4264/4233 4266/4266/4235
f 4268/4268/4237 4269/4269/4238 4270/4270/4239
f 4271/4271/4240 4269/4269/4238 4268/4268/4237
f 4266/4266/4235 4265/4265/4234 4272/4272/4241
f 4273/4273/4242 4274/4274/4243 4275/4275/4244
f 4273/4273/4242 4276/4276/4245 4274/4274/4243
f 4277/4277/4246 4276/4276/4245 4273/4273/4242
f 4278/4278/4247 4279/4279/4248 4280/4280/4249
f 4281/4281/4250 4282/4282/4251 4283/4283/4252
f 4271/4271/4240 4268/4268/4237 4279/4279/4248
f 4284/4284/4253 4279/4279/4248 4268/4268/4237
f 4285/4285/4254 4280/4280/4249 4286/4286/4255
f 4287/4287/4256 4288/4288/4257 4289/4289/4258
f 4290/4290/4259 4289/4289/4258 4291/4291/4260
f 4280/4280/4249 4292/4292/4261 4278/4278/4247
f 4293/4293/4262 4294/4294/4263 4295/4295/4264
f 4293/4293/4262 4296/4296/4265 4294/4294/4263
f 4297/4297/4266 4298/4298/4267 4299/4299/4268
f 4297/4297/4266 4299/4299/4268 4290/4290/4259
f 4300/4300/4269 4301/4301/4270 4302/4302/4271
f 4303/4303/4272 4304/4304/4273 4305/4305/4274
f 4304/4304/4273 4234/4234/4203 4306/4306/4275
f 4307/4307/4276 4306/4306/4275 4234/4234/4203
f 4304/4304/4273 4306/4306/4275 4308/4308/4277
f 4309/4309/4278 4310/4310/4279 4311/4311/4280
f 4065/4065/4034 4312/4312/4281 4313/4313/4282
f 4313/4313/4282 4314/4314/4283 4239/4239/4208
f 4239/4239/4208 4314/4314/4283 4307/4307/4276
f 4314/4314/4283 4313/4313/4282 4308/4308/4277
f 4314/4314/4283 4306/4306/4275 4307/4307/4276
f 4308/4308/4277 4306/4306/4275 4314/4314/4283
f 4291/4291/4260 4310/4310/4279 4290/4290/4259
f 4302/4302/4271 4310/4310/4279 4291/4291/4260
f 4062/4062/4031 4056/4056/4025 4309/4309/4278
f 4309/4309/4278 4056/4056/4025 4297/4297/4266
f 4037/4037/4006 4261/4261/4230 4078/4078/4047
f 4315/4315/4284 4316/4316/4285 4317/4317/4286
f 4315/4315/4284 4318/4318/4287 4316/4316/4285
f 4319/4319/4288 4320/4320/4289 4321/4321/4290
f 4315/4315/4284 4322/4322/4291 4318/4318/4287
f 4261/4261/4230 4323/4323/4292 4078/4078/4047
f 4263/4263/4232 4081/4081/4050 4083/4083/4052
f 4084/4084/4053 4262/4262/4231 4088/4088/4057
f 4324/4324/4293 4260/4260/4229 4319/4319/4288
f 4088/4088/4057 4324/4324/4293 4094/4094/4063
f 4325/4325/4294 4326/4326/4295 4327/4327/4296
f 4325/4325/4294 4264/4264/4233 4326/4326/4295
f 4269/4269/4238 4328/4328/4297 4329/4329/4298
f 4330/4330/4299 4328/4328/4297 4265/4265/4234
f 4330/4330/4299 4329/4329/4298 4328/4328/4297
f 4324/4324/4293 4319/4319/4288 4275/4275/4244
f 4274/4274/4243 4093/4093/4062 4094/4094/4063
f 4095/4095/4064 4276/4276/4245 4102/4102/4071
f 4331/4331/4300 4272/4272/4241 4332/4332/4301
f 4102/4102/4071 4333/4333/4302 4108/4108/4077
f 4332/4332/4301 4271/4271/4240 4334/4334/4303
f 4331/4331/4300 4332/4332/4301 4334/4334/4303
f 4294/4294/4263 4107/4107/4076 4108/4108/4077
f 4111/4111/4080 4296/4296/4265 4110/4110/4079
f 4298/4298/4267 4110/4110/4079 4296/4296/4265
f 4055/4055/4024 4110/4110/4079 4298/4298/4267
f 4335/4335/4304 4336/4336/4305 4337/4337/4306
f 4335/4335/4304 4337/4337/4306 4338/4338/4307
f 4339/4339/4308 4340/4340/4309 4341/4341/4310
f 4342/4342/4311 4343/4343/4312 4344/4344/4313
f 4338/4338/4307 4345/4345/4314 4335/4335/4304
f 4346/4346/4315 4115/4115/4084 4117/4117/4086
f 4342/4342/4311 4335/4335/4304 4346/4346/4315
f 4346/4346/4315 4117/4117/4086 4122/4122/4091
f 4342/4342/4311 4347/4347/4316 4343/4343/4312
f 4122/4122/4091 4348/4348/4317 4347/4347/4316
f 4349/4349/4318 4350/4350/4319 4351/4351/4320
f 4351/4351/4320 4352/4352/4321 4349/4349/4318
f 4353/4353/4322 4129/4129/4098 4133/4133/4102
f 4351/4351/4320 4350/4350/4319 4354/4354/4323
f 4353/4353/4322 4130/4130/4099 4129/4129/4098
f 4355/4355/4324 4356/4356/4325 4139/4139/4108
f 4353/4353/4322 4356/4356/4325 4351/4351/4320
f 4356/4356/4325 4355/4355/4324 4357/4357/4326
f 4139/4139/4108 4358/4358/4327 4355/4355/4324
f 4340/4340/4309 4339/4339/4308 4359/4359/4328
f 4359/4359/4328 4349/4349/4318 4360/4360/4329
f 4343/4343/4312 4350/4350/4319 4339/4339/4308
f 4361/4361/4330 4362/4362/4331 4360/4360/4329
f 4363/4363/4332 4361/4361/4330 4364/4364/4333
f 4364/4364/4333 4361/4361/4330 4352/4352/4321
f 4354/4354/4323 4348/4348/4317 4130/4130/4099
f 4347/4347/4316 4348/4348/4317 4354/4354/4323
f 4364/4364/4333 4352/4352/4321 4357/4357/4326
f 4355/4355/4324 4358/4358/4327 4365/4365/4334
f 4355/4355/4324 4365/4365/4334 4357/4357/4326
f 4357/4357/4326 4365/4365/4334 4366/4366/4335
f 4358/4358/4327 4156/4156/4125 4365/4365/4334
f 4156/4156/4125 4366/4366/4335 4365/4365/4334
f 4367/4367/4336 4363/4363/4332 4368/4368/4337
f 4369/4369/4338 4370/4370/4339 4371/4371/4340
f 4368/4368/4337 4363/4363/4332 4372/4372/4341
f 4373/4373/4342 4374/4374/4343 4370/4370/4339
f 4375/4375/4344 4376/4376/4345 4374/4374/4343
f 4373/4373/4342 4377/4377/4346 4374/4374/4343
f 4373/4373/4342 4378/4378/4347 4377/4377/4346
f 4379/4379/4348 4155/4155/4124 4377/4377/4346
f 4374/4374/4343 4380/4380/4349 4375/4375/4344
f 4381/4381/4350 4382/4382/4351 4383/4383/4352
f 4384/4384/4353 4382/4382/4351 4381/4381/4350
f 4385/4385/4354 4386/4386/4355 4387/4387/4356
f 4382/4382/4351 4384/4384/4353 4388/4388/4357
f 4381/4381/4350 4186/4186/4155 4384/4384/4353
f 4388/4388/4357 4389/4389/4358 4382/4382/4351
f 4390/4390/4359 4391/4391/4360 4392/4392/4361
f 4393/4393/4362 4394/4394/4363 4395/4395/4364
f 4393/4393/4362 4396/4396/4365 4394/4394/4363
f 4397/4397/4366 4393/4393/4362 4395/4395/4364
f 4387/4387/4356 4386/4386/4355 4179/4179/4148
f 4179/4179/4148 4397/4397/4366 4180/4180/4149
f 4337/4337/4306 4398/4398/4367 4338/4338/4307
f 4399/4399/4368 4400/4400/4369 4401/4401/4370
f 4401/4401/4370 4402/4402/4371 4398/4398/4367
f 4403/4403/4372 4404/4404/4373 4341/4341/4310
f 4336/4336/4305 4404/4404/4373 4405/4405/4374
f 4344/4344/4313 4404/4404/4373 4336/4336/4305
f 4341/4341/4310 4404/4404/4373 4344/4344/4313
f 4404/4404/4373 4403/4403/4372 4405/4405/4374
f 4187/4187/4156 4115/4115/4084 4345/4345/4314
f 4398/4398/4367 4402/4402/4371 4388/4388/4357
f 4345/4345/4314 4186/4186/4155 4187/4187/4156
f 4406/4406/4375 4402/4402/4371 4390/4390/4359
f 4390/4390/4359 4402/4402/4371 4401/4401/4370
f 4388/4388/4357 4402/4402/4371 4406/4406/4375
f 4371/4371/4340 4376/4376/4345 4407/4407/4376
f 4375/4375/4344 4408/4408/4377 4376/4376/4345
f 4408/4408/4377 4409/4409/4378 4410/4410/4379
f 4407/4407/4376 4410/4410/4379 4411/4411/4380
f 4380/4380/4349 4155/4155/4124 4188/4188/4157
f 4188/4188/4157 4192/4192/4161 4380/4380/4349
f 4192/4192/4161 4412/4412/4381 4413/4413/4382
f 4408/4408/4377 4414/4414/4383 4409/4409/4378
f 4410/4410/4379 4409/4409/4378 4415/4415/4384
f 4416/4416/4385 4417/4417/4386 4415/4415/4384
f 4418/4418/4387 4415/4415/4384 4409/4409/4378
f 4418/4418/4387 4409/4409/4378 4414/4414/4383
f 4413/4413/4382 4412/4412/4381 4419/4419/4388
f 4413/4413/4382 4419/4419/4388 4414/4414/4383
f 4414/4414/4383 4419/4419/4388 4420/4420/4389
f 4412/4412/4381 4200/4200/4169 4419/4419/4388
f 4200/4200/4169 4420/4420/4389 4419/4419/4388
f 4421/4421/4390 4422/4422/4391 4418/4418/4387
f 4422/4422/4391 4421/4421/4390 4423/4423/4392
f 4421/4421/4390 4420/4420/4389 4424/4424/4393
f 4424/4424/4393 4203/4203/4172 4425/4425/4394
f 4201/4201/4170 4203/4203/4172 4424/4424/4393
f 4426/4426/4395 4427/4427/4396 4428/4428/4397
f 4428/4428/4397 4429/4429/4398 4426/4426/4395
f 4430/4430/4399 4427/4427/4396 4394/4394/4363
f 4428/4428/4397 4427/4427/4396 4431/4431/4400
f 4211/4211/4180 4432/4432/4401 4222/4222/4191
f 4432/4432/4401 4433/4433/4402 4222/4222/4191
f 4395/4395/4364 4426/4426/4395 4432/4432/4401
f 4211/4211/4180 4180/4180/4149 4397/4397/4366
f 4428/4428/4397 4434/4434/4403 4429/4429/4398
f 4434/4434/4403 4428/4428/4397 4431/4431/4400
f 4435/4435/4404 4434/4434/4403 4436/4436/4405
f 4437/4437/4406 4435/4435/4404 4438/4438/4407
f 4439/4439/4408 4218/4218/4187 4440/4440/4409
f 4440/4440/4409 4218/4218/4187 4221/4221/4190
f 4437/4437/4406 4440/4440/4409 4433/4433/4402
f 4433/4433/4402 4429/4429/4398 4437/4437/4406
f 4441/4441/4410 4431/4431/4400 4442/4442/4411
f 4441/4441/4410 4443/4443/4412 4431/4431/4400
f 4444/4444/4413 4416/4416/4385 4445/4445/4414
f 4422/4422/4391 4445/4445/4414 4416/4416/4385
f 4445/4445/4414 4446/4446/4415 4447/4447/4416
f 4446/4446/4415 4448/4448/4417 4447/4447/4416
f 4423/4423/4392 4425/4425/4394 4449/4449/4418
f 4423/4423/4392 4449/4449/4418 4446/4446/4415
f 4425/4425/4394 4450/4450/4419 4449/4449/4418
f 4450/4450/4419 4226/4226/4195 4230/4230/4199
f 4450/4450/4419 4230/4230/4199 4451/4451/4420
f 4452/4452/4421 4453/4453/4422 4454/4454/4423
f 4455/4455/4424 4447/4447/4416 4456/4456/4425
f 4456/4456/4425 4452/4452/4421 4454/4454/4423
f 4452/4452/4421 4448/4448/4417 4457/4457/4426
f 4457/4457/4426 4448/4448/4417 4458/4458/4427
f 4451/4451/4420 4459/4459/4428 4458/4458/4427
f 4457/4457/4426 4458/4458/4427 4459/4459/4428
f 4459/4459/4428 4235/4235/4204 4460/4460/4429
f 4236/4236/4205 4451/4451/4420 4230/4230/4199
f 4461/4461/4430 4462/4462/4431 4436/4436/4405
f 4463/4463/4432 4438/4438/4407 4435/4435/4404
f 4240/4240/4209 4218/4218/4187 4439/4439/4408
f 4438/4438/4407 4464/4464/4433 4439/4439/4408
f 4464/4464/4433 4465/4465/4434 4245/4245/4214
f 4466/4466/4435 4465/4465/4434 4464/4464/4433
f 4245/4245/4214 4465/4465/4434 4467/4467/4436
f 4468/4468/4437 4467/4467/4436 4465/4465/4434
f 4468/4468/4437 4465/4465/4434 4466/4466/4435
f 4467/4467/4436 4468/4468/4437 4253/4253/4222
f 4462/4462/4431 4469/4469/4438 4463/4463/4432
f 4470/4470/4439 4469/4469/4438 4462/4462/4431
f 4471/4471/4440 4472/4472/4440 4473/4473/4440
f 4463/4463/4432 4469/4469/4438 4466/4466/4435
f 4469/4469/4438 4474/4474/4441 4466/4466/4435
f 4475/4475/4442 4476/4476/4443 4477/4477/4444
f 4478/4478/4445 4479/4479/4446 4480/4480/4447
f 4481/4481/4448 4482/4482/4449 4476/4476/4443
f 4481/4481/4448 4476/4476/4443 4475/4475/4442
f 4483/4483/4450 4477/4477/4444 4484/4484/4451
f 4484/4484/4451 4485/4485/4452 4483/4483/4450
f 4486/4486/4453 4483/4483/4450 4487/4487/4454
f 4477/4477/4444 4488/4488/4455 4475/4475/4442
f 4489/4489/4456 4481/4481/4448 4475/4475/4442
f 4252/4252/4221 4253/4253/4222 4490/4490/4457
f 4489/4489/4456 4317/4317/4286 4491/4491/4458
f 4492/4492/4459 4493/4493/4460 4488/4488/4455
f 4492/4492/4459 4488/4488/4455 4486/4486/4453
f 4492/4492/4459 4494/4494/4461 4493/4493/4460
f 4495/4495/4462 4496/4496/4463 4497/4497/4464
f 4498/4498/4465 4487/4487/4454 4499/4499/4466
f 4498/4498/4465 4496/4496/4463 4487/4487/4454
f 4500/4500/4467 4496/4496/4463 4495/4495/4462
f 4501/4501/4468 4497/4497/4464 4502/4502/4469
f 4502/4502/4469 4503/4503/4470 4501/4501/4468
f 4504/4504/4471 4501/4501/4468 4505/4505/4472
f 4506/4506/4473 4507/4507/4474 4508/4508/4475
f 4492/4492/4459 4486/4486/4453 4500/4500/4467
f 4500/4500/4467 4494/4494/4461 4492/4492/4459
f 4508/4508/4475 4509/4509/4476 4510/4510/4477
f 4511/4511/4478 4512/4512/4479 4507/4507/4474
f 4511/4511/4478 4507/4507/4474 4513/4513/4480
f 4514/4514/4481 4515/4515/4482 4516/4516/4483
f 4517/4517/4484 4516/4516/4483 4515/4515/4482
f 4518/4518/4485 4519/4519/4486 4520/4520/4487
f 4521/4521/4488 4505/4505/4472 4522/4522/4489
f 4521/4521/4488 4519/4519/4486 4505/4505/4472
f 4523/4523/4490 4524/4524/4491 4525/4525/4492
f 4526/4526/4493 4520/4520/4487 4527/4527/4494
f 4515/4515/4482 4528/4528/4495 4526/4526/4493
f 4529/4529/4496 4526/4526/4493 4528/4528/4495
f 4530/4530/4497 4531/4531/4498 4525/4525/4492
f 4511/4511/4478 4513/4513/4480 4523/4523/4490
f 4532/4532/4499 4523/4523/4490 4525/4525/4492
f 4281/4281/4250 4283/4283/4252 4532/4532/4499
f 4532/4532/4499 4525/4525/4492 4533/4533/4500
f 4531/4531/4498 4533/4533/4500 4525/4525/4492
f 4287/4287/4256 4533/4533/4500 4288/4288/4257
f 4534/4534/4501 4531/4531/4498 4535/4535/4502
f 4288/4288/4257 4534/4534/4501 4536/4536/4503
f 4537/4537/4504 4538/4538/4505 4453/4453/4422
f 4539/4539/4506 4454/4454/4423 4453/4453/4422
f 4540/4540/4507 4541/4541/4508 4542/4542/4509
f 4460/4460/4429 4235/4235/4204 4303/4303/4272
f 4537/4537/4504 4460/4460/4429 4543/4543/4510
f 4537/4537/4504 4543/4543/4510 4538/4538/4505
f 4300/4300/4269 4544/4544/4511 4545/4545/4512
f 4546/4546/4513 4528/4528/4495 4515/4515/4482
f 4547/4547/4514 4541/4541/4508 4535/4535/4502
f 4546/4546/4513 4548/4548/4515 4528/4528/4495
f 4300/4300/4269 4536/4536/4503 4544/4544/4511
f 4544/4544/4511 4536/4536/4503 4534/4534/4501
f 4315/4315/4284 4317/4317/4286 4549/4549/4516
f 4315/4315/4284 4549/4549/4516 4322/4322/4291
f 4493/4493/4460 4322/4322/4291 4549/4549/4516
f 4550/4550/4517 4510/4510/4477 4551/4551/4518
f 4552/4552/4519 4325/4325/4294 4327/4327/4296
f 4330/4330/4299 4553/4553/4520 4329/4329/4298
f 4512/4512/4479 4554/4554/4521 4509/4509/4476
f 4555/4555/4522 4554/4554/4521 4512/4512/4479
f 4340/4340/4309 4556/4556/4523 4341/4341/4310
f 4557/4557/4524 4558/4558/4525 4559/4559/4526
f 4557/4557/4524 4559/4559/4526 4560/4560/4527
f 4561/4561/4528 4558/4558/4525 4557/4557/4524
f 4562/4562/4529 4340/4340/4309 4359/4359/4328
f 4556/4556/4523 4340/4340/4309 4562/4562/4529
f 4557/4557/4524 4562/4562/4529 4563/4563/4530
f 4563/4563/4530 4360/4360/4329 4362/4362/4331
f 4564/4564/4531 4563/4563/4530 4362/4362/4331
f 4565/4565/4532 4566/4566/4533 4567/4567/4534
f 4565/4565/4532 4367/4367/4336 4368/4368/4337
f 4567/4567/4534 4367/4367/4336 4565/4565/4532
f 4568/4568/4535 4371/4371/4340 4569/4569/4536
f 4369/4369/4338 4371/4371/4340 4568/4568/4535
f 4391/4391/4360 4570/4570/4537 4392/4392/4361
f 4571/4571/4538 4399/4399/4368 4405/4405/4374
f 4571/4571/4538 4400/4400/4369 4399/4399/4368
f 4571/4571/4538 4572/4572/4539 4400/4400/4369
f 4573/4573/4540 4574/4574/4541 4403/4403/4372
f 4574/4574/4541 4573/4573/4540 4575/4575/4542
f 4575/4575/4542 4576/4576/4543 4574/4574/4541
f 4577/4577/4544 4578/4578/4545 4579/4579/4546
f 4577/4577/4544 4579/4579/4546 4580/4580/4547
f 4581/4581/4548 4582/4582/4549 4583/4583/4550
f 4584/4584/4551 4581/4581/4548 4583/4583/4550
f 4570/4570/4537 4391/4391/4360 4585/4585/4552
f 4577/4577/4544 4585/4585/4552 4586/4586/4553
f 4572/4572/4539 4586/4586/4553 4585/4585/4552
f 4584/4584/4551 4577/4577/4544 4586/4586/4553
f 4572/4572/4539 4576/4576/4543 4586/4586/4553
f 4584/4584/4551 4586/4586/4553 4576/4576/4543
f 4559/4559/4526 4587/4587/4554 4560/4560/4527
f 4588/4588/4555 4587/4587/4554 4559/4559/4526
f 4559/4559/4526 4558/4558/4525 4588/4588/4555
f 4589/4589/4556 4590/4590/4557 4591/4591/4558
f 4588/4588/4555 4592/4592/4559 4593/4593/4560
f 4591/4591/4558 4590/4590/4557 4594/4594/4561
f 4592/4592/4559 4590/4590/4557 4589/4589/4556
f 4573/4573/4540 4556/4556/4523 4560/4560/4527
f 4587/4587/4554 4595/4595/4562 4575/4575/4542
f 4564/4564/4531 4596/4596/4563 4561/4561/4528
f 4596/4596/4563 4594/4594/4561 4561/4561/4528
f 4564/4564/4531 4567/4567/4534 4596/4596/4563
f 4597/4597/4564 4598/4598/4565 4599/4599/4566
f 4597/4597/4564 4595/4595/4562 4593/4593/4560
f 4597/4597/4564 4599/4599/4566 4582/4582/4549
f 4592/4592/4559 4600/4600/4567 4593/4593/4560
f 4601/4601/4568 4602/4602/4569 4589/4589/4556
f 4575/4575/4542 4595/4595/4562 4581/4581/4548
f 4594/4594/4561 4603/4603/4570 4591/4591/4558
f 4589/4589/4556 4591/4591/4558 4604/4604/4571
f 4591/4591/4558 4603/4603/4570 4604/4604/4571
f 4605/4605/4572 4606/4606/4573 4607/4607/4574
f 4608/4608/4575 4609/4609/4576 4603/4603/4570
f 4610/4610/4577 4611/4611/4577 4612/4612/4577
f 4613/4613/4578 4605/4605/4572 4614/4614/4579
f 4613/4613/4578 4407/4407/4376 4411/4411/4380
f 4605/4605/4572 4615/4615/4580 4606/4606/4573
f 4616/4616/4581 4617/4617/4582 4618/4618/4583
f 4619/4619/4584 4604/4604/4571 4620/4620/4585
f 4606/4606/4573 4616/4616/4581 4607/4607/4574
f 4621/4621/4586 4616/4616/4581 4606/4606/4573
f 4621/4621/4586 4622/4622/4587 4623/4623/4588
f 4417/4417/4386 4615/4615/4580 4411/4411/4380
f 4621/4621/4586 4606/4606/4573 4615/4615/4580
f 4622/4622/4587 4417/4417/4386 4416/4416/4385
f 4392/4392/4361 4570/4570/4537 4624/4624/4589
f 4443/4443/4412 4625/4625/4590 4436/4436/4405
f 4579/4579/4546 4626/4626/4591 4580/4580/4547
f 4627/4627/4592 4626/4626/4591 4579/4579/4546
f 4579/4579/4546 4578/4578/4545 4627/4627/4592
f 4628/4628/4593 4629/4629/4594 4630/4630/4595
f 4583/4583/4550 4631/4631/4596 4578/4578/4545
f 4632/4632/4597 4633/4633/4598 4634/4634/4599
f 4633/4633/4598 4629/4629/4594 4628/4628/4593
f 4626/4626/4591 4635/4635/4600 4580/4580/4547
f 4635/4635/4600 4636/4636/4601 4624/4624/4589
f 4635/4635/4600 4637/4637/4602 4636/4636/4601
f 4634/4634/4599 4638/4638/4603 4639/4639/4604
f 4640/4640/4605 4641/4641/4606 4639/4639/4604
f 4639/4639/4604 4641/4641/4606 4634/4634/4599
f 4642/4642/4607 4633/4633/4598 4628/4628/4593
f 4628/4628/4593 4643/4643/4608 4642/4642/4607
f 4644/4644/4609 4645/4645/4610 4638/4638/4603
f 4644/4644/4609 4638/4638/4603 4642/4642/4607
f 4646/4646/4611 4641/4641/4606 4640/4640/4605
f 4640/4640/4605 4647/4647/4612 4648/4648/4613
f 4649/4649/4614 4443/4443/4412 4441/4441/4410
f 4582/4582/4549 4599/4599/4566 4650/4650/4615
f 4651/4651/4616 4630/4630/4595 4652/4652/4617
f 4653/4653/4618 4599/4599/4566 4598/4598/4565
f 4654/4654/4619 4655/4655/4620 4656/4656/4621
f 4657/4657/4622 4656/4656/4621 4655/4655/4620
f 4658/4658/4623 4659/4659/4624 4660/4660/4625
f 4661/4661/4626 4659/4659/4624 4658/4658/4623
f 4662/4662/4627 4643/4643/4608 4658/4658/4623
f 4661/4661/4626 4658/4658/4623 4643/4643/4608
f 4658/4658/4623 4660/4660/4625 4662/4662/4627
f 4655/4655/4620 4663/4663/4628 4657/4657/4622
f 4664/4664/4629 4663/4663/4628 4655/4655/4620
f 4665/4665/4630 4655/4655/4620 4654/4654/4619
f 4618/4618/4583 4617/4617/4582 4666/4666/4631
f 4667/4667/4632 4668/4668/4633 4669/4669/4634
f 4617/4617/4582 4668/4668/4633 4666/4666/4631
f 4669/4669/4634 4668/4668/4633 4670/4670/4635
f 4622/4622/4587 4671/4671/4636 4623/4623/4588
f 4671/4671/4636 4670/4670/4635 4623/4623/4588
f 4665/4665/4630 4664/4664/4629 4655/4655/4620
f 4667/4667/4632 4672/4672/4637 4673/4673/4638
f 4674/4674/4639 4675/4675/4640 4676/4676/4641
f 4670/4670/4635 4677/4677/4642 4669/4669/4634
f 4667/4667/4632 4669/4669/4634 4678/4678/4643
f 4669/4669/4634 4677/4677/4642 4678/4678/4643
f 4677/4677/4642 4679/4679/4644 4678/4678/4643
f 4671/4671/4636 4444/4444/4413 4680/4680/4645
f 4444/4444/4413 4455/4455/4424 4680/4680/4645
f 4455/4455/4424 4681/4681/4646 4680/4680/4645
f 4678/4678/4643 4676/4676/4641 4667/4667/4632
f 4678/4678/4643 4679/4679/4644 4676/4676/4641
f 4674/4674/4639 4682/4682/4647 4683/4683/4648
f 4682/4682/4647 4679/4679/4644 4681/4681/4646
f 4682/4682/4647 4681/4681/4646 4684/4684/4649
f 4684/4684/4649 4454/4454/4423 4685/4685/4650
f 4456/4456/4425 4454/4454/4423 4684/4684/4649
f 4436/4436/4405 4625/4625/4590 4461/4461/4430
f 4686/4686/4651 4687/4687/4652 4647/4647/4612
f 4688/4688/4653 4687/4687/4652 4686/4686/4651
f 4686/4686/4651 4645/4645/4610 4688/4688/4653
f 4688/4688/4653 4689/4689/4654 4687/4687/4652
f 4688/4688/4653 4645/4645/4610 4690/4690/4655
f 4688/4688/4653 4690/4690/4655 4689/4689/4654
f 4644/4644/4609 4662/4662/4627 4691/4691/4656
f 4687/4687/4652 4692/4692/4657 4647/4647/4612
f 4692/4692/4657 4687/4687/4652 4689/4689/4654
f 4692/4692/4657 4478/4478/4445 4693/4693/4658
f 4689/4689/4654 4694/4694/4659 4695/4695/4660
f 4696/4696/4661 4690/4690/4655 4691/4691/4656
f 4478/4478/4445 4695/4695/4660 4479/4479/4446
f 4695/4695/4660 4484/4484/4451 4479/4479/4446
f 4697/4697/4662 4485/4485/4452 4694/4694/4659
f 4697/4697/4662 4694/4694/4659 4696/4696/4661
f 4485/4485/4452 4697/4697/4662 4499/4499/4466
f 4698/4698/4663 4699/4699/4664 4660/4660/4625
f 4698/4698/4663 4700/4700/4665 4699/4699/4664
f 4701/4701/4666 4702/4702/4667 4703/4703/4668
f 4698/4698/4663 4701/4701/4666 4700/4700/4665
f 4703/4703/4668 4702/4702/4667 4704/4704/4669
f 4705/4705/4670 4706/4706/4671 4702/4702/4667
f 4691/4691/4656 4699/4699/4664 4696/4696/4661
f 4707/4707/4672 4708/4708/4673 4700/4700/4665
f 4700/4700/4665 4709/4709/4674 4707/4707/4672
f 4710/4710/4675 4701/4701/4666 4703/4703/4668
f 4708/4708/4673 4697/4697/4662 4696/4696/4661
f 4708/4708/4673 4499/4499/4466 4697/4697/4662
f 4707/4707/4672 4502/4502/4469 4498/4498/4465
f 4711/4711/4676 4503/4503/4470 4709/4709/4674
f 4711/4711/4676 4709/4709/4674 4710/4710/4675
f 4503/4503/4470 4711/4711/4676 4522/4522/4489
f 4704/4704/4669 4712/4712/4677 4703/4703/4668
f 4713/4713/4678 4704/4704/4669 4714/4714/4679
f 4713/4713/4678 4715/4715/4680 4716/4716/4681
f 4716/4716/4681 4717/4717/4682 4712/4712/4677
f 4718/4718/4683 4719/4719/4684 4720/4720/4685
f 4721/4721/4686 4719/4719/4684 4722/4722/4687
f 4716/4716/4681 4721/4721/4686 4717/4717/4682
f 4715/4715/4680 4720/4720/4685 4719/4719/4684
f 4703/4703/4668 4712/4712/4677 4710/4710/4675
f 4723/4723/4688 4724/4724/4689 4717/4717/4682
f 4517/4517/4484 4725/4725/4690 4516/4516/4483
f 4516/4516/4483 4725/4725/4690 4726/4726/4691
f 4516/4516/4483 4726/4726/4691 4514/4514/4481
f 4717/4717/4682 4721/4721/4686 4725/4725/4690
f 4724/4724/4689 4711/4711/4676 4710/4710/4675
f 4724/4724/4689 4522/4522/4489 4711/4711/4676
f 4723/4723/4688 4527/4527/4494 4521/4521/4488
f 4527/4527/4494 4723/4723/4688 4517/4517/4484
f 4727/4727/4692 4674/4674/4639 4683/4683/4648
f 4685/4685/4650 4454/4454/4423 4539/4539/4506
f 4726/4726/4691 4722/4722/4687 4728/4728/4693
f 4729/4729/4694 4730/4730/4695 4514/4514/4481
f 4731/4731/4696 4598/4598/4565 4732/4732/4697
f 4732/4732/4697 4598/4598/4565 4600/4600/4567
f 4733/4733/4698 4734/4734/4699 4735/4735/4700
f 4732/4732/4697 4600/4600/4567 4602/4602/4569
f 4736/4736/4701 4732/4732/4697 4602/4602/4569
f 4737/4737/4702 4738/4738/4703 4739/4739/4704
f 4737/4737/4702 4601/4601/4568 4619/4619/4584
f 4739/4739/4704 4601/4601/4568 4737/4737/4702
f 4737/4737/4702 4740/4740/4705 4738/4738/4703
f 4619/4619/4584 4740/4740/4705 4737/4737/4702
f 4741/4741/4706 4742/4742/4707 4651/4651/4616
f 4741/4741/4706 4743/4743/4708 4742/4742/4707
f 4733/4733/4698 4656/4656/4621 4734/4734/4699
f 4741/4741/4706 4657/4657/4622 4743/4743/4708
f 4742/4742/4707 4743/4743/4708 4661/4661/4626
f 4744/4744/4709 4659/4659/4624 4745/4745/4710
f 4746/4746/4711 4744/4744/4709 4745/4745/4710
f 4746/4746/4711 4745/4745/4710 4663/4663/4628
f 4739/4739/4704 4738/4738/4703 4747/4747/4712
f 4748/4748/4713 4749/4749/4714 4665/4665/4630
f 4750/4750/4715 4666/4666/4631 4673/4673/4638
f 4748/4748/4713 4751/4751/4716 4749/4749/4714
f 4752/4752/4717 4753/4753/4718 4754/4754/4719
f 4754/4754/4719 4664/4664/4629 4752/4752/4717
f 4749/4749/4714 4755/4755/4720 4752/4752/4717
f 4756/4756/4721 4757/4757/4722 4755/4755/4720
f 4758/4758/4723 4759/4759/4724 4672/4672/4637
f 4758/4758/4723 4672/4672/4637 4675/4675/4640
f 4705/4705/4670 4659/4659/4624 4744/4744/4709
f 4705/4705/4670 4744/4744/4709 4706/4706/4671
f 4746/4746/4711 4706/4706/4671 4744/4744/4709
f 4754/4754/4719 4753/4753/4718 4714/4714/4679
f 4753/4753/4718 4713/4713/4678 4714/4714/4679
f 4715/4715/4680 4757/4757/4722 4720/4720/4685
f 4756/4756/4721 4720/4720/4685 4757/4757/4722
f 4675/4675/4640 4760/4760/4725 4758/4758/4723
f 19/19/19 22/22/22 17/17/17
f 26/26/26 20/20/20 4761/4761/4726
f 14/14/14 32/32/32 17/17/17
f 32/32/32 18/18/18 17/17/17
f 19/19/19 18/18/18 31/31/31
f 4762/4762/4727 99/99/99 30/30/30
f 41/41/41 40/40/40 486/486/478
f 40/40/40 59/59/59 486/486/478
f 40/40/40 42/42/42 59/59/59
f 42/42/42 58/58/58 59/59/59
f 50/50/50 52/52/52 53/53/53
f 52/52/52 66/66/66 53/53/53
f 50/50/50 47/47/47 51/51/51
f 47/47/47 46/46/46 51/51/51
f 55/55/55 51/51/51 48/48/48
f 51/51/51 46/46/46 48/48/48
f 64/64/64 57/57/57 60/60/60
f 57/57/57 56/56/56 60/60/60
f 59/59/59 45/45/45 486/486/478
f 45/45/45 44/44/44 486/486/478
f 45/45/45 59/59/59 48/48/48
f 59/59/59 56/56/56 48/48/48
f 57/57/57 63/63/63 55/55/55
f 63/63/63 62/62/62 55/55/55
f 65/65/65 69/69/69 52/52/52
f 69/69/69 67/67/67 52/52/52
f 74/74/74 80/80/80 65/65/65
f 80/80/80 69/69/69 65/65/65
f 71/71/71 68/68/68 73/73/73
f 68/68/68 69/69/69 73/73/73
f 76/76/76 73/73/73 80/80/80
f 73/73/73 69/69/69 80/80/80
f 71/71/71 72/72/72 16/16/16
f 72/72/72 14/14/14 16/16/16
f 74/74/74 62/62/62 77/77/77
f 62/62/62 61/61/61 77/77/77
f 61/61/61 84/84/84 77/77/77
f 84/84/84 78/78/78 77/77/77
f 79/79/79 78/78/78 83/83/83
f 78/78/78 87/87/87 83/83/83
f 79/79/79 83/83/83 76/76/76
f 83/83/83 82/82/82 76/76/76
f 91/91/91 30/30/30 94/94/94
f 30/30/30 99/99/99 94/94/94
f 4763/4763/4728 100/100/100 90/90/90
f 100/100/100 88/88/88 90/90/90
f 92/92/92 91/91/91 527/527/519
f 91/91/91 93/93/93 527/527/519
f 96/96/96 32/32/32 75/75/75
f 32/32/32 72/72/72 75/75/75
f 89/89/89 88/88/88 75/75/75
f 88/88/88 96/96/96 75/75/75
f 89/89/89 82/82/82 101/101/101
f 82/82/82 81/81/81 101/101/101
f 81/81/81 110/110/110 101/101/101
f 110/110/110 102/102/102 101/101/101
f 103/103/103 108/108/108 90/90/90
f 108/108/108 4763/4763/4728 90/90/90
f 105/105/105 527/527/519 106/106/106
f 527/527/519 93/93/93 106/106/106
f 103/103/103 102/102/102 109/109/109
f 102/102/102 113/113/113 109/109/109
f 37/37/37 36/36/36 119/119/119
f 550/550/542 114/114/114 117/117/117
f 121/121/121 42/42/42 120/120/120
f 42/42/42 37/37/37 120/120/120
f 123/123/123 120/120/120 128/128/128
f 120/120/120 119/119/119 128/128/128
f 126/126/126 118/118/118 124/124/124
f 118/118/118 127/127/127 124/124/124
f 220/220/216 132/132/132 129/129/129
f 132/132/132 130/130/130 129/129/129
f 123/123/123 130/130/130 122/122/122
f 130/130/130 133/133/133 122/122/122
f 135/135/135 60/60/60 121/121/121
f 60/60/60 58/58/58 121/121/121
f 139/139/139 145/145/145 135/135/135
f 145/145/145 136/136/136 135/135/135
f 4764/4764/4729 4765/4765/4729 4766/4766/4729
f 63/63/63 64/64/64 137/137/137
f 141/141/141 137/137/137 145/145/145
f 137/137/137 136/136/136 145/145/145
f 139/139/139 122/122/122 146/146/146
f 122/122/122 133/133/133 146/146/146
f 148/148/148 143/143/143 134/134/134
f 143/143/143 146/146/146 134/134/134
f 149/149/149 150/150/150 143/143/143
f 150/150/150 147/147/147 143/143/143
f 141/141/141 147/147/147 140/140/140
f 147/147/147 151/151/151 140/140/140
f 158/158/156 84/84/84 140/140/140
f 84/84/84 138/138/138 140/140/140
f 159/159/157 165/165/163 158/158/156
f 165/165/163 157/157/155 158/158/156
f 161/161/159 160/160/158 165/165/163
f 160/160/158 157/157/155 165/165/163
f 160/160/158 162/162/160 87/87/87
f 162/162/160 156/156/154 87/87/87
f 152/152/152 164/164/162 151/151/151
f 164/164/162 159/159/157 151/151/151
f 164/164/162 163/163/161 166/166/164
f 163/163/161 167/167/165 166/166/164
f 166/166/164 168/168/166 161/161/159
f 168/168/166 169/169/167 161/161/159
f 109/109/109 176/176/174 107/107/107
f 4767/4767/4730 175/175/173 104/104/104
f 179/179/177 110/110/110 162/162/160
f 110/110/110 156/156/154 162/162/160
f 172/172/170 171/171/169 162/162/160
f 171/171/169 179/179/177 162/162/160
f 180/180/178 194/194/190 113/113/113
f 194/194/190 176/176/174 113/113/113
f 171/171/169 177/177/175 180/180/178
f 177/177/175 194/194/190 180/180/178
f 186/186/182 185/185/181 190/190/186
f 185/185/181 193/193/189 190/190/186
f 186/186/182 190/190/186 177/177/175
f 190/190/186 189/189/185 177/177/175
f 172/172/170 162/162/160 187/187/183
f 162/162/160 169/169/167 187/187/183
f 191/191/187 185/185/181 170/170/168
f 185/185/181 187/187/183 170/170/168
f 175/175/173 198/198/194 174/174/172
f 198/198/194 201/201/197 174/174/172
f 206/206/202 204/204/200 207/207/203
f 204/204/200 203/203/199 207/207/203
f 199/199/195 189/189/185 4768/4768/4731
f 189/189/185 188/188/184 4768/4768/4731
f 199/199/195 4768/4768/4731 200/200/196
f 203/203/199 202/202/198 198/198/194
f 188/188/184 208/208/204 4768/4768/4731
f 208/208/204 210/210/206 4768/4768/4731
f 125/125/125 124/124/124 216/216/212
f 124/124/124 213/213/209 216/216/212
f 230/230/226 4769/4769/4732 217/217/213
f 4769/4769/4732 216/216/212 217/217/213
f 219/219/215 223/223/219 132/132/132
f 223/223/219 221/221/217 132/132/132
f 225/225/221 227/227/223 217/217/213
f 227/227/223 230/230/226 217/217/213
f 227/227/223 228/228/224 229/229/225
f 228/228/224 311/311/307 229/229/225
f 148/148/148 134/134/134 237/237/233
f 134/134/134 221/221/217 237/237/233
f 233/233/229 232/232/228 223/223/219
f 232/232/228 237/237/233 223/223/219
f 238/238/234 239/239/235 149/149/149
f 239/239/235 150/150/150 149/149/149
f 232/232/228 235/235/231 238/238/234
f 235/235/231 240/240/236 238/238/234
f 320/320/316 242/242/238 244/244/240
f 242/242/238 241/241/237 244/244/240
f 233/233/229 231/231/227 241/241/237
f 231/231/227 243/243/239 241/241/237
f 320/320/316 247/247/243 242/242/238
f 247/247/243 245/245/241 242/242/238
f 235/235/231 245/245/241 240/240/236
f 245/245/241 248/248/244 240/240/236
f 163/163/161 152/152/152 251/251/247
f 152/152/152 239/239/235 251/251/247
f 252/252/248 264/264/260 251/251/247
f 264/264/260 250/250/246 251/251/247
f 253/253/249 254/254/250 167/167/165
f 254/254/250 168/168/166 167/167/165
f 256/256/252 253/253/249 264/264/260
f 253/253/249 250/250/246 264/264/260
f 249/249/245 263/263/259 248/248/244
f 263/263/259 252/252/248 248/248/244
f 263/263/259 262/262/258 265/265/261
f 262/262/258 339/339/335 265/265/261
f 339/339/335 261/261/257 265/265/261
f 261/261/257 260/260/256 265/265/261
f 260/260/256 258/258/254 256/256/252
f 258/258/254 255/255/251 256/256/252
f 191/191/187 170/170/168 268/268/264
f 170/170/168 254/254/250 268/268/264
f 284/284/280 271/271/267 4770/4770/4733
f 4771/4771/4734 267/267/263 268/268/264
f 267/267/263 4/4/4 192/192/188
f 4/4/4 3/3/3 192/192/188
f 272/272/268 193/193/189 3/3/3
f 193/193/189 192/192/188 3/3/3
f 273/273/269 275/275/271 257/257/253
f 275/275/271 276/276/272 257/257/253
f 280/280/276 282/282/278 277/277/273
f 282/282/278 278/278/274 277/277/273
f 274/274/270 371/371/367 275/275/271
f 282/282/278 281/281/277 288/288/284
f 269/269/265 255/255/251 276/276/272
f 255/255/251 258/258/254 276/276/272
f 287/287/283 6/6/6 271/271/267
f 6/6/6 5/5/5 271/271/267
f 287/287/283 281/281/277 6/6/6
f 281/281/277 289/289/285 6/6/6
f 290/290/286 206/206/202 295/295/291
f 206/206/202 294/294/290 295/295/291
f 307/307/303 304/304/300 293/293/289
f 304/304/300 291/291/287 293/293/289
f 209/209/205 208/208/204 2/2/2
f 208/208/204 272/272/268 2/2/2
f 9/9/9 297/297/293 2/2/2
f 297/297/293 209/209/205 2/2/2
f 298/298/294 291/291/287 10/10/10
f 291/291/287 303/303/299 10/10/10
f 292/292/288 277/277/273 293/293/289
f 277/277/273 305/305/301 293/293/289
f 292/292/288 298/298/294 280/280/276
f 298/298/294 289/289/285 280/280/276
f 310/310/306 309/309/305 318/318/314
f 309/309/305 325/325/321 318/318/314
f 317/317/313 312/312/308 318/318/314
f 312/312/308 310/310/306 318/318/314
f 335/335/331 4772/4772/4735 316/316/312
f 319/319/315 313/313/309 327/327/323
f 321/321/317 340/340/336 247/247/243
f 340/340/336 322/322/318 247/247/243
f 329/329/325 331/331/327 327/327/323
f 331/331/327 323/323/319 327/327/323
f 4773/4773/4736 347/347/343 333/333/329
f 347/347/343 334/334/330 333/333/329
f 262/262/258 249/249/245 341/341/337
f 249/249/245 322/322/318 341/341/337
f 342/342/338 356/356/352 341/341/337
f 356/356/352 338/338/334 341/341/337
f 344/344/340 343/343/339 356/356/352
f 343/343/339 338/338/334 356/356/352
f 343/343/339 345/345/341 261/261/257
f 345/345/341 337/337/333 261/261/257
f 353/353/349 352/352/348 4774/4774/4737
f 352/352/348 351/351/347 4774/4774/4737
f 350/350/346 336/336/332 351/351/347
f 332/332/328 334/334/330 349/349/345
f 358/358/354 324/324/320 350/350/346
f 324/324/320 336/336/332 350/350/346
f 399/399/395 359/359/355 354/354/350
f 359/359/355 352/352/348 354/354/350
f 360/360/356 362/362/358 344/344/340
f 362/362/358 361/361/357 344/344/340
f 364/364/360 273/273/269 337/337/333
f 273/273/269 257/257/253 337/337/333
f 370/370/366 274/274/270 4775/4775/4738
f 274/274/270 365/365/361 4775/4775/4738
f 376/376/372 4775/4775/4738 366/366/362
f 4775/4775/4738 365/365/361 366/366/362
f 369/369/365 368/368/364 691/691/683
f 368/368/364 4776/4776/4739 691/691/683
f 345/345/341 373/373/369 364/364/360
f 373/373/369 366/366/362 364/364/360
f 381/381/377 691/691/683 382/382/378
f 691/691/683 4776/4776/4739 382/382/378
f 384/384/380 383/383/379 4777/4777/4740
f 4778/4778/4741 379/379/375 378/378/374
f 363/363/359 387/387/383 361/361/357
f 387/387/383 373/373/369 361/361/357
f 387/387/383 386/386/382 388/388/384
f 386/386/382 420/420/416 388/388/384
f 420/420/416 4779/4779/4742 388/388/384
f 385/385/381 384/384/380 4780/4780/4743
f 390/390/386 4781/4781/4744 391/391/387
f 4781/4781/4744 401/401/397 391/391/387
f 708/708/700 4782/4782/4745 390/390/386
f 4782/4782/4745 4781/4781/4744 390/390/386
f 401/401/397 403/403/399 4783/4783/4746
f 403/403/399 422/422/418 4783/4783/4746
f 710/710/702 4784/4784/4747 392/392/388
f 4784/4784/4747 393/393/389 392/392/388
f 431/431/426 411/411/407 417/417/413
f 411/411/407 410/410/406 417/417/413
f 414/414/410 416/416/412 412/412/408
f 416/416/412 410/410/406 412/412/408
f 414/414/410 4778/4778/4741 416/416/412
f 383/383/379 385/385/381 4785/4785/4748
f 386/386/382 363/363/359 423/423/419
f 4786/4786/4749 422/422/418 421/421/417
f 431/431/426 417/417/413 4787/4787/4750
f 4788/4788/4751 421/421/417 403/403/399
f 455/455/448 450/450/443 456/456/449
f 457/457/450 4789/4789/4752 4790/4790/4752
f 460/460/452 455/455/448 26/26/26
f 455/455/448 20/20/20 26/26/26
f 461/461/453 454/454/447 460/460/452
f 454/454/447 450/450/443 460/460/452
f 464/464/456 468/468/460 729/729/721
f 468/468/460 488/488/480 729/729/721
f 729/729/721 479/479/471 464/464/456
f 479/479/471 465/465/457 464/464/456
f 476/476/468 4791/4791/4753 477/477/469
f 4791/4791/4753 548/548/540 477/477/469
f 474/474/466 467/467/459 475/475/467
f 467/467/459 465/465/457 475/475/467
f 550/550/542 4792/4792/4754 482/482/474
f 4792/4792/4754 476/476/468 482/482/474
f 483/483/475 41/41/41 484/484/476
f 41/41/41 487/487/479 484/484/476
f 472/472/464 484/484/476 471/471/463
f 484/484/476 487/487/479 471/471/463
f 466/466/458 436/436/431 468/468/460
f 436/436/431 435/435/430 468/468/460
f 434/434/429 491/491/483 435/435/430
f 491/491/483 489/489/481 435/435/430
f 490/490/482 492/492/484 494/494/486
f 492/492/484 504/504/496 494/494/486
f 490/490/482 434/434/429 493/493/485
f 434/434/429 437/437/432 493/493/485
f 438/438/433 4793/4793/4755 439/439/434
f 43/43/43 47/47/47 500/500/492
f 496/496/488 4794/4794/4756 471/471/463
f 4794/4794/4756 469/469/461 471/471/463
f 499/499/491 4793/4793/4755 495/495/487
f 4793/4793/4755 438/438/433 495/495/487
f 501/501/493 437/437/432 502/502/494
f 437/437/432 439/439/434 502/502/494
f 493/493/485 443/443/438 492/492/484
f 443/443/438 442/442/437 492/492/484
f 441/441/436 509/509/501 442/442/437
f 509/509/501 505/505/497 442/442/437
f 507/507/499 441/441/436 510/510/502
f 441/441/436 444/444/439 510/510/502
f 509/509/501 507/507/499 764/764/756
f 507/507/499 506/506/498 764/764/756
f 445/445/440 511/511/503 446/446/441
f 511/511/503 512/512/504 446/446/441
f 445/445/440 443/443/438 503/503/495
f 443/443/438 501/501/493 503/503/495
f 514/514/506 444/444/439 513/513/505
f 444/444/439 446/446/441 513/513/505
f 456/456/449 514/514/506 13/13/13
f 514/514/506 513/513/505 13/13/13
f 510/510/502 453/453/446 508/508/500
f 453/453/446 452/452/445 508/508/500
f 523/523/515 519/519/511 452/452/445
f 519/519/511 508/508/500 452/452/445
f 536/536/528 535/535/527 525/525/517
f 535/535/527 522/522/514 525/525/517
f 528/528/520 526/526/518 92/92/92
f 526/526/518 462/462/454 92/92/92
f 529/529/521 536/536/528 528/528/520
f 4795/4795/4757 4796/4796/4757 4797/4797/4757
f 518/518/510 515/515/507 533/533/525
f 515/515/507 534/534/526 533/533/525
f 530/530/522 532/532/524 535/535/527
f 532/532/524 533/533/525 535/535/527
f 531/531/523 530/530/522 539/539/531
f 530/530/522 537/537/529 539/539/531
f 538/538/530 537/537/529 105/105/105
f 537/537/529 529/529/521 105/105/105
f 544/544/536 477/477/469 547/547/539
f 477/477/469 545/545/537 547/547/539
f 549/549/541 552/552/544 544/544/536
f 552/552/544 551/551/543 544/544/536
f 115/115/115 114/114/114 551/551/543
f 114/114/114 482/482/474 551/551/543
f 540/540/532 547/547/539 541/541/533
f 547/547/539 546/546/538 541/541/533
f 549/549/541 540/540/532 553/553/545
f 540/540/532 543/543/535 553/553/545
f 556/556/548 555/555/547 554/554/546
f 555/555/547 553/553/545 554/554/546
f 115/115/115 552/552/544 127/127/127
f 552/552/544 555/555/547 127/127/127
f 531/531/523 560/560/552 532/532/524
f 560/560/552 558/558/550 532/532/524
f 565/565/557 561/561/553 562/562/554
f 561/561/553 560/560/552 562/562/554
f 562/562/554 539/539/531 564/564/556
f 539/539/531 563/563/555 564/564/556
f 104/104/104 174/174/172 538/538/530
f 174/174/172 563/563/555 538/538/530
f 566/566/558 568/568/560 561/561/553
f 568/568/560 569/569/561 561/561/553
f 566/566/558 565/565/557 572/572/564
f 565/565/557 570/570/562 572/572/564
f 574/574/566 575/575/567 564/564/556
f 575/575/567 570/570/562 564/564/556
f 578/578/570 576/576/568 577/577/569
f 576/576/568 575/575/567 577/577/569
f 201/201/197 202/202/198 574/574/566
f 202/202/198 577/577/569 574/574/566
f 582/582/574 554/554/546 580/580/572
f 554/554/546 543/543/535 580/580/572
f 580/580/572 579/579/571 581/581/573
f 579/579/571 589/589/581 581/581/573
f 583/583/575 585/585/577 581/581/573
f 585/585/577 582/582/574 581/581/573
f 214/214/210 213/213/209 586/586/578
f 213/213/209 556/556/548 586/586/578
f 585/585/577 588/588/580 586/586/578
f 588/588/580 214/214/210 586/586/578
f 591/591/583 593/593/585 583/583/575
f 593/593/585 584/584/576 583/583/575
f 596/596/588 584/584/576 595/595/587
f 584/584/576 593/593/585 595/595/587
f 587/587/579 226/226/222 588/588/580
f 226/226/222 225/225/221 588/588/580
f 598/598/590 226/226/222 596/596/588
f 226/226/222 587/587/579 596/596/588
f 603/603/595 567/567/559 4798/4798/4758
f 567/567/559 611/611/603 4798/4798/4758
f 607/607/599 611/611/603 572/572/564
f 611/611/603 567/567/559 572/572/564
f 685/685/677 615/615/607 618/618/610
f 615/615/607 614/614/606 618/618/610
f 618/618/610 614/614/606 616/616/608
f 4799/4799/4759 4800/4800/4759 4801/4801/4759
f 618/618/610 616/616/608 605/605/597
f 616/616/608 606/606/598 605/605/597
f 689/689/681 4802/4802/4760 621/621/613
f 4802/4802/4760 619/619/611 621/621/613
f 605/605/597 612/612/604 617/617/609
f 612/612/604 622/622/614 617/617/609
f 4803/4803/4761 630/630/622 278/278/274
f 630/630/622 279/279/275 278/278/274
f 204/204/200 290/290/286 578/578/570
f 290/290/286 626/626/618 578/578/570
f 624/624/616 610/610/602 576/576/568
f 610/610/602 607/607/599 576/576/568
f 625/625/617 624/624/616 627/627/619
f 624/624/616 626/626/618 627/627/619
f 279/279/275 629/629/621 305/305/301
f 629/629/621 631/631/623 305/305/301
f 595/595/587 594/594/586 634/634/626
f 594/594/586 633/633/625 634/634/626
f 228/228/224 598/598/590 309/309/305
f 598/598/590 635/635/627 309/309/305
f 637/637/629 636/636/628 642/642/634
f 636/636/628 639/639/631 642/642/634
f 656/656/648 644/644/636 650/650/642
f 644/644/636 643/643/635 650/650/642
f 648/648/640 647/647/639 649/649/641
f 647/647/639 650/650/642 649/649/641
f 651/651/643 635/635/627 652/652/644
f 635/635/627 634/634/626 652/652/644
f 644/644/636 655/655/647 4804/4804/4762
f 660/660/652 325/325/321 651/651/643
f 654/654/646 664/664/656 655/655/647
f 664/664/656 661/661/653 655/655/647
f 656/656/648 659/659/651 654/654/646
f 659/659/651 663/663/655 654/654/646
f 670/670/662 669/669/661 667/667/659
f 669/669/661 600/600/592 667/667/659
f 658/658/650 647/647/639 674/674/666
f 647/647/639 666/666/658 674/674/666
f 673/673/665 672/672/664 677/677/669
f 672/672/664 674/674/666 677/677/669
f 675/675/667 659/659/651 672/672/664
f 659/659/651 658/658/650 672/672/664
f 676/676/668 677/677/669 670/670/662
f 677/677/669 668/668/660 670/670/662
f 676/676/668 678/678/670 679/679/671
f 678/678/670 697/697/689 679/679/671
f 673/673/665 679/679/671 671/671/663
f 679/679/671 682/682/674 671/671/663
f 665/665/657 663/663/655 680/680/672
f 663/663/655 675/675/667 680/680/672
f 4805/4805/4763 680/680/672 683/683/675
f 680/680/672 671/671/663 683/683/675
f 686/686/678 684/684/676 615/615/607
f 684/684/676 667/667/659 615/615/607
f 704/704/696 4806/4806/4764 690/690/682
f 687/687/679 686/686/678 4807/4807/4765
f 692/692/684 621/621/613 369/369/365
f 621/621/613 620/620/612 369/369/365
f 693/693/685 704/704/696 692/692/684
f 704/704/696 690/690/682 692/692/684
f 684/684/676 687/687/679 678/678/670
f 687/687/679 695/695/687 678/678/670
f 697/697/689 695/695/687 701/701/693
f 695/695/687 694/694/686 701/701/693
f 702/702/694 694/694/686 713/713/705
f 694/694/686 699/699/691 713/713/705
f 705/705/697 703/703/695 381/381/377
f 703/703/695 693/693/685 381/381/377
f 709/709/701 394/394/390 682/682/674
f 394/394/390 683/683/675 682/682/674
f 700/700/692 702/702/694 710/710/702
f 702/702/694 711/711/703 710/710/702
f 700/700/692 392/392/388 701/701/693
f 392/392/388 709/709/701 701/701/693
f 725/725/717 730/730/722 727/727/719
f 730/730/722 731/731/723 727/727/719
f 732/732/724 730/730/722 728/728/720
f 730/730/722 725/725/717 728/728/720
f 736/736/728 4808/4808/4766 737/737/729
f 734/734/726 733/733/725 4809/4809/4767
f 734/734/726 728/728/720 735/735/727
f 728/728/720 726/726/718 735/735/727
f 740/740/732 735/735/727 722/722/714
f 735/735/727 726/726/718 722/722/714
f 548/548/540 4810/4810/4768 743/743/735
f 4810/4810/4768 736/736/728 743/743/735
f 732/732/724 744/744/736 479/479/471
f 744/744/736 475/475/467 479/479/471
f 727/727/719 718/718/710 724/724/716
f 718/718/710 717/717/709 724/724/716
f 724/724/716 745/745/737 722/722/714
f 745/745/737 752/752/744 722/722/714
f 716/716/708 749/749/741 717/717/709
f 749/749/741 745/745/737 717/717/709
f 747/747/739 716/716/708 750/750/742
f 716/716/708 719/719/711 750/750/742
f 749/749/741 747/747/739 754/754/746
f 747/747/739 746/746/738 754/754/746
f 720/720/712 489/489/481 721/721/713
f 489/489/481 491/491/483 721/721/713
f 720/720/712 718/718/710 488/488/480
f 4811/4811/4769 4812/4812/4769 4813/4813/4769
f 751/751/743 719/719/711 494/494/486
f 719/719/711 721/721/713 494/494/486
f 760/760/752 770/770/762 758/758/750
f 757/757/749 756/756/748 763/763/755
f 762/762/754 756/756/748 751/751/743
f 756/756/748 750/750/742 751/751/743
f 761/761/753 762/762/754 505/505/497
f 762/762/754 504/504/496 505/505/497
f 765/765/757 758/758/750 517/517/509
f 763/763/755 761/761/753 764/764/756
f 934/934/926 4814/4814/4770 769/769/761
f 746/746/738 757/757/749 4815/4815/4771
f 766/766/758 768/768/760 760/760/752
f 768/768/760 769/769/761 760/760/752
f 767/767/759 766/766/758 773/773/765
f 766/766/758 771/771/763 773/773/765
f 772/772/764 771/771/763 516/516/508
f 771/771/763 765/765/757 516/516/508
f 776/776/768 772/772/764 518/518/510
f 772/772/764 516/516/508 518/518/510
f 782/782/774 737/737/729 785/785/777
f 737/737/729 783/783/775 785/785/777
f 787/787/779 789/789/781 782/782/774
f 789/789/781 788/788/780 782/782/774
f 546/546/538 545/545/537 788/788/780
f 545/545/537 743/743/735 788/788/780
f 777/777/769 785/785/777 778/778/770
f 785/785/777 784/784/776 778/778/770
f 787/787/779 777/777/769 790/790/782
f 777/777/769 780/780/772 790/790/782
f 541/541/533 789/789/781 781/781/773
f 789/789/781 790/790/782 781/781/773
f 792/792/784 767/767/759 795/795/787
f 767/767/759 793/793/785 795/795/787
f 793/793/785 773/773/765 798/798/790
f 773/773/765 797/797/789 798/798/790
f 801/801/793 796/796/788 799/799/791
f 796/796/788 795/795/787 799/799/791
f 799/799/791 802/802/794 800/800/792
f 802/802/794 806/806/798 800/800/792
f 775/775/767 803/803/795 776/776/768
f 803/803/795 797/797/789 776/776/768
f 557/557/549 803/803/795 558/558/550
f 803/803/795 775/775/767 558/558/550
f 804/804/796 805/805/797 798/798/790
f 805/805/797 802/802/794 798/798/790
f 809/809/801 807/807/799 808/808/800
f 807/807/799 805/805/797 808/808/800
f 557/557/549 569/569/561 804/804/796
f 569/569/561 808/808/800 804/804/796
f 813/813/805 791/791/783 811/811/803
f 791/791/783 780/780/772 811/811/803
f 811/811/803 810/810/802 812/812/804
f 810/810/802 820/820/812 812/812/804
f 814/814/806 816/816/808 812/812/804
f 816/816/808 813/813/805 812/812/804
f 781/781/773 791/791/783 579/579/571
f 791/791/783 817/817/809 579/579/571
f 816/816/808 819/819/811 817/817/809
f 819/819/811 589/589/581 817/817/809
f 822/822/814 824/824/816 814/814/806
f 824/824/816 815/815/807 814/814/806
f 827/827/819 815/815/807 826/826/818
f 815/815/807 824/824/816 826/826/818
f 818/818/810 592/592/584 819/819/811
f 592/592/584 591/591/583 819/819/811
f 829/829/821 592/592/584 827/827/819
f 592/592/584 818/818/810 827/827/819
f 837/837/829 800/800/792 841/841/833
f 800/800/792 806/806/798 841/841/833
f 838/838/830 837/837/829 849/849/841
f 837/837/829 839/839/831 849/849/841
f 844/844/836 847/847/839 851/851/843
f 4816/4816/4772 4817/4817/4773 4818/4818/4773
f 845/845/837 844/844/836 853/853/845
f 844/844/836 850/850/842 853/853/845
f 851/851/843 4819/4819/4774 850/850/842
f 4819/4819/4774 854/854/846 850/850/842
f 852/852/844 854/854/846 4820/4820/4775
f 862/862/854 601/601/593 600/600/592
f 568/568/560 603/603/595 809/809/801
f 603/603/595 857/857/849 809/809/801
f 855/855/847 843/843/835 807/807/799
f 843/843/835 841/841/833 807/807/799
f 861/861/853 4821/4821/4776 860/860/852
f 855/855/847 857/857/849 4822/4822/4777
f 601/601/593 861/861/853 613/613/605
f 861/861/853 860/860/852 613/613/605
f 826/826/818 825/825/817 867/867/859
f 866/866/858 865/865/857 878/878/870
f 594/594/586 829/829/821 632/632/624
f 829/829/821 868/868/860 632/632/624
f 878/878/870 865/865/857 833/833/825
f 865/865/857 830/830/822 833/833/825
f 831/831/823 830/830/822 870/870/862
f 830/830/822 869/869/861 870/870/862
f 876/876/868 875/875/867 884/884/876
f 875/875/867 885/885/877 884/884/876
f 871/871/863 872/872/864 831/831/823
f 872/872/864 834/834/826 831/831/823
f 835/835/827 836/836/828 639/639/631
f 836/836/828 641/641/633 639/639/631
f 835/835/827 640/640/632 833/833/825
f 640/640/632 877/877/869 833/833/825
f 880/880/872 879/879/871 834/834/826
f 879/879/871 836/836/828 834/834/826
f 888/888/880 884/884/876 886/886/878
f 884/884/876 883/883/875 886/886/878
f 845/845/837 886/886/878 846/846/838
f 886/886/878 883/883/875 846/846/838
f 890/890/882 880/880/872 882/882/874
f 880/880/872 872/872/864 882/882/874
f 896/896/888 898/898/890 892/892/884
f 898/898/890 666/666/658 892/892/884
f 894/894/886 853/853/845 4823/4823/4778
f 853/853/845 852/852/844 4823/4823/4778
f 893/893/885 668/668/660 896/896/888
f 668/668/660 898/898/890 896/896/888
f 902/902/894 900/900/892 903/903/895
f 900/900/892 899/899/891 903/903/895
f 906/906/898 905/905/897 920/920/912
f 905/905/897 907/907/899 920/920/912
f 900/900/892 909/909/901 905/905/897
f 909/909/901 908/908/900 905/905/897
f 733/733/725 911/911/903 910/910/902
f 911/911/903 902/902/894 910/910/902
f 911/911/903 740/740/732 909/909/901
f 740/740/732 912/912/904 909/909/901
f 918/918/910 752/752/744 915/915/907
f 752/752/744 917/917/909 915/915/907
f 919/919/911 915/915/907 754/754/746
f 915/915/907 917/917/909 754/754/746
f 914/914/906 913/913/905 907/907/899
f 913/913/905 921/921/913 907/907/899
f 922/922/914 913/913/905 923/923/915
f 913/913/905 916/916/908 923/923/915
f 923/923/915 926/926/918 925/925/917
f 930/930/922 929/929/921 956/956/948
f 914/914/906 908/908/900 918/918/910
f 908/908/900 912/912/904 918/918/910
f 916/916/908 919/919/911 926/926/918
f 919/919/911 927/927/919 926/926/918
f 935/935/927 931/931/923 933/933/925
f 931/931/923 928/928/920 933/933/925
f 934/934/926 933/933/925 932/932/924
f 933/933/925 928/928/920 932/932/924
f 941/941/933 903/903/895 944/944/936
f 903/903/895 942/942/934 944/944/936
f 946/946/938 952/952/944 947/947/939
f 952/952/944 950/950/942 947/947/939
f 784/784/776 783/783/775 950/950/942
f 783/783/775 4824/4824/4779 950/950/942
f 936/936/928 945/945/937 937/937/929
f 945/945/937 4825/4825/4780 937/937/929
f 946/946/938 936/936/928 953/953/945
f 936/936/928 939/939/931 953/953/945
f 778/778/770 952/952/944 940/940/932
f 952/952/944 953/953/945 940/940/932
f 958/958/950 957/957/949 931/931/923
f 957/957/949 929/929/921 931/931/923
f 957/957/949 959/959/951 955/955/947
f 959/959/951 966/966/958 955/955/947
f 962/962/954 959/959/951 960/960/952
f 959/959/951 958/958/950 960/960/952
f 768/768/760 792/792/784 935/935/927
f 792/792/784 964/964/956 935/935/927
f 965/965/957 960/960/952 796/796/788
f 960/960/952 964/964/956 796/796/788
f 970/970/962 969/969/961 971/971/963
f 969/969/961 1010/1010/1002 971/971/963
f 971/971/963 1010/1010/1002 962/962/954
f 1010/1010/1002 967/967/959 962/962/954
f 974/974/966 970/970/962 975/975/967
f 970/970/962 972/972/964 975/975/967
f 975/975/967 972/972/964 801/801/793
f 972/972/964 965/965/957 801/801/793
f 979/979/971 954/954/946 977/977/969
f 954/954/946 939/939/931 977/977/969
f 977/977/969 976/976/968 978/978/970
f 976/976/968 983/983/975 978/978/970
f 940/940/932 954/954/946 810/810/802
f 954/954/946 981/981/973 810/810/802
f 980/980/972 982/982/974 979/979/971
f 982/982/974 981/981/973 979/979/971
f 4826/4826/4781 988/988/980 985/985/977
f 988/988/980 986/986/978 985/985/977
f 980/980/972 978/978/970 986/986/978
f 978/978/970 984/984/976 986/986/978
f 820/820/812 982/982/974 821/821/813
f 982/982/974 992/992/984 821/821/813
f 993/993/985 822/822/814 992/992/984
f 822/822/814 821/821/813 992/992/984
f 1035/1035/1027 4827/4827/4782 991/991/983
f 993/993/985 988/988/980 4828/4828/4783
f 1006/1006/998 1009/1009/1001 969/969/961
f 1009/1009/1001 1008/1008/1000 969/969/961
f 1011/1011/1003 1006/1006/998 4829/4829/4784
f 1006/1006/998 1013/1013/1005 4829/4829/4784
f 1023/1023/1015 4830/4830/4785 1016/1016/1008
f 4830/4830/4785 1014/1014/1006 1016/1016/1008
f 1012/1012/1004 974/974/966 849/849/841
f 974/974/966 838/838/830 849/849/841
f 999/999/991 1001/1001/993 1017/1017/1009
f 1146/1146/1137 1007/1007/999 1009/1009/1001
f 1018/1018/1010 1019/1019/1011 999/999/991
f 1019/1019/1011 1002/1002/994 999/999/991
f 1027/1027/1019 4831/4831/4786 1025/1025/1017
f 4831/4831/4786 4832/4832/4787 1025/1025/1017
f 1026/1026/1018 1025/1025/1017 4816/4816/4772
f 1022/1022/1014 1016/1016/1008 847/847/839
f 1031/1031/1023 1033/1033/1025 990/990/982
f 1033/1033/1025 991/991/983 990/990/982
f 1028/1028/1020 1036/1036/1028 1031/1031/1023
f 1036/1036/1028 1032/1032/1024 1031/1031/1023
f 866/866/858 1035/1035/1027 864/864/856
f 1035/1035/1027 1034/1034/1026 864/864/856
f 1033/1033/1025 1030/1030/1022 998/998/990
f 1030/1030/1022 995/995/987 998/998/990
f 1030/1030/1022 1032/1032/1024 1039/1039/1031
f 1032/1032/1024 1049/1049/1041 1039/1039/1031
f 996/996/988 995/995/987 1042/1042/1034
f 995/995/987 1039/1039/1031 1042/1042/1034
f 1040/1040/1032 1045/1045/1037 996/996/988
f 1045/1045/1037 1003/1003/995 996/996/988
f 1040/1040/1032 1000/1000/992 1045/1045/1037
f 1000/1000/992 1002/1002/994 1045/1045/1037
f 4833/4833/4788 1043/1043/1035 4834/4834/4788
f 1005/1005/997 870/870/862 869/869/861
f 1004/1004/996 864/864/856 998/998/990
f 864/864/856 1034/1034/1026 998/998/990
f 1047/1047/1039 1046/1046/1038 4835/4835/4789
f 1046/1046/1038 4836/4836/4790 4835/4835/4789
f 1027/1027/1019 1048/1048/1040 4831/4831/4786
f 1048/1048/1040 1047/1047/1039 4831/4831/4786
f 1060/1060/1052 1053/1053/1045 920/920/912
f 1053/1053/1045 906/906/898 920/920/912
f 1059/1059/1051 1054/1054/1046 1060/1060/1052
f 1054/1054/1046 1057/1057/1049 1060/1060/1052
f 1061/1061/1053 1059/1059/1051 922/922/914
f 1059/1059/1051 921/921/913 922/922/914
f 1062/1062/1054 1058/1058/1050 1061/1061/1053
f 1058/1058/1050 1054/1054/1046 1061/1061/1053
f 1071/1071/1063 1064/1064/1056 1070/1070/1062
f 1064/1064/1056 1066/1066/1058 1070/1070/1062
f 899/899/891 1051/1051/1043 942/942/934
f 1051/1051/1043 1074/1074/1066 942/942/934
f 1073/1073/1065 943/943/935 1066/1066/1058
f 943/943/935 1074/1074/1066 1066/1066/1058
f 1075/1075/1067 1051/1051/1043 1076/1076/1068
f 1051/1051/1043 1053/1053/1045 1076/1076/1068
f 1070/1070/1062 1075/1075/1067 1072/1072/1064
f 1075/1075/1067 1076/1076/1068 1072/1072/1064
f 1064/1064/1056 1081/1081/1073 1077/1077/1069
f 1081/1081/1073 1078/1078/1070 1077/1077/1069
f 1079/1079/1071 4837/4837/4791 1077/1077/1069
f 4837/4837/4791 1080/1080/1072 1077/1077/1069
f 1083/1083/1075 1081/1081/1073 1067/1067/1059
f 1081/1081/1073 1071/1071/1063 1067/1067/1059
f 937/937/929 4838/4838/4792 1063/1063/1055
f 4838/4838/4792 1084/1084/1076 1063/1063/1055
f 1072/1072/1064 1057/1057/1049 1069/1069/1061
f 4839/4839/4793 1088/1088/1080 4840/4840/4793
f 1091/1091/1082 1087/1087/1079 1056/1056/1048
f 1087/1087/1079 1069/1069/1061 1056/1056/1048
f 4841/4841/4794 1092/1092/1083 1093/1093/1084
f 1092/1092/1083 1091/1091/1082 1093/1093/1084
f 1095/1095/1086 4842/4842/4795 1096/1096/1087
f 4843/4843/4796 4844/4844/4797 4845/4845/4796
f 956/956/948 955/955/947 4846/4846/4798
f 4847/4847/4799 4844/4844/4797 4848/4848/4799
f 1082/1082/1074 1067/1067/1059 1098/1098/1089
f 1067/1067/1059 1087/1087/1079 1098/1098/1089
f 1099/1099/1090 1092/1092/1083 4849/4849/4800
f 1092/1092/1083 4841/4841/4794 4849/4849/4800
f 1100/1100/1091 1104/1104/1095 1103/1103/1094
f 1104/1104/1095 1109/1109/1100 1103/1103/1094
f 1107/1107/1098 1108/1108/1099 1096/1096/1087
f 1108/1108/1099 1104/1104/1095 1096/1096/1087
f 1112/1112/1103 1110/1110/1101 1111/1111/1102
f 1110/1110/1101 1108/1108/1099 1111/1111/1102
f 966/966/958 967/967/959 1107/1107/1098
f 967/967/959 1111/1111/1102 1107/1107/1098
f 1118/1118/1109 1117/1117/1108 1121/1121/1112
f 1117/1117/1108 1119/1119/1110 1121/1121/1112
f 1063/1063/1055 1085/1085/1077 976/976/968
f 1085/1085/1077 1124/1124/1115 976/976/968
f 1123/1123/1114 1125/1125/1116 1118/1118/1109
f 1125/1125/1116 1124/1124/1115 1118/1118/1109
f 1113/1113/1104 1121/1121/1112 1114/1114/1105
f 1121/1121/1112 1120/1120/1111 1114/1114/1105
f 1123/1123/1114 1113/1113/1104 1126/1126/1117
f 1113/1113/1104 1116/1116/1107 1126/1126/1117
f 1129/1129/1120 1128/1128/1119 1127/1127/1118
f 1128/1128/1119 1126/1126/1117 1127/1127/1118
f 983/983/975 1125/1125/1116 984/984/976
f 1125/1125/1116 1128/1128/1119 984/984/976
f 1137/1137/1128 1131/1131/1122 1110/1110/1101
f 1131/1131/1122 1109/1109/1100 1110/1110/1101
f 1131/1131/1122 1138/1138/1129 1130/1130/1121
f 1138/1138/1129 1249/1249/1240 1130/1130/1121
f 1139/1139/1130 1137/1137/1128 1141/1141/1132
f 1137/1137/1128 1140/1140/1131 1141/1141/1132
f 1007/1007/999 1140/1140/1131 1008/1008/1000
f 1140/1140/1131 1112/1112/1103 1008/1008/1000
f 1132/1132/1123 1134/1134/1125 1138/1138/1129
f 1134/1134/1125 1249/1249/1240 1138/1138/1129
f 1139/1139/1130 1142/1142/1133 1132/1132/1123
f 1142/1142/1133 1135/1135/1126 1132/1132/1123
f 1001/1001/993 1136/1136/1127 4850/4850/4801
f 4851/4851/4802 1142/1142/1133 1141/1141/1132
f 1150/1150/1141 1127/1127/1118 1148/1148/1139
f 1127/1127/1118 1116/1116/1107 1148/1148/1139
f 1148/1148/1139 1147/1147/1138 1149/1149/1140
f 1147/1147/1138 1159/1159/1150 1149/1149/1140
f 1163/1163/1154 1155/1155/1146 1149/1149/1140
f 1155/1155/1146 1150/1150/1141 1149/1149/1140
f 985/985/977 1129/1129/1120 4852/4852/4803
f 1129/1129/1120 1156/1156/1147 4852/4852/4803
f 1158/1158/1149 1036/1036/1028 1153/1153/1144
f 1036/1036/1028 1157/1157/1148 1153/1153/1144
f 1162/1162/1153 1165/1165/1156 1151/1151/1142
f 1165/1165/1156 1152/1152/1143 1151/1151/1142
f 1164/1164/1155 1183/1183/1174 1165/1165/1156
f 1183/1183/1174 1167/1167/1158 1165/1165/1156
f 1152/1152/1143 1166/1166/1157 1158/1158/1149
f 1166/1166/1157 1168/1168/1159 1158/1158/1149
f 1175/1175/1166 1176/1176/1167 1171/1171/1162
f 1176/1176/1167 1169/1169/1160 1171/1171/1162
f 1173/1173/1164 1172/1172/1163 1177/1177/1168
f 1133/1133/1124 1135/1135/1126 4853/4853/4804
f 1174/1174/1165 1173/1173/1164 1185/1185/1176
f 1173/1173/1164 1175/1175/1166 1185/1185/1176
f 1179/1179/1170 1169/1169/1160 1049/1049/1041
f 1169/1169/1160 1178/1178/1169 1049/1049/1041
f 1180/1180/1171 1041/1041/1033 1178/1178/1169
f 1041/1041/1033 1042/1042/1034 1178/1178/1169
f 1176/1176/1167 1177/1177/1168 1180/1180/1171
f 1177/1177/1168 1181/1181/1172 1180/1180/1171
f 1136/1136/1127 1000/1000/992 1181/1181/1172
f 1000/1000/992 1041/1041/1033 1181/1181/1172
f 1170/1170/1161 1167/1167/1158 1171/1171/1162
f 1167/1167/1158 1182/1182/1173 1171/1171/1162
f 1170/1170/1161 1179/1179/1170 1166/1166/1157
f 1179/1179/1170 1168/1168/1159 1166/1166/1157
f 1188/1188/1179 1187/1187/1178 1193/1193/1184
f 1187/1187/1178 1194/1194/1185 1193/1193/1184
f 1078/1078/1070 1196/1196/1187 1195/1195/1186
f 1196/1196/1187 1187/1187/1178 1195/1195/1186
f 1196/1196/1187 1083/1083/1075 1194/1194/1185
f 1083/1083/1075 1197/1197/1188 1194/1194/1185
f 1200/1200/1191 1192/1192/1183 1198/1198/1189
f 1192/1192/1183 1201/1201/1192 1198/1198/1189
f 1082/1082/1074 1205/1205/1196 1197/1197/1188
f 1205/1205/1196 1201/1201/1192 1197/1197/1188
f 1206/1206/1197 1205/1205/1196 1099/1099/1090
f 1205/1205/1196 1098/1098/1089 1099/1099/1090
f 1208/1208/1199 1202/1202/1193 1207/1207/1198
f 1202/1202/1193 1204/1204/1195 1207/1207/1198
f 1215/1215/1206 1209/1209/1200 1213/1213/1204
f 1209/1209/1200 1211/1211/1202 1213/1213/1204
f 1216/1216/1207 1115/1115/1106 1217/1217/1208
f 1115/1115/1106 1114/1114/1105 1217/1217/1208
f 1218/1218/1209 1189/1189/1180 1221/1221/1212
f 1189/1189/1180 1219/1219/1210 1221/1221/1212
f 1188/1188/1179 1224/1224/1215 1189/1189/1180
f 1224/1224/1215 1219/1219/1210 1189/1189/1180
f 1223/1223/1214 1232/1232/1223 1225/1225/1216
f 1232/1232/1223 1233/1233/1224 1225/1225/1216
f 1223/1223/1214 1193/1193/1184 1232/1232/1223
f 1193/1193/1184 1192/1192/1183 1232/1232/1223
f 1222/1222/1213 1227/1227/1218 1218/1218/1209
f 1227/1227/1218 1226/1226/1217 1218/1218/1209
f 1228/1228/1219 1122/1122/1113 1226/1226/1217
f 1122/1122/1113 1195/1195/1186 1226/1226/1217
f 1230/1230/1221 1221/1221/1212 1354/1354/1345
f 1221/1221/1212 1220/1220/1211 1354/1354/1345
f 1229/1229/1220 1215/1215/1206 1231/1231/1222
f 1215/1215/1206 1217/1217/1208 1231/1231/1222
f 1199/1199/1190 1361/1361/1352 1200/1200/1191
f 1361/1361/1352 1234/1234/1225 1200/1200/1191
f 1238/1238/1229 1203/1203/1194 1237/1237/1228
f 1203/1203/1194 1235/1235/1226 1237/1237/1228
f 1235/1235/1226 1202/1202/1193 1241/1241/1232
f 1202/1202/1193 1240/1240/1231 1241/1241/1232
f 1103/1103/1094 1130/1130/1121 1208/1208/1199
f 1130/1130/1121 1240/1240/1231 1208/1208/1199
f 1244/1244/1235 1239/1239/1230 1242/1242/1233
f 1239/1239/1230 1237/1237/1228 1242/1242/1233
f 1242/1242/1233 1245/1245/1236 1243/1243/1234
f 1245/1245/1236 1251/1251/1242 1243/1243/1234
f 1248/1248/1239 1250/1250/1241 1241/1241/1232
f 1250/1250/1241 1245/1245/1236 1241/1241/1232
f 1134/1134/1125 1246/1246/1237 1248/1248/1239
f 1246/1246/1237 1250/1250/1241 1248/1248/1239
f 1254/1254/1245 1255/1255/1246 1213/1213/1204
f 1255/1255/1246 1214/1214/1205 1213/1213/1204
f 1253/1253/1244 1384/1384/1375 1254/1254/1245
f 1384/1384/1375 1256/1256/1247 1254/1254/1245
f 1255/1255/1246 1259/1259/1250 1214/1214/1205
f 1259/1259/1250 1258/1258/1249 1214/1214/1205
f 1115/1115/1106 1216/1216/1207 1147/1147/1138
f 1216/1216/1207 1258/1258/1249 1147/1147/1138
f 1261/1261/1252 1260/1260/1251 1384/1384/1375
f 1260/1260/1251 1256/1256/1247 1384/1384/1375
f 1260/1260/1251 1262/1262/1253 1263/1263/1254
f 1262/1262/1253 1269/1269/1260 1263/1263/1254
f 1305/1305/1296 1273/1273/1264 1269/1269/1260
f 1273/1273/1264 1270/1270/1261 1269/1269/1260
f 1265/1265/1256 1259/1259/1250 1270/1270/1261
f 1259/1259/1250 1263/1263/1254 1270/1270/1261
f 1159/1159/1150 1265/1265/1256 1160/1160/1151
f 1265/1265/1256 1272/1272/1263 1160/1160/1151
f 1275/1275/1266 1162/1162/1153 1274/1274/1265
f 1162/1162/1153 1161/1161/1152 1274/1274/1265
f 1276/1276/1267 1275/1275/1266 1271/1271/1262
f 1275/1275/1266 1268/1268/1259 1271/1271/1262
f 1294/1294/1285 1183/1183/1174 1276/1276/1267
f 1183/1183/1174 1164/1164/1155 1276/1276/1267
f 1246/1246/1237 1133/1133/1124 1299/1299/1290
f 1133/1133/1124 4854/4854/4805 1299/1299/1290
f 1290/1290/1281 1292/1292/1283 1287/1287/1278
f 1292/1292/1283 1288/1288/1279 1287/1287/1278
f 1284/1284/1275 1292/1292/1283 1285/1285/1276
f 1292/1292/1283 1291/1291/1282 1285/1285/1276
f 1293/1293/1284 1294/1294/1285 1285/1285/1276
f 1294/1294/1285 1286/1286/1277 1285/1285/1276
f 1295/1295/1286 1184/1184/1175 1293/1293/1284
f 1184/1184/1175 1182/1182/1173 1293/1293/1284
f 1281/1281/1272 1185/1185/1176 1295/1295/1286
f 1185/1185/1176 1184/1184/1175 1295/1295/1286
f 1291/1291/1282 1290/1290/1281 1281/1281/1272
f 1290/1290/1281 1282/1282/1273 1281/1281/1272
f 1296/1296/1287 1278/1278/1269 1252/1252/1243
f 1278/1278/1269 1251/1251/1242 1252/1252/1243
f 1278/1278/1269 1297/1297/1288 1277/1277/1268
f 1297/1297/1288 1414/1414/1405 1277/1277/1268
f 1299/1299/1290 1300/1300/1291 1252/1252/1243
f 1300/1300/1291 1296/1296/1287 1252/1252/1243
f 1302/1302/1293 1416/1416/1407 1297/1297/1288
f 1416/1416/1407 1414/1414/1405 1297/1297/1288
f 1304/1304/1295 1303/1303/1294 4855/4855/4806
f 1303/1303/1294 1430/1430/1421 4855/4855/4806
f 1306/1306/1297 1266/1266/1257 1308/1308/1299
f 1266/1266/1257 4856/4856/4807 1308/1308/1299
f 1310/1310/1301 1267/1267/1258 1312/1312/1303
f 1267/1267/1258 1306/1306/1297 1312/1312/1303
f 1310/1310/1301 1313/1313/1304 1267/1267/1258
f 1313/1313/1304 1271/1271/1262 1267/1267/1258
f 1318/1318/1309 1311/1311/1302 1317/1317/1308
f 1311/1311/1302 1312/1312/1303 1317/1317/1308
f 1313/1313/1304 1309/1309/1300 1286/1286/1277
f 1309/1309/1300 1283/1283/1274 1286/1286/1277
f 1309/1309/1300 1311/1311/1302 1320/1320/1311
f 1311/1311/1302 1324/1324/1315 1320/1320/1311
f 1284/1284/1275 1283/1283/1274 1323/1323/1314
f 1283/1283/1274 1320/1320/1311 1323/1323/1314
f 1332/1332/1323 1325/1325/1316 1333/1333/1324
f 1325/1325/1316 1327/1327/1318 1333/1333/1324
f 1334/1334/1325 1211/1211/1202 1335/1335/1326
f 1211/1211/1202 1210/1210/1201 1335/1335/1326
f 1344/1344/1335 1337/1337/1328 1343/1343/1334
f 1337/1337/1328 1339/1339/1330 1343/1343/1334
f 1347/1347/1338 1220/1220/1211 1339/1339/1330
f 1220/1220/1211 1346/1346/1337 1339/1339/1330
f 1349/1349/1340 1346/1346/1337 1225/1225/1216
f 1346/1346/1337 1224/1224/1215 1225/1225/1216
f 1343/1343/1334 1349/1349/1340 1345/1345/1336
f 1349/1349/1340 1348/1348/1339 1345/1345/1336
f 1338/1338/1329 1337/1337/1328 1325/1325/1316
f 1337/1337/1328 1350/1350/1341 1325/1325/1316
f 1353/1353/1344 1351/1351/1342 1340/1340/1331
f 1351/1351/1342 1344/1344/1335 1340/1340/1331
f 1338/1338/1329 1332/1332/1323 1347/1347/1338
f 1332/1332/1323 1336/1336/1327 1347/1347/1338
f 1367/1367/1358 1356/1356/1347 1363/1363/1354
f 1356/1356/1347 1355/1355/1346 1363/1363/1354
f 1362/1362/1353 1355/1355/1346 1348/1348/1339
f 1355/1355/1346 1345/1345/1336 1348/1348/1339
f 1360/1360/1351 1362/1362/1353 1234/1234/1225
f 1362/1362/1353 1233/1233/1224 1234/1234/1225
f 1365/1365/1356 1357/1357/1348 1239/1239/1230
f 1357/1357/1348 1364/1364/1355 1239/1239/1230
f 1352/1352/1343 1340/1340/1331 1366/1366/1357
f 1340/1340/1331 1356/1356/1347 1366/1366/1357
f 1371/1371/1362 1359/1359/1350 1369/1369/1360
f 1359/1359/1350 1358/1358/1349 1369/1369/1360
f 1374/1374/1365 1373/1373/1364 1358/1358/1349
f 1373/1373/1364 1369/1369/1360 1358/1358/1349
f 1376/1376/1367 1374/1374/1365 1244/1244/1235
f 1374/1374/1365 1365/1365/1356 1244/1244/1235
f 1378/1378/1369 1380/1380/1371 1329/1329/1320
f 1380/1380/1371 1330/1330/1321 1329/1329/1320
f 1377/1377/1368 1390/1390/1381 1378/1378/1369
f 1390/1390/1381 1381/1381/1372 1378/1378/1369
f 1383/1383/1374 1253/1253/1244 1330/1330/1321
f 1253/1253/1244 1334/1334/1325 1330/1330/1321
f 1385/1385/1376 1383/1383/1374 1382/1382/1373
f 1383/1383/1374 1380/1380/1371 1382/1382/1373
f 1388/1388/1379 1382/1382/1373 1389/1389/1380
f 1382/1382/1373 1381/1381/1372 1389/1389/1380
f 1387/1387/1378 1393/1393/1384 1388/1388/1379
f 1393/1393/1384 1391/1391/1382 1388/1388/1379
f 1392/1392/1383 1261/1261/1252 1391/1391/1382
f 1261/1261/1252 1385/1385/1376 1391/1391/1382
f 1373/1373/1364 1396/1396/1387 1372/1372/1363
f 1396/1396/1387 1395/1395/1386 1372/1372/1363
f 1243/1243/1234 1277/1277/1268 1376/1376/1367
f 1277/1277/1268 1397/1397/1388 1376/1376/1367
f 1404/1404/1395 1406/1406/1397 1398/1398/1389
f 1406/1406/1397 1399/1399/1390 1398/1398/1389
f 1407/1407/1398 1408/1408/1399 1288/1288/1279
f 1408/1408/1399 1289/1289/1280 1288/1288/1279
f 1395/1395/1386 1411/1411/1402 1394/1394/1385
f 1411/1411/1402 1561/1561/1552 1394/1394/1385
f 1413/1413/1404 1410/1410/1401 1397/1397/1388
f 1410/1410/1401 1396/1396/1387 1397/1397/1388
f 1412/1412/1403 1410/1410/1401 1415/1415/1406
f 1410/1410/1401 1413/1413/1404 1415/1415/1406
f 1398/1398/1389 1400/1400/1391 1411/1411/1402
f 1400/1400/1391 1561/1561/1552 1411/1411/1402
f 1412/1412/1403 1415/1415/1406 1404/1404/1395
f 1415/1415/1406 1409/1409/1400 1404/1404/1395
f 1417/1417/1408 1419/1419/1410 1387/1387/1378
f 1419/1419/1410 1418/1418/1409 1387/1387/1378
f 1418/1418/1409 1423/1423/1414 1393/1393/1384
f 1423/1423/1414 1422/1422/1413 1393/1393/1384
f 1262/1262/1253 1392/1392/1383 1303/1303/1294
f 1392/1392/1383 1422/1422/1413 1303/1303/1294
f 1425/1425/1416 1424/1424/1415 1421/1421/1412
f 1424/1424/1415 1419/1419/1410 1421/1421/1412
f 1424/1424/1415 1426/1426/1417 1427/1427/1418
f 1426/1426/1417 1469/1469/1460 1427/1427/1418
f 1431/1431/1422 1433/1433/1424 1434/1434/1425
f 1433/1433/1424 1435/1435/1426 1434/1434/1425
f 1432/1432/1423 1439/1439/1430 1433/1433/1424
f 1439/1439/1430 1440/1440/1431 1433/1433/1424
f 1429/1429/1420 1423/1423/1414 4857/4857/4808
f 1423/1423/1414 1427/1427/1418 4857/4857/4808
f 1315/1315/1306 1442/1442/1433 1316/1316/1307
f 1442/1442/1433 1441/1441/1432 1316/1316/1307
f 1443/1443/1434 1317/1317/1308 1441/1441/1432
f 1317/1317/1308 1316/1316/1307 1441/1441/1432
f 1443/1443/1434 1440/1440/1431 1318/1318/1309
f 1440/1440/1431 1444/1444/1435 1318/1318/1309
f 1446/1446/1437 1450/1450/1441 1449/1449/1440
f 1450/1450/1441 1466/1466/1457 1449/1449/1440
f 1446/1446/1437 1403/1403/1394 1447/1447/1438
f 1403/1403/1394 1402/1402/1393 1447/1447/1438
f 1453/1453/1444 1322/1322/1313 1451/1451/1442
f 1322/1322/1313 1323/1323/1314 1451/1451/1442
f 1453/1453/1444 1402/1402/1393 1322/1322/1313
f 1402/1402/1393 1407/1407/1398 1322/1322/1313
f 1464/1464/1455 1453/1453/1444 1452/1452/1443
f 1453/1453/1444 1451/1451/1442 1452/1452/1443
f 1464/1464/1455 1448/1448/1439 1453/1453/1444
f 1448/1448/1439 1447/1447/1438 1453/1453/1444
f 1461/1461/1452 1480/1480/1471 1455/1455/1446
f 1480/1480/1471 1456/1456/1447 1455/1455/1446
f 1480/1480/1471 1461/1461/1452 1437/1437/1428
f 1461/1461/1452 1457/1457/1448 1437/1437/1428
f 1455/1455/1446 1454/1454/1445 1448/1448/1439
f 1454/1454/1445 1445/1445/1436 1448/1448/1439
f 1458/1458/1449 1450/1450/1441 1454/1454/1445
f 1450/1450/1441 1445/1445/1436 1454/1454/1445
f 1319/1319/1310 1462/1462/1453 1324/1324/1315
f 1462/1462/1453 1452/1452/1443 1324/1324/1315
f 1319/1319/1310 1444/1444/1435 1462/1462/1453
f 1444/1444/1435 1457/1457/1448 1462/1462/1453
f 1432/1432/1423 1431/1431/1422 1476/1476/1467
f 1431/1431/1422 1471/1471/1462 1476/1476/1467
f 1474/1474/1465 1473/1473/1464 1439/1439/1430
f 1473/1473/1464 1437/1437/1428 1439/1439/1430
f 1476/1476/1467 1477/1477/1468 1474/1474/1465
f 1477/1477/1468 1475/1475/1466 1474/1474/1465
f 1473/1473/1464 1475/1475/1466 1481/1481/1472
f 1475/1475/1466 1482/1482/1473 1481/1481/1472
f 1484/1484/1475 1497/1497/1488 1491/1491/1482
f 1497/1497/1488 1492/1492/1483 1491/1491/1482
f 1493/1493/1484 1500/1500/1491 1491/1491/1482
f 1500/1500/1491 1494/1494/1485 1491/1491/1482
f 1497/1497/1488 1484/1484/1475 1495/1495/1486
f 1484/1484/1475 1487/1487/1478 1495/1495/1486
f 1496/1496/1487 1495/1495/1486 1512/1512/1503
f 1495/1495/1486 1498/1498/1489 1512/1512/1503
f 1326/1326/1317 1350/1350/1341 1488/1488/1479
f 1350/1350/1341 1489/1489/1480 1488/1488/1479
f 1326/1326/1317 1488/1488/1479 1483/1483/1474
f 1488/1488/1479 1494/1494/1485 1483/1483/1474
f 1490/1490/1481 1489/1489/1480 1353/1353/1344
f 1489/1489/1480 1351/1351/1342 1353/1353/1344
f 1487/1487/1478 1490/1490/1481 1499/1499/1490
f 1490/1490/1481 1501/1501/1492 1499/1499/1490
f 4858/4858/4809 1655/1655/1646 1502/1502/1493
f 1655/1655/1646 1513/1513/1504 1502/1502/1493
f 1503/1503/1494 1502/1502/1493 1498/1498/1489
f 1502/1502/1493 1513/1513/1504 1498/1498/1489
f 1510/1510/1501 1509/1509/1500 1518/1518/1509
f 1509/1509/1500 1516/1516/1507 1518/1518/1509
f 1503/1503/1494 1499/1499/1490 1506/1506/1497
f 1499/1499/1490 1501/1501/1492 1506/1506/1497
f 1352/1352/1343 1366/1366/1357 1506/1506/1497
f 1366/1366/1357 1507/1507/1498 1506/1506/1497
f 1519/1519/1510 4859/4859/4810 1370/1370/1361
f 4859/4859/4810 1371/1371/1362 1370/1370/1361
f 1517/1517/1508 1516/1516/1507 1370/1370/1361
f 1516/1516/1507 1519/1519/1510 1370/1370/1361
f 1523/1523/1514 1531/1531/1522 1525/1525/1516
f 1531/1531/1522 1530/1530/1521 1525/1525/1516
f 1483/1483/1474 1530/1530/1521 1327/1327/1318
f 1530/1530/1521 1532/1532/1523 1327/1327/1318
f 1533/1533/1524 1529/1529/1520 1527/1527/1518
f 1529/1529/1520 1528/1528/1519 1527/1527/1518
f 1520/1520/1511 1544/1544/1535 1535/1535/1526
f 4860/4860/4811 1537/1537/1528 1534/1534/1525
f 1538/1538/1529 1527/1527/1518 1536/1536/1527
f 1527/1527/1518 1534/1534/1525 1536/1536/1527
f 1540/1540/1531 1541/1541/1532 1539/1539/1530
f 1541/1541/1532 1538/1538/1529 1539/1539/1530
f 1533/1533/1524 1541/1541/1532 1390/1390/1381
f 1541/1541/1532 1389/1389/1380 1390/1390/1381
f 1525/1525/1516 1500/1500/1491 1522/1522/1513
f 1500/1500/1491 1493/1493/1484 1522/1522/1513
f 1522/1522/1513 1542/1542/1533 1520/1520/1511
f 1542/1542/1533 1543/1543/1534 1520/1520/1511
f 1547/1547/1538 1510/1510/1501 1549/1549/1540
f 1510/1510/1501 1518/1518/1509 1549/1549/1540
f 1545/1545/1536 1547/1547/1538 1552/1552/1543
f 1547/1547/1538 1546/1546/1537 1552/1552/1543
f 1372/1372/1363 1394/1394/1385 1517/1517/1508
f 1394/1394/1385 1550/1550/1541 1517/1517/1508
f 1551/1551/1542 1546/1546/1537 1554/1554/1545
f 1546/1546/1537 1555/1555/1546 1554/1554/1545
f 1560/1560/1551 1557/1557/1548 1550/1550/1541
f 1557/1557/1548 1549/1549/1540 1550/1550/1541
f 1559/1559/1550 1557/1557/1548 1562/1562/1553
f 1557/1557/1548 1560/1560/1551 1562/1562/1553
f 1559/1559/1550 1563/1563/1554 1555/1555/1546
f 1563/1563/1554 1553/1553/1544 1555/1555/1546
f 1400/1400/1391 1556/1556/1547 1562/1562/1553
f 1556/1556/1547 1563/1563/1554 1562/1562/1553
f 1566/1566/1557 1567/1567/1558 1536/1536/1527
f 1567/1567/1558 1539/1539/1530 1536/1536/1527
f 1565/1565/1556 1699/1699/1690 1566/1566/1557
f 1699/1699/1690 1568/1568/1559 1566/1566/1557
f 1570/1570/1561 1421/1421/1412 1540/1540/1531
f 1421/1421/1412 1417/1417/1408 1540/1540/1531
f 1571/1571/1562 1570/1570/1561 1569/1569/1560
f 1570/1570/1561 1567/1567/1558 1569/1569/1560
f 1573/1573/1564 1572/1572/1563 1699/1699/1690
f 1572/1572/1563 1568/1568/1559 1699/1699/1690
f 1576/1576/1567 1569/1569/1560 1575/1575/1566
f 1569/1569/1560 1572/1572/1563 1575/1575/1566
f 1578/1578/1569 1425/1425/1416 1576/1576/1567
f 1425/1425/1416 1571/1571/1562 1576/1576/1567
f 1588/1588/1579 1587/1587/1578 1582/1582/1573
f 1587/1587/1578 1583/1583/1574 1582/1582/1573
f 1590/1590/1581 1586/1586/1577 1589/1589/1580
f 1586/1586/1577 1585/1585/1576 1589/1589/1580
f 1589/1589/1580 1585/1585/1576 1458/1458/1449
f 1585/1585/1576 1591/1591/1582 1458/1458/1449
f 1592/1592/1583 1580/1580/1571 1564/1564/1555
f 1580/1580/1571 1553/1553/1544 1564/1564/1555
f 1580/1580/1571 1593/1593/1584 1579/1579/1570
f 1593/1593/1584 1743/1743/1734 1579/1579/1570
f 1556/1556/1547 1581/1581/1572 1564/1564/1555
f 1581/1581/1572 1595/1595/1586 1564/1564/1555
f 1594/1594/1585 1592/1592/1583 1597/1597/1588
f 1592/1592/1583 1595/1595/1586 1597/1597/1588
f 1599/1599/1590 1738/1738/1729 1593/1593/1584
f 1738/1738/1729 1743/1743/1734 1593/1593/1584
f 1598/1598/1589 1600/1600/1591 1588/1588/1579
f 1600/1600/1591 1591/1591/1582 1588/1588/1579
f 1575/1575/1566 1574/1574/1565 1603/1603/1594
f 1574/1574/1565 1602/1602/1593 1603/1603/1594
f 1426/1426/1417 1578/1578/1569 1467/1467/1458
f 1578/1578/1569 1604/1604/1595 1467/1467/1458
f 1602/1602/1593 1601/1601/1592 1606/1606/1597
f 1601/1601/1592 1618/1618/1609 1606/1606/1597
f 1607/1607/1598 1609/1609/1600 4861/4861/4812
f 4862/4862/4813 1605/1605/1596 1606/1606/1597
f 1611/1611/1602 1604/1604/1595 1605/1605/1596
f 1604/1604/1595 1603/1603/1594 1605/1605/1596
f 1610/1610/1601 1471/1471/1462 1612/1612/1603
f 1471/1471/1462 1472/1472/1463 1612/1612/1603
f 1614/1614/1605 1477/1477/1468 1609/1609/1600
f 1477/1477/1468 1610/1610/1601 1609/1609/1600
f 1617/1617/1608 1607/1607/1598 1615/1615/1606
f 1607/1607/1598 4863/4863/4814 1615/1615/1606
f 1617/1617/1608 1623/1623/1614 1608/1608/1599
f 1623/1623/1614 1622/1622/1613 1608/1608/1599
f 1608/1608/1599 1622/1622/1613 1614/1614/1605
f 1622/1622/1613 1624/1624/1615 1614/1614/1605
f 1629/1629/1620 1631/1631/1622 1583/1583/1574
f 1631/1631/1622 1642/1642/1633 1583/1583/1574
f 1629/1629/1620 1587/1587/1578 1630/1630/1621
f 1587/1587/1578 1586/1586/1577 1630/1630/1621
f 1628/1628/1619 1630/1630/1621 1627/1627/1618
f 1630/1630/1621 1625/1625/1616 1627/1627/1618
f 1456/1456/1447 1481/1481/1472 1590/1590/1581
f 1481/1481/1472 1633/1633/1624 1590/1590/1581
f 1632/1632/1623 1625/1625/1616 1482/1482/1473
f 1625/1625/1616 1633/1633/1624 1482/1482/1473
f 1627/1627/1618 1635/1635/1626 1638/1638/1629
f 1635/1635/1626 1637/1637/1628 1638/1638/1629
f 1626/1626/1617 1622/1622/1613 1635/1635/1626
f 1622/1622/1613 1621/1621/1612 1635/1635/1626
f 1639/1639/1630 1631/1631/1622 1638/1638/1629
f 1631/1631/1622 1628/1628/1619 1638/1638/1629
f 1626/1626/1617 1632/1632/1623 1622/1622/1613
f 1632/1632/1623 1624/1624/1615 1622/1622/1613
f 1644/1644/1635 1645/1645/1636 1646/1646/1637
f 1645/1645/1636 1648/1648/1639 1646/1646/1637
f 1644/1644/1635 1646/1646/1637 1623/1623/1614
f 1646/1646/1637 1621/1621/1612 1623/1623/1614
f 1654/1654/1645 1651/1651/1642 1512/1512/1503
f 1651/1651/1642 1496/1496/1487 1512/1512/1503
f 1665/1665/1656 1658/1658/1649 1664/1664/1655
f 1658/1658/1649 1660/1660/1651 1664/1664/1655
f 1492/1492/1483 1649/1649/1640 1542/1542/1533
f 1649/1649/1640 1668/1668/1659 1542/1542/1533
f 1667/1667/1658 1543/1543/1534 1660/1660/1651
f 1543/1543/1534 1668/1668/1659 1660/1660/1651
f 1669/1669/1660 1649/1649/1640 1670/1670/1661
f 1649/1649/1640 1651/1651/1642 1670/1670/1661
f 1664/1664/1655 1669/1669/1660 1666/1666/1657
f 1669/1669/1660 1670/1670/1661 1666/1666/1657
f 1677/1677/1668 1711/1711/1702 1671/1671/1662
f 1711/1711/1702 1672/1672/1663 1671/1671/1662
f 1711/1711/1702 1678/1678/1669 1672/1672/1663
f 1678/1678/1669 1673/1673/1664 1672/1672/1663
f 1671/1671/1662 1658/1658/1649 1674/1674/1665
f 1658/1658/1649 1665/1665/1656 1674/1674/1665
f 1661/1661/1652 1893/1893/1884 1674/1674/1665
f 1893/1893/1884 1676/1676/1667 1674/1674/1665
f 1544/1544/1535 1667/1667/1658 1656/1656/1647
f 1667/1667/1658 1673/1673/1664 1656/1656/1647
f 1683/1683/1674 1680/1680/1671 1681/1681/1672
f 1680/1680/1671 1679/1679/1670 1681/1681/1672
f 1655/1655/1646 4864/4864/4815 1653/1653/1644
f 1545/1545/1536 1686/1686/1677 4865/4865/4816
f 1653/1653/1644 1684/1684/1675 1654/1654/1645
f 1684/1684/1675 1670/1670/1661 1654/1654/1645
f 1684/1684/1675 1679/1679/1670 1670/1670/1661
f 1679/1679/1670 1666/1666/1657 1670/1670/1661
f 1688/1688/1679 1687/1687/1678 1552/1552/1543
f 1687/1687/1678 1686/1686/1677 1552/1552/1543
f 1893/1893/1884 1661/1661/1652 1693/1693/1684
f 1661/1661/1652 1680/1680/1671 1693/1693/1684
f 1690/1690/1681 1692/1692/1683 1683/1683/1674
f 1692/1692/1683 1693/1693/1684 1683/1683/1674
f 4866/4866/4817 1695/1695/1686 1697/1697/1688
f 1695/1695/1686 1694/1694/1685 1697/1697/1688
f 1696/1696/1687 1694/1694/1685 1551/1551/1542
f 1694/1694/1685 1688/1688/1679 1551/1551/1542
f 4867/4867/4818 1700/1700/1691 1537/1537/1528
f 1700/1700/1691 1565/1565/1556 1537/1537/1528
f 1709/1709/1700 1703/1703/1694 1707/1707/1698
f 1703/1703/1694 1705/1705/1696 1707/1707/1698
f 1710/1710/1701 1573/1573/1564 1706/1706/1697
f 1573/1573/1564 1701/1701/1692 1706/1706/1697
f 1706/1706/1697 1701/1701/1692 1709/1709/1700
f 1701/1701/1692 1702/1702/1693 1709/1709/1700
f 1712/1712/1703 1711/1711/1702 1715/1715/1706
f 1711/1711/1702 1713/1713/1704 1715/1715/1706
f 1677/1677/1668 1719/1719/1710 1711/1711/1702
f 1719/1719/1710 1713/1713/1704 1711/1711/1702
f 1700/1700/1691 4868/4868/4819 1702/1702/1693
f 1678/1678/1669 1712/1712/1703 4869/4869/4820
f 1723/1723/1714 1715/1715/1706 1897/1897/1888
f 1715/1715/1706 1714/1714/1705 1897/1897/1888
f 1726/1726/1717 4866/4866/4817 1729/1729/1720
f 4866/4866/4817 1697/1697/1688 1729/1729/1720
f 1724/1724/1715 1728/1728/1719 1733/1733/1724
f 1728/1728/1719 1731/1731/1722 1733/1733/1724
f 1554/1554/1545 1579/1579/1570 1696/1696/1687
f 1579/1579/1570 1730/1730/1721 1696/1696/1687
f 1742/1742/1733 1739/1739/1730 1730/1730/1721
f 1739/1739/1730 1729/1729/1720 1730/1730/1721
f 1741/1741/1732 1739/1739/1730 1744/1744/1735
f 1739/1739/1730 1742/1742/1733 1744/1744/1735
f 1734/1734/1725 1725/1725/1716 1748/1748/1739
f 1725/1725/1716 1740/1740/1731 1748/1748/1739
f 1741/1741/1732 1745/1745/1736 1740/1740/1731
f 1745/1745/1736 1748/1748/1739 1740/1740/1731
f 1746/1746/1737 1745/1745/1736 1750/1750/1741
f 1745/1745/1736 1749/1749/1740 1750/1750/1741
f 1738/1738/1729 1737/1737/1728 1744/1744/1735
f 1737/1737/1728 1749/1749/1740 1744/1744/1735
f 1707/1707/1698 1705/1705/1696 1753/1753/1744
f 1705/1705/1696 1752/1752/1743 1753/1753/1744
f 1574/1574/1565 1710/1710/1701 1601/1601/1592
f 1710/1710/1701 1754/1754/1745 1601/1601/1592
f 1752/1752/1743 1751/1751/1742 1760/1760/1751
f 1751/1751/1742 1959/1959/1950 1760/1760/1751
f 1762/1762/1753 1754/1754/1745 1759/1759/1750
f 1754/1754/1745 1753/1753/1744 1759/1759/1750
f 1761/1761/1752 1763/1763/1754 1759/1759/1750
f 1763/1763/1754 1762/1762/1753 1759/1759/1750
f 1755/1755/1746 1760/1760/1751 1756/1756/1747
f 1760/1760/1751 1959/1959/1950 1756/1756/1747
f 1761/1761/1752 1755/1755/1746 1764/1764/1755
f 1755/1755/1746 1758/1758/1749 1764/1764/1755
f 1767/1767/1758 1766/1766/1757 1765/1765/1756
f 1766/1766/1757 1764/1764/1755 1765/1765/1756
f 1618/1618/1609 1763/1763/1754 1619/1619/1610
f 1763/1763/1754 1766/1766/1757 1619/1619/1610
f 1789/1789/1780 1640/1640/1631 1772/1772/1763
f 1640/1640/1631 1639/1639/1630 1772/1772/1763
f 1773/1773/1764 1776/1776/1767 1746/1746/1737
f 1776/1776/1767 1775/1775/1766 1746/1746/1737
f 1737/1737/1728 1769/1769/1760 1750/1750/1741
f 1769/1769/1760 1778/1778/1769 1750/1750/1741
f 1777/1777/1768 1773/1773/1764 1787/1787/1778
f 1773/1773/1764 1778/1778/1769 1787/1787/1778
f 1777/1777/1768 1782/1782/1773 1776/1776/1767
f 1782/1782/1773 1785/1785/1776 1776/1776/1767
f 1834/1834/1825 4870/4870/4821 1790/1790/1781
f 4870/4870/4821 1788/1788/1779 1790/1790/1781
f 1640/1640/1631 1789/1789/1780 1780/1780/1771
f 1789/1789/1780 1788/1788/1779 1780/1780/1771
f 1794/1794/1785 1765/1765/1756 1792/1792/1783
f 1765/1765/1756 1758/1758/1749 1792/1792/1783
f 1792/1792/1783 1791/1791/1782 1793/1793/1784
f 1791/1791/1782 1808/1808/1799 1793/1793/1784
f 1795/1795/1786 1797/1797/1788 1793/1793/1784
f 1797/1797/1788 1794/1794/1785 1793/1793/1784
f 1615/1615/1606 4871/4871/4822 1643/1643/1634
f 4871/4871/4822 1802/1802/1793 1643/1643/1634
f 1800/1800/1791 1645/1645/1636 1802/1802/1793
f 1645/1645/1636 1643/1643/1634 1802/1802/1793
f 1803/1803/1794 1814/1814/1805 1800/1800/1791
f 1814/1814/1805 1804/1804/1795 1800/1800/1791
f 1807/1807/1798 1795/1795/1786 1805/1805/1796
f 1795/1795/1786 1809/1809/1800 1805/1805/1796
f 4872/4872/4823 1812/1812/1803 1814/1814/1805
f 1812/1812/1803 1811/1811/1802 1814/1814/1805
f 1637/1637/1628 1647/1647/1638 1771/1771/1762
f 1647/1647/1638 1817/1817/1808 1771/1771/1762
f 1817/1817/1808 1647/1647/1638 1815/1815/1806
f 1647/1647/1638 1648/1648/1639 1815/1815/1806
f 1816/1816/1807 1831/1831/1822 1815/1815/1806
f 1831/1831/1822 1817/1817/1808 1815/1815/1806
f 1818/1818/1809 1819/1819/1810 1771/1771/1762
f 1819/1819/1810 1772/1772/1763 1771/1771/1762
f 1821/1821/1812 1818/1818/1809 1831/1831/1822
f 1818/1818/1809 1817/1817/1808 1831/1831/1822
f 1822/1822/1813 1824/1824/1815 1810/1810/1801
f 1824/1824/1815 1825/1825/1816 1810/1810/1801
f 1823/1823/1814 1828/1828/1819 1824/1824/1815
f 1828/1828/1819 1829/1829/1820 1824/1824/1815
f 1816/1816/1807 1804/1804/1795 1825/1825/1816
f 1804/1804/1795 1811/1811/1802 1825/1825/1816
f 1829/1829/1820 1827/1827/1818 1821/1821/1812
f 1827/1827/1818 1820/1820/1811 1821/1821/1812
f 1836/1836/1827 1784/1784/1775 1837/1837/1828
f 1784/1784/1775 1783/1783/1774 1837/1837/1828
f 1842/1842/1833 1840/1840/1831 1833/1833/1824
f 1840/1840/1831 1835/1835/1826 1833/1833/1824
f 1819/1819/1810 1820/1820/1811 1790/1790/1781
f 1820/1820/1811 1833/1833/1824 1790/1790/1781
f 1840/1840/1831 1843/1843/1834 1846/1846/1837
f 1843/1843/1834 1845/1845/1836 1846/1846/1837
f 1842/1842/1833 1827/1827/1818 1843/1843/1834
f 1827/1827/1818 1826/1826/1817 1843/1843/1834
f 1850/1850/1841 1849/1849/1840 1812/1812/1803
f 1849/1849/1840 1810/1810/1801 1812/1812/1803
f 1848/1848/1839 2024/2024/2015 1852/1852/1843
f 1854/1854/1845 1851/1851/1842 1850/1850/1841
f 1858/1858/1849 1822/1822/1813 1857/1857/1848
f 1822/1822/1813 1849/1849/1840 1857/1857/1848
f 1861/1861/1852 1823/1823/1814 1863/1863/1854
f 1823/1823/1814 1858/1858/1849 1863/1863/1854
f 1861/1861/1852 1860/1860/1851 1828/1828/1819
f 1860/1860/1851 1826/1826/1817 1828/1828/1819
f 1856/1856/1847 1867/1867/1858 1851/1851/1842
f 1867/1867/1858 1857/1857/1848 1851/1851/1842
f 4873/4873/4824 4874/4874/4825 4875/4875/4826
f 1859/1859/1850 1867/1867/1858 1883/1883/1874
f 4873/4873/4824 4876/4876/4827 4874/4874/4825
f 1868/1868/1859 1863/1863/1854 1859/1859/1850
f 1868/1868/1859 1887/1887/1878 1869/1869/1860
f 1870/1870/1861 1877/1877/1868 1879/1879/1870
f 1860/1860/1851 1862/1862/1853 1872/1872/1863
f 1862/1862/1853 2045/2045/2036 1872/1872/1863
f 1869/1869/1860 1876/1876/1867 1862/1862/1853
f 1876/1876/1867 2045/2045/2036 1862/1862/1853
f 1885/1885/1876 1884/1884/1875 1887/1887/1878
f 1884/1884/1875 1880/1880/1871 1887/1887/1878
f 1881/1881/1872 1888/1888/1879 1885/1885/1876
f 1888/1888/1879 1886/1886/1877 1885/1885/1876
f 1884/1884/1875 1886/1886/1877 1891/1891/1882
f 1886/1886/1877 1892/1892/1883 1891/1891/1882
f 1903/1903/1894 1900/1900/1891 1717/1717/1708
f 1900/1900/1891 1719/1719/1710 1717/1717/1708
f 1905/1905/1896 1901/1901/1892 1903/1903/1894
f 1901/1901/1892 1900/1900/1891 1903/1903/1894
f 1894/1894/1885 1902/1902/1893 1676/1676/1667
f 1902/1902/1893 1717/1717/1708 1676/1676/1667
f 1914/1914/1905 1910/1910/1901 1915/1915/1906
f 1910/1910/1901 1912/1912/1903 1915/1915/1906
f 1907/1907/1898 1906/1906/1897 1915/1915/1906
f 1906/1906/1897 1913/1913/1904 1915/1915/1906
f 1916/1916/1907 1906/1906/1897 1898/1898/1889
f 1906/1906/1897 1909/1909/1900 1898/1898/1889
f 1897/1897/1888 1714/1714/1705 1916/1916/1907
f 1714/1714/1705 1901/1901/1892 1916/1916/1907
f 1913/1913/1904 1905/1905/1896 1914/1914/1905
f 1905/1905/1896 1904/1904/1895 1914/1914/1905
f 1692/1692/1683 1724/1724/1715 1896/1896/1887
f 1724/1724/1715 1923/1923/1914 1896/1896/1887
f 1896/1896/1887 1922/1922/1913 1894/1894/1885
f 1922/1922/1913 1902/1902/1893 1894/1894/1885
f 1919/1919/1910 1904/1904/1895 1920/1920/1911
f 1904/1904/1895 1922/1922/1913 1920/1920/1911
f 1924/1924/1915 1920/1920/1911 1733/1733/1724
f 1920/1920/1911 1923/1923/1914 1733/1733/1724
f 1919/1919/1910 1918/1918/1909 1910/1910/1901
f 1918/1918/1909 1925/1925/1916 1910/1910/1901
f 1926/1926/1917 1918/1918/1909 1927/1927/1918
f 1918/1918/1909 1921/1921/1912 1927/1927/1918
f 1927/1927/1918 1930/1930/1921 1929/1929/1920
f 1930/1930/1921 1934/1934/1925 1929/1929/1920
f 1921/1921/1912 1924/1924/1915 1930/1930/1921
f 1924/1924/1915 1931/1931/1922 1930/1930/1921
f 1940/1940/1931 1937/1937/1928 1939/1939/1930
f 1937/1937/1928 1936/1936/1927 1939/1939/1930
f 1734/1734/1725 1939/1939/1930 1932/1932/1923
f 1939/1939/1930 1936/1936/1927 1932/1932/1923
f 1947/1947/1938 1908/1908/1899 1950/1950/1941
f 1908/1908/1899 1948/1948/1939 1950/1950/1941
f 1907/1907/1898 1956/1956/1947 1908/1908/1899
f 1956/1956/1947 1948/1948/1939 1908/1908/1899
f 1898/1898/1889 1909/1909/1900 4877/4877/4828
f 1958/1958/1949 1957/1957/1948 1751/1751/1742
f 1952/1952/1943 1960/1960/1951 1953/1953/1944
f 1960/1960/1951 1957/1957/1948 1953/1953/1944
f 1942/1942/1933 1951/1951/1942 1943/1943/1934
f 1951/1951/1942 2203/2203/2190 1943/1943/1934
f 1952/1952/1943 1942/1942/1933 1961/1961/1952
f 1942/1942/1933 1945/1945/1936 1961/1961/1952
f 1756/1756/1747 1960/1960/1951 1946/1946/1937
f 1960/1960/1951 1961/1961/1952 1946/1946/1937
f 1967/1967/1958 1965/1965/1956 1937/1937/1928
f 1965/1965/1956 1935/1935/1926 1937/1937/1928
f 1965/1965/1956 1968/1968/1959 1963/1963/1954
f 1968/1968/1959 1975/1975/1966 1963/1963/1954
f 1971/1971/1962 1968/1968/1959 1969/1969/1960
f 1968/1968/1959 1967/1967/1958 1969/1969/1960
f 1774/1774/1765 1972/1972/1963 1775/1775/1766
f 1972/1972/1963 1940/1940/1931 1775/1775/1766
f 1969/1969/1960 1972/1972/1963 1973/1973/1964
f 1972/1972/1963 1774/1774/1765 1973/1973/1964
f 1977/1977/1968 1971/1971/1962 1978/1978/1969
f 1971/1971/1962 1970/1970/1961 1978/1978/1969
f 1982/1982/1973 1981/1981/1972 1970/1970/1961
f 1981/1981/1972 1978/1978/1969 1970/1970/1961
f 1784/1784/1775 1984/1984/1975 1785/1785/1776
f 1984/1984/1975 1973/1973/1964 1785/1785/1776
f 1985/1985/1976 1983/1983/1974 1984/1984/1975
f 1983/1983/1974 1982/1982/1973 1984/1984/1975
f 1993/1993/1984 1962/1962/1953 1987/1987/1978
f 1962/1962/1953 1945/1945/1936 1987/1987/1978
f 1987/1987/1978 1986/1986/1977 1992/1992/1983
f 1986/1986/1977 2246/2246/2231 1992/1992/1983
f 1946/1946/1937 1962/1962/1953 1791/1791/1782
f 1962/1962/1953 1995/1995/1986 1791/1791/1782
f 1994/1994/1985 1996/1996/1987 1993/1993/1984
f 1996/1996/1987 1995/1995/1986 1993/1993/1984
f 1988/1988/1979 1992/1992/1983 1989/1989/1980
f 1992/1992/1983 2246/2246/2231 1989/1989/1980
f 1994/1994/1985 1988/1988/1979 1997/1997/1988
f 1988/1988/1979 1991/1991/1982 1997/1997/1988
f 2000/2000/1991 1999/1999/1990 1998/1998/1989
f 1999/1999/1990 1997/1997/1988 1998/1998/1989
f 1808/1808/1799 1996/1996/1987 1809/1809/1800
f 1996/1996/1987 1999/1999/1990 1809/1809/1800
f 2001/2001/1992 1981/1981/1972 2004/2004/1995
f 1981/1981/1972 1983/1983/1974 2004/2004/1995
f 2002/2002/1993 2001/2001/1992 2263/2263/2248
f 2001/2001/1992 2003/2003/1994 2263/2263/2248
f 2006/2006/1997 1985/1985/1976 1841/1841/1832
f 1985/1985/1976 1836/1836/1827 1841/1841/1832
f 2007/2007/1998 2005/2005/1996 2006/2006/1997
f 2005/2005/1996 2004/2004/1995 2006/2006/1997
f 2010/2010/2001 2263/2263/2248 2008/2008/1999
f 2263/2263/2248 2003/2003/1994 2008/2008/1999
f 2012/2012/2003 2011/2011/2002 2005/2005/1996
f 2011/2011/2002 2008/2008/1999 2005/2005/1996
f 4878/4878/4829 2013/2013/2004 2016/2016/2007
f 2013/2013/2004 2012/2012/2003 2016/2016/2007
f 2007/2007/1998 1841/1841/1832 2016/2016/2007
f 1841/1841/1832 1847/1847/1838 2016/2016/2007
f 2020/2020/2011 1998/1998/1989 2018/2018/2009
f 1998/1998/1989 1991/1991/1982 2018/2018/2009
f 2018/2018/2009 2017/2017/2008 2019/2019/2010
f 2017/2017/2008 2026/2026/2017 2019/2019/2010
f 1805/1805/1796 2000/2000/1991 1848/1848/1839
f 2000/2000/1991 2023/2023/2014 1848/1848/1839
f 2021/2021/2012 2034/2034/2025 2020/2020/2011
f 2034/2034/2025 2022/2022/2013 2020/2020/2011
f 2034/2034/2025 2025/2025/2016 2022/2022/2013
f 2025/2025/2016 2023/2023/2014 2022/2022/2013
f 2032/2032/2023 2031/2031/2022 2028/2028/2019
f 2031/2031/2022 2029/2029/2020 2028/2028/2019
f 2021/2021/2012 2019/2019/2010 2029/2029/2020
f 2019/2019/2010 2027/2027/2018 2029/2029/2020
f 2038/2038/2029 2036/2036/2027 2033/2033/2024
f 2036/2036/2027 2031/2031/2022 2033/2033/2024
f 2036/2036/2027 2037/2037/2028 2025/2025/2016
f 2037/2037/2028 2024/2024/2015 2025/2025/2016
f 2039/2039/2030 1856/1856/1847 4879/4879/4830
f 4880/4880/4831 2037/2037/2028 2038/2038/2029
f 2011/2011/2002 2044/2044/2035 2009/2009/2000
f 2044/2044/2035 2043/2043/2034 2009/2009/2000
f 1845/1845/1836 1872/1872/1863 2015/2015/2006
f 1872/1872/1863 2046/2046/2037 2015/2015/2006
f 2060/2060/2051 2048/2048/2039 2047/2047/2038
f 2048/2048/2039 2046/2046/2037 2047/2047/2038
f 2050/2050/2041 2052/2052/2043 2013/2013/2004
f 2052/2052/2043 2044/2044/2035 2013/2013/2004
f 1875/1875/1866 2058/2058/2049 1876/1876/1867
f 2058/2058/2049 2047/2047/2038 1876/1876/1867
f 2059/2059/2050 2057/2057/2048 2058/2058/2049
f 2057/2057/2048 2056/2056/2047 2058/2058/2049
f 4881/4881/4832 2071/2071/2062 2051/2051/2042
f 2071/2071/2062 2052/2052/2043 2051/2051/2042
f 2043/2043/2034 2062/2062/2053 2042/2042/2033
f 2062/2062/2053 2067/2067/2058 2042/2042/2033
f 2063/2063/2054 2071/2071/2062 2064/2064/2055
f 2071/2071/2062 4882/4882/4833 2064/2064/2055
f 2063/2063/2054 2064/2064/2055 2062/2062/2053
f 2064/2064/2055 2068/2068/2059 2062/2062/2053
f 2032/2032/2023 2028/2028/2019 2075/2075/2066
f 2028/2028/2019 2072/2072/2063 2075/2075/2066
f 2080/2080/2071 2077/2077/2068 2076/2076/2067
f 2077/2077/2068 2075/2075/2066 2076/2076/2067
f 2077/2077/2068 2081/2081/2072 2033/2033/2024
f 2081/2081/2072 2078/2078/2069 2033/2033/2024
f 2084/2084/2075 2076/2076/2067 2082/2082/2073
f 2076/2076/2067 2085/2085/2076 2082/2082/2073
f 2084/2084/2075 2089/2089/2080 2080/2080/2071
f 2089/2089/2080 2090/2090/2081 2080/2080/2071
f 1883/1883/1874 2040/2040/2031 1881/1881/1872
f 2040/2040/2031 2095/2095/2086 1881/1881/1872
f 2040/2040/2031 2039/2039/2030 2092/2092/2083
f 2039/2039/2030 2093/2093/2084 2092/2092/2083
f 2094/2094/2085 2096/2096/2087 2092/2092/2083
f 2096/2096/2087 2095/2095/2086 2092/2092/2083
f 2097/2097/2088 2099/2099/2090 2086/2086/2077
f 2099/2099/2090 2100/2100/2091 2086/2086/2077
f 2094/2094/2085 2091/2091/2082 2100/2100/2091
f 2091/2091/2082 2087/2087/2078 2100/2100/2091
f 2104/2104/2095 2103/2103/2094 2101/2101/2092
f 2103/2103/2094 2099/2099/2090 2101/2101/2092
f 2103/2103/2094 1889/1889/1880 2096/2096/2087
f 1889/1889/1880 1888/1888/1879 2096/2096/2087
f 2129/2129/2116 1890/1890/1881 2104/2104/2095
f 1890/1890/1881 1889/1889/1880 2104/2104/2095
f 2109/2109/2100 2055/2055/2046 2112/2112/2103
f 2055/2055/2046 2057/2057/2048 2112/2112/2103
f 2111/2111/2102 2112/2112/2103 2107/2107/2098
f 2112/2112/2103 2105/2105/2096 2107/2107/2098
f 2109/2109/2100 2108/2108/2099 2055/2055/2046
f 2108/2108/2099 2053/2053/2044 2055/2055/2046
f 1875/1875/1866 1891/1891/1882 2059/2059/2050
f 1891/1891/1882 2114/2114/2105 2059/2059/2050
f 4883/4883/4834 4884/4884/4834 4885/4885/4834
f 2105/2105/2096 2114/2114/2105 1892/1892/1883
f 2125/2125/2114 2120/2120/2109 2158/2158/2145
f 2120/2120/2109 2119/2119/2108 2158/2158/2145
f 2158/2158/2145 2119/2119/2108 2130/2130/2117
f 2119/2119/2108 2121/2121/2110 2130/2130/2117
f 4886/4886/4835 4887/4887/4835 4888/4888/4835
f 2122/2122/2111 2111/2111/2102 2107/2107/2098
f 2110/2110/2101 2122/2122/2111 2133/2133/2120
f 2122/2122/2111 2123/2123/2112 2133/2133/2120
f 1890/1890/1881 2129/2129/2116 2113/2113/2104
f 2129/2129/2116 2121/2121/2110 2113/2113/2104
f 2108/2108/2099 2110/2110/2101 2131/2131/2118
f 2110/2110/2101 2134/2134/2121 2131/2131/2118
f 2137/2137/2124 2136/2136/2123 2088/2088/2079
f 2136/2136/2123 2086/2086/2077 2088/2088/2079
f 2135/2135/2122 2140/2140/2127 2139/2139/2126
f 2140/2140/2127 2142/2142/2129 2139/2139/2126
f 2145/2145/2132 2097/2097/2088 2144/2144/2131
f 2097/2097/2088 2136/2136/2123 2144/2144/2131
f 2149/2149/2136 2147/2147/2134 2146/2146/2133
f 2147/2147/2134 2145/2145/2132 2146/2146/2133
f 2147/2147/2134 2150/2150/2137 2101/2101/2092
f 2150/2150/2137 2148/2148/2135 2101/2101/2092
f 2365/2365/2350 2151/2151/2138 2138/2138/2125
f 2151/2151/2138 2144/2144/2131 2138/2138/2125
f 2152/2152/2139 2154/2154/2141 2146/2146/2133
f 2154/2154/2141 2149/2149/2136 2146/2146/2133
f 2153/2153/2140 2166/2166/2153 2154/2154/2141
f 2166/2166/2153 2156/2156/2143 2154/2154/2141
f 2164/2164/2151 2162/2162/2149 2157/2157/2144
f 2162/2162/2149 2159/2159/2146 2157/2157/2144
f 2160/2160/2147 2163/2163/2150 2123/2123/2112
f 2163/2163/2150 2171/2171/2158 2123/2123/2112
f 2160/2160/2147 2125/2125/2114 2161/2161/2148
f 2125/2125/2114 2159/2159/2146 2161/2161/2148
f 2148/2148/2135 2150/2150/2137 2130/2130/2117
f 2150/2150/2137 2157/2157/2144 2130/2130/2117
f 2164/2164/2151 2156/2156/2143 2162/2162/2149
f 2156/2156/2143 2165/2165/2152 2162/2162/2149
f 2168/2168/2155 2163/2163/2150 2167/2167/2154
f 2163/2163/2150 2161/2161/2148 2167/2167/2154
f 2178/2178/2165 2173/2173/2160 2172/2172/2159
f 2173/2173/2160 2176/2176/2163 2172/2172/2159
f 2179/2179/2166 2178/2178/2165 1926/1926/1917
f 2178/2178/2165 1925/1925/1916 1926/1926/1917
f 2180/2180/2167 2177/2177/2164 2179/2179/2166
f 2177/2177/2164 2173/2173/2160 2179/2179/2166
f 2187/2187/2174 1949/1949/1940 2184/2184/2171
f 1949/1949/1940 2186/2186/2173 2184/2184/2171
f 2189/2189/2176 2186/2186/2173 1954/1954/1945
f 2186/2186/2173 1956/1956/1947 1954/1954/1945
f 2172/2172/2159 2188/2188/2175 1912/1912/1903
f 2188/2188/2175 1954/1954/1945 1912/1912/1903
f 2184/2184/2171 2189/2189/2176 2185/2185/2172
f 2189/2189/2176 2190/2190/2177 2185/2185/2172
f 2182/2182/2169 2197/2197/2184 2191/2191/2178
f 2197/2197/2184 2192/2192/2179 2191/2191/2178
f 2193/2193/2180 4889/4889/4836 2191/2191/2178
f 2201/2201/2188 2200/2200/2187 4890/4890/4837
f 2197/2197/2184 2182/2182/2169 2195/2195/2182
f 2182/2182/2169 2185/2185/2172 2195/2195/2182
f 2196/2196/2183 2195/2195/2182 2214/2214/2199
f 2195/2195/2182 2198/2198/2185 2214/2214/2199
f 1943/1943/1934 2202/2202/2189 2181/2181/2168
f 2202/2202/2189 2200/2200/2187 2181/2181/2168
f 2210/2210/2195 2207/2207/2192 2216/2216/2201
f 2207/2207/2192 2208/2208/2193 2216/2216/2201
f 2213/2213/2198 2216/2216/2201 2209/2209/2194
f 2216/2216/2201 2208/2208/2193 2209/2209/2194
f 2188/2188/2175 2176/2176/2163 2190/2190/2177
f 2176/2176/2163 2207/2207/2192 2190/2190/2177
f 2209/2209/2194 2177/2177/2164 2212/2212/2197
f 2177/2177/2164 2211/2211/2196 2212/2212/2197
f 1929/1929/1920 2222/2222/2207 2180/2180/2167
f 2222/2222/2207 2211/2211/2196 2180/2180/2167
f 4891/4891/4838 4892/4892/4838 4893/4893/4838
f 2216/2216/2201 2215/2215/2200 2198/2198/2185
f 2217/2217/2202 2216/2216/2201 2218/2218/2203
f 2216/2216/2201 2213/2213/2198 2218/2218/2203
f 2218/2218/2203 2221/2221/2206 2220/2220/2205
f 2232/2232/2217 2231/2231/2216 2255/2255/2240
f 2229/2229/2214 2231/2231/2216 2227/2227/2212
f 2231/2231/2216 2230/2230/2215 2227/2227/2212
f 2226/2226/2211 2230/2230/2215 2224/2224/2209
f 4894/4894/4839 2221/2221/2206 2212/2212/2197
f 1975/1975/1966 1976/1976/1967 2226/2226/2211
f 1976/1976/1967 2234/2234/2219 2226/2226/2211
f 2235/2235/2220 2234/2234/2219 1977/1977/1968
f 2234/2234/2219 1976/1976/1967 1977/1977/1968
f 2236/2236/2221 2233/2233/2218 2235/2235/2220
f 2233/2233/2218 2227/2227/2212 2235/2235/2220
f 2239/2239/2224 2238/2238/2223 2242/2242/2227
f 2193/2193/2180 2243/2243/2228 4895/4895/4840
f 2181/2181/2168 2201/2201/2188 1986/1986/1977
f 2201/2201/2188 2245/2245/2230 1986/1986/1977
f 2244/2244/2229 2247/2247/2232 2239/2239/2224
f 2247/2247/2232 2245/2245/2230 2239/2239/2224
f 2244/2244/2229 2242/2242/2227 2248/2248/2233
f 2242/2242/2227 2251/2251/2236 2248/2248/2233
f 2250/2250/2235 2253/2253/2238 2248/2248/2233
f 2253/2253/2238 2252/2252/2237 2248/2248/2233
f 1989/1989/1980 2247/2247/2232 2237/2237/2222
f 2247/2247/2232 2252/2252/2237 2237/2237/2222
f 2228/2228/2213 2261/2261/2246 2229/2229/2214
f 2261/2261/2246 2257/2257/2242 2229/2229/2214
f 2261/2261/2246 2228/2228/2213 2260/2260/2245
f 2228/2228/2213 2258/2258/2243 2260/2260/2245
f 2264/2264/2249 2233/2233/2218 2002/2002/1993
f 2233/2233/2218 2236/2236/2221 2002/2002/1993
f 2265/2265/2250 2259/2259/2244 2264/2264/2249
f 2259/2259/2244 2258/2258/2243 2264/2264/2249
f 2268/2268/2253 2262/2262/2247 2266/2266/2251
f 2262/2262/2247 2260/2260/2245 2266/2266/2251
f 2266/2266/2251 2269/2269/2254 2267/2267/2252
f 2269/2269/2254 2272/2272/2257 2267/2267/2252
f 2259/2259/2244 2265/2265/2250 2269/2269/2254
f 2265/2265/2250 2270/2270/2255 2269/2269/2254
f 2274/2274/2259 2270/2270/2255 2009/2009/2000
f 2270/2270/2255 2010/2010/2001 2009/2009/2000
f 2275/2275/2260 2250/2250/2235 2278/2278/2263
f 2250/2250/2235 2276/2276/2261 2278/2278/2263
f 2237/2237/2222 2253/2253/2238 2017/2017/2008
f 2253/2253/2238 2280/2280/2265 2017/2017/2008
f 2279/2279/2264 2281/2281/2266 2275/2275/2260
f 2281/2281/2266 2280/2280/2265 2275/2275/2260
f 2279/2279/2264 2278/2278/2263 2282/2282/2267
f 2278/2278/2263 2285/2285/2270 2282/2282/2267
f 2284/2284/2269 2307/2307/2292 2282/2282/2267
f 2307/2307/2292 2286/2286/2271 2282/2282/2267
f 2288/2288/2273 2287/2287/2272 2307/2307/2292
f 2287/2287/2272 2286/2286/2271 2307/2307/2292
f 2026/2026/2017 2281/2281/2266 2027/2027/2018
f 2281/2281/2266 2287/2287/2272 2027/2027/2018
f 2291/2291/2276 2290/2290/2275 2273/2273/2258
f 2290/2290/2275 2272/2272/2257 2273/2273/2258
f 2290/2290/2275 2292/2292/2277 2289/2289/2274
f 2292/2292/2277 2296/2296/2281 2289/2289/2274
f 2274/2274/2259 2042/2042/2033 2273/2273/2258
f 2042/2042/2033 2294/2294/2279 2273/2273/2258
f 2293/2293/2278 2291/2291/2276 2295/2295/2280
f 2291/2291/2276 2294/2294/2279 2295/2295/2280
f 2303/2303/2288 2299/2299/2284 2301/2301/2286
f 2299/2299/2284 2298/2298/2283 2301/2301/2286
f 2293/2293/2278 2298/2298/2283 2292/2292/2277
f 2298/2298/2283 2297/2297/2282 2292/2292/2277
f 2067/2067/2058 2068/2068/2059 2295/2295/2280
f 2068/2068/2059 2304/2304/2289 2295/2295/2280
f 2066/2066/2057 2305/2305/2290 2304/2304/2289
f 2305/2305/2290 2301/2301/2286 2304/2304/2289
f 2306/2306/2291 2284/2284/2269 2310/2310/2295
f 2284/2284/2269 2308/2308/2293 2310/2310/2295
f 2311/2311/2296 2313/2313/2298 2306/2306/2291
f 2313/2313/2298 2312/2312/2297 2306/2306/2291
f 2073/2073/2064 2072/2072/2063 2312/2312/2297
f 2072/2072/2063 2288/2288/2273 2312/2312/2297
f 2319/2319/2304 2318/2318/2303 2315/2315/2300
f 2318/2318/2303 2316/2316/2301 2315/2315/2300
f 2311/2311/2296 2310/2310/2295 2316/2316/2301
f 2310/2310/2295 2314/2314/2299 2316/2316/2301
f 2073/2073/2064 2313/2313/2298 2085/2085/2076
f 2313/2313/2298 2321/2321/2306 2085/2085/2076
f 2082/2082/2073 2321/2321/2306 2322/2322/2307
f 2321/2321/2306 2318/2318/2303 2322/2322/2307
f 2324/2324/2309 2303/2303/2288 2327/2327/2312
f 2303/2303/2288 2325/2325/2310 2327/2327/2312
f 2066/2066/2057 2132/2132/2119 2305/2305/2290
f 2132/2132/2119 2330/2330/2315 2305/2305/2290
f 2343/2343/2328 2332/2332/2317 2331/2331/2316
f 2332/2332/2317 2330/2330/2315 2331/2331/2316
f 2343/2343/2328 2326/2326/2311 2332/2332/2317
f 2326/2326/2311 2325/2325/2310 2332/2332/2317
f 2338/2338/2323 2337/2337/2322 2334/2334/2319
f 2337/2337/2322 2335/2335/2320 2334/2334/2319
f 2334/2334/2319 2333/2333/2318 2326/2326/2311
f 2333/2333/2318 2327/2327/2312 2326/2326/2311
f 2340/2340/2325 2323/2323/2308 4896/4896/4841
f 2323/2323/2308 2376/2376/2361 4896/4896/4841
f 2133/2133/2120 2340/2340/2325 2134/2134/2121
f 2341/2341/2326 2331/2331/2316 2329/2329/2314
f 2319/2319/2304 2315/2315/2300 2347/2347/2332
f 2315/2315/2300 2344/2344/2329 2347/2347/2332
f 2356/2356/2341 2349/2349/2334 2348/2348/2333
f 2349/2349/2334 2347/2347/2332 2348/2348/2333
f 2350/2350/2335 2140/2140/2127 2322/2322/2307
f 2140/2140/2127 2135/2135/2122 2322/2322/2307
f 2351/2351/2336 2350/2350/2335 2356/2356/2341
f 2350/2350/2335 2349/2349/2334 2356/2356/2341
f 2354/2354/2339 2348/2348/2333 2352/2352/2337
f 2348/2348/2333 2355/2355/2340 2352/2352/2337
f 2354/2354/2339 2359/2359/2344 2356/2356/2341
f 2359/2359/2344 2358/2358/2343 2356/2356/2341
f 2356/2356/2341 2358/2358/2343 2351/2351/2336
f 2358/2358/2343 2360/2360/2345 2351/2351/2336
f 2412/2412/2397 2366/2366/2351 2364/2364/2349
f 2366/2366/2351 2362/2362/2347 2364/2364/2349
f 2365/2365/2350 4897/4897/4842 2366/2366/2351
f 4897/4897/4842 2362/2362/2347 2366/2366/2351
f 2366/2366/2351 2412/2412/2397 2367/2367/2352
f 2412/2412/2397 2368/2368/2353 2367/2367/2352
f 2367/2367/2352 2152/2152/2139 2366/2366/2351
f 2152/2152/2139 2151/2151/2138 2366/2366/2351
f 2370/2370/2355 2166/2166/2153 2369/2369/2354
f 2166/2166/2153 2153/2153/2140 2369/2369/2354
f 2372/2372/2357 2371/2371/2356 2373/2373/2358
f 2371/2371/2356 2374/2374/2359 2373/2373/2358
f 2373/2373/2358 2167/2167/2154 2372/2372/2357
f 2167/2167/2154 2165/2165/2152 2372/2372/2357
f 2395/2395/2380 2169/2169/2156 2375/2375/2360
f 2169/2169/2156 2168/2168/2155 2375/2375/2360
f 2380/2380/2365 2335/2335/2320 2381/2381/2366
f 2335/2335/2320 2337/2337/2322 2381/2381/2366
f 2391/2391/2376 2384/2384/2369 2377/2377/2362
f 2384/2384/2369 2379/2379/2364 2377/2377/2362
f 2323/2323/2308 2171/2171/2158 2376/2376/2361
f 2171/2171/2158 2386/2386/2371 2376/2376/2361
f 2391/2391/2376 2377/2377/2362 2387/2387/2372
f 2377/2377/2362 2386/2386/2371 2387/2387/2372
f 2384/2384/2369 2388/2388/2373 2393/2393/2378
f 2388/2388/2373 2390/2390/2375 2393/2393/2378
f 2389/2389/2374 2388/2388/2373 2396/2396/2381
f 2388/2388/2373 2392/2392/2377 2396/2396/2381
f 2169/2169/2156 2395/2395/2380 2387/2387/2372
f 2395/2395/2380 2392/2392/2377 2387/2387/2372
f 2399/2399/2384 2398/2398/2383 2359/2359/2344
f 2398/2398/2383 2357/2357/2342 2359/2359/2344
f 2397/2397/2382 2401/2401/2386 2399/2399/2384
f 2401/2401/2386 2400/2400/2385 2399/2399/2384
f 2408/2408/2393 2364/2364/2349 2407/2407/2392
f 2364/2364/2349 2363/2363/2348 2407/2407/2392
f 2409/2409/2394 2411/2411/2396 2406/2406/2391
f 2411/2411/2396 2408/2408/2393 2406/2406/2391
f 2415/2415/2400 2416/2416/2401 2368/2368/2353
f 2416/2416/2401 2369/2369/2354 2368/2368/2353
f 2411/2411/2396 2410/2410/2395 2415/2415/2400
f 2410/2410/2395 2417/2417/2402 2415/2415/2400
f 2405/2405/2390 2418/2418/2403 2403/2403/2388
f 2418/2418/2403 2406/2406/2391 2403/2403/2388
f 2419/2419/2404 2421/2421/2406 2409/2409/2394
f 2421/2421/2406 2410/2410/2395 2409/2409/2394
f 2420/2420/2405 2438/2438/2423 2421/2421/2406
f 2438/2438/2423 2423/2423/2408 2421/2421/2406
f 2430/2430/2415 2431/2431/2416 2426/2426/2411
f 2431/2431/2416 2424/2424/2409 2426/2426/2411
f 2371/2371/2356 2370/2370/2355 2434/2434/2419
f 2370/2370/2355 2416/2416/2401 2434/2434/2419
f 2425/2425/2410 2424/2424/2409 2417/2417/2402
f 2424/2424/2409 2434/2434/2419 2417/2417/2402
f 2435/2435/2420 2436/2436/2421 2374/2374/2359
f 2436/2436/2421 2375/2375/2360 2374/2374/2359
f 2431/2431/2416 2432/2432/2417 2435/2435/2420
f 2432/2432/2417 2436/2436/2421 2435/2435/2420
f 2425/2425/2410 2423/2423/2408 2426/2426/2411
f 2423/2423/2408 2437/2437/2422 2426/2426/2411
f 2440/2440/2425 2429/2429/2414 2439/2439/2424
f 2429/2429/2414 2430/2430/2415 2439/2439/2424
f 2432/2432/2417 2427/2427/2412 2396/2396/2381
f 2427/2427/2412 2389/2389/2374 2396/2396/2381
f 2427/2427/2412 2429/2429/2414 2442/2442/2427
f 2429/2429/2414 2443/2443/2428 2442/2442/2427
f 2453/2453/2438 2446/2446/2431 2214/2214/2199
f 2446/2446/2431 2196/2196/2183 2214/2214/2199
f 2452/2452/2437 2447/2447/2432 2453/2453/2438
f 2447/2447/2432 2450/2450/2435 2453/2453/2438
f 2454/2454/2439 2452/2452/2437 2217/2217/2202
f 2452/2452/2437 2215/2215/2200 2217/2217/2202
f 2455/2455/2440 2451/2451/2436 2454/2454/2439
f 2451/2451/2436 2447/2447/2432 2454/2454/2439
f 2192/2192/2179 2444/2444/2429 2243/2243/2228
f 2444/2444/2429 2456/2456/2441 2243/2243/2228
f 2459/2459/2444 2444/2444/2429 2460/2460/2445
f 2444/2444/2429 2446/2446/2431 2460/2460/2445
f 2462/2462/2447 2458/2458/2443 2459/2459/2444
f 2458/2458/2443 2456/2456/2441 2459/2459/2444
f 2249/2249/2234 2251/2251/2236 2470/2470/2455
f 2251/2251/2236 2468/2468/2453 2470/2470/2455
f 2469/2469/2454 2470/2470/2455 2532/2532/2513
f 2471/2471/2456 2466/2466/2451 2467/2467/2452
f 2466/2466/2451 2462/2462/2447 2463/2463/2448
f 2462/2462/2447 2461/2461/2446 2463/2463/2448
f 2480/2480/2465 2472/2472/2457 2478/2478/2463
f 2472/2472/2457 2473/2473/2458 2478/2478/2463
f 2475/2475/2460 2477/2477/2462 2448/2448/2433
f 2477/2477/2462 2473/2473/2458 2448/2448/2433
f 2475/2475/2460 2448/2448/2433 2479/2479/2464
f 2448/2448/2433 2451/2451/2436 2479/2479/2464
f 2460/2460/2445 2450/2450/2435 2461/2461/2446
f 2450/2450/2435 2472/2472/2457 2461/2461/2446
f 2220/2220/2205 4898/4898/4843 2455/2455/2440
f 4898/4898/4843 2481/2481/2466 2455/2455/2440
f 2493/2493/2476 2485/2485/2470 2494/2494/2477
f 2485/2485/2470 2484/2484/2469 2494/2494/2477
f 2480/2480/2465 2483/2483/2468 2463/2463/2448
f 2483/2483/2468 2464/2464/2449 2463/2463/2448
f 2482/2482/2467 2478/2478/2463 2491/2491/2474
f 2478/2478/2463 2477/2477/2462 2491/2491/2474
f 2491/2491/2474 2490/2490/2473 2495/2495/2478
f 2490/2490/2473 2563/2563/2544 2495/2495/2478
f 2506/2506/2487 2501/2501/2482 2505/2505/2486
f 4899/4899/4844 2479/2479/2464 2481/2481/2466
f 2503/2503/2484 2501/2501/2482 2516/2516/2497
f 2501/2501/2482 2506/2506/2487 2516/2516/2497
f 2504/2504/2485 2506/2506/2487 2257/2257/2242
f 2506/2506/2487 2254/2254/2239 2257/2257/2242
f 2516/2516/2497 2506/2506/2487 2507/2507/2488
f 2506/2506/2487 2504/2504/2485 2507/2507/2488
f 2503/2503/2484 2515/2515/2496 2511/2511/2492
f 4900/4900/4845 2563/2563/2544 2490/2490/2473
f 2510/2510/2491 2563/2563/2544 2508/2508/2489
f 4901/4901/4846 2515/2515/2496 2514/2514/2495
f 2519/2519/2500 2512/2512/2493 2518/2518/2499
f 2512/2512/2493 2514/2514/2495 2518/2518/2499
f 2518/2518/2499 2507/2507/2488 2268/2268/2253
f 2507/2507/2488 2262/2262/2247 2268/2268/2253
f 2521/2521/2502 2523/2523/2504 4902/4902/4847
f 2523/2523/2504 2533/2533/2514 4902/4902/4847
f 2521/2521/2502 4902/4902/4847 2522/2522/2503
f 4902/4902/4847 2486/2486/2471 2522/2522/2503
f 2249/2249/2234 2469/2469/2454 2276/2276/2261
f 2469/2469/2454 2529/2529/2510 2276/2276/2261
f 2543/2543/2524 2530/2530/2511 2531/2531/2512
f 2530/2530/2511 2529/2529/2510 2531/2531/2512
f 2545/2545/2526 2534/2534/2515 2525/2525/2506
f 2534/2534/2515 2523/2523/2504 2525/2525/2506
f 2528/2528/2509 2740/2740/2721 2536/2536/2517
f 2740/2740/2721 2538/2538/2519 2536/2536/2517
f 2539/2539/2520 4903/4903/4848 2537/2537/2518
f 4903/4903/4848 2536/2536/2517 2537/2537/2518
f 2283/2283/2268 2285/2285/2270 2542/2542/2523
f 2285/2285/2270 2530/2530/2511 2542/2542/2523
f 2541/2541/2522 2542/2542/2523 2602/2602/2583
f 4904/4904/4849 2539/2539/2520 2540/2540/2521
f 2549/2549/2530 2551/2551/2532 2485/2485/2470
f 2551/2551/2532 2522/2522/2503 2485/2485/2470
f 2553/2553/2534 2555/2555/2536 2493/2493/2476
f 2555/2555/2536 2549/2549/2530 2493/2493/2476
f 2553/2553/2534 2492/2492/2475 2554/2554/2535
f 2492/2492/2475 4905/4905/4850 2554/2554/2535
f 2740/2740/2721 2528/2528/2509 2556/2556/2537
f 2528/2528/2509 2548/2548/2529 2556/2556/2537
f 2561/2561/2542 2558/2558/2539 2562/2562/2543
f 2558/2558/2539 2559/2559/2540 2562/2562/2543
f 2566/2566/2547 2565/2565/2546 2510/2510/2491
f 2565/2565/2546 2564/2564/2545 2510/2510/2491
f 2572/2572/2553 2567/2567/2548 2568/2568/2549
f 2567/2567/2548 2566/2566/2547 2568/2568/2549
f 4906/4906/4851 2512/2512/2493 2581/2581/2562
f 2512/2512/2493 2570/2570/2551 2581/2581/2562
f 2267/2267/2252 2289/2289/2274 2519/2519/2500
f 2289/2289/2274 2570/2570/2551 2519/2519/2500
f 2560/2560/2541 2562/2562/2543 2573/2573/2554
f 2562/2562/2543 2565/2565/2546 2573/2573/2554
f 2574/2574/2555 2567/2567/2548 2575/2575/2556
f 2567/2567/2548 2572/2572/2553 2575/2575/2556
f 2575/2575/2556 2578/2578/2559 2577/2577/2558
f 2579/2579/2560 2588/2588/2569 2616/2616/2597
f 2586/2586/2567 2588/2588/2569 2584/2584/2565
f 2588/2588/2569 2587/2587/2568 2584/2584/2565
f 2583/2583/2564 2587/2587/2568 2581/2581/2562
f 2587/2587/2568 2579/2579/2560 2581/2581/2562
f 2296/2296/2281 2297/2297/2282 2583/2583/2564
f 2297/2297/2282 2590/2590/2571 2583/2583/2564
f 2299/2299/2284 2591/2591/2572 2590/2590/2571
f 2591/2591/2572 2584/2584/2565 2590/2590/2571
f 2596/2596/2577 2597/2597/2578 2537/2537/2518
f 2597/2597/2578 2540/2540/2521 2537/2537/2518
f 2598/2598/2579 4907/4907/4852 2597/2597/2578
f 2592/2592/2573 2594/2594/2575 2604/2604/2585
f 2595/2595/2576 2611/2611/2592 2596/2596/2577
f 2611/2611/2592 2598/2598/2579 2596/2596/2577
f 2283/2283/2268 2541/2541/2522 2308/2308/2293
f 2541/2541/2522 2600/2600/2581 2308/2308/2293
f 2599/2599/2580 2309/2309/2294 2594/2594/2575
f 2309/2309/2294 2600/2600/2581 2594/2594/2575
f 2592/2592/2573 2610/2610/2591 2605/2605/2586
f 2610/2610/2591 2606/2606/2587 2605/2605/2586
f 2607/2607/2588 2635/2635/2616 2605/2605/2586
f 2635/2635/2616 2608/2608/2589 2605/2605/2586
f 2614/2614/2595 2613/2613/2594 2635/2635/2616
f 2613/2613/2594 2608/2608/2589 2635/2635/2616
f 2309/2309/2294 2599/2599/2580 2314/2314/2299
f 2599/2599/2580 2613/2613/2594 2314/2314/2299
f 2585/2585/2566 2622/2622/2603 2586/2586/2567
f 2622/2622/2603 2618/2618/2599 2586/2586/2567
f 2622/2622/2603 2585/2585/2566 2621/2621/2602
f 2585/2585/2566 2619/2619/2600 2621/2621/2602
f 2624/2624/2605 2591/2591/2572 2328/2328/2313
f 2591/2591/2572 2324/2324/2309 2328/2328/2313
f 2625/2625/2606 2620/2620/2601 2624/2624/2605
f 2620/2620/2601 2619/2619/2600 2624/2624/2605
f 2628/2628/2609 2623/2623/2604 2626/2626/2607
f 2623/2623/2604 2621/2621/2602 2626/2626/2607
f 2630/2630/2611 2629/2629/2610 2620/2620/2601
f 2629/2629/2610 2626/2626/2607 2620/2620/2601
f 2633/2633/2614 2631/2631/2612 2632/2632/2613
f 2631/2631/2612 2630/2630/2611 2632/2632/2613
f 2625/2625/2606 2328/2328/2313 2632/2632/2613
f 2328/2328/2313 2333/2333/2318 2632/2632/2613
f 2634/2634/2615 2607/2607/2588 2638/2638/2619
f 2607/2607/2588 2636/2636/2617 2638/2638/2619
f 2639/2639/2620 2641/2641/2622 2634/2634/2615
f 2641/2641/2622 2640/2640/2621 2634/2634/2615
f 2345/2345/2330 2344/2344/2329 2640/2640/2621
f 2344/2344/2329 2614/2614/2595 2640/2640/2621
f 2647/2647/2628 2646/2646/2627 2643/2643/2624
f 2646/2646/2627 2644/2644/2625 2643/2643/2624
f 2639/2639/2620 2638/2638/2619 2644/2644/2625
f 2638/2638/2619 2642/2642/2623 2644/2644/2625
f 2345/2345/2330 2641/2641/2622 2355/2355/2340
f 2641/2641/2622 2649/2649/2630 2355/2355/2340
f 2352/2352/2337 2649/2649/2630 2650/2650/2631
f 2649/2649/2630 2646/2646/2627 2650/2650/2631
f 2651/2651/2632 2629/2629/2610 2654/2654/2635
f 2629/2629/2610 2631/2631/2612 2654/2654/2635
f 2652/2652/2633 2651/2651/2632 2664/2664/2645
f 2651/2651/2632 2653/2653/2634 2664/2664/2645
f 2656/2656/2637 2633/2633/2614 2385/2385/2370
f 2633/2633/2614 2380/2380/2365 2385/2385/2370
f 2657/2657/2638 2655/2655/2636 2656/2656/2637
f 2655/2655/2636 2654/2654/2635 2656/2656/2637
f 2663/2663/2644 2662/2662/2643 2665/2665/2646
f 2662/2662/2643 2880/2880/2859 2665/2665/2646
f 2659/2659/2640 2658/2658/2639 2655/2655/2636
f 2658/2658/2639 2653/2653/2634 2655/2655/2636
f 2390/2390/2375 2668/2668/2649 2669/2669/2650
f 2668/2668/2649 2663/2663/2644 2669/2669/2650
f 2670/2670/2651 2394/2394/2379 2669/2669/2650
f 2394/2394/2379 2393/2393/2378 2669/2669/2650
f 2672/2672/2653 2674/2674/2655 2647/2647/2628
f 2674/2674/2655 2673/2673/2654 2647/2647/2628
f 2677/2677/2658 2401/2401/2386 2650/2650/2631
f 2401/2401/2386 2397/2397/2382 2650/2650/2631
f 2678/2678/2659 2677/2677/2658 2675/2675/2656
f 2677/2677/2658 2673/2673/2654 2675/2675/2656
f 2680/2680/2661 2679/2679/2660 2676/2676/2657
f 2679/2679/2660 2674/2674/2655 2676/2676/2657
f 2679/2679/2660 2681/2681/2662 2682/2682/2663
f 2681/2681/2662 4908/4908/4853 2682/2682/2663
f 2675/2675/2656 2682/2682/2663 2678/2678/2659
f 2682/2682/2663 2683/2683/2664 2678/2678/2659
f 2685/2685/2666 2687/2687/2668 2688/2688/2669
f 2687/2687/2668 2689/2689/2670 2688/2688/2669
f 2405/2405/2390 2684/2684/2665 2692/2692/2673
f 2684/2684/2665 2689/2689/2670 2692/2692/2673
f 2693/2693/2674 2419/2419/2404 2692/2692/2673
f 2419/2419/2404 2418/2418/2403 2692/2692/2673
f 2694/2694/2675 2693/2693/2674 2691/2691/2672
f 2693/2693/2674 2687/2687/2668 2691/2691/2672
f 2704/2704/2685 2438/2438/2423 2694/2694/2675
f 2438/2438/2423 2420/2420/2405 2694/2694/2675
f 2696/2696/2677 2701/2701/2682 2697/2697/2678
f 2701/2701/2682 2702/2702/2683 2697/2697/2678
f 2703/2703/2684 2704/2704/2685 2697/2697/2678
f 2704/2704/2685 2698/2698/2679 2697/2697/2678
f 2705/2705/2686 2439/2439/2424 2703/2703/2684
f 2439/2439/2424 2437/2437/2422 2703/2703/2684
f 2705/2705/2686 2702/2702/2683 2440/2440/2425
f 2702/2702/2683 2706/2706/2687 2440/2440/2425
f 2709/2709/2690 2880/2880/2859 2708/2708/2689
f 2880/2880/2859 2662/2662/2643 2708/2708/2689
f 2718/2718/2699 2711/2711/2692 2707/2707/2688
f 2711/2711/2692 2708/2708/2689 2707/2707/2688
f 2718/2718/2699 2707/2707/2688 2714/2714/2695
f 2707/2707/2688 2713/2713/2694 2714/2714/2695
f 2443/2443/2428 2713/2713/2694 2442/2442/2427
f 2713/2713/2694 2668/2668/2649 2442/2442/2427
f 2711/2711/2692 2715/2715/2696 2719/2719/2700
f 2715/2715/2696 2717/2717/2698 2719/2719/2700
f 2718/2718/2699 2700/2700/2681 2715/2715/2696
f 2700/2700/2681 2699/2699/2680 2715/2715/2696
f 2718/2718/2699 2714/2714/2695 2700/2700/2681
f 2714/2714/2695 2706/2706/2687 2700/2700/2681
f 2686/2686/2667 2685/2685/2666 2726/2726/2707
f 2685/2685/2666 2724/2724/2705 2726/2726/2707
f 2727/2727/2708 2730/2730/2711 2729/2729/2710
f 2730/2730/2711 2733/2733/2714 2729/2729/2710
f 2727/2727/2708 2728/2728/2709 2686/2686/2667
f 2728/2728/2709 2691/2691/2672 2686/2686/2667
f 2728/2728/2709 2729/2729/2710 2698/2698/2679
f 2729/2729/2710 2695/2695/2676 2698/2698/2679
f 2696/2696/2677 2695/2695/2676 2734/2734/2715
f 2695/2695/2676 2732/2732/2713 2734/2734/2715
f 2735/2735/2716 2736/2736/2717 2737/2737/2718
f 2736/2736/2717 2739/2739/2720 2737/2737/2718
f 2735/2735/2716 2737/2737/2718 2701/2701/2682
f 2737/2737/2718 2699/2699/2680 2701/2701/2682
f 2750/2750/2731 2746/2746/2727 2751/2751/2732
f 2746/2746/2727 2748/2748/2729 2751/2751/2732
f 2743/2743/2724 2742/2742/2723 2751/2751/2732
f 2742/2742/2723 2749/2749/2730 2751/2751/2732
f 2752/2752/2733 2742/2742/2723 2741/2741/2722
f 2742/2742/2723 2745/2745/2726 2741/2741/2722
f 2753/2753/2734 2752/2752/2733 2558/2558/2539
f 2752/2752/2733 2556/2556/2537 2558/2558/2539
f 2753/2753/2734 2561/2561/2542 2749/2749/2730
f 2561/2561/2542 2754/2754/2735 2749/2749/2730
f 2757/2757/2738 2760/2760/2741 2755/2755/2736
f 2760/2760/2741 2758/2758/2739 2755/2755/2736
f 2759/2759/2740 2755/2755/2736 2750/2750/2731
f 2755/2755/2736 2746/2746/2727 2750/2750/2731
f 2757/2757/2738 2756/2756/2737 2764/2764/2745
f 2756/2756/2737 2803/2803/2782 2764/2764/2745
f 2560/2560/2541 2765/2765/2746 2754/2754/2735
f 2765/2765/2746 2759/2759/2740 2754/2754/2735
f 2766/2766/2747 2765/2765/2746 2574/2574/2555
f 2765/2765/2746 2573/2573/2554 2574/2574/2555
f 2767/2767/2748 2803/2803/2782 2766/2766/2747
f 2803/2803/2782 2756/2756/2737 2766/2766/2747
f 2769/2769/2750 2773/2773/2754 2983/2983/2956
f 2773/2773/2754 2790/2790/2771 2983/2983/2956
f 2983/2983/2956 2783/2783/2764 2769/2769/2750
f 2783/2783/2764 2770/2770/2751 2769/2769/2750
f 2768/2768/2749 2774/2774/2755 2771/2771/2752
f 2774/2774/2755 2775/2775/2756 2771/2771/2752
f 2741/2741/2722 2775/2775/2756 2538/2538/2519
f 2775/2775/2756 2595/2595/2576 2538/2538/2519
f 2776/2776/2757 2774/2774/2755 2772/2772/2753
f 2774/2774/2755 2768/2768/2749 2772/2772/2753
f 2780/2780/2761 2785/2785/2766 2781/2781/2762
f 2785/2785/2766 2833/2833/2812 2781/2781/2762
f 2778/2778/2759 2772/2772/2753 2779/2779/2760
f 2772/2772/2753 2770/2770/2751 2779/2779/2760
f 2606/2606/2587 2788/2788/2769 2787/2787/2768
f 2788/2788/2769 2780/2780/2761 2787/2787/2768
f 2776/2776/2757 2789/2789/2770 2611/2611/2592
f 2788/2788/2769 2610/2610/2591 4909/4909/4854
f 2771/2771/2752 2745/2745/2726 2773/2773/2754
f 2745/2745/2726 2744/2744/2725 2773/2773/2754
f 2795/2795/2774 2797/2797/2776 4910/4910/4855
f 2800/2800/2779 2791/2791/2772 2744/2744/2725
f 2764/2764/2745 2804/2804/2783 2763/2763/2744
f 2804/2804/2783 2802/2802/2781 2763/2763/2744
f 2577/2577/2558 4911/4911/4856 2767/2767/2748
f 2615/2615/2596 2814/2814/2793 4912/4912/4857
f 2808/2808/2787 2809/2809/2788 3020/3020/2993
f 2809/2809/2788 2820/2820/2799 3020/3020/2993
f 2812/2812/2791 2809/2809/2788 2810/2810/2789
f 2809/2809/2788 2807/2807/2786 2810/2810/2789
f 2815/2815/2794 2807/2807/2786 2814/2814/2793
f 2807/2807/2786 2806/2806/2785 2814/2814/2793
f 2813/2813/2792 2815/2815/2794 2618/2618/2599
f 2815/2815/2794 2615/2615/2596 2618/2618/2599
f 2816/2816/2795 2810/2810/2789 2623/2623/2604
f 2810/2810/2789 2813/2813/2792 2623/2623/2604
f 2817/2817/2796 2819/2819/2798 2812/2812/2791
f 2819/2819/2798 2821/2821/2800 2812/2812/2791
f 2818/2818/2797 2817/2817/2796 2824/2824/2803
f 2817/2817/2796 2822/2822/2801 2824/2824/2803
f 2823/2823/2802 2822/2822/2801 2628/2628/2609
f 2822/2822/2801 2816/2816/2795 2628/2628/2609
f 2829/2829/2808 2781/2781/2762 2832/2832/2811
f 2781/2781/2762 2830/2830/2809 2832/2832/2811
f 2834/2834/2813 2836/2836/2815 2829/2829/2808
f 2836/2836/2815 2835/2835/2814 2829/2829/2808
f 2637/2637/2618 2636/2636/2617 2835/2835/2814
f 2636/2636/2617 2787/2787/2768 2835/2835/2814
f 2825/2825/2804 2832/2832/2811 2826/2826/2805
f 2832/2832/2811 2831/2831/2810 2826/2826/2805
f 2834/2834/2813 2825/2825/2804 2837/2837/2816
f 2825/2825/2804 2828/2828/2807 2837/2837/2816
f 2840/2840/2819 2839/2839/2818 2838/2838/2817
f 2839/2839/2818 2837/2837/2816 2838/2838/2817
f 2637/2637/2618 2836/2836/2815 2642/2642/2623
f 2836/2836/2815 2839/2839/2818 2642/2642/2623
f 2841/2841/2820 2818/2818/2797 2844/2844/2823
f 2818/2818/2797 2842/2842/2821 2844/2844/2823
f 2846/2846/2825 2824/2824/2803 2652/2652/2633
f 2824/2824/2803 2823/2823/2802 2652/2652/2633
f 2847/2847/2826 2843/2843/2822 2846/2846/2825
f 2843/2843/2822 2842/2842/2821 2846/2846/2825
f 2850/2850/2829 2845/2845/2824 2848/2848/2827
f 2845/2845/2824 2844/2844/2823 2848/2848/2827
f 2852/2852/2831 2851/2851/2830 2843/2843/2822
f 2851/2851/2830 2848/2848/2827 2843/2843/2822
f 2855/2855/2834 2853/2853/2832 2854/2854/2833
f 2853/2853/2832 2852/2852/2831 2854/2854/2833
f 2847/2847/2826 2664/2664/2645 2854/2854/2833
f 2664/2664/2645 2658/2658/2639 2854/2854/2833
f 2859/2859/2838 2838/2838/2817 2857/2857/2836
f 2838/2838/2817 2828/2828/2807 2857/2857/2836
f 2857/2857/2836 2856/2856/2835 2858/2858/2837
f 2856/2856/2835 2869/2869/2848 2858/2858/2837
f 2860/2860/2839 2862/2862/2841 2858/2858/2837
f 2862/2862/2841 2859/2859/2838 2858/2858/2837
f 2643/2643/2624 2840/2840/2819 2672/2672/2653
f 2840/2840/2819 2864/2864/2843 2672/2672/2653
f 2865/2865/2844 2676/2676/2657 2862/2862/2841
f 2676/2676/2657 2864/2864/2843 2862/2862/2841
f 2868/2868/2847 2860/2860/2839 2866/2866/2845
f 2860/2860/2839 2870/2870/2849 2866/2866/2845
f 2867/2867/2846 2873/2873/2852 2868/2868/2847
f 2873/2873/2852 2871/2871/2850 2868/2868/2847
f 2872/2872/2851 2680/2680/2661 2871/2871/2850
f 2680/2680/2661 2865/2865/2844 2871/2871/2850
f 2874/2874/2853 2851/2851/2830 2877/2877/2856
f 2851/2851/2830 2853/2853/2832 2877/2877/2856
f 2875/2875/2854 2874/2874/2853 2891/2891/2870
f 2874/2874/2853 2876/2876/2855 2891/2891/2870
f 2881/2881/2860 2855/2855/2834 2882/2882/2861
f 2879/2879/2858 2709/2709/2690 2712/2712/2693
f 2883/2883/2862 2878/2878/2857 2881/2881/2860
f 2878/2878/2857 2877/2877/2856 2881/2881/2860
f 2889/2889/2868 2888/2888/2867 2885/2885/2864
f 2888/2888/2867 2886/2886/2865 2885/2885/2864
f 2894/2894/2873 2890/2890/2869 2878/2878/2857
f 2890/2890/2869 2876/2876/2855 2878/2878/2857
f 2717/2717/2698 2895/2895/2874 2896/2896/2875
f 2895/2895/2874 2889/2889/2868 2896/2896/2875
f 2897/2897/2876 2712/2712/2693 2896/2896/2875
f 2712/2712/2693 2719/2719/2700 2896/2896/2875
f 2902/2902/2881 2903/2903/2882 2867/2867/2846
f 2903/2903/2882 2873/2873/2852 2867/2867/2846
f 2898/2898/2877 3108/3108/3081 2902/2902/2881
f 3108/3108/3081 4913/4913/4858 2902/2902/2881
f 2681/2681/2662 2872/2872/2851 2720/2720/2701
f 2872/2872/2851 2905/2905/2884 2720/2720/2701
f 2912/2912/2891 2914/2914/2893 2911/2911/2890
f 2914/2914/2893 2909/2909/2888 2911/2911/2890
f 2917/2917/2896 2916/2916/2895 2909/2909/2888
f 2916/2916/2895 2910/2910/2889 2909/2909/2888
f 2915/2915/2894 2724/2724/2705 2917/2917/2896
f 2724/2724/2705 2725/2725/2706 2917/2917/2896
f 2921/2921/2898 2730/2730/2711 2915/2915/2894
f 4914/4914/4859 4915/4915/4859 4916/4916/4859
f 2914/2914/2893 2913/2913/2892 2921/2921/2898
f 2913/2913/2892 2923/2923/2900 2921/2921/2898
f 2908/2908/2887 2927/2927/2902 2901/2901/2880
f 2927/2927/2902 2911/2911/2890 2901/2901/2880
f 2928/2928/2903 2930/2930/2905 2912/2912/2891
f 2930/2930/2905 2913/2913/2892 2912/2912/2891
f 2929/2929/2904 2946/2946/2919 2930/2930/2905
f 2946/2946/2919 2932/2932/2907 2930/2930/2905
f 2934/2934/2909 2933/2933/2908 2923/2923/2900
f 2933/2933/2908 2938/2938/2913 2923/2923/2900
f 2937/2937/2912 2732/2732/2713 2938/2938/2913
f 2732/2732/2713 2733/2733/2714 2938/2938/2913
f 2942/2942/2915 2736/2736/2717 2937/2937/2912
f 2736/2736/2717 2734/2734/2715 2937/2937/2912
f 2933/2933/2908 2936/2936/2911 2942/2942/2915
f 2936/2936/2911 2944/2944/2917 2942/2942/2915
f 2934/2934/2909 2932/2932/2907 2935/2935/2910
f 2932/2932/2907 2945/2945/2918 2935/2935/2910
f 2947/2947/2920 2949/2949/2922 2935/2935/2910
f 2949/2949/2922 2936/2936/2911 2935/2935/2910
f 2948/2948/2921 3148/3148/3121 2949/2949/2922
f 3148/3148/3121 2951/2951/2924 2949/2949/2922
f 2952/2952/2925 2955/2955/2928 2888/2888/2867
f 2955/2955/2928 2954/2954/2927 2888/2888/2867
f 2895/2895/2874 2739/2739/2720 2887/2887/2866
f 2739/2739/2720 2943/2943/2916 2887/2887/2866
f 2943/2943/2916 2944/2944/2917 2887/2887/2866
f 2944/2944/2917 2952/2952/2925 2887/2887/2866
f 2951/2951/2924 3148/3148/3121 2955/2955/2928
f 3148/3148/3121 2953/2953/2926 2955/2955/2928
f 2958/2958/2931 2957/2957/2930 2963/2963/2936
f 2957/2957/2930 2964/2964/2937 2963/2963/2936
f 2966/2966/2939 2967/2967/2940 2957/2957/2930
f 2967/2967/2940 2964/2964/2937 2957/2957/2930
f 2967/2967/2940 2748/2748/2729 2968/2968/2941
f 2748/2748/2729 2747/2747/2728 2968/2968/2941
f 2971/2971/2944 2962/2962/2935 2969/2969/2942
f 2962/2962/2935 2972/2972/2945 2969/2969/2942
f 2747/2747/2728 2974/2974/2947 2968/2968/2941
f 2974/2974/2947 2972/2972/2945 2968/2968/2941
f 2975/2975/2948 2974/2974/2947 2760/2760/2741
f 2974/2974/2947 2758/2758/2739 2760/2760/2741
f 2976/2976/2949 2973/2973/2946 2975/2975/2948
f 2973/2973/2946 2969/2969/2942 2975/2975/2948
f 2978/2978/2951 2982/2982/2955 3185/3185/3158
f 2982/2982/2955 2998/2998/2971 3185/3185/3158
f 3185/3185/3158 2993/2993/2966 2978/2978/2951
f 2993/2993/2966 2979/2979/2952 2978/2978/2951
f 2977/2977/2950 2984/2984/2957 2980/2980/2953
f 2984/2984/2957 2985/2985/2958 2980/2980/2953
f 2986/2986/2959 2984/2984/2957 2981/2981/2954
f 2984/2984/2957 2977/2977/2950 2981/2981/2954
f 2995/2995/2968 2988/2988/2961 4917/4917/4860
f 2988/2988/2961 2987/2987/2960 4917/4917/4860
f 2988/2988/2961 2981/2981/2954 2989/2989/2962
f 2981/2981/2954 2979/2979/2952 2989/2989/2962
f 2777/2777/2758 2997/2997/2970 4918/4918/4861
f 2997/2997/2970 2995/2995/2968 4918/4918/4861
f 2986/2986/2959 2997/2997/2970 2783/2783/2764
f 2997/2997/2970 2779/2779/2760 2783/2783/2764
f 2980/2980/2953 2960/2960/2933 2982/2982/2955
f 2960/2960/2933 2959/2959/2932 2982/2982/2955
f 2958/2958/2931 3001/3001/2974 2959/2959/2932
f 3001/3001/2974 2999/2999/2972 2959/2959/2932
f 3000/3000/2973 3003/3003/2976 3002/3002/2975
f 3003/3003/2976 3004/3004/2977 3002/3002/2975
f 3000/3000/2973 2963/2963/2936 3003/3003/2976
f 2963/2963/2936 2962/2962/2935 3003/3003/2976
f 2965/2965/2938 2791/2791/2772 2966/2966/2939
f 2791/2791/2772 2800/2800/2779 2966/2966/2939
f 2965/2965/2938 2960/2960/2933 2790/2790/2771
f 2960/2960/2933 2985/2985/2958 2790/2790/2771
f 2970/2970/2943 3007/3007/2980 2971/2971/2944
f 3007/3007/2980 3005/3005/2978 2971/2971/2944
f 3006/3006/2979 3008/3008/2981 3010/3010/2983
f 3008/3008/2981 3216/3216/3189 3010/3010/2983
f 3006/3006/2979 2970/2970/2943 3009/3009/2982
f 2970/2970/2943 2973/2973/2946 3009/3009/2982
f 2763/2763/2744 2801/2801/2780 2976/2976/2949
f 2801/2801/2780 3011/3011/2984 2976/2976/2949
f 3013/3013/2986 3015/3015/2988 3228/3228/3201
f 3015/3015/2988 3027/3027/3000 3228/3228/3201
f 3018/3018/2991 3015/3015/2988 3016/3016/2989
f 3015/3015/2988 3014/3014/2987 3016/3016/2989
f 3021/3021/2994 3014/3014/2987 3019/3019/2992
f 3012/3012/2985 3009/3009/2982 3011/3011/2984
f 3016/3016/2989 3021/3021/2994 3022/3022/2995
f 3021/3021/2994 2820/2820/2799 3022/3022/2995
f 3024/3024/2997 3026/3026/2999 3018/3018/2991
f 3026/3026/2999 3028/3028/3001 3018/3018/2991
f 3025/3025/2998 3024/3024/2997 3048/3048/3021
f 3024/3024/2997 3029/3029/3002 3048/3048/3021
f 2819/2819/2798 3030/3030/3003 2821/2821/2800
f 3030/3030/3003 3022/3022/2995 2821/2821/2800
f 3031/3031/3004 3048/3048/3021 3030/3030/3003
f 3048/3048/3021 3029/3029/3002 3030/3030/3003
f 3037/3037/3010 2991/2991/2964 3040/3040/3013
f 2991/2991/2964 3038/3038/3011 3040/3040/3013
f 3042/3042/3015 3044/3044/3017 3037/3037/3010
f 3044/3044/3017 3043/3043/3016 3037/3037/3010
f 2831/2831/2810 2830/2830/2809 3043/3043/3016
f 2830/2830/2809 2996/2996/2969 3043/3043/3016
f 3032/3032/3005 3040/3040/3013 3033/3033/3006
f 3040/3040/3013 3039/3039/3012 3033/3033/3006
f 3042/3042/3015 3032/3032/3005 3045/3045/3018
f 3032/3032/3005 3035/3035/3008 3045/3045/3018
f 2826/2826/2805 3044/3044/3017 3036/3036/3009
f 3044/3044/3017 3045/3045/3018 3036/3036/3009
f 3047/3047/3020 3025/3025/2998 3051/3051/3024
f 3025/3025/2998 3049/3049/3022 3051/3051/3024
f 3053/3053/3026 3031/3031/3004 2845/2845/2824
f 3031/3031/3004 2841/2841/2820 2845/2845/2824
f 3054/3054/3027 3050/3050/3023 3053/3053/3026
f 3050/3050/3023 3049/3049/3022 3053/3053/3026
f 3057/3057/3030 3052/3052/3025 3055/3055/3028
f 3052/3052/3025 3051/3051/3024 3055/3055/3028
f 3059/3059/3032 3058/3058/3031 3050/3050/3023
f 3058/3058/3031 3055/3055/3028 3050/3050/3023
f 3061/3061/3034 3059/3059/3032 2850/2850/2829
f 3059/3059/3032 3054/3054/3027 2850/2850/2829
f 3063/3063/3036 3062/3062/3035 3064/3064/3037
f 3062/3062/3035 3034/3034/3007 3064/3064/3037
f 3066/3066/3039 3069/3069/3042 3063/3063/3036
f 3069/3069/3042 3068/3068/3041 3063/3063/3036
f 3071/3071/3044 3046/3046/3019 3062/3062/3035
f 3046/3046/3019 3035/3035/3008 3062/3062/3035
f 3036/3036/3009 3046/3046/3019 2856/2856/2835
f 3046/3046/3019 3073/3073/3046 2856/2856/2835
f 3072/3072/3045 3074/3074/3047 3071/3071/3044
f 3074/3074/3047 3073/3073/3046 3071/3071/3044
f 3072/3072/3045 3068/3068/3041 3075/3075/3048
f 3068/3068/3041 3067/3067/3040 3075/3075/3048
f 3078/3078/3051 3077/3077/3050 3076/3076/3049
f 3077/3077/3050 3075/3075/3048 3076/3076/3049
f 2869/2869/2848 3074/3074/3047 2870/2870/2849
f 3074/3074/3047 3077/3077/3050 2870/2870/2849
f 3079/3079/3052 3058/3058/3031 3082/3082/3055
f 3058/3058/3031 3060/3060/3033 3082/3082/3055
f 3080/3080/3053 3079/3079/3052 3093/3093/3066
f 3079/3079/3052 3081/3081/3054 3093/3093/3066
f 3084/3084/3057 3060/3060/3033 2875/2875/2854
f 3060/3060/3033 3061/3061/3034 2875/2875/2854
f 3098/3098/3071 3095/3095/3068 4919/4919/4862
f 3083/3083/3056 3082/3082/3055 3084/3084/3057
f 3091/3091/3064 3090/3090/3063 3087/3087/3060
f 3090/3090/3063 3088/3088/3061 3087/3087/3060
f 3087/3087/3060 3086/3086/3059 3095/3095/3068
f 3086/3086/3059 4920/4920/4863 3095/3095/3068
f 2886/2886/2865 3096/3096/3069 3097/3097/3070
f 3096/3096/3069 3091/3091/3064 3097/3097/3070
f 3098/3098/3071 4921/4921/4864 3097/3097/3070
f 2891/2891/2870 2890/2890/2869 4922/4922/4865
f 3102/3102/3075 3076/3076/3049 3100/3100/3073
f 3076/3076/3049 3067/3067/3040 3100/3100/3073
f 3100/3100/3073 3099/3099/3072 3101/3101/3074
f 3099/3099/3072 3110/3110/3083 3101/3101/3074
f 3103/3103/3076 3105/3105/3078 3101/3101/3074
f 3105/3105/3078 3102/3102/3075 3101/3101/3074
f 2866/2866/2845 3078/3078/3051 2898/2898/2877
f 3078/3078/3051 3107/3107/3080 2898/2898/2877
f 3109/3109/3082 3108/3108/3081 3105/3105/3078
f 3108/3108/3081 3107/3107/3080 3105/3105/3078
f 3113/3113/3086 3115/3115/3088 4923/4923/4866
f 4924/4924/4867 3104/3104/3077 3103/3103/3076
f 3114/3114/3087 3123/3123/3096 3115/3115/3088
f 3123/3123/3096 3117/3117/3090 3115/3115/3088
f 3118/3118/3091 3116/3116/3089 3121/3121/3094
f 3116/3116/3089 3120/3120/3093 3121/3121/3094
f 3157/3157/3130 3127/3127/3100 3124/3124/3097
f 3127/3127/3100 3125/3125/3098 3124/3124/3097
f 3126/3126/3099 3116/3116/3089 3125/3125/3098
f 3116/3116/3089 3117/3117/3090 3125/3125/3098
f 3157/3157/3130 3130/3130/3103 3127/3127/3100
f 3130/3130/3103 3131/3131/3104 3127/3127/3100
f 2908/2908/2887 3120/3120/3093 3132/3132/3105
f 3120/3120/3093 3126/3126/3099 3132/3132/3105
f 3133/3133/3106 2928/2928/2903 3132/3132/3105
f 2928/2928/2903 2927/2927/2902 3132/3132/3105
f 3133/3133/3106 3131/3131/3104 2929/2929/2904
f 3131/3131/3104 3134/3134/3107 2929/2929/2904
f 3144/3144/3117 3161/3161/3134 3136/3136/3109
f 3161/3161/3134 3137/3137/3110 3136/3136/3109
f 3161/3161/3134 3144/3144/3117 3128/3128/3101
f 3144/3144/3117 3138/3138/3111 3128/3128/3101
f 3140/3140/3113 3348/3348/3321 3139/3139/3112
f 3348/3348/3321 3142/3142/3115 3139/3139/3112
f 3136/3136/3109 3139/3139/3112 3143/3143/3116
f 3139/3139/3112 3141/3141/3114 3143/3143/3116
f 2946/2946/2919 3134/3134/3107 3145/3145/3118
f 3134/3134/3107 3138/3138/3111 3145/3145/3118
f 3146/3146/3119 2947/2947/2920 3145/3145/3118
f 2947/2947/2920 2945/2945/2918 3145/3145/3118
f 3146/3146/3119 3143/3143/3116 2948/2948/2921
f 3143/3143/3116 3147/3147/3120 2948/2948/2921
f 3149/3149/3122 3152/3152/3125 3090/3090/3063
f 3152/3152/3125 3151/3151/3124 3090/3090/3063
f 3153/3153/3126 3149/3149/3122 3155/3155/3128
f 3149/3149/3122 3154/3154/3127 3155/3155/3128
f 2953/2953/2926 3154/3154/3127 2954/2954/2927
f 3154/3154/3127 3096/3096/3069 2954/2954/2927
f 3142/3142/3115 3348/3348/3321 3152/3152/3125
f 3348/3348/3321 3150/3150/3123 3152/3152/3125
f 3153/3153/3126 3155/3155/3128 3141/3141/3114
f 3155/3155/3128 3147/3147/3120 3141/3141/3114
f 3158/3158/3131 3159/3159/3132 3160/3160/3133
f 3159/3159/3132 3163/3163/3136 3160/3160/3133
f 3158/3158/3131 3160/3160/3133 3130/3130/3103
f 3160/3160/3133 3128/3128/3101 3130/3130/3103
f 3181/3181/3154 3186/3186/3159 3183/3183/3156
f 3186/3186/3159 3187/3187/3160 3183/3183/3156
f 3188/3188/3161 3186/3186/3159 3184/3184/3157
f 3186/3186/3159 3181/3181/3154 3184/3184/3157
f 3192/3192/3165 3190/3190/3163 3193/3193/3166
f 3190/3190/3163 3189/3189/3162 3193/3193/3166
f 3190/3190/3163 3184/3184/3157 3191/3191/3164
f 3184/3184/3157 3182/3182/3155 3191/3191/3164
f 3196/3196/3169 3191/3191/3164 3178/3178/3151
f 3191/3191/3164 3182/3182/3155 3178/3178/3151
f 2987/2987/2960 3199/3199/3172 3198/3198/3171
f 3199/3199/3172 3192/3192/3165 3198/3198/3171
f 3188/3188/3161 3199/3199/3172 2993/2993/2966
f 3199/3199/3172 2989/2989/2962 2993/2993/2966
f 3183/3183/3156 3167/3167/3140 3180/3180/3153
f 3167/3167/3140 3166/3166/3139 3180/3180/3153
f 3180/3180/3153 3200/3200/3173 3178/3178/3151
f 3200/3200/3173 3207/3207/3180 3178/3178/3151
f 3165/3165/3138 3202/3202/3175 3166/3166/3139
f 3202/3202/3175 3200/3200/3173 3166/3166/3139
f 3201/3201/3174 3203/3203/3176 3205/3205/3178
f 3203/3203/3176 3208/3208/3181 3205/3205/3178
f 3201/3201/3174 3165/3165/3138 3204/3204/3177
f 3165/3165/3138 3168/3168/3141 3204/3204/3177
f 3169/3169/3142 2999/2999/2972 3170/3170/3143
f 2999/2999/2972 3001/3001/2974 3170/3170/3143
f 3169/3169/3142 3167/3167/3140 2998/2998/2971
f 3167/3167/3140 3187/3187/3160 2998/2998/2971
f 3206/3206/3179 3168/3168/3141 3002/3002/2975
f 3168/3168/3141 3170/3170/3143 3002/3002/2975
f 3204/3204/3177 3174/3174/3147 3203/3203/3176
f 3174/3174/3147 3173/3173/3146 3203/3203/3176
f 3172/3172/3145 3213/3213/3186 3173/3173/3146
f 3213/3213/3186 3209/3209/3182 3173/3173/3146
f 3211/3211/3184 3172/3172/3145 3214/3214/3187
f 3172/3172/3145 3175/3175/3148 3214/3214/3187
f 3213/3213/3186 3211/3211/3184 3218/3218/3191
f 3211/3211/3184 3210/3210/3183 3218/3218/3191
f 3176/3176/3149 3005/3005/2978 3177/3177/3150
f 3005/3005/2978 3007/3007/2980 3177/3177/3150
f 3176/3176/3149 3174/3174/3147 3004/3004/2977
f 3174/3174/3147 3206/3206/3179 3004/3004/2977
f 3215/3215/3188 3175/3175/3148 3010/3010/2983
f 3175/3175/3148 3177/3177/3150 3010/3010/2983
f 3229/3229/3202 3223/3223/3196 3227/3227/3200
f 4925/4925/4868 3214/3214/3187 3215/3215/3188
f 3226/3226/3199 3223/3223/3196 3230/3230/3203
f 3223/3223/3196 3229/3229/3202 3230/3230/3203
f 3237/3237/3210 3233/3233/3206 3235/3235/3208
f 3233/3233/3206 3232/3232/3205 3235/3235/3208
f 3219/3219/3192 3221/3221/3194 3231/3231/3204
f 3221/3221/3194 3225/3225/3198 3231/3231/3204
f 3226/3226/3199 3232/3232/3205 3225/3225/3198
f 3232/3232/3205 3231/3231/3204 3225/3225/3198
f 3027/3027/3000 3028/3028/3001 3230/3230/3203
f 3028/3028/3001 3238/3238/3211 3230/3230/3203
f 3026/3026/2999 3239/3239/3212 3238/3238/3211
f 3239/3239/3212 3235/3235/3208 3238/3238/3211
f 3246/3246/3219 3240/3240/3213 3244/3244/3217
f 3240/3240/3213 3242/3242/3215 3244/3244/3217
f 3247/3247/3220 3034/3034/3007 3248/3248/3221
f 3034/3034/3007 3033/3033/3006 3248/3248/3221
f 3250/3250/3223 3249/3249/3222 3254/3254/3227
f 3249/3249/3222 3252/3252/3225 3254/3254/3227
f 3256/3256/3229 3259/3259/3232 3250/3250/3223
f 3259/3259/3232 3258/3258/3231 3250/3250/3223
f 3039/3039/3012 3038/3038/3011 3258/3258/3231
f 3038/3038/3011 3257/3257/3230 3258/3258/3231
f 3240/3240/3213 3254/3254/3227 3241/3241/3214
f 3254/3254/3227 3253/3253/3226 3241/3241/3214
f 3256/3256/3229 3246/3246/3219 3259/3259/3232
f 3246/3246/3219 3248/3248/3221 3259/3259/3232
f 3260/3260/3233 3237/3237/3210 3263/3263/3236
f 3237/3237/3210 3261/3261/3234 3263/3263/3236
f 3265/3265/3238 3239/3239/3212 3052/3052/3025
f 3239/3239/3212 3047/3047/3020 3052/3052/3025
f 3266/3266/3239 3262/3262/3235 3265/3265/3238
f 3262/3262/3235 3261/3261/3234 3265/3265/3238
f 3269/3269/3242 3264/3264/3237 3267/3267/3240
f 3264/3264/3237 3263/3263/3236 3267/3267/3240
f 3271/3271/3244 3270/3270/3243 3262/3262/3235
f 3270/3270/3243 3267/3267/3240 3262/3262/3235
f 3273/3273/3246 3271/3271/3244 3057/3057/3030
f 3271/3271/3244 3266/3266/3239 3057/3057/3030
f 3275/3275/3248 3276/3276/3249 3244/3244/3217
f 3276/3276/3249 3245/3245/3218 3244/3244/3217
f 3274/3274/3247 3498/3498/3471 3275/3275/3248
f 3498/3498/3471 3277/3277/3250 3275/3275/3248
f 3279/3279/3252 3064/3064/3037 3245/3245/3218
f 3064/3064/3037 3247/3247/3220 3245/3245/3218
f 3280/3280/3253 3279/3279/3252 3278/3278/3251
f 3279/3279/3252 3276/3276/3249 3278/3278/3251
f 3282/3282/3255 3281/3281/3254 3498/3498/3471
f 3281/3281/3254 3277/3277/3250 3498/3498/3471
f 3281/3281/3254 3283/3283/3256 3284/3284/3257
f 3283/3283/3256 3286/3286/3259 3284/3284/3257
f 3278/3278/3251 3284/3284/3257 3280/3280/3253
f 3284/3284/3257 3285/3285/3258 3280/3280/3253
f 3289/3289/3262 3069/3069/3042 3285/3285/3258
f 3069/3069/3042 3066/3066/3039 3285/3285/3258
f 3290/3290/3263 3270/3270/3243 3293/3293/3266
f 3270/3270/3243 3272/3272/3245 3293/3293/3266
f 3291/3291/3264 3290/3290/3263 3513/3513/3486
f 3290/3290/3263 3292/3292/3265 3513/3513/3486
f 3295/3295/3268 3272/3272/3245 3080/3080/3053
f 3272/3272/3245 3273/3273/3246 3080/3080/3053
f 3296/3296/3269 3294/3294/3267 3295/3295/3268
f 3294/3294/3267 3293/3293/3266 3295/3295/3268
f 3299/3299/3272 3513/3513/3486 3297/3297/3270
f 3513/3513/3486 3292/3292/3265 3297/3297/3270
f 3301/3301/3274 3300/3300/3273 3294/3294/3267
f 3300/3300/3273 3297/3297/3270 3294/3294/3267
f 3304/3304/3277 3360/3360/3333 3303/3303/3276
f 3302/3302/3275 3301/3301/3274 3305/3305/3278
f 3296/3296/3269 3093/3093/3066 3305/3305/3278
f 3093/3093/3066 3092/3092/3065 3305/3305/3278
f 3307/3307/3280 3306/3306/3279 3308/3308/3281
f 3306/3306/3279 3283/3283/3256 3308/3308/3281
f 3313/3313/3286 3288/3288/3261 3306/3306/3279
f 3288/3288/3261 3286/3286/3259 3306/3306/3279
f 3289/3289/3262 3288/3288/3261 3099/3099/3072
f 3288/3288/3261 3315/3315/3288 3099/3099/3072
f 3314/3314/3287 3316/3316/3289 3313/3313/3286
f 3316/3316/3289 3315/3315/3288 3313/3313/3286
f 3367/3367/3340 3321/3321/3294 3318/3318/3291
f 3321/3321/3294 3319/3319/3292 3318/3318/3291
f 3311/3311/3284 3317/3317/3290 3307/3307/3280
f 3317/3317/3290 3312/3312/3285 3307/3307/3280
f 3314/3314/3287 3312/3312/3285 3319/3319/3292
f 3312/3312/3285 3317/3317/3290 3319/3319/3292
f 3110/3110/3083 3316/3316/3289 3111/3111/3084
f 3316/3316/3289 3325/3325/3298 3111/3111/3084
f 3326/3326/3299 3112/3112/3085 3325/3325/3298
f 3112/3112/3085 3111/3111/3084 3325/3325/3298
f 3328/3328/3301 3327/3327/3300 3324/3324/3297
f 3327/3327/3300 3322/3322/3295 3324/3324/3297
f 3335/3335/3308 3123/3123/3096 3328/3328/3301
f 3123/3123/3096 3114/3114/3087 3328/3328/3301
f 3334/3334/3307 3335/3335/3308 3331/3331/3304
f 3335/3335/3308 3332/3332/3305 3331/3331/3304
f 3124/3124/3097 3334/3334/3307 3336/3336/3309
f 3334/3334/3307 3331/3331/3304 3336/3336/3309
f 3338/3338/3311 3343/3343/3316 3339/3339/3312
f 3343/3343/3316 3344/3344/3317 3339/3339/3312
f 3137/3137/3110 3345/3345/3318 3346/3346/3319
f 3345/3345/3318 3339/3339/3312 3346/3346/3319
f 3346/3346/3319 3344/3344/3317 3140/3140/3113
f 3344/3344/3317 3347/3347/3320 3140/3140/3113
f 3355/3355/3328 4926/4926/4869 3356/3356/3329
f 4926/4926/4869 3360/3360/3333 3356/3356/3329
f 3354/3354/3327 3356/3356/3329 3351/3351/3324
f 3356/3356/3329 3349/3349/3322 3351/3351/3324
f 3353/3353/3326 3352/3352/3325 3545/3545/3518
f 3355/3355/3328 3354/3354/3327 3365/3365/3338
f 3088/3088/3061 3151/3151/3124 3304/3304/3277
f 3151/3151/3124 3358/3358/3331 3304/3304/3277
f 3357/3357/3330 3349/3349/3322 3150/3150/3123
f 3349/3349/3322 3358/3358/3331 3150/3150/3123
f 3351/3351/3324 3361/3361/3334 3364/3364/3337
f 3361/3361/3334 3363/3363/3336 3364/3364/3337
f 3350/3350/3323 3342/3342/3315 3361/3361/3334
f 3342/3342/3315 3341/3341/3314 3361/3361/3334
f 3350/3350/3323 3357/3357/3330 3342/3342/3315
f 3357/3357/3330 3347/3347/3320 3342/3342/3315
f 3369/3369/3342 3372/3372/3345 3323/3323/3296
f 3372/3372/3345 3324/3324/3297 3323/3323/3296
f 3371/3371/3344 3374/3374/3347 3369/3369/3342
f 3374/3374/3347 3370/3370/3343 3369/3369/3342
f 3372/3372/3345 3368/3368/3341 3332/3332/3305
f 3368/3368/3341 3329/3329/3302 3332/3332/3305
f 3378/3378/3351 3329/3329/3302 3377/3377/3350
f 3329/3329/3302 3368/3368/3341 3377/3377/3350
f 3381/3381/3354 3330/3330/3303 3383/3383/3356
f 3330/3330/3303 3378/3378/3351 3383/3383/3356
f 3381/3381/3354 3384/3384/3357 3330/3330/3303
f 3384/3384/3357 3333/3333/3306 3330/3330/3303
f 3385/3385/3358 3159/3159/3132 3333/3333/3306
f 3159/3159/3132 3336/3336/3309 3333/3333/3306
f 3376/3376/3349 3386/3386/3359 3370/3370/3343
f 3386/3386/3359 3377/3377/3350 3370/3370/3343
f 3388/3388/3361 3382/3382/3355 3387/3387/3360
f 3382/3382/3355 3383/3383/3356 3387/3387/3360
f 3384/3384/3357 3380/3380/3353 3340/3340/3313
f 3380/3380/3353 3337/3337/3310 3340/3340/3313
f 3380/3380/3353 3382/3382/3355 3390/3390/3363
f 3382/3382/3355 3394/3394/3367 3390/3390/3363
f 3338/3338/3311 3337/3337/3310 3391/3391/3364
f 3337/3337/3310 3390/3390/3363 3391/3391/3364
f 3392/3392/3365 3393/3393/3366 3395/3395/3368
f 3393/3393/3366 3397/3397/3370 3395/3395/3368
f 3392/3392/3365 3395/3395/3368 3343/3343/3316
f 3395/3395/3368 3341/3341/3314 3343/3343/3316
f 3345/3345/3318 3163/3163/3136 3340/3340/3313
f 3163/3163/3136 3385/3385/3358 3340/3340/3313
f 3401/3401/3374 3399/3399/3372 3402/3402/3375
f 3399/3399/3372 3398/3398/3371 3402/3402/3375
f 3405/3405/3378 3404/3404/3377 3424/3424/3397
f 3404/3404/3377 3406/3406/3379 3424/3424/3397
f 3399/3399/3372 3408/3408/3381 3404/3404/3377
f 3408/3408/3381 3407/3407/3380 3404/3404/3377
f 3189/3189/3162 3410/3410/3383 3409/3409/3382
f 3410/3410/3383 3401/3401/3374 3409/3409/3382
f 3410/3410/3383 3196/3196/3169 3408/3408/3381
f 3196/3196/3169 3411/3411/3384 3408/3408/3381
f 3416/3416/3389 3419/3419/3392 3648/3648/3621
f 3419/3419/3392 3652/3652/3625 3648/3648/3621
f 3417/3417/3390 3412/3412/3385 3415/3415/3388
f 3412/3412/3385 3414/3414/3387 3415/3415/3388
f 3648/3648/3621 3427/3427/3400 3416/3416/3389
f 3427/3427/3400 3417/3417/3390 3416/3416/3389
f 3421/3421/3394 3207/3207/3180 3414/3414/3387
f 3207/3207/3180 3420/3420/3393 3414/3414/3387
f 3423/3423/3396 3420/3420/3393 3205/3205/3178
f 3420/3420/3393 3202/3202/3175 3205/3205/3178
f 3415/3415/3388 3423/3423/3396 3418/3418/3391
f 3423/3423/3396 3422/3422/3395 3418/3418/3391
f 3413/3413/3386 3412/3412/3385 3406/3406/3379
f 3412/3412/3385 3425/3425/3398 3406/3406/3379
f 3413/3413/3386 3407/3407/3380 3421/3421/3394
f 3407/3407/3380 3411/3411/3384 3421/3421/3394
f 3419/3419/3392 3429/3429/3402 3652/3652/3625
f 3429/3429/3402 3436/3436/3409 3652/3652/3625
f 3432/3432/3405 3429/3429/3402 3430/3430/3403
f 3429/3429/3402 3428/3428/3401 3430/3430/3403
f 3434/3434/3407 3428/3428/3401 3422/3422/3395
f 3428/3428/3401 3418/3418/3391 3422/3422/3395
f 3433/3433/3406 3434/3434/3407 3209/3209/3182
f 3434/3434/3407 3208/3208/3181 3209/3209/3182
f 3435/3435/3408 3430/3430/3403 3218/3218/3191
f 3430/3430/3403 3433/3433/3406 3218/3218/3191
f 3438/3438/3411 3432/3432/3405 3439/3439/3412
f 3432/3432/3405 3431/3431/3404 3439/3439/3412
f 3443/3443/3416 3444/3444/3417 3441/3441/3414
f 3444/3444/3417 3449/3449/3422 3441/3441/3414
f 3431/3431/3404 3435/3435/3408 4927/4927/4870
f 3447/3447/3420 3446/3446/3419 3444/3444/3417
f 3452/3452/3425 3450/3450/3423 3451/3451/3424
f 3450/3450/3423 3448/3448/3421 3451/3451/3424
f 3219/3219/3192 3451/3451/3424 3446/3446/3419
f 3451/3451/3424 3448/3448/3421 3446/3446/3419
f 3459/3459/3432 3453/3453/3426 3457/3457/3430
f 3453/3453/3426 3455/3455/3428 3457/3457/3430
f 3460/3460/3433 3242/3242/3215 3461/3461/3434
f 3242/3242/3215 3241/3241/3214 3461/3461/3434
f 3462/3462/3435 3402/3402/3375 3465/3465/3438
f 3402/3402/3375 3463/3463/3436 3465/3465/3438
f 3470/3470/3443 3469/3469/3442 4928/4928/4871
f 3469/3469/3442 3468/3468/3441 4928/4928/4871
f 3253/3253/3226 3252/3252/3225 3468/3468/3441
f 3255/3255/3228 3409/3409/3382 3467/3467/3440
f 4929/4929/4872 3465/3465/3438 3697/3697/3670
f 3465/3465/3438 3464/3464/3437 3697/3697/3670
f 3470/3470/3443 3459/3459/3432 3469/3469/3442
f 3459/3459/3432 3461/3461/3434 3469/3469/3442
f 3477/3477/3450 3473/3473/3446 3450/3450/3423
f 3473/3473/3446 3449/3449/3422 3450/3450/3423
f 3477/3477/3450 3476/3476/3449 3473/3473/3446
f 3476/3476/3449 3474/3474/3447 3473/3473/3446
f 3484/3484/3457 3479/3479/3452 3478/3478/3451
f 3479/3479/3452 3476/3476/3449 3478/3478/3451
f 3233/3233/3206 3260/3260/3233 3452/3452/3425
f 3260/3260/3233 3482/3482/3455 3452/3452/3425
f 3483/3483/3456 3478/3478/3451 3264/3264/3237
f 3478/3478/3451 3482/3482/3455 3264/3264/3237
f 3487/3487/3460 3480/3480/3453 3485/3485/3458
f 3480/3480/3453 3479/3479/3452 3485/3485/3458
f 3489/3489/3462 3488/3488/3461 3484/3484/3457
f 3488/3488/3461 3485/3485/3458 3484/3484/3457
f 3491/3491/3464 3489/3489/3462 3269/3269/3242
f 3489/3489/3462 3483/3483/3456 3269/3269/3242
f 3493/3493/3466 3494/3494/3467 3457/3457/3430
f 3494/3494/3467 3458/3458/3431 3457/3457/3430
f 3492/3492/3465 3504/3504/3477 3493/3493/3466
f 3504/3504/3477 3495/3495/3468 3493/3493/3466
f 3497/3497/3470 3274/3274/3247 3458/3458/3431
f 3274/3274/3247 3460/3460/3433 3458/3458/3431
f 3499/3499/3472 3497/3497/3470 3496/3496/3469
f 3497/3497/3470 3494/3494/3467 3496/3496/3469
f 3502/3502/3475 3496/3496/3469 3503/3503/3476
f 3496/3496/3469 3495/3495/3468 3503/3503/3476
f 3501/3501/3474 3507/3507/3480 3502/3502/3475
f 3507/3507/3480 3505/3505/3478 3502/3502/3475
f 3506/3506/3479 3282/3282/3255 3505/3505/3478
f 3282/3282/3255 3499/3499/3472 3505/3505/3478
f 3508/3508/3481 3488/3488/3461 3511/3511/3484
f 3488/3488/3461 3490/3490/3463 3511/3511/3484
f 3509/3509/3482 3508/3508/3481 3743/3743/3716
f 3508/3508/3481 3510/3510/3483 3743/3743/3716
f 3514/3514/3487 3490/3490/3463 3291/3291/3264
f 3490/3490/3463 3491/3491/3464 3291/3291/3264
f 3515/3515/3488 3512/3512/3485 3514/3514/3487
f 3512/3512/3485 3511/3511/3484 3514/3514/3487
f 3518/3518/3491 3743/3743/3716 3516/3516/3489
f 3743/3743/3716 3510/3510/3483 3516/3516/3489
f 3520/3520/3493 3519/3519/3492 3512/3512/3485
f 3519/3519/3492 3516/3516/3489 3512/3512/3485
f 3522/3522/3495 3520/3520/3493 3299/3299/3272
f 3520/3520/3493 3515/3515/3488 3299/3299/3272
f 3523/3523/3496 3525/3525/3498 3501/3501/3474
f 3525/3525/3498 3524/3524/3497 3501/3501/3474
f 3528/3528/3501 3308/3308/3281 3507/3507/3480
f 3308/3308/3281 3506/3506/3479 3507/3507/3480
f 3529/3529/3502 3528/3528/3501 3526/3526/3499
f 3528/3528/3501 3524/3524/3497 3526/3526/3499
f 3531/3531/3504 3530/3530/3503 3527/3527/3500
f 3530/3530/3503 3525/3525/3498 3527/3527/3500
f 3530/3530/3503 3532/3532/3505 3533/3533/3506
f 3532/3532/3505 3535/3535/3508 3533/3533/3506
f 3526/3526/3499 3533/3533/3506 3529/3529/3502
f 3533/3533/3506 3534/3534/3507 3529/3529/3502
f 3539/3539/3512 3538/3538/3511 3537/3537/3510
f 3538/3538/3511 3536/3536/3509 3537/3537/3510
f 3311/3311/3284 3534/3534/3507 3538/3538/3511
f 3534/3534/3507 3536/3536/3509 3538/3538/3511
f 3540/3540/3513 3519/3519/3492 3543/3543/3516
f 3519/3519/3492 3521/3521/3494 3543/3543/3516
f 3541/3541/3514 3540/3540/3513 3555/3555/3528
f 3540/3540/3513 3542/3542/3515 3555/3555/3528
f 3546/3546/3519 3521/3521/3494 3353/3353/3326
f 3521/3521/3494 3522/3522/3495 3353/3353/3326
f 3547/3547/3520 3544/3544/3517 3546/3546/3519
f 3544/3544/3517 3543/3543/3516 3546/3546/3519
f 3553/3553/3526 3552/3552/3525 3549/3549/3522
f 3552/3552/3525 3550/3550/3523 3549/3549/3522
f 4930/4930/4873 3554/3554/3527 3544/3544/3517
f 3554/3554/3527 3542/3542/3515 3544/3544/3517
f 3363/3363/3336 3558/3558/3531 3559/3559/3532
f 3558/3558/3531 3553/3553/3526 3559/3559/3532
f 3560/3560/3533 3365/3365/3338 3559/3559/3532
f 3365/3365/3338 3364/3364/3337 3559/3559/3532
f 3565/3565/3538 3537/3537/3510 3563/3563/3536
f 3537/3537/3510 3535/3535/3508 3563/3563/3536
f 3563/3563/3536 3562/3562/3535 3564/3564/3537
f 3562/3562/3535 3574/3574/3547 3564/3564/3537
f 3576/3576/3549 3570/3570/3543 3564/3564/3537
f 3570/3570/3543 3565/3565/3538 3564/3564/3537
f 3318/3318/3291 3539/3539/3512 3366/3366/3339
f 3539/3539/3512 3571/3571/3544 3366/3366/3339
f 3573/3573/3546 3374/3374/3347 3568/3568/3541
f 3374/3374/3347 3572/3572/3545 3568/3568/3541
f 3578/3578/3551 3580/3580/3553 3566/3566/3539
f 3580/3580/3553 3567/3567/3540 3566/3566/3539
f 3580/3580/3553 3581/3581/3554 3582/3582/3555
f 3581/3581/3554 3587/3587/3560 3582/3582/3555
f 3567/3567/3540 3582/3582/3555 3573/3573/3546
f 3582/3582/3555 3583/3583/3556 3573/3573/3546
f 3584/3584/3557 3586/3586/3559 3587/3587/3560
f 3586/3586/3559 3588/3588/3561 3587/3587/3560
f 3585/3585/3558 3591/3591/3564 3586/3586/3559
f 3591/3591/3564 3592/3592/3565 3586/3586/3559
f 3376/3376/3349 3583/3583/3556 3593/3593/3566
f 3583/3583/3556 3588/3588/3561 3593/3593/3566
f 3594/3594/3567 3387/3387/3360 3593/3593/3566
f 3387/3387/3360 3386/3386/3359 3593/3593/3566
f 3594/3594/3567 3592/3592/3565 3388/3388/3361
f 3592/3592/3565 3595/3595/3568 3388/3388/3361
f 3598/3598/3571 3393/3393/3366 3596/3596/3569
f 3393/3393/3366 3391/3391/3364 3596/3596/3569
f 3601/3601/3574 3598/3598/3571 3597/3597/3570
f 3598/3598/3571 3596/3596/3569 3597/3597/3570
f 3611/3611/3584 3626/3626/3599 3603/3603/3576
f 3626/3626/3599 3604/3604/3577 3603/3603/3576
f 3626/3626/3599 3611/3611/3584 3589/3589/3562
f 3611/3611/3584 3605/3605/3578 3589/3589/3562
f 3607/3607/3580 3830/3830/3799 3606/3606/3579
f 3830/3830/3799 3609/3609/3582 3606/3606/3579
f 3603/3603/3576 3606/3606/3579 3610/3610/3583
f 3606/3606/3579 3608/3608/3581 3610/3610/3583
f 3389/3389/3362 3612/3612/3585 3394/3394/3367
f 3612/3612/3585 3597/3597/3570 3394/3394/3367
f 3389/3389/3362 3595/3595/3568 3612/3612/3585
f 3595/3595/3568 3605/3605/3578 3612/3612/3585
f 3610/3610/3583 3608/3608/3581 3601/3601/3574
f 3608/3608/3581 3600/3600/3573 3601/3601/3574
f 3614/3614/3587 3617/3617/3590 3552/3552/3525
f 3617/3617/3590 3616/3616/3589 3552/3552/3525
f 3558/3558/3531 3397/3397/3370 3551/3551/3524
f 3397/3397/3370 3599/3599/3572 3551/3551/3524
f 3599/3599/3572 3600/3600/3573 3551/3551/3524
f 3600/3600/3573 3614/3614/3587 3551/3551/3524
f 3609/3609/3582 3830/3830/3799 3617/3617/3590
f 3830/3830/3799 3615/3615/3588 3617/3617/3590
f 3585/3585/3558 3584/3584/3557 3622/3622/3595
f 3584/3584/3557 3621/3621/3594 3622/3622/3595
f 3623/3623/3596 3624/3624/3597 3625/3625/3598
f 3624/3624/3597 3628/3628/3601 3625/3625/3598
f 3623/3623/3596 3625/3625/3598 3591/3591/3564
f 3625/3625/3598 3589/3589/3562 3591/3591/3564
f 3637/3637/3610 3633/3633/3606 3638/3638/3611
f 3633/3633/3606 3635/3635/3608 3638/3638/3611
f 3630/3630/3603 3629/3629/3602 3638/3638/3611
f 3629/3629/3602 3636/3636/3609 3638/3638/3611
f 3398/3398/3371 3640/3640/3613 3639/3639/3612
f 3640/3640/3613 3629/3629/3602 3639/3639/3612
f 3640/3640/3613 3405/3405/3378 3636/3636/3609
f 3405/3405/3378 3641/3641/3614 3636/3636/3609
f 3649/3649/3622 3644/3644/3617 3427/3427/3400
f 3644/3644/3617 3647/3647/3620 3427/3427/3400
f 3644/3644/3617 3649/3649/3622 3645/3645/3618
f 3649/3649/3622 3651/3651/3624 3645/3645/3618
f 3643/3643/3616 3642/3642/3615 3633/3633/3606
f 3642/3642/3615 3653/3653/3626 3633/3633/3606
f 3654/3654/3627 3642/3642/3615 3655/3655/3628
f 3642/3642/3615 3645/3645/3618 3655/3655/3628
f 3656/3656/3629 3655/3655/3628 3669/3669/3642
f 3655/3655/3628 3657/3657/3630 3669/3669/3642
f 3643/3643/3616 3637/3637/3610 3646/3646/3619
f 3637/3637/3610 3641/3641/3614 3646/3646/3619
f 3424/3424/3397 3425/3425/3398 3646/3646/3619
f 3425/3425/3398 3647/3647/3620 3646/3646/3619
f 3660/3660/3633 3651/3651/3624 3661/3661/3634
f 3651/3651/3624 3663/3663/3636 3661/3661/3634
f 3661/3661/3634 3663/3663/3636 3664/3664/3637
f 3663/3663/3636 3436/3436/3409 3664/3664/3637
f 3666/3666/3639 3668/3668/3641 3659/3659/3632
f 3668/3668/3641 3670/3670/3643 3659/3659/3632
f 3660/3660/3633 3659/3659/3632 3657/3657/3630
f 3659/3659/3632 3670/3670/3643 3657/3657/3630
f 3667/3667/3640 3666/3666/3639 4931/4931/4874
f 3666/3666/3639 3671/3671/3644 4931/4931/4874
f 3665/3665/3638 3664/3664/3637 3440/3440/3413
f 3664/3664/3637 3438/3438/3411 3440/3440/3413
f 3673/3673/3646 3672/3672/3645 3442/3442/3415
f 3671/3671/3644 3665/3665/3638 3440/3440/3413
f 3681/3681/3654 3675/3675/3648 3679/3679/3652
f 3675/3675/3648 3677/3677/3650 3679/3679/3652
f 3685/3685/3658 4932/4932/4875 3686/3686/3659
f 4932/4932/4875 3697/3697/3670 3686/3686/3659
f 3687/3687/3660 3631/3631/3604 3690/3690/3663
f 3631/3631/3604 3688/3688/3661 3690/3690/3663
f 3630/3630/3603 3694/3694/3667 3631/3631/3604
f 3694/3694/3667 3688/3688/3661 3631/3631/3604
f 3691/3691/3664 3696/3696/3669 3687/3687/3660
f 3696/3696/3669 3695/3695/3668 3687/3687/3660
f 3464/3464/3437 3463/3463/3436 3695/3695/3668
f 3463/3463/3436 3639/3639/3612 3695/3695/3668
f 3675/3675/3648 3690/3690/3663 3676/3676/3649
f 3690/3690/3663 3689/3689/3662 3676/3676/3649
f 3691/3691/3664 3681/3681/3654 3696/3696/3669
f 3681/3681/3654 3686/3686/3659 3696/3696/3669
f 3699/3699/3672 3700/3700/3673 3702/3702/3675
f 3700/3700/3673 3938/3938/3907 3702/3702/3675
f 3699/3699/3672 3667/3667/3640 3701/3701/3674
f 3667/3667/3640 4931/4931/4874 3701/3701/3674
f 3441/3441/3414 3472/3472/3445 3673/3673/3646
f 3472/3472/3445 3703/3703/3676 3673/3673/3646
f 3706/3706/3679 3707/3707/3680 3950/3950/3919
f 3707/3707/3680 3717/3717/3690 3950/3950/3919
f 3710/3710/3683 3707/3707/3680 3708/3708/3681
f 3707/3707/3680 3705/3705/3678 3708/3708/3681
f 3712/3712/3685 3705/3705/3678 3703/3703/3676
f 3705/3705/3678 3704/3704/3677 3703/3703/3676
f 3711/3711/3684 3712/3712/3685 3474/3474/3447
f 3712/3712/3685 3472/3472/3445 3474/3474/3447
f 3713/3713/3686 3708/3708/3681 3480/3480/3453
f 3708/3708/3681 3711/3711/3684 3480/3480/3453
f 3714/3714/3687 3716/3716/3689 3710/3710/3683
f 3716/3716/3689 3718/3718/3691 3710/3710/3683
f 3715/3715/3688 3714/3714/3687 3721/3721/3694
f 3714/3714/3687 3719/3719/3692 3721/3721/3694
f 3720/3720/3693 3719/3719/3692 3487/3487/3460
f 3719/3719/3692 3713/3713/3686 3487/3487/3460
f 3723/3723/3696 4933/4933/4876 3679/3679/3652
f 3724/3724/3697 3684/3684/3657 4934/4934/4877
f 3968/3968/3937 3734/3734/3707 3725/3725/3698
f 3734/3734/3707 3726/3726/3699 3725/3725/3698
f 3728/3728/3701 3492/3492/3465 3684/3684/3657
f 3492/3492/3465 3682/3682/3655 3684/3684/3657
f 3729/3729/3702 3728/3728/3701 3727/3727/3700
f 3728/3728/3701 3724/3724/3697 3727/3727/3700
f 3732/3732/3705 3727/3727/3700 3733/3733/3706
f 3727/3727/3700 3726/3726/3699 3733/3733/3706
f 3731/3731/3704 3756/3756/3729 3732/3732/3705
f 3756/3756/3729 3735/3735/3708 3732/3732/3705
f 3736/3736/3709 3737/3737/3710 3756/3756/3729
f 3737/3737/3710 3735/3735/3708 3756/3756/3729
f 3729/3729/3702 3737/3737/3710 3504/3504/3477
f 3737/3737/3710 3503/3503/3476 3504/3504/3477
f 3738/3738/3711 3715/3715/3688 3741/3741/3714
f 3715/3715/3688 3739/3739/3712 3741/3741/3714
f 3744/3744/3717 3721/3721/3694 3509/3509/3482
f 3721/3721/3694 3720/3720/3693 3509/3509/3482
f 3745/3745/3718 3740/3740/3713 3744/3744/3717
f 3740/3740/3713 3739/3739/3712 3744/3744/3717
f 3748/3748/3721 3742/3742/3715 3746/3746/3719
f 3742/3742/3715 3741/3741/3714 3746/3746/3719
f 3746/3746/3719 3749/3749/3722 3747/3747/3720
f 3749/3749/3722 3752/3752/3725 3747/3747/3720
f 3740/3740/3713 3745/3745/3718 3749/3749/3722
f 3745/3745/3718 3750/3750/3723 3749/3749/3722
f 3754/3754/3727 3750/3750/3723 3517/3517/3490
f 3750/3750/3723 3518/3518/3491 3517/3517/3490
f 3755/3755/3728 3758/3758/3731 3731/3731/3704
f 3758/3758/3731 3757/3757/3730 3731/3731/3704
f 3761/3761/3734 3527/3527/3500 3736/3736/3709
f 3527/3527/3500 3523/3523/3496 3736/3736/3709
f 3762/3762/3735 3761/3761/3734 3759/3759/3732
f 3761/3761/3734 3757/3757/3730 3759/3759/3732
f 3764/3764/3737 3763/3763/3736 3760/3760/3733
f 3763/3763/3736 3758/3758/3731 3760/3760/3733
f 3767/3767/3740 3759/3759/3732 3766/3766/3739
f 3759/3759/3732 3763/3763/3736 3766/3766/3739
f 3769/3769/3742 3531/3531/3504 3767/3767/3740
f 3531/3531/3504 3762/3762/3735 3767/3767/3740
f 3770/3770/3743 3747/3747/3720 3774/3774/3747
f 3747/3747/3720 3752/3752/3725 3774/3774/3747
f 3771/3771/3744 3770/3770/3743 3783/3783/3756
f 3770/3770/3743 3772/3772/3745 3783/3783/3756
f 3773/3773/3746 3774/3774/3747 3776/3776/3749
f 3774/3774/3747 3777/3777/3750 3776/3776/3749
f 3754/3754/3727 3517/3517/3490 3777/3777/3750
f 3517/3517/3490 3541/3541/3514 3777/3777/3750
f 3778/3778/3751 3775/3775/3748 3776/3776/3749
f 3775/3775/3748 3773/3773/3746 3776/3776/3749
f 3779/3779/3752 3782/3782/3755 3775/3775/3748
f 3782/3782/3755 3772/3772/3745 3775/3775/3748
f 3780/3780/3753 3779/3779/3752 3835/3835/3804
f 3779/3779/3752 3784/3784/3757 3835/3835/3804
f 4935/4935/4878 3835/3835/3804 3788/3788/3761
f 3835/3835/3804 3784/3784/3757 3788/3788/3761
f 3778/3778/3751 3555/3555/3528 3788/3788/3761
f 3555/3555/3528 3554/3554/3527 3788/3788/3761
f 3790/3790/3763 3791/3791/3764 3766/3766/3739
f 3791/3791/3764 3768/3768/3741 3766/3766/3739
f 3789/3789/3762 4033/4033/4002 3790/3790/3763
f 4033/4033/4002 3792/3792/3765 3790/3790/3763
f 3791/3791/3764 3795/3795/3768 3768/3768/3741
f 3795/3795/3768 3794/3794/3767 3768/3768/3741
f 3532/3532/3505 3769/3769/3742 3562/3562/3535
f 3769/3769/3742 3794/3794/3767 3562/3562/3535
f 4039/4039/4008 3796/3796/3769 4033/4033/4002
f 4936/4936/4879 4937/4937/4879 4938/4938/4879
f 4039/4039/4008 3808/3808/3777 3796/3796/3769
f 3808/3808/3777 3807/3807/3776 3796/3796/3769
f 4939/4939/4880 3812/3812/3781 3809/3809/3778
f 3812/3812/3781 3810/3810/3779 3809/3809/3778
f 3811/3811/3780 3800/3800/3771 3810/3810/3779
f 3800/3800/3771 3807/3807/3776 3810/3810/3779
f 3805/3805/3774 3795/3795/3768 3811/3811/3780
f 3795/3795/3768 3800/3800/3771 3811/3811/3780
f 3574/3574/3547 3805/3805/3774 3575/3575/3548
f 3805/3805/3774 3816/3816/3785 3575/3575/3548
f 3817/3817/3786 3577/3577/3550 3816/3816/3785
f 3577/3577/3550 3575/3575/3548 3816/3816/3785
f 3819/3819/3788 3818/3818/3787 3815/3815/3784
f 3818/3818/3787 3813/3813/3782 3815/3815/3784
f 3826/3826/3795 3825/3825/3794 3820/3820/3789
f 3825/3825/3794 3821/3821/3790 3820/3820/3789
f 3828/3828/3797 3824/3824/3793 3827/3827/3796
f 3824/3824/3793 3823/3823/3792 3827/3827/3796
f 3827/3827/3796 3823/3823/3792 3607/3607/3580
f 3823/3823/3792 3829/3829/3798 3607/3607/3580
f 3831/3831/3800 3780/3780/3753 3837/3837/3806
f 3780/3780/3753 3836/3836/3805 3837/3837/3806
f 3846/3846/3815 3843/3843/3812 3834/3834/3803
f 3843/3843/3812 3832/3832/3801 3834/3834/3803
f 3550/3550/3523 3616/3616/3589 3786/3786/3759
f 3616/3616/3589 3840/3840/3809 3786/3786/3759
f 3839/3839/3808 3832/3832/3801 3615/3615/3588
f 3832/3832/3801 3840/3840/3809 3615/3615/3588
f 3833/3833/3802 3820/3820/3789 3834/3834/3803
f 3820/3820/3789 3844/3844/3813 3834/3834/3803
f 3833/3833/3802 3839/3839/3808 3826/3826/3795
f 3839/3839/3808 3829/3829/3798 3826/3826/3795
f 3850/3850/3819 3853/3853/3822 3852/3852/3821
f 3853/3853/3822 3857/3857/3826 3852/3852/3821
f 3850/3850/3819 3851/3851/3820 3814/3814/3783
f 3851/3851/3820 3815/3815/3784 3814/3814/3783
f 3581/3581/3554 3819/3819/3788 3619/3619/3592
f 3819/3819/3788 3854/3854/3823 3619/3619/3592
f 3855/3855/3824 3852/3852/3821 3859/3859/3828
f 3852/3852/3821 3856/3856/3825 3859/3859/3828
f 3862/3862/3831 3865/3865/3834 3864/3864/3833
f 3865/3865/3834 3872/3872/3841 3864/3864/3833
f 3862/3862/3831 3861/3861/3830 3858/3858/3827
f 3861/3861/3830 3859/3859/3828 3858/3858/3827
f 3867/3867/3836 3854/3854/3823 3855/3855/3824
f 3854/3854/3823 3851/3851/3820 3855/3855/3824
f 3866/3866/3835 3621/3621/3594 3867/3867/3836
f 3621/3621/3594 3619/3619/3592 3867/3867/3836
f 3868/3868/3837 3624/3624/3597 3866/3866/3835
f 3624/3624/3597 3622/3622/3595 3866/3866/3835
f 3861/3861/3830 3863/3863/3832 3868/3868/3837
f 3863/3863/3832 3869/3869/3838 3868/3868/3837
f 3870/3870/3839 3864/3864/3833 3874/3874/3843
f 3864/3864/3833 3871/3871/3840 3874/3874/3843
f 3876/3876/3845 3878/3878/3847 3873/3873/3842
f 3878/3878/3847 3874/3874/3843 3873/3873/3842
f 3876/3876/3845 3825/3825/3794 3878/3878/3847
f 3825/3825/3794 3824/3824/3793 3878/3878/3847
f 3604/3604/3577 3627/3627/3600 3828/3828/3797
f 3627/3627/3600 3880/3880/3849 3828/3828/3797
f 3879/3879/3848 3869/3869/3838 3870/3870/3839
f 3869/3869/3838 3863/3863/3832 3870/3870/3839
f 3880/3880/3849 3627/3627/3600 3879/3879/3848
f 3627/3627/3600 3628/3628/3601 3879/3879/3848
f 3888/3888/3857 3883/3883/3852 3882/3882/3851
f 3883/3883/3852 3886/3886/3855 3882/3882/3851
f 3889/3889/3858 3888/3888/3857 3654/3654/3627
f 3888/3888/3857 3653/3653/3626 3654/3654/3627
f 3890/3890/3859 3887/3887/3856 3889/3889/3858
f 3887/3887/3856 3883/3883/3852 3889/3889/3858
f 3897/3897/3866 3890/3890/3859 3669/3669/3642
f 3890/3890/3859 3656/3656/3629 3669/3669/3642
f 3896/3896/3865 3891/3891/3860 3897/3897/3866
f 3891/3891/3860 3894/3894/3863 3897/3897/3866
f 3668/3668/3641 3898/3898/3867 3896/3896/3865
f 3898/3898/3867 3891/3891/3860 3896/3896/3865
f 3911/3911/3880 3904/3904/3873 3910/3910/3879
f 3904/3904/3873 3906/3906/3875 3910/3910/3879
f 3914/3914/3883 3689/3689/3662 3906/3906/3875
f 3689/3689/3662 3913/3913/3882 3906/3906/3875
f 3916/3916/3885 3913/3913/3882 3692/3692/3665
f 3913/3913/3882 3694/3694/3667 3692/3692/3665
f 3910/3910/3879 3916/3916/3885 3912/3912/3881
f 3916/3916/3885 3915/3915/3884 3912/3912/3881
f 3882/3882/3851 3915/3915/3884 3635/3635/3608
f 3915/3915/3884 3692/3692/3665 3635/3635/3608
f 3905/3905/3874 3899/3899/3868 3919/3919/3888
f 3899/3899/3868 3902/3902/3871 3919/3919/3888
f 3905/3905/3874 3904/3904/3873 3899/3899/3868
f 3904/3904/3873 3917/3917/3886 3899/3899/3868
f 3922/3922/3891 3918/3918/3887 3907/3907/3876
f 3918/3918/3887 3911/3911/3880 3907/3907/3876
f 3676/3676/3649 3914/3914/3883 3903/3903/3872
f 3914/3914/3883 3919/3919/3888 3903/3903/3872
f 3912/3912/3881 3886/3886/3855 3909/3909/3878
f 3886/3886/3855 3885/3885/3854 3909/3909/3878
f 3909/3909/3878 3923/3923/3892 3907/3907/3876
f 3923/3923/3892 3930/3930/3899 3907/3907/3876
f 3884/3884/3853 3925/3925/3894 3885/3885/3854
f 3925/3925/3894 3923/3923/3892 3885/3885/3854
f 3924/3924/3893 3926/3926/3895 3928/3928/3897
f 3926/3926/3895 3931/3931/3900 3928/3928/3897
f 3924/3924/3893 3884/3884/3853 3927/3927/3896
f 3884/3884/3853 3887/3887/3856 3927/3927/3896
f 3927/3927/3896 3894/3894/3863 3926/3926/3895
f 3894/3894/3863 3893/3893/3862 3926/3926/3895
f 3892/3892/3861 3936/3936/3905 3893/3893/3862
f 3936/3936/3905 3932/3932/3901 3893/3893/3862
f 3936/3936/3905 3892/3892/3861 3935/3935/3904
f 3892/3892/3861 3933/3933/3902 3935/3935/3904
f 3939/3939/3908 3895/3895/3864 3702/3702/3675
f 3895/3895/3864 3898/3898/3867 3702/3702/3675
f 3933/3933/3902 3895/3895/3864 3940/3940/3909
f 3895/3895/3864 3939/3939/3908 3940/3940/3909
f 4163/4163/4132 3937/3937/3906 3941/3941/3910
f 3937/3937/3906 3935/3935/3904 3941/3941/3910
f 3944/3944/3913 3956/3956/3925 3942/3942/3911
f 3956/3956/3925 3955/3955/3924 3942/3942/3911
f 3953/3953/3922 3955/3955/3924 3951/3951/3920
f 3955/3955/3924 3954/3954/3923 3951/3951/3920
f 3949/3949/3918 3954/3954/3923 3947/3947/3916
f 3954/3954/3923 3956/3956/3925 3947/3947/3916
f 3717/3717/3690 3718/3718/3691 3949/3949/3918
f 3718/3718/3691 3958/3958/3927 3949/3949/3918
f 3716/3716/3689 3959/3959/3928 3958/3958/3927
f 3959/3959/3928 3951/3951/3920 3958/3958/3927
f 3961/3961/3930 3964/3964/3933 3901/3901/3870
f 3964/3964/3933 3902/3902/3871 3901/3901/3870
f 3960/3960/3929 4940/4940/4881 3961/3961/3930
f 3977/3977/3946 3965/3965/3934 4941/4941/4882
f 3962/3962/3931 3971/3971/3940 3964/3964/3933
f 3971/3971/3940 3970/3970/3939 3964/3964/3933
f 3903/3903/3872 3970/3970/3939 3677/3677/3650
f 3970/3970/3939 3722/3722/3695 3677/3677/3650
f 3972/3972/3941 3969/3969/3938 3966/3966/3935
f 3971/3971/3940 3962/3962/3931 4942/4942/4883
f 3975/3975/3944 3966/3966/3935 3976/3976/3945
f 3966/3966/3935 3965/3965/3934 3976/3976/3945
f 3974/3974/3943 3999/3999/3968 3975/3975/3944
f 3999/3999/3968 3978/3978/3947 3975/3975/3944
f 3979/3979/3948 3980/3980/3949 3999/3999/3968
f 3980/3980/3949 3978/3978/3947 3999/3999/3968
f 3972/3972/3941 3980/3980/3949 3734/3734/3707
f 3980/3980/3949 3733/3733/3706 3734/3734/3707
f 3952/3952/3921 3987/3987/3956 3953/3953/3922
f 3987/3987/3956 3983/3983/3952 3953/3953/3922
f 3987/3987/3956 3952/3952/3921 3986/3986/3955
f 3952/3952/3921 3984/3984/3953 3986/3986/3955
f 3989/3989/3958 3959/3959/3928 3742/3742/3715
f 3959/3959/3928 3738/3738/3711 3742/3742/3715
f 3990/3990/3959 3985/3985/3954 3989/3989/3958
f 3985/3985/3954 3984/3984/3953 3989/3989/3958
f 3991/3991/3960 3994/3994/3963 3985/3985/3954
f 3994/3994/3963 3986/3986/3955 3985/3985/3954
f 3992/3992/3961 3991/3991/3960 3997/3997/3966
f 3991/3991/3960 3995/3995/3964 3997/3997/3966
f 3996/3996/3965 3995/3995/3964 3748/3748/3721
f 3995/3995/3964 3990/3990/3959 3748/3748/3721
f 3998/3998/3967 4001/4001/3970 3974/3974/3943
f 4001/4001/3970 4000/4000/3969 3974/3974/3943
f 4004/4004/3973 3760/3760/3733 3979/3979/3948
f 3760/3760/3733 3755/3755/3728 3979/3979/3948
f 4005/4005/3974 4004/4004/3973 4002/4002/3971
f 4004/4004/3973 4000/4000/3969 4002/4002/3971
f 4008/4008/3977 4002/4002/3971 4009/4009/3978
f 4002/4002/3971 4001/4001/3970 4009/4009/3978
f 4007/4007/3976 4012/4012/3981 4008/4008/3977
f 4012/4012/3981 4010/4010/3979 4008/4008/3977
f 4011/4011/3980 3764/3764/3737 4010/4010/3979
f 3764/3764/3737 4005/4005/3974 4010/4010/3979
f 4013/4013/3982 3992/3992/3961 4016/4016/3985
f 3992/3992/3961 4014/4014/3983 4016/4016/3985
f 4018/4018/3987 3997/3997/3966 3771/3771/3744
f 3997/3997/3966 3996/3996/3965 3771/3771/3744
f 4019/4019/3988 4015/4015/3984 4018/4018/3987
f 4015/4015/3984 4014/4014/3983 4018/4018/3987
f 4020/4020/3989 4023/4023/3992 4015/4015/3984
f 4023/4023/3992 4016/4016/3985 4015/4015/3984
f 4021/4021/3990 4020/4020/3989 4069/4069/4038
f 4020/4020/3989 4024/4024/3993 4069/4069/4038
f 4026/4026/3995 4069/4069/4038 4025/4025/3994
f 4069/4069/4038 4024/4024/3993 4025/4025/3994
f 4019/4019/3988 3783/3783/3756 4025/4025/3994
f 3783/3783/3756 3782/3782/3755 4025/4025/3994
f 4027/4027/3996 4029/4029/3998 4007/4007/3976
f 4029/4029/3998 4028/4028/3997 4007/4007/3976
f 4032/4032/4001 3789/3789/3762 4012/4012/3981
f 3789/3789/3762 4011/4011/3980 4012/4012/3981
f 4034/4034/4003 4032/4032/4001 4030/4030/3999
f 4032/4032/4001 4028/4028/3997 4030/4030/3999
f 4036/4036/4005 4035/4035/4004 4031/4031/4000
f 4035/4035/4004 4029/4029/3998 4031/4031/4000
f 4035/4035/4004 4037/4037/4006 4038/4038/4007
f 4037/4037/4006 4044/4044/4013 4038/4038/4007
f 4030/4030/3999 4038/4038/4007 4034/4034/4003
f 4038/4038/4007 4040/4040/4009 4034/4034/4003
f 4080/4080/4049 4048/4048/4017 4044/4044/4013
f 4048/4048/4017 4045/4045/4014 4044/4044/4013
f 3808/3808/3777 4040/4040/4009 4047/4047/4016
f 4040/4040/4009 4045/4045/4014 4047/4047/4016
f 3809/3809/3778 4047/4047/4016 4090/4090/4059
f 4047/4047/4016 4048/4048/4017 4090/4090/4059
f 4021/4021/3990 4066/4066/4035 4022/4022/3991
f 4066/4066/4035 4065/4065/4034 4022/4022/3991
f 4072/4072/4041 4064/4064/4033 4073/4073/4042
f 4064/4064/4033 4943/4943/4884 4073/4073/4042
f 4075/4075/4044 4026/4026/3995 3838/3838/3807
f 4026/4026/3995 3831/3831/3800 3838/3838/3807
f 4944/4944/4885 3847/3847/3816 4073/4073/4042
f 3847/3847/3816 4074/4074/4043 4073/4073/4042
f 4054/4054/4023 4056/4056/4025 4064/4064/4033
f 4056/4056/4025 4062/4062/4031 4064/4064/4033
f 4072/4072/4041 4076/4076/4045 4054/4054/4023
f 4076/4076/4045 4057/4057/4026 4054/4054/4023
f 3822/3822/3791 4071/4071/4040 3844/3844/3813
f 4071/4071/4040 4074/4074/4043 3844/3844/3813
f 3822/3822/3791 4061/4061/4030 4071/4071/4040
f 4061/4061/4030 4076/4076/4045 4071/4071/4040
f 4042/4042/4011 4041/4041/4010 4084/4084/4053
f 4041/4041/4010 4081/4081/4050 4084/4084/4053
f 4085/4085/4054 4088/4088/4057 4087/4087/4056
f 4088/4088/4057 4094/4094/4063 4087/4087/4056
f 4085/4085/4054 4086/4086/4055 4042/4042/4011
f 4086/4086/4055 4046/4046/4015 4042/4042/4011
f 4091/4091/4060 3853/3853/3822 4046/4046/4015
f 3853/3853/3822 4049/4049/4018 4046/4046/4015
f 4092/4092/4061 4087/4087/4056 4096/4096/4065
f 4087/4087/4056 4093/4093/4062 4096/4096/4065
f 4099/4099/4068 4102/4102/4071 4101/4101/4070
f 4102/4102/4071 4108/4108/4077 4101/4101/4070
f 4099/4099/4068 4098/4098/4067 4095/4095/4064
f 4098/4098/4067 4096/4096/4065 4095/4095/4064
f 4104/4104/4073 4091/4091/4060 4092/4092/4061
f 4091/4091/4060 4086/4086/4055 4092/4092/4061
f 4103/4103/4072 3856/3856/3825 4104/4104/4073
f 3856/3856/3825 3857/3857/3826 4104/4104/4073
f 4105/4105/4074 3865/3865/3834 4103/4103/4072
f 3865/3865/3834 3858/3858/3827 4103/4103/4072
f 4098/4098/4067 4100/4100/4069 4105/4105/4074
f 4100/4100/4069 4106/4106/4075 4105/4105/4074
f 4100/4100/4069 4101/4101/4070 4053/4053/4022
f 4101/4101/4070 4050/4050/4019 4053/4053/4022
f 4051/4051/4020 4050/4050/4019 4111/4111/4080
f 4050/4050/4019 4107/4107/4076 4111/4111/4080
f 4109/4109/4078 4113/4113/4082 4051/4051/4020
f 4113/4113/4082 4058/4058/4027 4051/4051/4020
f 4109/4109/4078 4055/4055/4024 4113/4113/4082
f 4055/4055/4024 4057/4057/4026 4113/4113/4082
f 4059/4059/4028 4060/4060/4029 3871/3871/3840
f 4060/4060/4029 3873/3873/3842 3871/3871/3840
f 4059/4059/4028 3872/3872/3841 4053/4053/4022
f 3872/3872/3841 4106/4106/4075 4053/4053/4022
f 4112/4112/4081 3877/3877/3846 4058/4058/4027
f 3877/3877/3846 4060/4060/4029 4058/4058/4027
f 4061/4061/4030 3821/3821/3790 4112/4112/4081
f 3821/3821/3790 3877/3877/3846 4112/4112/4081
f 4118/4118/4087 4116/4116/4085 4119/4119/4088
f 4116/4116/4085 4115/4115/4084 4119/4119/4088
f 4122/4122/4091 4121/4121/4090 4348/4348/4317
f 4121/4121/4090 4123/4123/4092 4348/4348/4317
f 4116/4116/4085 4125/4125/4094 4121/4121/4090
f 4125/4125/4094 4124/4124/4093 4121/4121/4090
f 4126/4126/4095 4118/4118/4087 4114/4114/4083
f 4118/4118/4087 4120/4120/4089 4114/4114/4083
f 4127/4127/4096 4126/4126/4095 3918/3918/3887
f 4126/4126/4095 3917/3917/3886 3918/3918/3887
f 4127/4127/4096 3922/3922/3891 4125/4125/4094
f 3922/3922/3891 4128/4128/4097 4125/4125/4094
f 4141/4141/4110 4137/4137/4106 4131/4131/4100
f 4137/4137/4106 4132/4132/4101 4131/4131/4100
f 4135/4135/4104 4138/4138/4107 4139/4139/4108
f 4138/4138/4107 4358/4358/4327 4139/4139/4108
f 4135/4135/4104 4133/4133/4102 4136/4136/4105
f 4133/4133/4102 4132/4132/4101 4136/4136/4105
f 4142/4142/4111 3930/3930/3899 4137/4137/4106
f 3930/3930/3899 4140/4140/4109 4137/4137/4106
f 4144/4144/4113 4140/4140/4109 3928/3928/3897
f 4140/4140/4109 3925/3925/3894 3928/3928/3897
f 4136/4136/4105 4144/4144/4113 4134/4134/4103
f 4144/4144/4113 4143/4143/4112 4134/4134/4103
f 4123/4123/4092 4131/4131/4100 4348/4348/4317
f 4131/4131/4100 4130/4130/4099 4348/4348/4317
f 4141/4141/4110 4124/4124/4093 4142/4142/4111
f 4124/4124/4093 4128/4128/4097 4142/4142/4111
f 4138/4138/4107 4146/4146/4115 4358/4358/4327
f 4146/4146/4115 4156/4156/4125 4358/4358/4327
f 4149/4149/4118 4146/4146/4115 4147/4147/4116
f 4146/4146/4115 4145/4145/4114 4147/4147/4116
f 4151/4151/4120 4145/4145/4114 4143/4143/4112
f 4145/4145/4114 4134/4134/4103 4143/4143/4112
f 4150/4150/4119 4151/4151/4120 3932/3932/3901
f 4151/4151/4120 3931/3931/3900 3932/3932/3901
f 4152/4152/4121 4147/4147/4116 3937/3937/3906
f 4147/4147/4116 4150/4150/4119 3937/3937/3906
f 4153/4153/4122 4155/4155/4124 4159/4159/4128
f 4155/4155/4124 4379/4379/4348 4159/4159/4128
f 4154/4154/4123 4153/4153/4122 4162/4162/4131
f 4153/4153/4122 4160/4160/4129 4162/4162/4131
f 4161/4161/4130 4160/4160/4129 3943/3943/3912
f 4160/4160/4129 4164/4164/4133 3943/3943/3912
f 4169/4169/4138 4172/4172/4141 4381/4381/4350
f 4172/4172/4141 4186/4186/4155 4381/4381/4350
f 4381/4381/4350 4383/4383/4352 4169/4169/4138
f 4387/4387/4356 4167/4167/4136 4166/4166/4135
f 4170/4170/4139 4176/4176/4145 4168/4168/4137
f 4176/4176/4145 4175/4175/4144 4168/4168/4137
f 4114/4114/4083 4175/4175/4144 3901/3901/3870
f 4175/4175/4144 3960/3960/3929 3901/3901/3870
f 4177/4177/4146 4174/4174/4143 4171/4171/4140
f 4174/4174/4143 4165/4165/4134 4171/4171/4140
f 4179/4179/4148 4178/4178/4147 4387/4387/4356
f 4178/4178/4147 4167/4167/4136 4387/4387/4356
f 4182/4182/4151 4171/4171/4140 4181/4181/4150
f 4171/4171/4140 4178/4178/4147 4181/4181/4150
f 4184/4184/4153 4185/4185/4154 4183/4183/4152
f 4185/4185/4154 4182/4182/4151 4183/4183/4152
f 4177/4177/4146 4185/4185/4154 3977/3977/3946
f 4185/4185/4154 3976/3976/3945 3977/3977/3946
f 4168/4168/4137 4120/4120/4089 4172/4172/4141
f 4120/4120/4089 4119/4119/4088 4172/4172/4141
f 4189/4189/4158 4190/4190/4159 4192/4192/4161
f 4190/4190/4159 4412/4412/4381 4192/4192/4161
f 4189/4189/4158 4154/4154/4123 4191/4191/4160
f 4154/4154/4123 4162/4162/4131 4191/4191/4160
f 3942/3942/3911 3981/3981/3950 4161/4161/4130
f 3981/3981/3950 4193/4193/4162 4161/4161/4130
f 4190/4190/4159 4195/4195/4164 4412/4412/4381
f 4195/4195/4164 4200/4200/4169 4412/4412/4381
f 4198/4198/4167 4194/4194/4163 4193/4193/4162
f 4194/4194/4163 4191/4191/4160 4193/4193/4162
f 4196/4196/4165 4194/4194/4163 4208/4208/4177
f 4194/4194/4163 4198/4198/4167 4208/4208/4177
f 4197/4197/4166 4198/4198/4167 3983/3983/3952
f 4198/4198/4167 3981/3981/3950 3983/3983/3952
f 4208/4208/4177 4198/4198/4167 4199/4199/4168
f 4198/4198/4167 4197/4197/4166 4199/4199/4168
f 4207/4207/4176 4203/4203/4172 4205/4205/4174
f 4203/4203/4172 4202/4202/4171 4205/4205/4174
f 4196/4196/4165 4202/4202/4171 4195/4195/4164
f 4202/4202/4171 4201/4201/4170 4195/4195/4164
f 3993/3993/3962 4210/4210/4179 4209/4209/4178
f 4210/4210/4179 4205/4205/4174 4209/4209/4178
f 3993/3993/3962 4209/4209/4178 3994/3994/3963
f 4209/4209/4178 4199/4199/4168 3994/3994/3963
f 4212/4212/4181 4213/4213/4182 4181/4181/4150
f 4213/4213/4182 4183/4183/4152 4181/4181/4150
f 4211/4211/4180 4222/4222/4191 4212/4212/4181
f 4222/4222/4191 4214/4214/4183 4212/4212/4181
f 4216/4216/4185 4003/4003/3972 4184/4184/4153
f 4003/4003/3972 3998/3998/3967 4184/4184/4153
f 4217/4217/4186 4216/4216/4185 4215/4215/4184
f 4216/4216/4185 4213/4213/4182 4215/4215/4184
f 4220/4220/4189 4215/4215/4184 4221/4221/4190
f 4215/4215/4184 4214/4214/4183 4221/4221/4190
f 4219/4219/4188 4241/4241/4210 4220/4220/4189
f 4241/4241/4210 4223/4223/4192 4220/4220/4189
f 4224/4224/4193 4225/4225/4194 4241/4241/4210
f 4225/4225/4194 4223/4223/4192 4241/4241/4210
f 4217/4217/4186 4225/4225/4194 4003/4003/3972
f 4225/4225/4194 4009/4009/3978 4003/4003/3972
f 4226/4226/4195 4207/4207/4176 4229/4229/4198
f 4207/4207/4176 4227/4227/4196 4229/4229/4198
f 4231/4231/4200 4210/4210/4179 4017/4017/3986
f 4210/4210/4179 4013/4013/3982 4017/4017/3986
f 4232/4232/4201 4228/4228/4197 4231/4231/4200
f 4228/4228/4197 4227/4227/4196 4231/4231/4200
f 4233/4233/4202 4236/4236/4205 4228/4228/4197
f 4236/4236/4205 4229/4229/4198 4228/4228/4197
f 4234/4234/4203 4233/4233/4202 4307/4307/4276
f 4233/4233/4202 4237/4237/4206 4307/4307/4276
f 4239/4239/4208 4307/4307/4276 4238/4238/4207
f 4307/4307/4276 4237/4237/4206 4238/4238/4207
f 4232/4232/4201 4017/4017/3986 4238/4238/4207
f 4017/4017/3986 4023/4023/3992 4238/4238/4207
f 4240/4240/4209 4243/4243/4212 4219/4219/4188
f 4243/4243/4212 4242/4242/4211 4219/4219/4188
f 4246/4246/4215 4031/4031/4000 4224/4224/4193
f 4031/4031/4000 4027/4027/3996 4224/4224/4193
f 4247/4247/4216 4246/4246/4215 4244/4244/4213
f 4246/4246/4215 4242/4242/4211 4244/4244/4213
f 4467/4467/4436 4248/4248/4217 4245/4245/4214
f 4248/4248/4217 4243/4243/4212 4245/4245/4214
f 4467/4467/4436 4253/4253/4222 4248/4248/4217
f 4253/4253/4222 4250/4250/4219 4248/4248/4217
f 4244/4244/4213 4249/4249/4218 4247/4247/4216
f 4249/4249/4218 4251/4251/4220 4247/4247/4216
f 4261/4261/4230 4037/4037/4006 4251/4251/4220
f 4037/4037/4006 4036/4036/4005 4251/4251/4220
f 4316/4316/4285 4945/4945/4886 4317/4317/4286
f 4945/4945/4886 4946/4946/4887 4317/4317/4286
f 4256/4256/4225 4249/4249/4218 4255/4255/4224
f 4249/4249/4218 4250/4250/4219 4255/4255/4224
f 4323/4323/4292 4261/4261/4230 4257/4257/4226
f 4261/4261/4230 4256/4256/4225 4257/4257/4226
f 4280/4280/4249 4279/4279/4248 4286/4286/4255
f 4279/4279/4248 4284/4284/4253 4286/4286/4255
f 4271/4271/4240 4279/4279/4248 4334/4334/4303
f 4279/4279/4248 4278/4278/4247 4334/4334/4303
f 4288/4288/4257 4536/4536/4503 4289/4289/4258
f 4536/4536/4503 4291/4291/4260 4289/4289/4258
f 4280/4280/4249 4285/4285/4254 4292/4292/4261
f 4289/4289/4258 4290/4290/4259 4299/4299/4268
f 4296/4296/4265 4293/4293/4262 4298/4298/4267
f 4293/4293/4262 4299/4299/4268 4298/4298/4267
f 4298/4298/4267 4297/4297/4266 4055/4055/4024
f 4297/4297/4266 4056/4056/4025 4055/4055/4024
f 4234/4234/4203 4304/4304/4273 4235/4235/4204
f 4304/4304/4273 4303/4303/4272 4235/4235/4204
f 4310/4310/4279 4302/4302/4271 4311/4311/4280
f 4305/4305/4274 4304/4304/4273 4308/4308/4277
f 4022/4022/3991 4065/4065/4034 4239/4239/4208
f 4065/4065/4034 4313/4313/4282 4239/4239/4208
f 4309/4309/4278 4311/4311/4280 4062/4062/4031
f 4311/4311/4280 4947/4947/4888 4062/4062/4031
f 4291/4291/4260 4536/4536/4503 4302/4302/4271
f 4536/4536/4503 4300/4300/4269 4302/4302/4271
f 4310/4310/4279 4309/4309/4278 4290/4290/4259
f 4309/4309/4278 4297/4297/4266 4290/4290/4259
f 4320/4320/4289 4948/4948/4889 4321/4321/4290
f 4948/4948/4889 4551/4551/4518 4321/4321/4290
f 4320/4320/4289 4319/4319/4288 4259/4259/4228
f 4319/4319/4288 4260/4260/4229 4259/4259/4228
f 4263/4263/4232 4262/4262/4231 4081/4081/4050
f 4262/4262/4231 4084/4084/4053 4081/4081/4050
f 4324/4324/4293 4088/4088/4057 4260/4260/4229
f 4088/4088/4057 4262/4262/4231 4260/4260/4229
f 4319/4319/4288 4321/4321/4290 4275/4275/4244
f 4321/4321/4290 4949/4949/4890 4275/4275/4244
f 4265/4265/4234 4264/4264/4233 4330/4330/4299
f 4264/4264/4233 4325/4325/4294 4330/4330/4299
f 4328/4328/4297 4332/4332/4301 4265/4265/4234
f 4332/4332/4301 4272/4272/4241 4265/4265/4234
f 4328/4328/4297 4269/4269/4238 4332/4332/4301
f 4269/4269/4238 4271/4271/4240 4332/4332/4301
f 4274/4274/4243 4276/4276/4245 4093/4093/4062
f 4276/4276/4245 4095/4095/4064 4093/4093/4062
f 4274/4274/4243 4094/4094/4063 4275/4275/4244
f 4094/4094/4063 4324/4324/4293 4275/4275/4244
f 4333/4333/4302 4102/4102/4071 4277/4277/4246
f 4102/4102/4071 4276/4276/4245 4277/4277/4246
f 4294/4294/4263 4296/4296/4265 4107/4107/4076
f 4296/4296/4265 4111/4111/4080 4107/4107/4076
f 4294/4294/4263 4108/4108/4077 4295/4295/4264
f 4108/4108/4077 4333/4333/4302 4295/4295/4264
f 4343/4343/4312 4339/4339/4308 4344/4344/4313
f 4339/4339/4308 4341/4341/4310 4344/4344/4313
f 4336/4336/4305 4335/4335/4304 4344/4344/4313
f 4335/4335/4304 4342/4342/4311 4344/4344/4313
f 4115/4115/4084 4346/4346/4315 4345/4345/4314
f 4346/4346/4315 4335/4335/4304 4345/4345/4314
f 4346/4346/4315 4122/4122/4091 4342/4342/4311
f 4122/4122/4091 4347/4347/4316 4342/4342/4311
f 4354/4354/4323 4130/4130/4099 4351/4351/4320
f 4130/4130/4099 4353/4353/4322 4351/4351/4320
f 4950/4950/4891 4951/4951/4891 4952/4952/4891
f 4353/4353/4322 4133/4133/4102 4139/4139/4108
f 4351/4351/4320 4356/4356/4325 4352/4352/4321
f 4356/4356/4325 4357/4357/4326 4352/4352/4321
f 4350/4350/4319 4349/4349/4318 4339/4339/4308
f 4349/4349/4318 4359/4359/4328 4339/4339/4308
f 4360/4360/4329 4349/4349/4318 4361/4361/4330
f 4349/4349/4318 4352/4352/4321 4361/4361/4330
f 4362/4362/4331 4361/4361/4330 4367/4367/4336
f 4361/4361/4330 4363/4363/4332 4367/4367/4336
f 4350/4350/4319 4343/4343/4312 4354/4354/4323
f 4343/4343/4312 4347/4347/4316 4354/4354/4323
f 4376/4376/4345 4371/4371/4340 4374/4374/4343
f 4371/4371/4340 4370/4370/4339 4374/4374/4343
f 4953/4953/4892 4372/4372/4341 4364/4364/4333
f 4372/4372/4341 4363/4363/4332 4364/4364/4333
f 4366/4366/4335 4953/4953/4892 4357/4357/4326
f 4953/4953/4892 4364/4364/4333 4357/4357/4326
f 4156/4156/4125 4157/4157/4126 4366/4366/4335
f 4157/4157/4126 4954/4954/4893 4366/4366/4335
f 4155/4155/4124 4380/4380/4349 4377/4377/4346
f 4380/4380/4349 4374/4374/4343 4377/4377/4346
f 4396/4396/4365 4955/4955/4894 4394/4394/4363
f 4955/4955/4894 4430/4430/4399 4394/4394/4363
f 4397/4397/4366 4179/4179/4148 4393/4393/4362
f 4179/4179/4148 4386/4386/4355 4393/4393/4362
f 4393/4393/4362 4386/4386/4355 4396/4396/4365
f 4389/4389/4358 4388/4388/4357 4406/4406/4375
f 4398/4398/4367 4337/4337/4306 4401/4401/4370
f 4337/4337/4306 4399/4399/4368 4401/4401/4370
f 4336/4336/4305 4405/4405/4374 4337/4337/4306
f 4405/4405/4374 4399/4399/4368 4337/4337/4306
f 4345/4345/4314 4338/4338/4307 4186/4186/4155
f 4338/4338/4307 4384/4384/4353 4186/4186/4155
f 4384/4384/4353 4338/4338/4307 4388/4388/4357
f 4338/4338/4307 4398/4398/4367 4388/4388/4357
f 4390/4390/4359 4401/4401/4370 4391/4391/4360
f 4401/4401/4370 4400/4400/4369 4391/4391/4360
f 4407/4407/4376 4376/4376/4345 4410/4410/4379
f 4376/4376/4345 4408/4408/4377 4410/4410/4379
f 4413/4413/4382 4375/4375/4344 4192/4192/4161
f 4375/4375/4344 4380/4380/4349 4192/4192/4161
f 4408/4408/4377 4375/4375/4344 4414/4414/4383
f 4375/4375/4344 4413/4413/4382 4414/4414/4383
f 4417/4417/4386 4411/4411/4380 4415/4415/4384
f 4411/4411/4380 4410/4410/4379 4415/4415/4384
f 4415/4415/4384 4418/4418/4387 4416/4416/4385
f 4418/4418/4387 4422/4422/4391 4416/4416/4385
f 4420/4420/4389 4421/4421/4390 4414/4414/4383
f 4421/4421/4390 4418/4418/4387 4414/4414/4383
f 4425/4425/4394 4423/4423/4392 4424/4424/4393
f 4423/4423/4392 4421/4421/4390 4424/4424/4393
f 4200/4200/4169 4201/4201/4170 4420/4420/4389
f 4201/4201/4170 4424/4424/4393 4420/4420/4389
f 4427/4427/4396 4430/4430/4399 4431/4431/4400
f 4430/4430/4399 4442/4442/4411 4431/4431/4400
f 4427/4427/4396 4426/4426/4395 4394/4394/4363
f 4426/4426/4395 4395/4395/4364 4394/4394/4363
f 4432/4432/4401 4211/4211/4180 4395/4395/4364
f 4211/4211/4180 4397/4397/4366 4395/4395/4364
f 4433/4433/4402 4432/4432/4401 4429/4429/4398
f 4432/4432/4401 4426/4426/4395 4429/4429/4398
f 4431/4431/4400 4443/4443/4412 4434/4434/4403
f 4443/4443/4412 4436/4436/4405 4434/4434/4403
f 4437/4437/4406 4429/4429/4398 4435/4435/4404
f 4429/4429/4398 4434/4434/4403 4435/4435/4404
f 4439/4439/4408 4440/4440/4409 4438/4438/4407
f 4440/4440/4409 4437/4437/4406 4438/4438/4407
f 4433/4433/4402 4440/4440/4409 4222/4222/4191
f 4440/4440/4409 4221/4221/4190 4222/4222/4191
f 4446/4446/4415 4445/4445/4414 4423/4423/4392
f 4445/4445/4414 4422/4422/4391 4423/4423/4392
f 4445/4445/4414 4447/4447/4416 4444/4444/4413
f 4447/4447/4416 4455/4455/4424 4444/4444/4413
f 4203/4203/4172 4226/4226/4195 4425/4425/4394
f 4226/4226/4195 4450/4450/4419 4425/4425/4394
f 4448/4448/4417 4446/4446/4415 4458/4458/4427
f 4446/4446/4415 4449/4449/4418 4458/4458/4427
f 4458/4458/4427 4449/4449/4418 4451/4451/4420
f 4449/4449/4418 4450/4450/4419 4451/4451/4420
f 4448/4448/4417 4452/4452/4421 4447/4447/4416
f 4452/4452/4421 4456/4456/4425 4447/4447/4416
f 4453/4453/4422 4452/4452/4421 4537/4537/4504
f 4452/4452/4421 4457/4457/4426 4537/4537/4504
f 4460/4460/4429 4537/4537/4504 4459/4459/4428
f 4537/4537/4504 4457/4457/4426 4459/4459/4428
f 4235/4235/4204 4459/4459/4428 4236/4236/4205
f 4459/4459/4428 4451/4451/4420 4236/4236/4205
f 4435/4435/4404 4436/4436/4405 4463/4463/4432
f 4436/4436/4405 4462/4462/4431 4463/4463/4432
f 4464/4464/4433 4245/4245/4214 4439/4439/4408
f 4245/4245/4214 4240/4240/4209 4439/4439/4408
f 4464/4464/4433 4438/4438/4407 4466/4466/4435
f 4438/4438/4407 4463/4463/4432 4466/4466/4435
f 4956/4956/4895 4957/4957/4895 4958/4958/4895
f 4693/4693/4658 4478/4478/4445 4480/4480/4447
f 4477/4477/4444 4476/4476/4443 4484/4484/4451
f 4476/4476/4443 4479/4479/4446 4484/4484/4451
f 4482/4482/4449 4480/4480/4447 4476/4476/4443
f 4480/4480/4447 4479/4479/4446 4476/4476/4443
f 4485/4485/4452 4499/4499/4466 4483/4483/4450
f 4499/4499/4466 4487/4487/4454 4483/4483/4450
f 4477/4477/4444 4483/4483/4450 4488/4488/4455
f 4483/4483/4450 4486/4486/4453 4488/4488/4455
f 4474/4474/4441 4959/4959/4896 4466/4466/4435
f 4959/4959/4896 4468/4468/4437 4466/4466/4435
f 4253/4253/4222 4468/4468/4437 4490/4490/4457
f 4468/4468/4437 4959/4959/4896 4490/4490/4457
f 4317/4317/4286 4489/4489/4456 4549/4549/4516
f 4489/4489/4456 4475/4475/4442 4549/4549/4516
f 4549/4549/4516 4475/4475/4442 4493/4493/4460
f 4475/4475/4442 4488/4488/4455 4493/4493/4460
f 4497/4497/4464 4496/4496/4463 4502/4502/4469
f 4496/4496/4463 4498/4498/4465 4502/4502/4469
f 4500/4500/4467 4486/4486/4453 4496/4496/4463
f 4486/4486/4453 4487/4487/4454 4496/4496/4463
f 4503/4503/4470 4522/4522/4489 4501/4501/4468
f 4522/4522/4489 4505/4505/4472 4501/4501/4468
f 4497/4497/4464 4501/4501/4468 4960/4960/4897
f 4501/4501/4468 4504/4504/4471 4960/4960/4897
f 4510/4510/4477 4550/4550/4517 4508/4508/4475
f 4550/4550/4517 4961/4961/4898 4508/4508/4475
f 4509/4509/4476 4508/4508/4475 4512/4512/4479
f 4508/4508/4475 4507/4507/4474 4512/4512/4479
f 4512/4512/4479 4511/4511/4478 4555/4555/4522
f 4511/4511/4478 4283/4283/4252 4555/4555/4522
f 4520/4520/4487 4519/4519/4486 4527/4527/4494
f 4519/4519/4486 4521/4521/4488 4527/4527/4494
f 4523/4523/4490 4513/4513/4480 4524/4524/4491
f 4504/4504/4471 4505/4505/4472 4519/4519/4486
f 4526/4526/4493 4527/4527/4494 4515/4515/4482
f 4527/4527/4494 4517/4517/4484 4515/4515/4482
f 4520/4520/4487 4526/4526/4493 4962/4962/4899
f 4963/4963/4900 4535/4535/4502 4531/4531/4498
f 4283/4283/4252 4511/4511/4478 4532/4532/4499
f 4511/4511/4478 4523/4523/4490 4532/4532/4499
f 4533/4533/4500 4287/4287/4256 4532/4532/4499
f 4287/4287/4256 4281/4281/4250 4532/4532/4499
f 4533/4533/4500 4531/4531/4498 4288/4288/4257
f 4531/4531/4498 4534/4534/4501 4288/4288/4257
f 4730/4730/4695 4546/4546/4513 4514/4514/4481
f 4546/4546/4513 4515/4515/4482 4514/4514/4481
f 4538/4538/4505 4964/4964/4901 4453/4453/4422
f 4964/4964/4901 4539/4539/4506 4453/4453/4422
f 4541/4541/4508 4540/4540/4507 4544/4544/4511
f 4540/4540/4507 4545/4545/4512 4544/4544/4511
f 4300/4300/4269 4545/4545/4512 4301/4301/4270
f 4543/4543/4510 4460/4460/4429 4303/4303/4272
f 4541/4541/4508 4544/4544/4511 4535/4535/4502
f 4544/4544/4511 4534/4534/4501 4535/4535/4502
f 4494/4494/4461 4327/4327/4296 4493/4493/4460
f 4327/4327/4296 4322/4322/4291 4493/4493/4460
f 4552/4552/4519 4553/4553/4520 4325/4325/4294
f 4553/4553/4520 4330/4330/4299 4325/4325/4294
f 4562/4562/4529 4557/4557/4524 4556/4556/4523
f 4557/4557/4524 4560/4560/4527 4556/4556/4523
f 4563/4563/4530 4562/4562/4529 4360/4360/4329
f 4562/4562/4529 4359/4359/4328 4360/4360/4329
f 4564/4564/4531 4561/4561/4528 4563/4563/4530
f 4561/4561/4528 4557/4557/4524 4563/4563/4530
f 4567/4567/4534 4564/4564/4531 4367/4367/4336
f 4564/4564/4531 4362/4362/4331 4367/4367/4336
f 4574/4574/4541 4571/4571/4538 4403/4403/4372
f 4571/4571/4538 4405/4405/4374 4403/4403/4372
f 4576/4576/4543 4572/4572/4539 4574/4574/4541
f 4572/4572/4539 4571/4571/4538 4574/4574/4541
f 4556/4556/4523 4573/4573/4540 4341/4341/4310
f 4573/4573/4540 4403/4403/4372 4341/4341/4310
f 4578/4578/4545 4577/4577/4544 4583/4583/4550
f 4577/4577/4544 4584/4584/4551 4583/4583/4550
f 4585/4585/4552 4577/4577/4544 4570/4570/4537
f 4577/4577/4544 4580/4580/4547 4570/4570/4537
f 4391/4391/4360 4400/4400/4369 4585/4585/4552
f 4400/4400/4369 4572/4572/4539 4585/4585/4552
f 4584/4584/4551 4576/4576/4543 4581/4581/4548
f 4576/4576/4543 4575/4575/4542 4581/4581/4548
f 4595/4595/4562 4587/4587/4554 4593/4593/4560
f 4587/4587/4554 4588/4588/4555 4593/4593/4560
f 4590/4590/4557 4592/4592/4559 4558/4558/4525
f 4592/4592/4559 4588/4588/4555 4558/4558/4525
f 4590/4590/4557 4558/4558/4525 4594/4594/4561
f 4558/4558/4525 4561/4561/4528 4594/4594/4561
f 4573/4573/4540 4560/4560/4527 4575/4575/4542
f 4560/4560/4527 4587/4587/4554 4575/4575/4542
f 4593/4593/4560 4600/4600/4567 4597/4597/4564
f 4600/4600/4567 4598/4598/4565 4597/4597/4564
f 4595/4595/4562 4597/4597/4564 4581/4581/4548
f 4597/4597/4564 4582/4582/4549 4581/4581/4548
f 4602/4602/4569 4600/4600/4567 4589/4589/4556
f 4600/4600/4567 4592/4592/4559 4589/4589/4556
f 4620/4620/4585 4604/4604/4571 4609/4609/4576
f 4604/4604/4571 4603/4603/4570 4609/4609/4576
f 4371/4371/4340 4407/4407/4376 4569/4569/4536
f 4407/4407/4376 4613/4613/4578 4569/4569/4536
f 4566/4566/4533 4608/4608/4575 4567/4567/4534
f 4608/4608/4575 4596/4596/4563 4567/4567/4534
f 4608/4608/4575 4603/4603/4570 4596/4596/4563
f 4603/4603/4570 4594/4594/4561 4596/4596/4563
f 4615/4615/4580 4605/4605/4572 4411/4411/4380
f 4605/4605/4572 4613/4613/4578 4411/4411/4380
f 4601/4601/4568 4589/4589/4556 4619/4619/4584
f 4589/4589/4556 4604/4604/4571 4619/4619/4584
f 4616/4616/4581 4618/4618/4583 4607/4607/4574
f 4740/4740/4705 4619/4619/4584 4620/4620/4585
f 4617/4617/4582 4616/4616/4581 4623/4623/4588
f 4616/4616/4581 4621/4621/4586 4623/4623/4588
f 4622/4622/4587 4621/4621/4586 4417/4417/4386
f 4621/4621/4586 4615/4615/4580 4417/4417/4386
f 4641/4641/4606 4965/4965/4902 4634/4634/4599
f 4965/4965/4902 4632/4632/4597 4634/4634/4599
f 4629/4629/4594 4633/4633/4598 4966/4966/4903
f 4633/4633/4598 4632/4632/4597 4966/4966/4903
f 4629/4629/4594 4967/4967/4904 4630/4630/4595
f 4583/4583/4550 4582/4582/4549 4650/4650/4615
f 4570/4570/4537 4580/4580/4547 4624/4624/4589
f 4580/4580/4547 4635/4635/4600 4624/4624/4589
f 4641/4641/4606 4646/4646/4611 4965/4965/4902
f 4637/4637/4602 4635/4635/4600 4626/4626/4591
f 4645/4645/4610 4686/4686/4651 4638/4638/4603
f 4686/4686/4651 4639/4639/4604 4638/4638/4603
f 4686/4686/4651 4647/4647/4612 4639/4639/4604
f 4647/4647/4612 4640/4640/4605 4639/4639/4604
f 4638/4638/4603 4634/4634/4599 4642/4642/4607
f 4634/4634/4599 4633/4633/4598 4642/4642/4607
f 4642/4642/4607 4643/4643/4608 4644/4644/4609
f 4643/4643/4608 4662/4662/4627 4644/4644/4609
f 4443/4443/4412 4649/4649/4614 4625/4625/4590
f 4649/4649/4614 4968/4968/4905 4625/4625/4590
f 4630/4630/4595 4651/4651/4616 4628/4628/4593
f 4651/4651/4616 4742/4742/4707 4628/4628/4593
f 4643/4643/4608 4628/4628/4593 4661/4661/4626
f 4628/4628/4593 4742/4742/4707 4661/4661/4626
f 4668/4668/4633 4617/4617/4582 4670/4670/4635
f 4617/4617/4582 4623/4623/4588 4670/4670/4635
f 4666/4666/4631 4668/4668/4633 4673/4673/4638
f 4668/4668/4633 4667/4667/4632 4673/4673/4638
f 4416/4416/4385 4444/4444/4413 4622/4622/4587
f 4444/4444/4413 4671/4671/4636 4622/4622/4587
f 4672/4672/4637 4667/4667/4632 4675/4675/4640
f 4667/4667/4632 4676/4676/4641 4675/4675/4640
f 4680/4680/4645 4677/4677/4642 4671/4671/4636
f 4677/4677/4642 4670/4670/4635 4671/4671/4636
f 4679/4679/4644 4677/4677/4642 4681/4681/4646
f 4677/4677/4642 4680/4680/4645 4681/4681/4646
f 4679/4679/4644 4682/4682/4647 4676/4676/4641
f 4682/4682/4647 4674/4674/4639 4676/4676/4641
f 4685/4685/4650 4683/4683/4648 4684/4684/4649
f 4683/4683/4648 4682/4682/4647 4684/4684/4649
f 4455/4455/4424 4456/4456/4425 4681/4681/4646
f 4456/4456/4425 4684/4684/4649 4681/4681/4646
f 4691/4691/4656 4690/4690/4655 4644/4644/4609
f 4690/4690/4655 4645/4645/4610 4644/4644/4609
f 4625/4625/4590 4969/4969/4906 4461/4461/4430
f 4647/4647/4612 4692/4692/4657 4693/4693/4658
f 4689/4689/4654 4695/4695/4660 4692/4692/4657
f 4695/4695/4660 4478/4478/4445 4692/4692/4657
f 4694/4694/4659 4689/4689/4654 4696/4696/4661
f 4689/4689/4654 4690/4690/4655 4696/4696/4661
f 4694/4694/4659 4485/4485/4452 4695/4695/4660
f 4485/4485/4452 4484/4484/4451 4695/4695/4660
f 4699/4699/4664 4691/4691/4656 4660/4660/4625
f 4691/4691/4656 4662/4662/4627 4660/4660/4625
f 4705/4705/4670 4698/4698/4663 4659/4659/4624
f 4698/4698/4663 4660/4660/4625 4659/4659/4624
f 4702/4702/4667 4706/4706/4671 4704/4704/4669
f 4706/4706/4671 4714/4714/4679 4704/4704/4669
f 4702/4702/4667 4701/4701/4666 4705/4705/4670
f 4701/4701/4666 4698/4698/4663 4705/4705/4670
f 4696/4696/4661 4699/4699/4664 4708/4708/4673
f 4699/4699/4664 4700/4700/4665 4708/4708/4673
f 4709/4709/4674 4700/4700/4665 4710/4710/4675
f 4700/4700/4665 4701/4701/4666 4710/4710/4675
f 4499/4499/4466 4708/4708/4673 4498/4498/4465
f 4708/4708/4673 4707/4707/4672 4498/4498/4465
f 4709/4709/4674 4503/4503/4470 4707/4707/4672
f 4503/4503/4470 4502/4502/4469 4707/4707/4672
f 4712/4712/4677 4704/4704/4669 4716/4716/4681
f 4704/4704/4669 4713/4713/4678 4716/4716/4681
f 4719/4719/4684 4721/4721/4686 4715/4715/4680
f 4721/4721/4686 4716/4716/4681 4715/4715/4680
f 4719/4719/4684 4718/4718/4683 4722/4722/4687
f 4675/4675/4640 4674/4674/4639 4727/4727/4692
f 4710/4710/4675 4712/4712/4677 4724/4724/4689
f 4712/4712/4677 4717/4717/4682 4724/4724/4689
f 4725/4725/4690 4517/4517/4484 4717/4717/4682
f 4517/4517/4484 4723/4723/4688 4717/4717/4682
f 4721/4721/4686 4722/4722/4687 4725/4725/4690
f 4722/4722/4687 4726/4726/4691 4725/4725/4690
f 4522/4522/4489 4724/4724/4689 4521/4521/4488
f 4724/4724/4689 4723/4723/4688 4521/4521/4488
f 4729/4729/4694 4514/4514/4481 4728/4728/4693
f 4514/4514/4481 4726/4726/4691 4728/4728/4693
f 4739/4739/4704 4736/4736/4701 4601/4601/4568
f 4736/4736/4701 4602/4602/4569 4601/4601/4568
f 4970/4970/4907 4734/4734/4699 4651/4651/4616
f 4734/4734/4699 4741/4741/4706 4651/4651/4616
f 4741/4741/4706 4734/4734/4699 4657/4657/4622
f 4734/4734/4699 4656/4656/4621 4657/4657/4622
f 4971/4971/4908 4654/4654/4619 4733/4733/4698
f 4654/4654/4619 4656/4656/4621 4733/4733/4698
f 4659/4659/4624 4661/4661/4626 4745/4745/4710
f 4661/4661/4626 4743/4743/4708 4745/4745/4710
f 4745/4745/4710 4743/4743/4708 4663/4663/4628
f 4743/4743/4708 4657/4657/4622 4663/4663/4628
f 4754/4754/4719 4746/4746/4711 4664/4664/4629
f 4746/4746/4711 4663/4663/4628 4664/4664/4629
f 4740/4740/4705 4972/4972/4909 4738/4738/4703
f 4972/4972/4909 4973/4973/4910 4738/4738/4703
f 4665/4665/4630 4654/4654/4619 4748/4748/4713
f 4747/4747/4712 4738/4738/4703 4973/4973/4910
f 4664/4664/4629 4665/4665/4630 4752/4752/4717
f 4665/4665/4630 4749/4749/4714 4752/4752/4717
f 4752/4752/4717 4755/4755/4720 4753/4753/4718
f 4755/4755/4720 4757/4757/4722 4753/4753/4718
f 4755/4755/4720 4749/4749/4714 4974/4974/4911
f 4975/4975/4912 4673/4673/4638 4672/4672/4637
f 4754/4754/4719 4714/4714/4679 4746/4746/4711
f 4714/4714/4679 4706/4706/4671 4746/4746/4711
f 4753/4753/4718 4757/4757/4722 4713/4713/4678
f 4757/4757/4722 4715/4715/4680 4713/4713/4678
# Vertices: 4975, normals: 4912, texture coordinates: 4975, faces: 8224

