o body
v 0.03444564342498779 0.07687073945999146 -0.15963736176490784
v 0.0342024564743042 0.07152038812637329 -0.16170454025268555
v 0.03578317165374756 0.08222109079360962 -0.15635418891906738
v -0.04447203874588013 -0.07683020830154419 -0.2783178389072418
v -0.05942869186401367 -0.07160145044326782 -0.2677387595176697
v -0.07158857583999634 -0.06625109910964966 -0.27321070432662964
v -0.9219294190406799 0.07152038812637329 0.384395956993103
v -0.925212562084198 0.07468199729919434 0.384395956993103
v -0.925212562084198 0.07152038812637329 0.389867901802063
v -0.9304413199424744 0.07152038812637329 0.3875575065612793
v -0.9304413199424744 0.07358759641647339 0.384395956993103
v -0.9304413199424744 0.0731012225151062 0.37904560565948486
v -0.925212562084198 0.07273638248443604 0.37904560565948486
v -0.925212562084198 0.06750762462615967 0.3738168478012085
v -0.9205918312072754 0.06629163026809692 0.37904560565948486
v -0.9196190237998962 0.06629163026809692 0.384395956993103
v -0.8678178787231445 0.002695441246032715 0.3100990653038025
v -0.8622243404388428 -0.0026549100875854492 0.3100990653038025
v -0.8624675273895264 -0.0026549100875854492 0.3048703074455261
v -0.8639267683029175 -0.008005261421203613 0.3048703074455261
v -0.8668451309204102 -0.009707629680633545 0.3048703074455261
v -0.8635619282722473 -0.008005261421203613 0.3100990653038025
v -0.8668451309204102 -0.0026549100875854492 0.3144766092300415
v -0.8721954822540283 0.0007498860359191895 0.31544941663742065
v -0.8721954822540283 0.002695441246032715 0.3127742409706116
v -0.8721954822540283 0.0034250617027282715 0.3100990653038025
v -0.8721954822540283 -0.0004661083221435547 0.3048703074455261
v -0.8668451309204102 0.0007498860359191895 0.3048703074455261
v -0.8668451309204102 -0.0026549100875854492 0.302803099155426
v -0.8668451309204102 -0.008005261421203613 0.3035327196121216
v -0.8721954822540283 -0.010194003582000732 0.3048703074455261
v -0.8668451309204102 -0.010558843612670898 0.3100990653038025
v -0.8721954822540283 -0.008005261421203613 0.31593579053878784
v -0.8809505701065063 -0.008005261421203613 0.3207997679710388
v -0.8774242401123047 -0.01323401927947998 0.317516565322876
v -0.8774242401123047 -0.008005261421203613 0.3186109662055969
v -0.8774242401123047 -0.0026549100875854492 0.3184893727302551
v -0.8774242401123047 0.0013578534126281738 0.31544941663742065
v -0.8774242401123047 0.0017226338386535645 0.3100990653038025
v -0.8721954822540283 -0.0026549100875854492 0.303897500038147
v -0.8749922513961792 -0.008005261421203613 0.3048703074455261
v -0.8720738887786865 -0.01323401927947998 0.3100990653038025
v -0.8763298392295837 -0.018584370613098145 0.3100990653038025
v -0.8774242401123047 -0.023813068866729736 0.3099774718284607
v -0.8747490644454956 -0.023813068866729736 0.3048703074455261
v -0.8741410374641418 -0.0291634202003479 0.3048703074455261
v -0.8827745914459229 -0.029649853706359863 0.31544941663742065
v -0.8774242401123047 -0.016881942749023438 0.31544941663742065
v -0.8836257457733154 -0.01323401927947998 0.3313788175582886
v -0.8689122796058655 0.023853659629821777 0.33660757541656494
v -0.8670883178710938 0.02920401096343994 0.3313788175582886
v -0.8638051748275757 0.03443276882171631 0.33660757541656494
v -0.88873291015625 0.13523823022842407 0.3578873872756958
v -0.8880032896995544 0.12927985191345215 0.3578873872756958
v -0.8880032896995544 0.13523823022842407 0.35253703594207764
v -0.8872737288475037 0.1298878788948059 0.35253703594207764
v -0.889827311038971 0.1298878788948059 0.34730827808380127
v -0.8908001184463501 0.10872966051101685 0.35253703594207764
v -0.8295142650604248 0.15639638900756836 0.35253703594207764
v -0.8191783428192139 0.1510460376739502 0.35180747509002686
v -0.8244071006774902 0.1458173394203186 0.3559418320655823
v -0.8302438259124756 0.1458173394203186 0.3578873872756958
v -0.8244071006774902 0.14046698808670044 0.35654979944229126
v -0.8297574520111084 0.14046698808670044 0.3601977825164795
v -0.8349862098693848 0.14046698808670044 0.35958975553512573
v -0.8349862098693848 0.1510460376739502 0.35253703594207764
v -0.8394854068756104 0.1510460376739502 0.34730827808380127
v -0.8456869125366211 0.14253413677215576 0.3419579267501831
v -0.8403365612030029 0.1510460376739502 0.3419579267501831
v -0.8385125994682312 0.1510460376739502 0.33660757541656494
v -0.8349862098693848 0.1458173394203186 0.3323516249656677
v -0.8335270285606384 0.15639638900756836 0.3313788175582886
v -0.8297574520111084 0.1510460376739502 0.32906848192214966
v -0.8244071006774902 0.1510460376739502 0.3282172679901123
v -0.8191783428192139 0.14849251508712769 0.3313788175582886
v -0.8135848045349121 0.1510460376739502 0.33660757541656494
v -0.8104232549667358 0.15639638900756836 0.3419579267501831
v -0.8138279914855957 0.15639638900756836 0.3486458659172058
v -0.8191783428192139 0.1458173394203186 0.34949707984924316
v -0.8259878754615784 0.13523823022842407 0.3578873872756958
v -0.8297574520111084 0.13523823022842407 0.36104893684387207
v -0.8349862098693848 0.13523823022842407 0.36141377687454224
v -0.8349862098693848 0.1298878788948059 0.36141377687454224
v -0.8456869125366211 0.1298878788948059 0.3574010133743286
v -0.8492132425308228 0.13523823022842407 0.35253703594207764
v -0.852253258228302 0.13523823022842407 0.34730827808380127
v -0.8499428629875183 0.13523823022842407 0.3419579267501831
v -0.8403365612030029 0.1443580985069275 0.33660757541656494
v -0.8403365612030029 0.12453752756118774 0.3352699875831604
v -0.8349862098693848 0.11930876970291138 0.3351483941078186
v -0.8349862098693848 0.13523823022842407 0.3344188332557678
v -0.8297574520111084 0.1458173394203186 0.3306492567062378
v -0.8244071006774902 0.14460134506225586 0.3313788175582886
v -0.8214887380599976 0.14046698808670044 0.33660757541656494
v -0.8195431232452393 0.14046698808670044 0.3419579267501831
v -0.8200295567512512 0.14046698808670044 0.34730827808380127
v -0.8251367211341858 0.1298878788948059 0.35253703594207764
v -0.8297574520111084 0.1298878788948059 0.35971134901046753
v -0.8349862098693848 0.12453752756118774 0.3599545955657959
v -0.8403365612030029 0.12453752756118774 0.3599545955657959
v -0.8403365612030029 0.1298878788948059 0.3598330020904541
v -0.8509156703948975 0.10872966051101685 0.35934656858444214
v -0.8523748517036438 0.1298878788948059 0.35253703594207764
v -0.8550500273704529 0.1298878788948059 0.34730827808380127
v -0.8537124395370483 0.12453752756118774 0.3419579267501831
v -0.8456869125366211 0.12453752756118774 0.33685076236724854
v -0.8456869125366211 0.11395841836929321 0.33198684453964233
v -0.8403365612030029 0.11395841836929321 0.33210843801498413
v -0.8349862098693848 0.11395841836929321 0.3351483941078186
v -0.8346214294433594 0.10872966051101685 0.33660757541656494
v -0.8326758146286011 0.11930876970291138 0.33660757541656494
v -0.8291494846343994 0.1298878788948059 0.33660757541656494
v -0.8244071006774902 0.1303742527961731 0.3419579267501831
v -0.8264743089675903 0.12453752756118774 0.34730827808380127
v -0.8306086659431458 0.11930876970291138 0.35253703594207764
v -0.8349862098693848 0.11797118186950684 0.3578873872756958
v -0.8403365612030029 0.11395841836929321 0.35958975553512573
v -0.8456869125366211 0.10872966051101685 0.3603193759918213
v -0.8456869125366211 0.10337930917739868 0.3604409694671631
v -0.8509156703948975 0.10337930917739868 0.3606841564178467
v -0.8562660217285156 0.10337930917739868 0.35910338163375854
v -0.861494779586792 0.10337930917739868 0.3553338050842285
v -0.85723876953125 0.11395841836929321 0.35253703594207764
v -0.857725203037262 0.11930876970291138 0.34730827808380127
v -0.856022834777832 0.11930876970291138 0.3419579267501831
v -0.8509156703948975 0.11930876970291138 0.3374587893486023
v -0.8509156703948975 0.10872966051101685 0.33150041103363037
v -0.8524964451789856 0.10337930917739868 0.3313788175582886
v -0.8456869125366211 0.10872966051101685 0.3304060697555542
v -0.8403365612030029 0.10872966051101685 0.33150041103363037
v -0.8403365612030029 0.10337930917739868 0.3324732184410095
v -0.8393637537956238 0.09802895784378052 0.33660757541656494
v -0.8310950398445129 0.11395841836929321 0.3419579267501831
v -0.8369318246841431 0.10337930917739868 0.35253703594207764
v -0.8403365612030029 0.10337930917739868 0.3581305742263794
v -0.8456869125366211 0.09802895784378052 0.3599545955657959
v -0.8509156703948975 0.09802895784378052 0.36165696382522583
v -0.8509156703948975 0.09280019998550415 0.362143337726593
v -0.8562660217285156 0.09280019998550415 0.36360251903533936
v -0.861494779586792 0.08744984865188599 0.36530494689941406
v -0.8668451309204102 0.08574748039245605 0.36311614513397217
v -0.8697634935379028 0.08744984865188599 0.3578873872756958
v -0.8721954822540283 0.09511059522628784 0.34730827808380127
v -0.8602787852287292 0.11395841836929321 0.34730827808380127
v -0.8679394721984863 0.10337930917739868 0.3419579267501831
v -0.8628323674201965 0.10337930917739868 0.33660757541656494
v -0.8562660217285156 0.09802895784378052 0.3324732184410095
v -0.8509156703948975 0.09802895784378052 0.33162206411361694
v -0.8456869125366211 0.1009473204612732 0.3313788175582886
v -0.8456869125366211 0.08951705694198608 0.33660757541656494
v -0.8400933742523193 0.09280019998550415 0.3419579267501831
v -0.8402149677276611 0.09280019998550415 0.34730827808380127
v -0.8439845442771912 0.08744984865188599 0.35253703594207764
v -0.8456869125366211 0.09280019998550415 0.35849541425704956
v -0.852253258228302 0.07152038812637329 0.3578873872756958
v -0.8506724834442139 0.07687073945999146 0.3578873872756958
v -0.8509156703948975 0.08744984865188599 0.3619001507759094
v -0.8562660217285156 0.08222109079360962 0.36554813385009766
v -0.861494779586792 0.07687073945999146 0.36822330951690674
v -0.861494779586792 0.07152038812637329 0.3688312768936157
v -0.8668451309204102 0.07480359077453613 0.36846649646759033
v -0.8721954822540283 0.07626277208328247 0.36311614513397217
v -0.8721954822540283 0.08222109079360962 0.35691457986831665
v -0.8774242401123047 0.07687073945999146 0.3554553985595703
v -0.8774242401123047 0.08744984865188599 0.3532666563987732
v -0.8774242401123047 0.0936514139175415 0.34730827808380127
v -0.8827745914459229 0.09280019998550415 0.3516858220100403
v -0.8827745914459229 0.09608340263366699 0.34730827808380127
v -0.8880032896995544 0.12064635753631592 0.3260284662246704
v -0.8827745914459229 0.12161916494369507 0.3260284662246704
v -0.8880032896995544 0.12234872579574585 0.3207997679710388
v -0.8827745914459229 0.123321533203125 0.3207997679710388
v -0.8780322074890137 0.11930876970291138 0.3207997679710388
v -0.8796129822731018 0.11930876970291138 0.3260284662246704
v -0.8768162131309509 0.11395841836929321 0.3260284662246704
v -0.8827745914459229 0.11930876970291138 0.3285820484161377
v -0.8884897232055664 0.11395841836929321 0.3313788175582886
v -0.8917728662490845 0.10872966051101685 0.3313788175582886
v -0.893110454082489 0.10872966051101685 0.3260284662246704
v -0.8920160531997681 0.11395841836929321 0.3260284662246704
v -0.8920160531997681 0.11395841836929321 0.3207997679710388
v -0.8906784653663635 0.11930876970291138 0.3207997679710388
v -0.8880032896995544 0.11930876970291138 0.31593579053878784
v -0.8827745914459229 0.11930876970291138 0.3145982027053833
v -0.87949138879776 0.11395841836929321 0.31544941663742065
v -0.8760866522789001 0.11395841836929321 0.3207997679710388
v -0.8759649991989136 0.10872966051101685 0.3260284662246704
v -0.8774242401123047 0.10337930917739868 0.3323516249656677
v -0.8827745914459229 0.09973132610321045 0.3419579267501831
v -0.8774242401123047 0.09802895784378052 0.3381883502006531
v -0.8721954822540283 0.09632658958435059 0.3419579267501831
v -0.8651427030563354 0.09802895784378052 0.33660757541656494
v -0.8562660217285156 0.09280019998550415 0.3332028388977051
v -0.8562660217285156 0.07662755250930786 0.33660757541656494
v -0.8509156703948975 0.07687073945999146 0.3381883502006531
v -0.8466597199440002 0.07687073945999146 0.3419579267501831
v -0.8449573516845703 0.07687073945999146 0.34730827808380127
v -0.8466597199440002 0.07687073945999146 0.35253703594207764
v -0.8509156703948975 0.07079082727432251 0.35253703594207764
v -0.856022834777832 0.06629163026809692 0.35253703594207764
v -0.8546852469444275 0.06629163026809692 0.3578873872756958
v -0.8546852469444275 0.07152038812637329 0.36311614513397217
v -0.8634403347969055 0.050362229347229004 0.36846649646759033
v -0.8668451309204102 0.06629163026809692 0.3708984851837158
v -0.8721954822540283 0.06629163026809692 0.37053364515304565
v -0.8721954822540283 0.07152038812637329 0.3673720955848694
v -0.8774242401123047 0.06835883855819702 0.36311614513397217
v -0.8774242401123047 0.07152038812637329 0.3578873872756958
v -0.8827745914459229 0.07687073945999146 0.35703617334365845
v -0.8880032896995544 0.08222109079360962 0.3599545955657959
v -0.8880032896995544 0.09134101867675781 0.3578873872756958
v -0.8894624710083008 0.09802895784378052 0.35253703594207764
v -0.8909217119216919 0.10337930917739868 0.35253703594207764
v -0.8906784653663635 0.09802895784378052 0.34730827808380127
v -0.8880032896995544 0.09802895784378052 0.34560590982437134
v -0.8880032896995544 0.1005825400352478 0.3419579267501831
v -0.8880032896995544 0.10714888572692871 0.33660757541656494
v -0.8938400745391846 0.10337930917739868 0.3313788175582886
v -0.8954208493232727 0.09802895784378052 0.3260284662246704
v -0.8920160531997681 0.10337930917739868 0.3207997679710388
v -0.8880032896995544 0.11395841836929321 0.3147197961807251
v -0.8827745914459229 0.11395841836929321 0.31350380182266235
v -0.8827745914459229 0.10337930917739868 0.31605738401412964
v -0.8774242401123047 0.10240650177001953 0.3207997679710388
v -0.8762082457542419 0.09802895784378052 0.3260284662246704
v -0.875113844871521 0.09280019998550415 0.3313788175582886
v -0.8721954822540283 0.09280019998550415 0.3381883502006531
v -0.8721954822540283 0.08915221691131592 0.33660757541656494
v -0.8668451309204102 0.08744984865188599 0.3372156023979187
v -0.861494779586792 0.07687073945999146 0.33672916889190674
v -0.8562660217285156 0.07152038812637329 0.33903956413269043
v -0.8509156703948975 0.07164198160171509 0.3419579267501831
v -0.8509156703948975 0.06969642639160156 0.34730827808380127
v -0.8573604226112366 0.06629163026809692 0.34730827808380127
v -0.8600355982780457 0.06094127893447876 0.35253703594207764
v -0.861494779586792 0.06094127893447876 0.34730827808380127
v -0.8600355982780457 0.050362229347229004 0.35253703594207764
v -0.8562660217285156 0.06094127893447876 0.3578873872756958
v -0.8559012413024902 0.06094127893447876 0.36311614513397217
v -0.8593059778213501 0.050362229347229004 0.36311614513397217
v -0.8651427030563354 0.04501187801361084 0.36846649646759033
v -0.8668451309204102 0.03978312015533447 0.3689528703689575
v -0.8668451309204102 0.04501187801361084 0.3706552982330322
v -0.8721954822540283 0.06094127893447876 0.37211447954177856
v -0.8774242401123047 0.06361645460128784 0.36846649646759033
v -0.8827745914459229 0.05571258068084717 0.36798012256622314
v -0.8827745914459229 0.0622788667678833 0.36311614513397217
v -0.8827745914459229 0.06629163026809692 0.35886019468307495
v -0.8827745914459229 0.07152038812637329 0.35654979944229126
v -0.8933536410331726 0.08222109079360962 0.36104893684387207
v -0.8987039923667908 0.09802895784378052 0.3605625629425049
v -0.8933536410331726 0.10337930917739868 0.3580089807510376
v -0.8933536410331726 0.10872966051101685 0.3580089807510376
v -0.8933536410331726 0.11930876970291138 0.3605625629425049
v -0.8933536410331726 0.1298878788948059 0.3623865246772766
v -0.8933536410331726 0.13523823022842407 0.36165696382522583
v -0.8933536410331726 0.1394941806793213 0.3578873872756958
v -0.8987039923667908 0.1392509937286377 0.35253703594207764
v -0.8933536410331726 0.14010214805603027 0.35253703594207764
v -0.8933536410331726 0.13621097803115845 0.34730827808380127
v -0.8933536410331726 0.1298878788948059 0.3445115089416504
v -0.8933536410331726 0.11930876970291138 0.3442683219909668
v -0.8933536410331726 0.10337930917739868 0.3470650911331177
v -0.8933536410331726 0.09802895784378052 0.3422011137008667
v -0.8933536410331726 0.10131210088729858 0.33660757541656494
v -0.8990688323974609 0.09280019998550415 0.3313788175582886
v -0.8987039923667908 0.08744984865188599 0.3260284662246704
v -0.8933536410331726 0.08744984865188599 0.321894109249115
v -0.8933536410331726 0.09280019998550415 0.3217725157737732
v -0.8880032896995544 0.09802895784378052 0.31788134574890137
v -0.8827745914459229 0.09036821126937866 0.3207997679710388
v -0.8777890205383301 0.08744984865188599 0.3260284662246704
v -0.8774242401123047 0.08222109079360962 0.32967644929885864
v -0.8721954822540283 0.08222109079360962 0.33612120151519775
v -0.8721954822540283 0.07687073945999146 0.3353915810585022
v -0.861494779586792 0.07152038812637329 0.3377019762992859
v -0.861494779586792 0.06629163026809692 0.339769184589386
v -0.8611299991607666 0.06094127893447876 0.3419579267501831
v -0.8601571917533875 0.05571258068084717 0.33660757541656494
v -0.8595491647720337 0.050362229347229004 0.3419579267501831
v -0.861494779586792 0.04501187801361084 0.35253703594207764
v -0.8659939169883728 0.03978312015533447 0.3578873872756958
v -0.8659939169883728 0.03978312015533447 0.36311614513397217
v -0.8681827187538147 0.03443276882171631 0.36846649646759033
v -0.8695203065872192 0.03443276882171631 0.3738168478012085
v -0.8690338730812073 0.03978312015533447 0.3738168478012085
v -0.8701282739639282 0.04501187801361084 0.3738168478012085
v -0.8721954822540283 0.04999738931655884 0.3738168478012085
v -0.8774242401123047 0.050362229347229004 0.3736952543258667
v -0.8827745914459229 0.04501187801361084 0.3738168478012085
v -0.8880032896995544 0.04501187801361084 0.3693177103996277
v -0.8880032896995544 0.050362229347229004 0.36810171604156494
v -0.8880032896995544 0.05571258068084717 0.36615610122680664
v -0.8987039923667908 0.06094127893447876 0.3603193759918213
v -0.8933536410331726 0.06629163026809692 0.3581305742263794
v -0.8987039923667908 0.07687073945999146 0.35886019468307495
v -0.9039327502250671 0.08744984865188599 0.36153537034988403
v -0.9039327502250671 0.09802895784378052 0.36141377687454224
v -0.9039327502250671 0.11395841836929321 0.35971134901046753
v -0.8987039923667908 0.10872966051101685 0.36104893684387207
v -0.8987039923667908 0.11930876970291138 0.3620217442512512
v -0.8987039923667908 0.1298878788948059 0.3622649312019348
v -0.8987039923667908 0.13523823022842407 0.3605625629425049
v -0.8987039923667908 0.13827818632125854 0.3578873872756958
v -0.9022303819656372 0.13523823022842407 0.35253703594207764
v -0.8987039923667908 0.13584619760513306 0.34730827808380127
v -0.8987039923667908 0.1298878788948059 0.3437819480895996
v -0.8987039923667908 0.11930876970291138 0.3420795202255249
v -0.9039327502250671 0.11930876970291138 0.3442683219909668
v -0.8987039923667908 0.11395841836929321 0.3422011137008667
v -0.8987039923667908 0.10337930917739868 0.34280914068222046
v -0.8987039923667908 0.09669137001037598 0.3419579267501831
v -0.8991904258728027 0.09280019998550415 0.33660757541656494
v -0.9015008211135864 0.08744984865188599 0.3313788175582886
v -0.8987039923667908 0.08222109079360962 0.3260284662246704
v -0.8933536410331726 0.08222109079360962 0.32298851013183594
v -0.8880032896995544 0.08222109079360962 0.32250213623046875
v -0.8827745914459229 0.07687073945999146 0.3278524875640869
v -0.8774242401123047 0.07687073945999146 0.3313788175582886
v -0.8721954822540283 0.07152038812637329 0.3328379988670349
v -0.8668451309204102 0.07152038812637329 0.33563482761383057
v -0.8629539608955383 0.06629163026809692 0.33660757541656494
v -0.861494779586792 0.06094127893447876 0.33587801456451416
v -0.861494779586792 0.05571258068084717 0.331135630607605
v -0.861494779586792 0.044647037982940674 0.3313788175582886
v -0.8652642965316772 0.04501187801361084 0.3260284662246704
v -0.8625891208648682 0.03978312015533447 0.3313788175582886
v -0.8668451309204102 0.03443276882171631 0.32663649320602417
v -0.8721954822540283 0.021543264389038086 0.3313788175582886
v -0.8808289766311646 0.007924199104309082 0.33660757541656494
v -0.8854497671127319 -0.0026549100875854492 0.33660757541656494
v -0.8850849270820618 -0.008005261421203613 0.33660757541656494
v -0.8855713605880737 -0.008005261421203613 0.3313788175582886
v -0.8848417401313782 -0.008005261421203613 0.3260284662246704
v -0.8847201466560364 -0.01323401927947998 0.33660757541656494
v -0.8837473392486572 -0.0026549100875854492 0.3419579267501831
v -0.8820449709892273 0.002695441246032715 0.3419579267501831
v -0.8734114170074463 0.013274550437927246 0.35253703594207764
v -0.8714658617973328 0.018503308296203613 0.35253703594207764
v -0.8704930543899536 0.02920401096343994 0.3578873872756958
v -0.8711010813713074 0.02920401096343994 0.3738168478012085
v -0.8721954822540283 0.03443276882171631 0.37734323740005493
v -0.8721954822540283 0.03978312015533447 0.37709999084472656
v -0.8774242401123047 0.04501187801361084 0.37673521041870117
v -0.8827745914459229 0.03443276882171631 0.3809911608695984
v -0.8827745914459229 0.03941828012466431 0.37904560565948486
v -0.8880032896995544 0.03978312015533447 0.37320882081985474
v -0.8933536410331726 0.04501187801361084 0.3687096834182739
v -0.9039327502250671 0.050362229347229004 0.36992567777633667
v -0.9039327502250671 0.05291581153869629 0.36846649646759033
v -0.9092831015586853 0.05571258068084717 0.3601977825164795
v -0.9046623706817627 0.06094127893447876 0.3578873872756958
v -0.9039327502250671 0.06629163026809692 0.35630661249160767
v -0.9039327502250671 0.07152038812637329 0.3576442003250122
v -0.9092831015586853 0.07687073945999146 0.3609273433685303
v -0.9092831015586853 0.08222109079360962 0.3619001507759094
v -0.9092831015586853 0.08744984865188599 0.3617785573005676
v -0.9092831015586853 0.09280019998550415 0.36104893684387207
v -0.9092831015586853 0.10337930917739868 0.3578873872756958
v -0.9033247828483582 0.1298878788948059 0.3578873872756958
v -0.9044191837310791 0.1298878788948059 0.35253703594207764
v -0.902959942817688 0.1298878788948059 0.34730827808380127
v -0.9039327502250671 0.10872966051101685 0.34232276678085327
v -0.9092831015586853 0.10337930917739868 0.3443899154663086
v -0.9040543437004089 0.10337930917739868 0.3419579267501831
v -0.9039327502250671 0.09802895784378052 0.3415931463241577
v -0.9039327502250671 0.09280019998550415 0.34074193239212036
v -0.9039327502250671 0.08744984865188599 0.3379451632499695
v -0.9025951623916626 0.08222109079360962 0.3313788175582886
v -0.9039327502250671 0.07687073945999146 0.3352699875831604
v -0.8987039923667908 0.07687073945999146 0.3274877071380615
v -0.9039327502250671 0.06629163026809692 0.34280914068222046
v -0.8987039923667908 0.06981801986694336 0.3313788175582886
v -0.8933536410331726 0.07480359077453613 0.3260284662246704
v -0.8880032896995544 0.07152038812637329 0.3287036418914795
v -0.8774242401123047 0.07152038812637329 0.3313788175582886
v -0.8668451309204102 0.06556206941604614 0.3313788175582886
v -0.8668451309204102 0.050362229347229004 0.3260284662246704
v -0.8668451309204102 0.03978312015533447 0.32469087839126587
v -0.8721954822540283 0.03443276882171631 0.32298851013183594
v -0.8721954822540283 0.027744829654693604 0.3260284662246704
v -0.8880032896995544 0.013274550437927246 0.32675808668136597
v -0.8827745914459229 0.023853659629821777 0.3257852792739868
v -0.8827745914459229 0.011207401752471924 0.3313788175582886
v -0.8880032896995544 0.002695441246032715 0.33150041103363037
v -0.888124942779541 -0.0026549100875854492 0.3313788175582886
v -0.8880032896995544 -0.005208492279052734 0.3260284662246704
v -0.8827745914459229 -0.005938053131103516 0.3207997679710388
v -0.8827745914459229 -0.0026549100875854492 0.3170301914215088
v -0.8827745914459229 -0.0016821026802062988 0.31544941663742065
v -0.8827745914459229 -0.004965245723724365 0.3100990653038025
v -0.8774242401123047 -0.0026549100875854492 0.30681586265563965
v -0.8774242401123047 -0.008005261421203613 0.3058430552482605
v -0.8774242401123047 -0.01603078842163086 0.3048703074455261
v -0.8766946196556091 -0.018584370613098145 0.3048703074455261
v -0.8742626309394836 -0.023813068866729736 0.29951995611190796
v -0.8719522953033447 -0.0291634202003479 0.29951995611190796
v -0.8737762570381165 -0.034513771533966064 0.29951995611190796
v -0.8745058178901672 -0.0291634202003479 0.2942911982536316
v -0.8774242401123047 -0.0291634202003479 0.29283201694488525
v -0.8774242401123047 -0.034513771533966064 0.29380476474761963
v -0.8774242401123047 -0.037188947200775146 0.29951995611190796
v -0.8763298392295837 -0.034513771533966064 0.3048703074455261
v -0.8933536410331726 -0.037796974182128906 0.31544941663742065
v -0.8933536410331726 -0.037796974182128906 0.3100990653038025
v -0.8880032896995544 -0.035851359367370605 0.31544941663742065
v -0.8880032896995544 -0.037796974182128906 0.3100990653038025
v -0.8827745914459229 -0.03560817241668701 0.3100990653038025
v -0.8889760971069336 -0.0291634202003479 0.3260284662246704
v -0.8859361410140991 -0.018584370613098145 0.33660757541656494
v -0.8844769597053528 -0.01323401927947998 0.35253703594207764
v -0.87949138879776 0.002695441246032715 0.35253703594207764
v -0.8740194439888 0.013274550437927246 0.3578873872756958
v -0.8813153505325317 0.002695441246032715 0.36846649646759033
v -0.8770594000816345 0.018503308296203613 0.3738168478012085
v -0.8779106140136719 0.023853659629821777 0.37904560565948486
v -0.8774242401123047 0.03443276882171631 0.380626380443573
v -0.8827745914459229 0.02920401096343994 0.38184237480163574
v -0.8880032896995544 0.0346759557723999 0.37904560565948486
v -0.8933536410331726 0.03978312015533447 0.3706552982330322
v -0.8987039923667908 0.03978312015533447 0.3716280460357666
v -0.9039327502250671 0.04501187801361084 0.37199288606643677
v -0.9092831015586853 0.050362229347229004 0.3689528703689575
v -0.9145118594169617 0.049389421939849854 0.36846649646759033
v -0.9145118594169617 0.051091790199279785 0.36311614513397217
v -0.9145118594169617 0.05571258068084717 0.3581305742263794
v -0.9145118594169617 0.06094127893447876 0.3576442003250122
v -0.9145118594169617 0.07687073945999146 0.3603193759918213
v -0.9145118594169617 0.08222109079360962 0.3601977825164795
v -0.9145118594169617 0.08744984865188599 0.35898178815841675
v -0.9098911285400391 0.10872966051101685 0.35253703594207764
v -0.9094046950340271 0.10872966051101685 0.34730827808380127
v -0.9102559089660645 0.09280019998550415 0.3419579267501831
v -0.9056351184844971 0.08222109079360962 0.33660757541656494
v -0.9058783650398254 0.07687073945999146 0.33660757541656494
v -0.9039327502250671 0.07152038812637329 0.33831000328063965
v -0.9092831015586853 0.06629163026809692 0.3400123715400696
v -0.9092831015586853 0.06094127893447876 0.3418363332748413
v -0.9039327502250671 0.06094127893447876 0.3463355302810669
v -0.9096479415893555 0.05571258068084717 0.3419579267501831
v -0.9039327502250671 0.05571258068084717 0.3442683219909668
v -0.9000415802001953 0.06094127893447876 0.3419579267501831
v -0.8976096510887146 0.06094127893447876 0.33660757541656494
v -0.8933536410331726 0.06458926200866699 0.3313788175582886
v -0.8827745914459229 0.06629163026809692 0.330527663230896
v -0.8721954822540283 0.06094127893447876 0.3283388614654541
v -0.8721954822540283 0.03978312015533447 0.32262372970581055
v -0.8774242401123047 0.03978312015533447 0.32323169708251953
v -0.8774242401123047 0.03443276882171631 0.32286691665649414
v -0.8827745914459229 0.02920401096343994 0.3244476914405823
v -0.8827745914459229 0.03443276882171631 0.3239613175392151
v -0.8880032896995544 0.02920401096343994 0.3234749436378479
v -0.8933536410331726 0.018503308296203613 0.31994855403900146
v -0.8945696353912354 0.013274550437927246 0.3207997679710388
v -0.8987039923667908 0.002695441246032715 0.32505571842193604
v -0.8933536410331726 0.002695441246032715 0.3274877071380615
v -0.8933536410331726 -0.0026549100875854492 0.32687968015670776
v -0.8933536410331726 -0.006789267063140869 0.3207997679710388
v -0.8880032896995544 -0.0060596466064453125 0.31544941663742065
v -0.8827745914459229 -0.008005261421203613 0.30876147747039795
v -0.8827745914459229 -0.01323401927947998 0.3057214617729187
v -0.8827745914459229 -0.018584370613098145 0.3011007308959961
v -0.8774242401123047 -0.020651519298553467 0.29951995611190796
v -0.8774242401123047 -0.025880277156829834 0.2942911982536316
v -0.8827745914459229 -0.0291634202003479 0.29356157779693604
v -0.8827745914459229 -0.034513771533966064 0.2945343852043152
v -0.8827745914459229 -0.037796974182128906 0.29951995611190796
v -0.8827745914459229 -0.0379185676574707 0.3048703074455261
v -0.8880032896995544 -0.037796974182128906 0.3048703074455261
v -0.8933536410331726 -0.03597301244735718 0.3048703074455261
v -0.8987039923667908 -0.036094605922698975 0.3100990653038025
v -0.8987039923667908 -0.03767538070678711 0.31544941663742065
v -0.8987039923667908 -0.03755378723144531 0.3207997679710388
v -0.8933536410331726 -0.03621619939804077 0.3207997679710388
v -0.8933536410331726 -0.032689809799194336 0.3313788175582886
v -0.8987039923667908 -0.04545772075653076 0.3578873872756958
v -0.8987039923667908 -0.045092880725860596 0.36311614513397217
v -0.8853281736373901 -0.01323401927947998 0.36311614513397217
v -0.8856929540634155 -0.0026549100875854492 0.3738168478012085
v -0.8827745914459229 0.018503308296203613 0.37965357303619385
v -0.8827745914459229 0.023853659629821777 0.38135600090026855
v -0.8880032896995544 0.02920401096343994 0.38135600090026855
v -0.8933536410331726 0.02920401096343994 0.380018413066864
v -0.8987039923667908 0.02969038486480713 0.37904560565948486
v -0.9087967276573181 0.04501187801361084 0.3738168478012085
v -0.9145118594169617 0.04671424627304077 0.37904560565948486
v -0.9163358211517334 0.050362229347229004 0.3738168478012085
v -0.9179166555404663 0.05571258068084717 0.37904560565948486
v -0.9180382490158081 0.05571258068084717 0.384395956993103
v -0.9222941994667053 0.06629163026809692 0.3896247148513794
v -0.925212562084198 0.05571258068084717 0.3913270831108093
v -0.925212562084198 0.06629163026809692 0.3915702700614929
v -0.9304413199424744 0.06629163026809692 0.3902326822280884
v -0.9349404573440552 0.06629163026809692 0.384395956993103
v -0.9326301217079163 0.07152038812637329 0.37904560565948486
v -0.9304413199424744 0.06981801986694336 0.3738168478012085
v -0.925212562084198 0.05948209762573242 0.36846649646759033
v -0.9198622107505798 0.05595576763153076 0.3738168478012085
v -0.9198622107505798 0.05230778455734253 0.36846649646759033
v -0.9198622107505798 0.05194300413131714 0.36311614513397217
v -0.9198622107505798 0.05571258068084717 0.35946816205978394
v -0.9198622107505798 0.06094127893447876 0.3578873872756958
v -0.9198622107505798 0.07152038812637329 0.357157826423645
v -0.9198622107505798 0.07687073945999146 0.3559418320655823
v -0.9199838042259216 0.08222109079360962 0.35253703594207764
v -0.9145118594169617 0.09535378217697144 0.34730827808380127
v -0.9145118594169617 0.0867202877998352 0.3419579267501831
v -0.9145118594169617 0.07687073945999146 0.3380667567253113
v -0.9145118594169617 0.07152038812637329 0.3373371958732605
v -0.9198622107505798 0.07152038812637329 0.3395259380340576
v -0.9145118594169617 0.06629163026809692 0.3375803828239441
v -0.9145118594169617 0.05571258068084717 0.33891797065734863
v -0.9092831015586853 0.050362229347229004 0.3400123715400696
v -0.9039327502250671 0.05376696586608887 0.3419579267501831
v -0.8983392119407654 0.05571258068084717 0.33660757541656494
v -0.8933536410331726 0.06094127893447876 0.3328379988670349
v -0.8827745914459229 0.06094127893447876 0.32955485582351685
v -0.8880032896995544 0.04501187801361084 0.32724446058273315
v -0.8933536410331726 0.03443276882171631 0.32311010360717773
v -0.8933536410331726 0.02920401096343994 0.3214077353477478
v -0.8987039923667908 0.023853659629821777 0.3186109662055969
v -0.8987039923667908 0.018503308296203613 0.317516565322876
v -0.8987039923667908 0.013274550437927246 0.31836777925491333
v -0.9039327502250671 0.013274550437927246 0.3187325596809387
v -0.9039327502250671 0.007924199104309082 0.3209213614463806
v -0.9039327502250671 0.002695441246032715 0.3239613175392151
v -0.8987039923667908 -0.0026549100875854492 0.3257852792739868
v -0.8987039923667908 -0.008005261421203613 0.3216509222984314
v -0.8880032896995544 -0.01323401927947998 0.3075454831123352
v -0.8827745914459229 -0.023813068866729736 0.2959935665130615
v -0.8880032896995544 -0.0291634202003479 0.2966015934944153
v -0.8880032896995544 -0.03560817241668701 0.29951995611190796
v -0.9015008211135864 -0.034513771533966064 0.3100990653038025
v -0.9039327502250671 -0.035851359367370605 0.31544941663742065
v -0.9039327502250671 -0.037188947200775146 0.3207997679710388
v -0.8987039923667908 -0.03706735372543335 0.3260284662246704
v -0.8987039923667908 -0.03755378723144531 0.3313788175582886
v -0.8991904258728027 -0.03974252939224243 0.33660757541656494
v -0.9013791680335999 -0.045092880725860596 0.3419579267501831
v -0.9069727659225464 -0.06102234125137329 0.35253703594207764
v -0.9132958650588989 -0.07683020830154419 0.35253703594207764
v -0.9069727659225464 -0.06102234125137329 0.3578873872756958
v -0.902351975440979 -0.045092880725860596 0.3738168478012085
v -0.8987039923667908 -0.038891375064849854 0.3738168478012085
v -0.9039327502250671 -0.0291634202003479 0.38427436351776123
v -0.9000415802001953 -0.034513771533966064 0.37904560565948486
v -0.8952992558479309 -0.018584370613098145 0.37904560565948486
v -0.8880032896995544 0.007924199104309082 0.37953197956085205
v -0.8880032896995544 0.023853659629821777 0.38208556175231934
v -0.8987039923667908 0.023853659629821777 0.38135600090026855
v -0.9039327502250671 0.032851994037628174 0.37904560565948486
v -0.9145118594169617 0.03978312015533447 0.38232874870300293
v -0.9169438481330872 0.04501187801361084 0.384395956993103
v -0.9198622107505798 0.050362229347229004 0.3878006935119629
v -0.925212562084198 0.04501187801361084 0.3896247148513794
v -0.9303197264671326 0.050362229347229004 0.3896247148513794
v -0.9357916712760925 0.06094127893447876 0.3846391439437866
v -0.9357916712760925 0.06750762462615967 0.37904560565948486
v -0.9356700778007507 0.06629163026809692 0.3738168478012085
v -0.9378588199615479 0.06094127893447876 0.3738168478012085
v -0.9357916712760925 0.050362229347229004 0.3667641282081604
v -0.9357916712760925 0.06094127893447876 0.37016886472702026
v -0.9304413199424744 0.06094127893447876 0.3673720955848694
v -0.925212562084198 0.055226147174835205 0.36311614513397217
v -0.925212562084198 0.058995723724365234 0.3578873872756958
v -0.925212562084198 0.06787246465682983 0.35253703594207764
v -0.9265501499176025 0.06629163026809692 0.34730827808380127
v -0.9198622107505798 0.07687073945999146 0.3418363332748413
v -0.9198622107505798 0.06629163026809692 0.33843159675598145
v -0.9198622107505798 0.05571258068084717 0.3377019762992859
v -0.9145118594169617 0.050362229347229004 0.3378235697746277
v -0.9092831015586853 0.04707902669906616 0.33660757541656494
v -0.8933536410331726 0.050362229347229004 0.3308924436569214
v -0.8987039923667908 0.02920401096343994 0.32067811489105225
v -0.9039327502250671 0.023853659629821777 0.31970536708831787
v -0.9039327502250671 0.018503308296203613 0.31836777925491333
v -0.9092831015586853 0.013274550437927246 0.3209213614463806
v -0.9092831015586853 0.007924199104309082 0.32213735580444336
v -0.9039327502250671 -0.0026549100875854492 0.32529890537261963
v -0.9092831015586853 -0.008005261421203613 0.3235965371131897
v -0.9145118594169617 -0.012869179248809814 0.3207997679710388
v -0.9092831015586853 -0.011774837970733643 0.3207997679710388
v -0.9039327502250671 -0.018584370613098145 0.31155824661254883
v -0.9039327502250671 -0.023813068866729736 0.30924785137176514
v -0.9039327502250671 -0.0291634202003479 0.30888307094573975
v -0.9092831015586853 -0.034513771533966064 0.3188541531562805
v -0.9039327502250671 -0.03974252939224243 0.32931166887283325
v -0.9087967276573181 -0.045092880725860596 0.3313788175582886
v -0.9039327502250671 -0.045092880725860596 0.33660757541656494
v -0.9080671072006226 -0.06102234125137329 0.34730827808380127
v -0.925212562084198 -0.1106346845626831 0.33660757541656494
v -0.9185246229171753 -0.08753091096878052 0.3419579267501831
v -0.9284957647323608 -0.13519763946533203 0.3419579267501831
v -0.9186462163925171 -0.09275966882705688 0.34730827808380127
v -0.9186462163925171 -0.09275966882705688 0.35253703594207764
v -0.9304413199424744 -0.1263209581375122 0.3578873872756958
v -0.9179166555404663 -0.08753091096878052 0.3578873872756958
v -0.9092831015586853 -0.0587119460105896 0.36846649646759033
v -0.9092831015586853 -0.05348324775695801 0.3738168478012085
v -0.9039327502250671 -0.03974252939224243 0.3802616000175476
v -0.9092831015586853 -0.034513771533966064 0.38561195135116577
v -0.9039327502250671 -0.018584370613098145 0.3847607374191284
v -0.8933536410331726 0.002695441246032715 0.3811127543449402
v -0.9198622107505798 0.002695441246032715 0.38561195135116577
v -0.9092831015586853 0.018503308296203613 0.38403117656707764
v -0.9145118594169617 0.03443276882171631 0.3833015561103821
v -0.9198622107505798 0.03443276882171631 0.3851255178451538
v -0.925212562084198 0.03443276882171631 0.38609832525253296
v -0.9304413199424744 0.02920401096343994 0.3829367756843567
v -0.9357916712760925 0.02920401096343994 0.3783159852027893
v -0.9348188638687134 0.04501187801361084 0.384395956993103
v -0.9378588199615479 0.06094127893447876 0.37904560565948486
v -0.938223659992218 0.04501187801361084 0.3738168478012085
v -0.9357916712760925 0.04537665843963623 0.36311614513397217
v -0.9304413199424744 0.05473977327346802 0.36311614513397217
v -0.9304413199424744 0.05571258068084717 0.3572794198989868
v -0.9304413199424744 0.05948209762573242 0.35253703594207764
v -0.9357916712760925 0.05024063587188721 0.34730827808380127
v -0.9345756769180298 0.04501187801361084 0.3419579267501831
v -0.925212562084198 0.06094127893447876 0.3413499593734741
v -0.9198622107505798 0.04501187801361084 0.3353915810585022
v -0.9120798707008362 0.03978312015533447 0.3313788175582886
v -0.9145118594169617 0.023853659629821777 0.3254204988479614
v -0.9145118594169617 0.013274550437927246 0.3235965371131897
v -0.9145118594169617 0.007924199104309082 0.32335329055786133
v -0.9198622107505798 -0.012139618396759033 0.3207997679710388
v -0.9145118594169617 -0.018584370613098145 0.31788134574890137
v -0.9145118594169617 -0.023813068866729736 0.3167870044708252
v -0.9145118594169617 -0.0291634202003479 0.31836777925491333
v -0.9145118594169617 -0.034513771533966064 0.3217725157737732
v -0.9108638763427734 -0.03974252939224243 0.3260284662246704
v -0.9198622107505798 -0.045092880725860596 0.32505571842193604
v -0.9145118594169617 -0.05032163858413696 0.32991963624954224
v -0.9179166555404663 -0.06102234125137329 0.3313788175582886
v -0.9181598424911499 -0.07683020830154419 0.33660757541656494
v -0.9316573143005371 -0.11926817893981934 0.3260284662246704
v -0.9325084686279297 -0.1405479907989502 0.3260284662246704
v -0.9315357208251953 -0.15112709999084473 0.3313788175582886
v -0.9336028695106506 -0.16705656051635742 0.3260284662246704
v -0.9311709403991699 -0.15112709999084473 0.33660757541656494
v -0.9317789077758789 -0.14577674865722656 0.34730827808380127
v -0.9357916712760925 -0.15112709999084473 0.35229384899139404
v -0.9410204291343689 -0.18845796585083008 0.33660757541656494
v -0.9410204291343689 -0.1722853183746338 0.34730827808380127
v -0.9400476217269897 -0.15112709999084473 0.3578873872756958
v -0.9227805733680725 -0.08753091096878052 0.36846649646759033
v -0.9169438481330872 -0.05567198991775513 0.37904560565948486
v -0.9304413199424744 -0.05032163858413696 0.38573354482650757
v -0.9304413199424744 -0.06625109910964966 0.38366633653640747
v -0.925212562084198 -0.05032163858413696 0.3846391439437866
v -0.9198622107505798 -0.034513771533966064 0.38658469915390015
v -0.9145118594169617 -0.034513771533966064 0.38658469915390015
v -0.9092831015586853 -0.023813068866729736 0.38658469915390015
v -0.925212562084198 -0.008005261421203613 0.3875575065612793
v -0.925212562084198 0.007924199104309082 0.3846391439437866
v -0.9198622107505798 0.02920401096343994 0.3846391439437866
v -0.925212562084198 0.023853659629821777 0.38415277004241943
v -0.9304413199424744 0.018503308296203613 0.38196396827697754
v -0.9357916712760925 0.023853659629821777 0.3778296113014221
v -0.9385884404182434 0.03443276882171631 0.3738168478012085
v -0.9383452534675598 0.03978312015533447 0.3738168478012085
v -0.9400476217269897 0.03443276882171631 0.36311614513397217
v -0.933846116065979 0.050362229347229004 0.3578873872756958
v -0.9357916712760925 0.051091790199279785 0.35253703594207764
v -0.9400476217269897 0.03978312015533447 0.34730827808380127
v -0.9383452534675598 0.03443276882171631 0.3419579267501831
v -0.9357916712760925 0.023853659629821777 0.33636438846588135
v -0.9304413199424744 0.04501187801361084 0.33855319023132324
v -0.925212562084198 0.031149566173553467 0.3313788175582886
v -0.925212562084198 0.018503308296203613 0.3263933062553406
v -0.925212562084198 -0.0026549100875854492 0.3214077353477478
v -0.9304413199424744 -0.008005261421203613 0.3209213614463806
v -0.9198622107505798 -0.018584370613098145 0.3195837736129761
v -0.9198622107505798 -0.034513771533966064 0.32274532318115234
v -0.925212562084198 -0.03974252939224243 0.32335329055786133
v -0.925212562084198 -0.05032163858413696 0.3239613175392151
v -0.9304413199424744 -0.08753091096878052 0.3242045044898987
v -0.9357916712760925 -0.11403942108154297 0.32043492794036865
v -0.9357916712760925 -0.12984728813171387 0.32007014751434326
v -0.9368860721588135 -0.17763563990592957 0.3100990653038025
v -0.9357916712760925 -0.19125473499298096 0.31544941663742065
v -0.9362780451774597 -0.19356510043144226 0.3207997679710388
v -0.9463707804679871 -0.16170620918273926 0.358373761177063
v -0.9463707804679871 -0.12024098634719849 0.3738168478012085
v -0.9410204291343689 -0.12802332639694214 0.36846649646759033
v -0.9308061003684998 -0.08218055963516235 0.37904560565948486
v -0.9410204291343689 -0.0743982195854187 0.384395956993103
v -0.9410204291343689 -0.05567198991775513 0.38597673177719116
v -0.9304413199424744 -0.0291634202003479 0.385490357875824
v -0.9304413199424744 -0.008005261421203613 0.3867063522338867
v -0.9304413199424744 0.007924199104309082 0.3826935887336731
v -0.9475867748260498 0.002695441246032715 0.36846649646759033
v -0.9453979730606079 0.007924199104309082 0.36846649646759033
v -0.9410204291343689 0.027623236179351807 0.36846649646759033
v -0.9449115991592407 0.023853659629821777 0.3578873872756958
v -0.9402908086776733 0.03978312015533447 0.35253703594207764
v -0.9429659843444824 0.023853659629821777 0.34730827808380127
v -0.9410204291343689 0.018503308296203613 0.3413499593734741
v -0.9458843469619751 0.007924199104309082 0.3419579267501831
v -0.9411420226097107 0.002695441246032715 0.3313788175582886
v -0.9304413199424744 0.007924199104309082 0.32517731189727783
v -0.9357916712760925 -0.008005261421203613 0.32262372970581055
v -0.9357916712760925 -0.01323401927947998 0.3216509222984314
v -0.9357916712760925 -0.018584370613098145 0.3217725157737732
v -0.9410204291343689 -0.018584370613098145 0.3235965371131897
v -0.9357916712760925 -0.0291634202003479 0.32335329055786133
v -0.9357916712760925 -0.05032163858413696 0.3214077353477478
v -0.9357916712760925 -0.08400452136993408 0.3207997679710388
v -0.9410204291343689 -0.10868912935256958 0.31617897748947144
v -0.9463707804679871 -0.11403942108154297 0.3125309944152832
v -0.9410204291343689 -0.12984728813171387 0.31326061487197876
v -0.942601203918457 -0.1722853183746338 0.29951995611190796
v -0.5116548538208008 -0.06625109910964966 -0.15489500761032104
v -0.5116548538208008 -0.07160145044326782 -0.1539222002029419
v -0.5010757446289062 -0.06102234125137329 -0.155746191740036
v -0.4957253932952881 -0.06625109910964966 -0.15635418891906738
v -0.474567174911499 -0.03974252939224243 -0.3039751946926117
v -0.48514628410339355 -0.03974252939224243 -0.30288082361221313
v -0.474567174911499 -0.034513771533966064 -0.3036103844642639
v -0.4638664722442627 -0.034513771533966064 -0.30446159839630127
v -0.45863771438598633 -0.023813068866729736 -0.3055559992790222
v -0.4480586647987366 -0.018584370613098145 -0.30701518058776855
v -0.48514628410339355 0.04999738931655884 -0.2358798384666443
v -0.4903750419616699 0.050362229347229004 -0.23721742630004883
v -0.48514628410339355 0.050727009773254395 -0.23065108060836792
v -0.4903750419616699 0.051699817180633545 -0.23065108060836792
v -0.48697030544281006 0.050362229347229004 -0.22530072927474976
v -0.4903750419616699 0.0506054162979126 -0.22530072927474976
v -0.4957253932952881 0.04902464151382446 -0.23065108060836792
v -0.4957253932952881 0.0484166145324707 -0.2358798384666443
v -0.4903750419616699 0.048295021057128906 -0.24123018980026245
v -0.48514628410339355 0.047565460205078125 -0.24123018980026245
v -0.48514628410339355 0.04501187801361084 -0.2448781430721283
v -0.474567174911499 0.044647037982940674 -0.24123018980026245
v -0.4002702832221985 0.12855029106140137 -0.20937129855155945
v -0.3950415253639221 0.12891507148742676 -0.20414254069328308
v -0.3950415253639221 0.12684786319732666 -0.20937129855155945
v -0.39248794317245483 0.12453752756118774 -0.20937129855155945
v -0.3843408226966858 0.11699837446212769 -0.2147216498851776
v -0.37205934524536133 0.11395841836929321 -0.20937129855155945
v -0.3813008666038513 0.11930876970291138 -0.20414254069328308
v -0.38981276750564575 0.12453752756118774 -0.20414254069328308
v -0.4002702832221985 0.12745589017868042 -0.19879218935966492
v -0.4002702832221985 0.1304958462715149 -0.20414254069328308
v -0.40562063455581665 0.13098227977752686 -0.20414254069328308
v -0.40562063455581665 0.1298878788948059 -0.2018321454524994
v -0.4087821841239929 0.1298878788948059 -0.20414254069328308
v -0.410849392414093 0.127699077129364 -0.20414254069328308
v -0.40562063455581665 0.12891507148742676 -0.20937129855155945
v -0.40562063455581665 0.12453752756118774 -0.21241125464439392
v -0.4002702832221985 0.12453752756118774 -0.21265444159507751
v -0.4002702832221985 0.11930876970291138 -0.21581602096557617
v -0.3950415253639221 0.11395841836929321 -0.21836960315704346
v -0.3900560140609741 0.10872966051101685 -0.2200719714164734
v -0.3950415253639221 0.10872966051101685 -0.21824800968170166
v -0.38969117403030396 0.11395841836929321 -0.21861279010772705
v -0.3791120648384094 0.10933762788772583 -0.2200719714164734
v -0.36853301525115967 0.11128324270248413 -0.2147216498851776
v -0.3631826639175415 0.11043202877044678 -0.20937129855155945
v -0.37376171350479126 0.11395841836929321 -0.19879218935966492
v -0.3791120648384094 0.11395841836929321 -0.19587382674217224
v -0.3843408226966858 0.11395841836929321 -0.19441461563110352
v -0.38969117403030396 0.11395841836929321 -0.19417142868041992
v -0.4002702832221985 0.12453752756118774 -0.1969681978225708
v -0.40562063455581665 0.12733429670333862 -0.19879218935966492
v -0.41182219982147217 0.12453752756118774 -0.20414254069328308
v -0.410849392414093 0.12453752756118774 -0.20937129855155945
v -0.40975499153137207 0.11930876970291138 -0.20937129855155945
v -0.40562063455581665 0.11930876970291138 -0.21399202942848206
v -0.40294545888900757 0.11395841836929321 -0.2147216498851776
v -0.39200156927108765 0.09802895784378052 -0.2147216498851776
v -0.3860432505607605 0.09802895784378052 -0.2200719714164734
v -0.3791120648384094 0.09802895784378052 -0.22371995449066162
v -0.37376171350479126 0.10337930917739868 -0.22286877036094666
v -0.36853301525115967 0.10800004005432129 -0.2200719714164734
v -0.3631826639175415 0.10836488008499146 -0.2200719714164734
v -0.3631826639175415 0.11006724834442139 -0.2147216498851776
v -0.3631826639175415 0.1510460376739502 -0.20937129855155945
v -0.36853301525115967 0.1506812572479248 -0.2147216498851776
v -0.3698706030845642 0.1510460376739502 -0.20937129855155945
v -0.37145137786865234 0.1458173394203186 -0.2147216498851776
v -0.3724241256713867 0.1458173394203186 -0.20937129855155945
v -0.36853301525115967 0.1458173394203186 -0.20523691177368164
v -0.3709649443626404 0.14046698808670044 -0.20937129855155945
v -0.3698706030845642 0.14046698808670044 -0.2147216498851776
v -0.36853301525115967 0.1458173394203186 -0.2173968255519867
v -0.3631826639175415 0.1458173394203186 -0.21873441338539124
v -0.35783231258392334 0.1458173394203186 -0.21788319945335388
v -0.35783231258392334 0.14046698808670044 -0.219707190990448
v -0.352603554725647 0.14046698808670044 -0.2195855975151062
v -0.3631826639175415 0.15031647682189941 -0.2147216498851776
v -0.35783231258392334 0.14910048246383667 -0.20937129855155945
v -0.3313237428665161 0.13523823022842407 -0.2148432433605194
v -0.3405652642250061 0.14046698808670044 -0.2147216498851776
v -0.3366740942001343 0.1391294002532959 -0.20937129855155945
v -0.35783231258392334 0.1458173394203186 -0.20487213134765625
v -0.352603554725647 0.13523823022842407 -0.20012977719306946
v -0.34202444553375244 0.13523823022842407 -0.20012977719306946
v -0.3631826639175415 0.1459389328956604 -0.20414254069328308
v -0.366222620010376 0.14046698808670044 -0.20414254069328308
v -0.36281782388687134 0.13523823022842407 -0.20414254069328308
v -0.36670899391174316 0.13523823022842407 -0.20937129855155945
v -0.36452025175094604 0.13523823022842407 -0.2147216498851776
v -0.3631826639175415 0.14046698808670044 -0.21909919381141663
v -0.352603554725647 0.1298878788948059 -0.2173968255519867
v -0.352603554725647 0.13523823022842407 -0.219707190990448
v -0.3472532033920288 0.14046698808670044 -0.21849119663238525
v -0.3366740942001343 0.1298878788948059 -0.2216527760028839
v -0.3313237428665161 0.13134706020355225 -0.2200719714164734
v -0.3207446336746216 0.12709110975265503 -0.2200719714164734
v -0.32609498500823975 0.12879347801208496 -0.2200719714164734
v -0.3207446336746216 0.12830710411071777 -0.2147216498851776
v -0.3207446336746216 0.12879347801208496 -0.20937129855155945
v -0.3155158758163452 0.12696951627731323 -0.20414254069328308
v 0.01888096332550049 0.03978312015533447 -0.15112543106079102
v 0.029216885566711426 0.06094127893447876 -0.15550300478935242
v 0.02946007251739502 0.06629163026809692 -0.15112543106079102
v 0.0322568416595459 0.07152038812637329 -0.15635418891906738
v 0.4691615104675293 0.1601659655570984 -0.3472644090652466
v 0.4480034112930298 -0.12011939287185669 -0.4056318402290344
v 0.45152974128723145 -0.11926817893981934 -0.4108605980873108
v 0.45335376262664795 -0.12376737594604492 -0.4056318402290344
v 0.5333657264709473 -0.15112709999084473 -0.32075583934783936
v 0.5328793525695801 -0.1563558578491211 -0.319296658039093
v 0.5381081104278564 -0.15112709999084473 -0.3194182515144348
v 0.6276048421859741 -0.1722853183746338 -0.3419140577316284
v 0.631009578704834 -0.1722853183746338 -0.33668529987335205
v 0.6318608522415161 -0.17763563990592957 -0.33668529987335205
v 0.6366032361984253 -0.18286439776420593 -0.3261061906814575
v 0.634049654006958 -0.17763563990592957 -0.3313349485397339
v 0.6323472261428833 -0.16705656051635742 -0.3261061906814575
v 0.6389135122299194 -0.18408039212226868 -0.3154054880142212
v 0.6335631608963013 -0.1722853183746338 -0.3154054880142212
v 0.6293072700500488 -0.16170620918273926 -0.32075583934783936
v 0.6313744783401489 -0.16705656051635742 -0.3313349485397339
v 0.6229841709136963 -0.1563558578491211 -0.33644211292266846
v 0.6229841709136963 -0.16705656051635742 -0.3448324203491211
v 0.6221328973770142 -0.1722853183746338 -0.3472644090652466
v 0.6229841709136963 -0.17763563990592957 -0.3472644090652466
v 0.5858964920043945 -0.19356510043144226 -0.31431108713150024
v 0.5911252498626709 -0.17763563990592957 -0.30312401056289673
v 0.6335631608963013 -0.18006762862205505 -0.30482637882232666
v 0.6318608522415161 -0.1722853183746338 -0.3101767301559448
v 0.6286993026733398 -0.16705656051635742 -0.3101767301559448
v 0.6176338195800781 -0.14796555042266846 -0.3154054880142212
v 0.6256593465805054 -0.1563558578491211 -0.32075583934783936
v 0.6194577217102051 -0.14577674865722656 -0.3313349485397339
v 0.6175121068954468 -0.1405479907989502 -0.33668529987335205
v 0.6176338195800781 -0.15112709999084473 -0.34094125032424927
v 0.6097298860549927 -0.16170620918273926 -0.35261476039886475
v 0.5964756011962891 -0.17763563990592957 -0.36161306500434875
v 0.5858964920043945 -0.18286439776420593 -0.36586901545524597
v 0.5805461406707764 -0.1880931556224823 -0.3154054880142212
v 0.5805461406707764 -0.18286439776420593 -0.31358152627944946
v 0.5646166801452637 -0.16705656051635742 -0.3106631338596344
v 0.5803029537200928 -0.16705656051635742 -0.30482637882232666
v 0.6070547103881836 -0.1882147490978241 -0.2970440685749054
v 0.6124050617218018 -0.18286439776420593 -0.29607129096984863
v 0.6282128095626831 -0.1882147490978241 -0.29607129096984863
v 0.6176338195800781 -0.1563558578491211 -0.30701518058776855
v 0.6125266551971436 -0.1405479907989502 -0.3154054880142212
v 0.6162961721420288 -0.13519763946533203 -0.3313349485397339
v 0.6165393590927124 -0.13519763946533203 -0.33668529987335205
v 0.6116753816604614 -0.1246185302734375 -0.3313349485397339
v 0.6117969751358032 -0.1246185302734375 -0.33668529987335205
v 0.6081490516662598 -0.11926817893981934 -0.3419140577316284
v 0.6133778095245361 -0.12984728813171387 -0.3419140577316284
v 0.615566611289978 -0.13519763946533203 -0.3419140577316284
v 0.6162961721420288 -0.1405479907989502 -0.3419140577316284
v 0.6124050617218018 -0.15112709999084473 -0.34811556339263916
v 0.6026771068572998 -0.1563558578491211 -0.3578434884548187
v 0.6017043590545654 -0.16705656051635742 -0.35905948281288147
v 0.5972051620483398 -0.1722853183746338 -0.3631938397884369
v 0.5964756011962891 -0.16170620918273926 -0.3679361939430237
v 0.5964756011962891 -0.1563558578491211 -0.36696338653564453
v 0.5911252498626709 -0.15112709999084473 -0.3721921443939209
v 0.5911252498626709 -0.16705656051635742 -0.3723137378692627
v 0.5923411846160889 -0.1722853183746338 -0.36842259764671326
v 0.5858964920043945 -0.1722853183746338 -0.3718273639678955
v 0.5805461406707764 -0.1722853183746338 -0.3746241331100464
v 0.5699670314788818 -0.18286439776420593 -0.37997448444366455
v 0.5593879222869873 -0.18286439776420593 -0.3172294795513153
v 0.5593879222869873 -0.16705656051635742 -0.31151431798934937
v 0.5699670314788818 -0.1563558578491211 -0.3057991862297058
v 0.5805461406707764 -0.15112709999084473 -0.3038536012172699
v 0.5964756011962891 -0.16170620918273926 -0.2993544340133667
v 0.5858964920043945 -0.14577674865722656 -0.3033671975135803
v 0.5911252498626709 -0.1405479907989502 -0.3038536012172699
v 0.6017043590545654 -0.16170620918273926 -0.2988680601119995
v 0.6070547103881836 -0.1563558578491211 -0.3011784255504608
v 0.6096082925796509 -0.15112709999084473 -0.30482637882232666
v 0.6077842712402344 -0.1405479907989502 -0.3101767301559448
v 0.6043795347213745 -0.1246185302734375 -0.3154054880142212
v 0.6070547103881836 -0.12291616201400757 -0.32075583934783936
v 0.6105810403823853 -0.12984728813171387 -0.32075583934783936
v 0.6070547103881836 -0.11403942108154297 -0.3355908989906311
v 0.6048659086227417 -0.10868912935256958 -0.33668529987335205
v 0.6070547103881836 -0.11403942108154297 -0.3380228877067566
v 0.6021907329559326 -0.10868912935256958 -0.35261476039886475
v 0.5997587442398071 -0.11403942108154297 -0.3578434884548187
v 0.5996371507644653 -0.11926817893981934 -0.3578434884548187
v 0.6111890077590942 -0.12984728813171387 -0.3472644090652466
v 0.6100946664810181 -0.1405479907989502 -0.35261476039886475
v 0.5968403816223145 -0.1405479907989502 -0.36842259764671326
v 0.5911252498626709 -0.14358794689178467 -0.3737729489803314
v 0.5805461406707764 -0.1563558578491211 -0.3743809461593628
v 0.5805461406707764 -0.16705656051635742 -0.3749889135360718
v 0.5646166801452637 -0.17763563990592957 -0.3833792507648468
v 0.5494167804718018 -0.17763563990592957 -0.38970237970352173
v 0.5381081104278564 -0.18310761451721191 -0.3949311375617981
v 0.5115995407104492 -0.17763563990592957 -0.4011327028274536
v 0.5063707828521729 -0.1882147490978241 -0.39347195625305176
v 0.49007654190063477 -0.1722853183746338 -0.3949311375617981
v 0.4956700801849365 -0.1722853183746338 -0.3989439010620117
v 0.4860638380050659 -0.16705656051635742 -0.3949311375617981
v 0.49007654190063477 -0.18286439776420593 -0.38435202836990356
v 0.548687219619751 -0.19016033411026 -0.32075583934783936
v 0.548687219619751 -0.1722853183746338 -0.3105415403842926
v 0.5540375709533691 -0.16170620918273926 -0.3102983236312866
v 0.548687219619751 -0.1563558578491211 -0.311149537563324
v 0.5434584617614746 -0.16170620918273926 -0.3106631338596344
v 0.5434584617614746 -0.1563558578491211 -0.31358152627944946
v 0.5511192083358765 -0.15112709999084473 -0.3101767301559448
v 0.5540375709533691 -0.15112709999084473 -0.3087175488471985
v 0.5593879222869873 -0.14577674865722656 -0.30470478534698486
v 0.5593879222869873 -0.1405479907989502 -0.3036103844642639
v 0.5646166801452637 -0.12984728813171387 -0.30263760685920715
v 0.5751957893371582 -0.13519763946533203 -0.301056832075119
v 0.5805461406707764 -0.12984728813171387 -0.3015432357788086
v 0.6017043590545654 -0.1405479907989502 -0.3061639666557312
v 0.5869908332824707 -0.10868912935256958 -0.3101767301559448
v 0.58832848072052 -0.1246185302734375 -0.30482637882232666
v 0.5805461406707764 -0.10868912935256958 -0.30762314796447754
v 0.5805461406707764 -0.10333877801895142 -0.31175750494003296
v 0.5858964920043945 -0.10333877801895142 -0.31358152627944946
v 0.5911252498626709 -0.10333877801895142 -0.3177158832550049
v 0.6017043590545654 -0.10552752017974854 -0.3313349485397339
v 0.5975699424743652 -0.09811002016067505 -0.3419140577316284
v 0.6017043590545654 -0.10333877801895142 -0.34398120641708374
v 0.5964756011962891 -0.09871798753738403 -0.35261476039886475
v 0.5968403816223145 -0.10333877801895142 -0.3578434884548187
v 0.5924627780914307 -0.09811002016067505 -0.3578434884548187
v 0.5911252498626709 -0.10333877801895142 -0.3628290295600891
v 0.5964756011962891 -0.10868912935256958 -0.3610050678253174
v 0.5963540077209473 -0.1246185302734375 -0.3631938397884369
v 0.5911252498626709 -0.13519763946533203 -0.37365132570266724
v 0.5751957893371582 -0.1405479907989502 -0.38204166293144226
v 0.5646166801452637 -0.15672063827514648 -0.38435202836990356
v 0.548687219619751 -0.1563558578491211 -0.3917695879936218
v 0.5270426273345947 -0.12984728813171387 -0.4056318402290344
v 0.5275290012359619 -0.1722853183746338 -0.4012542963027954
v 0.5221786499023438 -0.16705656051635742 -0.4038078784942627
v 0.5169498920440674 -0.1722853183746338 -0.4033214747905731
v 0.5063707828521729 -0.16170620918273926 -0.4063614308834076
v 0.5010204315185547 -0.16705656051635742 -0.4036862552165985
v 0.4956700801849365 -0.16170620918273926 -0.4041726589202881
v 0.485090970993042 -0.14577674865722656 -0.4062398374080658
v 0.4798622131347656 -0.13519763946533203 -0.4101310074329376
v 0.4618656635284424 -0.13519763946533203 -0.40028148889541626
v 0.4691615104675293 -0.13519763946533203 -0.40538865327835083
v 0.47645747661590576 -0.14577674865722656 -0.40028148889541626
v 0.472079873085022 -0.15112709999084473 -0.38970237970352173
v 0.4691615104675293 -0.1539238691329956 -0.3791233003139496
v 0.485090970993042 -0.1816484034061432 -0.3737729489803314
v 0.5328793525695801 -0.19356510043144226 -0.32951095700263977
v 0.5434584617614746 -0.1722853183746338 -0.31151431798934937
v 0.5434584617614746 -0.16705656051635742 -0.3101767301559448
v 0.5328793525695801 -0.16170620918273926 -0.31662148237228394
v 0.5275290012359619 -0.1563558578491211 -0.32026946544647217
v 0.5230298042297363 -0.16170620918273926 -0.32075583934783936
v 0.5221786499023438 -0.15112709999084473 -0.32112061977386475
v 0.5328793525695801 -0.14577674865722656 -0.320147842168808
v 0.5381081104278564 -0.14577674865722656 -0.3189318776130676
v 0.5434584617614746 -0.14577674865722656 -0.3154054880142212
v 0.5540375709533691 -0.1405479907989502 -0.30531278252601624
v 0.548687219619751 -0.11926817893981934 -0.3042184114456177
v 0.5540375709533691 -0.11926817893981934 -0.30312401056289673
v 0.5540375709533691 -0.11403942108154297 -0.3038536012172699
v 0.5646166801452637 -0.11926817893981934 -0.3033671975135803
v 0.5805461406707764 -0.1246185302734375 -0.30239441990852356
v 0.5751957893371582 -0.11367464065551758 -0.30482637882232666
v 0.5699670314788818 -0.10868912935256958 -0.30750155448913574
v 0.5751957893371582 -0.10333877801895142 -0.31200072169303894
v 0.5805461406707764 -0.09811002016067505 -0.3199046552181244
v 0.5862612724304199 -0.09275966882705688 -0.3313349485397339
v 0.5964756011962891 -0.09920436143875122 -0.3313349485397339
v 0.5911252498626709 -0.09348922967910767 -0.33668529987335205
v 0.5913684368133545 -0.09275966882705688 -0.3419140577316284
v 0.583464503288269 -0.08753091096878052 -0.35261476039886475
v 0.5751957893371582 -0.08497732877731323 -0.3631938397884369
v 0.5855317115783691 -0.09275966882705688 -0.3578434884548187
v 0.5858964920043945 -0.10333877801895142 -0.3655042052268982
v 0.5911252498626709 -0.1246185302734375 -0.3692737817764282
v 0.5805461406707764 -0.11926817893981934 -0.37729930877685547
v 0.5723990201950073 -0.13519763946533203 -0.38435202836990356
v 0.5603606700897217 -0.10333877801895142 -0.38970237970352173
v 0.561090350151062 -0.1405479907989502 -0.38970237970352173
v 0.5434584617614746 -0.11926817893981934 -0.40028148889541626
v 0.5221786499023438 -0.11403942108154297 -0.4111037850379944
v 0.5134235620498657 -0.12984728813171387 -0.4108605980873108
v 0.5010204315185547 -0.13519763946533203 -0.4134141802787781
v 0.4956700801849365 -0.1405479907989502 -0.41183340549468994
v 0.485090970993042 -0.1246185302734375 -0.4171837270259857
v 0.45858240127563477 -0.11403942108154297 -0.4203453063964844
v 0.44763851165771484 -0.11403942108154297 -0.41621094942092896
v 0.4409506320953369 -0.11403942108154297 -0.4108605980873108
v 0.43742430210113525 -0.11428266763687134 -0.4056318402290344
v 0.4480034112930298 -0.1246185302734375 -0.39541754126548767
v 0.45335376262664795 -0.1339816451072693 -0.38970237970352173
v 0.466607928276062 -0.15112709999084473 -0.3631938397884369
v 0.45858240127563477 -0.1423720121383667 -0.36842259764671326
v 0.46587836742401123 -0.15112709999084473 -0.36842259764671326
v 0.4568800926208496 -0.1405479907989502 -0.3791233003139496
v 0.4691615104675293 -0.1562342643737793 -0.36842259764671326
v 0.47876787185668945 -0.1722853183746338 -0.36842259764671326
v 0.49044132232666016 -0.19088992476463318 -0.3631938397884369
v 0.4884958267211914 -0.18286439776420593 -0.35261476039886475
v 0.4963996410369873 -0.1722853183746338 -0.33668529987335205
v 0.5063707828521729 -0.17763563990592957 -0.3330373167991638
v 0.5148826837539673 -0.16705656051635742 -0.3261061906814575
v 0.5169498920440674 -0.15112709999084473 -0.3223366141319275
v 0.5221786499023438 -0.14577674865722656 -0.3196614384651184
v 0.521449089050293 -0.13519763946533203 -0.3154054880142212
v 0.5328793525695801 -0.12984728813171387 -0.3129734992980957
v 0.5381081104278564 -0.1246185302734375 -0.3101767301559448
v 0.5328793525695801 -0.11926817893981934 -0.3127303123474121
v 0.5381081104278564 -0.11403942108154297 -0.31127113103866577
v 0.548687219619751 -0.11403942108154297 -0.30494797229766846
v 0.548687219619751 -0.10333877801895142 -0.31139272451400757
v 0.5540375709533691 -0.10868912935256958 -0.3060423731803894
v 0.5593879222869873 -0.10868912935256958 -0.3060423731803894
v 0.5593879222869873 -0.09811002016067505 -0.31394630670547485
v 0.5699670314788818 -0.09811002016067505 -0.31662148237228394
v 0.5800597667694092 -0.09275966882705688 -0.3261061906814575
v 0.5805461406707764 -0.0882604718208313 -0.3313349485397339
v 0.5858964920043945 -0.08971965312957764 -0.33668529987335205
v 0.5751957893371582 -0.07695180177688599 -0.35261476039886475
v 0.5699670314788818 -0.07160145044326782 -0.35261476039886475
v 0.5730069875717163 -0.07683020830154419 -0.3578434884548187
v 0.5646166801452637 -0.08011335134506226 -0.3737729489803314
v 0.5805461406707764 -0.09275966882705688 -0.3628290295600891
v 0.5796948671340942 -0.10868912935256958 -0.3737729489803314
v 0.5699670314788818 -0.10333877801895142 -0.3813120722770691
v 0.5434584617614746 -0.09811002016067505 -0.40259188413619995
v 0.5115995407104492 -0.09275966882705688 -0.42496606707572937
v 0.534095287322998 -0.08218055963516235 -0.4108605980873108
v 0.5115995407104492 -0.07683020830154419 -0.42934364080429077
v 0.5063707828521729 -0.08218055963516235 -0.4308028221130371
v 0.4956700801849365 -0.08886849880218506 -0.43214040994644165
v 0.5010204315185547 -0.11926817893981934 -0.41839972138404846
v 0.4956700801849365 -0.1246185302734375 -0.4175485372543335
v 0.4691615104675293 -0.10868912935256958 -0.42496606707572937
v 0.4480034112930298 -0.10868912935256958 -0.42058849334716797
v 0.4426530599594116 -0.10868912935256958 -0.4175485372543335
v 0.43742430210113525 -0.10868912935256958 -0.4130493700504303
v 0.4320739507675171 -0.10905390977859497 -0.4056318402290344
v 0.4320739507675171 -0.11124265193939209 -0.40028148889541626
v 0.43742430210113525 -0.11489063501358032 -0.38435202836990356
v 0.4413154125213623 -0.11926817893981934 -0.38970237970352173
v 0.4414370059967041 -0.11926817893981934 -0.3791233003139496
v 0.44921934604644775 -0.12984728813171387 -0.36842259764671326
v 0.4542049169540405 -0.13519763946533203 -0.3631938397884369
v 0.4567584991455078 -0.13519763946533203 -0.3578434884548187
v 0.470863938331604 -0.15112709999084473 -0.35261476039886475
v 0.4777951240539551 -0.16705656051635742 -0.3578434884548187
v 0.4956700801849365 -0.1882147490978241 -0.34373801946640015
v 0.4798622131347656 -0.14577674865722656 -0.33875247836112976
v 0.49044132232666016 -0.15112709999084473 -0.3336453139781952
v 0.5010204315185547 -0.13264405727386475 -0.3261061906814575
v 0.5077084302902222 -0.1246185302734375 -0.32075583934783936
v 0.5169498920440674 -0.13519763946533203 -0.3171078562736511
v 0.5275290012359619 -0.1246185302734375 -0.31394630670547485
v 0.5328793525695801 -0.10868912935256958 -0.314919114112854
v 0.5540375709533691 -0.09811002016067505 -0.31358152627944946
v 0.5593879222869873 -0.08218055963516235 -0.3223366141319275
v 0.5687509775161743 -0.07683020830154419 -0.3313349485397339
v 0.5646166801452637 -0.07160145044326782 -0.3358340859413147
v 0.5699670314788818 -0.0742766261100769 -0.33668529987335205
v 0.5751957893371582 -0.07683020830154419 -0.3417924642562866
v 0.5699670314788818 -0.07160145044326782 -0.3472644090652466
v 0.5646166801452637 -0.067710280418396 -0.3578434884548187
v 0.5593879222869873 -0.07014226913452148 -0.3737729489803314
v 0.5593879222869873 -0.08218055963516235 -0.383014440536499
v 0.5434584617614746 -0.08218055963516235 -0.4021054804325104
v 0.5328793525695801 -0.07160145044326782 -0.4108605980873108
v 0.520841121673584 -0.06625109910964966 -0.4214397072792053
v 0.5242458581924438 -0.06102234125137329 -0.41621094942092896
v 0.5275290012359619 -0.047038495540618896 -0.4056318402290344
v 0.5328793525695801 -0.04825448989868164 -0.40028148889541626
v 0.5169498920440674 -0.045092880725860596 -0.41815653443336487
v 0.5381081104278564 -0.05105125904083252 -0.3949311375617981
v 0.5147610902786255 -0.045092880725860596 -0.4214397072792053
v 0.5010204315185547 -0.019800305366516113 -0.4267900586128235
v 0.5049116611480713 -0.023813068866729736 -0.4214397072792053
v 0.5063707828521729 -0.03974252939224243 -0.4310460090637207
v 0.5008988380432129 -0.03974252939224243 -0.43736913800239563
v 0.5115995407104492 -0.06625109910964966 -0.43007320165634155
v 0.5013852119445801 -0.05567198991775513 -0.43736913800239563
v 0.4956700801849365 -0.06102234125137329 -0.43943631649017334
v 0.485090970993042 -0.07707339525222778 -0.43736913800239563
v 0.49044132232666016 -0.09275966882705688 -0.4314107894897461
v 0.45858240127563477 -0.09811002016067505 -0.42788442969322205
v 0.4480034112930298 -0.09531325101852417 -0.4267900586128235
v 0.4409506320953369 -0.09811002016067505 -0.4214397072792053
v 0.4268451929092407 -0.0971372127532959 -0.4108605980873108
v 0.42149484157562256 -0.09555643796920776 -0.4056318402290344
v 0.4247779846191406 -0.10333877801895142 -0.3949311375617981
v 0.4268451929092407 -0.10333877801895142 -0.38435202836990356
v 0.4320739507675171 -0.10662192106246948 -0.3791233003139496
v 0.43742430210113525 -0.11343145370483398 -0.3791233003139496
v 0.4458146095275879 -0.11926817893981934 -0.3631938397884369
v 0.4480034112930298 -0.11926817893981934 -0.35942429304122925
v 0.45335376262664795 -0.12923932075500488 -0.3578434884548187
v 0.45858240127563477 -0.13252246379852295 -0.35261476039886475
v 0.4691615104675293 -0.13519763946533203 -0.3428868353366852
v 0.4798622131347656 -0.11403942108154297 -0.3313349485397339
v 0.5010204315185547 -0.11403942108154297 -0.3214854300022125
v 0.5010204315185547 -0.10333877801895142 -0.3213638365268707
v 0.5115995407104492 -0.10868912935256958 -0.3175942897796631
v 0.5169498920440674 -0.08753091096878052 -0.32099902629852295
v 0.5381081104278564 -0.08753091096878052 -0.32039105892181396
v 0.5540375709533691 -0.08218055963516235 -0.3213638365268707
v 0.5540375709533691 -0.07597899436950684 -0.3261061906814575
v 0.557442307472229 -0.07160145044326782 -0.3313349485397339
v 0.5646166801452637 -0.06916946172714233 -0.3419140577316284
v 0.563522219657898 -0.06625109910964966 -0.35261476039886475
v 0.5540375709533691 -0.06004953384399414 -0.3472644090652466
v 0.5584151744842529 -0.06102234125137329 -0.3578434884548187
v 0.5548887252807617 -0.05567198991775513 -0.3578434884548187
v 0.5579286813735962 -0.06102234125137329 -0.3631938397884369
v 0.5564695596694946 -0.06102234125137329 -0.36842259764671326
v 0.5526999235153198 -0.05032163858413696 -0.36842259764671326
v 0.548687219619751 -0.06102234125137329 -0.38410884141921997
v 0.542607307434082 -0.045092880725860596 -0.38435202836990356
v 0.5359193086624146 -0.03974252939224243 -0.38970237970352173
v 0.515977144241333 -0.03974252939224243 -0.41621094942092896
v 0.5115995407104492 -0.023813068866729736 -0.4086718261241913
v 0.734247088432312 0.007924199104309082 -0.3427652418613434
v 0.7501765489578247 0.011450588703155518 -0.3313349485397339
v 0.7569860219955444 0.007924199104309082 -0.33668529987335205
v 0.835052490234375 -0.11403942108154297 -0.14297831058502197
v 0.835052490234375 -0.11634981632232666 -0.14054632186889648
v 0.8297021389007568 -0.11318826675415039 -0.14054632186889648
v 0.835052490234375 -0.11902499198913574 -0.13519597053527832
v 0.8297021389007568 -0.11318826675415039 -0.13519597053527832
v 0.835052490234375 -0.11403942108154297 -0.1310616135597229
v 0.8402812480926514 -0.11525541543960571 -0.13519597053527832
v 0.8389437198638916 -0.11403942108154297 -0.14054632186889648
v 0.8404028415679932 -0.10868912935256958 -0.14054632186889648
v 0.8368765115737915 -0.10868912935256958 -0.14577507972717285
v 0.835052490234375 -0.11039149761199951 -0.14577507972717285
v 0.8297021389007568 -0.10954028367996216 -0.14577507972717285
v 0.8264189958572388 -0.10868912935256958 -0.14054632186889648
v 0.828972578048706 -0.10868912935256958 -0.13519597053527832
v 0.835052490234375 -0.10868912935256958 -0.13252079486846924
v 0.839308500289917 -0.10868912935256958 -0.13519597053527832
v 0.839308500289917 -0.10333877801895142 -0.14054632186889648
v 0.8385789394378662 -0.10333877801895142 -0.14577507972717285
v 0.835052490234375 -0.10333877801895142 -0.15063902735710144
v 0.8297021389007568 -0.10333877801895142 -0.15221983194351196
v 0.8244733810424805 -0.09811002016067505 -0.15696218609809875
v 0.8299453258514404 -0.09811002016067505 -0.15635418891906738
v 0.8266621828079224 -0.10333877801895142 -0.15112543106079102
v 0.8231358528137207 -0.10333877801895142 -0.14577507972717285
v 0.8244733810424805 -0.10333877801895142 -0.14054632186889648
v 0.8297021389007568 -0.10564911365509033 -0.13519597053527832
v 0.835052490234375 -0.10333877801895142 -0.1354391872882843
v 0.835052490234375 -0.09811002016067505 -0.13896554708480835
v 0.8365117311477661 -0.09811002016067505 -0.14054632186889648
v 0.8379708528518677 -0.09811002016067505 -0.14577507972717285
v 0.835052490234375 -0.09811002016067505 -0.15246301889419556
v 0.835052490234375 -0.09275966882705688 -0.15246301889419556
v 0.8329854011535645 -0.09275966882705688 -0.15635418891906738
v 0.8297021389007568 -0.09275966882705688 -0.1602453589439392
v 0.8244733810424805 -0.09275966882705688 -0.16316372156143188
v 0.8191230297088623 -0.09579962491989136 -0.15635418891906738
v 0.8194879293441772 -0.09811002016067505 -0.15112543106079102
v 0.8199743032455444 -0.09811002016067505 -0.14577507972717285
v 0.8191230297088623 -0.0950700044631958 -0.14577507972717285
v 0.8244733810424805 -0.09579962491989136 -0.14054632186889648
v 0.8244733810424805 -0.09275966882705688 -0.14103272557258606
v 0.8297021389007568 -0.09190845489501953 -0.14054632186889648
v 0.835052490234375 -0.09275966882705688 -0.14395108819007874
v 0.8342013359069824 -0.08753091096878052 -0.15112543106079102
v 0.833228588104248 -0.08753091096878052 -0.15635418891906738
v 0.831161379814148 -0.08218055963516235 -0.16170454025268555
v 0.8320125341415405 -0.08218055963516235 -0.15635418891906738
v 0.8307965993881226 -0.08753091096878052 -0.16170454025268555
v 0.8275133371353149 -0.08218055963516235 -0.1722836196422577
v 0.8244733810424805 -0.08753091096878052 -0.17058125138282776
v 0.8191230297088623 -0.08862531185150146 -0.1722836196422577
v 0.8191230297088623 -0.09081405401229858 -0.1670548915863037
v 0.8137726783752441 -0.0903276801109314 -0.16170454025268555
v 0.8155966997146606 -0.09275966882705688 -0.15635418891906738
v 0.8157182931900024 -0.09275966882705688 -0.15112543106079102
v 0.8191230297088623 -0.08753091096878052 -0.14528867602348328
v 0.8244733810424805 -0.081329345703125 -0.14577507972717285
v 0.8297021389007568 -0.08376133441925049 -0.14577507972717285
v 0.8297021389007568 -0.07914060354232788 -0.15112543106079102
v 0.8298237323760986 -0.07683020830154419 -0.15635418891906738
v 0.829580545425415 -0.07683020830154419 -0.1670548915863037
v 0.8277566432952881 -0.07683020830154419 -0.17763397097587585
v 0.8242301940917969 -0.07683020830154419 -0.18821308016777039
v 0.8230142593383789 -0.08218055963516235 -0.18286272883415222
v 0.8191230297088623 -0.08485573530197144 -0.18286272883415222
v 0.8136510848999023 -0.08753091096878052 -0.17763397097587585
v 0.8085439205169678 -0.08667969703674316 -0.1722836196422577
v 0.8103679418563843 -0.08753091096878052 -0.16170454025268555
v 0.81146240234375 -0.08753091096878052 -0.15635418891906738
v 0.8137726783752441 -0.08753091096878052 -0.15100383758544922
v 0.8191230297088623 -0.08218055963516235 -0.146747887134552
v 0.8191230297088623 -0.07683020830154419 -0.1491798460483551
v 0.8244733810424805 -0.07683020830154419 -0.1488150656223297
v 0.825689435005188 -0.07160145044326782 -0.15635418891906738
v 0.8244733810424805 -0.06783187389373779 -0.16170454025268555
v 0.8279998302459717 -0.07160145044326782 -0.1670548915863037
v 0.8277566432952881 -0.07160145044326782 -0.17763397097587585
v 0.8271485567092896 -0.07160145044326782 -0.18286272883415222
v 0.8221629858016968 -0.06625109910964966 -0.20414254069328308
v 0.8191230297088623 -0.07865417003631592 -0.19356343150138855
v 0.8085439205169678 -0.08035653829574585 -0.19879218935966492
v 0.8085439205169678 -0.08558529615402222 -0.18286272883415222
v 0.8013696670532227 -0.08218055963516235 -0.18286272883415222
v 0.8045312166213989 -0.08218055963516235 -0.1670548915863037
v 0.8093951940536499 -0.08218055963516235 -0.15635418891906738
v 0.8134078979492188 -0.08218055963516235 -0.15112543106079102
v 0.8137726783752441 -0.07683020830154419 -0.15197661519050598
v 0.8191230297088623 -0.07391184568405151 -0.15112543106079102
v 0.8191230297088623 -0.06625109910964966 -0.15975895524024963
v 0.8191230297088623 -0.06211674213409424 -0.1670548915863037
v 0.8244733810424805 -0.06479191780090332 -0.1722836196422577
v 0.826297402381897 -0.06625109910964966 -0.18286272883415222
v 0.8241086006164551 -0.06102234125137329 -0.20414254069328308
v 0.821433424949646 -0.06102234125137329 -0.2147216498851776
v 0.8191230297088623 -0.06102234125137329 -0.2200719714164734
v 0.8191230297088623 -0.07160145044326782 -0.20414254069328308
v 0.8137726783752441 -0.07683020830154419 -0.20292654633522034
v 0.8085439205169678 -0.07683020830154419 -0.2108304798603058
v 0.8031935691833496 -0.07877576351165771 -0.20937129855155945
v 0.7979649305343628 -0.07853257656097412 -0.20937129855155945
v 0.8018560409545898 -0.08218055963516235 -0.18821308016777039
v 0.7960193157196045 -0.07683020830154419 -0.18286272883415222
v 0.802342414855957 -0.07683020830154419 -0.1670548915863037
v 0.8053823709487915 -0.07683020830154419 -0.16170454025268555
v 0.8085439205169678 -0.07683020830154419 -0.15732696652412415
v 0.8137726783752441 -0.07160145044326782 -0.15525978803634644
v 0.8137726783752441 -0.06625109910964966 -0.160366952419281
v 0.8085439205169678 -0.06625109910964966 -0.16316372156143188
v 0.8137726783752441 -0.05761760473251343 -0.1722836196422577
v 0.8191230297088623 -0.05688798427581787 -0.17763397097587585
v 0.8244733810424805 -0.0587119460105896 -0.18821308016777039
v 0.8244733810424805 -0.05032163858413696 -0.19879218935966492
v 0.8244733810424805 -0.05032163858413696 -0.2081553041934967
v 0.8242301940917969 -0.05567198991775513 -0.20937129855155945
v 0.8191230297088623 -0.05153763294219971 -0.23065108060836792
v 0.8171775341033936 -0.05567198991775513 -0.24123018980026245
v 0.8137726783752441 -0.0587119460105896 -0.2358798384666443
v 0.8137726783752441 -0.06017112731933594 -0.23065108060836792
v 0.8137726783752441 -0.07184463739395142 -0.2147216498851776
v 0.8085439205169678 -0.07160145044326782 -0.2200719714164734
v 0.8031935691833496 -0.07683020830154419 -0.2147216498851776
v 0.7979649305343628 -0.07683020830154419 -0.21435683965682983
v 0.7926145792007446 -0.07634377479553223 -0.20937129855155945
v 0.7946816682815552 -0.07683020830154419 -0.18821308016777039
v 0.7926145792007446 -0.07379025220870972 -0.18821308016777039
v 0.79845130443573 -0.07160145044326782 -0.1722836196422577
v 0.8063552379608154 -0.07160145044326782 -0.16170454025268555
v 0.8031935691833496 -0.06625109910964966 -0.16778448224067688
v 0.8031935691833496 -0.06102234125137329 -0.17143243551254272
v 0.8031935691833496 -0.05567198991775513 -0.17605319619178772
v 0.8085439205169678 -0.05567198991775513 -0.17459401488304138
v 0.8146239519119263 -0.05032163858413696 -0.18286272883415222
v 0.8191230297088623 -0.045092880725860596 -0.19283384084701538
v 0.8221629858016968 -0.045092880725860596 -0.19879218935966492
v 0.8191230297088623 -0.0379185676574707 -0.20937129855155945
v 0.8232574462890625 -0.045092880725860596 -0.20937129855155945
v 0.8215550184249878 -0.045092880725860596 -0.2200719714164734
v 0.8205822706222534 -0.045092880725860596 -0.23065108060836792
v 0.820217490196228 -0.03974252939224243 -0.2200719714164734
v 0.8191230297088623 -0.036824166774749756 -0.22530072927474976
v 0.8221629858016968 -0.045092880725860596 -0.24123018980026245
v 0.8191230297088623 -0.05567198991775513 -0.24560773372650146
v 0.9887534379959106 -0.17423087358474731 -0.2783178389072418
v 0.9835246801376343 -0.1722853183746338 -0.27503466606140137
v 0.9835246801376343 -0.17398768663406372 -0.2783178389072418
v 0.9795119762420654 -0.16705656051635742 -0.2783178389072418
v 0.9835246801376343 -0.16705656051635742 -0.2736970782279968
v 0.9887534379959106 -0.1722853183746338 -0.2745482921600342
v 0.9903342723846436 -0.1722853183746338 -0.2783178389072418
v 0.9910638332366943 -0.16705656051635742 -0.2783178389072418
v 0.9887534379959106 -0.15732866525650024 -0.28366819024086
v 0.9887534379959106 -0.1606118083000183 -0.2783178389072418
v 0.9897263050079346 -0.16170620918273926 -0.28366819024086
v 0.9887534379959106 -0.16815093159675598 -0.28366819024086
v 0.9835246801376343 -0.16705656051635742 -0.2856137752532959
v 0.980971097946167 -0.16705656051635742 -0.28366819024086
v 0.9787824153900146 -0.16170620918273926 -0.2783178389072418
v 0.9835246801376343 -0.16170620918273926 -0.27503466606140137
v 0.9887534379959106 -0.16705656051635742 -0.2745482921600342
v 0.9851055145263672 -0.1563558578491211 -0.2783178389072418
v 0.9866863489151001 -0.15112709999084473 -0.28366819024086
v 0.9859566688537598 -0.15112709999084473 -0.28889694809913635
v 0.9855918884277344 -0.1563558578491211 -0.28889694809913635
v 0.9835246801376343 -0.16170620918273926 -0.2885321378707886
v 0.9774447679519653 -0.16170620918273926 -0.28366819024086
v 0.9781743288040161 -0.1563558578491211 -0.2789258360862732
v 0.9781743288040161 -0.14577674865722656 -0.2811146080493927
v 0.9781743288040161 -0.15112709999084473 -0.27953383326530457
v 0.9835246801376343 -0.1544102430343628 -0.2783178389072418
v 0.9836462736129761 -0.14577674865722656 -0.28366819024086
v 0.9835246801376343 -0.14322316646575928 -0.28889694809913635
v 0.9835246801376343 -0.14577674865722656 -0.29059934616088867
v 0.9835246801376343 -0.15112709999084473 -0.29145050048828125
v 0.9835246801376343 -0.1563558578491211 -0.2903561294078827
v 0.9781743288040161 -0.15805822610855103 -0.28889694809913635
v 0.9727023839950562 -0.15112709999084473 -0.28366819024086
v 0.97160804271698 -0.14577674865722656 -0.28366819024086
v 0.9729456901550293 -0.1405479907989502 -0.2835465967655182
v 0.9781743288040161 -0.1405479907989502 -0.28366819024086
v 0.9823087453842163 -0.1405479907989502 -0.28889694809913635
v 0.9787824153900146 -0.13519763946533203 -0.28889694809913635
v 0.9801199436187744 -0.1405479907989502 -0.29424726963043213
v 0.9798767566680908 -0.14577674865722656 -0.29424726963043213
v 0.9781743288040161 -0.15112709999084473 -0.29327452182769775
v 0.9729456901550293 -0.15258628129959106 -0.28889694809913635
v 0.9675953388214111 -0.14577674865722656 -0.28914013504981995
v 0.9617584943771362 -0.13519763946533203 -0.28889694809913635
v 0.9675953388214111 -0.1405479907989502 -0.2861001491546631
v 0.9675953388214111 -0.13519763946533203 -0.2858569622039795
v 0.9729456901550293 -0.13519763946533203 -0.2852489948272705
v 0.9737968444824219 -0.12984728813171387 -0.28889694809913635
v 0.9759856462478638 -0.12984728813171387 -0.29424726963043213
v 0.978539228439331 -0.13519763946533203 -0.29424726963043213
v 0.9729456901550293 -0.1405479907989502 -0.29826003313064575
v 0.9729456901550293 -0.1473575234413147 -0.29424726963043213
v 0.962244987487793 -0.13969683647155762 -0.29424726963043213
v 0.9583537578582764 -0.13519763946533203 -0.29424726963043213
v 0.9570162296295166 -0.12984728813171387 -0.29181531071662903
v 0.9570162296295166 -0.1246185302734375 -0.2898697257041931
v 0.962244987487793 -0.1246185302734375 -0.2880457639694214
v 0.962244987487793 -0.11926817893981934 -0.2884105443954468
v 0.9675953388214111 -0.12340253591537476 -0.28889694809913635
v 0.9729456901550293 -0.1244969367980957 -0.29424726963043213
v 0.9733104705810547 -0.12984728813171387 -0.2995976209640503
v 0.9731888771057129 -0.13519763946533203 -0.2995976209640503
v 0.9675953388214111 -0.1381160020828247 -0.2995976209640503
v 0.9609073400497437 -0.13519763946533203 -0.2995976209640503
v 0.9570162296295166 -0.1331304907798767 -0.29424726963043213
v 0.9526386260986328 -0.1405479907989502 -0.28889694809913635
v 0.9551922082901001 -0.12984728813171387 -0.28889694809913635
v 0.9560433626174927 -0.1246185302734375 -0.28889694809913635
v 0.9570162296295166 -0.11926817893981934 -0.2884105443954468
v 0.9570162296295166 -0.11403942108154297 -0.28634336590766907
v 0.9570162296295166 -0.10868912935256958 -0.28427618741989136
v 0.9630961418151855 -0.11403942108154297 -0.28889694809913635
v 0.9629745483398438 -0.10868912935256958 -0.28889694809913635
v 0.96613609790802 -0.10868912935256958 -0.29424726963043213
v 0.966744065284729 -0.10868912935256958 -0.2995976209640503
v 0.9675953388214111 -0.11926817893981934 -0.3032456040382385
v 0.9675953388214111 -0.12984728813171387 -0.30312401056289673
v 0.962244987487793 -0.12984728813171387 -0.3033671975135803
v 0.9570162296295166 -0.13179290294647217 -0.2995976209640503
v 0.9553138017654419 -0.13519763946533203 -0.2995976209640503
v 0.9539761543273926 -0.13519763946533203 -0.30482637882232666
v 0.9539761543273926 -0.1405479907989502 -0.30482637882232666
v 0.9540978670120239 -0.14577674865722656 -0.30482637882232666
v 0.9539761543273926 -0.14577674865722656 -0.2995976209640503
v 0.9516658782958984 -0.15112709999084473 -0.29570648074150085
v 0.9489907026290894 -0.14577674865722656 -0.29424726963043213
v 0.9464371204376221 -0.14577674865722656 -0.29850324988365173
v 0.94765305519104 -0.1563558578491211 -0.2995976209640503
v 0.9516658782958984 -0.15526145696640015 -0.2995976209640503
v 0.9516658782958984 -0.1561126708984375 -0.30482637882232666
v 0.9466803073883057 -0.16170620918273926 -0.30482637882232666
v 0.9463155269622803 -0.16170620918273926 -0.2995976209640503
v 0.9419379234313965 -0.1722853183746338 -0.30482637882232666
v 0.9432754516601562 -0.1722853183746338 -0.2995976209640503
v 0.9376819133758545 -0.18286439776420593 -0.29424726963043213
v 0.9370739459991455 -0.18286439776420593 -0.2995976209640503
v 0.9126325845718384 -0.18286439776420593 -0.30482637882232666
v 0.9092278480529785 -0.18286439776420593 -0.2998408377170563
v 0.9078902006149292 -0.18286439776420593 -0.29424726963043213
v 0.9199285507202148 -0.1882147490978241 -0.2794122099876404
v 0.9295347929000854 -0.1882147490978241 -0.28366819024086
v 0.9364659786224365 -0.17763563990592957 -0.28889694809913635
v 0.94011390209198 -0.17763563990592957 -0.29424726963043213
v 0.9429106712341309 -0.16705656051635742 -0.29424726963043213
v 0.9423027038574219 -0.1563558578491211 -0.29424726963043213
v 0.9419379234313965 -0.14577674865722656 -0.29424726963043213
v 0.9410867691040039 -0.12984728813171387 -0.2901129126548767
v 0.9464371204376221 -0.13167130947113037 -0.29424726963043213
v 0.94765305519104 -0.1405479907989502 -0.29424726963043213
v 0.9516658782958984 -0.13519763946533203 -0.28622177243232727
v 0.9516658782958984 -0.1246185302734375 -0.28622177243232727
v 0.9516658782958984 -0.10868912935256958 -0.28245219588279724
v 0.9516658782958984 -0.10333877801895142 -0.28233060240745544
v 0.9570162296295166 -0.10333877801895142 -0.28427618741989136
v 0.9570162296295166 -0.09811002016067505 -0.2861001491546631
v 0.962244987487793 -0.09811002016067505 -0.2924233078956604
v 0.9630961418151855 -0.09811002016067505 -0.29424726963043213
v 0.9637041091918945 -0.09811002016067505 -0.2995976209640503
v 0.9610289335250854 -0.09275966882705688 -0.2995976209640503
v 0.9650417566299438 -0.11403942108154297 -0.30482637882232666
v 0.9650417566299438 -0.11926817893981934 -0.30482637882232666
v 0.962244987487793 -0.12425374984741211 -0.30482637882232666
v 0.9570162296295166 -0.1246185302734375 -0.3038536012172699
v 0.9516658782958984 -0.11926817893981934 -0.32051265239715576
v 0.9538545608520508 -0.11403942108154297 -0.3154054880142212
v 0.9532465934753418 -0.12984728813171387 -0.3154054880142212
v 0.9548274278640747 -0.11403942108154297 -0.3101767301559448
v 0.9545842409133911 -0.12984728813171387 -0.30482637882232666
v 0.953732967376709 -0.14577674865722656 -0.3101767301559448
v 0.9516658782958984 -0.153680682182312 -0.3101767301559448
v 0.9464371204376221 -0.15720707178115845 -0.3101767301559448
v 0.9447346925735474 -0.16170620918273926 -0.3101767301559448
v 0.9410867691040039 -0.16170620918273926 -0.3157702684402466
v 0.9336692094802856 -0.18286439776420593 -0.30482637882232666
v 0.9145781993865967 -0.19356510043144226 -0.3036103844642639
v 0.911051869392395 -0.1722853183746338 -0.30482637882232666
v 0.9097142219543457 -0.1722853183746338 -0.2995976209640503
v 0.9121462106704712 -0.16170620918273926 -0.3101767301559448
v 0.9111734628677368 -0.16170620918273926 -0.30482637882232666
v 0.9132405519485474 -0.1563558578491211 -0.2995976209640503
v 0.911659836769104 -0.16170620918273926 -0.2995976209640503
v 0.9103221893310547 -0.1722853183746338 -0.29424726963043213
v 0.9092278480529785 -0.18286439776420593 -0.2878025472164154
v 0.9145781993865967 -0.17763563990592957 -0.28476256132125854
v 0.9199285507202148 -0.1722853183746338 -0.28439778089523315
v 0.9251573085784912 -0.17763563990592957 -0.2829385995864868
v 0.9305076599121094 -0.1722853183746338 -0.2854921817779541
v 0.9367091655731201 -0.1722853183746338 -0.28889694809913635
v 0.9357364177703857 -0.15112709999084473 -0.29084253311157227
v 0.9357364177703857 -0.1246185302734375 -0.2875593602657318
v 0.9357364177703857 -0.11926817893981934 -0.2878025472164154
v 0.9464371204376221 -0.11926817893981934 -0.2924233078956604
v 0.9464371204376221 -0.10333877801895142 -0.28476256132125854
v 0.9398707151412964 -0.09811002016067505 -0.28889694809913635
v 0.9464371204376221 -0.09811002016067505 -0.2853705883026123
v 0.9516658782958984 -0.09811002016067505 -0.28634336590766907
v 0.9570162296295166 -0.08935487270355225 -0.29424726963043213
v 0.9570162296295166 -0.08777409791946411 -0.2995976209640503
v 0.9593265056610107 -0.09275966882705688 -0.30482637882232666
v 0.9620016813278198 -0.09811002016067505 -0.30482637882232666
v 0.962244987487793 -0.10333877801895142 -0.3061639666557312
v 0.9566513299942017 -0.10868912935256958 -0.3101767301559448
v 0.9516658782958984 -0.10868912935256958 -0.31844544410705566
v 0.9464371204376221 -0.10868912935256958 -0.3156486749649048
v 0.9468019008636475 -0.1246185302734375 -0.3154054880142212
v 0.9464371204376221 -0.1246185302734375 -0.31382471323013306
v 0.9464371204376221 -0.12984728813171387 -0.31589189171791077
v 0.9516658782958984 -0.1405479907989502 -0.31662148237228394
v 0.9517874717712402 -0.14577674865722656 -0.3154054880142212
v 0.9464371204376221 -0.14577674865722656 -0.3178374767303467
v 0.9410867691040039 -0.1563558578491211 -0.3194182515144348
v 0.9416947364807129 -0.1405479907989502 -0.3261061906814575
v 0.9357364177703857 -0.1608550250530243 -0.32075583934783936
v 0.9305076599121094 -0.1563558578491211 -0.32537660002708435
v 0.9251573085784912 -0.17763563990592957 -0.3128519058227539
v 0.9199285507202148 -0.17763563990592957 -0.3121223449707031
v 0.9142134189605713 -0.1722853183746338 -0.3101767301559448
v 0.9145781993865967 -0.16170620918273926 -0.3154054880142212
v 0.9145781993865967 -0.16158461570739746 -0.3154054880142212
v 0.9127541780471802 -0.15112709999084473 -0.3154054880142212
v 0.912875771522522 -0.15112709999084473 -0.30482637882232666
v 0.9159157276153564 -0.14577674865722656 -0.2995976209640503
v 0.9187124967575073 -0.15112709999084473 -0.29424726963043213
v 0.9251573085784912 -0.15562623739242554 -0.28889694809913635
v 0.9305076599121094 -0.14577674865722656 -0.2895049452781677
v 0.9305076599121094 -0.11926817893981934 -0.28695136308670044
v 0.9305076599121094 -0.11403942108154297 -0.2876809537410736
v 0.9357364177703857 -0.10868912935256958 -0.29059934616088867
v 0.9410867691040039 -0.10868912935256958 -0.29084253311157227
v 0.9357364177703857 -0.09275966882705688 -0.2898697257041931
v 0.9410867691040039 -0.09154367446899414 -0.28889694809913635
v 0.9464371204376221 -0.09275966882705688 -0.2876809537410736
v 0.9516658782958984 -0.09275966882705688 -0.2924233078956604
v 0.9516658782958984 -0.0882604718208313 -0.2995976209640503
v 0.9570162296295166 -0.08947646617889404 -0.30482637882232666
v 0.9553138017654419 -0.09275966882705688 -0.3101767301559448
v 0.9570162296295166 -0.09811002016067505 -0.3109063506126404
v 0.9516658782958984 -0.10333877801895142 -0.3172294795513153
v 0.9464371204376221 -0.10333877801895142 -0.3178374767303467
v 0.9429106712341309 -0.10868912935256958 -0.32075583934783936
v 0.9464371204376221 -0.1405479907989502 -0.3190534710884094
v 0.9410867691040039 -0.13519763946533203 -0.32744377851486206
v 0.9342771768569946 -0.1405479907989502 -0.3313349485397339
v 0.9305076599121094 -0.1405479907989502 -0.3330373167991638
v 0.9251573085784912 -0.12984728813171387 -0.3382660746574402
v 0.9251573085784912 -0.15112709999084473 -0.3286597728729248
v 0.9184693098068237 -0.15112709999084473 -0.3261061906814575
v 0.9143350124359131 -0.15112709999084473 -0.32075583934783936
v 0.9119030237197876 -0.14577674865722656 -0.3154054880142212
v 0.9145781993865967 -0.13519763946533203 -0.30081361532211304
v 0.9189556837081909 -0.13519763946533203 -0.29424726963043213
v 0.9251573085784912 -0.1405479907989502 -0.2903561294078827
v 0.9251573085784912 -0.11926817893981934 -0.2876809537410736
v 0.9251573085784912 -0.10868912935256958 -0.28877532482147217
v 0.9305076599121094 -0.09811002016067505 -0.2924233078956604
v 0.9348851442337036 -0.08753091096878052 -0.28889694809913635
v 0.9410867691040039 -0.08753091096878052 -0.2899913191795349
v 0.9464371204376221 -0.08753091096878052 -0.29059934616088867
v 0.9464371204376221 -0.08218055963516235 -0.2949768900871277
v 0.9464371204376221 -0.08011335134506226 -0.2995976209640503
v 0.9469234943389893 -0.08218055963516235 -0.30482637882232666
v 0.9516658782958984 -0.08716613054275513 -0.30482637882232666
v 0.9516658782958984 -0.0904492735862732 -0.3101767301559448
v 0.9516658782958984 -0.09811002016067505 -0.31637829542160034
v 0.9464371204376221 -0.09811002016067505 -0.3197830319404602
v 0.9406002759933472 -0.09811002016067505 -0.3261061906814575
v 0.9410867691040039 -0.10333877801895142 -0.3244038224220276
v 0.9410867691040039 -0.11403942108154297 -0.32574141025543213
v 0.9357364177703857 -0.1246185302734375 -0.3332805037498474
v 0.9305076599121094 -0.1246185302734375 -0.33717167377471924
v 0.9199285507202148 -0.11926817893981934 -0.3424004316329956
v 0.9145781993865967 -0.11926817893981934 -0.34313005208969116
v 0.9199285507202148 -0.12984728813171387 -0.33875247836112976
v 0.9199285507202148 -0.1405479907989502 -0.3335237205028534
v 0.9145781993865967 -0.14553356170654297 -0.3261061906814575
v 0.9106869697570801 -0.1405479907989502 -0.32075583934783936
v 0.9081333875656128 -0.12984728813171387 -0.3154054880142212
v 0.9076470136642456 -0.11403942108154297 -0.2995976209640503
v 0.9125109910964966 -0.1246185302734375 -0.2995976209640503
v 0.9092278480529785 -0.11695784330368042 -0.2995976209640503
v 0.9145781993865967 -0.11926817893981934 -0.2943688929080963
v 0.9199285507202148 -0.11403942108154297 -0.2897481322288513
v 0.9199285507202148 -0.10868912935256958 -0.2896265387535095
v 0.9145781993865967 -0.09811002016067505 -0.29072093963623047
v 0.9251573085784912 -0.09275966882705688 -0.2921801209449768
v 0.9305076599121094 -0.0883820652961731 -0.28889694809913635
v 0.9725807905197144 -0.14577674865722656 -0.19879218935966492
v 0.9781743288040161 -0.15282946825027466 -0.19879218935966492
v 0.975499153137207 -0.14577674865722656 -0.19356343150138855
v 0.9781743288040161 -0.15295106172561646 -0.19356343150138855
v 0.9899694919586182 -0.16170620918273926 -0.18286272883415222
v 0.9887534379959106 -0.16170620918273926 -0.1810387670993805
v 0.9887534379959106 -0.16255739331245422 -0.18286272883415222
v 0.9865647554397583 -0.16170620918273926 -0.18286272883415222
v 0.9835246801376343 -0.1563558578491211 -0.18164673447608948
v 0.9835246801376343 -0.15866625308990479 -0.18286272883415222
v 0.9807279109954834 -0.1563558578491211 -0.18821308016777039
v 0.9835246801376343 -0.15963900089263916 -0.18821308016777039
v 0.9817007780075073 -0.1563558578491211 -0.19356343150138855
v 0.9792687892913818 -0.15112709999084473 -0.18821308016777039
v 0.9835246801376343 -0.15343749523162842 -0.18286272883415222
v 0.9887534379959106 -0.1563558578491211 -0.17909318208694458
v 0.992766261100769 -0.1563558578491211 -0.18286272883415222
v 0.992766261100769 -0.15112709999084473 -0.18821308016777039
v 0.9930094480514526 -0.1563558578491211 -0.18821308016777039
v 0.9887534379959106 -0.16170620918273926 -0.18614590167999268
v 0.9835246801376343 -0.15513986349105835 -0.19879218935966492
v 0.9776879549026489 -0.15112709999084473 -0.20414254069328308
v 0.9713648557662964 -0.14577674865722656 -0.20414254069328308
v 0.9688112735748291 -0.1405479907989502 -0.20414254069328308
v 0.9717296361923218 -0.1405479907989502 -0.19879218935966492
v 0.9772015810012817 -0.1405479907989502 -0.19356343150138855
v 0.9781743288040161 -0.14577674865722656 -0.1904018521308899
v 0.9835246801376343 -0.14577674865722656 -0.18748348951339722
v 0.9887534379959106 -0.15124869346618652 -0.18286272883415222
v 0.9920367002487183 -0.14577674865722656 -0.19356343150138855
v 0.9926446676254272 -0.15112709999084473 -0.19356343150138855
v 0.990699052810669 -0.15112709999084473 -0.19879218935966492
v 0.9926446676254272 -0.14577674865722656 -0.19879218935966492
v 0.9914286136627197 -0.14577674865722656 -0.20414254069328308
v 0.9887534379959106 -0.15745025873184204 -0.19356343150138855
v 0.9835246801376343 -0.149303138256073 -0.20937129855155945
v 0.9781743288040161 -0.1491815447807312 -0.20937129855155945
v 0.9729456901550293 -0.14577674865722656 -0.21216806769371033
v 0.9675953388214111 -0.1405479907989502 -0.20937129855155945
v 0.9640688896179199 -0.13519763946533203 -0.2147216498851776
v 0.9675953388214111 -0.1407911777496338 -0.2147216498851776
v 0.9656497240066528 -0.13519763946533203 -0.20937129855155945
v 0.9683248996734619 -0.13519763946533203 -0.20414254069328308
v 0.9729456901550293 -0.12984728813171387 -0.201467365026474
v 0.9781743288040161 -0.13519763946533203 -0.19587382674217224
v 0.9835246801376343 -0.1405479907989502 -0.19137465953826904
v 0.9887534379959106 -0.1405479907989502 -0.19356343150138855
v 0.9919151067733765 -0.1405479907989502 -0.19879218935966492
v 0.9925230741500854 -0.1405479907989502 -0.20414254069328308
v 0.9916718006134033 -0.13519763946533203 -0.20414254069328308
v 0.9915502071380615 -0.1405479907989502 -0.20937129855155945
v 0.9887534379959106 -0.14115601778030396 -0.2147216498851776
v 0.9835246801376343 -0.14127761125564575 -0.2200719714164734
v 0.9781743288040161 -0.12984728813171387 -0.23478543758392334
v 0.9842543601989746 -0.13519763946533203 -0.22530072927474976
v 0.9781743288040161 -0.1405479907989502 -0.22335514426231384
v 0.9729456901550293 -0.14225035905838013 -0.2200719714164734
v 0.9675953388214111 -0.13969683647155762 -0.2200719714164734
v 0.9634609222412109 -0.13519763946533203 -0.2200719714164734
v 0.962244987487793 -0.12984728813171387 -0.2153296172618866
v 0.962244987487793 -0.1246185302734375 -0.21423524618148804
v 0.9675953388214111 -0.12984728813171387 -0.206088125705719
v 0.9729456901550293 -0.11464744806289673 -0.20937129855155945
v 0.9781743288040161 -0.1246185302734375 -0.20304813981056213
v 0.9842543601989746 -0.1246185302734375 -0.20414254069328308
v 0.9887534379959106 -0.13471126556396484 -0.19879218935966492
v 0.9921582937240601 -0.13519763946533203 -0.20937129855155945
v 0.9887534379959106 -0.11805218458175659 -0.22530072927474976
v 0.9887534379959106 -0.11501222848892212 -0.2200719714164734
v 0.9887534379959106 -0.1246185302734375 -0.22530072927474976
v 0.9898478984832764 -0.11926817893981934 -0.2200719714164734
v 0.9903342723846436 -0.1246185302734375 -0.2200719714164734
v 0.9887534379959106 -0.13519763946533203 -0.2195855975151062
v 0.9913070201873779 -0.12984728813171387 -0.2147216498851776
v 0.9835246801376343 -0.1246185302734375 -0.23393425345420837
v 0.9781743288040161 -0.12145698070526123 -0.24123018980026245
v 0.9729456901550293 -0.13519763946533203 -0.2312590777873993
v 0.9674736261367798 -0.13519763946533203 -0.23065108060836792
v 0.962244987487793 -0.1334952712059021 -0.22530072927474976
v 0.9609073400497437 -0.12984728813171387 -0.2200719714164734
v 0.9621232748031616 -0.11926817893981934 -0.2147216498851776
v 0.9675953388214111 -0.11403942108154297 -0.21131685376167297
v 0.9675953388214111 -0.10151475667953491 -0.2147216498851776
v 0.9675953388214111 -0.09166526794433594 -0.2200719714164734
v 0.9729456901550293 -0.10200119018554688 -0.2147216498851776
v 0.9781743288040161 -0.10333877801895142 -0.21557283401489258
v 0.9859566688537598 -0.11926817893981934 -0.20937129855155945
v 0.9893615245819092 -0.11926817893981934 -0.2147216498851776
v 0.988510251045227 -0.11403942108154297 -0.2200719714164734
v 0.9882670640945435 -0.11403942108154297 -0.22530072927474976
v 0.9870511293411255 -0.11926817893981934 -0.23065108060836792
v 0.9838895797729492 -0.11926817893981934 -0.2358798384666443
v 0.9796335697174072 -0.11926817893981934 -0.24123018980026245
v 0.9729456901550293 -0.11938977241516113 -0.24658054113388062
v 0.9675953388214111 -0.13179290294647217 -0.2358798384666443
v 0.962244987487793 -0.13240087032318115 -0.23065108060836792
v 0.9598129987716675 -0.12984728813171387 -0.22530072927474976
v 0.9594480991363525 -0.1246185302734375 -0.2200719714164734
v 0.962244987487793 -0.10868912935256958 -0.215086430311203
v 0.962244987487793 -0.09811002016067505 -0.21666720509529114
v 0.962244987487793 -0.09275966882705688 -0.21897760033607483
v 0.970392107963562 -0.08753091096878052 -0.22530072927474976
v 0.9729456901550293 -0.08911168575286865 -0.22530072927474976
v 0.9729456901550293 -0.09373241662979126 -0.2200719714164734
v 0.9781743288040161 -0.09786677360534668 -0.2200719714164734
v 0.9835246801376343 -0.10455471277236938 -0.2200719714164734
v 0.9865647554397583 -0.10868912935256958 -0.22530072927474976
v 0.9835246801376343 -0.10868912935256958 -0.23721742630004883
v 0.9792687892913818 -0.10333877801895142 -0.24658054113388062
v 0.9729456901550293 -0.10333877801895142 -0.25764602422714233
v 0.9818223714828491 -0.11403942108154297 -0.24123018980026245
v 0.9729456901550293 -0.112823486328125 -0.251809298992157
v 0.9675953388214111 -0.11403942108154297 -0.2541196644306183
v 0.962244987487793 -0.11926817893981934 -0.24876931309700012
v 0.9620016813278198 -0.12984728813171387 -0.2358798384666443
v 0.9570162296295166 -0.12498337030410767 -0.23065108060836792
v 0.9568946361541748 -0.1246185302734375 -0.23065108060836792
v 0.9570162296295166 -0.10759472846984863 -0.2200719714164734
v 0.9542194604873657 -0.10333877801895142 -0.22530072927474976
v 0.9562865495681763 -0.09811002016067505 -0.2200719714164734
v 0.9570162296295166 -0.09373241662979126 -0.2200719714164734
v 0.962244987487793 -0.08303171396255493 -0.22530072927474976
v 0.9635825157165527 -0.07683020830154419 -0.23065108060836792
v 0.962244987487793 -0.07038545608520508 -0.2358798384666443
v 0.9705137014389038 -0.08218055963516235 -0.2358798384666443
v 0.9808495044708252 -0.09811002016067505 -0.22530072927474976
v 0.9781743288040161 -0.09908276796340942 -0.24658054113388062
v 0.9734320640563965 -0.09811002016067505 -0.25715965032577515
v 0.9701488018035889 -0.09811002016067505 -0.2623884081840515
v 0.9686896800994873 -0.10333877801895142 -0.2623884081840515
v 0.9675953388214111 -0.10868912935256958 -0.25959160923957825
v 0.962244987487793 -0.11403942108154297 -0.255578875541687
v 0.9570162296295166 -0.11853861808776855 -0.24658054113388062
v 0.9570162296295166 -0.1246185302734375 -0.2358798384666443
v 0.9539761543273926 -0.10868912935256958 -0.2358798384666443
v 0.9480178356170654 -0.09811002016067505 -0.23065108060836792
v 0.9516658782958984 -0.09811002016067505 -0.22590872645378113
v 0.9516658782958984 -0.09275966882705688 -0.22542232275009155
v 0.9516658782958984 -0.08218055963516235 -0.22785431146621704
v 0.9570162296295166 -0.07683020830154419 -0.22809749841690063
v 0.9558001756668091 -0.07160145044326782 -0.23065108060836792
v 0.9570162296295166 -0.06588631868362427 -0.2358798384666443
v 0.9607857465744019 -0.06625109910964966 -0.24123018980026245
v 0.9634609222412109 -0.07160145044326782 -0.24658054113388062
v 0.9606641530990601 -0.06625109910964966 -0.24658054113388062
v 0.9675953388214111 -0.07743817567825317 -0.24123018980026245
v 0.9663792848587036 -0.08218055963516235 -0.251809298992157
v 0.9729456901550293 -0.09275966882705688 -0.25460606813430786
v 0.9675953388214111 -0.09275966882705688 -0.2646987736225128
v 0.962244987487793 -0.09275966882705688 -0.2702923119068146
v 0.965528130531311 -0.09811002016067505 -0.2677387595176697
v 0.9627313613891602 -0.10333877801895142 -0.2677387595176697
v 0.9570162296295166 -0.10333877801895142 -0.27102190256118774
v 0.9570162296295166 -0.10637873411178589 -0.2677387595176697
v 0.9570162296295166 -0.11513382196426392 -0.251809298992157
v 0.9550706148147583 -0.11403942108154297 -0.24658054113388062
v 0.9528818130493164 -0.10868912935256958 -0.24123018980026245
v 0.9488691091537476 -0.10333877801895142 -0.24123018980026245
v 0.9457074403762817 -0.09275966882705688 -0.23065108060836792
v 0.9464371204376221 -0.08753091096878052 -0.2288271188735962
v 0.9516658782958984 -0.07160145044326782 -0.22992148995399475
v 0.9516658782958984 -0.06357592344284058 -0.2358798384666443
v 0.9516658782958984 -0.061265528202056885 -0.24123018980026245
v 0.9570162296295166 -0.06260311603546143 -0.24123018980026245
v 0.9570162296295166 -0.061873555183410645 -0.24658054113388062
v 0.9570162296295166 -0.06479191780090332 -0.251809298992157
v 0.9570162296295166 -0.07160145044326782 -0.2565516233444214
v 0.9570162296295166 -0.07683020830154419 -0.26178038120269775
v 0.962244987487793 -0.08753091096878052 -0.26834672689437866
v 0.9570162296295166 -0.09275966882705688 -0.2741834819316864
v 0.9570162296295166 -0.09811002016067505 -0.2738186717033386
v 0.9516658782958984 -0.09811002016067505 -0.27503466606140137
v 0.9516658782958984 -0.10333877801895142 -0.2722378969192505
v 0.9516658782958984 -0.1061355471611023 -0.2677387595176697
v 0.9549490213394165 -0.10868912935256958 -0.2623884081840515
v 0.9517874717712402 -0.10868912935256958 -0.25715965032577515
v 0.9464371204376221 -0.10333877801895142 -0.2537548542022705
v 0.9447346925735474 -0.09811002016067505 -0.24658054113388062
v 0.9410867691040039 -0.089962899684906 -0.24123018980026245
v 0.9416947364807129 -0.08753091096878052 -0.2358798384666443
v 0.9410867691040039 -0.07683020830154419 -0.23478543758392334
v 0.9464371204376221 -0.07160145044326782 -0.23174548149108887
v 0.9464371204376221 -0.06345432996749878 -0.2358798384666443
v 0.9464371204376221 -0.06102234125137329 -0.2380686104297638
v 0.9357364177703857 -0.059076786041259766 -0.24123018980026245
v 0.9464371204376221 -0.058468759059906006 -0.24123018980026245
v 0.9464371204376221 -0.05628001689910889 -0.24658054113388062
v 0.9516658782958984 -0.062238335609436035 -0.24658054113388062
v 0.9516658782958984 -0.0653998851776123 -0.251809298992157
v 0.9516658782958984 -0.07160145044326782 -0.25728124380111694
v 0.9516658782958984 -0.08218055963516235 -0.26883313059806824
v 0.9570162296295166 -0.0810861587524414 -0.2677387595176697
v 0.9568946361541748 -0.08753091096878052 -0.27308911085128784
v 0.9516658782958984 -0.09275966882705688 -0.2744266986846924
v 0.9464371204376221 -0.09275966882705688 -0.27783143520355225
v 0.9410867691040039 -0.09275966882705688 -0.2767370343208313
v 0.9464371204376221 -0.09811002016067505 -0.27552106976509094
v 0.9464371204376221 -0.10042035579681396 -0.27308911085128784
v 0.9464371204376221 -0.10358196496963501 -0.2677387595176697
v 0.9410867691040039 -0.09738039970397949 -0.25715965032577515
v 0.9361011981964111 -0.09275966882705688 -0.25715965032577515
v 0.9363443851470947 -0.08753091096878052 -0.24658054113388062
v 0.9357364177703857 -0.08011335134506226 -0.24123018980026245
v 0.9357364177703857 -0.07160145044326782 -0.237947016954422
v 0.9357364177703857 -0.06625109910964966 -0.23746061325073242
v 0.9283188581466675 -0.06102234125137329 -0.24123018980026245
v 0.9410867691040039 -0.055793583393096924 -0.24658054113388062
v 0.9464371204376221 -0.05664479732513428 -0.251809298992157
v 0.9464371204376221 -0.06479191780090332 -0.2623884081840515
v 0.9464371204376221 -0.07062864303588867 -0.2677387595176697
v 0.9483826160430908 -0.08218055963516235 -0.27308911085128784
v 0.9513009786605835 -0.08753091096878052 -0.27308911085128784
v 0.9464371204376221 -0.08753091096878052 -0.27807462215423584
v 0.9410867691040039 -0.08753091096878052 -0.2794122099876404
v 0.9357364177703857 -0.08971965312957764 -0.2783178389072418
v 0.9251573085784912 -0.08984130620956421 -0.2783178389072418
v 0.9305076599121094 -0.08643651008605957 -0.28366819024086
v 0.93464195728302 -0.08218055963516235 -0.28366819024086
v 0.935614824295044 -0.08218055963516235 -0.28889694809913635
v 0.9410867691040039 -0.07877576351165771 -0.29424726963043213
v 0.9410867691040039 -0.07597899436950684 -0.2995976209640503
v 0.930750846862793 -0.07160145044326782 -0.3101767301559448
v 0.9410867691040039 -0.0835181474685669 -0.3154054880142212
v 0.9251573085784912 -0.06588631868362427 -0.3154054880142212
v 0.9251573085784912 -0.06600791215896606 -0.32075583934783936
v 0.9357364177703857 -0.08412611484527588 -0.3261061906814575
v 0.9464371204376221 -0.08777409791946411 -0.3154054880142212
v 0.9403570890426636 -0.09275966882705688 -0.3261061906814575
v 0.9357364177703857 -0.09275966882705688 -0.33048373460769653
v 0.9357364177703857 -0.10333877801895142 -0.33024054765701294
v 0.9357364177703857 -0.11403942108154297 -0.33230775594711304
v 0.9251573085784912 -0.11403942108154297 -0.3405764698982239
v 0.9104437828063965 -0.10868912935256958 -0.3472644090652466
v 0.9092278480529785 -0.11403942108154297 -0.34592682123184204
v 0.9092278480529785 -0.11926817893981934 -0.3426436185836792
v 0.9131189584732056 -0.12984728813171387 -0.33668529987335205
v 0.9092278480529785 -0.13179290294647217 -0.3313349485397339
v 0.9092278480529785 -0.13519763946533203 -0.3261061906814575
v 0.9039990901947021 -0.1246185302734375 -0.33206453919410706
v 0.9039990901947021 -0.12559133768081665 -0.3261061906814575
v 0.9069174528121948 -0.12984728813171387 -0.32075583934783936
v 0.9052150249481201 -0.11926817893981934 -0.3101767301559448
v 0.9039990901947021 -0.10893231630325317 -0.2995976209640503
v 0.9092278480529785 -0.10868912935256958 -0.2943688929080963
v 0.9092278480529785 -0.10333877801895142 -0.2924233078956604
v 0.9092278480529785 -0.09811002016067505 -0.29084253311157227
v 0.9145781993865967 -0.09275966882705688 -0.2903561294078827
v 0.9199285507202148 -0.08874690532684326 -0.28889694809913635
v 0.9092278480529785 -0.09117889404296875 -0.28366819024086
v 0.9199285507202148 -0.08850371837615967 -0.28366819024086
v 0.9305076599121094 -0.09190845489501953 -0.27308911085128784
v 0.9357364177703857 -0.09470522403717041 -0.2677387595176697
v 0.9305076599121094 -0.09166526794433594 -0.2623884081840515
v 0.9305076599121094 -0.08692288398742676 -0.251809298992157
v 0.9309940338134766 -0.08218055963516235 -0.24658054113388062
v 0.9251573085784912 -0.08218055963516235 -0.24986371397972107
v 0.9199285507202148 -0.07683020830154419 -0.24779653549194336
v 0.9039990901947021 -0.07160145044326782 -0.24731013178825378
v 0.9199285507202148 -0.06625109910964966 -0.24281096458435059
v 0.898648738861084 -0.06102234125137329 -0.24731013178825378
v 0.8721401691436768 -0.05567198991775513 -0.25934842228889465
v 0.8721401691436768 -0.06102234125137329 -0.25728124380111694
v 0.8934199810028076 -0.05567198991775513 -0.251566082239151
v 0.9145781993865967 -0.05567198991775513 -0.24779653549194336
v 0.9305076599121094 -0.05567198991775513 -0.24658054113388062
v 0.9199285507202148 -0.05324000120162964 -0.25715965032577515
v 0.9305076599121094 -0.055793583393096924 -0.2623884081840515
v 0.9357364177703857 -0.05761760473251343 -0.2623884081840515
v 0.9410867691040039 -0.06625109910964966 -0.2695627212524414
v 0.9464371204376221 -0.08218055963516235 -0.2763722538948059
v 0.9335476160049438 -0.07683020830154419 -0.28366819024086
v 0.9339123964309692 -0.07683020830154419 -0.28889694809913635
v 0.9347635507583618 -0.07160145044326782 -0.29424726963043213
v 0.9305076599121094 -0.07160145044326782 -0.2893833518028259
v 0.9305076599121094 -0.067710280418396 -0.29424726963043213
v 0.9357364177703857 -0.07075023651123047 -0.2995976209640503
v 0.9251573085784912 -0.06248152256011963 -0.30482637882232666
v 0.9199285507202148 -0.06004953384399414 -0.3101767301559448
v 0.912875771522522 -0.05567198991775513 -0.3154054880142212
v 0.921630859375 -0.06102234125137329 -0.32075583934783936
v 0.9199285507202148 -0.06041437387466431 -0.3261061906814575
v 0.9251573085784912 -0.07683020830154419 -0.3326725363731384
v 0.9357364177703857 -0.08753091096878052 -0.3289029598236084
v 0.9305076599121094 -0.08753091096878052 -0.3336453139781952
v 0.9251573085784912 -0.09811002016067505 -0.33644211292266846
v 0.9087414741516113 -0.09811002016067505 -0.3472644090652466
v 0.9039990901947021 -0.10333877801895142 -0.3509123623371124
v 0.8934199810028076 -0.10333877801895142 -0.3578434884548187
v 0.8969463109970093 -0.10868912935256958 -0.35261476039886475
v 0.9039990901947021 -0.11403942108154297 -0.34629160165786743
v 0.9039990901947021 -0.11926817893981934 -0.34081965684890747
v 0.9069174528121948 -0.1246185302734375 -0.33668529987335205
v 0.898648738861084 -0.11999779939651489 -0.3313349485397339
v 0.898648738861084 -0.11695784330368042 -0.32075583934783936
v 0.898648738861084 -0.10868912935256958 -0.3061639666557312
v 0.898648738861084 -0.10333877801895142 -0.2989896535873413
v 0.9039990901947021 -0.10224437713623047 -0.29424726963043213
v 0.9039990901947021 -0.09811002016067505 -0.29145050048828125
v 0.9092278480529785 -0.09336763620376587 -0.28889694809913635
v 0.904120683670044 -0.09275966882705688 -0.28366819024086
v 0.9251573085784912 -0.09166526794433594 -0.2677387595176697
v 0.9251573085784912 -0.08753091096878052 -0.2559436559677124
v 0.9092278480529785 -0.08643651008605957 -0.25715965032577515
v 0.9092278480529785 -0.0810861587524414 -0.251809298992157
v 0.898648738861084 -0.07683020830154419 -0.2510797083377838
v 0.898648738861084 -0.06625109910964966 -0.247188538312912
v 0.8774905204772949 -0.06625109910964966 -0.25448447465896606
v 0.8562107086181641 -0.06102234125137329 -0.26409077644348145
v 0.8509819507598877 -0.05567198991775513 -0.2646987736225128
v 0.8562107086181641 -0.05567198991775513 -0.26433396339416504
v 0.8667898178100586 -0.05032163858413696 -0.26433396339416504
v 0.8880696296691895 -0.05032163858413696 -0.2589836120605469
v 0.9092278480529785 -0.053361594676971436 -0.251809298992157
v 0.9199285507202148 -0.05287522077560425 -0.2623884081840515
v 0.9199285507202148 -0.05482083559036255 -0.27308911085128784
v 0.9243060350418091 -0.06102234125137329 -0.2783178389072418
v 0.9251573085784912 -0.06661587953567505 -0.28366819024086
v 0.9184693098068237 -0.06102234125137329 -0.28889694809913635
v 0.9145781993865967 -0.052996814250946045 -0.2995976209640503
v 0.9099574089050293 -0.05032163858413696 -0.30482637882232666
v 0.898648738861084 -0.047889649868011475 -0.3154054880142212
v 0.9092278480529785 -0.0538480281829834 -0.3154054880142212
v 0.9150645732879639 -0.05567198991775513 -0.32075583934783936
v 0.9148213863372803 -0.05567198991775513 -0.3261061906814575
v 0.9164022207260132 -0.06102234125137329 -0.3313349485397339
v 0.9239412546157837 -0.08218055963516235 -0.33668529987335205
v 0.9084982872009277 -0.07160145044326782 -0.3419140577316284
v 0.9039990901947021 -0.08753091096878052 -0.34787237644195557
v 0.898648738861084 -0.09275966882705688 -0.3541955351829529
v 0.8934199810028076 -0.08753091096878052 -0.3588162660598755
v 0.8951224088668823 -0.09811002016067505 -0.3578434884548187
v 0.8667898178100586 -0.09811002016067505 -0.3674498200416565
v 0.8827192783355713 -0.09811002016067505 -0.3646530508995056
v 0.8827192783355713 -0.10333877801895142 -0.3625858426094055
v 0.8880696296691895 -0.10868912935256958 -0.3565059006214142
v 0.8934199810028076 -0.11403942108154297 -0.3475075960159302
v 0.898648738861084 -0.11720103025436401 -0.3419140577316284
v 0.8985271453857422 -0.11926817893981934 -0.33668529987335205
v 0.8934199810028076 -0.11707943677902222 -0.3313349485397339
v 0.8934199810028076 -0.11549866199493408 -0.3261061906814575
v 0.8934199810028076 -0.1018795371055603 -0.2995976209640503
v 0.898648738861084 -0.09811002016067505 -0.2919369339942932
v 0.8880696296691895 -0.09482681751251221 -0.28366819024086
v 0.898648738861084 -0.09227323532104492 -0.27308911085128784
v 0.8934199810028076 -0.08753091096878052 -0.26226678490638733
v 0.8827192783355713 -0.08522051572799683 -0.2623884081840515
v 0.8774905204772949 -0.08218055963516235 -0.26129400730133057
v 0.8721401691436768 -0.07683020830154419 -0.25971323251724243
v 0.8728697299957275 -0.07160145044326782 -0.25715965032577515
v 0.8562107086181641 -0.06625109910964966 -0.2649419605731964
v 0.8509819507598877 -0.06843990087509155 -0.2677387595176697
v 0.8456315994262695 -0.06102234125137329 -0.2650635838508606
v 0.8456315994262695 -0.05567198991775513 -0.26396918296813965
v 0.8456315994262695 -0.05032163858413696 -0.26409077644348145
v 0.8509819507598877 -0.05032163858413696 -0.265428364276886
v 0.8562107086181641 -0.05032163858413696 -0.2659147381782532
v 0.8562107086181641 -0.045092880725860596 -0.26895472407341003
v 0.8667898178100586 -0.045092880725860596 -0.2696843147277832
v 0.8721401691436768 -0.04071533679962158 -0.2783178389072418
v 0.898648738861084 -0.04618728160858154 -0.2677387595176697
v 0.8934199810028076 -0.04399847984313965 -0.2783178389072418
v 0.9092278480529785 -0.04959207773208618 -0.27308911085128784
v 0.9145781993865967 -0.05700957775115967 -0.28366819024086
v 0.9032695293426514 -0.05032163858413696 -0.28889694809913635
v 0.9092278480529785 -0.049835264682769775 -0.2995976209640503
v 0.8993782997131348 -0.045092880725860596 -0.30482637882232666
v 0.8934199810028076 -0.046552062034606934 -0.32075583934783936
v 0.8934199810028076 -0.04764646291732788 -0.3313349485397339
v 0.898648738861084 -0.05214565992355347 -0.33668529987335205
v 0.9043638706207275 -0.05567198991775513 -0.33668529987335205
v 0.9021750688552856 -0.06102234125137329 -0.3419140577316284
v 0.8934199810028076 -0.07683020830154419 -0.3558979034423828
v 0.8880696296691895 -0.09275966882705688 -0.3630722463130951
v 0.8721401691436768 -0.09275966882705688 -0.3678146004676819
v 0.8509819507598877 -0.07683020830154419 -0.37061136960983276
v 0.8456315994262695 -0.08218055963516235 -0.3719489574432373
v 0.8402812480926514 -0.09275966882705688 -0.3714625835418701
v 0.8297021389007568 -0.09811002016067505 -0.3697601854801178
v 0.8721401691436768 -0.10333877801895142 -0.36453142762184143
v 0.8721401691436768 -0.11002671718597412 -0.3578434884548187
v 0.8721401691436768 -0.1127018928527832 -0.35261476039886475
v 0.8934199810028076 -0.11634981632232666 -0.3419140577316284
v 0.8880696296691895 -0.11634981632232666 -0.33668529987335205
v 0.8774905204772949 -0.11428266763687134 -0.3313349485397339
v 0.8827192783355713 -0.10832428932189941 -0.3154054880142212
v 0.8615610599517822 -0.11197227239608765 -0.3261061906814575
v 0.8562107086181641 -0.1129450798034668 -0.3313349485397339
v 0.8509819507598877 -0.10722988843917847 -0.3154054880142212
v 0.8402812480926514 -0.10114997625350952 -0.30482637882232666
v 0.8562107086181641 -0.1039467453956604 -0.30482637882232666
v 0.8667898178100586 -0.09275966882705688 -0.2817226052284241
v 0.8615610599517822 -0.08753091096878052 -0.2745482921600342
v 0.8562107086181641 -0.08218055963516235 -0.2724810838699341
v 0.835052490234375 -0.07634377479553223 -0.27308911085128784
v 0.8404028415679932 -0.08218055963516235 -0.2783178389072418
v 0.8456315994262695 -0.06698071956634521 -0.2677387595176697
v 0.8290941715240479 -0.06625109910964966 -0.2623884081840515
v 0.8237438201904297 -0.05567198991775513 -0.251809298992157
v 0.8278782367706299 -0.045092880725860596 -0.251809298992157
v 0.8300669193267822 -0.05567198991775513 -0.25715965032577515
v 0.8244733810424805 -0.06235992908477783 -0.25715965032577515
v 0.8402812480926514 -0.04667365550994873 -0.2623884081840515
v 0.8456315994262695 -0.045092880725860596 -0.2656715512275696
v 0.8615610599517822 -0.04217451810836792 -0.27308911085128784
v 0.8615610599517822 -0.03402739763259888 -0.28889694809913635
v 0.8774905204772949 -0.039985716342926025 -0.28366819024086
v 0.898648738861084 -0.0469169020652771 -0.28366819024086
v 0.8934199810028076 -0.04448491334915161 -0.29424726963043213
v 0.8880696296691895 -0.041931331157684326 -0.2995976209640503
v 0.8827192783355713 -0.043390512466430664 -0.3154054880142212
v 0.8774905204772949 -0.04387688636779785 -0.3313349485397339
v 0.8615610599517822 -0.04168814420700073 -0.3419140577316284
v 0.8774905204772949 -0.048132896423339844 -0.3419140577316284
v 0.8934199810028076 -0.05567198991775513 -0.34373801946640015
v 0.8934199810028076 -0.06625109910964966 -0.3510339558124542
v 0.8827192783355713 -0.0812077522277832 -0.3631938397884369
v 0.8456315994262695 -0.06625109910964966 -0.3691521883010864
v 0.8244733810424805 -0.06102234125137329 -0.3718273639678955
v 0.8191230297088623 -0.07683020830154419 -0.3749889135360718
v 0.8031935691833496 -0.06625109910964966 -0.3783937096595764
v 0.8031935691833496 -0.07683020830154419 -0.3783937096595764
v 0.8137726783752441 -0.08753091096878052 -0.374259352684021
v 0.7872642278671265 -0.08218055963516235 -0.37802889943122864
v 0.8137726783752441 -0.09275966882705688 -0.3723137378692627
v 0.8244733810424805 -0.10333877801895142 -0.3656258285045624
v 0.8297021389007568 -0.10881072282791138 -0.3578434884548187
v 0.8615610599517822 -0.11452585458755493 -0.3419140577316284
v 0.8191230297088623 -0.11014831066131592 -0.3472644090652466
v 0.835052490234375 -0.11112105846405029 -0.3419140577316284
v 0.8297021389007568 -0.104189932346344 -0.32075583934783936
v 0.8456315994262695 -0.0970156192779541 -0.29424726963043213
v 0.835052490234375 -0.0904492735862732 -0.28889694809913635
v 0.835052490234375 -0.08643651008605957 -0.28366819024086
v 0.8297021389007568 -0.07160145044326782 -0.2670091390609741
v 0.8191230297088623 -0.07695180177688599 -0.2677387595176697
v 0.8191230297088623 -0.06102234125137329 -0.251566082239151
v 0.8085439205169678 -0.06515669822692871 -0.24658054113388062
v 0.8117055892944336 -0.06102234125137329 -0.24123018980026245
v 0.8085439205169678 -0.06248152256011963 -0.2358798384666443
v 0.8085439205169678 -0.06394070386886597 -0.23065108060836792
v 0.8031935691833496 -0.06576472520828247 -0.23065108060836792
v 0.7979649305343628 -0.06625109910964966 -0.23065108060836792
v 0.7926145792007446 -0.06807506084442139 -0.22530072927474976
v 0.7926145792007446 -0.0746414065361023 -0.2147216498851776
v 0.7871425151824951 -0.07160145044326782 -0.20937129855155945
v 0.7843457460403442 -0.06625109910964966 -0.20414254069328308
v 0.7872642278671265 -0.06625109910964966 -0.19356343150138855
v 0.7825218439102173 -0.05567198991775513 -0.19879218935966492
v 0.7921280860900879 -0.06625109910964966 -0.18286272883415222
v 0.7963840961456299 -0.06102234125137329 -0.17763397097587585
v 0.7979649305343628 -0.05567198991775513 -0.17909318208694458
v 0.7926145792007446 -0.03974252939224243 -0.19417142868041992
v 0.7979649305343628 -0.045092880725860596 -0.18711870908737183
v 0.8031935691833496 -0.045092880725860596 -0.18590271472930908
v 0.8031935691833496 -0.033662617206573486 -0.19879218935966492
v 0.8085439205169678 -0.034513771533966064 -0.1992785930633545
v 0.8137726783752441 -0.034513771533966064 -0.20414254069328308
v 0.8137726783752441 -0.03281140327453613 -0.20937129855155945
v 0.8204606771469116 -0.03974252939224243 -0.2147216498851776
v 0.8191230297088623 -0.034513771533966064 -0.2308942973613739
v 0.8217982053756714 -0.034513771533966064 -0.24123018980026245
v 0.8238654136657715 -0.034513771533966064 -0.24658054113388062
v 0.8329854011535645 -0.045092880725860596 -0.25715965032577515
v 0.8402812480926514 -0.03974252939224243 -0.2655499577522278
v 0.8456315994262695 -0.03974252939224243 -0.2696843147277832
v 0.8615610599517822 -0.03183859586715698 -0.29424726963043213
v 0.8774905204772949 -0.03852653503417969 -0.2995976209640503
v 0.8774905204772949 -0.03949934244155884 -0.30482637882232666
v 0.8663034439086914 -0.03974252939224243 -0.3261061906814575
v 0.8509819507598877 -0.036824166774749756 -0.3419140577316284
v 0.8615610599517822 -0.045092880725860596 -0.3472644090652466
v 0.8615610599517822 -0.04995685815811157 -0.35261476039886475
v 0.8615610599517822 -0.06102234125137329 -0.3611266613006592
v 0.8244733810424805 -0.045092880725860596 -0.3646530508995056
v 0.7979649305343628 -0.05567198991775513 -0.37766411900520325
v 0.7872642278671265 -0.06625109910964966 -0.3807040750980377
v 0.7872642278671265 -0.07683020830154419 -0.37973129749298096
v 0.7766851186752319 -0.08303171396255493 -0.3737729489803314
v 0.7766851186752319 -0.07683020830154419 -0.37729930877685547
v 0.7820354700088501 -0.08218055963516235 -0.3768129348754883
v 0.7926145792007446 -0.0900844931602478 -0.3737729489803314
v 0.7979649305343628 -0.09811002016067505 -0.36659860610961914
v 0.8137726783752441 -0.104189932346344 -0.3631938397884369
v 0.8137726783752441 -0.10722988843917847 -0.3578434884548187
v 0.8137726783752441 -0.10881072282791138 -0.35261476039886475
v 0.8137726783752441 -0.10893231630325317 -0.3419140577316284
v 0.8137726783752441 -0.10759472846984863 -0.33668529987335205
v 0.7926145792007446 -0.09811002016067505 -0.3262277841567993
v 0.8031935691833496 -0.09275966882705688 -0.30494797229766846
v 0.8137726783752441 -0.08619332313537598 -0.28366819024086
v 0.7979649305343628 -0.08218055963516235 -0.27077871561050415
v 0.8244733810424805 -0.08218055963516235 -0.27770984172821045
v 0.8096383810043335 -0.07683020830154419 -0.2623884081840515
v 0.8031935691833496 -0.06698071956634521 -0.24658054113388062
v 0.8031935691833496 -0.06491351127624512 -0.24123018980026245
v 0.8031935691833496 -0.06442713737487793 -0.2358798384666443
v 0.7979649305343628 -0.06503510475158691 -0.2358798384666443
v 0.7926145792007446 -0.06467032432556152 -0.2358798384666443
v 0.7926145792007446 -0.06564313173294067 -0.23065108060836792
v 0.7872642278671265 -0.07050704956054688 -0.2147216498851776
v 0.7820354700088501 -0.06333273649215698 -0.2147216498851776
v 0.7836161851882935 -0.06625109910964966 -0.20937129855155945
v 0.7820354700088501 -0.06041437387466431 -0.20414254069328308
v 0.780576229095459 -0.05567198991775513 -0.20414254069328308
v 0.7824002504348755 -0.05032163858413696 -0.19879218935966492
v 0.788723349571228 -0.05567198991775513 -0.18821308016777039
v 0.7872642278671265 -0.045092880725860596 -0.19417142868041992
v 0.7872642278671265 -0.03937774896621704 -0.19879218935966492
v 0.7926145792007446 -0.027704238891601562 -0.20937129855155945
v 0.7979649305343628 -0.034513771533966064 -0.19794100522994995
v 0.8031935691833496 -0.0291634202003479 -0.20645290613174438
v 0.8085439205169678 -0.027096271514892578 -0.2147216498851776
v 0.8137726783752441 -0.031352221965789795 -0.2147216498851776
v 0.8137726783752441 -0.0223538875579834 -0.2358798384666443
v 0.81693434715271 -0.023813068866729736 -0.24123018980026245
v 0.8191230297088623 -0.021259546279907227 -0.251809298992157
v 0.8271485567092896 -0.0291634202003479 -0.25715965032577515
v 0.8275133371353149 -0.023813068866729736 -0.27308911085128784
v 0.8297021389007568 -0.03402739763259888 -0.25715965032577515
v 0.8401596546173096 -0.034513771533966064 -0.27308911085128784
v 0.8402812480926514 -0.0291634202003479 -0.28415459394454956
v 0.8402812480926514 -0.023813068866729736 -0.2924233078956604
v 0.8562107086181641 -0.02879863977432251 -0.2995976209640503
v 0.835052490234375 -0.01882755756378174 -0.30482637882232666
v 0.8428348302841187 -0.0291634202003479 -0.3261061906814575
v 0.8297021389007568 -0.023083508014678955 -0.3313349485397339
v 0.835052490234375 -0.0291634202003479 -0.34313005208969116
v 0.8297021389007568 -0.02794748544692993 -0.3472644090652466
v 0.8244733810424805 -0.0291634202003479 -0.35310113430023193
v 0.8085439205169678 -0.02466428279876709 -0.3578434884548187
v 0.7979649305343628 -0.03402739763259888 -0.36842259764671326
v 0.7926145792007446 -0.045092880725860596 -0.37535372376441956
v 0.7820354700088501 -0.05032163858413696 -0.37802889943122864
v 0.7758338451385498 -0.06102234125137329 -0.3791233003139496
v 0.7766851186752319 -0.06953424215316772 -0.3791233003139496
v 0.7714563608169556 -0.07160145044326782 -0.3760833144187927
v 0.7714563608169556 -0.08218055963516235 -0.3697601854801178
v 0.7766851186752319 -0.08850371837615967 -0.36842259764671326
v 0.7820354700088501 -0.09190845489501953 -0.36842259764671326
v 0.7820354700088501 -0.09482681751251221 -0.3631938397884369
v 0.7872642278671265 -0.0970156192779541 -0.3631938397884369
v 0.7872642278671265 -0.10042035579681396 -0.3472644090652466
v 0.7766851186752319 -0.09543484449386597 -0.3419140577316284
v 0.7872642278671265 -0.10029876232147217 -0.3419140577316284
v 0.7766851186752319 -0.09275966882705688 -0.32987576723098755
v 0.7872642278671265 -0.0902060866355896 -0.3101767301559448
v 0.7872642278671265 -0.08072137832641602 -0.27308911085128784
v 0.7872642278671265 -0.0764654278755188 -0.2623884081840515
v 0.7979649305343628 -0.07853257656097412 -0.2623884081840515
v 0.7979649305343628 -0.0675886869430542 -0.24658054113388062
v 0.7979649305343628 -0.0655214786529541 -0.24123018980026245
v 0.7808194160461426 -0.06102234125137329 -0.24123018980026245
v 0.7872642278671265 -0.06308954954147339 -0.2358798384666443
v 0.7872642278671265 -0.06369751691818237 -0.23065108060836792
v 0.7817922830581665 -0.06102234125137329 -0.22530072927474976
v 0.7766851186752319 -0.05567198991775513 -0.23016467690467834
v 0.7774146795272827 -0.05567198991775513 -0.2200719714164734
v 0.7781442403793335 -0.05567198991775513 -0.2147216498851776
v 0.7780226469039917 -0.05032163858413696 -0.20937129855155945
v 0.780576229095459 -0.045092880725860596 -0.20414254069328308
v 0.7820354700088501 -0.034513771533966064 -0.2103440761566162
v 0.7820354700088501 -0.0291634202003479 -0.2147216498851776
v 0.7741315364837646 -0.034513771533966064 -0.2200719714164734
v 0.7759554386138916 -0.0291634202003479 -0.2200719714164734
v 0.7872642278671265 -0.02502906322479248 -0.2147216498851776
v 0.7926145792007446 -0.018584370613098145 -0.2195855975151062
v 0.7979649305343628 -0.018584370613098145 -0.22019359469413757
v 0.8031935691833496 -0.015057981014251709 -0.23065108060836792
v 0.8085439205169678 -0.01870596408843994 -0.23065108060836792
v 0.8137726783752441 -0.017611563205718994 -0.24658054113388062
v 0.8237438201904297 -0.018584370613098145 -0.2783178389072418
v 0.835052490234375 -0.028677046298980713 -0.2783178389072418
v 0.8297021389007568 -0.018341124057769775 -0.28889694809913635
v 0.835052490234375 -0.018341124057769775 -0.2995976209640503
v 0.8137726783752441 -0.008005261421203613 -0.3057991862297058
v 0.8297021389007568 -0.022110700607299805 -0.3261061906814575
v 0.8191230297088623 -0.016881942749023438 -0.33668529987335205
v 0.8085439205169678 -0.012018024921417236 -0.3419140577316284
v 0.8085439205169678 -0.014936387538909912 -0.3472644090652466
v 0.8031935691833496 -0.016638755798339844 -0.35261476039886475
v 0.7872642278671265 -0.01323401927947998 -0.35468190908432007
v 0.7926145792007446 -0.023813068866729736 -0.3631938397884369
v 0.7820354700088501 -0.023813068866729736 -0.3652610182762146
v 0.7820354700088501 -0.03876978158950806 -0.3737729489803314
v 0.7766851186752319 -0.05032163858413696 -0.37766411900520325
v 0.7629444599151611 -0.05567198991775513 -0.3737729489803314
v 0.7607556581497192 -0.06102234125137329 -0.37109777331352234
v 0.7667139768600464 -0.07683020830154419 -0.36842259764671326
v 0.7661060094833374 -0.08218055963516235 -0.360397070646286
v 0.7714563608169556 -0.08753091096878052 -0.3625858426094055
v 0.7766851186752319 -0.09361082315444946 -0.3578434884548187
v 0.7737667560577393 -0.09275966882705688 -0.35261476039886475
v 0.7714563608169556 -0.09166526794433594 -0.3472644090652466
v 0.7714563608169556 -0.08947646617889404 -0.3313349485397339
v 0.7714563608169556 -0.08218055963516235 -0.31394630670547485
v 0.7501765489578247 -0.06625109910964966 -0.32075583934783936
v 0.7645251750946045 -0.07683020830154419 -0.3154054880142212
v 0.7686595916748047 -0.07683020830154419 -0.2995976209640503
v 0.775104284286499 -0.08218055963516235 -0.30482637882232666
v 0.7766851186752319 -0.07622218132019043 -0.27308911085128784
v 0.7766851186752319 -0.0742766261100769 -0.2677387595176697
v 0.7820354700088501 -0.06418389081954956 -0.24658054113388062
v 0.7714563608169556 -0.05567198991775513 -0.24341896176338196
v 0.7766851186752319 -0.05664479732513428 -0.2358798384666443
v 0.7723075151443481 -0.05032163858413696 -0.23065108060836792
v 0.7781442403793335 -0.045092880725860596 -0.20937129855155945
v 0.7735234498977661 -0.03974252939224243 -0.2200719714164734
v 0.7661060094833374 -0.03974252939224243 -0.2334478497505188
v 0.7662276029586792 -0.0291634202003479 -0.23065108060836792
v 0.7661060094833374 -0.023813068866729736 -0.23186707496643066
v 0.7591748237609863 -0.0291634202003479 -0.24123018980026245
v 0.7607556581497192 -0.023813068866729736 -0.23916301131248474
v 0.7607556581497192 -0.018584370613098145 -0.24281096458435059
v 0.7703619003295898 -0.018584370613098145 -0.23065108060836792
v 0.7766851186752319 -0.019070744514465332 -0.22530072927474976
v 0.7820354700088501 -0.016152381896972656 -0.22530072927474976
v 0.7926145792007446 -0.014328360557556152 -0.22530072927474976
v 0.7979649305343628 -0.01323401927947998 -0.22955670952796936
v 0.807206392288208 -0.008005261421203613 -0.2623884081840515
v 0.8137726783752441 -0.008005261421203613 -0.28464096784591675
v 0.8148671388626099 -0.008005261421203613 -0.28889694809913635
v 0.8031935691833496 0.00026345252990722656 -0.2995976209640503
v 0.8069632053375244 -0.008005261421203613 -0.3313349485397339
v 0.7872642278671265 0.006343424320220947 -0.3154054880142212
v 0.7979649305343628 -0.005330085754394531 -0.33668529987335205
v 0.7979649305343628 -0.01323401927947998 -0.3509123623371124
v 0.7607556581497192 -0.010194003582000732 -0.3578434884548187
v 0.7607556581497192 -0.017489969730377197 -0.3631938397884369
v 0.7607556581497192 -0.023813068866729736 -0.36647701263427734
v 0.7555269002914429 -0.045092880725860596 -0.3720705509185791
v 0.7395974397659302 -0.03974252939224243 -0.37109777331352234
v 0.7395974397659302 -0.045092880725860596 -0.3701249957084656
v 0.7555269002914429 -0.05032163858413696 -0.3717057704925537
v 0.7555269002914429 -0.05567198991775513 -0.3698817789554596
v 0.7607556581497192 -0.07585740089416504 -0.3578434884548187
v 0.7672003507614136 -0.08753091096878052 -0.3472644090652466
v 0.7607556581497192 -0.07999175786972046 -0.33668529987335205
v 0.75394606590271 -0.07160145044326782 -0.3313349485397339
v 0.7479877471923828 -0.06625109910964966 -0.3313349485397339
v 0.7449477910995483 -0.060900747776031494 -0.3101767301559448
v 0.7555269002914429 -0.06625109910964966 -0.29388248920440674
v 0.7661060094833374 -0.07233107089996338 -0.28366819024086
v 0.7661060094833374 -0.06625109910964966 -0.26640117168426514
v 0.7661060094833374 -0.05567198991775513 -0.25095808506011963
v 0.7661060094833374 -0.045092880725860596 -0.2377038300037384
v 0.7607556581497192 -0.045092880725860596 -0.24755331873893738
v 0.7562564611434937 -0.03974252939224243 -0.251809298992157
v 0.7547972202301025 -0.034513771533966064 -0.251809298992157
v 0.7518788576126099 -0.0291634202003479 -0.25715965032577515
v 0.7501765489578247 -0.0223538875579834 -0.2623884081840515
v 0.7501765489578247 -0.018584370613098145 -0.26445555686950684
v 0.7555269002914429 -0.018584370613098145 -0.2541196644306183
v 0.760269284248352 -0.01323401927947998 -0.251809298992157
v 0.7661060094833374 -0.01323401927947998 -0.24135178327560425
v 0.7714563608169556 -0.010072410106658936 -0.24123018980026245
v 0.7766851186752319 -0.01323401927947998 -0.23162388801574707
v 0.7872642278671265 -0.009342849254608154 -0.2358798384666443
v 0.7944384813308716 0.002695441246032715 -0.2783178389072418
v 0.7991808652877808 0.002695441246032715 -0.28366819024086
v 0.8031935691833496 0.0016010403633117676 -0.28889694809913635
v 0.7872642278671265 0.007681012153625488 -0.30482637882232666
v 0.7766851186752319 0.011450588703155518 -0.30482637882232666
v 0.7766851186752319 0.010842561721801758 -0.3154054880142212
v 0.7766851186752319 0.002695441246032715 -0.3353477120399475
v 0.7395974397659302 -0.0026549100875854492 -0.35760030150413513
v 0.7349766492843628 -0.008005261421203613 -0.3631938397884369
v 0.734247088432312 -0.01323401927947998 -0.36623382568359375
v 0.713088870048523 -0.01323401927947998 -0.3714625835418701
v 0.7290183305740356 -0.023813068866729736 -0.37048977613449097
v 0.713088870048523 -0.034513771533966064 -0.3721921443939209
v 0.7236679792404175 -0.03974252939224243 -0.3702465891838074
v 0.7236679792404175 -0.04314732551574707 -0.36842259764671326
v 0.7432453632354736 -0.05032163858413696 -0.36842259764671326
v 0.7501765489578247 -0.05956315994262695 -0.3631938397884369
v 0.7555269002914429 -0.07160145044326782 -0.3510339558124542
v 0.7501765489578247 -0.06819665431976318 -0.3419140577316284
v 0.7392326593399048 -0.06102234125137329 -0.33668529987335205
v 0.7341254949569702 -0.05567198991775513 -0.3261061906814575
v 0.734247088432312 -0.05092966556549072 -0.3101767301559448
v 0.7475013732910156 -0.06102234125137329 -0.2995976209640503
v 0.7555269002914429 -0.06150871515274048 -0.2783178389072418
v 0.7555269002914429 -0.05567198991775513 -0.26822513341903687
v 0.7555269002914429 -0.05032163858413696 -0.26214519143104553
v 0.7449477910995483 -0.038891375064849854 -0.27308911085128784
v 0.7449477910995483 -0.0291634202003479 -0.2695627212524414
v 0.7380166053771973 -0.018584370613098145 -0.2783178389072418
v 0.7449477910995483 -0.015909194946289062 -0.27308911085128784
v 0.7555269002914429 -0.0084916353225708 -0.2677387595176697
v 0.7607556581497192 -0.004478871822357178 -0.2677387595176697
v 0.7766851186752319 -0.008005261421203613 -0.24208137392997742
v 0.7820354700088501 0.007924199104309082 -0.29132890701293945
v 0.7714563608169556 0.011207401752471924 -0.2995976209640503
v 0.7661060094833374 0.013274550437927246 -0.3101767301559448
v 0.7607556581497192 0.012909770011901855 -0.32075583934783936
v 0.7501765489578247 0.013274550437927246 -0.32355260848999023
v 0.7290183305740356 0.011693775653839111 -0.3313349485397339
v 0.7236679792404175 0.007924199104309082 -0.34823718667030334
v 0.710900068283081 0.013274550437927246 -0.3419140577316284
v 0.7290183305740356 0.005005836486816406 -0.35261476039886475
v 0.7184392213821411 0.002695441246032715 -0.3607618808746338
v 0.713088870048523 -0.005330085754394531 -0.36842259764671326
v 0.7025097608566284 -0.023813068866729736 -0.37547534704208374
v 0.6874314546585083 -0.0291634202003479 -0.3791233003139496
v 0.7025097608566284 -0.034513771533966064 -0.37352973222732544
v 0.670650839805603 -0.0291634202003479 -0.38435202836990356
v 0.6760011911392212 -0.034513771533966064 -0.3793664872646332
v 0.6865803003311157 -0.037796974182128906 -0.3737729489803314
v 0.7077385187149048 -0.03974252939224243 -0.3697601854801178
v 0.713088870048523 -0.045092880725860596 -0.36428824067115784
v 0.7236679792404175 -0.04825448989868164 -0.3631938397884369
v 0.7236679792404175 -0.052632033824920654 -0.35261476039886475
v 0.7395974397659302 -0.060900747776031494 -0.3419140577316284
v 0.7290183305740356 -0.056401610374450684 -0.33668529987335205
v 0.7290183305740356 -0.045092880725860596 -0.30239441990852356
v 0.7378950119018555 -0.05032163858413696 -0.2995976209640503
v 0.7449477910995483 -0.05044323205947876 -0.28366819024086
v 0.7352198362350464 -0.034513771533966064 -0.28366819024086
v 0.734247088432312 -0.023813068866729736 -0.2812362313270569
v 0.7312071323394775 -0.018584370613098145 -0.28366819024086
v 0.734247088432312 -0.011409997940063477 -0.28366819024086
v 0.7451909780502319 -0.008005261421203613 -0.2783178389072418
v 0.7501765489578247 -0.0026549100875854492 -0.2806282043457031
v 0.7661060094833374 0.002695441246032715 -0.2785610556602478
v 0.7607556581497192 0.012301743030548096 -0.30482637882232666
v 0.7555269002914429 0.013760924339294434 -0.3154054880142212
v 0.7290183305740356 0.013274550437927246 -0.3218502402305603
v 0.7236679792404175 0.012544989585876465 -0.3313349485397339
v 0.7029961347579956 0.018503308296203613 -0.33668529987335205
v 0.688525915145874 0.023853659629821777 -0.3419140577316284
v 0.670650839805603 0.0278664231300354 -0.36842259764671326
v 0.6760011911392212 0.02920401096343994 -0.35273635387420654
v 0.7025097608566284 0.013274550437927246 -0.3544387221336365
v 0.7025097608566284 0.008653819561004639 -0.3631938397884369
v 0.7025097608566284 0.002695441246032715 -0.36878740787506104
v 0.6865803003311157 0.0017226338386535645 -0.3791233003139496
v 0.6865803003311157 -0.008005261421203613 -0.3807040750980377
v 0.670650839805603 -0.023813068866729736 -0.3860544264316559
v 0.6389135122299194 -0.023813068866729736 -0.3987007141113281
v 0.6229841709136963 -0.02843385934829712 -0.40028148889541626
v 0.6153234243392944 -0.018584370613098145 -0.4108605980873108
v 0.6070547103881836 -0.02636665105819702 -0.4056318402290344
v 0.6176338195800781 -0.03305459022521973 -0.3949311375617981
v 0.6547213792800903 -0.035121798515319824 -0.38435202836990356
v 0.6547213792800903 -0.03974252939224243 -0.37559694051742554
v 0.6812299489974976 -0.03974252939224243 -0.3718273639678955
v 0.7077385187149048 -0.04740327596664429 -0.3578434884548187
v 0.7184392213821411 -0.05324000120162964 -0.3419140577316284
v 0.7025097608566284 -0.04959207773208618 -0.3313349485397339
v 0.7236679792404175 -0.04801124334335327 -0.3154054880142212
v 0.7184392213821411 -0.04205292463302612 -0.30482637882232666
v 0.7280455827713013 -0.03974252939224243 -0.29424726963043213
v 0.734247088432312 -0.040228962898254395 -0.28889694809913635
v 0.7236679792404175 -0.0291634202003479 -0.2902345061302185
v 0.713088870048523 -0.018584370613098145 -0.2930313050746918
v 0.7236679792404175 -0.01323401927947998 -0.2884105443954468
v 0.7290183305740356 -0.008005261421203613 -0.2878025472164154
v 0.734247088432312 -0.0026549100875854492 -0.2893833518028259
v 0.7449477910995483 0.0008714795112609863 -0.28889694809913635
v 0.7501765489578247 0.007924199104309082 -0.2988680601119995
v 0.7262215614318848 0.013274550437927246 -0.3154054880142212
v 0.7077385187149048 0.017044126987457275 -0.32075583934783936
v 0.7077385187149048 0.01826012134552002 -0.3261061906814575
v 0.6806219816207886 0.023853659629821777 -0.3261061906814575
v 0.6812299489974976 0.027136802673339844 -0.3419140577316284
v 0.653140664100647 0.03978312015533447 -0.36842259764671326
v 0.649492621421814 0.04026949405670166 -0.3737729489803314
v 0.6353871822357178 0.050362229347229004 -0.3737729489803314
v 0.6335631608963013 0.04136389493942261 -0.3949311375617981
v 0.6600717306137085 0.029568791389465332 -0.3791233003139496
v 0.6600717306137085 0.023853659629821777 -0.3853248357772827
v 0.6865803003311157 0.007924199104309082 -0.3760833144187927
v 0.6654220819473267 0.002695441246032715 -0.3906751871109009
v 0.6441422700881958 -0.013963580131530762 -0.40028148889541626
v 0.6176338195800781 -0.01323401927947998 -0.4130493700504303
v 0.5964756011962891 -0.008005261421203613 -0.4246012568473816
v 0.5858964920043945 -0.01323401927947998 -0.4247228503227234
v 0.5699670314788818 -0.01323401927947998 -0.428127646446228
v 0.5805461406707764 -0.018584370613098145 -0.4202237129211426
v 0.5751957893371582 -0.02150273323059082 -0.41621094942092896
v 0.6124050617218018 -0.039256155490875244 -0.3791233003139496
v 0.6282128095626831 -0.0381617546081543 -0.38435202836990356
v 0.6600717306137085 -0.041566550731658936 -0.36842259764671326
v 0.670650839805603 -0.043390512466430664 -0.3578434884548187
v 0.6812299489974976 -0.04557931423187256 -0.3419140577316284
v 0.6600717306137085 -0.03986412286758423 -0.3419140577316284
v 0.6812299489974976 -0.043755292892456055 -0.3313349485397339
v 0.6971594095230103 -0.0467953085899353 -0.3261061906814575
v 0.6865803003311157 -0.034513771533966064 -0.3128519058227539
v 0.7236679792404175 -0.034513771533966064 -0.2927880883216858
v 0.7077385187149048 -0.023813068866729736 -0.2965576648712158
v 0.6919306516647339 -0.008005261421203613 -0.2991112470626831
v 0.6919306516647339 -0.018584370613098145 -0.3015432357788086
v 0.7025097608566284 -0.008005261421203613 -0.2963144779205322
v 0.713088870048523 -0.0026549100875854492 -0.2948552966117859
v 0.7371654510498047 0.002695441246032715 -0.29424726963043213
v 0.7290183305740356 0.007924199104309082 -0.30263760685920715
v 0.7025097608566284 0.00901859998703003 -0.30482637882232666
v 0.6971594095230103 0.013031363487243652 -0.3101767301559448
v 0.670650839805603 0.02275925874710083 -0.32075583934783936
v 0.6600717306137085 0.031271159648895264 -0.3313349485397339
v 0.6760011911392212 0.02859598398208618 -0.33668529987335205
v 0.6644493341445923 0.03443276882171631 -0.3472644090652466
v 0.6547213792800903 0.04014790058135986 -0.3578434884548187
v 0.6458446979522705 0.04501187801361084 -0.3578434884548187
v 0.6335631608963013 0.05267256498336792 -0.36842259764671326
v 0.6176338195800781 0.06142771244049072 -0.3949311375617981
v 0.6164177656173706 0.06629163026809692 -0.38970237970352173
v 0.6229841709136963 0.05644214153289795 -0.38970237970352173
v 0.6282128095626831 0.056198954582214355 -0.3737729489803314
v 0.6289424896240234 0.05571258068084717 -0.3737729489803314
v 0.6335631608963013 0.03662151098251343 -0.40028148889541626
v 0.649492621421814 0.022880852222442627 -0.3949311375617981
v 0.6441422700881958 0.013274550437927246 -0.4019838869571686
v 0.6335631608963013 0.007924199104309082 -0.40976619720458984
v 0.638548731803894 -0.0026549100875854492 -0.4056318402290344
v 0.6176338195800781 -0.005938053131103516 -0.41621094942092896
v 0.5849236249923706 -0.0026549100875854492 -0.43214040994644165
v 0.5751957893371582 -0.007640421390533447 -0.43214040994644165
v 0.5593879222869873 -0.014693200588226318 -0.4267900586128235
v 0.5646166801452637 -0.02527230978012085 -0.4056318402290344
v 0.5964756011962891 -0.03706735372543335 -0.3791233003139496
v 0.6070547103881836 -0.039620935916900635 -0.36842259764671326
v 0.6335631608963013 -0.04217451810836792 -0.36842259764671326
v 0.6600717306137085 -0.04205292463302612 -0.35261476039886475
v 0.6547213792800903 -0.038648128509521484 -0.3419140577316284
v 0.6654220819473267 -0.037432193756103516 -0.3313349485397339
v 0.6734476089477539 -0.034513771533966064 -0.32075583934783936
v 0.6645709276199341 -0.023813068866729736 -0.3154054880142212
v 0.6919306516647339 -0.026853084564208984 -0.30482637882232666
v 0.6654220819473267 -0.008005261421203613 -0.30494797229766846
v 0.6760011911392212 -0.0026549100875854492 -0.3017864227294922
v 0.6919306516647339 -0.0026549100875854492 -0.2994760274887085
v 0.7077385187149048 0.003789842128753662 -0.2995976209640503
v 0.6886475086212158 0.007924199104309082 -0.30482637882232666
v 0.670650839805603 0.013882577419281006 -0.3101767301559448
v 0.649492621421814 0.026650428771972656 -0.32075583934783936
v 0.6441422700881958 0.03443276882171631 -0.3284165859222412
v 0.6389135122299194 0.04476863145828247 -0.3419140577316284
v 0.6207953691482544 0.05571258068084717 -0.3472644090652466
v 0.628577709197998 0.05571258068084717 -0.3631938397884369
v 0.6176338195800781 0.06580525636672974 -0.3791233003139496
v 0.6124050617218018 0.0712772011756897 -0.38970237970352173
v 0.6032850742340088 0.07687073945999146 -0.4056318402290344
v 0.6059602499008179 0.07687073945999146 -0.38970237970352173
v 0.6094866991043091 0.07152038812637329 -0.40028148889541626
v 0.6103378534317017 0.06629163026809692 -0.4056318402290344
v 0.6175121068954468 0.04501187801361084 -0.4108605980873108
v 0.6282128095626831 0.02920401096343994 -0.40940141677856445
v 0.6231057643890381 0.018503308296203613 -0.41621094942092896
v 0.6229841709136963 0.013274550437927246 -0.4168189465999603
v 0.6176338195800781 0.002695441246032715 -0.41876453161239624
v 0.5805461406707764 0.013274550437927246 -0.43919312953948975
v 0.5699670314788818 0.007924199104309082 -0.44150352478027344
v 0.5751957893371582 -0.0026549100875854492 -0.4353019595146179
v 0.548687219619751 0.002695441246032715 -0.44320589303970337
v 0.5540375709533691 -0.008005261421203613 -0.43445077538490295
v 0.548687219619751 -0.01323401927947998 -0.4267900586128235
v 0.548687219619751 -0.015787601470947266 -0.4214397072792053
v 0.5275290012359619 -0.017246782779693604 -0.3949311375617981
v 0.5540375709533691 -0.021259546279907227 -0.4108605980873108
v 0.5540375709533691 -0.025758683681488037 -0.3949311375617981
v 0.5699670314788818 -0.03147381544113159 -0.3791233003139496
v 0.5540375709533691 -0.02782583236694336 -0.3737729489803314
v 0.611310601234436 -0.03974252939224243 -0.3631938397884369
v 0.6282128095626831 -0.041323304176330566 -0.3578434884548187
v 0.6229841709136963 -0.03633779287338257 -0.3472644090652466
v 0.649492621421814 -0.034513771533966064 -0.33680689334869385
v 0.649492621421814 -0.018584370613098145 -0.3169862627983093
v 0.6569101810455322 -0.01323401927947998 -0.3101767301559448
v 0.6335631608963013 -0.009829223155975342 -0.3154054880142212
v 0.5986642837524414 0.002695441246032715 -0.32075583934783936
v 0.6282128095626831 0.007924199104309082 -0.31163591146469116
v 0.6547213792800903 -0.0026549100875854492 -0.3064071834087372
v 0.670650839805603 0.002695441246032715 -0.3034887909889221
v 0.649492621421814 0.013639330863952637 -0.3101767301559448
v 0.6335631608963013 0.023853659629821777 -0.31613507866859436
v 0.6189713478088379 0.03978312015533447 -0.3261061906814575
v 0.6229841709136963 0.0485382080078125 -0.33668529987335205
v 0.6070547103881836 0.06337326765060425 -0.3472644090652466
v 0.5863828659057617 0.07687073945999146 -0.3578434884548187
v 0.5911252498626709 0.07261478900909424 -0.35261476039886475
v 0.6158097982406616 0.06629163026809692 -0.3737729489803314
v 0.6070547103881836 0.06544047594070435 -0.35261476039886475
v 0.6124050617218018 0.07006120681762695 -0.3791233003139496
v 0.6017043590545654 0.07832992076873779 -0.38435202836990356
v 0.6017043590545654 0.0801539421081543 -0.3949311375617981
v 0.5964756011962891 0.08380186557769775 -0.40028148889541626
v 0.5962324142456055 0.08222109079360962 -0.4108605980873108
v 0.6007314920425415 0.07687073945999146 -0.4108605980873108
v 0.6017043590545654 0.06969642639160156 -0.41621094942092896
v 0.6124050617218018 0.050362229347229004 -0.4134141802787781
v 0.6102162599563599 0.03443276882171631 -0.4214397072792053
v 0.5911252498626709 0.03978312015533447 -0.4338427782058716
v 0.5858964920043945 0.023853659629821777 -0.4378555417060852
v 0.5699670314788818 0.023853659629821777 -0.4452730715274811
v 0.548687219619751 0.02920401096343994 -0.4536634087562561
v 0.548687219619751 0.018503308296203613 -0.450988233089447
v 0.5434584617614746 0.007924199104309082 -0.4470970630645752
v 0.5381081104278564 -0.0026549100875854492 -0.4384635388851166
v 0.5328793525695801 -0.006181240081787109 -0.43214040994644165
v 0.5115995407104492 -0.008005261421203613 -0.41645413637161255
v 0.5221786499023438 -0.016881942749023438 -0.3949311375617981
v 0.5169498920440674 -0.01323401927947998 -0.406118243932724
v 0.5115995407104492 -0.01323401927947998 -0.4087934195995331
v 0.5063707828521729 -0.0026549100875854492 -0.4248444736003876
v 0.5063707828521729 -0.010194003582000732 -0.41621094942092896
v 0.5063707828521729 -0.01323401927947998 -0.41402217745780945
v 0.5115995407104492 -0.018584370613098145 -0.4062398374080658
v 0.5192602872848511 -0.018584370613098145 -0.3949311375617981
v 0.5207195281982422 -0.018584370613098145 -0.38970237970352173
v 0.5221786499023438 -0.0173683762550354 -0.38970237970352173
v 0.5221786499023438 -0.015057981014251709 -0.38435202836990356
v 0.5275290012359619 -0.017854750156402588 -0.38970237970352173
v 0.5381081104278564 -0.023083508014678955 -0.38435202836990356
v 0.5434584617614746 -0.025150656700134277 -0.3791233003139496
v 0.5540375709533691 -0.026731491088867188 -0.36842259764671326
v 0.6176338195800781 -0.0380401611328125 -0.35261476039886475
v 0.5699670314788818 -0.023813068866729736 -0.35030436515808105
v 0.6124050617218018 -0.0291634202003479 -0.34106284379959106
v 0.6176338195800781 -0.021745920181274414 -0.3313349485397339
v 0.6244432926177979 -0.018584370613098145 -0.3261061906814575
v 0.5576854944229126 0.002695441246032715 -0.3313349485397339
v 0.5699670314788818 0.018503308296203613 -0.32282301783561707
v 0.5805461406707764 0.023853659629821777 -0.32039105892181396
v 0.6124050617218018 0.013274550437927246 -0.314675897359848
v 0.6389135122299194 0.013274550437927246 -0.3107847571372986
v 0.6176338195800781 0.023853659629821777 -0.31637829542160034
v 0.5911252498626709 0.05182141065597534 -0.3313349485397339
v 0.5964756011962891 0.06094127893447876 -0.33923888206481934
v 0.5805461406707764 0.07370918989181519 -0.3472644090652466
v 0.5751957893371582 0.08222109079360962 -0.35480350255966187
v 0.5751957893371582 0.0867202877998352 -0.3631938397884369
v 0.5699670314788818 0.0869634747505188 -0.3578434884548187
v 0.567170262336731 0.09280019998550415 -0.36842259764671326
v 0.5787221193313599 0.08744984865188599 -0.3737729489803314
v 0.5858964920043945 0.08453148603439331 -0.3791233003139496
v 0.5858964920043945 0.09061145782470703 -0.4056318402290344
v 0.5897876024246216 0.08744984865188599 -0.4108605980873108
v 0.5858964920043945 0.08744984865188599 -0.41596776247024536
v 0.5858964920043945 0.08222109079360962 -0.4222908914089203
v 0.5911252498626709 0.07687073945999146 -0.42289888858795166
v 0.5911252498626709 0.07152038812637329 -0.4263036549091339
v 0.5964756011962891 0.06094127893447876 -0.4261820614337921
v 0.5911252498626709 0.05571258068084717 -0.4315324127674103
v 0.5751957893371582 0.03978312015533447 -0.4427194893360138
v 0.5593879222869873 0.03443276882171631 -0.45038023591041565
v 0.5328793525695801 0.03443276882171631 -0.4582841396331787
v 0.5381081104278564 0.019840896129608154 -0.4532985985279083
v 0.5275290012359619 0.023853659629821777 -0.45524418354034424
v 0.5275290012359619 0.013274550437927246 -0.4494074285030365
v 0.5275290012359619 0.002695441246032715 -0.44101712107658386
v 0.5063707828521729 0.002695441246032715 -0.4315324127674103
v 0.5010204315185547 0.007924199104309082 -0.4359099566936493
v 0.5010204315185547 0.0030602216720581055 -0.43214040994644165
v 0.5010204315185547 -0.00399249792098999 -0.4267900586128235
v 0.5010204315185547 -0.008005261421203613 -0.4242364764213562
v 0.5063707828521729 -0.018584370613098145 -0.4146301746368408
v 0.49457573890686035 -0.018584370613098145 -0.43736913800239563
v 0.49044132232666016 -0.02016514539718628 -0.4427194893360138
v 0.4956700801849365 -0.03974252939224243 -0.4419898986816406
v 0.485090970993042 -0.034513771533966064 -0.44831305742263794
v 0.49044132232666016 -0.045092880725860596 -0.44551628828048706
v 0.485090970993042 -0.05032163858413696 -0.4469754695892334
v 0.4691615104675293 -0.06102234125137329 -0.44794824719429016
v 0.47451186180114746 -0.07160145044326782 -0.44113871455192566
v 0.45335376262664795 -0.08753091096878052 -0.4340859651565552
v 0.43316829204559326 -0.09275966882705688 -0.4214397072792053
v 0.4268451929092407 -0.0900844931602478 -0.4214397072792053
v 0.42125165462493896 -0.09275966882705688 -0.4108605980873108
v 0.4161444902420044 -0.09215164184570312 -0.40028148889541626
v 0.40398454666137695 -0.08218055963516235 -0.40028148889541626
v 0.41711723804473877 -0.09275966882705688 -0.38970237970352173
v 0.4281827211380005 -0.09811002016067505 -0.3737729489803314
v 0.4161444902420044 -0.08218055963516235 -0.36197787523269653
v 0.410915732383728 -0.08218055963516235 -0.3715841770172119
v 0.42149484157562256 -0.08704447746276855 -0.3631938397884369
v 0.4268451929092407 -0.09312444925308228 -0.36842259764671326
v 0.4320739507675171 -0.09275966882705688 -0.36355865001678467
v 0.4480034112930298 -0.10333877801895142 -0.35261476039886475
v 0.45858240127563477 -0.11999779939651489 -0.3472644090652466
v 0.46697282791137695 -0.10333877801895142 -0.33668529987335205
v 0.47633588314056396 -0.09811002016067505 -0.3313349485397339
v 0.49044132232666016 -0.08218055963516235 -0.3286597728729248
v 0.5010204315185547 -0.07683020830154419 -0.3263493776321411
v 0.5115995407104492 -0.07160145044326782 -0.3265925943851471
v 0.548687219619751 -0.07160145044326782 -0.32963258028030396
v 0.5434584617614746 -0.06625109910964966 -0.3326725363731384
v 0.548687219619751 -0.06625109910964966 -0.33449649810791016
v 0.548687219619751 -0.06102234125137329 -0.3402116596698761
v 0.5505112409591675 -0.05567198991775513 -0.3472644090652466
v 0.5434584617614746 -0.05032163858413696 -0.3426436185836792
v 0.5534296035766602 -0.05567198991775513 -0.35261476039886475
v 0.5540375709533691 -0.052267253398895264 -0.3631938397884369
v 0.5502680540084839 -0.045092880725860596 -0.3631938397884369
v 0.5501463413238525 -0.045092880725860596 -0.36842259764671326
v 0.5461336374282837 -0.03974252939224243 -0.36842259764671326
v 0.5485656261444092 -0.045092880725860596 -0.3737729489803314
v 0.5381081104278564 -0.034513771533966064 -0.3792448937892914
v 0.5328793525695801 -0.034513771533966064 -0.3880000114440918
v 0.5221786499023438 -0.024542689323425293 -0.38970237970352173
v 0.5192602872848511 -0.018584370613098145 -0.38435202836990356
v 0.5221786499023438 -0.01323401927947998 -0.38252806663513184
v 0.5169498920440674 -0.01323401927947998 -0.38252806663513184
v 0.5221786499023438 -0.009586036205291748 -0.3737729489803314
v 0.5381081104278564 -0.021381139755249023 -0.3737729489803314
v 0.5593879222869873 -0.023813068866729736 -0.35699230432510376
v 0.5699670314788818 -0.018584370613098145 -0.34325164556503296
v 0.5593879222869873 -0.008005261421203613 -0.33729326725006104
v 0.5434584617614746 -0.0026549100875854492 -0.3404548764228821
v 0.548687219619751 0.002695441246032715 -0.33437490463256836
v 0.5540375709533691 0.018503308296203613 -0.3269574046134949
v 0.5540375709533691 0.02920401096343994 -0.3261061906814575
v 0.5751957893371582 0.03443276882171631 -0.32318782806396484
v 0.5805461406707764 0.04501187801361084 -0.32707899808883667
v 0.5699670314788818 0.061306118965148926 -0.33668529987335205
v 0.548687219619751 0.08124834299087524 -0.3472644090652466
v 0.5646166801452637 0.07857316732406616 -0.3472644090652466
v 0.5593879222869873 0.08744984865188599 -0.3541955351829529
v 0.5646166801452637 0.09219223260879517 -0.3631938397884369
v 0.5593879222869873 0.09717774391174316 -0.3737729489803314
v 0.5751957893371582 0.09413778781890869 -0.40028148889541626
v 0.5805461406707764 0.09280019998550415 -0.405875027179718
v 0.5751957893371582 0.0937730073928833 -0.4108605980873108
v 0.5593879222869873 0.09535378217697144 -0.41621094942092896
v 0.5646166801452637 0.0915842056274414 -0.4214397072792053
v 0.5540375709533691 0.08222109079360962 -0.43688273429870605
v 0.5858964920043945 0.07662755250930786 -0.4267900586128235
v 0.5858964920043945 0.06629163026809692 -0.43214040994644165
v 0.5646166801452637 0.05571258068084717 -0.4451514780521393
v 0.548687219619751 0.050362229347229004 -0.4532985985279083
v 0.5381081104278564 0.04501187801361084 -0.4576761722564697
v 0.5221786499023438 0.04501187801361084 -0.4607161283493042
v 0.5221786499023438 0.03443276882171631 -0.45901376008987427
v 0.5115995407104492 0.03443276882171631 -0.4580409526824951
v 0.5010204315185547 0.03443276882171631 -0.45548737049102783
v 0.4956700801849365 0.018503308296203613 -0.44320589303970337
v 0.4956700801849365 0.013274550437927246 -0.4398011267185211
v 0.4956700801849365 0.008775413036346436 -0.43736913800239563
v 0.4956700801849365 0.002695441246032715 -0.43481558561325073
v 0.4956700801849365 -0.0026549100875854492 -0.433599591255188
v 0.485090970993042 -0.023813068866729736 -0.4473402500152588
v 0.4798622131347656 -0.023813068866729736 -0.4496506452560425
v 0.4798622131347656 -0.03974252939224243 -0.45025861263275146
v 0.4691615104675293 -0.05032163858413696 -0.4517178237438202
v 0.45335376262664795 -0.05032163858413696 -0.45743295550346375
v 0.45335376262664795 -0.05567198991775513 -0.4565817713737488
v 0.45335376262664795 -0.06102234125137329 -0.45451459288597107
v 0.45858240127563477 -0.08218055963516235 -0.4378555417060852
v 0.42149484157562256 -0.07683020830154419 -0.4399227201938629
v 0.4268451929092407 -0.07160145044326782 -0.4470970630645752
v 0.42149484157562256 -0.08266693353652954 -0.43214040994644165
v 0.4161444902420044 -0.0835181474685669 -0.4267900586128235
v 0.410915732383728 -0.08218055963516235 -0.42265570163726807
v 0.40568697452545166 -0.08218055963516235 -0.4108605980873108
v 0.4003366231918335 -0.07804620265960693 -0.40028148889541626
v 0.40556538105010986 -0.08291012048721313 -0.38970237970352173
v 0.4003366231918335 -0.07585740089416504 -0.38435202836990356
v 0.4003366231918335 -0.07160145044326782 -0.37486732006073
v 0.40556538105010986 -0.07160145044326782 -0.3631938397884369
v 0.4161444902420044 -0.07865417003631592 -0.3578434884548187
v 0.42125165462493896 -0.08218055963516235 -0.3578434884548187
v 0.4320739507675171 -0.08558529615402222 -0.3578434884548187
v 0.4480034112930298 -0.08218055963516235 -0.3427652418613434
v 0.45858240127563477 -0.09275966882705688 -0.3398468494415283
v 0.4691615104675293 -0.08753091096878052 -0.3330373167991638
v 0.485090970993042 -0.08218055963516235 -0.32951095700263977
v 0.49044132232666016 -0.07683020830154419 -0.3284165859222412
v 0.5010204315185547 -0.07160145044326782 -0.3268357813358307
v 0.5063707828521729 -0.06625109910964966 -0.3265925943851471
v 0.5063707828521729 -0.05567198991775513 -0.32549819350242615
v 0.5071003437042236 -0.06102234125137329 -0.3261061906814575
v 0.5169498920440674 -0.06625109910964966 -0.328538179397583
v 0.5381081104278564 -0.06102234125137329 -0.33388853073120117
v 0.5342170000076294 -0.05032163858413696 -0.33668529987335205
v 0.5381081104278564 -0.04557931423187256 -0.3419140577316284
v 0.5433368682861328 -0.045092880725860596 -0.3472644090652466
v 0.548687219619751 -0.045092880725860596 -0.3563843071460724
v 0.5434584617614746 -0.03755378723144531 -0.3631938397884369
v 0.5381081104278564 -0.03220343589782715 -0.3737729489803314
v 0.5221786499023438 -0.023813068866729736 -0.3881216049194336
v 0.5221786499023438 -0.02150273323059082 -0.3791233003139496
v 0.5169498920440674 -0.017611563205718994 -0.3791233003139496
v 0.5146394968032837 -0.01323401927947998 -0.3791233003139496
v 0.5169498920440674 -0.008005261421203613 -0.37535372376441956
v 0.5169498920440674 -0.0035060644149780273 -0.36842259764671326
v 0.5434584617614746 -0.008005261421203613 -0.34641319513320923
v 0.5381081104278564 2.0265579223632812e-05 -0.3419140577316284
v 0.5382297039031982 0.007924199104309082 -0.33668529987335205
v 0.5381081104278564 0.018503308296203613 -0.3330373167991638
v 0.5381081104278564 0.027744829654693604 -0.3313349485397339
v 0.5381081104278564 0.03443276882171631 -0.3314565420150757
v 0.5540375709533691 0.03978312015533447 -0.32817336916923523
v 0.5434584617614746 0.06094127893447876 -0.3381444811820984
v 0.5328793525695801 0.07152038812637329 -0.34313005208969116
v 0.5381081104278564 0.08222109079360962 -0.34835878014564514
v 0.548687219619751 0.08744984865188599 -0.35285794734954834
v 0.5540375709533691 0.09121942520141602 -0.3578434884548187
v 0.5540375709533691 0.09705615043640137 -0.36842259764671326
v 0.548687219619751 0.09924495220184326 -0.3737729489803314
v 0.548687219619751 0.10033935308456421 -0.3791233003139496
v 0.5646166801452637 0.09705615043640137 -0.4056318402290344
v 0.548687219619751 0.09754258394241333 -0.4108605980873108
v 0.5434584617614746 0.09498900175094604 -0.4214397072792053
v 0.548687219619751 0.08744984865188599 -0.4334779977798462
v 0.5381081104278564 0.08744984865188599 -0.43943631649017334
v 0.5325145721435547 0.08744984865188599 -0.4427194893360138
v 0.5646166801452637 0.07152038812637329 -0.4398011267185211
v 0.5360409021377563 0.06629163026809692 -0.4532985985279083
v 0.5221786499023438 0.06094127893447876 -0.45913535356521606
v 0.5115995407104492 0.06094127893447876 -0.4602297246456146
v 0.5063707828521729 0.050362229347229004 -0.4605945348739624
v 0.4956700801849365 0.03978312015533447 -0.4558521807193756
v 0.4864286184310913 0.02920401096343994 -0.44794824719429016
v 0.485090970993042 0.023853659629821777 -0.44600266218185425
v 0.49044132232666016 0.018503308296203613 -0.44320589303970337
v 0.485090970993042 0.013274550437927246 -0.4444218873977661
v 0.47451186180114746 0.002695441246032715 -0.4519610106945038
v 0.47451186180114746 -0.008005261421203613 -0.4522041976451874
v 0.4691615104675293 -0.014814794063568115 -0.4532985985279083
v 0.4480034112930298 -0.034513771533966064 -0.456460177898407
v 0.4480034112930298 -0.05032163858413696 -0.4584057629108429
v 0.4480034112930298 -0.05567198991775513 -0.4576761722564697
v 0.4426530599594116 -0.06102234125137329 -0.45560896396636963
v 0.4426530599594116 -0.06491351127624512 -0.4532985985279083
v 0.4268451929092407 -0.06625109910964966 -0.450988233089447
v 0.42149484157562256 -0.06625109910964966 -0.4487994313240051
v 0.4161444902420044 -0.07014226913452148 -0.4427194893360138
v 0.4161444902420044 -0.07683020830154419 -0.43700435757637024
v 0.40556538105010986 -0.07683020830154419 -0.42338526248931885
v 0.39693188667297363 -0.06625109910964966 -0.4214397072792053
v 0.3964453935623169 -0.06102234125137329 -0.4267900586128235
v 0.39498627185821533 -0.06625109910964966 -0.41596776247024536
v 0.3960806131362915 -0.07160145044326782 -0.4056318402290344
v 0.3960806131362915 -0.07160145044326782 -0.3949311375617981
v 0.3981478214263916 -0.06625109910964966 -0.3737729489803314
v 0.4026470184326172 -0.06625109910964966 -0.3631938397884369
v 0.40556538105010986 -0.06600791215896606 -0.3578434884548187
v 0.410915732383728 -0.06625109910964966 -0.35249313712120056
v 0.4161444902420044 -0.07160145044326782 -0.35249313712120056
v 0.42149484157562256 -0.0745198130607605 -0.35261476039886475
v 0.4320739507675171 -0.07683020830154419 -0.35285794734954834
v 0.43742430210113525 -0.06102234125137329 -0.3448324203491211
v 0.4480034112930298 -0.07160145044326782 -0.3399684429168701
v 0.47451186180114746 -0.07160145044326782 -0.32744377851486206
v 0.4798622131347656 -0.07160145044326782 -0.3264709711074829
v 0.4956700801849365 -0.06102234125137329 -0.3246470093727112
v 0.5010204315185547 -0.05567198991775513 -0.3245254158973694
v 0.5063707828521729 -0.05032163858413696 -0.3264709711074829
v 0.5221786499023438 -0.05032163858413696 -0.3334021270275116
v 0.5221786499023438 -0.04399847984313965 -0.33668529987335205
v 0.5221786499023438 -0.034513771533966064 -0.34385961294174194
v 0.5328793525695801 -0.03159540891647339 -0.3578434884548187
v 0.5328793525695801 -0.027704238891601562 -0.36842259764671326
v 0.5221786499023438 -0.019313931465148926 -0.36842259764671326
v 0.5169498920440674 -0.017125189304351807 -0.3737729489803314
v 0.5124506950378418 -0.01323401927947998 -0.3737729489803314
v 0.5115995407104492 -0.010680437088012695 -0.3737729489803314
v 0.5115995407104492 -0.008005261421203613 -0.3746241331100464
v 0.5115995407104492 -0.0026549100875854492 -0.37085455656051636
v 0.5063707828521729 -0.0026549100875854492 -0.3714625835418701
v 0.5017499923706055 0.007924199104309082 -0.36842259764671326
v 0.4956700801849365 0.013274550437927246 -0.3683009743690491
v 0.4956700801849365 0.020205676555633545 -0.3631938397884369
v 0.5115995407104492 0.015098512172698975 -0.35261476039886475
v 0.5157339572906494 0.018503308296203613 -0.3472644090652466
v 0.5212059020996094 0.023853659629821777 -0.3419140577316284
v 0.5190171003341675 0.03443276882171631 -0.3419140577316284
v 0.5328793525695801 0.050362229347229004 -0.3376580774784088
v 0.5275290012359619 0.06629163026809692 -0.3428868353366852
v 0.5115995407104492 0.06629163026809692 -0.3492099642753601
v 0.5275290012359619 0.07747876644134521 -0.3472644090652466
v 0.5275290012359619 0.08222109079360962 -0.3509123623371124
v 0.5381081104278564 0.08744984865188599 -0.3537091314792633
v 0.5434584617614746 0.09109783172607422 -0.3578434884548187
v 0.5275290012359619 0.1009473204612732 -0.3791233003139496
v 0.5221786499023438 0.10337930917739868 -0.3838656544685364
v 0.5381081104278564 0.10204172134399414 -0.38970237970352173
v 0.5328793525695801 0.09802895784378052 -0.41669735312461853
v 0.5381081104278564 0.09267860651016235 -0.43214040994644165
v 0.5275290012359619 0.09511059522628784 -0.43736913800239563
v 0.5221786499023438 0.09352982044219971 -0.4427194893360138
v 0.5169498920440674 0.08744984865188599 -0.4489210247993469
v 0.5169498920440674 0.06629163026809692 -0.4585273563861847
v 0.5063707828521729 0.06629163026809692 -0.4587705433368683
v 0.5010204315185547 0.06094127893447876 -0.45925694704055786
v 0.49044132232666016 0.050362229347229004 -0.456460177898407
v 0.4798622131347656 0.03345996141433716 -0.44794824719429016
v 0.47451186180114746 0.04501187801361084 -0.44867783784866333
v 0.46393275260925293 0.050362229347229004 -0.4464890658855438
v 0.46393275260925293 0.04501187801361084 -0.4466106593608856
v 0.4798622131347656 0.023853659629821777 -0.4469754695892334
v 0.46502721309661865 0.018503308296203613 -0.4532985985279083
v 0.45858240127563477 0.002695441246032715 -0.4577977657318115
v 0.4480034112930298 -0.008005261421203613 -0.4603513479232788
v 0.4320739507675171 -0.03974252939224243 -0.4568249583244324
v 0.4426530599594116 -0.05032163858413696 -0.4582841396331787
v 0.4268451929092407 -0.06102234125137329 -0.45305541157722473
v 0.42149484157562256 -0.06102234125137329 -0.45074501633644104
v 0.40811896324157715 -0.05567198991775513 -0.4427194893360138
v 0.40556538105010986 -0.06625109910964966 -0.4353019595146179
v 0.3974182605743408 -0.05567198991775513 -0.43214040994644165
v 0.39012229442596436 -0.05567198991775513 -0.41621094942092896
v 0.38963592052459717 -0.05032163858413696 -0.4194941222667694
v 0.38963592052459717 -0.05688798427581787 -0.4108605980873108
v 0.3913382291793823 -0.06102234125137329 -0.3949311375617981
v 0.38963592052459717 -0.05032163858413696 -0.38714882731437683
v 0.38963592052459717 -0.05275362730026245 -0.38970237970352173
v 0.39158153533935547 -0.05567198991775513 -0.38435202836990356
v 0.39498627185821533 -0.05032163858413696 -0.3723137378692627
v 0.3986341953277588 -0.06102234125137329 -0.36842259764671326
v 0.40361976623535156 -0.06102234125137329 -0.3578434884548187
v 0.40532219409942627 -0.03974252939224243 -0.35261476039886475
v 0.40556538105010986 -0.05032163858413696 -0.35237154364585876
v 0.410915732383728 -0.05567198991775513 -0.34835878014564514
v 0.4161444902420044 -0.06102234125137329 -0.3475075960159302
v 0.42149484157562256 -0.05032163858413696 -0.343008428812027
v 0.4320739507675171 -0.05032163858413696 -0.343008428812027
v 0.43742430210113525 -0.045092880725860596 -0.34081965684890747
v 0.45335376262664795 -0.05567198991775513 -0.33425331115722656
v 0.4691615104675293 -0.06102234125137329 -0.329389363527298
v 0.485090970993042 -0.06102234125137329 -0.32549819350242615
v 0.485090970993042 -0.05032163858413696 -0.32720059156417847
v 0.5010204315185547 -0.045092880725860596 -0.32793015241622925
v 0.5067355632781982 -0.03974252939224243 -0.3313349485397339
v 0.5115995407104492 -0.03974252939224243 -0.332915723323822
v 0.5115995407104492 -0.03402739763259888 -0.33668529987335205
v 0.5186523199081421 -0.023813068866729736 -0.35261476039886475
v 0.5169498920440674 -0.019435524940490723 -0.3578434884548187
v 0.5221786499023438 -0.020043551921844482 -0.3631938397884369
v 0.5114779472351074 -0.01323401927947998 -0.36842259764671326
v 0.5063707828521729 -0.008005261421203613 -0.3696385622024536
v 0.49652135372161865 0.002695441246032715 -0.36842259764671326
v 0.4956700801849365 0.007924199104309082 -0.36939537525177
v 0.49044132232666016 0.007924199104309082 -0.36623382568359375
v 0.4860638380050659 0.013274550437927246 -0.3631938397884369
v 0.49044132232666016 0.013274550437927246 -0.3674498200416565
v 0.49044132232666016 0.018503308296203613 -0.36599063873291016
v 0.49044132232666016 0.023853659629821777 -0.3625858426094055
v 0.49044132232666016 0.03443276882171631 -0.3539523482322693
v 0.4956700801849365 0.03443276882171631 -0.352006733417511
v 0.5063707828521729 0.03443276882171631 -0.3475075960159302
v 0.5115995407104492 0.03978312015533447 -0.3450756072998047
v 0.511721134185791 0.06094127893447876 -0.3472644090652466
v 0.5063707828521729 0.0779651403427124 -0.3578434884548187
v 0.5169498920440674 0.0938946008682251 -0.36842259764671326
v 0.5115995407104492 0.0985153317451477 -0.3737729489803314
v 0.5115995407104492 0.10568970441818237 -0.38435202836990356
v 0.5010204315185547 0.10872966051101685 -0.38264966011047363
v 0.5010204315185547 0.11225605010986328 -0.38970237970352173
v 0.49481892585754395 0.11395841836929321 -0.38435202836990356
v 0.4914141893386841 0.11930876970291138 -0.40028148889541626
v 0.5090459585189819 0.10872966051101685 -0.38970237970352173
v 0.5221786499023438 0.10483849048614502 -0.38970237970352173
v 0.5221786499023438 0.10337930917739868 -0.4056318402290344
v 0.5254617929458618 0.09802895784378052 -0.43214040994644165
v 0.5169498920440674 0.09900176525115967 -0.43736913800239563
v 0.5115995407104492 0.09681296348571777 -0.4427194893360138
v 0.5063707828521729 0.0915842056274414 -0.44794824719429016
v 0.5010204315185547 0.08088350296020508 -0.4532985985279083
v 0.485090970993042 0.07152038812637329 -0.4535417854785919
v 0.4691615104675293 0.06629163026809692 -0.45025861263275146
v 0.46393275260925293 0.07152038812637329 -0.45013701915740967
v 0.4480034112930298 0.07152038812637329 -0.4520826041698456
v 0.45858240127563477 0.05571258068084717 -0.447218656539917
v 0.45858240127563477 0.04501187801361084 -0.44782665371894836
v 0.4480034112930298 0.03978312015533447 -0.4536634087562561
v 0.4480034112930298 0.023853659629821777 -0.45718976855278015
v 0.4480034112930298 0.007924199104309082 -0.45974335074424744
v 0.43742430210113525 0.002695441246032715 -0.46144571900367737
v 0.43742430210113525 -0.008005261421203613 -0.46144571900367737
v 0.4268451929092407 -0.0291634202003479 -0.4584057629108429
v 0.42149484157562256 -0.034513771533966064 -0.4565817713737488
v 0.4268451929092407 -0.045092880725860596 -0.45487937331199646
v 0.42149484157562256 -0.05032163858413696 -0.451839417219162
v 0.410915732383728 -0.05032163858413696 -0.44588106870651245
v 0.40556538105010986 -0.045092880725860596 -0.44320589303970337
v 0.4003366231918335 -0.05567198991775513 -0.4359099566936493
v 0.39279747009277344 -0.05032163858413696 -0.4267900586128235
v 0.38975751399993896 -0.045092880725860596 -0.4214397072792053
v 0.39510786533355713 -0.034513771533966064 -0.43214040994644165
v 0.39036548137664795 -0.0291634202003479 -0.4214397072792053
v 0.38854146003723145 -0.0291634202003479 -0.4108605980873108
v 0.3869607448577881 -0.045092880725860596 -0.4108605980873108
v 0.3867175579071045 -0.03974252939224243 -0.4056318402290344
v 0.38756871223449707 -0.05032163858413696 -0.40028148889541626
v 0.38817667961120605 -0.045092880725860596 -0.38970237970352173
v 0.38963592052459717 -0.034513771533966064 -0.3853248357772827
v 0.39109504222869873 -0.03974252939224243 -0.3791233003139496
v 0.3962022066116333 -0.045092880725860596 -0.36842259764671326
v 0.39498627185821533 -0.034513771533966064 -0.3726785480976105
v 0.40422773361206055 -0.0291634202003479 -0.3578434884548187
v 0.410915732383728 -0.034513771533966064 -0.3470211923122406
v 0.4161444902420044 -0.034513771533966064 -0.3426436185836792
v 0.4161444902420044 -0.03974252939224243 -0.3425220251083374
v 0.42149484157562256 -0.03974252939224243 -0.3406980633735657
v 0.43742430210113525 -0.034513771533966064 -0.3399684429168701
v 0.4480034112930298 -0.045092880725860596 -0.33668529987335205
v 0.45858240127563477 -0.05032163858413696 -0.3314565420150757
v 0.46393275260925293 -0.045092880725860596 -0.3309701681137085
v 0.4691615104675293 -0.03974252939224243 -0.33206453919410706
v 0.49044132232666016 -0.03974252939224243 -0.33242934942245483
v 0.5063707828521729 -0.034513771533966064 -0.33473971486091614
v 0.5126940011978149 -0.0291634202003479 -0.3419140577316284
v 0.5063707828521729 -0.0154227614402771 -0.3578434884548187
v 0.5010204315185547 -0.018584370613098145 -0.352006733417511
v 0.5010204315185547 -0.012382805347442627 -0.3578434884548187
v 0.4956700801849365 -0.0035060644149780273 -0.3631938397884369
v 0.4855773448944092 0.002695441246032715 -0.3578434884548187
v 0.485090970993042 0.018503308296203613 -0.36209946870803833
v 0.4818078279495239 0.02920401096343994 -0.35261476039886475
v 0.485090970993042 0.03443276882171631 -0.35297954082489014
v 0.49044132232666016 0.04501187801361084 -0.3495747745037079
v 0.49044132232666016 0.05571258068084717 -0.3489667773246765
v 0.4956700801849365 0.06094127893447876 -0.35054755210876465
v 0.4956700801849365 0.08222109079360962 -0.36003226041793823
v 0.5010204315185547 0.08623385429382324 -0.3631938397884369
v 0.5010204315185547 0.09802895784378052 -0.37085455656051636
v 0.5010204315185547 0.10337930917739868 -0.37584012746810913
v 0.4956700801849365 0.1095808744430542 -0.3791233003139496
v 0.4914141893386841 0.11395841836929321 -0.3791233003139496
v 0.4858206510543823 0.11930876970291138 -0.3737729489803314
v 0.4837534427642822 0.12453752756118774 -0.3791233003139496
v 0.485090970993042 0.12405109405517578 -0.38970237970352173
v 0.4798622131347656 0.12964469194412231 -0.38435202836990356
v 0.4841182231903076 0.12453752756118774 -0.3949311375617981
v 0.4956700801849365 0.1165120005607605 -0.4056318402290344
v 0.5052764415740967 0.10872966051101685 -0.4214397072792053
v 0.4985884428024292 0.10337930917739868 -0.43736913800239563
v 0.49044132232666016 0.1008257269859314 -0.4427194893360138
v 0.49044132232666016 0.09280019998550415 -0.44794824719429016
v 0.4798622131347656 0.08744984865188599 -0.45013701915740967
v 0.4691615104675293 0.07687073945999146 -0.45074501633644104
v 0.4426530599594116 0.07687073945999146 -0.45293378829956055
v 0.4426530599594116 0.05571258068084717 -0.45232582092285156
v 0.43742430210113525 0.04501187801361084 -0.4540281891822815
v 0.4268451929092407 0.01449054479598999 -0.4586489498615265
v 0.42149484157562256 0.007924199104309082 -0.4585273563861847
v 0.4161444902420044 -0.0026549100875854492 -0.45706817507743835
v 0.410915732383728 0.002695441246032715 -0.45487937331199646
v 0.4134693145751953 -0.034513771533966064 -0.4532985985279083
v 0.40556538105010986 -0.034513771533966064 -0.4469754695892334
v 0.4007014036178589 -0.023813068866729736 -0.4427194893360138
v 0.4003366231918335 -0.03974252939224243 -0.43882834911346436
v 0.38951432704925537 -0.01323401927947998 -0.4267900586128235
v 0.38781189918518066 -0.018584370613098145 -0.41621094942092896
v 0.385501503944397 -0.0026549100875854492 -0.4108605980873108
v 0.3853799104690552 -0.0026549100875854492 -0.4056318402290344
v 0.38866305351257324 -0.023813068866729736 -0.3949311375617981
v 0.39097344875335693 -0.0291634202003479 -0.38435202836990356
v 0.4003366231918335 -0.018584370613098145 -0.37097615003585815
v 0.40434932708740234 -0.018584370613098145 -0.3631938397884369
v 0.40884852409362793 -0.01323401927947998 -0.3578434884548187
v 0.4140772819519043 -0.008005261421203613 -0.35261476039886475
v 0.4161444902420044 -0.01323401927947998 -0.34993958473205566
v 0.42149484157562256 -0.023813068866729736 -0.3422788381576538
v 0.42149484157562256 -0.034513771533966064 -0.3404548764228821
v 0.43742430210113525 -0.023813068866729736 -0.3403332531452179
v 0.45858240127563477 -0.034513771533966064 -0.3359556794166565
v 0.4691615104675293 -0.0291634202003479 -0.3374148905277252
v 0.49044132232666016 -0.02746105194091797 -0.3419140577316284
v 0.4956700801849365 -0.0291634202003479 -0.34118443727493286
v 0.5010204315185547 -0.023448288440704346 -0.3472644090652466
v 0.4798622131347656 -0.008005261421203613 -0.3493315577507019
v 0.4870365858078003 -0.008005261421203613 -0.35261476039886475
v 0.4799838066101074 0.002695441246032715 -0.35261476039886475
v 0.4798622131347656 0.007924199104309082 -0.35273635387420654
v 0.47451186180114746 0.023853659629821777 -0.3443460166454315
v 0.4691615104675293 0.02920401096343994 -0.337779700756073
v 0.4759711027145386 0.03978312015533447 -0.3419140577316284
v 0.4846045970916748 0.050362229347229004 -0.3472644090652466
v 0.4842398166656494 0.06094127893447876 -0.3472644090652466
v 0.4736607074737549 0.08744984865188599 -0.3419140577316284
v 0.47451186180114746 0.08222109079360962 -0.3425220251083374
v 0.485090970993042 0.07152038812637329 -0.35006117820739746
v 0.49044132232666016 0.06629163026809692 -0.3517635464668274
v 0.49287331104278564 0.09280019998550415 -0.3631938397884369
v 0.485090970993042 0.11395841836929321 -0.36599063873291016
v 0.4798622131347656 0.1302526593208313 -0.3737729489803314
v 0.4798622131347656 0.127699077129364 -0.3631938397884369
v 0.4740254878997803 0.1458173394203186 -0.35261476039886475
v 0.4756063222885132 0.14046698808670044 -0.3631938397884369
v 0.4736607074737549 0.1458173394203186 -0.3631938397884369
v 0.47451186180114746 0.14046698808670044 -0.37316495180130005
v 0.47451186180114746 0.13390064239501953 -0.38970237970352173
v 0.47439026832580566 0.1298878788948059 -0.40028148889541626
v 0.47451186180114746 0.12478071451187134 -0.41621094942092896
v 0.485090970993042 0.11797118186950684 -0.4214397072792053
v 0.4798622131347656 0.11480963230133057 -0.43214040994644165
v 0.4798622131347656 0.10872966051101685 -0.43931472301483154
v 0.47451186180114746 0.10337930917739868 -0.4446650743484497
v 0.45858240127563477 0.10337930917739868 -0.4466106593608856
v 0.4480034112930298 0.09280019998550415 -0.4512314200401306
v 0.43742430210113525 0.08222109079360962 -0.45269060134887695
v 0.4268451929092407 0.05571258068084717 -0.4512314200401306
v 0.410915732383728 0.05571258068084717 -0.44600266218185425
v 0.410915732383728 0.02044886350631714 -0.4532985985279083
v 0.40556538105010986 0.013274550437927246 -0.451596200466156
v 0.40556538105010986 -0.0026549100875854492 -0.4513530135154724
v 0.39498627185821533 0.013274550437927246 -0.4422331154346466
v 0.3887847661972046 0.013274550437927246 -0.43214040994644165
v 0.38586628437042236 0.007924199104309082 -0.4214397072792053
v 0.3852583169937134 0.03978312015533447 -0.3949311375617981
v 0.3851367235183716 0.04501187801361084 -0.4108605980873108
v 0.384893536567688 0.018503308296203613 -0.4056318402290344
v 0.38586628437042236 0.02920401096343994 -0.4214397072792053
v 0.3865959644317627 -0.0026549100875854492 -0.3949311375617981
v 0.38963592052459717 -0.01323401927947998 -0.3883647918701172
v 0.38963592052459717 -0.018584370613098145 -0.38970237970352173
v 0.4003366231918335 -0.01323401927947998 -0.37073296308517456
v 0.40872693061828613 -0.008005261421203613 -0.3578434884548187
v 0.410915732383728 0.002695441246032715 -0.352006733417511
v 0.41906285285949707 -0.0026549100875854492 -0.3472644090652466
v 0.4268451929092407 -0.0013173222541809082 -0.3419140577316284
v 0.4268451929092407 -0.008005261421203613 -0.34313005208969116
v 0.43742430210113525 -0.008005261421203613 -0.34081965684890747
v 0.4480034112930298 -0.018584370613098145 -0.3403332531452179
v 0.4573664665222168 -0.008005261421203613 -0.3419140577316284
v 0.4691615104675293 -0.008005261421203613 -0.34556201100349426
v 0.47451186180114746 -0.0026549100875854492 -0.3484804034233093
v 0.4691615104675293 0.002695441246032715 -0.3449540138244629
v 0.46393275260925293 0.03443276882171631 -0.3334021270275116
v 0.46976959705352783 0.03978312015533447 -0.33668529987335205
v 0.46393275260925293 0.07152038812637329 -0.33425331115722656
v 0.46393275260925293 0.0851394534111023 -0.3313349485397339
v 0.4691615104675293 0.08976024389266968 -0.33668529987335205
v 0.465999960899353 0.09280019998550415 -0.3313349485397339
v 0.4739038944244385 0.09802895784378052 -0.3419140577316284
v 0.48119986057281494 0.09802895784378052 -0.35261476039886475
v 0.485090970993042 0.10872966051101685 -0.3625858426094055
v 0.4798622131347656 0.1230783462524414 -0.3578434884548187
v 0.4691615104675293 0.1593148112297058 -0.3419140577316284
v 0.46697282791137695 0.15639638900756836 -0.36842259764671326
v 0.4691615104675293 0.1458173394203186 -0.37997448444366455
v 0.46490561962127686 0.14046698808670044 -0.3949311375617981
v 0.46393275260925293 0.13523823022842407 -0.405875027179718
v 0.46393275260925293 0.12757748365402222 -0.4214397072792053
v 0.45858240127563477 0.12599670886993408 -0.4267900586128235
v 0.45858240127563477 0.11930876970291138 -0.4340859651565552
v 0.43742430210113525 0.11395841836929321 -0.43955790996551514
v 0.4268451929092407 0.10872966051101685 -0.44174671173095703
v 0.4320739507675171 0.09802895784378052 -0.44806984066963196
v 0.4210083484649658 0.08222109079360962 -0.44794824719429016
v 0.4117668867111206 0.08744984865188599 -0.4427194893360138
v 0.4003366231918335 0.03443276882171631 -0.4443002939224243
v 0.3962022066116333 0.023853659629821777 -0.4427194893360138
v 0.38963592052459717 0.02920401096343994 -0.4329915940761566
v 0.3870823383331299 0.02920401096343994 -0.4267900586128235
v 0.3864743709564209 0.03978312015533447 -0.4214397072792053
v 0.3837991952896118 0.05571258068084717 -0.40028148889541626
v 0.3863527774810791 0.03978312015533447 -0.3791233003139496
v 0.38841986656188965 0.018503308296203613 -0.38435202836990356
v 0.38866305351257324 0.013274550437927246 -0.38435202836990356
v 0.3912166357040405 0.02920401096343994 -0.36842259764671326
v 0.39498627185821533 0.013274550437927246 -0.36854419112205505
v 0.4003366231918335 0.013274550437927246 -0.35918107628822327
v 0.40556538105010986 0.011450588703155518 -0.35261476039886475
v 0.40556538105010986 0.022516071796417236 -0.3419140577316284
v 0.410915732383728 0.016436100006103516 -0.3419140577316284
v 0.42149484157562256 0.013274550437927246 -0.33705008029937744
v 0.4268451929092407 0.02044886350631714 -0.3313349485397339
v 0.43742430210113525 -0.0026549100875854492 -0.33948206901550293
v 0.43742430210113525 0.02920401096343994 -0.32732218503952026
v 0.4480034112930298 -0.008005261421203613 -0.3405764698982239
v 0.45858240127563477 -0.0026549100875854492 -0.34130603075027466
v 0.45858240127563477 0.03443276882171631 -0.3307269513607025
v 0.45335376262664795 0.05571258068084717 -0.3250117897987366
v 0.4480034112930298 0.06094127893447876 -0.32075583934783936
v 0.45335376262664795 0.07687073945999146 -0.320147842168808
v 0.457852840423584 0.08744984865188599 -0.32075583934783936
v 0.45858240127563477 0.10337930917739868 -0.31589189171791077
v 0.46393275260925293 0.09973132610321045 -0.3261061906814575
v 0.4689183235168457 0.12453752756118774 -0.3313349485397339
v 0.47451186180114746 0.11930876970291138 -0.34337323904037476
v 0.46952641010284424 0.1458173394203186 -0.3313349485397339
v 0.45858240127563477 0.1510460376739502 -0.38872960209846497
v 0.45335376262664795 0.14241254329681396 -0.4056318402290344
v 0.4480034112930298 0.14143973588943481 -0.4108605980873108
v 0.4424097537994385 0.13523823022842407 -0.4214397072792053
v 0.43742430210113525 0.12429434061050415 -0.43214040994644165
v 0.4268451929092407 0.12453752756118774 -0.4310460090637207
v 0.42149484157562256 0.12161916494369507 -0.43214040994644165
v 0.42149484157562256 0.09802895784378052 -0.4449082612991333
v 0.40483570098876953 0.09280019998550415 -0.43736913800239563
v 0.4003366231918335 0.06945323944091797 -0.43736913800239563
v 0.393648624420166 0.06094127893447876 -0.43214040994644165
v 0.38829827308654785 0.07152038812637329 -0.4214397072792053
v 0.3835560083389282 0.07152038812637329 -0.4056318402290344
v 0.3820967674255371 0.06629163026809692 -0.3949311375617981
v 0.3816103935241699 0.06094127893447876 -0.38435202836990356
v 0.37917840480804443 0.06629163026809692 -0.3791233003139496
v 0.3844071626663208 0.050362229347229004 -0.3683009743690491
v 0.3863527774810791 0.04501187801361084 -0.36842259764671326
v 0.3912166357040405 0.03443276882171631 -0.3631938397884369
v 0.3966885805130005 0.02920401096343994 -0.35261476039886475
v 0.40459251403808594 0.02920401096343994 -0.33668529987335205
v 0.410915732383728 0.028352797031402588 -0.3313349485397339
v 0.4161444902420044 0.03443276882171631 -0.3262277841567993
v 0.42149484157562256 0.03297358751296997 -0.3261061906814575
v 0.4268451929092407 0.06629163026809692 -0.31613507866859436
v 0.4480034112930298 0.03443276882171631 -0.3269574046134949
v 0.4480034112930298 0.07687073945999146 -0.31625670194625854
v 0.45335376262664795 0.09280019998550415 -0.31394630670547485
v 0.4600416421890259 0.12453752756118774 -0.3101767301559448
v 0.45858240127563477 0.13523823022842407 -0.30482637882232666
v 0.46356797218322754 0.1458173394203186 -0.3154054880142212
v 0.452380895614624 0.16174674034118652 -0.2995976209640503
v 0.4480034112930298 0.15347802639007568 -0.3949311375617981
v 0.4320739507675171 0.1510460376739502 -0.4042942523956299
v 0.4268451929092407 0.1458173394203186 -0.4102526009082794
v 0.4161444902420044 0.14046698808670044 -0.4146301746368408
v 0.410915732383728 0.1231999397277832 -0.4267900586128235
v 0.410915732383728 0.10872966051101685 -0.4357883632183075
v 0.40556538105010986 0.10337930917739868 -0.43481558561325073
v 0.3982694149017334 0.09280019998550415 -0.43214040994644165
v 0.39498627185821533 0.08744984865188599 -0.42970842123031616
v 0.38963592052459717 0.09280019998550415 -0.4220476746559143
v 0.3830695152282715 0.09280019998550415 -0.4108605980873108
v 0.37905681133270264 0.08647704124450684 -0.40028148889541626
v 0.37796247005462646 0.07687073945999146 -0.38970237970352173
v 0.3704233169555664 0.08744984865188599 -0.3791233003139496
v 0.3684777021408081 0.08282911777496338 -0.3631938397884369
v 0.3681129217147827 0.08222109079360962 -0.3578434884548187
v 0.3795431852340698 0.06094127893447876 -0.3578434884548187
v 0.3834344148635864 0.05571258068084717 -0.35261476039886475
v 0.39498627185821533 0.04124230146408081 -0.3419140577316284
v 0.4009445905685425 0.04501187801361084 -0.3313349485397339
v 0.410915732383728 0.03978312015533447 -0.3263493776321411
v 0.410915732383728 0.06094127893447876 -0.3214854300022125
v 0.42149484157562256 0.08878743648529053 -0.3101767301559448
v 0.4320739507675171 0.08744984865188599 -0.30932554602622986
v 0.43742430210113525 0.09802895784378052 -0.30494797229766846
v 0.4426530599594116 0.09280019998550415 -0.3084743618965149
v 0.4480034112930298 0.11395841836929321 -0.3015432357788086
v 0.4426530599594116 0.1298878788948059 -0.2929096817970276
v 0.45335376262664795 0.13122546672821045 -0.2995976209640503
v 0.45335376262664795 0.14046698808670044 -0.29813843965530396
v 0.410915732383728 0.1510460376739502 -0.4064830541610718
v 0.39498627185821533 0.1298878788948059 -0.415359765291214
v 0.38963592052459717 0.11930876970291138 -0.41633254289627075
v 0.3824615478515625 0.13523823022842407 -0.4056318402290344
v 0.37905681133270264 0.12453752756118774 -0.406118243932724
v 0.37905681133270264 0.11395841836929321 -0.40709102153778076
v 0.3707880973815918 0.10872966051101685 -0.3949311375617981
v 0.3684777021408081 0.10666245222091675 -0.38970237970352173
v 0.35850656032562256 0.11930876970291138 -0.3737729489803314
v 0.3684777021408081 0.09839373826980591 -0.38435202836990356
v 0.3578985929489136 0.10337930917739868 -0.35273635387420654
v 0.36300575733184814 0.09280019998550415 -0.35261476039886475
v 0.3710312843322754 0.07687073945999146 -0.35261476039886475
v 0.37382805347442627 0.07456040382385254 -0.3472644090652466
v 0.37905681133270264 0.06629163026809692 -0.3468995988368988
v 0.3851367235183716 0.06629163026809692 -0.33668529987335205
v 0.39498627185821533 0.057536542415618896 -0.3313349485397339
v 0.4003366231918335 0.06094127893447876 -0.3259845972061157
v 0.39498627185821533 0.08744984865188599 -0.31832385063171387
v 0.40556538105010986 0.10872966051101685 -0.30482637882232666
v 0.4161444902420044 0.10179853439331055 -0.30482637882232666
v 0.4268451929092407 0.09802895784378052 -0.30482637882232666
v 0.4268451929092407 0.12453752756118774 -0.2902345061302185
v 0.42149484157562256 0.1458173394203186 -0.28038501739501953
v 0.43742430210113525 0.12453752756118774 -0.2925449013710022
v 0.4426530599594116 0.1458173394203186 -0.28889694809913635
v 0.38963592052459717 0.1458173394203186 -0.40526705980300903
v 0.37905681133270264 0.1459389328956604 -0.40028148889541626
v 0.37382805347442627 0.1458173394203186 -0.396876722574234
v 0.36482977867126465 0.14046698808670044 -0.38970237970352173
v 0.36312735080718994 0.1298878788948059 -0.38690561056137085
v 0.3578985929489136 0.12161916494369507 -0.3737729489803314
v 0.3559529781341553 0.11395841836929321 -0.3631938397884369
v 0.3547370433807373 0.10872966051101685 -0.3472644090652466
v 0.34950828552246094 0.11930876970291138 -0.33668529987335205
v 0.36312735080718994 0.09924495220184326 -0.33668529987335205
v 0.3684777021408081 0.09802895784378052 -0.3315781354904175
v 0.37382805347442627 0.09985291957855225 -0.3261061906814575
v 0.3844071626663208 0.10872966051101685 -0.3145543038845062
v 0.3844071626663208 0.11699837446212769 -0.3101767301559448
v 0.4003366231918335 0.12453752756118774 -0.2989896535873413
v 0.40556538105010986 0.1458173394203186 -0.28245219588279724
v 0.410915732383728 0.1510460376739502 -0.27770984172821045
v 0.4268451929092407 0.16174674034118652 -0.27564266324043274
v 0.3578985929489136 0.16174674034118652 -0.38252806663513184
v 0.3525482416152954 0.1510460376739502 -0.37571853399276733
v 0.34731948375701904 0.1510460376739502 -0.3673282265663147
v 0.34731948375701904 0.1298878788948059 -0.35528993606567383
v 0.344036340713501 0.1298878788948059 -0.3419140577316284
v 0.3419691324234009 0.13900774717330933 -0.32075583934783936
v 0.34962987899780273 0.12453752756118774 -0.3261061906814575
v 0.3578985929489136 0.11529600620269775 -0.3261061906814575
v 0.36312735080718994 0.1162688136100769 -0.32075583934783936
v 0.3684777021408081 0.1298878788948059 -0.3066503703594208
v 0.37905681133270264 0.12453752756118774 -0.30737996101379395
v 0.38963592052459717 0.14095336198806763 -0.29424726963043213
v 0.4003366231918335 0.16174674034118652 -0.27357548475265503
v 0.3413611650466919 0.1458173394203186 -0.35261476039886475
v 0.3419691324234009 0.1347517967224121 -0.3419140577316284
v 0.3367403745651245 0.1458173394203186 -0.3261061906814575
v 0.3372267484664917 0.1510460376739502 -0.3154054880142212
v 0.347927451133728 0.13523823022842407 -0.3154054880142212
v 0.3554666042327881 0.14046698808670044 -0.30482637882232666
v 0.36312735080718994 0.1458173394203186 -0.29765206575393677
v 0.3525482416152954 0.15639638900756836 -0.29582807421684265
v 0.3684777021408081 0.15712600946426392 -0.28889694809913635
v 0.3366187810897827 0.1510460376739502 -0.34325164556503296
v 0.33503806591033936 0.1510460376739502 -0.33668529987335205
v 0.3419691324234009 0.16174674034118652 -0.29996243119239807
v -0.5168836116790771 0.018138527870178223 0.37904560565948486
v -0.5168836116790771 0.01449054479598999 0.3738168478012085
v -0.5149379968643188 0.018503308296203613 0.3738168478012085
v -0.5168836116790771 0.018503308296203613 0.37053364515304565
v -0.5222339630126953 0.012666583061218262 0.3738168478012085
v -0.5222339630126953 0.018503308296203613 0.3696824908256531
v -0.525152325630188 0.023853659629821777 0.3738168478012085
v -0.5252739191055298 0.018503308296203613 0.3738168478012085
v -0.5222339630126953 0.016679346561431885 0.37904560565948486
v -0.5222339630126953 0.023853659629821777 0.38147759437561035
v -0.5168836116790771 0.02920401096343994 0.3833015561103821
v -0.5222339630126953 0.03443276882171631 0.38232874870300293
v -0.5185859799385071 0.03443276882171631 0.384395956993103
v -0.5222339630126953 0.03978312015533447 0.38232874870300293
v -0.5206531286239624 0.03978312015533447 0.384395956993103
v -0.5168836116790771 0.04501187801361084 0.3871927261352539
v -0.512141227722168 0.04501187801361084 0.384395956993103
v -0.5134788155555725 0.02920401096343994 0.37904560565948486
v -0.5139652490615845 0.023853659629821777 0.3738168478012085
v -0.5168836116790771 0.023853659629821777 0.37016886472702026
v -0.5222339630126953 0.03443276882171631 0.37320882081985474
v -0.5243011713027954 0.02920401096343994 0.37904560565948486
v -0.5225987434387207 0.04501187801361084 0.37904560565948486
v -0.5191940069198608 0.050362229347229004 0.384395956993103
v -0.5168836116790771 0.050362229347229004 0.3867063522338867
v -0.5116548538208008 0.050362229347229004 0.384395956993103
v -0.5106820464134216 0.04501187801361084 0.37904560565948486
v -0.5116548538208008 0.04501187801361084 0.3735736608505249
v -0.5168836116790771 0.03978312015533447 0.3708984851837158
v -0.5204099416732788 0.050362229347229004 0.3738168478012085
v -0.5191940069198608 0.05571258068084717 0.37904560565948486
v -0.5168836116790771 0.06094127893447876 0.3801400065422058
v -0.5116548538208008 0.06094127893447876 0.3811127543449402
v -0.5116548538208008 0.05571258068084717 0.38208556175231934
v -0.510438859462738 0.050362229347229004 0.3738168478012085
v -0.5116548538208008 0.050362229347229004 0.37041205167770386
v -0.5168836116790771 0.06094127893447876 0.3639673590660095
v -0.5116548538208008 0.06094127893447876 0.3627513647079468
v -0.5168836116790771 0.05133497714996338 0.36846649646759033
v -0.5183427929878235 0.05571258068084717 0.36846649646759033
v -0.5201667547225952 0.05571258068084717 0.3738168478012085
v -0.5168836116790771 0.06629163026809692 0.37953197956085205
v -0.5116548538208008 0.06629163026809692 0.381234347820282
v -0.5087364912033081 0.06629163026809692 0.37904560565948486
v -0.5086148977279663 0.05571258068084717 0.3738168478012085
v -0.5067908763885498 0.06094127893447876 0.36846649646759033
v -0.5063045024871826 0.07152038812637329 0.36542654037475586
v -0.5116548538208008 0.06629163026809692 0.3620217442512512
v -0.5168836116790771 0.06629163026809692 0.36360251903533936
v -0.5200451612472534 0.06629163026809692 0.36846649646759033
v -0.519680380821228 0.07687073945999146 0.3738168478012085
v -0.5168836116790771 0.08222109079360962 0.3807479739189148
v -0.5173699855804443 0.08744984865188599 0.37904560565948486
v -0.5129924416542053 0.08222109079360962 0.384395956993103
v -0.5116548538208008 0.07687073945999146 0.38366633653640747
v -0.5063045024871826 0.07152038812637329 0.37928879261016846
v -0.5025349259376526 0.07687073945999146 0.3738168478012085
v -0.5039941072463989 0.07687073945999146 0.36846649646759033
v -0.5063045024871826 0.08222109079360962 0.36639928817749023
v -0.5116548538208008 0.08222109079360962 0.3645753264427185
v -0.5168836116790771 0.08222109079360962 0.36846649646759033
v -0.5173699855804443 0.08744984865188599 0.3738168478012085
v -0.5165188312530518 0.09280019998550415 0.37904560565948486
v -0.5149379968643188 0.08744984865188599 0.384395956993103
v -0.5116548538208008 0.09802895784378052 0.390475869178772
v -0.5116548538208008 0.08744984865188599 0.3873143196105957
v -0.5063045024871826 0.08149152994155884 0.384395956993103
v -0.501805305480957 0.08222109079360962 0.37904560565948486
v -0.5015621185302734 0.08744984865188599 0.3738168478012085
v -0.5063045024871826 0.08744984865188599 0.36810171604156494
v -0.5063045024871826 0.09802895784378052 0.3738168478012085
v -0.5116548538208008 0.09012502431869507 0.36846649646759033
v -0.5149379968643188 0.09280019998550415 0.3738168478012085
v -0.5151811838150024 0.09802895784378052 0.384395956993103
v -0.5116548538208008 0.10872966051101685 0.39096230268478394
v -0.5116548538208008 0.10337930917739868 0.39108389616012573
v -0.5067908763885498 0.10872966051101685 0.39497506618499756
v -0.5063045024871826 0.10337930917739868 0.3938806653022766
v -0.5063045024871826 0.09207063913345337 0.3896247148513794
v -0.5010757446289062 0.09024661779403687 0.384395956993103
v -0.4998597502708435 0.09280019998550415 0.37904560565948486
v -0.49876534938812256 0.09802895784378052 0.384395956993103
v -0.5010757446289062 0.09280019998550415 0.3764920234680176
v -0.5063045024871826 0.10872966051101685 0.37928879261016846
v -0.5116548538208008 0.10337930917739868 0.37892401218414307
v -0.5139652490615845 0.10337930917739868 0.384395956993103
v -0.5116548538208008 0.11274242401123047 0.3896247148513794
v -0.5069124698638916 0.11930876970291138 0.39497506618499756
v -0.4480586647987366 0.12015992403030396 0.485079824924469
v -0.45328736305236816 0.12952303886413574 0.4798510670661926
v -0.45328736305236816 0.10872966051101685 0.49152451753616333
v -0.4480586647987366 -0.01323401927947998 0.5052651762962341
v -0.45328736305236816 -0.012504398822784424 0.5063596367835999
v -0.4480586647987366 -0.018584370613098145 0.498698890209198
v -0.43735796213150024 -0.033297836780548096 0.4533424973487854
v -0.43735796213150024 -0.0291634202003479 0.4511536955833435
v -0.4333451986312866 -0.0291634202003479 0.4533424973487854
v -0.43735796213150024 -0.023813068866729736 0.4555312991142273
v -0.4401547312736511 -0.0291634202003479 0.4533424973487854
v -0.43735796213150024 -0.034513771533966064 0.457355260848999
v -0.43735796213150024 -0.03317618370056152 0.46392160654067993
v -0.4315211772918701 -0.0291634202003479 0.45857125520706177
v -0.4340747594833374 -0.023813068866729736 0.45857125520706177
v -0.43273717164993286 -0.023813068866729736 0.46392160654067993
v -0.43735796213150024 -0.01955711841583252 0.46392160654067993
v -0.4427083134651184 -0.023813068866729736 0.4602736234664917
v -0.4427083134651184 -0.03013622760772705 0.45857125520706177
v -0.4427083134651184 -0.03074425458908081 0.46392160654067993
v -0.4427083134651184 -0.026245057582855225 0.485079824924469
v -0.4427083134651184 -0.028190672397613525 0.4798510670661926
v -0.43735796213150024 -0.029285073280334473 0.47450071573257446
v -0.43261557817459106 -0.0291634202003479 0.46392160654067993
v -0.43273717164993286 -0.023813068866729736 0.4692719578742981
v -0.43480437994003296 -0.018584370613098145 0.47450071573257446
v -0.43735796213150024 -0.015909194946289062 0.47450071573257446
v -0.4427083134651184 -0.017976343631744385 0.4692719578742981
v -0.44623464345932007 -0.023813068866729736 0.4692719578742981
v -0.4480586647987366 -0.023813068866729736 0.4757167100906372
v -0.4480586647987366 -0.02502906322479248 0.4798510670661926
v -0.4480586647987366 -0.02466428279876709 0.485079824924469
v -0.4427083134651184 -0.023205101490020752 0.49043017625808716
v -0.438087522983551 -0.023813068866729736 0.485079824924469
v -0.4333451986312866 -0.023813068866729736 0.47450071573257446
v -0.43480437994003296 -0.018584370613098145 0.4798510670661926
v -0.43735796213150024 -0.014693200588226318 0.4798510670661926
v -0.4427083134651184 -0.015057981014251709 0.47450071573257446
v -0.4472074508666992 -0.018584370613098145 0.47450071573257446
v -0.45061224699020386 -0.018584370613098145 0.4798510670661926
v -0.45340901613235474 -0.018584370613098145 0.485079824924469
v -0.4480586647987366 -0.023083508014678955 0.49043017625808716
v -0.44234347343444824 -0.018584370613098145 0.4957805275917053
v -0.438573956489563 -0.018584370613098145 0.49043017625808716
v -0.4383307099342346 -0.01323401927947998 0.485079824924469
v -0.4401547312736511 -0.01323401927947998 0.4798510670661926
v -0.4427083134651184 -0.01226121187210083 0.4798510670661926
v -0.4480586647987366 -0.01323401927947998 0.4800942540168762
v -0.4545033574104309 -0.01323401927947998 0.485079824924469
v -0.4545033574104309 -0.018584370613098145 0.49043017625808716
v -0.45328736305236816 -0.018584370613098145 0.4946861267089844
v -0.45328736305236816 -0.015787601470947266 0.5010092854499817
v -0.45863771438598633 -0.012990772724151611 0.5010092854499817
v -0.4611912965774536 -0.008005261421203613 0.5063596367835999
v -0.46921682357788086 -0.004843652248382568 0.5010092854499817
v -0.46921682357788086 -0.0005877017974853516 0.5063596367835999
v -0.474567174911499 0.0016010403633117676 0.5010092854499817
v -0.474567174911499 0.007924199104309082 0.5066028237342834
v -0.4883078932762146 0.050362229347229004 0.5063596367835999
v -0.48806464672088623 0.03978312015533447 0.5063596367835999
v -0.48514628410339355 0.050362229347229004 0.5104939341545105
v -0.48514628410339355 0.03978312015533447 0.5100075602531433
v -0.4797959327697754 0.01862490177154541 0.5063596367835999
v -0.48514628410339355 0.02312403917312622 0.5010092854499817
v -0.474567174911499 0.013274550437927246 0.5087916254997253
v -0.45328736305236816 -0.008005261421203613 0.5103723406791687
v -0.4480586647987366 -0.008005261421203613 0.5084267258644104
v -0.4427083134651184 -0.01323401927947998 0.4994284510612488
v -0.4389387369155884 -0.01323401927947998 0.49043017625808716
v -0.4427083134651184 -0.0077620744705200195 0.49043017625808716
v -0.44890981912612915 -0.0026549100875854492 0.49043017625808716
v -0.4480586647987366 -0.008005261421203613 0.4854446053504944
v -0.45328736305236816 -0.008005261421203613 0.4858093857765198
v -0.45863771438598633 -0.01323401927947998 0.4901869297027588
v -0.45863771438598633 -0.014450013637542725 0.4957805275917053
v -0.474567174911499 0.0014794468879699707 0.4957805275917053
v -0.4840518832206726 0.018503308296203613 0.4957805275917053
v -0.48964548110961914 0.02920401096343994 0.4957805275917053
v -0.48721349239349365 0.023853659629821777 0.49043017625808716
v -0.49013185501098633 0.02920401096343994 0.49043017625808716
v -0.49146944284439087 0.03443276882171631 0.49043017625808716
v -0.4904966354370117 0.03978312015533447 0.5010092854499817
v -0.48964548110961914 0.05571258068084717 0.5010092854499817
v -0.48514628410339355 0.07042604684829712 0.5010092854499817
v -0.48514628410339355 0.05571258068084717 0.5090348124504089
v -0.4797959327697754 0.07687073945999146 0.504170835018158
v -0.4797959327697754 0.06094127893447876 0.5115883946418762
v -0.4797959327697754 0.050362229347229004 0.5138986706733704
v -0.474567174911499 0.03978312015533447 0.5145067572593689
v -0.4797959327697754 0.03978312015533447 0.513533890247345
v -0.4638664722442627 0.013274550437927246 0.5121963620185852
v -0.46921682357788086 0.014733731746673584 0.5115883946418762
v -0.45328736305236816 -0.0026549100875854492 0.5120747685432434
v -0.45328736305236816 0.004033029079437256 0.5115883946418762
v -0.4480586647987366 0.0016010403633117676 0.5063596367835999
v -0.4480586647987366 -0.0026549100875854492 0.5086700320243835
v -0.4434378743171692 -0.008005261421203613 0.5010092854499817
v -0.4427083134651184 -0.00715404748916626 0.4957805275917053
v -0.4480586647987366 0.00111466646194458 0.4957805275917053
v -0.4546249508857727 0.002695441246032715 0.49043017625808716
v -0.45328736305236816 -0.0026549100875854492 0.48848456144332886
v -0.45863771438598633 -0.0026549100875854492 0.48811978101730347
v -0.4638664722442627 -0.004843652248382568 0.49043017625808716
v -0.474567174911499 0.006708204746246338 0.49043017625808716
v -0.48271429538726807 0.018503308296203613 0.49043017625808716
v -0.48514628410339355 0.025434434413909912 0.485079824924469
v -0.48952382802963257 0.03443276882171631 0.485079824924469
v -0.49171262979507446 0.03978312015533447 0.49043017625808716
v -0.4913478493690491 0.050362229347229004 0.4957805275917053
v -0.488186240196228 0.06629163026809692 0.4957805275917053
v -0.48514628410339355 0.07553315162658691 0.4957805275917053
v -0.4797959327697754 0.08222109079360962 0.49979323148727417
v -0.474567174911499 0.08051872253417969 0.5063596367835999
v -0.474567174911499 0.06775087118148804 0.5115883946418762
v -0.46921682357788086 0.06094127893447876 0.5128043293952942
v -0.474567174911499 0.050362229347229004 0.5146283507347107
v -0.46921682357788086 0.02920401096343994 0.5134122967720032
v -0.4638664722442627 0.023853659629821777 0.5124395489692688
v -0.46690648794174194 0.04501187801361084 0.5115883946418762
v -0.46483927965164185 0.03443276882171631 0.5115883946418762
v -0.4613128900527954 0.018503308296203613 0.5115883946418762
v -0.45863771438598633 0.018503308296203613 0.5101291537284851
v -0.4569353461265564 0.007924199104309082 0.5115883946418762
v -0.45328736305236816 0.012423336505889893 0.5063596367835999
v -0.4450186491012573 -0.0026549100875854492 0.5010092854499817
v -0.452800989151001 0.007924199104309082 0.4957805275917053
v -0.45863771438598633 0.007924199104309082 0.490065336227417
v -0.45863771438598633 0.002695441246032715 0.48884934186935425
v -0.474567174911499 0.013274550437927246 0.4876333475112915
v -0.4797959327697754 0.021908044815063477 0.485079824924469
v -0.48514628410339355 0.03443276882171631 0.48143184185028076
v -0.48514628410339355 0.03978312015533447 0.48106706142425537
v -0.48976707458496094 0.03978312015533447 0.485079824924469
v -0.48709189891815186 0.07152038812637329 0.49043017625808716
v -0.48307913541793823 0.08222109079360962 0.49043017625808716
v -0.4797959327697754 0.08538269996643066 0.4957805275917053
v -0.474567174911499 0.08744984865188599 0.5010092854499817
v -0.46921682357788086 0.09134101867675781 0.5010092854499817
v -0.46921682357788086 0.08744984865188599 0.5039276480674744
v -0.46921682357788086 0.07687073945999146 0.5092779994010925
v -0.4638664722442627 0.07152038812637329 0.5091564059257507
v -0.4666632413864136 0.05571258068084717 0.5115883946418762
v -0.4627721309661865 0.04501187801361084 0.5063596367835999
v -0.4587593674659729 0.02920401096343994 0.5063596367835999
v -0.45328736305236816 0.013274550437927246 0.5010092854499817
v -0.45742177963256836 0.018503308296203613 0.4957805275917053
v -0.46508246660232544 0.02920401096343994 0.49043017625808716
v -0.46921682357788086 0.023853659629821777 0.4870253801345825
v -0.47201359272003174 0.02920401096343994 0.485079824924469
v -0.474567174911499 0.018503308296203613 0.48605257272720337
v -0.4797959327697754 0.03443276882171631 0.4803374409675598
v -0.4797959327697754 0.03978312015533447 0.4798510670661926
v -0.4864838719367981 0.06094127893447876 0.485079824924469
v -0.48453831672668457 0.07687073945999146 0.485079824924469
v -0.48259270191192627 0.08222109079360962 0.485079824924469
v -0.47177040576934814 0.09802895784378052 0.49043017625808716
v -0.46921682357788086 0.09693455696105957 0.4957805275917053
v -0.4638664722442627 0.09802895784378052 0.49748289585113525
v -0.45863771438598633 0.08744984865188599 0.5014956593513489
v -0.45863771438598633 0.09280019998550415 0.49991482496261597
v -0.4638664722442627 0.08744984865188599 0.5038060545921326
v -0.4607049226760864 0.07152038812637329 0.5063596367835999
v -0.46046173572540283 0.06629163026809692 0.5063596367835999
v -0.46192091703414917 0.05571258068084717 0.5063596367835999
v -0.46228569746017456 0.050362229347229004 0.5010092854499817
v -0.46252888441085815 0.04501187801361084 0.5010092854499817
v -0.4638664722442627 0.03978312015533447 0.49529409408569336
v -0.474567174911499 0.03978312015533447 0.48179662227630615
v -0.4797959327697754 0.050362229347229004 0.4803374409675598
v -0.4797959327697754 0.06094127893447876 0.47924304008483887
v -0.4797959327697754 0.07687073945999146 0.4768110513687134
v -0.47833675146102905 0.08222109079360962 0.47450071573257446
v -0.4797959327697754 0.08744984865188599 0.4712175130844116
v -0.47760719060897827 0.08744984865188599 0.47450071573257446
v -0.47420239448547363 0.09802895784378052 0.4798510670661926
v -0.46921682357788086 0.10337930917739868 0.4878765940666199
v -0.4638664722442627 0.11395841836929321 0.485079824924469
v -0.45863771438598633 0.09802895784378052 0.49748289585113525
v -0.45328736305236816 0.10337930917739868 0.4940780997276306
v -0.45328736305236816 0.09802895784378052 0.4957805275917053
v -0.452193021774292 0.09280019998550415 0.4957805275917053
v -0.45328736305236816 0.08744984865188599 0.4965100884437561
v -0.45353060960769653 0.08222109079360962 0.4957805275917053
v -0.4570569396018982 0.08222109079360962 0.5010092854499817
v -0.45717853307724 0.07152038812637329 0.5010092854499817
v -0.4591241478919983 0.06094127893447876 0.5010092854499817
v -0.4638664722442627 0.050362229347229004 0.4957805275917053
v -0.4706760048866272 0.04501187801361084 0.485079824924469
v -0.474567174911499 0.05461817979812622 0.4798510670661926
v -0.474567174911499 0.07152038812637329 0.4740142822265625
v -0.4774855375289917 0.07687073945999146 0.47450071573257446
v -0.4797959327697754 0.08222109079360962 0.470974326133728
v -0.5137220621109009 -0.023813068866729736 0.4374130368232727
v -0.5156676173210144 -0.023813068866729736 0.43206268548965454
v -0.5116548538208008 -0.025393903255462646 0.4374130368232727
v -0.5116548538208008 -0.028312265872955322 0.43206268548965454
v -0.5063045024871826 -0.027339458465576172 0.43206268548965454
v -0.5116548538208008 -0.02794748544692993 0.4268339276313782
v -0.5116548538208008 -0.023813068866729736 0.42500996589660645
v -0.5137220621109009 -0.023813068866729736 0.4268339276313782
v -0.5166404247283936 -0.018584370613098145 0.43206268548965454
v -0.5168836116790771 -0.019435524940490723 0.4374130368232727
v -0.515424370765686 -0.018584370613098145 0.44276338815689087
v -0.5168836116790771 -0.0084916353225708 0.4533424973487854
v -0.520896315574646 -0.0026549100875854492 0.4533424973487854
v -0.5168836116790771 -0.0026549100875854492 0.4583280682563782
v -0.5207747220993042 0.002695441246032715 0.45857125520706177
v -0.5168836116790771 0.004884243011474609 0.46392160654067993
v -0.5116548538208008 -0.008005261421203613 0.4556528925895691
v -0.5116548538208008 -0.021137893199920654 0.44276338815689087
v -0.5063045024871826 -0.023813068866729736 0.43789947032928467
v -0.5039941072463989 -0.023813068866729736 0.43206268548965454
v -0.5063045024871826 -0.02527230978012085 0.4268339276313782
v -0.5116548538208008 -0.018584370613098145 0.4265907406806946
v -0.5150595903396606 -0.01323401927947998 0.43206268548965454
v -0.5211395621299744 -0.0026549100875854492 0.44276338815689087
v -0.5219907760620117 -0.0026549100875854492 0.44799214601516724
v -0.5222339630126953 0.00111466646194458 0.4533424973487854
v -0.5222339630126953 0.007924199104309082 0.4601520299911499
v -0.5195587873458862 0.007924199104309082 0.46392160654067993
v -0.5168836116790771 0.013274550437927246 0.4692719578742981
v -0.5198019742965698 0.018503308296203613 0.4692719578742981
v -0.5168836116790771 0.018503308296203613 0.4715823531150818
v -0.5063045024871826 0.03978312015533447 0.4762030839920044
v -0.5116548538208008 0.03443276882171631 0.4762030839920044
v -0.5063045024871826 0.02920401096343994 0.4757167100906372
v -0.5116548538208008 0.018503308296203613 0.4737710952758789
v -0.5116548538208008 0.010842561721801758 0.4692719578742981
v -0.5063045024871826 -0.008005261421203613 0.4533424973487854
v -0.5043588876724243 0.002695441246032715 0.45857125520706177
v -0.5030213594436646 -0.008005261421203613 0.44799214601516724
v -0.5030213594436646 -0.018584370613098145 0.4374130368232727
v -0.5036293268203735 -0.018584370613098145 0.43206268548965454
v -0.5063045024871826 -0.018584370613098145 0.4280499219894409
v -0.5063045024871826 -0.0026549100875854492 0.4398450255393982
v -0.5116548538208008 -0.0026549100875854492 0.4365618824958801
v -0.5168836116790771 -0.008005261421203613 0.43583226203918457
v -0.520288348197937 0.002695441246032715 0.44276338815689087
v -0.5222339630126953 0.002695441246032715 0.4466545581817627
v -0.5222339630126953 0.009504973888397217 0.44799214601516724
v -0.5238147377967834 0.018503308296203613 0.45857125520706177
v -0.5230851173400879 0.018503308296203613 0.46392160654067993
v -0.521382749080658 0.02920401096343994 0.4692719578742981
v -0.5168836116790771 0.02920401096343994 0.4738926887512207
v -0.5168836116790771 0.03978312015533447 0.4734063148498535
v -0.5116548538208008 0.05571258068084717 0.4737710952758789
v -0.5063045024871826 0.050362229347229004 0.4760814905166626
v -0.5008325576782227 0.04501187801361084 0.47450071573257446
v -0.4957253932952881 0.05571258068084717 0.47291994094848633
v -0.4976709485054016 0.03978312015533447 0.4692719578742981
v -0.5010757446289062 0.023853659629821777 0.4695151448249817
v -0.5061829090118408 0.013274550437927246 0.4692719578742981
v -0.502291738986969 0.002695441246032715 0.4533424973487854
v -0.502291738986969 0.007924199104309082 0.4533424973487854
v -0.5063045024871826 0.007924199104309082 0.44568175077438354
v -0.5116548538208008 0.013274550437927246 0.4439793825149536
v -0.5168836116790771 0.009869813919067383 0.44276338815689087
v -0.5168836116790771 0.02616405487060547 0.44799214601516724
v -0.5222339630126953 0.022516071796417236 0.4533424973487854
v -0.521382749080658 0.03978312015533447 0.45857125520706177
v -0.5227203369140625 0.03443276882171631 0.46392160654067993
v -0.5205315351486206 0.03978312015533447 0.4692719578742981
v -0.512749195098877 0.06629163026809692 0.4692719578742981
v -0.5063045024871826 0.06094127893447876 0.47510868310928345
v -0.5010757446289062 0.06094127893447876 0.47547346353530884
v -0.4981573820114136 0.06094127893447876 0.47450071573257446
v -0.4957253932952881 0.06629163026809692 0.4736495018005371
v -0.48940223455429077 0.06629163026809692 0.4692719578742981
v -0.497427761554718 0.03443276882171631 0.46392160654067993
v -0.502291738986969 0.013274550437927246 0.46392160654067993
v -0.5013189315795898 0.013274550437927246 0.45857125520706177
v -0.5024133324623108 0.018503308296203613 0.4533424973487854
v -0.5070340633392334 0.018503308296203613 0.44799214601516724
v -0.5116548538208008 0.018503308296203613 0.44568175077438354
v -0.5116548538208008 0.03978312015533447 0.4483569264411926
v -0.5153027772903442 0.05571258068084717 0.4533424973487854
v -0.5145732164382935 0.07152038812637329 0.45857125520706177
v -0.5126276016235352 0.07687073945999146 0.45857125520706177
v -0.5136004686355591 0.07152038812637329 0.46392160654067993
v -0.5063045024871826 0.08222109079360962 0.46404320001602173
v -0.5063045024871826 0.07152038812637329 0.4714607000350952
v -0.5010757446289062 0.07152038812637329 0.4730415344238281
v -0.4957253932952881 0.07152038812637329 0.4731631278991699
v -0.4903750419616699 0.07152038812637329 0.4712175130844116
v -0.4957253932952881 0.07687073945999146 0.4715823531150818
v -0.4903750419616699 0.07687073945999146 0.4713391065597534
v -0.4903750419616699 0.08222109079360962 0.47048795223236084
v -0.4833223223686218 0.07687073945999146 0.4692719578742981
v -0.48697030544281006 0.07152038812637329 0.4692719578742981
v -0.48867267370224 0.06094127893447876 0.46392160654067993
v -0.4885510802268982 0.06094127893447876 0.45857125520706177
v -0.49681979417800903 0.03978312015533447 0.45857125520706177
v -0.5010757446289062 0.03978312015533447 0.45212650299072266
v -0.5063045024871826 0.03978312015533447 0.4487217664718628
v -0.5063045024871826 0.05571258068084717 0.4470193386077881
v -0.5116548538208008 0.050362229347229004 0.4489649534225464
v -0.5136004686355591 0.07152038812637329 0.4533424973487854
v -0.5106820464134216 0.08222109079360962 0.4533424973487854
v -0.5099524259567261 0.08222109079360962 0.45857125520706177
v -0.5010757446289062 0.08744984865188599 0.4647728204727173
v -0.49694138765335083 0.08222109079360962 0.4692719578742981
v -0.48514628410339355 0.09802895784378052 0.46817755699157715
v -0.4797959327697754 0.10337930917739868 0.4691503643989563
v -0.475053608417511 0.09802895784378052 0.47450071573257446
v -0.4728648066520691 0.11395841836929321 0.47450071573257446
v -0.46921682357788086 0.11322879791259766 0.4798510670661926
v -0.4638664722442627 0.12453752756118774 0.4788782596588135
v -0.45863771438598633 0.1298878788948059 0.4785134792327881
v -0.4480586647987366 0.12879347801208496 0.4798510670661926
v -0.4427083134651184 0.1441149115562439 0.46392160654067993
v -0.4321292042732239 0.13523823022842407 0.4691503643989563
v -0.43735796213150024 0.1302526593208313 0.47450071573257446
v -0.4427083134651184 0.12648308277130127 0.4798510670661926
v -0.4427083134651184 0.11395841836929321 0.48617416620254517
v -0.4480586647987366 0.10337930917739868 0.4918893575668335
v -0.4480586647987366 0.09802895784378052 0.4924973249435425
v -0.4427083134651184 0.09802895784378052 0.4877550005912781
v -0.4480586647987366 0.09280019998550415 0.49140292406082153
v -0.447329044342041 0.08744984865188599 0.485079824924469
v -0.4492746591567993 0.08744984865188599 0.49043017625808716
v -0.45328736305236816 0.0780867338180542 0.49043017625808716
v -0.45584094524383545 0.07152038812637329 0.4957805275917053
v -0.45742177963256836 0.06629163026809692 0.4957805275917053
v -0.46921682357788086 0.05097019672393799 0.485079824924469
v -0.46921682357788086 0.058995723724365234 0.4798510670661926
v -0.46921682357788086 0.06848043203353882 0.47450071573257446
v -0.4638664722442627 0.0731012225151062 0.47450071573257446
v -0.4638664722442627 0.08222109079360962 0.46829915046691895
v -0.46921682357788086 0.08100509643554688 0.4692719578742981
v -0.474567174911499 0.0801539421081543 0.4692719578742981
v -0.4797959327697754 0.08039712905883789 0.4692719578742981
v -0.4797959327697754 0.07443881034851074 0.46392160654067993
v -0.48514628410339355 0.06629163026809692 0.45857125520706177
v -0.4904966354370117 0.06094127893447876 0.4533424973487854
v -0.4957253932952881 0.050362229347229004 0.4538288712501526
v -0.5010757446289062 0.053888559341430664 0.44799214601516724
v -0.5063045024871826 0.07152038812637329 0.4442225694656372
v -0.5103172659873962 0.07687073945999146 0.44799214601516724
v -0.5055749416351318 0.09280019998550415 0.44799214601516724
v -0.4991301894187927 0.10872966051101685 0.4533424973487854
v -0.4994949698448181 0.10872966051101685 0.44799214601516724
v -0.4981573820114136 0.11930876970291138 0.44799214601516724
v -0.4977926015853882 0.12453752756118774 0.44276338815689087
v -0.4931718111038208 0.14046698808670044 0.44799214601516724
v -0.49827897548675537 0.10337930917739868 0.45857125520706177
v -0.49171262979507446 0.10337930917739868 0.46392160654067993
v -0.474567174911499 0.11930876970291138 0.4717039465904236
v -0.46921682357788086 0.13523823022842407 0.4690287709236145
v -0.45863771438598633 0.14107495546340942 0.4692719578742981
v -0.45863771438598633 0.1510460376739502 0.46148961782455444
v -0.45328736305236816 0.1458173394203186 0.4647728204727173
v -0.4427083134651184 0.1510460376739502 0.45917922258377075
v -0.4161997437477112 0.14046698808670044 0.46793437004089355
v -0.4161997437477112 0.1458173394203186 0.46769118309020996
v -0.42155009508132935 0.14046698808670044 0.46781277656555176
v -0.4321292042732239 0.14046698808670044 0.4663535952568054
v -0.42155009508132935 0.1510460376739502 0.4652591943740845
v -0.43735796213150024 0.15639638900756836 0.45711207389831543
v -0.4267788529396057 0.13292783498764038 0.4692719578742981
v -0.4248332381248474 0.1298878788948059 0.4692719578742981
v -0.4242252707481384 0.12453752756118774 0.4692719578742981
v -0.43735796213150024 0.11930876970291138 0.48106706142425537
v -0.4427083134651184 0.10337930917739868 0.48860615491867065
v -0.4321292042732239 0.10872966051101685 0.4782702922821045
v -0.4295756220817566 0.10872966051101685 0.47450071573257446
v -0.4321292042732239 0.10337930917739868 0.4757167100906372
v -0.43456119298934937 0.09802895784378052 0.47450071573257446
v -0.4367499351501465 0.09802895784378052 0.4798510670661926
v -0.4427083134651184 0.0940161943435669 0.485079824924469
v -0.44623464345932007 0.08744984865188599 0.4798510670661926
v -0.45109862089157104 0.08222109079360962 0.485079824924469
v -0.4560841917991638 0.07152038812637329 0.49043017625808716
v -0.45863771438598633 0.07687073945999146 0.4763246774673462
v -0.45863771438598633 0.08197790384292603 0.4692719578742981
v -0.4638664722442627 0.08562588691711426 0.46392160654067993
v -0.46921682357788086 0.0851394534111023 0.46392160654067993
v -0.474567174911499 0.08076190948486328 0.46392160654067993
v -0.474567174911499 0.07918113470077515 0.45857125520706177
v -0.48064714670181274 0.07152038812637329 0.4533424973487854
v -0.4797959327697754 0.07443881034851074 0.44799214601516724
v -0.4908614158630371 0.06629163026809692 0.44799214601516724
v -0.4957253932952881 0.06094127893447876 0.44799214601516724
v -0.5010757446289062 0.07152038812637329 0.44276338815689087
v -0.5010757446289062 0.08222109079360962 0.44081783294677734
v -0.5037509202957153 0.08744984865188599 0.44276338815689087
v -0.4957253932952881 0.10337930917739868 0.43911540508270264
v -0.49791419506073 0.10872966051101685 0.44276338815689087
v -0.4981573820114136 0.11930876970291138 0.44276338815689087
v -0.49450939893722534 0.13523823022842407 0.4268339276313782
v -0.49402302503585815 0.14046698808670044 0.44276338815689087
v -0.4904966354370117 0.1458173394203186 0.44799214601516724
v -0.49013185501098633 0.14046698808670044 0.4533424973487854
v -0.48514628410339355 0.1371837854385376 0.45857125520706177
v -0.4797959327697754 0.14472293853759766 0.45857125520706177
v -0.46921682357788086 0.1510460376739502 0.45930081605911255
v -0.410849392414093 0.15639638900756836 0.466596782207489
v -0.40562063455581665 0.1458173394203186 0.46769118309020996
v -0.42155009508132935 0.13523823022842407 0.46805596351623535
v -0.38969117403030396 0.013274550437927246 0.46842074394226074
v -0.38969117403030396 0.010964155197143555 0.46392160654067993
v -0.3843408226966858 0.012423336505889893 0.46392160654067993
v -0.3843408226966858 0.015949726104736328 0.45857125520706177
v -0.3843408226966858 0.013274550437927246 0.46197599172592163
v -0.38969117403030396 0.013274550437927246 0.4603952169418335
v -0.3950415253639221 0.013274550437927246 0.4641647934913635
v -0.39467674493789673 0.018503308296203613 0.46392160654067993
v -0.38969117403030396 0.018503308296203613 0.4696367383003235
v -0.3843408226966858 0.016071319580078125 0.4692719578742981
v -0.36853301525115967 0.023853659629821777 0.4668399691581726
v -0.36683058738708496 0.02920401096343994 0.4692719578742981
v -0.37376171350479126 0.023853659629821777 0.4695151448249817
v -0.3631826639175415 0.03443276882171631 0.4693935513496399
v -0.3631826639175415 0.02920401096343994 0.46769118309020996
v -0.35783231258392334 0.03443276882171631 0.46756958961486816
v -0.35783231258392334 0.029933571815490723 0.46392160654067993
v -0.3631826639175415 0.02555602788925171 0.46392160654067993
v -0.37376171350479126 0.01826012134552002 0.46392160654067993
v -0.3791120648384094 0.017408907413482666 0.45857125520706177
v -0.3843408226966858 0.018503308296203613 0.4572336673736572
v -0.36853301525115967 0.023853659629821777 0.45699048042297363
v -0.37376171350479126 0.023853659629821777 0.45516645908355713
v -0.3791120648384094 0.023853659629821777 0.4552880525588989
v -0.3843408226966858 0.023853659629821777 0.45711207389831543
v -0.38969117403030396 0.018503308296203613 0.45844966173171997
v -0.3901776075363159 0.023853659629821777 0.46392160654067993
v -0.3844624161720276 0.023853659629821777 0.4692719578742981
v -0.3843408226966858 0.018503308296203613 0.47024476528167725
v -0.3631826639175415 0.03978312015533447 0.4690287709236145
v -0.35783231258392334 0.03978312015533447 0.46878552436828613
v -0.352603554725647 0.03978312015533447 0.4668399691581726
v -0.35783231258392334 0.04501187801361084 0.46829915046691895
v -0.352603554725647 0.04501187801361084 0.46781277656555176
v -0.3455507755279541 0.04501187801361084 0.46392160654067993
v -0.35308992862701416 0.03443276882171631 0.46392160654067993
v -0.351509153842926 0.03443276882171631 0.45857125520706177
v -0.35819709300994873 0.02920401096343994 0.45857125520706177
v -0.3631826639175415 0.030420005321502686 0.4533424973487854
v -0.36853301525115967 0.02883923053741455 0.4533424973487854
v -0.37376171350479126 0.02920401096343994 0.4537072777748108
v -0.3791120648384094 0.02920401096343994 0.4561392664909363
v -0.38263845443725586 0.02920401096343994 0.45857125520706177
v -0.3843408226966858 0.029082417488098145 0.46392160654067993
v -0.3791120648384094 0.02920401096343994 0.46842074394226074
v -0.3631826639175415 0.04501187801361084 0.4668399691581726
v -0.35783231258392334 0.050362229347229004 0.4668399691581726
v -0.352603554725647 0.050362229347229004 0.46769118309020996
v -0.3472532033920288 0.050362229347229004 0.4663535952568054
v -0.352603554725647 0.06629163026809692 0.46611034870147705
v -0.3472532033920288 0.06629163026809692 0.4670831561088562
v -0.3472532033920288 0.09280019998550415 0.4689071774482727
v -0.34202444553375244 0.08744984865188599 0.46817755699157715
v -0.3364309072494507 0.07152038812637329 0.46392160654067993
v -0.34202444553375244 0.05437499284744263 0.46392160654067993
v -0.34226763248443604 0.04501187801361084 0.45857125520706177
v -0.34628039598464966 0.03978312015533447 0.45857125520706177
v -0.352603554725647 0.03564876317977905 0.4533424973487854
v -0.35783231258392334 0.032851994037628174 0.4533424973487854
v -0.3631826639175415 0.03443276882171631 0.4511536955833435
v -0.3710865378379822 0.03443276882171631 0.4533424973487854
v -0.3730321526527405 0.03978312015533447 0.45857125520706177
v -0.37376171350479126 0.038688719272613525 0.46392160654067993
v -0.35953468084335327 0.05571258068084717 0.46392160654067993
v -0.35783231258392334 0.06629163026809692 0.46331357955932617
v -0.35783231258392334 0.07687073945999146 0.46380001306533813
v -0.35783231258392334 0.09802895784378052 0.46562397480010986
v -0.3631826639175415 0.11395841836929321 0.46136802434921265
v -0.35783231258392334 0.11930876970291138 0.46331357955932617
v -0.352603554725647 0.12453752756118774 0.46331357955932617
v -0.352603554725647 0.10337930917739868 0.4674479365348816
v -0.3472532033920288 0.10337930917739868 0.46781277656555176
v -0.34202444553375244 0.10337930917739868 0.466596782207489
v -0.3366740942001343 0.09280019998550415 0.46598875522613525
v -0.3313237428665161 0.09280019998550415 0.4623408317565918
v -0.3290133476257324 0.08222109079360962 0.45857125520706177
v -0.33485013246536255 0.06094127893447876 0.45857125520706177
v -0.33545809984207153 0.05571258068084717 0.4533424973487854
v -0.34214603900909424 0.04501187801361084 0.4533424973487854
v -0.3472532033920288 0.039661526679992676 0.4533424973487854
v -0.352603554725647 0.03978312015533447 0.4487217664718628
v -0.35783231258392334 0.04026949405670166 0.44799214601516724
v -0.3631826639175415 0.03978312015533447 0.44957292079925537
v -0.36853301525115967 0.03978312015533447 0.45297771692276
v -0.36865460872650146 0.04501187801361084 0.45857125520706177
v -0.3653714060783386 0.050362229347229004 0.45857125520706177
v -0.3633042573928833 0.05571258068084717 0.45857125520706177
v -0.36208826303482056 0.07152038812637329 0.45857125520706177
v -0.36853301525115967 0.10872966051101685 0.45650404691696167
v -0.36853301525115967 0.11930876970291138 0.45893603563308716
v -0.36853301525115967 0.12453752756118774 0.4601520299911499
v -0.37376171350479126 0.13523823022842407 0.46221923828125
v -0.3631826639175415 0.1458173394203186 0.46161121129989624
v -0.3472532033920288 0.12453752756118774 0.4624624252319336
v -0.34202444553375244 0.11395841836929321 0.4631919860839844
v -0.3344852924346924 0.09802895784378052 0.46392160654067993
v -0.3313237428665161 0.10337930917739868 0.4595440626144409
v -0.32804054021835327 0.09280019998550415 0.45857125520706177
v -0.32560861110687256 0.08744984865188599 0.4533424973487854
v -0.324878990650177 0.08744984865188599 0.44799214601516724
v -0.329256534576416 0.07152038812637329 0.44799214601516724
v -0.3366740942001343 0.05461817979812622 0.44799214601516724
v -0.34202444553375244 0.04768705368041992 0.44799214601516724
v -0.3472532033920288 0.04501187801361084 0.44580334424972534
v -0.352603554725647 0.04501187801361084 0.4441009759902954
v -0.35783231258392334 0.04501187801361084 0.44543856382369995
v -0.3631826639175415 0.04501187801361084 0.44920814037323
v -0.36488503217697144 0.050362229347229004 0.4533424973487854
v -0.3636690378189087 0.06094127893447876 0.4533424973487854
v -0.3652498126029968 0.08222109079360962 0.4533424973487854
v -0.3708433508872986 0.10872966051101685 0.4533424973487854
v -0.3730321526527405 0.11395841836929321 0.4533424973487854
v -0.37376171350479126 0.11930876970291138 0.4556528925895691
v -0.3791120648384094 0.1298878788948059 0.4603952169418335
v -0.410849392414093 0.12927985191345215 0.46392160654067993
v -0.4161997437477112 0.12587511539459229 0.46392160654067993
v -0.4208204746246338 0.11930876970291138 0.46392160654067993
v -0.4267788529396057 0.11930876970291138 0.4717039465904236
v -0.4267788529396057 0.11395841836929321 0.4712175130844116
v -0.4272652268409729 0.10872966051101685 0.4692719578742981
v -0.429940402507782 0.10337930917739868 0.4692719578742981
v -0.4390603303909302 0.09280019998550415 0.47450071573257446
v -0.45340901613235474 0.08222109079360962 0.47450071573257446
v -0.45328736305236816 0.08368027210235596 0.4692719578742981
v -0.45863771438598633 0.08744984865188599 0.45905762910842896
v -0.4654473066329956 0.08744984865188599 0.45857125520706177
v -0.46921682357788086 0.08611226081848145 0.45857125520706177
v -0.46921682357788086 0.08744984865188599 0.4466545581817627
v -0.4797959327697754 0.07942432165145874 0.44276338815689087
v -0.4903750419616699 0.07468199729919434 0.44276338815689087
v -0.4957253932952881 0.08222109079360962 0.4394802451133728
v -0.4931718111038208 0.09280019998550415 0.4374130368232727
v -0.4903750419616699 0.10337930917739868 0.4347378611564636
v -0.4958469867706299 0.11395841836929321 0.4374130368232727
v -0.49438780546188354 0.1298878788948059 0.4268339276313782
v -0.4934149980545044 0.13523823022842407 0.41625481843948364
v -0.49645501375198364 0.13523823022842407 0.4003254175186157
v -0.49390143156051636 0.13523823022842407 0.4055541753768921
v -0.49499577283859253 0.1458173394203186 0.4055541753768921
v -0.49390143156051636 0.14046698808670044 0.42148357629776
v -0.4913478493690491 0.1458173394203186 0.43206268548965454
v -0.48514628410339355 0.15141087770462036 0.44799214601516724
v -0.48514628410339355 0.14751970767974854 0.4533424973487854
v -0.40562063455581665 0.15639638900756836 0.466596782207489
v -0.3844624161720276 0.1458173394203186 0.46392160654067993
v -0.36853301525115967 0.16174674034118652 0.45844966173171997
v -0.35296833515167236 0.1510460376739502 0.45857125520706177
v -0.352603554725647 0.14046698808670044 0.46112483739852905
v -0.3380116820335388 0.11930876970291138 0.45857125520706177
v -0.33497172594070435 0.12453752756118774 0.4533424973487854
v -0.32573020458221436 0.09802895784378052 0.4533424973487854
v -0.3243926167488098 0.09280019998550415 0.44799214601516724
v -0.32609498500823975 0.08623385429382324 0.44276338815689087
v -0.33290451765060425 0.06629163026809692 0.44276338815689087
v -0.3366740942001343 0.05911731719970703 0.44276338815689087
v -0.34202444553375244 0.05218619108200073 0.44276338815689087
v -0.3472532033920288 0.05571258068084717 0.4377778172492981
v -0.352603554725647 0.05571258068084717 0.43814265727996826
v -0.35783231258392334 0.051091790199279785 0.44276338815689087
v -0.36269623041152954 0.050362229347229004 0.44799214601516724
v -0.36488503217697144 0.07687073945999146 0.44799214601516724
v -0.36914098262786865 0.09802895784378052 0.44799214601516724
v -0.37376171350479126 0.109702467918396 0.44799214601516724
v -0.3791120648384094 0.1166335940361023 0.44799214601516724
v -0.3791120648384094 0.12040317058563232 0.4533424973487854
v -0.3843408226966858 0.12453752756118774 0.4560176730155945
v -0.3950415253639221 0.1231999397277832 0.4533424973487854
v -0.40562063455581665 0.12198394536972046 0.4533424973487854
v -0.410849392414093 0.1231999397277832 0.45857125520706177
v -0.4161997437477112 0.12015992403030396 0.45857125520706177
v -0.42155009508132935 0.11493122577667236 0.45857125520706177
v -0.4233740568161011 0.11395841836929321 0.46392160654067993
v -0.42617082595825195 0.10872966051101685 0.46392160654067993
v -0.4321292042732239 0.10009616613388062 0.46392160654067993
v -0.43942511081695557 0.09280019998550415 0.46392160654067993
v -0.4480586647987366 0.08939546346664429 0.45857125520706177
v -0.45863771438598633 0.09620499610900879 0.44276338815689087
v -0.4638664722442627 0.09121942520141602 0.44799214601516724
v -0.47128403186798096 0.08744984865188599 0.44276338815689087
v -0.4797959327697754 0.08842265605926514 0.4374130368232727
v -0.48514628410339355 0.09280019998550415 0.4357106685638428
v -0.48514628410339355 0.10337930917739868 0.43169790506362915
v -0.4903750419616699 0.11614716053009033 0.4268339276313782
v -0.49171262979507446 0.12453752756118774 0.42148357629776
v -0.4887942671775818 0.12453752756118774 0.4055541753768921
v -0.4951174259185791 0.1298878788948059 0.4003254175186157
v -0.5010757446289062 0.1298878788948059 0.3969206213951111
v -0.4957253932952881 0.12453752756118774 0.3982582092285156
v -0.5010757446289062 0.12453752756118774 0.39740699529647827
v -0.5010757446289062 0.13523823022842407 0.3963126540184021
v -0.4997381567955017 0.1458173394203186 0.39497506618499756
v -0.4954822063446045 0.1510460376739502 0.4003254175186157
v -0.49219900369644165 0.1510460376739502 0.41625481843948364
v -0.3472532033920288 0.1458173394203186 0.4580848813056946
v -0.34202444553375244 0.14046698808670044 0.4561392664909363
v -0.3366740942001343 0.14046698808670044 0.44993770122528076
v -0.3310805559158325 0.11930876970291138 0.44799214601516724
v -0.32573020458221436 0.10337930917739868 0.44799214601516724
v -0.3251221776008606 0.09802895784378052 0.44276338815689087
v -0.3274325728416443 0.09280019998550415 0.4374130368232727
v -0.3313237428665161 0.07905954122543335 0.4374130368232727
v -0.33740365505218506 0.06629163026809692 0.4374130368232727
v -0.34202444553375244 0.059968531131744385 0.4374130368232727
v -0.3472532033920288 0.06629163026809692 0.4335218667984009
v -0.352603554725647 0.06629163026809692 0.43425148725509644
v -0.35783231258392334 0.06556206941604614 0.4374130368232727
v -0.3606290817260742 0.07687073945999146 0.4374130368232727
v -0.3652498126029968 0.08744984865188599 0.44276338815689087
v -0.3682897686958313 0.09802895784378052 0.44276338815689087
v -0.37376171350479126 0.10872966051101685 0.44276338815689087
v -0.37801772356033325 0.11395841836929321 0.44276338815689087
v -0.3843408226966858 0.11979514360427856 0.44799214601516724
v -0.4002702832221985 0.1214975118637085 0.44799214601516724
v -0.40562063455581665 0.12088954448699951 0.44276338815689087
v -0.4161997437477112 0.11857914924621582 0.44799214601516724
v -0.4161997437477112 0.11870074272155762 0.4533424973487854
v -0.4227660894393921 0.11395841836929321 0.4533424973487854
v -0.43735796213150024 0.09802895784378052 0.45516645908355713
v -0.4427083134651184 0.09535378217697144 0.4533424973487854
v -0.45863771438598633 0.10033935308456421 0.4374130368232727
v -0.474567174911499 0.09280019998550415 0.43607544898986816
v -0.4797959327697754 0.10337930917739868 0.42963069677352905
v -0.4797959327697754 0.10872966051101685 0.42476677894592285
v -0.48514628410339355 0.11395841836929321 0.4216051697731018
v -0.48514628410339355 0.12101113796234131 0.4055541753768921
v -0.4903750419616699 0.12453752756118774 0.4003254175186157
v -0.4957253932952881 0.11930876970291138 0.39594781398773193
v -0.49827897548675537 0.11395841836929321 0.39497506618499756
v -0.5010757446289062 0.11395841836929321 0.3963126540184021
v -0.49876534938812256 0.10337930917739868 0.3896247148513794
v -0.4980357885360718 0.10337930917739868 0.384395956993103
v -0.5010757446289062 0.10337930917739868 0.37977516651153564
v -0.5063045024871826 0.11930876970291138 0.38232874870300293
v -0.5116548538208008 0.10872966051101685 0.3833015561103821
v -0.5063045024871826 0.13317102193832397 0.3896247148513794
v -0.5010757446289062 0.1483708620071411 0.3896247148513794
v -0.4997381567955017 0.1510460376739502 0.384395956993103
v -0.34202444553375244 0.15797722339630127 0.44799214601516724
v -0.3367956876754761 0.1510460376739502 0.44276338815689087
v -0.33059412240982056 0.11930876970291138 0.44276338815689087
v -0.3279189467430115 0.10337930917739868 0.4374130368232727
v -0.3315669298171997 0.09802895784378052 0.43206268548965454
v -0.3366740942001343 0.09280019998550415 0.42926591634750366
v -0.3366740942001343 0.08088350296020508 0.43206268548965454
v -0.34202444553375244 0.07152038812637329 0.4326707124710083
v -0.3472532033920288 0.09219223260879517 0.4268339276313782
v -0.3541843295097351 0.09802895784378052 0.4268339276313782
v -0.3592914938926697 0.09280019998550415 0.43206268548965454
v -0.3653714060783386 0.10337930917739868 0.43206268548965454
v -0.36877620220184326 0.10337930917739868 0.4374130368232727
v -0.3777744770050049 0.11395841836929321 0.4374130368232727
v -0.3843408226966858 0.11870074272155762 0.4374130368232727
v -0.38969117403030396 0.1214975118637085 0.43206268548965454
v -0.4002702832221985 0.12186235189437866 0.4374130368232727
v -0.42155009508132935 0.11772799491882324 0.44276338815689087
v -0.4267788529396057 0.11395841836929321 0.44592493772506714
v -0.452800989151001 0.10872966051101685 0.43206268548965454
v -0.46921682357788086 0.10641926527023315 0.4268339276313782
v -0.4797959327697754 0.11091846227645874 0.42148357629776
v -0.4797959327697754 0.12028157711029053 0.4003254175186157
v -0.48514628410339355 0.12198394536972046 0.4003254175186157
v -0.4903750419616699 0.1211327314376831 0.39497506618499756
v -0.4935365915298462 0.11930876970291138 0.39497506618499756
v -0.49438780546188354 0.11395841836929321 0.3896247148513794
v -0.4957253932952881 0.11529600620269775 0.384395956993103
v -0.5010757446289062 0.11395841836929321 0.3809911608695984
v -0.5063045024871826 0.12453752756118774 0.3831799626350403
v -0.5063045024871826 0.13171184062957764 0.384395956993103
v -0.5041157007217407 0.14046698808670044 0.384395956993103
v -0.4994949698448181 0.1458173394203186 0.37904560565948486
v -0.49244225025177 0.1510460376739502 0.3738168478012085
v -0.33533650636672974 0.1458173394203186 0.4374130368232727
v -0.33047252893447876 0.11395841836929321 0.4374130368232727
v -0.3366740942001343 0.1214975118637085 0.4268339276313782
v -0.33241814374923706 0.10872966051101685 0.43206268548965454
v -0.3366740942001343 0.10872966051101685 0.4278067350387573
v -0.34202444553375244 0.09802895784378052 0.426347553730011
v -0.352603554725647 0.10337930917739868 0.4239155650138855
v -0.35783231258392334 0.10337930917739868 0.42561793327331543
v -0.3659794330596924 0.10872966051101685 0.4268339276313782
v -0.37376171350479126 0.12028157711029053 0.41625481843948364
v -0.3843408226966858 0.12283509969711304 0.42148357629776
v -0.38969117403030396 0.1298878788948059 0.4109044671058655
v -0.4002702832221985 0.12453752756118774 0.4268339276313782
v -0.40562063455581665 0.13523823022842407 0.404094934463501
v -0.4161997437477112 0.13523823022842407 0.39971739053726196
v -0.4321292042732239 0.12295675277709961 0.42148357629776
v -0.45863771438598633 0.11505281925201416 0.41625481843948364
v -0.4638664722442627 0.11104005575180054 0.42148357629776
v -0.474567174911499 0.12234872579574585 0.39497506618499756
v -0.48514628410339355 0.12210553884506226 0.39497506618499756
v -0.4908614158630371 0.11930876970291138 0.3896247148513794
v -0.4903750419616699 0.12259191274642944 0.384395956993103
v -0.4935365915298462 0.11930876970291138 0.384395956993103
v -0.5010757446289062 0.12453752756118774 0.3801400065422058
v -0.5010757446289062 0.1298878788948059 0.37941038608551025
v -0.5014405250549316 0.13523823022842407 0.37904560565948486
v -0.4913478493690491 0.14046698808670044 0.3738168478012085
v -0.4957253932952881 0.13523823022842407 0.3764920234680176
v -0.4903750419616699 0.1458173394203186 0.37223607301712036
v -0.48514628410339355 0.1458173394203186 0.37041205167770386
v -0.48514628410339355 0.1510460376739502 0.3693177103996277
v -0.337890088558197 0.15639638900756836 0.43206268548965454
v -0.33691728115081787 0.13523823022842407 0.4268339276313782
v -0.34202444553375244 0.12453752756118774 0.4195380210876465
v -0.3472532033920288 0.11395841836929321 0.4195380210876465
v -0.352603554725647 0.12453752756118774 0.41114771366119385
v -0.35783231258392334 0.11395841836929321 0.417106032371521
v -0.3631826639175415 0.11395841836929321 0.41832202672958374
v -0.3843408226966858 0.13523823022842407 0.40154141187667847
v -0.3950415253639221 0.13098227977752686 0.4109044671058655
v -0.3950415253639221 0.14508771896362305 0.3896247148513794
v -0.4067150354385376 0.1458173394203186 0.384395956993103
v -0.4321292042732239 0.1323198676109314 0.39497506618499756
v -0.43735796213150024 0.13365745544433594 0.3896247148513794
v -0.46921682357788086 0.12599670886993408 0.3896247148513794
v -0.48514628410339355 0.1257535219192505 0.384395956993103
v -0.4957253932952881 0.1278206706047058 0.37904560565948486
v -0.48514628410339355 0.13523823022842407 0.3755192160606384
v -0.4797959327697754 0.1458173394203186 0.3695608973503113
v -0.474567174911499 0.15639638900756836 0.36554813385009766
v -0.3382548689842224 0.1510460376739502 0.4268339276313782
v -0.34251081943511963 0.14046698808670044 0.41625481843948364
v -0.3472532033920288 0.14046698808670044 0.40932369232177734
v -0.34919875860214233 0.1298878788948059 0.4109044671058655
v -0.35783231258392334 0.1298878788948059 0.4056757688522339
v -0.35783231258392334 0.13523823022842407 0.40251415967941284
v -0.3631826639175415 0.1280638575553894 0.4055541753768921
v -0.36853301525115967 0.1298878788948059 0.4038517475128174
v -0.37376171350479126 0.13523823022842407 0.3992310166358948
v -0.38969117403030396 0.14533090591430664 0.3896247148513794
v -0.4002702832221985 0.15177565813064575 0.37904560565948486
v -0.4321292042732239 0.14046698808670044 0.38172078132629395
v -0.4638664722442627 0.13596779108047485 0.37904560565948486
v -0.46921682357788086 0.14046698808670044 0.3736952543258667
v -0.4480586647987366 0.15639638900756836 0.3665209412574768
v -0.3517523407936096 0.15639638900756836 0.4003254175186157
v -0.35783231258392334 0.1510460376739502 0.39485347270965576
v -0.3631826639175415 0.1436285376548767 0.39497506618499756
v -0.37376171350479126 0.1458173394203186 0.3899894952774048
v -0.3843408226966858 0.1510460376739502 0.38403117656707764
v -0.420698881149292 0.1510460376739502 0.3738168478012085
v -0.37376171350479126 0.15372121334075928 0.384395956993103
v 0.19884729385375977 0.0937730073928833 -0.18286272883415222
v 0.19884729385375977 0.09243541955947876 -0.18821308016777039
v 0.20407605171203613 0.09584015607833862 -0.18821308016777039
v 0.20565688610076904 0.09802895784378052 -0.18821308016777039
v 0.20407605171203613 0.09802895784378052 -0.19113147258758545
v 0.19884729385375977 0.09584015607833862 -0.19356343150138855
v 0.1934969425201416 0.09328663349151611 -0.18821308016777039
v 0.1934969425201416 0.09523218870162964 -0.18286272883415222
v 0.1934969425201416 0.09802895784378052 -0.18067395687103271
v 0.19884729385375977 0.09802895784378052 -0.17921477556228638
v 0.20407605171203613 0.09802895784378052 -0.18201154470443726
v 0.20638644695281982 0.10337930917739868 -0.18286272883415222
v 0.20407605171203613 0.10337930917739868 -0.18006595969200134
v 0.20407605171203613 0.10872966051101685 -0.17982277274131775
v 0.20614326000213623 0.11395841836929321 -0.18286272883415222
v 0.2071160078048706 0.10872966051101685 -0.18821308016777039
v 0.20407605171203613 0.10337930917739868 -0.19307702779769897
v 0.19884729385375977 0.09802895784378052 -0.1949010193347931
v 0.1934969425201416 0.09656977653503418 -0.19356343150138855
v 0.18826818466186523 0.10872966051101685 -0.19052347540855408
v 0.19021379947662354 0.10337930917739868 -0.19356343150138855
v 0.1891193389892578 0.09802895784378052 -0.18821308016777039
v 0.1910649538040161 0.09802895784378052 -0.18286272883415222
v 0.1934969425201416 0.10337930917739868 -0.17909318208694458
v 0.19884729385375977 0.10337930917739868 -0.17787718772888184
v 0.19884729385375977 0.12453752756118774 -0.1788499653339386
v 0.20395445823669434 0.1298878788948059 -0.18286272883415222
v 0.20444083213806152 0.1298878788948059 -0.18821308016777039
v 0.20273840427398682 0.11395841836929321 -0.19356343150138855
v 0.19884729385375977 0.10337930917739868 -0.19587382674217224
v 0.1934969425201416 0.10337930917739868 -0.19575220346450806
v 0.19033539295196533 0.11395841836929321 -0.19356343150138855
v 0.18802499771118164 0.11930876970291138 -0.18821308016777039
v 0.1892409324645996 0.10337930917739868 -0.18286272883415222
v 0.1934969425201416 0.12453752756118774 -0.17970117926597595
v 0.19884729385375977 0.14046698808670044 -0.1788499653339386
v 0.20298171043395996 0.1510460376739502 -0.18286272883415222
v 0.2028599977493286 0.15639638900756836 -0.18821308016777039
v 0.19884729385375977 0.1298878788948059 -0.19404983520507812
v 0.1934969425201416 0.1298878788948059 -0.19404983520507812
v 0.18802499771118164 0.15639638900756836 -0.18821308016777039
v 0.18802499771118164 0.15639638900756836 -0.18286272883415222
v 0.1934969425201416 0.16126036643981934 -0.17763397097587585
v 0.1934969425201416 0.17232584953308105 -0.19271224737167358
v 0.05791425704956055 0.1510460376739502 -0.23065108060836792
v 0.045024752616882324 0.15676122903823853 -0.09810832142829895
v 0.05037510395050049 0.1458173394203186 -0.23721742630004883
v 0.045024752616882324 0.1525052785873413 -0.24658054113388062
v 0.047335147857666016 0.1458173394203186 -0.24123018980026245
v 0.0458759069442749 0.14046698808670044 -0.24658054113388062
v 0.04721355438232422 0.14046698808670044 -0.24123018980026245
v 0.04964554309844971 0.14046698808670044 -0.2358798384666443
v 0.04915904998779297 0.13523823022842407 -0.2358798384666443
v 0.050861477851867676 0.1298878788948059 -0.22530072927474976
v 0.0596165657043457 0.1458173394203186 -0.2200719714164734
v 0.06253492832183838 0.1510460376739502 -0.20937129855155945
v 0.052442312240600586 0.1510460376739502 -0.12461689114570618
v 0.04162001609802246 0.1458173394203186 -0.10868743062019348
v 0.03493201732635498 0.1458173394203186 -0.09275797009468079
v 0.016448974609375 0.13523823022842407 -0.08217889070510864
v 0.018516182899475098 0.13523823022842407 -0.08570525050163269
v 0.02386653423309326 0.1483708620071411 -0.07682853937149048
v 0.018516182899475098 0.15578842163085938 -0.06102067232131958
v 0.007937073707580566 0.15615320205688477 -0.05031996965408325
v 0.03979599475860596 0.1510460376739502 -0.2535116672515869
v 0.04210638999938965 0.1458173394203186 -0.251809298992157
v 0.047699928283691406 0.13523823022842407 -0.2623884081840515
v 0.048551082611083984 0.13523823022842407 -0.24123018980026245
v 0.05134785175323486 0.12453752756118774 -0.2358798384666443
v 0.05499589443206787 0.12453752756118774 -0.251809298992157
v 0.06095421314239502 0.10872966051101685 -0.24658054113388062
v 0.05061829090118408 0.12453752756118774 -0.23065108060836792
v 0.05061829090118408 0.12453752756118774 -0.2200719714164734
v 0.04952394962310791 0.12453752756118774 -0.20937129855155945
v 0.050861477851867676 0.1298878788948059 -0.20414254069328308
v 0.04672706127166748 0.12453752756118774 -0.19356343150138855
v 0.05852222442626953 0.1458173394203186 -0.19356343150138855
v 0.058400630950927734 0.1458173394203186 -0.17763397097587585
v 0.05098307132720947 0.1458173394203186 -0.12984561920166016
v 0.04332232475280762 0.14046698808670044 -0.11926653981208801
v 0.02787923812866211 0.13523823022842407 -0.09810832142829895
v 0.02386653423309326 0.1298878788948059 -0.09543314576148987
v 0.02386653423309326 0.12453752756118774 -0.09555473923683167
v 0.028852105140686035 0.12453752756118774 -0.10333707928657532
v 0.019002556800842285 0.11395841836929321 -0.0875292420387268
v 0.014381766319274902 0.1298878788948059 -0.08217889070510864
v 0.007937073707580566 0.13596779108047485 -0.06102067232131958
v 0.005505084991455078 0.14046698808670044 -0.055670320987701416
v -0.002642035484313965 0.13523823022842407 -0.049468785524368286
v -0.013221144676208496 0.1510460376739502 -0.03901126980781555
v -0.029150545597076416 0.16174674034118652 -0.023811429738998413
v -0.03972965478897095 0.14046698808670044 -0.006787598133087158
v -0.04337763786315918 0.1510460376739502 -0.0026532113552093506
v -0.05030876398086548 0.1510460376739502 0.0020891427993774414
v 0.034324049949645996 0.1510460376739502 -0.2623884081840515
v 0.03918802738189697 0.1298878788948059 -0.28366819024086
v 0.045024752616882324 0.13523823022842407 -0.26871153712272644
v 0.05037510395050049 0.12429434061050415 -0.27308911085128784
v 0.054023027420043945 0.12453752756118774 -0.2623884081840515
v 0.060711026191711426 0.10872966051101685 -0.25715965032577515
v 0.06095421314239502 0.10532486438751221 -0.2677387595176697
v 0.07153332233428955 0.091827392578125 -0.2677387595176697
v 0.3366187810897827 -0.18286439776420593 -0.3289029598236084
v 0.33139002323150635 -0.17532527446746826 -0.32075583934783936
v 0.30597591400146484 -0.14577674865722656 -0.32075583934783936
v 0.3141230344772339 -0.1563558578491211 -0.32075583934783936
v 0.3236076831817627 -0.16705656051635742 -0.3261061906814575
v 0.33248448371887207 -0.17763563990592957 -0.3313349485397339
v 0.33163321018218994 -0.18286439776420593 -0.3419140577316284
v 0.33139002323150635 -0.1814052164554596 -0.30482637882232666
v 0.3208109140396118 -0.16815093159675598 -0.3101767301559448
v 0.3101102113723755 -0.15270787477493286 -0.3154054880142212
v 0.29953110218048096 -0.13738644123077393 -0.3154054880142212
v 0.29953110218048096 -0.13908880949020386 -0.3101767301559448
v 0.2944239377975464 -0.12984728813171387 -0.3101767301559448
v 0.2818993330001831 -0.10333877801895142 -0.29424726963043213
v 0.27837300300598145 -0.09531325101852417 -0.2995976209640503
v 0.27861618995666504 -0.09811002016067505 -0.28889694809913635
v 0.2730226516723633 -0.08789569139480591 -0.28889694809913635
v 0.26244354248046875 -0.07512784004211426 -0.28366819024086
v 0.26013314723968506 -0.07160145044326782 -0.28889694809913635
v 0.24651408195495605 -0.0585903525352478 -0.2783178389072418
v 0.23058462142944336 -0.04387688636779785 -0.29424726963043213
v 0.22961175441741943 -0.03974252939224243 -0.2783178389072418
v 0.2390965223312378 -0.05032163858413696 -0.28366819024086
v 0.2482163906097412 -0.06102234125137329 -0.29424726963043213
v 0.26961779594421387 -0.08218055963516235 -0.2995976209640503
v 0.27837300300598145 -0.09677243232727051 -0.30482637882232666
v 0.2803184986114502 -0.10868912935256958 -0.3154054880142212
v 0.2889519929885864 -0.12218660116195679 -0.3154054880142212
v 0.29953110218048096 -0.1403048038482666 -0.3261061906814575
v 0.3101102113723755 -0.1563558578491211 -0.3359556794166565
v 0.33139002323150635 -0.1787300407886505 -0.33668529987335205
v 0.3137582540512085 -0.18286439776420593 -0.28366819024086
v 0.3126637935638428 -0.16705656051635742 -0.2995976209640503
v 0.3048814535140991 -0.15270787477493286 -0.30482637882232666
v 0.2943023443222046 -0.13519763946533203 -0.29996243119239807
v 0.2870064973831177 -0.12984728813171387 -0.2783178389072418
v 0.28360164165496826 -0.11403942108154297 -0.28366819024086
v 0.27837300300598145 -0.1106346845626831 -0.27308911085128784
v 0.27241456508636475 -0.09275966882705688 -0.2783178389072418
v 0.2659698724746704 -0.08218055963516235 -0.2783178389072418
v 0.2325301170349121 -0.045092880725860596 -0.2677387595176697
v 0.23058462142944336 -0.041323304176330566 -0.27308911085128784
v 0.22000551223754883 -0.030865848064422607 -0.2677387595176697
v 0.2094264030456543 -0.019678711891174316 -0.2677387595176697
v 0.2052919864654541 -0.01323401927947998 -0.2783178389072418
v 0.21939754486083984 -0.0291634202003479 -0.28366819024086
v 0.22000551223754883 -0.034513771533966064 -0.30032724142074585
v 0.20991277694702148 -0.0291634202003479 -0.3154054880142212
v 0.22000551223754883 -0.03974252939224243 -0.3154054880142212
v 0.22000551223754883 -0.041931331157684326 -0.32075583934783936
v 0.25624191761016846 -0.07160145044326782 -0.3101767301559448
v 0.2614706754684448 -0.07683020830154419 -0.3101767301559448
v 0.2730226516723633 -0.09130048751831055 -0.3101767301559448
v 0.27837300300598145 -0.11574184894561768 -0.3261061906814575
v 0.27837300300598145 -0.13519763946533203 -0.34787237644195557
v 0.2889519929885864 -0.13750803470611572 -0.33668529987335205
v 0.2943023443222046 -0.15112709999084473 -0.3475075960159302
v 0.3101102113723755 -0.16170620918273926 -0.34313005208969116
v 0.3101102113723755 -0.18201321363449097 -0.36842259764671326
v 0.3048814535140991 -0.1833508014678955 -0.3737729489803314
v 0.2943023443222046 -0.1882147490978241 -0.38009607791900635
v 0.3048814535140991 -0.17763563990592957 -0.2807497978210449
v 0.29953110218048096 -0.16705656051635742 -0.2833033800125122
v 0.29199206829071045 -0.1563558578491211 -0.2783178389072418
v 0.2912623882293701 -0.16705656051635742 -0.27308911085128784
v 0.2866417169570923 -0.1563558578491211 -0.2677387595176697
v 0.2791025638580322 -0.15112709999084473 -0.25715965032577515
v 0.2822641134262085 -0.1405479907989502 -0.2623884081840515
v 0.27338743209838867 -0.11403942108154297 -0.2623884081840515
v 0.2677938938140869 -0.09275966882705688 -0.2694411277770996
v 0.2530803680419922 -0.08218055963516235 -0.25715965032577515
v 0.24651408195495605 -0.07160145044326782 -0.25715965032577515
v 0.23058462142944336 -0.05032163858413696 -0.25509244203567505
v 0.22608542442321777 -0.03974252939224243 -0.2623884081840515
v 0.18851137161254883 0.002695441246032715 -0.2677387595176697
v 0.17878353595733643 0.007924199104309082 -0.25715965032577515
v 0.18291783332824707 0.003789842128753662 -0.25715965032577515
v 0.1894841194152832 0.002695441246032715 -0.27308911085128784
v 0.19884729385375977 -0.008005261421203613 -0.2876809537410736
v 0.20249521732330322 -0.018584370613098145 -0.3101767301559448
v 0.1934969425201416 -0.008005261421203613 -0.305677592754364
v 0.18826818466186523 -0.009586036205291748 -0.32075583934783936
v 0.1976313591003418 -0.018584370613098145 -0.32075583934783936
v 0.1934969425201416 -0.0291634202003479 -0.3374148905277252
v 0.2094264030456543 -0.03974252939224243 -0.33060532808303833
v 0.2273014783859253 -0.05032163858413696 -0.3261061906814575
v 0.23581337928771973 -0.06102234125137329 -0.3313349485397339
v 0.24444687366485596 -0.06625109910964966 -0.3261061906814575
v 0.2570931911468506 -0.08400452136993408 -0.3261061906814575
v 0.24651408195495605 -0.08059978485107422 -0.33668529987335205
v 0.2687666416168213 -0.11403942108154297 -0.33668529987335205
v 0.2642674446105957 -0.11403942108154297 -0.3419140577316284
v 0.2635378837585449 -0.1246185302734375 -0.35261476039886475
v 0.28360164165496826 -0.15234309434890747 -0.3578434884548187
v 0.2943023443222046 -0.16729974746704102 -0.3631938397884369
v 0.28360164165496826 -0.16705656051635742 -0.36696338653564453
v 0.27837300300598145 -0.1722853183746338 -0.37036818265914917
v 0.29454565048217773 -0.17763563990592957 -0.27308911085128784
v 0.28360164165496826 -0.16705656051635742 -0.26457715034484863
v 0.27837300300598145 -0.16705656051635742 -0.2601996064186096
v 0.26244354248046875 -0.14577674865722656 -0.24524295330047607
v 0.26244354248046875 -0.16170620918273926 -0.2496204972267151
v 0.2677938938140869 -0.15112709999084473 -0.24864771962165833
v 0.2730226516723633 -0.15112709999084473 -0.2519308924674988
v 0.27375221252441406 -0.1405479907989502 -0.251809298992157
v 0.2730226516723633 -0.12984728813171387 -0.2539980709552765
v 0.26244354248046875 -0.11403942108154297 -0.25022849440574646
v 0.24651408195495605 -0.08862531185150146 -0.24658054113388062
v 0.23058462142944336 -0.06625109910964966 -0.24171659350395203
v 0.2208566665649414 -0.05032163858413696 -0.24123018980026245
v 0.2214646339416504 -0.045092880725860596 -0.24658054113388062
v 0.19884729385375977 -0.02369147539138794 -0.24123018980026245
v 0.1775674819946289 0.00585705041885376 -0.251809298992157
v 0.17233872413635254 0.007924199104309082 -0.24816131591796875
v 0.16698837280273438 0.018016934394836426 -0.25715965032577515
v 0.16698837280273438 0.023975253105163574 -0.27308911085128784
v 0.1661372184753418 0.023853659629821777 -0.28366819024086
v 0.1775674819946289 0.006465017795562744 -0.30482637882232666
v 0.17233872413635254 0.0057353973388671875 -0.3154054880142212
v 0.18291783332824707 -0.008005261421203613 -0.3248901963233948
v 0.18291783332824707 -0.018584370613098145 -0.33729326725006104
v 0.1775674819946289 -0.0291634202003479 -0.35042595863342285
v 0.18826818466186523 -0.034513771533966064 -0.346778005361557
v 0.2094264030456543 -0.05032163858413696 -0.3404548764228821
v 0.23058462142944336 -0.06163036823272705 -0.33668529987335205
v 0.23593497276306152 -0.07403343915939331 -0.3419140577316284
v 0.24651408195495605 -0.10333877801895142 -0.3510339558124542
v 0.2518644332885742 -0.1246185302734375 -0.36149144172668457
v 0.28360164165496826 -0.1563558578491211 -0.360640287399292
v 0.2730226516723633 -0.16170620918273926 -0.3678146004676819
v 0.2677938938140869 -0.1722853183746338 -0.37061136960983276
v 0.2677938938140869 -0.1882147490978241 -0.3741377592086792
v 0.2677938938140869 -0.1882147490978241 -0.25448447465896606
v 0.26244354248046875 -0.1722853183746338 -0.251809298992157
v 0.24651408195495605 -0.16705656051635742 -0.2446349561214447
v 0.2570931911468506 -0.13519763946533203 -0.2422029674053192
v 0.266213059425354 -0.13519763946533203 -0.24658054113388062
v 0.23593497276306152 -0.10868912935256958 -0.23381265997886658
v 0.22000551223754883 -0.08218055963516235 -0.22979989647865295
v 0.23058462142944336 -0.07683020830154419 -0.23733901977539062
v 0.21793830394744873 -0.05567198991775513 -0.2358798384666443
v 0.1934969425201416 -0.0291634202003479 -0.23065108060836792
v 0.18826818466186523 -0.018584370613098145 -0.23417744040489197
v 0.17890512943267822 -0.008005261421203613 -0.2358798384666443
v 0.1458301544189453 0.020813703536987305 -0.24123018980026245
v 0.14047980308532715 0.02969038486480713 -0.24658054113388062
v 0.1348862648010254 0.04501187801361084 -0.2623884081840515
v 0.15105891227722168 0.03662151098251343 -0.27308911085128784
v 0.15409886837005615 0.03443276882171631 -0.2783178389072418
v 0.15640926361083984 0.02920401096343994 -0.2919369339942932
v 0.15640926361083984 0.023610472679138184 -0.30482637882232666
v 0.15324771404266357 0.018503308296203613 -0.3154054880142212
v 0.161759614944458 0.001236259937286377 -0.3313349485397339
v 0.161759614944458 -0.01323401927947998 -0.3466563820838928
v 0.161759614944458 -0.020286738872528076 -0.35261476039886475
v 0.1775674819946289 -0.040593743324279785 -0.3578434884548187
v 0.18826818466186523 -0.06102234125137329 -0.36355865001678467
v 0.2094264030456543 -0.06102234125137329 -0.3492099642753601
v 0.21477675437927246 -0.09275966882705688 -0.3673282265663147
v 0.2412853240966797 -0.10771632194519043 -0.3578434884548187
v 0.2412853240966797 -0.1246185302734375 -0.3674498200416565
v 0.2518644332885742 -0.14577674865722656 -0.37036818265914917
v 0.2518644332885742 -0.1563558578491211 -0.3718273639678955
v 0.2570931911468506 -0.18286439776420593 -0.37097615003585815
v 0.23058462142944336 -0.1882147490978241 -0.36672019958496094
v 0.26244354248046875 -0.1882147490978241 -0.251809298992157
v 0.2412853240966797 -0.1882147490978241 -0.24427014589309692
v 0.21842467784881592 -0.1405479907989502 -0.23065108060836792
v 0.225355863571167 -0.1246185302734375 -0.23150226473808289
v 0.23058462142944336 -0.11403942108154297 -0.23162388801574707
v 0.225355863571167 -0.09811002016067505 -0.23004308342933655
v 0.19884729385375977 -0.07683020830154419 -0.22335514426231384
v 0.20407605171203613 -0.06102234125137329 -0.22700312733650208
v 0.18583619594573975 -0.0291634202003479 -0.22530072927474976
v 0.1775674819946289 -0.018584370613098145 -0.22590872645378113
v 0.14047980308532715 0.014004170894622803 -0.23065108060836792
v 0.12455034255981445 0.02920401096343994 -0.233326256275177
v 0.11397123336791992 0.04513347148895264 -0.24123018980026245
v 0.10631060600280762 0.05571258068084717 -0.24658054113388062
v 0.1087425947189331 0.06094127893447876 -0.25934842228889465
v 0.09804189205169678 0.06094127893447876 -0.2446349561214447
v 0.09767699241638184 0.06629163026809692 -0.251809298992157
v 0.09488022327423096 0.07152038812637329 -0.2623884081840515
v 0.08150434494018555 0.08222109079360962 -0.25715965032577515
v 0.08223402500152588 0.08076190948486328 -0.251809298992157
v 0.07408690452575684 0.08744984865188599 -0.24123018980026245
v 0.06630456447601318 0.09924495220184326 -0.24123018980026245
v 0.059981346130371094 0.10337930917739868 -0.2147216498851776
v 0.061562180519104004 0.10337930917739868 -0.2200719714164734
v 0.05146944522857666 0.11930876970291138 -0.2200719714164734
v 0.05037510395050049 0.11918717622756958 -0.2147216498851776
v 0.04636228084564209 0.11930876970291138 -0.19879218935966492
v 0.045389533042907715 0.11930876970291138 -0.18821308016777039
v 0.05110466480255127 0.1298878788948059 -0.1722836196422577
v 0.050496697425842285 0.1298878788948059 -0.15635418891906738
v 0.046605467796325684 0.12453752756118774 -0.14054632186889648
v 0.04429519176483154 0.1298878788948059 -0.12984561920166016
v 0.03979599475860596 0.11882233619689941 -0.12461689114570618
v 0.026176929473876953 0.11395841836929321 -0.09810832142829895
v 0.02240729331970215 0.10872966051101685 -0.09275797009468079
v 0.01328742504119873 0.11395841836929321 -0.07865250110626221
v 0.006356239318847656 0.1298878788948059 -0.06102067232131958
v 0.0027083158493041992 0.12855029106140137 -0.055670320987701416
v -0.02246260643005371 0.14046698808670044 -0.029161781072616577
v -0.03583848476409912 0.1298878788948059 -0.013232320547103882
v -0.04508000612258911 0.14010214805603027 -0.0026532113552093506
v -0.05492955446243286 0.12453752756118774 -0.0026532113552093506
v -0.05030876398086548 0.1458173394203186 0.0013595223426818848
v -0.06100946664810181 0.1510460376739502 0.005129098892211914
v 0.02386653423309326 0.15639638900756836 -0.2702923119068146
v 0.018516182899475098 0.14812767505645752 -0.28889694809913635
v 0.007937073707580566 0.15007328987121582 -0.2995976209640503
v 0.02909529209136963 0.1298878788948059 -0.2995976209640503
v 0.03651285171508789 0.11930876970291138 -0.2995976209640503
v 0.05572545528411865 0.10337930917739868 -0.2837897837162018
v 0.07153332233428955 0.08793628215789795 -0.2783178389072418
v 0.07445168495178223 0.08222109079360962 -0.28366819024086
v 0.08685469627380371 0.07687073945999146 -0.27308911085128784
v 0.10266256332397461 0.06629163026809692 -0.27308911085128784
v 0.12990069389343262 0.04963260889053345 -0.2677387595176697
v 0.12722551822662354 0.050362229347229004 -0.2783178389072418
v 0.1458301544189453 0.03978312015533447 -0.2783178389072418
v 0.1458301544189453 0.030541598796844482 -0.30482637882232666
v 0.12990069389343262 0.03443276882171631 -0.31187912821769714
v 0.14047980308532715 0.026650428771972656 -0.3154054880142212
v 0.14047980308532715 0.012788176536560059 -0.3313349485397339
v 0.1458301544189453 -0.008005261421203613 -0.35018277168273926
v 0.12455034255981445 -0.0154227614402771 -0.3631938397884369
v 0.15105891227722168 -0.05032163858413696 -0.37523213028907776
v 0.19884729385375977 -0.08218055963516235 -0.37097615003585815
v 0.20346808433532715 -0.09275966882705688 -0.3737729489803314
v 0.225355863571167 -0.11926817893981934 -0.3719489574432373
v 0.23058462142944336 -0.12984728813171387 -0.3719489574432373
v 0.17233872413635254 -0.1405479907989502 -0.3793664872646332
v 0.18291783332824707 -0.12984728813171387 -0.37960970401763916
v 0.20407605171203613 -0.1563558578491211 -0.37352973222732544
v 0.23593497276306152 -0.16170620918273926 -0.3719489574432373
v 0.225355863571167 -0.18286439776420593 -0.36659860610961914
v 0.21477675437927246 -0.1882147490978241 -0.3607618808746338
v 0.23058462142944336 -0.1882147490978241 -0.24147337675094604
v 0.22000551223754883 -0.1722853183746338 -0.23478543758392334
v 0.20407605171203613 -0.13410323858261108 -0.22530072927474976
v 0.20407605171203613 -0.10868912935256958 -0.22505754232406616
v 0.17622995376586914 -0.05567198991775513 -0.2147216498851776
v 0.18291783332824707 -0.045092880725860596 -0.21909919381141663
v 0.1775674819946289 -0.031352221965789795 -0.2200719714164734
v 0.161759614944458 -0.023813068866729736 -0.21605923771858215
v 0.15105891227722168 -0.0026549100875854492 -0.22396314144134521
v 0.14047980308532715 -0.0026549100875854492 -0.21800479292869568
v 0.12102401256561279 0.02920401096343994 -0.23065108060836792
v 0.10339224338531494 0.04501187801361084 -0.23356947302818298
v 0.08442270755767822 0.03978312015533447 -0.2147216498851776
v 0.08746278285980225 0.03443276882171631 -0.2130192518234253
v 0.08746278285980225 0.06385970115661621 -0.2358798384666443
v 0.08162593841552734 0.07687073945999146 -0.24123018980026245
v 0.07116854190826416 0.08744984865188599 -0.23065108060836792
v 0.06630456447601318 0.09280019998550415 -0.22055837512016296
v 0.06277811527252197 0.08744984865188599 -0.20937129855155945
v 0.0597381591796875 0.09802895784378052 -0.20937129855155945
v 0.05037510395050049 0.10872966051101685 -0.20292654633522034
v 0.04636228084564209 0.10872966051101685 -0.19356343150138855
v 0.04234957695007324 0.09802895784378052 -0.17763397097587585
v 0.038336753845214844 0.08744984865188599 -0.1670548915863037
v 0.04040396213531494 0.09280019998550415 -0.1722836196422577
v 0.041376709938049316 0.09802895784378052 -0.1722836196422577
v 0.04295754432678223 0.10337930917739868 -0.17763397097587585
v 0.04648387432098389 0.11395841836929321 -0.1670548915863037
v 0.043443918228149414 0.10337930917739868 -0.14054632186889648
v 0.039431214332580566 0.08744984865188599 -0.13519597053527832
v 0.03979599475860596 0.09523218870162964 -0.12984561920166016
v 0.03189206123352051 0.10337930917739868 -0.11403778195381165
v 0.02386653423309326 0.09280019998550415 -0.10066190361976624
v 0.018516182899475098 0.07687073945999146 -0.09822991490364075
v 0.007937073707580566 0.0779651403427124 -0.07682853937149048
v 0.007937073707580566 0.06629163026809692 -0.07938209176063538
v 0.01328742504119873 0.09280019998550415 -0.08278688788414001
v 0.007937073707580566 0.09802895784378052 -0.07305896282196045
v -0.007992386817932129 0.10337930917739868 -0.04363203048706055
v -0.016017913818359375 0.10872966051101685 -0.03451213240623474
v -0.04362082481384277 0.10337930917739868 -0.013232320547103882
v -0.05030876398086548 0.11395841836929321 -0.006909191608428955
v -0.07280457019805908 0.09280019998550415 0.007925868034362793
v -0.07158857583999634 0.08222109079360962 0.008777081966400146
v -0.08703160285949707 0.08744984865188599 0.018504977226257324
v -0.08751803636550903 0.10337930917739868 0.014249026775360107
v -0.07158857583999634 0.13523823022842407 0.0046427249908447266
v -0.06623822450637817 0.14046698808670044 0.0035483241081237793
v -0.0768173336982727 0.1510460376739502 0.004399538040161133
v 0.0027083158493041992 0.14861410856246948 -0.30482637882232666
v 0.01328742504119873 0.13973736763000488 -0.30482637882232666
v 0.028852105140686035 0.12453752756118774 -0.30482637882232666
v 0.03189206123352051 0.11930876970291138 -0.30482637882232666
v 0.045024752616882324 0.10337930917739868 -0.297287255525589
v 0.055968642234802246 0.09802895784378052 -0.28889694809913635
v 0.06095421314239502 0.08744984865188599 -0.29351770877838135
v 0.08223402500152588 0.07626277208328247 -0.28366819024086
v 0.12588798999786377 0.04501187801361084 -0.29424726963043213
v 0.11932158470153809 0.04501187801361084 -0.3014216423034668
v 0.11397123336791992 0.03978312015533447 -0.3152838945388794
v 0.09804189205169678 0.03978312015533447 -0.3241606056690216
v 0.11032330989837646 0.02920401096343994 -0.3313349485397339
v 0.12990069389343262 0.018503308296203613 -0.3318213224411011
v 0.11932158470153809 0.002695441246032715 -0.35030436515808105
v 0.09281313419342041 -0.0026549100875854492 -0.3627074360847473
v 0.12455034255981445 -0.03281140327453613 -0.3737729489803314
v 0.12990069389343262 -0.045092880725860596 -0.37802889943122864
v 0.15640926361083984 -0.06102234125137329 -0.37778571248054504
v 0.19884729385375977 -0.10868912935256958 -0.37754249572753906
v 0.1775674819946289 -0.1246185302734375 -0.38033926486968994
v 0.161759614944458 -0.12984728813171387 -0.3813120722770691
v 0.15105891227722168 -0.13908880949020386 -0.3791233003139496
v 0.17233872413635254 -0.15112709999084473 -0.3764481246471405
v 0.20407605171203613 -0.16705656051635742 -0.37048977613449097
v 0.19884729385375977 -0.17848685383796692 -0.3631938397884369
v 0.18826818466186523 -0.19769945740699768 -0.251809298992157
v 0.21477675437927246 -0.17763563990592957 -0.2357582449913025
v 0.19884729385375977 -0.15112709999084473 -0.2262735366821289
v 0.18826818466186523 -0.13519763946533203 -0.22104477882385254
v 0.17233872413635254 -0.09811002016067505 -0.2131408452987671
v 0.16285407543182373 -0.06625109910964966 -0.20937129855155945
v 0.161759614944458 -0.045092880725860596 -0.20973607897758484
v 0.14047980308532715 -0.018584370613098145 -0.20924967527389526
v 0.11397123336791992 0.007924199104309082 -0.2080337107181549
v 0.11543047428131104 -0.008005261421203613 -0.19879218935966492
v 0.1070401668548584 0.002695441246032715 -0.19879218935966492
v 0.09804189205169678 0.00427621603012085 -0.19356343150138855
v 0.08223402500152588 0.023853659629821777 -0.1969681978225708
v 0.07846438884735107 0.03443276882171631 -0.20414254069328308
v 0.07591080665588379 0.04501187801361084 -0.20937129855155945
v 0.07688367366790771 0.06629163026809692 -0.224327951669693
v 0.07153332233428955 0.0733444094657898 -0.2200719714164734
v 0.06095421314239502 0.06799405813217163 -0.19879218935966492
v 0.05037510395050049 0.09802895784378052 -0.19587382674217224
v 0.04271435737609863 0.08744984865188599 -0.17763397097587585
v 0.05037510395050049 0.06094127893447876 -0.18590271472930908
v 0.04356551170349121 0.06629163026809692 -0.17763397097587585
v 0.03602635860443115 0.08222109079360962 -0.16170454025268555
v 0.03979599475860596 0.08744984865188599 -0.14176231622695923
v 0.03663444519042969 0.08744984865188599 -0.12461689114570618
v 0.03347289562225342 0.08222109079360962 -0.11926653981208801
v 0.02386653423309326 0.06629163026809692 -0.11075460910797119
v 0.018516182899475098 0.050362229347229004 -0.10807943344116211
v 0.01328742504119873 0.06580525636672974 -0.09275797009468079
v 0.005505084991455078 0.050362229347229004 -0.07682853937149048
v 0.0027083158493041992 0.050362229347229004 -0.07257255911827087
v -0.0009396076202392578 0.07152038812637329 -0.06624943017959595
v -0.007992386817932129 0.09280019998550415 -0.046793609857559204
v -0.013221144676208496 0.09280019998550415 -0.039619266986846924
v -0.018449842929840088 0.09280019998550415 -0.03451213240623474
v -0.03583848476409912 0.06629163026809692 -0.029161781072616577
v -0.05030876398086548 0.08222109079360962 -0.010800361633300781
v -0.06465744972229004 0.08222109079360962 0.0026971101760864258
v -0.058699071407318115 0.06629163026809692 -0.0026532113552093506
v -0.06368464231491089 0.050362229347229004 0.007925868034362793
v -0.06088787317276001 0.02920401096343994 0.013276219367980957
v -0.06830543279647827 0.03443276882171631 0.02385532855987549
v -0.060644686222076416 0.013274550437927246 0.02385532855987549
v -0.0768173336982727 0.03662151098251343 0.039784789085388184
v -0.06441426277160645 0.007924199104309082 0.039784789085388184
v -0.08423483371734619 -0.17763563990592957 0.20941519737243652
v -0.08751803636550903 -0.17763563990592957 0.21585994958877563
v -0.08216768503189087 -0.16705656051635742 0.20017367601394653
v -0.08751803636550903 -0.16705656051635742 0.20844238996505737
v -0.08216768503189087 -0.14577674865722656 0.1919049620628357
v -0.07402056455612183 -0.13519763946533203 0.17232751846313477
v -0.07158857583999634 -0.11403942108154297 0.1599244475364685
v -0.06891340017318726 -0.1246185302734375 0.15639805793762207
v -0.07256138324737549 -0.1405479907989502 0.1669771671295166
v -0.07730370759963989 -0.14577674865722656 0.1829066276550293
v -0.07791173458099365 -0.16170620918273926 0.18825697898864746
v -0.0771821141242981 -0.1882147490978241 0.19348573684692383
v -0.12460565567016602 -0.18991714715957642 0.2465028166770935
v -0.11402654647827148 -0.19356510043144226 0.2484484314918518
v -0.09809714555740356 -0.1880931556224823 0.23592370748519897
v -0.0927467942237854 -0.1928355097770691 0.23592370748519897
v -0.09809714555740356 -0.1722853183746338 0.22254788875579834
v -0.0974891185760498 -0.16170620918273926 0.2147655487060547
v -0.0928683876991272 -0.14577674865722656 0.20406484603881836
v -0.08751803636550903 -0.13519763946533203 0.19372892379760742
v -0.0768173336982727 -0.10868912935256958 0.166733980178833
v -0.07158857583999634 -0.08218055963516235 0.14581900835037231
v -0.08216768503189087 -0.06868308782577515 0.15639805793762207
v -0.07158857583999634 -0.0653998851776123 0.13523989915847778
v -0.06854861974716187 -0.0291634202003479 0.10338097810745239
v -0.06550860404968262 -0.06102234125137329 0.11931043863296509
v -0.06623822450637817 -0.10662192106246948 0.14581900835037231
v -0.0633198618888855 -0.10333877801895142 0.13523989915847778
v -0.06453585624694824 -0.11403942108154297 0.14046865701675415
v -0.06721103191375732 -0.11926817893981934 0.1510477066040039
v -0.06842702627182007 -0.12984728813171387 0.1510477066040039
v -0.07572293281555176 -0.1563558578491211 0.17755627632141113
v -0.07754689455032349 -0.17763563990592957 0.18825697898864746
v -0.15111422538757324 -0.17945963144302368 0.23057341575622559
v -0.13518476486206055 -0.16705656051635742 0.22741180658340454
v -0.12460565567016602 -0.1722853183746338 0.23227578401565552
v -0.11439138650894165 -0.1722853183746338 0.23057341575622559
v -0.10867619514465332 -0.1676645576953888 0.22534465789794922
v -0.11402654647827148 -0.1405479907989502 0.2125767469406128
v -0.10867619514465332 -0.15112709999084473 0.2167111039161682
v -0.0927467942237854 -0.13544082641601562 0.198836088180542
v -0.08763962984085083 -0.11403942108154297 0.1829066276550293
v -0.08751803636550903 -0.07683020830154419 0.16527479887008667
v -0.0927467942237854 -0.06102234125137329 0.15846526622772217
v -0.08751803636550903 -0.06102234125137329 0.15639805793762207
v -0.08216768503189087 -0.05518561601638794 0.14581900835037231
v -0.08216768503189087 -0.05032163858413696 0.14119821786880493
v -0.07402056455612183 -0.0291634202003479 0.11396008729934692
v -0.08216768503189087 -0.008005261421203613 0.108001708984375
v -0.07341253757476807 -0.008005261421203613 0.09280186891555786
v -0.07158857583999634 0.00038510560989379883 0.07687240839004517
v -0.06623822450637817 -0.01323401927947998 0.08185797929763794
v -0.06635981798171997 -0.023813068866729736 0.09280186891555786
v -0.06234705448150635 -0.06102234125137329 0.10873132944107056
v -0.060644686222076416 -0.06102234125137329 0.09803062677383423
v -0.05942869186401367 -0.07683020830154419 0.09803062677383423
v -0.05991506576538086 -0.09275966882705688 0.11396008729934692
v -0.06052309274673462 -0.09811002016067505 0.11931043863296509
v -0.060036659240722656 -0.09811002016067505 0.11396008729934692
v -0.06684619188308716 -0.1246185302734375 0.14581900835037231
v -0.0768173336982727 -0.16900214552879333 0.15639805793762207
v -0.07560133934020996 -0.16705656051635742 0.12988954782485962
v -0.07779014110565186 -0.1882147490978241 0.13523989915847778
v -0.16704368591308594 -0.19125473499298096 0.23592370748519897
v -0.14576387405395508 -0.16705656051635742 0.22303426265716553
v -0.13518476486206055 -0.1405479907989502 0.2120903730392456
v -0.12460565567016602 -0.14577674865722656 0.21731913089752197
v -0.12460565567016602 -0.12534815073013306 0.20406484603881836
v -0.10332590341567993 -0.09811002016067505 0.18412262201309204
v -0.09481394290924072 -0.09275966882705688 0.17755627632141113
v -0.10332590341567993 -0.07160145044326782 0.16794997453689575
v -0.10332590341567993 -0.06102234125137329 0.1605324149131775
v -0.0927467942237854 -0.03974252939224243 0.14156299829483032
v -0.0858156681060791 -0.05032163858413696 0.14581900835037231
v -0.08751803636550903 -0.034513771533966064 0.13475346565246582
v -0.08751803636550903 -0.011774837970733643 0.11931043863296509
v -0.08630204200744629 -0.0026549100875854492 0.10873132944107056
v -0.08216768503189087 0.018503308296203613 0.07565641403198242
v -0.08338367938995361 0.03443276882171631 0.05571424961090088
v -0.08107328414916992 0.03978312015533447 0.04501354694366455
v -0.0768173336982727 0.04902464151382446 0.029205679893493652
v -0.056996703147888184 0.03443276882171631 0.0026971101760864258
v -0.05565911531448364 0.002695441246032715 0.010357856750488281
v -0.058942317962646484 -0.0026549100875854492 0.029205679893493652
v -0.06186068058013916 -0.01323401927947998 0.06629329919815063
v -0.0630766749382019 -0.023813068866729736 0.08222275972366333
v -0.0633198618888855 -0.034513771533966064 0.0874515175819397
v -0.060644686222076416 -0.05567198991775513 0.06629329919815063
v -0.061131060123443604 -0.07160145044326782 0.071522057056427
v -0.06100946664810181 -0.0880172848701477 0.0874515175819397
v -0.06100946664810181 -0.10333877801895142 0.10860973596572876
v -0.06964302062988281 -0.1405479907989502 0.11396008729934692
v -0.07462853193283081 -0.16705656051635742 0.10873132944107056
v -0.1722724437713623 -0.17763563990592957 0.21683269739151
v -0.18297314643859863 -0.1722853183746338 0.20053845643997192
v -0.1722724437713623 -0.16705656051635742 0.2078344225883484
v -0.1564645767211914 -0.14541196823120117 0.20406484603881836
v -0.16704368591308594 -0.1405479907989502 0.1964040994644165
v -0.1405351161956787 -0.11610662937164307 0.19348573684692383
v -0.15111422538757324 -0.10333877801895142 0.18217706680297852
v -0.12983441352844238 -0.1261993646621704 0.20406484603881836
v -0.11925530433654785 -0.09811002016067505 0.18655461072921753
v -0.10867619514465332 -0.07160145044326782 0.16855794191360474
v -0.11402654647827148 -0.05032163858413696 0.15250694751739502
v -0.0927467942237854 -0.0291634202003479 0.13438868522644043
v -0.10320425033569336 -0.01323401927947998 0.12988954782485962
v -0.0927467942237854 -0.008005261421203613 0.12125599384307861
v -0.09809714555740356 0.010113000869750977 0.10873132944107056
v -0.0927467942237854 0.02409684658050537 0.0874515175819397
v -0.0927467942237854 0.04707902669906616 0.05571424961090088
v -0.08751803636550903 0.050362229347229004 0.045256733894348145
v -0.08569401502609253 0.06629163026809692 0.029205679893493652
v -0.0927467942237854 0.07152038812637329 0.03163766860961914
v -0.0927467942237854 0.08744984865188599 0.02178812026977539
v -0.10332590341567993 0.10605448484420776 0.018504977226257324
v -0.08751803636550903 0.12453752756118774 0.01218181848526001
v -0.08216768503189087 0.1458173394203186 0.005372285842895508
v -0.0927467942237854 0.15639638900756836 0.0034267306327819824
v -0.002642035484313965 0.1458173394203186 -0.30944716930389404
v -0.007992386817932129 0.14046698808670044 -0.3133383095264435
v 0.02386653423309326 0.12453752756118774 -0.3084743618965149
v 0.02386653423309326 0.10337930917739868 -0.31613507866859436
v 0.03140568733215332 0.10337930917739868 -0.3101767301559448
v 0.041011929512023926 0.08222109079360962 -0.3154054880142212
v 0.05037510395050049 0.0643460750579834 -0.32075583934783936
v 0.06095421314239502 0.07407397031784058 -0.30482637882232666
v 0.07688367366790771 0.07152038812637329 -0.29607129096984863
v 0.08746278285980225 0.06349486112594604 -0.2995976209640503
v 0.08223402500152588 0.05291581153869629 -0.3154054880142212
v 0.07688367366790771 0.029568791389465332 -0.3419140577316284
v 0.1087425947189331 0.023853659629821777 -0.33705008029937744
v 0.07153332233428955 0.013274550437927246 -0.35687071084976196
v 0.08746278285980225 -0.012018024921417236 -0.36842259764671326
v 0.11397123336791992 -0.03974252939224243 -0.37766411900520325
v 0.12455034255981445 -0.05032163858413696 -0.38009607791900635
v 0.1458301544189453 -0.06102234125137329 -0.37985289096832275
v 0.15105891227722168 -0.07160145044326782 -0.3805824816226959
v 0.14047980308532715 -0.11403942108154297 -0.38277125358581543
v 0.12990069389343262 -0.11926817893981934 -0.38216325640678406
v 0.13525104522705078 -0.12984728813171387 -0.38009607791900635
v 0.1458301544189453 -0.1473575234413147 -0.3737729489803314
v 0.17233872413635254 -0.16170620918273926 -0.37109777331352234
v 0.17233872413635254 -0.16705656051635742 -0.36684179306030273
v 0.1775674819946289 -0.17763563990592957 -0.35723549127578735
v 0.18826818466186523 -0.1882147490978241 -0.3486019968986511
v 0.161759614944458 -0.18930914998054504 -0.3261061906814575
v 0.12990069389343262 -0.18018922209739685 -0.28889694809913635
v 0.12455034255981445 -0.17556846141815186 -0.2783178389072418
v 0.12345600128173828 -0.1722853183746338 -0.2677387595176697
v 0.13525104522705078 -0.17800045013427734 -0.2623884081840515
v 0.15105891227722168 -0.18493157625198364 -0.25715965032577515
v 0.15640926361083984 -0.17763563990592957 -0.24524295330047607
v 0.1458301544189453 -0.1563558578491211 -0.23065108060836792
v 0.17233872413635254 -0.1722853183746338 -0.23612302541732788
v 0.18826818466186523 -0.16705656051635742 -0.23198866844177246
v 0.17233872413635254 -0.14577674865722656 -0.22238236665725708
v 0.14047980308532715 -0.11403942108154297 -0.20997929573059082
v 0.15105891227722168 -0.11403942108154297 -0.2105872631072998
v 0.15105891227722168 -0.10333877801895142 -0.2080337107181549
v 0.15105891227722168 -0.08753091096878052 -0.2063313126564026
v 0.12990069389343262 -0.034513771533966064 -0.19988659024238586
v 0.10339224338531494 -0.01323401927947998 -0.18736189603805542
v 0.10181140899658203 -0.008005261421203613 -0.18821308016777039
v 0.06630456447601318 0.03443276882171631 -0.19283384084701538
v 0.06703412532806396 0.04501187801361084 -0.19879218935966492
v 0.06095421314239502 0.050362229347229004 -0.1946578323841095
v 0.05037510395050049 0.050362229347229004 -0.18663230538368225
v 0.039066433906555176 0.04501187801361084 -0.17763397097587585
v 0.033959269523620605 0.03978312015533447 -0.1722836196422577
v 0.024960875511169434 0.02920401096343994 -0.16170454025268555
v 0.01802980899810791 0.03443276882171631 -0.15112543106079102
v 0.017056941986083984 0.03978312015533447 -0.14577507972717285
v 0.021312952041625977 0.050362229347229004 -0.14577507972717285
v 0.02909529209136963 0.06629163026809692 -0.14054632186889648
v 0.03444564342498779 0.07687073945999146 -0.12984561920166016
v 0.0204617977142334 0.050362229347229004 -0.11403778195381165
v 0.008666634559631348 0.04501187801361084 -0.0875292420387268
v 0.0036810636520385742 0.04501187801361084 -0.07682853937149048
v -0.002642035484313965 0.04501187801361084 -0.06880301237106323
v -0.007992386817932129 0.06094127893447876 -0.060169488191604614
v -0.01857149600982666 0.05571258068084717 -0.05031996965408325
v -0.0317041277885437 0.050362229347229004 -0.03974089026451111
v -0.03790569305419922 0.04501187801361084 -0.03451213240623474
v -0.0475119948387146 0.05571258068084717 -0.018582671880722046
v -0.053835153579711914 0.050362229347229004 -0.008003562688827515
v -0.05249756574630737 0.03443276882171631 -0.008003562688827515
v -0.04653918743133545 0.018503308296203613 -0.023811429738998413
v -0.0494576096534729 -0.0026549100875854492 -0.013232320547103882
v -0.04933595657348633 -0.008005261421203613 -0.013232320547103882
v -0.05018717050552368 -0.034513771533966064 0.007925868034362793
v -0.05541592836380005 -0.023813068866729736 0.02385532855987549
v -0.05821269750595093 -0.008005261421203613 0.029205679893493652
v -0.060279905796051025 -0.01323401927947998 0.050363898277282715
v -0.05979347229003906 -0.034513771533966064 0.05571424961090088
v -0.05565911531448364 -0.06625109910964966 0.042824745178222656
v -0.05857747793197632 -0.07160145044326782 0.05571424961090088
v -0.058699071407318115 -0.08218055963516235 0.050363898277282715
v -0.061495840549468994 -0.09275966882705688 0.05571424961090088
v -0.06259024143218994 -0.09275966882705688 0.071522057056427
v -0.06514382362365723 -0.10868912935256958 0.0874515175819397
v -0.06891340017318726 -0.1246185302734375 0.0874515175819397
v -0.07231813669204712 -0.13519763946533203 0.06629329919815063
v -0.07207494974136353 -0.14577674865722656 0.08222275972366333
v -0.07243978977203369 -0.15112709999084473 0.0874515175819397
v -0.07754689455032349 -0.17763563990592957 0.10338097810745239
v -0.188201904296875 -0.18286439776420593 0.20017367601394653
v -0.19355225563049316 -0.17763563990592957 0.1897161602973938
v -0.193187415599823 -0.15112709999084473 0.1829066276550293
v -0.17762279510498047 -0.14614152908325195 0.19348573684692383
v -0.17762279510498047 -0.10868912935256958 0.17670512199401855
v -0.17762279510498047 -0.08753091096878052 0.16624760627746582
v -0.1564645767211914 -0.0881388783454895 0.17232751846313477
v -0.16704368591308594 -0.06102234125137329 0.15433090925216675
v -0.13518476486206055 -0.07160145044326782 0.1668555736541748
v -0.13518476486206055 -0.054942429065704346 0.15639805793762207
v -0.12983441352844238 -0.03597301244735718 0.14581900835037231
v -0.12460565567016602 -0.03621619939804077 0.14581900835037231
v -0.12460565567016602 -0.012018024921417236 0.13523989915847778
v -0.11925530433654785 -0.008005261421203613 0.13219988346099854
v -0.11402654647827148 0.007924199104309082 0.11967521905899048
v -0.10952740907669067 0.023853659629821777 0.10338097810745239
v -0.10332590341567993 0.02969038486480713 0.09280186891555786
v -0.09809714555740356 0.033581554889678955 0.08222275972366333
v -0.10332590341567993 0.04075586795806885 0.07687240839004517
v -0.0974891185760498 0.05571258068084717 0.050363898277282715
v -0.10867619514465332 0.07237160205841064 0.039784789085388184
v -0.10867619514465332 0.08744984865188599 0.027989685535430908
v -0.11402654647827148 0.10337930917739868 0.020936965942382812
v -0.11402654647827148 0.11395841836929321 0.017532169818878174
v -0.10332590341567993 0.13633257150650024 0.013276219367980957
v -0.11925530433654785 0.1510460376739502 0.01278984546661377
v -0.08751803636550903 0.14046698808670044 0.00865548849105835
v -0.023800194263458252 0.15639638900756836 -0.30993354320526123
v -0.01857149600982666 0.13523823022842407 -0.3171078562736511
v 0.0027083158493041992 0.12453752756118774 -0.31601348519325256
v 0.029216885566711426 0.07054764032363892 -0.33668529987335205
v 0.03724241256713867 0.06094127893447876 -0.33668529987335205
v 0.06095421314239502 0.06191408634185791 -0.3154054880142212
v 0.05572545528411865 0.03978312015533447 -0.34094125032424927
v 0.045024752616882324 0.03978312015533447 -0.34544041752815247
v 0.06095421314239502 0.02920401096343994 -0.3496963679790497
v 0.05572545528411865 0.023853659629821777 -0.3543171286582947
v 0.05572545528411865 0.002695441246032715 -0.3631938397884369
v 0.05572545528411865 -0.034513771533966064 -0.374259352684021
v 0.11397123336791992 -0.06102234125137329 -0.38228487968444824
v 0.11397123336791992 -0.07160145044326782 -0.3833792507648468
v 0.1087425947189331 -0.08753091096878052 -0.383014440536499
v 0.09804189205169678 -0.09275966882705688 -0.3814336657524109
v 0.08746278285980225 -0.10333877801895142 -0.37729930877685547
v 0.09025955200195312 -0.11403942108154297 -0.3737729489803314
v 0.12990069389343262 -0.13933199644088745 -0.3737729489803314
v 0.15105891227722168 -0.15696382522583008 -0.36842259764671326
v 0.1500861644744873 -0.16170620918273926 -0.3631938397884369
v 0.12990069389343262 -0.1563558578491211 -0.35760030150413513
v 0.13780462741851807 -0.16705656051635742 -0.3472644090652466
v 0.13525104522705078 -0.16863733530044556 -0.3419140577316284
v 0.14047980308532715 -0.17763563990592957 -0.3290245532989502
v 0.12990069389343262 -0.1769060492515564 -0.3154054880142212
v 0.13525104522705078 -0.18225640058517456 -0.30482637882232666
v 0.11725449562072754 -0.1722853183746338 -0.29424726963043213
v 0.09925782680511475 -0.16170620918273926 -0.2783178389072418
v 0.10339224338531494 -0.16134139895439148 -0.2677387595176697
v 0.11834883689880371 -0.16170620918273926 -0.251809298992157
v 0.13354873657226562 -0.16705656051635742 -0.24658054113388062
v 0.14291179180145264 -0.16170620918273926 -0.2358798384666443
v 0.13561582565307617 -0.15112709999084473 -0.23065108060836792
v 0.15640926361083984 -0.15112709999084473 -0.22530072927474976
v 0.12455034255981445 -0.09811002016067505 -0.20475053787231445
v 0.14047980308532715 -0.09811002016067505 -0.20499372482299805
v 0.12455034255981445 -0.07683020830154419 -0.1989137828350067
v 0.11397123336791992 -0.03974252939224243 -0.1923474371433258
v 0.09804189205169678 -0.018584370613098145 -0.18395712971687317
v 0.09390747547149658 -0.01323401927947998 -0.18286272883415222
v 0.09038114547729492 -0.008005261421203613 -0.18286272883415222
v 0.06630456447601318 0.013274550437927246 -0.18286272883415222
v 0.06095421314239502 0.002695441246032715 -0.17812037467956543
v 0.059130191802978516 0.03443276882171631 -0.18821308016777039
v 0.06131899356842041 0.04501187801361084 -0.19356343150138855
v 0.03979599475860596 0.03978312015533447 -0.17799878120422363
v 0.0342024564743042 0.03443276882171631 -0.1722836196422577
v 0.029216885566711426 0.018503308296203613 -0.16413649916648865
v 0.021677732467651367 0.013274550437927246 -0.15635418891906738
v 0.018516182899475098 0.013274550437927246 -0.15307101607322693
v 0.014381766319274902 0.018503308296203613 -0.14577507972717285
v 0.014625072479248047 0.03443276882171631 -0.14054632186889648
v 0.018516182899475098 0.04476863145828247 -0.11926653981208801
v 0.0051403045654296875 0.023853659629821777 -0.10868743062019348
v 0.006234645843505859 0.03978312015533447 -0.0875292420387268
v -0.01480191946029663 0.03443276882171631 -0.06102067232131958
v -0.022219419479370117 0.03978312015533447 -0.05031996965408325
v -0.03972965478897095 0.030906379222869873 -0.03451213240623474
v -0.03972965478897095 0.018503308296203613 -0.03974089026451111
v -0.044107258319854736 0.023853659629821777 -0.029161781072616577
v -0.047268807888031006 -0.01323401927947998 -0.03451213240623474
v -0.04787677526473999 -0.023813068866729736 -0.029161781072616577
v -0.04860639572143555 -0.034513771533966064 -0.0026532113552093506
v -0.049092769622802734 -0.03974252939224243 0.0026971101760864258
v -0.05213272571563721 -0.05032163858413696 0.02385532855987549
v -0.05249756574630737 -0.06102234125137329 0.02385532855987549
v -0.05565911531448364 -0.07196623086929321 0.02385532855987549
v -0.05565911531448364 -0.07160145044326782 0.038690388202667236
v -0.06623822450637817 -0.11172908544540405 0.039784789085388184
v -0.07158857583999634 -0.1311848759651184 0.06629329919815063
v -0.07450693845748901 -0.1405479907989502 0.060943007469177246
v -0.07535815238952637 -0.14577674865722656 0.06629329919815063
v -0.08216768503189087 -0.17763563990592957 0.09049147367477417
v -0.19878095388412476 -0.18286439776420593 0.1829066276550293
v -0.20084816217422485 -0.16705656051635742 0.17755627632141113
v -0.19878095388412476 -0.1563558578491211 0.1782858967781067
v -0.19355225563049316 -0.10333877801895142 0.1645451784133911
v -0.188201904296875 -0.09811002016067505 0.16636919975280762
v -0.18297314643859863 -0.05567198991775513 0.14545416831970215
v -0.16169333457946777 -0.028190672397613525 0.13523989915847778
v -0.1405351161956787 -0.0291634202003479 0.14059025049209595
v -0.1564645767211914 -0.011409997940063477 0.12453919649124146
v -0.12983441352844238 -0.0026549100875854492 0.12952470779418945
v -0.12460565567016602 0.013031363487243652 0.11931043863296509
v -0.12460565567016602 0.023853659629821777 0.1100689172744751
v -0.12144410610198975 0.02920401096343994 0.10338097810745239
v -0.10867619514465332 0.032608747482299805 0.09280186891555786
v -0.11925530433654785 0.0504838228225708 0.071522057056427
v -0.11402654647827148 0.06629163026809692 0.04829668998718262
v -0.11925530433654785 0.07626277208328247 0.039784789085388184
v -0.12460565567016602 0.08744984865188599 0.03066486120223999
v -0.11925530433654785 0.09802895784378052 0.023612141609191895
v -0.12983441352844238 0.10872966051101685 0.016802608966827393
v -0.11925530433654785 0.1298878788948059 0.014249026775360107
v -0.12983441352844238 0.1510460376739502 0.012911438941955566
v -0.05030876398086548 0.1510460376739502 -0.3179590702056885
v -0.03972965478897095 0.13523823022842407 -0.3220934271812439
v -0.029150545597076416 0.1346302032470703 -0.32075583934783936
v -0.029150545597076416 0.12076795101165771 -0.3313349485397339
v -0.023800194263458252 0.12623989582061768 -0.3261061906814575
v -0.002642035484313965 0.09900176525115967 -0.33668529987335205
v 0.018516182899475098 0.073222815990448 -0.3419140577316284
v 0.039431214332580566 0.050362229347229004 -0.3419140577316284
v 0.03979599475860596 0.03443276882171631 -0.34981799125671387
v 0.028852105140686035 0.03443276882171631 -0.35261476039886475
v 0.02386653423309326 0.023853659629821777 -0.3555331230163574
v 0.02386653423309326 0.012301743030548096 -0.3578434884548187
v 0.007937073707580566 0.002695441246032715 -0.36003226041793823
v 0.018516182899475098 0.002695441246032715 -0.3605186641216278
v 0.045024752616882324 -0.034513771533966064 -0.37316495180130005
v 0.045024752616882324 -0.045092880725860596 -0.3747457265853882
v 0.07153332233428955 -0.05567198991775513 -0.3787584900856018
v 0.10339224338531494 -0.07160145044326782 -0.38277125358581543
v 0.05572545528411865 -0.08753091096878052 -0.3723137378692627
v 0.045024752616882324 -0.09275966882705688 -0.3674498200416565
v 0.06630456447601318 -0.10868912935256958 -0.3670850098133087
v 0.1087425947189331 -0.13519763946533203 -0.3670850098133087
v 0.1087425947189331 -0.14577674865722656 -0.355776309967041
v 0.09804189205169678 -0.14577674865722656 -0.34641319513320923
v 0.08746278285980225 -0.14468234777450562 -0.33668529987335205
v 0.11397123336791992 -0.16170620918273926 -0.332915723323822
v 0.09244823455810547 -0.1563558578491211 -0.3101767301559448
v 0.09804189205169678 -0.16170620918273926 -0.29424726963043213
v 0.07153332233428955 -0.149303138256073 -0.27308911085128784
v 0.06630456447601318 -0.14589834213256836 -0.2623884081840515
v 0.10339224338531494 -0.1563558578491211 -0.2558220624923706
v 0.1087425947189331 -0.15197831392288208 -0.24658054113388062
v 0.1087425947189331 -0.1405479907989502 -0.2358798384666443
v 0.11786246299743652 -0.1246185302734375 -0.2200719714164734
v 0.11397123336791992 -0.11403942108154297 -0.21423524618148804
v 0.09804189205169678 -0.11695784330368042 -0.2200719714164734
v 0.09804189205169678 -0.09811002016067505 -0.20657449960708618
v 0.1087425947189331 -0.08753091096878052 -0.20061618089675903
v 0.11932158470153809 -0.08011335134506226 -0.19879218935966492
v 0.10339224338531494 -0.045092880725860596 -0.1899154782295227
v 0.0931779146194458 -0.023813068866729736 -0.18286272883415222
v 0.08223402500152588 -0.018584370613098145 -0.17970117926597595
v 0.06095421314239502 -0.008005261421203613 -0.17617478966712952
v 0.06095421314239502 -0.018584370613098145 -0.17581000924110413
v 0.045024752616882324 -0.008005261421203613 -0.16936525702476501
v 0.029216885566711426 0.007924199104309082 -0.16170454025268555
v 0.018516182899475098 0.002695441246032715 -0.155746191740036
v 0.012801051139831543 0.002695441246032715 -0.15112543106079102
v 0.01328742504119873 0.02920401096343994 -0.13835754990577698
v 0.008301854133605957 0.018503308296203613 -0.12984561920166016
v 0.0027083158493041992 0.010842561721801758 -0.11926653981208801
v 0.0027083158493041992 0.02689361572265625 -0.09810832142829895
v -0.023800194263458252 0.018503308296203613 -0.06029108166694641
v -0.027691364288330078 0.023853659629821777 -0.05031996965408325
v -0.03997284173965454 0.007924199104309082 -0.05031996965408325
v -0.04386401176452637 0.002695441246032715 -0.04509124159812927
v -0.04994398355484009 -0.023813068866729736 -0.05031996965408325
v -0.04921436309814453 -0.034513771533966064 -0.023811429738998413
v -0.051038384437561035 -0.05567198991775513 0.013276219367980957
v -0.05115997791290283 -0.05567198991775513 0.018504977226257324
v -0.05261915922164917 -0.06102234125137329 0.013276219367980957
v -0.06234705448150635 -0.09275966882705688 0.029205679893493652
v -0.06623822450637817 -0.09336763620376587 0.013276219367980957
v -0.06903499364852905 -0.11403942108154297 0.029205679893493652
v -0.0768173336982727 -0.1246185302734375 0.024098515510559082
v -0.07110220193862915 -0.1246185302734375 0.039784789085388184
v -0.0768173336982727 -0.1405479907989502 0.05024230480194092
v -0.08216768503189087 -0.1563558578491211 0.06361812353134155
v -0.08727484941482544 -0.17763563990592957 0.08222275972366333
v -0.20279371738433838 -0.19356510043144226 0.17232751846313477
v -0.20729291439056396 -0.1563558578491211 0.16174840927124023
v -0.21471041440963745 -0.15112709999084473 0.14253580570220947
v -0.20948165655136108 -0.14577674865722656 0.15761405229568481
v -0.20948165655136108 -0.12984728813171387 0.15579009056091309
v -0.21179205179214478 -0.10868912935256958 0.14581900835037231
v -0.20145612955093384 -0.10333877801895142 0.15639805793762207
v -0.19355225563049316 -0.08655810356140137 0.15639805793762207
v -0.188201904296875 -0.045092880725860596 0.13609105348587036
v -0.17762279510498047 -0.027217864990234375 0.12988954782485962
v -0.1722724437713623 -0.016881942749023438 0.12453919649124146
v -0.15743738412857056 0.002695441246032715 0.11396008729934692
v -0.13518476486206055 0.007924199104309082 0.12162083387374878
v -0.13518476486206055 0.01862490177154541 0.11396008729934692
v -0.12983441352844238 0.020205676555633545 0.11396008729934692
v -0.12983441352844238 0.02920401096343994 0.10520493984222412
v -0.13044244050979614 0.03443276882171631 0.09803062677383423
v -0.12983441352844238 0.06252211332321167 0.05571424961090088
v -0.13518476486206055 0.08611226081848145 0.029205679893493652
v -0.12983441352844238 0.09802895784378052 0.02203136682510376
v -0.14576387405395508 0.10337930917739868 0.012668251991271973
v -0.15111422538757324 0.09790736436843872 0.013276219367980957
v -0.15111422538757324 0.10872966051101685 0.009871482849121094
v -0.1564645767211914 0.11930876970291138 0.0074394941329956055
v -0.14576387405395508 0.11930876970291138 0.00938504934310913
v -0.15111422538757324 0.1458173394203186 0.00865548849105835
v -0.16169333457946777 0.16174674034118652 0.009141862392425537
v -0.060279905796051025 0.1510460376739502 -0.3261061906814575
v -0.04508000612258911 0.14289891719818115 -0.32075583934783936
v -0.04508000612258911 0.13219821453094482 -0.3261061906814575
v -0.04508000612258911 0.11930876970291138 -0.33461809158325195
v -0.03450089693069458 0.10872966051101685 -0.33899566531181335
v -0.023800194263458252 0.10216331481933594 -0.3419140577316284
v -0.01857149600982666 0.09231382608413696 -0.3472644090652466
v 0.01328742504119873 0.06094127893447876 -0.351398766040802
v 0.01328742504119873 0.04501187801361084 -0.3561410903930664
v 0.007937073707580566 0.03978312015533447 -0.3585730791091919
v 0.0027083158493041992 0.02920401096343994 -0.35966747999191284
v 0.0027083158493041992 0.013274550437927246 -0.3589378893375397
v -0.002642035484313965 -0.01323401927947998 -0.3602754771709442
v 0.03444564342498779 -0.045092880725860596 -0.3726785480976105
v 0.03444564342498779 -0.06625109910964966 -0.37352973222732544
v 0.03979599475860596 -0.07683020830154419 -0.3726785480976105
v 0.029216885566711426 -0.0815725326538086 -0.36842259764671326
v 0.02386653423309326 -0.08753091096878052 -0.3630722463130951
v 0.01328742504119873 -0.08218055963516235 -0.360397070646286
v 0.029216885566711426 -0.09628599882125854 -0.3578434884548187
v 0.042227983474731445 -0.09811002016067505 -0.3631938397884369
v 0.07688367366790771 -0.11890339851379395 -0.3631938397884369
v 0.07068204879760742 -0.11926817893981934 -0.3578434884548187
v 0.06095421314239502 -0.1197546124458313 -0.3472644090652466
v 0.04234957695007324 -0.1246185302734375 -0.3154054880142212
v 0.046970367431640625 -0.11926817893981934 -0.3313349485397339
v 0.07153332233428955 -0.13714325428009033 -0.3313349485397339
v 0.05572545528411865 -0.13762962818145752 -0.30482637882232666
v 0.045024752616882324 -0.13422483205795288 -0.29424726963043213
v 0.05572545528411865 -0.14164239168167114 -0.28366819024086
v 0.05572545528411865 -0.14152079820632935 -0.2623884081840515
v 0.05572545528411865 -0.13981842994689941 -0.25715965032577515
v 0.06521010398864746 -0.1405479907989502 -0.251809298992157
v 0.09281313419342041 -0.14577674865722656 -0.24658054113388062
v 0.08746278285980225 -0.13410323858261108 -0.2358798384666443
v 0.07688367366790771 -0.11172908544540405 -0.2200719714164734
v 0.07688367366790771 -0.08631491661071777 -0.19879218935966492
v 0.05037510395050049 -0.07075023651123047 -0.19356343150138855
v 0.07688367366790771 -0.07683020830154419 -0.19404983520507812
v 0.06095421314239502 -0.05032163858413696 -0.18407872319221497
v 0.03979599475860596 -0.023813068866729736 -0.1716756522655487
v 0.05037510395050049 -0.018584370613098145 -0.17289161682128906
v 0.029216885566711426 -0.0026549100875854492 -0.16206932067871094
v 0.018516182899475098 -0.0026549100875854492 -0.15757018327713013
v 0.008423447608947754 -0.0026549100875854492 -0.15112543106079102
v 0.007937073707580566 0.002452254295349121 -0.14577507972717285
v 0.007937073707580566 0.007559418678283691 -0.14054632186889648
v -0.002642035484313965 0.002695441246032715 -0.11695614457130432
v -0.005317211151123047 0.007924199104309082 -0.10333707928657532
v -0.023800194263458252 0.0023306608200073242 -0.08217889070510864
v -0.02927219867706299 -0.008005261421203613 -0.09275797009468079
v -0.03972965478897095 -0.008734822273254395 -0.07682853937149048
v -0.04508000612258911 -0.010558843612670898 -0.06624943017959595
v -0.04836320877075195 -0.018584370613098145 -0.06624943017959595
v -0.05115997791290283 -0.023813068866729736 -0.07159978151321411
v -0.05480790138244629 -0.03974252939224243 -0.03974089026451111
v -0.05663192272186279 -0.05567198991775513 -0.018582671880722046
v -0.0612526535987854 -0.06625109910964966 -0.018582671880722046
v -0.08216768503189087 -0.0950700044631958 -0.023811429738998413
v -0.08216768503189087 -0.11403942108154297 0.0008731484413146973
v -0.08216768503189087 -0.1405479907989502 0.03759598731994629
v -0.08751803636550903 -0.15112709999084473 0.04549992084503174
v -0.09578675031661987 -0.17763563990592957 0.071522057056427
v -0.2065632939338684 -0.17763563990592957 0.15639805793762207
v -0.215440034866333 -0.16170620918273926 0.12988954782485962
v -0.21689921617507935 -0.13519763946533203 0.14046865701675415
v -0.21483200788497925 -0.12984728813171387 0.14581900835037231
v -0.2222495675086975 -0.09811002016067505 0.11931043863296509
v -0.21933120489120483 -0.09275966882705688 0.12453919649124146
v -0.21033287048339844 -0.08218055963516235 0.13523989915847778
v -0.19878095388412476 -0.057739198207855225 0.13523989915847778
v -0.19355225563049316 -0.045092880725860596 0.1323215365409851
v -0.20413130521774292 -0.045092880725860596 0.12162083387374878
v -0.19878095388412476 -0.034513771533966064 0.11967521905899048
v -0.188201904296875 -0.0291634202003479 0.12514716386795044
v -0.17762279510498047 -0.013112425804138184 0.11931043863296509
v -0.17762279510498047 0.007924199104309082 0.09973299503326416
v -0.1405351161956787 0.023853659629821777 0.10642093420028687
v -0.13518476486206055 0.029447197914123535 0.10338097810745239
v -0.13518476486206055 0.0368647575378418 0.09280186891555786
v -0.1405351161956787 0.05571258068084717 0.06106460094451904
v -0.13518476486206055 0.06580525636672974 0.050363898277282715
v -0.15111422538757324 0.07687073945999146 0.02896249294281006
v -0.15111422538757324 0.08744984865188599 0.019477784633636475
v -0.1564645767211914 0.08744984865188599 0.018383383750915527
v -0.1564645767211914 0.09681296348571777 0.013276219367980957
v -0.16169333457946777 0.1162688136100769 0.007925868034362793
v -0.16169333457946777 0.12453752756118774 0.006709873676300049
v -0.16704368591308594 0.13511663675308228 0.007925868034362793
v -0.17762279510498047 0.14046698808670044 0.009263455867767334
v -0.1722724437713623 0.15639638900756836 0.00902026891708374
v -0.08751803636550903 0.15870678424835205 -0.3261061906814575
v -0.08216768503189087 0.1510460376739502 -0.3308485448360443
v -0.07158857583999634 0.1510460376739502 -0.3310917615890503
v -0.06100946664810181 0.1458173394203186 -0.3312133550643921
v -0.0562671422958374 0.14046698808670044 -0.3313349485397339
v -0.05565911531448364 0.12696951627731323 -0.33668529987335205
v -0.04508000612258911 0.10337930917739868 -0.347629189491272
v -0.03450089693069458 0.09109783172607422 -0.35261476039886475
v -0.04508000612258911 0.08550429344177246 -0.3578434884548187
v -0.03450089693069458 0.07687073945999146 -0.35942429304122925
v -0.002642035484313965 0.06094127893447876 -0.35723549127578735
v -0.01857149600982666 0.05571258068084717 -0.36161306500434875
v -0.03972965478897095 0.018503308296203613 -0.35723549127578735
v -0.03972965478897095 0.02920401096343994 -0.35978907346725464
v -0.023800194263458252 0.03443276882171631 -0.35905948281288147
v -0.023800194263458252 0.050362229347229004 -0.3622210621833801
v -0.007992386817932129 0.04501187801361084 -0.3602754771709442
v -0.007992386817932129 -0.0026549100875854492 -0.3589378893375397
v -0.013221144676208496 -0.0291634202003479 -0.3580867052078247
v 0.029216885566711426 -0.06102234125137329 -0.3723137378692627
v 0.02386653423309326 -0.07683020830154419 -0.3683009743690491
v 0.007937073707580566 -0.07160145044326782 -0.36149144172668457
v -0.0004532337188720703 -0.07683020830154419 -0.35261476039886475
v 0.007937073707580566 -0.08582854270935059 -0.35261476039886475
v 0.016935348510742188 -0.09275966882705688 -0.35261476039886475
v 0.03505361080169678 -0.10333877801895142 -0.35261476039886475
v 0.02386653423309326 -0.1040683388710022 -0.33668529987335205
v 0.02386653423309326 -0.10868912935256958 -0.32294464111328125
v 0.03979599475860596 -0.12948250770568848 -0.2995976209640503
v 0.028973698616027832 -0.1246185302734375 -0.28889694809913635
v 0.007937073707580566 -0.10868912935256958 -0.2807497978210449
v 0.03444564342498779 -0.12972569465637207 -0.2783178389072418
v 0.03505361080169678 -0.12984728813171387 -0.2623884081840515
v 0.03687763214111328 -0.12984728813171387 -0.25715965032577515
v 0.05037510395050049 -0.13519763946533203 -0.2531468868255615
v 0.05572545528411865 -0.13240087032318115 -0.24658054113388062
v 0.05572545528411865 -0.1246185302734375 -0.23867660760879517
v 0.07153332233428955 -0.09239482879638672 -0.20414254069328308
v 0.05572545528411865 -0.08218055963516235 -0.19988659024238586
v 0.02386653423309326 -0.07707339525222778 -0.20414254069328308
v 0.02386653423309326 -0.045092880725860596 -0.18249794840812683
v 0.03979599475860596 -0.045092880725860596 -0.1811603605747223
v 0.03444564342498779 -0.0291634202003479 -0.17313483357429504
v 0.02386653423309326 -0.008005261421203613 -0.16170454025268555
v 0.007937073707580566 -0.008005261421203613 -0.15538138151168823
v -0.002642035484313965 -0.01128840446472168 -0.15112543106079102
v 0.0027083158493041992 -0.0037493109703063965 -0.14577507972717285
v -0.007992386817932129 -0.0026549100875854492 -0.11537536978721619
v -0.01857149600982666 -0.012747585773468018 -0.11926653981208801
v -0.03972965478897095 -0.019678711891174316 -0.10333707928657532
v -0.04508000612258911 -0.017125189304351807 -0.08217889070510864
v -0.05529433488845825 -0.0291634202003479 -0.09275797009468079
v -0.05979347229003906 -0.034513771533966064 -0.08217889070510864
v -0.06234705448150635 -0.045092880725860596 -0.06102067232131958
v -0.07365572452545166 -0.05567198991775513 -0.07159978151321411
v -0.0679405927658081 -0.06102234125137329 -0.04509124159812927
v -0.08751803636550903 -0.10333877801895142 -0.021744251251220703
v -0.0908011794090271 -0.10868912935256958 -0.018582671880722046
v -0.10332590341567993 -0.1405479907989502 0.011452257633209229
v -0.0927467942237854 -0.1405479907989502 0.022274553775787354
v -0.0977323055267334 -0.1563558578491211 0.039784789085388184
v -0.12460565567016602 -0.1928355097770691 0.060943007469177246
v -0.20632010698318481 -0.19879385828971863 0.13523989915847778
v -0.20948165655136108 -0.18529638648033142 0.11931043863296509
v -0.21957439184188843 -0.15112709999084473 0.11396008729934692
v -0.22528952360153198 -0.12546974420547485 0.10873132944107056
v -0.22626233100891113 -0.11403942108154297 0.10873132944107056
v -0.22626233100891113 -0.10333877801895142 0.10873132944107056
v -0.23003190755844116 -0.10868912935256958 0.09280186891555786
v -0.23063987493515015 -0.09811002016067505 0.09122109413146973
v -0.22358715534210205 -0.08218055963516235 0.10873132944107056
v -0.22200638055801392 -0.05567198991775513 0.09803062677383423
v -0.215440034866333 -0.05032163858413696 0.10873132944107056
v -0.21057605743408203 -0.03974252939224243 0.10873132944107056
v -0.21045446395874023 -0.01323401927947998 0.08222275972366333
v -0.20413130521774292 -0.024056315422058105 0.10338097810745239
v -0.188201904296875 -0.01031559705734253 0.10873132944107056
v -0.1857699155807495 0.002695441246032715 0.09803062677383423
v -0.1722724437713623 0.018503308296203613 0.09182906150817871
v -0.1564645767211914 0.02920401096343994 0.08854591846466064
v -0.1564645767211914 0.05571258068084717 0.05182307958602905
v -0.1564645767211914 0.06629163026809692 0.03856879472732544
v -0.1564645767211914 0.08039712905883789 0.02385532855987549
v -0.1722724437713623 0.07687073945999146 0.026044130325317383
v -0.1722724437713623 0.08744984865188599 0.01923459768295288
v -0.1722724437713623 0.09802895784378052 0.014735400676727295
v -0.17762279510498047 0.11395841836929321 0.011573851108551025
v -0.18297314643859863 0.14046698808670044 0.008898675441741943
v -0.18297314643859863 0.1510460376739502 0.0070746541023254395
v -0.10332590341567993 0.1510460376739502 -0.3248901963233948
v -0.09809714555740356 0.1510460376739502 -0.32537660002708435
v -0.0927467942237854 0.14496612548828125 -0.3313349485397339
v -0.08751803636550903 0.1458173394203186 -0.3315781354904175
v -0.0768173336982727 0.1298878788948059 -0.3382660746574402
v -0.05991506576538086 0.1298878788948059 -0.33668529987335205
v -0.05565911531448364 0.10933762788772583 -0.3472644090652466
v -0.05565911531448364 0.07687073945999146 -0.3623426556587219
v -0.03972965478897095 0.05571258068084717 -0.36684179306030273
v -0.03972965478897095 0.050362229347229004 -0.3670850098133087
v -0.05565911531448364 0.050362229347229004 -0.3692737817764282
v -0.05565911531448364 0.04501187801361084 -0.36939537525177
v -0.04508000612258911 0.04501187801361084 -0.3676930069923401
v -0.06623822450637817 0.03443276882171631 -0.3674498200416565
v -0.08216768503189087 0.023853659629821777 -0.3628290295600891
v -0.05565911531448364 0.013274550437927246 -0.3556547164916992
v -0.07158857583999634 0.007559418678283691 -0.35261476039886475
v -0.06623822450637817 0.002695441246032715 -0.35079073905944824
v -0.04508000612258911 0.007924199104309082 -0.35480350255966187
v -0.01857149600982666 -0.034513771533966064 -0.3558979034423828
v -0.011275529861450195 -0.03974252939224243 -0.3578434884548187
v -0.013221144676208496 -0.05032163858413696 -0.3534659147262573
v -0.023800194263458252 -0.06102234125137329 -0.3386308550834656
v -0.00519561767578125 -0.07683020830154419 -0.3472644090652466
v -0.0004532337188720703 -0.08218055963516235 -0.3472644090652466
v 0.018516182899475098 -0.0970156192779541 -0.3472644090652466
v 0.0027083158493041992 -0.09798842668533325 -0.32075583934783936
v 0.007937073707580566 -0.1061355471611023 -0.29424726963043213
v 0.007207512855529785 -0.10868912935256958 -0.2623884081840515
v 0.018516182899475098 -0.11403942108154297 -0.251809298992157
v 0.03444564342498779 -0.12571293115615845 -0.251809298992157
v 0.029216885566711426 -0.11805218458175659 -0.24658054113388062
v 0.029216885566711426 -0.1130666732788086 -0.24123018980026245
v 0.02386653423309326 -0.1017579436302185 -0.23065108060836792
v 0.018516182899475098 -0.08230215311050415 -0.20937129855155945
v 0.018516182899475098 -0.034513771533966064 -0.17581000924110413
v -0.002642035484313965 -0.0291634202003479 -0.1699732542037964
v -0.002642035484313965 -0.019921958446502686 -0.16170454025268555
v -0.01857149600982666 -0.02186751365661621 -0.15635418891906738
v -0.013221144676208496 -0.017611563205718994 -0.15112543106079102
v -0.013221144676208496 -0.012747585773468018 -0.12984561920166016
v -0.043134450912475586 -0.0291634202003479 -0.12461689114570618
v -0.05748307704925537 -0.034513771533966064 -0.10868743062019348
v -0.06623822450637817 -0.03986412286758423 -0.09810832142829895
v -0.06964302062988281 -0.045092880725860596 -0.0875292420387268
v -0.08216768503189087 -0.06175196170806885 -0.07682853937149048
v -0.08472126722335815 -0.07683020830154419 -0.055670320987701416
v -0.0927467942237854 -0.09275966882705688 -0.04375365376472473
v -0.10332590341567993 -0.10333877801895142 -0.03718730807304382
v -0.09809714555740356 -0.11403942108154297 -0.018582671880722046
v -0.11402654647827148 -0.14431756734848022 0.007925868034362793
v -0.11925530433654785 -0.1717989146709442 0.039784789085388184
v -0.13518476486206055 -0.18967393040657043 0.050363898277282715
v -0.20948165655136108 -0.18201321363449097 0.10338097810745239
v -0.21446722745895386 -0.16170620918273926 0.08222275972366333
v -0.21969598531723022 -0.15112709999084473 0.0874515175819397
v -0.22188478708267212 -0.14577674865722656 0.09803062677383423
v -0.23063987493515015 -0.11476904153823853 0.08222275972366333
v -0.23416626453399658 -0.09275966882705688 0.071522057056427
v -0.23465263843536377 -0.07683020830154419 0.06629329919815063
v -0.22431671619415283 -0.045092880725860596 0.08222275972366333
v -0.22006076574325562 -0.045092880725860596 0.09474748373031616
v -0.22528952360153198 -0.0026549100875854492 0.03394800424575806
v -0.2155616283416748 0.023853659629821777 0.029205679893493652
v -0.20996809005737305 0.023853659629821777 0.039784789085388184
v -0.20340174436569214 -0.0026549100875854492 0.08222275972366333
v -0.19355225563049316 0.02920401096343994 0.057902991771698
v -0.17762279510498047 0.050362229347229004 0.049755871295928955
v -0.17762279510498047 0.06094127893447876 0.03881198167800903
v -0.17762279510498047 0.07152038812637329 0.02932727336883545
v -0.18297314643859863 0.08623385429382324 0.018504977226257324
v -0.18297314643859863 0.09280019998550415 0.015708208084106445
v -0.18297314643859863 0.10872966051101685 0.01218181848526001
v -0.188201904296875 0.10872966051101685 0.010844230651855469
v -0.188201904296875 0.13523823022842407 0.007682681083679199
v -0.19355225563049316 0.12453752756118774 0.006223499774932861
v -0.18735069036483765 0.1510460376739502 0.0026971101760864258
v -0.11925530433654785 0.1510460376739502 -0.3289029598236084
v -0.10867619514465332 0.14472293853759766 -0.3313349485397339
v -0.11402654647827148 0.1298878788948059 -0.34142765402793884
v -0.0927467942237854 0.1298878788948059 -0.34130603075027466
v -0.07158857583999634 0.11395841836929321 -0.34580522775650024
v -0.0768173336982727 0.09802895784378052 -0.35297954082489014
v -0.07158857583999634 0.07687073945999146 -0.3624642491340637
v -0.0768173336982727 0.06629163026809692 -0.36647701263427734
v -0.06623822450637817 0.04501187801361084 -0.3696385622024536
v -0.06623822450637817 0.03978312015533447 -0.3691521883010864
v -0.0768173336982727 0.03443276882171631 -0.3676930069923401
v -0.0927467942237854 0.023853659629821777 -0.36197787523269653
v -0.08751803636550903 0.013274550437927246 -0.3558979034423828
v -0.0768173336982727 -0.0021684765815734863 -0.3472644090652466
v -0.060644686222076416 -0.01323401927947998 -0.3472644090652466
v -0.0405808687210083 -0.034513771533966064 -0.3472644090652466
v -0.023800194263458252 -0.045092880725860596 -0.3493315577507019
v -0.029150545597076416 -0.06102234125137329 -0.3334021270275116
v -0.07158857583999634 -0.045092880725860596 -0.3180806636810303
v -0.06623822450637817 -0.035851359367370605 -0.3313349485397339
v -0.03450089693069458 -0.07002067565917969 -0.3154054880142212
v -0.029150545597076416 -0.067710280418396 -0.3261061906814575
v -0.023800194263458252 -0.0764654278755188 -0.32075583934783936
v -0.002155601978302002 -0.09275966882705688 -0.3261061906814575
v -0.013221144676208496 -0.09069246053695679 -0.3101767301559448
v -0.002642035484313965 -0.09811002016067505 -0.30737996101379395
v -0.013221144676208496 -0.09616440534591675 -0.2783178389072418
v -0.007992386817932129 -0.10029876232147217 -0.2623884081840515
v 0.0027083158493041992 -0.10321712493896484 -0.24658054113388062
v 0.018516182899475098 -0.10868912935256958 -0.2422029674053192
v 0.0027083158493041992 -0.09227323532104492 -0.22530072927474976
v -0.013221144676208496 -0.07160145044326782 -0.20450732111930847
v -0.029150545597076416 -0.051659226417541504 -0.18821308016777039
v -0.023800194263458252 -0.04618728160858154 -0.18286272883415222
v -0.023800194263458252 -0.029893040657043457 -0.1670548915863037
v -0.01857149600982666 -0.024542689323425293 -0.16170454025268555
v -0.025745809078216553 -0.023813068866729736 -0.15112543106079102
v -0.04508000612258911 -0.03220343589782715 -0.14054632186889648
v -0.07158857583999634 -0.04424172639846802 -0.12461689114570618
v -0.0768173336982727 -0.04618728160858154 -0.10868743062019348
v -0.0768173336982727 -0.04825448989868164 -0.09810832142829895
v -0.08216768503189087 -0.05567198991775513 -0.08850201964378357
v -0.08751803636550903 -0.06272470951080322 -0.08217889070510864
v -0.10332590341567993 -0.07160145044326782 -0.08217889070510864
v -0.12983441352844238 -0.11148589849472046 -0.03974089026451111
v -0.12326806783676147 -0.08753091096878052 -0.07159978151321411
v -0.11925530433654785 -0.11403942108154297 -0.031958550214767456
v -0.12983441352844238 -0.12984728813171387 -0.01602908968925476
v -0.12460565567016602 -0.1563558578491211 0.01631617546081543
v -0.1405351161956787 -0.18201321363449097 0.039784789085388184
v -0.14576387405395508 -0.17362290620803833 0.029205679893493652
v -0.16169333457946777 -0.18286439776420593 0.0352855920791626
v -0.19355225563049316 -0.1835939884185791 0.050363898277282715
v -0.20413130521774292 -0.17994603514671326 0.07687240839004517
v -0.20510411262512207 -0.16705656051635742 0.05571424961090088
v -0.20984649658203125 -0.1563558578491211 0.050363898277282715
v -0.22115516662597656 -0.12984728813171387 0.039784789085388184
v -0.22541111707687378 -0.12984728813171387 0.060943007469177246
v -0.229667067527771 -0.11926817893981934 0.06629329919815063
v -0.23404467105865479 -0.09275966882705688 0.04501354694366455
v -0.2359902262687683 -0.06625109910964966 0.050363898277282715
v -0.23562544584274292 -0.06102234125137329 0.050363898277282715
v -0.23258548974990845 -0.03974252939224243 0.04501354694366455
v -0.23039668798446655 -0.023813068866729736 0.039784789085388184
v -0.23063987493515015 -0.0026549100875854492 0.015708208084106445
v -0.22528952360153198 0.013274550437927246 0.018504977226257324
v -0.22528952360153198 0.02920401096343994 0.008898675441741943
v -0.20717132091522217 0.04501187801361084 0.02385532855987549
v -0.20413130521774292 0.03978312015533447 0.032245635986328125
v -0.18297314643859863 0.06094127893447876 0.03552883863449097
v -0.188201904296875 0.07152038812637329 0.02458488941192627
v -0.19355225563049316 0.09280019998550415 0.011452257633209229
v -0.21993917226791382 0.09802895784378052 -0.013232320547103882
v -0.2021857500076294 0.10337930917739868 0.0026971101760864258
v -0.20328015089035034 0.11395841836929321 -0.0026532113552093506
v -0.19683539867401123 0.12453752756118774 0.0026971101760864258
v -0.19379544258117676 0.1458173394203186 -0.008003562688827515
v -0.20948165655136108 0.13523823022842407 -0.02466261386871338
v -0.20413130521774292 0.16174674034118652 -0.025757014751434326
v -0.1564645767211914 0.16174674034118652 -0.32537660002708435
v -0.1405351161956787 0.1669754981994629 -0.32574141025543213
v -0.13518476486206055 0.1458173394203186 -0.3330373167991638
v -0.11402654647827148 0.10909444093704224 -0.35261476039886475
v -0.10332590341567993 0.08744984865188599 -0.3623426556587219
v -0.10867619514465332 0.07687073945999146 -0.3652610182762146
v -0.10332590341567993 0.06629163026809692 -0.36672019958496094
v -0.08751803636550903 0.03978312015533447 -0.3681793808937073
v -0.09809714555740356 0.03443276882171631 -0.3655042052268982
v -0.11402654647827148 0.01546335220336914 -0.35261476039886475
v -0.09140920639038086 -0.008005261421203613 -0.3419140577316284
v -0.0768173336982727 -0.018584370613098145 -0.3402116596698761
v -0.06100946664810181 -0.0291634202003479 -0.3400900661945343
v -0.08751803636550903 -0.040958523750305176 -0.3154054880142212
v -0.11925530433654785 -0.03658097982406616 -0.3101767301559448
v -0.12387609481811523 -0.045092880725860596 -0.29424726963043213
v -0.08216768503189087 -0.05032163858413696 -0.3043400049209595
v -0.08204609155654907 -0.06102234125137329 -0.2783178389072418
v -0.06842702627182007 -0.05567198991775513 -0.30482637882232666
v -0.03972965478897095 -0.07111507654190063 -0.30482637882232666
v -0.029150545597076416 -0.07683020830154419 -0.3102983236312866
v -0.025137782096862793 -0.08753091096878052 -0.28366819024086
v -0.03972965478897095 -0.08218055963516235 -0.260564386844635
v -0.023800194263458252 -0.09117889404296875 -0.24658054113388062
v -0.03450089693069458 -0.08218055963516235 -0.2353934347629547
v -0.029150545597076416 -0.08218055963516235 -0.2285839021205902
v -0.023800194263458252 -0.07683020830154419 -0.21557283401489258
v -0.023800194263458252 -0.06831830739974976 -0.20414254069328308
v -0.03972965478897095 -0.05567198991775513 -0.1949010193347931
v -0.03972965478897095 -0.04667365550994873 -0.18286272883415222
v -0.05030876398086548 -0.04071533679962158 -0.1722836196422577
v -0.06100946664810181 -0.038283348083496094 -0.16170454025268555
v -0.06623822450637817 -0.03913456201553345 -0.15635418891906738
v -0.0768173336982727 -0.045092880725860596 -0.13604718446731567
v -0.08216768503189087 -0.04740327596664429 -0.11403778195381165
v -0.08751803636550903 -0.04959207773208618 -0.10868743062019348
v -0.10332590341567993 -0.05032163858413696 -0.11586177349090576
v -0.11402654647827148 -0.05615842342376709 -0.10868743062019348
v -0.11925530433654785 -0.06625109910964966 -0.09664914011955261
v -0.12983441352844238 -0.08522051572799683 -0.07682853937149048
v -0.1405351161956787 -0.10868912935256958 -0.046428829431533813
v -0.1405351161956787 -0.13519763946533203 -0.011773139238357544
v -0.15111422538757324 -0.1539238691329956 0.007925868034362793
v -0.16704368591308594 -0.14577674865722656 0.0013595223426818848
v -0.1722724437713623 -0.19356510043144226 0.043432772159576416
v -0.17762279510498047 -0.20523858070373535 0.05571424961090088
v -0.188201904296875 -0.1722853183746338 0.030056893825531006
v -0.19355225563049316 -0.17593327164649963 0.039784789085388184
v -0.20096975564956665 -0.16170620918273926 0.03443443775177002
v -0.21957439184188843 -0.11926817893981934 0.018504977226257324
v -0.22528952360153198 -0.11403942108154297 0.028476059436798096
v -0.229059100151062 -0.11403942108154297 0.04501354694366455
v -0.23319345712661743 -0.09275966882705688 0.03443443775177002
v -0.23574703931808472 -0.06625109910964966 0.02385532855987549
v -0.23440945148468018 -0.034513771533966064 0.018504977226257324
v -0.23246383666992188 -0.01323401927947998 0.013276219367980957
v -0.2314910888671875 0.013274550437927246 0.0026971101760864258
v -0.23015350103378296 0.023853659629821777 0.0026971101760864258
v -0.23063987493515015 0.050362229347229004 -0.005450010299682617
v -0.20619851350784302 0.05571258068084717 0.018504977226257324
v -0.20413130521774292 0.06629163026809692 0.015586614608764648
v -0.22528952360153198 0.08951705694198608 -0.013232320547103882
v -0.23027509450912476 0.10337930917739868 -0.023811429738998413
v -0.21471041440963745 0.12453752756118774 -0.026608198881149292
v -0.22006076574325562 0.12453752756118774 -0.03208014369010925
v -0.22759991884231567 0.1458173394203186 -0.05031996965408325
v -0.22784310579299927 0.1510460376739502 -0.055670320987701416
v -0.24134057760238647 0.14046698808670044 -0.06624943017959595
v -0.24048936367034912 0.1458173394203186 -0.07159978151321411
v -0.2517980933189392 0.14679008722305298 -0.10868743062019348
v -0.29423606395721436 0.1510460376739502 -0.20462894439697266
v -0.3070039749145508 0.1458173394203186 -0.2147216498851776
v -0.3061527609825134 0.1458173394203186 -0.2200719714164734
v -0.3155158758163452 0.15639638900756836 -0.22092318534851074
v -0.16169333457946777 0.14046698808670044 -0.33255094289779663
v -0.1564645767211914 0.13523823022842407 -0.3363204896450043
v -0.11925530433654785 0.09802895784378052 -0.3578434884548187
v -0.11925530433654785 0.08744984865188599 -0.36185625195503235
v -0.1405351161956787 0.07687073945999146 -0.3607618808746338
v -0.14576387405395508 0.06629163026809692 -0.3610050678253174
v -0.12983441352844238 0.050362229347229004 -0.36440983414649963
v -0.12983441352844238 0.04501187801361084 -0.3631938397884369
v -0.13518476486206055 0.018503308296203613 -0.35042595863342285
v -0.0927467942237854 -0.023813068866729736 -0.3313349485397339
v -0.12460565567016602 -0.018584370613098145 -0.3286597728729248
v -0.13518476486206055 -0.018584370613098145 -0.32537660002708435
v -0.13518476486206055 -0.026853084564208984 -0.3154054880142212
v -0.12983441352844238 -0.040228962898254395 -0.2995976209640503
v -0.1405351161956787 -0.03852653503417969 -0.29424726963043213
v -0.13518476486206055 -0.04582250118255615 -0.28366819024086
v -0.12460565567016602 -0.05044323205947876 -0.2783178389072418
v -0.1272808313369751 -0.05032163858413696 -0.27308911085128784
v -0.0927467942237854 -0.05834716558456421 -0.27308911085128784
v -0.058334290981292725 -0.07160145044326782 -0.251809298992157
v -0.06623822450637817 -0.06710231304168701 -0.24658054113388062
v -0.06623822450637817 -0.06102234125137329 -0.22493594884872437
v -0.04508000612258911 -0.06102234125137329 -0.20548012852668762
v -0.05565911531448364 -0.0537264347076416 -0.19879218935966492
v -0.05565911531448364 -0.049227237701416016 -0.18821308016777039
v -0.06623822450637817 -0.045092880725860596 -0.178606778383255
v -0.07158857583999634 -0.041566550731658936 -0.1670548915863037
v -0.08216768503189087 -0.042417705059051514 -0.15635418891906738
v -0.08751803636550903 -0.04582250118255615 -0.14054632186889648
v -0.09809714555740356 -0.04667365550994873 -0.12984561920166016
v -0.10867619514465332 -0.04776805639266968 -0.12461689114570618
v -0.12460565567016602 -0.045092880725860596 -0.12960243225097656
v -0.12983441352844238 -0.06102234125137329 -0.106255441904068
v -0.12460565567016602 -0.07160145044326782 -0.09178519248962402
v -0.15111422538757324 -0.09190845489501953 -0.07159978151321411
v -0.1564645767211914 -0.10333877801895142 -0.05518394708633423
v -0.16169333457946777 -0.11926817893981934 -0.029526561498641968
v -0.1564645767211914 -0.13519763946533203 -0.011651545763015747
v -0.17762279510498047 -0.13519763946533203 -0.006787598133087158
v -0.18297314643859863 -0.15489667654037476 0.013276219367980957
v -0.19878095388412476 -0.1246185302734375 -0.004477202892303467
v -0.19878095388412476 -0.15562623739242554 0.02385532855987549
v -0.21398085355758667 -0.1246185302734375 0.013276219367980957
v -0.22006076574325562 -0.10868912935256958 0.006709873676300049
v -0.23051828145980835 -0.08753091096878052 0.013276219367980957
v -0.23404467105865479 -0.07683020830154419 0.018504977226257324
v -0.23526066541671753 -0.06102234125137329 0.013276219367980957
v -0.2317342758178711 -0.045092880725860596 -0.013232320547103882
v -0.23465263843536377 -0.03974252939224243 0.0026971101760864258
v -0.23416626453399658 -0.01323401927947998 -0.013232320547103882
v -0.23319345712661743 0.007924199104309082 -0.0026532113552093506
v -0.23440945148468018 0.023853659629821777 -0.008003562688827515
v -0.24121898412704468 0.04501187801361084 -0.021257847547531128
v -0.23951661586761475 0.05571258068084717 -0.018582671880722046
v -0.2380574345588684 0.08222109079360962 -0.023811429738998413
v -0.23270708322525024 0.08744984865188599 -0.018582671880722046
v -0.23550385236740112 0.09280019998550415 -0.023811429738998413
v -0.23477423191070557 0.10337930917739868 -0.029161781072616577
v -0.23063987493515015 0.11031043529510498 -0.029161781072616577
v -0.23063987493515015 0.12867188453674316 -0.04509124159812927
v -0.24401575326919556 0.13523823022842407 -0.06624943017959595
v -0.24863648414611816 0.1298878788948059 -0.07159978151321411
v -0.25544607639312744 0.13523823022842407 -0.09275797009468079
v -0.26249879598617554 0.13523823022842407 -0.11014661192893982
v -0.289007306098938 0.14265573024749756 -0.12984561920166016
v -0.289007306098938 0.14460134506225586 -0.12461689114570618
v -0.27830666303634644 0.1348733901977539 -0.12984561920166016
v -0.27307790517807007 0.13402223587036133 -0.12984561920166016
v -0.27830666303634644 0.13414382934570312 -0.11926653981208801
v -0.289007306098938 0.1435069441795349 -0.11926653981208801
v -0.289007306098938 0.14046698808670044 -0.11549696326255798
v -0.29423606395721436 0.14472293853759766 -0.11926653981208801
v -0.29423606395721436 0.14557409286499023 -0.12461689114570618
v -0.29423606395721436 0.14277732372283936 -0.12984561920166016
v -0.289007306098938 0.13864296674728394 -0.13519597053527832
v -0.2819545865058899 0.13523823022842407 -0.13519597053527832
v -0.27830666303634644 0.13426542282104492 -0.13519597053527832
v -0.27307790517807007 0.13548141717910767 -0.13519597053527832
v -0.2677275538444519 0.13523823022842407 -0.12583285570144653
v -0.26249879598617554 0.14922207593917847 -0.14054632186889648
v -0.26213395595550537 0.1510460376739502 -0.14577507972717285
v -0.2677275538444519 0.14861410856246948 -0.18821308016777039
v -0.27830666303634644 0.15141087770462036 -0.19879218935966492
v -0.2836569547653198 0.1510460376739502 -0.20085936784744263
v -0.29423606395721436 0.1458173394203186 -0.20535853505134583
v -0.3017752170562744 0.1458173394203186 -0.20937129855155945
v -0.3066391944885254 0.14046698808670044 -0.20937129855155945
v -0.3048151731491089 0.14046698808670044 -0.20669612288475037
v -0.3084631562232971 0.13523823022842407 -0.20414254069328308
v -0.3091927170753479 0.13523823022842407 -0.20937129855155945
v -0.3082199692726135 0.13523823022842407 -0.2147216498851776
v -0.3070039749145508 0.14046698808670044 -0.2147216498851776
v -0.30554479360580444 0.14046698808670044 -0.2200719714164734
v -0.3012888431549072 0.1458173394203186 -0.22530072927474976
v -0.3048151731491089 0.1510460376739502 -0.22566553950309753
v -0.289007306098938 0.1510460376739502 -0.23028630018234253
v -0.27830666303634644 0.14922207593917847 -0.23065108060836792
v -0.2677275538444519 0.14995169639587402 -0.23065108060836792
v -0.18893146514892578 0.1458173394203186 -0.3154054880142212
v -0.17762279510498047 0.1510460376739502 -0.32026946544647217
v -0.16704368591308594 0.11395841836929321 -0.34118443727493286
v -0.16169333457946777 0.10872966051101685 -0.34556201100349426
v -0.1564645767211914 0.10872966051101685 -0.3472644090652466
v -0.1564645767211914 0.07152038812637329 -0.35699230432510376
v -0.1405351161956787 0.05571258068084717 -0.3623426556587219
v -0.1405351161956787 0.050362229347229004 -0.361248254776001
v -0.1405351161956787 0.03443276882171631 -0.35480350255966187
v -0.14576387405395508 0.018503308296203613 -0.3471428155899048
v -0.1722724437713623 0.023853659629821777 -0.33705008029937744
v -0.1405351161956787 -0.0032628774642944336 -0.33668529987335205
v -0.14576387405395508 -0.0073972344398498535 -0.3313349485397339
v -0.15111422538757324 -0.018462717533111572 -0.3154054880142212
v -0.16704368591308594 -0.022475481033325195 -0.29424726963043213
v -0.1722724437713623 -0.015665948390960693 -0.2995976209640503
v -0.1722724437713623 -0.023448288440704346 -0.28366819024086
v -0.13980555534362793 -0.045092880725860596 -0.2783178389072418
v -0.13518476486206055 -0.04776805639266968 -0.2677387595176697
v -0.1405351161956787 -0.0449712872505188 -0.2623884081840515
v -0.12983441352844238 -0.04801124334335327 -0.25715965032577515
v -0.09809714555740356 -0.05664479732513428 -0.25715965032577515
v -0.08751803636550903 -0.05567198991775513 -0.2334478497505188
v -0.06623822450637817 -0.05105125904083252 -0.19879218935966492
v -0.0768173336982727 -0.045092880725860596 -0.18286272883415222
v -0.08751803636550903 -0.041931331157684326 -0.1722836196422577
v -0.0927467942237854 -0.04120171070098877 -0.1670548915863037
v -0.10417705774307251 -0.045092880725860596 -0.13519597053527832
v -0.11925530433654785 -0.04071533679962158 -0.14054632186889648
v -0.13518476486206055 -0.04047214984893799 -0.13519597053527832
v -0.1405351161956787 -0.05032163858413696 -0.12206330895423889
v -0.1722724437713623 -0.07160145044326782 -0.09859472513198853
v -0.16169333457946777 -0.07877576351165771 -0.0875292420387268
v -0.17762279510498047 -0.08412611484527588 -0.07682853937149048
v -0.17762279510498047 -0.11112105846405029 -0.03451213240623474
v -0.17762279510498047 -0.11938977241516113 -0.023811429738998413
v -0.20145612955093384 -0.11403942108154297 -0.013232320547103882
v -0.20948165655136108 -0.09932601451873779 -0.023811429738998413
v -0.21483200788497925 -0.09275966882705688 -0.023811429738998413
v -0.22006076574325562 -0.08218055963516235 -0.02527061104774475
v -0.22601914405822754 -0.07160145044326782 -0.018582671880722046
v -0.22991031408309937 -0.03974252939224243 -0.029161781072616577
v -0.23343664407730103 -0.023813068866729736 -0.018582671880722046
v -0.2364766001701355 0.002695441246032715 -0.023811429738998413
v -0.24146217107772827 0.023853659629821777 -0.03451213240623474
v -0.24656933546066284 0.047930240631103516 -0.03451213240623474
v -0.24656933546066284 0.06094127893447876 -0.03378254175186157
v -0.2453533411026001 0.08222109079360962 -0.03974089026451111
v -0.23951661586761475 0.09802895784378052 -0.03451213240623474
v -0.24121898412704468 0.10872966051101685 -0.04861760139465332
v -0.24097579717636108 0.11930876970291138 -0.055670320987701416
v -0.24912291765213013 0.10337930917739868 -0.06624943017959595
v -0.25386524200439453 0.10872966051101685 -0.07682853937149048
v -0.25751322507858276 0.12453752756118774 -0.0875292420387268
v -0.26249879598617554 0.12453752756118774 -0.09555473923683167
v -0.2677275538444519 0.1298878788948059 -0.1103898286819458
v -0.27307790517807007 0.12940144538879395 -0.11403778195381165
v -0.27830666303634644 0.1298878788948059 -0.11330819129943848
v -0.289007306098938 0.13523823022842407 -0.11221379041671753
v -0.2836569547653198 0.12453752756118774 -0.10941702127456665
v -0.289007306098938 0.1298878788948059 -0.11087620258331299
v -0.2952088713645935 0.13523823022842407 -0.11403778195381165
v -0.29423606395721436 0.14046698808670044 -0.11537536978721619
v -0.2994648218154907 0.14046698808670044 -0.11926653981208801
v -0.3000728487968445 0.14046698808670044 -0.12461689114570618
v -0.29703283309936523 0.14046698808670044 -0.12984561920166016
v -0.2999512553215027 0.13523823022842407 -0.12984561920166016
v -0.29642486572265625 0.13523823022842407 -0.13519597053527832
v -0.29423606395721436 0.13523823022842407 -0.13714155554771423
v -0.289007306098938 0.13523823022842407 -0.13823595643043518
v -0.2836569547653198 0.13219821453094482 -0.14054632186889648
v -0.289007306098938 0.1298878788948059 -0.1422487199306488
v -0.28268420696258545 0.1298878788948059 -0.14577507972717285
v -0.27830666303634644 0.13341420888900757 -0.14577507972717285
v -0.2571484446525574 0.15469402074813843 -0.18286272883415222
v -0.2677275538444519 0.1458173394203186 -0.18274113535881042
v -0.27830666303634644 0.14107495546340942 -0.18821308016777039
v -0.2836569547653198 0.1458173394203186 -0.1969681978225708
v -0.29423606395721436 0.14046698808670044 -0.2035345435142517
v -0.29423606395721436 0.13596779108047485 -0.19879218935966492
v -0.3048151731491089 0.13523823022842407 -0.20061618089675903
v -0.3048151731491089 0.1298878788948059 -0.19854900240898132
v -0.30955755710601807 0.1298878788948059 -0.20414254069328308
v -0.31040871143341064 0.1298878788948059 -0.2200719714164734
v -0.3048151731491089 0.13511663675308228 -0.22530072927474976
v -0.30116719007492065 0.14046698808670044 -0.22530072927474976
v -0.29423606395721436 0.1458173394203186 -0.22943508625030518
v -0.289007306098938 0.1458173394203186 -0.2312590777873993
v -0.289007306098938 0.14046698808670044 -0.23417744040489197
v -0.2677275538444519 0.1458173394203186 -0.23527184128761292
v -0.26249879598617554 0.14800608158111572 -0.2358798384666443
v -0.2248031497001648 0.16174674034118652 -0.27308911085128784
v -0.22006076574325562 0.1510460376739502 -0.29388248920440674
v -0.19586259126663208 0.15639638900756836 -0.30482637882232666
v -0.20425289869308472 0.14046698808670044 -0.3101767301559448
v -0.19355225563049316 0.11395841836929321 -0.3258630037307739
v -0.19878095388412476 0.08744984865188599 -0.33242934942245483
v -0.19878095388412476 0.07687073945999146 -0.33461809158325195
v -0.1722724437713623 0.07152038812637329 -0.3495747745037079
v -0.16704368591308594 0.06629163026809692 -0.35224995017051697
v -0.16169333457946777 0.02920401096343994 -0.3443460166454315
v -0.18297314643859863 0.023853659629821777 -0.3308485448360443
v -0.1564645767211914 -0.0026549100875854492 -0.329389363527298
v -0.16704368591308594 -0.0077620744705200195 -0.3154054880142212
v -0.17798757553100586 0.002695441246032715 -0.3154054880142212
v -0.17859554290771484 -0.01323401927947998 -0.29424726963043213
v -0.17762279510498047 -0.017125189304351807 -0.28889694809913635
v -0.17762279510498047 -0.020773112773895264 -0.2783178389072418
v -0.16704368591308594 -0.0291634202003479 -0.2744266986846924
v -0.16704368591308594 -0.030014634132385254 -0.2623884081840515
v -0.16169333457946777 -0.03159540891647339 -0.24123018980026245
v -0.14576387405395508 -0.03633779287338257 -0.23065108060836792
v -0.10867619514465332 -0.04861927032470703 -0.23065108060836792
v -0.08751803636550903 -0.0467953085899353 -0.20414254069328308
v -0.10867619514465332 -0.038891375064849854 -0.18821308016777039
v -0.10867619514465332 -0.03755378723144531 -0.17763397097587585
v -0.13348239660263062 -0.0291634202003479 -0.1722836196422577
v -0.11925530433654785 -0.03463542461395264 -0.1670548915863037
v -0.11402654647827148 -0.03937774896621704 -0.15112543106079102
v -0.1405351161956787 -0.029893040657043457 -0.15112543106079102
v -0.15111422538757324 -0.034513771533966064 -0.1399383246898651
v -0.16704368591308594 -0.037188947200775146 -0.13519597053527832
v -0.17762279510498047 -0.05822557210922241 -0.11403778195381165
v -0.18297314643859863 -0.06673747301101685 -0.10333707928657532
v -0.18297314643859863 -0.07743817567825317 -0.0875292420387268
v -0.188201904296875 -0.08436930179595947 -0.07159978151321411
v -0.18370270729064941 -0.09275966882705688 -0.06102067232131958
v -0.1997537612915039 -0.10333877801895142 -0.029161781072616577
v -0.20413130521774292 -0.08218055963516235 -0.05883190035820007
v -0.20948165655136108 -0.07160145044326782 -0.06527665257453918
v -0.21750718355178833 -0.06625109910964966 -0.05031996965408325
v -0.22006076574325562 -0.05968475341796875 -0.05031996965408325
v -0.22528952360153198 -0.045092880725860596 -0.05031996965408325
v -0.2291806936264038 -0.034513771533966064 -0.055670320987701416
v -0.23343664407730103 -0.018584370613098145 -0.04509124159812927
v -0.2430429458618164 0.023853659629821777 -0.04509124159812927
v -0.24851489067077637 0.05571258068084717 -0.03974089026451111
v -0.25058209896087646 0.08744984865188599 -0.06102067232131958
v -0.2543516755104065 0.08222109079360962 -0.06624943017959595
v -0.2571484446525574 0.10337930917739868 -0.07950371503829956
v -0.2628635764122009 0.07687073945999146 -0.07682853937149048
v -0.26553875207901 0.08744984865188599 -0.08217889070510864
v -0.26055318117141724 0.11395841836929321 -0.0875292420387268
v -0.2677275538444519 0.12453752756118774 -0.10272908210754395
v -0.27307790517807007 0.12453752756118774 -0.10795783996582031
v -0.27830666303634644 0.123321533203125 -0.10868743062019348
v -0.2836569547653198 0.11967355012893677 -0.10868743062019348
v -0.289007306098938 0.11930876970291138 -0.11148419976234436
v -0.29423606395721436 0.1298878788948059 -0.11342978477478027
v -0.2998296618461609 0.13523823022842407 -0.11926653981208801
v -0.30080240964889526 0.13523823022842407 -0.12461689114570618
v -0.3003160357475281 0.1298878788948059 -0.12984561920166016
v -0.29861366748809814 0.1298878788948059 -0.13519597053527832
v -0.29423606395721436 0.12453752756118774 -0.1424919068813324
v -0.289007306098938 0.12587511539459229 -0.14577507972717285
v -0.2836569547653198 0.1279422640800476 -0.15112543106079102
v -0.2778202295303345 0.13523823022842407 -0.16170454025268555
v -0.27307790517807007 0.14010214805603027 -0.17763397097587585
v -0.27830666303634644 0.13803499937057495 -0.18286272883415222
v -0.289007306098938 0.13523823022842407 -0.19441461563110352
v -0.29423606395721436 0.1300094723701477 -0.19356343150138855
v -0.31016552448272705 0.12453752756118774 -0.19611701369285583
v -0.3155158758163452 0.12465912103652954 -0.19879218935966492
v -0.3207446336746216 0.12830710411071777 -0.20414254069328308
v -0.33290451765060425 0.13523823022842407 -0.20414254069328308
v -0.3366740942001343 0.13523823022842407 -0.20195376873016357
v -0.34202444553375244 0.1298878788948059 -0.19854900240898132
v -0.3472532033920288 0.1298878788948059 -0.1992785930633545
v -0.35783231258392334 0.13523823022842407 -0.2015889585018158
v -0.3499283790588379 0.12453752756118774 -0.20414254069328308
v -0.352117121219635 0.12453752756118774 -0.20937129855155945
v -0.3500499725341797 0.12453752756118774 -0.2147216498851776
v -0.3472532033920288 0.11857914924621582 -0.2147216498851776
v -0.3431188464164734 0.12453752756118774 -0.2200719714164734
v -0.3366740942001343 0.12453752756118774 -0.22286877036094666
v -0.3313237428665161 0.12295675277709961 -0.22530072927474976
v -0.32609498500823975 0.12453752756118774 -0.22505754232406616
v -0.3207446336746216 0.12502390146255493 -0.22530072927474976
v -0.3155158758163452 0.12757748365402222 -0.2200719714164734
v -0.3091927170753479 0.1298878788948059 -0.22530072927474976
v -0.2995864152908325 0.13523823022842407 -0.2310158908367157
v -0.289007306098938 0.13377904891967773 -0.24123018980026245
v -0.2706459164619446 0.14046698808670044 -0.24123018980026245
v -0.26176917552948 0.1458173394203186 -0.24123018980026245
v -0.24121898412704468 0.15700441598892212 -0.25715965032577515
v -0.2677275538444519 0.13426542282104492 -0.2623884081840515
v -0.23063987493515015 0.15141087770462036 -0.28366819024086
v -0.2359902262687683 0.13803499937057495 -0.29424726963043213
v -0.23063987493515015 0.13645422458648682 -0.2995976209640503
v -0.22322237491607666 0.13523823022842407 -0.30482637882232666
v -0.23063987493515015 0.10872966051101685 -0.3147974908351898
v -0.2359902262687683 0.08744984865188599 -0.31856706738471985
v -0.1956194043159485 0.06629163026809692 -0.33668529987335205
v -0.20546889305114746 0.06094127893447876 -0.3313349485397339
v -0.188201904296875 0.03978312015533447 -0.33486130833625793
v -0.20413130521774292 0.0347975492477417 -0.32075583934783936
v -0.18297314643859863 0.018503308296203613 -0.3269574046134949
v -0.1885666847229004 0.013274550437927246 -0.3154054880142212
v -0.19878095388412476 0.007924199104309082 -0.2930313050746918
v -0.19355225563049316 -0.0019252896308898926 -0.28366819024086
v -0.18528348207473755 -0.01323401927947998 -0.2783178389072418
v -0.18297314643859863 -0.019313931465148926 -0.25715965032577515
v -0.1770147681236267 -0.023813068866729736 -0.251809298992157
v -0.16680049896240234 -0.0291634202003479 -0.23065108060836792
v -0.15111422538757324 -0.03317618370056152 -0.2200719714164734
v -0.14576387405395508 -0.03244662284851074 -0.20414254069328308
v -0.1405351161956787 -0.02746105194091797 -0.17763397097587585
v -0.1564645767211914 -0.022597134113311768 -0.1722836196422577
v -0.15111422538757324 -0.02332669496536255 -0.1670548915863037
v -0.14576387405395508 -0.025150656700134277 -0.16170454025268555
v -0.1564645767211914 -0.023813068866729736 -0.15769177675247192
v -0.18297314643859863 -0.025880277156829834 -0.14577507972717285
v -0.19355225563049316 -0.027217864990234375 -0.14054632186889648
v -0.188201904296875 -0.03876978158950806 -0.12984561920166016
v -0.188201904296875 -0.05567198991775513 -0.11355137825012207
v -0.19051223993301392 -0.07160145044326782 -0.09275797009468079
v -0.19878095388412476 -0.06989908218383789 -0.0875292420387268
v -0.2089952826499939 -0.06102234125137329 -0.0875292420387268
v -0.21288645267486572 -0.06102234125137329 -0.07682853937149048
v -0.21993917226791382 -0.05032163858413696 -0.07682853937149048
v -0.2293022871017456 -0.034513771533966064 -0.07682853937149048
v -0.2359902262687683 -0.017976343631744385 -0.07159978151321411
v -0.247542142868042 0.03443276882171631 -0.06102067232131958
v -0.25289249420166016 0.06629163026809692 -0.06102067232131958
v -0.2582428455352783 0.06094127893447876 -0.07159978151321411
v -0.25958043336868286 0.05571258068084717 -0.07682853937149048
v -0.2702811360359192 0.06094127893447876 -0.0875292420387268
v -0.2721050977706909 0.07152038812637329 -0.0875292420387268
v -0.29423606395721436 0.06094127893447876 -0.10236430168151855
v -0.29423606395721436 0.05571258068084717 -0.10345867276191711
v -0.2836569547653198 0.06629163026809692 -0.09664914011955261
v -0.2769690752029419 0.07687073945999146 -0.09275797009468079
v -0.27307790517807007 0.09815055131912231 -0.09275797009468079
v -0.27830666303634644 0.11930876970291138 -0.10662025213241577
v -0.289007306098938 0.10872966051101685 -0.11124101281166077
v -0.2952088713645935 0.11930876970291138 -0.11926653981208801
v -0.2973976731300354 0.11930876970291138 -0.12461689114570618
v -0.29885685443878174 0.12453752756118774 -0.13519597053527832
v -0.297640860080719 0.11930876970291138 -0.14054632186889648
v -0.29581689834594727 0.11930876970291138 -0.14577507972717285
v -0.29423606395721436 0.12015992403030396 -0.15112543106079102
v -0.2858457565307617 0.1298878788948059 -0.1670548915863037
v -0.2913177013397217 0.1298878788948059 -0.18821308016777039
v -0.3048151731491089 0.12453752756118774 -0.18967226147651672
v -0.3207446336746216 0.12064635753631592 -0.19356343150138855
v -0.3207446336746216 0.12538868188858032 -0.19879218935966492
v -0.32609498500823975 0.12709110975265503 -0.19879218935966492
v -0.3343636989593506 0.1298878788948059 -0.19879218935966492
v -0.3313237428665161 0.11930876970291138 -0.19599542021751404
v -0.3382548689842224 0.11930876970291138 -0.19879218935966492
v -0.3456724286079407 0.11930876970291138 -0.20414254069328308
v -0.3479827642440796 0.11930876970291138 -0.20937129855155945
v -0.3502931594848633 0.11395841836929321 -0.2147216498851776
v -0.3472532033920288 0.11493122577667236 -0.2200719714164734
v -0.3427540063858032 0.11930876970291138 -0.2200719714164734
v -0.3366740942001343 0.11906558275222778 -0.22530072927474976
v -0.32609498500823975 0.12064635753631592 -0.23065108060836792
v -0.3155158758163452 0.12660467624664307 -0.22530072927474976
v -0.29423606395721436 0.1307390332221985 -0.24123018980026245
v -0.27307790517807007 0.13645422458648682 -0.24658054113388062
v -0.2677275538444519 0.12891507148742676 -0.27308911085128784
v -0.27830666303634644 0.11395841836929321 -0.28366819024086
v -0.2677275538444519 0.11930876970291138 -0.2850057780742645
v -0.2517980933189392 0.09875857830047607 -0.3101767301559448
v -0.251919686794281 0.08744984865188599 -0.3154054880142212
v -0.2571484446525574 0.07687073945999146 -0.31674307584762573
v -0.2677275538444519 0.07687073945999146 -0.31370311975479126
v -0.26249879598617554 0.07152038812637329 -0.31589189171791077
v -0.2517980933189392 0.07152038812637329 -0.31820225715637207
v -0.2359902262687683 0.07687073945999146 -0.3196614384651184
v -0.2359902262687683 0.06094127893447876 -0.3191750645637512
v -0.23015350103378296 0.06094127893447876 -0.32075583934783936
v -0.21471041440963745 0.050362229347229004 -0.32367420196533203
v -0.20948165655136108 0.04501187801361084 -0.32367420196533203
v -0.20948165655136108 0.027380049228668213 -0.3101767301559448
v -0.23063987493515015 0.03978312015533447 -0.3085959553718567
v -0.20948165655136108 0.018503308296203613 -0.2994760274887085
v -0.2159264087677002 0.013274550437927246 -0.28366819024086
v -0.20413130521774292 -0.0019252896308898926 -0.2677387595176697
v -0.1996321678161621 -0.01323401927947998 -0.251809298992157
v -0.188201904296875 -0.015909194946289062 -0.25715965032577515
v -0.18297314643859863 -0.022475481033325195 -0.24123018980026245
v -0.188201904296875 -0.024542689323425293 -0.20937129855155945
v -0.18297314643859863 -0.024177908897399902 -0.19879218935966492
v -0.18066275119781494 -0.018584370613098145 -0.1722836196422577
v -0.18297314643859863 -0.018949151039123535 -0.16170454025268555
v -0.20413130521774292 -0.01323401927947998 -0.15684059262275696
v -0.19355225563049316 -0.018584370613098145 -0.15440860390663147
v -0.22528952360153198 -0.017246782779693604 -0.13519597053527832
v -0.21471041440963745 -0.015179574489593506 -0.14577507972717285
v -0.21057605743408203 -0.0291634202003479 -0.12984561920166016
v -0.22006076574325562 -0.03974252939224243 -0.10734984278678894
v -0.22991031408309937 -0.0291634202003479 -0.10868743062019348
v -0.22808629274368286 -0.034513771533966064 -0.09810832142829895
v -0.2359902262687683 -0.023448288440704346 -0.09275797009468079
v -0.24121898412704468 -0.012990772724151611 -0.09275797009468079
v -0.24450212717056274 0.007924199104309082 -0.08217889070510864
v -0.2524060606956482 0.050362229347229004 -0.06624943017959595
v -0.2571484446525574 0.04501187801361084 -0.08230048418045044
v -0.26018840074539185 0.04501187801361084 -0.0875292420387268
v -0.2677275538444519 0.050362229347229004 -0.09142038226127625
v -0.29423606395721436 0.050362229347229004 -0.1058906614780426
v -0.3155158758163452 0.05571258068084717 -0.11002501845359802
v -0.3048151731491089 0.06629163026809692 -0.10540425777435303
v -0.2836569547653198 0.08744984865188599 -0.10114830732345581
v -0.28937214612960815 0.09802895784378052 -0.10868743062019348
v -0.29423606395721436 0.09802895784378052 -0.11391618847846985
v -0.2953304648399353 0.10337930917739868 -0.11926653981208801
v -0.29897844791412354 0.11395841836929321 -0.13519597053527832
v -0.2998296618461609 0.11395841836929321 -0.14054632186889648
v -0.2995864152908325 0.11529600620269775 -0.14577507972717285
v -0.2995864152908325 0.11687678098678589 -0.15112543106079102
v -0.3048151731491089 0.12271350622177124 -0.1722836196422577
v -0.3155158758163452 0.11894398927688599 -0.17763397097587585
v -0.3207446336746216 0.11784958839416504 -0.18821308016777039
v -0.32609498500823975 0.11930876970291138 -0.19404983520507812
v -0.3319317102432251 0.11395841836929321 -0.19356343150138855
v -0.34628039598464966 0.11395841836929321 -0.20414254069328308
v -0.3496851921081543 0.11395841836929321 -0.20937129855155945
v -0.35783231258392334 0.11067521572113037 -0.2147216498851776
v -0.35783231258392334 0.11031043529510498 -0.20937129855155945
v -0.3631826639175415 0.10872966051101685 -0.19964337348937988
v -0.37376171350479126 0.10885125398635864 -0.19356343150138855
v -0.3843408226966858 0.10872966051101685 -0.19295543432235718
v -0.38969117403030396 0.10872966051101685 -0.19392824172973633
v -0.4002702832221985 0.11930876970291138 -0.19575220346450806
v -0.40780943632125854 0.12453752756118774 -0.19879218935966492
v -0.41024142503738403 0.11930876970291138 -0.20414254069328308
v -0.4069582223892212 0.11395841836929321 -0.20937129855155945
v -0.39443355798721313 0.09802895784378052 -0.20937129855155945
v -0.39139360189437866 0.09280019998550415 -0.20937129855155945
v -0.38969117403030396 0.09280019998550415 -0.2152080237865448
v -0.3843408226966858 0.09280019998550415 -0.22299036383628845
v -0.3791120648384094 0.09584015607833862 -0.22530072927474976
v -0.36853301525115967 0.09912335872650146 -0.23065108060836792
v -0.3631826639175415 0.10471689701080322 -0.22530072927474976
v -0.35783231258392334 0.109702467918396 -0.2200719714164734
v -0.3366740942001343 0.11566078662872314 -0.23065108060836792
v -0.2995864152908325 0.1257535219192505 -0.24658054113388062
v -0.27830666303634644 0.1281854510307312 -0.2623884081840515
v -0.289007306098938 0.12064635753631592 -0.2677387595176697
v -0.29423606395721436 0.10605448484420776 -0.28366819024086
v -0.2564188241958618 0.10337930917739868 -0.30482637882232666
v -0.26249879598617554 0.09280019998550415 -0.30981194972991943
v -0.2836569547653198 0.08222109079360962 -0.3059207797050476
v -0.2836569547653198 0.06629163026809692 -0.30944716930389404
v -0.27830666303634644 0.05571258068084717 -0.31127113103866577
v -0.2677275538444519 0.050362229347229004 -0.3123655319213867
v -0.26249879598617554 0.05571258068084717 -0.314675897359848
v -0.2359902262687683 0.05571258068084717 -0.3175942897796631
v -0.24121898412704468 0.050362229347229004 -0.31394630670547485
v -0.24656933546066284 0.04099911451339722 -0.30482637882232666
v -0.24121898412704468 0.040512681007385254 -0.30482637882232666
v -0.2359902262687683 0.03443276882171631 -0.29850324988365173
v -0.23063987493515015 0.024948060512542725 -0.28889694809913635
v -0.22528952360153198 0.014004170894622803 -0.2783178389072418
v -0.22006076574325562 -0.004600465297698975 -0.25715965032577515
v -0.21471041440963745 -0.01323401927947998 -0.24512135982513428
v -0.19355225563049316 -0.0173683762550354 -0.24658054113388062
v -0.20948165655136108 -0.020651519298553467 -0.2147216498851776
v -0.20948165655136108 -0.019921958446502686 -0.20414254069328308
v -0.20948165655136108 -0.01639556884765625 -0.18821308016777039
v -0.19878095388412476 -0.013841986656188965 -0.1722836196422577
v -0.19355225563049316 -0.015179574489593506 -0.1670548915863037
v -0.21471041440963745 -0.008978009223937988 -0.16170454025268555
v -0.22006076574325562 -0.008734822273254395 -0.15635418891906738
v -0.23063987493515015 -0.009221255779266357 -0.14577507972717285
v -0.2359902262687683 -0.01323401927947998 -0.13179120421409607
v -0.24121898412704468 -0.012990772724151611 -0.12461689114570618
v -0.2359902262687683 -0.018584370613098145 -0.11987453699111938
v -0.24656933546066284 -0.009221255779266357 -0.11403778195381165
v -0.24656933546066284 -0.008005261421203613 -0.10868743062019348
v -0.24656933546066284 -0.0026549100875854492 -0.09713554382324219
v -0.2571484446525574 0.023853659629821777 -0.09847313165664673
v -0.2677275538444519 0.03443276882171631 -0.10321548581123352
v -0.2677275538444519 0.02920401096343994 -0.106255441904068
v -0.2836569547653198 0.03443276882171631 -0.11318659782409668
v -0.289007306098938 0.03978312015533447 -0.11233538389205933
v -0.2995864152908325 0.03978312015533447 -0.11671295762062073
v -0.3155158758163452 0.050362229347229004 -0.11172741651535034
v -0.32609498500823975 0.050362229347229004 -0.11537536978721619
v -0.3207446336746216 0.05571258068084717 -0.11245700716972351
v -0.3207446336746216 0.06094127893447876 -0.1129433810710907
v -0.31977182626724243 0.06629163026809692 -0.11403778195381165
v -0.3048151731491089 0.07687073945999146 -0.1083226203918457
v -0.29423606395721436 0.08976024389266968 -0.10868743062019348
v -0.2973976731300354 0.09280019998550415 -0.11403778195381165
v -0.3004376292228699 0.10872966051101685 -0.13519597053527832
v -0.30347758531570435 0.10872966051101685 -0.14054632186889648
v -0.3207446336746216 0.10872966051101685 -0.1582997739315033
v -0.3207446336746216 0.11310720443725586 -0.1670548915863037
v -0.3270677924156189 0.11395841836929321 -0.18821308016777039
v -0.34202444553375244 0.10800004005432129 -0.19356343150138855
v -0.352603554725647 0.10994565486907959 -0.20414254069328308
v -0.35783231258392334 0.10678410530090332 -0.19879218935966492
v -0.35783231258392334 0.10337930917739868 -0.19380661845207214
v -0.36853301525115967 0.10337930917739868 -0.19173943996429443
v -0.3631826639175415 0.09802895784378052 -0.18845629692077637
v -0.36853301525115967 0.09802895784378052 -0.18942907452583313
v -0.3843408226966858 0.09802895784378052 -0.1946578323841095
v -0.40562063455581665 0.11930876970291138 -0.19794100522994995
v -0.40562063455581665 0.11213445663452148 -0.20414254069328308
v -0.3904207944869995 0.09280019998550415 -0.20414254069328308
v -0.39260953664779663 0.08744984865188599 -0.20414254069328308
v -0.40318864583969116 0.08222109079360962 -0.2147216498851776
v -0.3950415253639221 0.08538269996643066 -0.20414254069328308
v -0.410849392414093 0.07687073945999146 -0.20779049396514893
v -0.41461896896362305 0.07687073945999146 -0.2147216498851776
v -0.4638664722442627 0.07614117860794067 -0.2358798384666443
v -0.4638664722442627 0.07152038812637329 -0.24062219262123108
v -0.4678792357444763 0.07152038812637329 -0.2358798384666443
v -0.4638664722442627 0.06629163026809692 -0.242567777633667
v -0.45328736305236816 0.06629163026809692 -0.24743172526359558
v -0.45863771438598633 0.06629163026809692 -0.24633735418319702
v -0.45863771438598633 0.07152038812637329 -0.24281096458435059
v -0.45863771438598633 0.07747876644134521 -0.2358798384666443
v -0.45863771438598633 0.07930272817611694 -0.23065108060836792
v -0.4427083134651184 0.07747876644134521 -0.23065108060836792
v -0.4267788529396057 0.07297956943511963 -0.22530072927474976
v -0.4267788529396057 0.07297956943511963 -0.2147216498851776
v -0.4321292042732239 0.07407397031784058 -0.22530072927474976
v -0.43735796213150024 0.07626277208328247 -0.22530072927474976
v -0.4427083134651184 0.07577639818191528 -0.2200719714164734
v -0.4480586647987366 0.07869476079940796 -0.22530072927474976
v -0.45863771438598633 0.078208327293396 -0.22530072927474976
v -0.4638664722442627 0.07565474510192871 -0.22530072927474976
v -0.4638664722442627 0.0778435468673706 -0.23065108060836792
v -0.46873044967651367 0.07152038812637329 -0.23065108060836792
v -0.4678792357444763 0.06629163026809692 -0.2358798384666443
v -0.4638664722442627 0.06057649850845337 -0.24123018980026245
v -0.45863771438598633 0.06094127893447876 -0.24743172526359558
v -0.45328736305236816 0.06094127893447876 -0.24986371397972107
v -0.45328736305236816 0.05571258068084717 -0.25083649158477783
v -0.4480586647987366 0.06094127893447876 -0.25071489810943604
v -0.43735796213150024 0.06507569551467896 -0.24658054113388062
v -0.4321292042732239 0.06811565160751343 -0.24123018980026245
v -0.4267788529396057 0.07030439376831055 -0.2358798384666443
v -0.42155009508132935 0.07370918989181519 -0.22530072927474976
v -0.39200156927108765 0.08744984865188599 -0.2200719714164734
v -0.3843408226966858 0.09134101867675781 -0.22530072927474976
v -0.35783231258392334 0.09584015607833862 -0.2623884081840515
v -0.34202444553375244 0.10374408960342407 -0.2623884081840515
v -0.3246358036994934 0.10872966051101685 -0.2677387595176697
v -0.32183903455734253 0.10337930917739868 -0.2783178389072418
v -0.29423606395721436 0.09280019998550415 -0.2966792583465576
v -0.31016552448272705 0.08744984865188599 -0.297287255525589
v -0.32609498500823975 0.08222109079360962 -0.2970440685749054
v -0.3155158758163452 0.08222109079360962 -0.29996243119239807
v -0.289007306098938 0.08222109079360962 -0.3042184114456177
v -0.2995864152908325 0.06629163026809692 -0.3084743618965149
v -0.3313237428665161 0.04501187801361084 -0.3105415403842926
v -0.31016552448272705 0.04501187801361084 -0.3107847571372986
v -0.289007306098938 0.04501187801361084 -0.3088391423225403
v -0.3313237428665161 0.03443276882171631 -0.30981194972991943
v -0.2836569547653198 0.03625673055648804 -0.30482637882232666
v -0.2677275538444519 0.045255064964294434 -0.3101767301559448
v -0.26249879598617554 0.03978312015533447 -0.3055559992790222
v -0.26249879598617554 0.02920401096343994 -0.2919369339942932
v -0.24121898412704468 0.02859598398208618 -0.28889694809913635
v -0.23063987493515015 0.013274550437927246 -0.2760074734687805
v -0.2359902262687683 -0.007640421390533447 -0.251809298992157
v -0.2517980933189392 -0.01323401927947998 -0.24135178327560425
v -0.20948165655136108 -0.018584370613098145 -0.228948712348938
v -0.22528952360153198 -0.019435524940490723 -0.2147216498851776
v -0.2359902262687683 -0.015544354915618896 -0.18821308016777039
v -0.21471041440963745 -0.009464442729949951 -0.1670548915863037
v -0.22528952360153198 -0.008248448371887207 -0.16170454025268555
v -0.24121898412704468 -0.008734822273254395 -0.14054632186889648
v -0.24656933546066284 -0.01031559705734253 -0.12461689114570618
v -0.24656933546066284 -0.010072410106658936 -0.11926653981208801
v -0.2517980933189392 -0.007275640964508057 -0.11926653981208801
v -0.2517980933189392 -0.004600465297698975 -0.11403778195381165
v -0.25082528591156006 -0.0026549100875854492 -0.10868743062019348
v -0.2517980933189392 0.002695441246032715 -0.10406666994094849
v -0.2571484446525574 0.007924199104309082 -0.10649865865707397
v -0.26249879598617554 0.007924199104309082 -0.11014661192893982
v -0.289007306098938 0.02920401096343994 -0.11695614457130432
v -0.2995864152908325 0.03443276882171631 -0.11926653981208801
v -0.31016552448272705 0.039053499698638916 -0.11926653981208801
v -0.31016552448272705 0.03443276882171631 -0.12133371829986572
v -0.3313237428665161 0.03443276882171631 -0.12388730049133301
v -0.32609498500823975 0.04501187801361084 -0.11707773804664612
v -0.3336341381072998 0.04501187801361084 -0.11926653981208801
v -0.3313237428665161 0.050362229347229004 -0.11768573522567749
v -0.3313237428665161 0.05571258068084717 -0.11841532588005066
v -0.33497172594070435 0.06094127893447876 -0.12461689114570618
v -0.31016552448272705 0.07905954122543335 -0.11403778195381165
v -0.30372077226638794 0.09280019998550415 -0.12461689114570618
v -0.3048151731491089 0.09802895784378052 -0.13215601444244385
v -0.32609498500823975 0.09280019998550415 -0.1445590853691101
v -0.3366740942001343 0.09936654567718506 -0.16170454025268555
v -0.352603554725647 0.10033935308456421 -0.18821308016777039
v -0.36853301525115967 0.09085464477539062 -0.18286272883415222
v -0.37157297134399414 0.09280019998550415 -0.18821308016777039
v -0.3799632787704468 0.09280019998550415 -0.19356343150138855
v -0.3870159983634949 0.09280019998550415 -0.19879218935966492
v -0.38969117403030396 0.08720666170120239 -0.19879218935966492
v -0.40562063455581665 0.07541155815124512 -0.19879218935966492
v -0.410849392414093 0.07152038812637329 -0.19757619500160217
v -0.4267788529396057 0.07054764032363892 -0.20414254069328308
v -0.4321292042732239 0.07152038812637329 -0.21253284811973572
v -0.44124913215637207 0.07152038812637329 -0.2147216498851776
v -0.45328736305236816 0.07687073945999146 -0.2220175564289093
v -0.45863771438598633 0.07225000858306885 -0.2200719714164734
v -0.46642005443573 0.07152038812637329 -0.22530072927474976
v -0.4681224822998047 0.06629163026809692 -0.23065108060836792
v -0.4631369113922119 0.05571258068084717 -0.2358798384666443
v -0.4615561366081238 0.050362229347229004 -0.24123018980026245
v -0.45863771438598633 0.050362229347229004 -0.24658054113388062
v -0.4524362087249756 0.050362229347229004 -0.251809298992157
v -0.4427083134651184 0.05571258068084717 -0.2541196644306183
v -0.4321292042732239 0.06106293201446533 -0.251809298992157
v -0.42155009508132935 0.0710340142250061 -0.2358798384666443
v -0.41011977195739746 0.07687073945999146 -0.23065108060836792
v -0.35953468084335327 0.09280019998550415 -0.2677387595176697
v -0.37376171350479126 0.08258593082427979 -0.27308911085128784
v -0.34202444553375244 0.09802895784378052 -0.2745482921600342
v -0.3313237428665161 0.09559696912765503 -0.28366819024086
v -0.36853301525115967 0.07152038812637329 -0.2879241704940796
v -0.3472532033920288 0.06629163026809692 -0.2987464666366577
v -0.3313237428665161 0.06629163026809692 -0.3038536012172699
v -0.3366740942001343 0.050362229347229004 -0.3090823292732239
v -0.35783231258392334 0.03443276882171631 -0.30981194972991943
v -0.34202444553375244 0.02920401096343994 -0.30920395255088806
v -0.35783231258392334 0.023853659629821777 -0.3089607357978821
v -0.37376171350479126 0.018503308296203613 -0.3079879581928253
v -0.36853301525115967 0.023853659629821777 -0.3090823292732239
v -0.35783231258392334 0.018503308296203613 -0.30689358711242676
v -0.32609498500823975 0.02920401096343994 -0.30689358711242676
v -0.31016552448272705 0.011207401752471924 -0.28889694809913635
v -0.27830666303634644 0.03443276882171631 -0.30300241708755493
v -0.27332109212875366 0.023853659629821777 -0.28889694809913635
v -0.2571484446525574 0.023853659629821777 -0.2853705883026123
v -0.24656933546066284 0.010842561721801758 -0.27308911085128784
v -0.2836569547653198 -0.0024117231369018555 -0.2623884081840515
v -0.2677275538444519 -0.008734822273254395 -0.251809298992157
v -0.27830666303634644 -0.015909194946289062 -0.24123018980026245
v -0.2571484446525574 -0.017003536224365234 -0.23065108060836792
v -0.2517980933189392 -0.01919233798980713 -0.2147216498851776
v -0.2517980933189392 -0.018584370613098145 -0.2034129500389099
v -0.27307790517807007 -0.01323401927947998 -0.16802766919136047
v -0.2571484446525574 -0.008734822273254395 -0.14577507972717285
v -0.2517980933189392 -0.0084916353225708 -0.13519597053527832
v -0.2517980933189392 -0.0084916353225708 -0.12461689114570618
v -0.2677275538444519 -0.004478871822357178 -0.12461689114570618
v -0.26249879598617554 -0.0026549100875854492 -0.11853694915771484
v -0.2571484446525574 0.002695441246032715 -0.11014661192893982
v -0.28268420696258545 0.007924199104309082 -0.11926653981208801
v -0.289007306098938 0.01485532522201538 -0.11926653981208801
v -0.31016552448272705 0.018503308296203613 -0.12303608655929565
v -0.3472532033920288 0.02920401096343994 -0.1266840696334839
v -0.34202444553375244 0.03978312015533447 -0.12267130613327026
v -0.34202444553375244 0.04501187801361084 -0.12206330895423889
v -0.352603554725647 0.03978312015533447 -0.12595447897911072
v -0.352603554725647 0.04501187801361084 -0.12692725658416748
v -0.34445643424987793 0.050362229347229004 -0.12461689114570618
v -0.3366740942001343 0.0641028881072998 -0.12984561920166016
v -0.33229655027389526 0.07687073945999146 -0.13519597053527832
v -0.3313237428665161 0.08526110649108887 -0.14054632186889648
v -0.34202444553375244 0.08222109079360962 -0.14176231622695923
v -0.33509331941604614 0.09280019998550415 -0.15112543106079102
v -0.3472532033920288 0.09328663349151611 -0.16170454025268555
v -0.3778960704803467 0.08744984865188599 -0.18821308016777039
v -0.38969117403030396 0.08088350296020508 -0.18821308016777039
v -0.40562063455581665 0.06799405813217163 -0.18821308016777039
v -0.410849392414093 0.06629163026809692 -0.19076666235923767
v -0.4267788529396057 0.06787246465682983 -0.19879218935966492
v -0.4427083134651184 0.06617003679275513 -0.20937129855155945
v -0.4480586647987366 0.06629163026809692 -0.21216806769371033
v -0.45328736305236816 0.06629163026809692 -0.2153296172618866
v -0.45328736305236816 0.06094127893447876 -0.21423524618148804
v -0.45863771438598633 0.06094127893447876 -0.2199503779411316
v -0.46021854877471924 0.06629163026809692 -0.2200719714164734
v -0.4659336805343628 0.06629163026809692 -0.22530072927474976
v -0.4628937244415283 0.05571258068084717 -0.23065108060836792
v -0.4628937244415283 0.050362229347229004 -0.2358798384666443
v -0.46921682357788086 0.04440385103225708 -0.24123018980026245
v -0.4638664722442627 0.04634946584701538 -0.24123018980026245
v -0.4608265161514282 0.04501187801361084 -0.24658054113388062
v -0.4496394395828247 0.04501187801361084 -0.25715965032577515
v -0.4427083134651184 0.05157822370529175 -0.25715965032577515
v -0.4321292042732239 0.05790132284164429 -0.25715965032577515
v -0.3791120648384094 0.07614117860794067 -0.2783178389072418
v -0.4002702832221985 0.05364537239074707 -0.28889694809913635
v -0.40282386541366577 0.04501187801361084 -0.29424726963043213
v -0.38969117403030396 0.04501187801361084 -0.2988680601119995
v -0.36853301525115967 0.03978312015533447 -0.30725836753845215
v -0.37376171350479126 0.02920401096343994 -0.3084743618965149
v -0.3950415253639221 0.018503308296203613 -0.3061639666557312
v -0.3950415253639221 0.013274550437927246 -0.306528776884079
v -0.410849392414093 0.007924199104309082 -0.3059207797050476
v -0.4161997437477112 0.002695441246032715 -0.3064071834087372
v -0.4002702832221985 0.002695441246032715 -0.30519118905067444
v -0.38969117403030396 0.007924199104309082 -0.3054344058036804
v -0.3631826639175415 0.013274550437927246 -0.30458319187164307
v -0.3631826639175415 0.0019658803939819336 -0.29424726963043213
v -0.3313237428665161 0.00026345252990722656 -0.28366819024086
v -0.3048151731491089 0.007924199104309082 -0.28366819024086
v -0.27830666303634644 0.007924199104309082 -0.2738186717033386
v -0.29423606395721436 -0.01676034927368164 -0.24658054113388062
v -0.2836569547653198 -0.021381139755249023 -0.22530072927474976
v -0.32609498500823975 -0.0291634202003479 -0.2398926019668579
v -0.32609498500823975 -0.03147381544113159 -0.23065108060836792
v -0.3207446336746216 -0.031717002391815186 -0.2147216498851776
v -0.27830666303634644 -0.02150273323059082 -0.2147216498851776
v -0.27830666303634644 -0.02016514539718628 -0.19356343150138855
v -0.29423606395721436 -0.012504398822784424 -0.15635418891906738
v -0.2677275538444519 -0.007275640964508057 -0.13519597053527832
v -0.289007306098938 -0.0026549100875854492 -0.13045361638069153
v -0.2836569547653198 0.002695441246032715 -0.12303608655929565
v -0.29423606395721436 0.007924199104309082 -0.12291449308395386
v -0.3770449161529541 0.013274550437927246 -0.13519597053527832
v -0.36257463693618774 0.02920401096343994 -0.12984561920166016
v -0.38020646572113037 0.03443276882171631 -0.13519597053527832
v -0.36901938915252686 0.04501187801361084 -0.13519597053527832
v -0.3472532033920288 0.06094127893447876 -0.13458797335624695
v -0.3472532033920288 0.07687073945999146 -0.14054632186889648
v -0.3472532033920288 0.08331549167633057 -0.14577507972717285
v -0.352603554725647 0.08416670560836792 -0.15112543106079102
v -0.36853301525115967 0.08222109079360962 -0.16243413090705872
v -0.38531363010406494 0.07687073945999146 -0.1722836196422577
v -0.410849392414093 0.05972534418106079 -0.17763397097587585
v -0.42155009508132935 0.05571258068084717 -0.1837139129638672
v -0.42155009508132935 0.05948209762573242 -0.18821308016777039
v -0.4321292042732239 0.06094127893447876 -0.19526582956314087
v -0.4504905939102173 0.050362229347229004 -0.20414254069328308
v -0.45109862089157104 0.05571258068084717 -0.20937129855155945
v -0.4610697031021118 0.05571258068084717 -0.22530072927474976
v -0.4630153179168701 0.050362229347229004 -0.23065108060836792
v -0.46921682357788086 0.04647105932235718 -0.22530072927474976
v -0.474567174911499 0.04683583974838257 -0.22530072927474976
v -0.474567174911499 0.045255064964294434 -0.2200719714164734
v -0.48514628410339355 0.04683583974838257 -0.2200719714164734
v -0.4903750419616699 0.04501187801361084 -0.2194640040397644
v -0.49669820070266724 0.04501187801361084 -0.22530072927474976
v -0.4997381567955017 0.03978312015533447 -0.23065108060836792
v -0.49840056896209717 0.04501187801361084 -0.23065108060836792
v -0.4981573820114136 0.04501187801361084 -0.2358798384666443
v -0.4958469867706299 0.04501187801361084 -0.24123018980026245
v -0.4903750419616699 0.04501187801361084 -0.2448781430721283
v -0.4903750419616699 0.03978312015533447 -0.24852612614631653
v -0.48514628410339355 0.03978312015533447 -0.25010690093040466
v -0.474567174911499 0.041850268840789795 -0.24658054113388062
v -0.4635016918182373 0.03978312015533447 -0.251809298992157
v -0.45863771438598633 0.03881031274795532 -0.25715965032577515
v -0.43735796213150024 0.04610621929168701 -0.27308911085128784
v -0.4251980781555176 0.050362229347229004 -0.2783178389072418
v -0.4333451986312866 0.03978312015533447 -0.28366819024086
v -0.42155009508132935 0.03978312015533447 -0.2901129126548767
v -0.410849392414093 0.029933571815490723 -0.2995976209640503
v -0.4267788529396057 0.007924199104309082 -0.3036103844642639
v -0.4267788529396057 -0.0026549100875854492 -0.30677199363708496
v -0.42155009508132935 -0.0026549100875854492 -0.30677199363708496
v -0.43735796213150024 -0.01323401927947998 -0.30737996101379395
v -0.4321292042732239 -0.008005261421203613 -0.30725836753845215
v -0.4321292042732239 -0.01323401927947998 -0.30689358711242676
v -0.4161997437477112 -0.008005261421203613 -0.30494797229766846
v -0.4025806784629822 -0.008005261421203613 -0.2995976209640503
v -0.3843408226966858 -0.0026549100875854492 -0.2965576648712158
v -0.3472532033920288 -0.01323401927947998 -0.2722378969192505
v -0.36853301525115967 -0.025758683681488037 -0.2677387595176697
v -0.352603554725647 -0.018584370613098145 -0.26822513341903687
v -0.3132054805755615 -0.018584370613098145 -0.251809298992157
v -0.3472532033920288 -0.033297836780548096 -0.24658054113388062
v -0.352603554725647 -0.04120171070098877 -0.23065108060836792
v -0.36853301525115967 -0.05032163858413696 -0.21119526028633118
v -0.35758906602859497 -0.045092880725860596 -0.19879218935966492
v -0.3207446336746216 -0.03074425458908081 -0.19356343150138855
v -0.2998296618461609 -0.023813068866729736 -0.18821308016777039
v -0.31016552448272705 -0.011045217514038086 -0.15112543106079102
v -0.3155158758163452 -0.0026549100875854492 -0.1354391872882843
v -0.3313237428665161 -0.008005261421203613 -0.14626148343086243
v -0.3313237428665161 -0.014450013637542725 -0.15635418891906738
v -0.35783231258392334 -0.01323401927947998 -0.15246301889419556
v -0.35783231258392334 -0.0064244866371154785 -0.14577507972717285
v -0.2995864152908325 0.002695441246032715 -0.12704885005950928
v -0.36853301525115967 0.007924199104309082 -0.1355607807636261
v -0.42155009508132935 0.002695441246032715 -0.14942306280136108
v -0.3950415253639221 0.018503308296203613 -0.13908714056015015
v -0.3950415253639221 0.02920401096343994 -0.13957354426383972
v -0.3888400197029114 0.03978312015533447 -0.14054632186889648
v -0.36853301525115967 0.0711556077003479 -0.15112543106079102
v -0.38969117403030396 0.06677806377410889 -0.16170454025268555
v -0.4072014093399048 0.05571258068084717 -0.1670548915863037
v -0.42155009508132935 0.048903048038482666 -0.1722836196422577
v -0.4427083134651184 0.04914623498916626 -0.19356343150138855
v -0.46204251050949097 0.050362229347229004 -0.22530072927474976
v -0.4638664722442627 0.0485382080078125 -0.22530072927474976
v -0.46921682357788086 0.045255064964294434 -0.2200719714164734
v -0.4797959327697754 0.03978312015533447 -0.2148432433605194
v -0.48514628410339355 0.03978312015533447 -0.21593761444091797
v -0.4903750419616699 0.03443276882171631 -0.21836960315704346
v -0.4903750419616699 0.03978312015533447 -0.21800479292869568
v -0.4957253932952881 0.03978312015533447 -0.22226077318191528
v -0.4977926015853882 0.03978312015533447 -0.22530072927474976
v -0.49840056896209717 0.03443276882171631 -0.23065108060836792
v -0.49852216243743896 0.03443276882171631 -0.2358798384666443
v -0.4996165633201599 0.03978312015533447 -0.2358798384666443
v -0.4957253932952881 0.03978312015533447 -0.2443917691707611
v -0.4957253932952881 0.03443276882171631 -0.24390536546707153
v -0.48745667934417725 0.03443276882171631 -0.251809298992157
v -0.4797959327697754 0.03820234537124634 -0.251809298992157
v -0.46921682357788086 0.032243967056274414 -0.2623884081840515
v -0.45365220308303833 0.03443276882171631 -0.27308911085128784
v -0.4407626986503601 0.03978312015533447 -0.2783178389072418
v -0.4267788529396057 0.02883923053741455 -0.29424726963043213
v -0.4321292042732239 0.018503308296203613 -0.2971656620502472
v -0.4480586647987366 -0.0026549100875854492 -0.30239441990852356
v -0.4427083134651184 -0.008005261421203613 -0.3061639666557312
v -0.46921682357788086 -0.023813068866729736 -0.30312401056289673
v -0.4957253932952881 -0.045092880725860596 -0.3021512031555176
v -0.5063045024871826 -0.05567198991775513 -0.30251601338386536
v -0.5010757446289062 -0.06102234125137329 -0.3037320077419281
v -0.5063045024871826 -0.07160145044326782 -0.30312401056289673
v -0.5063045024871826 -0.06625109910964966 -0.3037320077419281
v -0.4957253932952881 -0.06102234125137329 -0.3034887909889221
v -0.48514628410339355 -0.05567198991775513 -0.3032456040382385
v -0.48514628410339355 -0.05032163858413696 -0.3038536012172699
v -0.474567174911499 -0.045092880725860596 -0.3036103844642639
v -0.4638664722442627 -0.03974252939224243 -0.3033671975135803
v -0.45863771438598633 -0.034513771533966064 -0.3040968179702759
v -0.43735796213150024 -0.018584370613098145 -0.3064071834087372
v -0.42155009508132935 -0.019800305366516113 -0.2995976209640503
v -0.43954670429229736 -0.03974252939224243 -0.29424726963043213
v -0.4161997437477112 -0.03974252939224243 -0.2783178389072418
v -0.40562063455581665 -0.03974252939224243 -0.2718731164932251
v -0.38969117403030396 -0.04108011722564697 -0.2623884081840515
v -0.352603554725647 -0.02843385934829712 -0.25715965032577515
v -0.36853301525115967 -0.03876978158950806 -0.251809298992157
v -0.36853301525115967 -0.045092880725860596 -0.2401357889175415
v -0.3949199318885803 -0.06102234125137329 -0.2358798384666443
v -0.38263845443725586 -0.05567198991775513 -0.23065108060836792
v -0.4024590849876404 -0.07160145044326782 -0.20414254069328308
v -0.37376171350479126 -0.0519024133682251 -0.19356343150138855
v -0.32609498500823975 -0.029285073280334473 -0.18286272883415222
v -0.33326929807662964 -0.0291634202003479 -0.17763397097587585
v -0.34202444553375244 -0.023813068866729736 -0.16644689440727234
v -0.36853301525115967 -0.034513771533966064 -0.16924366354942322
v -0.3791120648384094 -0.023813068866729736 -0.15927255153656006
v -0.3791120648384094 -0.01323401927947998 -0.15221983194351196
v -0.3843408226966858 -0.0026549100875854492 -0.14516708254814148
v -0.3950415253639221 0.002695441246032715 -0.14370790123939514
v -0.4161997437477112 -0.008005261421203613 -0.15197661519050598
v -0.4321292042732239 -0.008005261421203613 -0.15465179085731506
v -0.4267788529396057 0.007924199104309082 -0.15039584040641785
v -0.410849392414093 0.023853659629821777 -0.14541029930114746
v -0.4161997437477112 0.02920401096343994 -0.14954465627670288
v -0.4002702832221985 0.03978312015533447 -0.14626148343086243
v -0.40562063455581665 0.04501187801361084 -0.15453019738197327
v -0.43735796213150024 0.039661526679992676 -0.1722836196422577
v -0.45863771438598633 0.03504073619842529 -0.18821308016777039
v -0.4638664722442627 0.04452544450759888 -0.2147216498851776
v -0.46921682357788086 0.03978312015533447 -0.2105872631072998
v -0.4766343832015991 0.03443276882171631 -0.20937129855155945
v -0.48514628410339355 0.02920401096343994 -0.21241125464439392
v -0.4913478493690491 0.02920401096343994 -0.2200719714164734
v -0.49450939893722534 0.02920401096343994 -0.22530072927474976
v -0.4959685802459717 0.02920401096343994 -0.23065108060836792
v -0.4962117671966553 0.02920401096343994 -0.2358798384666443
v -0.4957253932952881 0.030176818370819092 -0.24123018980026245
v -0.4903750419616699 0.023488879203796387 -0.251809298992157
v -0.4903750419616699 0.02920401096343994 -0.25010690093040466
v -0.48514628410339355 0.02920401096343994 -0.25533565878868103
v -0.4797959327697754 0.03443276882171631 -0.25533565878868103
v -0.4751752018928528 0.02920401096343994 -0.2623884081840515
v -0.48514628410339355 0.007316231727600098 -0.2783178389072418
v -0.4903750419616699 -0.008005261421203613 -0.2876809537410736
v -0.48514628410339355 -0.01323401927947998 -0.29339611530303955
v -0.5010757446289062 -0.034513771533966064 -0.2969224452972412
v -0.5168836116790771 -0.06102234125137329 -0.3016648292541504
v -0.5168836116790771 -0.07160145044326782 -0.30312401056289673
v -0.5540928840637207 -0.10868912935256958 -0.29400408267974854
v -0.538163423538208 -0.08218055963516235 -0.29777365922927856
v -0.5433921813964844 -0.09811002016067505 -0.2965576648712158
v -0.5328130722045898 -0.09811002016067505 -0.2969224452972412
v -0.5328130722045898 -0.08753091096878052 -0.2988680601119995
v -0.5116548538208008 -0.07683020830154419 -0.30251601338386536
v -0.4797959327697754 -0.05567198991775513 -0.3021512031555176
v -0.45328736305236816 -0.03974252939224243 -0.30044883489608765
v -0.474567174911499 -0.08753091096878052 -0.2826954126358032
v -0.45863771438598633 -0.07683020830154419 -0.2789258360862732
v -0.4161997437477112 -0.06175196170806885 -0.25715965032577515
v -0.3950415253639221 -0.05032163858413696 -0.25448447465896606
v -0.42155009508132935 -0.08181577920913696 -0.23065108060836792
v -0.410849392414093 -0.07683020830154419 -0.22153118252754211
v -0.42167168855667114 -0.08753091096878052 -0.20937129855155945
v -0.410849392414093 -0.07683020830154419 -0.19879218935966492
v -0.4002702832221985 -0.06722390651702881 -0.19356343150138855
v -0.38969117403030396 -0.05798238515853882 -0.18821308016777039
v -0.39236634969711304 -0.05567198991775513 -0.18286272883415222
v -0.37376171350479126 -0.04399847984313965 -0.17763397097587585
v -0.3930959701538086 -0.045092880725860596 -0.1722836196422577
v -0.4002702832221985 -0.03913456201553345 -0.1670548915863037
v -0.40562063455581665 -0.018341124057769775 -0.15635418891906738
v -0.4321292042732239 -0.018584370613098145 -0.15793496370315552
v -0.46921682357788086 -0.034513771533966064 -0.15975895524024963
v -0.4480586647987366 -0.023813068866729736 -0.15951576828956604
v -0.45328736305236816 -0.018584370613098145 -0.15927255153656006
v -0.4480586647987366 -0.0026549100875854492 -0.15769177675247192
v -0.4480586647987366 0.002695441246032715 -0.15805655717849731
v -0.45328736305236816 0.007924199104309082 -0.16158294677734375
v -0.42787325382232666 0.02920401096343994 -0.15635418891906738
v -0.43735796213150024 0.03443276882171631 -0.16681167483329773
v -0.4501258134841919 0.03443276882171631 -0.17763397097587585
v -0.47760719060897827 0.02920401096343994 -0.20414254069328308
v -0.4868486523628235 0.023853659629821777 -0.20937129855155945
v -0.4929286241531372 0.023853659629821777 -0.2200719714164734
v -0.4957253932952881 0.023853659629821777 -0.23065108060836792
v -0.49499577283859253 0.023853659629821777 -0.24123018980026245
v -0.4957253932952881 0.018503308296203613 -0.247188538312912
v -0.48514628410339355 0.023853659629821777 -0.2584972381591797
v -0.5146948099136353 -0.01323401927947998 -0.27308911085128784
v -0.5116548538208008 -0.015057981014251709 -0.2783178389072418
v -0.5063045024871826 -0.023813068866729736 -0.28914013504981995
v -0.5275843143463135 -0.05032163858413696 -0.2925449013710022
v -0.5275843143463135 -0.06102234125137329 -0.29777365922927856
v -0.5487425327301025 -0.06625109910964966 -0.2893833518028259
v -0.5433921813964844 -0.07160145044326782 -0.29400408267974854
v -0.5593216419219971 -0.09275966882705688 -0.29169371724128723
v -0.5593216419219971 -0.10868912935256958 -0.2930313050746918
v -0.5699006915092468 -0.1405479907989502 -0.2874377369880676
v -0.5646719336509705 -0.11926817893981934 -0.29120731353759766
v -0.5540928840637207 -0.11926817893981934 -0.2921801209449768
v -0.5384066104888916 -0.10868912935256958 -0.29424726963043213
v -0.5222339630126953 -0.09275966882705688 -0.29765206575393677
v -0.5063045024871826 -0.08753091096878052 -0.2968008518218994
v -0.5063045024871826 -0.10333877801895142 -0.28731614351272583
v -0.48040395975112915 -0.10333877801895142 -0.27308911085128784
v -0.474567174911499 -0.10333877801895142 -0.26810353994369507
v -0.4267788529396057 -0.06625109910964966 -0.26165878772735596
v -0.4267788529396057 -0.07379025220870972 -0.251809298992157
v -0.4318860173225403 -0.08753091096878052 -0.2358798384666443
v -0.44222187995910645 -0.10333877801895142 -0.2200719714164734
v -0.45827293395996094 -0.11926817893981934 -0.2147216498851776
v -0.46921682357788086 -0.12996888160705566 -0.20414254069328308
v -0.4321292042732239 -0.09446203708648682 -0.19879218935966492
v -0.4161997437477112 -0.07841098308563232 -0.19356343150138855
v -0.41194379329681396 -0.07160145044326782 -0.18821308016777039
v -0.40562063455581665 -0.05567198991775513 -0.17702600359916687
v -0.4161997437477112 -0.03974252939224243 -0.16559571027755737
v -0.4427083134651184 -0.034513771533966064 -0.16158294677734375
v -0.45863771438598633 -0.045092880725860596 -0.16146132349967957
v -0.474567174911499 -0.045092880725860596 -0.15939414501190186
v -0.4903750419616699 -0.05567198991775513 -0.15720537304878235
v -0.4903750419616699 -0.05032163858413696 -0.15793496370315552
v -0.4797959327697754 -0.03974252939224243 -0.15963736176490784
v -0.4680008292198181 -0.01323401927947998 -0.16170454025268555
v -0.474567174911499 -0.008005261421203613 -0.1654740869998932
v -0.4480586647987366 0.023853659629821777 -0.16644689440727234
v -0.4903750419616699 0.00038510560989379883 -0.18286272883415222
v -0.4903750419616699 0.007924199104309082 -0.19173943996429443
v -0.5116548538208008 -0.00751882791519165 -0.19356343150138855
v -0.5046020746231079 0.007924199104309082 -0.20937129855155945
v -0.5168836116790771 0.0018442869186401367 -0.2200719714164734
v -0.49876534938812256 0.018503308296203613 -0.22530072927474976
v -0.4991301894187927 0.018503308296203613 -0.23065108060836792
v -0.5222339630126953 -0.0036276578903198242 -0.2358798384666443
v -0.5379202365875244 -0.018584370613098145 -0.24123018980026245
v -0.5328130722045898 -0.015301167964935303 -0.24658054113388062
v -0.5458241105079651 -0.034513771533966064 -0.25715965032577515
v -0.525760293006897 -0.0291634202003479 -0.2783178389072418
v -0.535001814365387 -0.045092880725860596 -0.28366819024086
v -0.5525120496749878 -0.06102234125137329 -0.28366819024086
v -0.5600512027740479 -0.08218055963516235 -0.28889694809913635
v -0.575251042842865 -0.11403942108154297 -0.2879241704940796
v -0.5806013941764832 -0.12984728813171387 -0.28682976961135864
v -0.5806013941764832 -0.1405479907989502 -0.28634336590766907
v -0.5806013941764832 -0.15112709999084473 -0.28488418459892273
v -0.5911805033683777 -0.1722853183746338 -0.28002023696899414
v -0.5806013941764832 -0.16705656051635742 -0.2811146080493927
v -0.5593216419219971 -0.15112709999084473 -0.2830601930618286
v -0.538163423538208 -0.12255138158798218 -0.28889694809913635
v -0.5275843143463135 -0.13519763946533203 -0.2783178389072418
v -0.5433921813964844 -0.16170620918273926 -0.27102190256118774
v -0.5222339630126953 -0.1405479907989502 -0.2717515230178833
v -0.4903750419616699 -0.12328094244003296 -0.2623884081840515
v -0.4754183888435364 -0.11403942108154297 -0.25715965032577515
v -0.4698248505592346 -0.11926817893981934 -0.24123018980026245
v -0.4797959327697754 -0.12936091423034668 -0.24123018980026245
v -0.5063045024871826 -0.15805822610855103 -0.24123018980026245
v -0.4957253932952881 -0.1563558578491211 -0.2216527760028839
v -0.4957253932952881 -0.15903103351593018 -0.20937129855155945
v -0.5222339630126953 -0.19405150413513184 -0.20414254069328308
v -0.5010757446289062 -0.16486778855323792 -0.20414254069328308
v -0.5010757446289062 -0.15939581394195557 -0.19356343150138855
v -0.47104084491729736 -0.12984728813171387 -0.19879218935966492
v -0.4520714282989502 -0.10868912935256958 -0.19356343150138855
v -0.4455050826072693 -0.09811002016067505 -0.18821308016777039
v -0.46921682357788086 -0.10868912935256958 -0.18055236339569092
v -0.4321292042732239 -0.07160145044326782 -0.1765395998954773
v -0.4267788529396057 -0.05968475341796875 -0.1722836196422577
v -0.45328736305236816 -0.06685906648635864 -0.1670548915863037
v -0.48514628410339355 -0.08218055963516235 -0.16219094395637512
v -0.5116548538208008 -0.07683020830154419 -0.1539222002029419
v -0.5328130722045898 -0.08753091096878052 -0.15197661519050598
v -0.5275843143463135 -0.08753091096878052 -0.15221983194351196
v -0.5328130722045898 -0.08218055963516235 -0.15319260954856873
v -0.5275843143463135 -0.08218055963516235 -0.15258461236953735
v -0.5168836116790771 -0.08218055963516235 -0.15343579649925232
v -0.5222339630126953 -0.07683020830154419 -0.15319260954856873
v -0.5168836116790771 -0.07160145044326782 -0.1540437936782837
v -0.5010757446289062 -0.05567198991775513 -0.15696218609809875
v -0.4957253932952881 -0.03974252939224243 -0.16182613372802734
v -0.5063045024871826 -0.034513771533966064 -0.16802766919136047
v -0.4903750419616699 -0.018584370613098145 -0.1675412654876709
v -0.48514628410339355 -0.006302833557128906 -0.1722836196422577
v -0.5168836116790771 -0.016517162322998047 -0.18821308016777039
v -0.5222339630126953 -0.01262599229812622 -0.19879218935966492
v -0.5421761274337769 -0.023813068866729736 -0.2147216498851776
v -0.538163423538208 -0.017246782779693604 -0.23065108060836792
v -0.5487425327301025 -0.031230628490447998 -0.24123018980026245
v -0.5593216419219971 -0.03986412286758423 -0.2358798384666443
v -0.5593216419219971 -0.04108011722564697 -0.24658054113388062
v -0.5595648288726807 -0.045092880725860596 -0.25715965032577515
v -0.5593216419219971 -0.0519024133682251 -0.2677387595176697
v -0.5668607354164124 -0.07160145044326782 -0.2783178389072418
v -0.5646719336509705 -0.07683020830154419 -0.28366819024086
v -0.5806013941764832 -0.10868912935256958 -0.28403300046920776
v -0.5911805033683777 -0.13519763946533203 -0.2829385995864868
v -0.5911805033683777 -0.14577674865722656 -0.2833033800125122
v -0.596409261226654 -0.16170620918273926 -0.2807497978210449
v -0.6017596125602722 -0.17763563990592957 -0.27783143520355225
v -0.5858301520347595 -0.18286439776420593 -0.2768586575984955
v -0.5646719336509705 -0.18286439776420593 -0.2702923119068146
v -0.5699006915092468 -0.20937296748161316 -0.25715965032577515
v -0.5222339630126953 -0.1563558578491211 -0.25959160923957825
v -0.5063045024871826 -0.14881670475006104 -0.251809298992157
v -0.5222339630126953 -0.18286439776420593 -0.2358798384666443
v -0.5222339630126953 -0.19356510043144226 -0.2195855975151062
v -0.538163423538208 -0.20912975072860718 -0.19356343150138855
v -0.538163423538208 -0.19356510043144226 -0.17909318208694458
v -0.5116548538208008 -0.1677861511707306 -0.18821308016777039
v -0.474567174911499 -0.12984728813171387 -0.19344183802604675
v -0.46921682357788086 -0.11926817893981934 -0.18833467364311218
v -0.4797959327697754 -0.11452585458755493 -0.17763397097587585
v -0.4903750419616699 -0.10868912935256958 -0.16924366354942322
v -0.4797959327697754 -0.09190845489501953 -0.1670548915863037
v -0.5222339630126953 -0.10333877801895142 -0.1558677852153778
v -0.5275843143463135 -0.09275966882705688 -0.15258461236953735
v -0.538163423538208 -0.08753091096878052 -0.15246301889419556
v -0.5275843143463135 -0.07683020830154419 -0.1539222002029419
v -0.5114116668701172 -0.05032163858413696 -0.16170454025268555
v -0.5370689630508423 -0.06102234125137329 -0.1670548915863037
v -0.5222339630126953 -0.034513771533966064 -0.17763397097587585
v -0.530016303062439 -0.0291634202003479 -0.18821308016777039
v -0.539379358291626 -0.0291634202003479 -0.19879218935966492
v -0.5593216419219971 -0.051172852516174316 -0.20414254069328308
v -0.5577408075332642 -0.03974252939224243 -0.22530072927474976
v -0.5627263784408569 -0.045092880725860596 -0.2358798384666443
v -0.5626047849655151 -0.045092880725860596 -0.24658054113388062
v -0.5638207197189331 -0.05032163858413696 -0.25715965032577515
v -0.5709950923919678 -0.07160145044326782 -0.27308911085128784
v -0.5829117894172668 -0.09811002016067505 -0.2783178389072418
v -0.596409261226654 -0.12984728813171387 -0.279047429561615
v -0.6020027995109558 -0.14577674865722656 -0.2783178389072418
v -0.612338662147522 -0.16705656051635742 -0.2745482921600342
v -0.6176890134811401 -0.19356510043144226 -0.2726026773452759
v -0.5499584674835205 -0.20937296748161316 -0.24123018980026245
v -0.5433921813964844 -0.1882147490978241 -0.17131084203720093
v -0.5142084360122681 -0.1563558578491211 -0.17763397097587585
v -0.5116548538208008 -0.13519763946533203 -0.169608473777771
v -0.5168836116790771 -0.11841702461242676 -0.16170454025268555
v -0.538163423538208 -0.11926817893981934 -0.1540437936782837
v -0.5593216419219971 -0.14577674865722656 -0.15246301889419556
v -0.5487425327301025 -0.10868912935256958 -0.15027424693107605
v -0.538163423538208 -0.09275966882705688 -0.1513686180114746
v -0.5433921813964844 -0.09275966882705688 -0.1517334282398224
v -0.5433921813964844 -0.08218055963516235 -0.1561109721660614
v -0.5545792579650879 -0.08218055963516235 -0.16170454025268555
v -0.5557951927185059 -0.07683020830154419 -0.1670548915863037
v -0.5487425327301025 -0.05980634689331055 -0.17763397097587585
v -0.5493505001068115 -0.05032163858413696 -0.18821308016777039
v -0.5730623006820679 -0.06625109910964966 -0.20414254069328308
v -0.5730623006820679 -0.06102234125137329 -0.2147216498851776
v -0.5736702680587769 -0.06102234125137329 -0.2200719714164734
v -0.5646719336509705 -0.050686419010162354 -0.23065108060836792
v -0.5668607354164124 -0.05567198991775513 -0.2358798384666443
v -0.5731838941574097 -0.06625109910964966 -0.251809298992157
v -0.5767102241516113 -0.07683020830154419 -0.2677387595176697
v -0.5858301520347595 -0.0950700044631958 -0.27308911085128784
v -0.5996924638748169 -0.10333877801895142 -0.25715965032577515
v -0.6006652116775513 -0.10868912935256958 -0.2623884081840515
v -0.5990844368934631 -0.11926817893981934 -0.27308911085128784
v -0.617202639579773 -0.15112709999084473 -0.2677387595176697
v -0.6242554187774658 -0.1722853183746338 -0.2677387595176697
v -0.6229177713394165 -0.18286439776420593 -0.2702923119068146
v -0.5275843143463135 -0.16170620918273926 -0.17058125138282776
v -0.5487425327301025 -0.1722853183746338 -0.16182613372802734
v -0.5699006915092468 -0.18286439776420593 -0.15465179085731506
v -0.5593216419219971 -0.12984728813171387 -0.15063902735710144
v -0.5540928840637207 -0.10868912935256958 -0.15015265345573425
v -0.5646719336509705 -0.11403942108154297 -0.15221983194351196
v -0.5540928840637207 -0.09811002016067505 -0.15258461236953735
v -0.5646719336509705 -0.09275966882705688 -0.16170454025268555
v -0.5701439380645752 -0.08753091096878052 -0.1722836196422577
v -0.5806013941764832 -0.08218055963516235 -0.1924690306186676
v -0.5857085585594177 -0.08218055963516235 -0.20414254069328308
v -0.5806013941764832 -0.07160145044326782 -0.23065108060836792
v -0.5846141576766968 -0.07683020830154419 -0.24123018980026245
v -0.5911805033683777 -0.0883820652961731 -0.251809298992157
v -0.6097851395606995 -0.11403942108154297 -0.24658054113388062
v -0.6173242330551147 -0.1246185302734375 -0.24123018980026245
v -0.6173242330551147 -0.12984728813171387 -0.251809298992157
v -0.6229177713394165 -0.14638477563858032 -0.25715965032577515
v -0.6387256383895874 -0.18286439776420593 -0.25715965032577515
v -0.5858301520347595 -0.2041442096233368 -0.1517334282398224
v -0.5776830315589905 -0.17763563990592957 -0.15112543106079102
v -0.5806013941764832 -0.16705656051635742 -0.15015265345573425
v -0.5699006915092468 -0.1405479907989502 -0.15076065063476562
v -0.575251042842865 -0.1405479907989502 -0.1517334282398224
v -0.5699006915092468 -0.12984728813171387 -0.1516118347644806
v -0.5646719336509705 -0.10333877801895142 -0.1559893786907196
v -0.575251042842865 -0.10333877801895142 -0.16644689440727234
v -0.5847357511520386 -0.09275966882705688 -0.18821308016777039
v -0.5911805033683777 -0.09397566318511963 -0.19879218935966492
v -0.6017596125602722 -0.11926817893981934 -0.1947794258594513
v -0.6124602556228638 -0.1246185302734375 -0.20937129855155945
v -0.6017596125602722 -0.1038251519203186 -0.2147216498851776
v -0.6108795404434204 -0.11403942108154297 -0.22530072927474976
v -0.612338662147522 -0.11549866199493408 -0.2358798384666443
v -0.620972216129303 -0.12984728813171387 -0.2358798384666443
v -0.6313080787658691 -0.15112709999084473 -0.24123018980026245
v -0.6547766923904419 -0.19879385828971863 -0.24123018980026245
v -0.596409261226654 -0.1882147490978241 -0.147355854511261
v -0.5911805033683777 -0.18286439776420593 -0.14832866191864014
v -0.5858301520347595 -0.1722853183746338 -0.14954465627670288
v -0.5806013941764832 -0.15112709999084473 -0.1516118347644806
v -0.5809662342071533 -0.13519763946533203 -0.15635418891906738
v -0.592639684677124 -0.14577674865722656 -0.16170454025268555
v -0.6017596125602722 -0.13519763946533203 -0.1812819540500641
v -0.6139194965362549 -0.17763563990592957 -0.16170454025268555
v -0.6176890134811401 -0.14577674865722656 -0.19636020064353943
v -0.6336184740066528 -0.1743524968624115 -0.19356343150138855
v -0.6406712532043457 -0.17763563990592957 -0.20414254069328308
v -0.6229177713394165 -0.13446807861328125 -0.22530072927474976
v -0.6570870876312256 -0.19879385828971863 -0.23065108060836792
v -0.6017596125602722 -0.18286439776420593 -0.1493014395236969
v -0.5911805033683777 -0.16669175028800964 -0.15112543106079102
v -0.6046779751777649 -0.1722853183746338 -0.15635418891906738
v -0.6229177713394165 -0.1882147490978241 -0.16316372156143188
v -0.6601270437240601 -0.21472331881523132 -0.19514420628547668
v -0.9517211318016052 -0.18286439776420593 0.35022664070129395
v -0.9517211318016052 -0.15708541870117188 0.36311614513397217
v -0.9517211318016052 -0.1405479907989502 0.3689528703689575
v -0.9623002409934998 -0.1563558578491211 0.3640889525413513
v -0.9569498896598816 -0.15963900089263916 0.36311614513397217
v -0.9569498896598816 -0.1405479907989502 0.3694393038749695
v -0.9569498896598816 -0.11926817893981934 0.37478965520858765
v -0.9463707804679871 -0.10333877801895142 0.3786808252334595
v -0.9463707804679871 -0.07160145044326782 0.3845175504684448
v -0.9517211318016052 -0.05567198991775513 0.3826935887336731
v -0.9463707804679871 -0.03974252939224243 0.3835447430610657
v -0.9410204291343689 -0.018584370613098145 0.38220715522766113
v -0.9359132647514343 -0.008005261421203613 0.384395956993103
v -0.9508699178695679 -0.008005261421203613 0.3738168478012085
v -0.9542747139930725 -0.008005261421203613 0.36846649646759033
v -0.9491675496101379 0.007924199104309082 0.3578873872756958
v -0.9492891430854797 0.007924199104309082 0.35253703594207764
v -0.9498971104621887 -0.0026549100875854492 0.33660757541656494
v -0.9463707804679871 -0.008005261421203613 0.32906848192214966
v -0.9506267309188843 -0.01323401927947998 0.3313788175582886
v -0.9447900056838989 -0.01323401927947998 0.3260284662246704
v -0.9410204291343689 -0.034513771533966064 0.3237181305885315
v -0.9410204291343689 -0.05032163858413696 0.3211645483970642
v -0.9463707804679871 -0.05032163858413696 0.3217725157737732
v -0.9463707804679871 -0.07683020830154419 0.3188541531562805
v -0.9517211318016052 -0.09275966882705688 0.31544941663742065
v -0.9517211318016052 -0.11926817893981934 0.30900466442108154
v -0.9463707804679871 -0.1428583860397339 0.3048703074455261
v -0.9463707804679871 -0.17763563990592957 0.29246723651885986
v -0.952450692653656 -0.18286439776420593 0.28359049558639526
v -0.9569498896598816 -0.1717989146709442 0.3578873872756958
v -0.9623002409934998 -0.17763563990592957 0.3550906181335449
v -0.9675289392471313 -0.1563558578491211 0.3628729581832886
v -0.9675289392471313 -0.13519763946533203 0.36858808994293213
v -0.9623002409934998 -0.10333877801895142 0.3758839964866638
v -0.9569498896598816 -0.09811002016067505 0.3786808252334595
v -0.9569498896598816 -0.08218055963516235 0.3802616000175476
v -0.9569498896598816 -0.06625109910964966 0.3802616000175476
v -0.9558554887771606 -0.05032163858413696 0.37904560565948486
v -0.9463707804679871 -0.01323401927947998 0.37892401218414307
v -0.9525722861289978 -0.01323401927947998 0.3738168478012085
v -0.9558554887771606 -0.01323401927947998 0.36846649646759033
v -0.9569498896598816 -0.023813068866729736 0.3689528703689575
v -0.9560986757278442 -0.008005261421203613 0.36311614513397217
v -0.9569498896598816 -0.008005261421203613 0.35253703594207764
v -0.9548826813697815 -0.008005261421203613 0.3419579267501831
v -0.9517211318016052 -0.008005261421203613 0.3351483941078186
v -0.9519643187522888 -0.023813068866729736 0.3313788175582886
v -0.9463707804679871 -0.0291634202003479 0.326150119304657
v -0.9517211318016052 -0.05032163858413696 0.3237181305885315
v -0.9569498896598816 -0.07208782434463501 0.3207997679710388
v -0.9578010439872742 -0.09275966882705688 0.31544941663742065
v -0.9569498896598816 -0.11926817893981934 0.3077886700630188
v -0.9517211318016052 -0.1563558578491211 0.2963583469390869
v -0.9569498896598816 -0.18286439776420593 0.280428946018219
v -0.9675289392471313 -0.1722853183746338 0.35642820596694946
v -0.9728792905807495 -0.15112709999084473 0.362143337726593
v -0.9782296419143677 -0.1722853183746338 0.3508346676826477
v -0.9785944819450378 -0.15112709999084473 0.3578873872756958
v -0.9728792905807495 -0.12984728813171387 0.36639928817749023
v -0.9728792905807495 -0.11403942108154297 0.3677368760108948
v -0.9664345979690552 -0.08753091096878052 0.3738168478012085
v -0.9623002409934998 -0.06102234125137329 0.37478965520858765
v -0.9657049775123596 -0.05567198991775513 0.36846649646759033
v -0.9675289392471313 -0.046552062034606934 0.3578873872756958
v -0.9640026092529297 -0.034513771533966064 0.35253703594207764
v -0.9619354009628296 -0.0291634202003479 0.34730827808380127
v -0.9575578570365906 -0.0291634202003479 0.33660757541656494
v -0.9585306644439697 -0.05567198991775513 0.3260284662246704
v -0.9623002409934998 -0.09275966882705688 0.3165437579154968
v -0.9623002409934998 -0.11172908544540405 0.3100990653038025
v -0.9569498896598816 -0.13519763946533203 0.30231672525405884
v -0.9569498896598816 -0.16170620918273926 0.2913728356361389
v -0.9623002409934998 -0.19356510043144226 0.271795392036438
v -0.9782296419143677 -0.19332191348075867 0.3419579267501831
v -0.983458399772644 -0.1722853183746338 0.3462138772010803
v -0.983458399772644 -0.15112709999084473 0.35241544246673584
v -0.9809048175811768 -0.13519763946533203 0.3578873872756958
v -0.9762840867042542 -0.10333877801895142 0.36311614513397217
v -0.974216878414154 -0.07160145044326782 0.3578873872756958
v -0.9728792905807495 -0.06004953384399414 0.35253703594207764
v -0.9728792905807495 -0.05980634689331055 0.34730827808380127
v -0.9738520979881287 -0.06625109910964966 0.3419579267501831
v -0.9675289392471313 -0.06102234125137329 0.3327164053916931
v -0.9675289392471313 -0.10333877801895142 0.3149629831314087
v -0.9675289392471313 -0.15112709999084473 0.294655978679657
v -0.9728792905807495 -0.16705656051635742 0.2872384786605835
v -0.9728792905807495 -0.19356510043144226 0.2710658311843872
v -0.9879575967788696 -0.18286439776420593 0.33660757541656494
v -0.9866200089454651 -0.15112709999084473 0.34730827808380127
v -0.9864984154701233 -0.12984728813171387 0.34730827808380127
v -0.9821208119392395 -0.10868912935256958 0.35253703594207764
v -0.978472888469696 -0.08218055963516235 0.34730827808380127
v -0.9828504323959351 -0.10333877801895142 0.33660757541656494
v -0.9829720258712769 -0.11403942108154297 0.3260284662246704
v -0.9726361036300659 -0.09811002016067505 0.3207997679710388
v -0.9728792905807495 -0.13240087032318115 0.3048703074455261
v -0.9782296419143677 -0.16170620918273926 0.29258882999420166
v -0.9924567341804504 -0.1882147490978241 0.3260284662246704
v -0.988930344581604 -0.14577674865722656 0.3419579267501831
v -0.9892951846122742 -0.13519763946533203 0.33660757541656494
v -0.9896599650382996 -0.13519763946533203 0.3313788175582886
v -0.9878360033035278 -0.12984728813171387 0.3260284662246704
v -0.9782296419143677 -0.11926817893981934 0.31544941663742065
v -0.983458399772644 -0.1563558578491211 0.29988473653793335
v -0.983458399772644 -0.18991714715957642 0.2783617377281189
v -0.9934295415878296 -0.16705656051635742 0.3260284662246704
v -0.9942806959152222 -0.16705656051635742 0.3207997679710388
v -0.993186354637146 -0.16170620918273926 0.31544941663742065
v -0.9888087511062622 -0.16000381112098694 0.3048703074455261
v -0.9888087511062622 -0.18991714715957642 0.28359049558639526
v -0.9930647015571594 -0.1722853183746338 0.3048703074455261
f 3089 3090 3109
f 3090 3091 3109
f 3128 3129 3130
f 3129 3119 3131
f 3119 3120 3131
f 3120 3121 3131
f 3121 3107 3122
f 3107 3085 3108
f 3085 3086 3108
f 3086 3087 3108
f 3087 3088 3108
f 3088 3089 3108
f 3089 3088 3090
f 3088 3060 3090
f 3060 3061 3090
f 3061 3062 3090
f 3062 3063 3090
f 3090 3063 3091
f 3063 3064 3091
f 3064 3065 3091
f 3126 3127 3134
f 3127 3128 3134
f 3127 3118 3128
f 3118 3119 3128
f 3119 3129 3128
f 3118 3104 3119
f 3104 3105 3119
f 3119 3105 3120
f 3120 3105 3121
f 3105 3106 3121
f 3106 3107 3121
f 3106 3085 3107
f 3084 3058 3085
f 3085 3058 3086
f 3084 3085 3104
f 3104 3085 3105
f 3105 3085 3106
f 3058 3059 3086
f 3086 3059 3087
f 3059 3060 3087
f 3087 3060 3088
f 3060 3059 3061
f 3059 3029 3061
f 3029 3030 3061
f 3061 3030 3062
f 3030 3031 3062
f 3063 3062 3064
f 3062 3031 3064
f 3031 3032 3064
f 3032 3033 3064
f 3064 3033 3065
f 3033 3034 3065
f 3034 3035 3065
f 3126 3125 3127
f 3125 3115 3127
f 3115 3116 3127
f 3116 3117 3127
f 3117 3118 3127
f 3117 3103 3118
f 3103 3104 3118
f 3103 3083 3104
f 3083 3084 3104
f 3083 3057 3084
f 3057 3058 3084
f 3057 3028 3058
f 3058 3028 3059
f 3028 3029 3059
f 3999 3990 4000
f 4000 3990 4001
f 3990 3991 4001
f 4001 3991 4002
f 2992 2993 3029
f 2993 2994 3029
f 2994 2995 3029
f 2995 2996 3029
f 3029 2996 3030
f 3028 2991 3029
f 2991 2992 3029
f 2996 2997 3030
f 2997 2998 3030
f 3030 2998 3031
f 2998 2999 3031
f 3031 2999 3032
f 2999 3000 3032
f 3033 3032 3034
f 3032 3000 3034
f 3000 3001 3034
f 3001 3002 3034
f 3002 3003 3034
f 3002 2959 3003
f 2959 2960 3003
f 4051 4027 4053
f 3124 3114 3125
f 3114 3115 3125
f 3124 3125 3132
f 3125 3133 3132
f 3115 3114 3116
f 3116 3101 3117
f 3114 3100 3116
f 3100 3101 3116
f 3101 3102 3117
f 3102 3103 3117
f 3102 3083 3103
f 3082 3056 3083
f 3056 3057 3083
f 3082 3083 3102
f 3056 3026 3057
f 3026 3027 3057
f 3027 3028 3057
f 3027 2991 3028
f 4005 3998 4006
f 3998 3999 4006
f 3998 3989 3999
f 3989 3990 3999
f 3989 3978 3990
f 3990 3978 3991
f 3991 3992 4002
f 3992 3993 4002
f 3993 3994 4002
f 4002 3994 4003
f 4002 4003 4007
f 3978 3979 3991
f 3991 3979 3992
f 2991 2990 2992
f 2990 2944 2992
f 2944 2945 2992
f 2945 2946 2992
f 2992 2946 2993
f 2946 2947 2993
f 2947 2948 2993
f 2948 2949 2993
f 2993 2949 2994
f 2949 2950 2994
f 2950 2951 2994
f 2994 2951 2995
f 2951 2952 2995
f 2996 2995 2997
f 2995 2952 2997
f 2990 2991 3027
f 2952 2953 2997
f 2997 2953 2998
f 2999 2998 3000
f 2998 2955 3000
f 2953 2954 2998
f 2954 2955 2998
f 3000 2955 3001
f 2955 2956 3001
f 3001 2956 3002
f 2956 2957 3002
f 2957 2958 3002
f 2958 2959 3002
f 2958 2906 2959
f 2906 2907 2959
f 2907 2908 2959
f 2908 2909 2959
f 2909 819 2959
f 2959 819 2960
f 4025 4026 4050
f 4050 4026 4051
f 4052 4051 4053
f 4050 4051 4267
f 4267 4051 4268
f 4051 4052 4268
f 4052 4053 4269
f 3113 3114 3123
f 3123 3114 3124
f 3123 3124 3132
f 3113 3098 3114
f 3098 3099 3114
f 3099 3100 3114
f 3100 3078 3101
f 3078 3079 3101
f 3079 3080 3101
f 3080 3081 3101
f 3101 3081 3102
f 3076 3077 3100
f 3077 3078 3100
f 3099 3076 3100
f 3081 3082 3102
f 3055 3056 3082
f 3055 3025 3056
f 3025 3026 3056
f 3081 3080 3082
f 3080 3053 3082
f 3053 3054 3082
f 3054 3055 3082
f 3025 2989 3026
f 3026 2989 3027
f 2989 2990 3027
f 4003 3996 4004
f 4004 3996 4005
f 3996 3997 4005
f 3997 3998 4005
f 3987 3988 3998
f 3997 3987 3998
f 3988 3989 3998
f 3988 3977 3989
f 3977 3978 3989
f 3977 3976 3978
f 3976 3975 3978
f 3978 3975 3979
f 3979 3980 3992
f 3992 3980 3993
f 3980 3981 3993
f 3993 3981 3994
f 3994 3995 4003
f 3981 3982 3994
f 3982 3984 3994
f 3994 3984 3995
f 3995 3996 4003
f 3975 3967 3979
f 3979 3967 3980
f 2989 2942 2990
f 2942 2943 2990
f 2943 2944 2990
f 2943 2886 2944
f 2944 2886 2945
f 2886 2887 2945
f 2887 2888 2945
f 2946 2945 2947
f 2945 2888 2947
f 2888 2889 2947
f 2889 2891 2947
f 2891 2892 2947
f 2947 2892 2948
f 2895 2896 2948
f 2948 2896 2949
f 2892 2893 2948
f 2893 2894 2948
f 2894 2895 2948
f 2896 2897 2949
f 2949 2897 2950
f 2950 2897 2951
f 2897 2898 2951
f 2898 2899 2951
f 2899 2900 2951
f 2951 2900 2952
f 2900 2902 2952
f 2902 2901 2952
f 2953 2952 2954
f 2952 2901 2954
f 2954 2901 2955
f 2955 2901 2956
f 2956 2901 2957
f 2901 2903 2957
f 2957 2903 2958
f 2903 2904 2958
f 2904 2905 2958
f 2905 2906 2958
f 2905 2848 2906
f 2848 2850 2906
f 2906 2850 2907
f 2850 2851 2907
f 2851 2852 2907
f 2852 2853 2907
f 2908 2907 2909
f 2907 2910 2909
f 2910 2907 2912
f 2907 2853 2912
f 2909 2910 2911
f 2961 2911 2962
f 2911 2910 2912
f 2911 2912 2962
f 4021 4009 4022
f 4020 4021 4042
f 4042 4021 4043
f 4043 4021 4044
f 4021 4022 4044
f 4023 4024 4025
f 4024 4022 4025
f 4023 4025 4050
f 4049 4050 4267
f 4049 4023 4050
f 4054 4055 4269
f 4268 4052 4269
f 4266 4267 4343
f 4267 4268 4343
f 4266 4049 4267
f 4343 4268 4344
f 4268 4269 4344
f 4269 4055 4270
f 4269 4270 4344
f 3112 3113 3123
f 3112 3097 3113
f 3097 3098 3113
f 3097 3074 3098
f 3074 3075 3098
f 3075 3076 3098
f 3098 3076 3099
f 3077 3051 3078
f 3051 3052 3078
f 3078 3052 3079
f 3079 3052 3080
f 3052 3053 3080
f 3075 3049 3076
f 3049 3050 3076
f 3050 3051 3076
f 3076 3051 3077
f 3054 3024 3055
f 3024 3025 3055
f 3024 2986 3025
f 2986 2987 3025
f 2987 2988 3025
f 2988 2989 3025
f 3021 3022 3053
f 3022 3023 3053
f 3053 3023 3054
f 3052 3020 3053
f 3020 3021 3053
f 3023 3024 3054
f 2988 2942 2989
f 3995 3983 3996
f 3983 3985 3996
f 3996 3985 3997
f 3985 3986 3997
f 3986 3987 3997
f 3987 3973 3988
f 3973 3974 3988
f 3974 3976 3988
f 3976 3977 3988
f 3986 3972 3987
f 3972 3973 3987
f 3974 3975 3976
f 3967 3975 3974
f 3967 3968 3980
f 3980 3968 3981
f 3968 3969 3981
f 3981 3969 3982
f 3984 3983 3995
f 3969 3970 3982
f 3984 3982 3985
f 3982 3970 3985
f 3983 3984 3985
f 3967 3966 3968
f 3966 3967 3974
f 2941 2942 2987
f 2987 2942 2988
f 2942 2941 2943
f 2941 2882 2943
f 2882 2883 2943
f 2883 2884 2943
f 2884 2885 2943
f 2885 2886 2943
f 2885 2825 2886
f 2886 2825 2887
f 2828 2829 2887
f 2887 2829 2888
f 2825 2826 2887
f 2826 2827 2887
f 2827 2828 2887
f 2888 2829 2889
f 2829 2830 2889
f 2830 2831 2889
f 2831 2890 2889
f 2889 2890 2891
f 2890 2831 2891
f 2831 2832 2891
f 2832 2833 2891
f 2833 2834 2891
f 2891 2834 2892
f 2892 2834 2893
f 2894 2837 2895
f 2837 2838 2895
f 2895 2838 2896
f 2838 2839 2896
f 2896 2839 2897
f 2834 2835 2893
f 2835 2836 2893
f 2836 2837 2893
f 2893 2837 2894
f 2897 2839 2898
f 2839 2840 2898
f 2898 2840 2899
f 2840 2841 2899
f 2841 2842 2899
f 2899 2842 2900
f 2902 2900 2903
f 2900 2842 2903
f 2901 2902 2903
f 2903 2842 2904
f 2842 2843 2904
f 2843 2844 2904
f 2904 2844 2905
f 2844 2845 2905
f 2845 2846 2905
f 2846 2847 2905
f 2847 2848 2905
f 2847 2777 2848
f 2777 2779 2848
f 2779 2849 2848
f 2848 2849 2850
f 2849 2779 2850
f 2851 2850 2852
f 2850 2779 2852
f 2779 2780 2852
f 2853 2852 2854
f 2852 2780 2854
f 2912 2853 2913
f 2853 2854 2913
f 2912 2913 2962
f 2962 2913 2963
f 3004 2962 3005
f 2962 2963 3005
f 4022 4024 4044
f 4041 4042 4260
f 4260 4042 4261
f 4261 4042 4262
f 4042 4043 4262
f 4043 4044 4262
f 4044 4045 4262
f 4044 4024 4045
f 4040 4041 4259
f 4259 4041 4260
f 4024 4023 4045
f 4045 4023 4049
f 4048 4045 4049
f 4048 4049 4266
f 4270 4055 4271
f 4055 4056 4271
f 4342 4266 4343
f 4343 4344 4413
f 4342 4343 4412
f 4412 4343 4413
f 4265 4048 4266
f 4265 4266 4341
f 4341 4266 4342
f 4344 4270 4345
f 4413 4344 4414
f 4344 4345 4414
f 4345 4270 4346
f 4270 4271 4346
f 4271 4056 4273
f 4056 4057 4273
f 3111 3097 3112
f 3096 3097 3111
f 3096 3073 3097
f 3073 3074 3097
f 3074 3073 3075
f 3073 3047 3075
f 3047 3048 3075
f 3048 3049 3075
f 3095 3096 3111
f 3050 3019 3051
f 3051 3019 3052
f 3019 3020 3052
f 3048 3019 3049
f 3049 3019 3050
f 3023 2984 3024
f 2984 2985 3024
f 2985 2986 3024
f 2986 2985 2987
f 2985 2940 2987
f 2940 2941 2987
f 3020 2979 3021
f 3021 2979 3022
f 2979 2980 3022
f 2980 2982 3022
f 3022 2982 3023
f 2982 2983 3023
f 2983 2984 3023
f 3019 3018 3020
f 3018 2978 3020
f 2978 2979 3020
f 3970 3971 3985
f 3985 3971 3986
f 3971 3972 3986
f 3972 3964 3973
f 3973 3964 3974
f 3964 3966 3974
f 3971 3964 3972
f 3966 3965 3968
f 3968 3965 3969
f 3969 3965 3970
f 3965 3964 3970
f 3970 3964 3971
f 3964 3965 3966
f 2940 2882 2941
f 2881 2882 2940
f 2882 2881 2883
f 2881 2820 2883
f 2820 2821 2883
f 2821 2822 2883
f 2883 2822 2884
f 2884 2822 2885
f 2822 2823 2885
f 2823 2824 2885
f 2824 2825 2885
f 2824 2746 2825
f 2746 2747 2825
f 2747 2748 2825
f 2825 2748 2826
f 2827 2749 2828
f 2749 2750 2828
f 2750 2751 2828
f 2828 2751 2829
f 2829 2751 2830
f 2826 2748 2827
f 2748 2749 2827
f 2751 2752 2830
f 2830 2752 2831
f 2831 2755 2832
f 2752 2753 2831
f 2753 2754 2831
f 2754 2755 2831
f 2755 2756 2832
f 2756 2757 2832
f 2832 2757 2833
f 2757 2758 2833
f 2758 2759 2833
f 2759 2760 2833
f 2834 2833 2835
f 2833 2760 2835
f 2836 2763 2837
f 2763 2764 2837
f 2837 2764 2838
f 2764 2765 2838
f 2765 2766 2838
f 2766 2767 2838
f 2767 2768 2838
f 2839 2838 2840
f 2838 2768 2840
f 2835 2760 2836
f 2760 2761 2836
f 2761 2762 2836
f 2762 2763 2836
f 2840 2768 2841
f 2768 2769 2841
f 2769 2770 2841
f 2770 2771 2841
f 2841 2771 2842
f 2771 2772 2842
f 2842 2772 2843
f 2844 2843 2845
f 2843 2773 2845
f 2772 2773 2843
f 2773 2774 2845
f 2774 2775 2845
f 2845 2775 2846
f 2846 2775 2847
f 2775 2776 2847
f 2776 2777 2847
f 2777 2778 2779
f 2778 2777 2781
f 2777 2776 2781
f 2779 2778 2780
f 2854 2780 2855
f 2780 2781 2855
f 2780 2778 2781
f 2913 2854 2914
f 2914 2854 2915
f 2854 2855 2915
f 2913 2914 2963
f 3004 3005 3036
f 2963 2964 3005
f 2963 2914 2964
f 3005 3006 3036
f 3005 2964 3006
f 3036 3006 3037
f 4259 4260 4332
f 4332 4260 4333
f 4260 4261 4333
f 4261 4262 4333
f 4045 4047 4262
f 4262 4047 4263
f 4333 4262 4335
f 4262 4263 4335
f 4045 4046 4047
f 4046 4045 4048
f 4039 4038 4040
f 4038 4037 4040
f 4037 4019 4040
f 4039 4040 4259
f 4258 4039 4259
f 4258 4259 4332
f 4047 4046 4048
f 4047 4048 4264
f 4264 4048 4265
f 4272 4271 4273
f 4271 4272 4346
f 4341 4342 4411
f 4411 4342 4412
f 4412 4413 4604
f 4413 4414 4604
f 4411 4412 4604
f 4338 4265 4341
f 4264 4265 4336
f 4336 4265 4337
f 4337 4265 4338
f 4339 4341 4411
f 4340 4338 4341
f 4339 4340 4341
f 4414 4345 4416
f 4416 4345 4417
f 4345 4346 4417
f 4415 4414 4416
f 4604 4414 4605
f 4414 4415 4605
f 4346 4272 4347
f 4346 4347 4417
f 4273 4057 4274
f 4272 4273 4352
f 4273 4274 4352
f 3094 3095 3110
f 3095 3071 3096
f 3071 3072 3096
f 3072 3073 3096
f 3072 3047 3073
f 3046 3047 3071
f 3071 3047 3072
f 3046 3017 3047
f 3047 3017 3048
f 3017 3019 3048
f 3094 3070 3095
f 3070 3071 3095
f 3017 3018 3019
f 2984 2983 2985
f 2983 2938 2985
f 2938 2939 2985
f 2939 2940 2985
f 2939 2881 2940
f 2978 2932 2979
f 2932 2931 2979
f 2979 2931 2980
f 2931 2933 2980
f 2933 2935 2980
f 2935 2981 2980
f 2980 2981 2982
f 2982 2981 2983
f 2981 2935 2983
f 2935 2936 2983
f 2936 2937 2983
f 2937 2938 2983
f 2978 3018 3017
f 2977 2978 3015
f 3015 2978 3016
f 3016 2978 3017
f 2977 2932 2978
f 2880 2881 2938
f 2938 2881 2939
f 2880 2820 2881
f 2819 2818 2820
f 2818 2741 2820
f 2820 2741 2821
f 2819 2820 2879
f 2879 2820 2880
f 2741 2742 2821
f 2822 2821 2823
f 2821 2742 2823
f 2742 2743 2823
f 2743 2744 2823
f 2744 2745 2823
f 2823 2745 2824
f 2745 2746 2824
f 2745 2669 2746
f 2669 2670 2746
f 2670 2671 2746
f 2746 2671 2747
f 2747 2671 2748
f 2671 2672 2748
f 2748 2672 2749
f 2672 2673 2749
f 2749 2673 2750
f 2673 2674 2750
f 2674 2675 2750
f 2750 2675 2751
f 2675 2676 2751
f 2751 2676 2752
f 2676 2677 2752
f 2752 2677 2753
f 2754 2679 2755
f 2679 2680 2755
f 2755 2680 2756
f 2753 2677 2754
f 2677 2678 2754
f 2678 2679 2754
f 2680 2681 2756
f 2757 2756 2758
f 2756 2681 2758
f 2681 2682 2758
f 2682 2683 2758
f 2758 2683 2759
f 2683 2684 2759
f 2684 2685 2759
f 2685 2686 2759
f 2686 2687 2759
f 2759 2687 2760
f 2687 2688 2760
f 2688 2689 2760
f 2760 2689 2761
f 2762 2691 2763
f 2764 2763 2765
f 2763 2691 2765
f 2765 2691 2766
f 2691 2692 2766
f 2766 2692 2767
f 2767 2692 2768
f 2768 2692 2769
f 2761 2689 2762
f 2689 2690 2762
f 2690 2691 2762
f 2692 2693 2769
f 2693 2694 2769
f 2769 2694 2770
f 2694 2695 2770
f 2770 2695 2771
f 2695 2696 2771
f 2696 2697 2771
f 2771 2697 2772
f 2697 2698 2772
f 2698 2699 2772
f 2772 2699 2773
f 2699 2700 2773
f 2700 2701 2773
f 2773 2701 2774
f 2701 2702 2774
f 2702 2703 2774
f 2703 2704 2774
f 2775 2774 2776
f 2774 2704 2776
f 2704 2705 2776
f 2781 2776 2782
f 2776 2705 2782
f 2781 2782 2855
f 2855 2782 2856
f 2855 2856 2915
f 2914 2915 2964
f 2915 2856 2916
f 2964 2915 2965
f 2915 2916 2965
f 2964 2965 3006
f 3006 3007 3037
f 2965 2966 3006
f 3006 2966 3007
f 3039 3040 3066
f 3066 3040 3067
f 3066 3067 3092
f 3037 3038 3066
f 3038 3039 3066
f 3037 3007 3038
f 4331 4332 4403
f 4332 4333 4403
f 4331 4258 4332
f 4333 4334 4403
f 4334 4333 4335
f 4263 4047 4264
f 4263 4264 4336
f 4335 4263 4336
f 4334 4335 4404
f 4335 4336 4404
f 4037 4038 4039
f 4037 4039 4256
f 4256 4039 4257
f 4257 4039 4258
f 4036 4017 4037
f 4017 4018 4037
f 4018 4019 4037
f 4036 4037 4256
f 4257 4258 4327
f 4327 4258 4331
f 4347 4272 4350
f 4350 4272 4351
f 4351 4272 4352
f 4410 4411 4604
f 4410 4340 4411
f 4340 4339 4411
f 4603 4604 4714
f 4604 4605 4714
f 4603 4410 4604
f 4337 4338 4406
f 4406 4338 4407
f 4407 4338 4408
f 4338 4340 4408
f 4404 4336 4405
f 4336 4337 4405
f 4405 4337 4406
f 4408 4340 4409
f 4409 4340 4410
f 4415 4416 4608
f 4416 4417 4608
f 4347 4348 4417
f 4417 4348 4418
f 4417 4418 4608
f 4607 4415 4608
f 4605 4415 4606
f 4606 4415 4607
f 4605 4606 4714
f 4348 4347 4349
f 4349 4347 4350
f 4352 4274 4353
f 4351 4352 4541
f 4352 4353 4541
f 3093 3070 3094
f 3070 3068 3071
f 3068 3045 3071
f 3045 3046 3071
f 3045 3015 3046
f 3015 3016 3046
f 3016 3017 3046
f 3069 3068 3070
f 3069 3070 3093
f 2937 2878 2938
f 2878 2879 2938
f 2879 2880 2938
f 2934 2932 2977
f 2931 2932 2933
f 2932 2934 2933
f 2933 2876 2935
f 2934 2930 2933
f 2930 2875 2933
f 2875 2876 2933
f 2876 2877 2935
f 2935 2877 2936
f 2936 2877 2937
f 2877 2878 2937
f 3014 2976 3015
f 2976 2977 3015
f 2976 2934 2977
f 3014 3015 3045
f 4010 4008 4015
f 4015 4008 4017
f 4017 4008 4018
f 2817 2738 2818
f 2738 2739 2818
f 2739 2740 2818
f 2740 2741 2818
f 2817 2818 2878
f 2818 2819 2878
f 2878 2819 2879
f 2741 2740 2742
f 2740 2667 2742
f 2742 2667 2743
f 2743 2667 2744
f 2667 2668 2744
f 2668 2669 2744
f 2744 2669 2745
f 2668 2589 2669
f 2589 2590 2669
f 2590 2591 2669
f 2669 2591 2670
f 2670 2591 2671
f 2591 2592 2671
f 2671 2592 2672
f 2592 2593 2672
f 2593 2594 2672
f 2672 2594 2673
f 2594 2595 2673
f 2673 2595 2674
f 2595 2596 2674
f 2674 2596 2675
f 2596 2597 2675
f 2597 2598 2675
f 2598 2600 2675
f 2675 2600 2676
f 2600 2599 2676
f 2676 2599 2677
f 2599 2601 2677
f 2677 2601 2678
f 2678 2603 2679
f 2603 2604 2679
f 2679 2604 2680
f 2680 2604 2681
f 2601 2602 2678
f 2602 2603 2678
f 2604 2605 2681
f 2605 2606 2681
f 2606 2607 2681
f 2681 2607 2682
f 2607 2608 2682
f 2682 2608 2683
f 2608 2609 2683
f 2609 2610 2683
f 2610 2611 2683
f 2683 2611 2684
f 2611 2612 2684
f 2684 2612 2685
f 2685 2612 2686
f 2612 2613 2686
f 2686 2613 2687
f 2687 2614 2688
f 2613 2614 2687
f 2689 2688 2690
f 2690 2688 2693
f 2688 2614 2693
f 2691 2690 2692
f 2692 2690 2693
f 2614 2615 2693
f 2615 2616 2693
f 2616 2617 2693
f 2693 2617 2694
f 2694 2617 2695
f 2617 2618 2695
f 2618 2619 2695
f 2695 2619 2696
f 2619 2620 2696
f 2696 2620 2697
f 2620 2621 2697
f 2621 2622 2697
f 2697 2622 2698
f 2622 2623 2698
f 2699 2698 2700
f 2698 2623 2700
f 2623 2624 2700
f 2700 2624 2701
f 2701 2624 2702
f 2624 2625 2702
f 2702 2625 2703
f 2625 2626 2703
f 2626 2627 2703
f 2703 2627 2704
f 2627 2628 2704
f 2704 2628 2705
f 2628 2629 2705
f 2705 2629 2706
f 2705 2706 2782
f 2782 2783 2856
f 2782 2706 2783
f 2856 2857 2916
f 2783 2784 2856
f 2784 2785 2856
f 2856 2785 2857
f 2916 2857 2917
f 2965 2916 2966
f 2916 2917 2966
f 3007 3008 3038
f 2966 2967 3007
f 3007 2967 3008
f 2966 2917 2967
f 3067 3040 3068
f 3040 3041 3068
f 3038 3009 3039
f 3039 3009 3040
f 3009 3010 3040
f 3040 3010 3041
f 3067 3068 3092
f 3068 3069 3092
f 3092 3069 3093
f 3008 3009 3038
f 3 4330 4403
f 4330 4331 4403
f 4330 4327 4331
f 4403 4334 4404
f 3 4403 4598
f 4598 4403 4599
f 4403 4404 4599
f 4404 4405 4599
f 4255 4036 4256
f 4255 4256 4325
f 4256 4257 4325
f 4325 4257 4326
f 4326 4257 4327
f 4016 4017 4035
f 4035 4017 4036
f 4035 4036 4255
f 4016 4015 4017
f 4329 4327 4330
f 4326 4327 4399
f 4327 4329 4399
f 4349 4350 4539
f 4539 4350 4540
f 4350 4351 4540
f 4540 4351 4541
f 4409 4410 4602
f 4602 4410 4603
f 4602 4603 4713
f 4713 4603 4714
f 4606 4607 4714
f 4714 4607 4715
f 4713 4714 4806
f 4714 4715 4806
f 4405 4406 4600
f 4406 4407 4600
f 4600 4407 4601
f 4407 4408 4601
f 4408 4409 4601
f 4599 4405 4600
f 4601 4409 4602
f 4608 4418 4609
f 4607 4608 4717
f 4608 4609 4717
f 4418 4348 4419
f 4419 4348 4536
f 4348 4349 4536
f 4418 4419 4609
f 4715 4607 4717
f 4536 4349 4537
f 4537 4349 4538
f 4538 4349 4539
f 4540 4541 4656
f 4541 4542 4656
f 3041 3042 3068
f 3042 3043 3068
f 3043 3044 3068
f 3044 3045 3068
f 3044 3013 3045
f 3013 3014 3045
f 2877 2816 2878
f 2816 2817 2878
f 2930 2934 2976
f 2875 2874 2876
f 2874 2811 2876
f 2876 2811 2877
f 2929 2930 2976
f 2929 2873 2930
f 2873 2874 2930
f 2874 2875 2930
f 2811 2812 2877
f 2812 2813 2877
f 2813 2814 2877
f 2814 2815 2877
f 2815 2816 2877
f 2975 2976 3014
f 2975 2929 2976
f 3013 2973 3014
f 2973 2974 3014
f 2974 2975 3014
f 4011 4010 4012
f 4012 4010 4015
f 4014 4012 4015
f 4014 4015 4031
f 4015 4016 4031
f 2737 2738 2817
f 2738 2737 2739
f 2816 2815 2817
f 2815 2735 2817
f 2735 2737 2817
f 2737 2664 2739
f 2664 2665 2739
f 2739 2665 2740
f 2665 2666 2740
f 2666 2667 2740
f 2666 2665 2667
f 2665 2588 2667
f 2588 2589 2667
f 2667 2589 2668
f 2588 2503 2589
f 2589 2503 2590
f 2503 2505 2590
f 2590 2505 2591
f 2507 2508 2591
f 2505 2507 2591
f 2591 2508 2592
f 2592 2508 2593
f 2508 2509 2593
f 2509 2510 2593
f 2593 2510 2594
f 2510 2511 2594
f 2511 2512 2594
f 2594 2512 2595
f 2595 2512 2596
f 2512 2513 2596
f 2596 2513 2597
f 2513 2514 2597
f 2597 2514 2598
f 2600 2598 2601
f 2598 2514 2601
f 2599 2600 2601
f 2514 2515 2601
f 2601 2515 2602
f 2602 2520 2603
f 2603 2520 2604
f 2604 2520 2605
f 2515 2516 2602
f 2516 2517 2602
f 2517 2518 2602
f 2518 2520 2602
f 2520 2521 2605
f 2605 2521 2606
f 2521 2522 2606
f 2522 2523 2606
f 2523 2525 2606
f 2606 2525 2607
f 2607 2525 2608
f 2525 2526 2608
f 2526 2527 2608
f 2608 2527 2609
f 2527 2528 2609
f 2528 2529 2609
f 2529 2530 2609
f 2609 2530 2610
f 2610 2530 2611
f 2530 2531 2611
f 2531 2532 2611
f 2611 2532 2612
f 2612 2532 2613
f 2532 2533 2613
f 2614 2613 2615
f 2613 2533 2615
f 2533 2534 2615
f 2534 2535 2615
f 2535 2536 2615
f 2536 2537 2615
f 2537 2538 2615
f 2615 2538 2616
f 2538 2539 2616
f 2616 2539 2617
f 2617 2539 2618
f 2539 2540 2618
f 2618 2540 2619
f 2540 2541 2619
f 2619 2541 2620
f 2620 2541 2621
f 2541 2542 2621
f 2542 2543 2621
f 2621 2543 2622
f 2543 2544 2622
f 2622 2544 2623
f 2623 2544 2624
f 2544 2545 2624
f 2624 2545 2625
f 2545 2546 2625
f 2546 2547 2625
f 2625 2547 2626
f 2547 2548 2626
f 2626 2548 2627
f 2548 2549 2627
f 2627 2549 2628
f 2628 2549 2629
f 2629 2630 2706
f 2629 2549 2630
f 2630 2631 2706
f 2631 2632 2706
f 2706 2632 2707
f 2706 2707 2784
f 2783 2706 2784
f 2857 2786 2858
f 2785 2786 2857
f 2917 2857 2918
f 2857 2858 2918
f 2707 2708 2784
f 2708 2709 2784
f 2784 2709 2785
f 2709 2710 2785
f 2785 2710 2786
f 2917 2918 2967
f 2967 2968 3008
f 3008 2968 3009
f 2918 2919 2967
f 2967 2919 2968
f 3010 3011 3041
f 3011 3012 3041
f 3041 3012 3042
f 2968 2969 3009
f 3009 2969 3010
f 3010 2969 3011
f 4328 4329 4330
f 3 818 2
f 2 4402 3
f 4402 4328 3
f 4328 4330 3
f 1 2 3
f 2 1 3
f 818 3 4598
f 4597 4598 4710
f 4598 4599 4710
f 4597 817 4598
f 817 818 4598
f 4599 4600 4710
f 4253 4255 4324
f 4324 4255 4325
f 4253 4254 4255
f 4254 4252 4255
f 4252 4035 4255
f 4324 4325 4398
f 4325 4326 4398
f 4398 4326 4399
f 4034 4035 4252
f 4016 4032 4031
f 4034 4033 4035
f 4033 4032 4035
f 4032 4016 4035
f 4329 4328 4399
f 4398 4399 4590
f 4399 4400 4590
f 4400 4399 4401
f 4399 4328 4401
f 4538 4539 4653
f 4653 4539 4654
f 4539 4540 4654
f 4654 4540 4656
f 4601 4602 4712
f 4712 4602 4713
f 4712 4713 4805
f 4805 4713 4806
f 4716 4715 4717
f 4715 4716 4806
f 4806 4716 4807
f 4805 4806 4898
f 4806 4807 4898
f 4710 4600 4711
f 4600 4601 4711
f 4711 4601 4712
f 4419 4506 4609
f 4609 4506 4610
f 4609 4610 4717
f 4610 4611 4717
f 4717 4611 4718
f 4716 4717 4808
f 4717 4718 4808
f 4505 4421 4419
f 4421 4420 4419
f 4419 4420 4506
f 4505 4419 4536
f 4535 4505 4536
f 4535 4536 4649
f 4536 4537 4649
f 4537 4538 4651
f 4649 4537 4650
f 4650 4537 4651
f 4651 4538 4653
f 4655 4654 4656
f 3042 3012 3043
f 3012 3013 3043
f 3043 3013 3044
f 3012 2972 3013
f 2972 2973 3013
f 2873 2810 2874
f 2810 2811 2874
f 2811 2810 2812
f 2928 2929 2974
f 2974 2929 2975
f 2928 2873 2929
f 2872 2873 2928
f 2872 2809 2873
f 2809 2810 2873
f 2810 2808 2812
f 2808 2732 2812
f 2732 2733 2812
f 2813 2812 2814
f 2812 2733 2814
f 2733 2734 2814
f 2814 2734 2815
f 2734 2736 2815
f 2736 2735 2815
f 2972 2924 2973
f 2924 2925 2973
f 2925 2926 2973
f 2973 2926 2974
f 2926 2927 2974
f 2927 2928 2974
f 4013 4012 4014
f 4028 4011 4029
f 4011 4012 4029
f 4012 4013 4029
f 4013 4014 4031
f 4030 4031 4062
f 4031 4033 4062
f 4030 4013 4031
f 4031 4032 4033
f 2735 2736 2737
f 2736 2734 2737
f 2734 2663 2737
f 2663 2664 2737
f 2663 2586 2664
f 2586 2587 2664
f 2664 2587 2665
f 2587 2588 2665
f 2587 2503 2588
f 2504 2503 2587
f 2503 2504 2505
f 2505 2506 2507
f 2504 2502 2505
f 2502 2506 2505
f 2506 2502 2507
f 2502 1109 2507
f 1109 1110 2507
f 1110 1111 2507
f 2507 1111 2508
f 1111 1112 2508
f 1112 1113 2508
f 1113 1114 2508
f 2508 1114 2509
f 1114 1115 2509
f 2509 1115 2510
f 1115 1116 2510
f 2510 1116 2511
f 1116 1117 2511
f 1117 1118 2511
f 2511 1118 2512
f 1118 1119 2512
f 2512 1119 2513
f 1119 1120 2513
f 2513 1120 2514
f 2514 1120 2515
f 1120 1121 2515
f 1121 1122 2515
f 1122 1123 2515
f 1123 1124 2515
f 2516 2515 2517
f 2517 2515 2518
f 2515 1124 2518
f 2518 2519 2520
f 2520 2519 2521
f 1124 1125 2518
f 1125 1127 2518
f 1127 2519 2518
f 2519 1127 2521
f 1127 1129 2521
f 2521 1129 2522
f 1129 1130 2522
f 1130 1131 2522
f 1131 1132 2522
f 2522 1132 2523
f 1132 2524 2523
f 2523 2524 2525
f 2525 2524 2526
f 2524 1132 2526
f 1132 1133 2526
f 1133 1134 2526
f 2526 1134 2527
f 2527 1134 2528
f 1134 1135 2528
f 2528 1135 2529
f 1135 1136 2529
f 1136 1137 2529
f 1137 2438 2529
f 2438 2439 2529
f 2529 2439 2530
f 2439 2440 2530
f 2440 2441 2530
f 2530 2441 2531
f 2533 2531 2534
f 2531 2442 2534
f 2441 2442 2531
f 2532 2531 2533
f 2443 2444 2534
f 2444 2445 2534
f 2534 2445 2535
f 2442 2443 2534
f 2445 2446 2535
f 2446 2447 2535
f 2535 2447 2536
f 2447 2448 2536
f 2448 2449 2536
f 2536 2449 2537
f 2449 2450 2537
f 2450 2451 2537
f 2538 2537 2539
f 2537 2451 2539
f 2539 2451 2540
f 2451 2452 2540
f 2540 2452 2541
f 2452 2453 2541
f 2541 2453 2542
f 2453 2454 2542
f 2454 2455 2542
f 2455 2456 2542
f 2542 2456 2543
f 2456 2457 2543
f 2543 2457 2544
f 2544 2457 2546
f 2545 2544 2546
f 2458 2459 2546
f 2546 2459 2547
f 2457 2458 2546
f 2459 2460 2547
f 2460 2462 2547
f 2547 2462 2548
f 2462 2463 2548
f 2548 2463 2549
f 2549 2463 2550
f 2549 2550 2630
f 2550 2551 2630
f 2551 2552 2630
f 2552 2553 2630
f 2630 2553 2631
f 2631 2553 2632
f 2707 2632 2708
f 2632 2633 2708
f 2632 2553 2633
f 2858 2859 2919
f 2786 2710 2787
f 2858 2787 2859
f 2786 2787 2858
f 2918 2858 2919
f 2633 2634 2708
f 2708 2634 2709
f 2709 2634 2710
f 2710 2711 2787
f 2634 2635 2710
f 2710 2635 2711
f 2919 2920 2968
f 2969 2968 2970
f 2968 2920 2970
f 2920 2919 2921
f 2919 2859 2921
f 2969 2970 3011
f 2970 2971 3011
f 2971 2972 3011
f 3011 2972 3012
f 4401 4328 2
f 4328 4402 2
f 818 4401 2
f 818 816 4592
f 817 816 818
f 4401 818 4592
f 4596 815 4597
f 815 817 4597
f 4709 4710 4801
f 4710 4711 4801
f 4596 4597 4709
f 4709 4597 4710
f 815 816 817
f 4322 4254 4324
f 4254 4253 4324
f 4323 4324 4397
f 4397 4324 4398
f 4323 4322 4324
f 4252 4254 4321
f 4321 4254 4322
f 4251 4249 4252
f 4249 4065 4252
f 4065 4063 4252
f 4063 4034 4252
f 4251 4252 4321
f 4397 4398 4590
f 4033 4034 4063
f 4062 4033 4063
f 4589 4590 4702
f 4590 4591 4702
f 4590 4400 4591
f 4589 4397 4590
f 4400 4401 4592
f 4591 4400 4592
f 4652 4651 4653
f 4652 4653 4751
f 4653 4654 4751
f 4751 4654 4752
f 4654 4655 4752
f 4711 4712 4804
f 4804 4712 4805
f 4804 4805 4897
f 4897 4805 4898
f 4807 4716 4808
f 4898 4807 4900
f 4900 4807 4901
f 4807 4808 4901
f 4899 4898 4900
f 4897 4898 4987
f 4898 4899 4987
f 4801 4711 4802
f 4802 4711 4803
f 4803 4711 4804
f 4610 4506 4611
f 4506 4507 4611
f 4506 4420 4507
f 4507 4612 4611
f 4611 4612 4613
f 4611 4613 4718
f 4718 4613 4719
f 4808 4718 4809
f 4718 4719 4809
f 4808 4809 4902
f 4901 4808 4902
f 4504 4505 4535
f 4504 4423 4505
f 4423 4421 4505
f 4420 4421 4422
f 4421 4423 4422
f 4420 4422 4507
f 4534 4503 4535
f 4503 4504 4535
f 4534 4535 4649
f 4648 4649 4745
f 4745 4649 4746
f 4649 4650 4746
f 4648 4534 4649
f 4650 4651 4747
f 4747 4651 4748
f 4748 4651 4749
f 4651 4652 4749
f 4746 4650 4747
f 2971 2923 2972
f 2923 2924 2972
f 2809 2808 2810
f 2927 2871 2928
f 2871 2872 2928
f 2871 2870 2872
f 2870 2805 2872
f 2805 2806 2872
f 2806 2807 2872
f 2807 2809 2872
f 2807 2808 2809
f 2732 2808 2807
f 2730 2732 2807
f 2730 2731 2732
f 2732 2731 2733
f 2731 2661 2733
f 2661 2662 2733
f 2733 2662 2734
f 2662 2663 2734
f 2924 2923 2925
f 2923 2865 2925
f 2865 2866 2925
f 2866 2868 2925
f 2925 2868 2926
f 2926 2868 2927
f 2868 2869 2927
f 2869 2870 2927
f 2870 2871 2927
f 4029 4013 4030
f 4028 4029 4058
f 4058 4029 4060
f 4029 4030 4060
f 4058 4059 4275
f 4059 4276 4275
f 4059 4058 4060
f 4060 4030 4061
f 4061 4030 4062
f 4061 4062 4280
f 4062 4063 4280
f 2662 2584 2663
f 2584 2585 2663
f 2585 2586 2663
f 2585 2504 2586
f 2586 2504 2587
f 2502 2504 2585
f 2501 2502 2585
f 2501 1108 2502
f 1108 1109 2502
f 1109 1108 1110
f 1108 1058 1110
f 1058 1059 1110
f 1059 1060 1110
f 1110 1060 1111
f 1060 1061 1111
f 1111 1061 1112
f 1112 1061 1113
f 1061 1062 1113
f 1062 1063 1113
f 1113 1063 1114
f 1063 1064 1114
f 1114 1064 1115
f 1064 1065 1115
f 1065 1066 1115
f 1066 1067 1115
f 1115 1067 1116
f 1067 1068 1116
f 1068 1069 1116
f 1116 1069 1117
f 1069 1070 1117
f 1118 1117 1119
f 1117 1070 1119
f 1070 1071 1119
f 1071 1072 1119
f 1072 1073 1119
f 1119 1073 1120
f 1120 1073 1121
f 1073 1074 1121
f 1121 1074 1122
f 1074 1075 1122
f 1122 1075 1123
f 1075 1076 1123
f 1123 1076 1124
f 1076 1077 1124
f 1124 1077 1125
f 1077 1078 1125
f 1078 1079 1125
f 1079 1080 1125
f 1080 1081 1125
f 1081 1126 1125
f 1125 1126 1127
f 1126 1081 1127
f 1081 1128 1127
f 1127 1128 1129
f 1129 1128 1130
f 1128 1081 1130
f 1081 1082 1130
f 1130 1082 1131
f 1132 1131 1133
f 1131 1082 1133
f 1082 1083 1133
f 1083 1084 1133
f 1084 1085 1133
f 1085 1091 1133
f 1133 1091 1134
f 1134 1091 1135
f 1091 1089 1135
f 1089 1088 1135
f 1135 1088 1136
f 1088 1090 1136
f 1090 1092 1136
f 1136 1092 1137
f 1092 1094 1137
f 1137 2437 2438
f 2437 1137 2486
f 1137 1094 2486
f 2432 2431 2438
f 2438 2431 2439
f 2437 2432 2438
f 2439 2431 2440
f 2441 2440 2442
f 2440 2431 2442
f 2431 2388 2442
f 2442 2388 2443
f 2388 2389 2443
f 2389 2390 2443
f 2443 2390 2444
f 2390 2391 2444
f 2391 2392 2444
f 2444 2392 2445
f 2392 2393 2445
f 2445 2393 2446
f 2393 2394 2446
f 2394 2395 2446
f 2447 2446 2448
f 2446 2395 2448
f 2395 2396 2448
f 2449 2448 2450
f 2448 2396 2450
f 2396 2397 2450
f 2397 2398 2450
f 2398 2399 2450
f 2399 2400 2450
f 2450 2400 2451
f 2400 2401 2451
f 2451 2401 2452
f 2453 2452 2454
f 2452 2401 2454
f 2454 2401 2455
f 2401 2402 2455
f 2402 2403 2455
f 2403 2404 2455
f 2404 2405 2455
f 2455 2405 2456
f 2456 2405 2457
f 2457 2405 2458
f 2405 2406 2458
f 2406 2407 2458
f 2407 2408 2458
f 2458 2408 2459
f 2408 2412 2459
f 2412 2410 2459
f 2459 2410 2460
f 2410 2409 2460
f 2460 2461 2462
f 2461 2460 2464
f 2460 2409 2464
f 2462 2461 2463
f 2463 2464 2550
f 2463 2461 2464
f 2464 2465 2550
f 2465 2466 2550
f 2550 2466 2551
f 2551 2466 2552
f 2466 2467 2552
f 2467 2468 2552
f 2552 2468 2553
f 2553 2468 2554
f 2553 2554 2633
f 2554 2555 2633
f 2633 2555 2634
f 2859 2860 2921
f 2787 2788 2859
f 2859 2788 2860
f 2711 2712 2787
f 2787 2712 2788
f 2634 2555 2635
f 2635 2636 2711
f 2636 2637 2711
f 2711 2637 2712
f 2635 2555 2636
f 2920 2921 2970
f 2921 2922 2970
f 2970 2922 2971
f 2860 2861 2921
f 2861 2862 2921
f 2921 2862 2922
f 2922 2923 2971
f 816 815 4592
f 4592 815 4593
f 4591 4592 4702
f 4702 4592 4703
f 4592 4593 4703
f 4593 815 4594
f 4594 815 4595
f 4595 815 4596
f 4595 4596 4708
f 4708 4596 4709
f 4800 4708 4801
f 4708 4709 4801
f 4800 4801 4895
f 4801 4802 4895
f 4321 4322 4396
f 4322 4323 4396
f 4396 4323 4397
f 4396 4397 4589
f 4320 4321 4395
f 4395 4321 4396
f 4320 4251 4321
f 4249 4248 4283
f 4281 4249 4283
f 4065 4249 4281
f 4250 4251 4320
f 4248 4249 4247
f 4247 4249 4250
f 4250 4249 4251
f 4064 4063 4065
f 4064 4065 4281
f 4063 4064 4280
f 4702 4703 4798
f 4701 4588 4702
f 4588 4589 4702
f 4588 4393 4589
f 4393 4394 4589
f 4394 4395 4589
f 4395 4396 4589
f 4701 4702 4798
f 4749 4652 4750
f 4750 4652 4751
f 4750 4751 4842
f 4842 4751 4846
f 4751 4752 4846
f 4846 4752 4847
f 4803 4804 4896
f 4896 4804 4897
f 4896 4897 4987
f 4899 4900 4990
f 4900 4901 4990
f 4901 4902 4990
f 4987 4899 4988
f 4988 4899 4989
f 4989 4899 4990
f 4986 4987 5069
f 4987 4988 5069
f 4986 4896 4987
f 4802 4803 4895
f 4895 4803 4896
f 4612 4507 4615
f 4507 4422 4508
f 4507 4508 4615
f 4613 4612 4615
f 4614 4613 4615
f 4719 4613 4720
f 4613 4614 4720
f 4809 4719 4810
f 4719 4720 4810
f 4902 4809 4903
f 4903 4809 4904
f 4809 4810 4904
f 4902 4903 4990
f 4503 4476 4504
f 4476 4424 4504
f 4424 4423 4504
f 4422 4423 4424
f 4422 4424 4508
f 4533 4502 4534
f 4502 4503 4534
f 4502 4475 4503
f 4475 4476 4503
f 4533 4534 4647
f 4647 4534 4648
f 4744 4745 4838
f 4838 4745 4839
f 4745 4746 4839
f 4647 4648 4744
f 4744 4648 4745
f 4746 4747 4839
f 4839 4747 4840
f 4747 4748 4840
f 4748 4749 4840
f 4840 4749 4841
f 4749 4750 4841
f 2922 2863 2923
f 2863 2864 2923
f 2864 2865 2923
f 2869 2804 2870
f 2804 2805 2870
f 2804 2728 2805
f 2805 2728 2806
f 2728 2729 2806
f 2729 2730 2806
f 2806 2730 2807
f 2729 2659 2730
f 2659 2660 2730
f 2660 2661 2730
f 2661 2731 2730
f 2660 2659 2661
f 2659 2584 2661
f 2661 2584 2662
f 2864 2798 2865
f 2865 2798 2866
f 2798 2799 2866
f 2799 2801 2866
f 2801 2867 2866
f 2866 2867 2868
f 2867 2801 2868
f 2868 2801 2869
f 2801 2802 2869
f 2802 2803 2869
f 2803 2804 2869
f 4059 4060 4279
f 4060 4061 4279
f 4276 4059 4278
f 4278 4059 4279
f 4277 4276 4278
f 4277 4278 4354
f 4279 4061 4280
f 4279 4280 4358
f 4358 4280 4359
f 4280 4281 4359
f 4280 4064 4281
f 2583 2584 2659
f 2583 2500 2584
f 2584 2500 2585
f 2500 2501 2585
f 2500 2499 2501
f 2499 1107 2501
f 1107 1108 2501
f 1107 1058 1108
f 1058 1057 1059
f 1057 1058 1107
f 1057 1007 1059
f 1007 1008 1059
f 1008 1009 1059
f 1009 1013 1059
f 1059 1013 1060
f 1060 1013 1061
f 1013 1011 1061
f 1061 1011 1062
f 1062 1011 1063
f 1011 1010 1063
f 1064 1063 1065
f 1063 1010 1065
f 1010 1012 1065
f 1012 1014 1065
f 1014 1015 1065
f 1015 1016 1065
f 1065 1017 1066
f 1066 1018 1067
f 1067 1018 1068
f 1020 1021 1068
f 1068 1021 1069
f 1018 1019 1068
f 1019 1020 1068
f 1070 1069 1071
f 1069 1021 1071
f 1021 1022 1071
f 1022 1023 1071
f 1071 1023 1072
f 1023 1024 1072
f 1024 1025 1072
f 1025 1026 1072
f 1072 1026 1073
f 1026 1027 1073
f 1027 1028 1073
f 1028 1029 1073
f 1073 1029 1074
f 1029 1030 1074
f 1030 1031 1074
f 1031 1032 1074
f 1074 1032 1075
f 1032 1033 1075
f 1033 1034 1075
f 1075 1034 1076
f 1034 1035 1076
f 1077 1076 1078
f 1076 1035 1078
f 1035 1036 1078
f 1078 1036 1079
f 1036 1037 1079
f 1079 1037 1080
f 1037 1038 1080
f 1080 1038 1081
f 1038 1039 1081
f 1039 1040 1081
f 1081 1040 1082
f 1082 1040 1083
f 1040 1041 1083
f 1041 1042 1083
f 1042 1043 1083
f 1083 1043 1084
f 1043 1044 1084
f 1044 1046 1084
f 1084 1046 1085
f 1046 1047 1085
f 1047 1086 1085
f 1086 1087 1085
f 1091 1085 1090
f 1085 1087 1090
f 1089 1091 1090
f 1088 1089 1090
f 1087 1086 1090
f 1090 1086 1092
f 1094 1092 1095
f 1092 1086 1095
f 1093 1094 1095
f 1094 1093 2486
f 2436 2433 2437
f 2433 2432 2437
f 2436 2437 2486
f 2485 2486 2569
f 2485 2436 2486
f 2486 2487 2569
f 2486 1093 2487
f 2388 2431 2430
f 2431 2432 2430
f 2432 2433 2430
f 2387 2388 2430
f 2388 2387 2389
f 2387 2349 2389
f 2389 2349 2390
f 2349 2350 2390
f 2390 2350 2391
f 2350 2351 2391
f 2391 2351 2392
f 2392 2351 2393
f 2351 2352 2393
f 2393 2352 2394
f 2352 2353 2394
f 2353 2354 2394
f 2394 2354 2395
f 2395 2354 2396
f 2354 2355 2396
f 2355 2356 2396
f 2356 2357 2396
f 2396 2357 2397
f 2397 2357 2398
f 2357 2358 2398
f 2358 2359 2398
f 2398 2359 2399
f 2399 2359 2400
f 2400 2359 2402
f 2401 2400 2402
f 2402 2360 2403
f 2359 2360 2402
f 2362 2363 2403
f 2360 2361 2403
f 2403 2363 2404
f 2361 2362 2403
f 2363 2364 2404
f 2404 2364 2405
f 2364 2365 2405
f 2405 2365 2406
f 2365 2366 2406
f 2366 2367 2406
f 2406 2367 2407
f 2367 2368 2407
f 2407 2368 2408
f 2412 2408 2411
f 2408 2368 2411
f 2410 2412 2411
f 2409 2410 2411
f 2464 2409 2465
f 2409 2411 2465
f 2411 2414 2465
f 2465 2414 2466
f 2414 2415 2466
f 2415 2416 2466
f 2466 2416 2467
f 2416 2417 2467
f 2467 2417 2468
f 2468 2469 2554
f 2468 2417 2469
f 2554 2469 2555
f 2555 2469 2556
f 2555 2556 2636
f 2788 2789 2860
f 2860 2789 2861
f 2712 2713 2788
f 2713 2714 2788
f 2788 2714 2789
f 2637 2638 2712
f 2638 2639 2712
f 2712 2639 2713
f 2556 2557 2636
f 2557 2558 2636
f 2636 2558 2637
f 2558 2559 2637
f 2637 2559 2638
f 2862 2863 2922
f 2789 2790 2861
f 2790 2791 2861
f 2861 2791 2862
f 2791 2792 2862
f 2862 2792 2863
f 4703 4593 4704
f 4593 4594 4704
f 4703 4704 4798
f 4594 4595 4706
f 4704 4594 4705
f 4705 4594 4706
f 4706 4595 4708
f 4707 4708 4800
f 4707 4706 4708
f 4799 4800 4893
f 4893 4800 4894
f 4799 4707 4800
f 4894 4800 4895
f 4894 4895 4986
f 4895 4896 4986
f 4394 4317 4395
f 4317 4319 4395
f 4319 4320 4395
f 4319 4247 4320
f 4247 4250 4320
f 4283 4248 4284
f 4282 4283 4361
f 4283 4284 4361
f 4284 4248 4285
f 4248 4245 4285
f 4282 4281 4283
f 4245 4248 4247
f 4281 4282 4359
f 4246 4244 4247
f 4244 4245 4247
f 4246 4247 4319
f 4797 4795 4798
f 4795 4700 4798
f 4700 4701 4798
f 4704 4705 4798
f 4705 4706 4798
f 4798 4706 4799
f 4797 4798 4890
f 4890 4798 4891
f 4891 4798 4892
f 4798 4799 4892
f 4700 4699 4701
f 4699 4698 4701
f 4698 4587 4701
f 4587 4588 4701
f 4587 4392 4588
f 4392 4393 4588
f 4392 4318 4393
f 4318 4317 4393
f 4393 4317 4394
f 4841 4750 4842
f 4841 4842 4932
f 4842 4843 4932
f 4843 4842 4844
f 4844 4842 4846
f 4845 4846 4936
f 4845 4844 4846
f 4846 4847 4936
f 4847 4937 4936
f 4937 4847 4938
f 4847 4848 4938
f 4991 4990 4992
f 4990 4903 4992
f 4989 4990 5071
f 4990 4991 5071
f 4988 4989 5069
f 5069 4989 5070
f 5070 4989 5071
f 4985 4986 5068
f 5068 4986 5069
f 5068 5069 5142
f 5069 5070 5142
f 4985 4893 4986
f 4893 4894 4986
f 4615 4508 4616
f 4614 4615 4722
f 4615 4616 4722
f 4508 4424 4509
f 4508 4509 4616
f 4720 4614 4721
f 4721 4614 4722
f 4720 4721 4810
f 4904 4810 4905
f 4810 4811 4905
f 4810 4721 4811
f 4992 4903 4993
f 4903 4904 4993
f 4904 4905 4993
f 4476 4477 4510
f 4424 4476 4509
f 4475 4474 4476
f 4474 4449 4476
f 4476 4449 4477
f 4509 4476 4510
f 4532 4501 4533
f 4501 4502 4533
f 4501 4474 4502
f 4474 4475 4502
f 4532 4533 4646
f 4646 4533 4647
f 4646 4647 4744
f 4837 4743 4838
f 4743 4744 4838
f 4743 4646 4744
f 4837 4838 4927
f 4927 4838 4928
f 4928 4838 4929
f 4838 4839 4929
f 4839 4840 4930
f 4929 4839 4930
f 4930 4840 4931
f 4840 4841 4931
f 4931 4841 4932
f 5252 5250 5253
f 5250 5251 5253
f 5252 5253 5321
f 5253 5254 5321
f 2792 2793 2863
f 2793 2794 2863
f 2794 2795 2863
f 2863 2795 2864
f 2795 2796 2864
f 2796 2797 2864
f 2797 2798 2864
f 2803 2728 2804
f 2727 2728 2803
f 2727 2655 2728
f 2655 2656 2728
f 2728 2656 2729
f 2656 2657 2729
f 2657 2658 2729
f 2658 2659 2729
f 2658 2583 2659
f 2797 2723 2798
f 2798 2723 2799
f 2724 2800 2799
f 2799 2800 2801
f 2723 2724 2799
f 2800 2724 2801
f 2801 2724 2802
f 2724 2725 2802
f 2725 2726 2802
f 2802 2726 2803
f 2726 2727 2803
f 4356 4279 4357
f 4357 4279 4358
f 4278 4279 4356
f 4354 4278 4355
f 4355 4278 4356
f 4354 4355 4543
f 4358 4359 4547
f 4357 4358 4547
f 4359 4282 4360
f 4359 4360 4547
f 2582 2583 2658
f 2582 2498 2583
f 2498 2499 2583
f 2499 2500 2583
f 2498 1106 2499
f 1106 1107 2499
f 1106 1057 1107
f 1056 1007 1057
f 1056 1057 1106
f 1006 1007 1055
f 1055 1007 1056
f 1006 820 1007
f 1007 820 1008
f 820 822 1008
f 1008 822 1009
f 961 962 1009
f 962 963 1009
f 1013 1009 1012
f 1009 963 1012
f 822 959 1009
f 959 961 1009
f 1011 1013 1012
f 1010 1011 1012
f 1012 963 1014
f 963 964 1014
f 1014 964 1015
f 1019 965 1020
f 965 966 1020
f 966 967 1020
f 967 968 1020
f 968 970 1020
f 1020 970 1021
f 970 971 1021
f 1021 971 1022
f 1023 1022 1024
f 1022 972 1024
f 971 972 1022
f 972 973 1024
f 1024 973 1025
f 973 974 1025
f 974 975 1025
f 975 976 1025
f 1025 976 1026
f 1026 976 1027
f 1027 976 1028
f 976 978 1028
f 1029 1028 1030
f 1028 978 1030
f 1030 978 1031
f 978 979 1031
f 979 980 1031
f 980 981 1031
f 981 982 1031
f 1032 1031 1033
f 1031 982 1033
f 982 983 1033
f 983 984 1033
f 984 985 1033
f 1033 985 1034
f 1034 985 1035
f 1035 985 1036
f 985 986 1036
f 986 987 1036
f 987 988 1036
f 1036 988 1037
f 1038 1037 1039
f 1037 990 1039
f 988 989 1037
f 989 990 1037
f 1039 990 1040
f 1040 990 1041
f 990 991 1041
f 991 992 1041
f 1041 992 1042
f 992 993 1042
f 993 994 1042
f 994 996 1042
f 1042 996 1043
f 1043 996 1044
f 996 997 1044
f 997 998 1044
f 998 999 1044
f 999 1045 1044
f 1044 1045 1046
f 1046 1045 1047
f 1047 1045 1048
f 1086 1047 1097
f 1097 1047 1098
f 1047 1048 1098
f 1095 1086 1097
f 1095 1096 2487
f 1096 1095 1097
f 1093 1095 2487
f 2430 2433 2435
f 2435 2433 2436
f 2435 2436 2485
f 2568 2569 2645
f 2568 2483 2569
f 2483 2484 2569
f 2484 2485 2569
f 2487 2488 2569
f 2569 2488 2570
f 2569 2570 2645
f 2484 2434 2485
f 2434 2435 2485
f 2488 2487 2489
f 2487 1096 2489
f 2429 2387 2430
f 2434 2430 2435
f 2429 2430 2481
f 2430 2434 2481
f 2386 2387 2429
f 2386 2348 2387
f 2348 2349 2387
f 2348 2308 2349
f 2308 2309 2349
f 2349 2309 2350
f 2351 2350 2352
f 2350 2309 2352
f 2309 2310 2352
f 2310 2311 2352
f 2352 2311 2353
f 2311 2312 2353
f 2312 2313 2353
f 2313 2314 2353
f 2353 2314 2354
f 2354 2314 2355
f 2314 2315 2355
f 2315 2316 2355
f 2316 2317 2355
f 2355 2317 2356
f 2356 2317 2357
f 2357 2317 2358
f 2317 2318 2358
f 2318 2319 2358
f 2319 2321 2358
f 2358 2321 2359
f 2321 2320 2359
f 2359 2320 2360
f 2360 2320 2361
f 2361 2323 2362
f 2323 2324 2362
f 2324 2325 2362
f 2325 2326 2362
f 2362 2326 2363
f 2326 2327 2363
f 2363 2327 2364
f 2320 2322 2361
f 2322 2323 2361
f 2327 2328 2364
f 2364 2328 2365
f 2328 2329 2365
f 2365 2329 2366
f 2366 2329 2367
f 2329 2330 2367
f 2330 2331 2367
f 2331 2332 2367
f 2332 2333 2367
f 2367 2333 2368
f 2368 2369 2411
f 2333 2334 2368
f 2368 2334 2369
f 2369 2370 2411
f 2370 2413 2411
f 2411 2413 2414
f 2413 2370 2414
f 2370 2371 2414
f 2371 2373 2414
f 2414 2373 2415
f 2373 2372 2415
f 2415 2372 2416
f 2416 2372 2417
f 2417 2418 2469
f 2417 2372 2418
f 2469 2470 2556
f 2469 2418 2470
f 2470 2471 2556
f 2556 2471 2557
f 2789 2714 2790
f 2713 2639 2714
f 2714 2715 2790
f 2639 2640 2714
f 2714 2640 2715
f 2559 2560 2638
f 2560 2561 2638
f 2638 2561 2639
f 2639 2561 2640
f 2471 2472 2557
f 2472 2473 2557
f 2557 2473 2558
f 2473 2474 2558
f 2558 2474 2559
f 2559 2475 2560
f 2474 2475 2559
f 2715 2716 2790
f 2716 2717 2790
f 2717 2718 2790
f 2790 2718 2791
f 2792 2791 2793
f 2791 2718 2793
f 4706 4707 4799
f 4892 4799 4893
f 4892 4893 4984
f 4984 4893 4985
f 4317 4318 4319
f 4318 4316 4319
f 4316 4246 4319
f 4284 4285 4361
f 4361 4362 4552
f 4360 4282 4361
f 4285 4286 4361
f 4361 4286 4362
f 4360 4361 4551
f 4551 4361 4552
f 4245 4212 4285
f 4212 4213 4285
f 4285 4213 4286
f 4212 4245 4244
f 4243 4244 4316
f 4244 4246 4316
f 4243 4211 4244
f 4211 4212 4244
f 4796 4797 4890
f 4700 4795 4794
f 4794 4795 4796
f 4796 4795 4797
f 4698 4700 4794
f 4698 4699 4700
f 4889 4796 4890
f 4889 4890 4983
f 4890 4891 4983
f 4891 4892 4983
f 4983 4892 4984
f 4697 4587 4698
f 4697 4698 4794
f 4586 4587 4697
f 4586 4389 4587
f 4389 4390 4587
f 4390 4391 4587
f 4391 4392 4587
f 4391 4318 4392
f 4316 4318 4390
f 4390 4318 4391
f 4932 4843 4933
f 4931 4932 5022
f 4932 4933 5022
f 4933 4843 4934
f 4843 4844 4934
f 4844 4845 4934
f 4934 4845 4935
f 4935 4845 4936
f 4936 4937 4938
f 4935 4936 5026
f 4936 4938 5026
f 5026 4938 5027
f 4938 4939 5027
f 5071 4991 5072
f 4991 4992 5072
f 5072 4992 5073
f 4992 4993 5073
f 5070 5071 5145
f 5071 5072 5145
f 5142 5070 5143
f 5143 5070 5145
f 5067 4984 5068
f 4984 4985 5068
f 5067 5068 5142
f 5141 5067 5142
f 5141 5142 5216
f 5216 5142 5217
f 5142 5143 5217
f 4509 4617 4616
f 4616 4617 4618
f 4616 4618 4722
f 4721 4722 4811
f 4722 4812 4811
f 4812 4722 4813
f 4722 4723 4813
f 4618 4619 4722
f 4722 4619 4723
f 4617 4509 4618
f 4509 4510 4618
f 4811 4813 4905
f 4905 4813 4906
f 4993 4905 4995
f 4905 4906 4995
f 4811 4812 4813
f 4994 4993 4995
f 4993 4994 5073
f 4477 4449 4478
f 4510 4511 4618
f 4477 4478 4511
f 4510 4477 4511
f 4473 4474 4501
f 4473 4472 4474
f 4472 4449 4474
f 4449 4448 4450
f 4448 4449 4472
f 4449 4450 4478
f 4531 4500 4532
f 4500 4501 4532
f 4500 4473 4501
f 4531 4532 4645
f 4645 4532 4646
f 4645 4646 4743
f 4836 4742 4837
f 4742 4743 4837
f 4742 4645 4743
f 4836 4837 4927
f 4927 4928 5019
f 4926 4835 4927
f 4835 4836 4927
f 4926 4927 5019
f 4928 4929 5019
f 5019 4929 5020
f 5020 4929 5021
f 4929 4930 5021
f 4930 4931 5021
f 5021 4931 5022
f 5027 4939 5028
f 5249 5248 5250
f 5248 5183 5250
f 5183 5184 5250
f 5249 5250 5318
f 5318 5250 5319
f 5250 5252 5319
f 5322 5254 5338
f 5321 5254 5322
f 5319 5252 5321
f 5320 5319 5321
f 5320 5321 5411
f 5321 5322 5411
f 2718 2719 2793
f 2793 2719 2794
f 2719 2720 2794
f 2794 2720 2795
f 2720 2721 2795
f 2795 2721 2796
f 2796 2721 2797
f 2721 2722 2797
f 2722 2723 2797
f 2726 2654 2727
f 2654 2655 2727
f 2654 2579 2655
f 2579 2578 2655
f 2655 2578 2656
f 2656 2578 2657
f 2580 2581 2657
f 2581 2582 2657
f 2657 2582 2658
f 2578 2580 2657
f 2722 2647 2723
f 2647 2648 2723
f 2648 2649 2723
f 2723 2649 2724
f 2724 2649 2725
f 2649 2650 2725
f 2650 2651 2725
f 2725 2651 2726
f 2651 2652 2726
f 2652 2653 2726
f 2653 2654 2726
f 4355 4356 4545
f 4356 4357 4545
f 4545 4357 4547
f 4543 4355 4545
f 4544 4543 4545
f 4543 4544 4657
f 4546 4547 4660
f 4547 4548 4660
f 4546 4545 4547
f 4547 4360 4548
f 4548 4360 4549
f 4549 4360 4550
f 4550 4360 4551
f 2581 2498 2582
f 2497 2498 2581
f 2497 2496 2498
f 2496 1105 2498
f 1105 1106 2498
f 1105 1056 1106
f 1055 1056 1105
f 1005 1006 1054
f 1054 1006 1055
f 1054 1055 1104
f 1104 1055 1105
f 1005 821 1006
f 821 820 1006
f 820 821 822
f 959 822 1004
f 822 821 1004
f 959 960 961
f 960 958 961
f 958 957 961
f 957 956 961
f 956 914 961
f 914 915 961
f 961 915 962
f 915 916 962
f 962 916 963
f 963 916 964
f 960 959 1004
f 917 918 966
f 966 918 967
f 918 920 967
f 920 921 967
f 967 921 968
f 921 922 968
f 922 825 968
f 825 824 968
f 824 969 968
f 968 969 970
f 970 969 971
f 969 824 971
f 824 823 971
f 971 823 972
f 823 825 972
f 972 825 973
f 973 825 974
f 825 923 974
f 974 923 975
f 923 924 975
f 924 925 975
f 925 926 975
f 975 926 976
f 926 927 976
f 927 977 976
f 976 977 978
f 978 977 979
f 977 927 979
f 927 928 979
f 979 928 980
f 929 930 980
f 930 932 980
f 932 933 980
f 980 933 981
f 928 929 980
f 981 933 982
f 933 934 982
f 982 934 983
f 983 934 984
f 984 934 985
f 934 935 985
f 935 936 985
f 985 936 986
f 936 937 986
f 937 938 986
f 986 938 987
f 987 938 988
f 938 939 988
f 939 940 988
f 988 940 989
f 990 989 991
f 940 942 989
f 989 942 991
f 991 942 992
f 942 943 992
f 943 944 992
f 992 944 993
f 944 945 993
f 945 946 993
f 993 946 994
f 946 995 994
f 996 994 997
f 994 995 997
f 995 946 997
f 946 947 997
f 947 948 997
f 948 949 997
f 997 949 998
f 949 950 998
f 999 998 1000
f 998 950 1000
f 1045 999 1050
f 999 1000 1050
f 1048 1045 1049
f 1049 1045 1050
f 1098 1048 1099
f 1048 1049 1099
f 1096 1097 2489
f 1097 1098 2489
f 2489 1098 2491
f 2491 1098 2492
f 1098 1099 2492
f 2645 2646 2720
f 2644 2566 2645
f 2566 2567 2645
f 2567 2568 2645
f 2482 2483 2568
f 2567 2482 2568
f 2645 2570 2646
f 2644 2645 2720
f 2482 2481 2483
f 2483 2481 2484
f 2481 2434 2484
f 2488 2489 2570
f 2489 2490 2570
f 2570 2490 2571
f 2646 2570 2647
f 2570 2571 2647
f 2490 2489 2491
f 2428 2386 2429
f 2428 2429 2480
f 2480 2429 2481
f 2480 2481 2565
f 2481 2482 2565
f 2385 2386 2428
f 2385 2348 2386
f 2347 2306 2348
f 2306 2307 2348
f 2307 2308 2348
f 2347 2348 2385
f 2307 2270 2308
f 2270 2271 2308
f 2308 2271 2309
f 2309 2271 2310
f 2271 2272 2310
f 2272 2273 2310
f 2310 2273 2311
f 2273 2274 2311
f 2274 2275 2311
f 2311 2275 2312
f 2312 2275 2313
f 2275 2276 2313
f 2276 2277 2313
f 2314 2313 2315
f 2313 2277 2315
f 2315 2277 2316
f 2277 2278 2316
f 2278 2279 2316
f 2316 2279 2317
f 2317 2279 2318
f 2279 2280 2318
f 2280 2281 2318
f 2281 2282 2318
f 2318 2282 2319
f 2282 2283 2319
f 2321 2319 2322
f 2319 2283 2322
f 2320 2321 2322
f 2323 2286 2324
f 2322 2285 2323
f 2285 2286 2323
f 2286 2287 2324
f 2287 2288 2324
f 2324 2288 2325
f 2288 2289 2325
f 2289 2290 2325
f 2326 2325 2327
f 2325 2290 2327
f 2327 2290 2328
f 2283 2284 2322
f 2284 2285 2322
f 2290 2291 2328
f 2291 2292 2328
f 2328 2292 2329
f 2329 2292 2330
f 2292 2293 2330
f 2331 2330 2332
f 2330 2293 2332
f 2293 2294 2332
f 2294 2296 2332
f 2333 2332 2334
f 2332 2296 2334
f 2334 2339 2369
f 2339 2338 2369
f 2369 2338 2370
f 2339 2334 2337
f 2334 2296 2337
f 2338 2336 2370
f 2370 2336 2371
f 2373 2371 2374
f 2371 2336 2374
f 2372 2373 2374
f 2418 2372 2419
f 2372 2374 2419
f 2470 2418 2471
f 2418 2419 2471
f 2471 2419 2472
f 2640 2641 2715
f 2641 2642 2715
f 2715 2642 2716
f 2561 2562 2640
f 2562 2563 2640
f 2640 2563 2641
f 2475 2476 2560
f 2560 2476 2561
f 2561 2476 2562
f 2472 2421 2473
f 2419 2420 2472
f 2420 2421 2472
f 2421 2422 2473
f 2473 2422 2474
f 2422 2423 2474
f 2474 2423 2475
f 2423 2424 2475
f 2424 2425 2475
f 2475 2425 2476
f 2642 2643 2716
f 2717 2716 2718
f 2718 2716 2719
f 2719 2716 2720
f 2716 2643 2720
f 5064 4984 5065
f 5065 4984 5066
f 5066 4984 5067
f 4983 4984 5064
f 4315 4316 4390
f 4315 4243 4316
f 4362 4363 4552
f 4363 4364 4552
f 4364 4365 4552
f 4552 4365 4553
f 4286 4287 4362
f 4287 4288 4362
f 4288 4289 4362
f 4362 4289 4363
f 4551 4552 4662
f 4552 4553 4662
f 4286 4213 4287
f 4550 4551 4662
f 4211 4179 4212
f 4179 4180 4212
f 4212 4180 4213
f 4180 4181 4213
f 4213 4214 4287
f 4213 4181 4214
f 4242 4243 4315
f 4242 4241 4243
f 4241 4210 4243
f 4210 4211 4243
f 4210 4179 4211
f 4794 4796 4889
f 4793 4794 4889
f 4793 4696 4794
f 4696 4697 4794
f 4888 4889 4982
f 4982 4889 4983
f 4888 4793 4889
f 4982 4983 5064
f 4696 4586 4697
f 4585 4586 4695
f 4695 4586 4696
f 4585 4389 4586
f 4387 4388 4389
f 4389 4388 4390
f 4387 4389 4585
f 4388 4314 4390
f 4314 4315 4390
f 5022 4933 5024
f 4933 4934 5024
f 5023 5022 5024
f 5021 5022 5097
f 5097 5022 5098
f 5022 5023 5098
f 5024 4934 5025
f 4934 4935 5025
f 5025 4935 5026
f 5025 5026 5101
f 5026 5027 5101
f 5101 5027 5102
f 5027 5103 5102
f 5103 5027 5105
f 5027 5028 5105
f 5145 5072 5146
f 5072 5073 5146
f 5073 4994 5074
f 5146 5073 5147
f 5073 5074 5147
f 5144 5145 5219
f 5145 5146 5219
f 5144 5143 5145
f 5217 5143 5218
f 5143 5144 5218
f 5066 5067 5141
f 5140 5066 5141
f 5140 5141 5216
f 5215 5216 5285
f 5216 5217 5285
f 5215 5140 5216
f 5285 5217 5286
f 5217 5218 5286
f 4511 4512 4618
f 4618 4512 4619
f 4723 4724 4813
f 4813 4724 4814
f 4813 4814 4906
f 4723 4619 4724
f 4724 4619 4725
f 4619 4620 4725
f 4619 4512 4620
f 4814 4815 4906
f 4906 4815 4907
f 4906 4907 4995
f 4995 4907 4996
f 4994 4995 5075
f 4995 4996 5075
f 5074 4994 5075
f 4478 4479 4511
f 4450 4452 4478
f 4478 4452 4479
f 4479 4480 4511
f 4511 4480 4512
f 4472 4473 4500
f 4471 4472 4500
f 4471 4448 4472
f 4447 4446 4448
f 4448 4446 4450
f 4447 4448 4470
f 4470 4448 4471
f 4446 4451 4450
f 4450 4451 4452
f 4499 4500 4531
f 4530 4531 4644
f 4644 4531 4645
f 4499 4471 4500
f 4530 4499 4531
f 4644 4645 4742
f 4741 4644 4742
f 4835 4834 4836
f 4834 4740 4836
f 4740 4741 4836
f 4741 4742 4836
f 5019 5020 5097
f 5018 5019 5096
f 5096 5019 5097
f 5018 4926 5019
f 4925 4924 4926
f 4924 4833 4926
f 4833 4835 4926
f 4833 4834 4835
f 4925 4926 5018
f 5020 5021 5097
f 5183 5182 5184
f 5247 5178 5248
f 5178 5180 5248
f 5180 5181 5248
f 5181 5182 5248
f 5182 5183 5248
f 5247 5248 5317
f 5248 5249 5317
f 5317 5249 5318
f 5317 5318 5407
f 5318 5319 5407
f 5319 5320 5407
f 5336 5337 5338
f 5337 5322 5338
f 5411 5322 5412
f 5322 5337 5412
f 5336 5338 5430
f 5338 5339 5430
f 5430 5339 5431
f 5407 5320 5410
f 5410 5320 5411
f 5410 5411 5499
f 5499 5411 5500
f 5411 5412 5500
f 5431 5432 5514
f 5431 5340 5432
f 5430 5431 5514
f 2720 2646 2721
f 2643 2644 2720
f 2721 2646 2722
f 2646 2647 2722
f 2653 2579 2654
f 2577 2579 2653
f 2578 2579 2580
f 2579 2577 2580
f 2577 2495 2580
f 2495 2496 2580
f 2496 2497 2580
f 2580 2497 2581
f 2647 2571 2648
f 2648 2571 2649
f 2571 2572 2649
f 2572 2573 2649
f 2573 2574 2649
f 2649 2574 2650
f 2574 2575 2650
f 2650 2575 2651
f 2575 2576 2651
f 2651 2576 2652
f 2652 2576 2653
f 2576 2577 2653
f 4657 4544 4658
f 4544 4545 4659
f 4545 4546 4659
f 4658 4544 4659
f 4659 4660 4759
f 4660 4661 4759
f 4660 4548 4661
f 4659 4546 4660
f 4548 4549 4661
f 4549 4550 4662
f 4661 4549 4662
f 2495 1103 2496
f 1103 1104 2496
f 1104 1105 2496
f 1053 1054 1104
f 1004 821 1005
f 1004 1005 1053
f 1053 1005 1054
f 1103 1053 1104
f 1003 1004 1052
f 1052 1004 1053
f 1003 958 1004
f 958 960 1004
f 956 957 958
f 956 958 1002
f 1002 958 1003
f 955 914 956
f 955 956 1002
f 912 914 955
f 912 913 914
f 914 913 915
f 915 913 916
f 882 883 918
f 883 919 918
f 918 919 920
f 920 919 923
f 921 920 922
f 922 920 923
f 825 922 923
f 823 824 825
f 919 883 923
f 923 883 924
f 883 884 924
f 924 884 925
f 925 884 926
f 927 926 928
f 926 884 928
f 884 885 928
f 885 887 928
f 928 887 929
f 887 888 929
f 929 888 930
f 888 889 930
f 889 890 930
f 890 891 930
f 891 892 930
f 892 893 930
f 893 931 930
f 930 931 932
f 932 931 933
f 933 931 934
f 934 931 935
f 935 931 936
f 931 893 936
f 936 893 937
f 893 894 937
f 894 895 937
f 895 896 937
f 896 897 937
f 937 897 938
f 938 897 939
f 897 898 939
f 898 899 939
f 939 899 940
f 940 941 942
f 941 940 944
f 940 899 944
f 942 941 943
f 943 941 944
f 899 900 944
f 944 900 945
f 900 901 945
f 901 902 945
f 945 902 946
f 902 903 946
f 903 904 946
f 904 905 946
f 946 905 947
f 905 906 947
f 947 906 948
f 906 907 948
f 907 908 948
f 908 909 948
f 948 909 949
f 950 949 951
f 949 909 951
f 950 951 1000
f 951 952 1000
f 1000 952 1001
f 1000 1001 1050
f 1050 1051 1101
f 1050 1001 1051
f 1049 1050 1101
f 1099 1049 1100
f 1100 1049 1101
f 1099 1100 2492
f 2490 2491 2572
f 2491 2492 2572
f 2492 1100 2493
f 2572 2492 2573
f 2492 2493 2573
f 2643 2642 2644
f 2642 2565 2644
f 2565 2566 2644
f 2565 2482 2566
f 2566 2482 2567
f 2571 2490 2572
f 2427 2384 2428
f 2384 2385 2428
f 2427 2428 2479
f 2479 2428 2480
f 2479 2480 2565
f 2564 2479 2565
f 2564 2565 2642
f 2384 2347 2385
f 2346 2305 2347
f 2305 2306 2347
f 2346 2347 2383
f 2383 2347 2384
f 2306 2305 2307
f 2305 2270 2307
f 2269 2268 2270
f 2270 2268 2271
f 2269 2270 2305
f 2271 2268 2272
f 2268 2234 2272
f 2234 2235 2272
f 2273 2272 2274
f 2272 2235 2274
f 2235 2236 2274
f 2236 2237 2274
f 2274 2237 2275
f 2238 2239 2275
f 2275 2239 2276
f 2237 2238 2275
f 2239 2240 2276
f 2240 2241 2276
f 2241 2242 2276
f 2276 2242 2277
f 2277 2242 2278
f 2242 2243 2278
f 2278 2243 2279
f 2279 2243 2280
f 2243 2244 2280
f 2280 2244 2281
f 2244 2245 2281
f 2245 2246 2281
f 2281 2246 2282
f 2246 2247 2282
f 2247 2248 2282
f 2282 2248 2283
f 2283 2248 2284
f 2285 2251 2286
f 2286 2251 2287
f 2284 2249 2285
f 2249 2250 2285
f 2250 2251 2285
f 2251 2252 2287
f 2287 2252 2288
f 2252 2253 2288
f 2288 2253 2289
f 2290 2289 2291
f 2289 2256 2291
f 2253 2254 2289
f 2254 2255 2289
f 2255 2256 2289
f 2248 2249 2284
f 2256 2257 2291
f 2257 2258 2291
f 2292 2291 2293
f 2291 2258 2293
f 2258 2260 2293
f 2293 2260 2294
f 2260 2259 2294
f 2294 2295 2296
f 2295 2294 2298
f 2294 2259 2298
f 2296 2295 2297
f 2296 2297 2337
f 2338 2339 2337
f 2336 2338 2337
f 2335 2337 2375
f 2375 2337 2376
f 2337 2340 2376
f 2335 2336 2337
f 2337 2297 2340
f 2336 2335 2374
f 2374 2335 2375
f 2374 2375 2419
f 2419 2375 2420
f 2641 2564 2642
f 2563 2564 2641
f 2476 2477 2562
f 2477 2478 2562
f 2562 2478 2563
f 2563 2479 2564
f 2478 2479 2563
f 2425 2426 2476
f 2476 2426 2477
f 2376 2377 2421
f 2377 2378 2421
f 2421 2378 2422
f 2420 2376 2421
f 2375 2376 2420
f 2378 2379 2422
f 2422 2379 2423
f 2379 2381 2423
f 2423 2381 2424
f 2425 2424 2426
f 2424 2381 2426
f 5063 5064 5139
f 5064 5065 5139
f 5139 5065 5140
f 5065 5066 5140
f 5063 4980 5064
f 4980 4981 5064
f 4981 4982 5064
f 4314 4242 4315
f 4363 4289 4364
f 4289 4290 4364
f 4365 4364 4366
f 4364 4290 4366
f 4553 4365 4554
f 4554 4365 4555
f 4365 4366 4555
f 4662 4553 4663
f 4553 4554 4663
f 4214 4215 4287
f 4287 4215 4288
f 4215 4216 4288
f 4289 4288 4290
f 4288 4216 4290
f 4661 4662 4760
f 4662 4663 4760
f 4179 4178 4180
f 4178 4179 4209
f 4209 4179 4210
f 4178 4141 4180
f 4180 4141 4181
f 4141 4143 4181
f 4181 4143 4182
f 4181 4182 4214
f 4214 4182 4215
f 4241 4242 4314
f 4240 4241 4313
f 4313 4241 4314
f 4240 4210 4241
f 4209 4210 4240
f 4792 4696 4793
f 4792 4793 4888
f 4695 4696 4792
f 4887 4888 4981
f 4981 4888 4982
f 4887 4791 4888
f 4791 4792 4888
f 4694 4584 4695
f 4584 4585 4695
f 4584 4385 4585
f 4385 4386 4585
f 4386 4387 4585
f 4694 4695 4792
f 4312 4313 4387
f 4313 4314 4387
f 4314 4388 4387
f 4386 4311 4387
f 4311 4312 4387
f 5023 5024 5099
f 5099 5024 5100
f 5024 5025 5100
f 5098 5023 5099
f 5096 5097 5175
f 5097 5098 5175
f 5175 5098 5176
f 5098 5099 5176
f 5100 5025 5101
f 5100 5101 5177
f 5101 5102 5177
f 5102 5103 5104
f 5102 5104 5177
f 5104 5103 5105
f 5104 5105 5181
f 5181 5105 5182
f 5219 5146 5220
f 5146 5147 5220
f 5147 5074 5148
f 5074 5075 5148
f 5147 5148 5220
f 5218 5219 5287
f 5287 5219 5288
f 5219 5220 5288
f 5218 5144 5219
f 5286 5218 5287
f 5139 5140 5214
f 5214 5140 5215
f 5214 5215 5284
f 5284 5215 5285
f 5284 5285 5381
f 5381 5285 5382
f 5285 5286 5382
f 5382 5286 5383
f 5286 5287 5383
f 4512 4513 4620
f 4512 4480 4513
f 4724 4725 4814
f 4815 4814 4816
f 4814 4725 4816
f 4620 4621 4725
f 4621 4622 4725
f 4725 4622 4726
f 4725 4726 4816
f 4620 4513 4621
f 4815 4816 4907
f 4907 4816 4908
f 4907 4908 4996
f 4996 4908 4997
f 5075 4996 5076
f 4996 4997 5076
f 5075 5076 5148
f 4480 4479 4481
f 4479 4452 4481
f 4482 4452 4483
f 4452 4453 4483
f 4452 4451 4453
f 4452 4482 4481
f 4513 4480 4514
f 4480 4481 4514
f 4470 4471 4498
f 4498 4471 4499
f 4445 4447 4466
f 4466 4447 4467
f 4445 4446 4447
f 4467 4447 4469
f 4469 4447 4470
f 4431 4446 4445
f 4451 4446 4454
f 4446 4431 4454
f 4469 4470 4498
f 4453 4451 4454
f 4498 4499 4529
f 4529 4499 4530
f 4643 4644 4741
f 4529 4530 4643
f 4643 4530 4644
f 4740 4642 4741
f 4642 4643 4741
f 4740 4834 4833
f 4640 4641 4740
f 4641 4642 4740
f 4739 4740 4833
f 4739 4738 4740
f 4738 4640 4740
f 5095 5096 5175
f 5095 5017 5096
f 5017 5018 5096
f 5017 4925 5018
f 4923 4831 4924
f 4831 4832 4924
f 4832 4833 4924
f 4923 4924 5016
f 4924 4925 5016
f 5016 4925 5017
f 4832 4739 4833
f 5246 5247 5315
f 5315 5247 5316
f 5316 5247 5317
f 5178 5179 5180
f 5179 5178 5246
f 5246 5178 5247
f 5180 5179 5181
f 5179 5177 5181
f 5177 5104 5181
f 5316 5317 5405
f 5405 5317 5407
f 5406 5405 5407
f 5408 5407 5409
f 5409 5407 5410
f 5406 5407 5494
f 5407 5408 5494
f 5335 5326 5336
f 5326 5337 5336
f 5335 5336 5430
f 5412 5337 5413
f 5337 5326 5413
f 5412 5413 5500
f 5429 5427 5430
f 5427 5335 5430
f 5429 5430 5512
f 5512 5430 5513
f 5513 5430 5514
f 5409 5410 5499
f 5498 5499 5589
f 5589 5499 5590
f 5499 5500 5590
f 5498 5496 5499
f 5496 5409 5499
f 5500 5501 5590
f 5500 5413 5501
f 5432 5340 5433
f 5340 5341 5433
f 5432 5433 5515
f 5513 5514 5598
f 5598 5514 5599
f 5514 5432 5515
f 5514 5515 5599
f 2576 2493 2577
f 2493 2494 2577
f 2494 2495 2577
f 2494 1101 2495
f 1101 1102 2495
f 1102 1103 2495
f 2574 2573 2575
f 2575 2573 2576
f 2573 2493 2576
f 4753 4658 4754
f 4658 4755 4754
f 4755 4658 4757
f 4658 4659 4757
f 4757 4659 4758
f 4758 4659 4759
f 4855 4759 4856
f 4759 4760 4856
f 4759 4661 4760
f 4758 4759 4855
f 1102 1053 1103
f 1052 1053 1102
f 1051 1052 1101
f 1101 1052 1102
f 1002 1003 1051
f 1051 1003 1052
f 1001 953 1002
f 953 954 1002
f 954 955 1002
f 1001 1002 1051
f 911 912 955
f 954 911 955
f 853 855 882
f 882 855 883
f 883 855 884
f 884 856 885
f 855 856 884
f 856 857 885
f 857 886 885
f 885 886 887
f 887 886 888
f 888 886 889
f 886 857 889
f 857 858 889
f 858 859 889
f 889 859 890
f 859 860 890
f 890 860 891
f 860 861 891
f 891 861 892
f 892 861 893
f 894 893 895
f 893 861 895
f 861 862 895
f 862 864 895
f 895 864 896
f 864 865 896
f 896 865 897
f 897 865 898
f 865 866 898
f 898 866 899
f 900 899 901
f 899 866 901
f 901 866 902
f 902 870 903
f 866 867 902
f 867 868 902
f 868 869 902
f 869 870 902
f 870 871 903
f 903 871 904
f 871 872 904
f 872 875 904
f 904 875 905
f 875 876 905
f 905 876 906
f 906 876 907
f 876 877 907
f 877 878 907
f 878 879 907
f 879 880 907
f 880 881 907
f 907 881 908
f 909 910 951
f 952 951 953
f 952 953 1001
f 1100 1101 2494
f 2493 1100 2494
f 2426 2382 2427
f 2382 2383 2427
f 2383 2384 2427
f 2426 2427 2477
f 2477 2427 2478
f 2478 2427 2479
f 2345 2304 2346
f 2304 2305 2346
f 2345 2346 2381
f 2381 2346 2383
f 2304 2269 2305
f 2382 2381 2383
f 2234 2268 2267
f 2267 2268 2269
f 2267 2269 2302
f 2302 2269 2303
f 2303 2269 2304
f 2234 2232 2235
f 2232 2234 2266
f 2266 2234 2267
f 2232 2233 2235
f 2235 2233 2236
f 2236 2233 2237
f 2233 2199 2237
f 2199 2200 2237
f 2200 2201 2237
f 2237 2201 2238
f 2238 2201 2239
f 2201 2202 2239
f 2202 2203 2239
f 2239 2203 2240
f 2240 2203 2241
f 2203 2204 2241
f 2204 2205 2241
f 2205 2206 2241
f 2241 2206 2242
f 2242 2207 2243
f 2206 2207 2242
f 2207 2208 2243
f 2243 2208 2244
f 2208 2209 2244
f 2209 2210 2244
f 2244 2210 2245
f 2210 2211 2245
f 2211 2212 2245
f 2212 2213 2245
f 2245 2213 2246
f 2213 2214 2246
f 2246 2214 2247
f 2214 2215 2247
f 2247 2215 2248
f 2248 2215 2249
f 2250 2217 2251
f 2217 2218 2251
f 2251 2218 2252
f 2215 2216 2249
f 2249 2216 2250
f 2216 2217 2250
f 2220 2221 2252
f 2252 2221 2253
f 2218 2219 2252
f 2219 2220 2252
f 2221 2222 2253
f 2253 2222 2254
f 2225 2226 2256
f 2226 2227 2256
f 2256 2227 2257
f 2255 2225 2256
f 2254 2224 2255
f 2223 2224 2254
f 2222 2223 2254
f 2224 2225 2255
f 2257 2227 2258
f 2260 2258 2261
f 2258 2227 2261
f 2259 2260 2261
f 2259 2261 2298
f 2297 2295 2298
f 2261 2262 2298
f 2299 2298 2300
f 2298 2262 2300
f 2297 2298 2340
f 2298 2299 2340
f 2340 2341 2376
f 2376 2341 2377
f 2340 2299 2341
f 2381 2382 2426
f 2341 2342 2377
f 2377 2342 2378
f 2342 2343 2378
f 2343 2344 2378
f 2378 2344 2379
f 2344 2345 2379
f 2345 2380 2379
f 2379 2380 2381
f 2380 2345 2381
f 5062 5063 5137
f 5137 5063 5138
f 5138 5063 5139
f 5138 5139 5214
f 5062 4978 5063
f 4978 4979 5063
f 4979 4980 5063
f 4979 4886 4980
f 4980 4886 4981
f 4886 4887 4981
f 4216 4217 4290
f 4290 4217 4291
f 4366 4290 4367
f 4290 4291 4367
f 4366 4367 4555
f 4663 4554 4665
f 4554 4555 4665
f 4367 4368 4555
f 4555 4368 4556
f 4555 4556 4665
f 4664 4663 4665
f 4663 4664 4760
f 4182 4183 4215
f 4215 4183 4216
f 4183 4184 4216
f 4216 4184 4217
f 4760 4761 4856
f 4760 4664 4761
f 4177 4142 4178
f 4142 4141 4178
f 4177 4178 4208
f 4208 4178 4209
f 4208 4209 4240
f 4141 4142 4143
f 4182 4143 4183
f 4143 4144 4183
f 4142 4140 4143
f 4140 4109 4143
f 4109 4110 4143
f 4143 4110 4144
f 4239 4240 4311
f 4311 4240 4312
f 4312 4240 4313
f 4239 4208 4240
f 4791 4694 4792
f 4886 4885 4887
f 4885 4790 4887
f 4790 4791 4887
f 4790 4692 4791
f 4692 4693 4791
f 4693 4694 4791
f 4693 4584 4694
f 4583 4384 4584
f 4384 4385 4584
f 4583 4584 4693
f 4384 4308 4385
f 4308 4309 4385
f 4385 4309 4386
f 4309 4310 4386
f 4310 4311 4386
f 4310 4239 4311
f 5176 5099 5177
f 5099 5100 5177
f 5174 5175 5244
f 5244 5175 5245
f 5175 5176 5245
f 5174 5095 5175
f 5176 5177 5245
f 5177 5179 5245
f 5220 5221 5288
f 5221 5220 5222
f 5220 5148 5222
f 5148 5076 5149
f 5148 5149 5222
f 5383 5287 5384
f 5287 5288 5384
f 5288 5289 5384
f 5288 5221 5289
f 5213 5214 5283
f 5283 5214 5284
f 5213 5138 5214
f 5283 5284 5380
f 5380 5284 5381
f 5381 5382 5472
f 5380 5381 5470
f 5470 5381 5472
f 5382 5383 5472
f 5472 5383 5474
f 5474 5383 5475
f 5383 5384 5475
f 4513 4514 4623
f 4621 4513 4623
f 4816 4817 4908
f 4816 4726 4817
f 4622 4621 4623
f 4622 4623 4726
f 4726 4623 4727
f 4817 4726 4818
f 4726 4727 4818
f 4908 4817 4909
f 4997 4908 4999
f 4908 4909 4999
f 4998 4997 4999
f 5076 4997 5078
f 5078 4997 5079
f 4997 4998 5079
f 5076 5077 5149
f 5077 5076 5078
f 4481 4482 4483
f 4481 4483 4514
f 4483 4453 4484
f 4514 4483 4515
f 4515 4483 4516
f 4483 4484 4516
f 4453 4454 4484
f 4514 4515 4623
f 4497 4498 4529
f 4497 4469 4498
f 4465 4444 4466
f 4444 4445 4466
f 4444 4431 4445
f 4465 4466 4494
f 4466 4467 4494
f 4468 4467 4469
f 4467 4468 4494
f 4468 4469 4497
f 4429 4430 4431
f 4431 4430 4432
f 4429 4431 4444
f 4431 4432 4454
f 4454 4455 4484
f 4454 4432 4455
f 4528 4497 4529
f 4528 4529 4641
f 4641 4529 4643
f 4642 4641 4643
f 4639 4528 4640
f 4640 4528 4641
f 4639 4640 4738
f 4738 4739 4832
f 4737 4738 4832
f 4737 4637 4738
f 4637 4638 4738
f 4638 4639 4738
f 5094 5017 5095
f 5094 5095 5174
f 5016 5017 5094
f 4922 4920 4923
f 4920 4830 4923
f 4830 4831 4923
f 4830 4736 4831
f 4736 4737 4831
f 4831 4737 4832
f 4922 4923 5016
f 5015 4922 5016
f 5015 5016 5094
f 5245 5246 5313
f 5246 5314 5313
f 5313 5314 5315
f 5314 5246 5315
f 5313 5315 5405
f 5315 5316 5405
f 5245 5179 5246
f 5404 5313 5405
f 5404 5405 5494
f 5405 5406 5494
f 5494 5408 5495
f 5408 5409 5495
f 5409 5496 5495
f 5493 5404 5494
f 5493 5494 5580
f 5494 5495 5580
f 5334 5325 5335
f 5325 5326 5335
f 5334 5335 5426
f 5335 5427 5426
f 5326 5325 5327
f 5326 5327 5413
f 5413 5327 5414
f 5413 5414 5501
f 5426 5427 5428
f 5428 5427 5429
f 5428 5429 5511
f 5511 5429 5512
f 5512 5513 5598
f 5597 5512 5598
f 5511 5512 5597
f 5588 5497 5589
f 5497 5498 5589
f 5588 5589 5661
f 5589 5590 5661
f 5497 5495 5498
f 5495 5496 5498
f 5501 5502 5590
f 5502 5503 5590
f 5590 5503 5591
f 5590 5591 5661
f 5501 5414 5502
f 5433 5341 5434
f 5341 5342 5434
f 5433 5434 5515
f 5515 5434 5516
f 5515 5516 5599
f 5668 5598 5669
f 5598 5599 5669
f 5597 5598 5668
f 5516 5517 5599
f 5599 5517 5600
f 5599 5600 5669
f 4753 4754 4850
f 4754 4755 4756
f 4850 4754 4851
f 4851 4754 4852
f 4852 4754 4853
f 4754 4756 4853
f 4756 4755 4757
f 4756 4757 4854
f 4757 4758 4854
f 4854 4758 4855
f 4854 4855 4947
f 4947 4855 4949
f 4855 4856 4949
f 4949 4856 4950
f 4856 4857 4950
f 4761 4762 4856
f 4856 4762 4857
f 953 911 954
f 853 854 855
f 855 854 856
f 840 841 856
f 856 841 857
f 859 842 860
f 842 844 860
f 844 845 860
f 860 845 861
f 861 845 862
f 862 863 865
f 845 847 862
f 847 848 862
f 848 863 862
f 864 862 865
f 866 865 867
f 867 865 868
f 865 863 868
f 870 850 871
f 869 849 870
f 849 850 870
f 868 863 869
f 848 849 869
f 863 848 869
f 871 850 872
f 850 851 872
f 851 873 872
f 872 874 875
f 874 872 877
f 877 872 878
f 872 873 878
f 875 874 876
f 876 874 877
f 873 851 878
f 878 851 879
f 851 852 879
f 879 852 880
f 880 852 881
f 2344 2303 2345
f 2303 2304 2345
f 2266 2267 2302
f 2301 2302 2344
f 2302 2303 2344
f 2301 2266 2302
f 2231 2199 2232
f 2199 2233 2232
f 2231 2232 2266
f 2265 2231 2266
f 2265 2266 2301
f 2198 2160 2199
f 2199 2160 2200
f 2198 2199 2231
f 2160 2161 2200
f 2200 2161 2201
f 2201 2161 2202
f 2161 2162 2202
f 2162 2163 2202
f 2202 2163 2203
f 2163 2164 2203
f 2203 2164 2204
f 2164 2165 2204
f 2165 2166 2204
f 2166 2167 2204
f 2204 2167 2205
f 2167 2168 2205
f 2205 2168 2206
f 2206 2168 2207
f 2207 2168 2208
f 2168 2169 2208
f 2208 2169 2209
f 2169 2170 2209
f 2209 2170 2210
f 2170 2171 2210
f 2171 2172 2210
f 2210 2172 2211
f 2172 2173 2211
f 2211 2173 2212
f 2173 2174 2212
f 2174 2175 2212
f 2175 2176 2212
f 2176 2177 2212
f 2212 2177 2213
f 2177 2178 2213
f 2213 2178 2214
f 2178 2179 2214
f 2214 2179 2215
f 2215 2179 2216
f 2216 2180 2217
f 2180 2181 2217
f 2217 2181 2218
f 2181 2182 2218
f 2182 2183 2218
f 2183 2184 2218
f 2218 2184 2219
f 2179 2180 2216
f 2219 2186 2220
f 2186 2187 2220
f 2187 2188 2220
f 2188 2189 2220
f 2189 2190 2220
f 2190 2191 2220
f 2220 2191 2221
f 2221 2191 2222
f 2184 2185 2219
f 2185 2186 2219
f 2191 2192 2222
f 2222 2192 2223
f 2226 1138 2228
f 2225 1138 2226
f 2227 2226 2228
f 2224 1139 2225
f 1139 1138 2225
f 2227 2228 2261
f 2223 1139 2224
f 2192 1140 2223
f 1140 1139 2223
f 2261 2228 2262
f 2228 2229 2262
f 2262 2229 2263
f 2262 2263 2300
f 2300 2301 2342
f 2263 2264 2300
f 2300 2264 2301
f 2299 2300 2341
f 2341 2300 2342
f 2343 2342 2344
f 2342 2301 2344
f 5061 5062 5135
f 5135 5062 5136
f 5136 5062 5137
f 5136 5137 5212
f 5137 5138 5212
f 5061 4978 5062
f 5212 5138 5213
f 4977 4885 4978
f 4885 4886 4978
f 4978 4886 4979
f 4977 4978 5061
f 4217 4184 4218
f 4217 4218 4291
f 4218 4219 4291
f 4291 4219 4292
f 4291 4292 4367
f 4367 4292 4368
f 4665 4556 4666
f 4664 4665 4761
f 4665 4666 4761
f 4368 4369 4556
f 4292 4293 4368
f 4368 4293 4369
f 4556 4369 4557
f 4666 4556 4667
f 4556 4557 4667
f 4144 4146 4183
f 4146 4147 4183
f 4184 4183 4185
f 4183 4147 4185
f 4184 4185 4218
f 4666 4667 4761
f 4762 4761 4763
f 4763 4761 4764
f 4761 4667 4764
f 4176 4139 4177
f 4139 4140 4177
f 4140 4142 4177
f 4176 4177 4207
f 4207 4177 4208
f 4207 4208 4239
f 4110 4111 4144
f 4111 4112 4144
f 4112 4113 4144
f 4113 4145 4144
f 4144 4145 4146
f 4139 4109 4140
f 4109 4108 4110
f 4108 4109 4139
f 4108 4087 4110
f 4110 4087 4111
f 4238 4239 4310
f 4238 4206 4239
f 4206 4207 4239
f 4884 4885 4977
f 4884 4788 4885
f 4788 4789 4885
f 4789 4790 4885
f 4789 4692 4790
f 4691 4692 4787
f 4787 4692 4789
f 4691 4581 4692
f 4692 4581 4693
f 4581 4582 4693
f 4582 4583 4693
f 4582 4383 4583
f 4383 4384 4583
f 4383 4307 4384
f 4307 4308 4384
f 4307 4234 4308
f 4234 4235 4308
f 4235 4236 4308
f 4236 4237 4308
f 4308 4237 4309
f 4309 4237 4310
f 4237 4238 4310
f 5243 5244 5313
f 5244 5245 5313
f 5243 5173 5244
f 5173 5174 5244
f 5173 5172 5174
f 5172 5092 5174
f 5092 5093 5174
f 5093 5094 5174
f 5289 5221 5290
f 5290 5221 5291
f 5221 5222 5291
f 5222 5223 5291
f 5222 5149 5223
f 5151 5149 5152
f 5149 5077 5152
f 5149 5151 5223
f 5384 5385 5475
f 5289 5290 5384
f 5384 5290 5385
f 5212 5213 5281
f 5281 5213 5282
f 5282 5213 5283
f 5282 5283 5380
f 5379 5280 5380
f 5280 5281 5380
f 5281 5282 5380
f 5379 5380 5469
f 5469 5380 5470
f 5473 5472 5474
f 5471 5472 5563
f 5472 5473 5563
f 5471 5470 5472
f 5469 5470 5562
f 5470 5471 5562
f 5474 5475 5566
f 5473 5474 5566
f 5475 5385 5476
f 5475 5476 5566
f 4515 4624 4623
f 4623 4624 4625
f 4623 4625 4727
f 4817 4818 4909
f 4625 4626 4727
f 4727 4626 4728
f 4727 4728 4818
f 4818 4728 4819
f 4818 4819 4909
f 4819 4820 4909
f 4909 4820 4910
f 4909 4910 4999
f 4999 4910 5000
f 4998 4999 5080
f 4999 5000 5080
f 5079 4998 5080
f 5077 5078 5152
f 5078 5079 5152
f 5152 5079 5153
f 5153 5079 5154
f 5079 5080 5154
f 4484 4455 4485
f 4484 4485 4516
f 4624 4515 4625
f 4515 4516 4625
f 4485 4486 4516
f 4516 4486 4517
f 4625 4516 4628
f 4516 4517 4628
f 4496 4497 4528
f 4496 4468 4497
f 4464 4443 4465
f 4443 4444 4465
f 4443 4428 4444
f 4428 4429 4444
f 4464 4465 4494
f 4493 4464 4494
f 4494 4468 4495
f 4493 4494 4526
f 4494 4495 4526
f 4495 4468 4496
f 4428 4427 4429
f 4432 4430 4433
f 4430 4429 4434
f 4434 4429 4435
f 4429 4427 4435
f 4433 4430 4434
f 4432 4433 4455
f 4455 4456 4485
f 4455 4433 4456
f 4527 4528 4639
f 4527 4496 4528
f 4638 4527 4639
f 4736 4637 4737
f 4635 4636 4637
f 4637 4636 4638
f 4635 4637 4736
f 4636 4524 4638
f 4524 4525 4638
f 4525 4526 4638
f 4526 4527 4638
f 5093 5014 5094
f 5014 5015 5094
f 4830 4920 4919
f 4919 4920 4921
f 4921 4920 4922
f 4921 4922 5013
f 5013 4922 5015
f 4829 4830 4919
f 4829 4736 4830
f 4735 4736 4829
f 4735 4635 4736
f 5014 5013 5015
f 5312 5313 5403
f 5403 5313 5404
f 5312 5242 5313
f 5242 5243 5313
f 5403 5404 5493
f 5495 5497 5580
f 5492 5402 5493
f 5402 5403 5493
f 5492 5493 5579
f 5579 5493 5580
f 5579 5580 5654
f 5580 5497 5581
f 5580 5581 5654
f 5333 5323 5334
f 5323 5325 5334
f 5333 5334 5426
f 5323 5324 5325
f 5325 5324 5327
f 5425 5333 5426
f 5425 5426 5510
f 5426 5428 5510
f 5327 5328 5414
f 5327 5324 5328
f 5414 5415 5502
f 5328 5329 5414
f 5414 5329 5415
f 5510 5428 5511
f 5510 5511 5596
f 5596 5511 5597
f 5596 5597 5668
f 5587 5584 5588
f 5584 5497 5588
f 5587 5588 5661
f 5581 5497 5583
f 5497 5584 5583
f 5660 5587 5661
f 5661 5591 5662
f 5660 5661 5741
f 5741 5661 5742
f 5661 5662 5742
f 5415 5416 5502
f 5502 5416 5503
f 5503 5416 5504
f 5503 5504 5591
f 5504 5505 5591
f 5591 5505 5592
f 5662 5591 5663
f 5663 5591 5664
f 5591 5592 5664
f 5543 5449 5544
f 5544 5449 5545
f 5449 5450 5545
f 5545 5450 5546
f 5450 5451 5546
f 5450 5357 5451
f 5434 5342 5435
f 5434 5435 5516
f 5342 5255 5343
f 5342 5343 5435
f 5435 5436 5516
f 5516 5436 5517
f 5745 5668 5746
f 5668 5669 5746
f 5669 5600 5670
f 5746 5669 5747
f 5669 5670 5747
f 5667 5596 5668
f 5667 5668 5745
f 5436 5437 5517
f 5437 5438 5517
f 5517 5438 5518
f 5517 5518 5600
f 5600 5518 5601
f 5600 5601 5671
f 5670 5600 5671
f 4849 4850 4943
f 4943 4850 4944
f 4850 4851 4944
f 4853 4756 4854
f 4944 4851 4945
f 4851 4852 4945
f 4945 4852 4946
f 4852 4853 4946
f 4853 4854 4946
f 4946 4854 4947
f 5186 5187 5260
f 4948 4947 4949
f 4946 4947 5035
f 4947 4948 5035
f 5036 4949 5037
f 4949 4950 5037
f 4948 4949 5036
f 4950 4951 5037
f 4857 4858 4950
f 4950 4858 4951
f 4762 4763 4857
f 4857 4763 4858
f 832 833 842
f 833 834 842
f 834 843 842
f 842 843 844
f 843 834 844
f 844 834 845
f 834 846 845
f 845 846 847
f 846 834 847
f 834 835 847
f 835 836 847
f 847 836 848
f 848 836 849
f 849 837 850
f 837 838 850
f 850 838 851
f 836 837 849
f 838 839 851
f 2264 2265 2301
f 2230 2197 2231
f 2197 2198 2231
f 2230 2231 2265
f 2264 2230 2265
f 2160 2159 2161
f 2197 2196 2198
f 2196 2159 2198
f 2159 2160 2198
f 2161 2159 2162
f 2159 2114 2162
f 2114 2115 2162
f 2162 2115 2163
f 2115 2116 2163
f 2116 2117 2163
f 2163 2117 2164
f 2117 2118 2164
f 2164 2118 2165
f 2118 2119 2165
f 2119 2120 2165
f 2120 2121 2165
f 2121 2122 2165
f 2122 2123 2165
f 2165 2123 2166
f 2166 2123 2167
f 2126 2125 2167
f 2167 2125 2168
f 2123 2124 2167
f 2124 2126 2167
f 2168 2125 2169
f 2169 2125 2170
f 2170 2125 2171
f 2125 2127 2171
f 2127 2128 2171
f 2128 2129 2171
f 2129 2130 2171
f 2171 2130 2172
f 2130 2131 2172
f 2131 2132 2172
f 2172 2132 2173
f 2173 2132 2174
f 2132 2133 2174
f 2133 2134 2174
f 2134 2135 2174
f 2135 2137 2174
f 2174 2137 2175
f 2175 2137 2176
f 2137 2138 2176
f 2138 2140 2176
f 2176 2140 2177
f 2140 2141 2177
f 2177 2141 2178
f 2178 2141 2179
f 2179 2141 2180
f 2180 2141 2181
f 2141 2142 2181
f 2181 2142 2182
f 2182 2142 2183
f 2184 2183 2185
f 2183 2143 2185
f 2142 2143 2183
f 2185 2146 2186
f 2146 2147 2186
f 2187 2186 2188
f 2186 2147 2188
f 2147 2148 2188
f 2188 2148 2189
f 2148 2149 2189
f 2149 2150 2189
f 2150 2151 2189
f 2151 2153 2189
f 2189 2153 2190
f 2191 2190 2192
f 2190 2153 2192
f 2143 2144 2185
f 2144 2145 2185
f 2145 2146 2185
f 1140 2192 2193
f 2192 2153 2193
f 1138 1140 2228
f 1140 2193 2228
f 2193 2194 2228
f 2228 2194 2229
f 1138 1139 1140
f 2194 2195 2229
f 2229 2195 2230
f 2229 2230 2263
f 2263 2230 2264
f 5134 5058 5135
f 5058 5059 5135
f 5059 5060 5135
f 5060 5061 5135
f 5134 5135 5210
f 5135 5136 5210
f 5060 4976 5061
f 4976 4977 5061
f 5210 5136 5211
f 5211 5136 5212
f 5211 5212 5281
f 4976 4884 4977
f 4218 4185 4219
f 4185 4186 4219
f 4186 4187 4219
f 4219 4187 4220
f 4219 4220 4292
f 4292 4220 4293
f 4369 4370 4557
f 4369 4293 4370
f 4293 4220 4294
f 4293 4294 4370
f 4667 4557 4668
f 4557 4370 4558
f 4557 4558 4668
f 4764 4667 4766
f 4667 4668 4766
f 4146 4145 4147
f 4147 4145 4148
f 4147 4148 4185
f 4185 4148 4186
f 4859 4763 4860
f 4763 4764 4860
f 4858 4763 4859
f 4764 4765 4860
f 4765 4764 4766
f 4175 4137 4176
f 4137 4138 4176
f 4138 4139 4176
f 4175 4176 4207
f 4138 4106 4139
f 4106 4107 4139
f 4107 4108 4139
f 4206 4175 4207
f 4111 4087 4112
f 4087 4086 4112
f 4112 4086 4113
f 4145 4113 4148
f 4113 4114 4148
f 4113 4086 4114
f 4107 4087 4108
f 4086 4087 4088
f 4087 4085 4088
f 4085 4087 4106
f 4106 4087 4107
f 4237 4204 4238
f 4204 4205 4238
f 4205 4206 4238
f 4205 4174 4206
f 4174 4175 4206
f 4883 4884 4976
f 4883 4788 4884
f 4788 4787 4789
f 4787 4788 4883
f 4690 4691 4786
f 4786 4691 4787
f 4786 4787 4883
f 4690 4577 4691
f 4577 4578 4691
f 4578 4579 4691
f 4579 4580 4691
f 4580 4581 4691
f 4581 4580 4582
f 4580 4383 4582
f 4382 4383 4580
f 4382 4307 4383
f 4306 4307 4382
f 4306 4233 4307
f 4233 4234 4307
f 4233 4232 4234
f 4232 4200 4234
f 4200 4201 4234
f 4234 4201 4235
f 4201 4202 4235
f 4202 4203 4235
f 4235 4203 4236
f 4203 4204 4236
f 4236 4204 4237
f 5242 5172 5243
f 5172 5173 5243
f 5171 5172 5242
f 5171 5092 5172
f 5091 5014 5092
f 5092 5014 5093
f 5091 5092 5171
f 5386 5290 5387
f 5385 5290 5386
f 5290 5291 5387
f 5291 5292 5387
f 5291 5223 5292
f 5223 5151 5224
f 5223 5224 5292
f 5150 5151 5152
f 5151 5150 5224
f 5150 5152 5226
f 5152 5153 5226
f 5385 5386 5476
f 5280 5211 5281
f 5279 5210 5280
f 5210 5211 5280
f 5378 5279 5379
f 5279 5280 5379
f 5378 5379 5469
f 5468 5469 5562
f 5468 5377 5469
f 5377 5378 5469
f 5563 5473 5564
f 5564 5473 5565
f 5565 5473 5566
f 5562 5471 5563
f 5562 5563 5639
f 5639 5563 5640
f 5563 5564 5640
f 5561 5562 5639
f 5561 5468 5562
f 5566 5567 5642
f 5566 5476 5567
f 5565 5566 5642
f 5476 5386 5477
f 5567 5476 5568
f 5476 5477 5568
f 4626 4625 4627
f 4627 4625 4628
f 4626 4627 4728
f 4728 4627 4729
f 4728 4729 4819
f 4819 4729 4820
f 4910 4820 4911
f 4820 4821 4911
f 4729 4730 4820
f 4820 4730 4821
f 5000 4910 5001
f 4910 4911 5001
f 5000 5001 5080
f 5080 5081 5154
f 5153 5154 5226
f 5081 5155 5154
f 5154 5155 5156
f 5154 5156 5226
f 4456 4457 4485
f 4486 4485 4487
f 4486 4487 4517
f 4628 4517 4629
f 4627 4628 4729
f 4628 4629 4729
f 4495 4496 4527
f 4463 4462 4464
f 4462 4442 4464
f 4442 4443 4464
f 4442 4428 4443
f 4463 4464 4493
f 4426 4427 4428
f 4426 4428 4442
f 4492 4463 4493
f 4492 4493 4526
f 4526 4495 4527
f 4525 4492 4526
f 4425 4427 4426
f 4435 4427 4436
f 4427 4425 4436
f 4433 4434 4456
f 4434 4435 4456
f 4456 4435 4457
f 4435 4436 4457
f 4634 4524 4635
f 4524 4636 4635
f 4634 4635 4735
f 4522 4524 4634
f 4522 4523 4524
f 4524 4523 4525
f 4523 4522 4525
f 4522 4490 4525
f 4490 4491 4525
f 4491 4492 4525
f 5013 5014 5090
f 5090 5014 5091
f 4918 4828 4919
f 4828 4829 4919
f 4918 4919 5012
f 4919 4921 5012
f 5012 4921 5013
f 5012 5013 5090
f 4828 4734 4829
f 4734 4735 4829
f 4734 4633 4735
f 4633 4634 4735
f 5310 5242 5312
f 5402 5312 5403
f 5311 5312 5402
f 5311 5310 5312
f 5241 5171 5242
f 5241 5242 5310
f 5401 5311 5402
f 5491 5400 5492
f 5400 5401 5492
f 5401 5402 5492
f 5491 5492 5578
f 5578 5492 5579
f 5578 5579 5653
f 5653 5579 5654
f 5653 5654 5729
f 5654 5655 5729
f 5581 5582 5654
f 5654 5582 5655
f 5582 5581 5583
f 5332 5323 5333
f 5332 5333 5425
f 5324 5323 5332
f 5328 5324 5331
f 5331 5324 5332
f 5424 5423 5425
f 5423 5422 5425
f 5422 5332 5425
f 5424 5425 5510
f 5595 5510 5596
f 5509 5424 5510
f 5509 5510 5594
f 5594 5510 5595
f 5329 5328 5330
f 5330 5328 5331
f 5415 5329 5419
f 5418 5415 5419
f 5416 5415 5417
f 5417 5415 5418
f 5329 5330 5419
f 5595 5596 5667
f 5583 5584 5587
f 5585 5587 5660
f 5585 5586 5587
f 5586 5583 5587
f 5657 5583 5658
f 5583 5586 5658
f 5656 5583 5657
f 5582 5583 5656
f 5659 5585 5660
f 5659 5660 5739
f 5739 5660 5741
f 5662 5663 5742
f 5740 5739 5741
f 5740 5741 5843
f 5741 5742 5843
f 5742 5663 5743
f 5742 5743 5843
f 5416 5417 5504
f 5504 5417 5505
f 5417 5418 5505
f 5505 5418 5506
f 5505 5506 5592
f 5592 5506 5593
f 5664 5592 5665
f 5592 5593 5665
f 5663 5664 5743
f 5743 5664 5744
f 5664 5665 5744
f 5540 5541 5616
f 5541 5542 5616
f 5542 5448 5543
f 5542 5543 5617
f 5543 5544 5617
f 5617 5544 5619
f 5544 5545 5619
f 5619 5545 5620
f 5545 5546 5620
f 5546 5451 5547
f 5546 5547 5620
f 5451 5452 5547
f 5451 5357 5452
f 5357 5358 5452
f 5452 5358 5453
f 5453 5358 5454
f 5358 5359 5454
f 5358 5259 5359
f 5259 5185 5260
f 5359 5259 5360
f 5360 5259 5361
f 5259 5260 5361
f 5343 5344 5435
f 5344 5346 5435
f 5435 5346 5436
f 5436 5346 5437
f 5744 5745 5845
f 5845 5745 5846
f 5846 5745 5847
f 5745 5746 5847
f 5746 5747 5847
f 5744 5666 5745
f 5666 5667 5745
f 5747 5670 5748
f 5670 5671 5748
f 5847 5747 5848
f 5747 5748 5848
f 5666 5595 5667
f 5346 5347 5437
f 5437 5347 5438
f 5438 5347 5439
f 5438 5439 5518
f 5439 814 5518
f 5518 814 5519
f 5518 5519 5601
f 5601 5602 5672
f 5601 5519 5602
f 5671 5601 5672
f 5671 5672 5748
f 4942 4943 5034
f 4943 4944 5034
f 4944 4945 5034
f 5034 4945 5035
f 4945 4946 5035
f 4941 4942 5033
f 5033 4942 5034
f 5031 4940 5032
f 5032 4941 5033
f 5106 5029 5107
f 5106 5107 5187
f 5107 5108 5187
f 5187 5108 5188
f 5187 5188 5260
f 5029 5030 5107
f 5030 5031 5107
f 5260 5261 5361
f 5260 5188 5261
f 5035 4948 5036
f 5034 5035 5110
f 5110 5035 5111
f 5111 5035 5112
f 5035 5036 5112
f 4951 4955 5037
f 4955 5038 5037
f 5037 5038 5039
f 5112 5036 5113
f 5036 5037 5113
f 5037 5039 5113
f 4955 4951 4954
f 4954 4951 4956
f 4951 4858 4956
f 4858 4859 4956
f 829 831 833
f 833 831 834
f 834 831 835
f 831 828 835
f 828 827 835
f 836 835 837
f 835 827 837
f 827 826 837
f 837 826 838
f 838 826 839
f 2195 2196 2230
f 2196 2197 2230
f 2158 2114 2159
f 2158 2159 2196
f 2195 2158 2196
f 2113 2062 2114
f 2062 2063 2114
f 2114 2063 2115
f 2113 2114 2158
f 2063 2064 2115
f 2064 2065 2115
f 2115 2065 2116
f 2116 2065 2117
f 2065 2066 2117
f 2117 2066 2118
f 2118 2066 2119
f 2119 2066 2120
f 2071 2072 2120
f 2066 2067 2120
f 2067 2068 2120
f 2068 2069 2120
f 2069 2070 2120
f 2120 2072 2121
f 2070 2071 2120
f 2121 2072 2122
f 2122 2072 2123
f 2123 2075 2124
f 2072 2073 2123
f 2073 2074 2123
f 2074 2075 2123
f 2125 2126 2127
f 2127 2126 2128
f 2126 2124 2128
f 2124 2075 2128
f 2128 2075 2129
f 2075 2076 2129
f 2076 2077 2129
f 2129 2077 2130
f 2130 2077 2131
f 2077 2078 2131
f 2078 2079 2131
f 2079 2080 2131
f 2080 2081 2131
f 2131 2081 2132
f 2132 2081 2133
f 2081 2082 2133
f 2082 2083 2133
f 2083 2084 2133
f 2084 2085 2133
f 2133 2085 2134
f 2085 2086 2134
f 2086 2087 2134
f 2134 2087 2135
f 2087 2088 2135
f 2088 2089 2135
f 2089 2090 2135
f 2090 2092 2135
f 2092 2136 2135
f 2135 2136 2137
f 2136 2092 2137
f 2137 2092 2138
f 2092 2093 2138
f 2093 2139 2138
f 2140 2138 2141
f 2138 2139 2141
f 2141 2139 2142
f 2142 2139 2143
f 2139 2093 2143
f 2143 2093 2144
f 2145 2095 2146
f 2095 2096 2146
f 2146 2096 2147
f 2096 2097 2147
f 2147 2097 2148
f 2097 2098 2148
f 2098 2099 2148
f 2099 2100 2148
f 2148 2100 2149
f 2149 2100 2150
f 2100 2101 2150
f 2101 2102 2150
f 2102 2103 2150
f 2103 2104 2150
f 2150 2104 2151
f 2104 2105 2151
f 2105 2106 2151
f 2106 2107 2151
f 2107 2152 2151
f 2153 2151 2154
f 2151 2152 2154
f 2153 2154 2193
f 2144 2093 2145
f 2093 2094 2145
f 2094 2095 2145
f 2154 2155 2193
f 2193 2155 2194
f 2155 2156 2194
f 2194 2156 2195
f 2156 2157 2195
f 2157 2158 2195
f 5133 5134 5208
f 5208 5134 5210
f 5057 4972 5058
f 5058 4972 5059
f 5133 5057 5134
f 5057 5058 5134
f 4972 4973 5059
f 4973 4974 5059
f 4974 4975 5059
f 5059 4975 5060
f 4975 4976 5060
f 5209 5208 5210
f 5209 5210 5279
f 4975 4883 4976
f 4148 4149 4186
f 4186 4149 4187
f 4220 4187 4221
f 4187 4188 4221
f 4187 4149 4188
f 4220 4221 4294
f 4558 4370 4559
f 4370 4371 4559
f 4370 4294 4371
f 4294 4221 4295
f 4371 4294 4372
f 4294 4295 4372
f 4768 4668 4769
f 4668 4669 4769
f 4668 4558 4669
f 4766 4668 4767
f 4767 4668 4768
f 4558 4559 4669
f 4765 4766 4862
f 4766 4767 4862
f 4114 4115 4148
f 4149 4148 4150
f 4148 4115 4150
f 4860 4765 4861
f 4860 4861 4957
f 4859 4860 4956
f 4956 4860 4957
f 4861 4765 4862
f 4174 4136 4175
f 4136 4137 4175
f 4136 4135 4137
f 4135 4105 4137
f 4105 4106 4137
f 4137 4106 4138
f 4105 4083 4106
f 4083 4085 4106
f 4114 4086 4115
f 4086 4088 4115
f 4085 4084 4088
f 4088 4084 4089
f 4115 4088 4116
f 4088 4089 4116
f 4083 4084 4085
f 4204 4203 4205
f 4203 4172 4205
f 4172 4173 4205
f 4173 4174 4205
f 4173 4136 4174
f 4882 4883 4975
f 4882 4785 4883
f 4785 4786 4883
f 4689 4690 4784
f 4785 4784 4786
f 4784 4690 4786
f 4689 4577 4690
f 4576 4577 4689
f 4576 4380 4577
f 4577 4380 4578
f 4578 4381 4579
f 4381 4382 4579
f 4579 4382 4580
f 4381 4306 4382
f 4305 4306 4381
f 4232 4233 4306
f 4199 4200 4231
f 4199 4167 4200
f 4200 4166 4201
f 4167 4166 4200
f 4201 4168 4202
f 4166 4168 4201
f 4168 4169 4202
f 4169 4170 4202
f 4170 4171 4202
f 4171 4172 4202
f 4202 4172 4203
f 5170 5171 5241
f 5170 5091 5171
f 5090 5091 5169
f 5169 5091 5170
f 5387 5292 5389
f 5386 5387 5477
f 5477 5387 5478
f 5478 5387 5479
f 5387 5388 5479
f 5388 5387 5389
f 5292 5293 5389
f 5292 5224 5293
f 5224 5150 5225
f 5224 5225 5293
f 5225 5150 5226
f 5295 5226 5296
f 5226 5227 5296
f 5226 5156 5227
f 5225 5226 5295
f 5278 5279 5378
f 5278 5209 5279
f 5377 5277 5378
f 5277 5 5378
f 5 5278 5378
f 5467 5468 5561
f 5467 5376 5468
f 5376 5377 5468
f 5376 5375 5377
f 5375 5276 5377
f 5276 5277 5377
f 5640 5564 5641
f 5564 5565 5641
f 5641 5565 5642
f 5638 5639 5716
f 5716 5639 5717
f 5639 5640 5717
f 5638 5560 5639
f 5560 5561 5639
f 5717 5640 5719
f 5640 5641 5719
f 5560 5467 5561
f 5567 5568 5642
f 5643 5642 5644
f 5642 5568 5644
f 5641 5642 5719
f 5719 5642 5720
f 5642 5643 5720
f 5477 5478 5568
f 5568 5569 5644
f 5568 5478 5569
f 4729 4629 4730
f 5156 5155 5157
f 5156 5157 5227
f 4461 4439 4462
f 4440 4441 4462
f 4441 4442 4462
f 4461 4462 4491
f 4462 4463 4491
f 4491 4463 4492
f 4441 4426 4442
f 4633 4522 4634
f 4520 4521 4522
f 4521 4490 4522
f 4520 4522 4633
f 4489 4459 4490
f 4490 4459 4491
f 4489 4490 4520
f 4490 4521 4520
f 4459 4460 4491
f 4460 4461 4491
f 5089 5011 5090
f 5011 5012 5090
f 5089 5090 5169
f 4917 4827 4918
f 4827 4828 4918
f 4827 4826 4828
f 4826 4733 4828
f 4733 4734 4828
f 4917 4918 5012
f 5011 4917 5012
f 4733 4632 4734
f 4632 4633 4734
f 4632 4520 4633
f 5309 5241 5310
f 5310 5311 5400
f 5309 5310 5400
f 5400 5311 5401
f 5240 5170 5241
f 5240 5241 5309
f 5490 5489 5491
f 5489 5398 5491
f 5398 5399 5491
f 5399 5400 5491
f 5490 5491 5578
f 5399 5308 5400
f 5308 5309 5400
f 5577 5490 5578
f 5577 5578 5651
f 5651 5578 5652
f 5652 5578 5653
f 5652 5653 5729
f 5729 5655 5730
f 5728 5729 5829
f 5829 5729 5830
f 5729 5730 5830
f 5728 5652 5729
f 5655 5656 5730
f 5655 5582 5656
f 5331 5332 5421
f 5332 5422 5421
f 5330 5331 5421
f 5421 5422 5423
f 5421 5423 5507
f 5507 5423 5508
f 5508 5423 5509
f 5423 5424 5509
f 5594 5595 5665
f 5665 5595 5666
f 5508 5509 5594
f 5593 5508 5594
f 5593 5594 5665
f 5419 5330 5420
f 5420 5330 5421
f 5418 5419 5506
f 5419 5420 5506
f 5586 5585 5659
f 5658 5586 5659
f 5656 5657 5731
f 5657 5658 5731
f 5731 5658 5734
f 5734 5658 5735
f 5735 5658 5736
f 5658 5659 5736
f 5730 5656 5731
f 5736 5659 5738
f 5738 5659 5739
f 5738 5739 5841
f 5841 5739 5842
f 5739 5740 5842
f 5842 5740 5843
f 5843 5845 5913
f 5842 5843 5913
f 5743 5844 5843
f 5843 5844 5845
f 5844 5743 5845
f 5743 5744 5845
f 5420 5421 5506
f 5506 5421 5507
f 5506 5507 5593
f 5507 5508 5593
f 5665 5666 5744
f 5616 5542 5617
f 5615 5616 5696
f 5615 5538 5616
f 5538 5539 5616
f 5539 5540 5616
f 5616 5617 5696
f 5539 5446 5540
f 5446 5447 5540
f 5618 5617 5619
f 5696 5617 5697
f 5617 5618 5697
f 5618 5619 5698
f 5698 5619 5699
f 5619 5620 5699
f 5699 5620 5700
f 5620 5621 5700
f 5620 5547 5621
f 5452 5453 5547
f 5547 5453 5548
f 5547 5548 5621
f 5453 5454 5548
f 5548 5454 5549
f 5454 5455 5549
f 5359 5360 5454
f 5454 5360 5455
f 5360 5361 5455
f 5261 5262 5361
f 5262 5263 5361
f 5361 5263 5362
f 5361 5362 5455
f 5256 5345 5344
f 5344 5345 5346
f 5346 5345 5347
f 5446 5356 5447
f 5913 5845 5914
f 5845 5846 5914
f 5915 5846 5917
f 5846 5847 5917
f 5846 5915 5914
f 5917 5847 5918
f 5847 5848 5918
f 5672 5673 5748
f 5748 5673 5749
f 5748 5749 5848
f 5749 5750 5848
f 5750 5751 5848
f 5751 5752 5848
f 5752 5754 5848
f 5848 5754 5849
f 5848 5849 5918
f 5347 5345 5348
f 5347 5348 5439
f 5439 5348 5440
f 814 5439 5535
f 5439 5440 5535
f 5519 814 5520
f 814 813 5520
f 812 814 5535
f 812 813 814
f 5519 5520 5602
f 5602 5603 5672
f 5603 5604 5672
f 5604 5605 5672
f 5602 5520 5603
f 5672 5605 5673
f 5033 5034 5110
f 5032 5033 5109
f 5109 5033 5110
f 5107 5031 5108
f 5108 5031 5109
f 5031 5032 5109
f 5108 5109 5188
f 5188 5109 5189
f 5188 5189 5261
f 5261 5189 5262
f 5110 5111 5189
f 5109 5110 5189
f 5111 5112 5189
f 5112 5113 5189
f 5038 4955 5041
f 4955 4953 5041
f 4953 4955 4954
f 5039 5038 5040
f 5040 5038 5041
f 5113 5039 5114
f 5039 5040 5114
f 5189 5113 5190
f 5113 5114 5190
f 4952 4954 5047
f 4954 4956 5047
f 4952 4953 4954
f 4956 4957 5047
f 829 830 831
f 830 829 828
f 831 830 828
f 826 827 828
f 2157 2112 2158
f 2112 2113 2158
f 2112 2061 2113
f 2061 2062 2113
f 2061 2004 2062
f 2004 2005 2062
f 2062 2005 2063
f 2063 2005 2064
f 2005 2006 2064
f 2006 2008 2064
f 2064 2008 2065
f 2008 2007 2065
f 2065 2007 2066
f 2066 2007 2067
f 2070 2013 2071
f 2013 2014 2071
f 2014 2015 2071
f 2072 2071 2073
f 2071 2015 2073
f 2067 2007 2068
f 2007 2009 2068
f 2009 2010 2068
f 2010 2011 2068
f 2069 2068 2070
f 2068 2011 2070
f 2011 2012 2070
f 2012 2013 2070
f 2074 2017 2075
f 2017 2018 2075
f 2075 2018 2076
f 2015 2016 2073
f 2016 2017 2073
f 2073 2017 2074
f 2018 2020 2076
f 2076 2020 2077
f 2077 2020 2078
f 2020 2021 2078
f 2021 2022 2078
f 2022 2023 2078
f 2078 2023 2079
f 2023 2024 2079
f 2079 2024 2080
f 2024 2025 2080
f 2025 2026 2080
f 2026 2027 2080
f 2080 2027 2081
f 2081 2027 2082
f 2027 2028 2082
f 2082 2028 2083
f 2028 2029 2083
f 2083 2029 2084
f 2085 2084 2086
f 2084 2029 2086
f 2029 2030 2086
f 2030 2031 2086
f 2031 2032 2086
f 2032 2033 2086
f 2086 2033 2087
f 2087 2033 2088
f 2033 2034 2088
f 2088 2034 2089
f 2034 2035 2089
f 2035 2036 2089
f 2036 2037 2089
f 2089 2037 2090
f 2090 2091 2092
f 2091 2090 2094
f 2090 2037 2094
f 2092 2091 2093
f 2093 2091 2094
f 2095 2038 2096
f 2094 2038 2095
f 2038 2039 2096
f 2039 2040 2096
f 2096 2040 2097
f 2040 2041 2097
f 2097 2041 2098
f 2041 2042 2098
f 2042 2043 2098
f 2098 2043 2099
f 2043 2044 2099
f 2044 2045 2099
f 2099 2045 2100
f 2045 2047 2100
f 2100 2047 2101
f 2047 2048 2101
f 2048 2049 2101
f 2049 2050 2101
f 2101 2050 2102
f 2050 2051 2102
f 2102 2051 2103
f 2051 2052 2103
f 2052 2053 2103
f 2103 2053 2104
f 2104 2053 2105
f 2054 2055 2105
f 2105 2055 2106
f 2053 2054 2105
f 2055 2056 2106
f 2056 2057 2106
f 2107 2106 2108
f 2106 2057 2108
f 2152 2107 2154
f 2154 2107 2155
f 2107 2108 2155
f 2037 2038 2094
f 2108 2109 2155
f 2109 2110 2155
f 2155 2110 2156
f 2110 2111 2156
f 2111 2112 2156
f 2156 2112 2157
f 5207 5133 5208
f 5208 5209 5278
f 5207 5208 5
f 5 5208 5278
f 5132 5057 5133
f 5132 5133 5207
f 4971 4879 4972
f 4879 4880 4972
f 5056 4970 5057
f 4970 4971 5057
f 4971 4972 5057
f 4972 4880 4973
f 5056 5057 5132
f 4973 4880 4974
f 4880 4881 4974
f 4974 4881 4975
f 4881 4882 4975
f 4149 4150 4188
f 4221 4188 4222
f 4221 4222 4295
f 4222 4188 4223
f 4188 4189 4223
f 4188 4150 4189
f 4559 4371 4560
f 4559 4560 4669
f 4371 4372 4560
f 4295 4296 4372
f 4222 4223 4295
f 4223 4224 4295
f 4295 4224 4296
f 4372 4296 4373
f 4372 4373 4560
f 4769 4669 4770
f 4767 4768 4862
f 4862 4768 4863
f 4768 4769 4863
f 4863 4769 4864
f 4769 4770 4864
f 4669 4670 4770
f 4669 4560 4670
f 4862 4863 4959
f 4861 4862 4958
f 4958 4862 4959
f 4150 4115 4151
f 4115 4116 4151
f 4189 4150 4190
f 4150 4151 4190
f 4957 4861 4958
f 4957 4958 5047
f 4135 4136 4173
f 4134 4104 4135
f 4104 4105 4135
f 4134 4135 4173
f 4104 4082 4105
f 4082 4083 4105
f 4084 4083 4090
f 4083 4082 4090
f 4089 4084 4090
f 4089 4090 4116
f 4151 4116 4153
f 4116 4117 4153
f 4116 4090 4117
f 4171 4134 4172
f 4172 4134 4173
f 4881 4783 4882
f 4783 4784 4882
f 4784 4785 4882
f 4783 4687 4784
f 4687 4688 4784
f 4688 4689 4784
f 4688 4576 4689
f 4575 4576 4688
f 4198 4164 4199
f 4164 4165 4199
f 4165 4167 4199
f 4166 4167 4168
f 4167 4165 4168
f 4168 4165 4169
f 4165 4132 4169
f 4169 4132 4170
f 4170 4132 4171
f 4132 4133 4171
f 4133 4134 4171
f 5169 5170 5240
f 5167 5169 5240
f 5167 5168 5169
f 5168 5089 5169
f 5293 5294 5389
f 5389 5294 5390
f 5388 5389 5481
f 5389 5390 5481
f 5569 5478 5570
f 5478 5479 5570
f 5570 5479 5571
f 5479 5480 5571
f 5479 5388 5480
f 5480 5388 5481
f 5293 5225 5294
f 5294 5225 5295
f 5227 5228 5296
f 5296 5228 5297
f 5294 5295 5391
f 5391 5295 5392
f 5295 5296 5392
f 5296 5297 5392
f 5228 5227 5229
f 5227 5157 5229
f 5276 5275 5277
f 5275 5200 5277
f 5200 5201 5277
f 5201 5202 5277
f 5277 5202 5
f 5 5202 4
f 4 5207 5
f 4 5 6
f 6 5 4
f 5466 5467 5560
f 5466 5376 5467
f 5374 5375 5376
f 5374 5376 5465
f 5465 5376 5466
f 5276 5375 5374
f 5274 5275 5276
f 5274 5276 5374
f 5637 5638 5715
f 5715 5638 5716
f 5715 5716 5819
f 5819 5716 5820
f 5716 5717 5820
f 5637 5559 5638
f 5559 5560 5638
f 5718 5717 5719
f 5717 5718 5820
f 5559 5466 5560
f 5718 5719 5822
f 5719 5720 5822
f 5646 5644 5647
f 5644 5569 5647
f 5720 5643 5721
f 5721 5643 5722
f 5722 5643 5723
f 5643 5644 5723
f 5644 5646 5723
f 5720 5721 5822
f 5569 5570 5647
f 4460 4438 4461
f 4519 4518 4520
f 4518 4488 4520
f 4488 4489 4520
f 4519 4520 4632
f 4488 4458 4489
f 4458 4459 4489
f 4458 4437 4459
f 4459 4437 4460
f 5010 5011 5088
f 5088 5011 5089
f 5010 4917 5011
f 5088 5089 5167
f 5089 5168 5167
f 4826 4827 4915
f 4916 4915 4917
f 4915 4827 4917
f 4916 4917 5010
f 4825 4826 4915
f 4825 4823 4826
f 4823 4732 4826
f 4732 4733 4826
f 4732 4632 4733
f 4631 4632 4732
f 4631 4519 4632
f 5308 5240 5309
f 5239 5167 5240
f 5239 5240 5308
f 5488 5398 5489
f 5488 5489 5576
f 5576 5489 5577
f 5489 5490 5577
f 5397 5398 5488
f 5397 5306 5398
f 5306 5307 5398
f 5398 5307 5399
f 5307 5308 5399
f 5307 5239 5308
f 5576 5577 5650
f 5650 5577 5651
f 5650 5651 5727
f 5727 5651 5728
f 5651 5652 5728
f 5830 5730 5831
f 5730 5731 5831
f 5828 5829 5903
f 5829 5830 5903
f 5828 5727 5829
f 5727 5728 5829
f 5830 5831 5903
f 5732 5731 5733
f 5733 5731 5734
f 5731 5732 5831
f 5733 5734 5834
f 5734 5735 5834
f 5735 5835 5834
f 5835 5735 5838
f 5735 5736 5838
f 5737 5736 5738
f 5736 5737 5838
f 5737 5738 5841
f 5840 5737 5841
f 5840 5841 5912
f 5841 5842 5912
f 5912 5842 5913
f 5912 5913 5972
f 5913 5914 5972
f 5696 5697 5799
f 5614 5536 5615
f 5536 5537 5615
f 5537 5538 5615
f 5614 5615 5695
f 5695 5615 5696
f 5695 5696 5799
f 5537 5445 5538
f 5538 5445 5539
f 5445 5446 5539
f 5445 5444 5446
f 5444 5356 5446
f 5697 5618 5698
f 5799 5697 5800
f 5697 5698 5800
f 5800 5698 5801
f 5698 5699 5801
f 5699 5700 5801
f 5621 5623 5700
f 5700 5623 5701
f 5801 5700 5805
f 5700 5701 5805
f 5548 5622 5621
f 5621 5622 5623
f 5548 5549 5628
f 5622 5548 5625
f 5548 5626 5625
f 5626 5548 5628
f 5549 5550 5628
f 5455 5456 5549
f 5549 5456 5550
f 5455 5362 5456
f 5189 5190 5262
f 5262 5190 5263
f 5263 5264 5362
f 5263 5190 5264
f 5362 5264 5363
f 5362 5363 5456
f 5354 5355 5444
f 5355 5356 5444
f 5345 5256 5350
f 5350 5256 5351
f 5257 5256 5258
f 5256 5257 5351
f 5348 5345 5349
f 5349 5345 5350
f 5914 5916 5973
f 5972 5914 5973
f 5914 5915 5916
f 5974 5917 5975
f 5916 5917 5974
f 5917 5918 5975
f 5916 5915 5917
f 5918 5849 5919
f 5918 5919 5976
f 5975 5918 5976
f 5605 5606 5673
f 5606 5607 5673
f 5673 5607 5674
f 5749 5673 5750
f 5673 5674 5750
f 5674 5675 5750
f 5675 5677 5750
f 5750 5677 5751
f 5677 5678 5751
f 5678 5679 5751
f 5751 5679 5752
f 5679 5753 5752
f 5752 5753 5754
f 5754 5755 5849
f 5754 5753 5755
f 5849 5850 5919
f 5849 5755 5850
f 5348 5349 5440
f 5440 5349 5441
f 5535 5440 5536
f 5440 5441 5536
f 5534 5535 5614
f 5535 5536 5614
f 5534 810 5535
f 810 812 5535
f 813 795 5520
f 5520 795 5521
f 5603 5520 5604
f 5520 5521 5604
f 795 813 812
f 810 811 812
f 811 809 812
f 809 793 812
f 793 795 812
f 5521 5522 5604
f 5522 5523 5604
f 5604 5523 5605
f 5605 5523 5606
f 5041 4953 5042
f 5040 5041 5115
f 5041 5042 5115
f 5042 4953 5044
f 4953 4952 5044
f 5114 5040 5115
f 5190 5114 5191
f 5191 5114 5192
f 5114 5115 5192
f 5264 5190 5265
f 5190 5191 5265
f 5046 5047 5120
f 5047 5048 5120
f 5046 5044 5047
f 5044 4952 5047
f 5047 4958 5048
f 2111 2060 2112
f 2060 2061 2112
f 2060 2003 2061
f 2003 2004 2061
f 2003 1947 2004
f 1947 1948 2004
f 1948 1949 2004
f 2004 1949 2005
f 1949 1950 2005
f 2005 1950 2006
f 1950 1951 2006
f 1951 1952 2006
f 2008 2006 2009
f 2006 1952 2009
f 2007 2008 2009
f 2013 1955 2014
f 2012 1955 2013
f 1955 1956 2014
f 1956 1957 2014
f 2014 1957 2015
f 1957 1958 2015
f 1958 1959 2015
f 2015 1959 2016
f 2009 1952 2010
f 1952 1953 2010
f 1953 1954 2010
f 2010 1954 2011
f 2011 1954 2012
f 1954 1955 2012
f 2017 2016 2018
f 2016 1959 2018
f 1959 1960 2018
f 1960 1961 2018
f 1961 1962 2018
f 1962 2019 2018
f 2018 2019 2020
f 2020 2019 2021
f 2019 1962 2021
f 1962 1963 2021
f 1963 1964 2021
f 2021 1964 2022
f 2022 1964 2023
f 1964 1965 2023
f 1965 1966 2023
f 2023 1966 2024
f 1966 1967 2024
f 1967 1968 2024
f 2024 1968 2025
f 1968 1969 2025
f 1969 1970 2025
f 2025 1970 2026
f 1970 1971 2026
f 2026 1971 2027
f 2027 1971 2028
f 1971 1972 2028
f 2028 1972 2029
f 1972 1973 2029
f 1973 1974 2029
f 2029 1974 2030
f 2030 1974 2031
f 2031 1975 2032
f 1974 1975 2031
f 1975 1976 2032
f 1976 1977 2032
f 2032 1977 2033
f 2033 1977 2034
f 2034 1977 2035
f 1977 1978 2035
f 1978 1979 2035
f 1979 1980 2035
f 1980 1981 2035
f 2035 1981 2036
f 2036 1981 2037
f 2037 1981 2038
f 2038 1981 2039
f 1981 1982 2039
f 1982 1983 2039
f 1983 1984 2039
f 2039 1984 2040
f 1984 1985 2040
f 2040 1985 2041
f 1985 1986 2041
f 1986 1987 2041
f 2041 1987 2042
f 1987 1988 2042
f 1988 1989 2042
f 2042 1989 2043
f 2043 1989 2044
f 1989 1990 2044
f 1990 1991 2044
f 2044 1991 2045
f 1991 2046 2045
f 2045 2046 2047
f 2047 2046 2048
f 2046 1991 2048
f 1991 1992 2048
f 1992 1993 2048
f 2048 1993 2049
f 1993 1994 2049
f 2049 1994 2050
f 1994 1995 2050
f 2050 1995 2051
f 2051 1995 2052
f 1995 1996 2052
f 1996 1997 2052
f 2052 1997 2053
f 2053 1997 2054
f 1997 1998 2054
f 1998 1999 2054
f 2054 1999 2055
f 2055 1999 2056
f 2056 1999 2057
f 2057 2058 2109
f 1999 2000 2057
f 2057 2000 2058
f 2108 2057 2109
f 2058 2059 2109
f 2110 2109 2111
f 2109 2059 2111
f 2059 2060 2111
f 5206 5207 4
f 5206 5132 5207
f 5131 5056 5132
f 5131 5132 5206
f 4878 4781 4879
f 4781 4782 4879
f 4879 4782 4880
f 4970 4969 4971
f 4969 4877 4971
f 4877 4878 4971
f 4878 4879 4971
f 4782 4783 4880
f 4880 4783 4881
f 5055 4967 5056
f 4967 4968 5056
f 4968 4969 5056
f 4969 4970 5056
f 5055 5056 5131
f 4189 4190 4223
f 4190 4191 4223
f 4223 4191 4224
f 4560 4373 4561
f 4560 4561 4670
f 4296 4297 4373
f 4224 4225 4296
f 4225 4226 4296
f 4296 4226 4297
f 4224 4191 4225
f 4297 4298 4373
f 4373 4298 4374
f 4373 4374 4561
f 4670 4671 4770
f 4671 4672 4770
f 4770 4672 4771
f 4770 4771 4864
f 4959 4863 4960
f 4863 4864 4960
f 4864 4865 4960
f 4771 4772 4864
f 4864 4772 4865
f 4561 4562 4670
f 4670 4562 4671
f 4958 4959 5049
f 4959 4960 5049
f 5048 4958 5049
f 4152 4151 4153
f 4151 4152 4190
f 4152 4153 4190
f 4190 4153 4191
f 4103 4081 4104
f 4081 4082 4104
f 4133 4103 4134
f 4103 4104 4134
f 4081 4080 4082
f 4082 4080 4090
f 4117 4090 4118
f 4090 4091 4118
f 4090 4080 4091
f 4153 4154 4191
f 4153 4117 4154
f 4117 4118 4154
f 4782 4686 4783
f 4686 4687 4783
f 4686 4573 4687
f 4573 4574 4687
f 4687 4574 4688
f 4574 4575 4688
f 4163 4130 4164
f 4130 4131 4164
f 4131 4132 4164
f 4164 4132 4165
f 4132 4131 4133
f 4131 4129 4133
f 4129 4101 4133
f 4101 4103 4133
f 5166 5167 5239
f 5166 5088 5167
f 5390 5294 5391
f 5481 5390 5482
f 5482 5390 5483
f 5390 5391 5483
f 5480 5481 5572
f 5481 5482 5572
f 5570 5571 5647
f 5571 5480 5572
f 5571 5572 5647
f 5297 5228 5298
f 5228 5229 5298
f 5297 5298 5392
f 5391 5392 5483
f 5298 5299 5392
f 5392 5299 5393
f 5483 5392 5484
f 5392 5393 5484
f 5200 5275 5274
f 5199 5200 5272
f 5272 5200 5274
f 5200 5199 5201
f 5199 5124 5201
f 5202 5201 5203
f 5201 5124 5203
f 5202 5203 4
f 5204 5205 4
f 5203 5204 4
f 5205 5206 4
f 5465 5466 5558
f 5558 5466 5559
f 5373 5374 5465
f 5373 5274 5374
f 5464 5465 5558
f 5464 5373 5465
f 5273 5272 5274
f 5273 5274 5373
f 5714 5636 5715
f 5636 5637 5715
f 5714 5715 5819
f 5636 5635 5637
f 5635 5556 5637
f 5556 5557 5637
f 5557 5558 5637
f 5558 5559 5637
f 5818 5714 5819
f 5818 5819 5894
f 5894 5819 5895
f 5819 5820 5895
f 5820 5718 5821
f 5895 5820 5896
f 5820 5821 5896
f 5821 5718 5822
f 5822 5721 5823
f 5821 5822 5897
f 5822 5823 5897
f 5645 5646 5647
f 5647 5572 5648
f 5646 5645 5723
f 5645 5647 5726
f 5647 5648 5726
f 5721 5722 5823
f 5823 5722 5824
f 5722 5723 5824
f 5723 5645 5724
f 5723 5724 5824
f 4518 4519 4630
f 4630 4519 4631
f 5087 5009 5088
f 5009 5010 5088
f 5009 5007 5010
f 5007 4916 5010
f 5087 5088 5166
f 4914 4825 4915
f 4914 4915 5006
f 4915 4916 5006
f 5006 4916 5007
f 4824 4825 4914
f 4824 4823 4825
f 4822 4731 4823
f 4731 4732 4823
f 4822 4823 4912
f 4823 4824 4912
f 4731 4631 4732
f 5238 5166 5239
f 5238 5239 5305
f 5305 5239 5307
f 5396 5397 5488
f 5486 5488 5575
f 5575 5488 5576
f 5486 5487 5488
f 5487 5396 5488
f 5575 5576 5650
f 5396 5303 5397
f 5303 5304 5397
f 5304 5305 5397
f 5305 5306 5397
f 5306 5305 5307
f 5649 5648 5650
f 5648 5575 5650
f 5649 5650 5727
f 5726 5727 5826
f 5826 5727 5827
f 5827 5727 5828
f 5726 5649 5727
f 5831 5732 5832
f 5831 5832 5903
f 5903 5832 5904
f 5902 5903 5966
f 5903 5904 5966
f 5827 5828 5902
f 5902 5828 5903
f 5832 5732 5833
f 5732 5733 5833
f 5833 5733 5834
f 5833 5834 5905
f 5834 5835 5836
f 5905 5834 5906
f 5834 5836 5906
f 5836 5835 5838
f 5837 5838 5908
f 5837 5836 5838
f 5839 5838 5840
f 5838 5737 5840
f 5838 5839 5908
f 5839 5840 5912
f 5911 5912 5971
f 5971 5912 5972
f 5911 5909 5912
f 5909 5839 5912
f 5971 5972 6038
f 5972 5973 6038
f 5798 5799 5873
f 5799 5800 5873
f 5798 5695 5799
f 5613 5534 5614
f 5536 5441 5537
f 5613 5614 5695
f 5441 5442 5537
f 5442 5443 5537
f 5443 5444 5537
f 5444 5445 5537
f 5694 5613 5695
f 5694 5695 5798
f 5443 5354 5444
f 5873 5800 5874
f 5800 5801 5874
f 5801 5802 5803
f 5802 5801 5804
f 5804 5801 5805
f 5801 5803 5874
f 5701 5623 5702
f 5702 5623 5703
f 5623 5624 5703
f 5623 5622 5624
f 5701 5702 5805
f 5805 5702 5806
f 5804 5805 5877
f 5877 5805 5878
f 5805 5806 5878
f 5624 5622 5625
f 5628 5550 5629
f 5627 5628 5706
f 5628 5629 5706
f 5627 5626 5628
f 5624 5625 5705
f 5625 5627 5705
f 5625 5626 5627
f 5550 5551 5629
f 5550 5456 5551
f 5363 5364 5456
f 5364 5365 5456
f 5456 5365 5457
f 5456 5457 5551
f 5264 5265 5363
f 5363 5265 5364
f 5349 5350 5441
f 5350 5351 5441
f 5351 5257 5352
f 5441 5351 5442
f 5351 5352 5442
f 5352 5257 5353
f 5973 5974 6038
f 5973 5916 5974
f 5974 5975 6038
f 6038 5975 6039
f 5975 5976 6039
f 5850 5851 5919
f 5851 5852 5919
f 5852 5853 5919
f 5919 5853 5920
f 5976 5919 5977
f 5919 5920 5977
f 5976 5977 6039
f 5523 5524 5606
f 5606 5524 5607
f 5607 5608 5674
f 5524 5525 5607
f 5525 5526 5607
f 5607 5526 5608
f 5674 5608 5675
f 5608 5609 5675
f 5609 5676 5675
f 5675 5676 5677
f 5676 777 5677
f 777 759 5677
f 5677 759 5678
f 759 760 5678
f 5678 760 5679
f 760 761 5679
f 5679 761 5680
f 5753 5679 5755
f 5679 5680 5755
f 5755 5756 5850
f 5755 5680 5756
f 5850 5756 5851
f 5533 5534 5613
f 5533 811 5534
f 811 810 5534
f 795 796 5521
f 791 792 795
f 793 794 795
f 794 791 795
f 795 792 796
f 796 798 5521
f 5521 798 5522
f 809 811 5533
f 808 809 5532
f 5532 809 5533
f 808 807 809
f 807 794 809
f 794 793 809
f 5522 798 5523
f 5523 798 5524
f 3959 3960 3963
f 5043 5042 5044
f 5115 5042 5116
f 5042 5043 5116
f 5115 5116 5192
f 5043 5044 5118
f 5044 5045 5118
f 5045 5044 5046
f 5191 5192 5265
f 5192 5116 5193
f 5192 5193 5265
f 5265 5266 5364
f 5265 5193 5266
f 5045 5046 5119
f 5119 5046 5120
f 5120 5048 5121
f 5119 5120 5197
f 5120 5121 5197
f 5048 5049 5121
f 2059 2003 2060
f 2002 1946 2003
f 1946 1947 2003
f 2002 2003 2058
f 2058 2003 2059
f 1946 1904 1947
f 1947 1904 1948
f 1904 1905 1948
f 1905 1906 1948
f 1949 1948 1950
f 1950 1948 1951
f 1948 1906 1951
f 1952 1951 1953
f 1951 1906 1953
f 1955 1910 1956
f 1909 1910 1955
f 1954 1909 1955
f 1912 1913 1956
f 1913 1916 1956
f 1957 1956 1958
f 1911 1912 1956
f 1910 1911 1956
f 1956 1916 1958
f 1916 1917 1958
f 1958 1917 1959
f 1917 1918 1959
f 1959 1918 1960
f 1906 1907 1953
f 1953 1907 1954
f 1907 1908 1954
f 1908 1909 1954
f 1918 1919 1960
f 1919 1920 1960
f 1920 1921 1960
f 1960 1921 1961
f 1921 1922 1961
f 1922 1924 1961
f 1961 1924 1962
f 1924 1923 1962
f 1962 1923 1963
f 1923 1925 1963
f 1925 1926 1963
f 1926 1930 1963
f 1963 1930 1964
f 1964 1930 1965
f 1930 1927 1965
f 1927 1282 1965
f 1965 1282 1966
f 1966 1282 1967
f 1282 1256 1967
f 1256 1257 1967
f 1967 1257 1968
f 1968 1257 1969
f 1257 1258 1969
f 1258 1259 1969
f 1259 1260 1969
f 1260 1261 1969
f 1969 1261 1970
f 1970 1261 1971
f 1261 1262 1971
f 1972 1971 1973
f 1971 1262 1973
f 1262 1263 1973
f 1973 1263 1974
f 1263 1264 1974
f 1974 1264 1975
f 1975 1264 1976
f 1264 1265 1976
f 1976 1265 1977
f 1977 1265 1978
f 1265 1266 1978
f 1978 1266 1979
f 1266 1267 1979
f 1267 1268 1979
f 1268 1269 1979
f 1269 1270 1979
f 1979 1270 1980
f 1981 1980 1982
f 1980 1270 1982
f 1982 1270 1983
f 1270 1271 1983
f 1983 1271 1984
f 1984 1271 1985
f 1271 1272 1985
f 1985 1272 1986
f 1272 1273 1986
f 1273 1274 1986
f 1986 1274 1987
f 1274 1275 1987
f 1987 1275 1988
f 1276 1277 1988
f 1277 1279 1988
f 1279 1280 1988
f 1988 1280 1989
f 1275 1276 1988
f 1990 1989 1991
f 1989 1280 1991
f 1280 1281 1991
f 1281 1282 1991
f 1282 1928 1991
f 1991 1928 1992
f 1928 1929 1992
f 1929 1931 1992
f 1992 1931 1993
f 1931 1932 1993
f 1993 1932 1994
f 1932 1933 1994
f 1933 1934 1994
f 1994 1934 1995
f 1934 1935 1995
f 1995 1935 1996
f 1935 1936 1996
f 1936 1937 1996
f 1937 1938 1996
f 1996 1938 1997
f 1997 1938 1998
f 1938 1939 1998
f 1939 1940 1998
f 1998 1940 1999
f 1940 1941 1999
f 1999 1941 2000
f 2000 2001 2058
f 2001 2002 2058
f 2000 1943 2001
f 1941 1942 2000
f 1942 1943 2000
f 5205 5130 5206
f 5130 5131 5206
f 5130 5055 5131
f 4877 4876 4878
f 4876 4779 4878
f 4779 4780 4878
f 4780 4781 4878
f 4780 4685 4781
f 4781 4685 4782
f 4685 4686 4782
f 4968 4877 4969
f 4876 4877 4968
f 5054 4966 5055
f 4966 4967 5055
f 4966 4873 4967
f 4967 4873 4968
f 5054 5055 5129
f 5129 5055 5130
f 4873 4875 4968
f 4875 4876 4968
f 4154 4155 4191
f 4191 4155 4192
f 4191 4192 4225
f 4561 4374 4562
f 4226 4227 4297
f 4297 4227 4298
f 4192 4193 4225
f 4225 4193 4226
f 4193 4194 4226
f 4194 4195 4226
f 4226 4195 4227
f 4301 4298 4302
f 4298 4228 4302
f 4298 4300 4374
f 4227 4228 4298
f 4300 4298 4301
f 4374 4300 4375
f 4374 4375 4562
f 4562 4563 4671
f 4671 4563 4672
f 4672 4673 4771
f 4672 4563 4673
f 4771 4673 4772
f 4865 4867 4960
f 4960 4867 4961
f 4960 4961 5049
f 4772 4866 4865
f 4865 4866 4867
f 4673 4674 4772
f 4772 4674 4773
f 4866 4772 4869
f 4772 4773 4869
f 4562 4375 4563
f 5121 5049 5122
f 5049 5050 5122
f 5049 4961 5050
f 4079 4080 4081
f 4101 4102 4103
f 4102 4079 4103
f 4079 4081 4103
f 4080 4079 4091
f 4091 4092 4118
f 4118 4092 4119
f 4154 4118 4156
f 4118 4119 4156
f 4092 4091 4093
f 4091 4079 4093
f 4155 4154 4156
f 4685 4573 4686
f 4572 4573 4685
f 4130 4129 4131
f 4127 4128 4163
f 4128 4129 4163
f 4129 4130 4163
f 4128 4100 4129
f 4100 4101 4129
f 4100 4078 4101
f 4078 4079 4101
f 4079 4102 4101
f 5165 5166 5238
f 5165 5087 5166
f 5572 5482 5573
f 5482 5483 5573
f 5483 5484 5573
f 5572 5573 5648
f 5230 5231 5298
f 5298 5231 5299
f 5299 5231 5300
f 5299 5300 5393
f 5300 5301 5393
f 5394 5393 5395
f 5393 5301 5395
f 5393 5394 5484
f 5484 5485 5573
f 5485 5484 5486
f 5484 5394 5486
f 5198 5199 5270
f 5270 5199 5271
f 5271 5199 5272
f 5198 5124 5199
f 5271 5272 5370
f 5272 5273 5370
f 5124 5125 5126
f 5125 5124 5198
f 5124 5126 5203
f 5203 5126 5204
f 5127 5128 5205
f 5204 5126 5205
f 5126 5127 5205
f 5128 5129 5205
f 5129 5130 5205
f 5557 5464 5558
f 5372 5373 5462
f 5462 5373 5463
f 5463 5373 5464
f 5372 5371 5373
f 5371 5273 5373
f 5463 5464 5557
f 5273 5371 5370
f 5635 5636 5714
f 5713 5714 5817
f 5817 5714 5818
f 5713 5712 5714
f 5712 5635 5714
f 5634 5555 5635
f 5555 5556 5635
f 5634 5635 5712
f 5461 5462 5556
f 5556 5462 5557
f 5554 5461 5556
f 5555 5554 5556
f 5462 5463 5557
f 5817 5818 5892
f 5892 5818 5893
f 5893 5818 5894
f 5893 5894 5956
f 5894 5957 5956
f 5957 5894 5961
f 5894 5895 5961
f 5895 5896 5961
f 5896 5821 5897
f 5961 5896 5962
f 5896 5897 5962
f 5897 5823 5898
f 5823 5824 5898
f 5962 5897 5963
f 5963 5897 5964
f 5897 5898 5964
f 5724 5645 5726
f 5648 5649 5726
f 5573 5574 5648
f 5574 5575 5648
f 5725 5726 5826
f 5725 5724 5726
f 5898 5824 5899
f 5724 5725 5824
f 5824 5725 5825
f 5824 5825 5899
f 5008 5009 5086
f 5086 5009 5087
f 5008 5007 5009
f 5086 5087 5165
f 5006 5007 5086
f 5007 5008 5086
f 4913 4824 4914
f 4913 4914 5005
f 5005 4914 5006
f 5005 5006 5086
f 4912 4824 4913
f 4912 4913 5002
f 5237 5165 5238
f 5237 5238 5304
f 5304 5238 5305
f 5395 5302 5396
f 5302 5303 5396
f 5395 5396 5486
f 5396 5487 5486
f 5485 5486 5574
f 5574 5486 5575
f 5394 5395 5486
f 5302 5235 5303
f 5235 5236 5303
f 5236 5237 5303
f 5303 5237 5304
f 5825 5826 5900
f 5826 5827 5900
f 5825 5725 5826
f 5900 5827 5901
f 5901 5827 5902
f 5904 5832 5905
f 5832 5833 5905
f 5966 5904 5967
f 5904 5905 5967
f 5965 5901 5966
f 5901 5902 5966
f 5965 5966 6032
f 5966 5967 6032
f 5905 5906 5967
f 5906 5836 5907
f 5836 5837 5907
f 5967 5906 5968
f 5906 5907 5968
f 5907 5837 5908
f 5839 5909 5908
f 5908 5909 5910
f 5907 5908 5969
f 5969 5908 5970
f 5908 5910 5970
f 5970 5971 6037
f 6037 5971 6038
f 5910 5909 5911
f 5910 5911 5971
f 5970 5910 5971
f 6037 6038 6104
f 6038 6039 6104
f 5797 5798 5871
f 5872 5871 5873
f 5871 5798 5873
f 5872 5873 5939
f 5873 5874 5939
f 5797 5693 5798
f 5693 5694 5798
f 5612 5613 5694
f 5612 5532 5613
f 5532 5533 5613
f 5442 5352 5443
f 5352 5353 5443
f 5693 5610 5694
f 5610 5611 5694
f 5611 5612 5694
f 5874 5803 5875
f 5874 5875 5939
f 5803 5802 5804
f 5875 5803 5876
f 5876 5803 5877
f 5803 5804 5877
f 5806 5702 5807
f 5702 5703 5807
f 5704 5703 5705
f 5703 5624 5705
f 5807 5703 5808
f 5703 5809 5808
f 5809 5703 5812
f 5703 5704 5812
f 5806 5807 5878
f 5876 5877 5943
f 5877 5878 5943
f 5878 5807 5879
f 5878 5879 5943
f 5629 5551 5630
f 5629 5630 5706
f 5705 5627 5706
f 5630 5631 5706
f 5631 5632 5706
f 5706 5632 5707
f 5705 5706 5812
f 5706 5707 5812
f 5704 5705 5812
f 5551 5552 5630
f 5457 5458 5551
f 5551 5458 5552
f 5364 5266 5365
f 5365 5366 5457
f 5266 5267 5365
f 5365 5267 5366
f 5366 5367 5457
f 5457 5367 5458
f 6039 5977 6040
f 6039 6040 6104
f 5851 5756 5852
f 5756 5757 5852
f 5757 5758 5852
f 5758 5759 5852
f 5852 5759 5853
f 5759 5760 5853
f 5760 5762 5853
f 5762 5763 5853
f 5853 5763 5854
f 5853 5854 5920
f 5920 5854 5921
f 5977 5920 5978
f 5920 5921 5978
f 5977 5978 6040
f 798 797 5524
f 5524 797 5525
f 5526 5527 5608
f 5527 5528 5608
f 5528 5529 5608
f 5608 5529 5609
f 797 799 5525
f 799 800 5525
f 800 801 5525
f 5525 801 5526
f 801 802 5526
f 5526 802 5527
f 5676 5609 5693
f 5609 5529 5610
f 5609 5610 5693
f 777 5676 5693
f 776 775 777
f 775 758 777
f 758 759 777
f 776 777 5693
f 758 740 759
f 740 741 759
f 759 741 760
f 741 742 760
f 761 760 762
f 760 742 762
f 761 762 5680
f 5680 5681 5756
f 5680 762 5681
f 5681 5682 5756
f 5756 5682 5757
f 798 796 799
f 796 792 799
f 790 788 791
f 788 787 791
f 787 786 791
f 786 779 791
f 792 778 799
f 790 791 807
f 791 794 807
f 797 798 799
f 807 808 5531
f 5531 808 5532
f 5531 5532 5612
f 806 807 5531
f 806 790 807
f 3943 3944 3957
f 3957 3944 3958
f 3944 3945 3958
f 3945 3947 3958
f 3958 3947 3959
f 3947 3948 3959
f 3948 3949 3959
f 3949 3950 3959
f 3959 3950 3960
f 3950 3951 3960
f 3960 3951 3961
f 3951 3952 3961
f 3952 3953 3962
f 3953 3954 3962
f 3954 3955 3962
f 3955 3956 3962
f 5117 5043 5118
f 5116 5043 5117
f 5116 5117 5193
f 5118 5045 5119
f 5117 5118 5194
f 5118 5119 5194
f 5193 5117 5194
f 5266 5193 5267
f 5193 5194 5267
f 5194 5119 5195
f 5195 5119 5196
f 5196 5119 5197
f 5121 5122 5197
f 5122 5123 5197
f 5123 5125 5197
f 5197 5125 5198
f 5196 5197 5268
f 5197 5198 5268
f 2001 1944 2002
f 1944 1945 2002
f 1945 1946 2002
f 1945 1904 1946
f 1903 1904 1945
f 1904 1903 1905
f 1905 1903 1906
f 1903 1861 1906
f 1906 1861 1907
f 1910 1865 1911
f 1909 1864 1910
f 1864 1865 1910
f 1908 1864 1909
f 1867 1868 1912
f 1868 1869 1912
f 1912 1869 1913
f 1869 1870 1913
f 1870 1914 1913
f 1914 1915 1913
f 1913 1915 1916
f 1911 1866 1912
f 1866 1867 1912
f 1916 1915 1917
f 1865 1866 1911
f 1918 1917 1919
f 1917 1915 1919
f 1907 1861 1908
f 1861 1863 1908
f 1863 1864 1908
f 1915 1914 1919
f 1919 1914 1920
f 1914 1870 1920
f 1870 1871 1920
f 1871 1872 1920
f 1872 1873 1920
f 1873 1874 1920
f 1874 1875 1920
f 1920 1875 1921
f 1921 1875 1922
f 1875 1876 1922
f 1876 1877 1922
f 1877 1878 1922
f 1878 1879 1922
f 1879 1880 1922
f 1924 1922 1925
f 1922 1880 1925
f 1923 1924 1925
f 1880 1881 1925
f 1925 1881 1926
f 1930 1926 1929
f 1926 1881 1929
f 1927 1930 1929
f 1282 1927 1928
f 1928 1927 1929
f 1281 1278 1282
f 1278 1255 1282
f 1255 1256 1282
f 1256 1255 1257
f 1257 1255 1258
f 1255 1235 1258
f 1258 1235 1259
f 1235 1236 1259
f 1236 1237 1259
f 1237 1238 1259
f 1259 1238 1260
f 1260 1238 1261
f 1238 1239 1261
f 1261 1239 1262
f 1239 1240 1262
f 1262 1240 1263
f 1240 1241 1263
f 1263 1241 1264
f 1241 1242 1264
f 1264 1242 1265
f 1265 1242 1266
f 1242 1243 1266
f 1266 1243 1267
f 1243 1244 1267
f 1244 1245 1267
f 1245 1246 1267
f 1246 1247 1267
f 1247 1248 1267
f 1267 1248 1268
f 1268 1248 1269
f 1270 1269 1271
f 1269 1248 1271
f 1248 1249 1271
f 1271 1249 1272
f 1272 1250 1273
f 1249 1250 1272
f 1250 1251 1273
f 1273 1251 1274
f 1251 1252 1274
f 1252 1252 1274
f 1252 1253 1274
f 1275 1274 1276
f 1274 1253 1276
f 1253 1254 1276
f 1276 1254 1277
f 1254 1255 1277
f 1255 1278 1277
f 1277 1278 1279
f 1279 1278 1280
f 1280 1278 1281
f 1881 1882 1929
f 1929 1882 1931
f 1882 1883 1931
f 1931 1883 1932
f 1883 1884 1932
f 1884 1885 1932
f 1885 1886 1932
f 1932 1886 1933
f 1886 1887 1933
f 1887 1888 1933
f 1934 1933 1935
f 1933 1888 1935
f 1888 1889 1935
f 1889 1890 1935
f 1935 1890 1936
f 1890 1891 1936
f 1891 1892 1936
f 1892 1893 1936
f 1936 1893 1937
f 1894 1895 1937
f 1893 1894 1937
f 1937 1895 1938
f 1938 1895 1939
f 1939 1896 1940
f 1895 1896 1939
f 1896 1897 1940
f 1941 1940 1942
f 1940 1897 1942
f 1943 1944 2001
f 1942 1898 1943
f 1898 1899 1943
f 1899 1900 1943
f 1943 1900 1944
f 1897 1898 1942
f 4777 4778 4876
f 4778 4779 4876
f 4875 4777 4876
f 4778 4682 4779
f 4779 4682 4780
f 4682 4683 4780
f 4683 4684 4780
f 4684 4685 4780
f 4684 4683 4685
f 4683 4571 4685
f 4571 4572 4685
f 5053 4963 5054
f 4963 4964 5054
f 4964 4965 5054
f 4965 4966 5054
f 4965 4874 4966
f 4874 4873 4966
f 5053 5054 5129
f 4873 4874 4875
f 5128 5053 5129
f 4874 4872 4875
f 4872 4777 4875
f 4155 4156 4192
f 4156 4157 4192
f 4157 4158 4192
f 4192 4158 4193
f 4227 4195 4228
f 4158 4159 4193
f 4193 4159 4194
f 4159 4160 4194
f 4160 4161 4194
f 4194 4161 4195
f 4161 4162 4195
f 4195 4162 4196
f 4195 4196 4228
f 4228 4229 4302
f 4229 4230 4302
f 4302 4230 4303
f 4299 4301 4377
f 4377 4301 4378
f 4301 4302 4378
f 4302 4303 4378
f 4299 4300 4301
f 4228 4196 4229
f 4300 4299 4375
f 4376 4375 4377
f 4375 4299 4377
f 4375 4376 4563
f 4563 4564 4673
f 4563 4376 4564
f 4673 4564 4674
f 4961 4867 4962
f 4962 4867 4963
f 4963 4867 4964
f 4867 4868 4964
f 4867 4866 4868
f 4961 4962 5050
f 4868 4866 4869
f 4773 4674 4774
f 4674 4675 4774
f 4674 4564 4675
f 4869 4773 4870
f 4773 4774 4870
f 4868 4869 4965
f 4869 4870 4965
f 5050 5051 5122
f 5122 5051 5123
f 5050 4962 5051
f 4079 4078 4093
f 4092 4093 4119
f 4120 4119 4121
f 4119 4093 4121
f 4156 4119 4157
f 4119 4120 4157
f 4093 4094 4121
f 4078 4076 4093
f 4076 4068 4093
f 4093 4068 4094
f 4097 4098 4127
f 4127 4098 4128
f 4098 4099 4128
f 4099 4100 4128
f 4099 4077 4100
f 4077 4078 4100
f 4077 4076 4078
f 5164 5165 5236
f 5236 5165 5237
f 5164 5086 5165
f 5573 5485 5574
f 5231 5232 5300
f 5232 5233 5300
f 5300 5233 5301
f 5233 5234 5301
f 5301 5234 5302
f 5301 5302 5395
f 5232 5158 5233
f 5269 5268 5270
f 5268 5198 5270
f 5269 5270 5369
f 5369 5270 5370
f 5270 5271 5370
f 5369 5370 5460
f 5370 5372 5460
f 5370 5371 5372
f 5125 5123 5126
f 5126 5123 5127
f 5123 5051 5127
f 5051 5052 5127
f 5052 5053 5127
f 5127 5053 5128
f 5461 5460 5462
f 5460 5372 5462
f 5712 5713 5816
f 5816 5713 5817
f 5816 5817 5890
f 5890 5817 5891
f 5891 5817 5892
f 5711 5712 5816
f 5711 5634 5712
f 5554 5555 5633
f 5633 5555 5634
f 5633 5634 5711
f 5460 5461 5553
f 5553 5461 5554
f 5553 5554 5631
f 5631 5554 5633
f 5891 5892 5956
f 5892 5893 5956
f 6019 5956 6020
f 5956 5958 6020
f 5955 5891 5956
f 5956 5957 5958
f 5955 5956 6019
f 5958 5957 5959
f 5959 5957 5961
f 5960 5961 6024
f 5961 5962 6024
f 5960 5959 5961
f 6024 5962 6025
f 5962 5963 6025
f 5898 5899 5964
f 6025 5963 6026
f 5963 5964 6026
f 5899 5900 5964
f 5900 5901 5964
f 5964 5901 5965
f 5964 5965 6026
f 5899 5825 5900
f 5004 5005 5086
f 5085 5086 5164
f 5085 5004 5086
f 5003 4913 5004
f 5004 4913 5005
f 5234 5235 5302
f 5234 5162 5235
f 5235 5162 5236
f 5162 5163 5236
f 5163 5164 5236
f 6032 5967 6033
f 5967 5968 6033
f 5965 6027 6026
f 6027 5965 6032
f 6031 6032 6097
f 6032 6033 6097
f 6031 6027 6032
f 5968 5907 5969
f 6033 5968 6035
f 5968 5969 6035
f 5969 5970 6035
f 6036 5970 6037
f 6035 5970 6036
f 6036 6037 6104
f 6103 6104 6158
f 6104 6105 6158
f 6103 6036 6104
f 6104 6040 6105
f 5795 5796 5871
f 5796 5797 5871
f 5870 5871 5938
f 5871 5872 5938
f 5796 5691 5797
f 5691 5692 5797
f 5692 5693 5797
f 5870 5795 5871
f 5938 5872 5939
f 5939 5875 5940
f 5938 5939 6003
f 5939 5940 6003
f 5692 776 5693
f 5611 5530 5612
f 5530 5531 5612
f 5610 5529 5611
f 5529 5530 5611
f 5940 5875 5941
f 5941 5875 5942
f 5875 5876 5942
f 5942 5876 5943
f 5807 5808 5879
f 5808 5809 5810
f 5808 5810 5879
f 5810 5809 5811
f 5811 5809 5812
f 5812 5813 5887
f 5812 5707 5813
f 5811 5812 5887
f 5942 5943 6006
f 5943 5944 6006
f 5943 5879 5944
f 5810 5880 5879
f 5879 5880 5881
f 5879 5881 5944
f 5630 5552 5631
f 5552 5553 5631
f 5632 5631 5633
f 5707 5632 5709
f 5709 5632 5710
f 5710 5632 5711
f 5632 5633 5711
f 5707 5708 5813
f 5708 5707 5709
f 5552 5458 5553
f 5458 5367 5459
f 5458 5459 5553
f 5367 5366 5368
f 5366 5267 5368
f 5267 5194 5268
f 5267 5268 5368
f 5367 5368 5459
f 5978 5979 6040
f 6040 5979 6041
f 6040 6041 6105
f 5682 5683 5757
f 5683 5684 5757
f 5757 5684 5758
f 5684 5685 5758
f 5685 5686 5758
f 5758 5686 5759
f 5686 5687 5759
f 5759 5687 5760
f 5760 5761 5762
f 5761 5760 5795
f 5760 5687 5795
f 5763 5762 5764
f 5764 5762 5794
f 5762 5761 5794
f 5854 5763 5855
f 5855 5763 5856
f 5856 5763 5857
f 5763 5764 5857
f 5921 5854 5922
f 5854 5855 5922
f 5921 5922 5978
f 5978 5922 5979
f 5527 802 5528
f 5528 805 5530
f 802 803 5528
f 803 804 5528
f 804 805 5528
f 5529 5528 5530
f 778 780 799
f 780 783 799
f 799 783 800
f 783 784 800
f 801 800 802
f 800 784 802
f 784 785 802
f 802 785 803
f 757 758 775
f 774 775 5692
f 775 776 5692
f 774 757 775
f 739 740 758
f 757 739 758
f 739 738 740
f 740 738 741
f 741 738 742
f 738 736 742
f 742 736 743
f 742 743 762
f 763 762 764
f 762 743 764
f 762 763 5681
f 5681 763 5682
f 763 764 5682
f 5682 764 5683
f 789 790 806
f 789 788 790
f 787 788 789
f 786 787 804
f 787 789 804
f 785 786 804
f 785 781 786
f 781 779 786
f 779 781 780
f 5530 806 5531
f 805 806 5530
f 805 804 806
f 804 789 806
f 3923 3924 3942
f 3942 3924 3943
f 3924 3925 3943
f 3943 3925 3944
f 3944 3925 3945
f 3925 3926 3945
f 3926 3927 3945
f 3927 3928 3945
f 3928 3946 3945
f 3945 3946 3947
f 3947 3946 3948
f 3946 3928 3948
f 3928 3929 3948
f 3948 3929 3949
f 3949 3929 3950
f 3929 3930 3950
f 3950 3930 3951
f 3951 3932 3952
f 3932 3933 3952
f 3952 3933 3953
f 3930 3931 3951
f 3931 3932 3951
f 3933 3934 3953
f 3934 3935 3953
f 3953 3935 3954
f 3935 3936 3954
f 3936 3937 3954
f 3937 3938 3954
f 3954 3938 3955
f 3938 3939 3955
f 3939 3940 3955
f 3940 3941 3955
f 5194 5195 5268
f 5195 5196 5268
f 5268 5269 5368
f 1900 1901 1944
f 1944 1901 1945
f 1901 1902 1945
f 1902 1903 1945
f 1902 1862 1903
f 1862 1861 1903
f 1861 1862 1863
f 1864 1818 1865
f 1818 1819 1865
f 1865 1819 1866
f 1863 1817 1864
f 1817 1818 1864
f 1866 1820 1867
f 1820 1821 1867
f 1821 1822 1867
f 1867 1822 1868
f 1868 1822 1869
f 1822 1823 1869
f 1869 1823 1870
f 1823 1824 1870
f 1824 1825 1870
f 1870 1825 1871
f 1819 1820 1866
f 1862 1860 1863
f 1860 1817 1863
f 1825 1826 1871
f 1826 1827 1871
f 1827 1828 1871
f 1828 1829 1871
f 1871 1829 1872
f 1872 1829 1873
f 1829 1830 1873
f 1830 1831 1873
f 1873 1831 1874
f 1831 1832 1874
f 1875 1874 1876
f 1874 1832 1876
f 1832 1833 1876
f 1833 1834 1876
f 1876 1834 1877
f 1834 1835 1877
f 1877 1835 1878
f 1836 1837 1878
f 1878 1837 1879
f 1835 1836 1878
f 1837 1838 1879
f 1879 1838 1880
f 1880 1838 1881
f 1881 1838 1882
f 1254 1235 1255
f 1235 1234 1236
f 1234 1235 1254
f 1234 1219 1236
f 1219 1220 1236
f 1236 1220 1237
f 1220 1221 1237
f 1237 1221 1238
f 1238 1221 1239
f 1240 1239 1241
f 1239 1221 1241
f 1221 1222 1241
f 1222 1223 1241
f 1241 1223 1242
f 1223 1224 1242
f 1242 1224 1243
f 1243 1224 1244
f 1244 1224 1245
f 1224 1225 1245
f 1225 1226 1245
f 1226 1227 1245
f 1245 1227 1246
f 1227 1228 1246
f 1228 1229 1246
f 1246 1229 1247
f 1248 1247 1249
f 1247 1229 1249
f 1229 1230 1249
f 1249 1230 1250
f 1230 1231 1250
f 1231 1232 1250
f 1250 1232 1251
f 1232 1233 1251
f 1252 1251 1252
f 1251 1233 1252
f 1252 1233 1253
f 1253 1233 1254
f 1233 1234 1254
f 1882 1838 1883
f 1883 1838 1884
f 1838 1839 1884
f 1884 1839 1885
f 1839 1840 1885
f 1885 1840 1886
f 1886 1840 1887
f 1840 1841 1887
f 1888 1887 1889
f 1887 1841 1889
f 1841 1842 1889
f 1842 1843 1889
f 1890 1889 1891
f 1889 1843 1891
f 1843 1844 1891
f 1891 1844 1892
f 1845 1846 1892
f 1846 1847 1892
f 1844 1845 1892
f 1892 1847 1893
f 1847 1848 1893
f 1893 1848 1894
f 1848 1849 1894
f 1894 1849 1895
f 1849 1850 1895
f 1895 1850 1896
f 1850 1851 1896
f 1851 1852 1896
f 1852 1853 1896
f 1896 1853 1897
f 1897 1853 1898
f 1898 1853 1899
f 1853 1854 1899
f 1899 1854 1900
f 1854 1855 1900
f 1855 1856 1900
f 1900 1856 1901
f 4776 4680 4777
f 4777 4680 4778
f 4680 4681 4778
f 4681 4682 4778
f 4776 4777 4872
f 5052 4962 5053
f 4962 4963 5053
f 4964 4868 4965
f 4870 4871 4965
f 4871 4872 4965
f 4872 4874 4965
f 4871 4870 4872
f 4870 4775 4872
f 4775 4776 4872
f 4157 4120 4158
f 4158 4120 4159
f 4120 4121 4159
f 4121 4122 4159
f 4159 4122 4160
f 4122 4123 4160
f 4123 4124 4160
f 4124 4125 4160
f 4160 4125 4161
f 4125 4126 4161
f 4161 4126 4162
f 4196 4162 4197
f 4303 4304 4378
f 4377 4378 4566
f 4376 4377 4566
f 4378 4379 4566
f 4378 4304 4379
f 4564 4376 4565
f 4565 4376 4566
f 4564 4565 4675
f 5051 4962 5052
f 4675 4676 4774
f 4676 4677 4774
f 4677 4678 4774
f 4774 4678 4775
f 4774 4775 4870
f 4675 4565 4676
f 4094 4095 4121
f 4122 4121 4123
f 4121 4095 4123
f 4068 4070 4094
f 4094 4070 4095
f 4075 4076 4099
f 4076 4077 4099
f 4075 4068 4076
f 4069 4068 4075
f 4068 4069 4070
f 4073 4074 4098
f 4074 4075 4098
f 4098 4075 4099
f 5163 5084 5164
f 5084 5085 5164
f 5158 5159 5233
f 5159 5160 5233
f 5160 5161 5233
f 5233 5161 5234
f 5161 5162 5234
f 5368 5269 5369
f 5368 5369 5459
f 5459 5369 5460
f 5459 5460 5553
f 5815 5711 5816
f 5815 5816 5890
f 5889 5815 5890
f 5889 5890 5955
f 5890 5891 5955
f 5710 5711 5815
f 6020 5958 6021
f 6018 6019 6084
f 6019 6020 6084
f 6084 6020 6085
f 6085 6020 6086
f 6020 6021 6086
f 6018 5954 6019
f 5954 5955 6019
f 5958 5959 6021
f 5954 5888 5955
f 5888 5889 5955
f 5959 5960 6021
f 6021 5960 6023
f 6023 5960 6024
f 6023 6024 6091
f 6024 6025 6091
f 6025 6026 6091
f 6027 6028 6026
f 6026 6028 6029
f 6026 6029 6091
f 5003 5004 5085
f 5084 5082 5085
f 5082 5003 5085
f 5161 5160 5162
f 5160 5083 5162
f 5083 5084 5162
f 5162 5084 5163
f 6097 6033 6098
f 6033 6034 6098
f 6034 6033 6035
f 6028 6027 6031
f 6097 6098 6150
f 6030 6029 6031
f 6029 6028 6031
f 6096 6097 6150
f 6030 6031 6096
f 6096 6031 6097
f 6034 6035 6101
f 6101 6035 6102
f 6035 6036 6102
f 6102 6036 6103
f 6102 6103 6157
f 6157 6103 6158
f 6105 6106 6158
f 6158 6106 6159
f 6157 6158 6205
f 6158 6159 6205
f 6105 6041 6106
f 5794 5761 5795
f 5687 5688 5795
f 5688 5689 5795
f 5795 5689 5796
f 5689 5690 5796
f 5690 5691 5796
f 5794 5795 5870
f 5937 5867 5938
f 5867 5868 5938
f 5868 5869 5938
f 5869 5870 5938
f 5937 5938 6002
f 6002 5938 6003
f 5869 5794 5870
f 5691 5690 5692
f 5690 774 5692
f 6004 5940 6005
f 5940 5941 6005
f 6003 5940 6004
f 6002 6003 6061
f 6003 6004 6061
f 5941 5942 6005
f 6005 5942 6006
f 5880 5810 5885
f 5810 5811 5885
f 5885 5811 5887
f 5813 5814 5887
f 5887 5814 5888
f 5886 5887 5954
f 5887 5888 5954
f 5813 5708 5814
f 5886 5885 5887
f 5944 5945 6006
f 6007 6006 6008
f 6006 5945 6008
f 6005 6006 6062
f 6062 6006 6063
f 6006 6007 6063
f 5881 5883 5944
f 5944 5883 5945
f 5881 5880 5884
f 5884 5880 5885
f 5883 5881 5884
f 5708 5709 5815
f 5709 5710 5815
f 5814 5708 5815
f 5979 5922 5980
f 6041 5979 6042
f 5979 5980 6042
f 6041 6042 6106
f 5683 766 5684
f 764 765 5683
f 765 766 5683
f 766 767 5684
f 767 768 5684
f 5684 768 5685
f 768 769 5685
f 769 770 5685
f 5685 770 5686
f 770 771 5686
f 5687 5686 5688
f 5686 771 5688
f 5764 5776 5857
f 5764 5775 5776
f 5775 5764 5794
f 5793 5775 5794
f 5793 5794 5869
f 5922 5855 5923
f 5855 5856 5923
f 5923 5856 5924
f 5856 5857 5924
f 5776 5777 5857
f 5777 5779 5857
f 5857 5779 5858
f 5857 5858 5924
f 5980 5922 5981
f 5922 5923 5981
f 803 785 804
f 781 782 780
f 780 782 783
f 783 782 784
f 784 782 785
f 782 781 785
f 756 739 757
f 756 757 774
f 773 774 5690
f 773 754 774
f 754 756 774
f 738 739 751
f 751 739 756
f 737 736 738
f 737 738 751
f 735 736 737
f 743 736 744
f 736 735 744
f 764 743 765
f 743 744 765
f 3923 3892 3924
f 3892 3893 3924
f 3893 3894 3924
f 3924 3894 3925
f 3895 3896 3925
f 3896 3897 3925
f 3925 3897 3926
f 3894 3895 3925
f 3897 3898 3926
f 3926 3898 3927
f 3927 3898 3928
f 3928 3898 3929
f 3898 3899 3929
f 3899 3900 3929
f 3900 3901 3929
f 3929 3901 3930
f 3901 3902 3930
f 3902 3903 3930
f 3930 3903 3931
f 3931 3905 3932
f 3905 3906 3932
f 3933 3932 3934
f 3932 3906 3934
f 3903 3904 3931
f 3904 3905 3931
f 3906 3907 3934
f 3907 3908 3934
f 3934 3908 3935
f 3908 3909 3935
f 3935 3909 3936
f 3909 3910 3936
f 3936 3910 3937
f 3910 3911 3937
f 3911 3912 3937
f 3912 3913 3937
f 3937 3913 3938
f 3914 3915 3938
f 3915 3916 3938
f 3916 3917 3938
f 3917 3919 3938
f 3919 3918 3938
f 3938 3918 3939
f 3913 3914 3938
f 3939 3918 3940
f 3918 3920 3940
f 3920 3921 3940
f 3921 3922 3940
f 1856 1857 1901
f 1857 1859 1901
f 1901 1859 1902
f 1859 1860 1902
f 1860 1862 1902
f 1816 1762 1818
f 1817 1816 1818
f 1818 1762 1819
f 1819 1764 1820
f 1762 1763 1819
f 1763 1764 1819
f 1816 1817 1860
f 1820 1764 1821
f 1764 1765 1821
f 1765 1766 1821
f 1766 1768 1821
f 1821 1768 1822
f 1768 1769 1822
f 1822 1769 1823
f 1769 1770 1823
f 1770 1771 1823
f 1823 1771 1824
f 1771 1772 1824
f 1824 1772 1825
f 1825 1772 1826
f 1859 1858 1860
f 1858 1857 1860
f 1857 1815 1860
f 1815 1816 1860
f 1772 1773 1826
f 1773 1774 1826
f 1826 1774 1827
f 1774 1775 1827
f 1827 1775 1828
f 1775 1776 1828
f 1776 1777 1828
f 1777 1778 1828
f 1828 1778 1829
f 1829 1778 1830
f 1778 1779 1830
f 1779 1780 1830
f 1780 1781 1830
f 1781 1782 1830
f 1830 1782 1831
f 1782 1783 1831
f 1783 1785 1831
f 1831 1785 1832
f 1832 1785 1833
f 1785 1786 1833
f 1833 1786 1834
f 1786 1787 1834
f 1834 1787 1835
f 1787 1788 1835
f 1788 1789 1835
f 1835 1789 1836
f 1789 1791 1836
f 1836 1791 1837
f 1791 1790 1837
f 1838 1837 1839
f 1837 1790 1839
f 1233 1219 1234
f 1218 1203 1219
f 1219 1203 1220
f 1218 1219 1232
f 1232 1219 1233
f 1203 1204 1220
f 1220 1204 1221
f 1221 1206 1222
f 1205 1206 1221
f 1204 1205 1221
f 1206 1207 1222
f 1222 1207 1223
f 1223 1207 1224
f 1207 1208 1224
f 1224 1208 1225
f 1208 1209 1225
f 1225 1209 1226
f 1209 1210 1226
f 1210 1211 1226
f 1211 1212 1226
f 1226 1212 1227
f 1227 1212 1228
f 1212 1213 1228
f 1213 1214 1228
f 1228 1214 1229
f 1214 1215 1229
f 1230 1229 1231
f 1229 1215 1231
f 1215 1216 1231
f 1231 1216 1232
f 1216 1217 1232
f 1217 1218 1232
f 1839 1790 1840
f 1840 1790 1841
f 1790 1792 1841
f 1841 1792 1842
f 1792 1793 1842
f 1793 1794 1842
f 1794 1795 1842
f 1842 1795 1843
f 1795 1796 1843
f 1843 1796 1844
f 1844 1797 1845
f 1796 1797 1844
f 1797 1798 1845
f 1845 1798 1846
f 1798 1799 1846
f 1799 1800 1846
f 1800 1801 1846
f 1801 1803 1846
f 1846 1803 1847
f 1804 1805 1847
f 1805 1806 1847
f 1847 1806 1848
f 1803 1804 1847
f 1848 1806 1849
f 1850 1849 1851
f 1849 1806 1851
f 1806 1807 1851
f 1807 1808 1851
f 1851 1808 1852
f 1808 1809 1852
f 1852 1809 1853
f 1809 1810 1853
f 1853 1810 1854
f 1810 1811 1854
f 1854 1811 1855
f 1811 1812 1855
f 1812 1813 1855
f 1813 1814 1855
f 1856 1855 1857
f 1855 1814 1857
f 4680 4679 4681
f 4775 4678 4776
f 4678 4679 4776
f 4679 4680 4776
f 4679 4570 4681
f 4095 4096 4123
f 4123 4096 4124
f 4566 4379 4567
f 4565 4566 4676
f 4566 4567 4676
f 4567 4379 4568
f 4676 4567 4677
f 4677 4569 4679
f 4567 4568 4677
f 4568 4569 4677
f 4678 4677 4679
f 4070 4071 4095
f 4095 4071 4096
f 4069 4067 4070
f 4070 4067 4071
f 4074 4069 4075
f 4067 4069 4074
f 4073 4067 4074
f 5083 5082 5084
f 5159 5082 5160
f 5082 5083 5160
f 5814 5815 5889
f 5888 5814 5889
f 6022 6021 6023
f 6086 6021 6088
f 6021 6022 6088
f 6083 6017 6084
f 6017 6018 6084
f 6083 6084 6139
f 6084 6085 6139
f 6017 6016 6018
f 6016 5953 6018
f 5953 5954 6018
f 6085 6086 6139
f 6086 6087 6139
f 6087 6086 6088
f 5953 5886 5954
f 6022 6023 6090
f 6090 6023 6091
f 6090 6091 6147
f 6091 6092 6147
f 6092 6091 6093
f 6091 6029 6093
f 6029 6030 6093
f 6099 6098 6100
f 6098 6034 6100
f 6098 6099 6150
f 6100 6034 6101
f 6149 6095 6150
f 6095 6096 6150
f 6150 6099 6151
f 6149 6150 6196
f 6150 6151 6196
f 6093 6030 6094
f 6094 6030 6095
f 6095 6030 6096
f 6155 6101 6156
f 6101 6102 6156
f 6100 6101 6155
f 6156 6102 6157
f 6156 6157 6203
f 6203 6157 6204
f 6204 6157 6205
f 6159 6106 6160
f 6106 6107 6160
f 6106 6042 6107
f 6159 6160 6205
f 6205 6160 6206
f 6204 6205 6262
f 6205 6206 6262
f 771 772 5688
f 5688 772 5689
f 772 773 5689
f 5689 773 5690
f 5936 5866 5937
f 5866 5867 5937
f 5866 5789 5867
f 5789 5790 5867
f 5867 5790 5868
f 5936 5937 6002
f 5790 5791 5868
f 5791 5792 5868
f 5792 5793 5868
f 5868 5793 5869
f 6001 6002 6060
f 6060 6002 6061
f 6001 5936 6002
f 6061 6004 6062
f 6004 6005 6062
f 6060 6061 6122
f 6122 6061 6123
f 6061 6062 6123
f 5884 5885 5951
f 5885 5886 5951
f 5951 5886 5952
f 5952 5886 5953
f 5883 5882 5945
f 5882 5946 5945
f 5945 5946 5947
f 5945 5947 6008
f 6063 6007 6065
f 6007 6008 6065
f 5947 5948 6008
f 5948 6009 6008
f 6008 6011 6065
f 6011 6008 6013
f 6008 6009 6013
f 6062 6063 6123
f 6064 6063 6065
f 6063 6064 6124
f 6123 6063 6124
f 5882 5883 5884
f 5882 5884 5951
f 5980 5981 6042
f 5981 5982 6042
f 6042 5982 6043
f 6107 6042 6108
f 6042 6043 6108
f 765 746 766
f 746 748 766
f 766 748 767
f 744 746 765
f 748 749 767
f 749 750 767
f 768 767 769
f 767 750 769
f 750 751 769
f 751 752 769
f 752 753 769
f 753 755 769
f 769 755 770
f 771 770 772
f 770 755 772
f 5776 5775 5777
f 5774 5775 5792
f 5792 5775 5793
f 5775 5774 5777
f 5923 5924 5981
f 5924 5858 5925
f 5924 5925 5981
f 5774 5778 5777
f 5777 5778 5779
f 5858 5779 5859
f 5779 5780 5859
f 5779 5778 5780
f 5858 5859 5925
f 5981 5925 5982
f 754 755 756
f 755 753 756
f 753 751 756
f 772 754 773
f 755 754 772
f 750 735 751
f 735 737 751
f 752 751 753
f 735 745 744
f 745 735 749
f 749 735 750
f 744 745 746
f 3859 3860 3892
f 3892 3860 3893
f 3860 3861 3893
f 3894 3893 3895
f 3893 3861 3895
f 3861 3862 3895
f 3862 3863 3895
f 3895 3863 3896
f 3896 3863 3897
f 3863 3864 3897
f 3864 3865 3897
f 3865 3866 3897
f 3897 3866 3898
f 3898 3866 3899
f 3866 3867 3899
f 3867 3868 3899
f 3868 3869 3899
f 3899 3869 3900
f 3869 3870 3900
f 3900 3870 3901
f 3870 3871 3901
f 3901 3871 3902
f 3902 3873 3904
f 3871 3872 3902
f 3872 3873 3902
f 3903 3902 3904
f 3905 3904 3906
f 3904 3874 3906
f 3874 3875 3906
f 3906 3875 3907
f 3873 3874 3904
f 3875 3876 3907
f 3907 3876 3908
f 3876 3877 3908
f 3908 3877 3909
f 3877 3878 3909
f 3878 3879 3909
f 3909 3879 3910
f 3879 3880 3910
f 3910 3880 3911
f 3880 3881 3911
f 3881 3882 3911
f 3911 3882 3912
f 3882 3883 3912
f 3883 3884 3912
f 3913 3912 3914
f 3912 3884 3914
f 3884 3885 3914
f 3885 3886 3914
f 3914 3886 3915
f 3886 3887 3915
f 3887 3888 3915
f 3915 3888 3916
f 3916 3888 3917
f 3919 3917 3920
f 3917 3890 3920
f 3888 3889 3917
f 3889 3890 3917
f 3918 3919 3920
f 3890 3891 3920
f 3920 3891 3921
f 3921 3891 3922
f 1814 1815 1857
f 1857 1858 1859
f 1761 1514 1762
f 1762 1514 1763
f 1761 1762 1815
f 1815 1762 1816
f 1763 1515 1764
f 1515 1516 1764
f 1764 1516 1765
f 1514 1515 1763
f 1516 1517 1765
f 1517 1518 1765
f 1765 1518 1766
f 1518 1519 1766
f 1519 1767 1766
f 1766 1767 1768
f 1769 1768 1770
f 1768 1767 1770
f 1770 1521 1771
f 1767 1519 1770
f 1519 1520 1770
f 1520 1521 1770
f 1771 1521 1772
f 1772 1521 1773
f 1814 1761 1815
f 1521 1524 1773
f 1773 1524 1774
f 1524 1525 1774
f 1525 1526 1774
f 1774 1526 1775
f 1526 1527 1775
f 1775 1527 1776
f 1527 1528 1776
f 1776 1528 1777
f 1528 1529 1777
f 1778 1777 1779
f 1777 1529 1779
f 1529 1746 1779
f 1746 1745 1779
f 1779 1745 1780
f 1745 1744 1780
f 1744 1725 1780
f 1725 1726 1780
f 1780 1726 1781
f 1728 1729 1781
f 1729 1730 1781
f 1726 1727 1781
f 1727 1728 1781
f 1781 1730 1782
f 1782 1731 1783
f 1730 1731 1782
f 1783 1784 1785
f 1731 1732 1783
f 1732 1784 1783
f 1785 1784 1786
f 1784 1732 1786
f 1787 1786 1788
f 1786 1732 1788
f 1732 1734 1788
f 1734 1735 1788
f 1788 1735 1789
f 1791 1789 1792
f 1792 1789 1793
f 1789 1735 1793
f 1790 1791 1792
f 1202 1203 1217
f 1217 1203 1218
f 1203 1202 1204
f 1202 1189 1204
f 1189 1190 1204
f 1204 1190 1205
f 1205 1191 1206
f 1191 1192 1206
f 1192 1193 1206
f 1207 1206 1208
f 1206 1193 1208
f 1190 1191 1205
f 1193 1194 1208
f 1208 1194 1209
f 1209 1194 1210
f 1194 1195 1210
f 1195 1196 1210
f 1210 1196 1211
f 1196 1197 1211
f 1212 1211 1213
f 1211 1197 1213
f 1197 1198 1213
f 1198 1199 1213
f 1213 1199 1214
f 1199 1200 1214
f 1215 1214 1216
f 1214 1200 1216
f 1200 1201 1216
f 1201 1202 1216
f 1216 1202 1217
f 1793 1735 1794
f 1735 1736 1794
f 1794 1736 1795
f 1795 1736 1796
f 1736 1737 1796
f 1796 1737 1797
f 1737 1738 1797
f 1797 1738 1798
f 1738 1739 1798
f 1798 1739 1799
f 1742 1743 1799
f 1743 1747 1799
f 1739 1740 1799
f 1740 1741 1799
f 1741 1742 1799
f 1799 1747 1800
f 1747 1748 1800
f 1800 1748 1801
f 1748 1749 1801
f 1749 1802 1801
f 1801 1802 1803
f 1803 1802 1804
f 1804 1802 1805
f 1802 1749 1805
f 1749 1750 1805
f 1805 1750 1806
f 1750 1751 1806
f 1806 1751 1807
f 1751 1753 1807
f 1808 1807 1809
f 1807 1753 1809
f 1753 1754 1809
f 1809 1754 1810
f 1810 1754 1811
f 1754 1755 1811
f 1811 1755 1812
f 1755 1756 1812
f 1756 1757 1812
f 1757 1758 1812
f 1812 1758 1813
f 1813 1758 1814
f 1758 1759 1814
f 1759 1760 1814
f 1760 1761 1814
f 4071 4072 4096
f 4067 4066 4071
f 6088 6022 6089
f 6089 6022 6090
f 6087 6088 6140
f 6140 6088 6141
f 6088 6089 6141
f 6015 6017 6082
f 6082 6017 6083
f 6015 6016 6017
f 6082 6083 6138
f 6138 6083 6139
f 6139 6087 6140
f 6138 6139 6187
f 6139 6140 6187
f 5953 6016 6015
f 5952 5953 6015
f 6089 6090 6144
f 6144 6090 6145
f 6145 6090 6147
f 6146 6145 6147
f 6092 6093 6147
f 6093 6094 6147
f 6147 6094 6148
f 6146 6147 6195
f 6147 6148 6195
f 6099 6100 6151
f 6151 6100 6154
f 6154 6100 6155
f 6148 6094 6149
f 6094 6095 6149
f 6148 6149 6195
f 6195 6149 6196
f 6196 6151 6197
f 6151 6153 6197
f 6153 6151 6154
f 6196 6197 6248
f 6247 6196 6248
f 6195 6196 6247
f 6154 6155 6203
f 6155 6156 6203
f 6202 6152 6203
f 6152 6154 6203
f 6202 6203 6259
f 6259 6203 6261
f 6203 6204 6261
f 6261 6204 6262
f 6160 6107 6161
f 6160 6207 6206
f 6207 6160 6209
f 6160 6161 6209
f 6107 6108 6161
f 6206 6207 6208
f 6262 6206 6263
f 6206 6208 6263
f 6261 6262 6300
f 6262 6263 6300
f 5865 5866 5935
f 5935 5866 5936
f 5865 5789 5866
f 5935 5936 6001
f 5787 5788 5789
f 5789 5788 5790
f 5787 5789 5865
f 5788 5769 5790
f 5790 5769 5791
f 5769 5771 5791
f 5771 5772 5791
f 5791 5772 5792
f 5772 5774 5792
f 6059 6060 6121
f 6000 6001 6059
f 6059 6001 6060
f 6000 5935 6001
f 6121 6060 6122
f 6121 6122 6168
f 6168 6122 6169
f 6122 6123 6169
f 6169 6123 6170
f 6123 6124 6170
f 5950 5882 5951
f 5950 5951 6015
f 5951 5952 6015
f 5946 5882 5950
f 5947 5946 5950
f 5948 5947 5949
f 5949 5947 5950
f 6011 6010 6065
f 6010 722 6065
f 722 721 6065
f 6065 721 6066
f 6064 6065 6124
f 6065 6066 6124
f 6009 5948 6013
f 5948 5949 6013
f 6010 6011 6012
f 6012 6011 6013
f 6013 5949 6014
f 6012 6013 6078
f 6078 6013 6079
f 6013 6014 6079
f 6124 6125 6170
f 6124 6066 6125
f 5982 5925 5983
f 5982 5983 6043
f 6043 6044 6108
f 5983 5984 6043
f 5984 5985 6043
f 6043 5985 6044
f 6108 6109 6161
f 6044 6045 6108
f 6108 6045 6109
f 745 747 746
f 746 747 748
f 748 747 749
f 747 745 749
f 5772 5773 5774
f 5778 5774 5780
f 5774 5773 5780
f 5859 5860 5925
f 5860 5926 5925
f 5925 5926 5927
f 5925 5927 5983
f 5780 5781 5859
f 5859 5781 5860
f 5780 5773 5781
f 3814 3815 3858
f 3815 3816 3858
f 3858 3816 3859
f 3859 3816 3860
f 3816 3817 3860
f 3817 3818 3860
f 3818 3819 3860
f 3860 3819 3861
f 3819 3820 3861
f 3861 3820 3862
f 3863 3862 3864
f 3862 3821 3864
f 3820 3821 3862
f 3821 3822 3864
f 3864 3822 3865
f 3822 3823 3865
f 3823 3824 3865
f 3865 3824 3866
f 3824 3825 3866
f 3866 3825 3867
f 3867 3825 3868
f 3825 3826 3868
f 3826 3827 3868
f 3827 3828 3868
f 3828 3829 3868
f 3869 3868 3870
f 3868 3829 3870
f 3829 3830 3870
f 3870 3830 3871
f 3830 3831 3871
f 3871 3831 3872
f 3872 3832 3873
f 3873 3832 3874
f 3831 3832 3872
f 3832 3833 3874
f 3833 3834 3874
f 3874 3834 3875
f 3834 3835 3875
f 3875 3835 3876
f 3839 3840 3876
f 3876 3840 3877
f 3835 3836 3876
f 3836 3837 3876
f 3837 3838 3876
f 3838 3839 3876
f 3877 3840 3878
f 3840 3841 3878
f 3841 3842 3878
f 3842 3843 3878
f 3878 3843 3879
f 3843 3844 3879
f 3844 3845 3879
f 3879 3845 3880
f 3880 3845 3881
f 3845 3846 3881
f 3881 3846 3882
f 3846 3847 3882
f 3882 3847 3883
f 3847 3848 3883
f 3883 3848 3884
f 3848 3849 3884
f 3849 3850 3884
f 3850 3851 3884
f 3884 3851 3885
f 3885 3851 3886
f 3852 3853 3886
f 3851 3852 3886
f 3886 3853 3887
f 3853 3854 3887
f 3887 3855 3888
f 3854 3855 3887
f 3888 3855 3889
f 3889 3857 3890
f 3855 3856 3889
f 3856 3857 3889
f 1514 1488 1516
f 1760 1512 1761
f 1512 1513 1761
f 1513 1514 1761
f 1515 1514 1516
f 1513 1488 1514
f 1488 1489 1516
f 1516 1489 1517
f 1489 1490 1517
f 1517 1490 1518
f 1490 1491 1518
f 1518 1491 1519
f 1519 1492 1520
f 1491 1492 1519
f 1520 1493 1521
f 1493 1522 1521
f 1522 1523 1521
f 1521 1523 1524
f 1492 1493 1520
f 1523 1522 1524
f 1522 1493 1524
f 1493 1494 1524
f 1524 1494 1525
f 1494 1495 1525
f 1495 1496 1525
f 1496 1497 1525
f 1525 1497 1526
f 1526 1497 1527
f 1497 1498 1527
f 1527 1498 1528
f 1498 1499 1528
f 1528 1499 1529
f 1746 1529 1747
f 1529 1499 1747
f 1745 1746 1743
f 1743 1746 1747
f 1744 1745 1743
f 1725 1744 1743
f 1725 1724 1726
f 1724 1725 1742
f 1742 1725 1743
f 1724 1701 1726
f 1726 1701 1727
f 1727 1702 1728
f 1702 1703 1728
f 1703 1704 1728
f 1704 1705 1728
f 1705 1706 1728
f 1728 1706 1729
f 1706 1708 1729
f 1730 1729 1731
f 1729 1708 1731
f 1701 1702 1727
f 1708 1709 1731
f 1731 1709 1732
f 1709 1710 1732
f 1710 1733 1732
f 1732 1733 1734
f 1733 1710 1734
f 1710 1711 1734
f 1711 1712 1734
f 1712 1713 1734
f 1713 1714 1734
f 1734 1714 1735
f 1735 1714 1736
f 1201 1189 1202
f 1189 1188 1190
f 1188 1189 1201
f 1188 1175 1190
f 1191 1190 1192
f 1190 1175 1192
f 1175 1176 1192
f 1193 1192 1194
f 1192 1176 1194
f 1176 1177 1194
f 1194 1177 1195
f 1177 1179 1195
f 1195 1179 1196
f 1179 1180 1196
f 1180 1181 1196
f 1196 1181 1197
f 1181 1182 1197
f 1197 1182 1198
f 1182 1183 1198
f 1198 1183 1199
f 1183 1184 1199
f 1184 1185 1199
f 1185 1187 1199
f 1199 1187 1200
f 1200 1186 1201
f 1187 1186 1200
f 1186 1188 1201
f 1714 1715 1736
f 1715 1716 1736
f 1736 1716 1737
f 1716 1717 1737
f 1737 1717 1738
f 1738 1718 1740
f 1717 1718 1738
f 1739 1738 1740
f 1741 1723 1742
f 1723 1724 1742
f 1747 1499 1748
f 1718 1719 1740
f 1719 1720 1740
f 1740 1720 1741
f 1720 1721 1741
f 1721 1722 1741
f 1722 1723 1741
f 1499 1500 1748
f 1748 1500 1749
f 1500 1501 1749
f 1501 1502 1749
f 1749 1502 1750
f 1502 1503 1750
f 1503 1504 1750
f 1750 1504 1751
f 1504 1752 1751
f 1753 1751 1754
f 1754 1751 1755
f 1751 1752 1755
f 1755 1752 1756
f 1504 1505 1756
f 1505 1506 1756
f 1756 1506 1757
f 1752 1504 1756
f 1506 1507 1757
f 1507 1508 1757
f 1508 1509 1757
f 1757 1509 1758
f 1509 1510 1758
f 1758 1510 1759
f 1759 1510 1760
f 1510 1511 1760
f 1511 1512 1760
f 6141 6089 6142
f 6142 6089 6143
f 6143 6089 6144
f 6187 6140 6188
f 6140 6141 6188
f 6188 6141 6189
f 6189 6141 6190
f 6141 6142 6190
f 6081 6079 6082
f 6079 6014 6082
f 6014 6015 6082
f 6014 5949 6015
f 5949 5950 6015
f 6081 6082 6138
f 6137 6138 6186
f 6186 6138 6187
f 6137 6081 6138
f 6186 6187 6233
f 6233 6187 6234
f 6187 6188 6234
f 6143 6144 6193
f 6193 6144 6194
f 6144 6145 6194
f 6145 6146 6194
f 6194 6146 6195
f 6194 6195 6246
f 6246 6195 6247
f 6152 6153 6154
f 6197 6198 6248
f 6153 6152 6197
f 6197 6152 6198
f 6248 6198 6249
f 6247 6248 6293
f 6248 6249 6293
f 6246 6247 6291
f 6291 6247 6293
f 6152 6199 6198
f 6201 6199 6202
f 6199 6152 6202
f 6201 6202 6259
f 6258 6201 6259
f 6260 6259 6261
f 6258 6259 6298
f 6259 6260 6298
f 6260 6261 6300
f 6109 6110 6161
f 6161 6110 6162
f 6161 6162 6209
f 6208 6207 6209
f 6209 6210 6265
f 6209 6162 6210
f 6208 6209 6264
f 6264 6209 6265
f 6263 6208 6264
f 6300 6263 6301
f 6301 6263 6302
f 6263 6264 6302
f 6299 6300 6327
f 6300 6301 6327
f 6299 6260 6300
f 5934 5864 5935
f 5864 5865 5935
f 5864 5787 5865
f 5934 5935 6000
f 5770 5769 5787
f 5769 5788 5787
f 5786 5787 5864
f 5786 5770 5787
f 5769 5770 5771
f 5770 5768 5771
f 5768 5766 5771
f 5766 5765 5771
f 5771 5765 5772
f 5773 5772 5783
f 5772 5765 5783
f 6167 6121 6168
f 6058 6059 6120
f 6120 6059 6121
f 6058 6000 6059
f 6120 6121 6167
f 5999 6000 6058
f 5999 5933 6000
f 5933 5934 6000
f 6167 6168 6215
f 6215 6168 6216
f 6216 6168 6217
f 6168 6169 6217
f 6217 6169 6218
f 6169 6170 6218
f 6170 6125 6171
f 6170 6171 6218
f 722 6010 6078
f 6010 6012 6078
f 720 721 722
f 720 722 6077
f 6077 722 6078
f 721 720 6066
f 720 719 6066
f 719 718 6066
f 6066 718 6067
f 6066 6067 6125
f 6077 6078 6135
f 6078 6079 6135
f 6080 6079 6081
f 6079 6080 6135
f 6125 6067 6126
f 6125 6126 6171
f 5983 5927 5984
f 5985 5986 6044
f 6044 5986 6045
f 5927 5928 5984
f 5928 5929 5984
f 5929 5930 5984
f 5930 5931 5984
f 5984 5931 5985
f 5931 5932 5985
f 5932 5933 5985
f 5985 5933 5986
f 6045 6046 6109
f 6109 6046 6110
f 5986 5987 6045
f 5987 5988 6045
f 6045 5988 6046
f 5781 5773 5783
f 5860 5781 5861
f 5926 5860 5929
f 5860 5861 5929
f 5927 5926 5928
f 5928 5926 5929
f 5781 5782 5861
f 5782 5781 5783
f 3767 3768 3814
f 3768 3769 3814
f 3814 3769 3815
f 3816 3815 3817
f 3815 3770 3817
f 3769 3770 3815
f 3817 3770 3818
f 3770 3771 3818
f 3771 3772 3818
f 3818 3772 3819
f 3772 3773 3819
f 3819 3773 3820
f 3820 3774 3821
f 3773 3774 3820
f 3821 3774 3822
f 3774 3775 3822
f 3822 3775 3823
f 3775 3776 3823
f 3776 3777 3823
f 3823 3777 3824
f 3777 3778 3824
f 3824 3778 3825
f 3825 3778 3826
f 3778 3779 3826
f 3826 3779 3827
f 3779 3780 3827
f 3827 3780 3828
f 3780 3781 3828
f 3781 3782 3828
f 3828 3782 3829
f 3782 3783 3829
f 3829 3783 3830
f 3830 3783 3831
f 3783 3784 3831
f 3831 3784 3832
f 3785 3786 3832
f 3784 3785 3832
f 3786 3787 3832
f 3832 3787 3833
f 3833 3788 3835
f 3787 3788 3833
f 3834 3833 3835
f 3835 3788 3836
f 3838 3795 3839
f 3795 3796 3839
f 3796 3797 3839
f 3839 3797 3840
f 3840 3797 3841
f 3790 3791 3836
f 3836 3791 3837
f 3788 3789 3836
f 3789 3790 3836
f 3791 3792 3837
f 3792 3793 3837
f 3793 3794 3837
f 3837 3794 3838
f 3794 3795 3838
f 3797 3798 3841
f 3798 3799 3841
f 3799 3800 3841
f 3800 3801 3841
f 3841 3801 3842
f 3801 3802 3842
f 3842 3802 3843
f 3843 3802 3844
f 3802 3803 3844
f 3803 3804 3844
f 3804 3805 3844
f 3844 3805 3845
f 3845 3805 3846
f 3805 3806 3846
f 3806 3808 3846
f 3846 3808 3847
f 3808 3809 3847
f 3848 3847 3849
f 3847 3809 3849
f 3222 3211 3849
f 3211 3212 3849
f 3849 3212 3850
f 3809 3222 3849
f 3212 3213 3850
f 3213 3214 3850
f 3214 3216 3850
f 3850 3216 3851
f 3216 3217 3851
f 3851 3217 3852
f 3217 3218 3852
f 3852 3218 3853
f 3853 3218 3854
f 3218 3219 3854
f 3219 3220 3854
f 3220 3221 3854
f 3854 3221 3855
f 3221 3222 3855
f 3222 3810 3855
f 3810 3811 3855
f 3855 3811 3856
f 3811 3812 3856
f 3811 3757 3812
f 3757 3759 3812
f 3812 3759 3813
f 3759 3760 3813
f 3760 3761 3813
f 1487 1488 1513
f 1488 1487 1489
f 1511 1484 1512
f 1484 1485 1512
f 1485 1486 1512
f 1512 1486 1513
f 1486 1487 1513
f 1489 1458 1490
f 1487 1457 1489
f 1457 1458 1489
f 1458 1459 1490
f 1459 1460 1490
f 1490 1460 1491
f 1460 1461 1491
f 1461 1462 1491
f 1462 1463 1491
f 1491 1463 1492
f 1463 1464 1492
f 1492 1464 1493
f 1464 1465 1493
f 1493 1465 1494
f 1465 1466 1494
f 1494 1466 1495
f 1466 1467 1495
f 1467 1468 1495
f 1495 1468 1496
f 1468 1469 1496
f 1469 1470 1496
f 1496 1470 1497
f 1497 1470 1498
f 1470 1471 1498
f 1471 1472 1498
f 1472 1473 1498
f 1498 1473 1499
f 1499 1473 1500
f 1723 1701 1724
f 1701 1700 1702
f 1700 1701 1723
f 1700 1682 1702
f 1702 1682 1703
f 1682 1683 1703
f 1703 1683 1704
f 1683 1684 1704
f 1704 1684 1705
f 1705 1684 1706
f 1706 1707 1708
f 1684 1685 1706
f 1685 1686 1706
f 1686 1687 1706
f 1687 1707 1706
f 1707 1687 1708
f 1687 1688 1708
f 1688 1689 1708
f 1708 1689 1709
f 1709 1689 1710
f 1710 1689 1711
f 1689 1690 1711
f 1690 1691 1711
f 1711 1691 1712
f 1691 1692 1712
f 1712 1692 1713
f 1714 1713 1715
f 1713 1692 1715
f 1174 1175 1188
f 1185 1173 1188
f 1187 1185 1188
f 1186 1187 1188
f 1173 1174 1188
f 1174 1161 1175
f 1175 1161 1176
f 1176 1161 1177
f 1161 1163 1177
f 1163 1164 1177
f 1164 1178 1177
f 1177 1178 1179
f 1179 1178 1180
f 1178 1164 1180
f 1164 1165 1180
f 1165 1166 1180
f 1181 1180 1182
f 1180 1166 1182
f 1166 1167 1182
f 1167 1168 1182
f 1182 1168 1183
f 1168 1169 1183
f 1169 1170 1183
f 1170 1171 1183
f 1183 1171 1184
f 1171 1172 1184
f 1172 1173 1184
f 1184 1173 1185
f 1716 1715 1717
f 1715 1692 1717
f 1692 1693 1717
f 1693 1694 1717
f 1717 1694 1718
f 1694 1695 1718
f 1695 1696 1718
f 1718 1696 1719
f 1722 1699 1723
f 1699 1700 1723
f 1696 1697 1719
f 1719 1697 1720
f 1720 1697 1721
f 1697 1698 1721
f 1721 1698 1722
f 1698 1699 1722
f 1473 1474 1500
f 1500 1474 1501
f 1474 1475 1501
f 1475 1476 1501
f 1501 1476 1502
f 1502 1476 1503
f 1476 1477 1503
f 1503 1477 1504
f 1504 1477 1505
f 1477 1478 1505
f 1505 1478 1506
f 1478 1479 1506
f 1479 1480 1506
f 1506 1480 1507
f 1480 1481 1507
f 1507 1481 1508
f 1481 1482 1508
f 1508 1482 1509
f 1482 1483 1509
f 1509 1483 1510
f 1510 1483 1511
f 1483 1484 1511
f 6190 6142 6191
f 6191 6142 6192
f 6142 6143 6192
f 6192 6143 6193
f 6188 6189 6234
f 6234 6189 6235
f 6189 6190 6235
f 6235 6190 6236
f 6236 6190 6237
f 6190 6191 6237
f 6080 6081 6137
f 6136 6137 6185
f 6185 6137 6186
f 6185 6186 6233
f 6136 6080 6137
f 6232 6185 6233
f 6232 6233 6283
f 6233 6234 6283
f 6234 6235 6283
f 6192 6193 6243
f 6243 6193 6244
f 6193 6194 6244
f 6244 6194 6246
f 6245 6246 6291
f 6245 6244 6246
f 6199 6200 6198
f 6198 6200 716
f 6198 716 6249
f 6249 716 6250
f 6293 6249 6294
f 6249 6250 6294
f 6292 6291 6293
f 6292 6293 6318
f 6293 6294 6318
f 6290 6245 6291
f 6290 6291 6316
f 6316 6291 6317
f 6291 6292 6317
f 6200 6199 6201
f 716 6200 6201
f 716 6201 6258
f 6257 713 6258
f 713 715 6258
f 715 716 6258
f 6257 6258 6298
f 6298 6260 6299
f 6297 6298 6324
f 6298 6299 6324
f 6297 6257 6298
f 6110 6111 6162
f 6110 6046 6111
f 6111 6112 6162
f 6162 6112 6163
f 6210 6162 6211
f 6162 6163 6211
f 6265 6210 6266
f 6210 6211 6266
f 6264 6265 6302
f 6302 6265 6303
f 6303 6265 6304
f 6265 6266 6304
f 6327 6301 6328
f 6301 6302 6328
f 6302 6303 6328
f 6324 6299 6325
f 6325 6299 6326
f 6326 6299 6327
f 6326 6327 6351
f 6327 6328 6351
f 5863 5864 5932
f 5933 5932 5934
f 5932 5864 5934
f 5863 5786 5864
f 5768 5770 5786
f 5785 5786 5863
f 5785 5768 5786
f 5767 5766 5768
f 5767 5768 5785
f 5765 5766 5767
f 5765 5767 5783
f 5782 5783 5861
f 5783 5784 5861
f 5783 5767 5784
f 6166 6167 6215
f 6166 6117 6167
f 6117 6118 6167
f 6118 6119 6167
f 6119 6120 6167
f 6119 6057 6120
f 6057 6058 6120
f 6057 5998 6058
f 5998 5999 6058
f 5998 733 5999
f 733 734 5999
f 734 5933 5999
f 5933 734 5986
f 6214 6213 6215
f 6213 6166 6215
f 6214 6215 6267
f 6215 6216 6267
f 6267 6216 6269
f 6269 6216 6270
f 6216 6217 6270
f 6217 6218 6270
f 6218 6171 6219
f 6270 6218 6271
f 6218 6219 6271
f 6126 6172 6171
f 6171 6172 6173
f 6171 6173 6219
f 719 720 6076
f 6076 720 6077
f 6076 6077 6135
f 717 718 719
f 717 719 6076
f 6067 718 6074
f 6074 718 6075
f 718 717 6075
f 6067 6068 6126
f 6068 6067 6069
f 6069 6067 6073
f 6073 6067 6074
f 6134 6135 6182
f 6135 6136 6182
f 6134 6076 6135
f 6135 6080 6136
f 6172 6126 6174
f 6126 6127 6174
f 6068 6069 6126
f 6069 6071 6126
f 6071 6070 6126
f 6126 6070 6127
f 5986 734 5987
f 5929 5861 5930
f 5861 5862 5930
f 5930 5862 5931
f 5931 5863 5932
f 5862 5863 5931
f 6046 6047 6111
f 5988 5989 6046
f 6046 5989 6047
f 5988 5987 5989
f 5987 727 5989
f 734 723 5987
f 723 725 5987
f 725 727 5987
f 5861 5784 5862
f 3764 3619 3765
f 3619 3620 3765
f 3620 3712 3765
f 3712 3713 3765
f 3766 3713 3768
f 3713 3714 3768
f 3768 3714 3769
f 3714 3715 3769
f 3715 3716 3769
f 3716 3717 3769
f 3769 3717 3770
f 3770 3717 3771
f 3717 3718 3771
f 3718 3719 3771
f 3771 3719 3772
f 3719 3720 3772
f 3772 3720 3773
f 3720 3721 3773
f 3773 3721 3774
f 3721 3722 3774
f 3774 3722 3775
f 3775 3722 3776
f 3722 3723 3776
f 3723 3724 3776
f 3776 3724 3777
f 3724 3725 3777
f 3777 3725 3778
f 3778 3725 3779
f 3725 3726 3779
f 3779 3726 3780
f 3726 3727 3780
f 3727 3728 3780
f 3728 3729 3780
f 3780 3729 3781
f 3729 3730 3781
f 3781 3730 3782
f 3730 3731 3782
f 3782 3731 3783
f 3731 3732 3783
f 3783 3732 3784
f 3784 3732 3785
f 3785 3734 3786
f 3786 3734 3787
f 3732 3733 3785
f 3733 3734 3785
f 3787 3734 3788
f 3788 3734 3789
f 3794 3741 3795
f 3741 3742 3795
f 3742 3743 3795
f 3743 3744 3795
f 3795 3744 3796
f 3796 3744 3797
f 3744 3745 3797
f 3797 3745 3798
f 3789 3736 3790
f 3736 3737 3790
f 3790 3737 3791
f 3791 3737 3792
f 3734 3735 3789
f 3735 3736 3789
f 3737 3738 3792
f 3738 3739 3792
f 3792 3739 3793
f 3739 3740 3793
f 3793 3740 3794
f 3740 3741 3794
f 3745 3746 3798
f 3746 3747 3798
f 3747 3748 3798
f 3798 3748 3799
f 3748 3749 3799
f 3799 3749 3800
f 3800 3749 3801
f 3750 3751 3801
f 3751 3752 3801
f 3752 3753 3801
f 3801 3753 3802
f 3749 3750 3801
f 3802 3753 3803
f 3753 3754 3803
f 3754 3755 3803
f 3803 3755 3804
f 3755 3756 3804
f 3804 3756 3805
f 3756 3758 3805
f 3805 3758 3806
f 3758 3757 3806
f 3806 3807 3808
f 3807 3806 3810
f 3806 3757 3810
f 3808 3807 3809
f 3809 3807 3222
f 3211 3209 3212
f 3222 3807 3810
f 3209 3211 3221
f 3221 3211 3222
f 3209 3210 3212
f 3210 3199 3212
f 3212 3199 3213
f 3199 3200 3213
f 3200 3201 3213
f 3213 3201 3214
f 3201 3202 3214
f 3202 3215 3214
f 3214 3215 3216
f 3216 3215 3217
f 3215 3202 3217
f 3202 3203 3217
f 3203 3204 3217
f 3204 3205 3217
f 3217 3205 3218
f 3218 3205 3219
f 3205 3206 3219
f 3206 3207 3219
f 3219 3207 3220
f 3207 3208 3220
f 3208 3209 3220
f 3220 3209 3221
f 3810 3757 3811
f 3762 3613 3763
f 3760 3612 3761
f 3612 3613 3761
f 3761 3613 3762
f 3613 3614 3763
f 3614 3615 3763
f 3615 3616 3763
f 3616 3617 3763
f 3757 3758 3759
f 3758 3756 3759
f 3759 3756 3760
f 3756 3611 3760
f 3611 3612 3760
f 1486 1456 1487
f 1456 1457 1487
f 1483 1450 1484
f 1450 1451 1484
f 1451 1452 1484
f 1452 1453 1484
f 1453 1454 1484
f 1454 1455 1484
f 1484 1455 1485
f 1485 1455 1486
f 1455 1456 1486
f 1457 1456 1458
f 1456 1417 1458
f 1460 1421 1461
f 1418 1419 1460
f 1419 1421 1460
f 1462 1461 1463
f 1461 1421 1463
f 1463 1421 1464
f 1421 1422 1464
f 1422 1423 1464
f 1464 1423 1465
f 1465 1423 1466
f 1423 1424 1466
f 1424 1425 1466
f 1425 1426 1466
f 1426 1427 1466
f 1427 1428 1466
f 1466 1428 1467
f 1428 1429 1467
f 1429 1430 1467
f 1467 1430 1468
f 1430 1431 1468
f 1431 1432 1468
f 1432 1433 1468
f 1468 1433 1469
f 1433 1434 1469
f 1469 1434 1470
f 1470 1434 1471
f 1434 1435 1471
f 1471 1435 1472
f 1435 1436 1472
f 1436 1437 1472
f 1472 1437 1473
f 1473 1437 1474
f 1699 1679 1700
f 1679 1680 1700
f 1680 1681 1700
f 1681 1682 1700
f 1682 1681 1683
f 1681 1659 1683
f 1659 1660 1683
f 1660 1661 1683
f 1683 1661 1684
f 1661 1662 1684
f 1684 1662 1685
f 1662 1663 1685
f 1685 1663 1686
f 1663 1664 1686
f 1686 1664 1687
f 1664 1665 1687
f 1687 1665 1688
f 1665 1666 1688
f 1666 1667 1688
f 1688 1667 1689
f 1667 1668 1689
f 1689 1668 1690
f 1668 1669 1690
f 1669 1670 1690
f 1690 1670 1691
f 1691 1671 1692
f 1670 1671 1691
f 1692 1671 1693
f 1173 1162 1174
f 1162 1161 1174
f 1172 1162 1173
f 1161 1162 1163
f 1162 1160 1163
f 1160 1152 1163
f 1163 1152 1164
f 1164 1152 1165
f 1152 1153 1165
f 1153 1154 1165
f 1165 1154 1166
f 1154 1155 1166
f 1166 1155 1167
f 1155 1156 1167
f 1156 1157 1167
f 1168 1167 1169
f 1167 1157 1169
f 1157 1158 1169
f 1169 1158 1170
f 1170 1158 1171
f 1160 1162 1171
f 1171 1162 1172
f 1158 1159 1171
f 1159 1160 1171
f 1671 1672 1693
f 1672 1674 1693
f 1693 1674 1694
f 1694 1674 1695
f 1695 1674 1696
f 1674 1673 1696
f 1673 1675 1696
f 1675 1676 1696
f 1696 1676 1697
f 1698 1679 1699
f 1697 1676 1698
f 1676 1677 1698
f 1677 1678 1698
f 1678 1679 1698
f 1437 1438 1474
f 1474 1438 1475
f 1438 1439 1475
f 1475 1439 1476
f 1439 1440 1476
f 1476 1440 1477
f 1440 1441 1477
f 1477 1441 1478
f 1441 1442 1478
f 1478 1442 1479
f 1442 1443 1479
f 1479 1443 1480
f 1443 1444 1480
f 1444 1445 1480
f 1480 1445 1481
f 1445 1446 1481
f 1481 1446 1482
f 1446 1447 1482
f 1482 1447 1483
f 1447 1450 1483
f 6237 6191 6238
f 6238 6191 6242
f 6191 6192 6242
f 6242 6192 6243
f 6235 6236 6283
f 6283 6236 6284
f 6236 6237 6284
f 6284 6237 6285
f 6237 6238 6285
f 6183 6136 6184
f 6184 6136 6185
f 6184 6185 6232
f 6182 6136 6183
f 6231 6184 6232
f 6231 6232 6282
f 6282 6232 6283
f 6282 6283 6314
f 6242 6243 6289
f 6289 6243 6290
f 6243 6244 6290
f 6244 6245 6290
f 716 714 6250
f 715 714 716
f 6255 6250 6256
f 6256 6250 6257
f 6250 714 6257
f 6250 6255 6294
f 6255 6252 6294
f 6294 6252 6295
f 6318 6294 6319
f 6294 6295 6319
f 6317 6292 6318
f 6318 6319 6344
f 6317 6318 6344
f 6289 6290 6316
f 6315 6287 6316
f 6287 6288 6316
f 6288 6289 6316
f 6315 6316 6343
f 6316 6317 6343
f 6343 6317 6344
f 714 713 6257
f 713 714 715
f 6256 6257 6297
f 6323 6296 6324
f 6296 6297 6324
f 6323 6324 6349
f 6324 6325 6349
f 6296 6253 6297
f 6253 6254 6297
f 6254 6256 6297
f 6047 6048 6111
f 6111 6048 6112
f 6048 6049 6112
f 6049 6050 6112
f 6112 6050 6113
f 6112 6113 6163
f 6113 6114 6163
f 6163 6114 6164
f 6163 6164 6211
f 6211 6212 6266
f 6211 6164 6212
f 6212 6213 6266
f 6213 6214 6266
f 6266 6214 6267
f 6266 6267 6304
f 6328 6303 6329
f 6329 6303 6330
f 6303 6304 6330
f 6267 6268 6304
f 6304 6268 6305
f 6330 6304 6331
f 6331 6304 6332
f 6304 6305 6332
f 6351 6328 6352
f 6328 6329 6352
f 6349 6325 6350
f 6325 6326 6350
f 6350 6326 6351
f 6350 6351 6369
f 6369 6351 6370
f 6351 6352 6370
f 5862 5785 5863
f 5784 5785 5862
f 5784 5767 5785
f 6165 6117 6166
f 6165 6166 6212
f 6212 6166 6213
f 6117 6116 6118
f 6116 6117 6165
f 6116 6056 6118
f 6056 6057 6118
f 6118 6057 6119
f 6056 6055 6057
f 6055 5997 6057
f 5997 5998 6057
f 5997 733 5998
f 733 732 734
f 732 733 5996
f 5996 733 5997
f 732 723 734
f 6268 6267 6269
f 6268 6269 6305
f 6305 6269 6306
f 6269 6270 6306
f 6306 6270 6307
f 6270 6271 6307
f 6219 6173 6220
f 6271 6219 6272
f 6272 6219 6273
f 6219 6220 6273
f 6307 6271 6308
f 6271 6272 6308
f 6173 6172 6174
f 6173 6174 6220
f 6075 6076 6134
f 6075 717 6076
f 6073 6074 6134
f 6074 6075 6134
f 6071 6069 6072
f 6072 6069 6073
f 6072 6073 6134
f 6181 6182 6228
f 6182 6183 6228
f 6181 6133 6182
f 6133 6134 6182
f 6133 6070 6134
f 6070 6072 6134
f 6127 6129 6174
f 6174 6129 6175
f 6174 6175 6220
f 6129 6127 6132
f 6132 6127 6133
f 6127 6070 6133
f 6070 6071 6072
f 6047 5990 6049
f 5989 5990 6047
f 6048 6047 6049
f 5989 727 5990
f 727 728 5990
f 727 725 728
f 731 723 732
f 723 724 725
f 724 723 731
f 724 726 725
f 725 726 728
f 3618 3576 3619
f 3576 3575 3619
f 3619 3575 3620
f 3712 3620 3734
f 3734 3620 3735
f 3620 3582 3735
f 3575 3577 3620
f 3577 3578 3620
f 3578 3581 3620
f 3581 3582 3620
f 3712 3690 3713
f 3711 3712 3733
f 3733 3712 3734
f 3711 3690 3712
f 3713 3690 3714
f 3690 3691 3714
f 3691 3692 3714
f 3692 3693 3714
f 3714 3693 3715
f 3715 3693 3716
f 3717 3716 3718
f 3716 3695 3718
f 3694 3695 3716
f 3693 3694 3716
f 3695 3696 3718
f 3718 3696 3719
f 3696 3697 3719
f 3697 3698 3719
f 3720 3719 3721
f 3719 3698 3721
f 3721 3698 3722
f 3722 3698 3723
f 3698 3699 3723
f 3699 3700 3723
f 3723 3700 3724
f 3700 3701 3724
f 3724 3701 3725
f 3701 3702 3725
f 3725 3702 3726
f 3726 3702 3727
f 3702 3703 3727
f 3703 3704 3727
f 3727 3704 3728
f 3706 3707 3728
f 3728 3707 3729
f 3704 3705 3728
f 3705 3706 3728
f 3707 3708 3729
f 3729 3708 3730
f 3708 3709 3730
f 3730 3709 3731
f 3709 3710 3731
f 3731 3710 3732
f 3732 3710 3733
f 3710 3711 3733
f 3740 3587 3741
f 3587 3588 3741
f 3588 3589 3741
f 3741 3589 3742
f 3742 3592 3743
f 3589 3590 3742
f 3590 3591 3742
f 3591 3592 3742
f 3592 3593 3743
f 3593 3594 3743
f 3594 3595 3743
f 3595 3596 3743
f 3743 3596 3744
f 3744 3596 3745
f 3596 3597 3745
f 3745 3597 3746
f 3735 3583 3736
f 3736 3583 3737
f 3737 3583 3738
f 3582 3583 3735
f 3583 3584 3738
f 3584 3585 3738
f 3585 3586 3738
f 3738 3586 3739
f 3586 3587 3739
f 3739 3587 3740
f 3746 3597 3747
f 3597 3598 3747
f 3598 3599 3747
f 3599 3600 3747
f 3600 3601 3747
f 3747 3601 3748
f 3601 3602 3748
f 3748 3602 3749
f 3749 3602 3750
f 3602 3603 3750
f 3603 3604 3750
f 3604 3605 3750
f 3750 3605 3751
f 3605 3606 3751
f 3751 3606 3752
f 3606 3607 3752
f 3607 3608 3752
f 3752 3608 3753
f 3753 3608 3754
f 3608 3609 3754
f 3609 3610 3754
f 3754 3610 3755
f 3610 3611 3755
f 3755 3611 3756
f 3208 3199 3209
f 3199 3210 3209
f 3198 3199 3208
f 3199 3198 3200
f 3198 3188 3200
f 3188 3189 3200
f 3200 3189 3201
f 3189 3190 3201
f 3201 3190 3202
f 3190 3191 3202
f 3202 3191 3203
f 3191 3192 3203
f 3192 3193 3203
f 3203 3193 3204
f 3193 3194 3204
f 3205 3204 3206
f 3204 3194 3206
f 3194 3195 3206
f 3195 3196 3206
f 3206 3196 3207
f 3207 3197 3208
f 3196 3197 3207
f 3197 3198 3208
f 3616 3570 3617
f 3570 3571 3617
f 3571 3572 3617
f 3612 3566 3613
f 3613 3566 3614
f 3565 3566 3612
f 3611 3565 3612
f 3566 3567 3614
f 3614 3567 3615
f 3569 3570 3615
f 3615 3570 3616
f 3567 3568 3615
f 3568 3569 3615
f 3610 3565 3611
f 1455 1454 1456
f 1454 1416 1456
f 1416 1417 1456
f 1447 1449 1450
f 1449 1448 1450
f 1448 1407 1450
f 1450 1407 1451
f 1407 1409 1451
f 1409 1411 1451
f 1411 1412 1451
f 1451 1412 1452
f 1412 1413 1452
f 1452 1413 1453
f 1413 1414 1453
f 1414 1416 1453
f 1453 1416 1454
f 1416 1376 1417
f 1376 1377 1417
f 1377 1379 1417
f 1421 1419 1422
f 1380 1381 1419
f 1381 1420 1419
f 1422 1419 1424
f 1419 1420 1424
f 1423 1422 1424
f 1424 1420 1425
f 1420 1381 1425
f 1381 1382 1425
f 1425 1382 1426
f 1427 1383 1428
f 1428 1383 1429
f 1429 1384 1430
f 1384 1385 1430
f 1430 1385 1431
f 1387 1388 1431
f 1388 1389 1431
f 1431 1389 1432
f 1385 1386 1431
f 1386 1387 1431
f 1389 1390 1432
f 1432 1390 1433
f 1434 1433 1435
f 1433 1390 1435
f 1390 1391 1435
f 1391 1392 1435
f 1392 1393 1435
f 1393 1394 1435
f 1394 1395 1435
f 1435 1395 1436
f 1395 1396 1436
f 1437 1436 1438
f 1438 1436 1439
f 1436 1396 1439
f 1679 1678 1680
f 1678 1658 1680
f 1680 1658 1681
f 1658 1659 1681
f 1659 1639 1660
f 1658 1639 1659
f 1639 1640 1660
f 1640 1641 1660
f 1641 1642 1660
f 1660 1642 1661
f 1642 1643 1661
f 1661 1643 1662
f 1643 1644 1662
f 1662 1644 1663
f 1644 1645 1663
f 1645 1646 1663
f 1646 1647 1663
f 1663 1647 1664
f 1647 1648 1664
f 1665 1664 1666
f 1664 1648 1666
f 1648 1649 1666
f 1666 1649 1667
f 1649 1650 1667
f 1668 1667 1669
f 1667 1650 1669
f 1650 1651 1669
f 1651 1652 1669
f 1669 1652 1670
f 1652 1653 1670
f 1670 1653 1671
f 1671 1653 1672
f 1159 1152 1160
f 1151 1152 1159
f 1151 1143 1152
f 1152 1143 1153
f 1143 1145 1153
f 1153 1145 1154
f 1145 1146 1154
f 1154 1146 1155
f 1146 1147 1155
f 1155 1147 1156
f 1147 1148 1156
f 1148 1149 1156
f 1156 1149 1157
f 1149 1150 1157
f 1157 1150 1158
f 1158 1150 1159
f 1150 1151 1159
f 1674 1672 1675
f 1672 1653 1675
f 1673 1674 1675
f 1655 1656 1675
f 1676 1675 1677
f 1675 1656 1677
f 1653 1654 1675
f 1654 1655 1675
f 1656 1657 1677
f 1657 1658 1677
f 1677 1658 1678
f 1396 1397 1439
f 1397 1398 1439
f 1439 1398 1440
f 1398 1399 1440
f 1399 1400 1440
f 1400 1402 1440
f 1440 1402 1441
f 1441 1402 1442
f 1442 1402 1443
f 1402 1403 1443
f 1443 1403 1444
f 1403 1404 1444
f 1444 1404 1445
f 1406 1410 1445
f 1410 1408 1445
f 1445 1408 1446
f 1404 1405 1445
f 1405 1406 1445
f 1408 1407 1446
f 1446 1407 1447
f 1407 1448 1447
f 1448 1449 1447
f 6240 6238 6241
f 6241 6238 6242
f 6238 6240 6285
f 6241 6242 6289
f 6229 6183 6231
f 6183 6184 6231
f 6228 6183 6229
f 6230 6229 6231
f 6230 6231 6282
f 6281 6230 6282
f 6288 6241 6289
f 6252 6255 6254
f 6254 6255 6256
f 6251 6252 6253
f 6253 6252 6254
f 6252 6251 6295
f 6295 6251 6296
f 6319 6295 6321
f 6321 6295 6322
f 6295 6296 6322
f 6344 6319 6345
f 6319 6320 6345
f 6320 6319 6321
f 6343 6344 6362
f 6286 6241 6288
f 6322 6296 6323
f 6347 6323 6349
f 6322 6323 6347
f 6251 6253 6296
f 6348 6347 6349
f 6348 6349 6368
f 6349 6350 6368
f 6049 5990 6050
f 5990 5991 6050
f 6050 5991 6051
f 6050 6051 6113
f 6051 6052 6113
f 6113 6052 6114
f 6114 6052 6115
f 6164 6114 6165
f 6114 6115 6165
f 6164 6165 6212
f 6352 6329 6353
f 6329 6330 6353
f 6353 6330 6354
f 6330 6331 6354
f 6332 6305 6333
f 6305 6306 6333
f 6331 6332 6354
f 6332 6333 6354
f 6352 6353 6371
f 6370 6352 6371
f 6368 6350 6369
f 6368 6369 6384
f 6384 6369 6385
f 6369 6370 6385
f 6370 6371 6385
f 6115 6116 6165
f 6115 6053 6116
f 6053 6054 6116
f 6054 6055 6116
f 6055 6056 6116
f 6054 5994 6055
f 5994 5995 6055
f 5995 5996 6055
f 5996 5997 6055
f 731 732 5996
f 5995 731 5996
f 6333 6306 6334
f 6334 6306 6335
f 6306 6307 6335
f 6307 6308 6335
f 6220 6175 6221
f 6273 6220 6274
f 6220 6221 6274
f 6308 6272 6309
f 6272 6273 6309
f 6273 6274 6309
f 6335 6308 6336
f 6308 6309 6336
f 6227 6180 6228
f 6227 6228 6280
f 6228 6229 6280
f 6180 6131 6181
f 6131 6132 6181
f 6132 6133 6181
f 6180 6181 6228
f 6128 6129 6130
f 6130 6129 6132
f 6175 6129 6176
f 6129 6128 6176
f 6175 6176 6221
f 6131 6130 6132
f 5990 728 5991
f 728 729 5991
f 728 726 729
f 730 731 5995
f 730 724 731
f 729 724 730
f 726 724 729
f 3572 3571 3573
f 3571 3532 3573
f 3573 3532 3574
f 3532 3533 3574
f 3580 3574 3578
f 3574 3533 3578
f 3576 3579 3578
f 3575 3576 3577
f 3577 3576 3578
f 3581 3533 3582
f 3533 3534 3582
f 3582 3534 3583
f 3578 3533 3581
f 3690 3689 3691
f 3689 3690 3711
f 3710 3689 3711
f 3689 3687 3691
f 3687 3670 3691
f 3670 3672 3691
f 3691 3672 3692
f 3692 3672 3693
f 3672 3673 3693
f 3693 3673 3694
f 3694 3674 3695
f 3695 3674 3696
f 3673 3674 3694
f 3696 3674 3697
f 3674 3675 3697
f 3675 3676 3697
f 3697 3676 3698
f 3698 3676 3699
f 3699 3676 3700
f 3676 3677 3700
f 3677 3678 3700
f 3700 3678 3701
f 3678 3679 3701
f 3701 3679 3702
f 3702 3679 3703
f 3679 3680 3703
f 3703 3680 3704
f 3680 3681 3704
f 3681 3682 3704
f 3704 3682 3705
f 3705 3684 3706
f 3706 3684 3707
f 3684 3685 3707
f 3707 3685 3708
f 3682 3683 3705
f 3683 3684 3705
f 3685 3686 3708
f 3708 3686 3709
f 3686 3687 3709
f 3687 3688 3709
f 3709 3688 3710
f 3688 3689 3710
f 3587 3586 3588
f 3586 3539 3588
f 3589 3588 3590
f 3588 3539 3590
f 3591 3541 3592
f 3592 3541 3593
f 3590 3539 3591
f 3539 3540 3591
f 3540 3541 3591
f 3541 3542 3593
f 3542 3543 3593
f 3593 3543 3594
f 3543 3544 3594
f 3544 3545 3594
f 3545 3546 3594
f 3594 3546 3595
f 3549 3550 3595
f 3595 3550 3596
f 3546 3547 3595
f 3547 3549 3595
f 3596 3550 3597
f 3597 3550 3598
f 3583 3534 3584
f 3534 3535 3584
f 3535 3536 3584
f 3584 3536 3585
f 3536 3537 3585
f 3537 3538 3585
f 3538 3539 3585
f 3585 3539 3586
f 3598 3551 3599
f 3550 3551 3598
f 3552 3553 3599
f 3553 3554 3599
f 3599 3554 3600
f 3551 3552 3599
f 3554 3555 3600
f 3600 3555 3601
f 3555 3556 3601
f 3602 3601 3603
f 3601 3556 3603
f 3603 3556 3604
f 3556 3557 3604
f 3557 3558 3604
f 3604 3558 3605
f 3558 3559 3605
f 3605 3559 3606
f 3606 3559 3607
f 3559 3560 3607
f 3560 3561 3607
f 3608 3607 3609
f 3607 3561 3609
f 3561 3563 3609
f 3563 3564 3609
f 3609 3564 3610
f 3564 3565 3610
f 3197 3187 3198
f 3187 3188 3198
f 3187 3186 3188
f 3188 3186 3189
f 3186 3176 3189
f 3176 3177 3189
f 3189 3177 3190
f 3177 3178 3190
f 3178 3179 3190
f 3190 3179 3191
f 3191 3180 3192
f 3179 3180 3191
f 3180 3181 3192
f 3192 3181 3193
f 3181 3182 3193
f 3193 3182 3194
f 3182 3183 3194
f 3194 3183 3195
f 3183 3184 3195
f 3195 3184 3196
f 3184 3185 3196
f 3185 3187 3196
f 3196 3187 3197
f 3569 3529 3570
f 3529 3530 3570
f 3570 3530 3571
f 3530 3531 3571
f 3531 3532 3571
f 3565 3564 3566
f 3566 3564 3567
f 3520 3521 3567
f 3521 3522 3567
f 3567 3522 3568
f 3564 3562 3567
f 3562 3520 3567
f 3568 3524 3569
f 3524 3525 3569
f 3525 3526 3569
f 3526 3527 3569
f 3527 3528 3569
f 3528 3529 3569
f 3522 3523 3568
f 3523 3524 3568
f 1414 1415 1416
f 1415 1374 1416
f 1374 1376 1416
f 1407 1408 1409
f 1408 1410 1409
f 1409 1410 1411
f 1410 1406 1411
f 1406 1363 1411
f 1363 1364 1411
f 1411 1364 1412
f 1364 1365 1412
f 1365 1366 1412
f 1366 1367 1412
f 1367 1368 1412
f 1368 1373 1412
f 1412 1373 1413
f 1413 1373 1414
f 1373 1374 1414
f 1374 1415 1414
f 1374 1375 1376
f 1376 1375 1377
f 1379 1377 1386
f 1386 1377 1387
f 1377 1375 1387
f 1385 1378 1386
f 1387 1375 1388
f 1375 1371 1388
f 1388 1371 1389
f 1371 1370 1389
f 1390 1389 1391
f 1389 1370 1391
f 1391 1370 1392
f 1370 1369 1392
f 1369 1368 1392
f 1392 1368 1393
f 1368 1349 1393
f 1349 1350 1393
f 1393 1350 1394
f 1350 1351 1394
f 1351 1352 1394
f 1394 1352 1395
f 1352 1353 1395
f 1353 1354 1395
f 1396 1395 1397
f 1395 1354 1397
f 1657 1639 1658
f 1639 1638 1640
f 1638 1639 1657
f 1640 1622 1641
f 1638 1637 1640
f 1637 1636 1640
f 1636 1620 1640
f 1620 1621 1640
f 1621 1622 1640
f 1622 1623 1641
f 1641 1623 1642
f 1623 1624 1642
f 1642 1624 1643
f 1643 1624 1644
f 1624 1625 1644
f 1644 1625 1645
f 1625 1626 1645
f 1626 1627 1645
f 1646 1645 1647
f 1645 1627 1647
f 1627 1628 1647
f 1628 1629 1647
f 1648 1647 1649
f 1647 1629 1649
f 1629 1630 1649
f 1649 1630 1650
f 1650 1630 1651
f 1630 1631 1651
f 1651 1631 1652
f 1653 1652 1654
f 1652 1631 1654
f 1150 1149 1151
f 1149 1141 1151
f 1141 1143 1151
f 1141 1142 1143
f 1142 1144 1143
f 1143 1144 1145
f 1145 1144 1146
f 1146 1144 1147
f 1144 1142 1147
f 1147 1142 1148
f 1142 1141 1148
f 1148 1141 1149
f 1654 1632 1655
f 1632 1633 1655
f 1633 1634 1655
f 1634 1635 1655
f 1635 1636 1655
f 1655 1636 1656
f 1636 1638 1656
f 1656 1638 1657
f 1631 1632 1654
f 1354 1355 1397
f 1355 1356 1397
f 1397 1356 1398
f 1398 1356 1399
f 1399 1356 1400
f 1356 1357 1400
f 1357 1358 1400
f 1358 1401 1400
f 1400 1401 1402
f 1402 1401 1403
f 1401 1358 1403
f 1403 1358 1404
f 1358 1359 1404
f 1404 1359 1405
f 1405 1361 1406
f 1361 1362 1406
f 1362 1363 1406
f 1359 1360 1405
f 1360 1361 1405
f 6239 6240 6241
f 6229 6230 6280
f 6321 6322 6347
f 6346 6321 6347
f 6320 6321 6346
f 6345 6346 6363
f 6345 6320 6346
f 6347 6348 6365
f 6346 6347 6365
f 6367 6348 6368
f 6365 6348 6367
f 6367 6368 6384
f 5992 5991 5993
f 5991 729 5993
f 5991 5992 6051
f 6051 5992 6052
f 6052 5992 6053
f 6052 6053 6115
f 6371 6353 6374
f 6374 6353 6375
f 6353 6354 6375
f 6354 6355 6375
f 6333 6334 6354
f 6354 6334 6355
f 6372 6371 6373
f 6373 6371 6374
f 6371 6372 6385
f 6383 6366 6384
f 6366 6367 6384
f 6383 6384 6394
f 6394 6384 6395
f 6384 6385 6395
f 6372 6386 6385
f 6385 6386 6387
f 6385 6387 6395
f 6053 5992 6054
f 5992 5993 6054
f 5993 5994 6054
f 5993 730 5994
f 5994 730 5995
f 6355 6334 6356
f 6334 6335 6356
f 6335 6336 6356
f 6176 6178 6221
f 6221 6178 6222
f 6221 6222 6274
f 6274 6222 6275
f 6309 6274 6310
f 6274 6275 6310
f 6336 6309 6339
f 6309 6310 6339
f 6336 6337 6356
f 6337 6336 6338
f 6338 6336 6339
f 6226 6227 6279
f 6279 6227 6280
f 6179 6130 6180
f 6130 6131 6180
f 6226 6177 6227
f 6177 6179 6227
f 6179 6180 6227
f 6176 6128 6179
f 6128 6130 6179
f 6178 6176 6179
f 729 730 5993
f 3532 3531 3533
f 3533 3531 3534
f 3534 3531 3535
f 3688 3687 3689
f 3686 3670 3687
f 3668 3670 3685
f 3668 3669 3670
f 3669 3671 3670
f 3670 3671 3672
f 3685 3670 3686
f 3672 3671 3673
f 3674 3673 3675
f 3673 3671 3675
f 3671 3669 3675
f 3669 3655 3675
f 3675 3655 3676
f 3676 3655 3677
f 3655 3656 3677
f 3656 3657 3677
f 3677 3657 3678
f 3678 3657 3679
f 3657 3658 3679
f 3658 3659 3679
f 3679 3659 3680
f 3659 3660 3680
f 3680 3660 3681
f 3660 3661 3681
f 3661 3662 3681
f 3662 3663 3681
f 3681 3663 3682
f 3682 3663 3683
f 3683 3666 3684
f 3666 3667 3684
f 3667 3668 3684
f 3684 3668 3685
f 3663 3664 3683
f 3664 3665 3683
f 3665 3666 3683
f 3539 3538 3540
f 3541 3540 3542
f 3538 3402 3540
f 3402 3403 3540
f 3540 3403 3542
f 3403 3404 3542
f 3542 3404 3543
f 3404 3405 3543
f 3543 3405 3544
f 3405 3406 3544
f 3406 3407 3544
f 3544 3407 3545
f 3407 3408 3545
f 3408 3409 3545
f 3545 3409 3546
f 3410 3411 3546
f 3546 3411 3547
f 3409 3410 3546
f 3549 3548 3551
f 3547 3548 3549
f 3550 3549 3551
f 3411 3412 3547
f 3412 3548 3547
f 3531 3223 3535
f 3535 3223 3536
f 3536 3223 3537
f 3223 3225 3537
f 3225 3401 3537
f 3537 3401 3538
f 3401 3402 3538
f 3548 3412 3551
f 3551 3412 3552
f 3412 3413 3552
f 3413 3414 3552
f 3552 3414 3553
f 3414 3510 3553
f 3553 3510 3554
f 3510 3511 3554
f 3511 3512 3554
f 3554 3512 3555
f 3512 3513 3555
f 3555 3513 3556
f 3556 3513 3557
f 3513 3514 3557
f 3514 3515 3557
f 3557 3515 3558
f 3515 3516 3558
f 3516 3517 3558
f 3558 3517 3559
f 3559 3517 3560
f 3517 3518 3560
f 3518 3519 3560
f 3519 3520 3560
f 3560 3520 3561
f 3520 3562 3561
f 3561 3562 3563
f 3563 3562 3564
f 3185 3186 3187
f 3176 3186 3185
f 3175 3166 3176
f 3166 3167 3176
f 3176 3167 3177
f 3175 3176 3185
f 3177 3167 3178
f 3178 3167 3179
f 3167 3168 3179
f 3168 3169 3179
f 3179 3169 3180
f 3169 3170 3180
f 3170 3172 3180
f 3180 3172 3181
f 3181 3172 3182
f 3172 3171 3182
f 3182 3171 3183
f 3183 3171 3184
f 3171 3173 3184
f 3173 3174 3184
f 3174 3175 3184
f 3184 3175 3185
f 3528 3399 3529
f 3529 3399 3530
f 3399 3400 3530
f 3400 3225 3530
f 3225 3224 3530
f 3530 3224 3531
f 3224 3223 3531
f 3519 3500 3520
f 3520 3500 3521
f 3500 3501 3521
f 3501 3502 3521
f 3521 3502 3522
f 3522 3502 3523
f 3523 3509 3524
f 3509 3414 3524
f 3414 3395 3524
f 3524 3395 3525
f 3395 3396 3525
f 3525 3396 3526
f 3396 3397 3526
f 3397 3398 3526
f 3527 3526 3528
f 3526 3398 3528
f 3398 3399 3528
f 3502 3503 3523
f 3503 3504 3523
f 3504 3505 3523
f 3505 3507 3523
f 3507 3508 3523
f 3508 3509 3523
f 1373 1371 1374
f 1371 1375 1374
f 1362 1348 1363
f 1364 1363 1365
f 1363 1348 1365
f 1366 1365 1367
f 1365 1348 1367
f 1367 1348 1368
f 1348 1349 1368
f 1369 1370 1368
f 1370 1371 1368
f 1371 1372 1368
f 1368 1372 1373
f 1372 1371 1373
f 1349 1348 1350
f 1348 1338 1350
f 1350 1338 1351
f 1338 1339 1351
f 1351 1339 1352
f 1339 1340 1352
f 1340 1341 1352
f 1352 1341 1353
f 1354 1353 1355
f 1353 1341 1355
f 1636 1637 1638
f 1622 1605 1623
f 1621 1605 1622
f 1635 1619 1636
f 1619 1620 1636
f 1619 1597 1620
f 1597 1599 1620
f 1599 1602 1620
f 1620 1602 1621
f 1602 1604 1621
f 1604 1605 1621
f 1605 1606 1623
f 1623 1606 1624
f 1606 1607 1624
f 1624 1607 1625
f 1607 1608 1625
f 1625 1608 1626
f 1608 1609 1626
f 1626 1609 1627
f 1609 1610 1627
f 1627 1610 1628
f 1610 1611 1628
f 1611 1612 1628
f 1628 1612 1629
f 1629 1612 1630
f 1612 1613 1630
f 1630 1613 1631
f 1632 1631 1633
f 1631 1613 1633
f 1613 1614 1633
f 1614 1615 1633
f 1633 1615 1634
f 1634 1615 1635
f 1615 1616 1635
f 1616 1617 1635
f 1617 1618 1635
f 1618 1619 1635
f 1341 1342 1355
f 1356 1355 1357
f 1355 1342 1357
f 1343 1344 1357
f 1357 1344 1358
f 1342 1343 1357
f 1358 1344 1359
f 1359 1345 1360
f 1344 1345 1359
f 1346 1347 1361
f 1361 1347 1362
f 1360 1346 1361
f 1347 1348 1362
f 1345 1346 1360
f 6364 6346 6365
f 6363 6346 6364
f 6363 6364 6382
f 6366 6365 6367
f 6364 6365 6383
f 6365 6366 6383
f 6373 6374 6391
f 6374 6375 6391
f 6375 6355 6376
f 6375 6376 6391
f 6355 6356 6376
f 6386 6372 6388
f 6372 6373 6388
f 6388 6373 6390
f 6390 6373 6391
f 6382 6364 6383
f 6382 6383 6394
f 6393 6380 6394
f 6380 6381 6394
f 6381 6382 6394
f 6395 6387 6396
f 6387 6386 6388
f 6387 6388 6396
f 6356 6357 6376
f 6356 6337 6357
f 6177 6178 6179
f 6222 6178 6223
f 6178 6177 6223
f 6222 6223 6275
f 6275 6223 6276
f 6275 6276 6310
f 6310 6311 6340
f 6339 6310 6340
f 6310 6276 6311
f 6338 6339 6360
f 6339 6340 6360
f 6337 6338 6357
f 6357 6338 6360
f 6225 6226 6279
f 6225 6224 6226
f 6224 6177 6226
f 6223 6177 6224
f 3667 3654 3668
f 3655 3669 3668
f 3654 3655 3668
f 3654 3652 3655
f 3655 3652 3656
f 3652 3636 3656
f 3636 3637 3656
f 3656 3637 3657
f 3657 3637 3658
f 3637 3638 3658
f 3638 3639 3658
f 3639 3640 3658
f 3640 3642 3658
f 3658 3642 3659
f 3659 3642 3660
f 3660 3642 3661
f 3642 3643 3661
f 3661 3643 3662
f 3643 3644 3662
f 3644 3645 3662
f 3662 3645 3663
f 3645 3646 3663
f 3646 3647 3663
f 3663 3647 3664
f 3665 3650 3666
f 3650 3651 3666
f 3651 3653 3666
f 3666 3653 3667
f 3653 3654 3667
f 3664 3648 3665
f 3647 3648 3664
f 3649 3650 3665
f 3648 3649 3665
f 3401 3400 3402
f 3402 3400 3403
f 3400 3382 3403
f 3403 3382 3404
f 3382 3381 3404
f 3404 3381 3405
f 3405 3381 3406
f 3381 3383 3406
f 3383 3384 3406
f 3406 3384 3407
f 3384 3385 3407
f 3407 3385 3408
f 3385 3386 3408
f 3386 3387 3408
f 3408 3387 3409
f 3387 3388 3409
f 3388 3389 3409
f 3409 3389 3410
f 3389 3390 3410
f 3410 3390 3411
f 3390 3391 3411
f 3391 3392 3411
f 3411 3392 3412
f 3412 3393 3413
f 3392 3393 3412
f 3223 3224 3225
f 3225 3400 3401
f 3393 3394 3413
f 3413 3394 3414
f 3394 3395 3414
f 3414 3509 3510
f 3509 3508 3510
f 3508 3506 3510
f 3510 3506 3511
f 3506 3490 3511
f 3511 3490 3512
f 3490 3491 3512
f 3513 3512 3514
f 3512 3491 3514
f 3491 3492 3514
f 3492 3493 3514
f 3514 3493 3515
f 3493 3494 3515
f 3515 3494 3516
f 3494 3495 3516
f 3495 3496 3516
f 3496 3497 3516
f 3517 3516 3518
f 3516 3497 3518
f 3497 3498 3518
f 3518 3498 3519
f 3498 3499 3519
f 3499 3500 3519
f 3165 3166 3175
f 3165 3159 3166
f 3167 3166 3168
f 3166 3159 3168
f 3174 3164 3175
f 3164 3165 3175
f 3159 3160 3168
f 3160 3161 3168
f 3168 3161 3169
f 3161 3162 3169
f 3169 3162 3170
f 3172 3170 3173
f 3170 3162 3173
f 3171 3172 3173
f 3162 3163 3173
f 3163 3164 3173
f 3173 3164 3174
f 3398 3380 3399
f 3399 3380 3400
f 3380 3382 3400
f 3500 3499 3501
f 3501 3485 3502
f 3499 3482 3501
f 3482 3483 3501
f 3483 3484 3501
f 3484 3485 3501
f 3502 3485 3503
f 3395 3394 3396
f 3394 3377 3396
f 3396 3377 3397
f 3377 3378 3397
f 3397 3378 3398
f 3378 3379 3398
f 3379 3380 3398
f 3485 3486 3503
f 3503 3486 3504
f 3486 3487 3504
f 3487 3489 3504
f 3504 3489 3505
f 3489 3490 3505
f 3490 3506 3505
f 3505 3506 3507
f 3507 3506 3508
f 1347 1337 1348
f 1337 1338 1348
f 1338 1337 1339
f 1337 1327 1339
f 1327 1328 1339
f 1328 1329 1339
f 1339 1329 1340
f 1329 1330 1340
f 1330 1331 1340
f 1341 1340 1342
f 1340 1331 1342
f 1604 1583 1605
f 1605 1583 1606
f 1618 1598 1619
f 1598 1597 1619
f 1597 1598 1599
f 1598 1600 1599
f 1600 1601 1599
f 1599 1601 1602
f 1601 1603 1602
f 1603 1596 1602
f 1596 1581 1602
f 1581 1582 1602
f 1582 1584 1602
f 1602 1584 1604
f 1584 1583 1604
f 1583 1585 1606
f 1585 1586 1606
f 1606 1586 1607
f 1586 1587 1607
f 1607 1587 1608
f 1587 1588 1608
f 1608 1588 1609
f 1588 1589 1609
f 1609 1589 1610
f 1589 1590 1610
f 1610 1590 1611
f 1591 1592 1611
f 1611 1592 1612
f 1590 1591 1611
f 1613 1612 1614
f 1612 1592 1614
f 1614 1592 1615
f 1592 1593 1615
f 1593 1594 1615
f 1615 1594 1616
f 1616 1594 1617
f 1594 1595 1617
f 1595 1596 1617
f 1596 1603 1617
f 1603 1601 1617
f 1601 1600 1617
f 1600 1598 1617
f 1617 1598 1618
f 1342 1331 1343
f 1331 1332 1343
f 1343 1332 1344
f 1344 1332 1345
f 1332 1333 1345
f 1333 1334 1345
f 1345 1334 1346
f 1334 1335 1346
f 1335 1336 1346
f 1346 1336 1347
f 1336 1337 1347
f 6376 6377 6391
f 6391 6377 6392
f 6390 6391 6397
f 6357 6358 6376
f 6376 6358 6377
f 6389 6388 6390
f 6388 6389 6396
f 6358 6357 6359
f 6359 6357 6360
f 6223 6224 6276
f 6276 6277 6311
f 6276 6224 6277
f 6340 6311 6341
f 6311 6312 6341
f 6360 6340 6361
f 6340 6341 6361
f 6311 6277 6312
f 6378 6360 6379
f 6359 6360 6378
f 6360 6361 6379
f 6224 6225 6277
f 6277 6225 6278
f 3653 3652 3654
f 3636 3652 3651
f 3651 3652 3653
f 3634 3636 3650
f 3650 3636 3651
f 3636 3634 3637
f 3634 3635 3637
f 3637 3635 3638
f 3635 3632 3638
f 3632 3631 3638
f 3638 3631 3639
f 3631 3633 3639
f 3633 3630 3639
f 3630 3623 3639
f 3639 3623 3640
f 3623 3624 3640
f 3624 3641 3640
f 3642 3640 3643
f 3643 3640 3644
f 3644 3640 3645
f 3640 3641 3645
f 3645 3641 3646
f 3625 3626 3646
f 3626 3627 3646
f 3627 3628 3646
f 3641 3624 3646
f 3624 3625 3646
f 3646 3628 3647
f 3628 3629 3647
f 3647 3629 3648
f 3649 3633 3650
f 3633 3634 3650
f 3648 3629 3649
f 3630 3633 3649
f 3629 3630 3649
f 3382 3380 3383
f 3381 3382 3383
f 3380 3360 3383
f 3360 3361 3383
f 3361 3362 3383
f 3362 3363 3383
f 3383 3363 3384
f 3384 3363 3385
f 3363 3364 3385
f 3385 3364 3386
f 3364 3365 3386
f 3386 3365 3387
f 3387 3365 3388
f 3365 3366 3388
f 3366 3367 3388
f 3367 3368 3388
f 3388 3368 3389
f 3368 3369 3389
f 3389 3369 3390
f 3369 3371 3390
f 3371 3372 3390
f 3372 3373 3390
f 3373 3374 3390
f 3390 3374 3391
f 3374 3375 3391
f 3391 3375 3392
f 3392 3375 3393
f 3393 3377 3394
f 3375 3376 3393
f 3376 3377 3393
f 3489 3471 3490
f 3471 3472 3490
f 3490 3472 3491
f 3491 3472 3492
f 3472 3473 3492
f 3473 3474 3492
f 3474 3475 3492
f 3492 3475 3493
f 3475 3476 3493
f 3493 3476 3494
f 3476 3477 3494
f 3494 3477 3495
f 3495 3477 3496
f 3477 3478 3496
f 3478 3479 3496
f 3479 3480 3496
f 3496 3480 3497
f 3497 3480 3498
f 3480 3481 3498
f 3481 3482 3498
f 3498 3482 3499
f 3164 3157 3165
f 3157 3158 3165
f 3158 3159 3165
f 3158 3150 3159
f 3159 3150 3160
f 3163 3155 3164
f 3155 3156 3164
f 3156 3157 3164
f 3150 3151 3160
f 3160 3151 3161
f 3151 3152 3161
f 3161 3152 3162
f 3152 3153 3162
f 3162 3153 3163
f 3153 3154 3163
f 3154 3155 3163
f 3379 3360 3380
f 3484 3467 3485
f 3467 3468 3485
f 3485 3468 3486
f 3481 3463 3482
f 3482 3463 3483
f 3463 3464 3483
f 3464 3465 3483
f 3483 3465 3484
f 3465 3466 3484
f 3466 3467 3484
f 3376 3357 3377
f 3377 3357 3378
f 3378 3358 3379
f 3357 3358 3378
f 3358 3359 3379
f 3359 3360 3379
f 3486 3469 3487
f 3468 3469 3486
f 3469 3470 3487
f 3470 3471 3487
f 3471 3488 3487
f 3487 3488 3489
f 3488 3471 3489
f 1336 1327 1337
f 1326 1327 1336
f 1327 1326 1328
f 1326 1317 1328
f 1317 1318 1328
f 1329 1328 1330
f 1328 1318 1330
f 1318 1319 1330
f 1319 1321 1330
f 1330 1321 1331
f 1331 1321 1332
f 1583 1584 1585
f 1595 1579 1596
f 1579 1580 1596
f 1580 1581 1596
f 1580 1578 1581
f 1578 1563 1581
f 1563 1564 1581
f 1564 1565 1581
f 1581 1565 1582
f 1565 1566 1582
f 1584 1582 1585
f 1582 1566 1585
f 1566 1567 1585
f 1585 1567 1586
f 1567 1570 1586
f 1586 1570 1587
f 1587 1570 1588
f 1570 1569 1588
f 1588 1569 1589
f 1590 1589 1591
f 1589 1569 1591
f 1569 1571 1591
f 1571 1572 1591
f 1572 1573 1591
f 1591 1573 1592
f 1592 1573 1593
f 1573 1574 1593
f 1593 1574 1594
f 1574 1575 1594
f 1594 1575 1595
f 1575 1576 1595
f 1576 1577 1595
f 1577 1578 1595
f 1578 1579 1595
f 1332 1321 1333
f 1321 1322 1333
f 1333 1322 1334
f 1322 1323 1334
f 1334 1323 1335
f 1323 1324 1335
f 1324 1325 1335
f 1325 1326 1335
f 1335 1326 1336
f 6377 6378 6392
f 6377 6358 6378
f 6358 6359 6378
f 6312 6277 6313
f 6277 6278 6313
f 6341 6312 6342
f 3633 3632 3634
f 3632 3635 3634
f 3631 3632 3633
f 3629 3621 3630
f 3621 3623 3630
f 3621 3622 3623
f 3624 3623 3625
f 3623 3622 3625
f 3625 3622 3626
f 3626 3622 3627
f 3622 3621 3627
f 3627 3621 3628
f 3628 3621 3629
f 3360 3359 3361
f 3359 3335 3361
f 3361 3335 3362
f 3335 3336 3362
f 3336 3337 3362
f 3362 3337 3363
f 3363 3337 3364
f 3337 3338 3364
f 3338 3339 3364
f 3339 3341 3364
f 3364 3341 3365
f 3341 3342 3365
f 3365 3342 3366
f 3344 3345 3366
f 3345 3346 3366
f 3366 3346 3367
f 3342 3344 3366
f 3346 3347 3367
f 3347 3348 3367
f 3367 3348 3368
f 3348 3349 3368
f 3368 3349 3369
f 3349 3370 3369
f 3369 3370 3371
f 3371 3370 3372
f 3370 3349 3372
f 3349 3350 3372
f 3350 3351 3372
f 3351 3352 3372
f 3372 3352 3373
f 3352 3353 3373
f 3353 3354 3373
f 3373 3354 3374
f 3374 3354 3375
f 3354 3355 3375
f 3355 3356 3375
f 3375 3356 3376
f 3356 3357 3376
f 3471 3470 3472
f 3472 3470 3473
f 3470 3448 3473
f 3473 3448 3474
f 3449 3450 3474
f 3450 3451 3474
f 3451 3452 3474
f 3474 3452 3475
f 3448 3449 3474
f 3452 3453 3475
f 3453 3454 3475
f 3454 3455 3475
f 3455 3456 3475
f 3456 3457 3475
f 3475 3457 3476
f 3476 3457 3477
f 3477 3457 3478
f 3457 3458 3478
f 3478 3458 3479
f 3458 3459 3479
f 3459 3460 3479
f 3460 3461 3479
f 3461 3462 3479
f 3479 3462 3480
f 3480 3462 3481
f 3462 3463 3481
f 3157 3149 3158
f 3148 3149 3157
f 3156 3148 3157
f 3149 3150 3158
f 3149 3147 3150
f 3147 3145 3150
f 3150 3145 3151
f 3154 3140 3155
f 3140 3141 3155
f 3155 3141 3156
f 3141 3142 3156
f 3142 3143 3156
f 3143 3144 3156
f 3144 3146 3156
f 3146 3148 3156
f 3151 3145 3152
f 3145 3135 3152
f 3135 3137 3152
f 3152 3137 3153
f 3153 3137 3154
f 3137 3138 3154
f 3138 3140 3154
f 3466 3447 3467
f 3467 3447 3468
f 3447 3446 3468
f 3468 3446 3469
f 3462 3461 3463
f 3461 3440 3463
f 3440 3441 3463
f 3463 3441 3464
f 3441 3442 3464
f 3442 3443 3464
f 3443 3444 3464
f 3464 3444 3465
f 3444 3445 3465
f 3465 3445 3466
f 3445 3447 3466
f 3356 3333 3357
f 3357 3333 3358
f 3333 3334 3358
f 3358 3334 3359
f 3334 3335 3359
f 3469 3446 3470
f 3446 3448 3470
f 1325 1317 1326
f 1316 1306 1317
f 1306 1308 1317
f 1308 1307 1317
f 1317 1307 1318
f 1316 1317 1325
f 1318 1307 1319
f 1307 1309 1319
f 1309 1310 1319
f 1310 1311 1319
f 1311 1320 1319
f 1319 1320 1321
f 1321 1320 1322
f 1579 1578 1580
f 1577 1563 1578
f 1562 1561 1563
f 1563 1561 1564
f 1562 1563 1577
f 1561 1560 1564
f 1560 1547 1564
f 1547 1548 1564
f 1548 1549 1564
f 1549 1550 1564
f 1564 1550 1565
f 1550 1551 1565
f 1565 1551 1566
f 1551 1552 1566
f 1566 1552 1567
f 1552 1553 1567
f 1553 1568 1567
f 1570 1567 1571
f 1567 1568 1571
f 1569 1570 1571
f 1571 1568 1572
f 1568 1553 1572
f 1553 1554 1572
f 1572 1554 1573
f 1573 1554 1574
f 1554 1555 1574
f 1574 1555 1575
f 1556 1557 1575
f 1575 1557 1576
f 1555 1556 1575
f 1558 1559 1576
f 1559 1562 1576
f 1576 1562 1577
f 1557 1558 1576
f 1322 1320 1323
f 1320 1311 1323
f 1311 1312 1323
f 1323 1312 1324
f 1312 1313 1324
f 1313 1314 1324
f 1314 1315 1324
f 1324 1315 1325
f 1315 1316 1325
f 3334 3308 3335
f 3335 3308 3336
f 3337 3336 3338
f 3336 3310 3338
f 3308 3309 3336
f 3309 3310 3336
f 3310 3311 3338
f 3338 3311 3339
f 3311 3312 3339
f 3312 3313 3339
f 3313 3340 3339
f 3341 3339 3342
f 3339 3340 3342
f 3340 3313 3342
f 3313 3343 3342
f 3342 3343 3344
f 3344 3343 3345
f 3343 3313 3345
f 3313 3314 3345
f 3314 3315 3345
f 3315 3316 3345
f 3345 3316 3346
f 3316 3317 3346
f 3346 3317 3347
f 3317 3318 3347
f 3318 3319 3347
f 3319 3320 3347
f 3320 3321 3347
f 3347 3321 3348
f 3321 3322 3348
f 3348 3322 3349
f 3349 3322 3350
f 3322 3323 3350
f 3323 3324 3350
f 3350 3324 3351
f 3325 3326 3351
f 3326 3327 3351
f 3351 3327 3352
f 3324 3325 3351
f 3327 3328 3352
f 3352 3328 3353
f 3328 3329 3353
f 3354 3353 3355
f 3353 3329 3355
f 3329 3330 3355
f 3355 3330 3356
f 3330 3331 3356
f 3331 3332 3356
f 3332 3333 3356
f 3446 3447 3448
f 3448 3447 3449
f 3447 3445 3449
f 3449 3445 3450
f 3445 3443 3450
f 3443 3430 3450
f 3430 3431 3450
f 3450 3431 3451
f 3431 3432 3451
f 3432 3433 3451
f 3452 3451 3453
f 3451 3433 3453
f 3453 3433 3454
f 3433 3434 3454
f 3454 3434 3455
f 3434 3435 3455
f 3455 3435 3456
f 3435 3436 3456
f 3457 3456 3458
f 3456 3436 3458
f 3436 3437 3458
f 3458 3437 3459
f 3437 3438 3459
f 3459 3438 3460
f 3438 3439 3460
f 3460 3439 3461
f 3439 3440 3461
f 3148 3147 3149
f 3146 3147 3148
f 3145 3147 3146
f 3135 3145 3144
f 3144 3145 3146
f 3140 3139 3142
f 3138 3139 3140
f 3141 3140 3142
f 3142 3139 3143
f 3139 3136 3143
f 3136 3135 3143
f 3143 3135 3144
f 3135 3136 3137
f 3137 3136 3138
f 3136 3139 3138
f 3439 3427 3440
f 3427 3428 3440
f 3428 3429 3440
f 3440 3429 3441
f 3429 3430 3441
f 3441 3430 3442
f 3442 3430 3443
f 3444 3443 3445
f 3332 3306 3333
f 3333 3306 3334
f 3306 3307 3334
f 3307 3308 3334
f 1315 1305 1316
f 1305 1306 1316
f 1305 1297 1306
f 1308 1306 1309
f 1306 1297 1309
f 1307 1308 1309
f 1297 1298 1309
f 1298 1299 1309
f 1299 1300 1309
f 1300 1301 1309
f 1309 1301 1310
f 1301 1302 1310
f 1310 1302 1311
f 1311 1302 1312
f 1559 1561 1562
f 1560 1561 1559
f 1547 1560 1559
f 1547 1546 1548
f 1546 1547 1558
f 1558 1547 1559
f 1546 1534 1548
f 1548 1534 1549
f 1534 1536 1549
f 1536 1537 1549
f 1537 1539 1549
f 1539 1541 1549
f 1549 1541 1550
f 1541 1542 1550
f 1542 1533 1550
f 1533 1531 1550
f 1550 1531 1551
f 1531 1530 1551
f 1551 1530 1552
f 1553 1552 1554
f 1552 1530 1554
f 1530 1532 1554
f 1554 1532 1555
f 1555 1532 1556
f 1557 1544 1558
f 1532 1533 1556
f 1533 1543 1556
f 1556 1543 1557
f 1543 1544 1557
f 1544 1545 1558
f 1545 1546 1558
f 1312 1302 1313
f 1302 1303 1313
f 1313 1303 1314
f 1303 1304 1314
f 1314 1304 1315
f 1304 1305 1315
f 3308 3307 3309
f 3309 3283 3310
f 3311 3310 3312
f 3310 3283 3312
f 3307 3283 3309
f 3283 3284 3312
f 3284 3285 3312
f 3313 3312 3314
f 3312 3285 3314
f 3285 3287 3314
f 3314 3287 3315
f 3287 3288 3315
f 3316 3315 3317
f 3317 3315 3318
f 3315 3288 3318
f 3288 3289 3318
f 3318 3289 3319
f 3289 3290 3319
f 3319 3290 3320
f 3320 3293 3321
f 3290 3291 3320
f 3291 3292 3320
f 3292 3293 3320
f 3321 3293 3322
f 3322 3293 3323
f 3293 3294 3323
f 3294 3295 3323
f 3323 3295 3324
f 3324 3295 3325
f 3295 3296 3325
f 3296 3297 3325
f 3297 3298 3325
f 3325 3298 3326
f 3326 3298 3327
f 3298 3299 3327
f 3299 3301 3327
f 3327 3301 3328
f 3301 3302 3328
f 3328 3302 3329
f 3302 3303 3329
f 3329 3303 3330
f 3330 3303 3331
f 3303 3304 3331
f 3304 3305 3331
f 3331 3305 3332
f 3305 3306 3332
f 3429 3428 3430
f 3430 3428 3431
f 3428 3426 3431
f 3431 3426 3432
f 3424 3417 3432
f 3426 3425 3432
f 3425 3424 3432
f 3432 3417 3433
f 3417 3418 3433
f 3418 3419 3433
f 3433 3419 3434
f 3434 3419 3435
f 3419 3420 3435
f 3420 3421 3435
f 3435 3421 3436
f 3421 3422 3436
f 3422 3423 3436
f 3436 3423 3437
f 3438 3437 3439
f 3437 3423 3439
f 3423 3424 3439
f 3424 3427 3439
f 3424 3426 3427
f 3427 3426 3428
f 3306 3305 3307
f 3305 3281 3307
f 3281 3283 3307
f 1304 1295 1305
f 1295 1296 1305
f 1296 1297 1305
f 1296 1286 1297
f 1297 1286 1298
f 1286 1287 1298
f 1298 1287 1299
f 1287 1288 1299
f 1288 1290 1299
f 1290 1292 1299
f 1299 1292 1300
f 1292 1291 1300
f 1300 1291 1301
f 1302 1301 1303
f 1301 1291 1303
f 1545 1535 1546
f 1535 1534 1546
f 1534 1535 1536
f 1536 1535 1537
f 1535 1538 1537
f 1537 1538 1539
f 1538 1540 1539
f 1539 1540 1541
f 1541 1540 1542
f 1533 1542 1543
f 1542 1540 1543
f 1532 1531 1533
f 1530 1531 1532
f 1544 1538 1545
f 1543 1538 1544
f 1540 1538 1543
f 1538 1535 1545
f 1303 1291 1304
f 1291 1293 1304
f 1293 1294 1304
f 1294 1295 1304
f 3281 3282 3283
f 3283 3282 3284
f 3284 3282 3285
f 3282 3286 3285
f 3286 3279 3285
f 3279 3280 3285
f 3285 3280 3287
f 3287 3278 3288
f 3280 3278 3287
f 3278 3276 3288
f 3276 3227 3288
f 3227 3226 3288
f 3288 3226 3289
f 3289 3226 3290
f 3226 3228 3290
f 3228 3265 3290
f 3265 3266 3290
f 3290 3266 3291
f 3293 3292 3294
f 3266 3267 3291
f 3291 3267 3292
f 3267 3268 3292
f 3292 3268 3294
f 3268 3269 3294
f 3269 3270 3294
f 3270 3271 3294
f 3294 3271 3295
f 3295 3271 3296
f 3271 3272 3296
f 3272 3273 3296
f 3296 3273 3297
f 3273 3274 3297
f 3274 3275 3297
f 3275 3277 3297
f 3297 3277 3298
f 3277 3279 3298
f 3298 3279 3299
f 3279 3286 3299
f 3286 3300 3299
f 3299 3300 3301
f 3301 3300 3302
f 3302 3300 3303
f 3303 3300 3304
f 3300 3286 3304
f 3286 3282 3304
f 3282 3281 3304
f 3304 3281 3305
f 3425 3426 3424
f 3415 3416 3417
f 3417 3416 3418
f 3423 3415 3424
f 3415 3417 3424
f 3419 3418 3420
f 3420 3418 3422
f 3418 3416 3422
f 3421 3420 3422
f 3422 3416 3423
f 3416 3415 3423
f 1295 1285 1296
f 1294 1283 1295
f 1283 1285 1295
f 1285 1286 1296
f 1286 1285 1287
f 1285 1284 1287
f 1287 1284 1288
f 1284 1283 1288
f 1283 1289 1288
f 1288 1289 1290
f 1292 1290 1294
f 1290 1289 1294
f 1291 1292 1293
f 1293 1292 1294
f 1289 1283 1294
f 3277 3278 3279
f 3278 3280 3279
f 3276 3278 3277
f 3227 3276 3275
f 3275 3276 3277
f 3228 3227 3274
f 3274 3227 3275
f 3226 3227 3228
f 3264 3228 3272
f 3272 3228 3273
f 3273 3228 3274
f 3228 3264 3265
f 3264 3255 3265
f 3265 3255 3266
f 3256 3257 3266
f 3257 3258 3266
f 3266 3258 3267
f 3255 3256 3266
f 3258 3259 3267
f 3267 3259 3268
f 3268 3259 3269
f 3259 3260 3269
f 3269 3260 3270
f 3260 3261 3270
f 3261 3262 3270
f 3262 3263 3270
f 3270 3263 3271
f 3271 3263 3272
f 3263 3264 3272
f 1283 1284 1285
f 3263 3254 3264
f 3254 3255 3264
f 3254 3243 3255
f 3255 3243 3256
f 3243 3245 3256
f 3256 3245 3257
f 3245 3246 3257
f 3246 3247 3257
f 3247 3248 3257
f 3257 3248 3258
f 3258 3248 3259
f 3248 3249 3259
f 3259 3249 3260
f 3249 3250 3260
f 3260 3250 3261
f 3250 3251 3261
f 3251 3252 3261
f 3261 3252 3262
f 3252 3253 3262
f 3253 3254 3262
f 3262 3254 3263
f 3253 3243 3254
f 3244 3243 3253
f 3243 3244 3245
f 3244 3242 3245
f 3242 3235 3245
f 3245 3235 3246
f 3235 3236 3246
f 3236 3237 3246
f 3237 3238 3246
f 3246 3238 3247
f 3248 3247 3249
f 3247 3238 3249
f 3238 3239 3249
f 3249 3239 3250
f 3239 3240 3250
f 3250 3240 3251
f 3240 3241 3251
f 3241 3242 3251
f 3251 3242 3252
f 3242 3244 3252
f 3252 3244 3253
f 3241 3235 3242
f 3235 3234 3236
f 3234 3235 3241
f 3234 3231 3236
f 3231 3232 3236
f 3236 3232 3237
f 3238 3237 3239
f 3237 3232 3239
f 3239 3232 3240
f 3232 3233 3240
f 3240 3233 3241
f 3233 3234 3241
f 3233 3229 3234
f 3229 3231 3234
f 3229 3230 3231
f 3231 3230 3232
f 3232 3230 3233
f 3230 3229 3233
f 639 640 682
f 640 641 682
f 641 643 682
f 643 644 683
f 641 642 643
f 643 642 644
f 679 680 711
f 711 680 712
f 679 637 680
f 637 638 680
f 638 639 680
f 680 639 681
f 639 638 640
f 591 593 640
f 640 593 641
f 638 591 640
f 593 594 641
f 594 595 641
f 595 596 641
f 596 642 641
f 644 645 683
f 684 683 685
f 683 645 685
f 6398 683 6399
f 683 684 6399
f 644 642 645
f 642 596 645
f 6398 6399 6428
f 6505 6506 6509
f 6506 6507 6509
f 6507 6508 6509
f 6507 6502 6508
f 6502 6503 6508
f 6502 6495 6503
f 711 712 6426
f 6425 6426 6451
f 6426 6427 6451
f 6425 711 6426
f 710 709 711
f 709 678 711
f 678 679 711
f 710 711 6425
f 678 636 679
f 636 637 679
f 636 591 637
f 637 591 638
f 593 592 594
f 592 591 635
f 635 591 636
f 591 592 593
f 594 541 595
f 592 590 594
f 590 541 594
f 596 595 597
f 595 541 597
f 645 596 646
f 596 597 646
f 685 645 686
f 645 646 686
f 685 686 6405
f 684 6400 6399
f 6400 684 6404
f 6404 684 6405
f 684 685 6405
f 6402 6399 6403
f 6399 6400 6403
f 6399 6402 6428
f 6428 6402 6429
f 6504 6498 6505
f 6498 6499 6505
f 6505 6499 6506
f 6499 6500 6506
f 6506 6500 6507
f 6500 6501 6507
f 6501 6502 6507
f 6501 6495 6502
f 6496 6497 6504
f 6497 6498 6504
f 6494 6495 6501
f 6494 6484 6495
f 6484 6485 6495
f 6484 6483 6485
f 6483 6470 6485
f 6453 6454 6472
f 6454 6455 6472
f 6472 6455 6473
f 6429 6430 6453
f 6402 6401 6429
f 6429 6401 6430
f 6453 6430 6454
f 6450 6424 6451
f 6424 6425 6451
f 6451 6427 6452
f 6450 6451 6469
f 6424 710 6425
f 6469 6451 6470
f 6451 6452 6470
f 6470 6452 6471
f 708 678 709
f 708 709 6422
f 709 710 6422
f 6422 710 6423
f 6423 710 6424
f 677 678 708
f 677 636 678
f 635 636 677
f 590 592 635
f 634 635 676
f 676 635 677
f 634 590 635
f 541 542 597
f 541 540 542
f 540 541 590
f 589 539 590
f 539 540 590
f 589 590 634
f 597 542 598
f 597 598 646
f 646 598 647
f 646 647 686
f 686 687 6405
f 647 649 686
f 686 649 687
f 6405 687 6406
f 6404 6405 6433
f 6405 6406 6433
f 6403 6400 6404
f 6431 6404 6432
f 6432 6404 6433
f 6403 6404 6431
f 6401 6402 6403
f 6401 6403 6431
f 6497 6488 6498
f 6488 6489 6498
f 6489 6490 6498
f 6498 6490 6499
f 6499 6490 6500
f 6490 6491 6500
f 6491 6492 6500
f 6500 6492 6501
f 6492 6493 6501
f 6493 6494 6501
f 6496 6486 6497
f 6486 6487 6497
f 6487 6488 6497
f 6493 6482 6494
f 6482 6483 6494
f 6483 6484 6494
f 6482 6468 6483
f 6468 6469 6483
f 6469 6470 6483
f 6486 6473 6487
f 6473 6474 6487
f 6455 6456 6473
f 6473 6456 6474
f 6455 6454 6456
f 6456 6454 6457
f 6454 6430 6457
f 6430 6431 6457
f 6430 6401 6431
f 6449 6423 6450
f 6423 6424 6450
f 6449 6450 6467
f 6467 6450 6468
f 6468 6450 6469
f 707 708 6420
f 6420 708 6422
f 707 677 708
f 6421 6422 6448
f 6421 6420 6422
f 6422 6423 6448
f 6448 6423 6449
f 676 677 707
f 675 632 676
f 632 633 676
f 633 634 676
f 633 589 634
f 675 676 707
f 542 543 598
f 540 476 542
f 476 477 542
f 543 542 544
f 542 477 544
f 539 476 540
f 538 476 539
f 588 589 633
f 588 587 589
f 587 538 589
f 538 539 589
f 598 543 599
f 598 599 647
f 599 600 647
f 649 647 650
f 647 600 650
f 687 688 6406
f 649 648 687
f 687 648 688
f 648 649 650
f 6407 6406 6408
f 6406 688 6408
f 6433 6406 6434
f 6406 6407 6434
f 6432 6433 6459
f 6433 6434 6459
f 6457 6431 6458
f 6431 6432 6458
f 6458 6432 6459
f 6487 6475 6488
f 6475 6476 6488
f 6488 6476 6489
f 6476 6477 6489
f 6489 6477 6490
f 6477 6478 6490
f 6478 6479 6490
f 6479 6480 6490
f 6490 6480 6491
f 6491 6480 6492
f 6480 6481 6492
f 6492 6481 6493
f 6481 6482 6493
f 6474 6475 6487
f 6481 6467 6482
f 6467 6468 6482
f 6474 6456 6475
f 6456 6457 6475
f 6457 6458 6475
f 6448 6449 6467
f 6466 6448 6467
f 6466 6467 6481
f 6419 706 6420
f 706 707 6420
f 6420 6421 6446
f 6419 6420 6446
f 706 675 707
f 6447 6421 6448
f 6447 6448 6466
f 6446 6421 6447
f 631 632 674
f 674 632 675
f 631 588 632
f 632 588 633
f 674 675 706
f 599 543 600
f 543 544 600
f 475 476 538
f 476 475 477
f 477 478 544
f 475 410 477
f 410 411 477
f 477 411 478
f 544 546 600
f 478 479 544
f 546 544 547
f 544 479 547
f 537 475 538
f 537 538 587
f 587 588 631
f 586 587 631
f 586 535 587
f 535 536 587
f 536 537 587
f 546 545 600
f 600 545 601
f 600 601 650
f 651 650 652
f 650 601 652
f 648 650 689
f 650 651 689
f 688 689 6408
f 688 648 689
f 6434 6407 6435
f 6435 6407 6436
f 6407 6408 6436
f 6408 689 6409
f 6436 6408 6437
f 6408 6409 6437
f 6434 6435 6459
f 6458 6459 6476
f 6459 6435 6460
f 6459 6460 6476
f 6475 6458 6476
f 6476 6460 6477
f 6460 6461 6477
f 6461 6462 6477
f 6477 6462 6478
f 6462 6463 6478
f 6478 6463 6479
f 6463 6464 6479
f 6479 6464 6480
f 6480 6464 6481
f 6464 6465 6481
f 6465 6466 6481
f 6465 6446 6466
f 6446 6447 6466
f 6418 705 6419
f 705 706 6419
f 705 704 706
f 704 674 706
f 6418 6419 6446
f 6445 6446 6465
f 6445 6418 6446
f 673 629 674
f 629 630 674
f 630 631 674
f 630 586 631
f 673 674 704
f 474 475 536
f 536 475 537
f 474 409 475
f 409 410 475
f 411 412 478
f 412 413 478
f 413 414 478
f 478 414 479
f 409 48 410
f 48 49 410
f 49 335 410
f 410 335 411
f 335 336 411
f 411 336 412
f 545 546 547
f 414 415 479
f 479 415 480
f 547 479 548
f 479 480 548
f 545 547 602
f 602 547 603
f 547 548 603
f 585 586 629
f 585 533 586
f 533 534 586
f 534 535 586
f 629 586 630
f 534 473 535
f 535 473 536
f 473 474 536
f 601 545 602
f 652 601 653
f 601 602 653
f 651 652 689
f 689 652 690
f 652 653 690
f 689 690 6409
f 6435 6436 6460
f 6436 6437 6460
f 6409 690 6410
f 6409 6410 6437
f 6410 6411 6437
f 6437 6411 6438
f 6437 6438 6460
f 6438 6440 6460
f 6460 6440 6461
f 6461 6440 6462
f 6462 6440 6463
f 6440 6441 6463
f 6441 6442 6463
f 6463 6442 6464
f 6442 6443 6464
f 6464 6443 6465
f 6444 6445 6465
f 6443 6444 6465
f 704 705 6418
f 6417 6418 6445
f 6417 6416 6418
f 6416 702 6418
f 702 703 6418
f 703 704 6418
f 703 672 704
f 672 673 704
f 6444 6417 6445
f 672 671 673
f 671 626 673
f 626 627 673
f 627 628 673
f 628 629 673
f 628 584 629
f 584 585 629
f 473 472 474
f 472 404 474
f 404 406 474
f 406 409 474
f 406 47 409
f 47 48 409
f 336 337 412
f 337 338 412
f 412 338 413
f 338 339 413
f 339 340 413
f 340 341 413
f 414 413 415
f 413 341 415
f 43 42 48
f 42 35 48
f 48 35 49
f 47 44 48
f 44 43 48
f 35 34 49
f 334 49 388
f 49 34 388
f 334 333 49
f 333 332 49
f 49 332 335
f 335 332 336
f 332 331 336
f 336 331 337
f 415 416 480
f 415 341 416
f 480 416 481
f 548 480 549
f 480 481 549
f 548 549 603
f 602 603 653
f 549 550 603
f 604 603 605
f 603 550 605
f 603 604 653
f 584 531 585
f 531 532 585
f 532 533 585
f 532 471 533
f 533 471 534
f 472 473 534
f 471 472 534
f 653 604 654
f 653 654 690
f 690 691 6410
f 690 654 691
f 6410 691 6411
f 691 692 6411
f 6411 692 6412
f 6411 6412 6438
f 6412 6439 6438
f 6438 6439 6440
f 6440 6439 6441
f 6439 6412 6441
f 6412 6413 6441
f 6413 6414 6441
f 6441 6414 6442
f 6442 6414 6443
f 6414 6415 6443
f 6443 6415 6444
f 6415 6416 6444
f 6416 6417 6444
f 6415 700 6416
f 700 701 6416
f 701 702 6416
f 701 672 702
f 702 672 703
f 671 672 701
f 670 625 671
f 625 626 671
f 670 671 701
f 625 579 626
f 579 580 626
f 580 581 626
f 626 581 627
f 581 582 627
f 582 583 627
f 627 583 628
f 583 584 628
f 583 530 584
f 530 531 584
f 471 404 472
f 404 405 406
f 405 404 471
f 405 407 406
f 407 408 406
f 408 403 406
f 403 47 406
f 46 47 403
f 46 44 47
f 337 50 338
f 331 330 337
f 330 50 337
f 50 52 338
f 338 52 339
f 339 52 340
f 52 282 340
f 282 283 340
f 283 284 340
f 340 284 341
f 284 285 341
f 341 285 342
f 341 342 416
f 32 33 42
f 41 42 393
f 393 42 394
f 41 31 42
f 42 43 395
f 43 45 395
f 33 35 42
f 43 44 45
f 394 42 395
f 31 32 42
f 34 35 36
f 35 33 36
f 45 44 46
f 34 36 388
f 333 334 386
f 386 334 387
f 387 334 388
f 388 36 389
f 387 388 459
f 388 389 459
f 331 333 386
f 331 332 333
f 330 331 385
f 385 331 386
f 416 417 481
f 416 342 417
f 417 418 481
f 481 418 482
f 481 482 549
f 482 483 549
f 549 483 550
f 605 550 606
f 550 551 606
f 483 484 550
f 550 484 551
f 654 604 655
f 655 604 656
f 604 605 656
f 605 606 656
f 530 465 531
f 465 466 531
f 531 466 532
f 466 467 532
f 467 468 532
f 468 469 532
f 469 470 532
f 470 471 532
f 470 405 471
f 654 655 691
f 655 656 691
f 656 657 691
f 657 658 691
f 658 659 691
f 692 691 693
f 691 659 693
f 6412 692 6413
f 692 693 6413
f 693 694 6413
f 694 695 6413
f 6413 695 6414
f 695 696 6414
f 696 697 6414
f 697 698 6414
f 698 699 6414
f 6414 699 6415
f 699 700 6415
f 699 667 700
f 700 667 701
f 667 668 701
f 668 669 701
f 669 670 701
f 624 578 625
f 578 579 625
f 669 623 670
f 623 624 670
f 624 625 670
f 578 526 579
f 526 527 579
f 527 528 579
f 579 528 580
f 581 580 582
f 580 528 582
f 528 529 582
f 582 529 583
f 529 530 583
f 529 462 530
f 462 463 530
f 463 464 530
f 464 465 530
f 407 405 470
f 408 407 469
f 469 407 470
f 403 408 468
f 468 408 469
f 402 398 403
f 398 46 403
f 402 403 467
f 467 403 468
f 45 46 396
f 396 46 397
f 46 398 397
f 50 51 52
f 51 50 329
f 329 50 330
f 329 330 384
f 384 330 385
f 281 52 327
f 52 51 327
f 52 281 282
f 281 240 282
f 282 240 283
f 240 241 283
f 241 242 283
f 283 242 284
f 284 242 286
f 285 284 286
f 285 286 342
f 342 286 343
f 342 343 417
f 31 21 32
f 21 22 32
f 32 22 33
f 22 23 33
f 36 33 37
f 33 23 37
f 392 40 393
f 40 41 393
f 40 30 41
f 30 31 41
f 392 393 460
f 393 394 460
f 394 395 462
f 460 394 461
f 461 394 462
f 30 21 31
f 462 395 463
f 395 396 463
f 395 45 396
f 36 37 389
f 385 386 456
f 456 386 457
f 386 387 457
f 457 387 458
f 458 387 459
f 389 37 390
f 389 390 459
f 458 459 528
f 528 459 529
f 459 460 529
f 390 391 459
f 459 391 460
f 384 385 456
f 417 345 418
f 343 344 417
f 344 345 417
f 418 345 419
f 418 419 482
f 482 419 483
f 419 420 483
f 483 420 484
f 551 552 606
f 552 553 606
f 606 553 607
f 606 607 656
f 484 485 551
f 551 485 552
f 420 421 484
f 484 421 485
f 607 608 656
f 656 608 657
f 464 400 465
f 400 401 465
f 465 401 466
f 466 401 467
f 401 402 467
f 608 609 657
f 657 609 658
f 658 609 659
f 659 660 694
f 609 610 659
f 659 610 660
f 693 659 694
f 660 661 694
f 661 662 694
f 694 662 695
f 695 662 696
f 662 663 696
f 663 664 696
f 664 665 696
f 696 665 697
f 665 666 697
f 697 666 698
f 666 667 698
f 698 667 699
f 667 619 668
f 666 619 667
f 619 620 668
f 668 620 669
f 620 621 669
f 621 622 669
f 622 623 669
f 576 577 624
f 577 578 624
f 525 526 578
f 577 525 578
f 623 576 624
f 622 575 623
f 575 576 623
f 525 455 526
f 526 455 527
f 455 456 527
f 456 457 527
f 527 457 528
f 457 458 528
f 460 461 529
f 461 462 529
f 463 396 464
f 396 397 464
f 397 399 464
f 399 400 464
f 399 398 401
f 401 398 402
f 397 398 399
f 327 51 328
f 328 51 329
f 328 329 381
f 381 329 384
f 382 384 456
f 383 381 384
f 382 383 384
f 280 237 281
f 237 238 281
f 238 239 281
f 239 240 281
f 326 327 379
f 327 328 379
f 326 325 327
f 325 280 327
f 280 281 327
f 239 203 240
f 240 203 241
f 242 241 243
f 241 203 243
f 286 242 287
f 242 243 287
f 286 287 343
f 287 288 343
f 288 289 343
f 343 289 344
f 20 21 30
f 21 20 22
f 20 18 22
f 22 18 23
f 23 24 37
f 18 17 23
f 24 23 25
f 23 17 25
f 37 24 38
f 37 38 390
f 391 39 392
f 39 40 392
f 39 27 40
f 27 28 40
f 28 29 40
f 29 30 40
f 391 392 460
f 29 20 30
f 455 454 456
f 454 382 456
f 38 39 390
f 390 39 391
f 345 346 419
f 345 344 346
f 289 290 344
f 344 290 346
f 346 347 419
f 419 347 420
f 347 348 420
f 348 349 420
f 420 349 421
f 552 486 553
f 485 486 552
f 486 489 553
f 553 489 554
f 553 554 607
f 554 555 607
f 607 555 608
f 421 422 485
f 422 423 485
f 423 424 485
f 485 424 486
f 421 349 422
f 608 555 609
f 400 399 401
f 555 556 609
f 610 609 611
f 609 556 611
f 610 611 660
f 660 611 661
f 611 612 661
f 612 613 661
f 613 614 661
f 661 614 662
f 662 614 663
f 614 615 663
f 615 616 663
f 663 616 664
f 616 617 664
f 617 618 664
f 664 618 665
f 665 618 666
f 618 619 666
f 619 618 620
f 618 567 620
f 567 568 620
f 568 569 620
f 569 570 620
f 620 570 621
f 571 572 621
f 621 572 622
f 570 571 621
f 573 574 622
f 572 573 622
f 574 575 622
f 524 525 577
f 575 522 576
f 522 523 576
f 523 524 576
f 576 524 577
f 524 523 525
f 523 455 525
f 521 522 575
f 574 521 575
f 454 455 523
f 379 328 380
f 380 328 381
f 380 381 449
f 381 383 449
f 383 382 452
f 452 382 453
f 453 382 454
f 383 450 449
f 450 383 452
f 279 280 324
f 324 280 325
f 279 278 280
f 278 236 280
f 236 237 280
f 236 235 237
f 237 235 238
f 200 201 238
f 238 201 239
f 235 200 238
f 201 202 239
f 202 203 239
f 378 379 447
f 379 380 447
f 325 326 378
f 378 326 379
f 324 325 378
f 203 204 243
f 202 160 203
f 203 160 204
f 287 243 288
f 243 244 288
f 243 204 244
f 244 245 288
f 288 245 289
f 245 246 289
f 290 289 291
f 289 246 291
f 19 18 20
f 19 20 29
f 17 18 19
f 38 24 39
f 24 25 39
f 25 17 26
f 26 17 27
f 27 17 28
f 17 19 28
f 25 26 39
f 26 27 39
f 28 19 29
f 453 454 523
f 290 291 346
f 346 291 347
f 347 291 348
f 291 292 348
f 348 292 349
f 422 349 423
f 349 350 423
f 349 292 350
f 424 487 486
f 487 488 486
f 486 488 489
f 489 490 554
f 488 15 489
f 15 16 489
f 489 16 490
f 490 491 554
f 554 491 555
f 555 491 556
f 424 423 425
f 423 350 425
f 487 424 498
f 498 424 499
f 424 425 499
f 556 557 611
f 491 492 556
f 492 493 556
f 556 493 557
f 611 557 612
f 557 558 612
f 558 560 612
f 612 560 613
f 560 561 613
f 613 561 614
f 614 561 615
f 561 562 615
f 562 563 615
f 563 564 615
f 615 564 616
f 564 565 616
f 616 565 617
f 565 566 617
f 566 567 617
f 617 567 618
f 566 505 567
f 505 506 567
f 567 506 568
f 506 507 568
f 507 508 568
f 508 509 568
f 509 510 568
f 568 510 569
f 510 511 569
f 511 512 569
f 569 512 570
f 570 512 571
f 512 513 571
f 571 513 572
f 513 514 572
f 572 514 573
f 514 515 573
f 515 516 573
f 516 517 573
f 517 518 573
f 518 519 573
f 573 519 574
f 519 520 574
f 520 521 574
f 521 453 522
f 522 453 523
f 520 453 521
f 447 380 448
f 448 380 449
f 449 450 451
f 449 451 518
f 448 449 518
f 452 453 520
f 451 450 452
f 519 452 520
f 451 452 519
f 278 279 323
f 323 279 324
f 323 324 377
f 377 324 378
f 277 278 323
f 277 234 278
f 234 236 278
f 234 235 236
f 200 235 234
f 199 155 200
f 200 155 201
f 201 155 202
f 199 200 234
f 155 157 202
f 157 158 202
f 158 159 202
f 159 160 202
f 446 447 517
f 447 448 517
f 377 378 446
f 446 378 447
f 204 205 244
f 160 161 204
f 204 161 205
f 160 159 161
f 244 205 245
f 205 206 245
f 246 245 247
f 245 206 247
f 291 246 292
f 292 246 293
f 246 247 293
f 292 293 350
f 350 351 425
f 293 294 350
f 351 350 352
f 350 294 352
f 488 487 498
f 15 488 498
f 16 7 490
f 7 9 490
f 491 490 492
f 490 9 492
f 14 15 498
f 14 13 15
f 13 7 15
f 7 16 15
f 425 351 426
f 499 425 500
f 425 426 500
f 498 499 564
f 497 14 498
f 497 498 564
f 499 500 564
f 493 494 557
f 557 494 558
f 492 9 493
f 9 10 493
f 10 11 493
f 493 11 494
f 494 495 558
f 495 496 558
f 496 559 558
f 558 559 560
f 561 560 562
f 560 559 562
f 562 559 563
f 559 496 563
f 496 497 563
f 563 497 564
f 500 501 564
f 564 501 565
f 501 502 565
f 565 502 566
f 502 503 566
f 503 504 566
f 504 505 566
f 505 431 506
f 504 430 505
f 430 431 505
f 506 433 507
f 431 432 506
f 432 433 506
f 433 434 507
f 434 435 507
f 507 435 508
f 435 436 508
f 508 436 509
f 436 437 509
f 510 509 511
f 509 437 511
f 437 438 511
f 511 438 512
f 438 440 512
f 512 440 513
f 513 440 514
f 440 441 514
f 514 441 515
f 441 442 515
f 442 443 515
f 515 443 516
f 443 444 516
f 516 444 517
f 517 448 518
f 444 445 517
f 445 446 517
f 518 451 519
f 322 277 323
f 322 323 377
f 376 320 377
f 320 321 377
f 321 322 377
f 376 377 446
f 276 277 322
f 276 231 277
f 231 232 277
f 232 233 277
f 233 234 277
f 233 199 234
f 155 156 157
f 198 156 199
f 156 155 199
f 198 199 233
f 156 154 157
f 154 138 157
f 138 139 157
f 157 139 158
f 139 140 158
f 158 140 159
f 140 141 159
f 159 141 161
f 445 376 446
f 205 161 206
f 161 162 206
f 161 141 162
f 206 162 207
f 206 207 247
f 247 207 248
f 247 248 293
f 248 249 293
f 294 293 295
f 293 249 295
f 351 352 426
f 352 294 353
f 294 295 353
f 352 353 426
f 7 8 9
f 8 7 13
f 10 9 11
f 9 8 11
f 13 14 496
f 496 14 497
f 12 13 496
f 12 8 13
f 426 353 427
f 500 426 501
f 501 426 502
f 426 427 502
f 494 11 495
f 11 12 495
f 11 8 12
f 495 12 496
f 502 427 503
f 427 428 503
f 503 428 504
f 428 429 504
f 429 430 504
f 431 362 432
f 430 359 431
f 359 360 431
f 360 361 431
f 361 362 431
f 357 358 430
f 358 359 430
f 356 357 430
f 429 356 430
f 432 364 433
f 364 365 433
f 365 366 433
f 366 367 433
f 367 368 433
f 433 368 434
f 362 363 432
f 363 364 432
f 368 369 434
f 369 370 434
f 434 370 435
f 435 370 436
f 370 371 436
f 371 372 436
f 436 372 437
f 437 372 438
f 372 439 438
f 438 439 440
f 440 439 441
f 441 439 442
f 439 372 442
f 372 373 442
f 442 373 443
f 443 373 444
f 373 374 444
f 374 375 444
f 444 375 445
f 375 376 445
f 321 276 322
f 319 275 320
f 320 275 321
f 375 318 376
f 318 319 376
f 319 320 376
f 275 276 321
f 275 274 276
f 274 229 276
f 229 230 276
f 230 231 276
f 230 194 231
f 194 195 231
f 231 195 232
f 195 196 232
f 232 196 233
f 196 197 233
f 197 198 233
f 154 156 198
f 197 152 198
f 152 153 198
f 153 154 198
f 153 135 154
f 135 136 154
f 136 137 154
f 137 138 154
f 138 137 139
f 137 121 139
f 121 122 139
f 139 122 140
f 141 140 142
f 140 122 142
f 162 141 163
f 141 142 163
f 207 162 208
f 162 163 208
f 207 208 248
f 248 208 249
f 208 209 249
f 209 210 249
f 249 210 250
f 249 250 295
f 295 296 354
f 295 250 296
f 353 295 354
f 353 354 427
f 427 354 428
f 354 355 428
f 428 355 429
f 355 356 429
f 361 305 362
f 305 306 362
f 306 307 362
f 307 308 362
f 308 309 362
f 362 309 363
f 358 298 359
f 298 299 359
f 359 299 360
f 299 300 360
f 300 301 360
f 301 302 360
f 302 303 360
f 303 304 360
f 304 305 360
f 360 305 361
f 356 297 357
f 357 297 358
f 297 298 358
f 355 354 356
f 354 296 356
f 296 297 356
f 364 363 365
f 365 363 366
f 363 311 366
f 311 312 366
f 312 313 366
f 366 313 367
f 367 313 368
f 313 314 368
f 368 314 369
f 309 310 363
f 310 311 363
f 314 315 369
f 370 369 371
f 369 315 371
f 372 371 373
f 373 371 374
f 371 315 374
f 315 316 374
f 316 317 374
f 374 317 375
f 317 318 375
f 318 273 319
f 273 274 319
f 274 275 319
f 317 271 318
f 271 272 318
f 272 273 318
f 273 228 274
f 228 229 274
f 228 227 229
f 227 192 229
f 192 193 229
f 229 193 230
f 193 194 230
f 194 193 195
f 193 148 195
f 148 149 195
f 149 150 195
f 195 150 196
f 150 151 196
f 151 152 196
f 196 152 197
f 151 133 152
f 133 134 152
f 152 134 153
f 134 135 153
f 134 116 135
f 116 117 135
f 117 118 135
f 118 119 135
f 135 119 136
f 119 120 136
f 136 120 137
f 120 121 137
f 120 102 121
f 122 121 123
f 121 102 123
f 122 123 142
f 143 142 144
f 142 123 144
f 142 143 163
f 163 164 208
f 164 163 165
f 163 143 165
f 208 164 209
f 209 164 210
f 210 164 211
f 210 211 250
f 250 211 251
f 250 251 296
f 296 251 297
f 304 258 305
f 305 258 306
f 258 259 306
f 259 260 306
f 260 261 306
f 306 261 307
f 307 261 308
f 261 262 308
f 309 308 310
f 308 262 310
f 297 251 298
f 298 251 299
f 299 251 300
f 251 252 300
f 252 253 300
f 300 253 301
f 253 254 301
f 254 255 301
f 301 255 302
f 302 255 303
f 303 256 304
f 255 256 303
f 256 257 304
f 257 258 304
f 310 263 311
f 263 264 311
f 311 264 312
f 312 264 313
f 264 265 313
f 265 266 313
f 313 266 314
f 266 267 314
f 314 267 315
f 262 263 310
f 315 267 316
f 267 268 316
f 316 268 317
f 268 269 317
f 269 270 317
f 270 271 317
f 272 228 273
f 271 224 272
f 270 223 271
f 223 224 271
f 224 225 272
f 225 226 272
f 226 227 272
f 227 228 272
f 226 190 227
f 190 191 227
f 191 192 227
f 191 145 192
f 145 146 192
f 146 147 192
f 192 147 193
f 147 148 193
f 147 128 148
f 148 128 149
f 130 131 149
f 131 132 149
f 149 132 150
f 128 129 149
f 129 130 149
f 150 132 151
f 132 133 151
f 114 115 133
f 133 115 134
f 132 110 133
f 110 111 133
f 111 112 133
f 112 113 133
f 113 114 133
f 115 116 134
f 98 99 116
f 99 100 116
f 116 100 117
f 115 98 116
f 100 101 117
f 117 101 118
f 101 102 118
f 118 102 119
f 119 102 120
f 101 84 102
f 102 84 103
f 102 103 123
f 123 103 124
f 123 124 144
f 144 145 191
f 143 166 165
f 124 125 144
f 144 125 145
f 166 143 190
f 190 143 191
f 143 144 191
f 164 165 211
f 165 167 211
f 165 166 167
f 211 167 212
f 251 211 252
f 211 212 252
f 258 257 259
f 257 55 259
f 259 55 260
f 55 57 260
f 260 57 261
f 261 57 262
f 262 57 263
f 212 213 252
f 252 213 253
f 213 58 253
f 58 54 253
f 253 54 254
f 254 54 255
f 255 54 256
f 54 53 256
f 256 53 257
f 53 55 257
f 57 58 263
f 58 213 263
f 213 214 263
f 214 215 263
f 215 216 263
f 263 216 264
f 264 216 265
f 216 217 265
f 217 218 265
f 265 218 266
f 218 219 266
f 266 219 267
f 268 267 269
f 267 219 269
f 269 220 270
f 219 220 269
f 220 221 270
f 221 222 270
f 222 223 270
f 223 185 224
f 185 186 224
f 186 187 224
f 224 187 225
f 222 185 223
f 187 188 225
f 225 188 226
f 188 190 226
f 188 189 190
f 189 168 190
f 168 166 190
f 145 125 146
f 125 126 146
f 126 127 146
f 127 128 146
f 146 128 147
f 128 127 129
f 129 107 130
f 107 108 130
f 108 110 130
f 130 110 131
f 131 110 132
f 127 107 129
f 113 96 114
f 96 97 114
f 114 97 115
f 97 98 115
f 108 109 110
f 110 109 111
f 109 90 111
f 111 90 112
f 90 91 112
f 91 92 112
f 92 93 112
f 93 94 112
f 112 94 113
f 94 95 113
f 95 96 113
f 99 83 101
f 100 99 101
f 97 80 98
f 80 81 98
f 81 82 98
f 82 83 98
f 98 83 99
f 83 84 101
f 84 85 103
f 83 82 84
f 82 65 84
f 84 65 85
f 85 86 103
f 103 86 104
f 103 104 124
f 124 104 125
f 167 166 168
f 104 105 125
f 125 105 126
f 167 168 212
f 213 212 214
f 212 168 214
f 53 54 55
f 54 56 55
f 55 56 57
f 57 56 58
f 56 54 58
f 214 168 215
f 215 168 216
f 168 189 216
f 216 189 217
f 189 176 217
f 176 177 217
f 177 178 217
f 217 178 218
f 218 179 219
f 178 179 218
f 219 179 220
f 220 181 221
f 180 181 220
f 179 180 220
f 183 184 221
f 181 182 221
f 182 183 221
f 221 184 222
f 184 185 222
f 184 173 185
f 185 173 186
f 173 175 186
f 186 175 187
f 187 175 188
f 175 176 188
f 176 189 188
f 105 106 126
f 126 106 127
f 106 107 127
f 107 106 108
f 106 89 108
f 89 90 108
f 90 109 108
f 96 79 97
f 95 78 96
f 78 79 96
f 79 80 97
f 89 88 90
f 90 88 91
f 88 71 91
f 91 71 92
f 71 72 92
f 92 73 93
f 73 74 93
f 74 75 93
f 93 75 94
f 75 76 94
f 94 76 95
f 76 77 95
f 80 63 81
f 79 63 80
f 63 64 81
f 64 65 81
f 81 65 82
f 66 67 85
f 85 67 86
f 65 66 85
f 64 62 65
f 62 59 65
f 65 59 66
f 67 68 86
f 86 68 87
f 86 87 104
f 104 87 105
f 105 87 106
f 175 174 176
f 174 170 176
f 170 169 176
f 176 169 177
f 178 177 179
f 179 177 180
f 177 169 180
f 180 169 181
f 181 169 182
f 182 171 183
f 183 171 184
f 171 172 184
f 172 173 184
f 169 171 182
f 172 170 173
f 170 174 173
f 173 174 175
f 87 88 106
f 88 89 106
f 60 61 79
f 61 63 79
f 87 68 88
f 68 69 88
f 69 70 88
f 70 71 88
f 61 62 63
f 63 62 64
f 68 67 69
f 59 62 61
f 169 170 171
f 171 170 172
