o right_arm
v 0.4426530599594116 0.2889391779899597 0.17001718282699585
v 0.4480034112930298 0.2783600687980652 0.1694091558456421
v 0.4426530599594116 0.28358882665634155 0.16794997453689575
v 0.39498627185821533 0.45382726192474365 -0.2200719714164734
v 0.38963592052459717 0.455407977104187 -0.23065108060836792
v 0.38963592052459717 0.45674562454223633 -0.22530072927474976
v 0.2518644332885742 0.22060060501098633 -0.16170454025268555
v 0.2529587745666504 0.21999263763427734 -0.1670548915863037
v 0.2570931911468506 0.22230297327041626 -0.16170454025268555
v 0.2690098285675049 0.2253429889678955 -0.16170454025268555
v 0.2570931911468506 0.5222873687744141 -0.20073777437210083
v 0.2553907632827759 0.5275161266326904 -0.19879218935966492
v 0.26244354248046875 0.5222873687744141 -0.20219695568084717
v 0.3710312843322754 0.37904393672943115 0.060943007469177246
v 0.37857043743133545 0.36323606967926025 0.060943007469177246
v 0.3831911087036133 0.36323606967926025 0.07687240839004517
v 0.38963592052459717 0.45115208625793457 -0.18821308016777039
v 0.3803943395614624 0.4533407688140869 -0.1722836196422577
v 0.39413511753082275 0.4320610761642456 -0.16170454025268555
v 0.40422773361206055 0.4162532091140747 -0.1670548915863037
v 0.39936375617980957 0.4214819669723511 -0.15635418891906738
v 0.4003366231918335 0.4195363521575928 -0.15635418891906738
v 0.4031333923339844 0.41090285778045654 -0.15112543106079102
v 0.4003366231918335 0.3598313331604004 -0.013232320547103882
v 0.40556538105010986 0.36323606967926025 -0.024541020393371582
v 0.4161444902420044 0.35375142097473145 -0.008003562688827515
v 0.42149484157562256 0.46391987800598145 -0.08400285243988037
v 0.4161444902420044 0.4746205806732178 -0.08217889070510864
v 0.4268451929092407 0.46391987800598145 -0.07877412438392639
v 0.43742430210113525 0.46391987800598145 -0.06880301237106323
v 0.43742430210113525 0.474498987197876 -0.06624943017959595
v 0.49384617805480957 0.3525353670120239 0.013276219367980957
v 0.49044132232666016 0.36323606967926025 0.004034698009490967
v 0.498710036277771 0.3578857183456421 0.018504977226257324
v 0.507830023765564 0.3100973963737488 0.06629329919815063
v 0.5094107389450073 0.3048686385154724 0.07687240839004517
v 0.506249189376831 0.29951828718185425 0.07687240839004517
v 0.43742430210113525 0.42038750648498535 0.15639805793762207
v 0.4398561716079712 0.4162532091140747 0.15639805793762207
v 0.43742430210113525 0.41819870471954346 0.16174840927124023
v 0.4426530599594116 0.40883564949035645 0.16174840927124023
v 0.4438689947128296 0.4055525064468384 0.16174840927124023
v 0.4426530599594116 0.40457963943481445 0.1669771671295166
v 0.45858240127563477 0.36578965187072754 0.19348573684692383
v 0.45858240127563477 0.3623849153518677 0.18825697898864746
v 0.4619872570037842 0.3684648275375366 0.18825697898864746
v 0.45335376262664795 0.3843942880630493 0.18120425939559937
v 0.45177292823791504 0.3897446393966675 0.17755627632141113
v 0.45858240127563477 0.3897446393966675 0.1832714080810547
v 0.5022364854812622 0.26778095960617065 0.14046865701675415
v 0.5063707828521729 0.28383201360702515 0.14581900835037231
v 0.5010204315185547 0.2649841904640198 0.14581900835037231
v 0.5047900676727295 0.29951828718185425 0.1669771671295166
v 0.5063707828521729 0.3048686385154724 0.16563957929611206
v 0.5314202308654785 0.336727499961853 0.06629329919815063
v 0.5328793525695801 0.3419562578201294 0.0649557113647461
v 0.5328793525695801 0.3260267972946167 0.06519895792007446
v 0.544431209564209 0.3419562578201294 0.07687240839004517
v 0.5422425270080566 0.336727499961853 0.08222275972366333
v 0.544431209564209 0.3207980990409851 0.07687240839004517
v 0.5381081104278564 0.31289416551589966 0.07687240839004517
v 0.5381081104278564 0.31313735246658325 0.071522057056427
v 0.5419992208480835 0.31544774770736694 0.07687240839004517
v 0.5417560338973999 0.31544774770736694 0.071522057056427
v 0.5434584617614746 0.31787967681884766 0.071522057056427
v 0.5381081104278564 0.31544774770736694 0.06848210096359253
v 0.5328793525695801 0.3218924403190613 0.06629329919815063
v 0.5334873199462891 0.31544774770736694 0.071522057056427
v 0.5328793525695801 0.31581252813339233 0.07687240839004517
v 0.5328793525695801 0.3207980990409851 0.08197957277297974
v 0.5381081104278564 0.31544774770736694 0.0805203914642334
v 0.5381081104278564 0.3207980990409851 0.08356034755706787
v 0.5381081104278564 0.336727499961853 0.08660036325454712
v 0.5381081104278564 0.3525353670120239 0.08818113803863525
v 0.506249189376831 0.3525353670120239 0.17755627632141113
v 0.5063707828521729 0.3578857183456421 0.18120425939559937
v 0.5045468807220459 0.36323606967926025 0.1829066276550293
v 0.5115995407104492 0.36323606967926025 0.18667620420455933
v 0.5063707828521729 0.36323606967926025 0.1849738359451294
v 0.5115995407104492 0.3532649278640747 0.1829066276550293
v 0.5115995407104492 0.3484010696411133 0.17755627632141113
v 0.5163419246673584 0.3525353670120239 0.17755627632141113
v 0.5221786499023438 0.36323606967926025 0.17232751846313477
v 0.5209627151489258 0.36323606967926025 0.17755627632141113
v 0.5275290012359619 0.39071738719940186 0.17232751846313477
v 0.5075868368148804 0.3738151788711548 0.17755627632141113
v 0.5063707828521729 0.39266300201416016 0.17755627632141113
v 0.5115995407104492 0.3897446393966675 0.16989552974700928
v 0.5330009460449219 0.4533407688140869 0.18825697898864746
v 0.5359193086624146 0.43741142749786377 0.1829066276550293
v 0.5410264730453491 0.4320610761642456 0.17232751846313477
v 0.5412696599960327 0.4214819669723511 0.1669771671295166
v 0.5424857139587402 0.42683231830596924 0.1669771671295166
v 0.5407832860946655 0.46391987800598145 0.1510477066040039
v 0.5419992208480835 0.44276177883148193 0.1669771671295166
v 0.5445528030395508 0.4479905366897583 0.1510477066040039
v 0.5449177026748657 0.44276177883148193 0.15639805793762207
v 0.5455256700515747 0.43741142749786377 0.15639805793762207
v 0.5437016487121582 0.42683231830596924 0.16174840927124023
v 0.5275290012359619 0.3897446393966675 0.15895164012908936
v 0.5275290012359619 0.39083898067474365 0.14581900835037231
v 0.5328793525695801 0.3961893320083618 0.14581900835037231
v 0.5275290012359619 0.39497339725494385 0.14046865701675415
v 0.5275290012359619 0.39740538597106934 0.13523989915847778
v 0.5250970125198364 0.39497339725494385 0.12988954782485962
v 0.5221786499023438 0.400323748588562 0.12928152084350586
v 0.5221786499023438 0.39497339725494385 0.12490397691726685
v 0.5221786499023438 0.39497339725494385 0.1189456582069397
v 0.5221786499023438 0.3843942880630493 0.1256335973739624
v 0.5221786499023438 0.38123273849487305 0.12453919649124146
v 0.5221786499023438 0.3829350471496582 0.11931043863296509
v 0.5233947038650513 0.3897446393966675 0.11396008729934692
v 0.5221786499023438 0.39728379249572754 0.11396008729934692
v 0.5169498920440674 0.39497339725494385 0.10605615377426147
v 0.5221786499023438 0.39728379249572754 0.10873132944107056
v 0.5169498920440674 0.3964325189590454 0.10873132944107056
v 0.5169498920440674 0.3983781337738037 0.11931043863296509
v 0.5169498920440674 0.39959418773651123 0.12453919649124146
v 0.5169498920440674 0.400323748588562 0.12672793865203857
v 0.5221786499023438 0.4014180898666382 0.13523989915847778
v 0.5275290012359619 0.39497339725494385 0.1324431300163269
v 0.5275290012359619 0.39023101329803467 0.12988954782485962
v 0.5275290012359619 0.3843942880630493 0.12745755910873413
v 0.5275290012359619 0.3800166845321655 0.12453919649124146
v 0.5275290012359619 0.3800166845321655 0.11931043863296509
v 0.5316634178161621 0.3843942880630493 0.11931043863296509
v 0.5275290012359619 0.38147592544555664 0.11396008729934692
v 0.524732232093811 0.3843942880630493 0.11396008729934692
v 0.5248538255691528 0.3843942880630493 0.10873132944107056
v 0.5232729911804199 0.39497339725494385 0.10873132944107056
v 0.5221786499023438 0.39497339725494385 0.10423219203948975
v 0.5224218368530273 0.3843942880630493 0.09803062677383423
v 0.5169498920440674 0.3858534097671509 0.09803062677383423
v 0.5207195281982422 0.3738151788711548 0.09280186891555786
v 0.5169498920440674 0.37904393672943115 0.0940178632736206
v 0.5169498920440674 0.3738151788711548 0.09097790718078613
v 0.5103836059570312 0.3738151788711548 0.09803062677383423
v 0.5073436498641968 0.3738151788711548 0.10873132944107056
v 0.508437991142273 0.3738151788711548 0.10338097810745239
v 0.5123291015625 0.3843942880630493 0.10338097810745239
v 0.5115995407104492 0.3897446393966675 0.11505448818206787
v 0.5115995407104492 0.39339256286621094 0.13523989915847778
v 0.5169498920440674 0.4008101224899292 0.14046865701675415
v 0.5169498920440674 0.4005669355392456 0.14581900835037231
v 0.5187739133834839 0.400323748588562 0.14046865701675415
v 0.5221786499023438 0.39363574981689453 0.14581900835037231
v 0.5221786499023438 0.3897446393966675 0.15639805793762207
v 0.5184091329574585 0.3897446393966675 0.16174840927124023
v 0.5126940011978149 0.37904393672943115 0.1669771671295166
v 0.5158555507659912 0.3738151788711548 0.16174840927124023
v 0.5169498920440674 0.3684648275375366 0.16077566146850586
v 0.5163419246673584 0.36323606967926025 0.16174840927124023
v 0.5221786499023438 0.37661194801330566 0.16174840927124023
v 0.5221786499023438 0.3843942880630493 0.1604108214378357
v 0.5267994403839111 0.3843942880630493 0.1669771671295166
v 0.5382297039031982 0.41090285778045654 0.16174840927124023
v 0.5326361656188965 0.4055525064468384 0.17232751846313477
v 0.5381081104278564 0.4162532091140747 0.17123311758041382
v 0.5275290012359619 0.4162532091140747 0.18825697898864746
v 0.5328793525695801 0.4214819669723511 0.1848522424697876
v 0.5330009460449219 0.4320610761642456 0.18825697898864746
v 0.5275290012359619 0.43741142749786377 0.19749850034713745
v 0.5275290012359619 0.4479905366897583 0.1985929012298584
v 0.5227866172790527 0.46391987800598145 0.198836088180542
v 0.5221786499023438 0.4585695266723633 0.20260566473007202
v 0.5292314291000366 0.4585695266723633 0.19348573684692383
v 0.5322713851928711 0.46391987800598145 0.1829066276550293
v 0.5368921756744385 0.4692702293395996 0.16174840927124023
v 0.5381081104278564 0.4692702293395996 0.15639805793762207
v 0.5381081104278564 0.4735262393951416 0.1510477066040039
v 0.5376217365264893 0.47984933853149414 0.14581900835037231
v 0.5381081104278564 0.49042844772338867 0.14046865701675415
v 0.53835129737854 0.4850780963897705 0.14046865701675415
v 0.5413912534713745 0.47984933853149414 0.13523989915847778
v 0.5435800552368164 0.4585695266723633 0.14046865701675415
v 0.5456472635269165 0.43741142749786377 0.14581900835037231
v 0.5455256700515747 0.4320610761642456 0.1510477066040039
v 0.5445528030395508 0.42683231830596924 0.1510477066040039
v 0.5434584617614746 0.4261026382446289 0.14046865701675415
v 0.5357977151870728 0.4055525064468384 0.13523989915847778
v 0.5331225395202637 0.400323748588562 0.13523989915847778
v 0.5320281982421875 0.39497339725494385 0.12988954782485962
v 0.5331225395202637 0.3897446393966675 0.12453919649124146
v 0.5328793525695801 0.3843942880630493 0.11359530687332153
v 0.5328793525695801 0.3803814649581909 0.10873132944107056
v 0.5270426273345947 0.37904393672943115 0.10873132944107056
v 0.526313066482544 0.3684648275375366 0.10338097810745239
v 0.5244890451431274 0.3738151788711548 0.10338097810745239
v 0.5221786499023438 0.3738151788711548 0.094382643699646
v 0.5221786499023438 0.3684648275375366 0.09365308284759521
v 0.5169498920440674 0.3684648275375366 0.08964031934738159
v 0.5115995407104492 0.3684648275375366 0.09523385763168335
v 0.5085595846176147 0.3684648275375366 0.10338097810745239
v 0.5074652433395386 0.3684648275375366 0.10873132944107056
v 0.5086811780929565 0.36323606967926025 0.11931043863296509
v 0.5092891454696655 0.36323606967926025 0.12988954782485962
v 0.5115995407104492 0.36068248748779297 0.12988954782485962
v 0.5090459585189819 0.36323606967926025 0.13523989915847778
v 0.5063707828521729 0.36323606967926025 0.14095503091812134
v 0.5115995407104492 0.36092567443847656 0.14046865701675415
v 0.5063707828521729 0.3593449592590332 0.14581900835037231
v 0.5115995407104492 0.35861527919769287 0.14581900835037231
v 0.5063707828521729 0.35387301445007324 0.1510477066040039
v 0.5115995407104492 0.35034656524658203 0.15639805793762207
v 0.5130587816238403 0.3525353670120239 0.1510477066040039
v 0.5158555507659912 0.34730660915374756 0.1510477066040039
v 0.5134235620498657 0.34730660915374756 0.15639805793762207
v 0.5115995407104492 0.3485226631164551 0.16174840927124023
v 0.5063707828521729 0.35022497177124023 0.15639805793762207
v 0.5024796724319458 0.36323606967926025 0.14581900835037231
v 0.5027228593826294 0.3684648275375366 0.14046865701675415
v 0.5063707828521729 0.3684648275375366 0.12988954782485962
v 0.5056412220001221 0.3738151788711548 0.12988954782485962
v 0.5071003437042236 0.37904393672943115 0.12453919649124146
v 0.5115995407104492 0.39533817768096924 0.14046865701675415
v 0.5115995407104492 0.4006885290145874 0.1510477066040039
v 0.5169498920440674 0.400323748588562 0.1510477066040039
v 0.5169498920440674 0.3989861011505127 0.15639805793762207
v 0.5168282985687256 0.39497339725494385 0.16174840927124023
v 0.5063707828521729 0.39716219902038574 0.17232751846313477
v 0.5063707828521729 0.39497339725494385 0.175975501537323
v 0.5010204315185547 0.3897446393966675 0.18436580896377563
v 0.5010204315185547 0.3738151788711548 0.18448740243911743
v 0.5063707828521729 0.3684648275375366 0.17889386415481567
v 0.5010204315185547 0.3684648275375366 0.18582499027252197
v 0.5115995407104492 0.3684648275375366 0.16831475496292114
v 0.5115995407104492 0.36323606967926025 0.16478842496871948
v 0.5115995407104492 0.3578857183456421 0.16308599710464478
v 0.5169498920440674 0.3578857183456421 0.16381561756134033
v 0.5221786499023438 0.3644520044326782 0.1669771671295166
v 0.5169498920440674 0.35180580615997314 0.17232751846313477
v 0.5115995407104492 0.34767138957977295 0.1669771671295166
v 0.5073436498641968 0.3525353670120239 0.1669771671295166
v 0.5115995407104492 0.3525353670120239 0.1624780297279358
v 0.5162203311920166 0.3525353670120239 0.1669771671295166
v 0.5115995407104492 0.34730660915374756 0.16369402408599854
v 0.5063707828521729 0.34730660915374756 0.16588276624679565
v 0.5063707828521729 0.34888744354248047 0.16174840927124023
v 0.5008988380432129 0.3525353670120239 0.15639805793762207
v 0.5010204315185547 0.36323606967926025 0.14825093746185303
v 0.5038172006607056 0.3738151788711548 0.13523989915847778
v 0.5027228593826294 0.37904393672943115 0.14046865701675415
v 0.5063707828521729 0.3959461450576782 0.1510477066040039
v 0.5063707828521729 0.39959418773651123 0.15639805793762207
v 0.5115995407104492 0.400323748588562 0.1601676344871521
v 0.5010204315185547 0.4011749029159546 0.1669771671295166
v 0.5010204315185547 0.4006885290145874 0.17232751846313477
v 0.4995613098144531 0.400323748588562 0.17755627632141113
v 0.5010204315185547 0.39497339725494385 0.1831498146057129
v 0.49044132232666016 0.39716219902038574 0.18825697898864746
v 0.4956700801849365 0.3897446393966675 0.18764901161193848
v 0.4956700801849365 0.3684648275375366 0.18582499027252197
v 0.4956700801849365 0.36323606967926025 0.18655461072921753
v 0.4956700801849365 0.360074520111084 0.18825697898864746
v 0.5010204315185547 0.36542487144470215 0.18825697898864746
v 0.5063707828521729 0.3684648275375366 0.18837857246398926
v 0.5115995407104492 0.3684648275375366 0.18777060508728027
v 0.5169498920440674 0.36177682876586914 0.1829066276550293
v 0.5190171003341675 0.3738151788711548 0.1829066276550293
v 0.5260698795318604 0.39497339725494385 0.17755627632141113
v 0.5293530225753784 0.4055525064468384 0.17755627632141113
v 0.5169498920440674 0.41090285778045654 0.19555294513702393
v 0.5221786499023438 0.4320610761642456 0.20187604427337646
v 0.5169498920440674 0.43741142749786377 0.20734798908233643
v 0.5168282985687256 0.4479905366897583 0.20941519737243652
v 0.5223002433776855 0.4533407688140869 0.20406484603881836
v 0.5169498920440674 0.4644063711166382 0.20406484603881836
v 0.5221786499023438 0.46391987800598145 0.19944405555725098
v 0.5230298042297363 0.4692702293395996 0.19348573684692383
v 0.5270426273345947 0.4692702293395996 0.18825697898864746
v 0.52534019947052 0.47984933853149414 0.17755627632141113
v 0.5275290012359619 0.47984933853149414 0.17475950717926025
v 0.5317850112915039 0.47984933853149414 0.1669771671295166
v 0.5328793525695801 0.48228132724761963 0.16174840927124023
v 0.5334873199462891 0.49042844772338867 0.1510477066040039
v 0.5381081104278564 0.49577879905700684 0.14095503091812134
v 0.5422425270080566 0.49577879905700684 0.13523989915847778
v 0.5485656261444092 0.474498987197876 0.12453919649124146
v 0.5441880226135254 0.46391987800598145 0.13523989915847778
v 0.544431209564209 0.44276177883148193 0.12453919649124146
v 0.5430936813354492 0.4320610761642456 0.12453919649124146
v 0.5381081104278564 0.4124835729598999 0.12453919649124146
v 0.5364056825637817 0.4055525064468384 0.12988954782485962
v 0.5349465608596802 0.3897446393966675 0.11396008729934692
v 0.5345817804336548 0.3843942880630493 0.10873132944107056
v 0.5328793525695801 0.3578857183456421 0.0960850715637207
v 0.5275290012359619 0.36323606967926025 0.10143542289733887
v 0.5226650238037109 0.36323606967926025 0.09803062677383423
v 0.5221786499023438 0.36323606967926025 0.09657144546508789
v 0.5168282985687256 0.36323606967926025 0.09280186891555786
v 0.5169498920440674 0.359466552734375 0.09803062677383423
v 0.5115995407104492 0.36323606967926025 0.1010705828666687
v 0.5115995407104492 0.3597097396850586 0.12453919649124146
v 0.5156123638153076 0.3578857183456421 0.12988954782485962
v 0.5152474641799927 0.3578857183456421 0.14046865701675415
v 0.5163419246673584 0.3525353670120239 0.14581900835037231
v 0.5167067050933838 0.34730660915374756 0.14581900835037231
v 0.515369176864624 0.3419562578201294 0.1510477066040039
v 0.5129371881484985 0.336727499961853 0.15639805793762207
v 0.5139099359512329 0.3419562578201294 0.15639805793762207
v 0.5115995407104492 0.3457258939743042 0.16174840927124023
v 0.5063707828521729 0.3419562578201294 0.1645451784133911
v 0.5010204315185547 0.3419562578201294 0.16466683149337769
v 0.5010204315185547 0.3484010696411133 0.16174840927124023
v 0.4979804754257202 0.3525353670120239 0.16174840927124023
v 0.49712932109832764 0.3738151788711548 0.15639805793762207
v 0.4956700801849365 0.36141204833984375 0.16174840927124023
v 0.49664294719696045 0.37904393672943115 0.15639805793762207
v 0.4998044967651367 0.37904393672943115 0.1510477066040039
v 0.5010204315185547 0.39497339725494385 0.1553037166595459
v 0.5010204315185547 0.400323748588562 0.16114044189453125
v 0.4956700801849365 0.4032421112060547 0.1669771671295166
v 0.49044132232666016 0.40397167205810547 0.1669771671295166
v 0.4956700801849365 0.4031205177307129 0.17232751846313477
v 0.4956700801849365 0.40202605724334717 0.17755627632141113
v 0.49044132232666016 0.40409326553344727 0.17755627632141113
v 0.49044132232666016 0.400323748588562 0.18594658374786377
v 0.485090970993042 0.400323748588562 0.18764901161193848
v 0.4798622131347656 0.400323748588562 0.1874057650566101
v 0.485090970993042 0.39497339725494385 0.189594566822052
v 0.485090970993042 0.3843942880630493 0.19044578075408936
v 0.485090970993042 0.37904393672943115 0.19105374813079834
v 0.49044132232666016 0.3738151788711548 0.18825697898864746
v 0.49044132232666016 0.36323606967926025 0.18886500597000122
v 0.49044132232666016 0.3593449592590332 0.19348573684692383
v 0.49044132232666016 0.36323606967926025 0.19725531339645386
v 0.4956700801849365 0.35861527919769287 0.19348573684692383
v 0.49919652938842773 0.36323606967926025 0.19348573684692383
v 0.5013852119445801 0.3684648275375366 0.19348573684692383
v 0.5101404190063477 0.3897446393966675 0.19348573684692383
v 0.5063707828521729 0.400323748588562 0.19822806119918823
v 0.5115995407104492 0.4055525064468384 0.1968904733657837
v 0.5115995407104492 0.4162532091140747 0.20236247777938843
v 0.4956700801849365 0.4162532091140747 0.20759117603302002
v 0.5011420249938965 0.41090285778045654 0.20406484603881836
v 0.5115995407104492 0.42683231830596924 0.20710480213165283
v 0.5115995407104492 0.4479905366897583 0.2128199338912964
v 0.5115995407104492 0.4533407688140869 0.2126983404159546
v 0.5143963098526001 0.4585695266723633 0.20941519737243652
v 0.5115995407104492 0.46391987800598145 0.20819920301437378
v 0.5115995407104492 0.4692702293395996 0.2033352255821228
v 0.521449089050293 0.474498987197876 0.18825697898864746
v 0.5221786499023438 0.47984933853149414 0.18108266592025757
v 0.525948166847229 0.49042844772338867 0.1669771671295166
v 0.5275290012359619 0.49577879905700684 0.15943807363510132
v 0.5323929786682129 0.5010075569152832 0.1510477066040039
v 0.5370137691497803 0.5063579082489014 0.14581900835037231
v 0.5461336374282837 0.5328664779663086 0.12988954782485962
v 0.5482008457183838 0.5593750476837158 0.11396008729934692
v 0.5450392961502075 0.5434455871582031 0.12453919649124146
v 0.5434584617614746 0.5593750476837158 0.12344479560852051
v 0.5381081104278564 0.5790740251541138 0.11931043863296509
v 0.5381081104278564 0.5738452672958374 0.12453919649124146
v 0.5434584617614746 0.5746965408325195 0.11396008729934692
v 0.5349465608596802 0.5964627265930176 0.09280186891555786
v 0.5434584617614746 0.5806548595428467 0.10338097810745239
v 0.5434584617614746 0.5805332660675049 0.10338097810745239
v 0.548687219619751 0.572264552116394 0.09803062677383423
v 0.548687219619751 0.5646038055419922 0.10921770334243774
v 0.5540375709533691 0.527759313583374 0.10873132944107056
v 0.5529431104660034 0.538095235824585 0.10338097810745239
v 0.5542807579040527 0.5222873687744141 0.11396008729934692
v 0.5533080101013184 0.5222873687744141 0.11931043863296509
v 0.5506328344345093 0.5169370174407959 0.12988954782485962
v 0.5418776273727417 0.5275161266326904 0.14046865701675415
v 0.5381081104278564 0.538095235824585 0.13779348134994507
v 0.5434584617614746 0.5434455871582031 0.12697118520736694
v 0.5381081104278564 0.5699541568756104 0.12697118520736694
v 0.5330009460449219 0.5753045082092285 0.12988954782485962
v 0.5328793525695801 0.581627607345581 0.12453919649124146
v 0.5328793525695801 0.5911123752593994 0.10970413684844971
v 0.5275290012359619 0.5973138809204102 0.10873132944107056
v 0.5275290012359619 0.6041234731674194 0.09280186891555786
v 0.5267994403839111 0.6123921871185303 0.050363898277282715
v 0.5169498920440674 0.6195664405822754 0.04501354694366455
v 0.5221786499023438 0.6156753301620483 0.06629329919815063
v 0.5114779472351074 0.6229712963104248 0.04501354694366455
v 0.5115995407104492 0.623457670211792 0.05571424961090088
v 0.5328793525695801 0.6041234731674194 0.07687240839004517
v 0.5275290012359619 0.6070418357849121 0.08428996801376343
v 0.5275290012359619 0.6077713966369629 0.08222275972366333
v 0.5063707828521729 0.62467360496521 0.071522057056427
v 0.5063707828521729 0.6262544393539429 0.05571424961090088
v 0.4956700801849365 0.6308751106262207 0.04501354694366455
v 0.47451186180114746 0.6379278898239136 0.039784789085388184
v 0.4861854314804077 0.6335502862930298 0.03443443775177002
v 0.4956700801849365 0.6283215284347534 0.030056893825531006
v 0.5010204315185547 0.6229712963104248 0.022882521152496338
v 0.5063707828521729 0.6200528144836426 0.02385532855987549
v 0.524124264717102 0.6123921871185303 0.039784789085388184
v 0.53081214427948 0.6018130779266357 0.03443443775177002
v 0.5218138694763184 0.6070418357849121 0.02385532855987549
v 0.5275290012359619 0.6087441444396973 0.039784789085388184
v 0.5325145721435547 0.6070418357849121 0.05571424961090088
v 0.5322713851928711 0.6070418357849121 0.06629329919815063
v 0.5381081104278564 0.5996242761611938 0.06629329919815063
v 0.5366488695144653 0.5964627265930176 0.0874515175819397
v 0.5428504943847656 0.585883617401123 0.09280186891555786
v 0.5458904504776001 0.5805332660675049 0.09280186891555786
v 0.548687219619751 0.5753045082092285 0.08988350629806519
v 0.5512408018112183 0.5699541568756104 0.08222275972366333
v 0.5529431104660034 0.5593750476837158 0.0874515175819397
v 0.5524567365646362 0.5593750476837158 0.09280186891555786
v 0.5540375709533691 0.5487959384918213 0.08465474843978882
v 0.5544023513793945 0.538095235824585 0.09280186891555786
v 0.5582934617996216 0.5115866661071777 0.09803062677383423
v 0.5548887252807617 0.5063579082489014 0.11931043863296509
v 0.5471063852310181 0.5115866661071777 0.13523989915847778
v 0.5309337377548218 0.5169370174407959 0.15639805793762207
v 0.5501463413238525 0.49042844772338867 0.12453919649124146
v 0.5514839887619019 0.474498987197876 0.11931043863296509
v 0.5473495721817017 0.4479905366897583 0.11396008729934692
v 0.5434584617614746 0.437289834022522 0.11396008729934692
v 0.5351897478103638 0.4214819669723511 0.11396008729934692
v 0.5353113412857056 0.4162532091140747 0.11396008729934692
v 0.5349465608596802 0.4214819669723511 0.10873132944107056
v 0.5351897478103638 0.4162532091140747 0.10873132944107056
v 0.5368921756744385 0.41090285778045654 0.10873132944107056
v 0.5379865169525146 0.4055525064468384 0.10873132944107056
v 0.5376217365264893 0.4055525064468384 0.11396008729934692
v 0.5364056825637817 0.3897446393966675 0.10873132944107056
v 0.5351897478103638 0.3684648275375366 0.09803062677383423
v 0.5381081104278564 0.3732072114944458 0.0874515175819397
v 0.5364056825637817 0.36323606967926025 0.09280186891555786
v 0.5434584617614746 0.36092567443847656 0.07687240839004517
v 0.5451608896255493 0.3260267972946167 0.071522057056427
v 0.5422425270080566 0.3260267972946167 0.06629329919815063
v 0.5381081104278564 0.3207980990409851 0.06507736444473267
v 0.5306905508041382 0.3207980990409851 0.071522057056427
v 0.5288666486740112 0.33137714862823486 0.07687240839004517
v 0.529596209526062 0.33137714862823486 0.08222275972366333
v 0.5328793525695801 0.3342955708503723 0.0874515175819397
v 0.5328793525695801 0.3419562578201294 0.09085631370544434
v 0.5275290012359619 0.34730660915374756 0.09268027544021606
v 0.52534019947052 0.3578857183456421 0.09803062677383423
v 0.521449089050293 0.3578857183456421 0.09803062677383423
v 0.5169498920440674 0.3580073118209839 0.10338097810745239
v 0.5169498920440674 0.3570345640182495 0.11931043863296509
v 0.5212059020996094 0.3525353670120239 0.11931043863296509
v 0.5185307264328003 0.3525353670120239 0.12988954782485962
v 0.5169498920440674 0.3549673557281494 0.13523989915847778
v 0.5170714855194092 0.3525353670120239 0.14046865701675415
v 0.5137883424758911 0.336727499961853 0.14046865701675415
v 0.5122075080871582 0.3260267972946167 0.14581900835037231
v 0.5109915733337402 0.3207980990409851 0.16174840927124023
v 0.5102620124816895 0.33137714862823486 0.16174840927124023
v 0.5097755193710327 0.336727499961853 0.16174840927124023
v 0.5063707828521729 0.336727499961853 0.16393721103668213
v 0.4956700801849365 0.3398891091346741 0.1669771671295166
v 0.4841182231903076 0.3578857183456421 0.1669771671295166
v 0.49044132232666016 0.3738151788711548 0.16308599710464478
v 0.4957916736602783 0.3897446393966675 0.15639805793762207
v 0.4956700801849365 0.39497339725494385 0.15700608491897583
v 0.49044132232666016 0.4010533094406128 0.16174840927124023
v 0.485090970993042 0.4028773307800293 0.1669771671295166
v 0.49044132232666016 0.40457963943481445 0.17232751846313477
v 0.485090970993042 0.40482282638549805 0.17755627632141113
v 0.485090970993042 0.4036068916320801 0.1829066276550293
v 0.4798622131347656 0.4037284851074219 0.1829066276550293
v 0.4685535430908203 0.400323748588562 0.1829066276550293
v 0.46393275260925293 0.39716219902038574 0.1829066276550293
v 0.4736607074737549 0.39497339725494385 0.18825697898864746
v 0.4798622131347656 0.3843942880630493 0.1916617751121521
v 0.4798622131347656 0.3801382780075073 0.19348573684692383
v 0.485090970993042 0.3725992441177368 0.19348573684692383
v 0.4866718053817749 0.3684648275375366 0.19348573684692383
v 0.49044132232666016 0.3665192127227783 0.198836088180542
v 0.4956700801849365 0.36323606967926025 0.1968904733657837
v 0.4956700801849365 0.400323748588562 0.20248407125473022
v 0.49044132232666016 0.40640366077423096 0.20406484603881836
v 0.49044132232666016 0.43741142749786377 0.21427911520004272
v 0.5063707828521729 0.44276177883148193 0.21415752172470093
v 0.50685715675354 0.4479905366897583 0.2147655487060547
v 0.5010204315185547 0.4479905366897583 0.21561670303344727
v 0.5052764415740967 0.4533407688140869 0.2147655487060547
v 0.5010204315185547 0.4585695266723633 0.21354955434799194
v 0.5010204315185547 0.4692702293395996 0.20601040124893188
v 0.5063707828521729 0.47024309635162354 0.20406484603881836
v 0.5115995407104492 0.472675085067749 0.198836088180542
v 0.5002908706665039 0.47984933853149414 0.18825697898864746
v 0.5169498920440674 0.47984933853149414 0.18473058938980103
v 0.5115995407104492 0.49042844772338867 0.17646187543869019
v 0.5115995407104492 0.4828892946243286 0.1829066276550293
v 0.5063707828521729 0.49577879905700684 0.17062515020370483
v 0.5115995407104492 0.500521183013916 0.1669771671295166
v 0.5169498920440674 0.5010075569152832 0.16600441932678223
v 0.5221786499023438 0.5010075569152832 0.1625996232032776
v 0.5275290012359619 0.5169370174407959 0.1601676344871521
v 0.535068154335022 0.5222873687744141 0.1510477066040039
v 0.5381081104278564 0.5275161266326904 0.14545416831970215
v 0.5264346599578857 0.5487959384918213 0.14581900835037231
v 0.5285017490386963 0.5540246963500977 0.14046865701675415
v 0.5221786499023438 0.5646038055419922 0.14290058612823486
v 0.5221786499023438 0.5753045082092285 0.13888782262802124
v 0.5169498920440674 0.59317946434021 0.12988954782485962
v 0.5292314291000366 0.585883617401123 0.12453919649124146
v 0.5193818807601929 0.6070418357849121 0.10338097810745239
v 0.5219354629516602 0.6070418357849121 0.09803062677383423
v 0.5115995407104492 0.6165264844894409 0.09280186891555786
v 0.4956700801849365 0.6262544393539429 0.0874515175819397
v 0.485090970993042 0.6314831972122192 0.08222275972366333
v 0.4956700801849365 0.6302671432495117 0.06629329919815063
v 0.485090970993042 0.6351311206817627 0.05571424961090088
v 0.47451186180114746 0.6380494832992554 0.05571424961090088
v 0.46393275260925293 0.6398735046386719 0.05571424961090088
v 0.46393275260925293 0.6402382850646973 0.04501354694366455
v 0.46393275260925293 0.6398735046386719 0.039784789085388184
v 0.46393275260925293 0.6337935924530029 0.013276219367980957
v 0.45335376262664795 0.6404814720153809 0.03443443775177002
v 0.47451186180114746 0.633428692817688 0.018504977226257324
v 0.48338866233825684 0.6283215284347534 0.013276219367980957
v 0.485090970993042 0.6250383853912354 0.007925868034362793
v 0.4956700801849365 0.6190800666809082 0.007925868034362793
v 0.5115995407104492 0.6103249788284302 0.013276219367980957
v 0.5230298042297363 0.6018130779266357 0.018504977226257324
v 0.5196250677108765 0.5964627265930176 0.007925868034362793
v 0.5322713851928711 0.5911123752593994 0.02385532855987549
v 0.5328793525695801 0.5843027830123901 0.018504977226257324
v 0.5339736938476562 0.5964627265930176 0.03443443775177002
v 0.5343385934829712 0.6018130779266357 0.04501354694366455
v 0.543215274810791 0.5911123752593994 0.06629329919815063
v 0.548687219619751 0.5785876512527466 0.060943007469177246
v 0.548079252243042 0.5805332660675049 0.060943007469177246
v 0.548687219619751 0.5771284103393555 0.05571424961090088
v 0.5529431104660034 0.5646038055419922 0.060943007469177246
v 0.5536727905273438 0.5593750476837158 0.060943007469177246
v 0.5540375709533691 0.5585238933563232 0.071522057056427
v 0.5540375709533691 0.5560919046401978 0.07687240839004517
v 0.5546455383300781 0.5434455871582031 0.07687240839004517
v 0.5545239448547363 0.5434455871582031 0.08222275972366333
v 0.5582934617996216 0.5222873687744141 0.08222275972366333
v 0.5592663288116455 0.5169370174407959 0.08222275972366333
v 0.5589015483856201 0.5063579082489014 0.09280186891555786
v 0.5545239448547363 0.5010075569152832 0.11931043863296509
v 0.5575639009475708 0.4850780963897705 0.09803062677383423
v 0.5564695596694946 0.47984933853149414 0.10338097810745239
v 0.5540375709533691 0.4692702293395996 0.10873132944107056
v 0.5516055822372437 0.4533407688140869 0.10338097810745239
v 0.5434584617614746 0.43668174743652344 0.10873132944107056
v 0.5368921756744385 0.42683231830596924 0.10873132944107056
v 0.5381081104278564 0.4162532091140747 0.10082739591598511
v 0.5381081104278564 0.4135780334472656 0.0874515175819397
v 0.5392024517059326 0.4162532091140747 0.09280186891555786
v 0.5390808582305908 0.41090285778045654 0.09803062677383423
v 0.5372569561004639 0.37904393672943115 0.09803062677383423
v 0.5373785495758057 0.3897446393966675 0.09280186891555786
v 0.5361624956130981 0.3843942880630493 0.0874515175819397
v 0.5376217365264893 0.37904393672943115 0.08222275972366333
v 0.5434584617614746 0.37904393672943115 0.07188689708709717
v 0.5434584617614746 0.3738151788711548 0.07237327098846436
v 0.5417560338973999 0.3738151788711548 0.06629329919815063
v 0.5412696599960327 0.36323606967926025 0.06629329919815063
v 0.5381081104278564 0.336727499961853 0.06337493658065796
v 0.5328793525695801 0.36323606967926025 0.0666581392288208
v 0.5294746160507202 0.34730660915374756 0.071522057056427
v 0.5292314291000366 0.336727499961853 0.071522057056427
v 0.5275290012359619 0.33806508779525757 0.08222275972366333
v 0.5275290012359619 0.34037554264068604 0.0874515175819397
v 0.5221786499023438 0.34730660915374756 0.09280186891555786
v 0.5221786499023438 0.3525353670120239 0.0962066650390625
v 0.5193818807601929 0.3525353670120239 0.10338097810745239
v 0.5193818807601929 0.34730660915374756 0.10338097810745239
v 0.5210843086242676 0.34730660915374756 0.11396008729934692
v 0.5203546285629272 0.3419562578201294 0.11931043863296509
v 0.5169498920440674 0.3260267972946167 0.12672793865203857
v 0.5115995407104492 0.31544774770736694 0.14812934398651123
v 0.5089243650436401 0.2889391779899597 0.14046865701675415
v 0.5051548480987549 0.273009717464447 0.12453919649124146
v 0.49712932109832764 0.2570802569389343 0.14581900835037231
v 0.4957916736602783 0.2570802569389343 0.1510477066040039
v 0.49044132232666016 0.2524595260620117 0.1510477066040039
v 0.49044132232666016 0.25622910261154175 0.15639805793762207
v 0.4961564540863037 0.2624306082725525 0.15639805793762207
v 0.5010204315185547 0.2783600687980652 0.15931648015975952
v 0.4956700801849365 0.28358882665634155 0.1713547706604004
v 0.49919652938842773 0.28358882665634155 0.1669771671295166
v 0.5006556510925293 0.2942895293235779 0.17232751846313477
v 0.502358078956604 0.29951828718185425 0.17232751846313477
v 0.5063707828521729 0.31544774770736694 0.17062515020370483
v 0.5088027715682983 0.3207980990409851 0.1669771671295166
v 0.5063707828521729 0.33137714862823486 0.16515320539474487
v 0.4956700801849365 0.3260267972946167 0.17232751846313477
v 0.49044132232666016 0.3419562578201294 0.17001718282699585
v 0.485090970993042 0.3525353670120239 0.1688011884689331
v 0.480226993560791 0.3525353670120239 0.17755627632141113
v 0.485090970993042 0.34730660915374756 0.1758539080619812
v 0.4798622131347656 0.3578857183456421 0.16965234279632568
v 0.47451186180114746 0.3571561574935913 0.17232751846313477
v 0.4691615104675293 0.36323606967926025 0.1670987606048584
v 0.4798622131347656 0.36323606967926025 0.1670987606048584
v 0.4798622131347656 0.3843942880630493 0.16612601280212402
v 0.49044132232666016 0.39497339725494385 0.15883004665374756
v 0.47451186180114746 0.400323748588562 0.17050355672836304
v 0.4798622131347656 0.4036068916320801 0.17232751846313477
v 0.47451186180114746 0.4037284851074219 0.17755627632141113
v 0.46393275260925293 0.400323748588562 0.17779946327209473
v 0.45858240127563477 0.39728379249572754 0.17755627632141113
v 0.45335376262664795 0.39716219902038574 0.17232751846313477
v 0.4483681917190552 0.39497339725494385 0.17232751846313477
v 0.4426530599594116 0.3843942880630493 0.17512428760528564
v 0.4480034112930298 0.3822054862976074 0.17755627632141113
v 0.45177292823791504 0.37904393672943115 0.1829066276550293
v 0.45092177391052246 0.3738151788711548 0.18825697898864746
v 0.45335376262664795 0.3738151788711548 0.1830282211303711
v 0.45858240127563477 0.3684648275375366 0.18436580896377563
v 0.45858240127563477 0.36323606967926025 0.18643301725387573
v 0.4543265104293823 0.3663976192474365 0.18400102853775024
v 0.4543265104293823 0.36323606967926025 0.1829066276550293
v 0.45335376262664795 0.36323606967926025 0.18436580896377563
v 0.45335376262664795 0.36457371711730957 0.18825697898864746
v 0.45201611518859863 0.3684648275375366 0.18825697898864746
v 0.452988862991333 0.3738151788711548 0.19348573684692383
v 0.45858240127563477 0.37904393672943115 0.19555294513702393
v 0.46393275260925293 0.3843942880630493 0.19470173120498657
v 0.46381115913391113 0.37904393672943115 0.19348573684692383
v 0.46393275260925293 0.38184070587158203 0.18825697898864746
v 0.4691615104675293 0.3897446393966675 0.18874335289001465
v 0.47451186180114746 0.38342154026031494 0.19348573684692383
v 0.4798622131347656 0.3802598714828491 0.198836088180542
v 0.485090970993042 0.374301552772522 0.198836088180542
v 0.49044132232666016 0.3738151788711548 0.20029526948928833
v 0.485090970993042 0.3843942880630493 0.20248407125473022
v 0.485090970993042 0.4055525064468384 0.2034568190574646
v 0.485090970993042 0.4214819669723511 0.20880717039108276
v 0.485090970993042 0.43741142749786377 0.21342796087265015
v 0.485090970993042 0.44276177883148193 0.2144007682800293
v 0.485090970993042 0.4479905366897583 0.2144007682800293
v 0.49263012409210205 0.4533407688140869 0.2147655487060547
v 0.485090970993042 0.46391987800598145 0.20917201042175293
v 0.47451186180114746 0.4692702293395996 0.20491600036621094
v 0.485090970993042 0.474498987197876 0.20151126384735107
v 0.4956700801849365 0.48143017292022705 0.18825697898864746
v 0.47451186180114746 0.49577879905700684 0.18424421548843384
v 0.47451186180114746 0.4877532720565796 0.19348573684692383
v 0.485090970993042 0.49577879905700684 0.18120425939559937
v 0.47876787185668945 0.47984933853149414 0.198836088180542
v 0.4956700801849365 0.4850780963897705 0.18448740243911743
v 0.5010204315185547 0.48398375511169434 0.1829066276550293
v 0.4999260902404785 0.5010075569152832 0.1669771671295166
v 0.5010204315185547 0.5063579082489014 0.16563957929611206
v 0.5115995407104492 0.5063579082489014 0.16576117277145386
v 0.5169498920440674 0.5063579082489014 0.16515320539474487
v 0.5231513977050781 0.5063579082489014 0.16174840927124023
v 0.5221786499023438 0.5169370174407959 0.16430199146270752
v 0.5255833864212036 0.5222873687744141 0.16174840927124023
v 0.5240026712417603 0.5275161266326904 0.16174840927124023
v 0.5269210338592529 0.5328664779663086 0.15639805793762207
v 0.5221786499023438 0.5540246963500977 0.14727818965911865
v 0.5115995407104492 0.5646038055419922 0.15129095315933228
v 0.5115995407104492 0.5593750476837158 0.15433090925216675
v 0.5063707828521729 0.5753045082092285 0.14971011877059937
v 0.5063707828521729 0.5805332660675049 0.1466701626777649
v 0.5063707828521729 0.5911123752593994 0.1396174430847168
v 0.5115995407104492 0.5964627265930176 0.13110554218292236
v 0.49044132232666016 0.6123921871185303 0.12782233953475952
v 0.49044132232666016 0.606798529624939 0.13523989915847778
v 0.5010204315185547 0.6123921871185303 0.1190672516822815
v 0.4956700801849365 0.6173776388168335 0.11396008729934692
v 0.485090970993042 0.6176209449768066 0.12198561429977417
v 0.49044132232666016 0.6254031658172607 0.09803062677383423
v 0.47949743270874023 0.6229712963104248 0.11396008729934692
v 0.48168623447418213 0.6283215284347534 0.09803062677383423
v 0.47451186180114746 0.6331855058670044 0.0874515175819397
v 0.4818078279495239 0.6335502862930298 0.07687240839004517
v 0.47451186180114746 0.63768470287323 0.060943007469177246
v 0.4480034112930298 0.6404814720153809 0.060943007469177246
v 0.4480034112930298 0.6413326263427734 0.050363898277282715
v 0.4426530599594116 0.6399950981140137 0.029205679893493652
v 0.43742430210113525 0.6375631093978882 0.018504977226257324
v 0.4480034112930298 0.6354959011077881 0.013276219367980957
v 0.45335376262664795 0.6335502862930298 0.009141862392425537
v 0.4691615104675293 0.6283215284347534 0.0031835436820983887
v 0.48338866233825684 0.6229712963104248 0.0026971101760864258
v 0.4798622131347656 0.6172560453414917 -0.008003562688827515
v 0.49044132232666016 0.6123921871185303 -0.006058007478713989
v 0.4956700801849365 0.5953682661056519 -0.018582671880722046
v 0.5052764415740967 0.585883617401123 -0.018582671880722046
v 0.5225434303283691 0.585883617401123 0.0026971101760864258
v 0.5314202308654785 0.5805332660675049 0.013276219367980957
v 0.5415128469467163 0.5753045082092285 0.029205679893493652
v 0.5464984178543091 0.5805332660675049 0.050363898277282715
v 0.549903154373169 0.5593750476837158 0.039784789085388184
v 0.5518487691879272 0.5540246963500977 0.04501354694366455
v 0.5528215169906616 0.5540246963500977 0.050363898277282715
v 0.5546455383300781 0.538095235824585 0.071522057056427
v 0.5584151744842529 0.5169370174407959 0.071522057056427
v 0.5576854944229126 0.5010075569152832 0.05571424961090088
v 0.5575639009475708 0.5115866661071777 0.060943007469177246
v 0.5582934617996216 0.5115866661071777 0.06629329919815063
v 0.5582934617996216 0.49042844772338867 0.08222275972366333
v 0.5565911531448364 0.474498987197876 0.0874515175819397
v 0.5547671318054199 0.46391987800598145 0.09803062677383423
v 0.5540375709533691 0.4585695266723633 0.0874515175819397
v 0.5514839887619019 0.4479905366897583 0.09280186891555786
v 0.5434584617614746 0.4313313961029053 0.09803062677383423
v 0.5416344404220581 0.4214819669723511 0.08222275972366333
v 0.5345817804336548 0.400323748588562 0.08222275972366333
v 0.5381081104278564 0.41090285778045654 0.09085631370544434
v 0.5373785495758057 0.39497339725494385 0.09280186891555786
v 0.5328793525695801 0.3890150785446167 0.08222275972366333
v 0.5328793525695801 0.3843942880630493 0.07845324277877808
v 0.5328793525695801 0.3832998275756836 0.07687240839004517
v 0.5357977151870728 0.3843942880630493 0.07687240839004517
v 0.5385944843292236 0.3843942880630493 0.07687240839004517
v 0.5439448356628418 0.3843942880630493 0.071522057056427
v 0.5438232421875 0.37904393672943115 0.06629329919815063
v 0.5381081104278564 0.3738151788711548 0.0644693374633789
v 0.535068154335022 0.3738151788711548 0.06629329919815063
v 0.5328793525695801 0.3738151788711548 0.06909012794494629
v 0.5328793525695801 0.37904393672943115 0.071522057056427
v 0.5347033739089966 0.3897446393966675 0.071522057056427
v 0.5381081104278564 0.3897446393966675 0.075778067111969
v 0.5434584617614746 0.4055525064468384 0.07298123836517334
v 0.5463768243789673 0.41090285778045654 0.06629329919815063
v 0.5443096160888672 0.400323748588562 0.060943007469177246
v 0.5468631982803345 0.3897446393966675 0.06629329919815063
v 0.5434584617614746 0.3843942880630493 0.061429381370544434
v 0.5381081104278564 0.37904393672943115 0.06349653005599976
v 0.5353113412857056 0.37904393672943115 0.06629329919815063
v 0.5343385934829712 0.3897446393966675 0.06629329919815063
v 0.5362840890884399 0.3897446393966675 0.060943007469177246
v 0.5342170000076294 0.39497339725494385 0.06629329919815063
v 0.5345817804336548 0.39497339725494385 0.071522057056427
v 0.5381081104278564 0.39497339725494385 0.07565641403198242
v 0.5381081104278564 0.400323748588562 0.07650762796401978
v 0.5328793525695801 0.39497339725494385 0.0803987979888916
v 0.5275290012359619 0.3897446393966675 0.08161479234695435
v 0.5292314291000366 0.3843942880630493 0.08222275972366333
v 0.5221786499023438 0.37904393672943115 0.08441156148910522
v 0.5283801555633545 0.37904393672943115 0.08222275972366333
v 0.5293530225753784 0.3578857183456421 0.07687240839004517
v 0.5275290012359619 0.34730660915374756 0.07687240839004517
v 0.5276505947113037 0.3419562578201294 0.07687240839004517
v 0.5221786499023438 0.3414698839187622 0.08222275972366333
v 0.5221786499023438 0.3423210382461548 0.0874515175819397
v 0.5195034742355347 0.34730660915374756 0.09803062677383423
v 0.5179226398468018 0.3419562578201294 0.09803062677383423
v 0.5181659460067749 0.3260267972946167 0.10873132944107056
v 0.5169498920440674 0.3192172646522522 0.11931043863296509
v 0.5142747163772583 0.3100973963737488 0.12988954782485962
v 0.5115995407104492 0.2942895293235779 0.1328079104423523
v 0.5115995407104492 0.29039835929870605 0.12453919649124146
v 0.5063707828521729 0.2783600687980652 0.1189456582069397
v 0.5010204315185547 0.26778095960617065 0.12295842170715332
v 0.4956700801849365 0.2579314708709717 0.12988954782485962
v 0.4917789697647095 0.25185149908065796 0.14581900835037231
v 0.4842398166656494 0.2465011477470398 0.14046865701675415
v 0.47670066356658936 0.24127238988876343 0.14046865701675415
v 0.47451186180114746 0.237138032913208 0.13523989915847778
v 0.47451186180114746 0.24260997772216797 0.14581900835037231
v 0.485090970993042 0.24966275691986084 0.1510477066040039
v 0.4820510149002075 0.25185149908065796 0.15639805793762207
v 0.485090970993042 0.2570802569389343 0.16077566146850586
v 0.49044132232666016 0.26778095960617065 0.16563957929611206
v 0.4956700801849365 0.2942895293235779 0.17767786979675293
v 0.498102068901062 0.29951828718185425 0.17755627632141113
v 0.5010204315185547 0.3100973963737488 0.1756107211112976
v 0.5032092332839966 0.3207980990409851 0.17232751846313477
v 0.49044132232666016 0.3260267972946167 0.1758539080619812
v 0.49031972885131836 0.336727499961853 0.17232751846313477
v 0.485090970993042 0.3419562578201294 0.17913705110549927
v 0.4798622131347656 0.34730660915374756 0.1824202537536621
v 0.4691615104675293 0.34730660915374756 0.18096107244491577
v 0.47451186180114746 0.34730660915374756 0.1824202537536621
v 0.47451186180114746 0.3525353670120239 0.17913705110549927
v 0.4691615104675293 0.3578857183456421 0.1713547706604004
v 0.46393275260925293 0.35861527919769287 0.17232751846313477
v 0.46393275260925293 0.3684648275375366 0.1670987606048584
v 0.4691615104675293 0.3684648275375366 0.16588276624679565
v 0.4691615104675293 0.37904393672943115 0.16588276624679565
v 0.47451186180114746 0.3875558376312256 0.1669771671295166
v 0.47451186180114746 0.39497339725494385 0.16794997453689575
v 0.46393275260925293 0.3998373746871948 0.17232751846313477
v 0.45858240127563477 0.3978917598724365 0.17232751846313477
v 0.45335376262664795 0.39728379249572754 0.1669771671295166
v 0.44982731342315674 0.400323748588562 0.1669771671295166
v 0.4426530599594116 0.400323748588562 0.16807156801223755
v 0.43742430210113525 0.400323748588562 0.1692875623703003
v 0.43730270862579346 0.39497339725494385 0.17232751846313477
v 0.4426530599594116 0.3897446393966675 0.17196273803710938
v 0.4426530599594116 0.38184070587158203 0.17755627632141113
v 0.4426530599594116 0.3843942880630493 0.18010985851287842
v 0.4480034112930298 0.3820838928222656 0.1829066276550293
v 0.44934093952178955 0.3843942880630493 0.18825697898864746
v 0.4527456760406494 0.3843942880630493 0.19348573684692383
v 0.45858240127563477 0.3897446393966675 0.19458013772964478
v 0.46393275260925293 0.3897446393966675 0.1960393190383911
v 0.4691615104675293 0.38378632068634033 0.19348573684692383
v 0.47451186180114746 0.3843942880630493 0.1987144947052002
v 0.485090970993042 0.37904393672943115 0.2010248899459839
v 0.4798622131347656 0.3897446393966675 0.20224082469940186
v 0.4798622131347656 0.400323748588562 0.20211923122406006
v 0.45858240127563477 0.42683231830596924 0.20236247777938843
v 0.46393275260925293 0.44276177883148193 0.20734798908233643
v 0.47451186180114746 0.4533407688140869 0.2099015712738037
v 0.45858240127563477 0.4585695266723633 0.20418643951416016
v 0.46393275260925293 0.4805790185928345 0.198836088180542
v 0.4691615104675293 0.4850780963897705 0.1967688798904419
v 0.46393275260925293 0.49577879905700684 0.1874057650566101
v 0.4691615104675293 0.5010075569152832 0.18193382024765015
v 0.4798622131347656 0.5010075569152832 0.1781643033027649
v 0.49044132232666016 0.5010075569152832 0.17427313327789307
v 0.4956700801849365 0.5063579082489014 0.16807156801223755
v 0.5010204315185547 0.5275161266326904 0.1688011884689331
v 0.5169498920440674 0.5169370174407959 0.16649079322814941
v 0.5169498920440674 0.5275161266326904 0.16612601280212402
v 0.5169498920440674 0.5487959384918213 0.15664130449295044
v 0.5010204315185547 0.5646038055419922 0.15846526622772217
v 0.49044132232666016 0.579560399055481 0.15639805793762207
v 0.485090970993042 0.585883617401123 0.15433090925216675
v 0.49044132232666016 0.5953682661056519 0.14581900835037231
v 0.485090970993042 0.6018130779266357 0.14229261875152588
v 0.4798622131347656 0.610446572303772 0.13523989915847778
v 0.4798622131347656 0.6145808696746826 0.12988954782485962
v 0.47451186180114746 0.6176209449768066 0.12697118520736694
v 0.4691615104675293 0.6274703741073608 0.10873132944107056
v 0.45335376262664795 0.6362254619598389 0.0874515175819397
v 0.4426530599594116 0.6351311206817627 0.09280186891555786
v 0.4268451929092407 0.6375631093978882 0.071522057056427
v 0.43742430210113525 0.6402382850646973 0.060943007469177246
v 0.4320739507675171 0.6408462524414062 0.04501354694366455
v 0.4268451929092407 0.6399950981140137 0.039784789085388184
v 0.4320739507675171 0.6396303176879883 0.029205679893493652
v 0.42149484157562256 0.6335502862930298 0.011573851108551025
v 0.42149484157562256 0.624065637588501 -0.008003562688827515
v 0.42149484157562256 0.6283215284347534 -0.0008292198181152344
v 0.43742430210113525 0.6286864280700684 -0.0026532113552093506
v 0.45335376262664795 0.6176209449768066 -0.016515493392944336
v 0.46393275260925293 0.6226063966751099 -0.008003562688827515
v 0.4798622131347656 0.6071634292602539 -0.018582671880722046
v 0.49238693714141846 0.585883617401123 -0.029161781072616577
v 0.4995613098144531 0.585883617401123 -0.023811429738998413
v 0.5115995407104492 0.5753045082092285 -0.019920259714126587
v 0.520841121673584 0.5646038055419922 -0.013232320547103882
v 0.5169498920440674 0.5537815093994141 -0.023811429738998413
v 0.5225434303283691 0.5593750476837158 -0.013232320547103882
v 0.5332441329956055 0.5646038055419922 0.007925868034362793
v 0.5434584617614746 0.5646038055419922 0.026773691177368164
v 0.5469847917556763 0.5434455871582031 0.029205679893493652
v 0.5511192083358765 0.5275161266326904 0.050363898277282715
v 0.5517271757125854 0.5169370174407959 0.04501354694366455
v 0.5530648231506348 0.5115866661071777 0.04501354694366455
v 0.5507544279098511 0.5063579082489014 0.039784789085388184
v 0.5540375709533691 0.5008859634399414 0.04501354694366455
v 0.5559831857681274 0.49577879905700684 0.050363898277282715
v 0.5573207139968872 0.49577879905700684 0.05571424961090088
v 0.5569559335708618 0.49042844772338867 0.071522057056427
v 0.5534296035766602 0.474498987197876 0.071522057056427
v 0.5523351430892944 0.474498987197876 0.060943007469177246
v 0.5512408018112183 0.4585695266723633 0.06629329919815063
v 0.5508760213851929 0.4479905366897583 0.07687240839004517
v 0.5454040765762329 0.4320610761642456 0.07687240839004517
v 0.548687219619751 0.43741142749786377 0.0645909309387207
v 0.548687219619751 0.42512989044189453 0.05571424961090088
v 0.5461336374282837 0.41090285778045654 0.060943007469177246
v 0.5445528030395508 0.4055525064468384 0.060943007469177246
v 0.5434584617614746 0.4055525064468384 0.059362173080444336
v 0.5434584617614746 0.3897446393966675 0.0597270131111145
v 0.5381081104278564 0.3843942880630493 0.060943007469177246
v 0.5354329347610474 0.400323748588562 0.060943007469177246
v 0.5328793525695801 0.3967972993850708 0.07687240839004517
v 0.5315418243408203 0.4055525064468384 0.06629329919815063
v 0.5328793525695801 0.40482282638549805 0.06629329919815063
v 0.5275290012359619 0.40470123291015625 0.071522057056427
v 0.5238810777664185 0.400323748588562 0.071522057056427
v 0.5275290012359619 0.3977701663970947 0.07687240839004517
v 0.5221786499023438 0.3843942880630493 0.08222275972366333
v 0.5202330350875854 0.3738151788711548 0.08222275972366333
v 0.5221786499023438 0.3684648275375366 0.08684355020523071
v 0.5275290012359619 0.36104726791381836 0.08222275972366333
v 0.5275290012359619 0.3525353670120239 0.0783315896987915
v 0.5221786499023438 0.34730660915374756 0.07687240839004517
v 0.5205978155136108 0.3419562578201294 0.07687240839004517
v 0.5181659460067749 0.336727499961853 0.07687240839004517
v 0.5188955068588257 0.336727499961853 0.08222275972366333
v 0.5184091329574585 0.336727499961853 0.0874515175819397
v 0.5167067050933838 0.3207980990409851 0.09280186891555786
v 0.5169498920440674 0.3207980990409851 0.09803062677383423
v 0.5131803750991821 0.29951828718185425 0.11931043863296509
v 0.5113563537597656 0.2942895293235779 0.11396008729934692
v 0.5069787502288818 0.2889391779899597 0.10873132944107056
v 0.4956700801849365 0.2713073492050171 0.10873132944107056
v 0.49044132232666016 0.25683706998825073 0.11931043863296509
v 0.485090970993042 0.24771714210510254 0.12988954782485962
v 0.47451186180114746 0.23592203855514526 0.1303759217262268
v 0.4691615104675293 0.2330036759376526 0.12988954782485962
v 0.4691615104675293 0.2348276972770691 0.13523989915847778
v 0.46393275260925293 0.24127238988876343 0.1441165804862976
v 0.4691615104675293 0.24990594387054443 0.15639805793762207
v 0.47451186180114746 0.25185149908065796 0.15846526622772217
v 0.47451186180114746 0.26778095960617065 0.17123311758041382
v 0.485090970993042 0.2738609313964844 0.17232751846313477
v 0.49044132232666016 0.29951828718185425 0.18169063329696655
v 0.49044132232666016 0.3048686385154724 0.18193382024765015
v 0.4956700801849365 0.3048686385154724 0.17974507808685303
v 0.4871581792831421 0.3260267972946167 0.17755627632141113
v 0.4798622131347656 0.3260267972946167 0.17998826503753662
v 0.4798622131347656 0.3419562578201294 0.1827850341796875
v 0.47451186180114746 0.3419562578201294 0.1826634407043457
v 0.46393275260925293 0.34730660915374756 0.17950189113616943
v 0.46393275260925293 0.3535081148147583 0.17755627632141113
v 0.45602893829345703 0.36323606967926025 0.17755627632141113
v 0.45858240127563477 0.3643304109573364 0.17232751846313477
v 0.45858240127563477 0.3684648275375366 0.17050355672836304
v 0.45858240127563477 0.3843942880630493 0.16770678758621216
v 0.45858240127563477 0.3897446393966675 0.16746360063552856
v 0.45858240127563477 0.39497339725494385 0.1690443754196167
v 0.45335376262664795 0.39497339725494385 0.1645451784133911
v 0.4480034112930298 0.39497339725494385 0.15797889232635498
v 0.4481250047683716 0.400323748588562 0.16174840927124023
v 0.4426530599594116 0.4055525064468384 0.1598028540611267
v 0.4369378089904785 0.4055525064468384 0.1510477066040039
v 0.4410722255706787 0.41090285778045654 0.15639805793762207
v 0.43742430210113525 0.4162532091140747 0.14934533834457397
v 0.4365730285644531 0.4214819669723511 0.1510477066040039
v 0.4346275329589844 0.4214819669723511 0.14581900835037231
v 0.4320739507675171 0.42719709873199463 0.14581900835037231
v 0.4320739507675171 0.42719709873199463 0.1510477066040039
v 0.4320739507675171 0.42525148391723633 0.15639805793762207
v 0.4320739507675171 0.4214819669723511 0.1622348427772522
v 0.4326819181442261 0.4162532091140747 0.1669771671295166
v 0.4324387311935425 0.4055525064468384 0.17232751846313477
v 0.43487071990966797 0.4055525064468384 0.17755627632141113
v 0.43742430210113525 0.39327096939086914 0.17755627632141113
v 0.4426530599594116 0.3897446393966675 0.1822986602783203
v 0.4480034112930298 0.3897446393966675 0.18594658374786377
v 0.45335376262664795 0.400323748588562 0.19141852855682373
v 0.4565153121948242 0.39497339725494385 0.19348573684692383
v 0.4691615104675293 0.3897446393966675 0.198836088180542
v 0.45858240127563477 0.4162532091140747 0.1987144947052002
v 0.4480034112930298 0.4320610761642456 0.19798487424850464
v 0.44496333599090576 0.42683231830596924 0.19348573684692383
v 0.43742430210113525 0.44276177883148193 0.1919049620628357
v 0.45335376262664795 0.44276177883148193 0.2030920386314392
v 0.45335376262664795 0.4479905366897583 0.203213632106781
v 0.448489785194397 0.47984933853149414 0.19348573684692383
v 0.4480034112930298 0.4895772933959961 0.18825697898864746
v 0.45858240127563477 0.49042844772338867 0.1919049620628357
v 0.45858240127563477 0.5018588304519653 0.1829066276550293
v 0.46393275260925293 0.5063579082489014 0.18096107244491577
v 0.485090970993042 0.5063579082489014 0.17512428760528564
v 0.4798622131347656 0.5222873687744141 0.17682671546936035
v 0.49080610275268555 0.5275161266326904 0.17232751846313477
v 0.5115995407104492 0.5328664779663086 0.1668555736541748
v 0.5115995407104492 0.538095235824585 0.16551798582077026
v 0.49044132232666016 0.5681301355361938 0.16174840927124023
v 0.4798622131347656 0.5739668607711792 0.16174840927124023
v 0.4691615104675293 0.585883617401123 0.1556684970855713
v 0.4798622131347656 0.5991379022598267 0.14581900835037231
v 0.4691615104675293 0.5964627265930176 0.1484941840171814
v 0.45858240127563477 0.6123921871185303 0.13487505912780762
v 0.4691615104675293 0.6165264844894409 0.12988954782485962
v 0.45335376262664795 0.6271055936813354 0.11396008729934692
v 0.4426530599594116 0.6335502862930298 0.09778743982315063
v 0.4320739507675171 0.628929615020752 0.10338097810745239
v 0.4268451929092407 0.6335502862930298 0.08854591846466064
v 0.4161444902420044 0.6358606815338135 0.06629329919815063
v 0.42149484157562256 0.6390222311019897 0.050363898277282715
v 0.42149484157562256 0.6386574506759644 0.03443443775177002
v 0.4161444902420044 0.6345231533050537 0.018504977226257324
v 0.40811896324157715 0.6283215284347534 0.007925868034362793
v 0.410915732383728 0.6229712963104248 -0.005206793546676636
v 0.42149484157562256 0.6176209449768066 -0.016272306442260742
v 0.4320739507675171 0.6176209449768066 -0.01773148775100708
v 0.45335376262664795 0.610446572303772 -0.023811429738998413
v 0.4691615104675293 0.6070418357849121 -0.022960245609283447
v 0.49044132232666016 0.5717780590057373 -0.03974089026451111
v 0.5007772445678711 0.5699541568756104 -0.03451213240623474
v 0.5010204315185547 0.5540246963500977 -0.040956854820251465
v 0.506249189376831 0.5593750476837158 -0.03451213240623474
v 0.5115995407104492 0.538095235824585 -0.03451213240623474
v 0.5221786499023438 0.538095235824585 -0.021014660596847534
v 0.5275290012359619 0.5434455871582031 -0.01152995228767395
v 0.5328793525695801 0.5434455871582031 -0.0018020272254943848
v 0.5381081104278564 0.5434455871582031 0.009628236293792725
v 0.5419992208480835 0.538095235824585 0.018504977226257324
v 0.5378649234771729 0.5222873687744141 0.007925868034362793
v 0.5429720878601074 0.5169370174407959 0.02385532855987549
v 0.5474711656570435 0.5169370174407959 0.03443443775177002
v 0.5478360652923584 0.5010075569152832 0.03443443775177002
v 0.548687219619751 0.4915229082107544 0.039784789085388184
v 0.5509976148605347 0.4850780963897705 0.050363898277282715
v 0.5514839887619019 0.47984933853149414 0.05571424961090088
v 0.5514839887619019 0.4692702293395996 0.050363898277282715
v 0.5531864166259766 0.46391987800598145 0.05571424961090088
v 0.5496599674224854 0.4533407688140869 0.05571424961090088
v 0.5500247478485107 0.4533407688140869 0.060943007469177246
v 0.5500247478485107 0.4479905366897583 0.071522057056427
v 0.5495383739471436 0.43741142749786377 0.060943007469177246
v 0.549903154373169 0.4320610761642456 0.05571424961090088
v 0.548687219619751 0.4320610761642456 0.04781031608581543
v 0.5477144718170166 0.4320610761642456 0.04501354694366455
v 0.5463768243789673 0.4162532091140747 0.05571424961090088
v 0.5434584617614746 0.41090285778045654 0.055835843086242676
v 0.5381081104278564 0.4055525064468384 0.05753821134567261
v 0.5328793525695801 0.40652525424957275 0.060943007469177246
v 0.5275290012359619 0.40652525424957275 0.06629329919815063
v 0.5223002433776855 0.400323748588562 0.06629329919815063
v 0.5215706825256348 0.39497339725494385 0.071522057056427
v 0.5188955068588257 0.37904393672943115 0.07687240839004517
v 0.5176794528961182 0.3684648275375366 0.071522057056427
v 0.5199898481369019 0.3684648275375366 0.08222275972366333
v 0.5221786499023438 0.36323606967926025 0.08538436889648438
v 0.5216922760009766 0.3525353670120239 0.07687240839004517
v 0.5191386938095093 0.34730660915374756 0.071522057056427
v 0.5156123638153076 0.3260267972946167 0.071522057056427
v 0.5147610902786255 0.31544774770736694 0.08222275972366333
v 0.5113563537597656 0.29951828718185425 0.10338097810745239
v 0.49530529975891113 0.273009717464447 0.09803062677383423
v 0.485090970993042 0.2570802569389343 0.10374575853347778
v 0.4798622131347656 0.25185149908065796 0.10034102201461792
v 0.4740254878997803 0.2465011477470398 0.09803062677383423
v 0.47451186180114746 0.23738127946853638 0.11931043863296509
v 0.4691615104675293 0.2325173020362854 0.12453919649124146
v 0.46393275260925293 0.23507088422775269 0.11396008729934692
v 0.46393275260925293 0.2325173020362854 0.12453919649124146
v 0.46393275260925293 0.23324686288833618 0.12988954782485962
v 0.45858240127563477 0.2392052412033081 0.13523989915847778
v 0.4527456760406494 0.2465011477470398 0.13523989915847778
v 0.45335376262664795 0.25185149908065796 0.14837253093719482
v 0.45335376262664795 0.2570802569389343 0.1553037166595459
v 0.45858240127563477 0.24929791688919067 0.1510477066040039
v 0.46393275260925293 0.25671547651290894 0.16174840927124023
v 0.4691615104675293 0.2570802569389343 0.16332924365997314
v 0.4691615104675293 0.273009717464447 0.17402994632720947
v 0.47451186180114746 0.28358882665634155 0.17877227067947388
v 0.4798622131347656 0.2942895293235779 0.18169063329696655
v 0.4691615104675293 0.29951828718185425 0.1826634407043457
v 0.4798622131347656 0.3048686385154724 0.18339300155639648
v 0.4798622131347656 0.3207980990409851 0.180353045463562
v 0.4691615104675293 0.3260267972946167 0.17938023805618286
v 0.45858240127563477 0.33137714862823486 0.17804265022277832
v 0.45858240127563477 0.3525353670120239 0.17962348461151123
v 0.45335376262664795 0.36092567443847656 0.1829066276550293
v 0.4526240825653076 0.36323606967926025 0.1829066276550293
v 0.45335376262664795 0.3671271800994873 0.1829066276550293
v 0.45335376262664795 0.36554646492004395 0.17755627632141113
v 0.45335376262664795 0.36603283882141113 0.17232751846313477
v 0.45335376262664795 0.3684648275375366 0.17001718282699585
v 0.4480034112930298 0.3684648275375366 0.16320759057998657
v 0.45335376262664795 0.3806246519088745 0.1669771671295166
v 0.45335376262664795 0.3897446393966675 0.16345083713531494
v 0.44788169860839844 0.3897446393966675 0.15639805793762207
v 0.4416801929473877 0.400323748588562 0.15639805793762207
v 0.43742430210113525 0.400323748588562 0.15262854099273682
v 0.4320739507675171 0.40689003467559814 0.14046865701675415
v 0.43158745765686035 0.4214819669723511 0.14046865701675415
v 0.4298851490020752 0.42683231830596924 0.14046865701675415
v 0.420886754989624 0.42683231830596924 0.12988954782485962
v 0.4268451929092407 0.4313313961029053 0.14046865701675415
v 0.42149484157562256 0.4352226257324219 0.14046865701675415
v 0.4268451929092407 0.4323042631149292 0.14581900835037231
v 0.4268451929092407 0.4304802417755127 0.1510477066040039
v 0.4268451929092407 0.4274402856826782 0.15639805793762207
v 0.4253859519958496 0.42683231830596924 0.16174840927124023
v 0.4268451929092407 0.42440032958984375 0.1669771671295166
v 0.4286690950393677 0.4214819669723511 0.1669771671295166
v 0.43097949028015137 0.4162532091140747 0.17232751846313477
v 0.4320739507675171 0.4214819669723511 0.175367534160614
v 0.43742430210113525 0.41090285778045654 0.17998826503753662
v 0.4480034112930298 0.400323748588562 0.18582499027252197
v 0.4527456760406494 0.41090285778045654 0.19348573684692383
v 0.4346275329589844 0.44276177883148193 0.18825697898864746
v 0.43827545642852783 0.4479905366897583 0.19348573684692383
v 0.4426530599594116 0.4533407688140869 0.1964040994644165
v 0.4320739507675171 0.46391987800598145 0.18631142377853394
v 0.4407074451446533 0.47984933853149414 0.18825697898864746
v 0.4480034112930298 0.5010075569152832 0.18023145198822021
v 0.43742430210113525 0.49577879905700684 0.1756107211112976
v 0.45335376262664795 0.5063579082489014 0.1804746389389038
v 0.46393275260925293 0.5115866661071777 0.17998826503753662
v 0.47451186180114746 0.5328664779663086 0.17658346891403198
v 0.485090970993042 0.5540246963500977 0.1668555736541748
v 0.46393275260925293 0.5646038055419922 0.16600441932678223
v 0.45858240127563477 0.5911123752593994 0.15129095315933228
v 0.4480034112930298 0.6099601984024048 0.13523989915847778
v 0.4480034112930298 0.6156753301620483 0.12988954782485962
v 0.4426530599594116 0.6229712963104248 0.11918884515762329
v 0.42149484157562256 0.6283215284347534 0.09657144546508789
v 0.40556538105010986 0.6229712963104248 0.09109950065612793
v 0.4003366231918335 0.6229712963104248 0.08246594667434692
v 0.39304065704345703 0.6229712963104248 0.06629329919815063
v 0.397296667098999 0.6283215284347534 0.05571424961090088
v 0.40556538105010986 0.6335502862930298 0.04781031608581543
v 0.40556538105010986 0.6326991319656372 0.029205679893493652
v 0.40556538105010986 0.6306319236755371 0.018504977226257324
v 0.4003366231918335 0.6196880340576172 -0.0026532113552093506
v 0.40556538105010986 0.6102033853530884 -0.018582671880722046
v 0.4161444902420044 0.6088657379150391 -0.023811429738998413
v 0.4320739507675171 0.6057041883468628 -0.029161781072616577
v 0.4426530599594116 0.5964627265930176 -0.03597131371498108
v 0.45858240127563477 0.5964627265930176 -0.03390413522720337
v 0.4798622131347656 0.5753045082092285 -0.041686445474624634
v 0.4798622131347656 0.5593750476837158 -0.04934719204902649
v 0.49190056324005127 0.5593750476837158 -0.04509124159812927
v 0.4956700801849365 0.5487959384918213 -0.04582083225250244
v 0.5061275959014893 0.538095235824585 -0.03974089026451111
v 0.5063707828521729 0.5275161266326904 -0.0399840772151947
v 0.5169498920440674 0.5221657752990723 -0.029161781072616577
v 0.5331225395202637 0.5115866661071777 -0.008003562688827515
v 0.5359193086624146 0.5063579082489014 -0.0026532113552093506
v 0.5381081104278564 0.5010075569152832 0.0042778849601745605
v 0.5419992208480835 0.49042844772338867 0.018504977226257324
v 0.5434584617614746 0.4850780963897705 0.025071322917938232
v 0.5415128469467163 0.4692702293395996 0.029205679893493652
v 0.5454040765762329 0.47984933853149414 0.039784789085388184
v 0.5474711656570435 0.4692702293395996 0.04501354694366455
v 0.5479576587677002 0.4533407688140869 0.050363898277282715
v 0.5491735935211182 0.4479905366897583 0.05571424961090088
v 0.548687219619751 0.43741142749786377 0.04732388257980347
v 0.5438232421875 0.43741142749786377 0.039784789085388184
v 0.5435800552368164 0.4320610761642456 0.039784789085388184
v 0.5434584617614746 0.42683231830596924 0.041851937770843506
v 0.5434584617614746 0.4214819669723511 0.04549992084503174
v 0.5381081104278564 0.40859246253967285 0.05571424961090088
v 0.5328793525695801 0.4100515842437744 0.05571424961090088
v 0.5275290012359619 0.40628206729888916 0.05571424961090088
v 0.5221786499023438 0.4004453420639038 0.050363898277282715
v 0.5169498920440674 0.387312650680542 0.05571424961090088
v 0.5158555507659912 0.3738151788711548 0.060943007469177246
v 0.5140315294265747 0.3525353670120239 0.05571424961090088
v 0.5128155946731567 0.336727499961853 0.05571424961090088
v 0.5125724077224731 0.3260267972946167 0.060943007469177246
v 0.5115995407104492 0.31338053941726685 0.071522057056427
v 0.5047900676727295 0.31544774770736694 0.05571424961090088
v 0.5010204315185547 0.29951828718185425 0.0667797327041626
v 0.4855773448944092 0.273009717464447 0.07687240839004517
v 0.47451186180114746 0.26084983348846436 0.07687240839004517
v 0.47451186180114746 0.273009717464447 0.06191575527191162
v 0.4691615104675293 0.264862596988678 0.06629329919815063
v 0.4691615104675293 0.25185149908065796 0.08295238018035889
v 0.4691615104675293 0.24260997772216797 0.09803062677383423
v 0.46393275260925293 0.24127238988876343 0.09778743982315063
v 0.4589473009109497 0.24127238988876343 0.10338097810745239
v 0.4601632356643677 0.23592203855514526 0.11931043863296509
v 0.4591904878616333 0.23592203855514526 0.12453919649124146
v 0.4522593021392822 0.2465011477470398 0.12988954782485962
v 0.4426530599594116 0.2624306082725525 0.1397390365600586
v 0.4503136873245239 0.2570802569389343 0.1510477066040039
v 0.4426530599594116 0.27434730529785156 0.16174840927124023
v 0.4480034112930298 0.26814574003219604 0.16174840927124023
v 0.4546912908554077 0.2624306082725525 0.16174840927124023
v 0.46393275260925293 0.26778095960617065 0.16977393627166748
v 0.45858240127563477 0.28358882665634155 0.1763402819633484
v 0.45335376262664795 0.3100973963737488 0.18339300155639648
v 0.45335376262664795 0.31544774770736694 0.18387943506240845
v 0.45335376262664795 0.3207980990409851 0.1829066276550293
v 0.45858240127563477 0.3260267972946167 0.17889386415481567
v 0.4480034112930298 0.33137714862823486 0.18132585287094116
v 0.4480034112930298 0.34730660915374756 0.18083947896957397
v 0.4480034112930298 0.3578857183456421 0.18193382024765015
v 0.4480034112930298 0.36323606967926025 0.17998826503753662
v 0.4480034112930298 0.36530327796936035 0.17755627632141113
v 0.4480034112930298 0.36530327796936035 0.17232751846313477
v 0.4480034112930298 0.36530327796936035 0.1669771671295166
v 0.4426530599594116 0.36737048625946045 0.16174840927124023
v 0.43742430210113525 0.36615443229675293 0.16174840927124023
v 0.43742430210113525 0.3738151788711548 0.15700608491897583
v 0.4426530599594116 0.3738151788711548 0.15749245882034302
v 0.4480034112930298 0.3843942880630493 0.15700608491897583
v 0.4369378089904785 0.3897446393966675 0.1510477066040039
v 0.43316829204559326 0.3897446393966675 0.14581900835037231
v 0.4320739507675171 0.3843942880630493 0.1465485692024231
v 0.43146586418151855 0.3897446393966675 0.14046865701675415
v 0.42903387546539307 0.39497339725494385 0.13523989915847778
v 0.4268451929092407 0.4214819669723511 0.1349967122077942
v 0.4210083484649658 0.4214819669723511 0.12988954782485962
v 0.4161444902420044 0.41090285778045654 0.12709277868270874
v 0.4135909080505371 0.4162532091140747 0.12453919649124146
v 0.41760361194610596 0.42683231830596924 0.12453919649124146
v 0.4003366231918335 0.4320610761642456 0.1013137698173523
v 0.40556538105010986 0.4320610761642456 0.10569137334823608
v 0.4003366231918335 0.43741142749786377 0.1010705828666687
v 0.40556538105010986 0.44276177883148193 0.10873132944107056
v 0.40556538105010986 0.43741142749786377 0.10593456029891968
v 0.40775418281555176 0.4320610761642456 0.10873132944107056
v 0.4140772819519043 0.4320610761642456 0.11931043863296509
v 0.41079413890838623 0.4320610761642456 0.11396008729934692
v 0.40556538105010986 0.42464351654052734 0.10873132944107056
v 0.4003366231918335 0.4254946708679199 0.10338097810745239
v 0.39498627185821533 0.4308450222015381 0.10338097810745239
v 0.3982694149017334 0.42683231830596924 0.10338097810745239
v 0.39498627185821533 0.4296290874481201 0.10873132944107056
v 0.39449989795684814 0.43741142749786377 0.10338097810745239
v 0.39498627185821533 0.44093775749206543 0.10338097810745239
v 0.4003366231918335 0.4438561201095581 0.10338097810745239
v 0.4003366231918335 0.44774723052978516 0.10873132944107056
v 0.40556538105010986 0.4444640874862671 0.11396008729934692
v 0.4070245027542114 0.44276177883148193 0.11396008729934692
v 0.411523699760437 0.43741142749786377 0.11931043863296509
v 0.4141988754272461 0.43741142749786377 0.12453919649124146
v 0.4160228967666626 0.43741142749786377 0.12988954782485962
v 0.42149484157562256 0.4331554174423218 0.13523989915847778
v 0.4145636558532715 0.43741142749786377 0.14581900835037231
v 0.42125165462493896 0.4320610761642456 0.1510477066040039
v 0.42015719413757324 0.4320610761642456 0.15639805793762207
v 0.41711723804473877 0.43741142749786377 0.15639805793762207
v 0.42149484157562256 0.43169617652893066 0.16174840927124023
v 0.4235619306564331 0.4320610761642456 0.1669771671295166
v 0.4281827211380005 0.42683231830596924 0.17232751846313477
v 0.4392482042312622 0.4214819669723511 0.1829066276550293
v 0.43170905113220215 0.44276177883148193 0.1829066276550293
v 0.4325603246688843 0.4533407688140869 0.18825697898864746
v 0.4268451929092407 0.4585695266723633 0.18083947896957397
v 0.4268451929092407 0.474498987197876 0.17755627632141113
v 0.42149484157562256 0.47984933853149414 0.17269235849380493
v 0.4250211715698242 0.49042844772338867 0.17232751846313477
v 0.4320739507675171 0.49042844772338867 0.17451632022857666
v 0.43742430210113525 0.5115866661071777 0.17305713891983032
v 0.4480034112930298 0.5169370174407959 0.17719149589538574
v 0.45858240127563477 0.5310424566268921 0.17755627632141113
v 0.46393275260925293 0.538095235824585 0.1762186884880066
v 0.4426530599594116 0.5646038055419922 0.16442358493804932
v 0.43742430210113525 0.5773717164993286 0.15639805793762207
v 0.43742430210113525 0.5928146839141846 0.14581900835037231
v 0.4161444902420044 0.5753045082092285 0.1510477066040039
v 0.410915732383728 0.6018130779266357 0.12988954782485962
v 0.43742430210113525 0.6123921871185303 0.1301327347755432
v 0.40556538105010986 0.6070418357849121 0.12076961994171143
v 0.3987557888031006 0.6070418357849121 0.11396008729934692
v 0.38963592052459717 0.6070418357849121 0.10009783506393433
v 0.3867175579071045 0.6176209449768066 0.06629329919815063
v 0.38987910747528076 0.6229712963104248 0.05571424961090088
v 0.39498627185821533 0.6275919675827026 0.04501354694366455
v 0.4003366231918335 0.6305103302001953 0.03443443775177002
v 0.38951432704925537 0.6229712963104248 0.029205679893493652
v 0.39218950271606445 0.6229712963104248 0.018504977226257324
v 0.38963592052459717 0.6154321432113647 0.0026971101760864258
v 0.3873255252838135 0.6070418357849121 -0.008003562688827515
v 0.4003366231918335 0.6070418357849121 -0.01882585883140564
v 0.4003366231918335 0.601326584815979 -0.023811429738998413
v 0.4161444902420044 0.5964627265930176 -0.033296138048172
v 0.4320739507675171 0.5964627265930176 -0.03584972023963928
v 0.4426530599594116 0.585883617401123 -0.04217284917831421
v 0.45335376262664795 0.5753045082092285 -0.04667201638221741
v 0.45858240127563477 0.5540246963500977 -0.05384635925292969
v 0.4691615104675293 0.5487959384918213 -0.054332733154296875
v 0.4798622131347656 0.5487959384918213 -0.05214396119117737
v 0.485090970993042 0.538095235824585 -0.051535964012145996
v 0.4956700801849365 0.5328664779663086 -0.046915203332901
v 0.5010204315185547 0.5169370174407959 -0.04217284917831421
v 0.5109915733337402 0.5169370174407959 -0.03451213240623474
v 0.5275290012359619 0.5010075569152832 -0.012137949466705322
v 0.5336089134216309 0.49577879905700684 -0.0026532113552093506
v 0.5381081104278564 0.49042844772338867 0.007804274559020996
v 0.5407832860946655 0.46391987800598145 0.029205679893493652
v 0.5430936813354492 0.4533407688140869 0.039784789085388184
v 0.5427289009094238 0.4479905366897583 0.039784789085388184
v 0.5381081104278564 0.43826258182525635 0.03443443775177002
v 0.5328793525695801 0.4320610761642456 0.03309684991836548
v 0.5328793525695801 0.41783392429351807 0.04501354694366455
v 0.5266778469085693 0.41090285778045654 0.04501354694366455
v 0.5179226398468018 0.400323748588562 0.039784789085388184
v 0.510505199432373 0.37904393672943115 0.039784789085388184
v 0.5128155946731567 0.3738151788711548 0.050363898277282715
v 0.5115995407104492 0.3525353670120239 0.04951268434524536
v 0.5112347602844238 0.3419562578201294 0.050363898277282715
v 0.5032092332839966 0.3525353670120239 0.029205679893493652
v 0.5091675519943237 0.33137714862823486 0.050363898277282715
v 0.4956700801849365 0.31544774770736694 0.043311119079589844
v 0.49226534366607666 0.2942895293235779 0.060943007469177246
v 0.4734175205230713 0.2783600687980652 0.05571424961090088
v 0.4691615104675293 0.273009717464447 0.057295024394989014
v 0.46393275260925293 0.26814574003219604 0.060943007469177246
v 0.46393275260925293 0.24710917472839355 0.0874515175819397
v 0.45858240127563477 0.24905472993850708 0.0874515175819397
v 0.45335376262664795 0.251243531703949 0.09280186891555786
v 0.45335376262664795 0.2465011477470398 0.10873132944107056
v 0.4480034112930298 0.25355392694473267 0.11931043863296509
v 0.4414370059967041 0.2624306082725525 0.11931043863296509
v 0.4320739507675171 0.2761712670326233 0.12988954782485962
v 0.43997788429260254 0.26778095960617065 0.14046865701675415
v 0.43620824813842773 0.28358882665634155 0.15639805793762207
v 0.4268451929092407 0.3048686385154724 0.15627646446228027
v 0.43791067600250244 0.28358882665634155 0.16174840927124023
v 0.4480034112930298 0.3100973963737488 0.18156903982162476
v 0.4480034112930298 0.31544774770736694 0.1826634407043457
v 0.4480034112930298 0.3207980990409851 0.1829066276550293
v 0.4426530599594116 0.3260267972946167 0.18023145198822021
v 0.4426530599594116 0.3578857183456421 0.17755627632141113
v 0.4365730285644531 0.3578857183456421 0.1669771671295166
v 0.4426530599594116 0.36323606967926025 0.1686795949935913
v 0.4320739507675171 0.3684648275375366 0.1577356457710266
v 0.43596506118774414 0.3843942880630493 0.1510477066040039
v 0.4276963472366333 0.37904393672943115 0.14581900835037231
v 0.4268451929092407 0.38123273849487305 0.14046865701675415
v 0.4248995780944824 0.3843942880630493 0.13523989915847778
v 0.4268451929092407 0.3897446393966675 0.13365912437438965
v 0.42149484157562256 0.3897446393966675 0.12988954782485962
v 0.42149484157562256 0.39497339725494385 0.12855195999145508
v 0.4161444902420044 0.400323748588562 0.12441760301589966
v 0.40556538105010986 0.41090285778045654 0.11736482381820679
v 0.40556538105010986 0.4162532091140747 0.11578404903411865
v 0.4003366231918335 0.4214819669723511 0.10678577423095703
v 0.3987557888031006 0.4214819669723511 0.10873132944107056
v 0.39705348014831543 0.42683231830596924 0.11396008729934692
v 0.3965669870376587 0.43741142749786377 0.11396008729934692
v 0.39498627185821533 0.44276177883148193 0.10873132944107056
v 0.4003366231918335 0.446044921875 0.11396008729934692
v 0.40556538105010986 0.4438561201095581 0.11931043863296509
v 0.407267689704895 0.44276177883148193 0.11931043863296509
v 0.410915732383728 0.441788911819458 0.12453919649124146
v 0.4111589193344116 0.44276177883148193 0.12988954782485962
v 0.410915732383728 0.44276177883148193 0.1323215365409851
v 0.4095780849456787 0.44276177883148193 0.14046865701675415
v 0.40337657928466797 0.4479905366897583 0.14046865701675415
v 0.410915732383728 0.4416673183441162 0.14581900835037231
v 0.4161444902420044 0.43583059310913086 0.1510477066040039
v 0.42149484157562256 0.44264018535614014 0.1669771671295166
v 0.4149284362792969 0.4585695266723633 0.1669771671295166
v 0.4189412593841553 0.46391987800598145 0.17232751846313477
v 0.4161444902420044 0.47984933853149414 0.1690443754196167
v 0.4161444902420044 0.5010075569152832 0.1688011884689331
v 0.42149484157562256 0.5063579082489014 0.16989552974700928
v 0.4320739507675171 0.5222873687744141 0.16746360063552856
v 0.4320739507675171 0.5328664779663086 0.16563957929611206
v 0.4426530599594116 0.5540246963500977 0.16770678758621216
v 0.4268451929092407 0.5646038055419922 0.1604108214378357
v 0.4161444902420044 0.5646038055419922 0.15651971101760864
v 0.39498627185821533 0.5593750476837158 0.14812934398651123
v 0.4003366231918335 0.5946387052536011 0.12988954782485962
v 0.40179574489593506 0.6018130779266357 0.12453919649124146
v 0.39109504222869873 0.5964627265930176 0.11931043863296509
v 0.37905681133270264 0.5954898595809937 0.09803062677383423
v 0.37066650390625 0.5911123752593994 0.08222275972366333
v 0.37455761432647705 0.6018130779266357 0.071522057056427
v 0.37905681133270264 0.613121747970581 0.050363898277282715
v 0.3828263282775879 0.6176209449768066 0.03443443775177002
v 0.3816103935241699 0.6123921871185303 0.013276219367980957
v 0.37905681133270264 0.6054610013961792 0.0026971101760864258
v 0.37905681133270264 0.5987731218338013 -0.008003562688827515
v 0.3844071626663208 0.5999890565872192 -0.013232320547103882
v 0.38963592052459717 0.585883617401123 -0.028553783893585205
v 0.40216052532196045 0.585883617401123 -0.03451213240623474
v 0.38963592052459717 0.5646038055419922 -0.038524895906448364
v 0.410915732383728 0.5699541568756104 -0.04411843419075012
v 0.42149484157562256 0.5805332660675049 -0.042659252882003784
v 0.4320739507675171 0.578344464302063 -0.04509124159812927
v 0.4426530599594116 0.5452696084976196 -0.055670320987701416
v 0.43742430210113525 0.5222873687744141 -0.05931830406188965
v 0.4426530599594116 0.5328664779663086 -0.0582239031791687
v 0.4426530599594116 0.5169370174407959 -0.05992630124092102
v 0.45858240127563477 0.538095235824585 -0.05725112557411194
v 0.47451186180114746 0.5328664779663086 -0.05481913685798645
v 0.49044132232666016 0.5222873687744141 -0.04861760139465332
v 0.49044132232666016 0.5063579082489014 -0.04569920897483826
v 0.4826589822769165 0.49042844772338867 -0.04509124159812927
v 0.4956700801849365 0.4850780963897705 -0.03536331653594971
v 0.5160987377166748 0.49042844772338867 -0.018582671880722046
v 0.5328793525695801 0.46647346019744873 0.013276219367980957
v 0.5388376712799072 0.4533407688140869 0.029205679893493652
v 0.535068154335022 0.44276177883148193 0.029205679893493652
v 0.5264346599578857 0.4214819669723511 0.03443443775177002
v 0.5169498920440674 0.41078126430511475 0.029205679893493652
v 0.5109915733337402 0.39497339725494385 0.029205679893493652
v 0.502966046333313 0.3684648275375366 0.02385532855987549
v 0.5000476837158203 0.3419562578201294 0.029205679893493652
v 0.5010204315185547 0.3260267972946167 0.04100078344345093
v 0.485090970993042 0.3186092972755432 0.029205679893493652
v 0.4691615104675293 0.28833115100860596 0.04501354694366455
v 0.46393275260925293 0.2783600687980652 0.05157989263534546
v 0.45858240127563477 0.27665770053863525 0.05571424961090088
v 0.45858240127563477 0.26778095960617065 0.06422615051269531
v 0.44909775257110596 0.2942895293235779 0.050363898277282715
v 0.45858240127563477 0.2624306082725525 0.07030606269836426
v 0.45396173000335693 0.2570802569389343 0.08222275972366333
v 0.4480034112930298 0.25866103172302246 0.09280186891555786
v 0.4426530599594116 0.26133620738983154 0.10873132944107056
v 0.43292510509490967 0.273009717464447 0.11931043863296509
v 0.4320739507675171 0.2714289426803589 0.10873132944107056
v 0.4268451929092407 0.2783600687980652 0.1100689172744751
v 0.4268451929092407 0.27933287620544434 0.11396008729934692
v 0.42149484157562256 0.29100632667541504 0.12453919649124146
v 0.4228323698043823 0.2942895293235779 0.13523989915847778
v 0.41784679889678955 0.3100973963737488 0.14581900835037231
v 0.4129829406738281 0.3207980990409851 0.14581900835037231
v 0.4189412593841553 0.31544774770736694 0.1510477066040039
v 0.43328988552093506 0.3100973963737488 0.1669771671295166
v 0.4426530599594116 0.3207980990409851 0.17998826503753662
v 0.43742430210113525 0.3419562578201294 0.17463791370391846
v 0.4320739507675171 0.34730660915374756 0.16734200716018677
v 0.41772520542144775 0.3578857183456421 0.1510477066040039
v 0.42149484157562256 0.3684648275375366 0.14971011877059937
v 0.42149484157562256 0.3738151788711548 0.1459406018257141
v 0.4161444902420044 0.3738151788711548 0.14569735527038574
v 0.42149484157562256 0.382448673248291 0.13523989915847778
v 0.4161444902420044 0.3897446393966675 0.12830877304077148
v 0.415779709815979 0.39497339725494385 0.12453919649124146
v 0.410915732383728 0.39497339725494385 0.12089121341705322
v 0.410915732383728 0.400323748588562 0.11955362558364868
v 0.40556538105010986 0.400323748588562 0.11736482381820679
v 0.4003366231918335 0.41090285778045654 0.11639207601547241
v 0.4003366231918335 0.4166179895401001 0.11396008729934692
v 0.3982694149017334 0.4214819669723511 0.11396008729934692
v 0.3964453935623169 0.42683231830596924 0.11931043863296509
v 0.3980262279510498 0.43741142749786377 0.11931043863296509
v 0.4002150297164917 0.44276177883148193 0.11931043863296509
v 0.40556538105010986 0.4447072744369507 0.12988954782485962
v 0.40556538105010986 0.44519364833831787 0.13523989915847778
v 0.4007014036178589 0.4479905366897583 0.13523989915847778
v 0.4003366231918335 0.45261120796203613 0.14046865701675415
v 0.4075108766555786 0.4585695266723633 0.15639805793762207
v 0.40471410751342773 0.474498987197876 0.15639805793762207
v 0.4140772819519043 0.474498987197876 0.1669771671295166
v 0.410915732383728 0.5010075569152832 0.16576117277145386
v 0.410915732383728 0.519004225730896 0.16174840927124023
v 0.4003366231918335 0.5434455871582031 0.15469568967819214
v 0.39316225051879883 0.5487959384918213 0.1510477066040039
v 0.38769030570983887 0.5540246963500977 0.14581900835037231
v 0.39498627185821533 0.5894099473953247 0.12988954782485962
v 0.3814888000488281 0.5699541568756104 0.12988954782485962
v 0.3844071626663208 0.585883617401123 0.12028324604034424
v 0.37382805347442627 0.585883617401123 0.09924662113189697
v 0.36312735080718994 0.573480486869812 0.0874515175819397
v 0.36008739471435547 0.5699541568756104 0.08222275972366333
v 0.3684777021408081 0.5935443639755249 0.06629329919815063
v 0.3684777021408081 0.5964627265930176 0.05595743656158447
v 0.3703017234802246 0.6018130779266357 0.039784789085388184
v 0.37905681133270264 0.6132433414459229 0.029205679893493652
v 0.3716392517089844 0.6018130779266357 0.018504977226257324
v 0.37382805347442627 0.5964627265930176 -0.001558840274810791
v 0.3726121187210083 0.585883617401123 -0.013232320547103882
v 0.37407124042510986 0.5753045082092285 -0.023811429738998413
v 0.3684777021408081 0.5742100477218628 -0.018582671880722046
v 0.36507296562194824 0.5593750476837158 -0.023811429738998413
v 0.36203300952911377 0.5487959384918213 -0.023811429738998413
v 0.3682345151901245 0.5540246963500977 -0.029161781072616577
v 0.37905681133270264 0.5646038055419922 -0.0330529510974884
v 0.37905681133270264 0.5487959384918213 -0.03803849220275879
v 0.4003366231918335 0.5540246963500977 -0.04569920897483826
v 0.4167524576187134 0.5540246963500977 -0.05031996965408325
v 0.42149484157562256 0.538095235824585 -0.05494073033332825
v 0.4320739507675171 0.5063579082489014 -0.05858871340751648
v 0.43742430210113525 0.5010075569152832 -0.05895349383354187
v 0.4480034112930298 0.5115866661071777 -0.059439897537231445
v 0.47451186180114746 0.5115866661071777 -0.05311673879623413
v 0.47451186180114746 0.49042844772338867 -0.04837438464164734
v 0.47451186180114746 0.47984933853149414 -0.04764479398727417
v 0.47925424575805664 0.4692702293395996 -0.04509124159812927
v 0.4956700801849365 0.48143017292022705 -0.03451213240623474
v 0.5063707828521729 0.474498987197876 -0.021622657775878906
v 0.5063707828521729 0.4510304927825928 -0.013232320547103882
v 0.5221786499023438 0.4479905366897583 0.009628236293792725
v 0.5115995407104492 0.4320610761642456 0.004034698009490967
v 0.5176794528961182 0.42683231830596924 0.018504977226257324
v 0.5063707828521729 0.40810608863830566 0.013276219367980957
v 0.4956700801849365 0.3897446393966675 0.0070746541023254395
v 0.4956700801849365 0.3843942880630493 0.00865548849105835
v 0.4841182231903076 0.3897446393966675 -0.008003562688827515
v 0.484483003616333 0.36323606967926025 -0.0026532113552093506
v 0.485090970993042 0.3578857183456421 -0.00046443939208984375
v 0.485090970993042 0.3419562578201294 0.009263455867767334
v 0.4798622131347656 0.33137714862823486 0.013276219367980957
v 0.47451186180114746 0.3278508186340332 0.013276219367980957
v 0.4691615104675293 0.3024366497993469 0.03443443775177002
v 0.46393275260925293 0.3048686385154724 0.03200244903564453
v 0.4571232795715332 0.29951828718185425 0.039784789085388184
v 0.43742430210113525 0.30012625455856323 0.05571424961090088
v 0.4428962469100952 0.2942895293235779 0.05571424961090088
v 0.43742430210113525 0.2942895293235779 0.06057816743850708
v 0.4419233798980713 0.2783600687980652 0.071522057056427
v 0.4276963472366333 0.2889391779899597 0.07687240839004517
v 0.4437474012374878 0.2624306082725525 0.09803062677383423
v 0.4268451929092407 0.2783600687980652 0.10338097810745239
v 0.4186980724334717 0.2889391779899597 0.10338097810745239
v 0.412131667137146 0.29951828718185425 0.10873132944107056
v 0.4166308641433716 0.29951828718185425 0.12453919649124146
v 0.410915732383728 0.31958210468292236 0.14046865701675415
v 0.407267689704895 0.33137714862823486 0.14046865701675415
v 0.4268451929092407 0.3419562578201294 0.16332924365997314
v 0.4161444902420044 0.3525353670120239 0.15043973922729492
v 0.40872693061828613 0.3684648275375366 0.14581900835037231
v 0.40556538105010986 0.3684648275375366 0.14375180006027222
v 0.410915732383728 0.3732072114944458 0.14581900835037231
v 0.410915732383728 0.37904393672943115 0.1418062448501587
v 0.410915732383728 0.3843942880630493 0.13584786653518677
v 0.40556538105010986 0.3841511011123657 0.13523989915847778
v 0.40556538105010986 0.3897446393966675 0.12551194429397583
v 0.410915732383728 0.3897446393966675 0.12697118520736694
v 0.40556538105010986 0.39497339725494385 0.11931043863296509
v 0.4003366231918335 0.39497339725494385 0.12003999948501587
v 0.4003366231918335 0.400323748588562 0.11845922470092773
v 0.39498627185821533 0.4162532091140747 0.11991840600967407
v 0.39498627185821533 0.43741142749786377 0.12259358167648315
v 0.39498627185821533 0.4434913396835327 0.12453919649124146
v 0.4003366231918335 0.4456801414489746 0.12988954782485962
v 0.39498627185821533 0.4533407688140869 0.13110554218292236
v 0.38963592052459717 0.474498987197876 0.14034700393676758
v 0.4003366231918335 0.46391987800598145 0.14764297008514404
v 0.40556538105010986 0.49042844772338867 0.16138362884521484
v 0.40556538105010986 0.5169370174407959 0.15907323360443115
v 0.38963592052459717 0.5434455871582031 0.14995336532592773
v 0.3846503496170044 0.5434455871582031 0.14581900835037231
v 0.3844071626663208 0.5593750476837158 0.14010381698608398
v 0.37905681133270264 0.5540246963500977 0.13633430004119873
v 0.37796247005462646 0.5699541568756104 0.12453919649124146
v 0.36312735080718994 0.5646038055419922 0.09815222024917603
v 0.3525482416152954 0.5593750476837158 0.07006287574768066
v 0.3552234172821045 0.5699541568756104 0.05571424961090088
v 0.3617897033691406 0.585883617401123 0.04501354694366455
v 0.36312735080718994 0.5879507064819336 0.018504977226257324
v 0.3638569116592407 0.585883617401123 0.007925868034362793
v 0.3639785051345825 0.5805332660675049 -0.0026532113552093506
v 0.3656809329986572 0.5753045082092285 -0.013232320547103882
v 0.3598442077636719 0.5540246963500977 -0.018582671880722046
v 0.3578985929489136 0.5328664779663086 -0.01979866623878479
v 0.36312735080718994 0.5328664779663086 -0.027216196060180664
v 0.3733416795730591 0.5487959384918213 -0.03451213240623474
v 0.38963592052459717 0.538095235824585 -0.044361621141433716
v 0.3912166357040405 0.5222873687744141 -0.04509124159812927
v 0.40556538105010986 0.538095235824585 -0.05056318640708923
v 0.410915732383728 0.5275161266326904 -0.05275195837020874
v 0.42149484157562256 0.5115866661071777 -0.055670320987701416
v 0.4268451929092407 0.4990619421005249 -0.06102067232131958
v 0.43742430210113525 0.49577879905700684 -0.05968308448791504
v 0.4426530599594116 0.49577879905700684 -0.05798071622848511
v 0.4691615104675293 0.4533407688140869 -0.049833595752716064
v 0.4798622131347656 0.4585695266723633 -0.04387524724006653
v 0.485090970993042 0.4533407688140869 -0.038524895906448364
v 0.49445414543151855 0.4533407688140869 -0.029161781072616577
v 0.5038172006607056 0.4320610761642456 -0.008003562688827515
v 0.4956700801849365 0.4055525064468384 -0.0011940598487854004
v 0.485090970993042 0.41090285778045654 -0.016637086868286133
v 0.47451186180114746 0.3843942880630493 -0.015299499034881592
v 0.47451186180114746 0.3684648275375366 -0.011043548583984375
v 0.47451186180114746 0.3598313331604004 -0.008003562688827515
v 0.4798622131347656 0.34730660915374756 0.001116335391998291
v 0.4691615104675293 0.3463338613510132 -0.0026532113552093506
v 0.4691615104675293 0.3207980990409851 0.017532169818878174
v 0.45858240127563477 0.3419562578201294 0.0002651214599609375
v 0.45189452171325684 0.336727499961853 0.007925868034362793
v 0.45335376262664795 0.32019007205963135 0.02385532855987549
v 0.4454498291015625 0.3260267972946167 0.02385532855987549
v 0.4426530599594116 0.3207980990409851 0.031272828578948975
v 0.4228323698043823 0.31544774770736694 0.05571424961090088
v 0.4268451929092407 0.3207980990409851 0.04513514041900635
v 0.4320739507675171 0.31119173765182495 0.050363898277282715
v 0.4268451929092407 0.29951828718185425 0.06629329919815063
v 0.4183332920074463 0.29951828718185425 0.07687240839004517
v 0.4161444902420044 0.2989102602005005 0.08222275972366333
v 0.42125165462493896 0.2889391779899597 0.09280186891555786
v 0.41517162322998047 0.2942895293235779 0.09803062677383423
v 0.40775418281555176 0.3048686385154724 0.09803062677383423
v 0.40556538105010986 0.3100973963737488 0.10581296682357788
v 0.410915732383728 0.3100973963737488 0.12332320213317871
v 0.41079413890838623 0.31544774770736694 0.12988954782485962
v 0.40459251403808594 0.33137714862823486 0.13523989915847778
v 0.40386295318603516 0.336727499961853 0.13523989915847778
v 0.4112805128097534 0.3525353670120239 0.14581900835037231
v 0.40556538105010986 0.36323606967926025 0.14326542615890503
v 0.4003366231918335 0.36518168449401855 0.13523989915847778
v 0.402768611907959 0.3684648275375366 0.14046865701675415
v 0.40556538105010986 0.3738151788711548 0.14277899265289307
v 0.40556538105010986 0.37904393672943115 0.14010381698608398
v 0.4003366231918335 0.37904393672943115 0.13341587781906128
v 0.3971750736236572 0.3843942880630493 0.12453919649124146
v 0.4003366231918335 0.3897446393966675 0.12344479560852051
v 0.39498627185821533 0.39497339725494385 0.12089121341705322
v 0.38963592052459717 0.39497339725494385 0.12076961994171143
v 0.38963592052459717 0.41090285778045654 0.12210720777511597
v 0.38963592052459717 0.4320610761642456 0.1235663890838623
v 0.38963592052459717 0.44276177883148193 0.12259358167648315
v 0.39279747009277344 0.4479905366897583 0.12453919649124146
v 0.39097344875335693 0.4533407688140869 0.12453919649124146
v 0.3844071626663208 0.4533407688140869 0.11809444427490234
v 0.38963592052459717 0.4585695266723633 0.12502557039260864
v 0.38963592052459717 0.46817588806152344 0.13523989915847778
v 0.3851367235183716 0.47984933853149414 0.13523989915847778
v 0.3820967674255371 0.5010075569152832 0.14046865701675415
v 0.38769030570983887 0.5010075569152832 0.14581900835037231
v 0.3844071626663208 0.5222873687744141 0.14229261875152588
v 0.3802727460861206 0.5434455871582031 0.14046865701675415
v 0.37224721908569336 0.5540246963500977 0.12453919649124146
v 0.3578985929489136 0.5434455871582031 0.09839540719985962
v 0.3526698350906372 0.538095235824585 0.08222275972366333
v 0.34877872467041016 0.5487959384918213 0.06629329919815063
v 0.34890031814575195 0.5540246963500977 0.060943007469177246
v 0.34877872467041016 0.5540246963500977 0.050363898277282715
v 0.3502378463745117 0.5593750476837158 0.05571424961090088
v 0.356439471244812 0.5753045082092285 0.029205679893493652
v 0.3578985929489136 0.5753045082092285 0.013276219367980957
v 0.3575338125228882 0.5593750476837158 -0.008003562688827515
v 0.35765540599823 0.5540246963500977 -0.013232320547103882
v 0.3547370433807373 0.5328664779663086 -0.013232320547103882
v 0.3569258451461792 0.5222873687744141 -0.018582671880722046
v 0.36033058166503906 0.5222873687744141 -0.023811429738998413
v 0.3715176582336426 0.5222873687744141 -0.03451213240623474
v 0.3844071626663208 0.5169370174407959 -0.04363203048706055
v 0.40556538105010986 0.5169370174407959 -0.050927966833114624
v 0.4003366231918335 0.5115866661071777 -0.051900774240493774
v 0.4161444902420044 0.5063579082489014 -0.05676472187042236
v 0.42149484157562256 0.5010075569152832 -0.06041267514228821
v 0.4320739507675171 0.49042844772338867 -0.06357425451278687
v 0.4100644588470459 0.47984933853149414 -0.08217889070510864
v 0.410915732383728 0.4692702293395996 -0.09069079160690308
v 0.410915732383728 0.4533407688140869 -0.10260748863220215
v 0.4161444902420044 0.4487200975418091 -0.09810832142829895
v 0.43122267723083496 0.44276177883148193 -0.07682853937149048
v 0.4480034112930298 0.4585695266723633 -0.06114226579666138
v 0.44776010513305664 0.43741142749786377 -0.06102067232131958
v 0.4731743335723877 0.44276177883148193 -0.04509124159812927
v 0.4798622131347656 0.43741142749786377 -0.03694409132003784
v 0.49287331104278564 0.43741142749786377 -0.023811429738998413
v 0.45858240127563477 0.4055525064468384 -0.03840330243110657
v 0.46137917041778564 0.3843942880630493 -0.023811429738998413
v 0.4480034112930298 0.3843942880630493 -0.03110736608505249
v 0.45858240127563477 0.3738151788711548 -0.019677072763442993
v 0.45335376262664795 0.3684648275375366 -0.018217891454696655
v 0.46393275260925293 0.3525353670120239 -0.007638782262802124
v 0.45858240127563477 0.34730660915374756 -0.004234015941619873
v 0.43742430210113525 0.3402538299560547 0.007925868034362793
v 0.4480034112930298 0.33380913734436035 0.013276219367980957
v 0.4320739507675171 0.3329579830169678 0.02385532855987549
v 0.42149484157562256 0.3322283625602722 0.03443443775177002
v 0.4268451929092407 0.3260267972946167 0.038690388202667236
v 0.4161444902420044 0.30717897415161133 0.071522057056427
v 0.4114021062850952 0.3048686385154724 0.08222275972366333
v 0.4096996784210205 0.3048686385154724 0.0874515175819397
v 0.40848374366760254 0.3048686385154724 0.09280186891555786
v 0.3996070623397827 0.3207980990409851 0.0874515175819397
v 0.40143096446990967 0.3207980990409851 0.10873132944107056
v 0.3998502492904663 0.336727499961853 0.12453919649124146
v 0.4009445905685425 0.3419562578201294 0.12988954782485962
v 0.40374135971069336 0.3525353670120239 0.13523989915847778
v 0.4003366231918335 0.3578857183456421 0.1306191086769104
v 0.4003366231918335 0.3738151788711548 0.13560467958450317
v 0.3959590196609497 0.3738151788711548 0.12453919649124146
v 0.39498627185821533 0.3843942880630493 0.12235039472579956
v 0.38963592052459717 0.3843942880630493 0.11736482381820679
v 0.3844071626663208 0.39497339725494385 0.11785125732421875
v 0.3831911087036133 0.4055525064468384 0.11931043863296509
v 0.3844071626663208 0.42683231830596924 0.12125599384307861
v 0.3831911087036133 0.43741142749786377 0.11931043863296509
v 0.3816103935241699 0.4533407688140869 0.11396008729934692
v 0.3847719430923462 0.46391987800598145 0.11396008729934692
v 0.3852583169937134 0.46391987800598145 0.10873132944107056
v 0.3851367235183716 0.4692702293395996 0.10873132944107056
v 0.3850151300430298 0.4692702293395996 0.11931043863296509
v 0.384285569190979 0.474498987197876 0.12453919649124146
v 0.3835560083389282 0.474498987197876 0.11931043863296509
v 0.37905681133270264 0.47984933853149414 0.10970413684844971
v 0.37905681133270264 0.49577879905700684 0.13365912437438965
v 0.37905681133270264 0.5063579082489014 0.13682067394256592
v 0.37589526176452637 0.5275161266326904 0.12988954782485962
v 0.35996580123901367 0.5275161266326904 0.10338097810745239
v 0.36203300952911377 0.5115866661071777 0.09803062677383423
v 0.36130332946777344 0.5169370174407959 0.10338097810745239
v 0.36008739471435547 0.5169370174407959 0.09803062677383423
v 0.35874974727630615 0.5222873687744141 0.09803062677383423
v 0.34950828552246094 0.538095235824585 0.06629329919815063
v 0.34865713119506836 0.5434455871582031 0.06629329919815063
v 0.34756267070770264 0.5434455871582031 0.05571424961090088
v 0.347927451133728 0.5487959384918213 0.050363898277282715
v 0.3499946594238281 0.5487959384918213 0.039784789085388184
v 0.3535209894180298 0.5593750476837158 0.013276219367980957
v 0.3536425828933716 0.538095235824585 -0.008003562688827515
v 0.3554666042327881 0.5169370174407959 -0.018582671880722046
v 0.3578985929489136 0.5162074565887451 -0.023811429738998413
v 0.3684777021408081 0.5169370174407959 -0.03451213240623474
v 0.3844071626663208 0.5115866661071777 -0.04922559857368469
v 0.38963592052459717 0.5048987865447998 -0.06102067232131958
v 0.4003366231918335 0.5075739622116089 -0.055670320987701416
v 0.40556538105010986 0.49310362339019775 -0.07159978151321411
v 0.39498627185821533 0.49577879905700684 -0.07293736934661865
v 0.3962022066116333 0.47984933853149414 -0.09275797009468079
v 0.3844071626663208 0.474498987197876 -0.10953861474990845
v 0.4003366231918335 0.4600287675857544 -0.10868743062019348
v 0.4003366231918335 0.4533407688140869 -0.11513218283653259
v 0.4096996784210205 0.43741142749786377 -0.11403778195381165
v 0.40884852409362793 0.42683231830596924 -0.11926653981208801
v 0.40447092056274414 0.42683231830596924 -0.12984561920166016
v 0.40556538105010986 0.4162532091140747 -0.13166961073875427
v 0.4089701175689697 0.4214819669723511 -0.11926653981208801
v 0.4120100736618042 0.4162532091140747 -0.10333707928657532
v 0.416995644569397 0.42683231830596924 -0.09810832142829895
v 0.4207651615142822 0.43741142749786377 -0.09275797009468079
v 0.430006742477417 0.4320610761642456 -0.07682853937149048
v 0.43742430210113525 0.4320610761642456 -0.06831660866737366
v 0.43584346771240234 0.4214819669723511 -0.06624943017959595
v 0.45335376262664795 0.4172259569168091 -0.05031996965408325
v 0.4480034112930298 0.4055525064468384 -0.046915203332901
v 0.4320739507675171 0.3738151788711548 -0.031228959560394287
v 0.43742430210113525 0.3683432340621948 -0.023811429738998413
v 0.4426530599594116 0.3599529266357422 -0.013232320547103882
v 0.4320739507675171 0.3525353670120239 -0.008003562688827515
v 0.42149484157562256 0.3561832904815674 -0.013232320547103882
v 0.41918444633483887 0.34730660915374756 0.0026971101760864258
v 0.42149484157562256 0.3392810821533203 0.018504977226257324
v 0.42149484157562256 0.337213933467865 0.02385532855987549
v 0.41030776500701904 0.33137714862823486 0.050363898277282715
v 0.4161444902420044 0.31544774770736694 0.06386137008666992
v 0.410915732383728 0.3240812420845032 0.060943007469177246
v 0.410915732383728 0.32043325901031494 0.06629329919815063
v 0.40556538105010986 0.31374531984329224 0.08222275972366333
v 0.3988773822784424 0.3260267972946167 0.08222275972366333
v 0.3977830410003662 0.3260267972946167 0.0874515175819397
v 0.4003366231918335 0.3220140337944031 0.10338097810745239
v 0.3953510522842407 0.3578857183456421 0.11931043863296509
v 0.39498627185821533 0.36287128925323486 0.11931043863296509
v 0.39304065704345703 0.37904393672943115 0.11931043863296509
v 0.38963592052459717 0.38111114501953125 0.11396008729934692
v 0.3841639757156372 0.3897446393966675 0.11396008729934692
v 0.37905681133270264 0.4055525064468384 0.11396008729934692
v 0.37905681133270264 0.4320610761642456 0.11396008729934692
v 0.37796247005462646 0.44276177883148193 0.10873132944107056
v 0.3805159330368042 0.4533407688140869 0.10873132944107056
v 0.3795431852340698 0.4533407688140869 0.09803062677383423
v 0.38088083267211914 0.4585695266723633 0.09803062677383423
v 0.3835560083389282 0.4585695266723633 0.10338097810745239
v 0.3844071626663208 0.46391987800598145 0.10277301073074341
v 0.3844071626663208 0.4692702293395996 0.10605615377426147
v 0.3729768991470337 0.4850780963897705 0.10338097810745239
v 0.3666536808013916 0.5115866661071777 0.11396008729934692
v 0.3644648790359497 0.5115866661071777 0.10873132944107056
v 0.36312735080718994 0.5061147212982178 0.09280186891555786
v 0.3554666042327881 0.5222873687744141 0.071522057056427
v 0.352791428565979 0.5275161266326904 0.060943007469177246
v 0.3523050546646118 0.5275161266326904 0.05571424961090088
v 0.35108911991119385 0.5328664779663086 0.039784789085388184
v 0.35157549381256104 0.5328664779663086 0.029205679893493652
v 0.35121071338653564 0.5328664779663086 0.018504977226257324
v 0.34950828552246094 0.5169370174407959 0.0026971101760864258
v 0.3525482416152954 0.5131675004959106 -0.018582671880722046
v 0.3551018238067627 0.5115866661071777 -0.029161781072616577
v 0.36312735080718994 0.510857105255127 -0.03974089026451111
v 0.37382805347442627 0.5070874691009521 -0.055670320987701416
v 0.37905681133270264 0.5010075569152832 -0.07099178433418274
v 0.37905681133270264 0.49553561210632324 -0.08217889070510864
v 0.37382805347442627 0.4871453046798706 -0.10333707928657532
v 0.37431442737579346 0.47984933853149414 -0.11403778195381165
v 0.37382805347442627 0.474498987197876 -0.12218490242958069
v 0.3684777021408081 0.474498987197876 -0.12984561920166016
v 0.37905681133270264 0.46391987800598145 -0.12984561920166016
v 0.37382805347442627 0.4625823497772217 -0.14054632186889648
v 0.38963592052459717 0.45224642753601074 -0.12984561920166016
v 0.4003366231918335 0.437289834022522 -0.12984561920166016
v 0.4003366231918335 0.4214819669723511 -0.1472342610359192
v 0.40386295318603516 0.4055525064468384 -0.15112543106079102
v 0.40459251403808594 0.400323748588562 -0.15635418891906738
v 0.40422773361206055 0.41090285778045654 -0.14054632186889648
v 0.40556538105010986 0.41029489040374756 -0.12984561920166016
v 0.41055095195770264 0.4162532091140747 -0.10868743062019348
v 0.410915732383728 0.41090285778045654 -0.09762194752693176
v 0.4268451929092407 0.4214819669723511 -0.0765853226184845
v 0.42003560066223145 0.41090285778045654 -0.07682853937149048
v 0.4287906885147095 0.41090285778045654 -0.06624943017959595
v 0.4320739507675171 0.40202605724334717 -0.055670320987701416
v 0.4165092706680298 0.3897446393966675 -0.055670320987701416
v 0.4161444902420044 0.3684648275375366 -0.03280973434448242
v 0.410915732383728 0.36518168449401855 -0.029161781072616577
v 0.38963592052459717 0.3667623996734619 -0.023811429738998413
v 0.3844071626663208 0.36773526668548584 -0.029161781072616577
v 0.38124561309814453 0.3684648275375366 -0.018582671880722046
v 0.3952294588088989 0.3578857183456421 -0.0026532113552093506
v 0.4003366231918335 0.3525353670120239 0.009141862392425537
v 0.410915732383728 0.3525353670120239 -0.0021668076515197754
v 0.410915732383728 0.34730660915374756 0.010479450225830078
v 0.40374135971069336 0.336727499961853 0.050363898277282715
v 0.40556538105010986 0.3351467251777649 0.050363898277282715
v 0.40167415142059326 0.336727499961853 0.05571424961090088
v 0.4003366231918335 0.336727499961853 0.06167256832122803
v 0.4003366231918335 0.33137714862823486 0.07322448492050171
v 0.3959590196609497 0.336727499961853 0.0874515175819397
v 0.39498627185821533 0.3419562578201294 0.07261645793914795
v 0.39498627185821533 0.3402538299560547 0.0874515175819397
v 0.39000070095062256 0.3525353670120239 0.0874515175819397
v 0.3954726457595825 0.34730660915374756 0.10338097810745239
v 0.3940134048461914 0.3578857183456421 0.10873132944107056
v 0.39255428314208984 0.3684648275375366 0.10873132944107056
v 0.39000070095062256 0.37904393672943115 0.10873132944107056
v 0.38367760181427 0.3897446393966675 0.10873132944107056
v 0.37808406352996826 0.4055525064468384 0.10873132944107056
v 0.37905681133270264 0.41090285778045654 0.10070580244064331
v 0.37796247005462646 0.42683231830596924 0.10873132944107056
v 0.3802727460861206 0.42683231830596924 0.09803062677383423
v 0.37881362438201904 0.44276177883148193 0.09803062677383423
v 0.37905681133270264 0.4585695266723633 0.0962066650390625
v 0.38075923919677734 0.46391987800598145 0.09803062677383423
v 0.3835560083389282 0.4692702293395996 0.10338097810745239
v 0.37382805347442627 0.4776606559753418 0.09803062677383423
v 0.37066650390625 0.4850780963897705 0.09803062677383423
v 0.3685992956161499 0.5010075569152832 0.10873132944107056
v 0.36045217514038086 0.49042844772338867 0.071522057056427
v 0.357047438621521 0.49577879905700684 0.060943007469177246
v 0.3574122190475464 0.5115866661071777 0.071522057056427
v 0.3540074825286865 0.5115866661071777 0.050363898277282715
v 0.34926509857177734 0.5169370174407959 0.013276219367980957
v 0.34658992290496826 0.5063579082489014 0.0026971101760864258
v 0.34890031814575195 0.5115866661071777 -0.0026532113552093506
v 0.34731948375701904 0.5093978643417358 -0.008003562688827515
v 0.34731948375701904 0.5096410512924194 -0.018582671880722046
v 0.34731948375701904 0.5087898969650269 -0.03451213240623474
v 0.3525482416152954 0.5067226886749268 -0.05031996965408325
v 0.3366187810897827 0.5014939308166504 -0.07682853937149048
v 0.36312735080718994 0.5010075569152832 -0.07609894871711731
v 0.36312735080718994 0.49577879905700684 -0.09287959337234497
v 0.36312735080718994 0.4871453046798706 -0.11403778195381165
v 0.3578985929489136 0.4872668981552124 -0.11926653981208801
v 0.3578985929489136 0.47984933853149414 -0.1358039677143097
v 0.3644648790359497 0.4692702293395996 -0.14577507972717285
v 0.37382805347442627 0.4594208002090454 -0.14577507972717285
v 0.37905681133270264 0.4533407688140869 -0.14577507972717285
v 0.38963592052459717 0.44276177883148193 -0.14151912927627563
v 0.38963592052459717 0.4397217035293579 -0.14577507972717285
v 0.39948534965515137 0.4214819669723511 -0.15112543106079102
v 0.40374135971069336 0.42683231830596924 -0.17763397097587585
v 0.40556538105010986 0.42683231830596924 -0.18286272883415222
v 0.40556538105010986 0.42233312129974365 -0.17763397097587585
v 0.410915732383728 0.42683231830596924 -0.19879218935966492
v 0.4268451929092407 0.400323748588562 -0.21107366681098938
v 0.43487071990966797 0.3897446393966675 -0.2147216498851776
v 0.4228323698043823 0.41090285778045654 -0.2147216498851776
v 0.4161444902420044 0.42646753787994385 -0.2147216498851776
v 0.4161444902420044 0.41819870471954346 -0.20414254069328308
v 0.42149484157562256 0.4168611764907837 -0.2200719714164734
v 0.4279395341873169 0.4055525064468384 -0.23065108060836792
v 0.4320739507675171 0.3989861011505127 -0.23065108060836792
v 0.46563518047332764 0.1669754981994629 -0.35261476039886475
v 0.4641760587692261 0.17232584953308105 -0.3419140577316284
v 0.4691615104675293 0.1601659655570984 -0.3472644090652466
v 0.4740254878997803 0.1458173394203186 -0.35261476039886475
v 0.4736607074737549 0.1458173394203186 -0.3631938397884369
v 0.4691615104675293 0.1593148112297058 -0.3419140577316284
v 0.46393275260925293 0.17025870084762573 -0.3313349485397339
v 0.45128655433654785 0.19348406791687012 -0.33668529987335205
v 0.45335376262664795 0.19214648008346558 -0.3261061906814575
v 0.4504352807998657 0.20406317710876465 -0.32075583934783936
v 0.44909775257110596 0.20406317710876465 -0.3261061906814575
v 0.44508492946624756 0.2253429889678955 -0.32075583934783936
v 0.4480034112930298 0.19883441925048828 -0.33705008029937744
v 0.4571232795715332 0.18290495872497559 -0.3472644090652466
v 0.45335376262664795 0.18290495872497559 -0.35930269956588745
v 0.46393275260925293 0.1669754981994629 -0.35918107628822327
v 0.46697282791137695 0.15639638900756836 -0.36842259764671326
v 0.46466243267059326 0.15639638900756836 -0.3737729489803314
v 0.4691615104675293 0.1458173394203186 -0.37997448444366455
v 0.46952641010284424 0.1458173394203186 -0.3313349485397339
v 0.45384013652801514 0.18290495872497559 -0.3101767301559448
v 0.45396173000335693 0.18825531005859375 -0.3154054880142212
v 0.45128655433654785 0.20406317710876465 -0.3101767301559448
v 0.4461793899536133 0.23057174682617188 -0.3101767301559448
v 0.4425313472747803 0.24127238988876343 -0.32075583934783936
v 0.4419233798980713 0.23057174682617188 -0.3261061906814575
v 0.4453282356262207 0.2570802569389343 -0.3101767301559448
v 0.4435042142868042 0.2624306082725525 -0.3154054880142212
v 0.43730270862579346 0.24127238988876343 -0.3313349485397339
v 0.4418017864227295 0.3525353670120239 -0.29424726963043213
v 0.4454498291015625 0.3260267972946167 -0.2995976209640503
v 0.43827545642852783 0.336727499961853 -0.3101767301559448
v 0.443017840385437 0.29951828718185425 -0.3154054880142212
v 0.4464225769042969 0.2942895293235779 -0.3101767301559448
v 0.45019209384918213 0.29951828718185425 -0.2995976209640503
v 0.4527456760406494 0.29951828718185425 -0.28889694809913635
v 0.4461793899536133 0.336727499961853 -0.28366819024086
v 0.4444769620895386 0.3525353670120239 -0.2783178389072418
v 0.44459855556488037 0.3684648275375366 -0.27308911085128784
v 0.4426530599594116 0.37721991539001465 -0.27308911085128784
v 0.4426530599594116 0.3842726945877075 -0.24658054113388062
v 0.4480034112930298 0.3713831901550293 -0.24123018980026245
v 0.44727373123168945 0.3738151788711548 -0.2358798384666443
v 0.43511390686035156 0.39497339725494385 -0.24658054113388062
v 0.43742430210113525 0.39254140853881836 -0.24123018980026245
v 0.4422881603240967 0.3843942880630493 -0.23065108060836792
v 0.4392482042312622 0.3843942880630493 -0.2783178389072418
v 0.4419233798980713 0.37904393672943115 -0.2783178389072418
v 0.4426530599594116 0.3738151788711548 -0.2852489948272705
v 0.4428962469100952 0.3684648275375366 -0.28889694809913635
v 0.4388834238052368 0.36323606967926025 -0.2995976209640503
v 0.43474912643432617 0.336727499961853 -0.3154054880142212
v 0.43535709381103516 0.3207980990409851 -0.32075583934783936
v 0.4268451929092407 0.3167853355407715 -0.3313349485397339
v 0.43742430210113525 0.3048686385154724 -0.32270142436027527
v 0.43742430210113525 0.26778095960617065 -0.3267141878604889
v 0.43280351161956787 0.2465011477470398 -0.33668529987335205
v 0.43742430210113525 0.23057174682617188 -0.33437490463256836
v 0.4410722255706787 0.2094135284423828 -0.3419140577316284
v 0.43742430210113525 0.20637357234954834 -0.35261476039886475
v 0.4426530599594116 0.19348406791687012 -0.3631938397884369
v 0.4480034112930298 0.18825531005859375 -0.36173465847969055
v 0.4480034112930298 0.1780409812927246 -0.3737729489803314
v 0.45858240127563477 0.1510460376739502 -0.38872960209846497
v 0.46356797218322754 0.1458173394203186 -0.3154054880142212
v 0.452380895614624 0.16174674034118652 -0.2995976209640503
v 0.45335376262664795 0.17232584953308105 -0.30458319187164307
v 0.45019209384918213 0.18290495872497559 -0.2995976209640503
v 0.45335376262664795 0.18290495872497559 -0.3084743618965149
v 0.45092177391052246 0.20406317710876465 -0.30482637882232666
v 0.4480034112930298 0.22230297327041626 -0.2995976209640503
v 0.4463009834289551 0.24127238988876343 -0.2995976209640503
v 0.45116496086120605 0.28358882665634155 -0.2995976209640503
v 0.4532320499420166 0.2942895293235779 -0.28889694809913635
v 0.4544481039047241 0.2889391779899597 -0.2783178389072418
v 0.45189452171325684 0.3100973963737488 -0.28366819024086
v 0.44654417037963867 0.336727499961853 -0.2783178389072418
v 0.44690895080566406 0.33137714862823486 -0.2623884081840515
v 0.44484174251556396 0.34730660915374756 -0.2783178389072418
v 0.4505568742752075 0.3419562578201294 -0.2358798384666443
v 0.44727373123168945 0.34730660915374756 -0.25715965032577515
v 0.44994890689849854 0.3578857183456421 -0.24658054113388062
v 0.44934093952178955 0.36323606967926025 -0.24658054113388062
v 0.45019209384918213 0.3578857183456421 -0.22530072927474976
v 0.44921934604644775 0.36323606967926025 -0.22530072927474976
v 0.44508492946624756 0.3738151788711548 -0.2200719714164734
v 0.43742430210113525 0.38852858543395996 -0.2200719714164734
v 0.4385186433792114 0.37904393672943115 -0.20937129855155945
v 0.4235619306564331 0.39497339725494385 -0.19879218935966492
v 0.4161444902420044 0.40616047382354736 -0.19356343150138855
v 0.4101860523223877 0.4055525064468384 -0.17763397097587585
v 0.40556538105010986 0.39497339725494385 -0.16182613372802734
v 0.4030117988586426 0.39497339725494385 -0.15112543106079102
v 0.4031333923339844 0.400323748588562 -0.14054632186889648
v 0.40216052532196045 0.400323748588562 -0.12461689114570618
v 0.40556538105010986 0.4056740999221802 -0.10868743062019348
v 0.40471410751342773 0.400323748588562 -0.0875292420387268
v 0.410915732383728 0.40421485900878906 -0.08217889070510864
v 0.4131045341491699 0.400323748588562 -0.07159978151321411
v 0.40556538105010986 0.3888934850692749 -0.06102067232131958
v 0.38963592052459717 0.37673354148864746 -0.05031996965408325
v 0.38963592052459717 0.3704104423522949 -0.03974089026451111
v 0.37382805347442627 0.3684648275375366 -0.03633612394332886
v 0.37382805347442627 0.36761367321014404 -0.029161781072616577
v 0.3525482416152954 0.36506009101867676 -0.029161781072616577
v 0.3684777021408081 0.3710184097290039 -0.008003562688827515
v 0.37382805347442627 0.3704104423522949 -0.0026532113552093506
v 0.38963592052459717 0.3577641248703003 0.007925868034362793
v 0.37613844871520996 0.3684648275375366 0.007925868034362793
v 0.38124561309814453 0.36323606967926025 0.013276219367980957
v 0.4003366231918335 0.346455454826355 0.029205679893493652
v 0.39498627185821533 0.3439018726348877 0.050363898277282715
v 0.39218950271606445 0.34730660915374756 0.06629329919815063
v 0.3844071626663208 0.3582504987716675 0.071522057056427
v 0.38963592052459717 0.3578857183456421 0.09292346239089966
v 0.38817667961120605 0.3843942880630493 0.09803062677383423
v 0.38100242614746094 0.4055525064468384 0.09803062677383423
v 0.3797863721847534 0.4162532091140747 0.09803062677383423
v 0.37905681133270264 0.4320610761642456 0.09340989589691162
v 0.3715176582336426 0.44276177883148193 0.07687240839004517
v 0.37674641609191895 0.4479905366897583 0.09280186891555786
v 0.3752872943878174 0.46391987800598145 0.09280186891555786
v 0.3681129217147827 0.47984933853149414 0.0874515175819397
v 0.3578985929489136 0.47984933853149414 0.06167256832122803
v 0.3559529781341553 0.4850780963897705 0.05571424961090088
v 0.3525482416152954 0.49577879905700684 0.03796076774597168
v 0.3502378463745117 0.49577879905700684 0.029205679893493652
v 0.34731948375701904 0.49042844772338867 0.027746498584747314
v 0.33807802200317383 0.5010075569152832 -0.0026532113552093506
v 0.3366187810897827 0.5044122934341431 -0.013232320547103882
v 0.3419691324234009 0.505385160446167 -0.008003562688827515
v 0.3419691324234009 0.5073307752609253 -0.018582671880722046
v 0.3366187810897827 0.5073307752609253 -0.029161781072616577
v 0.3366187810897827 0.5083035230636597 -0.04509124159812927
v 0.33139002323150635 0.5086683034896851 -0.05031996965408325
v 0.33139002323150635 0.5069658756256104 -0.06102067232131958
v 0.3208109140396118 0.5027099847793579 -0.07682853937149048
v 0.3208109140396118 0.5000348091125488 -0.09275797009468079
v 0.3048814535140991 0.5045340061187744 -0.08217889070510864
v 0.3101102113723755 0.5018588304519653 -0.09275797009468079
v 0.3208109140396118 0.49967002868652344 -0.11926653981208801
v 0.33139002323150635 0.49772441387176514 -0.10868743062019348
v 0.34731948375701904 0.49577879905700684 -0.10224267840385437
v 0.3419691324234009 0.49358999729156494 -0.11926653981208801
v 0.3366187810897827 0.49042844772338867 -0.14577507972717285
v 0.34731948375701904 0.4827677011489868 -0.15112543106079102
v 0.3684777021408081 0.4614880084991455 -0.15635418891906738
v 0.3844071626663208 0.4442209005355835 -0.15112543106079102
v 0.37662482261657715 0.4533407688140869 -0.16170454025268555
v 0.37382805347442627 0.46100151538848877 -0.17763397097587585
v 0.384285569190979 0.4585695266723633 -0.19879218935966492
v 0.39498627185821533 0.4479905366897583 -0.19356343150138855
v 0.4003366231918335 0.4331554174423218 -0.17763397097587585
v 0.40763258934020996 0.43741142749786377 -0.20414254069328308
v 0.410915732383728 0.4347362518310547 -0.20937129855155945
v 0.410915732383728 0.43704652786254883 -0.2147216498851776
v 0.410915732383728 0.43789780139923096 -0.2200719714164734
v 0.4161444902420044 0.4280482530593872 -0.23065108060836792
v 0.41918444633483887 0.4214819669723511 -0.2358798384666443
v 0.42648041248321533 0.4055525064468384 -0.24658054113388062
v 0.4268451929092407 0.3998373746871948 -0.2623884081840515
v 0.43499231338500977 0.3897446393966675 -0.2783178389072418
v 0.43839704990386963 0.3843942880630493 -0.28366819024086
v 0.43742430210113525 0.37928712368011475 -0.29424726963043213
v 0.43742430210113525 0.3707752227783203 -0.2995976209640503
v 0.430614709854126 0.3738151788711548 -0.30482637882232666
v 0.42149484157562256 0.3150829076766968 -0.33668529987335205
v 0.42149484157562256 0.3048686385154724 -0.3397252559661865
v 0.42149484157562256 0.273009717464447 -0.3444676399230957
v 0.4292771816253662 0.24127238988876343 -0.3419140577316284
v 0.4303715229034424 0.2253429889678955 -0.3472644090652466
v 0.43742430210113525 0.21476387977600098 -0.3442244231700897
v 0.4320739507675171 0.20406317710876465 -0.3627074360847473
v 0.4426530599594116 0.17755460739135742 -0.3792448937892914
v 0.44484174251556396 0.16174674034118652 -0.38970237970352173
v 0.4480034112930298 0.15347802639007568 -0.3949311375617981
v 0.4320739507675171 0.1510460376739502 -0.4042942523956299
v 0.45335376262664795 0.14046698808670044 -0.29813843965530396
v 0.4426530599594116 0.1669754981994629 -0.2859785556793213
v 0.4453282356262207 0.17755460739135742 -0.28889694809913635
v 0.4426530599594116 0.20576554536819458 -0.2783178389072418
v 0.4426530599594116 0.2253429889678955 -0.2761290669441223
v 0.44508492946624756 0.23057174682617188 -0.28366819024086
v 0.4480034112930298 0.2510003447532654 -0.29424726963043213
v 0.45201611518859863 0.26778095960617065 -0.28889694809913635
v 0.4544481039047241 0.28358882665634155 -0.2783178389072418
v 0.45359694957733154 0.28358882665634155 -0.2677387595176697
v 0.4542049169540405 0.2942895293235779 -0.27308911085128784
v 0.4522593021392822 0.29951828718185425 -0.2623884081840515
v 0.44715213775634766 0.3260267972946167 -0.25715965032577515
v 0.44666576385498047 0.33137714862823486 -0.24658054113388062
v 0.4483681917190552 0.336727499961853 -0.24123018980026245
v 0.45140814781188965 0.34730660915374756 -0.23065108060836792
v 0.44897615909576416 0.3578857183456421 -0.2200719714164734
v 0.44763851165771484 0.3525353670120239 -0.2147216498851776
v 0.4427746534347534 0.3684648275375366 -0.20937129855155945
v 0.43754589557647705 0.3738151788711548 -0.20414254069328308
v 0.42149484157562256 0.3843942880630493 -0.19052347540855408
v 0.4161444902420044 0.3843942880630493 -0.18395712971687317
v 0.4092133045196533 0.3897446393966675 -0.1722836196422577
v 0.40617334842681885 0.3843942880630493 -0.1670548915863037
v 0.4003366231918335 0.3843942880630493 -0.1536790132522583
v 0.39498627185821533 0.3847590684890747 -0.14054632186889648
v 0.39462149143218994 0.3897446393966675 -0.12461689114570618
v 0.39498627185821533 0.39278459548950195 -0.10868743062019348
v 0.4025254249572754 0.400323748588562 -0.09810832142829895
v 0.397904634475708 0.39497339725494385 -0.0875292420387268
v 0.39498627185821533 0.3897446393966675 -0.07159978151321411
v 0.39498627185821533 0.3876774311065674 -0.06624943017959595
v 0.3844071626663208 0.37904393672943115 -0.05652153491973877
v 0.37905681133270264 0.37904393672943115 -0.06102067232131958
v 0.36555933952331543 0.3738151788711548 -0.06102067232131958
v 0.3525482416152954 0.36493849754333496 -0.04509124159812927
v 0.3525482416152954 0.3643304109573364 -0.03974089026451111
v 0.3419691324234009 0.3618985414505005 -0.03451213240623474
v 0.3366187810897827 0.3578857183456421 -0.03974089026451111
v 0.3366187810897827 0.36323606967926025 -0.030499368906021118
v 0.3366187810897827 0.3684648275375366 -0.023811429738998413
v 0.34731948375701904 0.36992406845092773 -0.018582671880722046
v 0.36312735080718994 0.37490952014923096 0.0026971101760864258
v 0.3684777021408081 0.3735719919204712 0.007925868034362793
v 0.36130332946777344 0.37904393672943115 0.013276219367980957
v 0.3694504499435425 0.3738151788711548 0.02385532855987549
v 0.37905681133270264 0.36566805839538574 0.03443443775177002
v 0.38963592052459717 0.35411620140075684 0.029205679893493652
v 0.39145994186401367 0.34730660915374756 0.050363898277282715
v 0.3817319869995117 0.3578857183456421 0.05571424961090088
v 0.37905681133270264 0.36165523529052734 0.05571424961090088
v 0.3684777021408081 0.37831437587738037 0.050363898277282715
v 0.3684777021408081 0.3897446393966675 0.06422615051269531
v 0.37176084518432617 0.3843942880630493 0.06629329919815063
v 0.3578985929489136 0.3988645076751709 0.05571424961090088
v 0.37382805347442627 0.3843942880630493 0.06957650184631348
v 0.38562309741973877 0.3684648275375366 0.0874515175819397
v 0.38574469089508057 0.3897446393966675 0.09280186891555786
v 0.38075923919677734 0.4055525064468384 0.09280186891555786
v 0.37577366828918457 0.4162532091140747 0.07687240839004517
v 0.3684777021408081 0.4450720548629761 0.071522057056427
v 0.3665320873260498 0.4692702293395996 0.07687240839004517
v 0.36045217514038086 0.4692702293395996 0.06629329919815063
v 0.3540074825286865 0.474498987197876 0.05571424961090088
v 0.352791428565979 0.47984933853149414 0.050363898277282715
v 0.34731948375701904 0.48155176639556885 0.039784789085388184
v 0.3419691324234009 0.49042844772338867 0.01899135112762451
v 0.33139002323150635 0.4870237112045288 0.013276219367980957
v 0.3260396718978882 0.4983323812484741 -0.008003562688827515
v 0.3260396718978882 0.5041691064834595 -0.023811429738998413
v 0.33139002323150635 0.5080603361129761 -0.03974089026451111
v 0.29953110218048096 0.5101275444030762 -0.06102067232131958
v 0.3026927709579468 0.5063579082489014 -0.07682853937149048
v 0.284088134765625 0.5115866661071777 -0.07682853937149048
v 0.28360164165496826 0.5095194578170776 -0.09810832142829895
v 0.2943023443222046 0.5057499408721924 -0.10333707928657532
v 0.2889519929885864 0.5095194578170776 -0.12461689114570618
v 0.3260396718978882 0.4980891942977905 -0.12461689114570618
v 0.33139002323150635 0.4939548969268799 -0.14054632186889648
v 0.3208109140396118 0.49942684173583984 -0.14054632186889648
v 0.33139002323150635 0.49346840381622314 -0.15112543106079102
v 0.3366187810897827 0.4903068542480469 -0.17763397097587585
v 0.3439147472381592 0.4850780963897705 -0.1722836196422577
v 0.3506026268005371 0.47984933853149414 -0.1722836196422577
v 0.36106014251708984 0.4692702293395996 -0.1670548915863037
v 0.37419283390045166 0.46391987800598145 -0.18821308016777039
v 0.3869607448577881 0.4585695266723633 -0.20937129855155945
v 0.38963592052459717 0.45674562454223633 -0.20937129855155945
v 0.4008229970932007 0.4479905366897583 -0.20937129855155945
v 0.40690290927886963 0.44276177883148193 -0.2147216498851776
v 0.40556538105010986 0.4448288679122925 -0.2200719714164734
v 0.410915732383728 0.4348578453063965 -0.2358798384666443
v 0.41808998584747314 0.4162532091140747 -0.251809298992157
v 0.410915732383728 0.4214819669723511 -0.260564386844635
v 0.4073892831802368 0.4214819669723511 -0.2677387595176697
v 0.42149484157562256 0.4056740999221802 -0.2623884081840515
v 0.42149484157562256 0.399715781211853 -0.2783178389072418
v 0.4320739507675171 0.3897446393966675 -0.28695136308670044
v 0.4320739507675171 0.3843942880630493 -0.2953416705131531
v 0.4161444902420044 0.37904393672943115 -0.3101767301559448
v 0.4268451929092407 0.3843942880630493 -0.2998408377170563
v 0.4268451929092407 0.3738151788711548 -0.30750155448913574
v 0.4161444902420044 0.3578857183456421 -0.3222150206565857
v 0.410915732383728 0.3100973963737488 -0.34604841470718384
v 0.4131045341491699 0.29951828718185425 -0.3472644090652466
v 0.41505002975463867 0.2570802569389343 -0.35261476039886475
v 0.42149484157562256 0.23409807682037354 -0.35261476039886475
v 0.4268451929092407 0.21573662757873535 -0.3578434884548187
v 0.42149484157562256 0.20771116018295288 -0.36842259764671326
v 0.4161444902420044 0.20406317710876465 -0.374016135931015
v 0.4320739507675171 0.18825531005859375 -0.3783937096595764
v 0.42149484157562256 0.1869177222251892 -0.38435202836990356
v 0.4320739507675171 0.16308432817459106 -0.3949311375617981
v 0.43742430210113525 0.15639638900756836 -0.39784952998161316
v 0.4161444902420044 0.16138195991516113 -0.40028148889541626
v 0.410915732383728 0.1510460376739502 -0.4064830541610718
v 0.42149484157562256 0.1458173394203186 -0.28038501739501953
v 0.4426530599594116 0.1458173394203186 -0.28889694809913635
v 0.43742430210113525 0.1669754981994629 -0.2806282043457031
v 0.43742430210113525 0.18825531005859375 -0.27539944648742676
v 0.43742430210113525 0.21476387977600098 -0.2677387595176697
v 0.43742430210113525 0.23434126377105713 -0.2623884081840515
v 0.4426530599594116 0.23677325248718262 -0.27308911085128784
v 0.4480034112930298 0.24917632341384888 -0.28889694809913635
v 0.45140814781188965 0.2624306082725525 -0.2783178389072418
v 0.44934093952178955 0.2570802569389343 -0.27308911085128784
v 0.45007050037384033 0.26778095960617065 -0.2623884081840515
v 0.45335376262664795 0.27933287620544434 -0.2677387595176697
v 0.45335376262664795 0.2889391779899597 -0.2653067708015442
v 0.45104336738586426 0.2889391779899597 -0.25715965032577515
v 0.44763851165771484 0.31544774770736694 -0.251809298992157
v 0.44459855556488037 0.3260267972946167 -0.2358798384666443
v 0.44909775257110596 0.336727499961853 -0.22530072927474976
v 0.4503136873245239 0.3419562578201294 -0.22530072927474976
v 0.44751691818237305 0.34730660915374756 -0.2147216498851776
v 0.4411938190460205 0.3578857183456421 -0.20414254069328308
v 0.4366946220397949 0.3578857183456421 -0.19879218935966492
v 0.42064356803894043 0.37904393672943115 -0.18821308016777039
v 0.416387677192688 0.3684648275375366 -0.18286272883415222
v 0.4117668867111206 0.3843942880630493 -0.17763397097587585
v 0.40824055671691895 0.37904393672943115 -0.1722836196422577
v 0.4003366231918335 0.37904393672943115 -0.15805655717849731
v 0.38963592052459717 0.37965190410614014 -0.14054632186889648
v 0.3684777021408081 0.3693159818649292 -0.13519597053527832
v 0.37905681133270264 0.3729640245437622 -0.14054632186889648
v 0.38963592052459717 0.3843942880630493 -0.12729206681251526
v 0.37382805347442627 0.37831437587738037 -0.09810832142829895
v 0.37382805347442627 0.37831437587738037 -0.07682853937149048
v 0.3525482416152954 0.3684648275375366 -0.07159978151321411
v 0.3524266481399536 0.3684648275375366 -0.06102067232131958
v 0.3419691324234009 0.3621417284011841 -0.06102067232131958
v 0.3389291763305664 0.3578857183456421 -0.04509124159812927
v 0.31546056270599365 0.34949541091918945 -0.03974089026451111
v 0.33139002323150635 0.3735719919204712 -0.018582671880722046
v 0.3366187810897827 0.37904393672943115 -0.011286735534667969
v 0.34695470333099365 0.37904393672943115 -0.0026532113552093506
v 0.35862815380096436 0.37904393672943115 0.007925868034362793
v 0.3578985929489136 0.38354313373565674 0.018504977226257324
v 0.3713960647583008 0.3738151788711548 0.039784789085388184
v 0.36166810989379883 0.3843942880630493 0.04501354694366455
v 0.3578985929489136 0.39229822158813477 0.050363898277282715
v 0.3531562089920044 0.400323748588562 0.04501354694366455
v 0.3578985929489136 0.4055525064468384 0.057659804821014404
v 0.36045217514038086 0.4055525064468384 0.060943007469177246
v 0.37249040603637695 0.4055525064468384 0.071522057056427
v 0.3684777021408081 0.42683231830596924 0.066536545753479
v 0.36750495433807373 0.4320610761642456 0.06629329919815063
v 0.3578985929489136 0.4479905366897583 0.06045657396316528
v 0.3565610647201538 0.46391987800598145 0.060943007469177246
v 0.34731948375701904 0.46391987800598145 0.052552640438079834
v 0.34731948375701904 0.4692702293395996 0.050363898277282715
v 0.3366187810897827 0.46391987800598145 0.04586470127105713
v 0.31546056270599365 0.4585695266723633 0.03905516862869263
v 0.3366187810897827 0.47984933853149414 0.029935240745544434
v 0.31546056270599365 0.4691486358642578 0.029205679893493652
v 0.29953110218048096 0.4850780963897705 0.00938504934310913
v 0.3048814535140991 0.474498987197876 0.02008575201034546
v 0.3208109140396118 0.49042844772338867 0.002332329750061035
v 0.3101102113723755 0.49541401863098145 -0.008003562688827515
v 0.3101102113723755 0.5036827325820923 -0.029161781072616577
v 0.3048814535140991 0.49991321563720703 -0.018582671880722046
v 0.2730226516723633 0.49991321563720703 -0.0026532113552093506
v 0.2848176956176758 0.5010075569152832 -0.013232320547103882
v 0.2730226516723633 0.506601095199585 -0.023811429738998413
v 0.28603363037109375 0.5063579082489014 -0.03451213240623474
v 0.2889519929885864 0.5063579082489014 -0.036092907190322876
v 0.2943023443222046 0.5095194578170776 -0.05031996965408325
v 0.2844529151916504 0.5115866661071777 -0.06624943017959595
v 0.27885937690734863 0.5115866661071777 -0.09275797009468079
v 0.2889519929885864 0.5078171491622925 -0.11403778195381165
v 0.27837300300598145 0.5115866661071777 -0.11829373240470886
v 0.27885937690734863 0.5115866661071777 -0.11926653981208801
v 0.2730226516723633 0.5434455871582031 -0.16851407289505005
v 0.2730226516723633 0.5284888744354248 -0.16170454025268555
v 0.27837300300598145 0.538095235824585 -0.16778448224067688
v 0.27837300300598145 0.5275161266326904 -0.1625557243824005
v 0.28360164165496826 0.5290969610214233 -0.1670548915863037
v 0.2870064973831177 0.5328664779663086 -0.1722836196422577
v 0.29053282737731934 0.5222873687744141 -0.1722836196422577
v 0.2913839817047119 0.5275161266326904 -0.17763397097587585
v 0.2889519929885864 0.5222873687744141 -0.16912207007408142
v 0.28858721256256104 0.538095235824585 -0.17763397097587585
v 0.29004645347595215 0.5169370174407959 -0.16170454025268555
v 0.28360164165496826 0.5220441818237305 -0.16170454025268555
v 0.27703535556793213 0.5222873687744141 -0.15635418891906738
v 0.2677938938140869 0.5241113901138306 -0.15635418891906738
v 0.2677938938140869 0.5275161266326904 -0.16121813654899597
v 0.2677938938140869 0.5328664779663086 -0.16462290287017822
v 0.2677938938140869 0.5434455871582031 -0.16839247941970825
v 0.26244354248046875 0.5593750476837158 -0.1765395998954773
v 0.26244354248046875 0.5509847402572632 -0.1722836196422577
v 0.2677938938140869 0.5522006750106812 -0.1722836196422577
v 0.2708338499069214 0.5646038055419922 -0.18286272883415222
v 0.2677938938140869 0.5646038055419922 -0.1812819540500641
v 0.2730226516723633 0.5579158067703247 -0.17763397097587585
v 0.2777649164199829 0.5540246963500977 -0.17763397097587585
v 0.28360164165496826 0.5487959384918213 -0.1789715588092804
v 0.2889519929885864 0.5427160263061523 -0.18286272883415222
v 0.2932080030441284 0.5222873687744141 -0.18286272883415222
v 0.29187047481536865 0.5328664779663086 -0.18821308016777039
v 0.292843222618103 0.5222873687744141 -0.18821308016777039
v 0.2943023443222046 0.5188826322555542 -0.18286272883415222
v 0.29199206829071045 0.5169370174407959 -0.1670548915863037
v 0.2943023443222046 0.5145050287246704 -0.16170454025268555
v 0.28360164165496826 0.5177881717681885 -0.15112543106079102
v 0.2730226516723633 0.519004225730896 -0.14054632186889648
v 0.2730226516723633 0.5162074565887451 -0.12984561920166016
v 0.27837300300598145 0.5166938304901123 -0.13519597053527832
v 0.30561113357543945 0.5063579082489014 -0.14054632186889648
v 0.3163118362426758 0.5010075569152832 -0.13519597053527832
v 0.31546056270599365 0.5018588304519653 -0.14054632186889648
v 0.3260396718978882 0.5003995895385742 -0.17763397097587585
v 0.321297287940979 0.5063579082489014 -0.19356343150138855
v 0.3208109140396118 0.5063579082489014 -0.18043076992034912
v 0.32847166061401367 0.49577879905700684 -0.19879218935966492
v 0.33139002323150635 0.49444127082824707 -0.18821308016777039
v 0.3345515727996826 0.49042844772338867 -0.19879218935966492
v 0.34731948375701904 0.48361897468566895 -0.18286272883415222
v 0.3578985929489136 0.4765661954879761 -0.18821308016777039
v 0.36020898818969727 0.474498987197876 -0.2147216498851776
v 0.37382805347442627 0.46391987800598145 -0.23040789365768433
v 0.37905681133270264 0.46355509757995605 -0.2200719714164734
v 0.4003366231918335 0.4481121301651001 -0.23065108060836792
v 0.40690290927886963 0.43741142749786377 -0.24123018980026245
v 0.402768611907959 0.42683231830596924 -0.2677387595176697
v 0.4003366231918335 0.432425856590271 -0.2623884081840515
v 0.38963592052459717 0.43741142749786377 -0.26652276515960693
v 0.39498627185821533 0.42671072483062744 -0.2783178389072418
v 0.4003366231918335 0.42208993434906006 -0.2783178389072418
v 0.42149484157562256 0.3977701663970947 -0.28366819024086
v 0.4161444902420044 0.39497339725494385 -0.2948552966117859
v 0.40556538105010986 0.39497339725494385 -0.30239441990852356
v 0.3844071626663208 0.3897446393966675 -0.31868866086006165
v 0.38963592052459717 0.3802598714828491 -0.32075583934783936
v 0.40556538105010986 0.3710184097290039 -0.32075583934783936
v 0.410915732383728 0.36323606967926025 -0.32270142436027527
v 0.40556538105010986 0.3147181272506714 -0.3472644090652466
v 0.40410614013671875 0.29951828718185425 -0.35261476039886475
v 0.410915732383728 0.2570802569389343 -0.3555331230163574
v 0.4030117988586426 0.24127238988876343 -0.3631938397884369
v 0.40556538105010986 0.23592203855514526 -0.36380183696746826
v 0.4003366231918335 0.21999263763427734 -0.3743809461593628
v 0.4003366231918335 0.20406317710876465 -0.3810688853263855
v 0.39498627185821533 0.18290495872497559 -0.39347195625305176
v 0.38963592052459717 0.19883441925048828 -0.3860544264316559
v 0.38963592052459717 0.17755460739135742 -0.39566075801849365
v 0.38963592052459717 0.1458173394203186 -0.40526705980300903
v 0.37905681133270264 0.1459389328956604 -0.40028148889541626
v 0.37382805347442627 0.1458173394203186 -0.396876722574234
v 0.36482977867126465 0.14046698808670044 -0.38970237970352173
v 0.40556538105010986 0.1458173394203186 -0.28245219588279724
v 0.410915732383728 0.1510460376739502 -0.27770984172821045
v 0.410915732383728 0.17755460739135742 -0.2633611857891083
v 0.4268451929092407 0.16174674034118652 -0.27564266324043274
v 0.42149484157562256 0.19348406791687012 -0.26202359795570374
v 0.4320739507675171 0.20406317710876465 -0.265428364276886
v 0.4320739507675171 0.23592203855514526 -0.256186842918396
v 0.4416801929473877 0.2465011477470398 -0.2623884081840515
v 0.4426530599594116 0.2624306082725525 -0.2514444887638092
v 0.44678735733032227 0.273009717464447 -0.251809298992157
v 0.44861137866973877 0.28358882665634155 -0.251809298992157
v 0.4443553686141968 0.3207980990409851 -0.24123018980026245
v 0.4439905881881714 0.3260267972946167 -0.22530072927474976
v 0.4426530599594116 0.3260267972946167 -0.21934238076210022
v 0.4480034112930298 0.337213933467865 -0.2200719714164734
v 0.4426530599594116 0.3369707465171814 -0.20937129855155945
v 0.4408290386199951 0.34730660915374756 -0.20414254069328308
v 0.43097949028015137 0.3525353670120239 -0.19356343150138855
v 0.4161444902420044 0.3553321361541748 -0.18286272883415222
v 0.40556538105010986 0.36323606967926025 -0.17301324009895325
v 0.38963592052459717 0.3738151788711548 -0.1489366590976715
v 0.37382805347442627 0.3698023557662964 -0.14054632186889648
v 0.365802526473999 0.36323606967926025 -0.14054632186889648
v 0.36154651641845703 0.36323606967926025 -0.13519597053527832
v 0.3684777021408081 0.3710184097290039 -0.12984561920166016
v 0.367018461227417 0.3738151788711548 -0.09275797009468079
v 0.3594794273376465 0.3684648275375366 -0.09275797009468079
v 0.3439147472381592 0.36323606967926025 -0.07159978151321411
v 0.330417275428772 0.3525353670120239 -0.07159978151321411
v 0.3101102113723755 0.3391594886779785 -0.06102067232131958
v 0.3101102113723755 0.34061872959136963 -0.05031996965408325
v 0.3086510896682739 0.3419562578201294 -0.04509124159812927
v 0.2974640130996704 0.3419562578201294 -0.03451213240623474
v 0.3048814535140991 0.3567913770675659 -0.023811429738998413
v 0.3208109140396118 0.37503111362457275 -0.013232320547103882
v 0.3260396718978882 0.37709832191467285 -0.013232320547103882
v 0.33139002323150635 0.38184070587158203 -0.008003562688827515
v 0.3372267484664917 0.3843942880630493 -0.0026532113552093506
v 0.34731948375701904 0.39497339725494385 0.02045053243637085
v 0.3541290760040283 0.3897446393966675 0.02385532855987549
v 0.3525482416152954 0.39497339725494385 0.03175926208496094
v 0.35157549381256104 0.41090285778045654 0.04501354694366455
v 0.3525482416152954 0.42160356044769287 0.050363898277282715
v 0.3525482416152954 0.42683231830596924 0.051701486110687256
v 0.3525482416152954 0.4533407688140869 0.05741661787033081
v 0.3419691324234009 0.4600287675857544 0.050363898277282715
v 0.3048814535140991 0.44276177883148193 0.044283926486968994
v 0.3208109140396118 0.4479905366897583 0.046959102153778076
v 0.298315167427063 0.4479905366897583 0.039784789085388184
v 0.29953110218048096 0.46391987800598145 0.027381718158721924
v 0.2943023443222046 0.47693097591400146 0.018504977226257324
v 0.3048814535140991 0.49553561210632324 -0.008003562688827515
v 0.2705906629562378 0.49577879905700684 0.007925868034362793
v 0.2570931911468506 0.5010075569152832 0.0035483241081237793
v 0.2412853240966797 0.500521183013916 0.013276219367980957
v 0.2677938938140869 0.5031963586807251 -0.008003562688827515
v 0.26244354248046875 0.5089114904403687 -0.023811429738998413
v 0.24651408195495605 0.5138970613479614 -0.03451213240623474
v 0.27837300300598145 0.5107355117797852 -0.05031996965408325
v 0.2658482789993286 0.5169370174407959 -0.06624943017959595
v 0.26244354248046875 0.519004225730896 -0.07159978151321411
v 0.26244354248046875 0.5194905996322632 -0.07682853937149048
v 0.26244354248046875 0.5152345895767212 -0.10333707928657532
v 0.2570931911468506 0.5166938304901123 -0.10868743062019348
v 0.2570931911468506 0.5176665782928467 -0.12461689114570618
v 0.26244354248046875 0.5233818292617798 -0.15635418891906738
v 0.26244354248046875 0.5275161266326904 -0.16389331221580505
v 0.26244354248046875 0.5318937301635742 -0.1670548915863037
v 0.26244354248046875 0.538095235824585 -0.16875725984573364
v 0.2570931911468506 0.5487959384918213 -0.1741076111793518
v 0.2570931911468506 0.5593750476837158 -0.17787718772888184
v 0.26244354248046875 0.5646038055419922 -0.18018755316734314
v 0.26244354248046875 0.572872519493103 -0.18821308016777039
v 0.2677938938140869 0.573480486869812 -0.19356343150138855
v 0.2730226516723633 0.5694677829742432 -0.19356343150138855
v 0.2777649164199829 0.5593750476837158 -0.18286272883415222
v 0.28360164165496826 0.5540246963500977 -0.18590271472930908
v 0.28956007957458496 0.5434455871582031 -0.18821308016777039
v 0.2889519929885864 0.5440535545349121 -0.19356343150138855
v 0.2915055751800537 0.5222873687744141 -0.19356343150138855
v 0.2943023443222046 0.5169370174407959 -0.19125306606292725
v 0.29953110218048096 0.5132890939712524 -0.18821308016777039
v 0.3048814535140991 0.5115866661071777 -0.16912207007408142
v 0.3101102113723755 0.5100059509277344 -0.1670548915863037
v 0.31546056270599365 0.5085467100143433 -0.1722836196422577
v 0.31546056270599365 0.510857105255127 -0.20414254069328308
v 0.31898701190948486 0.5063579082489014 -0.20937129855155945
v 0.32178378105163574 0.49577879905700684 -0.2200719714164734
v 0.33211958408355713 0.49042844772338867 -0.20937129855155945
v 0.34731948375701904 0.47984933853149414 -0.22396314144134521
v 0.3260396718978882 0.4878748655319214 -0.23065108060836792
v 0.34658992290496826 0.47984933853149414 -0.22530072927474976
v 0.3525482416152954 0.474498987197876 -0.23040789365768433
v 0.37905681133270264 0.4589344263076782 -0.2358798384666443
v 0.39437830448150635 0.4479905366897583 -0.24123018980026245
v 0.4003366231918335 0.44276177883148193 -0.24317577481269836
v 0.38963592052459717 0.44276177883148193 -0.2560652494430542
v 0.3844071626663208 0.43631696701049805 -0.27308911085128784
v 0.3578985929489136 0.44276177883148193 -0.2784394323825836
v 0.37905681133270264 0.4320610761642456 -0.2829385995864868
v 0.3844071626663208 0.4214819669723511 -0.2924233078956604
v 0.39693188667297363 0.4162532091140747 -0.28889694809913635
v 0.3803943395614624 0.41090285778045654 -0.30482637882232666
v 0.37382805347442627 0.39497339725494385 -0.3246470093727112
v 0.37905681133270264 0.3738151788711548 -0.3290245532989502
v 0.3844071626663208 0.3738151788711548 -0.3267141878604889
v 0.3964453935623169 0.3578857183456421 -0.3313349485397339
v 0.39498627185821533 0.31119173765182495 -0.35261476039886475
v 0.39498627185821533 0.29951828718185425 -0.3563843071460724
v 0.38963592052459717 0.2465011477470398 -0.36672019958496094
v 0.39498627185821533 0.23592203855514526 -0.36866581439971924
v 0.38963592052459717 0.21999263763427734 -0.37742090225219727
v 0.37382805347442627 0.21999263763427734 -0.37815049290657043
v 0.37905681133270264 0.19883441925048828 -0.3856896162033081
v 0.37905681133270264 0.17232584953308105 -0.3948095440864563
v 0.36312735080718994 0.18290495872497559 -0.38410884141921997
v 0.3578985929489136 0.16174674034118652 -0.38252806663513184
v 0.3525482416152954 0.1510460376739502 -0.37571853399276733
v 0.34731948375701904 0.1510460376739502 -0.3673282265663147
v 0.38963592052459717 0.14095336198806763 -0.29424726963043213
v 0.4003366231918335 0.16174674034118652 -0.27357548475265503
v 0.4003366231918335 0.18290495872497559 -0.25983482599258423
v 0.4003366231918335 0.19883441925048828 -0.25278207659721375
v 0.410915732383728 0.18825531005859375 -0.25910520553588867
v 0.42465639114379883 0.23592203855514526 -0.251809298992157
v 0.43645143508911133 0.25185149908065796 -0.251809298992157
v 0.43742430210113525 0.2783600687980652 -0.23843342065811157
v 0.4420449733734131 0.28358882665634155 -0.24123018980026245
v 0.4398561716079712 0.31544774770736694 -0.23065108060836792
v 0.4407074451446533 0.3260267972946167 -0.2147216498851776
v 0.43742430210113525 0.33137714862823486 -0.20572331547737122
v 0.4320739507675171 0.3260267972946167 -0.20426413416862488
v 0.43292510509490967 0.336727499961853 -0.19879218935966492
v 0.4268451929092407 0.34730660915374756 -0.19100984930992126
v 0.40556538105010986 0.3525353670120239 -0.17568841576576233
v 0.38963592052459717 0.35411620140075684 -0.16170454025268555
v 0.3844071626663208 0.36323606967926025 -0.15307101607322693
v 0.3729768991470337 0.36323606967926025 -0.14577507972717285
v 0.3692072629928589 0.3578857183456421 -0.14577507972717285
v 0.36312735080718994 0.3593449592590332 -0.14054632186889648
v 0.3578985929489136 0.3583720922470093 -0.13519597053527832
v 0.3548586368560791 0.3578857183456421 -0.12984561920166016
v 0.3525482416152954 0.3582504987716675 -0.11926653981208801
v 0.3384428024291992 0.34730660915374756 -0.10333707928657532
v 0.33139002323150635 0.35168421268463135 -0.07682853937149048
v 0.3093806505203247 0.336727499961853 -0.07159978151321411
v 0.3048814535140991 0.33380913734436035 -0.06624943017959595
v 0.2974640130996704 0.3207980990409851 -0.07159978151321411
v 0.3003823757171631 0.3260267972946167 -0.07159978151321411
v 0.294059157371521 0.3207980990409851 -0.06102067232131958
v 0.2943023443222046 0.3287019729614258 -0.04509124159812927
v 0.2890735864639282 0.3260267972946167 -0.03974089026451111
v 0.2889519929885864 0.3374571204185486 -0.029161781072616577
v 0.292843222618103 0.36323606967926025 -0.0026532113552093506
v 0.3002607822418213 0.3738151788711548 0.0026971101760864258
v 0.3101102113723755 0.3841511011123657 0.007925868034362793
v 0.33139002323150635 0.39497339725494385 0.013397812843322754
v 0.3366187810897827 0.39424383640289307 0.013276219367980957
v 0.3435499668121338 0.4055525064468384 0.029205679893493652
v 0.34731948375701904 0.4077413082122803 0.03443443775177002
v 0.34731948375701904 0.42683231830596924 0.04793190956115723
v 0.34731948375701904 0.44276177883148193 0.053890228271484375
v 0.3260396718978882 0.43741142749786377 0.047567129135131836
v 0.3048814535140991 0.43741142749786377 0.04501354694366455
v 0.29953110218048096 0.4320610761642456 0.0440407395362854
v 0.27837300300598145 0.4320610761642456 0.04318952560424805
v 0.2889519929885864 0.4440993070602417 0.039784789085388184
v 0.28360164165496826 0.4479905366897583 0.03662317991256714
v 0.2943023443222046 0.46391987800598145 0.026773691177368164
v 0.2889519929885864 0.4710942506790161 0.02385532855987549
v 0.2730226516723633 0.4850780963897705 0.02385532855987549
v 0.26244354248046875 0.48617255687713623 0.029205679893493652
v 0.24177169799804688 0.49577879905700684 0.02385532855987549
v 0.2251126766204834 0.5115866661071777 -0.0026532113552093506
v 0.2570931911468506 0.5168154239654541 -0.055670320987701416
v 0.24323081970214844 0.5222873687744141 -0.06102067232131958
v 0.24651408195495605 0.5242329835891724 -0.07159978151321411
v 0.2518644332885742 0.5236250162124634 -0.08217889070510864
v 0.2518644332885742 0.5230169296264648 -0.0875292420387268
v 0.2518644332885742 0.5191258192062378 -0.10868743062019348
v 0.2518644332885742 0.5197337865829468 -0.12984561920166016
v 0.2518644332885742 0.5220441818237305 -0.16170454025268555
v 0.2518644332885742 0.522895336151123 -0.1722836196422577
v 0.256850004196167 0.5275161266326904 -0.1722836196422577
v 0.2550259828567505 0.5328664779663086 -0.17763397097587585
v 0.2506483793258667 0.5328664779663086 -0.19356343150138855
v 0.24943244457244873 0.538095235824585 -0.18821308016777039
v 0.2528371810913086 0.5328664779663086 -0.18286272883415222
v 0.2518644332885742 0.5434455871582031 -0.18006595969200134
v 0.2518644332885742 0.5540246963500977 -0.17982277274131775
v 0.2518644332885742 0.564117431640625 -0.18286272883415222
v 0.2570931911468506 0.5675221681594849 -0.18286272883415222
v 0.24651408195495605 0.5753045082092285 -0.1904018521308899
v 0.2518644332885742 0.5785876512527466 -0.19356343150138855
v 0.26244354248046875 0.5762772560119629 -0.19356343150138855
v 0.2671858072280884 0.5753045082092285 -0.19879218935966492
v 0.2780081033706665 0.5646038055419922 -0.19879218935966492
v 0.28737127780914307 0.5487959384918213 -0.19356343150138855
v 0.28615522384643555 0.5487959384918213 -0.19879218935966492
v 0.28810083866119385 0.538095235824585 -0.19879218935966492
v 0.2889519929885864 0.5222873687744141 -0.19879218935966492
v 0.28360164165496826 0.5275161266326904 -0.2034129500389099
v 0.2821425199508667 0.5222873687744141 -0.20414254069328308
v 0.2889519929885864 0.5169370174407959 -0.20426413416862488
v 0.2943023443222046 0.5151129961013794 -0.20414254069328308
v 0.3101102113723755 0.512924313545227 -0.20414254069328308
v 0.3048814535140991 0.5136538743972778 -0.20937129855155945
v 0.3121774196624756 0.5115866661071777 -0.20937129855155945
v 0.31546056270599365 0.5075739622116089 -0.2147216498851776
v 0.3109614849090576 0.49577879905700684 -0.2358798384666443
v 0.3101102113723755 0.5046555995941162 -0.22530072927474976
v 0.31874382495880127 0.49577879905700684 -0.22530072927474976
v 0.33139002323150635 0.47984933853149414 -0.2424461841583252
v 0.34731948375701904 0.4692702293395996 -0.2443917691707611
v 0.37382805347442627 0.4552863836288452 -0.24658054113388062
v 0.34731948375701904 0.45431363582611084 -0.2677387595176697
v 0.33759164810180664 0.4479905366897583 -0.28366819024086
v 0.3578985929489136 0.42683231830596924 -0.30081361532211304
v 0.3684777021408081 0.4055525064468384 -0.3196614384651184
v 0.3684777021408081 0.400323748588562 -0.3241606056690216
v 0.36312735080718994 0.4055525064468384 -0.3218502402305603
v 0.36312735080718994 0.3993508815765381 -0.3261061906814575
v 0.3684777021408081 0.3843942880630493 -0.33048373460769653
v 0.37382805347442627 0.3695591688156128 -0.3313349485397339
v 0.37905681133270264 0.36323606967926025 -0.33206453919410706
v 0.38963592052459717 0.336727499961853 -0.34154924750328064
v 0.37905681133270264 0.31386691331863403 -0.35261476039886475
v 0.38963592052459717 0.3048686385154724 -0.3560194969177246
v 0.3844071626663208 0.2889391779899597 -0.3608834743499756
v 0.3578985929489136 0.2734960913658142 -0.3631938397884369
v 0.37382805347442627 0.2889391779899597 -0.3611266613006592
v 0.3684777021408081 0.24127238988876343 -0.3698817789554596
v 0.36312735080718994 0.23592203855514526 -0.37073296308517456
v 0.3684777021408081 0.21379107236862183 -0.3791233003139496
v 0.3592362403869629 0.19883441925048828 -0.3791233003139496
v 0.35145390033721924 0.20406317710876465 -0.3737729489803314
v 0.3419691324234009 0.2094135284423828 -0.36611223220825195
v 0.34561705589294434 0.17232584953308105 -0.36842259764671326
v 0.33357882499694824 0.18290495872497559 -0.35261476039886475
v 0.3413611650466919 0.1458173394203186 -0.35261476039886475
v 0.3367403745651245 0.1458173394203186 -0.3261061906814575
v 0.3372267484664917 0.1510460376739502 -0.3154054880142212
v 0.3554666042327881 0.14046698808670044 -0.30482637882232666
v 0.36312735080718994 0.1458173394203186 -0.29765206575393677
v 0.3525482416152954 0.15639638900756836 -0.29582807421684265
v 0.3684777021408081 0.15712600946426392 -0.28889694809913635
v 0.37905681133270264 0.1669754981994629 -0.2792906165122986
v 0.39498627185821533 0.18290495872497559 -0.260807603597641
v 0.36312735080718994 0.19348406791687012 -0.2690763473510742
v 0.379421591758728 0.19883441925048828 -0.25715965032577515
v 0.39498627185821533 0.19883441925048828 -0.25253885984420776
v 0.39498627185821533 0.23057174682617188 -0.24159497022628784
v 0.4268451929092407 0.24127238988876343 -0.25095808506011963
v 0.4320739507675171 0.2783600687980652 -0.23454225063323975
v 0.43328988552093506 0.3048686385154724 -0.22530072927474976
v 0.4320739507675171 0.3120429515838623 -0.2200719714164734
v 0.4118884801864624 0.3207980990409851 -0.19356343150138855
v 0.40556538105010986 0.33137714862823486 -0.1811603605747223
v 0.40386295318603516 0.336727499961853 -0.17763397097587585
v 0.37905681133270264 0.34730660915374756 -0.15525978803634644
v 0.37504398822784424 0.3525353670120239 -0.15112543106079102
v 0.3578985929489136 0.3525353670120239 -0.13835754990577698
v 0.3525482416152954 0.3525353670120239 -0.13191282749176025
v 0.34731948375701904 0.34986019134521484 -0.12461689114570618
v 0.34731948375701904 0.34730660915374756 -0.12729206681251526
v 0.3366187810897827 0.340983510017395 -0.11403778195381165
v 0.33357882499694824 0.336727499961853 -0.11403778195381165
v 0.3068270683288574 0.33137714862823486 -0.07682853937149048
v 0.30293595790863037 0.3260267972946167 -0.07682853937149048
v 0.30111193656921387 0.31544774770736694 -0.08217889070510864
v 0.2953968048095703 0.31544774770736694 -0.07159978151321411
v 0.2889519929885864 0.30608463287353516 -0.06102067232131958
v 0.28615522384643555 0.3100973963737488 -0.04509124159812927
v 0.28348004817962646 0.3207980990409851 -0.03451213240623474
v 0.27837300300598145 0.3283371925354004 -0.018582671880722046
v 0.27350902557373047 0.3419562578201294 0.0026971101760864258
v 0.28360164165496826 0.35375142097473145 -0.0026532113552093506
v 0.2870064973831177 0.36323606967926025 0.0026971101760864258
v 0.2943023443222046 0.38123273849487305 0.013276219367980957
v 0.3101102113723755 0.3897446393966675 0.01412743330001831
v 0.3260396718978882 0.4034852981567383 0.02385532855987549
v 0.3366187810897827 0.40847086906433105 0.029205679893493652
v 0.3419691324234009 0.4214819669723511 0.042095184326171875
v 0.33139002323150635 0.4297506809234619 0.04501354694366455
v 0.29953110218048096 0.42683231830596924 0.04270315170288086
v 0.26244354248046875 0.4320610761642456 0.04318952560424805
v 0.26244354248046875 0.44276177883148193 0.04039275646209717
v 0.2730226516723633 0.4479905366897583 0.036988019943237305
v 0.27837300300598145 0.4529759883880615 0.03443443775177002
v 0.28360164165496826 0.4585695266723633 0.030908048152923584
v 0.28360164165496826 0.474498987197876 0.024706542491912842
v 0.2677938938140869 0.4776606559753418 0.03443443775177002
v 0.2570931911468506 0.4850780963897705 0.03394800424575806
v 0.24894607067108154 0.4850780963897705 0.039784789085388184
v 0.24651408195495605 0.5230169296264648 -0.18286272883415222
v 0.2518644332885742 0.5275161266326904 -0.18578112125396729
v 0.2501620054244995 0.5275161266326904 -0.19356343150138855
v 0.2518644332885742 0.5275161266326904 -0.19550901651382446
v 0.2518644332885742 0.5245977640151978 -0.19879218935966492
v 0.2570931911468506 0.5327448844909668 -0.20414254069328308
v 0.2518644332885742 0.5328664779663086 -0.19854900240898132
v 0.24651408195495605 0.5593750476837158 -0.1851731240749359
v 0.24651408195495605 0.5699541568756104 -0.18736189603805542
v 0.24651408195495605 0.5835732221603394 -0.20414254069328308
v 0.2570931911468506 0.5805332660675049 -0.2015889585018158
v 0.2670642137527466 0.5753045082092285 -0.20414254069328308
v 0.27667057514190674 0.5646038055419922 -0.20414254069328308
v 0.2814129590988159 0.5593750476837158 -0.19879218935966492
v 0.284088134765625 0.5434455871582031 -0.20414254069328308
v 0.284088134765625 0.538095235824585 -0.20414254069328308
v 0.27837300300598145 0.5275161266326904 -0.20548012852668762
v 0.2730226516723633 0.5275161266326904 -0.2062097191810608
v 0.2684018611907959 0.5222873687744141 -0.20414254069328308
v 0.2677938938140869 0.5275161266326904 -0.20523691177368164
v 0.26244354248046875 0.5328664779663086 -0.20718249678611755
v 0.2518644332885742 0.5391895771026611 -0.20937129855155945
v 0.24651408195495605 0.5395544767379761 -0.20414254069328308
v 0.2570931911468506 0.5800468921661377 -0.20937129855155945
v 0.27010416984558105 0.5699541568756104 -0.20937129855155945
v 0.2730226516723633 0.5655765533447266 -0.20937129855155945
v 0.2818993330001831 0.5540246963500977 -0.20414254069328308
v 0.27861618995666504 0.5487959384918213 -0.20937129855155945
v 0.2730226516723633 0.538095235824585 -0.2105872631072998
v 0.2677938938140869 0.5434455871582031 -0.21447843313217163
v 0.26244354248046875 0.538095235824585 -0.21192485094070435
v 0.2518644332885742 0.5432024002075195 -0.2147216498851776
v 0.24444687366485596 0.5805332660675049 -0.2200719714164734
v 0.2570931911468506 0.5753045082092285 -0.2173968255519867
v 0.2657266855239868 0.5699541568756104 -0.2147216498851776
v 0.2708338499069214 0.5593750476837158 -0.2147216498851776
v 0.2677938938140869 0.5487959384918213 -0.21618083119392395
v 0.2570931911468506 0.5487959384918213 -0.21934238076210022
v 0.24651408195495605 0.5540246963500977 -0.22359836101531982
v 0.2412853240966797 0.5492823123931885 -0.2200719714164734
v 0.24651408195495605 0.5753045082092285 -0.22396314144134521
v 0.2570931911468506 0.5699541568756104 -0.22104477882385254
v 0.26244354248046875 0.5646038055419922 -0.2195855975151062
v 0.26244354248046875 0.5540246963500977 -0.2195855975151062
v 0.248337984085083 0.5593750476837158 -0.22530072927474976
v 0.24651408195495605 0.5646038055419922 -0.2267599105834961
v 0.24651408195495605 0.5255705118179321 -0.19356343150138855
v 0.2518644332885742 0.5222873687744141 -0.20073777437210083
v 0.26244354248046875 0.5169370174407959 -0.2063313126564026
v 0.27837300300598145 0.5159642696380615 -0.20937129855155945
v 0.28360164165496826 0.5169370174407959 -0.20766890048980713
v 0.2889519929885864 0.5151129961013794 -0.20937129855155945
v 0.3101102113723755 0.5109786987304688 -0.2147216498851776
v 0.3048814535140991 0.5063579082489014 -0.22712472081184387
v 0.3048814535140991 0.49979162216186523 -0.2358798384666443
v 0.3048814535140991 0.49371159076690674 -0.24658054113388062
v 0.31764936447143555 0.4850780963897705 -0.24658054113388062
v 0.3301740884780884 0.474498987197876 -0.251809298992157
v 0.347927451133728 0.46391987800598145 -0.251809298992157
v 0.33139002323150635 0.4585695266723633 -0.2743050754070282
v 0.325553297996521 0.4533407688140869 -0.28366819024086
v 0.33139002323150635 0.44276177883148193 -0.2923017144203186
v 0.34731948375701904 0.4214819669723511 -0.3123655319213867
v 0.34731948375701904 0.4119971990585327 -0.32075583934783936
v 0.3525482416152954 0.400323748588562 -0.32549819350242615
v 0.36312735080718994 0.3897446393966675 -0.32951095700263977
v 0.36312735080718994 0.3525353670120239 -0.33486130833625793
v 0.3684777021408081 0.33307957649230957 -0.3419140577316284
v 0.37382805347442627 0.3048686385154724 -0.3561410903930664
v 0.3578985929489136 0.2889391779899597 -0.35942429304122925
v 0.34731948375701904 0.273009717464447 -0.3605186641216278
v 0.3525482416152954 0.23592203855514526 -0.3678146004676819
v 0.3419691324234009 0.23057174682617188 -0.3633154630661011
v 0.32932281494140625 0.25185149908065796 -0.35261476039886475
v 0.3260396718978882 0.2253429889678955 -0.35042595863342285
v 0.3366187810897827 0.19883441925048828 -0.3607618808746338
v 0.330417275428772 0.19883441925048828 -0.35261476039886475
v 0.3260396718978882 0.19348406791687012 -0.3428868353366852
v 0.33139002323150635 0.17755460739135742 -0.34592682123184204
v 0.3366187810897827 0.1510460376739502 -0.34325164556503296
v 0.33503806591033936 0.1510460376739502 -0.33668529987335205
v 0.3322412967681885 0.15639638900756836 -0.3261061906814575
v 0.33284926414489746 0.15639638900756836 -0.32075583934783936
v 0.33139002323150635 0.1669754981994629 -0.3101767301559448
v 0.3419691324234009 0.16174674034118652 -0.29996243119239807
v 0.3366187810897827 0.17718982696533203 -0.29424726963043213
v 0.3419691324234009 0.18290495872497559 -0.28634336590766907
v 0.34731948375701904 0.18290495872497559 -0.2829385995864868
v 0.34731948375701904 0.21476387977600098 -0.2657931447029114
v 0.3684777021408081 0.23057174682617188 -0.24317577481269836
v 0.37905681133270264 0.2094135284423828 -0.2512013018131256
v 0.38963592052459717 0.23057174682617188 -0.24050059914588928
v 0.38963592052459717 0.2570802569389343 -0.22748953104019165
v 0.40556538105010986 0.28358882665634155 -0.21897760033607483
v 0.42149484157562256 0.2990318536758423 -0.2200719714164734
v 0.4008229970932007 0.29951828718185425 -0.20414254069328308
v 0.3997286558151245 0.31544774770736694 -0.18821308016777039
v 0.37905681133270264 0.3147181272506714 -0.1670548915863037
v 0.37905681133270264 0.32225728034973145 -0.16170454025268555
v 0.37905681133270264 0.33137714862823486 -0.15781337022781372
v 0.3525482416152954 0.33137714862823486 -0.13677677512168884
v 0.34622514247894287 0.336727499961853 -0.12984561920166016
v 0.3419691324234009 0.3387947082519531 -0.12461689114570618
v 0.33139002323150635 0.33137714862823486 -0.11537536978721619
v 0.3238508701324463 0.3260267972946167 -0.10868743062019348
v 0.30403029918670654 0.2942895293235779 -0.09810832142829895
v 0.29953110218048096 0.2799408435821533 -0.10333707928657532
v 0.29697751998901367 0.28358882665634155 -0.09275797009468079
v 0.2889519929885864 0.2849264144897461 -0.07159978151321411
v 0.2849392890930176 0.29951828718185425 -0.04509124159812927
v 0.28360164165496826 0.29951828718185425 -0.04034885764122009
v 0.2809264659881592 0.2942895293235779 -0.03451213240623474
v 0.2793457508087158 0.31544774770736694 -0.029161781072616577
v 0.27411699295043945 0.3100973963737488 -0.018582671880722046
v 0.27156341075897217 0.3260267972946167 -0.0026532113552093506
v 0.2677938938140869 0.34730660915374756 0.014005839824676514
v 0.2705906629562378 0.3419562578201294 0.007925868034362793
v 0.27411699295043945 0.3525353670120239 0.007925868034362793
v 0.27448177337646484 0.36323606967926025 0.013276219367980957
v 0.2643890380859375 0.3684648275375366 0.02385532855987549
v 0.28360164165496826 0.37904393672943115 0.017167389392852783
v 0.2730226516723633 0.39497339725494385 0.030908048152923584
v 0.2889519929885864 0.39497339725494385 0.025800883769989014
v 0.31546056270599365 0.4162532091140747 0.03552883863449097
v 0.2943023443222046 0.41965794563293457 0.039784789085388184
v 0.2730226516723633 0.4214819669723511 0.04306793212890625
v 0.2570931911468506 0.42683231830596924 0.044648706912994385
v 0.2570931911468506 0.44276177883148193 0.042459964752197266
v 0.2677938938140869 0.4479905366897583 0.03820401430130005
v 0.2730226516723633 0.4533407688140869 0.03589361906051636
v 0.2677938938140869 0.4692702293395996 0.038325607776641846
v 0.24651408195495605 0.4780254364013672 0.050363898277282715
v 0.25855231285095215 0.4692702293395996 0.04501354694366455
v 0.2570931911468506 0.5169370174407959 -0.20779049396514893
v 0.26244354248046875 0.5152345895767212 -0.20937129855155945
v 0.2677938938140869 0.5131675004959106 -0.2147216498851776
v 0.28360164165496826 0.509884238243103 -0.22530072927474976
v 0.29953110218048096 0.5063579082489014 -0.22919189929962158
v 0.2943023443222046 0.4985755681991577 -0.24123018980026245
v 0.2943023443222046 0.49577879905700684 -0.24645894765853882
v 0.29953110218048096 0.4886045455932617 -0.2623884081840515
v 0.3101102113723755 0.474498987197876 -0.2677387595176697
v 0.3048814535140991 0.4692702293395996 -0.27527785301208496
v 0.29953110218048096 0.46391987800598145 -0.2811146080493927
v 0.2943023443222046 0.4585695266723633 -0.2851273715496063
v 0.2889519929885864 0.4585695266723633 -0.28658658266067505
v 0.28360164165496826 0.4533407688140869 -0.2899913191795349
v 0.28360164165496826 0.4479905366897583 -0.29145050048828125
v 0.3048814535140991 0.45200324058532715 -0.28889694809913635
v 0.3208109140396118 0.44276177883148193 -0.29363930225372314
v 0.3366187810897827 0.42683231830596924 -0.3090823292732239
v 0.3366187810897827 0.4162532091140747 -0.31881025433540344
v 0.3366187810897827 0.41090285778045654 -0.3217286467552185
v 0.3260396718978882 0.4055525064468384 -0.32282301783561707
v 0.3419691324234009 0.400323748588562 -0.3245254158973694
v 0.3419691324234009 0.3843942880630493 -0.323917418718338
v 0.3366187810897827 0.3738151788711548 -0.32330942153930664
v 0.34731948375701904 0.34730660915374756 -0.3327941298484802
v 0.34950828552246094 0.336727499961853 -0.33668529987335205
v 0.3525482416152954 0.30377423763275146 -0.35261476039886475
v 0.34731948375701904 0.2942895293235779 -0.35504671931266785
v 0.3419691324234009 0.28358882665634155 -0.3560194969177246
v 0.3366187810897827 0.2624306082725525 -0.35687071084976196
v 0.31898701190948486 0.26778095960617065 -0.3419140577316284
v 0.3236076831817627 0.21999263763427734 -0.3472644090652466
v 0.3208109140396118 0.21585828065872192 -0.3419140577316284
v 0.31825733184814453 0.21476387977600098 -0.33668529987335205
v 0.330417275428772 0.1669754981994629 -0.33668529987335205
v 0.3250669240951538 0.17755460739135742 -0.32075583934783936
v 0.3247021436691284 0.18290495872497559 -0.3101767301559448
v 0.3227565288543701 0.18825531005859375 -0.3101767301559448
v 0.3260396718978882 0.19348406791687012 -0.29607129096984863
v 0.33139002323150635 0.20223915576934814 -0.28366819024086
v 0.33260607719421387 0.21999263763427734 -0.27308911085128784
v 0.34744107723236084 0.25185149908065796 -0.24658054113388062
v 0.36312735080718994 0.23592203855514526 -0.24329736828804016
v 0.37382805347442627 0.2570802569389343 -0.2262735366821289
v 0.37905681133270264 0.2576882839202881 -0.22530072927474976
v 0.3844071626663208 0.2731313109397888 -0.2147216498851776
v 0.38963592052459717 0.26778095960617065 -0.22128796577453613
v 0.39498627185821533 0.2889391779899597 -0.20754730701446533
v 0.38963592052459717 0.2991534471511841 -0.19356343150138855
v 0.34731948375701904 0.29951828718185425 -0.1471126675605774
v 0.3525482416152954 0.3100973963737488 -0.14504548907279968
v 0.34731948375701904 0.32225728034973145 -0.13519597053527832
v 0.3260396718978882 0.3100973963737488 -0.11926653981208801
v 0.3103533983230591 0.2942895293235779 -0.10868743062019348
v 0.3048814535140991 0.2844400405883789 -0.10868743062019348
v 0.3048814535140991 0.273009717464447 -0.12838643789291382
v 0.2962479591369629 0.273009717464447 -0.10868743062019348
v 0.2889519929885864 0.27240175008773804 -0.0875292420387268
v 0.28797924518585205 0.273009717464447 -0.08217889070510864
v 0.28566884994506836 0.273009717464447 -0.06624943017959595
v 0.28360164165496826 0.273009717464447 -0.05725112557411194
v 0.2821425199508667 0.2889391779899597 -0.03974089026451111
v 0.2730226516723633 0.2942895293235779 -0.01979866623878479
v 0.2677938938140869 0.29270875453948975 -0.008003562688827515
v 0.2660914659500122 0.3100973963737488 0.013276219367980957
v 0.2677938938140869 0.3260267972946167 0.00999307632446289
v 0.2670642137527466 0.336727499961853 0.013276219367980957
v 0.26086270809173584 0.3419562578201294 0.02385532855987549
v 0.26122748851776123 0.3578857183456421 0.02385532855987549
v 0.26244354248046875 0.36347925662994385 0.02385532855987549
v 0.266213059425354 0.3843942880630493 0.029205679893493652
v 0.26244354248046875 0.40847086906433105 0.039784789085388184
v 0.2518644332885742 0.4214819669723511 0.046229541301727295
v 0.24651408195495605 0.4320610761642456 0.04890471696853638
v 0.2518644332885742 0.43741142749786377 0.045256733894348145
v 0.25672829151153564 0.4533407688140869 0.04501354694366455
v 0.2665778398513794 0.46391987800598145 0.039784789085388184
v 0.23593497276306152 0.4692702293395996 0.061794161796569824
v 0.23593497276306152 0.5174233913421631 -0.2200719714164734
v 0.2677938938140869 0.5103707313537598 -0.23065108060836792
v 0.2570931911468506 0.5073307752609253 -0.24658054113388062
v 0.28360164165496826 0.5063579082489014 -0.23381265997886658
v 0.2730226516723633 0.5003995895385742 -0.251809298992157
v 0.2730226516723633 0.4940764904022217 -0.2623884081840515
v 0.2943023443222046 0.4899420738220215 -0.2623884081840515
v 0.2981935739517212 0.4850780963897705 -0.2677387595176697
v 0.28360164165496826 0.474498987197876 -0.2830601930618286
v 0.27837300300598145 0.46391987800598145 -0.29096412658691406
v 0.2730226516723633 0.46391987800598145 -0.2930313050746918
v 0.27837300300598145 0.4585695266723633 -0.2925449013710022
v 0.27837300300598145 0.4479905366897583 -0.2930313050746918
v 0.27837300300598145 0.44276177883148193 -0.29400408267974854
v 0.2730226516723633 0.43741142749786377 -0.29594966769218445
v 0.2943023443222046 0.4320610761642456 -0.30020564794540405
v 0.31546056270599365 0.4320610761642456 -0.30081361532211304
v 0.33139002323150635 0.4214819669723511 -0.31406790018081665
v 0.3208109140396118 0.41090285778045654 -0.3197830319404602
v 0.3101102113723755 0.4055525064468384 -0.3197830319404602
v 0.3048814535140991 0.400323748588562 -0.3197830319404602
v 0.3208109140396118 0.400323748588562 -0.32343101501464844
v 0.3208109140396118 0.39497339725494385 -0.32379579544067383
v 0.33139002323150635 0.37904393672943115 -0.3217286467552185
v 0.3260396718978882 0.3684648275375366 -0.32026946544647217
v 0.3411179780960083 0.3419562578201294 -0.3313349485397339
v 0.3419691324234009 0.3207980990409851 -0.3399684429168701
v 0.33139002323150635 0.29951828718185425 -0.3445892333984375
v 0.33139002323150635 0.2889391779899597 -0.3484804034233093
v 0.3208109140396118 0.28358882665634155 -0.34130603075027466
v 0.31546056270599365 0.273009717464447 -0.3374148905277252
v 0.31546056270599365 0.24127238988876343 -0.3376580774784088
v 0.310718297958374 0.23592203855514526 -0.3261061906814575
v 0.3104749917984009 0.23057174682617188 -0.32075583934783936
v 0.31546056270599365 0.21330469846725464 -0.3261061906814575
v 0.31923019886016846 0.19883441925048828 -0.3101767301559448
v 0.32214856147766113 0.19348406791687012 -0.30482637882232666
v 0.31594693660736084 0.2253429889678955 -0.28889694809913635
v 0.31509578227996826 0.23592203855514526 -0.28366819024086
v 0.32166218757629395 0.21999263763427734 -0.28366819024086
v 0.33139002323150635 0.25452667474746704 -0.25715965032577515
v 0.3578985929489136 0.2552562952041626 -0.2358798384666443
v 0.36312735080718994 0.26303863525390625 -0.22530072927474976
v 0.3578985929489136 0.264862596988678 -0.22530072927474976
v 0.37382805347442627 0.26778095960617065 -0.2176400125026703
v 0.3684777021408081 0.2732529044151306 -0.20937129855155945
v 0.37905681133270264 0.2798192501068115 -0.20414254069328308
v 0.3684777021408081 0.28358882665634155 -0.19064506888389587
v 0.37382805347442627 0.2889391779899597 -0.18833467364311218
v 0.3578985929489136 0.2942895293235779 -0.16462290287017822
v 0.3260396718978882 0.2942895293235779 -0.12790006399154663
v 0.3234860897064209 0.2889391779899597 -0.12984561920166016
v 0.32616126537323 0.28358882665634155 -0.14054632186889648
v 0.2981935739517212 0.26778095960617065 -0.12984561920166016
v 0.2943023443222046 0.26778095960617065 -0.12084731459617615
v 0.28360164165496826 0.26571381092071533 -0.0875292420387268
v 0.28360164165496826 0.26778095960617065 -0.065155029296875
v 0.279832124710083 0.2624306082725525 -0.06102067232131958
v 0.2778865098953247 0.2624306082725525 -0.055670320987701416
v 0.27156341075897217 0.2624306082725525 -0.04509124159812927
v 0.2753329277038574 0.2783600687980652 -0.03451213240623474
v 0.2658482789993286 0.28358882665634155 -0.013232320547103882
v 0.2653619050979614 0.29951828718185425 0.007925868034362793
v 0.26244354248046875 0.3100973963737488 0.022152960300445557
v 0.261957049369812 0.3207980990409851 0.02385532855987549
v 0.2570931911468506 0.336727499961853 0.029205679893493652
v 0.2507699728012085 0.34730660915374756 0.03443443775177002
v 0.24493324756622314 0.36323606967926025 0.039784789085388184
v 0.2518644332885742 0.39083898067474365 0.039784789085388184
v 0.2518644332885742 0.4055525064468384 0.043311119079589844
v 0.2518644332885742 0.4585695266723633 0.05060708522796631
v 0.2412853240966797 0.4585695266723633 0.05875420570373535
v 0.2412853240966797 0.5115866661071777 -0.23916301131248474
v 0.24651408195495605 0.5063579082489014 -0.25059330463409424
v 0.2677938938140869 0.5022236108779907 -0.251809298992157
v 0.2677938938140869 0.4886045455932617 -0.27308911085128784
v 0.2677938938140869 0.47948455810546875 -0.28366819024086
v 0.24651408195495605 0.47984933853149414 -0.2851273715496063
v 0.24651408195495605 0.474498987197876 -0.2898697257041931
v 0.2677938938140869 0.4692702293395996 -0.29120731353759766
v 0.26244354248046875 0.4585695266723633 -0.29753047227859497
v 0.2677938938140869 0.4533407688140869 -0.29777365922927856
v 0.26244354248046875 0.4419105052947998 -0.2995976209640503
v 0.2677938938140869 0.43741142749786377 -0.2971656620502472
v 0.2677938938140869 0.4320610761642456 -0.29777365922927856
v 0.26244354248046875 0.42683231830596924 -0.2995976209640503
v 0.2677938938140869 0.4214819669723511 -0.30093520879745483
v 0.2943023443222046 0.4162532091140747 -0.3084743618965149
v 0.28360164165496826 0.400323748588562 -0.3130950927734375
v 0.31546056270599365 0.39497339725494385 -0.32318782806396484
v 0.3101102113723755 0.3897446393966675 -0.3214854300022125
v 0.31546056270599365 0.3684648275375366 -0.31637829542160034
v 0.3208109140396118 0.3419562578201294 -0.31881025433540344
v 0.31546056270599365 0.3260267972946167 -0.3169862627983093
v 0.3208109140396118 0.3048686385154724 -0.3332805037498474
v 0.3144878149032593 0.2942895293235779 -0.3313349485397339
v 0.3110830783843994 0.273009717464447 -0.3313349485397339
v 0.30804312229156494 0.26778095960617065 -0.3261061906814575
v 0.30427348613739014 0.26778095960617065 -0.3154054880142212
v 0.3048814535140991 0.25452667474746704 -0.3101767301559448
v 0.3110830783843994 0.2253429889678955 -0.3154054880142212
v 0.3101102113723755 0.23592203855514526 -0.2943688929080963
v 0.30816471576690674 0.25185149908065796 -0.28889694809913635
v 0.3208109140396118 0.2570802569389343 -0.2677387595176697
v 0.32166218757629395 0.26778095960617065 -0.251809298992157
v 0.31789255142211914 0.26778095960617065 -0.2623884081840515
v 0.33139002323150635 0.26036345958709717 -0.251809298992157
v 0.33139002323150635 0.26364660263061523 -0.24658054113388062
v 0.3525482416152954 0.2662001848220825 -0.22530072927474976
v 0.3578985929489136 0.2751985192298889 -0.19879218935966492
v 0.36312735080718994 0.27945446968078613 -0.19356343150138855
v 0.3419691324234009 0.28395360708236694 -0.16170454025268555
v 0.33345723152160645 0.2783600687980652 -0.16170454025268555
v 0.28870880603790283 0.24127238988876343 -0.16170454025268555
v 0.2963695526123047 0.25185149908065796 -0.16170454025268555
v 0.28360164165496826 0.25002753734588623 -0.15635418891906738
v 0.3048814535140991 0.2601202130317688 -0.16170454025268555
v 0.28360164165496826 0.2572018504142761 -0.13519597053527832
v 0.2730226516723633 0.2525811195373535 -0.12461689114570618
v 0.2677938938140869 0.25148671865463257 -0.10333707928657532
v 0.2799537181854248 0.2624306082725525 -0.08217889070510864
v 0.27606260776519775 0.2570802569389343 -0.06624943017959595
v 0.26244354248046875 0.2465011477470398 -0.05469754338264465
v 0.2641458511352539 0.2624306082725525 -0.03451213240623474
v 0.26244354248046875 0.273009717464447 -0.020285069942474365
v 0.2570931911468506 0.2731313109397888 -0.013232320547103882
v 0.2570931911468506 0.27933287620544434 0.0026971101760864258
v 0.251986026763916 0.2783600687980652 0.013276219367980957
v 0.2570931911468506 0.28431838750839233 0.013276219367980957
v 0.26013314723968506 0.2942895293235779 0.018504977226257324
v 0.25672829151153564 0.2942895293235779 0.02385532855987549
v 0.2570931911468506 0.3100973963737488 0.02884089946746826
v 0.2518644332885742 0.3207980990409851 0.03394800424575806
v 0.23593497276306152 0.5024667978286743 -0.25715965032577515
v 0.2518644332885742 0.4850780963897705 -0.27953383326530457
v 0.24651408195495605 0.4692702293395996 -0.2930313050746918
v 0.2518644332885742 0.44276177883148193 -0.30239441990852356
v 0.2518644332885742 0.4320610761642456 -0.3038536012172699
v 0.2570931911468506 0.4214819669723511 -0.3015432357788086
v 0.26244354248046875 0.4214819669723511 -0.30081361532211304
v 0.2677938938140869 0.4006885290145874 -0.3101767301559448
v 0.27837300300598145 0.39497339725494385 -0.3127303123474121
v 0.2889519929885864 0.3897446393966675 -0.31431108713150024
v 0.3048814535140991 0.3623849153518677 -0.3101767301559448
v 0.3096238374710083 0.336727499961853 -0.3101767301559448
v 0.3101102113723755 0.3260267972946167 -0.31175750494003296
v 0.29953110218048096 0.31544774770736694 -0.30032724142074585
v 0.3098670244216919 0.31544774770736694 -0.3154054880142212
v 0.3051246404647827 0.29951828718185425 -0.3154054880142212
v 0.30171990394592285 0.2889391779899597 -0.3101767301559448
v 0.29916632175445557 0.2889391779899597 -0.2995976209640503
v 0.3048814535140991 0.25428348779678345 -0.2995976209640503
v 0.30451667308807373 0.26778095960617065 -0.28889694809913635
v 0.3048814535140991 0.273009717464447 -0.283424973487854
v 0.3048814535140991 0.2783600687980652 -0.27734506130218506
v 0.3095022439956665 0.273009717464447 -0.27308911085128784
v 0.3101102113723755 0.2756848931312561 -0.2623884081840515
v 0.31546056270599365 0.2715505361557007 -0.25715965032577515
v 0.31546056270599365 0.2709425091743469 -0.251809298992157
v 0.3208109140396118 0.2682673931121826 -0.24658054113388062
v 0.3366187810897827 0.26571381092071533 -0.2358798384666443
v 0.34731948375701904 0.26778095960617065 -0.21849119663238525
v 0.3419691324234009 0.2683889865875244 -0.19879218935966492
v 0.3208109140396118 0.2664433717727661 -0.17763397097587585
v 0.3048814535140991 0.25622910261154175 -0.17763397097587585
v 0.298315167427063 0.25185149908065796 -0.1670548915863037
v 0.2889519929885864 0.23738127946853638 -0.1670548915863037
v 0.2936943769454956 0.24127238988876343 -0.17763397097587585
v 0.2889519929885864 0.23507088422775269 -0.1722836196422577
v 0.28360164165496826 0.23057174682617188 -0.17033806443214417
v 0.2666994333267212 0.23592203855514526 -0.15635418891906738
v 0.2570931911468506 0.24029964208602905 -0.11926653981208801
v 0.256850004196167 0.24127238988876343 -0.11403778195381165
v 0.2518644332885742 0.23592203855514526 -0.10236430168151855
v 0.2677938938140869 0.2510003447532654 -0.07682853937149048
v 0.2570931911468506 0.2393268346786499 -0.07159978151321411
v 0.2570931911468506 0.24017804861068726 -0.06102067232131958
v 0.2570931911468506 0.2416372299194336 -0.055670320987701416
v 0.24955403804779053 0.24127238988876343 -0.05031996965408325
v 0.2570931911468506 0.2483251690864563 -0.04509124159812927
v 0.2518644332885742 0.25866103172302246 -0.029161781072616577
v 0.2518644332885742 0.26778095960617065 -0.015785902738571167
v 0.2508915662765503 0.273009717464447 0.0026971101760864258
v 0.24651408195495605 0.2783600687980652 0.01899135112762451
v 0.2518644332885742 0.2820080518722534 0.018504977226257324
v 0.2518644332885742 0.2874799966812134 0.02385532855987549
v 0.2534451484680176 0.29951828718185425 0.029205679893493652
v 0.24651408195495605 0.3048686385154724 0.03467762470245361
v 0.24651408195495605 0.43741142749786377 -0.30458319187164307
v 0.24651408195495605 0.4162532091140747 -0.30470478534698486
v 0.24651408195495605 0.41090285778045654 -0.3054344058036804
v 0.26244354248046875 0.39497339725494385 -0.3110279440879822
v 0.2730226516723633 0.3897446393966675 -0.31175750494003296
v 0.27837300300598145 0.38342154026031494 -0.3101767301559448
v 0.26244354248046875 0.37904393672943115 -0.3087175488471985
v 0.2730226516723633 0.36323606967926025 -0.30020564794540405
v 0.27837300300598145 0.34730660915374756 -0.29157209396362305
v 0.28360164165496826 0.34730660915374756 -0.29315289855003357
v 0.28858721256256104 0.3419562578201294 -0.29424726963043213
v 0.2932080030441284 0.3260267972946167 -0.29424726963043213
v 0.29904472827911377 0.3100973963737488 -0.2995976209640503
v 0.2980719804763794 0.2942895293235779 -0.29424726963043213
v 0.2974640130996704 0.2942895293235779 -0.28889694809913635
v 0.29928791522979736 0.2889391779899597 -0.2783178389072418
v 0.30196309089660645 0.28358882665634155 -0.2783178389072418
v 0.3026927709579468 0.28358882665634155 -0.27308911085128784
v 0.3073134422302246 0.2783600687980652 -0.2677387595176697
v 0.3048814535140991 0.27945446968078613 -0.2623884081840515
v 0.3048814535140991 0.27677929401397705 -0.25715965032577515
v 0.3101102113723755 0.27459049224853516 -0.25715965032577515
v 0.3101102113723755 0.27264493703842163 -0.251809298992157
v 0.31546056270599365 0.26778095960617065 -0.242567777633667
v 0.3208109140396118 0.26729458570480347 -0.24123018980026245
v 0.33139002323150635 0.26534897089004517 -0.23065108060836792
v 0.3208109140396118 0.26072824001312256 -0.22530072927474976
v 0.3366187810897827 0.2647410035133362 -0.2200719714164734
v 0.3419691324234009 0.2663217782974243 -0.2147216498851776
v 0.33139002323150635 0.2619442343711853 -0.20414254069328308
v 0.3101102113723755 0.2551347017288208 -0.19356343150138855
v 0.29953110218048096 0.2488115429878235 -0.18821308016777039
v 0.28943848609924316 0.23592203855514526 -0.18286272883415222
v 0.2849392890930176 0.23057174682617188 -0.17763397097587585
v 0.27654898166656494 0.2253429889678955 -0.1722836196422577
v 0.25843071937561035 0.21999263763427734 -0.18286272883415222
v 0.24651408195495605 0.2119671106338501 -0.17763397097587585
v 0.24748682975769043 0.21999263763427734 -0.15635418891906738
v 0.23593497276306152 0.21476387977600098 -0.14395108819007874
v 0.24274444580078125 0.2253429889678955 -0.10868743062019348
v 0.24651408195495605 0.22899091243743896 -0.0875292420387268
v 0.24651408195495605 0.23130130767822266 -0.07159978151321411
v 0.24991881847381592 0.23592203855514526 -0.06102067232131958
v 0.24651408195495605 0.2889391779899597 0.028111279010772705
v 0.225355863571167 0.39497339725494385 -0.3126087188720703
v 0.26244354248046875 0.3897446393966675 -0.311149537563324
v 0.23593497276306152 0.3684648275375366 -0.3085959553718567
v 0.23593497276306152 0.3583720922470093 -0.30482637882232666
v 0.2677938938140869 0.34730660915374756 -0.292058527469635
v 0.2730226516723633 0.3419562578201294 -0.2895049452781677
v 0.27837300300598145 0.3419562578201294 -0.2897481322288513
v 0.28360164165496826 0.3207980990409851 -0.2875593602657318
v 0.2889519929885864 0.31544774770736694 -0.2880457639694214
v 0.2943023443222046 0.3100973963737488 -0.29096412658691406
v 0.2958831787109375 0.2942895293235779 -0.2783178389072418
v 0.298315167427063 0.2889391779899597 -0.27308911085128784
v 0.29953110218048096 0.28358882665634155 -0.2648203670978546
v 0.29953110218048096 0.282251238822937 -0.2623884081840515
v 0.29953110218048096 0.273009717464447 -0.25059330463409424
v 0.31546056270599365 0.264254629611969 -0.2358798384666443
v 0.2943023443222046 0.24941956996917725 -0.2200719714164734
v 0.3048814535140991 0.2508787512779236 -0.20937129855155945
v 0.2943023443222046 0.24406921863555908 -0.19879218935966492
v 0.2838449478149414 0.23057174682617188 -0.18286272883415222
v 0.27387380599975586 0.2253429889678955 -0.18821308016777039
v 0.25843071937561035 0.21999263763427734 -0.19356343150138855
v 0.24651408195495605 0.21549344062805176 -0.20414254069328308
v 0.2518644332885742 0.34730660915374756 -0.29607129096984863
v 0.26244354248046875 0.3260267972946167 -0.2876809537410736
v 0.2730226516723633 0.3207980990409851 -0.2858569622039795
v 0.27837300300598145 0.3100973963737488 -0.282817006111145
v 0.2849392890930176 0.3100973963737488 -0.28366819024086
v 0.2913839817047119 0.3048686385154724 -0.28366819024086
v 0.2889519929885864 0.29951828718185425 -0.2771018445491791
v 0.2943023443222046 0.28845274448394775 -0.2677387595176697
v 0.2943023443222046 0.2624306082725525 -0.23867660760879517
v 0.2868849039077759 0.2465011477470398 -0.2200719714164734
v 0.2889519929885864 0.24467718601226807 -0.2147216498851776
v 0.2641458511352539 0.2253429889678955 -0.20414254069328308
v 0.23593497276306152 0.2119671106338501 -0.20937129855155945
v 0.2518644332885742 0.3048686385154724 -0.2817226052284241
v 0.2570931911468506 0.29951828718185425 -0.2786826491355896
v 0.28360164165496826 0.3024366497993469 -0.2783178389072418
v 0.2889519929885864 0.2889391779899597 -0.2671307325363159
v 0.28360164165496826 0.273009717464447 -0.25290369987487793
v 0.28360164165496826 0.2663217782974243 -0.24658054113388062
v 0.2570931911468506 0.24297481775283813 -0.2358798384666443
v 0.2508915662765503 0.2783600687980652 -0.2677387595176697
v 0.2677938938140869 0.27738726139068604 -0.2623884081840515
v 0.26244354248046875 0.2570802569389343 -0.24901250004768372
v 0.22000551223754883 0.23592203855514526 -0.2513228952884674
f 1 2 3
f 1275 1140 3
f 3 1140 2
f 1140 1141 2
f 1141 1142 2
f 1142 1143 2
f 1143 1144 2
f 1144 1145 2
f 3 2 1276
f 2 1145 1276
f 1275 3 1378
f 1378 3 1379
f 3 1276 1379
f 2 1 3
f 1139 1140 1272
f 1272 1140 1273
f 1274 1273 1275
f 1273 1140 1275
f 1274 1275 1378
f 1140 1139 1141
f 1141 1139 1142
f 1022 1023 1142
f 1142 1023 1143
f 1139 1021 1142
f 1021 1022 1142
f 1023 1024 1143
f 1024 1025 1143
f 1143 1025 1144
f 1025 1026 1144
f 1144 1026 1145
f 1026 1028 1145
f 1145 1028 1146
f 1276 1145 1277
f 1145 1146 1277
f 1276 1277 1379
f 1377 1274 1378
f 1377 1378 1470
f 1378 1379 1470
f 1277 1278 1379
f 1278 1279 1379
f 1379 1279 1380
f 1379 1380 1470
f 1270 1138 1272
f 1138 1139 1272
f 1271 1272 1374
f 1374 1272 1375
f 1272 1273 1375
f 1138 1019 1139
f 1019 1020 1139
f 1020 1021 1139
f 1271 1270 1272
f 1273 1274 1375
f 1375 1274 1377
f 1021 1020 1022
f 1020 888 1022
f 1022 888 1023
f 888 889 1023
f 1023 889 1024
f 889 890 1024
f 890 891 1024
f 1024 891 1025
f 1025 891 1026
f 891 892 1026
f 892 893 1026
f 893 1027 1026
f 1026 1027 1028
f 1028 893 1029
f 1028 1029 1146
f 1027 893 1028
f 1029 1030 1146
f 1147 1146 1148
f 1146 1030 1148
f 1146 1147 1277
f 1277 1147 1278
f 1376 1375 1377
f 1376 1377 1470
f 1469 1376 1470
f 1380 1381 1470
f 1381 1382 1470
f 1470 1382 1471
f 1469 1470 1548
f 1470 1471 1548
f 1147 1148 1278
f 1148 1149 1278
f 1278 1149 1279
f 1149 1150 1279
f 1279 1280 1380
f 1279 1150 1280
f 1380 1280 1381
f 1137 1019 1138
f 1137 1138 1269
f 1269 1270 1368
f 1270 1271 1368
f 1269 1138 1270
f 1369 1271 1372
f 1372 1271 1373
f 1373 1271 1374
f 1373 1374 1467
f 1374 1375 1467
f 1271 1369 1368
f 1467 1375 1468
f 1375 1376 1468
f 1019 1018 1020
f 1018 1019 1136
f 1136 1019 1137
f 1018 888 1020
f 887 888 1017
f 1017 888 1018
f 888 887 889
f 887 750 889
f 889 750 890
f 750 751 890
f 751 752 890
f 752 753 890
f 890 753 891
f 891 753 892
f 753 754 892
f 754 755 892
f 892 755 893
f 755 756 893
f 893 756 894
f 893 894 1029
f 1029 894 1030
f 894 895 1030
f 895 896 1030
f 896 897 1030
f 1030 897 1031
f 1030 1031 1148
f 1031 1032 1148
f 1148 1032 1149
f 1468 1376 1469
f 1468 1469 1547
f 1547 1469 1548
f 1381 1281 1382
f 1280 1281 1381
f 1471 1382 1472
f 1281 1282 1382
f 1282 1283 1382
f 1382 1283 1383
f 1382 1383 1472
f 1471 1472 1549
f 1548 1471 1549
f 1623 1548 1624
f 1548 1549 1624
f 1622 1548 1623
f 1547 1548 1622
f 1149 1032 1150
f 1032 1033 1150
f 1150 1033 1151
f 1150 1151 1280
f 1151 1152 1280
f 1152 1153 1280
f 1280 1153 1281
f 1136 1137 1269
f 1268 1269 1368
f 1268 1136 1269
f 1367 1368 1463
f 1463 1368 1464
f 1368 1370 1464
f 1368 1369 1370
f 1367 1268 1368
f 1370 1369 1371
f 1371 1369 1372
f 1371 1372 1466
f 1466 1372 1467
f 1372 1373 1467
f 1466 1467 1544
f 1544 1467 1545
f 1545 1467 1546
f 1467 1468 1546
f 1546 1468 1547
f 1017 1018 1136
f 1135 1136 1268
f 1135 1016 1136
f 1016 1017 1136
f 1016 886 1017
f 886 887 1017
f 886 885 887
f 885 749 887
f 749 750 887
f 750 748 751
f 749 748 750
f 746 571 751
f 751 571 752
f 747 746 751
f 748 747 751
f 752 572 753
f 571 572 752
f 753 572 754
f 572 573 754
f 573 575 754
f 754 575 755
f 575 577 755
f 755 577 756
f 577 578 756
f 756 578 757
f 894 756 895
f 756 757 895
f 757 758 895
f 758 759 895
f 895 759 896
f 759 760 896
f 760 761 896
f 897 896 898
f 896 761 898
f 897 898 1031
f 898 899 1031
f 899 900 1031
f 1032 1031 1033
f 1031 900 1033
f 1546 1547 1621
f 1621 1547 1622
f 1281 1153 1282
f 1549 1472 1550
f 1472 1473 1550
f 1473 1472 1474
f 1472 1383 1474
f 1156 1157 1282
f 1282 1157 1283
f 1153 1154 1282
f 1154 1155 1282
f 1155 1156 1282
f 1157 1158 1283
f 1283 1158 1284
f 1283 1284 1383
f 1285 1384 1383
f 1383 1385 1474
f 1284 1285 1383
f 1383 1384 1385
f 1549 1550 1624
f 1550 1551 1624
f 1624 1551 1625
f 1624 1625 1698
f 1622 1623 1698
f 1623 1624 1698
f 1621 1622 1697
f 1697 1622 1698
f 900 901 1033
f 1033 901 1034
f 1033 1034 1151
f 1151 1034 1152
f 1034 1035 1152
f 1152 1035 1153
f 1035 1036 1153
f 1036 1037 1153
f 1153 1037 1154
f 1267 1268 1367
f 1267 1134 1268
f 1134 1135 1268
f 1366 1367 1461
f 1461 1367 1462
f 1462 1367 1463
f 1462 1463 1540
f 1463 1464 1540
f 1366 1267 1367
f 1370 1371 1464
f 1464 1371 1465
f 1540 1464 1541
f 1464 1465 1541
f 1465 1371 1466
f 1465 1466 1542
f 1542 1466 1544
f 1543 1542 1544
f 1544 1545 1621
f 1543 1544 1621
f 1545 1546 1621
f 1134 1015 1135
f 1015 1016 1135
f 1015 1014 1016
f 1014 886 1016
f 885 886 1014
f 884 885 1014
f 884 749 885
f 747 749 884
f 747 748 749
f 571 570 572
f 745 569 746
f 569 570 746
f 570 571 746
f 745 746 884
f 746 747 884
f 572 570 573
f 570 52 573
f 52 574 573
f 573 574 575
f 574 576 575
f 575 576 577
f 576 574 577
f 574 52 577
f 52 53 577
f 577 53 578
f 578 579 757
f 578 53 579
f 757 579 758
f 579 580 758
f 580 581 758
f 581 582 758
f 758 582 759
f 759 582 760
f 582 583 760
f 760 583 761
f 583 584 761
f 584 586 761
f 761 586 762
f 761 762 898
f 762 764 898
f 898 764 899
f 764 763 899
f 899 763 900
f 900 763 901
f 1620 1543 1621
f 1620 1621 1697
f 1551 1550 1552
f 1550 1473 1552
f 1552 1473 1553
f 1473 1474 1553
f 1474 1475 1553
f 1474 1385 1475
f 1158 1156 1159
f 1156 1040 1159
f 1157 1156 1158
f 1155 1040 1156
f 1037 1038 1154
f 1154 1038 1155
f 1039 1040 1155
f 1038 1039 1155
f 1158 1159 1284
f 1159 1160 1284
f 1160 1161 1284
f 1161 1162 1284
f 1162 1163 1284
f 1284 1163 1285
f 1384 1285 1386
f 1285 1286 1386
f 1285 1163 1286
f 1385 1384 1386
f 1385 1386 1475
f 1625 1551 1626
f 1551 1552 1626
f 1698 1625 1699
f 1625 1626 1699
f 1697 1698 1768
f 1698 1699 1768
f 1696 1697 1767
f 1767 1697 1768
f 1696 1620 1697
f 901 902 1034
f 763 765 901
f 765 766 901
f 766 767 901
f 902 901 903
f 901 767 903
f 902 608 1034
f 608 609 1034
f 1034 609 1035
f 609 610 1035
f 610 611 1035
f 1035 611 1036
f 604 605 1036
f 1036 902 1037
f 611 603 1036
f 603 604 1036
f 605 607 1036
f 607 608 1036
f 608 902 1036
f 902 903 1037
f 1037 903 1038
f 1266 1267 1366
f 1266 1134 1267
f 1133 1015 1134
f 1133 1134 1265
f 1265 1134 1266
f 1365 1366 1461
f 1460 1461 1537
f 1537 1461 1538
f 1461 1462 1538
f 1365 1266 1366
f 1460 1459 1461
f 1459 1364 1461
f 1364 1365 1461
f 1538 1462 1539
f 1539 1462 1540
f 1539 1540 1617
f 1617 1540 1618
f 1540 1541 1618
f 1541 1465 1542
f 1541 1542 1618
f 1542 1543 1618
f 1543 1619 1618
f 1619 1543 1620
f 1014 1015 1132
f 1132 1015 1133
f 1013 884 1014
f 1013 1014 1132
f 883 884 1013
f 883 745 884
f 569 52 570
f 568 52 569
f 744 568 745
f 568 569 745
f 744 745 883
f 50 52 568
f 50 51 52
f 52 51 53
f 53 51 54
f 53 54 579
f 579 54 580
f 54 445 580
f 580 445 581
f 445 446 581
f 446 447 581
f 447 448 581
f 448 449 581
f 581 449 582
f 582 449 583
f 583 449 584
f 584 450 587
f 449 450 584
f 586 584 587
f 586 585 762
f 585 586 587
f 764 762 765
f 762 585 765
f 763 764 765
f 1618 1620 1694
f 1694 1620 1695
f 1695 1620 1696
f 1618 1619 1620
f 1552 1553 1626
f 1553 1475 1554
f 1553 1554 1626
f 1475 1386 1476
f 1475 1476 1554
f 1159 1040 1160
f 1040 1039 1041
f 1040 1041 1160
f 903 904 1038
f 1038 904 1039
f 904 905 1039
f 1039 905 1041
f 1041 1042 1160
f 1042 1043 1160
f 1160 1043 1161
f 1043 1044 1161
f 1044 1045 1161
f 1161 1045 1162
f 1045 1046 1162
f 1163 1162 1164
f 1162 1046 1164
f 1286 1163 1287
f 1287 1163 1288
f 1163 1164 1288
f 1286 1287 1386
f 1287 1288 1386
f 1288 1289 1386
f 1386 1289 1387
f 1386 1387 1476
f 1554 1555 1626
f 1555 1556 1626
f 1626 1556 1627
f 1626 1627 1699
f 1768 1699 1769
f 1699 1700 1769
f 1627 1628 1699
f 1699 1628 1700
f 1767 1768 1932
f 1768 1769 1932
f 1695 1696 1762
f 1696 1763 1762
f 1766 1765 1767
f 1765 1763 1767
f 1763 1696 1767
f 1766 1767 1932
f 765 588 766
f 585 587 765
f 587 588 765
f 588 589 766
f 766 589 767
f 903 767 904
f 767 589 768
f 767 768 904
f 608 607 609
f 609 607 610
f 607 45 610
f 45 44 610
f 611 610 612
f 610 44 612
f 603 611 612
f 47 49 604
f 604 49 605
f 49 46 605
f 46 45 605
f 45 606 605
f 605 606 607
f 603 602 604
f 602 47 604
f 602 603 784
f 784 603 785
f 603 612 785
f 606 45 607
f 1265 1266 1365
f 1132 1133 1265
f 1264 1130 1265
f 1130 1131 1265
f 1131 1132 1265
f 1264 1265 1365
f 1364 1362 1365
f 1362 1363 1365
f 1363 1264 1365
f 1535 1536 1537
f 1536 1534 1537
f 1534 1458 1537
f 1458 1460 1537
f 1535 1537 1616
f 1537 1538 1616
f 1458 1459 1460
f 1538 1539 1616
f 1364 1459 1458
f 1362 1364 1457
f 1457 1364 1458
f 1616 1539 1617
f 1691 1617 1694
f 1616 1617 1691
f 1617 1618 1694
f 1131 1012 1132
f 1012 1013 1132
f 1012 1010 1013
f 1010 883 1013
f 882 883 1010
f 882 881 883
f 881 743 883
f 743 744 883
f 567 51 568
f 51 50 568
f 567 568 742
f 742 568 743
f 743 568 744
f 54 51 567
f 445 54 566
f 566 54 567
f 444 443 445
f 443 299 445
f 445 299 446
f 444 445 566
f 299 300 446
f 446 300 447
f 300 301 447
f 301 302 447
f 447 302 448
f 302 303 448
f 448 303 449
f 303 304 449
f 304 305 449
f 450 449 451
f 449 305 451
f 588 587 589
f 589 587 590
f 587 450 590
f 590 450 591
f 450 451 591
f 1693 1694 1762
f 1694 1695 1762
f 1693 1691 1694
f 1476 1477 1554
f 1554 1477 1555
f 1477 1476 1478
f 1476 1387 1478
f 1041 905 1042
f 904 768 905
f 905 906 1042
f 905 768 906
f 906 907 1042
f 907 908 1042
f 908 909 1042
f 1042 909 1043
f 1043 909 1044
f 909 910 1044
f 910 911 1044
f 911 912 1044
f 1044 912 1045
f 1045 912 1046
f 912 913 1046
f 913 914 1046
f 914 916 1046
f 1046 916 1047
f 1164 1046 1165
f 1165 1046 1166
f 1046 1047 1166
f 1164 1165 1288
f 1288 1165 1289
f 1289 1290 1387
f 1289 1165 1290
f 1387 1290 1388
f 1478 1387 1479
f 1387 1388 1479
f 1555 1477 1556
f 1477 1478 1556
f 1556 1478 1557
f 1627 1556 1628
f 1556 1557 1628
f 1700 1701 1769
f 1769 1701 1770
f 1932 1769 1933
f 1769 1770 1933
f 1628 1629 1700
f 1700 1629 1701
f 1557 1558 1628
f 1629 1628 1630
f 1628 1558 1630
f 16 1932 2051
f 1932 1933 2051
f 16 1766 1932
f 1760 1692 1762
f 1692 1693 1762
f 1762 1763 1764
f 1761 1762 1929
f 1762 1764 1929
f 1761 1760 1762
f 1764 1763 1765
f 1764 1765 16
f 1765 1766 16
f 768 589 769
f 589 590 769
f 768 769 906
f 44 45 46
f 612 44 613
f 613 44 615
f 44 46 615
f 612 613 785
f 47 48 49
f 46 49 616
f 616 49 617
f 49 461 617
f 461 49 597
f 49 48 597
f 48 47 601
f 601 47 602
f 615 46 616
f 601 602 783
f 783 602 784
f 783 784 926
f 784 785 926
f 785 613 786
f 926 785 927
f 927 785 928
f 785 786 928
f 1129 1128 1130
f 1130 1128 1131
f 1263 1264 1360
f 1360 1264 1361
f 1361 1264 1362
f 1263 1130 1264
f 1264 1363 1362
f 1129 1130 1263
f 1128 1012 1131
f 1361 1362 1456
f 1456 1362 1457
f 1534 1536 1615
f 1536 1535 1615
f 1615 1535 1616
f 1533 1458 1534
f 1533 1534 1615
f 1457 1458 1533
f 1615 1616 1691
f 1456 1457 1532
f 1532 1457 1533
f 1690 1615 1691
f 1692 1691 1693
f 1690 1691 1760
f 1691 1692 1760
f 1011 1010 1012
f 1011 1012 1127
f 1012 1128 1127
f 1009 882 1010
f 1009 1010 1127
f 1010 1011 1127
f 37 882 1009
f 881 882 37
f 880 743 881
f 880 881 1008
f 1008 881 37
f 742 743 880
f 566 567 740
f 567 741 740
f 741 567 742
f 740 741 742
f 740 742 879
f 879 742 880
f 565 566 739
f 739 566 740
f 565 444 566
f 442 443 564
f 564 443 565
f 443 444 565
f 442 297 443
f 297 298 443
f 298 299 443
f 299 298 300
f 298 207 300
f 300 207 301
f 207 208 301
f 208 235 301
f 235 236 301
f 301 236 302
f 236 237 302
f 303 302 304
f 302 237 304
f 237 238 304
f 238 239 304
f 304 239 305
f 239 240 305
f 240 306 305
f 305 306 307
f 305 307 451
f 307 308 451
f 451 308 452
f 591 451 592
f 451 452 592
f 590 591 769
f 769 591 771
f 771 591 772
f 591 592 772
f 1478 1479 1557
f 770 771 906
f 771 772 906
f 906 772 907
f 769 770 906
f 772 773 907
f 773 774 907
f 907 774 908
f 774 775 908
f 775 776 908
f 909 908 910
f 908 776 910
f 776 43 910
f 43 42 910
f 910 42 911
f 42 41 911
f 912 911 913
f 911 41 913
f 41 40 913
f 40 39 913
f 913 39 914
f 39 38 914
f 38 915 914
f 914 915 916
f 917 916 918
f 916 915 918
f 916 917 1047
f 1047 917 1048
f 1047 1048 1166
f 1290 1165 1291
f 1165 1166 1291
f 1166 1168 1291
f 1048 1049 1166
f 1049 1167 1166
f 1166 1167 1168
f 1290 1291 1388
f 1388 1291 1389
f 1388 1389 1479
f 1479 1389 1480
f 1479 1480 1557
f 1480 1481 1557
f 1557 1481 1558
f 1701 1702 1770
f 1701 1629 1702
f 1770 1771 1933
f 1770 1702 1771
f 1933 1771 1934
f 2051 1933 2052
f 1933 1934 2052
f 1629 1630 1702
f 1481 1482 1558
f 1558 1482 1559
f 1558 1559 1630
f 1630 1631 1702
f 1630 1559 1631
f 2050 14 2051
f 14 16 2051
f 2050 2051 2159
f 1931 16 2044
f 2051 2052 2159
f 1931 1764 16
f 16 15 2044
f 14 15 16
f 1758 1760 1929
f 1760 1761 1929
f 1758 1759 1760
f 1759 1690 1760
f 1764 1930 1929
f 1930 1764 1931
f 1928 1758 1929
f 1929 1930 1931
f 1928 1929 2042
f 2042 1929 2043
f 2043 1929 2044
f 1929 1931 2044
f 770 769 771
f 613 614 786
f 614 613 615
f 614 615 788
f 615 616 788
f 597 48 599
f 599 48 601
f 616 617 788
f 617 618 788
f 461 462 617
f 617 462 618
f 460 319 461
f 461 319 462
f 460 461 596
f 596 461 597
f 596 597 773
f 773 597 774
f 597 598 774
f 598 597 599
f 600 601 781
f 781 601 783
f 600 599 601
f 782 783 926
f 782 781 783
f 925 782 926
f 925 926 1061
f 926 927 1061
f 786 614 787
f 786 787 928
f 1061 927 1062
f 927 928 1062
f 928 787 929
f 928 929 1062
f 1127 1128 1129
f 1127 1129 1261
f 1261 1129 1262
f 1262 1129 1263
f 1359 1261 1360
f 1261 1262 1360
f 1262 1263 1360
f 1359 1360 1455
f 1455 1360 1456
f 1360 1361 1456
f 1530 1456 1532
f 1455 1456 1529
f 1529 1456 1530
f 1614 1613 1615
f 1613 1533 1615
f 1614 1615 1690
f 1612 1533 1613
f 1532 1533 1612
f 1531 1532 1612
f 1531 1530 1532
f 1689 1614 1690
f 1689 1690 1758
f 1690 1759 1758
f 1126 37 1127
f 37 1009 1127
f 1126 1127 1261
f 35 37 1126
f 35 36 37
f 1008 37 1124
f 37 36 1124
f 879 880 1008
f 1007 1008 1124
f 1007 879 1008
f 739 740 879
f 878 739 879
f 878 879 1007
f 738 564 739
f 564 565 739
f 738 739 878
f 563 564 738
f 440 441 564
f 563 439 564
f 439 440 564
f 441 442 564
f 441 295 442
f 295 296 442
f 296 297 442
f 297 206 298
f 296 205 297
f 205 206 297
f 206 207 298
f 206 205 207
f 205 204 207
f 207 204 208
f 234 208 238
f 208 209 238
f 208 204 209
f 208 234 235
f 234 229 235
f 229 230 235
f 230 231 235
f 231 232 235
f 235 232 236
f 236 232 237
f 232 233 237
f 237 233 238
f 238 209 239
f 233 234 238
f 209 210 239
f 239 210 240
f 210 211 240
f 240 211 241
f 306 240 309
f 240 241 309
f 307 306 308
f 308 306 309
f 308 309 452
f 452 453 592
f 309 310 452
f 452 310 453
f 592 593 772
f 453 454 592
f 592 454 593
f 772 593 773
f 593 594 773
f 594 595 773
f 595 596 773
f 774 598 775
f 598 599 775
f 775 599 776
f 599 777 776
f 776 777 43
f 41 42 43
f 43 777 778
f 41 43 921
f 43 778 921
f 40 41 921
f 38 39 40
f 38 40 920
f 920 40 921
f 915 38 918
f 918 38 919
f 919 38 920
f 1048 917 1050
f 1050 917 1052
f 1052 917 1053
f 917 918 1053
f 1053 918 1054
f 918 919 1054
f 1049 1048 1050
f 1389 1291 1390
f 1291 1292 1390
f 1291 1168 1292
f 1168 1167 1169
f 1292 1168 1293
f 1168 1169 1293
f 1167 1049 1170
f 1170 1049 1193
f 1049 1050 1193
f 1169 1167 1170
f 1389 1390 1480
f 1390 1391 1480
f 1481 1480 1482
f 1480 1391 1482
f 1702 1631 1703
f 1702 1703 1771
f 1771 1772 1934
f 1771 1703 1772
f 1772 1773 1934
f 1934 1773 1935
f 2052 1934 2053
f 1934 1935 2053
f 2052 2053 2159
f 1391 1392 1482
f 1482 1392 1483
f 1559 1482 1560
f 1482 1483 1560
f 1559 1560 1631
f 1703 1631 1704
f 1631 1632 1704
f 1631 1560 1632
f 14 2048 2047
f 2049 2047 2050
f 2047 2048 2050
f 2048 14 2050
f 2049 2050 2159
f 15 14 2046
f 2046 14 2047
f 2158 2159 2308
f 2159 2160 2308
f 2158 2049 2159
f 2053 2054 2159
f 2159 2054 2160
f 2044 15 2045
f 2043 2044 2153
f 2044 2045 2153
f 2045 15 2046
f 1757 1689 1758
f 1757 1758 1928
f 1927 1925 1928
f 1925 1754 1928
f 1754 1755 1928
f 1755 1756 1928
f 1756 1757 1928
f 1927 1928 2042
f 2041 2042 2153
f 2042 2043 2153
f 2041 1927 2042
f 787 614 788
f 788 618 789
f 787 788 929
f 788 789 929
f 777 599 780
f 599 600 780
f 618 619 789
f 462 463 618
f 463 464 618
f 618 464 619
f 319 320 462
f 462 320 463
f 318 319 459
f 459 319 460
f 319 318 320
f 459 460 595
f 595 460 596
f 780 781 924
f 924 781 925
f 781 782 925
f 780 600 781
f 1060 925 1061
f 924 925 1060
f 1060 1061 1201
f 1061 1062 1201
f 1062 1063 1201
f 929 930 1062
f 930 931 1062
f 931 932 1062
f 1062 932 1063
f 789 790 929
f 790 791 929
f 929 791 930
f 1260 1261 1359
f 1260 1126 1261
f 1358 1260 1359
f 1358 1359 1452
f 1452 1359 1453
f 1453 1359 1454
f 1454 1359 1455
f 1454 1455 1529
f 1530 1531 1610
f 1529 1530 1610
f 1528 1529 1610
f 1528 1454 1529
f 1612 1613 1687
f 1687 1613 1688
f 1688 1613 1689
f 1613 1614 1689
f 1611 1612 1687
f 1611 1531 1612
f 1610 1531 1611
f 1688 1689 1757
f 1125 1126 1260
f 1125 35 1126
f 36 35 1124
f 1124 35 1125
f 1123 1124 1259
f 1124 1125 1259
f 1123 1006 1124
f 1006 1007 1124
f 1006 877 1007
f 877 878 1007
f 877 737 878
f 737 738 878
f 737 563 738
f 562 563 737
f 562 561 563
f 561 439 563
f 440 439 441
f 439 294 441
f 294 295 441
f 438 439 561
f 438 294 439
f 294 200 295
f 200 202 295
f 295 202 296
f 202 205 296
f 202 204 205
f 203 204 202
f 204 203 209
f 233 228 234
f 228 229 234
f 209 203 210
f 228 227 229
f 227 152 229
f 229 152 230
f 152 153 230
f 153 154 230
f 154 155 230
f 155 85 230
f 85 83 230
f 230 83 231
f 83 82 231
f 82 81 231
f 231 81 232
f 81 75 232
f 232 75 233
f 75 77 233
f 77 226 233
f 226 227 233
f 227 228 233
f 203 201 210
f 201 199 210
f 210 199 211
f 211 212 241
f 211 199 212
f 212 213 241
f 213 214 241
f 241 214 242
f 241 242 309
f 309 242 310
f 310 311 453
f 453 311 454
f 242 243 310
f 243 244 310
f 310 244 311
f 454 455 593
f 593 455 594
f 311 312 454
f 312 313 454
f 454 313 455
f 455 456 594
f 456 457 594
f 594 457 595
f 457 458 595
f 458 459 595
f 778 777 780
f 921 778 922
f 778 779 922
f 779 778 780
f 920 921 1057
f 1057 921 1058
f 921 922 1058
f 1056 920 1057
f 919 920 1055
f 1055 920 1056
f 1054 919 1055
f 1051 1050 1052
f 1050 1051 1193
f 1052 1053 1195
f 1051 1052 1195
f 1053 1054 1195
f 1196 1054 1198
f 1054 1055 1198
f 1054 1196 1195
f 1390 1292 1391
f 1391 1292 1392
f 1392 1292 1393
f 1292 1293 1393
f 1169 1170 1293
f 1170 1179 1293
f 1293 1294 1393
f 1293 1179 1294
f 1177 1170 1193
f 1177 1178 1170
f 1170 1178 1179
f 1193 1051 1194
f 1304 1193 1305
f 1193 1194 1305
f 1192 1193 1304
f 1192 1177 1193
f 1703 1704 1772
f 1773 1772 1774
f 1772 1704 1774
f 1773 1774 1935
f 1774 1775 1935
f 1935 1775 1936
f 2053 1935 2054
f 1935 1936 2054
f 1392 1393 1483
f 1393 1394 1483
f 1394 1395 1483
f 1395 1396 1483
f 1483 1396 1484
f 1560 1483 1561
f 1483 1484 1561
f 1560 1561 1632
f 1632 1633 1704
f 1633 1634 1704
f 1704 1634 1705
f 1704 1705 1774
f 1632 1561 1633
f 2046 2047 2155
f 2047 2049 2155
f 2155 2049 2156
f 2156 2049 2157
f 2157 2049 2158
f 2045 2046 2153
f 2153 2046 2154
f 2154 2046 2155
f 2425 2308 2426
f 2308 2309 2426
f 2307 2157 2308
f 2157 2158 2308
f 2160 2161 2308
f 2161 2162 2308
f 2308 2162 2309
f 2307 2308 2425
f 2054 2055 2160
f 2160 2055 2161
f 1936 1937 2054
f 2054 1937 2055
f 2152 2153 2304
f 2153 2154 2304
f 2152 2039 2153
f 2039 2040 2153
f 2040 2041 2153
f 1756 26 1757
f 26 1687 1757
f 1687 1688 1757
f 1754 1925 1924
f 1926 1924 1927
f 1924 1925 1927
f 1926 1927 2039
f 2039 1927 2040
f 2040 1927 2041
f 1753 1754 1924
f 1753 1751 1754
f 1751 25 1754
f 25 24 1754
f 1755 1754 1756
f 1754 24 1756
f 24 26 1756
f 789 619 790
f 779 780 924
f 619 620 790
f 619 464 620
f 320 321 463
f 321 322 463
f 463 322 464
f 464 322 465
f 464 465 620
f 318 250 320
f 250 251 320
f 320 251 321
f 317 318 458
f 458 318 459
f 317 250 318
f 923 922 924
f 922 779 924
f 923 924 1060
f 1059 923 1060
f 1059 1060 1201
f 1200 1059 1201
f 1201 1063 1202
f 1200 1201 1309
f 1201 1202 1309
f 1202 1063 1203
f 1063 1064 1203
f 932 933 1063
f 1063 933 1064
f 791 792 930
f 792 793 930
f 930 793 931
f 932 931 933
f 933 931 934
f 931 793 934
f 620 621 790
f 621 622 790
f 790 622 791
f 791 622 792
f 1259 1260 1358
f 1259 1125 1260
f 1357 1259 1358
f 1357 1358 1452
f 1451 32 1452
f 32 34 1452
f 34 1357 1452
f 1451 1452 1527
f 1452 1453 1527
f 1453 1454 1527
f 1527 1454 1528
f 1609 1610 1684
f 1684 1610 1685
f 1610 1611 1685
f 1609 1528 1610
f 1527 1528 1609
f 26 1686 1687
f 1686 1611 1687
f 1685 1611 1686
f 1122 1123 1257
f 1258 1257 1259
f 1257 1123 1259
f 1258 1259 1357
f 1122 1006 1123
f 1005 874 1006
f 874 875 1006
f 875 876 1006
f 876 877 1006
f 1005 1006 1121
f 1121 1006 1122
f 876 737 877
f 736 562 737
f 736 737 876
f 561 562 736
f 560 437 561
f 437 438 561
f 560 561 736
f 197 198 294
f 198 200 294
f 293 294 438
f 293 197 294
f 437 293 438
f 198 199 200
f 199 201 200
f 200 201 202
f 201 203 202
f 226 152 227
f 151 152 226
f 152 151 153
f 151 150 153
f 153 150 154
f 150 148 154
f 148 147 154
f 147 100 154
f 154 100 155
f 155 100 85
f 84 83 85
f 84 85 259
f 85 260 259
f 260 85 261
f 85 157 261
f 100 102 85
f 102 156 85
f 157 85 158
f 85 156 158
f 82 83 84
f 80 81 82
f 80 82 258
f 82 84 258
f 75 81 80
f 75 76 77
f 76 75 80
f 79 77 80
f 77 76 80
f 225 77 256
f 77 79 256
f 225 224 77
f 77 224 226
f 224 86 226
f 86 88 226
f 88 149 226
f 149 151 226
f 199 198 212
f 212 194 213
f 198 196 212
f 196 195 212
f 195 194 212
f 194 138 213
f 213 138 214
f 138 140 214
f 140 141 214
f 141 142 214
f 214 142 215
f 214 215 242
f 242 215 243
f 244 245 311
f 245 246 311
f 311 246 312
f 215 216 243
f 243 216 244
f 244 216 245
f 455 313 456
f 312 247 314
f 246 247 312
f 313 312 314
f 313 314 456
f 314 315 456
f 315 316 456
f 456 316 457
f 316 317 457
f 457 317 458
f 1058 922 1059
f 922 923 1059
f 1056 1057 1200
f 1057 1058 1200
f 1058 1059 1200
f 1055 1056 1199
f 1199 1056 1200
f 1198 1055 1199
f 1194 1051 1195
f 1195 1197 1308
f 1194 1195 1308
f 1195 1196 1197
f 1197 1196 1198
f 1197 1198 1309
f 1198 1199 1309
f 1294 1295 1393
f 1393 1295 1394
f 1176 1172 1179
f 1179 1180 1294
f 1178 1176 1179
f 1179 1172 1180
f 1180 1182 1294
f 1294 1182 1295
f 1178 1177 1190
f 1190 1177 1191
f 1191 1177 1192
f 1176 1178 1190
f 1305 1194 1307
f 1307 1194 1308
f 1303 1304 1399
f 1304 1305 1399
f 1305 1306 1399
f 1303 1192 1304
f 1306 1305 1307
f 1191 1192 1303
f 1775 1774 1776
f 1774 1705 1776
f 1775 1776 1936
f 1937 1936 1938
f 1936 1776 1938
f 1295 1296 1394
f 1394 1296 1395
f 1395 1296 1396
f 1296 1297 1396
f 1396 1297 1397
f 1396 1397 1484
f 1561 1484 1562
f 1484 1397 1485
f 1484 1485 1562
f 1561 1562 1633
f 1562 1563 1633
f 1563 1565 1633
f 1633 1565 1634
f 1634 1706 1705
f 1706 1634 1709
f 1634 1635 1709
f 1634 1565 1635
f 1705 1706 1707
f 1705 1707 1776
f 2154 2155 2305
f 2155 2156 2305
f 2305 2156 2306
f 2156 2157 2306
f 2306 2157 2307
f 2304 2154 2305
f 2424 2307 2425
f 2309 2310 2426
f 2424 2425 2547
f 2547 2425 2548
f 2425 2426 2548
f 2310 2312 2426
f 2312 2311 2426
f 2426 2311 2427
f 2426 2427 2548
f 2162 2163 2309
f 2163 2164 2309
f 2309 2164 2310
f 2306 2307 2424
f 2161 2055 2163
f 2162 2161 2163
f 2055 2056 2163
f 1937 1938 2055
f 2055 1938 2056
f 2151 2152 2303
f 2303 2152 2304
f 2151 2039 2152
f 2303 2304 2424
f 2304 2305 2424
f 2038 2039 2151
f 2038 1926 2039
f 24 25 26
f 1686 26 1750
f 26 25 1750
f 1923 1753 1924
f 1923 1924 2038
f 1924 1926 2038
f 1752 1753 1921
f 1921 1753 1923
f 1752 1751 1753
f 1750 25 1751
f 1750 1751 1919
f 1751 1752 1919
f 465 466 620
f 466 467 620
f 620 467 621
f 322 321 323
f 321 251 323
f 322 323 465
f 323 324 465
f 465 324 466
f 249 250 317
f 249 222 250
f 250 222 251
f 251 252 323
f 222 223 251
f 251 223 252
f 316 315 317
f 315 248 317
f 248 249 317
f 1199 1200 1309
f 1202 1203 1309
f 1309 1204 1310
f 1308 1309 1402
f 1309 1310 1402
f 1308 1197 1309
f 1203 1204 1309
f 1064 1065 1203
f 1065 1066 1203
f 1203 1066 1204
f 933 934 1064
f 1064 934 1065
f 622 623 792
f 792 623 793
f 623 624 793
f 624 625 793
f 793 625 794
f 793 794 934
f 934 935 1065
f 934 794 935
f 467 468 621
f 468 469 621
f 469 470 621
f 621 470 622
f 622 470 623
f 34 1258 1357
f 32 33 34
f 1450 33 1451
f 33 32 1451
f 1450 1451 1525
f 1525 1451 1527
f 1356 1258 34
f 1356 34 1448
f 34 33 1448
f 1526 1525 1527
f 1526 1527 1609
f 1608 1609 1684
f 1683 1684 1749
f 1684 1685 1749
f 1683 1608 1684
f 1608 1607 1609
f 1607 1525 1609
f 1525 1526 1609
f 1685 1686 1749
f 1749 1686 1750
f 1121 1122 1256
f 1256 1122 1257
f 1256 1257 1356
f 1257 1258 1356
f 1004 872 1005
f 872 873 1005
f 873 874 1005
f 1004 1005 1121
f 874 873 875
f 875 735 876
f 873 734 875
f 734 735 875
f 735 736 876
f 1120 1121 1256
f 1001 1002 1121
f 1003 1004 1121
f 1120 1001 1121
f 1002 1003 1121
f 735 559 736
f 559 560 736
f 559 434 560
f 434 435 560
f 435 436 560
f 436 437 560
f 436 291 437
f 291 292 437
f 292 293 437
f 195 196 197
f 197 196 198
f 195 197 293
f 292 195 293
f 149 150 151
f 148 150 149
f 147 148 218
f 218 148 219
f 148 88 219
f 88 148 149
f 146 147 218
f 146 100 147
f 101 100 146
f 100 101 102
f 258 84 259
f 259 260 261
f 258 259 330
f 259 261 330
f 157 158 261
f 158 159 261
f 261 159 262
f 330 261 332
f 261 262 332
f 156 102 180
f 180 102 181
f 102 104 181
f 101 103 102
f 102 103 104
f 99 156 180
f 156 99 158
f 99 92 158
f 92 91 158
f 159 158 160
f 158 91 160
f 78 79 80
f 78 80 258
f 257 78 258
f 257 258 330
f 256 79 257
f 79 78 257
f 253 225 255
f 255 225 256
f 256 257 329
f 255 256 329
f 223 224 225
f 223 225 252
f 252 225 253
f 86 224 223
f 86 87 88
f 87 86 222
f 222 86 223
f 219 88 221
f 88 87 221
f 193 138 194
f 193 194 292
f 194 195 292
f 138 139 140
f 139 138 193
f 139 137 140
f 137 133 140
f 133 114 140
f 114 116 140
f 140 116 141
f 116 117 141
f 141 117 142
f 117 118 142
f 118 119 142
f 142 119 143
f 142 143 215
f 143 144 215
f 215 144 216
f 216 217 245
f 217 218 245
f 218 219 245
f 246 245 247
f 245 219 247
f 216 144 217
f 314 247 315
f 247 248 315
f 219 220 247
f 220 221 247
f 247 221 248
f 1307 1308 1402
f 1182 1183 1295
f 1295 1183 1296
f 1172 1171 1180
f 1175 1176 1190
f 1171 1172 1173
f 1173 1172 1175
f 1175 1172 1176
f 1171 1181 1180
f 1180 1181 1182
f 1182 1181 1183
f 1189 1190 1301
f 1301 1190 1302
f 1190 1191 1302
f 1189 1175 1190
f 1302 1191 1303
f 1306 1307 1402
f 1399 1306 1400
f 1398 1399 1486
f 1399 1400 1486
f 1302 1303 1398
f 1398 1303 1399
f 1400 1306 1401
f 1401 1306 1402
f 1776 1777 1938
f 1776 1707 1777
f 1938 1777 1939
f 1938 1939 2056
f 1296 1183 1297
f 1297 1183 1298
f 1297 1298 1397
f 1298 1299 1397
f 1299 1300 1397
f 1397 1300 1398
f 1397 1398 1485
f 1562 1485 1563
f 1485 1486 1563
f 1485 1398 1486
f 1486 1487 1563
f 1487 1564 1563
f 1563 1564 1565
f 1565 1564 1566
f 1565 1566 1638
f 1635 1565 1638
f 1707 1706 1709
f 1708 1709 1778
f 1709 1710 1778
f 1708 1707 1709
f 1635 1636 1709
f 1709 1636 1710
f 1636 1635 1637
f 1637 1635 1638
f 1707 1708 1777
f 2305 2306 2424
f 2423 2424 2547
f 2423 2303 2424
f 2164 2165 2310
f 2165 2166 2310
f 2312 2310 2313
f 2310 2166 2313
f 2546 2423 2547
f 2546 2547 2682
f 2547 2548 2682
f 2427 2429 2548
f 2548 2429 2549
f 2548 2549 2682
f 2311 2312 2313
f 2311 2428 2427
f 2428 2311 2431
f 2311 2313 2431
f 2427 2428 2429
f 2056 2057 2163
f 2057 2058 2163
f 2163 2058 2164
f 2164 2058 2165
f 1939 1940 2056
f 1940 1941 2056
f 2056 1941 2057
f 2302 2150 2303
f 2150 2151 2303
f 2150 2037 2151
f 2037 2038 2151
f 2302 2303 2422
f 2422 2303 2423
f 2037 1923 2038
f 1749 1750 1918
f 1918 1750 1919
f 1922 1921 1923
f 1922 1923 2036
f 2036 1923 2037
f 1920 1752 1921
f 1920 1921 2031
f 1921 1922 2031
f 1919 1752 1920
f 1918 1919 2028
f 1919 1920 2028
f 324 325 466
f 325 326 466
f 466 326 467
f 467 326 468
f 323 252 324
f 252 253 324
f 253 254 324
f 324 254 325
f 248 221 249
f 221 222 249
f 221 87 222
f 1310 1204 1311
f 1204 1205 1311
f 1310 1311 1402
f 1204 1066 1205
f 1401 1402 1489
f 1402 1403 1489
f 1402 1311 1403
f 935 936 1065
f 1065 936 1066
f 1066 1067 1205
f 1066 936 1067
f 623 470 624
f 470 471 624
f 624 471 625
f 625 471 626
f 625 626 794
f 626 627 794
f 794 627 795
f 794 795 935
f 935 796 936
f 795 796 935
f 326 327 468
f 327 328 468
f 328 329 468
f 468 329 469
f 329 330 469
f 330 331 469
f 331 332 469
f 332 333 469
f 333 335 469
f 469 335 470
f 335 334 470
f 470 334 471
f 1448 33 1450
f 1449 1448 1450
f 1449 1450 1525
f 1524 1449 1525
f 1524 1525 1607
f 1255 1256 1356
f 1355 1356 1448
f 1355 1254 1356
f 1254 1255 1356
f 1447 1355 1448
f 1447 1448 1522
f 1448 1449 1522
f 1607 1608 1683
f 1748 1749 1917
f 1748 1682 1749
f 1682 1683 1749
f 1917 1749 1918
f 1682 1606 1683
f 1606 1607 1683
f 1606 1605 1607
f 1605 1524 1607
f 1255 1120 1256
f 1003 870 1004
f 870 871 1004
f 871 872 1004
f 871 732 872
f 732 733 872
f 733 734 872
f 872 734 873
f 734 558 735
f 558 559 735
f 733 557 734
f 557 558 734
f 1119 998 1120
f 998 999 1120
f 999 1000 1120
f 1000 1001 1120
f 1119 1120 1255
f 1001 1000 1002
f 1000 868 1002
f 868 869 1002
f 1002 869 1003
f 869 870 1003
f 558 434 559
f 434 433 435
f 433 434 558
f 433 286 435
f 286 287 435
f 287 288 435
f 288 289 435
f 435 289 436
f 289 290 436
f 290 291 436
f 291 290 292
f 290 191 292
f 191 192 292
f 192 193 292
f 217 146 218
f 220 219 221
f 145 146 217
f 145 103 146
f 103 101 146
f 329 257 330
f 331 330 332
f 262 159 263
f 159 160 263
f 332 262 333
f 262 263 333
f 179 178 180
f 178 99 180
f 179 180 283
f 180 181 283
f 181 104 182
f 181 182 283
f 120 105 104
f 104 105 121
f 104 121 182
f 120 104 145
f 104 103 145
f 98 99 177
f 99 178 177
f 98 93 99
f 93 92 99
f 92 93 91
f 160 91 161
f 91 90 161
f 89 90 91
f 95 91 98
f 91 93 98
f 89 91 167
f 91 95 167
f 160 161 263
f 254 253 255
f 254 255 328
f 328 255 329
f 192 137 193
f 137 139 193
f 136 137 192
f 136 135 137
f 135 133 137
f 133 135 189
f 132 133 189
f 132 131 133
f 131 114 133
f 115 114 131
f 114 115 116
f 115 113 116
f 116 113 117
f 113 108 117
f 117 108 118
f 108 107 118
f 118 107 119
f 107 106 119
f 119 106 120
f 119 120 143
f 144 143 145
f 143 120 145
f 144 145 217
f 1183 1184 1298
f 1183 1181 1184
f 1181 1171 1184
f 1171 1173 1184
f 1174 1175 1189
f 1174 1173 1175
f 1184 1173 1186
f 1173 1174 1186
f 1188 1189 1300
f 1300 1189 1301
f 1188 1174 1189
f 1300 1301 1398
f 1301 1302 1398
f 1486 1400 1487
f 1400 1401 1487
f 1487 1401 1488
f 1488 1401 1489
f 1777 1708 1778
f 1777 1778 1939
f 1778 1779 1939
f 1779 1780 1939
f 1939 1780 1940
f 1184 1185 1298
f 1185 1186 1298
f 1186 1187 1298
f 1298 1187 1299
f 1187 1188 1299
f 1299 1188 1300
f 1564 1487 1566
f 1566 1487 1567
f 1487 1488 1567
f 1566 1567 1638
f 1567 1568 1638
f 1568 1639 1638
f 1638 1639 1640
f 1637 1638 1711
f 1638 1640 1711
f 1778 1710 1779
f 1710 1711 1779
f 1636 1637 1710
f 1710 1637 1711
f 2422 2423 2546
f 2058 2059 2165
f 2059 2060 2165
f 2166 2165 2167
f 2167 2165 2168
f 2165 2060 2168
f 2166 2167 2313
f 2431 2313 2432
f 2313 2314 2432
f 2167 2168 2313
f 2168 2169 2313
f 2169 2171 2313
f 2313 2171 2314
f 2545 2546 2682
f 2545 2421 2546
f 2421 2422 2546
f 2681 2545 2682
f 2682 2549 2683
f 2681 2682 2763
f 2682 2683 2763
f 2429 2428 2430
f 2429 2430 2549
f 2549 2430 2550
f 2683 2549 2684
f 2684 2549 2685
f 2549 2550 2685
f 2430 2428 2431
f 2430 2431 2552
f 2431 2432 2552
f 2057 1941 2058
f 2058 1941 2059
f 1780 1781 1940
f 1781 1782 1940
f 1782 1783 1940
f 1940 1783 1941
f 1941 1942 2059
f 1941 1783 1942
f 2149 2036 2150
f 2036 2037 2150
f 2301 2302 2421
f 2421 2302 2422
f 2301 2149 2302
f 2149 2150 2302
f 2027 1918 2028
f 1917 1918 2027
f 1922 2032 2031
f 2032 1922 2034
f 2034 1922 2036
f 2035 2036 2149
f 2035 2034 2036
f 2028 1920 2029
f 2029 1920 2031
f 2030 2029 2031
f 2031 2032 2033
f 2030 2031 2146
f 2031 2033 2146
f 2027 2028 2142
f 2028 2029 2142
f 326 325 327
f 325 254 327
f 327 254 328
f 1205 1206 1311
f 1311 1206 1312
f 1403 1311 1404
f 1311 1312 1404
f 1067 1068 1205
f 1068 1069 1205
f 1206 1205 1207
f 1207 1205 1208
f 1205 1069 1208
f 1489 1403 1490
f 1488 1489 1569
f 1489 1490 1569
f 1403 1404 1490
f 796 797 936
f 937 936 938
f 936 797 938
f 936 937 1067
f 1067 937 1068
f 626 471 628
f 471 472 628
f 471 334 472
f 627 626 628
f 627 628 795
f 795 628 796
f 628 629 796
f 629 630 796
f 796 630 797
f 263 264 333
f 335 333 336
f 333 264 336
f 334 335 336
f 334 336 472
f 1522 1449 1524
f 1523 1522 1524
f 1523 1524 1605
f 1254 1119 1255
f 1354 1355 1446
f 1446 1355 1447
f 1354 1253 1355
f 1253 1254 1355
f 1253 1119 1254
f 1446 1447 1522
f 1521 1445 1522
f 1445 1446 1522
f 1521 1522 1603
f 1522 1523 1603
f 1747 1682 1748
f 1916 1917 2025
f 2025 1917 2026
f 2026 1917 2027
f 1747 1748 1916
f 1916 1748 1917
f 1681 1682 1747
f 1681 1606 1682
f 1605 1606 1681
f 1604 1605 1681
f 1604 1523 1605
f 869 730 870
f 730 731 870
f 870 731 871
f 731 732 871
f 731 554 732
f 554 555 732
f 732 555 733
f 555 556 733
f 556 557 733
f 557 432 558
f 432 433 558
f 556 430 557
f 430 431 557
f 431 432 557
f 997 865 998
f 998 865 999
f 997 998 1117
f 1117 998 1118
f 1118 998 1119
f 1118 1119 1253
f 865 866 999
f 866 867 999
f 999 867 1000
f 867 868 1000
f 867 729 868
f 868 729 869
f 729 730 869
f 432 73 433
f 73 74 433
f 74 286 433
f 285 286 421
f 421 286 422
f 422 286 424
f 424 286 425
f 286 74 425
f 285 185 286
f 185 186 286
f 286 186 287
f 186 187 287
f 287 187 288
f 187 188 288
f 188 189 288
f 189 190 288
f 288 190 289
f 289 190 290
f 190 191 290
f 190 136 191
f 191 136 192
f 161 162 263
f 264 263 265
f 263 162 265
f 177 178 179
f 177 179 281
f 281 179 282
f 282 179 283
f 283 183 284
f 282 283 421
f 283 284 421
f 182 183 283
f 121 122 182
f 182 122 183
f 106 105 120
f 121 105 122
f 105 107 122
f 105 106 107
f 176 98 177
f 97 95 98
f 176 177 280
f 280 177 281
f 97 98 176
f 90 89 161
f 162 161 163
f 161 89 163
f 163 89 166
f 166 89 167
f 94 95 96
f 96 95 97
f 95 94 167
f 166 167 270
f 167 168 270
f 167 94 168
f 134 136 190
f 134 135 136
f 135 134 189
f 189 134 190
f 188 132 189
f 131 132 188
f 130 131 188
f 130 115 131
f 113 115 130
f 112 113 130
f 112 108 113
f 107 108 109
f 109 108 111
f 111 108 112
f 107 109 122
f 1185 1184 1186
f 1186 1174 1187
f 1187 1174 1188
f 1567 1488 1569
f 1711 1712 1779
f 1779 1712 1780
f 1780 1712 1781
f 1568 1567 1569
f 1639 1568 1641
f 1641 1568 1642
f 1568 1569 1642
f 1640 1639 1641
f 1640 1641 1711
f 1711 1641 1712
f 1942 1943 2059
f 1943 1944 2059
f 1944 1945 2059
f 2059 1945 2060
f 2060 2061 2168
f 2060 1945 2061
f 2061 2062 2168
f 2168 2062 2169
f 2432 2314 2433
f 2552 2432 2553
f 2553 2432 2554
f 2432 2433 2554
f 2314 2171 2315
f 2314 2315 2433
f 2171 2169 2172
f 2169 2062 2172
f 2171 2170 2315
f 2170 2171 2172
f 2544 2545 2681
f 2544 2421 2545
f 2420 2300 2421
f 2300 2301 2421
f 2420 2421 2544
f 2680 2681 2763
f 2680 2679 2681
f 2679 2543 2681
f 2543 2544 2681
f 2683 2684 2763
f 2762 2680 2763
f 2763 2684 2764
f 2762 2763 2839
f 2763 2764 2839
f 2550 2430 2552
f 2551 2550 2552
f 2685 2550 2686
f 2550 2551 2686
f 2684 2685 2764
f 2764 2685 2766
f 2685 2686 2766
f 2551 2552 2687
f 2687 2552 2688
f 2552 2553 2688
f 1781 1712 1782
f 1712 1713 1782
f 1713 1714 1782
f 1714 1715 1782
f 1783 1782 1784
f 1782 1715 1784
f 1783 1784 1942
f 1785 1786 1942
f 1942 1786 1943
f 1784 1785 1942
f 2148 2149 2301
f 2148 2035 2149
f 2300 2148 2301
f 2026 2027 2142
f 2033 2032 2034
f 2033 2034 2147
f 2147 2034 2148
f 2034 2035 2148
f 2142 2029 2144
f 2029 2030 2144
f 2144 2030 2145
f 2145 2030 2146
f 2146 2033 2147
f 2145 2146 2292
f 2292 2146 2293
f 2293 2146 2294
f 2294 2146 2295
f 2295 2146 2296
f 2146 2147 2296
f 2141 2142 2290
f 2142 2143 2290
f 2141 2024 2142
f 2024 2025 2142
f 2025 2026 2142
f 2143 2142 2144
f 1206 1207 1312
f 1312 1207 1313
f 1404 1312 1405
f 1312 1313 1405
f 1404 1405 1490
f 1068 939 1070
f 937 938 1068
f 938 939 1068
f 1069 1068 1070
f 1069 1070 1209
f 1208 1069 1209
f 1313 1207 1314
f 1207 1208 1314
f 1208 1209 1314
f 1490 1405 1491
f 1569 1490 1570
f 1490 1491 1570
f 1642 1569 1643
f 1569 1570 1643
f 797 798 938
f 797 630 798
f 798 799 938
f 938 799 939
f 472 474 628
f 474 475 628
f 475 476 628
f 628 476 629
f 336 337 472
f 337 473 472
f 472 473 474
f 630 629 631
f 629 476 631
f 630 631 798
f 336 264 337
f 264 265 337
f 1603 1523 1604
f 1353 1354 1445
f 1445 1354 1446
f 1353 1253 1354
f 1252 1253 1353
f 1252 1118 1253
f 1444 1443 1445
f 1443 1352 1445
f 1352 1353 1445
f 1520 1442 1521
f 1442 1443 1521
f 1443 1444 1521
f 1444 1445 1521
f 1520 1521 1603
f 1602 1520 1603
f 1602 1603 1680
f 1603 1604 1680
f 1746 1681 1747
f 1746 1747 1916
f 1914 1915 2025
f 1915 1916 2025
f 1915 1745 1916
f 1745 1746 1916
f 2024 1914 2025
f 1680 1681 1746
f 1680 1604 1681
f 729 728 730
f 728 702 730
f 702 554 730
f 730 554 731
f 553 554 707
f 707 554 708
f 708 554 709
f 554 702 709
f 553 56 554
f 554 56 555
f 555 56 556
f 56 55 556
f 55 57 556
f 57 429 556
f 429 430 556
f 431 70 432
f 70 71 432
f 71 72 432
f 72 73 432
f 430 69 431
f 429 69 430
f 69 70 431
f 996 862 997
f 862 864 997
f 864 865 997
f 996 997 1117
f 865 864 866
f 1116 996 1117
f 1116 1117 1252
f 1117 1118 1252
f 864 861 866
f 861 726 866
f 726 727 866
f 866 727 867
f 727 728 867
f 728 729 867
f 73 59 74
f 72 59 73
f 74 59 425
f 420 282 421
f 284 285 421
f 420 421 545
f 421 422 545
f 284 184 285
f 184 185 285
f 423 422 424
f 422 423 545
f 423 424 548
f 424 425 548
f 59 58 425
f 425 58 426
f 548 425 550
f 425 426 550
f 184 127 185
f 185 127 186
f 127 128 186
f 128 129 186
f 187 186 188
f 186 129 188
f 129 130 188
f 162 163 265
f 337 265 338
f 265 266 338
f 265 163 266
f 281 282 414
f 280 281 413
f 413 281 414
f 282 415 414
f 415 282 420
f 183 184 284
f 122 123 183
f 123 124 183
f 124 125 183
f 125 126 183
f 183 126 184
f 122 109 123
f 175 176 280
f 175 96 176
f 96 97 176
f 412 280 413
f 279 175 280
f 279 280 411
f 411 280 412
f 165 163 166
f 163 165 266
f 164 166 270
f 164 165 166
f 168 94 169
f 169 94 170
f 170 94 171
f 171 94 174
f 174 94 175
f 94 96 175
f 269 164 270
f 271 270 272
f 272 270 273
f 270 168 273
f 269 270 342
f 270 271 342
f 273 168 274
f 274 168 275
f 168 169 275
f 129 112 130
f 111 112 128
f 128 112 129
f 123 109 124
f 109 110 124
f 110 109 111
f 110 111 124
f 124 111 125
f 125 111 127
f 127 111 128
f 1641 1642 1712
f 1712 1642 1713
f 1642 1643 1713
f 1786 1787 1943
f 1943 1787 1944
f 1787 1788 1944
f 1944 1788 1945
f 1945 1946 2061
f 1945 1788 1946
f 2061 1946 2062
f 2062 1946 2063
f 2062 2063 2172
f 2433 2315 2434
f 2433 2434 2554
f 2553 2554 2688
f 2554 2434 2555
f 2688 2554 2689
f 2554 2555 2689
f 2315 2170 2316
f 2434 2315 2435
f 2315 2316 2435
f 2170 2172 2316
f 2172 2173 2316
f 2172 2063 2173
f 2543 2420 2544
f 2299 2147 2300
f 2147 2148 2300
f 2419 2299 2420
f 2299 2300 2420
f 2419 2420 2543
f 2679 2680 2762
f 2678 2679 2762
f 2678 2677 2679
f 2677 2542 2679
f 2542 2543 2679
f 2542 2419 2543
f 2761 2678 2762
f 2761 2762 2839
f 2765 2764 2766
f 2764 2765 2839
f 2838 2761 2839
f 2686 2551 2687
f 2766 2686 2767
f 2686 2687 2767
f 2766 2767 2840
f 2767 2687 2768
f 2687 2688 2768
f 2688 2689 2768
f 1643 1644 1713
f 1644 1645 1713
f 1713 1645 1714
f 1645 1647 1714
f 1647 1646 1714
f 1714 1646 1715
f 1648 1649 1715
f 1715 1649 1716
f 1784 1715 1785
f 1715 1716 1785
f 1646 1648 1715
f 1716 1717 1785
f 1785 1717 1786
f 1717 1718 1786
f 1718 1719 1786
f 1719 1720 1786
f 1786 1720 1787
f 2296 2147 2297
f 2297 2147 2298
f 2298 2147 2299
f 2143 2144 2292
f 2144 2145 2292
f 2292 2293 2409
f 2291 2143 2292
f 2291 2292 2409
f 2409 2293 2410
f 2293 2294 2410
f 2410 2294 2411
f 2411 2294 2415
f 2294 2295 2415
f 2295 2296 2415
f 2415 2296 2417
f 2296 2297 2417
f 2140 2141 2289
f 2289 2141 2290
f 2290 2143 2291
f 2289 2290 2407
f 2407 2290 2408
f 2290 2291 2408
f 2140 2022 2141
f 2022 2023 2141
f 2023 2024 2141
f 2023 1914 2024
f 1405 1313 1406
f 1313 1314 1406
f 1405 1406 1491
f 939 940 1070
f 1070 940 1071
f 1070 1071 1211
f 799 800 939
f 939 800 940
f 1209 1070 1210
f 1210 1070 1211
f 1314 1209 1315
f 1209 1210 1315
f 1314 1315 1406
f 1406 1407 1491
f 1491 1407 1492
f 1570 1491 1571
f 1491 1492 1571
f 1570 1571 1643
f 1643 1571 1644
f 634 633 798
f 798 633 799
f 631 636 798
f 636 634 798
f 799 633 800
f 474 473 475
f 473 337 475
f 337 338 475
f 475 338 476
f 338 339 476
f 339 340 476
f 476 340 477
f 476 477 631
f 631 632 635
f 477 478 631
f 478 479 631
f 479 480 631
f 480 632 631
f 636 631 635
f 1352 1250 1353
f 1250 1251 1353
f 1251 1252 1353
f 1251 1116 1252
f 1442 1441 1443
f 1441 1349 1443
f 1349 1350 1443
f 1350 1351 1443
f 1351 1352 1443
f 1351 1249 1352
f 1249 1250 1352
f 1519 1440 1520
f 1440 1441 1520
f 1441 1442 1520
f 1519 1520 1602
f 1601 1519 1602
f 1601 1602 1680
f 1679 1601 1680
f 1679 1680 1746
f 1745 1679 1746
f 1914 1913 1915
f 1913 1743 1915
f 1743 1744 1915
f 1744 1745 1915
f 1913 1914 2023
f 1744 1679 1745
f 727 701 728
f 701 702 728
f 709 702 710
f 702 703 710
f 701 548 702
f 702 548 703
f 706 551 707
f 551 552 707
f 552 553 707
f 706 707 718
f 718 707 719
f 707 708 719
f 552 427 553
f 427 428 553
f 428 57 553
f 57 56 553
f 708 709 719
f 709 710 719
f 55 56 57
f 428 67 57
f 57 67 429
f 67 68 429
f 68 69 429
f 70 69 71
f 69 61 71
f 61 63 71
f 71 63 72
f 63 60 72
f 60 59 72
f 68 61 69
f 995 996 1115
f 1115 996 1116
f 862 863 864
f 995 860 996
f 860 861 996
f 861 863 996
f 863 862 996
f 863 861 864
f 1115 1116 1251
f 860 722 861
f 722 723 861
f 723 724 861
f 724 725 861
f 725 726 861
f 725 697 726
f 697 698 726
f 698 699 726
f 699 700 726
f 726 700 727
f 700 701 727
f 58 59 60
f 419 415 420
f 419 420 545
f 544 419 545
f 545 423 546
f 544 545 699
f 545 546 699
f 126 127 184
f 546 423 547
f 547 423 548
f 549 548 550
f 547 548 701
f 703 548 704
f 548 549 704
f 58 60 426
f 426 65 427
f 60 65 426
f 550 426 552
f 426 427 552
f 549 550 706
f 550 551 706
f 551 550 552
f 126 125 127
f 338 266 339
f 266 267 339
f 266 165 267
f 416 414 417
f 414 415 417
f 413 414 540
f 414 416 540
f 539 413 540
f 412 413 539
f 417 415 418
f 418 415 419
f 174 175 279
f 411 412 537
f 537 412 538
f 538 412 539
f 278 174 279
f 278 279 411
f 536 411 537
f 534 411 536
f 410 411 534
f 410 278 411
f 267 165 268
f 165 164 268
f 268 164 269
f 169 170 275
f 170 171 275
f 171 172 275
f 172 171 173
f 173 171 174
f 173 174 277
f 277 174 278
f 268 269 341
f 341 269 342
f 342 271 343
f 343 271 344
f 344 271 345
f 271 272 345
f 272 273 345
f 273 274 345
f 341 342 479
f 479 342 481
f 342 343 481
f 274 275 345
f 275 172 276
f 275 276 345
f 1788 1787 1789
f 1787 1722 1789
f 1720 1721 1787
f 1721 1722 1787
f 1946 1788 1948
f 1788 1789 1948
f 2063 1946 2064
f 1946 1947 2064
f 1947 1946 1948
f 2063 2064 2173
f 2434 2435 2555
f 2555 2435 2556
f 2555 2556 2689
f 2689 2556 2690
f 2689 2690 2768
f 2173 2175 2316
f 2175 2177 2316
f 2177 2176 2316
f 2316 2176 2317
f 2316 2317 2435
f 2435 2317 2436
f 2435 2436 2556
f 2064 2174 2173
f 2173 2174 2175
f 2298 2299 2419
f 2418 2298 2419
f 2418 2419 2542
f 2677 2678 2761
f 2676 2677 2761
f 2676 2541 2677
f 2541 2542 2677
f 2541 2418 2542
f 2760 2674 2761
f 2674 2676 2761
f 2760 2761 2837
f 2837 2761 2838
f 2767 2768 2840
f 2840 2768 2841
f 2690 2691 2768
f 2768 2691 2769
f 1571 1572 1644
f 1572 1573 1644
f 1644 1573 1645
f 1573 1574 1645
f 1647 1645 1649
f 1645 1574 1649
f 1646 1647 1648
f 1648 1647 1649
f 1649 1650 1716
f 1574 1575 1649
f 1649 1575 1650
f 1716 1650 1717
f 1717 1650 1718
f 1718 1650 1719
f 1650 1651 1719
f 1651 1652 1719
f 1652 1653 1719
f 1653 1654 1719
f 1719 1654 1720
f 1720 1654 1721
f 2417 2297 2418
f 2297 2298 2418
f 2408 2409 2531
f 2531 2409 2532
f 2409 2410 2532
f 2408 2291 2409
f 2410 2411 2532
f 2413 2411 2414
f 2414 2411 2415
f 2411 2413 2532
f 2416 2415 2417
f 2414 2415 2536
f 2536 2415 2537
f 2415 2416 2537
f 2416 2417 2539
f 2539 2417 2541
f 2417 2418 2541
f 2288 2138 2289
f 2138 2139 2140
f 2139 2137 2140
f 2137 2020 2140
f 2020 2021 2140
f 2021 2022 2140
f 2138 2140 2289
f 2288 2289 2406
f 2406 2289 2407
f 2528 2407 2530
f 2407 2408 2530
f 2407 2528 2527
f 2406 2407 2527
f 2530 2408 2531
f 2021 1912 2022
f 2022 1912 2023
f 1912 1913 2023
f 1315 1316 1406
f 1406 1316 1407
f 940 941 1071
f 800 801 940
f 940 801 941
f 941 942 1071
f 1071 942 1072
f 1071 1072 1211
f 1211 1072 1212
f 1210 1211 1317
f 1211 1212 1317
f 800 633 801
f 1315 1210 1317
f 1316 1315 1317
f 1407 1408 1492
f 1316 1317 1407
f 1317 1318 1407
f 1407 1318 1408
f 1492 1408 1493
f 1492 1493 1571
f 1571 1493 1572
f 633 635 801
f 633 634 635
f 634 636 635
f 339 267 340
f 340 267 341
f 477 340 478
f 340 341 478
f 801 635 802
f 635 637 802
f 635 632 637
f 632 480 637
f 478 341 479
f 480 479 481
f 637 480 638
f 480 481 638
f 1249 1112 1250
f 1112 1113 1250
f 1250 1113 1251
f 1113 1114 1251
f 1114 1115 1251
f 1440 1348 1441
f 1348 1349 1441
f 1348 1243 1349
f 1243 1244 1349
f 1349 1244 1350
f 1244 1245 1350
f 1350 1245 1351
f 1245 1246 1351
f 1246 1247 1351
f 1247 1248 1351
f 1248 1249 1351
f 1248 1112 1249
f 1439 1440 1518
f 1518 1440 1519
f 1518 1519 1601
f 1439 1348 1440
f 1600 1599 1601
f 1599 1517 1601
f 1517 1518 1601
f 1600 1601 1679
f 1678 1600 1679
f 1678 1679 1744
f 1912 1742 1913
f 1742 1743 1913
f 1742 1674 1743
f 1743 1674 1744
f 1674 1675 1744
f 1675 1676 1744
f 1676 1677 1744
f 1677 1678 1744
f 700 547 701
f 710 703 711
f 710 711 719
f 711 703 712
f 703 704 712
f 705 549 706
f 705 706 716
f 716 706 717
f 717 706 718
f 717 718 859
f 718 719 859
f 719 720 859
f 719 711 720
f 427 65 428
f 65 66 428
f 66 67 428
f 67 66 68
f 66 62 68
f 62 61 68
f 61 62 63
f 62 64 63
f 60 63 65
f 63 64 65
f 1114 994 1115
f 994 995 1115
f 994 857 995
f 857 858 995
f 858 859 995
f 859 860 995
f 859 721 860
f 721 722 860
f 722 720 723
f 721 720 722
f 720 711 723
f 723 711 724
f 711 712 724
f 712 713 724
f 724 713 725
f 713 696 725
f 696 697 725
f 696 542 697
f 697 542 698
f 542 544 698
f 698 544 699
f 699 546 700
f 546 547 700
f 418 419 541
f 541 419 544
f 542 543 544
f 543 541 544
f 704 549 705
f 704 705 712
f 65 64 66
f 267 268 341
f 540 416 541
f 416 417 541
f 417 418 541
f 539 540 695
f 540 541 695
f 538 539 694
f 694 539 695
f 536 537 692
f 692 537 694
f 537 538 694
f 277 278 410
f 535 536 691
f 691 536 692
f 535 534 536
f 533 534 690
f 534 535 690
f 533 407 534
f 407 408 534
f 408 410 534
f 408 277 410
f 276 172 277
f 172 173 277
f 276 277 408
f 343 344 481
f 481 344 486
f 486 344 487
f 344 345 487
f 345 346 488
f 345 276 346
f 487 345 488
f 482 481 486
f 481 482 483
f 481 483 638
f 347 276 408
f 346 276 347
f 1789 1790 1948
f 1722 1723 1789
f 1789 1723 1790
f 1721 1655 1722
f 1655 1656 1722
f 1656 1657 1722
f 1722 1657 1723
f 1654 1655 1721
f 1948 1790 1949
f 1947 1948 2064
f 1948 1949 2064
f 1949 1950 2064
f 2064 1950 2065
f 2174 2064 2181
f 2064 2065 2181
f 2556 2436 2557
f 2556 2557 2690
f 2557 2558 2690
f 2177 2175 2180
f 2180 2175 2181
f 2175 2174 2181
f 2176 2177 2178
f 2178 2177 2179
f 2179 2177 2180
f 2317 2176 2320
f 2176 2178 2320
f 2317 2318 2319
f 2318 2317 2320
f 2317 2319 2436
f 2557 2436 2558
f 2436 2437 2558
f 2674 2675 2676
f 2675 2673 2676
f 2673 2540 2676
f 2540 2541 2676
f 2540 2539 2541
f 2675 2674 2758
f 2758 2674 2759
f 2759 2674 2760
f 2759 2760 2836
f 2836 2760 2837
f 1493 1494 1572
f 1494 1495 1572
f 1572 1495 1573
f 1495 1496 1573
f 1496 1497 1573
f 1573 1497 1574
f 1575 1574 1576
f 1574 1497 1576
f 1575 1576 1650
f 1650 1576 1651
f 1651 1576 1652
f 1576 1578 1652
f 1652 1578 1653
f 1653 1578 1654
f 1654 1578 1655
f 2531 2532 2662
f 2530 2531 2662
f 2532 2413 2533
f 2662 2532 2663
f 2532 2533 2663
f 2412 2413 2414
f 2533 2413 2534
f 2413 2412 2534
f 2412 2414 2536
f 2537 2416 2538
f 2538 2416 2539
f 2535 2412 2536
f 2535 2536 2666
f 2666 2536 2667
f 2667 2536 2668
f 2536 2537 2668
f 2537 2538 2668
f 2538 2539 2671
f 2671 2539 2673
f 2539 2540 2673
f 2139 2138 2286
f 2286 2138 2287
f 2287 2138 2288
f 2287 2288 2404
f 2404 2288 2405
f 2405 2288 2406
f 2137 2139 2285
f 2285 2139 2286
f 2136 2137 2285
f 2136 2020 2137
f 2019 2020 2136
f 2019 1910 2020
f 1910 1911 2020
f 1911 1912 2020
f 2020 1912 2021
f 2405 2406 2527
f 2661 2530 2662
f 2529 2530 2661
f 2527 2528 2529
f 2529 2528 2530
f 2526 2527 2660
f 2527 2529 2660
f 2526 2405 2527
f 1911 1741 1912
f 1741 1742 1912
f 801 802 941
f 802 803 941
f 942 941 943
f 941 803 943
f 942 943 1072
f 1072 943 1073
f 1072 1073 1212
f 1073 1074 1212
f 1212 1074 1213
f 1212 1213 1317
f 1317 1213 1318
f 1408 1409 1493
f 1318 1319 1408
f 1319 1320 1408
f 1408 1320 1409
f 1213 1214 1318
f 1214 1216 1318
f 1318 1216 1319
f 1493 1409 1494
f 637 638 802
f 638 639 802
f 639 640 802
f 802 640 803
f 483 484 638
f 638 484 639
f 1111 1112 1248
f 1111 1110 1112
f 1110 992 1112
f 1112 992 1113
f 1113 992 1114
f 992 993 1114
f 993 994 1114
f 1347 1241 1348
f 1241 1242 1348
f 1242 1243 1348
f 1347 1348 1439
f 1243 1101 1244
f 1242 1099 1243
f 1099 1100 1243
f 1100 1101 1243
f 1244 1101 1245
f 1101 1102 1245
f 1102 1103 1245
f 1103 1104 1245
f 1245 1104 1246
f 1104 1105 1246
f 1105 1106 1246
f 1246 1106 1247
f 1106 1107 1247
f 1107 1108 1247
f 1108 1109 1247
f 1247 1109 1248
f 1109 1110 1248
f 1110 1111 1248
f 1438 1439 1517
f 1517 1439 1518
f 1438 1437 1439
f 1437 1347 1439
f 1598 30 1599
f 30 31 1599
f 31 1516 1599
f 1516 1517 1599
f 1599 1600 1678
f 1598 1599 1678
f 1516 1438 1517
f 1677 1598 1678
f 1741 1673 1742
f 1673 1674 1742
f 1674 1673 1675
f 1673 1669 1675
f 1675 1669 1676
f 1669 1597 1676
f 1597 1598 1676
f 1676 1598 1677
f 712 705 713
f 713 705 716
f 715 714 716
f 714 713 716
f 715 716 858
f 716 717 858
f 858 717 859
f 720 721 859
f 64 62 66
f 856 857 994
f 993 855 994
f 855 856 994
f 856 715 857
f 857 715 858
f 696 713 714
f 695 542 696
f 695 696 852
f 852 696 853
f 696 714 853
f 543 542 695
f 541 543 695
f 694 695 852
f 693 692 694
f 693 694 851
f 851 694 852
f 691 692 850
f 692 693 850
f 690 535 691
f 690 691 847
f 847 691 848
f 848 691 850
f 689 533 690
f 689 690 847
f 532 406 533
f 406 407 533
f 532 533 689
f 406 362 407
f 362 363 407
f 363 364 407
f 407 364 408
f 364 365 408
f 365 409 408
f 409 347 408
f 485 486 641
f 641 486 642
f 486 487 642
f 485 482 486
f 642 487 643
f 487 488 643
f 346 347 488
f 643 488 644
f 644 488 645
f 488 489 645
f 347 409 488
f 488 409 489
f 483 482 484
f 484 482 485
f 1790 1791 1949
f 1790 1723 1791
f 1657 1658 1723
f 1723 1658 1724
f 1723 1724 1791
f 1581 1582 1655
f 1582 1583 1655
f 1655 1583 1656
f 1578 1579 1655
f 1579 1580 1655
f 1580 1581 1655
f 1583 1584 1656
f 1584 1585 1656
f 1656 1585 1657
f 1657 1585 1658
f 1949 1791 1950
f 1791 1792 1950
f 1950 1792 1951
f 1950 1951 2065
f 1951 1952 2065
f 2065 1952 2066
f 2065 2066 2181
f 2180 2181 2323
f 2181 2182 2323
f 2181 2066 2182
f 2179 2180 2323
f 2320 2178 2321
f 2178 2179 2321
f 2321 2179 2322
f 2322 2179 2323
f 2319 2318 2320
f 2320 2321 2438
f 2673 2675 2758
f 2672 2671 2673
f 2672 2673 2757
f 2757 2673 2758
f 2757 2758 2834
f 2758 2759 2834
f 2834 2759 2835
f 2835 2759 2836
f 2835 2836 2902
f 2901 2902 2957
f 2901 2835 2902
f 1409 1410 1494
f 1410 1411 1494
f 1495 1494 1496
f 1494 1411 1496
f 1411 1412 1496
f 1412 1413 1496
f 1413 1414 1496
f 1496 1414 1497
f 1414 1415 1497
f 1497 1415 1498
f 1497 1498 1576
f 1498 1577 1576
f 1576 1577 1578
f 1578 1577 1579
f 2661 2662 2744
f 2662 2663 2744
f 2533 2534 2663
f 2663 2534 2664
f 2744 2663 2745
f 2663 2664 2745
f 2534 2412 2535
f 2664 2534 2666
f 2534 2535 2666
f 2668 2538 2669
f 2669 2538 2671
f 2665 2664 2666
f 2665 2666 2749
f 2666 2667 2749
f 2749 2667 2750
f 2750 2667 2751
f 2751 2667 2752
f 2667 2668 2752
f 2752 2668 2753
f 2668 2669 2753
f 2670 2669 2671
f 2670 2671 2754
f 2671 2672 2754
f 2285 2286 2401
f 2286 2287 2401
f 2401 2287 2402
f 2402 2287 2404
f 2403 2404 2526
f 2404 2405 2526
f 2403 2402 2404
f 2135 2136 2285
f 2284 2285 2400
f 2400 2285 2401
f 2284 2135 2285
f 2135 2019 2136
f 2018 2019 2135
f 2018 1910 2019
f 1909 1739 1910
f 1739 1740 1910
f 1910 1740 1911
f 1909 1910 2018
f 1740 1741 1911
f 2660 2661 2743
f 2743 2661 2744
f 2660 2529 2661
f 2659 2526 2660
f 2659 2660 2743
f 2525 2403 2526
f 2525 2526 2659
f 1740 1672 1741
f 1672 1673 1741
f 803 640 804
f 803 804 943
f 943 944 1073
f 943 804 944
f 944 945 1073
f 945 946 1073
f 946 947 1073
f 1073 947 1074
f 1074 1075 1213
f 947 948 1074
f 1074 948 1075
f 1213 1075 1214
f 1409 1320 1410
f 1319 1216 1320
f 1320 1216 1321
f 1320 1321 1410
f 1075 1076 1214
f 1076 1215 1214
f 1214 1215 1216
f 1216 1215 1217
f 1216 1217 1321
f 484 485 639
f 639 485 640
f 640 485 641
f 640 641 804
f 1109 990 1110
f 990 991 1110
f 991 992 1110
f 992 991 993
f 991 854 993
f 854 855 993
f 1240 1241 1345
f 1345 1241 1346
f 1346 1241 1347
f 1346 1347 1436
f 1436 1347 1437
f 1240 1098 1241
f 1241 1098 1242
f 1098 1099 1242
f 1100 974 1101
f 974 975 1101
f 975 977 1101
f 977 978 1101
f 1101 978 1102
f 1098 971 1099
f 971 972 1099
f 1099 972 1100
f 972 973 1100
f 973 974 1100
f 1102 978 1103
f 978 979 1103
f 979 980 1103
f 1103 980 1104
f 1105 1104 1106
f 1104 980 1106
f 980 981 1106
f 981 982 1106
f 982 983 1106
f 1106 983 1107
f 983 984 1107
f 1107 984 1108
f 984 985 1108
f 985 986 1108
f 1108 986 1109
f 986 987 1109
f 987 988 1109
f 988 989 1109
f 989 990 1109
f 1437 1438 1516
f 1436 1437 1516
f 1597 29 1598
f 29 30 1598
f 30 29 31
f 29 28 31
f 31 1515 1516
f 1515 31 1593
f 31 28 1593
f 1515 1434 1516
f 1434 1435 1516
f 1435 1436 1516
f 1672 1670 1673
f 1670 1669 1673
f 1668 1669 1736
f 1669 1671 1736
f 1668 1596 1669
f 1596 1597 1669
f 1669 1670 1671
f 1596 27 1597
f 27 29 1597
f 853 714 854
f 854 714 855
f 855 714 856
f 714 715 856
f 851 852 988
f 852 853 988
f 988 853 989
f 853 854 989
f 850 693 851
f 850 851 988
f 849 848 850
f 849 850 985
f 985 850 986
f 986 850 987
f 987 850 988
f 846 689 847
f 846 847 983
f 847 848 983
f 848 849 983
f 687 689 846
f 687 688 689
f 688 686 689
f 686 532 689
f 405 362 406
f 531 405 532
f 405 406 532
f 531 532 686
f 360 361 362
f 361 359 362
f 359 348 362
f 362 348 363
f 360 362 405
f 363 348 364
f 364 348 365
f 409 365 489
f 489 365 490
f 490 365 491
f 365 366 491
f 365 348 366
f 804 641 805
f 641 642 805
f 642 643 805
f 643 644 805
f 644 645 805
f 489 490 645
f 646 645 647
f 645 490 647
f 805 645 806
f 645 646 806
f 1791 1724 1792
f 1585 1586 1658
f 1658 1586 1659
f 1724 1658 1725
f 1658 1659 1725
f 1724 1725 1792
f 1501 1502 1581
f 1502 1503 1581
f 1581 1503 1582
f 1503 1504 1582
f 1582 1504 1583
f 1580 1501 1581
f 1504 1505 1583
f 1505 1506 1583
f 1583 1506 1584
f 1577 1498 1579
f 1498 1499 1579
f 1579 1499 1580
f 1499 1500 1580
f 1500 1501 1580
f 1584 1506 1585
f 1585 1506 1586
f 1792 1725 1793
f 1792 1793 1951
f 1952 1951 1953
f 1951 1793 1953
f 2066 1952 2067
f 1952 1953 2067
f 2066 2067 2182
f 2322 2323 2439
f 2323 2324 2439
f 2323 2182 2326
f 2324 2323 2325
f 2325 2323 2326
f 2067 2068 2182
f 2182 2068 2183
f 2182 2183 2326
f 2754 2672 2756
f 2756 2672 2757
f 2756 2757 2834
f 2833 2756 2834
f 2833 2834 2901
f 2834 2835 2901
f 2900 2901 2956
f 2956 2901 2957
f 2900 2833 2901
f 1321 1322 1410
f 1322 1323 1410
f 1410 1323 1411
f 1411 1323 1412
f 1323 1324 1412
f 1412 1324 1413
f 1324 1325 1413
f 1413 1325 1414
f 1415 1414 1416
f 1414 1325 1416
f 1498 1415 1499
f 1415 1416 1499
f 2743 2744 2820
f 2744 2745 2820
f 2664 2665 2745
f 2745 2665 2746
f 2745 2821 2820
f 2821 2745 2822
f 2745 2746 2822
f 2669 2670 2753
f 2746 2665 2747
f 2747 2665 2748
f 2748 2665 2749
f 2749 2750 2825
f 2748 2749 2825
f 2750 2751 2825
f 2825 2751 2826
f 2751 2752 2826
f 2826 2752 2827
f 2827 2752 2828
f 2752 2753 2828
f 2828 2753 2830
f 2753 2754 2830
f 2753 2670 2754
f 2754 2755 2830
f 2755 2754 2756
f 2400 2401 2525
f 2401 2402 2525
f 2402 2403 2525
f 2134 2018 2135
f 2134 2135 2284
f 2283 2284 2399
f 2399 2284 2400
f 2399 2400 2523
f 2523 2400 2524
f 2524 2400 2525
f 2283 2133 2284
f 2133 2134 2284
f 2017 2018 2134
f 2017 1909 2018
f 23 1739 1908
f 1908 1739 1909
f 1908 1909 2017
f 23 1738 1739
f 1739 1738 1740
f 1738 23 1740
f 23 1737 1740
f 1737 1671 1740
f 1671 1672 1740
f 2742 2659 2743
f 2742 2743 2820
f 2658 2659 2742
f 2658 2524 2659
f 2524 2525 2659
f 1671 1670 1672
f 804 805 944
f 805 806 944
f 944 806 945
f 806 807 945
f 807 808 945
f 945 808 946
f 808 809 946
f 946 809 947
f 809 810 947
f 947 810 948
f 948 949 1075
f 949 950 1075
f 950 951 1075
f 1075 951 1076
f 948 810 949
f 1321 1217 1322
f 1215 1076 1218
f 1076 1077 1218
f 951 952 1076
f 1076 952 1077
f 1217 1215 1218
f 1217 1218 1322
f 989 854 990
f 990 854 991
f 1344 1239 1345
f 1239 1240 1345
f 1344 1345 1436
f 1345 1346 1436
f 1239 1096 1240
f 1096 1097 1240
f 1097 1098 1240
f 1435 1344 1436
f 1097 971 1098
f 973 837 974
f 974 837 975
f 837 838 975
f 838 839 975
f 839 976 975
f 975 976 977
f 977 976 978
f 978 976 979
f 970 971 1097
f 970 835 971
f 971 835 972
f 972 835 973
f 835 836 973
f 836 837 973
f 976 839 979
f 839 840 979
f 840 841 979
f 841 842 979
f 842 843 979
f 979 843 980
f 980 843 981
f 843 844 981
f 844 845 981
f 981 845 982
f 845 846 982
f 982 846 983
f 984 983 985
f 983 849 985
f 27 28 29
f 1593 28 1594
f 28 27 1594
f 1514 1515 1593
f 1514 1433 1515
f 1433 1434 1515
f 1592 1593 1663
f 1593 1594 1663
f 1592 1514 1593
f 1433 1342 1434
f 1434 1342 1435
f 1342 1343 1435
f 1343 1344 1435
f 1667 1668 1731
f 1731 1668 1735
f 1735 1668 1736
f 1736 1671 1737
f 1735 1736 1803
f 1736 1737 1803
f 1667 1596 1668
f 1595 1596 1667
f 1595 27 1596
f 1594 27 1595
f 845 687 846
f 688 687 842
f 842 687 845
f 686 688 842
f 685 686 840
f 840 686 841
f 841 686 842
f 685 530 686
f 530 531 686
f 404 403 405
f 403 359 405
f 359 361 405
f 361 360 405
f 404 405 528
f 528 405 530
f 530 405 531
f 358 354 359
f 354 351 359
f 351 349 359
f 349 348 359
f 358 359 403
f 348 349 350
f 348 350 366
f 490 491 647
f 366 367 491
f 367 492 491
f 491 492 493
f 491 493 647
f 366 350 367
f 806 646 807
f 646 647 807
f 647 493 648
f 647 648 807
f 1506 1507 1586
f 1586 1507 1587
f 1586 1587 1659
f 1587 1588 1659
f 1659 1588 1660
f 1725 1659 1726
f 1659 1660 1726
f 1725 1726 1793
f 1420 1421 1502
f 1502 1421 1503
f 1500 1418 1501
f 1418 1419 1501
f 1419 1420 1501
f 1501 1420 1502
f 1503 1421 1504
f 1421 1422 1504
f 1422 1423 1504
f 1423 1424 1504
f 1424 1425 1504
f 1504 1425 1505
f 1425 1426 1505
f 1505 1426 1506
f 1506 1426 1507
f 1499 1416 1500
f 1416 1417 1500
f 1417 1418 1500
f 1794 1793 1795
f 1793 1726 1795
f 1793 1794 1953
f 1953 1794 1954
f 1953 1954 2067
f 1954 1956 2067
f 2067 1956 2068
f 2324 2325 2439
f 2325 2440 2439
f 2325 2326 2442
f 2442 2326 2443
f 2326 2327 2443
f 2326 2183 2327
f 2440 2325 2441
f 2441 2325 2442
f 2068 2069 2183
f 2068 1956 2069
f 2183 2069 2184
f 2327 2183 2328
f 2183 2184 2328
f 2755 2756 2832
f 2832 2756 2833
f 2832 2833 2899
f 2899 2833 2900
f 2899 2900 2955
f 2955 2900 2956
f 2955 2956 3001
f 2954 2955 3001
f 1322 1220 1323
f 1218 1219 1322
f 1219 1220 1322
f 1323 1220 1324
f 1324 1221 1326
f 1220 1221 1324
f 1325 1324 1326
f 1325 1326 1416
f 1416 1326 1417
f 2819 2741 2820
f 2741 2742 2820
f 2820 2821 2822
f 2819 2820 2881
f 2820 2822 2881
f 2746 2747 2822
f 2881 2822 2882
f 2822 2747 2823
f 2822 2823 2882
f 2823 2747 2824
f 2747 2748 2824
f 2824 2748 2825
f 2824 2825 2890
f 2825 2826 2890
f 2826 2827 2890
f 2890 2827 2891
f 2891 2827 2892
f 2827 2828 2892
f 2829 2828 2830
f 2892 2828 2893
f 2828 2829 2893
f 2830 2755 2831
f 2829 2830 2893
f 2893 2830 2894
f 2830 2831 2894
f 2831 2755 2832
f 2133 2132 2134
f 2132 2016 2134
f 2016 2017 2134
f 2282 2283 2398
f 2398 2283 2399
f 2398 2399 2523
f 2282 2133 2283
f 2522 2398 2523
f 2522 2523 2656
f 2656 2523 2658
f 2523 2524 2658
f 2132 2133 2282
f 2016 1907 2017
f 1907 1908 2017
f 1907 1808 1908
f 1808 1806 1908
f 1806 20 1908
f 20 22 1908
f 22 23 1908
f 1737 23 1805
f 23 21 1805
f 22 21 23
f 1803 1737 1805
f 2657 2658 2742
f 2741 2656 2742
f 2656 2657 2742
f 2657 2656 2658
f 649 650 807
f 807 650 808
f 648 649 807
f 808 650 809
f 650 651 809
f 810 809 811
f 809 651 811
f 810 811 949
f 811 812 949
f 949 812 950
f 950 813 951
f 812 813 950
f 951 813 952
f 1077 1078 1218
f 1078 1079 1218
f 1218 1079 1219
f 1077 952 1078
f 813 814 952
f 814 815 952
f 952 815 953
f 952 953 1078
f 1343 1237 1344
f 1237 1238 1344
f 1238 1239 1344
f 1238 1096 1239
f 1095 1096 1238
f 1095 969 1096
f 1096 969 1097
f 969 970 1097
f 836 678 837
f 678 679 837
f 837 679 838
f 679 680 838
f 680 681 838
f 681 682 838
f 838 682 839
f 682 683 839
f 683 684 839
f 839 684 840
f 969 968 970
f 968 833 970
f 833 835 970
f 833 834 835
f 835 834 836
f 834 678 836
f 684 685 840
f 843 842 844
f 844 842 845
f 1663 1594 1665
f 1594 1595 1665
f 1513 1514 1591
f 1591 1514 1592
f 1513 1433 1514
f 1432 1340 1433
f 1340 1342 1433
f 1432 1433 1512
f 1512 1433 1513
f 1662 1663 1727
f 1663 1664 1727
f 1591 1592 1662
f 1662 1592 1663
f 1664 1663 1665
f 1340 1341 1342
f 1342 1341 1343
f 1236 1237 1343
f 1341 1339 1343
f 1339 1236 1343
f 1730 1666 1731
f 1666 1667 1731
f 1732 1731 1733
f 1733 1731 1735
f 1730 1731 1798
f 1731 1732 1798
f 1666 1595 1667
f 1734 1733 1735
f 1734 1735 1803
f 1802 1803 1965
f 1803 1804 1965
f 1802 1734 1803
f 1804 1803 1805
f 1665 1595 1666
f 684 528 685
f 528 529 685
f 529 530 685
f 529 528 530
f 402 358 403
f 402 403 528
f 403 404 528
f 526 527 528
f 527 401 528
f 526 528 684
f 401 402 528
f 357 358 399
f 358 400 399
f 400 358 401
f 401 358 402
f 352 353 354
f 353 351 354
f 355 354 356
f 356 354 357
f 357 354 358
f 352 354 371
f 354 355 371
f 350 349 351
f 350 351 368
f 351 353 368
f 367 350 368
f 492 367 493
f 367 368 493
f 493 368 494
f 648 493 649
f 493 494 649
f 1507 1426 1508
f 1507 1508 1587
f 1508 1509 1587
f 1509 1510 1587
f 1587 1510 1588
f 1588 1510 1589
f 1588 1589 1660
f 1589 1590 1660
f 1661 1660 1662
f 1660 1590 1662
f 1660 1661 1726
f 1726 1727 1795
f 1726 1661 1727
f 1419 1329 1420
f 1420 1329 1421
f 1329 1330 1421
f 1330 1331 1421
f 1331 1332 1421
f 1421 1332 1422
f 1417 1327 1418
f 1418 1327 1419
f 1327 1328 1419
f 1328 1329 1419
f 1422 1332 1423
f 1332 1333 1423
f 1424 1423 1425
f 1425 1423 1427
f 1427 1423 1428
f 1423 1333 1428
f 1426 1425 1427
f 1426 1427 1508
f 1326 1327 1417
f 1727 1728 1795
f 1795 1728 1796
f 1794 1955 1954
f 1955 1794 1959
f 1959 1794 1960
f 1794 1795 1960
f 1795 1796 1960
f 1954 1955 1956
f 1956 1955 1957
f 2069 1956 2070
f 1956 1957 2070
f 2443 2327 2444
f 2327 2328 2444
f 2069 2070 2184
f 2070 2071 2184
f 2185 2184 2186
f 2184 2071 2186
f 2184 2185 2328
f 2328 2329 2444
f 2328 2185 2329
f 2831 2832 2899
f 2898 2896 2899
f 2896 2831 2899
f 2898 2899 2955
f 2954 2898 2955
f 2953 2897 2954
f 2897 2898 2954
f 1219 1080 1220
f 1220 1080 1221
f 1079 1080 1219
f 1221 1222 1326
f 1326 1222 1327
f 1080 1081 1221
f 1221 1081 1222
f 2818 2740 2819
f 2740 2741 2819
f 2818 2819 2881
f 2740 2656 2741
f 2880 2881 2932
f 2932 2881 2933
f 2880 2817 2881
f 2817 2818 2881
f 2881 2882 2933
f 2885 2882 2887
f 2882 2823 2887
f 2882 2886 2933
f 2886 2882 2885
f 2823 2824 2887
f 2887 2824 2888
f 2888 2824 2889
f 2889 2824 2890
f 2889 2890 2944
f 2890 2891 2944
f 2944 2891 2945
f 2945 2891 2946
f 2891 2892 2946
f 2946 2892 2947
f 2947 2892 2949
f 2892 2893 2949
f 2949 2893 2950
f 2950 2893 2951
f 2893 2894 2951
f 2894 2831 2895
f 2895 2831 2896
f 2894 2895 2951
f 2015 2016 2132
f 2131 2132 2282
f 2131 2015 2132
f 2015 1906 2016
f 1906 1907 2016
f 2281 2282 2397
f 2397 2282 2398
f 2397 2398 2522
f 2281 2131 2282
f 2521 2520 2522
f 2520 2396 2522
f 2396 2397 2522
f 2521 2522 2655
f 2655 2522 2656
f 2655 2656 2740
f 1814 1809 1907
f 1809 1808 1907
f 1906 1814 1907
f 1807 1808 1809
f 1806 1808 1807
f 20 1806 19
f 19 1806 1807
f 20 21 22
f 21 20 19
f 1804 1805 1965
f 1805 19 1965
f 1805 21 19
f 650 649 651
f 649 494 651
f 651 494 652
f 651 652 811
f 653 654 811
f 654 656 811
f 811 656 812
f 652 653 811
f 813 812 814
f 812 656 814
f 953 954 1078
f 954 955 1078
f 1078 955 1079
f 955 956 1079
f 1079 956 1080
f 656 655 814
f 655 657 814
f 657 659 814
f 814 659 815
f 659 661 815
f 815 661 816
f 815 816 953
f 953 816 954
f 1236 1235 1237
f 1235 1094 1237
f 1237 1094 1238
f 1094 1095 1238
f 1094 1093 1095
f 1093 967 1095
f 967 968 1095
f 968 969 1095
f 677 516 678
f 516 517 678
f 678 517 679
f 677 678 833
f 678 834 833
f 517 518 679
f 679 518 680
f 518 520 680
f 680 520 681
f 520 521 681
f 521 524 681
f 681 524 682
f 524 525 682
f 683 682 684
f 682 525 684
f 525 526 684
f 967 831 968
f 831 832 968
f 832 833 968
f 832 677 833
f 1664 1665 1729
f 1665 1666 1729
f 1590 1591 1662
f 1512 1513 1589
f 1589 1513 1590
f 1590 1513 1591
f 1431 1339 1432
f 1339 1341 1432
f 1341 1340 1432
f 1431 1432 1511
f 1511 1432 1512
f 1511 1512 1589
f 1661 1662 1727
f 1727 1664 1728
f 1728 1664 1729
f 1235 1236 1339
f 1338 1339 1431
f 1338 1235 1339
f 1729 1666 1730
f 1729 1730 1797
f 1797 1730 1798
f 1798 1732 1799
f 1732 1733 1799
f 1799 1733 1800
f 1733 1734 1800
f 1797 1798 1961
f 1961 1798 1962
f 1798 1799 1962
f 1800 1734 1801
f 1801 1734 1802
f 1964 1802 1965
f 1965 19 1966
f 1964 1965 2079
f 1965 1966 2079
f 1801 1802 1964
f 525 401 526
f 401 527 526
f 399 401 521
f 401 522 521
f 399 400 401
f 522 401 525
f 356 357 399
f 398 399 521
f 398 356 399
f 368 353 369
f 369 353 370
f 353 352 370
f 370 352 371
f 371 355 373
f 373 355 397
f 397 355 398
f 355 356 398
f 370 371 496
f 371 372 496
f 372 371 373
f 368 369 494
f 652 494 653
f 494 495 653
f 369 370 494
f 495 494 496
f 494 370 496
f 1427 1428 1508
f 1428 1429 1508
f 1508 1429 1509
f 1429 1430 1509
f 1510 1509 1511
f 1509 1430 1511
f 1510 1511 1589
f 1328 1227 1329
f 1227 1228 1329
f 1329 1228 1330
f 1228 1229 1330
f 1331 1330 1332
f 1330 1229 1332
f 1229 1230 1332
f 1230 1231 1332
f 1332 1231 1333
f 1222 1223 1327
f 1327 1223 1328
f 1223 1224 1328
f 1224 1226 1328
f 1226 1227 1328
f 1333 1231 1334
f 1333 1334 1428
f 1334 1335 1428
f 1428 1335 1429
f 1796 1728 1797
f 1728 1729 1797
f 1960 1796 1961
f 1796 1797 1961
f 1957 1955 1958
f 1958 1955 1959
f 1958 1959 2072
f 1959 1960 2072
f 1960 1961 2072
f 1957 1958 2070
f 2071 2070 2072
f 2070 1958 2072
f 2444 2329 2445
f 2186 2071 2222
f 2222 2071 2223
f 2223 2071 2224
f 2071 2072 2224
f 2186 2221 2329
f 2221 2186 2222
f 2185 2186 2329
f 2221 2220 2329
f 2220 2200 2329
f 2329 2200 2330
f 2445 2329 2446
f 2329 2330 2446
f 2897 2896 2898
f 2895 2896 2951
f 2951 2896 2952
f 2896 2897 2952
f 956 957 1080
f 1080 957 1081
f 1081 1082 1222
f 1222 1082 1223
f 1082 1081 1083
f 1081 957 1083
f 2817 2816 2818
f 2816 2739 2818
f 2739 2740 2818
f 2739 2654 2740
f 2654 2655 2740
f 2987 2932 2988
f 2931 2932 2987
f 2931 2879 2932
f 2879 2880 2932
f 2879 2815 2880
f 2815 2816 2880
f 2816 2817 2880
f 2932 2933 2988
f 2933 2934 2988
f 2933 2886 2934
f 2883 2885 2940
f 2885 2887 2940
f 2940 2887 2941
f 2887 2888 2941
f 2883 2884 2885
f 2884 2886 2885
f 2886 2884 2934
f 2941 2888 2942
f 2888 2889 2942
f 2942 2889 2944
f 2943 2942 2944
f 2943 2944 2998
f 2944 2945 2998
f 2945 2946 2999
f 2999 2946 3000
f 2946 2947 3000
f 2948 2947 2949
f 2014 1906 2015
f 2014 2015 2131
f 2130 2131 2281
f 2130 2013 2131
f 2013 2014 2131
f 1905 1906 2014
f 1905 1811 1906
f 1811 1810 1906
f 1810 1812 1906
f 1812 1814 1906
f 2396 2395 2397
f 2395 2280 2397
f 2280 2281 2397
f 2280 2129 2281
f 2129 2130 2281
f 2519 2392 2520
f 2392 2393 2520
f 2393 2394 2520
f 2394 2396 2520
f 2519 2520 2653
f 2653 2520 2654
f 2520 2521 2655
f 2654 2520 2655
f 2394 2395 2396
f 1813 1814 1815
f 1814 1812 1815
f 1807 1809 1971
f 1809 1972 1971
f 1972 1809 1973
f 1809 1814 1973
f 1814 1813 1973
f 19 1807 1970
f 1970 1807 1971
f 19 18 1966
f 17 19 1970
f 17 18 19
f 654 497 657
f 653 495 654
f 495 496 654
f 496 497 654
f 656 654 657
f 655 656 657
f 816 817 954
f 817 818 954
f 955 954 956
f 954 818 956
f 818 819 956
f 956 819 957
f 497 499 657
f 499 500 657
f 500 658 657
f 657 658 659
f 658 500 659
f 500 660 659
f 659 660 661
f 661 660 662
f 661 662 816
f 662 663 816
f 816 663 817
f 1234 1091 1235
f 1091 1092 1235
f 1092 1093 1235
f 1093 1094 1235
f 1234 1235 1338
f 1092 967 1093
f 966 830 967
f 830 831 967
f 966 967 1092
f 676 675 677
f 675 514 677
f 514 516 677
f 676 677 831
f 831 677 832
f 514 515 516
f 516 515 517
f 515 392 517
f 392 391 517
f 517 391 518
f 391 519 518
f 518 519 520
f 519 391 520
f 391 393 520
f 393 394 520
f 394 396 520
f 520 396 521
f 396 397 521
f 397 398 521
f 522 523 521
f 521 523 524
f 523 522 524
f 524 522 525
f 830 676 831
f 1430 1336 1431
f 1336 1337 1431
f 1337 1338 1431
f 1430 1431 1511
f 1337 1234 1338
f 1962 1799 1963
f 1963 1799 1964
f 1799 1800 1964
f 1800 1801 1964
f 2072 1961 2073
f 1961 1962 2073
f 2073 1962 2075
f 1962 1963 2075
f 1963 1964 2078
f 2078 1964 2079
f 1966 18 1967
f 1966 1967 2079
f 2079 1967 2080
f 2078 2079 2233
f 2079 2080 2233
f 373 379 380
f 379 373 397
f 372 373 497
f 373 498 497
f 498 373 499
f 373 380 499
f 396 379 397
f 496 372 497
f 1429 1335 1430
f 1335 1336 1430
f 1085 1086 1227
f 1086 1087 1227
f 1227 1087 1228
f 1226 1225 1227
f 1225 1085 1227
f 1228 1087 1229
f 1229 1087 1230
f 1087 1088 1230
f 1230 1088 1231
f 1088 1089 1231
f 1231 1089 1232
f 1231 1232 1334
f 1082 1083 1223
f 1223 1083 1224
f 1083 1084 1224
f 1084 1085 1224
f 1085 1225 1224
f 1224 1225 1226
f 1335 1334 1336
f 1336 1334 1337
f 1334 1232 1337
f 2072 2073 2224
f 2219 2222 2347
f 2347 2222 2348
f 2222 2223 2348
f 2219 2221 2222
f 2223 2224 2348
f 2224 2074 2225
f 2224 2225 2348
f 2073 2074 2224
f 2220 2221 2219
f 2200 2220 2219
f 2330 2200 2331
f 2200 2201 2331
f 2200 2188 2201
f 2199 2200 2219
f 2199 2188 2200
f 2330 2331 2446
f 2446 2331 2447
f 2446 2447 2559
f 1083 957 1084
f 957 958 1084
f 957 819 958
f 2815 2737 2816
f 2737 2738 2816
f 2738 2739 2816
f 2738 2652 2739
f 2652 2653 2739
f 2653 2654 2739
f 2986 2987 3019
f 2987 2988 3019
f 3019 2988 3020
f 2988 2989 3020
f 2986 2931 2987
f 2988 2934 2989
f 2930 2878 2931
f 2878 2879 2931
f 2930 2931 2983
f 2983 2931 2985
f 2985 2931 2986
f 2878 2815 2879
f 2814 2737 2815
f 2814 2815 2878
f 2934 2935 2989
f 2934 2884 2935
f 10 2883 2940
f 10 2940 2995
f 2995 2940 2996
f 2940 2941 2996
f 2884 2883 2935
f 2883 2936 2935
f 2936 2883 2939
f 2939 2883 10
f 2941 2942 2997
f 2942 2943 2997
f 2013 1905 2014
f 2012 2013 2130
f 2129 2012 2130
f 1903 1904 2013
f 1904 1905 2013
f 2012 2011 2013
f 2011 1903 2013
f 1904 1811 1905
f 1810 1811 1812
f 1812 1811 1816
f 1816 1811 1817
f 1817 1811 1904
f 1815 1812 1816
f 2280 2395 2394
f 2279 2280 2394
f 2279 2129 2280
f 2128 2129 2279
f 2128 2011 2129
f 2011 2012 2129
f 2518 2391 2519
f 2391 2392 2519
f 2518 2519 2653
f 2391 2390 2392
f 2390 2273 2392
f 2273 2274 2392
f 2274 2275 2392
f 2392 2275 2393
f 2275 2276 2393
f 2276 2277 2393
f 2393 2277 2394
f 2277 2278 2394
f 2278 2279 2394
f 2652 2518 2653
f 1813 1815 1973
f 1973 1815 1975
f 1975 1815 1976
f 1815 1816 1976
f 1970 1971 2083
f 1971 1972 1973
f 2083 1971 2084
f 1971 1973 2084
f 1974 1973 1975
f 2084 1973 2085
f 1973 1974 2085
f 1969 17 1970
f 1969 1970 2083
f 18 17 1967
f 1967 17 1968
f 1968 17 1969
f 497 498 499
f 663 664 817
f 664 665 817
f 665 666 817
f 817 666 818
f 819 818 820
f 818 666 820
f 819 820 958
f 380 381 499
f 381 382 499
f 499 382 500
f 660 500 662
f 500 501 662
f 500 382 501
f 662 501 663
f 663 501 664
f 1090 1091 1233
f 1233 1091 1234
f 1090 964 1091
f 964 965 1091
f 1091 965 1092
f 1233 1234 1337
f 965 966 1092
f 829 830 966
f 829 674 830
f 674 675 830
f 675 676 830
f 965 828 966
f 828 829 966
f 674 673 675
f 673 513 675
f 513 514 675
f 513 389 514
f 389 390 514
f 390 392 514
f 392 515 514
f 391 392 393
f 392 390 393
f 390 375 393
f 375 374 393
f 393 374 394
f 374 376 394
f 376 395 394
f 394 395 396
f 376 379 396
f 395 376 396
f 1232 1233 1337
f 2075 1963 2077
f 2077 1963 2078
f 2074 2073 2075
f 2074 2075 2225
f 2225 2075 2226
f 2226 2075 2230
f 2075 2076 2230
f 2076 2075 2077
f 2077 2078 2232
f 2232 2078 2233
f 2080 1967 2081
f 1967 1968 2081
f 2233 2080 2234
f 2080 2081 2234
f 2232 2233 2353
f 2233 2234 2353
f 380 379 381
f 379 376 381
f 1084 958 1085
f 958 959 1085
f 959 960 1085
f 1085 960 1086
f 960 961 1086
f 1086 961 1087
f 961 962 1087
f 1087 962 1088
f 962 963 1088
f 1088 963 1089
f 963 964 1089
f 1089 964 1090
f 1089 1090 1232
f 1232 1090 1233
f 2346 2218 2347
f 2218 2219 2347
f 2218 2197 2219
f 2197 2198 2219
f 2198 2199 2219
f 2346 2347 2470
f 2347 2348 2470
f 2348 2225 2349
f 2348 2349 2470
f 2225 2226 2349
f 2201 2202 2331
f 2331 2202 2332
f 2447 2331 2448
f 2331 2332 2448
f 2201 2188 2202
f 2187 2188 2189
f 2188 2190 2189
f 2190 2188 2199
f 2188 2187 2202
f 2198 2190 2199
f 2559 2447 2560
f 2447 2448 2560
f 820 821 958
f 821 822 958
f 822 823 958
f 958 823 959
f 2735 2737 2814
f 2735 2736 2737
f 2737 2736 2738
f 2736 2649 2738
f 2649 2650 2738
f 2650 2651 2738
f 2651 2652 2738
f 2651 2517 2652
f 2517 2518 2652
f 2985 2986 3018
f 3018 2986 3019
f 3018 3019 3035
f 3019 3020 3035
f 3020 2989 3021
f 3020 3021 3035
f 2935 2937 2989
f 2989 2937 2990
f 2989 2990 3021
f 2929 2877 2930
f 2877 2878 2930
f 2877 2813 2878
f 2813 2814 2878
f 2929 2930 2982
f 2982 2930 2983
f 2982 2983 3017
f 2983 2984 3017
f 2984 2983 2985
f 2984 2985 3018
f 2813 2812 2814
f 2812 2735 2814
f 2937 2935 2938
f 2935 2936 2938
f 2939 10 2992
f 10 8 2992
f 9 8 10
f 9 10 2995
f 8 7 2995
f 7 9 2995
f 2938 2936 2939
f 2938 2939 2991
f 2991 2939 2992
f 1902 1860 1903
f 1860 1863 1903
f 1903 1863 1904
f 1863 1817 1904
f 1902 1903 2011
f 2010 2011 2128
f 2010 1901 2011
f 1901 1902 2011
f 1816 1817 1976
f 1861 1817 1862
f 1817 1863 1862
f 1976 1817 1977
f 1817 1861 1977
f 2278 2277 2279
f 2277 2127 2279
f 2127 2128 2279
f 2127 2010 2128
f 2517 2390 2518
f 2390 2391 2518
f 2389 2390 2517
f 2389 2271 2390
f 2271 2272 2390
f 2272 2273 2390
f 2273 2272 2274
f 2272 2121 2274
f 2274 2121 2275
f 2121 2122 2275
f 2122 2123 2275
f 2123 2124 2275
f 2275 2124 2276
f 2124 2125 2276
f 2125 2126 2276
f 2276 2126 2277
f 2126 2127 2277
f 1974 1975 2086
f 1975 1976 2086
f 1976 1977 2086
f 2082 1969 2083
f 2082 2083 4
f 2083 2084 4
f 2084 2085 4
f 2085 1974 2086
f 4 2085 2237
f 2085 2086 2237
f 1968 1969 2082
f 2081 1968 2082
f 501 502 664
f 664 502 665
f 502 503 665
f 503 504 665
f 504 505 665
f 665 505 666
f 666 505 667
f 666 667 820
f 820 667 821
f 381 376 382
f 376 378 382
f 378 383 382
f 382 383 384
f 501 382 502
f 382 384 502
f 963 825 964
f 825 827 964
f 827 828 964
f 964 828 965
f 828 827 829
f 827 671 829
f 671 672 829
f 672 673 829
f 673 674 829
f 512 513 673
f 672 512 673
f 512 388 513
f 388 389 513
f 388 375 389
f 389 375 390
f 377 375 388
f 374 375 376
f 375 377 376
f 377 378 376
f 2076 2077 2232
f 2228 2226 2230
f 2226 2228 2349
f 2229 2228 2230
f 2230 2076 2231
f 2229 2230 2353
f 2230 2231 2353
f 2231 2076 2232
f 2231 2232 2353
f 2234 2081 2236
f 2236 2081 5
f 5 2081 4
f 2081 2082 4
f 2235 2234 2236
f 2234 2354 2353
f 2354 2234 2357
f 2234 2235 2357
f 2352 2353 2476
f 2353 2355 2476
f 2352 2229 2353
f 2353 2354 2355
f 959 823 960
f 823 824 960
f 824 826 960
f 960 826 961
f 961 826 962
f 826 825 962
f 962 825 963
f 2345 2216 2346
f 2216 2217 2346
f 2217 2218 2346
f 2217 2197 2218
f 2345 2346 2468
f 2468 2346 2469
f 2469 2346 2470
f 2195 2197 2217
f 2197 2195 2198
f 2195 2191 2198
f 2191 2190 2198
f 2349 2350 2470
f 2471 2470 2472
f 2470 2350 2472
f 2469 2470 2610
f 2470 2471 2610
f 2349 2228 2350
f 2332 2202 2333
f 2202 2203 2333
f 2202 2187 2203
f 2332 2333 2448
f 2448 2449 2560
f 2333 2334 2448
f 2448 2334 2449
f 2206 2187 2209
f 2209 2187 2210
f 2187 2189 2210
f 2210 2189 2211
f 2189 2192 2211
f 2190 2191 2189
f 2189 2191 2192
f 2203 2187 2206
f 2449 2452 2560
f 2560 2452 2561
f 822 821 823
f 821 667 823
f 667 668 823
f 668 669 823
f 823 669 824
f 2734 2735 2811
f 2735 2812 2811
f 2734 2648 2735
f 2648 2649 2735
f 2649 2736 2735
f 2648 2647 2649
f 2647 2513 2649
f 2513 2514 2649
f 2514 2515 2649
f 2515 2516 2649
f 2649 2516 2650
f 2516 2517 2650
f 2650 2517 2651
f 2516 2389 2517
f 3017 2984 3018
f 3017 3018 3034
f 3034 3018 3035
f 3034 3035 3044
f 3035 3036 3044
f 3021 3022 3035
f 3035 3022 3036
f 2990 2991 3021
f 2991 2992 3021
f 3021 2992 3022
f 2990 2937 2991
f 2937 2938 2991
f 2928 2874 2929
f 2874 2876 2929
f 2876 2877 2929
f 2876 2811 2877
f 2811 2813 2877
f 2928 2929 2981
f 2981 2929 2982
f 2811 2812 2813
f 2981 2982 3017
f 3016 2981 3017
f 3016 3017 3033
f 3033 3017 3034
f 2992 8 2993
f 2992 2993 3022
f 7 8 9
f 2993 8 2994
f 1863 1860 1862
f 1860 1858 1862
f 1859 1860 1900
f 1901 1900 1902
f 1900 1860 1902
f 1859 1858 1860
f 2009 2010 2127
f 2009 1897 2010
f 1897 1899 2010
f 1899 1900 2010
f 1900 1901 2010
f 1862 1858 1864
f 1862 1864 1979
f 1977 1861 1978
f 1861 1862 1978
f 1978 1862 1979
f 2086 1977 2087
f 1977 1978 2087
f 2126 2009 2127
f 2388 2389 2516
f 2388 2269 2389
f 2269 2270 2389
f 2270 2271 2389
f 2271 2116 2272
f 2270 2116 2271
f 2116 2117 2272
f 2117 2118 2272
f 2118 2120 2272
f 2120 2121 2272
f 2121 2120 2122
f 2120 2119 2122
f 2119 2002 2122
f 2002 2003 2122
f 2003 2004 2122
f 2122 2004 2123
f 2004 2005 2123
f 2005 2006 2123
f 2124 2123 2125
f 2123 2006 2125
f 2006 2007 2125
f 2007 2008 2125
f 2125 2008 2126
f 2008 2009 2126
f 2237 2086 2238
f 2086 2087 2238
f 5 4 2237
f 4 5 6
f 6 5 4
f 5 2237 2359
f 2359 2237 2360
f 2237 2238 2360
f 502 384 503
f 384 385 503
f 503 385 504
f 504 385 505
f 505 385 506
f 505 506 667
f 506 507 667
f 507 509 667
f 667 509 668
f 383 378 384
f 378 377 384
f 385 384 386
f 384 377 386
f 825 826 827
f 826 824 827
f 824 670 827
f 670 671 827
f 671 508 672
f 670 508 671
f 508 510 672
f 510 511 672
f 511 512 672
f 511 388 512
f 387 388 511
f 387 377 388
f 386 377 387
f 2227 2228 2229
f 2228 2227 2350
f 2227 2229 2351
f 2351 2229 2352
f 2235 2236 2358
f 2236 5 2358
f 2358 5 2359
f 2357 2235 2358
f 2355 2354 2356
f 2356 2354 2357
f 2356 2357 2477
f 2477 2357 2478
f 2357 2358 2478
f 2474 2476 2614
f 2614 2476 2615
f 2476 2477 2615
f 2351 2352 2473
f 2474 2475 2476
f 2475 2473 2476
f 2473 2352 2476
f 2476 2355 2477
f 2355 2356 2477
f 669 670 824
f 2344 2215 2345
f 2215 2216 2345
f 2215 2213 2216
f 2213 2194 2216
f 2194 2193 2216
f 2216 2193 2217
f 2344 2345 2468
f 2193 2195 2217
f 2467 2468 2609
f 2609 2468 2610
f 2468 2469 2610
f 2467 2465 2468
f 2465 2344 2468
f 2193 2194 2195
f 2194 2196 2195
f 2196 2192 2195
f 2192 2191 2195
f 2350 2351 2472
f 2350 2227 2351
f 2472 2351 2473
f 2610 2471 2611
f 2471 2472 2611
f 2472 2473 2611
f 2609 2610 2695
f 2610 2611 2696
f 2695 2610 2696
f 2203 2205 2333
f 2333 2205 2334
f 2205 2203 2206
f 2452 2449 2453
f 2449 2334 2453
f 2334 2205 2335
f 2453 2334 2454
f 2334 2335 2454
f 2204 2206 2336
f 2206 2208 2336
f 2207 2209 2340
f 2209 2210 2340
f 2204 2205 2206
f 2207 2208 2209
f 2208 2206 2209
f 2210 2211 2340
f 2192 2196 2211
f 2211 2196 2212
f 2340 2211 2341
f 2211 2212 2341
f 2605 2563 2606
f 2452 2450 2561
f 2450 2562 2561
f 2561 2562 2563
f 2450 2452 2451
f 2451 2452 2453
f 668 509 669
f 669 509 670
f 2810 2733 2811
f 2733 2734 2811
f 2733 2732 2734
f 2732 2647 2734
f 2647 2648 2734
f 2810 2811 2876
f 2646 2647 2732
f 2646 2513 2647
f 2513 2512 2514
f 2512 2513 2646
f 2514 2512 2515
f 2512 2386 2515
f 2386 2387 2515
f 2515 2387 2516
f 2387 2388 2516
f 3033 3034 3043
f 3043 3034 3044
f 3043 3044 3047
f 3036 3037 3044
f 3022 3023 3036
f 3023 3024 3036
f 3022 2993 3023
f 2875 2874 2927
f 2927 2874 2928
f 2874 2875 2876
f 2927 2928 2980
f 2980 2928 2981
f 2875 2873 2876
f 2873 2810 2876
f 2980 2981 3016
f 3015 3016 3032
f 3032 3016 3033
f 3015 2978 3016
f 2978 2979 3016
f 2979 2980 3016
f 3032 3033 3041
f 3041 3033 3042
f 3042 3033 3043
f 2993 2994 3023
f 1858 1857 1864
f 1856 1858 1900
f 1858 1859 1900
f 1856 1857 1858
f 1899 1856 1900
f 2008 1898 2009
f 1898 1897 2009
f 1897 1898 1899
f 1898 1896 1899
f 1896 1855 1899
f 1855 1856 1899
f 1864 1857 1865
f 1979 1864 1980
f 1864 1865 1980
f 1978 1979 2091
f 2091 1979 2092
f 1979 1980 2092
f 2087 1978 2090
f 2090 1978 2091
f 2088 2087 2089
f 2089 2087 2090
f 2087 2088 2238
f 2387 2267 2388
f 2267 2268 2388
f 2268 2269 2388
f 2268 2113 2269
f 2269 2113 2270
f 2113 2114 2270
f 2114 2115 2270
f 2115 2116 2270
f 2115 1999 2116
f 1999 2000 2116
f 2116 2000 2117
f 2117 2000 2118
f 2002 2119 2118
f 2118 2119 2120
f 2000 2001 2118
f 2001 2002 2118
f 2001 1889 2002
f 1889 1890 2002
f 1890 1891 2002
f 2002 1891 2003
f 1891 1892 2003
f 2003 1892 2004
f 2004 1892 2005
f 1892 1893 2005
f 2005 1893 2006
f 1893 1894 2006
f 1894 1895 2006
f 2006 1895 2007
f 2007 1895 2008
f 1895 1896 2008
f 1896 1898 2008
f 2089 2239 2238
f 2238 2239 2240
f 2238 2240 2360
f 2088 2089 2238
f 2358 2359 2479
f 2359 2360 2479
f 2240 2241 2360
f 2360 2241 2361
f 2360 2361 2479
f 506 385 507
f 385 386 507
f 509 507 510
f 507 386 510
f 508 509 510
f 509 508 670
f 510 386 511
f 386 387 511
f 2478 2358 2479
f 2616 2477 2617
f 2477 2478 2617
f 2615 2477 2616
f 2478 2479 2617
f 2613 2614 2698
f 2698 2614 2699
f 2614 2615 2699
f 2475 2474 2613
f 2613 2474 2614
f 2699 2615 2700
f 2615 2616 2700
f 2473 2475 2611
f 2611 2475 2612
f 2612 2475 2613
f 2214 2212 2215
f 2212 2213 2215
f 2343 2344 2464
f 2344 2465 2464
f 2343 2214 2344
f 2214 2215 2344
f 2194 2213 2212
f 2196 2194 2212
f 2577 2467 2608
f 2608 2467 2609
f 2466 2465 2467
f 2466 2467 2575
f 2575 2467 2576
f 2467 2577 2576
f 2608 2609 2694
f 2694 2609 2695
f 2464 2465 2466
f 2611 2612 2696
f 2694 2695 2771
f 2771 2695 2773
f 2695 2696 2773
f 2612 2613 2696
f 2696 2613 2697
f 2696 2697 2773
f 2205 2204 2335
f 2453 2454 2566
f 2454 2335 2455
f 2455 2335 2456
f 2335 2336 2456
f 2335 2204 2336
f 2454 2455 2566
f 2336 2337 2456
f 2208 2207 2336
f 2336 2207 2337
f 2339 2340 2461
f 2340 2341 2461
f 2337 2207 2338
f 2338 2207 2339
f 2339 2207 2340
f 2341 2212 2342
f 2212 2214 2342
f 2461 2341 2462
f 2341 2342 2462
f 2563 12 2606
f 2563 2562 12
f 12 11 2606
f 2606 11 2607
f 2606 2607 2692
f 2562 2450 2565
f 12 2562 2564
f 2564 2562 2565
f 2809 2810 2873
f 2809 2732 2810
f 2732 2733 2810
f 2731 2645 2732
f 2645 2646 2732
f 2731 2732 2809
f 2645 2509 2646
f 2509 2510 2646
f 2510 2511 2646
f 2511 2512 2646
f 2511 2385 2512
f 2385 2386 2512
f 2385 2266 2386
f 2266 2267 2386
f 2386 2267 2387
f 3042 3043 3047
f 3046 3042 3047
f 3046 3047 3048
f 2873 2875 2925
f 2925 2875 2926
f 2926 2875 2927
f 2926 2927 2979
f 2979 2927 2980
f 2872 2873 2925
f 2872 2808 2873
f 2808 2809 2873
f 3031 3012 3032
f 3012 3013 3032
f 3013 3014 3032
f 3014 3015 3032
f 3031 3032 3041
f 3014 2976 3015
f 2976 2977 3015
f 2977 2978 3015
f 2977 2926 2978
f 2978 2926 2979
f 3040 3041 3046
f 3041 3042 3046
f 3040 3031 3041
f 1865 1857 1866
f 1857 1856 1866
f 1856 1855 1866
f 1895 1894 1896
f 1894 1854 1896
f 1854 1855 1896
f 1866 1855 1867
f 1855 1847 1867
f 1854 1848 1855
f 1848 1847 1855
f 1980 1865 1981
f 1865 1866 1981
f 1980 1981 2092
f 2090 2091 2243
f 2243 2091 2244
f 2091 2092 2244
f 2244 2092 2245
f 2092 2093 2245
f 2092 1981 2093
f 2089 2090 2243
f 2239 2089 2242
f 2242 2089 2243
f 2266 2111 2267
f 2267 2111 2268
f 2112 2113 2268
f 2112 1996 2113
f 2113 1996 2114
f 1996 1997 2114
f 1997 1998 2114
f 2114 1998 2115
f 1998 1999 2115
f 1998 1886 1999
f 1999 1886 2000
f 1886 1887 2000
f 1887 1888 2000
f 1888 1889 2000
f 2000 1889 2001
f 1889 1845 1890
f 1888 1841 1889
f 1841 1842 1889
f 1842 1844 1889
f 1844 1845 1889
f 1851 1852 1890
f 1852 1853 1890
f 1890 1853 1891
f 1845 1851 1890
f 1892 1891 1893
f 1891 1853 1893
f 1893 1853 1894
f 1853 1854 1894
f 2240 2239 2242
f 2241 2240 2242
f 2361 2362 2479
f 2362 2363 2479
f 2479 2363 2480
f 2479 2480 2617
f 2361 2241 2362
f 2241 2242 2362
f 2617 2480 2618
f 2616 2617 2700
f 2617 2618 2700
f 2697 2613 2698
f 2697 2698 2774
f 2774 2698 2775
f 2775 2698 2776
f 2698 2699 2776
f 2699 2700 2777
f 2776 2699 2777
f 2777 2700 2778
f 2700 2701 2778
f 2700 2618 2701
f 2342 2214 2343
f 2342 2343 2462
f 2462 2343 2463
f 2463 2343 2464
f 2463 2464 2574
f 2464 2466 2574
f 13 2577 2607
f 2607 2577 2608
f 2607 2608 2693
f 2693 2608 2694
f 2576 2577 2578
f 2577 13 2578
f 2574 2466 2575
f 2574 2575 2586
f 2586 2575 2587
f 2575 2576 2587
f 2587 2576 2589
f 2576 2578 2589
f 2693 2694 2770
f 2770 2694 2771
f 2842 2771 2843
f 2771 2772 2843
f 2772 2771 2773
f 2772 2773 2844
f 2773 2774 2844
f 2773 2697 2774
f 2455 2456 2567
f 2456 2337 2457
f 2456 2457 2567
f 2457 2337 2458
f 2458 2337 2459
f 2337 2338 2459
f 2460 2338 2461
f 2338 2339 2461
f 2460 2461 2571
f 2571 2461 2572
f 2461 2462 2572
f 2459 2338 2460
f 2462 2463 2572
f 11 12 13
f 13 12 2578
f 12 2564 2578
f 11 13 2607
f 2692 2607 2693
f 2692 2693 2770
f 2564 2565 2581
f 2580 2564 2581
f 2578 2564 2579
f 2579 2564 2580
f 2808 2807 2809
f 2807 2731 2809
f 2644 2645 2730
f 2730 2645 2731
f 2644 2643 2645
f 2643 2509 2645
f 2730 2731 2807
f 2509 2508 2510
f 2507 2509 2643
f 2510 2384 2511
f 2384 2385 2511
f 2265 2266 2385
f 3039 3040 3046
f 3045 3039 3046
f 2924 2923 2925
f 2923 2872 2925
f 2924 2925 2974
f 2974 2925 2975
f 2975 2925 2976
f 2925 2926 2976
f 2976 2926 2977
f 2922 2872 2923
f 2871 2808 2872
f 2871 2872 2921
f 2921 2872 2922
f 2807 2808 2871
f 3030 3031 3040
f 3030 3012 3031
f 3011 3012 3030
f 3011 2972 3012
f 2972 2973 3012
f 3012 2973 3013
f 2973 2974 3013
f 2974 2975 3013
f 3013 2975 3014
f 2975 2976 3014
f 3039 3028 3040
f 3028 3029 3040
f 3029 3030 3040
f 1866 1867 1981
f 1853 1848 1854
f 1981 1867 1982
f 1867 1847 1868
f 1867 1868 1982
f 1868 1847 1869
f 1847 1849 1869
f 1847 1848 1849
f 1849 1848 1850
f 1850 1848 1851
f 1851 1848 1852
f 1852 1848 1853
f 1981 1982 2093
f 2242 2243 2365
f 2365 2243 2366
f 2243 2244 2366
f 2244 2245 2366
f 2093 2095 2245
f 2245 2095 2246
f 2366 2245 2367
f 2245 2246 2367
f 1982 1983 2093
f 2095 2093 2096
f 2093 1983 2096
f 2362 2242 2364
f 2364 2242 2365
f 1995 1996 2112
f 1995 1883 1996
f 1996 1883 1997
f 1883 1884 1997
f 1884 1885 1997
f 1997 1885 1998
f 1885 1886 1998
f 1886 1840 1887
f 1885 1884 1886
f 1884 1838 1886
f 1838 1839 1886
f 1839 1840 1886
f 1840 1841 1887
f 1887 1841 1888
f 1844 1842 1845
f 1842 1846 1845
f 1851 1845 1873
f 1845 1846 1873
f 1840 1827 1841
f 1827 1829 1841
f 1841 1829 1842
f 1846 1842 1875
f 1842 1843 1875
f 1829 1843 1842
f 1850 1851 1873
f 2363 2362 2364
f 2480 2363 2481
f 2481 2363 2482
f 2363 2364 2482
f 2480 2481 2618
f 2618 2481 2619
f 2618 2619 2701
f 2774 2775 2844
f 2844 2775 2845
f 2775 2776 2845
f 2776 2777 2845
f 2845 2777 2846
f 2777 2778 2846
f 2701 2702 2778
f 2778 2702 2779
f 2846 2778 2849
f 2778 2779 2849
f 2701 2619 2702
f 2572 2463 2573
f 2573 2463 2574
f 2573 2574 2586
f 2578 2579 2589
f 2594 2586 2595
f 2586 2587 2595
f 2585 2573 2586
f 2585 2586 2594
f 2587 2588 2595
f 2588 2587 2589
f 2588 2589 2596
f 2589 2590 2596
f 2579 2580 2589
f 2589 2580 2590
f 2843 2772 2844
f 2843 2844 2903
f 2844 2845 2903
f 2568 2458 2569
f 2458 2459 2569
f 2459 2460 2569
f 2569 2460 2570
f 2570 2460 2571
f 2570 2571 2583
f 2583 2571 2584
f 2584 2571 2585
f 2571 2572 2585
f 2572 2573 2585
f 2806 2807 2871
f 2806 2730 2807
f 2729 2642 2730
f 2642 2643 2730
f 2643 2644 2730
f 2729 2730 2806
f 2642 2506 2643
f 3038 3028 3039
f 3038 3039 3045
f 2922 2923 2974
f 2923 2924 2974
f 2973 2920 2974
f 2920 2921 2974
f 2921 2922 2974
f 2870 2805 2871
f 2805 2806 2871
f 2870 2871 2921
f 2920 2869 2921
f 2869 2870 2921
f 3029 3010 3030
f 3010 3011 3030
f 3010 2969 3011
f 2969 2970 3011
f 2970 2971 3011
f 2971 2972 3011
f 2971 2920 2972
f 2972 2920 2973
f 3027 3028 3038
f 3028 3027 3029
f 3009 3010 3029
f 3027 3009 3029
f 1982 1868 1983
f 1868 1869 1983
f 1983 1869 1984
f 1849 1870 1869
f 1869 1870 1871
f 1869 1871 1984
f 1870 1849 1872
f 1849 1850 1872
f 1872 1850 1873
f 2364 2365 2482
f 2365 2366 2482
f 2366 2367 2482
f 2094 2095 2096
f 2095 2094 2246
f 2247 2246 2248
f 2246 2094 2248
f 2246 2247 2367
f 2367 2247 2368
f 2482 2367 2483
f 2367 2368 2483
f 2096 1983 2097
f 1983 1984 2097
f 2094 2096 2249
f 2096 2097 2249
f 1883 1882 1884
f 1882 1838 1884
f 1839 1827 1840
f 1837 1824 1838
f 1838 1824 1839
f 1837 1838 1882
f 1824 1826 1839
f 1826 1827 1839
f 1873 1846 1874
f 1874 1846 1875
f 1872 1873 1986
f 1873 1874 1986
f 1828 1827 1830
f 1827 1826 1830
f 1827 1828 1829
f 1829 1828 1830
f 1843 1829 1875
f 1875 1829 1876
f 1829 1830 1876
f 1987 1875 1988
f 1988 1875 1989
f 1874 1875 1987
f 1875 1876 1989
f 2619 2481 2620
f 2620 2481 2621
f 2481 2482 2621
f 2482 2483 2621
f 2702 2619 2708
f 2619 2620 2708
f 2903 2845 2904
f 2845 2846 2904
f 2847 2846 2848
f 2848 2846 2849
f 2846 2847 2904
f 2702 2704 2779
f 2702 2703 2704
f 2703 2702 2707
f 2707 2702 2708
f 2704 2705 2779
f 2780 2779 2781
f 2779 2705 2781
f 2779 2780 2849
f 2849 2780 2850
f 2848 2849 2905
f 2849 2850 2905
f 2595 2588 2596
f 2593 2594 2601
f 2601 2594 2602
f 2594 2595 2602
f 2595 2596 2602
f 2593 2584 2594
f 2584 2585 2594
f 2596 2590 2598
f 2596 2597 2602
f 2568 2569 2582
f 2569 2570 2582
f 2582 2570 2583
f 2582 2583 2593
f 2583 2584 2593
f 2805 2729 2806
f 2642 2728 2727
f 2727 2728 2729
f 2728 2642 2729
f 2641 2506 2642
f 2727 2729 2805
f 2641 2642 2727
f 2505 2506 2641
f 3026 3027 3038
f 2919 2868 2920
f 2868 2869 2920
f 2919 2920 2970
f 2970 2920 2971
f 2804 2805 2870
f 2804 2727 2805
f 2869 2803 2870
f 2803 2804 2870
f 2868 2803 2869
f 3009 2969 3010
f 2967 2969 3009
f 2967 2968 2969
f 2968 2913 2969
f 2913 2914 2969
f 2914 2915 2969
f 2915 2916 2969
f 2969 2916 2970
f 2916 2917 2970
f 2917 2918 2970
f 2918 2919 2970
f 3026 3007 3027
f 3007 3008 3027
f 3008 3009 3027
f 3008 2967 3009
f 2097 1984 2098
f 1984 1871 1985
f 1984 1985 2098
f 1871 1870 1872
f 1871 1872 1985
f 1985 1872 1986
f 2248 2094 2249
f 2368 2247 2370
f 2247 2248 2370
f 2248 2249 2370
f 2484 2368 2487
f 2368 2369 2487
f 2369 2368 2370
f 2368 2484 2483
f 2483 2484 2485
f 2483 2485 2621
f 2249 2097 2250
f 2250 2097 2251
f 2097 2098 2251
f 2370 2249 2371
f 2249 2250 2371
f 1823 1824 1837
f 1823 1820 1824
f 1820 1819 1824
f 1819 1825 1824
f 1824 1825 1826
f 1826 1825 1830
f 1986 1874 1987
f 1985 1986 2099
f 2099 1986 2100
f 1986 1987 2100
f 1830 1825 1831
f 1876 1830 1878
f 1830 1831 1878
f 1877 1876 1878
f 1876 1877 1989
f 2100 1987 2101
f 1987 1988 2101
f 2101 1988 2102
f 1988 1989 2102
f 1989 1990 2102
f 1989 1877 1990
f 2620 2621 2709
f 2708 2620 2709
f 2621 2485 2622
f 2621 2622 2709
f 2707 2708 2786
f 2786 2708 2787
f 2708 2709 2787
f 2705 2704 2706
f 2704 2703 2706
f 2706 2703 2707
f 2706 2707 2786
f 2705 2706 2781
f 2781 2706 2782
f 2850 2780 2851
f 2780 2781 2851
f 2781 2782 2851
f 2905 2850 2906
f 2850 2851 2906
f 2600 2601 2604
f 2601 2602 2604
f 2592 2593 2600
f 2600 2593 2601
f 2592 2582 2593
f 2602 2603 2604
f 2602 2597 2603
f 2591 2582 2592
f 2726 2727 2804
f 2726 2640 2727
f 2640 2641 2727
f 2640 2505 2641
f 2639 2505 2640
f 3006 3007 3026
f 3025 3006 3026
f 2918 2867 2919
f 2867 2868 2919
f 2867 2802 2868
f 2802 2803 2868
f 2803 2802 2804
f 2802 2725 2804
f 2725 2726 2804
f 2966 2967 3008
f 2966 2965 2967
f 2965 2963 2967
f 2963 2912 2967
f 2912 2913 2967
f 2913 2968 2967
f 2912 2861 2913
f 2913 2861 2914
f 2861 2862 2914
f 2914 2862 2915
f 2862 2863 2915
f 2863 2864 2915
f 2916 2915 2917
f 2915 2864 2917
f 2864 2865 2917
f 2917 2865 2918
f 2865 2866 2918
f 2866 2867 2918
f 3006 2965 3007
f 2965 2966 3007
f 3007 2966 3008
f 2098 1985 2099
f 2098 2099 2251
f 2369 2370 2488
f 2488 2370 2489
f 2370 2371 2489
f 2485 2484 2486
f 2486 2484 2487
f 2487 2369 2488
f 2486 2487 2624
f 2487 2488 2624
f 2485 2486 2622
f 2250 2251 2371
f 2251 2099 2252
f 2371 2251 2372
f 2251 2252 2372
f 2489 2371 2490
f 2371 2372 2490
f 1818 1819 1820
f 1818 1820 1834
f 1820 1822 1834
f 1820 1821 1822
f 1825 1819 1831
f 1819 1818 1831
f 2099 2100 2252
f 2252 2100 2253
f 2100 2101 2253
f 1831 1818 1832
f 1878 1831 1879
f 1831 1832 1879
f 1877 1878 1990
f 1990 1878 1991
f 1878 1879 1991
f 2253 2101 2254
f 2254 2101 2255
f 2101 2102 2255
f 2102 1990 2103
f 2102 2103 2255
f 1990 1991 2103
f 2709 2710 2787
f 2709 2622 2710
f 2622 2486 2623
f 2710 2622 2711
f 2622 2623 2711
f 2785 2786 2857
f 2786 2787 2857
f 2785 2706 2786
f 2787 2788 2857
f 2787 2710 2788
f 2782 2706 2783
f 2783 2706 2785
f 2851 2782 2853
f 2782 2783 2853
f 2852 2851 2853
f 2851 2852 2906
f 2906 2852 2907
f 2906 2907 2958
f 2599 2592 2600
f 2725 2636 2726
f 2636 2637 2726
f 2637 2638 2726
f 2638 2640 2726
f 2638 2639 2640
f 2637 2503 2638
f 2503 2504 2638
f 3005 2965 3006
f 3005 3006 3025
f 2866 2802 2867
f 2801 2723 2802
f 2723 2725 2802
f 2801 2802 2866
f 2723 2724 2725
f 2724 2635 2725
f 2635 2636 2725
f 2964 2965 3005
f 2964 2963 2965
f 2962 2963 3003
f 2963 2964 3003
f 2962 2912 2963
f 2911 2858 2912
f 2858 2859 2912
f 2859 2860 2912
f 2860 2861 2912
f 2911 2912 2962
f 2860 2794 2861
f 2861 2794 2862
f 2794 2795 2862
f 2862 2795 2863
f 2795 2796 2863
f 2796 2797 2863
f 2863 2797 2864
f 2797 2798 2864
f 2864 2798 2865
f 2865 2800 2866
f 2798 2799 2865
f 2799 2800 2865
f 2800 2801 2866
f 2624 2488 2625
f 2488 2489 2625
f 2625 2489 2626
f 2489 2490 2626
f 2623 2486 2624
f 2623 2624 2715
f 2715 2624 2716
f 2624 2625 2716
f 2372 2252 2373
f 2252 2253 2373
f 2490 2372 2492
f 2372 2373 2492
f 2491 2490 2492
f 2490 2491 2626
f 1818 1833 1832
f 1833 1818 1834
f 1832 1834 1879
f 1834 1835 1879
f 1832 1833 1834
f 1835 1834 1836
f 2253 2254 2373
f 1879 1835 1880
f 1879 1880 1991
f 2103 1991 2105
f 1991 1992 2105
f 1991 1880 1992
f 2373 2254 2374
f 2254 2255 2374
f 2103 2104 2255
f 2255 2104 2256
f 2374 2255 2375
f 2255 2256 2375
f 2104 2103 2105
f 2710 2711 2788
f 2714 2623 2715
f 2711 2623 2712
f 2712 2623 2713
f 2713 2623 2714
f 2711 2712 2788
f 2788 2789 2857
f 2857 2789 2858
f 2856 2857 2910
f 2857 2858 2910
f 2784 2783 2785
f 2784 2785 2856
f 2856 2785 2857
f 2788 2712 2789
f 2783 2784 2853
f 2853 2854 2855
f 2784 2854 2853
f 2852 2853 2907
f 2853 2855 2907
f 2907 2855 2908
f 2907 2908 2959
f 2635 2502 2636
f 2502 2503 2636
f 2636 2503 2637
f 2503 2383 2504
f 2502 2382 2503
f 2382 2383 2503
f 2800 2722 2801
f 2722 2723 2801
f 2722 2633 2723
f 2633 2634 2723
f 2634 2635 2723
f 2635 2724 2723
f 2634 2502 2635
f 3003 2964 3004
f 2961 2911 2962
f 3002 2961 3003
f 2961 2962 3003
f 2789 2790 2858
f 2910 2858 2911
f 2858 2790 2859
f 2910 2911 2961
f 2790 2791 2859
f 2791 2792 2859
f 2859 2792 2860
f 2792 2793 2860
f 2793 2794 2860
f 2715 2716 2794
f 2794 2716 2795
f 2793 2715 2794
f 2716 2717 2795
f 2795 2717 2796
f 2717 2718 2796
f 2718 2719 2796
f 2796 2719 2797
f 2797 2719 2798
f 2719 2720 2798
f 2720 2721 2798
f 2798 2721 2799
f 2799 2722 2800
f 2721 2722 2799
f 2716 2625 2717
f 2625 2626 2717
f 2626 2627 2717
f 2626 2491 2627
f 2714 2715 2793
f 2492 2373 2493
f 2373 2374 2493
f 2491 2492 2627
f 2492 2493 2627
f 1880 1835 1881
f 1835 1836 1881
f 1880 1881 1992
f 2104 2105 2257
f 2105 2106 2257
f 2105 1992 2106
f 2107 1992 2108
f 2106 1992 2107
f 1992 1881 1993
f 1992 1993 2108
f 2493 2374 2496
f 2374 2375 2496
f 2256 2104 2257
f 2375 2256 2376
f 2256 2257 2376
f 2375 2376 2496
f 2713 2714 2793
f 2789 2712 2791
f 2712 2713 2791
f 2792 2713 2793
f 2791 2713 2792
f 2790 2789 2791
f 2855 2856 2909
f 2909 2856 2910
f 2909 2910 2961
f 2855 2854 2856
f 2854 2784 2856
f 2908 2855 2909
f 2908 2909 2959
f 2959 2909 2960
f 2381 2382 2502
f 2501 2502 2634
f 2501 2381 2502
f 2381 2264 2382
f 2721 2632 2722
f 2632 2633 2722
f 2632 2501 2633
f 2633 2501 2634
f 2960 2909 2961
f 2717 2627 2718
f 2627 2628 2718
f 2718 2628 2719
f 2719 2628 2720
f 2628 2629 2720
f 2720 2629 2721
f 2629 2630 2721
f 2630 2631 2721
f 2631 2632 2721
f 2493 2495 2627
f 2627 2495 2628
f 2495 2493 2496
f 2106 2107 2257
f 2107 2108 2257
f 2108 2109 2257
f 2109 2258 2257
f 2257 2258 2259
f 2257 2259 2376
f 2109 2108 2110
f 2108 1994 2110
f 1993 1994 2108
f 2494 2495 2496
f 2376 2377 2496
f 2496 2377 2497
f 2494 2496 2630
f 2496 2497 2630
f 2376 2259 2377
f 2380 2263 2381
f 2380 2381 2501
f 2500 2501 2631
f 2631 2501 2632
f 2500 2380 2501
f 2495 2494 2628
f 2628 2494 2629
f 2629 2494 2630
f 2630 2500 2631
f 2497 2498 2630
f 2498 2499 2630
f 2499 2500 2630
f 2258 2109 2260
f 2109 2110 2260
f 2259 2258 2260
f 2377 2259 2378
f 2378 2259 2379
f 2259 2260 2379
f 2260 2110 2261
f 2497 2377 2498
f 2377 2378 2498
f 2379 2262 2380
f 2262 2263 2380
f 2379 2380 2499
f 2499 2380 2500
f 2498 2378 2499
f 2378 2379 2499
f 2260 2261 2379
f 2261 2262 2379
