o right_leg
v 0.5858964920043945 -0.19879385828971863 -0.31443268060684204
v 0.5964756011962891 -0.20937296748161316 -0.3084743618965149
v 0.5911252498626709 -0.19879385828971863 -0.31175750494003296
v 0.5964756011962891 -0.2041442096233368 -0.3082311749458313
v 0.6070547103881836 -0.2200736701488495 -0.30275923013687134
v 0.6017043590545654 -0.2200736701488495 -0.30506959557533264
v 0.6276048421859741 -0.1722853183746338 -0.3419140577316284
v 0.6318608522415161 -0.17763563990592957 -0.33668529987335205
v 0.6366032361984253 -0.18286439776420593 -0.3261061906814575
v 0.6389135122299194 -0.1945379078388214 -0.3313349485397339
v 0.6335631608963013 -0.32781025767326355 -0.3313349485397339
v 0.6389135122299194 -0.32610785961151123 -0.332915723323822
v 0.6389135122299194 -0.33024221658706665 -0.3313349485397339
v 0.6335631608963013 -0.2651868462562561 -0.3313349485397339
v 0.649492621421814 -0.267740398645401 -0.32720059156417847
v 0.6389135122299194 -0.27309074997901917 -0.3258630037307739
v 0.6335631608963013 -0.28439944982528687 -0.32075583934783936
v 0.6282128095626831 -0.27831950783729553 -0.3250117897987366
v 0.6389135122299194 -0.2836698591709137 -0.3214854300022125
v 0.6441422700881958 -0.28974980115890503 -0.3154054880142212
v 0.6441422700881958 -0.2836698591709137 -0.32051265239715576
v 0.6441422700881958 -0.27831950783729553 -0.3224582076072693
v 0.6600717306137085 -0.27309074997901917 -0.32039105892181396
v 0.6971594095230103 -0.2942489683628082 -0.30093520879745483
v 0.6971594095230103 -0.28889861702919006 -0.29838165640830994
v 0.7061576843261719 -0.2995993196964264 -0.29424726963043213
v 0.713088870048523 -0.3949328064918518 -0.3397252559661865
v 0.7184392213821411 -0.3949328064918518 -0.3417924642562866
v 0.7184392213821411 -0.40028315782546997 -0.338387668132782
v 0.7236679792404175 -0.40563350915908813 -0.3354693055152893
v 0.8112190961837769 -0.3949328064918518 -0.22530072927474976
v 0.8092736005783081 -0.3897040784358978 -0.2200719714164734
v 0.8098815679550171 -0.3949328064918518 -0.2200719714164734
v 0.8063552379608154 -0.3897040784358978 -0.2147216498851776
v 0.807814359664917 -0.38435372710227966 -0.2200719714164734
v 0.8031935691833496 -0.38435372710227966 -0.2127760648727417
v 0.8031935691833496 -0.3810705542564392 -0.2147216498851776
v 0.8031935691833496 -0.3766929805278778 -0.2200719714164734
v 0.8061120510101318 -0.3791249692440033 -0.22530072927474976
v 0.8085439205169678 -0.38435372710227966 -0.2245711386203766
v 0.8096383810043335 -0.3897040784358978 -0.23065108060836792
v 0.8031935691833496 -0.40757909417152405 -0.24123018980026245
v 0.8047744035720825 -0.40028315782546997 -0.24123018980026245
v 0.8085439205169678 -0.40332314372062683 -0.2358798384666443
v 0.8076927661895752 -0.3897040784358978 -0.2358798384666443
v 0.8109759092330933 -0.40028315782546997 -0.23065108060836792
v 0.8107327222824097 -0.40563350915908813 -0.22530072927474976
v 0.8090304136276245 -0.40563350915908813 -0.2200719714164734
v 0.8085439205169678 -0.4079439043998718 -0.2200719714164734
v 0.8085439205169678 -0.40028315782546997 -0.21788319945335388
v 0.8031935691833496 -0.3949328064918518 -0.21131685376167297
v 0.8031935691833496 -0.3897040784358978 -0.21143847703933716
v 0.7978432178497314 -0.38435372710227966 -0.20937129855155945
v 0.7979649305343628 -0.3791249692440033 -0.21204647421836853
v 0.7926145792007446 -0.36830267310142517 -0.2200719714164734
v 0.7926145792007446 -0.37316662073135376 -0.2147216498851776
v 0.7979649305343628 -0.37377461791038513 -0.21691042184829712
v 0.8031935691833496 -0.3747473955154419 -0.22530072927474976
v 0.8031935691833496 -0.3746258020401001 -0.23065108060836792
v 0.801734447479248 -0.37377461791038513 -0.2358798384666443
v 0.8031935691833496 -0.38435372710227966 -0.24098700284957886
v 0.7988160848617554 -0.38435372710227966 -0.24658054113388062
v 0.7979649305343628 -0.3949328064918518 -0.2470669448375702
v 0.7979649305343628 -0.4108622670173645 -0.24390536546707153
v 0.7872642278671265 -0.3949328064918518 -0.2516876757144928
v 0.7926145792007446 -0.4108622670173645 -0.24560773372650146
v 0.7926145792007446 -0.42144137620925903 -0.24086537957191467
v 0.7979649305343628 -0.430682897567749 -0.2358798384666443
v 0.8031935691833496 -0.4267917275428772 -0.23478543758392334
v 0.8067200183868408 -0.42144137620925903 -0.23065108060836792
v 0.8075711727142334 -0.42144137620925903 -0.22530072927474976
v 0.806598424911499 -0.41621261835098267 -0.2200719714164734
v 0.8019776344299316 -0.41621261835098267 -0.2147216498851776
v 0.7979649305343628 -0.4267917275428772 -0.2132624387741089
v 0.7979649305343628 -0.3949328064918518 -0.2085200846195221
v 0.7926145792007446 -0.40028315782546997 -0.2082768976688385
v 0.7926145792007446 -0.38435372710227966 -0.20864170789718628
v 0.7926145792007446 -0.3791249692440033 -0.2105872631072998
v 0.7872642278671265 -0.37377461791038513 -0.21399202942848206
v 0.7872642278671265 -0.36842426657676697 -0.21824800968170166
v 0.7926145792007446 -0.36465469002723694 -0.22530072927474976
v 0.7937089204788208 -0.3631955087184906 -0.23065108060836792
v 0.7986944913864136 -0.36842426657676697 -0.2358798384666443
v 0.7923712730407715 -0.3631955087184906 -0.24658054113388062
v 0.7926145792007446 -0.36842426657676697 -0.25010690093040466
v 0.7926145792007446 -0.38435372710227966 -0.2521740794181824
v 0.7855618000030518 -0.38435372710227966 -0.25715965032577515
v 0.7820354700088501 -0.3897040784358978 -0.2560652494430542
v 0.7653763294219971 -0.3949328064918518 -0.2623884081840515
v 0.7714563608169556 -0.3922576308250427 -0.25715965032577515
v 0.7661060094833374 -0.39359521865844727 -0.25715965032577515
v 0.7661060094833374 -0.39432480931282043 -0.251809298992157
v 0.7714563608169556 -0.395054429769516 -0.251809298992157
v 0.7766851186752319 -0.3949328064918518 -0.25278207659721375
v 0.7766851186752319 -0.3897040784358978 -0.2584972381591797
v 0.7820354700088501 -0.3949328064918518 -0.25253885984420776
v 0.7820354700088501 -0.4108622670173645 -0.2443917691707611
v 0.7926145792007446 -0.4267917275428772 -0.23746061325073242
v 0.7979649305343628 -0.43737083673477173 -0.2329614758491516
v 0.8031935691833496 -0.4427211880683899 -0.23162388801574707
v 0.8061120510101318 -0.43737083673477173 -0.23065108060836792
v 0.8073279857635498 -0.4267917275428772 -0.22530072927474976
v 0.8058687448501587 -0.4267917275428772 -0.2200719714164734
v 0.8031935691833496 -0.43214207887649536 -0.21581602096557617
v 0.8031935691833496 -0.44794991612434387 -0.2131408452987671
v 0.7979649305343628 -0.43737083673477173 -0.21338406205177307
v 0.7926145792007446 -0.43214207887649536 -0.21411365270614624
v 0.7770498991012573 -0.41621261835098267 -0.22530072927474976
v 0.7872642278671265 -0.43238526582717896 -0.22530072927474976
v 0.7872642278671265 -0.4315340518951416 -0.2200719714164734
v 0.7875074148178101 -0.43214207887649536 -0.2200719714164734
v 0.7872642278671265 -0.42314374446868896 -0.2147216498851776
v 0.7872642278671265 -0.4108622670173645 -0.21095207333564758
v 0.7872642278671265 -0.3949328064918518 -0.20864170789718628
v 0.7872642278671265 -0.38435372710227966 -0.20937129855155945
v 0.7820354700088501 -0.37377461791038513 -0.21545124053955078
v 0.7820354700088501 -0.36635708808898926 -0.2200719714164734
v 0.7872642278671265 -0.36185792088508606 -0.22530072927474976
v 0.7872642278671265 -0.3584531545639038 -0.23065108060836792
v 0.7946816682815552 -0.3631955087184906 -0.2358798384666443
v 0.7896960973739624 -0.35784515738487244 -0.24123018980026245
v 0.788723349571228 -0.35784515738487244 -0.24658054113388062
v 0.7798466682434082 -0.3472660779953003 -0.251809298992157
v 0.7766851186752319 -0.34361809492111206 -0.251809298992157
v 0.7787522077560425 -0.34191572666168213 -0.2623884081840515
v 0.7831298112869263 -0.35261639952659607 -0.25715965032577515
v 0.7866561412811279 -0.3631955087184906 -0.25715965032577515
v 0.7876290082931519 -0.36842426657676697 -0.25715965032577515
v 0.788115382194519 -0.37377461791038513 -0.25715965032577515
v 0.7872642278671265 -0.3791249692440033 -0.25752443075180054
v 0.7792387008666992 -0.38435372710227966 -0.2623884081840515
v 0.7732802629470825 -0.3897040784358978 -0.2623884081840515
v 0.767565131187439 -0.3949328064918518 -0.2677387595176697
v 0.7661060094833374 -0.3990671634674072 -0.27308911085128784
v 0.7596611976623535 -0.40028315782546997 -0.2623884081840515
v 0.7607556581497192 -0.3952976167201996 -0.25715965032577515
v 0.7607556581497192 -0.39396002888679504 -0.251809298992157
v 0.7607556581497192 -0.39371684193611145 -0.24658054113388062
v 0.7661060094833374 -0.39627039432525635 -0.24658054113388062
v 0.7661060094833374 -0.39894556999206543 -0.24123018980026245
v 0.7714563608169556 -0.3996751606464386 -0.24658054113388062
v 0.7766851186752319 -0.4108622670173645 -0.24086537957191467
v 0.7872642278671265 -0.4267917275428772 -0.23417744040489197
v 0.7926145792007446 -0.43737083673477173 -0.22943508625030518
v 0.7955329418182373 -0.44794991612434387 -0.22530072927474976
v 0.7979649305343628 -0.44794991612434387 -0.22809749841690063
v 0.8031935691833496 -0.44794991612434387 -0.23052948713302612
v 0.8085439205169678 -0.4427211880683899 -0.22834071516990662
v 0.8085439205169678 -0.4342092275619507 -0.22530072927474976
v 0.8086655139923096 -0.43737083673477173 -0.2200719714164734
v 0.8231358528137207 -0.49573826789855957 -0.2200719714164734
v 0.8215550184249878 -0.48515915870666504 -0.2200719714164734
v 0.8233790397644043 -0.4903879165649414 -0.2147216498851776
v 0.8217982053756714 -0.48515915870666504 -0.2147216498851776
v 0.8200958967208862 -0.4798088073730469 -0.2147216498851776
v 0.8191230297088623 -0.4744584560394287 -0.21776160597801208
v 0.81693434715271 -0.46387937664985657 -0.2200719714164734
v 0.8086655139923096 -0.44794991612434387 -0.2147216498851776
v 0.8085439205169678 -0.4586506187915802 -0.21216806769371033
v 0.8031935691833496 -0.4586506187915802 -0.2130192518234253
v 0.7963840961456299 -0.4427211880683899 -0.2147216498851776
v 0.7982081174850464 -0.4586506187915802 -0.2200719714164734
v 0.7943168878555298 -0.44794991612434387 -0.2200719714164734
v 0.8031935691833496 -0.45330026745796204 -0.22943508625030518
v 0.8085439205169678 -0.4586506187915802 -0.2288271188735962
v 0.8124351501464844 -0.45330026745796204 -0.22530072927474976
v 0.8158398866653442 -0.4744584560394287 -0.22530072927474976
v 0.8191230297088623 -0.4798088073730469 -0.22250396013259888
v 0.8237438201904297 -0.5009670257568359 -0.2200719714164734
v 0.8244733810424805 -0.5145860910415649 -0.2200719714164734
v 0.8275133371353149 -0.5116677284240723 -0.2147216498851776
v 0.8191230297088623 -0.6547895669937134 -0.22226077318191528
v 0.8137726783752441 -0.6547895669937134 -0.2217743694782257
v 0.8191230297088623 -0.6574647426605225 -0.22530072927474976
v 0.8137726783752441 -0.659896731376648 -0.22530072927474976
v 0.8137726783752441 -0.658194363117218 -0.23065108060836792
v 0.8107327222824097 -0.6547895669937134 -0.23065108060836792
v 0.8137726783752441 -0.6547895669937134 -0.23283985257148743
v 0.8137726783752441 -0.6494392156600952 -0.2329614758491516
v 0.8118271827697754 -0.6494392156600952 -0.23065108060836792
v 0.8098815679550171 -0.6547895669937134 -0.22530072927474976
v 0.8137726783752441 -0.6494392156600952 -0.22262555360794067
v 0.8191230297088623 -0.6494392156600952 -0.2200719714164734
v 0.8244733810424805 -0.6494392156600952 -0.2218959629535675
v 0.8244733810424805 -0.6524791717529297 -0.22530072927474976
v 0.8191230297088623 -0.6562487483024597 -0.23065108060836792
v 0.8191230297088623 -0.6494392156600952 -0.23515024781227112
v 0.8244733810424805 -0.6494392156600952 -0.23283985257148743
v 0.8187582492828369 -0.6442104578018188 -0.2358798384666443
v 0.8244733810424805 -0.6453048586845398 -0.2358798384666443
v 0.8244733810424805 -0.6335097551345825 -0.23940619826316833
v 0.8190014362335205 -0.6388601064682007 -0.2358798384666443
v 0.8137726783752441 -0.6444537043571472 -0.23065108060836792
v 0.8166910409927368 -0.6388601064682007 -0.22530072927474976
v 0.8191230297088623 -0.6442104578018188 -0.2200719714164734
v 0.8244733810424805 -0.6465208530426025 -0.2200719714164734
v 0.8297021389007568 -0.6463992595672607 -0.22530072927474976
v 0.840524435043335 -0.6229307055473328 -0.23065108060836792
v 0.8396732807159424 -0.6282809972763062 -0.22530072927474976
v 0.835052490234375 -0.6374009251594543 -0.23065108060836792
v 0.835052490234375 -0.6384953260421753 -0.22530072927474976
v 0.8297021389007568 -0.6456696391105652 -0.23065108060836792
v 0.830553412437439 -0.6388601064682007 -0.2358798384666443
v 0.8297021389007568 -0.6335097551345825 -0.23916301131248474
v 0.8297021389007568 -0.6070012450218201 -0.24633735418319702
v 0.8297021389007568 -0.6177019476890564 -0.24548614025115967
v 0.8244733810424805 -0.6123515963554382 -0.24402695894241333
v 0.8228926658630371 -0.6177019476890564 -0.24123018980026245
v 0.8241086006164551 -0.6229307055473328 -0.24123018980026245
v 0.8204606771469116 -0.6282809972763062 -0.2358798384666443
v 0.8191230297088623 -0.6287674307823181 -0.23065108060836792
v 0.8199743032455444 -0.6282809972763062 -0.22530072927474976
v 0.8225278854370117 -0.6282809972763062 -0.2200719714164734
v 0.8216766119003296 -0.6335097551345825 -0.2200719714164734
v 0.8244733810424805 -0.6335097551345825 -0.2175184190273285
v 0.8297021389007568 -0.6417785286903381 -0.2200719714164734
v 0.8356605768203735 -0.6335097551345825 -0.2200719714164734
v 0.8402812480926514 -0.6229307055473328 -0.2198287844657898
v 0.8402812480926514 -0.61417555809021 -0.2147216498851776
v 0.8434427976608276 -0.6070012450218201 -0.2200719714164734
v 0.8435643911361694 -0.6017724871635437 -0.22530072927474976
v 0.8416188955307007 -0.6177019476890564 -0.23065108060836792
v 0.838700532913208 -0.6229307055473328 -0.2358798384666443
v 0.8365117311477661 -0.6282809972763062 -0.2358798384666443
v 0.835052490234375 -0.6123515963554382 -0.2445133626461029
v 0.835052490234375 -0.6070012450218201 -0.2446349561214447
v 0.8297021389007568 -0.5964221358299255 -0.24499976634979248
v 0.8226494789123535 -0.585843026638031 -0.24123018980026245
v 0.822041392326355 -0.6017724871635437 -0.24123018980026245
v 0.8197311162948608 -0.6017724871635437 -0.2358798384666443
v 0.8204606771469116 -0.6123515963554382 -0.2358798384666443
v 0.8209470510482788 -0.6177019476890564 -0.22530072927474976
v 0.8244733810424805 -0.6229307055473328 -0.21678882837295532
v 0.8297021389007568 -0.6335097551345825 -0.21618083119392395
v 0.835052490234375 -0.626092255115509 -0.2147216498851776
v 0.835052490234375 -0.6017724871635437 -0.20645290613174438
v 0.8407676219940186 -0.5911933779716492 -0.20937129855155945
v 0.8374844789505005 -0.5804926753044128 -0.20414254069328308
v 0.8402812480926514 -0.5804926753044128 -0.20864170789718628
v 0.8427132368087769 -0.5911933779716492 -0.2147216498851776
v 0.8434427976608276 -0.5911933779716492 -0.2200719714164734
v 0.8417404890060425 -0.5911933779716492 -0.23065108060836792
v 0.8382140398025513 -0.6123515963554382 -0.24123018980026245
v 0.835052490234375 -0.5885182023048401 -0.24123018980026245
v 0.8299453258514404 -0.5804926753044128 -0.24123018980026245
v 0.8244733810424805 -0.5752639174461365 -0.2401357889175415
v 0.8191230297088623 -0.585843026638031 -0.23843342065811157
v 0.8191230297088623 -0.5911933779716492 -0.2375822365283966
v 0.8191230297088623 -0.5971516966819763 -0.2358798384666443
v 0.8191230297088623 -0.6016508936882019 -0.23065108060836792
v 0.8209470510482788 -0.6070012450218201 -0.2200719714164734
v 0.8244733810424805 -0.6070012450218201 -0.21192485094070435
v 0.8297021389007568 -0.6070012450218201 -0.20791208744049072
v 0.8297021389007568 -0.5964221358299255 -0.2038993239402771
v 0.835052490234375 -0.585843026638031 -0.20231854915618896
v 0.835052490234375 -0.5752639174461365 -0.20195376873016357
v 0.8365117311477661 -0.5646848082542419 -0.20414254069328308
v 0.8376060724258423 -0.5434050559997559 -0.20414254069328308
v 0.8377276659011841 -0.5539841055870056 -0.20414254069328308
v 0.838700532913208 -0.5593344569206238 -0.20937129855155945
v 0.8412541151046753 -0.5752639174461365 -0.2147216498851776
v 0.8402812480926514 -0.5718591809272766 -0.2200719714164734
v 0.8413757085800171 -0.5804926753044128 -0.22530072927474976
v 0.838700532913208 -0.585843026638031 -0.2358798384666443
v 0.835052490234375 -0.576601505279541 -0.2358798384666443
v 0.8297021389007568 -0.5686975717544556 -0.2358798384666443
v 0.8244733810424805 -0.5593344569206238 -0.23417744040489197
v 0.8191230297088623 -0.5593344569206238 -0.2353934347629547
v 0.8191230297088623 -0.5804926753044128 -0.23879820108413696
v 0.8137726783752441 -0.5832894444465637 -0.23065108060836792
v 0.8137726783752441 -0.585843026638031 -0.22688153386116028
v 0.8180286884307861 -0.5964221358299255 -0.2200719714164734
v 0.8244733810424805 -0.5964221358299255 -0.206088125705719
v 0.81693434715271 -0.5804926753044128 -0.20414254069328308
v 0.8244733810424805 -0.585843026638031 -0.20098096132278442
v 0.8297021389007568 -0.5804926753044128 -0.1994001865386963
v 0.8297021389007568 -0.5649280548095703 -0.19879218935966492
v 0.835052490234375 -0.5487553477287292 -0.19964337348937988
v 0.835052490234375 -0.5434050559997559 -0.20012977719306946
v 0.8361469507217407 -0.5381762981414795 -0.20414254069328308
v 0.8367549180984497 -0.5381762981414795 -0.20937129855155945
v 0.8383357524871826 -0.5593344569206238 -0.2147216498851776
v 0.8297021389007568 -0.5539841055870056 -0.22688153386116028
v 0.8191230297088623 -0.5487553477287292 -0.23393425345420837
v 0.8137726783752441 -0.5487553477287292 -0.23624464869499207
v 0.8137726783752441 -0.5539841055870056 -0.2355150282382965
v 0.8137726783752441 -0.5646848082542419 -0.23478543758392334
v 0.808422327041626 -0.5646848082542419 -0.23065108060836792
v 0.8089088201522827 -0.5752639174461365 -0.22530072927474976
v 0.802342414855957 -0.5593344569206238 -0.22530072927474976
v 0.8062336444854736 -0.5699135661125183 -0.2200719714164734
v 0.8131647109985352 -0.5804926753044128 -0.20937129855155945
v 0.8148671388626099 -0.5752639174461365 -0.20414254069328308
v 0.8191230297088623 -0.5752639174461365 -0.20061618089675903
v 0.8244733810424805 -0.5752639174461365 -0.19867059588432312
v 0.8244733810424805 -0.5487553477287292 -0.1970897912979126
v 0.8297021389007568 -0.5487553477287292 -0.196846604347229
v 0.8297021389007568 -0.5351362824440002 -0.19879218935966492
v 0.8297021389007568 -0.5274755954742432 -0.20316973328590393
v 0.8299453258514404 -0.5222468376159668 -0.20937129855155945
v 0.8266621828079224 -0.5116677284240723 -0.20937129855155945
v 0.8290941715240479 -0.5222468376159668 -0.2147216498851776
v 0.8363901376724243 -0.5434050559997559 -0.2147216498851776
v 0.8191230297088623 -0.5434050559997559 -0.2334478497505188
v 0.8177855014801025 -0.5381762981414795 -0.2358798384666443
v 0.8137726783752441 -0.5434050559997559 -0.23733901977539062
v 0.8085439205169678 -0.5328259468078613 -0.24548614025115967
v 0.8031935691833496 -0.5328259468078613 -0.24791812896728516
v 0.8031935691833496 -0.5434050559997559 -0.24062219262123108
v 0.8085439205169678 -0.5434050559997559 -0.2397710084915161
v 0.8085439205169678 -0.5539841055870056 -0.23490706086158752
v 0.8016128540039062 -0.5539841055870056 -0.23065108060836792
v 0.7979649305343628 -0.5526465177536011 -0.22530072927474976
v 0.7979649305343628 -0.5517953634262085 -0.2200719714164734
v 0.784467339515686 -0.5328259468078613 -0.2200719714164734
v 0.7926145792007446 -0.5437698364257812 -0.2200719714164734
v 0.7933441400527954 -0.5381762981414795 -0.2147216498851776
v 0.7991808652877808 -0.5487553477287292 -0.2147216498851776
v 0.8035584688186646 -0.5593344569206238 -0.2147216498851776
v 0.8085439205169678 -0.5539841055870056 -0.20681771636009216
v 0.8191230297088623 -0.5646848082542419 -0.19952178001403809
v 0.8191230297088623 -0.5434050559997559 -0.19976496696472168
v 0.8244733810424805 -0.5328259468078613 -0.1990353763103485
v 0.8244733810424805 -0.5222468376159668 -0.20316973328590393
v 0.8252030611038208 -0.5063173770904541 -0.20937129855155945
v 0.8191230297088623 -0.49148231744766235 -0.20937129855155945
v 0.8137726783752441 -0.4798088073730469 -0.21010088920593262
v 0.8085439205169678 -0.46922969818115234 -0.21107366681098938
v 0.8008832931518555 -0.4586506187915802 -0.2147216498851776
v 0.799667239189148 -0.46387937664985657 -0.2200719714164734
v 0.8011264801025391 -0.46922969818115234 -0.2200719714164734
v 0.8019776344299316 -0.46387937664985657 -0.22530072927474976
v 0.8085439205169678 -0.46922969818115234 -0.22809749841690063
v 0.8137726783752441 -0.4744584560394287 -0.2267599105834961
v 0.8137726783752441 -0.4973190426826477 -0.22530072927474976
v 0.81693434715271 -0.5063173770904541 -0.22530072927474976
v 0.820217490196228 -0.5222468376159668 -0.23065108060836792
v 0.8244733810424805 -0.5274755954742432 -0.22262555360794067
v 0.8244733810424805 -0.5381762981414795 -0.22603031992912292
v 0.8216766119003296 -0.5381762981414795 -0.23065108060836792
v 0.815961480140686 -0.5274755954742432 -0.24123018980026245
v 0.8098815679550171 -0.5274755954742432 -0.24658054113388062
v 0.7979649305343628 -0.5280835628509521 -0.251809298992157
v 0.7979649305343628 -0.5328259468078613 -0.24901250004768372
v 0.7926145792007446 -0.5398786664009094 -0.24123018980026245
v 0.8019776344299316 -0.5487553477287292 -0.2358798384666443
v 0.7960193157196045 -0.5487553477287292 -0.23065108060836792
v 0.7926145792007446 -0.5463234186172485 -0.22530072927474976
v 0.781184196472168 -0.5328259468078613 -0.22530072927474976
v 0.7789953947067261 -0.5274755954742432 -0.22530072927474976
v 0.7826434373855591 -0.5274755954742432 -0.2200719714164734
v 0.7872642278671265 -0.5222468376159668 -0.21618083119392395
v 0.7872642278671265 -0.5274755954742432 -0.21581602096557617
v 0.7979649305343628 -0.5328259468078613 -0.2103440761566162
v 0.8031935691833496 -0.5434050559997559 -0.20937129855155945
v 0.8137726783752441 -0.5274755954742432 -0.20523691177368164
v 0.8191230297088623 -0.5206660032272339 -0.20414254069328308
v 0.8191230297088623 -0.5009670257568359 -0.20779049396514893
v 0.8137726783752441 -0.48515915870666504 -0.20937129855155945
v 0.8085439205169678 -0.4903879165649414 -0.21204647421836853
v 0.8085439205169678 -0.4744584560394287 -0.21095207333564758
v 0.8039232492446899 -0.4744584560394287 -0.2147216498851776
v 0.8031935691833496 -0.4766472578048706 -0.2200719714164734
v 0.8085439205169678 -0.48515915870666504 -0.224327951669693
v 0.8068416118621826 -0.4903879165649414 -0.22530072927474976
v 0.8085439205169678 -0.49573826789855957 -0.22773271799087524
v 0.8097599744796753 -0.5009670257568359 -0.23065108060836792
v 0.8157182931900024 -0.5116677284240723 -0.23065108060836792
v 0.8190014362335205 -0.5222468376159668 -0.2358798384666443
v 0.815961480140686 -0.5222468376159668 -0.24123018980026245
v 0.8145023584365845 -0.5168964862823486 -0.24123018980026245
v 0.8098815679550171 -0.5168964862823486 -0.24658054113388062
v 0.8085439205169678 -0.5222468376159668 -0.24828290939331055
v 0.8031935691833496 -0.5222468376159668 -0.251566082239151
v 0.7926145792007446 -0.5222468376159668 -0.25460606813430786
v 0.7910337448120117 -0.5274755954742432 -0.251809298992157
v 0.7872642278671265 -0.5274755954742432 -0.25047171115875244
v 0.7872642278671265 -0.5397570729255676 -0.2358798384666443
v 0.7872642278671265 -0.5415810346603394 -0.23065108060836792
v 0.7772930860519409 -0.5274755954742432 -0.23065108060836792
v 0.7781442403793335 -0.5222468376159668 -0.22530072927474976
v 0.7826434373855591 -0.5222468376159668 -0.2200719714164734
v 0.7979649305343628 -0.5222468376159668 -0.2103440761566162
v 0.8031935691833496 -0.5162884593009949 -0.20937129855155945
v 0.8085439205169678 -0.5009670257568359 -0.21107366681098938
v 0.8052607774734497 -0.4903879165649414 -0.2147216498851776
v 0.8031935691833496 -0.4863751530647278 -0.2200719714164734
v 0.7979649305343628 -0.4897799491882324 -0.2200719714164734
v 0.7979649305343628 -0.48746955394744873 -0.22530072927474976
v 0.8031935691833496 -0.48929351568222046 -0.22530072927474976
v 0.8031935691833496 -0.4923335015773773 -0.23065108060836792
v 0.8137726783752441 -0.5116677284240723 -0.23733901977539062
v 0.8031935691833496 -0.5063173770904541 -0.24864771962165833
v 0.7979649305343628 -0.5063173770904541 -0.2539980709552765
v 0.7985728979110718 -0.5009670257568359 -0.251809298992157
v 0.7926145792007446 -0.5009670257568359 -0.25679484009742737
v 0.7926145792007446 -0.5116677284240723 -0.25679484009742737
v 0.7870209217071533 -0.5116677284240723 -0.25715965032577515
v 0.7766851186752319 -0.5009670257568359 -0.25703805685043335
v 0.7820354700088501 -0.5222468376159668 -0.25022849440574646
v 0.7820354700088501 -0.5313667058944702 -0.24123018980026245
v 0.7766851186752319 -0.5261380076408386 -0.2358798384666443
v 0.773888349533081 -0.5168964862823486 -0.24123018980026245
v 0.7736450433731079 -0.5168964862823486 -0.2358798384666443
v 0.7748610973358154 -0.5116677284240723 -0.23065108060836792
v 0.7766851186752319 -0.5009670257568359 -0.2267599105834961
v 0.7820354700088501 -0.5116677284240723 -0.22286877036094666
v 0.7926145792007446 -0.5116677284240723 -0.2152080237865448
v 0.7979649305343628 -0.5009670257568359 -0.21374884247779846
v 0.7979649305343628 -0.49573826789855957 -0.2153296172618866
v 0.7926145792007446 -0.4903879165649414 -0.22080159187316895
v 0.7926145792007446 -0.4861319661140442 -0.22530072927474976
v 0.7926145792007446 -0.4838215708732605 -0.23065108060836792
v 0.7979649305343628 -0.48734796047210693 -0.23065108060836792
v 0.7979649305343628 -0.4901447296142578 -0.24123018980026245
v 0.7993024587631226 -0.49573826789855957 -0.24658054113388062
v 0.7926145792007446 -0.4903879165649414 -0.25278207659721375
v 0.7851970195770264 -0.48515915870666504 -0.25715965032577515
v 0.7872642278671265 -0.5009670257568359 -0.2586188316345215
v 0.7714563608169556 -0.4903879165649414 -0.2589836120605469
v 0.7654979228973389 -0.4903879165649414 -0.25715965032577515
v 0.7555269002914429 -0.4744584560394287 -0.2623884081840515
v 0.753338098526001 -0.4798088073730469 -0.25715965032577515
v 0.7555269002914429 -0.48515915870666504 -0.2520524859428406
v 0.7661060094833374 -0.49573826789855957 -0.25290369987487793
v 0.7731586694717407 -0.5116677284240723 -0.24658054113388062
v 0.7714563608169556 -0.5106949210166931 -0.24123018980026245
v 0.7684164047241211 -0.5009670257568359 -0.2358798384666443
v 0.7714563608169556 -0.49877822399139404 -0.23065108060836792
v 0.7673219442367554 -0.4903879165649414 -0.23065108060836792
v 0.7714563608169556 -0.48515915870666504 -0.22688153386116028
v 0.7872642278671265 -0.49573826789855957 -0.22043678164482117
v 0.7872642278671265 -0.4903879165649414 -0.2221391797065735
v 0.7872642278671265 -0.48515915870666504 -0.22530072927474976
v 0.7872642278671265 -0.4798088073730469 -0.23077267408370972
v 0.7843457460403442 -0.4744584560394287 -0.2358798384666443
v 0.7939521074295044 -0.48515915870666504 -0.24123018980026245
v 0.7872642278671265 -0.4798088073730469 -0.251809298992157
v 0.7766851186752319 -0.462541788816452 -0.25715965032577515
v 0.7766851186752319 -0.4744584560394287 -0.2606860101222992
v 0.7714563608169556 -0.4798088073730469 -0.26202359795570374
v 0.7555269002914429 -0.46922969818115234 -0.2650635838508606
v 0.7501765489578247 -0.47141849994659424 -0.2623884081840515
v 0.7449477910995483 -0.4719048738479614 -0.25715965032577515
v 0.7449477910995483 -0.4703240990638733 -0.2623884081840515
v 0.7395974397659302 -0.4727560877799988 -0.2623884081840515
v 0.734247088432312 -0.4798088073730469 -0.2600780129432678
v 0.7286535501480103 -0.4798088073730469 -0.25715965032577515
v 0.6971594095230103 -0.5063173770904541 -0.22311195731163025
v 0.6971594095230103 -0.5116677284240723 -0.22371995449066162
v 0.701537013053894 -0.5063173770904541 -0.22530072927474976
v 0.6995913982391357 -0.5116677284240723 -0.22530072927474976
v 0.6971594095230103 -0.5136132836341858 -0.22530072927474976
v 0.6927818059921265 -0.5116677284240723 -0.22530072927474976
v 0.6924170255661011 -0.5063173770904541 -0.22530072927474976
v 0.6913226842880249 -0.5063173770904541 -0.23065108060836792
v 0.6971594095230103 -0.5010886192321777 -0.22530072927474976
v 0.7025097608566284 -0.5009670257568359 -0.2266383171081543
v 0.7077385187149048 -0.5009670257568359 -0.23405584692955017
v 0.7051849365234375 -0.49573826789855957 -0.23065108060836792
v 0.7062792778015137 -0.5009670257568359 -0.23065108060836792
v 0.7051849365234375 -0.5063173770904541 -0.23065108060836792
v 0.7025097608566284 -0.5109381079673767 -0.23065108060836792
v 0.6971594095230103 -0.513978123664856 -0.23065108060836792
v 0.6930251121520996 -0.5116677284240723 -0.23065108060836792
v 0.6947274208068848 -0.5063173770904541 -0.2358798384666443
v 0.6927818059921265 -0.5009670257568359 -0.23065108060836792
v 0.6971594095230103 -0.495495080947876 -0.23065108060836792
v 0.7025097608566284 -0.4933062791824341 -0.23065108060836792
v 0.7077385187149048 -0.49573826789855957 -0.23271825909614563
v 0.7096841335296631 -0.4903879165649414 -0.2358798384666443
v 0.7102921009063721 -0.49573826789855957 -0.2358798384666443
v 0.7077385187149048 -0.5023046135902405 -0.2358798384666443
v 0.7025097608566284 -0.508506178855896 -0.2358798384666443
v 0.6971594095230103 -0.509114146232605 -0.2358798384666443
v 0.6935114860534668 -0.5009670257568359 -0.2358798384666443
v 0.6971594095230103 -0.49573826789855957 -0.242567777633667
v 0.6950922012329102 -0.49573826789855957 -0.2358798384666443
v 0.6971594095230103 -0.4922119081020355 -0.2358798384666443
v 0.7025097608566284 -0.4875911474227905 -0.2358798384666443
v 0.7077385187149048 -0.4903879165649414 -0.23442065715789795
v 0.7141832113265991 -0.4903879165649414 -0.24123018980026245
v 0.713088870048523 -0.49427908658981323 -0.24123018980026245
v 0.7127240896224976 -0.49573826789855957 -0.24123018980026245
v 0.7083464860916138 -0.5009670257568359 -0.24123018980026245
v 0.7025097608566284 -0.5038853883743286 -0.24123018980026245
v 0.6971594095230103 -0.5009670257568359 -0.24098700284957886
v 0.7006857395172119 -0.49573826789855957 -0.24658054113388062
v 0.6971594095230103 -0.4922119081020355 -0.24123018980026245
v 0.7025097608566284 -0.4838215708732605 -0.24123018980026245
v 0.7077385187149048 -0.48515915870666504 -0.2375822365283966
v 0.713088870048523 -0.48515915870666504 -0.24037900567054749
v 0.7168583869934082 -0.4903879165649414 -0.24658054113388062
v 0.7186824083328247 -0.48515915870666504 -0.24658054113388062
v 0.7184392213821411 -0.48917192220687866 -0.251809298992157
v 0.7216007709503174 -0.48515915870666504 -0.251809298992157
v 0.7236679792404175 -0.4810248017311096 -0.251809298992157
v 0.7236679792404175 -0.48455119132995605 -0.25715965032577515
v 0.7184392213821411 -0.4880775213241577 -0.25715965032577515
v 0.713088870048523 -0.4903879165649414 -0.25667324662208557
v 0.713088870048523 -0.4934278726577759 -0.251809298992157
v 0.7126024961471558 -0.49573826789855957 -0.24658054113388062
v 0.7077385187149048 -0.49865663051605225 -0.24658054113388062
v 0.7025097608566284 -0.4978054463863373 -0.24658054113388062
v 0.7025097608566284 -0.4903879165649414 -0.251809298992157
v 0.6991050243377686 -0.4903879165649414 -0.24658054113388062
v 0.7001993656158447 -0.48515915870666504 -0.24658054113388062
v 0.7025097608566284 -0.4798088073730469 -0.24889090657234192
v 0.7077385187149048 -0.4809032082557678 -0.24123018980026245
v 0.713088870048523 -0.4798088073730469 -0.2423245906829834
v 0.7196551561355591 -0.4798088073730469 -0.24658054113388062
v 0.7190471887588501 -0.4744584560394287 -0.24658054113388062
v 0.7236679792404175 -0.4744584560394287 -0.2494989037513733
v 0.7236679792404175 -0.46922969818115234 -0.2494989037513733
v 0.7271943092346191 -0.46922969818115234 -0.251809298992157
v 0.734247088432312 -0.4697161316871643 -0.25715965032577515
v 0.7398406267166138 -0.46922969818115234 -0.25715965032577515
v 0.7395974397659302 -0.4672841429710388 -0.251809298992157
v 0.7465285062789917 -0.4744584560394287 -0.251809298992157
v 0.7550405263900757 -0.48515915870666504 -0.24658054113388062
v 0.7501765489578247 -0.4727560877799988 -0.24123018980026245
v 0.7564996480941772 -0.48515915870666504 -0.24123018980026245
v 0.7607556581497192 -0.48686155676841736 -0.2358798384666443
v 0.7607556581497192 -0.4744584560394287 -0.23235347867012024
v 0.7661060094833374 -0.4744584560394287 -0.22979989647865295
v 0.7714563608169556 -0.4798088073730469 -0.22724631428718567
v 0.7766851186752319 -0.48515915870666504 -0.22530072927474976
v 0.7820354700088501 -0.4839431643486023 -0.22530072927474976
v 0.7766851186752319 -0.46922969818115234 -0.23235347867012024
v 0.7820354700088501 -0.4744584560394287 -0.23186707496643066
v 0.7819138765335083 -0.46922969818115234 -0.24123018980026245
v 0.7794818878173828 -0.46387937664985657 -0.251809298992157
v 0.7714563608169556 -0.45244908332824707 -0.25715965032577515
v 0.7691459655761719 -0.45330026745796204 -0.2623884081840515
v 0.7714563608169556 -0.46922969818115234 -0.2631179690361023
v 0.7607556581497192 -0.46387937664985657 -0.2668875455856323
v 0.7555269002914429 -0.46473056077957153 -0.2677387595176697
v 0.7501765489578247 -0.4672841429710388 -0.2677387595176697
v 0.7449477910995483 -0.47105371952056885 -0.2677387595176697
v 0.7449477910995483 -0.4739720821380615 -0.27308911085128784
v 0.7432453632354736 -0.4744584560394287 -0.2677387595176697
v 0.7432453632354736 -0.4798088073730469 -0.2677387595176697
v 0.740327000617981 -0.4798088073730469 -0.2623884081840515
v 0.7395974397659302 -0.48515915870666504 -0.260564386844635
v 0.734247088432312 -0.48515915870666504 -0.26129400730133057
v 0.7290183305740356 -0.48442959785461426 -0.2623884081840515
v 0.7236679792404175 -0.48491597175598145 -0.2623884081840515
v 0.7184392213821411 -0.4855239689350128 -0.2623884081840515
v 0.713088870048523 -0.4855239689350128 -0.2623884081840515
v 0.7077385187149048 -0.49440068006515503 -0.251809298992157
v 0.7025097608566284 -0.48515915870666504 -0.25424128770828247
v 0.7029961347579956 -0.4798088073730469 -0.25715965032577515
v 0.7025097608566284 -0.47822803258895874 -0.251809298992157
v 0.7077385187149048 -0.4745800495147705 -0.24658054113388062
v 0.713088870048523 -0.4720264971256256 -0.24658054113388062
v 0.7184392213821411 -0.46922969818115234 -0.24767494201660156
v 0.7184392213821411 -0.46387937664985657 -0.25010690093040466
v 0.7236679792404175 -0.46387937664985657 -0.25047171115875244
v 0.7290183305740356 -0.46387937664985657 -0.2519308924674988
v 0.734247088432312 -0.4636361598968506 -0.251809298992157
v 0.7395974397659302 -0.4626633822917938 -0.24658054113388062
v 0.7501765489578247 -0.46922969818115234 -0.23952779173851013
v 0.7520004510879517 -0.4586506187915802 -0.2358798384666443
v 0.7661060094833374 -0.46387937664985657 -0.23174548149108887
v 0.7723075151443481 -0.46922969818115234 -0.23065108060836792
v 0.7766851186752319 -0.4652169644832611 -0.2358798384666443
v 0.7714563608169556 -0.4520842730998993 -0.24658054113388062
v 0.7692675590515137 -0.44794991612434387 -0.251809298992157
v 0.7665923833847046 -0.4427211880683899 -0.25715965032577515
v 0.7642819881439209 -0.4427211880683899 -0.24658054113388062
v 0.7583236694335938 -0.4267917275428772 -0.25715965032577515
v 0.7586884498596191 -0.42144137620925903 -0.2623884081840515
v 0.7661060094833374 -0.4427211880683899 -0.26384758949279785
v 0.7661060094833374 -0.44794991612434387 -0.26615795493125916
v 0.7648899555206299 -0.45330026745796204 -0.2677387595176697
v 0.7628227472305298 -0.4586506187915802 -0.2677387595176697
v 0.7555269002914429 -0.45998820662498474 -0.27308911085128784
v 0.7501765489578247 -0.4660681486129761 -0.27308911085128784
v 0.7501765489578247 -0.46387937664985657 -0.28366819024086
v 0.7408133745193481 -0.4798088073730469 -0.2783178389072418
v 0.7428805828094482 -0.4798088073730469 -0.27308911085128784
v 0.7422726154327393 -0.48515915870666504 -0.2677387595176697
v 0.7417862415313721 -0.48515915870666504 -0.2623884081840515
v 0.7395974397659302 -0.4885639548301697 -0.2623884081840515
v 0.734247088432312 -0.4883207380771637 -0.2677387595176697
v 0.7290183305740356 -0.48248398303985596 -0.2783178389072418
v 0.7290183305740356 -0.48503756523132324 -0.27308911085128784
v 0.7236679792404175 -0.4835783839225769 -0.2677387595176697
v 0.734247088432312 -0.4866183400154114 -0.27308911085128784
v 0.7184392213821411 -0.4815112054347992 -0.2677387595176697
v 0.713088870048523 -0.4798088073730469 -0.2677387595176697
v 0.7077385187149048 -0.48284879326820374 -0.2623884081840515
v 0.7060360908508301 -0.4798088073730469 -0.2623884081840515
v 0.7032393217086792 -0.4744584560394287 -0.25715965032577515
v 0.7077385187149048 -0.46837854385375977 -0.251809298992157
v 0.713088870048523 -0.4632713794708252 -0.251809298992157
v 0.7184392213821411 -0.4586506187915802 -0.2521740794181824
v 0.713088870048523 -0.45330026745796204 -0.25715965032577515
v 0.7184392213821411 -0.45330026745796204 -0.2532684803009033
v 0.7236679792404175 -0.45330026745796204 -0.2510797083377838
v 0.7290183305740356 -0.4586506187915802 -0.25095808506011963
v 0.7395974397659302 -0.45330026745796204 -0.24183818697929382
v 0.7335175275802612 -0.43737083673477173 -0.24123018980026245
v 0.7449477910995483 -0.4427211880683899 -0.23904141783714294
v 0.7555269002914429 -0.4501386880874634 -0.2358798384666443
v 0.7641603946685791 -0.45330026745796204 -0.2358798384666443
v 0.7658628225326538 -0.44794991612434387 -0.24123018980026245
v 0.7555269002914429 -0.43214207887649536 -0.247188538312912
v 0.7501765489578247 -0.4197389781475067 -0.251809298992157
v 0.7515140771865845 -0.4108622670173645 -0.25715965032577515
v 0.7561348676681519 -0.4108622670173645 -0.2623884081840515
v 0.7600259780883789 -0.4108622670173645 -0.2677387595176697
v 0.7616068124771118 -0.41621261835098267 -0.27308911085128784
v 0.7616068124771118 -0.42144137620925903 -0.27308911085128784
v 0.7599043846130371 -0.4267917275428772 -0.28366819024086
v 0.7635524272918701 -0.4427211880683899 -0.27308911085128784
v 0.7594180107116699 -0.43737083673477173 -0.28366819024086
v 0.7622147798538208 -0.44794991612434387 -0.27308911085128784
v 0.7546756267547607 -0.45330026745796204 -0.28889694809913635
v 0.7517572641372681 -0.45330026745796204 -0.29424726963043213
v 0.7449477910995483 -0.45330026745796204 -0.2991112470626831
v 0.7449477910995483 -0.4607177972793579 -0.29424726963043213
v 0.7395974397659302 -0.47166168689727783 -0.28889694809913635
v 0.7395974397659302 -0.4772552251815796 -0.28366819024086
v 0.7395974397659302 -0.4880775213241577 -0.2677387595176697
v 0.734247088432312 -0.4838215708732605 -0.2783178389072418
v 0.7290183305740356 -0.47822803258895874 -0.28366819024086
v 0.7146697044372559 -0.46922969818115234 -0.2783178389072418
v 0.7106568813323975 -0.46922969818115234 -0.27308911085128784
v 0.7046985626220703 -0.4744584560394287 -0.2623884081840515
v 0.7061576843261719 -0.46387937664985657 -0.2623884081840515
v 0.707616925239563 -0.4586506187915802 -0.2623884081840515
v 0.7077385187149048 -0.46387937664985657 -0.256186842918396
v 0.7105352878570557 -0.4586506187915802 -0.25715965032577515
v 0.7089544534683228 -0.45330026745796204 -0.2623884081840515
v 0.7085896730422974 -0.44794991612434387 -0.2623884081840515
v 0.7184392213821411 -0.4467339515686035 -0.251809298992157
v 0.7290183305740356 -0.4427211880683899 -0.24366217851638794
v 0.7236679792404175 -0.4267917275428772 -0.24427014589309692
v 0.7395974397659302 -0.43214207887649536 -0.24086537957191467
v 0.7501765489578247 -0.4356684386730194 -0.24123018980026245
v 0.7449477910995483 -0.42144137620925903 -0.2467021346092224
v 0.7449477910995483 -0.40563350915908813 -0.25241729617118835
v 0.7513924837112427 -0.40563350915908813 -0.25715965032577515
v 0.7555269002914429 -0.39870238304138184 -0.25715965032577515
v 0.7555269002914429 -0.39420321583747864 -0.251809298992157
v 0.7555269002914429 -0.39177125692367554 -0.24658054113388062
v 0.7607556581497192 -0.39408162236213684 -0.24123018980026245
v 0.7607556581497192 -0.39347362518310547 -0.2358798384666443
v 0.7714563608169556 -0.4079439043998718 -0.2358798384666443
v 0.7766851186752319 -0.41657739877700806 -0.23065108060836792
v 0.7714563608169556 -0.40526872873306274 -0.22530072927474976
v 0.7748610973358154 -0.40563350915908813 -0.2200719714164734
v 0.7820354700088501 -0.41195666790008545 -0.2147216498851776
v 0.7770498991012573 -0.3949328064918518 -0.2147216498851776
v 0.7766851186752319 -0.38435372710227966 -0.215086430311203
v 0.7766851186752319 -0.3791249692440033 -0.21605923771858215
v 0.7766851186752319 -0.36842426657676697 -0.2198287844657898
v 0.7661060094833374 -0.3631955087184906 -0.22493594884872437
v 0.7714563608169556 -0.35784515738487244 -0.22603031992912292
v 0.7714563608169556 -0.35261639952659607 -0.23004308342933655
v 0.7766851186752319 -0.35261639952659607 -0.23198866844177246
v 0.7820354700088501 -0.35261639952659607 -0.2375822365283966
v 0.7714563608169556 -0.34130772948265076 -0.24658054113388062
v 0.7766851186752319 -0.34191572666168213 -0.255578875541687
v 0.7766851186752319 -0.33705174922943115 -0.2677387595176697
v 0.7791171073913574 -0.34191572666168213 -0.2677387595176697
v 0.781184196472168 -0.35261639952659607 -0.2677387595176697
v 0.7836161851882935 -0.37377461791038513 -0.2623884081840515
v 0.776320219039917 -0.38435372710227966 -0.2677387595176697
v 0.7714563608169556 -0.3897040784358978 -0.27515625953674316
v 0.765741229057312 -0.40028315782546997 -0.2783178389072418
v 0.7631876468658447 -0.40563350915908813 -0.27308911085128784
v 0.7613636255264282 -0.42144137620925903 -0.2783178389072418
v 0.7607556581497192 -0.4184013903141022 -0.28366819024086
v 0.7567428350448608 -0.43737083673477173 -0.28889694809913635
v 0.7537028789520264 -0.44794991612434387 -0.29424726963043213
v 0.7501765489578247 -0.44794991612434387 -0.29838165640830994
v 0.7449477910995483 -0.43214207887649536 -0.3061639666557312
v 0.734247088432312 -0.431290864944458 -0.3101767301559448
v 0.7395974397659302 -0.4267917275428772 -0.31163591146469116
v 0.7395974397659302 -0.43737083673477173 -0.3055559992790222
v 0.7395974397659302 -0.453543484210968 -0.2995976209640503
v 0.734247088432312 -0.46387937664985657 -0.29424726963043213
v 0.734247088432312 -0.4744584560394287 -0.2884105443954468
v 0.7290183305740356 -0.47178328037261963 -0.28889694809913635
v 0.7184392213821411 -0.463392972946167 -0.28889694809913635
v 0.7143048048019409 -0.4586506187915802 -0.28889694809913635
v 0.7106568813323975 -0.4586506187915802 -0.28366819024086
v 0.7077385187149048 -0.46387937664985657 -0.27090030908584595
v 0.7072521448135376 -0.45330026745796204 -0.2677387595176697
v 0.7067657709121704 -0.45330026745796204 -0.27308911085128784
v 0.7077385187149048 -0.4427211880683899 -0.2604427933692932
v 0.6919306516647339 -0.4087950885295868 -0.25715965032577515
v 0.6921738386154175 -0.42144137620925903 -0.2623884081840515
v 0.7025097608566284 -0.41621261835098267 -0.2513228952884674
v 0.713088870048523 -0.41864460706710815 -0.24658054113388062
v 0.713088870048523 -0.4108622670173645 -0.24609413743019104
v 0.7290183305740356 -0.42144137620925903 -0.24354055523872375
v 0.734247088432312 -0.41621261835098267 -0.24548614025115967
v 0.734247088432312 -0.40563350915908813 -0.24803972244262695
v 0.734247088432312 -0.40028315782546997 -0.24803972244262695
v 0.7522437572479248 -0.3949328064918518 -0.251809298992157
v 0.7501765489578247 -0.3906768560409546 -0.24658054113388062
v 0.7555269002914429 -0.3897040784358978 -0.24050059914588928
v 0.7555269002914429 -0.38715049624443054 -0.2358798384666443
v 0.7667139768600464 -0.40028315782546997 -0.23065108060836792
v 0.7668355703353882 -0.3949328064918518 -0.22530072927474976
v 0.7714563608169556 -0.395054429769516 -0.2200719714164734
v 0.7698755264282227 -0.38435372710227966 -0.2200719714164734
v 0.7555269002914429 -0.36842426657676697 -0.22834071516990662
v 0.7555269002914429 -0.35261639952659607 -0.23028630018234253
v 0.7607556581497192 -0.35127881169319153 -0.23065108060836792
v 0.7661060094833374 -0.3472660779953003 -0.23393425345420837
v 0.7714563608169556 -0.3472660779953003 -0.23624464869499207
v 0.7661060094833374 -0.33668696880340576 -0.2470669448375702
v 0.7714563608169556 -0.33668696880340576 -0.25424128770828247
v 0.7661060094833374 -0.32525667548179626 -0.2677387595176697
v 0.7679299116134644 -0.32610785961151123 -0.27308911085128784
v 0.7501765489578247 -0.31163761019706726 -0.2783178389072418
v 0.7580804824829102 -0.3154071569442749 -0.2783178389072418
v 0.7501765489578247 -0.3127319812774658 -0.28366819024086
v 0.7569860219955444 -0.3154071569442749 -0.28366819024086
v 0.7676867246627808 -0.32610785961151123 -0.2783178389072418
v 0.7752258777618408 -0.33668696880340576 -0.2783178389072418
v 0.7768067121505737 -0.34191572666168213 -0.2783178389072418
v 0.7766851186752319 -0.37790897488594055 -0.27308911085128784
v 0.7764419317245483 -0.3791249692440033 -0.27308911085128784
v 0.7661060094833374 -0.39116325974464417 -0.28889694809913635
v 0.7607556581497192 -0.40064796805381775 -0.29424726963043213
v 0.7555269002914429 -0.41852301359176636 -0.2995976209640503
v 0.7510277032852173 -0.43737083673477173 -0.2995976209640503
v 0.7509061098098755 -0.42144137620925903 -0.30482637882232666
v 0.7395974397659302 -0.41913098096847534 -0.3154054880142212
v 0.734247088432312 -0.42144137620925903 -0.3178374767303467
v 0.7290183305740356 -0.42144137620925903 -0.3194182515144348
v 0.7290183305740356 -0.4108622670173645 -0.32951095700263977
v 0.7290183305740356 -0.43214207887649536 -0.3090823292732239
v 0.734247088432312 -0.4427211880683899 -0.30300241708755493
v 0.7236679792404175 -0.4586506187915802 -0.2943688929080963
v 0.7181960344314575 -0.45330026745796204 -0.29424726963043213
v 0.713088870048523 -0.44393715262413025 -0.29424726963043213
v 0.7077385187149048 -0.4427211880683899 -0.28901854157447815
v 0.7077385187149048 -0.46010980010032654 -0.27308911085128784
v 0.7050633430480957 -0.44794991612434387 -0.27308911085128784
v 0.7054281234741211 -0.44794991612434387 -0.2783178389072418
v 0.7028745412826538 -0.4427211880683899 -0.2783178389072418
v 0.7025097608566284 -0.4429643750190735 -0.27308911085128784
v 0.6999561786651611 -0.43737083673477173 -0.2677387595176697
v 0.6919306516647339 -0.4267917275428772 -0.2677387595176697
v 0.6887691020965576 -0.42144137620925903 -0.2677387595176697
v 0.685242772102356 -0.40563350915908813 -0.2623884081840515
v 0.6919306516647339 -0.40563350915908813 -0.2560652494430542
v 0.6971594095230103 -0.40028315782546997 -0.2516876757144928
v 0.713088870048523 -0.3949328064918518 -0.247188538312912
v 0.7236679792404175 -0.40028315782546997 -0.24633735418319702
v 0.734247088432312 -0.3949328064918518 -0.2470669448375702
v 0.7449477910995483 -0.3897040784358978 -0.24585095047950745
v 0.7449477910995483 -0.3841105103492737 -0.24123018980026245
v 0.7395974397659302 -0.38435372710227966 -0.2424461841583252
v 0.734247088432312 -0.37377461791038513 -0.2378254234790802
v 0.7501765489578247 -0.38435372710227966 -0.23855501413345337
v 0.7555269002914429 -0.37985455989837646 -0.23065108060836792
v 0.7501765489578247 -0.35784515738487244 -0.22967830300331116
v 0.7395974397659302 -0.35261639952659607 -0.2308942973613739
v 0.7449477910995483 -0.3472660779953003 -0.23186707496643066
v 0.7449477910995483 -0.3313366174697876 -0.24062219262123108
v 0.7555269002914429 -0.33668696880340576 -0.24037900567054749
v 0.7607556581497192 -0.3313366174697876 -0.24998530745506287
v 0.7555269002914429 -0.3154071569442749 -0.27065712213516235
v 0.7501765489578247 -0.31224557757377625 -0.27308911085128784
v 0.7449477910995483 -0.312610387802124 -0.27308911085128784
v 0.7449477910995483 -0.3124887943267822 -0.2783178389072418
v 0.7501765489578247 -0.3154071569442749 -0.2895049452781677
v 0.7555269002914429 -0.317231148481369 -0.28889694809913635
v 0.7595396041870117 -0.32075750827789307 -0.28889694809913635
v 0.7714563608169556 -0.3331606090068817 -0.28366819024086
v 0.7707266807556152 -0.33668696880340576 -0.28889694809913635
v 0.7766851186752319 -0.35261639952659607 -0.2786826491355896
v 0.7734018564224243 -0.35784515738487244 -0.28366819024086
v 0.7714563608169556 -0.37377461791038513 -0.28476256132125854
v 0.7674435377120972 -0.36842426657676697 -0.29424726963043213
v 0.7664707899093628 -0.3791249692440033 -0.29424726963043213
v 0.7653763294219971 -0.37377461791038513 -0.2995976209640503
v 0.7618499994277954 -0.36842426657676697 -0.3101767301559448
v 0.7507845163345337 -0.40028315782546997 -0.3101767301559448
v 0.7395974397659302 -0.3897040784358978 -0.324768602848053
v 0.734247088432312 -0.40940308570861816 -0.3261061906814575
v 0.729383111000061 -0.40028315782546997 -0.33668529987335205
v 0.7236679792404175 -0.3949328064918518 -0.34167084097862244
v 0.7236679792404175 -0.3791249692440033 -0.3450756072998047
v 0.7184392213821411 -0.3791249692440033 -0.34799396991729736
v 0.713088870048523 -0.36842426657676697 -0.352006733417511
v 0.713088870048523 -0.38204333186149597 -0.3472644090652466
v 0.7025097608566284 -0.3949328064918518 -0.332915723323822
v 0.7144263982772827 -0.40563350915908813 -0.3313349485397339
v 0.7184392213821411 -0.43214207887649536 -0.30470478534698486
v 0.7166152000427246 -0.43737083673477173 -0.2995976209640503
v 0.7025097608566284 -0.43214207887649536 -0.29120731353759766
v 0.7068873643875122 -0.44794991612434387 -0.28366819024086
v 0.6993482112884521 -0.43737083673477173 -0.2783178389072418
v 0.6919306516647339 -0.4289804995059967 -0.27308911085128784
v 0.6865803003311157 -0.42095497250556946 -0.27308911085128784
v 0.6812299489974976 -0.40089115500450134 -0.2623884081840515
v 0.6798924207687378 -0.3949328064918518 -0.25715965032577515
v 0.6760011911392212 -0.3899472653865814 -0.25715965032577515
v 0.6812299489974976 -0.3897040784358978 -0.25290369987487793
v 0.6865803003311157 -0.38435372710227966 -0.2491341233253479
v 0.7025097608566284 -0.3791249692440033 -0.24609413743019104
v 0.7236679792404175 -0.3897040784358978 -0.24512135982513428
v 0.725127100944519 -0.3631955087184906 -0.2358798384666443
v 0.7449477910995483 -0.36842426657676697 -0.23259666562080383
v 0.734247088432312 -0.35784515738487244 -0.23198866844177246
v 0.734247088432312 -0.35261639952659607 -0.23198866844177246
v 0.734247088432312 -0.3472660779953003 -0.233326256275177
v 0.7395974397659302 -0.33668696880340576 -0.23709583282470703
v 0.7395974397659302 -0.3313366174697876 -0.24037900567054749
v 0.7449477910995483 -0.32610785961151123 -0.24609413743019104
v 0.7501765489578247 -0.3154071569442749 -0.26640117168426514
v 0.7449477910995483 -0.31443437933921814 -0.2677387595176697
v 0.734247088432312 -0.31686633825302124 -0.2677387595176697
v 0.7395974397659302 -0.3155287504196167 -0.2677387595176697
v 0.734247088432312 -0.3175959289073944 -0.27308911085128784
v 0.734247088432312 -0.3201495110988617 -0.28366819024086
v 0.7290183305740356 -0.3205143213272095 -0.2783178389072418
v 0.7236679792404175 -0.31929832696914673 -0.2783178389072418
v 0.7281671762466431 -0.32075750827789307 -0.28366819024086
v 0.734247088432312 -0.3202711045742035 -0.28889694809913635
v 0.7395974397659302 -0.31832554936408997 -0.28889694809913635
v 0.7449477910995483 -0.3154071569442749 -0.288288950920105
v 0.7449477910995483 -0.32075750827789307 -0.2966792583465576
v 0.7501765489578247 -0.32075750827789307 -0.29558485746383667
v 0.7555269002914429 -0.3225814998149872 -0.29424726963043213
v 0.7672003507614136 -0.33668696880340576 -0.29424726963043213
v 0.7661060094833374 -0.34373968839645386 -0.2995976209640503
v 0.7661060094833374 -0.35261639952659607 -0.3017864227294922
v 0.7622147798538208 -0.3631955087184906 -0.3101767301559448
v 0.7555269002914429 -0.37377461791038513 -0.3154054880142212
v 0.7386245727539062 -0.3791249692440033 -0.3261061906814575
v 0.734247088432312 -0.40028315782546997 -0.3310917615890503
v 0.7290183305740356 -0.3897040784358978 -0.33948206901550293
v 0.7268295288085938 -0.37377461791038513 -0.3419140577316284
v 0.7217223644256592 -0.36842426657676697 -0.3472644090652466
v 0.7184392213821411 -0.36842426657676697 -0.34981799125671387
v 0.713088870048523 -0.3631955087184906 -0.3521283268928528
v 0.7077385187149048 -0.3631955087184906 -0.352006733417511
v 0.7077385187149048 -0.36842426657676697 -0.351398766040802
v 0.702144980430603 -0.36842426657676697 -0.3472644090652466
v 0.7077385187149048 -0.37377461791038513 -0.3495747745037079
v 0.6971594095230103 -0.3791249692440033 -0.33948206901550293
v 0.6971594095230103 -0.38435372710227966 -0.3374148905277252
v 0.6860939264297485 -0.3791249692440033 -0.33668529987335205
v 0.6865803003311157 -0.38435372710227966 -0.3359556794166565
v 0.6865803003311157 -0.39116325974464417 -0.3313349485397339
v 0.6865803003311157 -0.40040475130081177 -0.3154054880142212
v 0.6971594095230103 -0.40028315782546997 -0.3248901963233948
v 0.7053065299987793 -0.4267917275428772 -0.2995976209640503
v 0.7005641460418701 -0.43214207887649536 -0.28889694809913635
v 0.6914442777633667 -0.4267917275428772 -0.28366819024086
v 0.6865803003311157 -0.42144137620925903 -0.28366819024086
v 0.6865803003311157 -0.42144137620925903 -0.2833033800125122
v 0.6812299489974976 -0.41159185767173767 -0.28366819024086
v 0.676730751991272 -0.40563350915908813 -0.28366819024086
v 0.6760011911392212 -0.4014991521835327 -0.27308911085128784
v 0.6695564985275269 -0.40028315782546997 -0.28889694809913635
v 0.6690701246261597 -0.40028315782546997 -0.28366819024086
v 0.670650839805603 -0.40028315782546997 -0.2783178389072418
v 0.670650839805603 -0.39359521865844727 -0.2677387595176697
v 0.670650839805603 -0.38678568601608276 -0.2623884081840515
v 0.6760011911392212 -0.38435372710227966 -0.25533565878868103
v 0.6812299489974976 -0.3749906122684479 -0.251809298992157
v 0.6865803003311157 -0.3791249692440033 -0.24876931309700012
v 0.6971594095230103 -0.36842426657676697 -0.2468237280845642
v 0.7184392213821411 -0.3631955087184906 -0.23831182718276978
v 0.7184392213821411 -0.35784515738487244 -0.2380686104297638
v 0.7236679792404175 -0.3472660779953003 -0.2377038300037384
v 0.734247088432312 -0.3313366174697876 -0.24159497022628784
v 0.7395974397659302 -0.32610785961151123 -0.24536454677581787
v 0.7395974397659302 -0.3219735026359558 -0.251809298992157
v 0.734247088432312 -0.3175959289073944 -0.2623884081840515
v 0.7290183305740356 -0.3171095550060272 -0.2677387595176697
v 0.7236679792404175 -0.31625834107398987 -0.2677387595176697
v 0.7184392213821411 -0.3151639699935913 -0.2783178389072418
v 0.7150344848632812 -0.31017839908599854 -0.28889694809913635
v 0.7150344848632812 -0.31017839908599854 -0.28366819024086
v 0.7184392213821411 -0.31419116258621216 -0.28889694809913635
v 0.7201416492462158 -0.3154071569442749 -0.29424726963043213
v 0.7290183305740356 -0.31893351674079895 -0.29424726963043213
v 0.734247088432312 -0.3200279176235199 -0.29424726963043213
v 0.7395974397659302 -0.32075750827789307 -0.2966792583465576
v 0.734247088432312 -0.322703093290329 -0.30482637882232666
v 0.734247088432312 -0.32610785961151123 -0.30737996101379395
v 0.7449477910995483 -0.32610785961151123 -0.30069202184677124
v 0.7555269002914429 -0.3313366174697876 -0.2994760274887085
v 0.7607556581497192 -0.34191572666168213 -0.3037320077419281
v 0.7618499994277954 -0.35784515738487244 -0.3101767301559448
v 0.7555269002914429 -0.3631955087184906 -0.31662148237228394
v 0.7449477910995483 -0.3631955087184906 -0.32099902629852295
v 0.7449477910995483 -0.36842426657676697 -0.3217286467552185
v 0.734247088432312 -0.37377461791038513 -0.33011895418167114
v 0.7286535501480103 -0.3631955087184906 -0.33668529987335205
v 0.7256135940551758 -0.3631955087184906 -0.3419140577316284
v 0.7209928035736084 -0.3631955087184906 -0.3472644090652466
v 0.713088870048523 -0.35784515738487244 -0.35054755210876465
v 0.7077385187149048 -0.35784515738487244 -0.35066914558410645
v 0.7025097608566284 -0.35784515738487244 -0.34617000818252563
v 0.6971594095230103 -0.3631955087184906 -0.3425220251083374
v 0.6919306516647339 -0.36842426657676697 -0.33887407183647156
v 0.6812299489974976 -0.36842426657676697 -0.33425331115722656
v 0.6812299489974976 -0.37377461791038513 -0.33486130833625793
v 0.6812299489974976 -0.3791249692440033 -0.33449649810791016
v 0.6805003881454468 -0.38435372710227966 -0.3313349485397339
v 0.6808651685714722 -0.3897040784358978 -0.3261061906814575
v 0.6760011911392212 -0.3856913149356842 -0.32075583934783936
v 0.6812299489974976 -0.3929872214794159 -0.32075583934783936
v 0.6865803003311157 -0.4157262146472931 -0.29424726963043213
v 0.6812299489974976 -0.40940308570861816 -0.29424726963043213
v 0.670650839805603 -0.3954192101955414 -0.2995976209640503
v 0.6654220819473267 -0.3854480981826782 -0.3101767301559448
v 0.6654220819473267 -0.3897040784358978 -0.2965576648712158
v 0.6646925210952759 -0.3949328064918518 -0.28366819024086
v 0.665786862373352 -0.3949328064918518 -0.2783178389072418
v 0.6656652688980103 -0.3897040784358978 -0.27308911085128784
v 0.6654220819473267 -0.38435372710227966 -0.27126508951187134
v 0.666759729385376 -0.3791249692440033 -0.2677387595176697
v 0.670650839805603 -0.3791249692440033 -0.26129400730133057
v 0.6740555763244629 -0.3791249692440033 -0.25715965032577515
v 0.6752716302871704 -0.37377461791038513 -0.25715965032577515
v 0.6865803003311157 -0.3659922778606415 -0.251809298992157
v 0.7039690017700195 -0.35784515738487244 -0.24658054113388062
v 0.7183176279067993 -0.3472660779953003 -0.24123018980026245
v 0.7290183305740356 -0.3313366174697876 -0.24414855241775513
v 0.7290183305740356 -0.32610785961151123 -0.24816131591796875
v 0.7290183305740356 -0.322703093290329 -0.251809298992157
v 0.7184392213821411 -0.31637996435165405 -0.2623884081840515
v 0.7184392213821411 -0.3154071569442749 -0.2677387595176697
v 0.713088870048523 -0.31163761019706726 -0.27308911085128784
v 0.7031177282333374 -0.2995993196964264 -0.2783178389072418
v 0.7071305513381958 -0.2995993196964264 -0.28366819024086
v 0.713088870048523 -0.30713844299316406 -0.28889694809913635
v 0.7127240896224976 -0.31017839908599854 -0.29424726963043213
v 0.713088870048523 -0.3154071569442749 -0.2994760274887085
v 0.7184392213821411 -0.31613674759864807 -0.2995976209640503
v 0.7290183305740356 -0.32075750827789307 -0.30506959557533264
v 0.7290183305740356 -0.32610785961151123 -0.3088391423225403
v 0.734247088432312 -0.3313366174697876 -0.3089607357978821
v 0.7395974397659302 -0.33668696880340576 -0.30737996101379395
v 0.7449477910995483 -0.33668696880340576 -0.3054344058036804
v 0.7555269002914429 -0.35261639952659607 -0.31370311975479126
v 0.7501765489578247 -0.35784515738487244 -0.3179590702056885
v 0.7449477910995483 -0.35261639952659607 -0.31637829542160034
v 0.7395974397659302 -0.3472660779953003 -0.31139272451400757
v 0.7395974397659302 -0.35723716020584106 -0.32075583934783936
v 0.734247088432312 -0.3631955087184906 -0.32768696546554565
v 0.7274374961853027 -0.35784515738487244 -0.3313349485397339
v 0.7236679792404175 -0.35784515738487244 -0.3404548764228821
v 0.7183176279067993 -0.35784515738487244 -0.3472644090652466
v 0.713088870048523 -0.353710800409317 -0.3472644090652466
v 0.7077385187149048 -0.3535892069339752 -0.3472644090652466
v 0.7025097608566284 -0.354561984539032 -0.3419140577316284
v 0.6971594095230103 -0.35784515738487244 -0.3382660746574402
v 0.6919306516647339 -0.3613715171813965 -0.33668529987335205
v 0.6814731359481812 -0.3631955087184906 -0.3313349485397339
v 0.6718668937683105 -0.36842426657676697 -0.3261061906814575
v 0.6727180480957031 -0.37377461791038513 -0.3261061906814575
v 0.670650839805603 -0.3791249692440033 -0.32124224305152893
v 0.6654220819473267 -0.3816785514354706 -0.3154054880142212
v 0.6637197732925415 -0.3791249692440033 -0.3154054880142212
v 0.6600717306137085 -0.37353143095970154 -0.3101767301559448
v 0.6611661911010742 -0.3791249692440033 -0.3101767301559448
v 0.6608014106750488 -0.3791249692440033 -0.30482637882232666
v 0.6634765863418579 -0.38435372710227966 -0.30482637882232666
v 0.6627469062805176 -0.38435372710227966 -0.29424726963043213
v 0.6617741584777832 -0.3791249692440033 -0.28889694809913635
v 0.6629900932312012 -0.38435372710227966 -0.2783178389072418
v 0.670650839805603 -0.37377461791038513 -0.2628747820854187
v 0.6812299489974976 -0.3568723797798157 -0.2623884081840515
v 0.6813515424728394 -0.3631955087184906 -0.25715965032577515
v 0.713088870048523 -0.34191572666168213 -0.24901250004768372
v 0.713088870048523 -0.33668696880340576 -0.2516876757144928
v 0.7184392213821411 -0.32610785961151123 -0.2512013018131256
v 0.7184392213821411 -0.32075750827789307 -0.25497084856033325
v 0.713088870048523 -0.3154071569442749 -0.26615795493125916
v 0.7077385187149048 -0.31382638216018677 -0.2677387595176697
v 0.6971594095230103 -0.30263927578926086 -0.27308911085128784
v 0.6943626403808594 -0.2942489683628082 -0.2783178389072418
v 0.7012938261032104 -0.2942489683628082 -0.28366819024086
v 0.7036041021347046 -0.2942489683628082 -0.28889694809913635
v 0.6958218812942505 -0.2836698591709137 -0.29424726963043213
v 0.6919306516647339 -0.27831950783729553 -0.29996243119239807
v 0.6756364107131958 -0.267740398645401 -0.3101767301559448
v 0.6851211786270142 -0.27309074997901917 -0.30482637882232666
v 0.6812299489974976 -0.27831950783729553 -0.30932554602622986
v 0.689741849899292 -0.2836698591709137 -0.30482637882232666
v 0.6903499364852905 -0.28889861702919006 -0.30482637882232666
v 0.6884043216705322 -0.2942489683628082 -0.30482637882232666
v 0.7048201560974121 -0.31017839908599854 -0.2995976209640503
v 0.7077385187149048 -0.3154071569442749 -0.30020564794540405
v 0.713088870048523 -0.32075750827789307 -0.30458319187164307
v 0.7184392213821411 -0.3199063241481781 -0.30482637882232666
v 0.7236679792404175 -0.32610785961151123 -0.3088391423225403
v 0.7290183305740356 -0.3313366174697876 -0.30981194972991943
v 0.734247088432312 -0.33668696880340576 -0.3087175488471985
v 0.7395974397659302 -0.34191572666168213 -0.3087175488471985
v 0.7290183305740356 -0.3472660779953003 -0.3082311749458313
v 0.734247088432312 -0.35273802280426025 -0.3154054880142212
v 0.7290183305740356 -0.349941223859787 -0.3101767301559448
v 0.7290183305740356 -0.35261639952659607 -0.31418949365615845
v 0.7290183305740356 -0.3543187975883484 -0.32075583934783936
v 0.7310855388641357 -0.35784515738487244 -0.3261061906814575
v 0.7236679792404175 -0.3561427891254425 -0.33668529987335205
v 0.7184392213821411 -0.3535892069339752 -0.3419140577316284
v 0.713088870048523 -0.35127881169319153 -0.3419140577316284
v 0.7077385187149048 -0.3514004349708557 -0.3419140577316284
v 0.7025097608566284 -0.3533460199832916 -0.33668529987335205
v 0.6930251121520996 -0.35784515738487244 -0.3313349485397339
v 0.6865803003311157 -0.3603987395763397 -0.3313349485397339
v 0.6812299489974976 -0.3605203330516815 -0.3261061906814575
v 0.6741772890090942 -0.3631955087184906 -0.3261061906814575
v 0.670650839805603 -0.3631955087184906 -0.32537660002708435
v 0.6654220819473267 -0.3631955087184906 -0.32379579544067383
v 0.6600717306137085 -0.35261639952659607 -0.32549819350242615
v 0.6547213792800903 -0.35261639952659607 -0.323917418718338
v 0.6639629602432251 -0.36842426657676697 -0.32075583934783936
v 0.6598285436630249 -0.36842426657676697 -0.3154054880142212
v 0.6589773893356323 -0.3631955087184906 -0.3101767301559448
v 0.6616525650024414 -0.36842426657676697 -0.30482637882232666
v 0.6603149175643921 -0.37377461791038513 -0.30482637882232666
v 0.661287784576416 -0.37377461791038513 -0.2995976209640503
v 0.6611661911010742 -0.3791249692440033 -0.2995976209640503
v 0.6626253128051758 -0.37377461791038513 -0.28366819024086
v 0.6654220819473267 -0.37377461791038513 -0.27308911085128784
v 0.6701644659042358 -0.3631955087184906 -0.27308911085128784
v 0.6865803003311157 -0.34191572666168213 -0.26664435863494873
v 0.6870666742324829 -0.33668696880340576 -0.2677387595176697
v 0.713088870048523 -0.32610785961151123 -0.2537548542022705
v 0.7042121887207031 -0.32075750827789307 -0.2623884081840515
v 0.7025097608566284 -0.313461571931839 -0.2677387595176697
v 0.6971594095230103 -0.3154071569442749 -0.26798194646835327
v 0.6919306516647339 -0.30482804775238037 -0.2723594903945923
v 0.6919306516647339 -0.2995993196964264 -0.2743050754070282
v 0.6865803003311157 -0.2942489683628082 -0.27539944648742676
v 0.6865803003311157 -0.2876826226711273 -0.2783178389072418
v 0.6760011911392212 -0.2836698591709137 -0.2745482921600342
v 0.6848779916763306 -0.267740398645401 -0.28366819024086
v 0.6812299489974976 -0.267740398645401 -0.2789258360862732
v 0.6818379163742065 -0.27831950783729553 -0.2783178389072418
v 0.6760011911392212 -0.267740398645401 -0.2758858799934387
v 0.6919306516647339 -0.2836698591709137 -0.28707295656204224
v 0.6919306516647339 -0.2767387330532074 -0.29424726963043213
v 0.6812299489974976 -0.26239004731178284 -0.301056832075119
v 0.6789195537567139 -0.25716131925582886 -0.2995976209640503
v 0.6766091585159302 -0.25716131925582886 -0.30482637882232666
v 0.6747852563858032 -0.26239004731178284 -0.3101767301559448
v 0.6724748611450195 -0.25716131925582886 -0.3154054880142212
v 0.670650839805603 -0.26239004731178284 -0.31601348519325256
v 0.670650839805603 -0.267740398645401 -0.3147974908351898
v 0.6685836315155029 -0.27309074997901917 -0.3154054880142212
v 0.6547213792800903 -0.2836698591709137 -0.31649988889694214
v 0.670650839805603 -0.27831950783729553 -0.31358152627944946
v 0.6778252124786377 -0.2836698591709137 -0.3101767301559448
v 0.6760011911392212 -0.2942489683628082 -0.30519118905067444
v 0.6865803003311157 -0.2995993196964264 -0.3036103844642639
v 0.6812299489974976 -0.30482804775238037 -0.3014216423034668
v 0.6865803003311157 -0.3154071569442749 -0.29862484335899353
v 0.6971594095230103 -0.3154071569442749 -0.30069202184677124
v 0.7025097608566284 -0.3154071569442749 -0.30081361532211304
v 0.7077385187149048 -0.32610785961151123 -0.306285560131073
v 0.713088870048523 -0.3313366174697876 -0.3083527684211731
v 0.7184392213821411 -0.33668696880340576 -0.3087175488471985
v 0.7290183305740356 -0.34191572666168213 -0.30762314796447754
v 0.7236679792404175 -0.3472660779953003 -0.3089607357978821
v 0.7236679792404175 -0.3520084321498871 -0.3154054880142212
v 0.7201416492462158 -0.35261639952659607 -0.3261061906814575
v 0.713088870048523 -0.35091403126716614 -0.3261061906814575
v 0.7077385187149048 -0.3517652153968811 -0.3261061906814575
v 0.6971594095230103 -0.3567507863044739 -0.3261061906814575
v 0.6865803003311157 -0.3586963415145874 -0.32075583934783936
v 0.676122784614563 -0.35784515738487244 -0.3101767301559448
v 0.6812299489974976 -0.35966914892196655 -0.3101767301559448
v 0.6812299489974976 -0.3580883741378784 -0.3154054880142212
v 0.6865803003311157 -0.3603987395763397 -0.3101767301559448
v 0.6812299489974976 -0.358331561088562 -0.32075583934783936
v 0.6760011911392212 -0.35784515738487244 -0.3224582076072693
v 0.670650839805603 -0.35784515738487244 -0.3244038224220276
v 0.6600717306137085 -0.3472660779953003 -0.32574141025543213
v 0.6543565988540649 -0.3472660779953003 -0.3261061906814575
v 0.649492621421814 -0.35042762756347656 -0.32075583934783936
v 0.653748631477356 -0.35784515738487244 -0.3154054880142212
v 0.6573965549468994 -0.35784515738487244 -0.3101767301559448
v 0.6600717306137085 -0.35261639952659607 -0.30920395255088806
v 0.6654220819473267 -0.35784515738487244 -0.30725836753845215
v 0.6600717306137085 -0.34191572666168213 -0.3104199171066284
v 0.6617741584777832 -0.3472660779953003 -0.3101767301559448
v 0.6654220819473267 -0.349090039730072 -0.3101767301559448
v 0.667975664138794 -0.35261639952659607 -0.3101767301559448
v 0.670650839805603 -0.35784515738487244 -0.30725836753845215
v 0.6654220819473267 -0.36246591806411743 -0.30482637882232666
v 0.6637197732925415 -0.36842426657676697 -0.2995976209640503
v 0.6621389389038086 -0.37377461791038513 -0.29424726963043213
v 0.6665165424346924 -0.3631955087184906 -0.28366819024086
v 0.670650839805603 -0.35784515738487244 -0.2758858799934387
v 0.6691917181015015 -0.3472660779953003 -0.2783178389072418
v 0.6760011911392212 -0.3472660779953003 -0.27321070432662964
v 0.6760011911392212 -0.34191572666168213 -0.27564266324043274
v 0.684269905090332 -0.3313366174697876 -0.27308911085128784
v 0.6971594095230103 -0.32075750827789307 -0.26640117168426514
v 0.6865803003311157 -0.30482804775238037 -0.2738186717033386
v 0.6654220819473267 -0.2995993196964264 -0.2859785556793213
v 0.6760011911392212 -0.3154071569442749 -0.28366819024086
v 0.6812299489974976 -0.30482804775238037 -0.2761290669441223
v 0.670650839805603 -0.28889861702919006 -0.2764938473701477
v 0.670650839805603 -0.2836698591709137 -0.27576425671577454
v 0.670650839805603 -0.267740398645401 -0.2760074734687805
v 0.670650839805603 -0.26214686036109924 -0.2783178389072418
v 0.6760011911392212 -0.26239004731178284 -0.2785610556602478
v 0.6812299489974976 -0.2612956762313843 -0.28366819024086
v 0.6869450807571411 -0.267740398645401 -0.28889694809913635
v 0.6812299489974976 -0.2580125033855438 -0.29424726963043213
v 0.6763659715652466 -0.2518109679222107 -0.29424726963043213
v 0.6768524646759033 -0.2518109679222107 -0.2995976209640503
v 0.6758795976638794 -0.24658221006393433 -0.30482637882232666
v 0.674906849861145 -0.24658221006393433 -0.3101767301559448
v 0.6705292463302612 -0.24123185873031616 -0.3154054880142212
v 0.670650839805603 -0.24658221006393433 -0.3179590702056885
v 0.670650839805603 -0.2518109679222107 -0.3189318776130676
v 0.6683404445648193 -0.25716131925582886 -0.32075583934783936
v 0.6600717306137085 -0.26239004731178284 -0.324768602848053
v 0.649492621421814 -0.26239004731178284 -0.329389363527298
v 0.6335631608963013 -0.24658221006393433 -0.3379012942314148
v 0.6282128095626831 -0.24658221006393433 -0.3386308550834656
v 0.6124050617218018 -0.235881507396698 -0.3405764698982239
v 0.6229841709136963 -0.23065274953842163 -0.34167084097862244
v 0.6070547103881836 -0.23065274953842163 -0.3426436185836792
v 0.6054738759994507 -0.235881507396698 -0.3419140577316284
v 0.6124050617218018 -0.24658221006393433 -0.33923888206481934
v 0.6017043590545654 -0.24658221006393433 -0.3426436185836792
v 0.6017043590545654 -0.2604444921016693 -0.33668529987335205
v 0.6070547103881836 -0.26239004731178284 -0.3357124924659729
v 0.6176338195800781 -0.25716131925582886 -0.3357124924659729
v 0.6176338195800781 -0.27564433217048645 -0.3261061906814575
v 0.6176338195800781 -0.267740398645401 -0.3310917615890503
v 0.6229841709136963 -0.2768603265285492 -0.3261061906814575
v 0.6229841709136963 -0.28050827980041504 -0.32075583934783936
v 0.6282128095626831 -0.2831834554672241 -0.32075583934783936
v 0.6389135122299194 -0.2879258096218109 -0.3154054880142212
v 0.6386703252792358 -0.28889861702919006 -0.3101767301559448
v 0.6441422700881958 -0.29351937770843506 -0.30482637882232666
v 0.6445071697235107 -0.2942489683628082 -0.3101767301559448
v 0.649492621421814 -0.29120898246765137 -0.3154054880142212
v 0.6547213792800903 -0.28889861702919006 -0.3152838945388794
v 0.6654220819473267 -0.28889861702919006 -0.3102983236312866
v 0.670650839805603 -0.2942489683628082 -0.30689358711242676
v 0.6812299489974976 -0.3154071569442749 -0.2995976209640503
v 0.6865803003311157 -0.32075750827789307 -0.29813843965530396
v 0.6930251121520996 -0.32075750827789307 -0.2995976209640503
v 0.7025097608566284 -0.32075750827789307 -0.30239441990852356
v 0.7077385187149048 -0.3313366174697876 -0.3087175488471985
v 0.7184392213821411 -0.34434768557548523 -0.3101767301559448
v 0.713088870048523 -0.34641486406326294 -0.3154054880142212
v 0.7077385187149048 -0.3472660779953003 -0.31844544410705566
v 0.7025097608566284 -0.35273802280426025 -0.32075583934783936
v 0.6930251121520996 -0.35784515738487244 -0.3154054880142212
v 0.6924170255661011 -0.35784515738487244 -0.3101767301559448
v 0.6892554759979248 -0.35784515738487244 -0.30482637882232666
v 0.6865803003311157 -0.35954755544662476 -0.30482637882232666
v 0.6812299489974976 -0.36015555262565613 -0.30482637882232666
v 0.6760011911392212 -0.35991233587265015 -0.30482637882232666
v 0.670650839805603 -0.36003392934799194 -0.30482637882232666
v 0.670650839805603 -0.36197951436042786 -0.2995976209640503
v 0.6685836315155029 -0.3631955087184906 -0.29424726963043213
v 0.6670029163360596 -0.3631955087184906 -0.28889694809913635
v 0.6677324771881104 -0.35784515738487244 -0.28366819024086
v 0.6672461032867432 -0.35261639952659607 -0.28366819024086
v 0.6654220819473267 -0.3472660779953003 -0.28366819024086
v 0.670650839805603 -0.34191572666168213 -0.2783178389072418
v 0.6760011911392212 -0.3313366174697876 -0.28403300046920776
v 0.6773388385772705 -0.32610785961151123 -0.28366819024086
v 0.6654220819473267 -0.3154071569442749 -0.2896265387535095
v 0.6600717306137085 -0.2995993196964264 -0.28877532482147217
v 0.6547213792800903 -0.28889861702919006 -0.2859785556793213
v 0.6654220819473267 -0.28889861702919006 -0.28014183044433594
v 0.6600717306137085 -0.267740398645401 -0.28026342391967773
v 0.6654220819473267 -0.26239004731178284 -0.2792906165122986
v 0.670650839805603 -0.25570210814476013 -0.28366819024086
v 0.6760011911392212 -0.25740450620651245 -0.28366819024086
v 0.6812299489974976 -0.2582556903362274 -0.28889694809913635
v 0.6760011911392212 -0.2518109679222107 -0.29315289855003357
v 0.6725964546203613 -0.24123185873031616 -0.29424726963043213
v 0.674298882484436 -0.24123185873031616 -0.2995976209640503
v 0.674298882484436 -0.24123185873031616 -0.30482637882232666
v 0.6627469062805176 -0.22530239820480347 -0.3154054880142212
v 0.6600717306137085 -0.22578880190849304 -0.32075583934783936
v 0.6547213792800903 -0.20949456095695496 -0.3154054880142212
v 0.6501007080078125 -0.2041442096233368 -0.32075583934783936
v 0.649492621421814 -0.20937296748161316 -0.3263493776321411
v 0.6547213792800903 -0.22530239820480347 -0.3268357813358307
v 0.6654220819473267 -0.2518109679222107 -0.32355260848999023
v 0.6496142148971558 -0.2518109679222107 -0.3313349485397339
v 0.6335631608963013 -0.235881507396698 -0.3396036624908447
v 0.6229841709136963 -0.2200736701488495 -0.3441028296947479
v 0.6125266551971436 -0.2200736701488495 -0.3472644090652466
v 0.6017043590545654 -0.22530239820480347 -0.34568360447883606
v 0.5964756011962891 -0.235881507396698 -0.346534788608551
v 0.5858964920043945 -0.24123185873031616 -0.34580522775650024
v 0.5805461406707764 -0.2402590811252594 -0.3472644090652466
v 0.5911252498626709 -0.24123185873031616 -0.34629160165786743
v 0.5858964920043945 -0.2200736701488495 -0.35297954082489014
v 0.5911252498626709 -0.24877098202705383 -0.3419140577316284
v 0.5964756011962891 -0.2582556903362274 -0.33668529987335205
v 0.5911252498626709 -0.2542429268360138 -0.33668529987335205
v 0.5964756011962891 -0.25971487164497375 -0.3313349485397339
v 0.6017043590545654 -0.26457884907722473 -0.3313349485397339
v 0.6070547103881836 -0.267740398645401 -0.3313349485397339
v 0.6124050617218018 -0.26895639300346375 -0.3313349485397339
v 0.6130130290985107 -0.27309074997901917 -0.3261061906814575
v 0.6124050617218018 -0.2718747854232788 -0.32075583934783936
v 0.6176338195800781 -0.2766171395778656 -0.32075583934783936
v 0.6282128095626831 -0.2833050489425659 -0.3154054880142212
v 0.6335631608963013 -0.28500744700431824 -0.3101767301559448
v 0.6336847543716431 -0.27831950783729553 -0.2995976209640503
v 0.6414670944213867 -0.2836698591709137 -0.29424726963043213
v 0.6542350053787231 -0.2995993196964264 -0.29424726963043213
v 0.6475471258163452 -0.2942489683628082 -0.2995976209640503
v 0.6486414670944214 -0.2995993196964264 -0.30482637882232666
v 0.6547213792800903 -0.30239608883857727 -0.3101767301559448
v 0.6598285436630249 -0.30482804775238037 -0.3101767301559448
v 0.6600717306137085 -0.31017839908599854 -0.30689358711242676
v 0.6654220819473267 -0.30482804775238037 -0.30944716930389404
v 0.6760011911392212 -0.32075750827789307 -0.3034887909889221
v 0.6812299489974976 -0.32148709893226624 -0.2995976209640503
v 0.6865803003311157 -0.32610785961151123 -0.30093520879745483
v 0.6960650682449341 -0.32610785961151123 -0.30482637882232666
v 0.6971594095230103 -0.3313366174697876 -0.31151431798934937
v 0.6971594095230103 -0.33668696880340576 -0.31431108713150024
v 0.7077385187149048 -0.34191572666168213 -0.31358152627944946
v 0.7014154195785522 -0.3472660779953003 -0.3154054880142212
v 0.6971594095230103 -0.35261639952659607 -0.31370311975479126
v 0.6950922012329102 -0.35261639952659607 -0.3101767301559448
v 0.6919306516647339 -0.35261639952659607 -0.3061639666557312
v 0.6865803003311157 -0.35784515738487244 -0.30312401056289673
v 0.6760011911392212 -0.35784515738487244 -0.2991112470626831
v 0.670650839805603 -0.35784515738487244 -0.29363930225372314
v 0.6683404445648193 -0.35784515738487244 -0.28889694809913635
v 0.6670029163360596 -0.35261639952659607 -0.28889694809913635
v 0.6654220819473267 -0.3467796742916107 -0.28366819024086
v 0.6642061471939087 -0.3472660779953003 -0.28889694809913635
v 0.6621389389038086 -0.34191572666168213 -0.28889694809913635
v 0.6648141145706177 -0.34191572666168213 -0.28366819024086
v 0.6654220819473267 -0.33668696880340576 -0.2856137752532959
v 0.6654220819473267 -0.3313366174697876 -0.2902345061302185
v 0.6705292463302612 -0.32610785961151123 -0.28889694809913635
v 0.6632332801818848 -0.32075750827789307 -0.29424726963043213
v 0.6584910154342651 -0.31017839908599854 -0.29424726963043213
v 0.6560590267181396 -0.31017839908599854 -0.2995976209640503
v 0.6547213792800903 -0.30713844299316406 -0.30482637882232666
v 0.6626253128051758 -0.3154071569442749 -0.30482637882232666
v 0.6654220819473267 -0.3154071569442749 -0.306528776884079
v 0.670650839805603 -0.3154071569442749 -0.306285560131073
v 0.670650839805603 -0.32075750827789307 -0.3060423731803894
v 0.6812299489974976 -0.32610785961151123 -0.30263760685920715
v 0.6865803003311157 -0.3313366174697876 -0.31187912821769714
v 0.6865803003311157 -0.33668696880340576 -0.314675897359848
v 0.7025097608566284 -0.34191572666168213 -0.31443268060684204
v 0.6971594095230103 -0.3472660779953003 -0.3127303123474121
v 0.6919306516647339 -0.3472660779953003 -0.30944716930389404
v 0.6865803003311157 -0.3472660779953003 -0.3066503703594208
v 0.6865803003311157 -0.35261639952659607 -0.30263760685920715
v 0.6760011911392212 -0.35261639952659607 -0.2992328405380249
v 0.6697996854782104 -0.35261639952659607 -0.29424726963043213
v 0.6654220819473267 -0.3472660779953003 -0.29424726963043213
v 0.6616525650024414 -0.34191572666168213 -0.29424726963043213
v 0.662503719329834 -0.33668696880340576 -0.28889694809913635
v 0.661895751953125 -0.3313366174697876 -0.29424726963043213
v 0.6643277406692505 -0.32610785961151123 -0.29424726963043213
v 0.6623821258544922 -0.32610785961151123 -0.2995976209640503
v 0.6616525650024414 -0.32075750827789307 -0.2995976209640503
v 0.6651788949966431 -0.32075750827789307 -0.30482637882232666
v 0.670650839805603 -0.32610785961151123 -0.310055136680603
v 0.6760011911392212 -0.3313366174697876 -0.3154054880142212
v 0.6812299489974976 -0.33668696880340576 -0.3150407075881958
v 0.6919306516647339 -0.34191572666168213 -0.3130950927734375
v 0.6760011911392212 -0.3472660779953003 -0.3033671975135803
v 0.670650839805603 -0.3472660779953003 -0.30057042837142944
v 0.6634765863418579 -0.34191572666168213 -0.2995976209640503
v 0.6604365110397339 -0.33668696880340576 -0.29424726963043213
v 0.660679817199707 -0.3313366174697876 -0.2995976209640503
v 0.6654220819473267 -0.32610785961151123 -0.30750155448913574
v 0.670650839805603 -0.3313366174697876 -0.31601348519325256
v 0.670650839805603 -0.33668696880340576 -0.314675897359848
v 0.670650839805603 -0.34142932295799255 -0.3101767301559448
v 0.6654220819473267 -0.3411861062049866 -0.30482637882232666
v 0.6611661911010742 -0.33668696880340576 -0.30482637882232666
v 0.6604365110397339 -0.3313366174697876 -0.3101767301559448
v 0.6654220819473267 -0.3313366174697876 -0.31418949365615845
v 0.6654220819473267 -0.33668696880340576 -0.3133383095264435
v 0.6654220819473267 -0.3406997323036194 -0.3101767301559448
v 0.6600717306137085 -0.3364437520503998 -0.3101767301559448
v 0.6547213792800903 -0.3309718072414398 -0.3154054880142212
v 0.6620173454284668 -0.33668696880340576 -0.3154054880142212
v 0.6654220819473267 -0.3425236940383911 -0.3154054880142212
v 0.6730828285217285 -0.35261639952659607 -0.3154054880142212
v 0.670650839805603 -0.3515220284461975 -0.32075583934783936
v 0.6600717306137085 -0.34191572666168213 -0.3244038224220276
v 0.6566669940948486 -0.34191572666168213 -0.3261061906814575
v 0.6441422700881958 -0.33668696880340576 -0.3286597728729248
v 0.6466958522796631 -0.34191572666168213 -0.3261061906814575
v 0.6470606327056885 -0.3472660779953003 -0.32075583934783936
v 0.6441422700881958 -0.34361809492111206 -0.32075583934783936
v 0.6457231044769287 -0.34191572666168213 -0.3154054880142212
v 0.6547213792800903 -0.3472660779953003 -0.3110279440879822
v 0.6547213792800903 -0.33668696880340576 -0.31139272451400757
v 0.6441422700881958 -0.32610785961151123 -0.314919114112854
v 0.649492621421814 -0.32793185114860535 -0.3154054880142212
v 0.6555726528167725 -0.3313366174697876 -0.32075583934783936
v 0.6547213792800903 -0.33656537532806396 -0.3261061906814575
v 0.6526542901992798 -0.3313366174697876 -0.3261061906814575
v 0.649492621421814 -0.3313366174697876 -0.3286597728729248
v 0.6441422700881958 -0.3313366174697876 -0.3308485448360443
v 0.6391568183898926 -0.33668696880340576 -0.3261061906814575
v 0.6389135122299194 -0.33705174922943115 -0.32075583934783936
v 0.640129566192627 -0.3313366174697876 -0.3154054880142212
v 0.6389135122299194 -0.32610785961151123 -0.3152838945388794
v 0.6441422700881958 -0.32075750827789307 -0.31868866086006165
v 0.649492621421814 -0.3241622745990753 -0.32075583934783936
v 0.649492621421814 -0.32513508200645447 -0.3261061906814575
v 0.6442638635635376 -0.32610785961151123 -0.3313349485397339
v 0.6335631608963013 -0.3154071569442749 -0.3351045250892639
v 0.6282128095626831 -0.3154071569442749 -0.3363204896450043
v 0.6229841709136963 -0.31394797563552856 -0.33668529987335205
v 0.6124050617218018 -0.30482804775238037 -0.3398468494415283
v 0.6176338195800781 -0.30482804775238037 -0.3402116596698761
v 0.6152018308639526 -0.31017839908599854 -0.33668529987335205
v 0.6229841709136963 -0.31017839908599854 -0.3381444811820984
v 0.6182417869567871 -0.3154071569442749 -0.3313349485397339
v 0.6282128095626831 -0.32574307918548584 -0.3261061906814575
v 0.6344144344329834 -0.3313366174697876 -0.32075583934783936
v 0.6335631608963013 -0.32610785961151123 -0.3180806636810303
v 0.6335631608963013 -0.32075750827789307 -0.3169862627983093
v 0.6389135122299194 -0.32075750827789307 -0.31637829542160034
v 0.6389135122299194 -0.31382638216018677 -0.32075583934783936
v 0.6389135122299194 -0.3107863962650299 -0.3261061906814575
v 0.6425615549087524 -0.32075750827789307 -0.3313349485397339
v 0.6335631608963013 -0.31017839908599854 -0.3334021270275116
v 0.6282128095626831 -0.31017839908599854 -0.33668529987335205
v 0.6176338195800781 -0.2995993196964264 -0.3405764698982239
v 0.6124050617218018 -0.3000856935977936 -0.3419140577316284
v 0.6070547103881836 -0.304463267326355 -0.33668529987335205
v 0.6124050617218018 -0.30981361865997314 -0.3313349485397339
v 0.6154450178146362 -0.31017839908599854 -0.3261061906814575
v 0.6229841709136963 -0.3196631371974945 -0.3261061906814575
v 0.6273616552352905 -0.32075750827789307 -0.32075583934783936
v 0.6282128095626831 -0.3154071569442749 -0.3189318776130676
v 0.6282128095626831 -0.31017839908599854 -0.3200262486934662
v 0.6335631608963013 -0.31017839908599854 -0.32087743282318115
v 0.6324688196182251 -0.30482804775238037 -0.3261061906814575
v 0.6282128095626831 -0.3015449047088623 -0.3261061906814575
v 0.6335631608963013 -0.30713844299316406 -0.3313349485397339
v 0.6261457204818726 -0.30482804775238037 -0.33668529987335205
v 0.6176338195800781 -0.2942489683628082 -0.33899566531181335
v 0.6124050617218018 -0.2942489683628082 -0.3425220251083374
v 0.6017043590545654 -0.2836698591709137 -0.34617000818252563
v 0.6017043590545654 -0.28889861702919006 -0.34592682123184204
v 0.6070547103881836 -0.29984250664711 -0.3419140577316284
v 0.6017043590545654 -0.2995993196964264 -0.33680689334869385
v 0.603163480758667 -0.2995993196964264 -0.3313349485397339
v 0.6070547103881836 -0.3040984570980072 -0.3313349485397339
v 0.6124050617218018 -0.30519285798072815 -0.3261061906814575
v 0.6248080730438232 -0.3154071569442749 -0.32075583934783936
v 0.6229841709136963 -0.31017839908599854 -0.32099902629852295
v 0.6282128095626831 -0.30482804775238037 -0.32294464111328125
v 0.6229841709136963 -0.29814013838768005 -0.3261061906814575
v 0.6229841709136963 -0.29558655619621277 -0.3313349485397339
v 0.6176338195800781 -0.29133057594299316 -0.33668529987335205
v 0.6115537881851196 -0.28889861702919006 -0.3419140577316284
v 0.6017043590545654 -0.27831950783729553 -0.3448324203491211
v 0.5964756011962891 -0.2836698591709137 -0.34775078296661377
v 0.5964756011962891 -0.28889861702919006 -0.34592682123184204
v 0.5964756011962891 -0.29351937770843506 -0.3419140577316284
v 0.5913684368133545 -0.28889861702919006 -0.33668529987335205
v 0.5963540077209473 -0.28889861702919006 -0.3313349485397339
v 0.6070547103881836 -0.2942489683628082 -0.32707899808883667
v 0.6070547103881836 -0.2995993196964264 -0.32793015241622925
v 0.6104594469070435 -0.2995993196964264 -0.3261061906814575
v 0.6229841709136963 -0.30482804775238037 -0.3219718337059021
v 0.6176338195800781 -0.2942489683628082 -0.32732218503952026
v 0.6156882047653198 -0.28889861702919006 -0.3313349485397339
v 0.6124050617218018 -0.28476426005363464 -0.33668529987335205
v 0.6070547103881836 -0.2788059115409851 -0.33668529987335205
v 0.6013394594192505 -0.27309074997901917 -0.33668529987335205
v 0.6017043590545654 -0.2744283378124237 -0.3419140577316284
v 0.5963540077209473 -0.267740398645401 -0.3419140577316284
v 0.5964756011962891 -0.27309074997901917 -0.3472644090652466
v 0.5964756011962891 -0.27831950783729553 -0.34799396991729736
v 0.5858964920043945 -0.27309074997901917 -0.352006733417511
v 0.5911252498626709 -0.28500744700431824 -0.3472644090652466
v 0.5851668119430542 -0.2836698591709137 -0.3419140577316284
v 0.5805461406707764 -0.27831950783729553 -0.34118443727493286
v 0.5838292837142944 -0.27831950783729553 -0.33668529987335205
v 0.5911252498626709 -0.27831950783729553 -0.3326725363731384
v 0.5911252498626709 -0.2836698591709137 -0.3331589102745056
v 0.595016360282898 -0.2836698591709137 -0.3313349485397339
v 0.6124050617218018 -0.2953433394432068 -0.3261061906814575
v 0.6070547103881836 -0.28221067786216736 -0.3313349485397339
v 0.6017043590545654 -0.27977868914604187 -0.3313349485397339
v 0.5964756011962891 -0.26859161257743835 -0.33668529987335205
v 0.5911252498626709 -0.2609308660030365 -0.3419140577316284
v 0.5911252498626709 -0.263362854719162 -0.3472644090652466
v 0.5858964920043945 -0.2674972116947174 -0.35261476039886475
v 0.5751957893371582 -0.26239004731178284 -0.3563843071460724
v 0.5805461406707764 -0.267740398645401 -0.3543171286582947
v 0.5805461406707764 -0.27309074997901917 -0.3521283268928528
v 0.5751957893371582 -0.27345556020736694 -0.3472644090652466
v 0.5726422071456909 -0.267740398645401 -0.3419140577316284
v 0.5805461406707764 -0.267740398645401 -0.33705008029937744
v 0.5817620754241943 -0.27309074997901917 -0.33668529987335205
v 0.5964756011962891 -0.27831950783729553 -0.3316997289657593
v 0.5911252498626709 -0.2657948136329651 -0.33668529987335205
v 0.5911252498626709 -0.26239004731178284 -0.3400900661945343
v 0.5858964920043945 -0.2543645203113556 -0.3419140577316284
v 0.5858964920043945 -0.25497251749038696 -0.3472644090652466
v 0.5779925584793091 -0.24658221006393433 -0.35261476039886475
v 0.583464503288269 -0.25716131925582886 -0.35261476039886475
v 0.5751957893371582 -0.25716131925582886 -0.35711389780044556
v 0.5699670314788818 -0.26239004731178284 -0.3556547164916992
v 0.5751957893371582 -0.2699292004108429 -0.35261476039886475
v 0.5699670314788818 -0.2676188051700592 -0.3472644090652466
v 0.5699670314788818 -0.26239004731178284 -0.3422788381576538
v 0.5699670314788818 -0.25716131925582886 -0.34167084097862244
v 0.5858964920043945 -0.2656732201576233 -0.33668529987335205
v 0.5805461406707764 -0.2518109679222107 -0.3422788381576538
v 0.5805461406707764 -0.24658221006393433 -0.3472644090652466
v 0.5686293840408325 -0.235881507396698 -0.3578434884548187
v 0.5751957893371582 -0.2518109679222107 -0.35674911737442017
v 0.5694806575775146 -0.25716131925582886 -0.3578434884548187
v 0.5646166801452637 -0.25545892119407654 -0.3578434884548187
v 0.5646166801452637 -0.2609308660030365 -0.35261476039886475
v 0.5659542083740234 -0.26239004731178284 -0.3472644090652466
v 0.5646166801452637 -0.25716131925582886 -0.3450756072998047
v 0.5699670314788818 -0.2518109679222107 -0.3425220251083374
v 0.5751957893371582 -0.24658221006393433 -0.34325164556503296
v 0.5818836688995361 -0.24658221006393433 -0.3419140577316284
v 0.5858964920043945 -0.24877098202705383 -0.33668529987335205
v 0.5858964920043945 -0.24682539701461792 -0.3313349485397339
v 0.6017043590545654 -0.2634844481945038 -0.3261061906814575
v 0.6063250303268433 -0.267740398645401 -0.3261061906814575
v 0.6176338195800781 -0.27150997519493103 -0.3101767301559448
v 0.6338064670562744 -0.27309074997901917 -0.29424726963043213
v 0.6423183679580688 -0.27831950783729553 -0.28889694809913635
v 0.649492621421814 -0.27831950783729553 -0.28451937437057495
v 0.6547213792800903 -0.25716131925582886 -0.2809930145740509
v 0.649492621421814 -0.2518109679222107 -0.2807497978210449
v 0.6231057643890381 -0.235881507396698 -0.29424726963043213
v 0.6305232048034668 -0.2518109679222107 -0.28889694809913635
v 0.6389135122299194 -0.24171826243400574 -0.28366819024086
v 0.6441422700881958 -0.24658221006393433 -0.2817226052284241
v 0.6547213792800903 -0.24123185873031616 -0.2811146080493927
v 0.6547213792800903 -0.24658221006393433 -0.28050661087036133
v 0.6600717306137085 -0.25716131925582886 -0.2813578248023987
v 0.6654220819473267 -0.2521757483482361 -0.28366819024086
v 0.6736907958984375 -0.2518109679222107 -0.28889694809913635
v 0.6654220819473267 -0.24123185873031616 -0.2857353687286377
v 0.6699212789535522 -0.235881507396698 -0.29424726963043213
v 0.6653004884719849 -0.22530239820480347 -0.30482637882232666
v 0.6547213792800903 -0.20937296748161316 -0.3033671975135803
v 0.6522893905639648 -0.2041442096233368 -0.3101767301559448
v 0.6441422700881958 -0.19356510043144226 -0.3191750645637512
v 0.649492621421814 -0.2200736701488495 -0.33036214113235474
v 0.6441422700881958 -0.23065274953842163 -0.3351045250892639
v 0.6124050617218018 -0.20937296748161316 -0.35030436515808105
v 0.6070547103881836 -0.20937296748161316 -0.3518851399421692
v 0.5964756011962891 -0.2041442096233368 -0.3554115295410156
v 0.5908820629119873 -0.21472331881523132 -0.35261476039886475
v 0.5751957893371582 -0.21472331881523132 -0.3583298921585083
v 0.5751957893371582 -0.22530239820480347 -0.3535875380039215
v 0.5602390766143799 -0.22530239820480347 -0.3631938397884369
v 0.5593879222869873 -0.24123185873031616 -0.3622210621833801
v 0.5593879222869873 -0.24658221006393433 -0.3608834743499756
v 0.5540375709533691 -0.2423262596130371 -0.3631938397884369
v 0.5540375709533691 -0.24658221006393433 -0.3602754771709442
v 0.5586583614349365 -0.2518109679222107 -0.3578434884548187
v 0.561090350151062 -0.25716131925582886 -0.35261476039886475
v 0.5593879222869873 -0.2518109679222107 -0.34775078296661377
v 0.5646166801452637 -0.2518109679222107 -0.34398120641708374
v 0.5646166801452637 -0.24123185873031616 -0.3449540138244629
v 0.5584151744842529 -0.23065274953842163 -0.3419140577316284
v 0.5540375709533691 -0.235881507396698 -0.3488451838493347
v 0.5636438131332397 -0.235881507396698 -0.3419140577316284
v 0.5751957893371582 -0.24402862787246704 -0.3419140577316284
v 0.5805461406707764 -0.24354222416877747 -0.33668529987335205
v 0.595016360282898 -0.24658221006393433 -0.3154054880142212
v 0.6017043590545654 -0.2496221661567688 -0.3101767301559448
v 0.6124050617218018 -0.2648220360279083 -0.3101767301559448
v 0.6282128095626831 -0.25716131925582886 -0.29096412658691406
v 0.6124050617218018 -0.24123185873031616 -0.29838165640830994
v 0.6134994029998779 -0.23065274953842163 -0.2995976209640503
v 0.6070547103881836 -0.22530239820480347 -0.30275923013687134
v 0.6176338195800781 -0.21910086274147034 -0.29424726963043213
v 0.6282128095626831 -0.2200736701488495 -0.2885321378707886
v 0.6389135122299194 -0.23065274953842163 -0.28391140699386597
v 0.6441422700881958 -0.2200736701488495 -0.28622177243232727
v 0.6600717306137085 -0.24123185873031616 -0.2825738191604614
v 0.6620173454284668 -0.23065274953842163 -0.28889694809913635
v 0.6572749614715576 -0.21472331881523132 -0.2995976209640503
v 0.6436558961868286 -0.19356510043144226 -0.30482637882232666
v 0.6412239074707031 -0.1882147490978241 -0.3101767301559448
v 0.6413455009460449 -0.1882147490978241 -0.3154054880142212
v 0.6376975774765015 -0.18286439776420593 -0.3101767301559448
v 0.6389135122299194 -0.18408039212226868 -0.3154054880142212
v 0.6335631608963013 -0.1722853183746338 -0.3154054880142212
v 0.6229841709136963 -0.17763563990592957 -0.3472644090652466
v 0.6293072700500488 -0.19879385828971863 -0.3419140577316284
v 0.608635425567627 -0.19879385828971863 -0.35261476039886475
v 0.5964756011962891 -0.19356510043144226 -0.3586946725845337
v 0.5858964920043945 -0.2041442096233368 -0.3628290295600891
v 0.5751957893371582 -0.2041442096233368 -0.36672019958496094
v 0.5700886249542236 -0.2200736701488495 -0.3578434884548187
v 0.5540375709533691 -0.2200736701488495 -0.37109777331352234
v 0.548687219619751 -0.22530239820480347 -0.3723137378692627
v 0.5434584617614746 -0.2291935682296753 -0.3737729489803314
v 0.548687219619751 -0.23065274953842163 -0.3700034022331238
v 0.548687219619751 -0.235881507396698 -0.3678146004676819
v 0.548687219619751 -0.2423262596130371 -0.3631938397884369
v 0.5503896474838257 -0.24658221006393433 -0.3578434884548187
v 0.5540375709533691 -0.2492573857307434 -0.35261476039886475
v 0.5540375709533691 -0.24658221006393433 -0.35030436515808105
v 0.5540375709533691 -0.24123185873031616 -0.3490883708000183
v 0.548687219619751 -0.23065274953842163 -0.3493315577507019
v 0.5540375709533691 -0.22262722253799438 -0.3419140577316284
v 0.5434584617614746 -0.2200736701488495 -0.3453187942504883
v 0.548687219619751 -0.21472331881523132 -0.3417924642562866
v 0.5646166801452637 -0.21679049730300903 -0.3313349485397339
v 0.5593879222869873 -0.21472331881523132 -0.3357124924659729
v 0.5699670314788818 -0.23065274953842163 -0.33473971486091614
v 0.5804245471954346 -0.23065274953842163 -0.32075583934783936
v 0.6054738759994507 -0.24658221006393433 -0.30482637882232666
v 0.5981779098510742 -0.23065274953842163 -0.30482637882232666
v 0.5979347229003906 -0.22530239820480347 -0.30482637882232666
v 0.5858964920043945 -0.21472331881523132 -0.3105415403842926
v 0.5805461406707764 -0.2041442096233368 -0.31382471323013306
v 0.5805461406707764 -0.19356510043144226 -0.31589189171791077
v 0.5858964920043945 -0.19356510043144226 -0.31431108713150024
v 0.5911252498626709 -0.17763563990592957 -0.30312401056289673
v 0.6038930416107178 -0.19879385828971863 -0.2995976209640503
v 0.6176338195800781 -0.20937296748161316 -0.2925449013710022
v 0.6229841709136963 -0.20937296748161316 -0.29059934616088867
v 0.6335631608963013 -0.21010255813598633 -0.28889694809913635
v 0.6229841709136963 -0.19076833128929138 -0.29424726963043213
v 0.6441422700881958 -0.21362891793251038 -0.28889694809913635
v 0.6445071697235107 -0.19879385828971863 -0.2995976209640503
v 0.6335631608963013 -0.18006762862205505 -0.30482637882232666
v 0.5964756011962891 -0.17763563990592957 -0.36161306500434875
v 0.5858964920043945 -0.18286439776420593 -0.36586901545524597
v 0.5805461406707764 -0.19879385828971863 -0.3672066032886505
v 0.5722774267196655 -0.2041442096233368 -0.36842259764671326
v 0.5593879222869873 -0.20937296748161316 -0.37754249572753906
v 0.5434584617614746 -0.21472331881523132 -0.3855680227279663
v 0.5381081104278564 -0.2200736701488495 -0.38423043489456177
v 0.5328793525695801 -0.2200736701488495 -0.38423043489456177
v 0.5328793525695801 -0.21472331881523132 -0.38690561056137085
v 0.5221786499023438 -0.21156173944473267 -0.38435202836990356
v 0.5275290012359619 -0.22299203276634216 -0.3791233003139496
v 0.5328793525695801 -0.22992315888404846 -0.3737729489803314
v 0.5381081104278564 -0.2310175597667694 -0.3737729489803314
v 0.5434584617614746 -0.23624631762504578 -0.36842259764671326
v 0.5434584617614746 -0.240502268075943 -0.3631938397884369
v 0.5434584617614746 -0.24159666895866394 -0.3578434884548187
v 0.5463768243789673 -0.24123185873031616 -0.35261476039886475
v 0.5434584617614746 -0.235881507396698 -0.3512771725654602
v 0.5381081104278564 -0.23065274953842163 -0.3486019968986511
v 0.5434584617614746 -0.21338573098182678 -0.3419140577316284
v 0.5540375709533691 -0.20937296748161316 -0.3357124924659729
v 0.5602390766143799 -0.2041442096233368 -0.3261061906814575
v 0.5699670314788818 -0.21472331881523132 -0.3222150206565857
v 0.5869908332824707 -0.2200736701488495 -0.3101767301559448
v 0.5742229223251343 -0.19879385828971863 -0.3154054880142212
v 0.5699670314788818 -0.1882147490978241 -0.31649988889694214
v 0.5805461406707764 -0.1880931556224823 -0.3154054880142212
v 0.5805461406707764 -0.18286439776420593 -0.31358152627944946
v 0.5803029537200928 -0.16705656051635742 -0.30482637882232666
v 0.6070547103881836 -0.1882147490978241 -0.2970440685749054
v 0.6124050617218018 -0.18286439776420593 -0.29607129096984863
v 0.6282128095626831 -0.1882147490978241 -0.29607129096984863
v 0.5699670314788818 -0.18286439776420593 -0.37997448444366455
v 0.5646166801452637 -0.19672667980194092 -0.3791233003139496
v 0.5593879222869873 -0.2041442096233368 -0.3804608881473541
v 0.5434584617614746 -0.19356510043144226 -0.3901887834072113
v 0.5434584617614746 -0.20937296748161316 -0.3877568244934082
v 0.5381081104278564 -0.20937296748161316 -0.38897281885147095
v 0.5221786499023438 -0.2015906274318695 -0.38970237970352173
v 0.5126940011978149 -0.2041442096233368 -0.38435202836990356
v 0.5010204315185547 -0.18918755650520325 -0.38970237970352173
v 0.5185307264328003 -0.21472331881523132 -0.3791233003139496
v 0.5221786499023438 -0.22530239820480347 -0.3680577874183655
v 0.5328793525695801 -0.23284155130386353 -0.36842259764671326
v 0.5381081104278564 -0.23758390545845032 -0.3631938397884369
v 0.5266778469085693 -0.23065274953842163 -0.3578434884548187
v 0.5395673513412476 -0.235881507396698 -0.35261476039886475
v 0.5328793525695801 -0.22822079062461853 -0.3472644090652466
v 0.5328793525695801 -0.2197088599205017 -0.3419140577316284
v 0.5328793525695801 -0.2041442096233368 -0.3355908989906311
v 0.5434584617614746 -0.2060897946357727 -0.33668529987335205
v 0.5540375709533691 -0.19356510043144226 -0.3223366141319275
v 0.5593879222869873 -0.19161951541900635 -0.32075583934783936
v 0.5593879222869873 -0.18286439776420593 -0.3172294795513153
v 0.5646166801452637 -0.17763563990592957 -0.3833792507648468
v 0.5494167804718018 -0.17763563990592957 -0.38970237970352173
v 0.5381081104278564 -0.18310761451721191 -0.3949311375617981
v 0.5381081104278564 -0.19879385828971863 -0.39128318428993225
v 0.5115995407104492 -0.17763563990592957 -0.4011327028274536
v 0.5063707828521729 -0.1882147490978241 -0.39347195625305176
v 0.49007654190063477 -0.1722853183746338 -0.3949311375617981
v 0.49007654190063477 -0.18286439776420593 -0.38435202836990356
v 0.4915357828140259 -0.1882147490978241 -0.3791233003139496
v 0.5085595846176147 -0.20937296748161316 -0.3737729489803314
v 0.5221786499023438 -0.2267615795135498 -0.3631938397884369
v 0.5221786499023438 -0.2270047962665558 -0.3578434884548187
v 0.5275290012359619 -0.22980156540870667 -0.35261476039886475
v 0.5270426273345947 -0.22530239820480347 -0.3472644090652466
v 0.5275290012359619 -0.2200736701488495 -0.343008428812027
v 0.5275290012359619 -0.20937296748161316 -0.337779700756073
v 0.5328793525695801 -0.19879385828971863 -0.33242934942245483
v 0.548687219619751 -0.19879385828971863 -0.32768696546554565
v 0.548687219619751 -0.19016033411026 -0.32075583934783936
v 0.548687219619751 -0.1722853183746338 -0.3105415403842926
v 0.5275290012359619 -0.1722853183746338 -0.4012542963027954
v 0.5169498920440674 -0.1722853183746338 -0.4033214747905731
v 0.485090970993042 -0.1816484034061432 -0.3737729489803314
v 0.49044132232666016 -0.1905251443386078 -0.36842259764671326
v 0.4998044967651367 -0.2041442096233368 -0.3631938397884369
v 0.506249189376831 -0.20937296748161316 -0.35261476039886475
v 0.5034524202346802 -0.2041442096233368 -0.3472644090652466
v 0.5063707828521729 -0.20195543766021729 -0.3419140577316284
v 0.5115995407104492 -0.1972130835056305 -0.33668529987335205
v 0.5328793525695801 -0.19356510043144226 -0.32951095700263977
v 0.5434584617614746 -0.1722853183746338 -0.31151431798934937
v 0.47876787185668945 -0.1722853183746338 -0.36842259764671326
v 0.49044132232666016 -0.19088992476463318 -0.3631938397884369
v 0.4884958267211914 -0.18286439776420593 -0.35261476039886475
v 0.49664294719696045 -0.19879385828971863 -0.35261476039886475
v 0.4956700801849365 -0.19356510043144226 -0.3473860025405884
v 0.4999260902404785 -0.19356510043144226 -0.3419140577316284
v 0.4963996410369873 -0.1722853183746338 -0.33668529987335205
v 0.5063707828521729 -0.17763563990592957 -0.3330373167991638
v 0.4777951240539551 -0.16705656051635742 -0.3578434884548187
v 0.4956700801849365 -0.1882147490978241 -0.34373801946640015
v 0.8667898178100586 -0.22262722253799438 -0.2677387595176697
v 0.8644794225692749 -0.22530239820480347 -0.2677387595176697
v 0.8667898178100586 -0.22530239820480347 -0.2659147381782532
v 0.8667898178100586 -0.22870716452598572 -0.2677387595176697
v 0.8721401691436768 -0.22530239820480347 -0.2653067708015442
v 0.8721401691436768 -0.2291935682296753 -0.2677387595176697
v 0.8721401691436768 -0.22530239820480347 -0.2764938473701477
v 0.8721401691436768 -0.22992315888404846 -0.27308911085128784
v 0.8667898178100586 -0.22530239820480347 -0.27333229780197144
v 0.8717753887176514 -0.2200736701488495 -0.2677387595176697
v 0.8787064552307129 -0.22530239820480347 -0.2677387595176697
v 0.8774905204772949 -0.2290719747543335 -0.27308911085128784
v 0.8774905204772949 -0.22530239820480347 -0.27770984172821045
v 0.8710458278656006 -0.2200736701488495 -0.27308911085128784
v 0.8779768943786621 -0.2200736701488495 -0.2677387595176697
v 0.8849080801010132 -0.22530239820480347 -0.27308911085128784
v 0.8880696296691895 -0.22287043929100037 -0.27308911085128784
v 0.8827192783355713 -0.22505921125411987 -0.2783178389072418
v 0.8880696296691895 -0.21691209077835083 -0.28366819024086
v 0.8934199810028076 -0.2200736701488495 -0.28220900893211365
v 0.8880696296691895 -0.2200736701488495 -0.282817006111145
v 0.8827192783355713 -0.2200736701488495 -0.2811146080493927
v 0.8776121139526367 -0.2200736701488495 -0.2783178389072418
v 0.8827192783355713 -0.21472331881523132 -0.27308911085128784
v 0.8827192783355713 -0.2200736701488495 -0.26883313059806824
v 0.8880696296691895 -0.2200736701488495 -0.27114349603652954
v 0.8918391466140747 -0.2200736701488495 -0.27308911085128784
v 0.8952440023422241 -0.21472331881523132 -0.27308911085128784
v 0.8964599370956421 -0.2200736701488495 -0.2783178389072418
v 0.898648738861084 -0.21824967861175537 -0.28366819024086
v 0.9071606397628784 -0.21472331881523132 -0.28366819024086
v 0.9039990901947021 -0.21338573098182678 -0.28889694809913635
v 0.898648738861084 -0.21472331881523132 -0.2880457639694214
v 0.8934199810028076 -0.21472331881523132 -0.28695136308670044
v 0.8873400688171387 -0.21472331881523132 -0.28366819024086
v 0.8827192783355713 -0.21435850858688354 -0.2783178389072418
v 0.8880696296691895 -0.21338573098182678 -0.27308911085128784
v 0.8934199810028076 -0.21338573098182678 -0.27308911085128784
v 0.898648738861084 -0.21472331881523132 -0.2743050754070282
v 0.9053366184234619 -0.21472331881523132 -0.2783178389072418
v 0.911659836769104 -0.20937296748161316 -0.2783178389072418
v 0.9159157276153564 -0.20937296748161316 -0.28366819024086
v 0.9145781993865967 -0.20973774790763855 -0.28889694809913635
v 0.9092278480529785 -0.20937296748161316 -0.292058527469635
v 0.9046070575714111 -0.2041442096233368 -0.29424726963043213
v 0.9039990901947021 -0.20937296748161316 -0.2923017144203186
v 0.898648738861084 -0.20937296748161316 -0.2904777228832245
v 0.8934199810028076 -0.20937296748161316 -0.28682976961135864
v 0.8901368379592896 -0.20937296748161316 -0.28366819024086
v 0.888920783996582 -0.20937296748161316 -0.2783178389072418
v 0.8934199810028076 -0.20937296748161316 -0.27503466606140137
v 0.898648738861084 -0.20937296748161316 -0.2741834819316864
v 0.9039990901947021 -0.20937296748161316 -0.27491307258605957
v 0.9039990901947021 -0.2041442096233368 -0.27576425671577454
v 0.9092278480529785 -0.2041442096233368 -0.2760074734687805
v 0.9092278480529785 -0.19879385828971863 -0.2771018445491791
v 0.9145781993865967 -0.2041442096233368 -0.27758824825286865
v 0.9218741655349731 -0.2041442096233368 -0.28366819024086
v 0.9199285507202148 -0.19879385828971863 -0.2788042426109314
v 0.9251573085784912 -0.19879385828971863 -0.282817006111145
v 0.9280756711959839 -0.19879385828971863 -0.28889694809913635
v 0.9199285507202148 -0.2064545750617981 -0.28889694809913635
v 0.9202933311462402 -0.2041442096233368 -0.29424726963043213
v 0.9145781993865967 -0.2041442096233368 -0.2968008518218994
v 0.9092278480529785 -0.2041442096233368 -0.2963144779205322
v 0.9044854640960693 -0.19879385828971863 -0.29424726963043213
v 0.8976759910583496 -0.2041442096233368 -0.28889694809913635
v 0.8934199810028076 -0.20584657788276672 -0.28366819024086
v 0.898648738861084 -0.2041442096233368 -0.27722346782684326
v 0.9092278480529785 -0.19356510043144226 -0.27953383326530457
v 0.9145781993865967 -0.19879385828971863 -0.27722346782684326
v 0.9199285507202148 -0.19356510043144226 -0.2786826491355896
v 0.9251573085784912 -0.19356510043144226 -0.2809930145740509
v 0.9283188581466675 -0.19356510043144226 -0.28366819024086
v 0.9339123964309692 -0.1882147490978241 -0.28889694809913635
v 0.9316020011901855 -0.19356510043144226 -0.29424726963043213
v 0.9376819133758545 -0.18286439776420593 -0.29424726963043213
v 0.9370739459991455 -0.18286439776420593 -0.2995976209640503
v 0.933426022529602 -0.1882147490978241 -0.2995976209640503
v 0.9251573085784912 -0.20073944330215454 -0.29424726963043213
v 0.9199285507202148 -0.19879385828971863 -0.30081361532211304
v 0.9145781993865967 -0.20073944330215454 -0.2995976209640503
v 0.9092278480529785 -0.19879385828971863 -0.29850324988365173
v 0.9054582118988037 -0.19356510043144226 -0.29424726963043213
v 0.9092278480529785 -0.1882147490978241 -0.2998408377170563
v 0.9126325845718384 -0.18286439776420593 -0.30482637882232666
v 0.9092278480529785 -0.18286439776420593 -0.2998408377170563
v 0.9078902006149292 -0.18286439776420593 -0.29424726963043213
v 0.9064310789108276 -0.1882147490978241 -0.28889694809913635
v 0.9044854640960693 -0.19356510043144226 -0.28366819024086
v 0.9145781993865967 -0.1882147490978241 -0.28002023696899414
v 0.9199285507202148 -0.1882147490978241 -0.2794122099876404
v 0.9251573085784912 -0.1882147490978241 -0.2808714210987091
v 0.9295347929000854 -0.1882147490978241 -0.28366819024086
v 0.9364659786224365 -0.17763563990592957 -0.28889694809913635
v 0.94011390209198 -0.17763563990592957 -0.29424726963043213
v 0.9336692094802856 -0.18286439776420593 -0.30482637882232666
v 0.9251573085784912 -0.1882147490978241 -0.3066503703594208
v 0.9199285507202148 -0.19356510043144226 -0.30470478534698486
v 0.9145781993865967 -0.19356510043144226 -0.3036103844642639
v 0.911051869392395 -0.1722853183746338 -0.30482637882232666
v 0.9092278480529785 -0.18286439776420593 -0.2878025472164154
v 0.9145781993865967 -0.17763563990592957 -0.28476256132125854
v 0.9251573085784912 -0.17763563990592957 -0.2829385995864868
v 0.9251573085784912 -0.17763563990592957 -0.3128519058227539
v 0.9199285507202148 -0.17763563990592957 -0.3121223449707031
v 0.9142134189605713 -0.1722853183746338 -0.3101767301559448
v 0.2943023443222046 -0.5984892845153809 -0.469228059053421
v 0.2973424196243286 -0.6017724871635437 -0.46387770771980286
v 0.29953110218048096 -0.600556492805481 -0.469228059053421
v 0.37905681133270264 -0.646277666091919 -0.33668529987335205
v 0.37905681133270264 -0.6484664678573608 -0.3419140577316284
v 0.3803943395614624 -0.6442104578018188 -0.33668529987335205
v 0.3819751739501953 -0.6442104578018188 -0.3419140577316284
v 0.37905681133270264 -0.6442104578018188 -0.34556201100349426
v 0.37905681133270264 -0.6388601064682007 -0.34373801946640015
v 0.37407124042510986 -0.6442104578018188 -0.3472644090652466
v 0.37382805347442627 -0.6482232213020325 -0.3419140577316284
v 0.37382805347442627 -0.6465208530426025 -0.33668529987335205
v 0.37382805347442627 -0.6442104578018188 -0.33486130833625793
v 0.37382805347442627 -0.6388601064682007 -0.33473971486091614
v 0.37382805347442627 -0.6352121829986572 -0.33668529987335205
v 0.37905681133270264 -0.6410489082336426 -0.33668529987335205
v 0.37905681133270264 -0.6376441121101379 -0.3419140577316284
v 0.37674641609191895 -0.6388601064682007 -0.3472644090652466
v 0.3684777021408081 -0.6388601064682007 -0.351398766040802
v 0.3684777021408081 -0.6437240839004517 -0.3472644090652466
v 0.36312735080718994 -0.6422649025917053 -0.3472644090652466
v 0.36312735080718994 -0.6388601064682007 -0.35224995017051697
v 0.3684777021408081 -0.6327801942825317 -0.35261476039886475
v 0.36312735080718994 -0.6335097551345825 -0.3556547164916992
v 0.3578985929489136 -0.6383737325668335 -0.35261476039886475
v 0.3525482416152954 -0.6335097551345825 -0.3584514856338501
v 0.3525482416152954 -0.6375225186347961 -0.35261476039886475
v 0.34731948375701904 -0.6335097551345825 -0.3584514856338501
v 0.3419691324234009 -0.6335097551345825 -0.35772189497947693
v 0.3366187810897827 -0.6337530016899109 -0.35261476039886475
v 0.34731948375701904 -0.6363065242767334 -0.3472644090652466
v 0.3578985929489136 -0.6405625343322754 -0.3472644090652466
v 0.36531615257263184 -0.6442104578018188 -0.3419140577316284
v 0.36203300952911377 -0.6388601064682007 -0.33668529987335205
v 0.3684777021408081 -0.6388601064682007 -0.33461809158325195
v 0.36312735080718994 -0.6282809972763062 -0.33644211292266846
v 0.36458659172058105 -0.6229307055473328 -0.3419140577316284
v 0.3756520748138428 -0.6335097551345825 -0.3419140577316284
v 0.37382805347442627 -0.6335097551345825 -0.34787237644195557
v 0.3671400547027588 -0.6282809972763062 -0.35261476039886475
v 0.36312735080718994 -0.6282809972763062 -0.3561410903930664
v 0.3578985929489136 -0.6282809972763062 -0.35954588651657104
v 0.3525482416152954 -0.6282809972763062 -0.36209946870803833
v 0.33139002323150635 -0.6318073868751526 -0.3631938397884369
v 0.31546056270599365 -0.6335097551345825 -0.36842259764671326
v 0.3260396718978882 -0.6333881616592407 -0.3578434884548187
v 0.33139002323150635 -0.6329017877578735 -0.35261476039886475
v 0.3419691324234009 -0.6335097551345825 -0.34617000818252563
v 0.3525482416152954 -0.6371577382087708 -0.3419140577316284
v 0.3565610647201538 -0.6335097551345825 -0.33668529987335205
v 0.3578985929489136 -0.6282809972763062 -0.3361988961696625
v 0.3578985929489136 -0.6229307055473328 -0.3379012942314148
v 0.3578985929489136 -0.6180667281150818 -0.3419140577316284
v 0.36312735080718994 -0.6206203103065491 -0.3472644090652466
v 0.36349213123321533 -0.6229307055473328 -0.35261476039886475
v 0.35887134075164795 -0.6229307055473328 -0.3578434884548187
v 0.35181868076324463 -0.6229307055473328 -0.3631938397884369
v 0.3419691324234009 -0.6229307055473328 -0.3681793808937073
v 0.33187639713287354 -0.6282809972763062 -0.36842259764671326
v 0.3208109140396118 -0.6282809972763062 -0.3741377592086792
v 0.3101102113723755 -0.6338745951652527 -0.3737729489803314
v 0.29953110218048096 -0.6384953260421753 -0.3737729489803314
v 0.2979503870010376 -0.6388601064682007 -0.38435202836990356
v 0.30135512351989746 -0.6335097551345825 -0.38970237970352173
v 0.2958831787109375 -0.6388601064682007 -0.38970237970352173
v 0.2943023443222046 -0.6341177821159363 -0.40028148889541626
v 0.2943023443222046 -0.6335097551345825 -0.4040510654449463
v 0.27837300300598145 -0.644088864326477 -0.4056318402290344
v 0.2889519929885864 -0.6434808969497681 -0.38970237970352173
v 0.27837300300598145 -0.6472504734992981 -0.38970237970352173
v 0.27837300300598145 -0.6474936604499817 -0.3791233003139496
v 0.2677938938140869 -0.6493176221847534 -0.3791233003139496
v 0.2677938938140869 -0.6487096548080444 -0.3737729489803314
v 0.27837300300598145 -0.644575297832489 -0.36842259764671326
v 0.2963695526123047 -0.6388601064682007 -0.36842259764671326
v 0.3048814535140991 -0.6356985569000244 -0.3631938397884369
v 0.3048814535140991 -0.6336313486099243 -0.3578434884548187
v 0.31546056270599365 -0.6308345794677734 -0.35261476039886475
v 0.33139002323150635 -0.6282809972763062 -0.34544041752815247
v 0.3419691324234009 -0.6298618316650391 -0.3419140577316284
v 0.3525482416152954 -0.6282809972763062 -0.33705008029937744
v 0.3525482416152954 -0.6229307055473328 -0.3376580774784088
v 0.34731948375701904 -0.6144187450408936 -0.3419140577316284
v 0.3526698350906372 -0.6123515963554382 -0.3472644090652466
v 0.3529130220413208 -0.6123515963554382 -0.35261476039886475
v 0.35862815380096436 -0.6177019476890564 -0.35261476039886475
v 0.334308385848999 -0.6017724871635437 -0.3631938397884369
v 0.3419691324234009 -0.6050556302070618 -0.3578434884548187
v 0.3419691324234009 -0.6071228384971619 -0.3631938397884369
v 0.34646832942962646 -0.6123515963554382 -0.3631938397884369
v 0.3419691324234009 -0.6177019476890564 -0.36878740787506104
v 0.3208109140396118 -0.6229307055473328 -0.3782721161842346
v 0.3142446279525757 -0.6282809972763062 -0.3791233003139496
v 0.30135512351989746 -0.6282809972763062 -0.3949311375617981
v 0.29953110218048096 -0.6281594038009644 -0.40028148889541626
v 0.29953110218048096 -0.6288890242576599 -0.4056318402290344
v 0.3366187810897827 -0.6177019476890564 -0.47956395149230957
v 0.33139002323150635 -0.6177019476890564 -0.47506478428840637
v 0.3394155502319336 -0.6229307055473328 -0.47980713844299316
v 0.3300524950027466 -0.6229307055473328 -0.474456787109375
v 0.3419691324234009 -0.6282809972763062 -0.48041513562202454
v 0.3540074825286865 -0.6335097551345825 -0.48515748977661133
v 0.34731948375701904 -0.6335097551345825 -0.48236072063446045
v 0.356439471244812 -0.6335097551345825 -0.4903862476348877
v 0.3551018238067627 -0.6388601064682007 -0.4903862476348877
v 0.3525482416152954 -0.6388601064682007 -0.49208864569664
v 0.3525482416152954 -0.6399545073509216 -0.4903862476348877
v 0.3525482416152954 -0.6388601064682007 -0.48710307478904724
v 0.3525482416152954 -0.6367929577827454 -0.48515748977661133
v 0.34731948375701904 -0.6377657651901245 -0.48515748977661133
v 0.3366187810897827 -0.6335097551345825 -0.4818743169307709
v 0.3260396718978882 -0.6282809972763062 -0.47518640756607056
v 0.31546056270599365 -0.6282809972763062 -0.4714168310165405
v 0.31546056270599365 -0.6229307055473328 -0.46862006187438965
v 0.38963592052459717 -0.6417785286903381 -0.43736913800239563
v 0.38963592052459717 -0.644575297832489 -0.43214040994644165
v 0.37601685523986816 -0.6388601064682007 -0.43214040994644165
v 0.3101102113723755 -0.6330233812332153 -0.43214040994644165
v 0.3208109140396118 -0.6303482055664062 -0.43214040994644165
v 0.31546056270599365 -0.6313210129737854 -0.4267900586128235
v 0.3260396718978882 -0.6296186447143555 -0.4267900586128235
v 0.3366187810897827 -0.6287674307823181 -0.43214040994644165
v 0.34731948375701904 -0.6282809972763062 -0.42533087730407715
v 0.34731948375701904 -0.6293753981590271 -0.43214040994644165
v 0.3684777021408081 -0.6335097551345825 -0.4261820614337921
v 0.3844071626663208 -0.6394681334495544 -0.4267900586128235
v 0.38963592052459717 -0.6388601064682007 -0.4263036549091339
v 0.39498627185821533 -0.644088864326477 -0.43214040994644165
v 0.39498627185821533 -0.6388601064682007 -0.42958682775497437
v 0.3964453935623169 -0.6388601064682007 -0.43214040994644165
v 0.39498627185821533 -0.6388601064682007 -0.43639636039733887
v 0.38963592052459717 -0.6388601064682007 -0.43931472301483154
v 0.3844071626663208 -0.6335097551345825 -0.44138190150260925
v 0.37905681133270264 -0.6335097551345825 -0.44174671173095703
v 0.37382805347442627 -0.6335097551345825 -0.44101712107658386
v 0.37382805347442627 -0.6366713643074036 -0.43736913800239563
v 0.34731948375701904 -0.6280378103256226 -0.43736913800239563
v 0.3366187810897827 -0.6269434690475464 -0.43736913800239563
v 0.3208109140396118 -0.6288890242576599 -0.43736913800239563
v 0.3101102113723755 -0.6287674307823181 -0.4427194893360138
v 0.3048814535140991 -0.6335097551345825 -0.43894994258880615
v 0.3048814535140991 -0.6349689364433289 -0.4267900586128235
v 0.31546056270599365 -0.6298618316650391 -0.4214397072792053
v 0.34731948375701904 -0.6254842281341553 -0.4214397072792053
v 0.3578985929489136 -0.6252410411834717 -0.4214397072792053
v 0.36312735080718994 -0.6282809972763062 -0.4225340783596039
v 0.37382805347442627 -0.6282809972763062 -0.42289888858795166
v 0.37382805347442627 -0.6229307055473328 -0.4238716661930084
v 0.38963592052459717 -0.6335097551345825 -0.4271548390388489
v 0.3935270309448242 -0.6335097551345825 -0.43214040994644165
v 0.39194631576538086 -0.6335097551345825 -0.43736913800239563
v 0.38963592052459717 -0.6335097551345825 -0.43919312953948975
v 0.37905681133270264 -0.6282809972763062 -0.4423547089099884
v 0.36312735080718994 -0.6284026503562927 -0.4427194893360138
v 0.3525482416152954 -0.6229307055473328 -0.44369229674339294
v 0.3366187810897827 -0.6229307055473328 -0.4422331154346466
v 0.3208109140396118 -0.6248762607574463 -0.4427194893360138
v 0.3101102113723755 -0.6218363046646118 -0.44794824719429016
v 0.30305755138397217 -0.6282809972763062 -0.4586489498615265
v 0.30366551876068115 -0.6229307055473328 -0.4532985985279083
v 0.29953110218048096 -0.6316857933998108 -0.4532985985279083
v 0.30378711223602295 -0.6282809972763062 -0.44794824719429016
v 0.29953110218048096 -0.6380089521408081 -0.43736913800239563
v 0.293451189994812 -0.6442104578018188 -0.43214040994644165
v 0.2943023443222046 -0.6434808969497681 -0.4267900586128235
v 0.3048814535140991 -0.6335097551345825 -0.4213181138038635
v 0.3101102113723755 -0.6282809972763062 -0.4154813587665558
v 0.31546056270599365 -0.6180667281150818 -0.4108605980873108
v 0.3101102113723755 -0.6237818598747253 -0.4108605980873108
v 0.3208109140396118 -0.6229307055473328 -0.4146301746368408
v 0.34731948375701904 -0.6229307055473328 -0.419737309217453
v 0.36312735080718994 -0.6229307055473328 -0.42107489705085754
v 0.3684777021408081 -0.6229307055473328 -0.4220476746559143
v 0.3684777021408081 -0.6177019476890564 -0.4247228503227234
v 0.37905681133270264 -0.6231738924980164 -0.4267900586128235
v 0.3818535804748535 -0.6229307055473328 -0.43214040994644165
v 0.37905681133270264 -0.6218363046646118 -0.43736913800239563
v 0.3726121187210083 -0.6229307055473328 -0.4427194893360138
v 0.36312735080718994 -0.6229307055473328 -0.4444218873977661
v 0.3578985929489136 -0.6177019476890564 -0.44405707716941833
v 0.34731948375701904 -0.6177019476890564 -0.4450298845767975
v 0.3208109140396118 -0.6177019476890564 -0.4469754695892334
v 0.3101102113723755 -0.6177019476890564 -0.4497722387313843
v 0.3052462339401245 -0.6177019476890564 -0.4532985985279083
v 0.3046382665634155 -0.6177019476890564 -0.4586489498615265
v 0.3101102113723755 -0.6229307055473328 -0.4652152955532074
v 0.3088942766189575 -0.6177019476890564 -0.46387770771980286
v 0.31546056270599365 -0.6177019476890564 -0.4678904712200165
v 0.3260396718978882 -0.6123515963554382 -0.47348400950431824
v 0.33139002323150635 -0.6104059815406799 -0.47980713844299316
v 0.3366187810897827 -0.6140539646148682 -0.48515748977661133
v 0.3419691324234009 -0.6282809972763062 -0.496709406375885
v 0.3419691324234009 -0.6229307055473328 -0.49379101395606995
v 0.34731948375701904 -0.6282809972763062 -0.4946421980857849
v 0.35121071338653564 -0.6282809972763062 -0.4903862476348877
v 0.3392939567565918 -0.6177019476890564 -0.4903862476348877
v 0.3525482416152954 -0.6335097551345825 -0.4945206046104431
v 0.34731948375701904 -0.6393465399742126 -0.4903862476348877
v 0.3366187810897827 -0.6367929577827454 -0.4903862476348877
v 0.3366187810897827 -0.6358201503753662 -0.48515748977661133
v 0.31546056270599365 -0.6309561729431152 -0.474456787109375
v 0.3101102113723755 -0.6282809972763062 -0.4674040675163269
v 0.29953110218048096 -0.6335097551345825 -0.4568249583244324
v 0.2943023443222046 -0.6394681334495544 -0.4586489498615265
v 0.2943023443222046 -0.6393465399742126 -0.44794824719429016
v 0.28785765171051025 -0.6442104578018188 -0.44794824719429016
v 0.2889519929885864 -0.6465208530426025 -0.43214040994644165
v 0.2889519929885864 -0.6461560726165771 -0.4267900586128235
v 0.2889519929885864 -0.6442104578018188 -0.42046689987182617
v 0.28360164165496826 -0.6419001221656799 -0.4108605980873108
v 0.2730226516723633 -0.6457912921905518 -0.4108605980873108
v 0.2677938938140869 -0.6472504734992981 -0.4056318402290344
v 0.23593497276306152 -0.6515064239501953 -0.38970237970352173
v 0.225355863571167 -0.6535735726356506 -0.3737729489803314
v 0.2570931911468506 -0.6491960287094116 -0.36842259764671326
v 0.26244354248046875 -0.6457912921905518 -0.3631938397884369
v 0.2889519929885864 -0.6384953260421753 -0.3631938397884369
v 0.2943023443222046 -0.6335097551345825 -0.3578434884548187
v 0.2943023443222046 -0.6282809972763062 -0.3540739417076111
v 0.3101102113723755 -0.6282809972763062 -0.3510339558124542
v 0.33139002323150635 -0.6229307055473328 -0.3428868353366852
v 0.3101102113723755 -0.6177019476890564 -0.34775078296661377
v 0.3366187810897827 -0.6177019476890564 -0.34167084097862244
v 0.3419691324234009 -0.6123515963554382 -0.343008428812027
v 0.3366187810897827 -0.6070012450218201 -0.3473860025405884
v 0.3419691324234009 -0.6078523993492126 -0.3472644090652466
v 0.34731948375701904 -0.608095645904541 -0.35261476039886475
v 0.3366187810897827 -0.6021372675895691 -0.3578434884548187
v 0.3260396718978882 -0.5995836853981018 -0.3578434884548187
v 0.3208109140396118 -0.5977597236633301 -0.3631938397884369
v 0.31546056270599365 -0.5983676910400391 -0.3737729489803314
v 0.31546056270599365 -0.5969085097312927 -0.36842259764671326
v 0.3300524950027466 -0.6017724871635437 -0.36842259764671326
v 0.33139002323150635 -0.6070012450218201 -0.3725569546222687
v 0.3366187810897827 -0.6123515963554382 -0.37134096026420593
v 0.3101102113723755 -0.6177019476890564 -0.38702720403671265
v 0.3048814535140991 -0.6229307055473328 -0.3920127749443054
v 0.30293595790863037 -0.6229307055473328 -0.3949311375617981
v 0.30208468437194824 -0.6229307055473328 -0.40028148889541626
v 0.3048814535140991 -0.6229307055473328 -0.4055102467536926
v 0.3048814535140991 -0.6177019476890564 -0.4036862552165985
v 0.3048814535140991 -0.6123515963554382 -0.40526705980300903
v 0.31546056270599365 -0.6123515963554382 -0.4106174111366272
v 0.3366187810897827 -0.6123515963554382 -0.41621094942092896
v 0.34731948375701904 -0.6177019476890564 -0.41852131485939026
v 0.36069536209106445 -0.6177019476890564 -0.4214397072792053
v 0.36312735080718994 -0.61247318983078 -0.4267900586128235
v 0.37382805347442627 -0.6173371076583862 -0.43214040994644165
v 0.36312735080718994 -0.6125947833061218 -0.43736913800239563
v 0.36312735080718994 -0.617458701133728 -0.4427194893360138
v 0.3419691324234009 -0.6123515963554382 -0.4453946650028229
v 0.33139002323150635 -0.6070012450218201 -0.44551628828048706
v 0.31546056270599365 -0.6123515963554382 -0.44867783784866333
v 0.3101102113723755 -0.6123515963554382 -0.45050182938575745
v 0.30548954010009766 -0.6123515963554382 -0.4532985985279083
v 0.30378711223602295 -0.6123515963554382 -0.4586489498615265
v 0.3073134422302246 -0.6123515963554382 -0.46387770771980286
v 0.3101102113723755 -0.6070012450218201 -0.46874165534973145
v 0.32178378105163574 -0.6070012450218201 -0.474456787109375
v 0.3260396718978882 -0.6062716245651245 -0.47980713844299316
v 0.3260396718978882 -0.6059068441390991 -0.48515748977661133
v 0.33139002323150635 -0.6091899871826172 -0.48515748977661133
v 0.33139002323150635 -0.6110140085220337 -0.4903862476348877
v 0.33139002323150635 -0.6167291402816772 -0.49573659896850586
v 0.3260396718978882 -0.6229307055473328 -0.49804699420928955
v 0.3366187810897827 -0.6282809972763062 -0.4974389970302582
v 0.34731948375701904 -0.6335097551345825 -0.49597978591918945
v 0.3208109140396118 -0.6354553699493408 -0.4903862476348877
v 0.31546056270599365 -0.6355769634246826 -0.48515748977661133
v 0.3101102113723755 -0.6335097551345825 -0.4759159982204437
v 0.3048814535140991 -0.6344825625419617 -0.469228059053421
v 0.29953110218048096 -0.6372793316841125 -0.469228059053421
v 0.2889519929885864 -0.6422649025917053 -0.46387770771980286
v 0.28360164165496826 -0.6465208530426025 -0.4427194893360138
v 0.28360164165496826 -0.6472504734992981 -0.4267900586128235
v 0.2730226516723633 -0.6471288800239563 -0.4214397072792053
v 0.22000551223754883 -0.6501688361167908 -0.4267900586128235
v 0.17233872413635254 -0.6499256491661072 -0.474456787109375
v 0.161759614944458 -0.653330385684967 -0.44794824719429016
v 0.1934969425201416 -0.6540600061416626 -0.38435202836990356
v 0.22000551223754883 -0.6529656052589417 -0.3631938397884369
v 0.23058462142944336 -0.6527224183082581 -0.3631938397884369
v 0.24651408195495605 -0.648952841758728 -0.3578434884548187
v 0.25903868675231934 -0.6442104578018188 -0.3578434884548187
v 0.2412853240966797 -0.6477368474006653 -0.35261476039886475
v 0.24651408195495605 -0.6442104578018188 -0.35066914558410645
v 0.2677938938140869 -0.6388601064682007 -0.35662752389907837
v 0.27837300300598145 -0.6335097551345825 -0.35662752389907837
v 0.27837300300598145 -0.6282809972763062 -0.3544387221336365
v 0.28360164165496826 -0.6282809972763062 -0.35504671931266785
v 0.29953110218048096 -0.6229307055473328 -0.3511555790901184
v 0.2943023443222046 -0.6177019476890564 -0.35237154364585876
v 0.3101102113723755 -0.6123515963554382 -0.3487235903739929
v 0.3208109140396118 -0.6070012450218201 -0.3489667773246765
v 0.33139002323150635 -0.6026236414909363 -0.35261476039886475
v 0.3101102113723755 -0.5976381301879883 -0.3631938397884369
v 0.3048814535140991 -0.5965437293052673 -0.36842259764671326
v 0.3101102113723755 -0.5970301032066345 -0.3737729489803314
v 0.29953110218048096 -0.6017724871635437 -0.3880000114440918
v 0.3048814535140991 -0.6111356019973755 -0.38970237970352173
v 0.302571177482605 -0.6177019476890564 -0.3949311375617981
v 0.30244946479797363 -0.6177019476890564 -0.40028148889541626
v 0.29953110218048096 -0.6110140085220337 -0.40028148889541626
v 0.29697751998901367 -0.6070012450218201 -0.40028148889541626
v 0.30099034309387207 -0.6070012450218201 -0.4056318402290344
v 0.3101102113723755 -0.6070012450218201 -0.4104958176612854
v 0.33151161670684814 -0.6070012450218201 -0.41621094942092896
v 0.3532778024673462 -0.6123515963554382 -0.4214397072792053
v 0.3525482416152954 -0.6070012450218201 -0.4267900586128235
v 0.34731948375701904 -0.6034748554229736 -0.43214040994644165
v 0.33078205585479736 -0.5964221358299255 -0.43214040994644165
v 0.3525482416152954 -0.6071228384971619 -0.43736913800239563
v 0.33139002323150635 -0.6022588610649109 -0.4427194893360138
v 0.3101102113723755 -0.6070012450218201 -0.4494074285030365
v 0.30330073833465576 -0.6070012450218201 -0.4532985985279083
v 0.3008687496185303 -0.6070012450218201 -0.4586489498615265
v 0.3048814535140991 -0.6088252067565918 -0.46387770771980286
v 0.3101102113723755 -0.6020156741142273 -0.474456787109375
v 0.31546056270599365 -0.6021372675895691 -0.47980713844299316
v 0.31546056270599365 -0.6027452945709229 -0.48515748977661133
v 0.3208109140396118 -0.603839635848999 -0.48515748977661133
v 0.3260396718978882 -0.608095645904541 -0.4903862476348877
v 0.3260396718978882 -0.6123515963554382 -0.4946421980857849
v 0.3260396718978882 -0.6177019476890564 -0.4970741868019104
v 0.29953110218048096 -0.6229307055473328 -0.4965877830982208
v 0.3048814535140991 -0.6282809972763062 -0.49646618962287903
v 0.3101102113723755 -0.635941743850708 -0.4903862476348877
v 0.2943023443222046 -0.6392249464988708 -0.4903862476348877
v 0.2730226516723633 -0.6417785286903381 -0.4903862476348877
v 0.27837300300598145 -0.6422649025917053 -0.48515748977661133
v 0.28360164165496826 -0.6411705017089844 -0.47980713844299316
v 0.2730226516723633 -0.6477368474006653 -0.4586489498615265
v 0.23593497276306152 -0.648952841758728 -0.43736913800239563
v 0.2094264030456543 -0.6488312482833862 -0.47980713844299316
v 0.22000551223754883 -0.6513848304748535 -0.3578434884548187
v 0.22000551223754883 -0.6487096548080444 -0.35261476039886475
v 0.23058462142944336 -0.6493176221847534 -0.35261476039886475
v 0.2412853240966797 -0.6442104578018188 -0.3487235903739929
v 0.2412853240966797 -0.6388601064682007 -0.34592682123184204
v 0.24700045585632324 -0.6388601064682007 -0.3472644090652466
v 0.25648510456085205 -0.6282809972763062 -0.3472644090652466
v 0.26244354248046875 -0.6229307055473328 -0.3490883708000183
v 0.27837300300598145 -0.6229307055473328 -0.3539523482322693
v 0.27837300300598145 -0.6177019476890564 -0.35468190908432007
v 0.28360164165496826 -0.6123515963554382 -0.35674911737442017
v 0.30597591400146484 -0.6070012450218201 -0.35261476039886475
v 0.3048814535140991 -0.6017724871635437 -0.3578434884548187
v 0.2889519929885864 -0.5976381301879883 -0.3737729489803314
v 0.29953110218048096 -0.5963005423545837 -0.3737729489803314
v 0.29953110218048096 -0.5966653227806091 -0.3791233003139496
v 0.2943023443222046 -0.5993404984474182 -0.38970237970352173
v 0.2974640130996704 -0.6070012450218201 -0.3949311375617981
v 0.2889519929885864 -0.5984892845153809 -0.40028148889541626
v 0.2943023443222046 -0.6012860536575317 -0.4056318402290344
v 0.3048814535140991 -0.6017724871635437 -0.41207659244537354
v 0.3208109140396118 -0.6017724871635437 -0.4158461391925812
v 0.33139002323150635 -0.6000701189041138 -0.4214397072792053
v 0.32920122146606445 -0.5964221358299255 -0.4267900586128235
v 0.3208109140396118 -0.5935037732124329 -0.43214040994644165
v 0.32652604579925537 -0.5964221358299255 -0.43736913800239563
v 0.3048814535140991 -0.5952061414718628 -0.4427194893360138
v 0.3048814535140991 -0.6017724871635437 -0.4487994313240051
v 0.298315167427063 -0.6017724871635437 -0.4532985985279083
v 0.2958831787109375 -0.6017724871635437 -0.4586489498615265
v 0.28627681732177734 -0.5964221358299255 -0.46387770771980286
v 0.29953110218048096 -0.5990973114967346 -0.474456787109375
v 0.2677938938140869 -0.5966653227806091 -0.47980713844299316
v 0.29953110218048096 -0.5995836853981018 -0.47980713844299316
v 0.3048814535140991 -0.6017724871635437 -0.48515748977661133
v 0.31546056270599365 -0.6057852506637573 -0.4903862476348877
v 0.3208109140396118 -0.6123515963554382 -0.49537181854248047
v 0.2943023443222046 -0.6123515963554382 -0.49330461025238037
v 0.2730226516723633 -0.6282809972763062 -0.49841177463531494
v 0.29953110218048096 -0.6335097551345825 -0.4952501952648163
v 0.2730226516723633 -0.6388601064682007 -0.4948854148387909
v 0.2570931911468506 -0.6434808969497681 -0.49573659896850586
v 0.2518644332885742 -0.6456696391105652 -0.4903862476348877
v 0.24651408195495605 -0.6468856334686279 -0.48515748977661133
v 0.2094264030456543 -0.6478584408760071 -0.48515748977661133
v 0.1934969425201416 -0.6488312482833862 -0.3631938397884369
v 0.22000551223754883 -0.6442104578018188 -0.3486019968986511
v 0.225355863571167 -0.6442104578018188 -0.3475075960159302
v 0.225355863571167 -0.6388601064682007 -0.3453187942504883
v 0.23593497276306152 -0.6335097551345825 -0.3441028296947479
v 0.2412853240966797 -0.6282809972763062 -0.3442244231700897
v 0.24651408195495605 -0.6229307055473328 -0.3450756072998047
v 0.2570931911468506 -0.6177019476890564 -0.3486019968986511
v 0.27837300300598145 -0.6123515963554382 -0.35687071084976196
v 0.28360164165496826 -0.6070012450218201 -0.360397070646286
v 0.27837300300598145 -0.6017724871635437 -0.3679361939430237
v 0.2943023443222046 -0.5961789488792419 -0.3791233003139496
v 0.28968167304992676 -0.5964221358299255 -0.38970237970352173
v 0.28360164165496826 -0.5944765210151672 -0.40028148889541626
v 0.2889519929885864 -0.5964221358299255 -0.4078206419944763
v 0.29953110218048096 -0.5964221358299255 -0.41596776247024536
v 0.3208109140396118 -0.5961789488792419 -0.4214397072792053
v 0.31546056270599365 -0.5927741527557373 -0.4267900586128235
v 0.2943023443222046 -0.5900989770889282 -0.43214040994644165
v 0.29953110218048096 -0.591314971446991 -0.43736913800239563
v 0.2889519929885864 -0.5936253666877747 -0.44794824719429016
v 0.2963695526123047 -0.5964221358299255 -0.44794824719429016
v 0.29053282737731934 -0.5964221358299255 -0.4532985985279083
v 0.27837300300598145 -0.5952061414718628 -0.469228059053421
v 0.2570931911468506 -0.5886397957801819 -0.46387770771980286
v 0.23058462142944336 -0.5911933779716492 -0.474456787109375
v 0.2570931911468506 -0.5959357023239136 -0.47980713844299316
v 0.28360164165496826 -0.6017724871635437 -0.48491430282592773
v 0.2889519929885864 -0.6070012450218201 -0.4898998439311981
v 0.2518644332885742 -0.6123515963554382 -0.4948854148387909
v 0.2570931911468506 -0.6229307055473328 -0.4997493624687195
v 0.2570931911468506 -0.6282809972763062 -0.5013301372528076
v 0.2730226516723633 -0.6335097551345825 -0.49780377745628357
v 0.2570931911468506 -0.6388601064682007 -0.500478982925415
v 0.2518644332885742 -0.6442104578018188 -0.49573659896850586
v 0.23058462142944336 -0.6431161165237427 -0.49573659896850586
v 0.1775674819946289 -0.645183265209198 -0.4903862476348877
v 0.19884729385375977 -0.6388601064682007 -0.35285794734954834
v 0.22000551223754883 -0.6388601064682007 -0.34629160165786743
v 0.225355863571167 -0.6282809972763062 -0.3443460166454315
v 0.23593497276306152 -0.6229307055473328 -0.3443460166454315
v 0.2412853240966797 -0.6177019476890564 -0.34568360447883606
v 0.2412853240966797 -0.6123515963554382 -0.34775078296661377
v 0.2484595775604248 -0.6070012450218201 -0.35261476039886475
v 0.2730226516723633 -0.6070012450218201 -0.36003226041793823
v 0.2677938938140869 -0.6017724871635437 -0.36623382568359375
v 0.2518644332885742 -0.5999484658241272 -0.3631938397884369
v 0.2570931911468506 -0.5964221358299255 -0.3745025396347046
v 0.2677938938140869 -0.5910717844963074 -0.38970237970352173
v 0.28360164165496826 -0.5947197675704956 -0.38435202836990356
v 0.27837300300598145 -0.5919229984283447 -0.3949311375617981
v 0.27837300300598145 -0.5910717844963074 -0.4108605980873108
v 0.2889519929885864 -0.5914365649223328 -0.4214397072792053
v 0.27837300300598145 -0.589612603187561 -0.43214040994644165
v 0.28360164165496826 -0.5933821797370911 -0.4532985985279083
v 0.26244354248046875 -0.5853566527366638 -0.4532985985279083
v 0.24651408195495605 -0.5781822800636292 -0.44794824719429016
v 0.2412853240966797 -0.5793982744216919 -0.4532985985279083
v 0.23593497276306152 -0.5730751752853394 -0.44794824719429016
v 0.225355863571167 -0.581465482711792 -0.46387770771980286
v 0.225355863571167 -0.5894910097122192 -0.474456787109375
v 0.23593497276306152 -0.6003133058547974 -0.48515748977661133
v 0.2518644332885742 -0.6017724871635437 -0.48698148131370544
v 0.23058462142944336 -0.6123515963554382 -0.4943990111351013
v 0.24651408195495605 -0.6229307055473328 -0.5002357363700867
v 0.22000551223754883 -0.6282809972763062 -0.5009653568267822
v 0.2518644332885742 -0.6335097551345825 -0.5024245381355286
v 0.24651408195495605 -0.6388601064682007 -0.5014517307281494
v 0.18291783332824707 -0.6388601064682007 -0.49573659896850586
v 0.18826818466186523 -0.6282809972763062 -0.3535875380039215
v 0.1934969425201416 -0.6229307055473328 -0.3518851399421692
v 0.21477675437927246 -0.6177019476890564 -0.34811556339263916
v 0.18291783332824707 -0.6070012450218201 -0.3586946725845337
v 0.225355863571167 -0.6123515963554382 -0.34823718667030334
v 0.23593497276306152 -0.6048124432563782 -0.35261476039886475
v 0.23058462142944336 -0.5976381301879883 -0.3578434884548187
v 0.24006927013397217 -0.5964221358299255 -0.3631938397884369
v 0.24736523628234863 -0.5911933779716492 -0.3791233003139496
v 0.2518644332885742 -0.5829246640205383 -0.3949311375617981
v 0.26220035552978516 -0.585843026638031 -0.40028148889541626
v 0.2730226516723633 -0.5886397957801819 -0.4267900586128235
v 0.2730226516723633 -0.5891261696815491 -0.44794824719429016
v 0.2518644332885742 -0.5790334939956665 -0.4427194893360138
v 0.23593497276306152 -0.5696703791618347 -0.4427194893360138
v 0.22000551223754883 -0.5646848082542419 -0.4498938322067261
v 0.21477675437927246 -0.5834110379219055 -0.474456787109375
v 0.2094264030456543 -0.585843026638031 -0.47980713844299316
v 0.21477675437927246 -0.5958141088485718 -0.48515748977661133
v 0.225355863571167 -0.6017724871635437 -0.487467885017395
v 0.20407605171203613 -0.6123515963554382 -0.4950070083141327
v 0.19884729385375977 -0.6282809972763062 -0.4991413652896881
v 0.19884729385375977 -0.6335097551345825 -0.4993845522403717
v 0.1934969425201416 -0.5911933779716492 -0.36343705654144287
v 0.20407605171203613 -0.585843026638031 -0.36428824067115784
v 0.21708714962005615 -0.5804926753044128 -0.36842259764671326
v 0.23593497276306152 -0.5911933779716492 -0.3680577874183655
v 0.2412853240966797 -0.5770878791809082 -0.3949311375617981
v 0.2412853240966797 -0.5752639174461365 -0.4019838869571686
v 0.24651408195495605 -0.5772095322608948 -0.4214397072792053
v 0.24590599536895752 -0.5752639174461365 -0.43214040994644165
v 0.23593497276306152 -0.5676032304763794 -0.43736913800239563
v 0.21477675437927246 -0.5539841055870056 -0.43955790996551514
v 0.20273840427398682 -0.5487553477287292 -0.44794824719429016
v 0.19884729385375977 -0.5646848082542419 -0.4698360562324524
v 0.1934969425201416 -0.5646848082542419 -0.47299760580062866
v 0.19884729385375977 -0.5911933779716492 -0.48515748977661133
v 0.20407605171203613 -0.5804926753044128 -0.36599063873291016
v 0.2094264030456543 -0.5752639174461365 -0.3692737817764282
v 0.21477675437927246 -0.5723455548286438 -0.3737729489803314
v 0.21477675437927246 -0.5646848082542419 -0.38216325640678406
v 0.22000551223754883 -0.5646848082542419 -0.39103996753692627
v 0.21307432651519775 -0.5593344569206238 -0.38970237970352173
v 0.21477675437927246 -0.5577536821365356 -0.4056318402290344
v 0.23058462142944336 -0.5668736100196838 -0.41621094942092896
v 0.2190326452255249 -0.5539841055870056 -0.4267900586128235
v 0.2094264030456543 -0.5464450120925903 -0.43214040994644165
v 0.18826818466186523 -0.5328259468078613 -0.45025861263275146
v 0.1934969425201416 -0.5593344569206238 -0.3692737817764282
v 0.1934969425201416 -0.5487553477287292 -0.37584012746810913
v 0.20249521732330322 -0.5539841055870056 -0.3791233003139496
v 0.1956857442855835 -0.5434050559997559 -0.38435202836990356
v 0.1914297342300415 -0.5381762981414795 -0.38970237970352173
v 0.19884729385375977 -0.5429186224937439 -0.4056318402290344
v 0.2094264030456543 -0.553132951259613 -0.4056318402290344
v 0.2234102487564087 -0.5593344569206238 -0.4214397072792053
v 0.18291783332824707 -0.5207876563072205 -0.4267900586128235
v 0.18291783332824707 -0.5226116180419922 -0.43736913800239563
v 0.18899774551391602 -0.5274755954742432 -0.4214397072792053
v 0.20431923866271973 -0.33668696880340576 -0.3791233003139496
v 0.18291783332824707 -0.34191572666168213 -0.38714882731437683
v 0.23593497276306152 -0.3285398483276367 -0.3737729489803314
v 0.24651408195495605 -0.3196631371974945 -0.3791233003139496
v 0.23058462142944336 -0.3195415139198303 -0.38970237970352173
v 0.18778181076049805 -0.3313366174697876 -0.40028148889541626
v 0.20407605171203613 -0.3379029631614685 -0.3737729489803314
v 0.23289501667022705 -0.3313366174697876 -0.36842259764671326
v 0.24651408195495605 -0.32781025767326355 -0.3631938397884369
v 0.26244354248046875 -0.3225814998149872 -0.3578434884548187
v 0.2889519929885864 -0.31431278586387634 -0.35261476039886475
v 0.2908976078033447 -0.37377461791038513 -0.3313349485397339
v 0.2943023443222046 -0.37377461791038513 -0.33437490463256836
v 0.2943023443222046 -0.38009774684906006 -0.3313349485397339
v 0.2943023443222046 -0.3819217383861542 -0.3261061906814575
v 0.29953110218048096 -0.38070574402809143 -0.3261061906814575
v 0.29953110218048096 -0.3791249692440033 -0.3309701681137085
v 0.30196309089660645 -0.37377461791038513 -0.3313349485397339
v 0.29953110218048096 -0.37377461791038513 -0.3337669372558594
v 0.2943023443222046 -0.35711556673049927 -0.33668529987335205
v 0.2998960018157959 -0.35261639952659607 -0.33668529987335205
v 0.2943023443222046 -0.34191572666168213 -0.33936047554016113
v 0.2998960018157959 -0.3313366174697876 -0.3419140577316284
v 0.2943023443222046 -0.3154071569442749 -0.3493315577507019
v 0.2889519929885864 -0.3169879615306854 -0.3472644090652466
v 0.2943023443222046 -0.31832554936408997 -0.3472644090652466
v 0.29953110218048096 -0.3154071569442749 -0.3484804034233093
v 0.2943023443222046 -0.32610785961151123 -0.34325164556503296
v 0.28980326652526855 -0.32610785961151123 -0.33668529987335205
v 0.28992486000061035 -0.3313366174697876 -0.33668529987335205
v 0.28943848609924316 -0.3472660779953003 -0.3313349485397339
v 0.28992486000061035 -0.3631955087184906 -0.3313349485397339
v 0.29041123390197754 -0.37377461791038513 -0.3261061906814575
v 0.29211366176605225 -0.3791249692440033 -0.3261061906814575
v 0.2943023443222046 -0.3791249692440033 -0.32355260848999023
v 0.29953110218048096 -0.3791249692440033 -0.3245254158973694
v 0.30244946479797363 -0.37377461791038513 -0.3261061906814575
v 0.3028143644332886 -0.36842426657676697 -0.3261061906814575
v 0.30305755138397217 -0.3631955087184906 -0.3313349485397339
v 0.30415189266204834 -0.34191572666168213 -0.3313349485397339
v 0.3048814535140991 -0.3315798044204712 -0.33668529987335205
v 0.3048814535140991 -0.32075750827789307 -0.3422788381576538
v 0.3048814535140991 -0.30482804775238037 -0.34993958473205566
v 0.29953110218048096 -0.3087192177772522 -0.35261476039886475
v 0.2889519929885864 -0.2995993196964264 -0.37134096026420593
v 0.2676723003387451 -0.31017839908599854 -0.3737729489803314
v 0.23593497276306152 -0.31017839908599854 -0.39566075801849365
v 0.225355863571167 -0.30482804775238037 -0.40672624111175537
v 0.18291783332824707 -0.32610785961151123 -0.4086718261241913
v 0.1934969425201416 -0.30482804775238037 -0.4203453063964844
v 0.19009220600128174 -0.34191572666168213 -0.35261476039886475
v 0.21477675437927246 -0.33680856227874756 -0.3472644090652466
v 0.23058462142944336 -0.3336469829082489 -0.35261476039886475
v 0.28360164165496826 -0.3178391456604004 -0.3472644090652466
v 0.29004645347595215 -0.32075750827789307 -0.3419140577316284
v 0.2889519929885864 -0.32075750827789307 -0.33668529987335205
v 0.2889519929885864 -0.31881192326545715 -0.3313349485397339
v 0.28919529914855957 -0.33668696880340576 -0.3313349485397339
v 0.2910192012786865 -0.34191572666168213 -0.3261061906814575
v 0.2943023443222046 -0.37377461791038513 -0.3219718337059021
v 0.29953110218048096 -0.37377461791038513 -0.32257983088493347
v 0.30196309089660645 -0.34191572666168213 -0.3261061906814575
v 0.30147671699523926 -0.32075750827789307 -0.3261061906814575
v 0.30561113357543945 -0.32610785961151123 -0.3313349485397339
v 0.3074350357055664 -0.3154071569442749 -0.33668529987335205
v 0.3087726831436157 -0.30482804775238037 -0.3419140577316284
v 0.3095022439956665 -0.2995993196964264 -0.3472644090652466
v 0.3302956819534302 -0.27831950783729553 -0.3472644090652466
v 0.33139002323150635 -0.27990028262138367 -0.3313349485397339
v 0.3366187810897827 -0.2721179723739624 -0.3419140577316284
v 0.3366187810897827 -0.267740398645401 -0.351398766040802
v 0.33139002323150635 -0.2699292004108429 -0.3578434884548187
v 0.3366187810897827 -0.25716131925582886 -0.3624642491340637
v 0.33139002323150635 -0.25728291273117065 -0.36842259764671326
v 0.3260396718978882 -0.267740398645401 -0.3657474219799042
v 0.29187047481536865 -0.2942489683628082 -0.3737729489803314
v 0.28360164165496826 -0.2836698591709137 -0.38702720403671265
v 0.2570931911468506 -0.2857370376586914 -0.40028148889541626
v 0.23593497276306152 -0.29801851511001587 -0.4056318402290344
v 0.21331751346588135 -0.2995993196964264 -0.41621094942092896
v 0.2116152048110962 -0.28889861702919006 -0.4214397072792053
v 0.21477675437927246 -0.33474138379096985 -0.33668529987335205
v 0.23167896270751953 -0.3313366174697876 -0.33668529987335205
v 0.28360164165496826 -0.3179607391357422 -0.3419140577316284
v 0.28360164165496826 -0.31674474477767944 -0.33668529987335205
v 0.2889519929885864 -0.3154071569442749 -0.3289029598236084
v 0.2943023443222046 -0.3154071569442749 -0.3248901963233948
v 0.29953110218048096 -0.3154071569442749 -0.324768602848053
v 0.29953110218048096 -0.31017839908599854 -0.32306623458862305
v 0.3048814535140991 -0.31017839908599854 -0.3287813663482666
v 0.3079214096069336 -0.30482804775238037 -0.3313349485397339
v 0.3118126392364502 -0.2995993196964264 -0.33668529987335205
v 0.3208109140396118 -0.29108738899230957 -0.3261061906814575
v 0.3164334297180176 -0.2942489683628082 -0.32075583934783936
v 0.3260396718978882 -0.28415626287460327 -0.32075583934783936
v 0.3392939567565918 -0.267740398645401 -0.3261061906814575
v 0.3419691324234009 -0.26433563232421875 -0.33668529987335205
v 0.3419691324234009 -0.2609308660030365 -0.3472644090652466
v 0.3433067798614502 -0.24658221006393433 -0.3578434884548187
v 0.347927451133728 -0.24123185873031616 -0.3472644090652466
v 0.34926509857177734 -0.22530239820480347 -0.33668529987335205
v 0.34914350509643555 -0.235881507396698 -0.3419140577316284
v 0.34926509857177734 -0.24123185873031616 -0.33668529987335205
v 0.34987306594848633 -0.23065274953842163 -0.3313349485397339
v 0.34950828552246094 -0.22530239820480347 -0.3313349485397339
v 0.34890031814575195 -0.2200736701488495 -0.3313349485397339
v 0.34622514247894287 -0.21472331881523132 -0.3419140577316284
v 0.34646832942962646 -0.23065274953842163 -0.35261476039886475
v 0.3413611650466919 -0.235881507396698 -0.3631938397884369
v 0.33588922023773193 -0.24658221006393433 -0.36842259764671326
v 0.33078205585479736 -0.24123185873031616 -0.3737729489803314
v 0.3260396718978882 -0.24658221006393433 -0.3764481246471405
v 0.3260396718978882 -0.25716131925582886 -0.37304335832595825
v 0.3048814535140991 -0.27309074997901917 -0.3783937096595764
v 0.2889519929885864 -0.27309074997901917 -0.3899455964565277
v 0.28360164165496826 -0.267740398645401 -0.3949311375617981
v 0.23058462142944336 -0.27831950783729553 -0.41669735312461853
v 0.22559905052185059 -0.28889861702919006 -0.41621094942092896
v 0.20407605171203613 -0.2836698591709137 -0.42496606707572937
v 0.20407605171203613 -0.27309074997901917 -0.42545247077941895
v 0.18826818466186523 -0.27309074997901917 -0.4286140203475952
v 0.2094264030456543 -0.3310934007167816 -0.3261061906814575
v 0.22413980960845947 -0.3313366174697876 -0.3313349485397339
v 0.23593497276306152 -0.3241622745990753 -0.32075583934783936
v 0.2518644332885742 -0.3246486783027649 -0.3313349485397339
v 0.28360164165496826 -0.3103000223636627 -0.32075583934783936
v 0.2889519929885864 -0.31017839908599854 -0.3217286467552185
v 0.2943023443222046 -0.31017839908599854 -0.3214854300022125
v 0.29953110218048096 -0.30786803364753723 -0.32075583934783936
v 0.3048814535140991 -0.30482804775238037 -0.32343101501464844
v 0.3048814535140991 -0.3021528720855713 -0.3154054880142212
v 0.3048814535140991 -0.2969241440296173 -0.30482637882232666
v 0.31546056270599365 -0.29157379269599915 -0.3101767301559448
v 0.3260396718978882 -0.27527955174446106 -0.30482637882232666
v 0.33139002323150635 -0.2716315686702728 -0.3101767301559448
v 0.3409963846206665 -0.26239004731178284 -0.32075583934783936
v 0.34525227546691895 -0.25716131925582886 -0.3313349485397339
v 0.34841394424438477 -0.24658221006393433 -0.3313349485397339
v 0.34731948375701904 -0.24123185873031616 -0.3177158832550049
v 0.347927451133728 -0.22530239820480347 -0.3154054880142212
v 0.34646832942962646 -0.22530239820480347 -0.3101767301559448
v 0.34257709980010986 -0.21472331881523132 -0.2995976209640503
v 0.34549546241760254 -0.20937296748161316 -0.3101767301559448
v 0.347927451133728 -0.21472331881523132 -0.32075583934783936
v 0.3457387685775757 -0.2041442096233368 -0.3261061906814575
v 0.34245550632476807 -0.19356510043144226 -0.32075583934783936
v 0.3366187810897827 -0.18286439776420593 -0.3289029598236084
v 0.3392939567565918 -0.1882147490978241 -0.3313349485397339
v 0.3366187810897827 -0.18651238083839417 -0.33668529987335205
v 0.3419691324234009 -0.20937296748161316 -0.3488451838493347
v 0.3441579341888428 -0.2200736701488495 -0.35261476039886475
v 0.3430635929107666 -0.22530239820480347 -0.3578434884548187
v 0.3369835615158081 -0.235881507396698 -0.36842259764671326
v 0.3260396718978882 -0.22530239820480347 -0.3768129348754883
v 0.31546056270599365 -0.24658221006393433 -0.38216325640678406
v 0.30354392528533936 -0.26239004731178284 -0.38435202836990356
v 0.2960047721862793 -0.25716131925582886 -0.38970237970352173
v 0.28360164165496826 -0.26239004731178284 -0.39590394496917725
v 0.2677938938140869 -0.26239004731178284 -0.40295666456222534
v 0.225355863571167 -0.267740398645401 -0.41912931203842163
v 0.21477675437927246 -0.25716131925582886 -0.4213181138038635
v 0.22000551223754883 -0.32610785961151123 -0.3196614384651184
v 0.2412853240966797 -0.3195415139198303 -0.3154054880142212
v 0.2730226516723633 -0.30750322341918945 -0.3101767301559448
v 0.2943023443222046 -0.3042200803756714 -0.3101767301559448
v 0.29953110218048096 -0.30263927578926086 -0.3101767301559448
v 0.3048814535140991 -0.2885338068008423 -0.29424726963043213
v 0.31546056270599365 -0.28452104330062866 -0.2995976209640503
v 0.31546056270599365 -0.2792923152446747 -0.29424726963043213
v 0.3208109140396118 -0.27309074997901917 -0.2953416705131531
v 0.33139002323150635 -0.26239004731178284 -0.3011784255504608
v 0.3419691324234009 -0.25095975399017334 -0.3101767301559448
v 0.3409963846206665 -0.235881507396698 -0.2995976209640503
v 0.3400235176086426 -0.2200736701488495 -0.29424726963043213
v 0.3399019241333008 -0.21472331881523132 -0.29424726963043213
v 0.3430635929107666 -0.2041442096233368 -0.30482637882232666
v 0.3411179780960083 -0.19356510043144226 -0.3101767301559448
v 0.3394155502319336 -0.19879385828971863 -0.2995976209640503
v 0.33370041847229004 -0.19356510043144226 -0.29424726963043213
v 0.3366187810897827 -0.18541797995567322 -0.3101767301559448
v 0.33139002323150635 -0.17532527446746826 -0.32075583934783936
v 0.33248448371887207 -0.17763563990592957 -0.3313349485397339
v 0.33163321018218994 -0.18286439776420593 -0.3419140577316284
v 0.3396587371826172 -0.21472331881523132 -0.3578434884548187
v 0.33211958408355713 -0.21472331881523132 -0.36842259764671326
v 0.3260396718978882 -0.2041442096233368 -0.3700034022331238
v 0.3260396718978882 -0.21180492639541626 -0.3737729489803314
v 0.3208109140396118 -0.2200736701488495 -0.38009607791900635
v 0.31546056270599365 -0.2041442096233368 -0.37985289096832275
v 0.31315016746520996 -0.2200736701488495 -0.38435202836990356
v 0.29953110218048096 -0.24658221006393433 -0.3880000114440918
v 0.292843222618103 -0.24123185873031616 -0.38970237970352173
v 0.2889519929885864 -0.24658221006393433 -0.39116159081459045
v 0.27837300300598145 -0.24123185873031616 -0.39310717582702637
v 0.2677938938140869 -0.25716131925582886 -0.40234866738319397
v 0.23593497276306152 -0.24658221006393433 -0.41195499897003174
v 0.2094264030456543 -0.2518109679222107 -0.42107489705085754
v 0.21477675437927246 -0.24171826243400574 -0.41621094942092896
v 0.1775674819946289 -0.25716131925582886 -0.4269116520881653
v 0.1934969425201416 -0.30482804775238037 -0.3021512031555176
v 0.2094264030456543 -0.32075750827789307 -0.3126087188720703
v 0.225355863571167 -0.30057209730148315 -0.29424726963043213
v 0.23058462142944336 -0.31017839908599854 -0.30275923013687134
v 0.2730226516723633 -0.29984250664711 -0.2995976209640503
v 0.2943023443222046 -0.28889861702919006 -0.29084253311157227
v 0.3048814535140991 -0.2836698591709137 -0.2893833518028259
v 0.3101102113723755 -0.2700507938861847 -0.28366819024086
v 0.33139002323150635 -0.2513245642185211 -0.29424726963043213
v 0.33151161670684814 -0.22530239820480347 -0.28366819024086
v 0.33260607719421387 -0.21472331881523132 -0.28366819024086
v 0.33139002323150635 -0.2041442096233368 -0.28391140699386597
v 0.3260396718978882 -0.2041442096233368 -0.27795302867889404
v 0.3260396718978882 -0.19356510043144226 -0.28439778089523315
v 0.33139002323150635 -0.1814052164554596 -0.30482637882232666
v 0.33139002323150635 -0.1787300407886505 -0.33668529987335205
v 0.3260396718978882 -0.19551068544387817 -0.3631938397884369
v 0.31546056270599365 -0.19356510043144226 -0.374259352684021
v 0.3101102113723755 -0.19356510043144226 -0.3782721161842346
v 0.3101102113723755 -0.20937296748161316 -0.38435202836990356
v 0.3048814535140991 -0.2200736701488495 -0.3876352310180664
v 0.2943023443222046 -0.2200736701488495 -0.38933759927749634
v 0.28360164165496826 -0.235881507396698 -0.3907967805862427
v 0.2677938938140869 -0.23065274953842163 -0.39140477776527405
v 0.2677938938140869 -0.24658221006393433 -0.3988223075866699
v 0.23058462142944336 -0.235881507396698 -0.4090366065502167
v 0.234718918800354 -0.22530239820480347 -0.40028148889541626
v 0.22000551223754883 -0.23065274953842163 -0.4090366065502167
v 0.18826818466186523 -0.235881507396698 -0.4157245457172394
v 0.2072376012802124 -0.28889861702919006 -0.28889694809913635
v 0.19884729385375977 -0.2836698591709137 -0.2898697257041931
v 0.21477675437927246 -0.2836698591709137 -0.2853705883026123
v 0.22000551223754883 -0.2942489683628082 -0.2897481322288513
v 0.2518644332885742 -0.2942489683628082 -0.2896265387535095
v 0.26244354248046875 -0.28889861702919006 -0.2856137752532959
v 0.2730226516723633 -0.2772251069545746 -0.2783178389072418
v 0.2943023443222046 -0.27831950783729553 -0.2811146080493927
v 0.29953110218048096 -0.267740398645401 -0.2766154408454895
v 0.3048814535140991 -0.25716131925582886 -0.27515625953674316
v 0.3101102113723755 -0.235881507396698 -0.27357548475265503
v 0.3208109140396118 -0.249500572681427 -0.28366819024086
v 0.3251885175704956 -0.22530239820480347 -0.2783178389072418
v 0.3276205062866211 -0.21472331881523132 -0.2783178389072418
v 0.3208109140396118 -0.2041442096233368 -0.2741834819316864
v 0.3208109140396118 -0.1950242817401886 -0.2783178389072418
v 0.3137582540512085 -0.18286439776420593 -0.28366819024086
v 0.3126637935638428 -0.16705656051635742 -0.2995976209640503
v 0.3101102113723755 -0.18201321363449097 -0.36842259764671326
v 0.3048814535140991 -0.1833508014678955 -0.3737729489803314
v 0.2943023443222046 -0.1882147490978241 -0.38009607791900635
v 0.2998960018157959 -0.19879385828971863 -0.38435202836990356
v 0.2943023443222046 -0.20937296748161316 -0.38787841796875
v 0.27837300300598145 -0.2200736701488495 -0.3881216049194336
v 0.26244354248046875 -0.2200736701488495 -0.38727042078971863
v 0.2570931911468506 -0.22530239820480347 -0.3909183740615845
v 0.225355863571167 -0.22116804122924805 -0.40028148889541626
v 0.2094264030456543 -0.2200736701488495 -0.40259188413619995
v 0.1934969425201416 -0.21472331881523132 -0.39797112345695496
v 0.2094264030456543 -0.27831950783729553 -0.2854921817779541
v 0.21854627132415771 -0.26239004731178284 -0.28366819024086
v 0.225355863571167 -0.27309074997901917 -0.28233060240745544
v 0.23593497276306152 -0.2834266722202301 -0.28366819024086
v 0.24651408195495605 -0.28889861702919006 -0.2857353687286377
v 0.2570931911468506 -0.27831950783729553 -0.2789258360862732
v 0.2677938938140869 -0.2518109679222107 -0.2651851773262024
v 0.2943023443222046 -0.267740398645401 -0.27503466606140137
v 0.2943023443222046 -0.2518109679222107 -0.2694411277770996
v 0.29953110218048096 -0.24658221006393433 -0.2696843147277832
v 0.3048814535140991 -0.23065274953842163 -0.27041393518447876
v 0.3208109140396118 -0.21472331881523132 -0.2738186717033386
v 0.31546056270599365 -0.20937296748161316 -0.2717515230178833
v 0.31327176094055176 -0.19879385828971863 -0.27308911085128784
v 0.3048814535140991 -0.1882147490978241 -0.27503466606140137
v 0.3048814535140991 -0.17763563990592957 -0.2807497978210449
v 0.27837300300598145 -0.1722853183746338 -0.37036818265914917
v 0.28360164165496826 -0.19879385828971863 -0.3836224675178528
v 0.2730226516723633 -0.20937296748161316 -0.3838656544685364
v 0.2677938938140869 -0.21472331881523132 -0.38483843207359314
v 0.2570931911468506 -0.21472331881523132 -0.38435202836990356
v 0.2412853240966797 -0.2111969292163849 -0.38435202836990356
v 0.22000551223754883 -0.20937296748161316 -0.38885119557380676
v 0.19884729385375977 -0.2082785665988922 -0.38970237970352173
v 0.1934969425201416 -0.20317140221595764 -0.3791233003139496
v 0.18291783332824707 -0.26239004731178284 -0.2965576648712158
v 0.2094264030456543 -0.25752609968185425 -0.28889694809913635
v 0.20018482208251953 -0.24123185873031616 -0.2995976209640503
v 0.20590007305145264 -0.24658221006393433 -0.29424726963043213
v 0.21197998523712158 -0.24658221006393433 -0.28889694809913635
v 0.211736798286438 -0.2518109679222107 -0.28889694809913635
v 0.22000551223754883 -0.25716131925582886 -0.28245219588279724
v 0.225355863571167 -0.267740398645401 -0.2814794182777405
v 0.23058462142944336 -0.26239004731178284 -0.27770984172821045
v 0.2412853240966797 -0.26178207993507385 -0.27308911085128784
v 0.2518644332885742 -0.26239004731178284 -0.27114349603652954
v 0.2570931911468506 -0.24123185873031616 -0.25715965032577515
v 0.2730226516723633 -0.24123185873031616 -0.26165878772735596
v 0.297707200050354 -0.22530239820480347 -0.2677387595176697
v 0.2889519929885864 -0.20937296748161316 -0.2673739492893219
v 0.2943023443222046 -0.19879385828971863 -0.27041393518447876
v 0.29454565048217773 -0.17763563990592957 -0.27308911085128784
v 0.28360164165496826 -0.16705656051635742 -0.26457715034484863
v 0.2677938938140869 -0.1722853183746338 -0.37061136960983276
v 0.2677938938140869 -0.1882147490978241 -0.3741377592086792
v 0.2518644332885742 -0.19879385828971863 -0.3724353611469269
v 0.23058462142944336 -0.19879385828971863 -0.3701249957084656
v 0.23593497276306152 -0.2017122209072113 -0.3737729489803314
v 0.2094264030456543 -0.20256343483924866 -0.3791233003139496
v 0.22000551223754883 -0.19879385828971863 -0.36684179306030273
v 0.18291783332824707 -0.2018338143825531 -0.36842259764671326
v 0.19434809684753418 -0.235881507396698 -0.30482637882232666
v 0.1977529525756836 -0.23065274953842163 -0.30482637882232666
v 0.20091450214385986 -0.23065274953842163 -0.2995976209640503
v 0.20407605171203613 -0.235881507396698 -0.296436071395874
v 0.206872820854187 -0.24123185873031616 -0.29424726963043213
v 0.2094264030456543 -0.24123185873031616 -0.2904777228832245
v 0.21477675437927246 -0.24123185873031616 -0.2784394323825836
v 0.21562790870666504 -0.24658221006393433 -0.28366819024086
v 0.22000551223754883 -0.2518109679222107 -0.2807497978210449
v 0.225355863571167 -0.2570396959781647 -0.2783178389072418
v 0.23058462142944336 -0.2518109679222107 -0.27065712213516235
v 0.23593497276306152 -0.24123185873031616 -0.2583756446838379
v 0.2412853240966797 -0.24171826243400574 -0.25715965032577515
v 0.24651408195495605 -0.235881507396698 -0.25290369987487793
v 0.2412853240966797 -0.23223355412483215 -0.251809298992157
v 0.24651408195495605 -0.22530239820480347 -0.24889090657234192
v 0.2518644332885742 -0.23065274953842163 -0.2510797083377838
v 0.2570931911468506 -0.22530239820480347 -0.2510797083377838
v 0.2820209264755249 -0.2200736701488495 -0.2623884081840515
v 0.2868849039077759 -0.19879385828971863 -0.2677387595176697
v 0.2677938938140869 -0.1882147490978241 -0.25448447465896606
v 0.26244354248046875 -0.1722853183746338 -0.251809298992157
v 0.24651408195495605 -0.16705656051635742 -0.2446349561214447
v 0.2570931911468506 -0.18286439776420593 -0.37097615003585815
v 0.23058462142944336 -0.1882147490978241 -0.36672019958496094
v 0.23058462142944336 -0.19356510043144226 -0.36684179306030273
v 0.22000551223754883 -0.19356510043144226 -0.36173465847969055
v 0.225355863571167 -0.19842904806137085 -0.36842259764671326
v 0.21477675437927246 -0.19879385828971863 -0.361248254776001
v 0.2094264030456543 -0.20013144612312317 -0.3578434884548187
v 0.1934969425201416 -0.20232021808624268 -0.35261476039886475
v 0.20407605171203613 -0.20037463307380676 -0.35261476039886475
v 0.19884729385375977 -0.20000985264778137 -0.3472644090652466
v 0.1979961395263672 -0.22530239820480347 -0.2995976209640503
v 0.20213043689727783 -0.23065274953842163 -0.29424726963043213
v 0.2071160078048706 -0.235881507396698 -0.28889694809913635
v 0.21003437042236328 -0.235881507396698 -0.2783178389072418
v 0.2094264030456543 -0.23235514760017395 -0.27308911085128784
v 0.225355863571167 -0.2518109679222107 -0.27503466606140137
v 0.22876060009002686 -0.24123185873031616 -0.2623884081840515
v 0.23593497276306152 -0.23065274953842163 -0.25266048312187195
v 0.225355863571167 -0.21569609642028809 -0.251809298992157
v 0.2412853240966797 -0.22530239820480347 -0.2493773102760315
v 0.24651408195495605 -0.2200736701488495 -0.24791812896728516
v 0.2518644332885742 -0.2200736701488495 -0.24876931309700012
v 0.26001155376434326 -0.2200736701488495 -0.251809298992157
v 0.26244354248046875 -0.1882147490978241 -0.251809298992157
v 0.2412853240966797 -0.1882147490978241 -0.24427014589309692
v 0.225355863571167 -0.18286439776420593 -0.36659860610961914
v 0.21477675437927246 -0.1882147490978241 -0.3607618808746338
v 0.21477675437927246 -0.19332191348075867 -0.3578434884548187
v 0.2094264030456543 -0.19879385828971863 -0.35468190908432007
v 0.20407605171203613 -0.19879385828971863 -0.35018277168273926
v 0.19884729385375977 -0.22724798321723938 -0.28366819024086
v 0.19884729385375977 -0.22639679908752441 -0.2783178389072418
v 0.19884729385375977 -0.2243296205997467 -0.27308911085128784
v 0.2094264030456543 -0.22128963470458984 -0.2623884081840515
v 0.2094264030456543 -0.21375051140785217 -0.25715965032577515
v 0.23058462142944336 -0.20937296748161316 -0.24791812896728516
v 0.23593497276306152 -0.20937296748161316 -0.2470669448375702
v 0.2412853240966797 -0.2041442096233368 -0.24633735418319702
v 0.23058462142944336 -0.1882147490978241 -0.24147337675094604
v 0.22000551223754883 -0.1722853183746338 -0.23478543758392334
v 0.19884729385375977 -0.17848685383796692 -0.3631938397884369
v 0.20662963390350342 -0.19356510043144226 -0.35261476039886475
v 0.19884729385375977 -0.19356510043144226 -0.34835878014564514
v 0.1934969425201416 -0.20937296748161316 -0.2600780129432678
v 0.18826818466186523 -0.19769945740699768 -0.251809298992157
v 0.22000551223754883 -0.19879385828971863 -0.24548614025115967
v 0.21477675437927246 -0.17763563990592957 -0.2357582449913025
v 0.17233872413635254 -0.1722853183746338 -0.23612302541732788
f 1638 1639 1645
f 1639 1640 1646
f 1640 1641 1646
f 1641 1642 1646
f 1642 1643 1646
f 1637 1628 1638
f 1628 1629 1638
f 1629 1630 1638
f 1639 1638 1640
f 1638 1630 1640
f 1630 1631 1640
f 1631 1632 1640
f 1640 1632 1641
f 1641 1632 1642
f 1632 1633 1642
f 1633 1634 1642
f 1642 1634 1643
f 1643 1634 1644
f 1634 1635 1644
f 1613 1614 1628
f 1628 1614 1629
f 1629 1614 1630
f 1614 1615 1630
f 1615 1616 1630
f 1616 1617 1630
f 1630 1617 1631
f 1617 1618 1631
f 1618 1619 1631
f 1631 1619 1632
f 1632 1619 1633
f 1619 1620 1633
f 1633 1620 1634
f 1620 1621 1634
f 1621 1622 1634
f 1634 1622 1635
f 1635 1624 1636
f 1622 1623 1635
f 1623 1624 1635
f 1612 1592 1613
f 1613 1592 1614
f 1592 1593 1614
f 1614 1593 1615
f 1615 1593 1616
f 1593 1594 1616
f 1594 1595 1616
f 1595 1596 1616
f 1596 1597 1616
f 1616 1597 1617
f 1617 1597 1618
f 1597 1598 1618
f 1598 1599 1618
f 1618 1599 1619
f 1619 1599 1620
f 1599 1600 1620
f 1620 1600 1621
f 1600 1601 1621
f 1621 1601 1622
f 1601 1602 1622
f 1622 1602 1623
f 1603 1604 1624
f 1624 1604 1625
f 1623 1603 1624
f 1602 1603 1623
f 1604 1605 1625
f 1610 1590 1611
f 1590 1591 1611
f 1591 1592 1611
f 1592 1612 1611
f 1592 1591 1593
f 1593 1562 1594
f 1591 1561 1593
f 1561 1562 1593
f 1594 1562 1595
f 1562 1563 1595
f 1563 1564 1595
f 1564 1565 1595
f 1595 1565 1596
f 1565 1566 1596
f 1596 1566 1597
f 1566 1567 1597
f 1597 1567 1598
f 1567 1568 1598
f 1568 1569 1598
f 1569 1570 1598
f 1598 1570 1599
f 1599 1570 1600
f 1570 1571 1600
f 1600 1571 1601
f 1601 1571 1602
f 1571 1572 1602
f 1602 1572 1603
f 1574 1575 1604
f 1575 1576 1604
f 1572 1573 1603
f 1603 1573 1604
f 1573 1574 1604
f 1576 1577 1604
f 1604 1577 1605
f 1577 1578 1605
f 1584 1585 1606
f 1585 1586 1606
f 1606 1586 1607
f 1586 1587 1607
f 1608 1607 1609
f 1607 1587 1609
f 1608 1609 1626
f 1626 1609 1627
f 1609 1610 1627
f 1609 1590 1610
f 1589 1590 1609
f 1589 1560 1590
f 1560 1561 1590
f 1590 1561 1591
f 1561 1559 1562
f 1562 1559 1563
f 1560 1559 1561
f 1563 1559 1564
f 1559 1558 1564
f 1558 1520 1564
f 1564 1520 1565
f 1520 1521 1565
f 1521 1522 1565
f 1565 1522 1566
f 1566 1523 1567
f 1522 1523 1566
f 1523 1524 1567
f 1567 1524 1568
f 1524 1525 1568
f 1525 1526 1568
f 1526 1527 1568
f 1527 1528 1568
f 1568 1528 1569
f 1528 1530 1569
f 1569 1530 1570
f 1570 1530 1571
f 1530 1531 1571
f 1571 1531 1572
f 1531 1533 1572
f 1572 1533 1573
f 1538 1539 1575
f 1575 1539 1576
f 1573 1532 1574
f 1532 1534 1574
f 1534 1535 1574
f 1535 1536 1574
f 1574 1536 1575
f 1536 1537 1575
f 1537 1538 1575
f 1539 1540 1576
f 1540 1541 1576
f 1576 1541 1577
f 1533 1532 1573
f 1577 1541 1578
f 1541 1542 1578
f 1542 1579 1578
f 1579 1542 1580
f 1543 1544 1581
f 1544 1545 1581
f 1581 1545 1582
f 1545 1546 1582
f 1546 1547 1582
f 1547 1548 1582
f 1582 1548 1583
f 1548 1549 1583
f 1549 1550 1583
f 1550 1551 1583
f 1584 1553 1585
f 1553 1554 1585
f 1554 1555 1585
f 1585 1555 1586
f 1555 1556 1586
f 1556 1557 1586
f 1587 1586 1588
f 1586 1557 1588
f 1587 1588 1609
f 1588 1589 1609
f 1588 1557 1589
f 1557 1558 1589
f 1558 1560 1589
f 1558 1559 1560
f 1557 1520 1558
f 1518 1519 1520
f 1520 1519 1521
f 1518 1520 1556
f 1556 1520 1557
f 1519 1476 1521
f 1476 1477 1521
f 1477 1479 1521
f 1521 1479 1522
f 1522 1479 1523
f 1523 1479 1524
f 1479 1480 1524
f 1480 1481 1524
f 1524 1481 1525
f 1481 1482 1525
f 1482 1483 1525
f 1525 1483 1526
f 1526 1483 1527
f 1483 1484 1527
f 1484 1485 1527
f 1485 1487 1527
f 1527 1487 1528
f 1530 1528 1531
f 1528 1529 1531
f 1487 1486 1528
f 1486 1529 1528
f 1533 1531 1534
f 1531 1529 1534
f 1532 1533 1534
f 6 2 1539
f 1537 1496 1538
f 1496 1497 1538
f 1497 5 1538
f 5 6 1538
f 1538 6 1539
f 1539 2 1540
f 1529 1486 1534
f 1486 1488 1534
f 1488 1489 1534
f 1489 1490 1534
f 1534 1490 1535
f 1490 1491 1535
f 1535 1491 1536
f 1491 1492 1536
f 1492 1493 1536
f 1493 1494 1536
f 1494 1495 1536
f 1536 1495 1537
f 1495 1496 1537
f 2 1 1540
f 1540 1 1541
f 1541 1 1542
f 1 3 1542
f 1542 3 1543
f 3 4 1543
f 1543 4 1544
f 4 5 1544
f 5 1498 1544
f 1544 1498 1545
f 1498 1499 1545
f 1545 1499 1546
f 1499 1500 1546
f 1546 1500 1547
f 1500 1501 1547
f 1548 1547 1549
f 1547 1501 1549
f 1501 1502 1549
f 1502 1503 1549
f 1549 1503 1550
f 1503 1504 1550
f 1504 1505 1550
f 1550 1505 1551
f 1505 1506 1551
f 1506 1507 1551
f 1507 1508 1551
f 1508 1509 1551
f 1511 1512 1552
f 1512 1513 1552
f 1513 1514 1552
f 1552 1514 1553
f 1553 1514 1554
f 1514 1515 1554
f 1515 1516 1554
f 1554 1516 1555
f 1516 1517 1555
f 1517 1518 1555
f 1555 1518 1556
f 1517 1476 1518
f 1476 1519 1518
f 1475 1433 1476
f 1476 1433 1477
f 1475 1476 1517
f 1433 1434 1477
f 1434 1435 1477
f 1435 1478 1477
f 1479 1477 1480
f 1477 1478 1480
f 1480 1478 1481
f 1478 1435 1481
f 1435 1436 1481
f 1481 1436 1482
f 1436 1437 1482
f 1437 1438 1482
f 1482 1438 1483
f 1438 1439 1483
f 1483 1439 1484
f 1484 1440 1485
f 1439 1440 1484
f 1487 1485 1488
f 1440 1441 1485
f 1488 1485 1489
f 1485 1441 1489
f 1486 1487 1488
f 1 2 3
f 3 2 4
f 4 2 5
f 2 6 5
f 1495 1453 1496
f 1497 1496 5
f 1496 1453 5
f 5 1453 1498
f 1441 1442 1489
f 1489 1442 1490
f 1442 1443 1490
f 1443 1444 1490
f 1490 1444 1491
f 1444 1445 1491
f 1492 1491 1493
f 1491 1445 1493
f 1445 1446 1493
f 1446 1447 1493
f 1447 1448 1493
f 1493 1448 1494
f 1448 1449 1494
f 1449 1450 1494
f 1450 1454 1494
f 1494 1454 1495
f 1454 1453 1495
f 1498 1453 1499
f 1453 1455 1499
f 1499 1455 1500
f 1455 1456 1500
f 1456 1457 1500
f 1500 1457 1501
f 1501 1457 1502
f 1457 1458 1502
f 1458 1459 1502
f 1459 1460 1502
f 1460 1461 1502
f 1461 1462 1502
f 1502 1462 1503
f 1462 1463 1503
f 1503 1463 1504
f 1463 1464 1504
f 1464 1465 1504
f 1504 1465 1505
f 1465 1466 1505
f 1506 1505 1507
f 1505 1466 1507
f 1466 1467 1507
f 1508 1507 1509
f 1507 1467 1509
f 1467 10 1509
f 1509 10 1510
f 10 9 1510
f 1511 7 1512
f 7 8 1512
f 8 10 1512
f 10 1468 1512
f 1468 1469 1512
f 1469 1470 1512
f 1512 1470 1513
f 1470 1471 1513
f 1471 1472 1513
f 1513 1472 1514
f 1514 1472 1515
f 1472 1473 1515
f 1515 1473 1516
f 1473 1474 1516
f 1516 1474 1517
f 1474 1475 1517
f 2637 2638 2639
f 2630 2616 2631
f 2615 2591 2616
f 2615 2616 2629
f 2629 2616 2630
f 1474 1208 1475
f 1208 1206 1475
f 1206 1433 1475
f 1206 1422 1433
f 1433 1422 1434
f 1422 1423 1434
f 1423 1424 1434
f 1434 1424 1435
f 1424 1425 1435
f 1436 1435 1437
f 1435 1425 1437
f 1425 1426 1437
f 1426 1427 1437
f 1437 1427 1438
f 1427 1428 1438
f 1438 1428 1439
f 1428 1429 1439
f 1439 1429 1440
f 1429 1430 1440
f 1430 1431 1440
f 1440 1431 1441
f 1432 1206 1441
f 1431 1432 1441
f 1441 1206 1442
f 1453 1454 1455
f 1206 1205 1442
f 1205 1207 1442
f 1207 1209 1442
f 1442 1209 1443
f 1443 1211 1444
f 1209 1211 1443
f 1444 1212 1445
f 1211 1212 1444
f 1212 1213 1445
f 1213 1214 1445
f 1445 1214 1446
f 1214 1215 1446
f 1215 1216 1446
f 1216 1217 1446
f 1446 1217 1447
f 1217 1218 1447
f 1218 1219 1447
f 1219 1220 1447
f 1220 1221 1447
f 1447 1221 1448
f 1221 1222 1448
f 1448 1222 1449
f 1222 1180 1449
f 1180 1181 1449
f 1449 1181 1450
f 1181 1182 1450
f 1182 1183 1450
f 1183 1451 1450
f 1451 1452 1450
f 1454 1450 1456
f 1450 1452 1456
f 1455 1454 1456
f 1456 1452 1457
f 1457 1452 1458
f 1452 1451 1458
f 1458 1451 1459
f 1184 1185 1459
f 1459 1185 1460
f 1451 1183 1459
f 1183 1184 1459
f 1460 1185 1461
f 1185 1186 1461
f 1186 1187 1461
f 1187 1188 1461
f 1188 1189 1461
f 1462 1461 1463
f 1461 1189 1463
f 1189 1190 1463
f 1463 1190 1464
f 1190 1191 1464
f 1191 1192 1464
f 1192 1194 1464
f 1465 1464 1466
f 1464 1194 1466
f 1466 1194 1467
f 1194 1195 1467
f 1195 1196 1467
f 1467 1196 10
f 8 9 10
f 10 1196 1468
f 1196 1197 1468
f 1468 1197 1469
f 1469 1201 1470
f 1197 1198 1469
f 1198 1199 1469
f 1199 1200 1469
f 1200 1201 1469
f 1470 1202 1471
f 1201 1202 1470
f 1471 1202 1472
f 1472 1203 1473
f 1202 1203 1472
f 1203 1204 1473
f 1204 1208 1473
f 1473 1208 1474
f 2636 2626 2637
f 2626 2627 2637
f 2627 2628 2637
f 2628 2629 2637
f 2629 2630 2637
f 2637 2630 2638
f 2614 2615 2629
f 2614 2589 2615
f 2589 2590 2615
f 2628 2612 2629
f 2612 2613 2629
f 2613 2614 2629
f 1206 1208 1207
f 1208 1204 1207
f 1432 1422 1206
f 1205 1206 1207
f 1421 1422 1432
f 1422 1421 1423
f 1421 1408 1423
f 1408 1409 1423
f 1423 1409 1424
f 1409 1410 1424
f 1424 1410 1425
f 1425 1410 1426
f 1410 1411 1426
f 1411 1412 1426
f 1412 1413 1426
f 1426 1413 1427
f 1413 1414 1427
f 1427 1414 1428
f 1428 1414 1429
f 1414 1415 1429
f 1429 1415 1430
f 1415 1416 1430
f 1416 1417 1430
f 1417 1418 1430
f 1418 1419 1430
f 1419 1420 1430
f 1430 1420 1431
f 1420 1421 1431
f 1431 1421 1432
f 1204 1137 1207
f 1207 1137 1209
f 1138 1210 1209
f 1137 1138 1209
f 1209 1210 1211
f 1211 1210 1212
f 1212 1138 1213
f 1210 1138 1212
f 1213 1139 1214
f 1138 1139 1213
f 1214 1139 1215
f 1139 1140 1215
f 1140 1142 1215
f 1215 1142 1216
f 1142 1141 1216
f 1217 1216 1218
f 1216 1141 1218
f 1141 1143 1218
f 1143 1144 1218
f 1218 1144 1219
f 1144 1145 1219
f 1145 1146 1219
f 1219 1146 1220
f 1146 1147 1220
f 1147 1148 1220
f 1221 1220 1222
f 1220 1148 1222
f 1180 1222 1224
f 1222 1148 1224
f 1179 1110 1180
f 1110 1109 1180
f 1181 1180 1182
f 1180 1109 1182
f 1223 1180 1224
f 1179 1180 1254
f 1180 1223 1254
f 1109 1111 1182
f 1111 1112 1182
f 1182 1112 1183
f 1112 1113 1183
f 1113 1114 1183
f 1114 1115 1183
f 1183 1115 1184
f 1184 1115 1185
f 1185 1115 1186
f 1115 1116 1186
f 1116 1117 1186
f 1186 1117 1187
f 1117 1118 1187
f 1118 1119 1187
f 1119 1120 1187
f 1187 1120 1188
f 1120 1121 1188
f 1189 1188 1190
f 1188 1121 1190
f 1121 1122 1190
f 1190 1122 1191
f 1122 1123 1191
f 1123 1124 1191
f 1191 1124 1192
f 1124 1193 1192
f 1192 1193 1194
f 1195 1194 1196
f 1194 1193 1196
f 1196 1193 1197
f 1197 1193 1198
f 1200 1133 1201
f 1201 1133 1202
f 1193 1124 1198
f 1124 1125 1198
f 1125 1126 1198
f 1126 1127 1198
f 1127 1128 1198
f 1198 1128 1199
f 1128 1129 1199
f 1129 1130 1199
f 1199 1130 1200
f 1130 1131 1200
f 1131 1133 1200
f 1202 1133 1203
f 1133 1134 1203
f 1134 1135 1203
f 1203 1135 1204
f 1135 1137 1204
f 2625 2626 2635
f 2625 2610 2626
f 2626 2610 2627
f 2610 2611 2627
f 2627 2611 2628
f 2611 2612 2628
f 2613 2586 2614
f 2586 2587 2614
f 2587 2588 2614
f 2588 2589 2614
f 2588 2560 2589
f 2611 2584 2612
f 2612 2584 2613
f 2584 2585 2613
f 2585 2586 2613
f 2559 2560 2588
f 1420 1408 1421
f 1407 1408 1420
f 1407 1392 1408
f 1392 1393 1408
f 1408 1393 1409
f 1393 1394 1409
f 1394 1395 1409
f 1410 1409 1411
f 1411 1409 1412
f 1409 1395 1412
f 1395 1396 1412
f 1412 1396 1413
f 1396 1397 1413
f 1413 1398 1414
f 1397 1398 1413
f 1415 1414 1416
f 1414 1398 1416
f 1398 1399 1416
f 1399 1400 1416
f 1416 1400 1417
f 1402 1403 1417
f 1403 1404 1417
f 1404 1405 1417
f 1417 1405 1418
f 1400 1401 1417
f 1401 1402 1417
f 1405 1406 1418
f 1406 1407 1418
f 1418 1407 1419
f 1419 1407 1420
f 1135 1136 1137
f 1138 1137 1139
f 1139 1137 1140
f 1137 1136 1140
f 1136 1132 1140
f 1132 1131 1140
f 1131 14 1140
f 14 16 1140
f 1142 1140 1143
f 1140 16 1143
f 1141 1142 1143
f 16 18 1143
f 1143 18 1144
f 1144 18 1145
f 18 17 1145
f 1145 17 1146
f 17 19 1146
f 19 20 1146
f 1146 20 1147
f 1148 1147 1149
f 1147 20 1149
f 1224 1148 1225
f 1148 1149 1225
f 1223 1224 1255
f 1255 1224 1256
f 1224 1225 1256
f 1178 1179 1252
f 1252 1179 1253
f 1253 1179 1254
f 1109 1110 1111
f 1110 1108 1111
f 1108 1110 1178
f 1178 1110 1179
f 1254 1223 1255
f 1253 1254 1277
f 1254 1255 1277
f 1111 1108 1112
f 1112 1044 1113
f 1108 1044 1112
f 1113 1044 1114
f 1044 1048 1114
f 1114 1048 1115
f 1115 1048 1116
f 1048 1046 1116
f 1116 1046 1117
f 1046 1045 1117
f 1117 1045 1118
f 1045 1047 1118
f 1047 1049 1118
f 1049 1050 1118
f 1118 1050 1119
f 1050 1051 1119
f 1051 1052 1119
f 1119 1052 1120
f 1120 1052 1121
f 1052 1053 1121
f 1121 1053 1122
f 1122 1053 1123
f 1125 1123 1126
f 1123 1055 1126
f 1053 1054 1123
f 1054 1055 1123
f 1124 1123 1125
f 1131 1132 1133
f 1133 1132 1134
f 1126 1055 1127
f 1055 1056 1127
f 1056 1058 1127
f 1127 1058 1128
f 1058 23 1128
f 23 15 1128
f 1128 15 1129
f 15 14 1129
f 1129 14 1130
f 1130 14 1131
f 1134 1132 1135
f 1132 1136 1135
f 2624 2606 2625
f 2606 2607 2625
f 2607 2608 2625
f 2608 2609 2625
f 2609 2610 2625
f 2610 2609 2611
f 2609 2583 2611
f 2583 2584 2611
f 2585 2554 2586
f 2554 2555 2586
f 2555 2556 2586
f 2586 2556 2587
f 2556 2557 2587
f 2587 2557 2588
f 2557 2558 2588
f 2558 2559 2588
f 2583 2582 2584
f 2584 2582 2585
f 2582 2554 2585
f 2558 2532 2559
f 2532 2533 2559
f 1406 1392 1407
f 1391 1392 1406
f 1392 1391 1393
f 1391 1376 1393
f 1393 1376 1394
f 1376 1377 1394
f 1394 1377 1395
f 1395 1377 1396
f 1377 1378 1396
f 1378 1379 1396
f 1396 1379 1397
f 1379 1380 1397
f 1398 1397 1399
f 1397 1380 1399
f 1399 1380 1401
f 1400 1399 1401
f 1384 1385 1403
f 1385 1386 1403
f 1403 1386 1404
f 1383 1384 1403
f 1401 1380 1402
f 1380 1381 1402
f 1381 1382 1402
f 1402 1382 1403
f 1382 1383 1403
f 1386 1387 1404
f 1387 1388 1404
f 1388 1389 1404
f 1404 1389 1405
f 1389 1390 1405
f 1405 1390 1406
f 1390 1391 1406
f 14 15 16
f 18 16 19
f 19 16 22
f 16 15 22
f 17 18 19
f 20 19 21
f 21 19 22
f 1149 20 1150
f 20 21 1150
f 1225 1149 1226
f 1149 1150 1226
f 1225 1226 1256
f 1255 1256 1277
f 1256 1257 1277
f 1226 1227 1256
f 1227 1228 1256
f 1257 1256 1258
f 1256 1228 1258
f 1251 1252 1275
f 1252 1253 1275
f 1251 1177 1252
f 1177 1178 1252
f 1177 1107 1178
f 1107 1108 1178
f 1275 1253 1276
f 1276 1253 1277
f 1107 1039 1108
f 1039 1040 1108
f 1040 1041 1108
f 1041 1042 1108
f 1042 1044 1108
f 1277 1257 1278
f 1276 1277 1288
f 1277 1278 1288
f 1048 1044 1047
f 1042 1043 1044
f 1044 1043 1047
f 1046 1048 1047
f 1045 1046 1047
f 1047 1043 1049
f 1043 986 1049
f 986 987 1049
f 987 988 1049
f 988 989 1049
f 1049 989 1050
f 989 990 1050
f 1050 990 1051
f 990 992 1051
f 1051 992 1052
f 1053 1052 1054
f 1052 992 1054
f 1055 1054 1056
f 992 991 1054
f 1054 991 1056
f 991 1057 1056
f 1056 1057 1058
f 1057 991 1058
f 23 1058 1059
f 1059 1058 1060
f 1060 1058 1061
f 1058 991 1061
f 23 1059 1150
f 22 15 23
f 22 23 1150
f 2623 2605 2624
f 2605 2606 2624
f 2605 2575 2606
f 2606 2575 2607
f 2575 2576 2607
f 2576 2577 2607
f 2577 2578 2607
f 2578 2579 2607
f 2607 2579 2608
f 2579 2580 2608
f 2608 2580 2609
f 2580 2581 2609
f 2581 2583 2609
f 2581 2582 2583
f 2553 2554 2581
f 2554 2582 2581
f 2553 2524 2554
f 2554 2524 2555
f 2524 2525 2555
f 2525 2526 2555
f 2526 2527 2555
f 2555 2527 2556
f 2527 2528 2556
f 2528 2529 2556
f 2529 2530 2556
f 2556 2530 2557
f 2557 2530 2558
f 2530 2531 2558
f 2531 2532 2558
f 2532 2504 2533
f 2531 2504 2532
f 2504 2505 2533
f 1390 1389 1391
f 1389 1375 1391
f 1375 1376 1391
f 1375 1362 1376
f 1376 1362 1377
f 1377 1362 1378
f 1362 1363 1378
f 1363 1364 1378
f 1378 1364 1379
f 1364 1365 1379
f 1379 1365 1380
f 1365 1366 1380
f 1380 1366 1381
f 1370 1371 1385
f 1385 1371 1386
f 1383 1367 1384
f 1367 1368 1384
f 1368 1369 1384
f 1369 1370 1384
f 1384 1370 1385
f 1371 1372 1386
f 1372 1373 1386
f 1386 1373 1387
f 1382 1381 1383
f 1381 1366 1383
f 1366 1367 1383
f 1373 1374 1387
f 1387 1374 1388
f 1374 1375 1388
f 1388 1375 1389
f 21 22 1150
f 1150 1059 1151
f 1150 1151 1227
f 1226 1150 1227
f 1257 1258 1278
f 1228 1227 1229
f 1227 1151 1229
f 1228 1229 1258
f 1230 1259 1258
f 1258 1259 1260
f 1258 1260 1278
f 1229 1230 1258
f 1250 1251 1273
f 1273 1251 1274
f 1274 1251 1275
f 1274 1275 1287
f 1275 1276 1287
f 1250 1177 1251
f 1176 1177 1250
f 1176 1105 1177
f 1105 1106 1177
f 1106 1107 1177
f 1106 1035 1107
f 1035 1036 1107
f 1036 1037 1107
f 1037 1038 1107
f 1038 1039 1107
f 1287 1276 1288
f 1038 985 1039
f 1039 985 1040
f 1040 985 1041
f 985 986 1041
f 1041 986 1042
f 986 1043 1042
f 1278 1260 1279
f 1278 1279 1288
f 1288 1279 1289
f 1287 1288 1294
f 1294 1288 1295
f 1288 1289 1295
f 985 938 986
f 986 938 987
f 938 939 987
f 987 939 988
f 939 940 988
f 940 26 988
f 988 26 989
f 26 25 989
f 989 25 990
f 992 990 994
f 990 25 994
f 991 992 993
f 993 992 994
f 991 993 1061
f 1151 1059 1152
f 1059 1060 1152
f 1060 1061 1152
f 995 996 1061
f 1061 1062 1152
f 994 995 1061
f 993 994 1061
f 1061 996 1062
f 2534 2509 2535
f 2534 2535 2562
f 2561 2562 2592
f 2562 2563 2592
f 2592 2563 2593
f 2617 2593 2618
f 2593 2594 2618
f 2593 2563 2594
f 2622 2605 2623
f 2604 2575 2605
f 2604 2605 2622
f 2574 2575 2604
f 2575 2574 2576
f 2574 2547 2576
f 2547 2548 2576
f 2576 2548 2577
f 2548 2549 2577
f 2577 2549 2578
f 2549 2550 2578
f 2550 2551 2578
f 2578 2551 2579
f 2551 2552 2579
f 2579 2552 2580
f 2580 2552 2581
f 2552 2553 2581
f 2552 2523 2553
f 2523 2524 2553
f 2523 2495 2524
f 2524 2495 2525
f 2495 2496 2525
f 2496 2497 2525
f 2525 2497 2526
f 2526 2497 2527
f 2497 2498 2527
f 2498 2499 2527
f 2527 2499 2528
f 2528 2499 2529
f 2499 2500 2529
f 2500 2501 2529
f 2501 2502 2529
f 2502 2503 2529
f 2529 2503 2530
f 2530 2503 2531
f 2503 2504 2531
f 2503 2472 2504
f 2472 2473 2504
f 2504 2473 2505
f 2505 2473 2506
f 2473 2474 2506
f 1374 1360 1375
f 1360 1361 1375
f 1361 1362 1375
f 1362 1361 1363
f 1361 1347 1363
f 1363 1347 1364
f 1347 1348 1364
f 1364 1348 1365
f 1366 1365 1367
f 1365 1348 1367
f 1369 1354 1370
f 1370 1354 1371
f 1354 1355 1371
f 1355 1356 1371
f 1356 1357 1371
f 1371 1357 1372
f 1348 1349 1367
f 1367 1349 1368
f 1349 1350 1368
f 1368 1350 1369
f 1350 1351 1369
f 1351 1352 1369
f 1352 1353 1369
f 1353 1354 1369
f 1372 1357 1373
f 1357 1358 1373
f 1358 1359 1373
f 1359 1360 1373
f 1373 1360 1374
f 1151 1152 1229
f 1152 1153 1229
f 1229 1153 1230
f 1153 1154 1230
f 1230 1154 1231
f 1259 1230 1260
f 1260 1230 1261
f 1230 1231 1261
f 1260 1261 1279
f 1272 1248 1273
f 1248 1249 1273
f 1249 1250 1273
f 1272 1273 1286
f 1273 1274 1286
f 1249 1176 1250
f 1286 1274 1287
f 1286 1287 1293
f 1293 1287 1294
f 1175 1176 1249
f 1175 1103 1176
f 1103 1104 1176
f 1104 1105 1176
f 1104 1034 1105
f 1105 1034 1106
f 1034 1035 1106
f 1034 979 1035
f 979 980 1035
f 1035 980 1036
f 980 981 1036
f 981 982 1036
f 1036 982 1037
f 982 983 1037
f 983 984 1037
f 1037 984 1038
f 984 985 1038
f 984 938 985
f 1261 1262 1279
f 1279 1262 1280
f 1279 1280 1289
f 1289 1280 1290
f 1289 1290 1295
f 1293 1294 1298
f 1294 1295 1298
f 1295 1290 1296
f 1298 1295 1300
f 1295 1296 1300
f 938 937 939
f 937 938 984
f 937 885 939
f 939 885 940
f 885 884 940
f 26 940 941
f 940 884 941
f 24 26 997
f 997 26 998
f 26 941 998
f 24 25 26
f 994 25 995
f 25 24 995
f 1152 1062 1153
f 996 24 997
f 996 1063 1062
f 1063 996 1067
f 996 997 1067
f 995 24 996
f 1062 1064 1153
f 1062 1063 1064
f 2475 2476 2507
f 2476 2477 2507
f 2507 2477 2508
f 2477 2478 2508
f 2508 2478 2509
f 2509 2510 2535
f 2509 2478 2510
f 2510 2511 2535
f 2511 2512 2535
f 2535 2512 2536
f 2535 2536 2562
f 2562 2536 2563
f 2536 2537 2563
f 2537 2538 2563
f 2564 2563 2565
f 2563 2538 2565
f 2563 2564 2594
f 2594 2595 2618
f 2618 2595 2619
f 2632 2618 2633
f 2618 2619 2633
f 2595 2594 2596
f 2594 2564 2596
f 2603 2604 2622
f 2603 2572 2604
f 2572 2573 2604
f 2573 2574 2604
f 2573 2546 2574
f 2546 2547 2574
f 2547 2546 2548
f 2546 2544 2548
f 2544 2519 2548
f 2548 2519 2549
f 2549 2519 2550
f 2519 2520 2550
f 2551 2550 2552
f 2550 2520 2552
f 2520 2521 2552
f 2521 2522 2552
f 2522 2523 2552
f 2522 2494 2523
f 2494 2495 2523
f 2495 2494 2496
f 2494 2465 2496
f 2465 2466 2496
f 2496 2466 2497
f 2466 2467 2497
f 2497 2467 2498
f 2499 2498 2500
f 2498 2467 2500
f 2467 2468 2500
f 2468 2469 2500
f 2500 2469 2501
f 2501 2469 2502
f 2469 2470 2502
f 2470 2471 2502
f 2471 2472 2502
f 2502 2472 2503
f 2472 2471 2473
f 2471 2439 2473
f 2473 2439 2474
f 2440 2441 2474
f 2439 2440 2474
f 1359 1345 1360
f 1345 1346 1360
f 1346 1347 1360
f 1360 1347 1361
f 1346 1331 1347
f 1347 1331 1348
f 1331 1333 1348
f 1348 1333 1349
f 1353 1340 1354
f 1354 1340 1355
f 1340 1341 1355
f 1341 1342 1355
f 1355 1342 1356
f 1357 1356 1358
f 1356 1342 1358
f 1333 1335 1349
f 1349 1335 1350
f 1350 1335 1351
f 1335 1336 1351
f 1351 1336 1352
f 1352 1339 1353
f 1336 1337 1352
f 1337 1338 1352
f 1338 1339 1352
f 1339 1340 1353
f 1342 1343 1358
f 1343 1344 1358
f 1344 1345 1358
f 1358 1345 1359
f 1153 1064 1154
f 1154 1155 1231
f 1064 1065 1154
f 1154 1065 1155
f 1231 1155 1232
f 1231 1232 1261
f 1261 1232 1262
f 1271 1272 1285
f 1285 1272 1286
f 1248 1247 1249
f 1247 1248 1271
f 1271 1248 1272
f 1247 1246 1249
f 1246 1175 1249
f 1285 1286 1293
f 1292 1293 1298
f 1292 1285 1293
f 1174 1175 1245
f 1175 1246 1245
f 1174 1103 1175
f 1103 1102 1104
f 1102 1103 1174
f 1102 1034 1104
f 1033 976 1034
f 976 977 1034
f 977 978 1034
f 978 979 1034
f 1033 1034 1102
f 978 930 979
f 930 931 979
f 931 932 979
f 980 979 981
f 979 932 981
f 932 933 981
f 933 934 981
f 981 934 982
f 934 935 982
f 982 935 983
f 935 936 983
f 983 936 984
f 936 937 984
f 1232 1233 1262
f 1233 1234 1262
f 1262 1234 1263
f 1280 1262 1281
f 1262 1263 1281
f 1280 1281 1290
f 1296 1290 1297
f 1290 1291 1297
f 1281 1282 1290
f 1290 1282 1291
f 1093 1297 1298
f 1297 1292 1298
f 1299 1298 1300
f 1093 1298 1312
f 1298 1299 1312
f 1296 1297 1300
f 1297 1093 1300
f 1300 1093 1301
f 1299 1300 1315
f 1300 1301 1315
f 936 883 937
f 883 885 937
f 884 885 886
f 885 883 886
f 884 886 941
f 941 942 998
f 886 887 941
f 941 887 942
f 997 998 1067
f 998 942 999
f 1067 998 1068
f 998 999 1068
f 1064 1063 1065
f 1065 1063 1066
f 1066 1063 1067
f 1066 1067 1157
f 1067 1068 1157
f 2475 2443 2476
f 2445 2446 2476
f 2476 2446 2477
f 2443 2444 2476
f 2444 2445 2476
f 2446 2447 2477
f 2447 2449 2477
f 2477 2449 2478
f 2478 2449 2479
f 2478 2479 2510
f 2510 2479 2511
f 2479 2480 2511
f 2480 2481 2511
f 2511 2481 2512
f 2536 2512 2537
f 2512 2513 2537
f 2481 2482 2512
f 2482 2483 2512
f 2512 2483 2513
f 2537 2513 2538
f 2513 2514 2538
f 2538 2514 2539
f 2538 2539 2565
f 2565 2566 2596
f 2539 2540 2565
f 2565 2540 2566
f 2564 2565 2596
f 2595 2596 2619
f 2596 2597 2619
f 2619 2597 2620
f 2619 2620 2633
f 2620 2621 2633
f 2633 2621 2634
f 2566 2567 2596
f 2596 2567 2597
f 2407 2408 2442
f 2408 2409 2442
f 2442 2409 2443
f 2440 2437 2441
f 2437 2406 2441
f 2406 2407 2441
f 2602 2571 2603
f 2571 2572 2603
f 2571 2570 2572
f 2570 2545 2572
f 2572 2545 2573
f 2545 2546 2573
f 2545 2544 2546
f 2543 2519 2544
f 2544 2545 2569
f 2519 2518 2520
f 2518 2519 2543
f 2518 2491 2520
f 2520 2491 2521
f 2491 2492 2521
f 2521 2492 2522
f 2492 2493 2522
f 2493 2494 2522
f 2493 2463 2494
f 2463 2464 2494
f 2464 2465 2494
f 2464 2425 2465
f 2425 2426 2465
f 2426 2427 2465
f 2465 2427 2466
f 2427 2428 2466
f 2428 2429 2466
f 2466 2429 2467
f 2429 2430 2467
f 2430 2431 2467
f 2467 2431 2468
f 2431 2432 2468
f 2432 2433 2468
f 2468 2433 2469
f 2433 2434 2469
f 2469 2434 2470
f 2434 2435 2470
f 2470 2435 2471
f 2435 2436 2471
f 2436 2438 2471
f 2438 2439 2471
f 2439 2438 2440
f 2438 2437 2440
f 1344 1329 1345
f 1329 1330 1345
f 1330 1334 1345
f 1334 1332 1345
f 1345 1332 1346
f 1332 1331 1346
f 1331 1332 1333
f 1334 1330 1333
f 1332 1334 1333
f 1333 1330 1335
f 1339 1338 1340
f 1338 1323 1340
f 1323 1324 1340
f 1340 1324 1341
f 1324 1325 1341
f 1341 1325 1342
f 1325 1326 1342
f 1342 1326 1343
f 1330 11 1335
f 1335 11 1336
f 11 13 1336
f 1320 1321 1336
f 13 1320 1336
f 1336 1321 1337
f 1322 1323 1337
f 1337 1323 1338
f 1321 1322 1337
f 1326 1327 1343
f 1327 1328 1343
f 1343 1328 1344
f 1328 1329 1344
f 1155 1156 1232
f 1065 1066 1155
f 1155 1066 1156
f 1232 1156 1233
f 1270 1271 1284
f 1284 1271 1285
f 1284 1285 1292
f 1270 1245 1271
f 1245 1247 1271
f 1245 1246 1247
f 1291 1292 1297
f 1291 1284 1292
f 1173 1174 1244
f 1244 1174 1245
f 1173 1102 1174
f 1244 1245 1270
f 1101 1032 1102
f 1032 1033 1102
f 1101 1102 1173
f 975 976 1032
f 1032 976 1033
f 975 925 976
f 925 926 976
f 926 927 976
f 927 928 976
f 977 976 978
f 976 928 978
f 929 930 978
f 928 929 978
f 929 873 930
f 873 874 930
f 874 875 930
f 875 876 930
f 930 876 931
f 931 876 932
f 876 877 932
f 932 877 933
f 877 878 933
f 933 878 934
f 879 880 934
f 934 880 935
f 878 879 934
f 880 881 935
f 881 882 935
f 935 882 936
f 882 883 936
f 1156 1157 1233
f 1157 1158 1233
f 1233 1158 1234
f 1235 1234 1236
f 1234 1158 1236
f 1234 1235 1263
f 1263 1235 1264
f 1281 1263 1282
f 1263 1264 1282
f 1282 1283 1291
f 1283 1284 1291
f 1264 1265 1282
f 1265 1266 1282
f 1266 1267 1282
f 1282 1267 1283
f 1093 1094 1301
f 1091 1093 1311
f 1311 1093 1312
f 1093 1091 1094
f 1312 1299 1313
f 1313 1299 1314
f 1314 1299 1315
f 1311 1312 1323
f 1312 1313 1323
f 1094 1095 1301
f 1095 1096 1301
f 1301 1096 1302
f 1301 1302 1315
f 1302 1303 1315
f 1303 1304 1315
f 1304 1305 1315
f 1305 1316 1315
f 1315 1316 1317
f 1314 1315 1325
f 1315 1317 1325
f 882 826 883
f 883 826 886
f 886 826 887
f 999 942 1000
f 942 943 1000
f 942 887 943
f 887 888 943
f 826 827 887
f 887 827 888
f 999 1000 1068
f 1000 1001 1068
f 1068 1001 1069
f 1157 1068 1158
f 1068 1069 1158
f 1156 1066 1157
f 2409 2410 2443
f 2443 2410 2444
f 2444 2411 2445
f 2411 2412 2445
f 2412 2413 2445
f 2446 2445 2447
f 2445 2413 2447
f 2410 2411 2444
f 2414 2448 2447
f 2447 2448 2449
f 2413 2414 2447
f 2449 2448 2450
f 2449 2450 2479
f 2479 2450 2480
f 2450 2451 2480
f 2451 2452 2480
f 2480 2452 2481
f 2481 2452 2482
f 2513 2483 2514
f 2452 2453 2482
f 2453 2454 2482
f 2482 2454 2483
f 2454 2455 2483
f 2483 2455 2484
f 2483 2484 2514
f 2514 2515 2539
f 2484 2485 2514
f 2485 2486 2514
f 2514 2486 2515
f 2539 2515 2540
f 2540 2541 2566
f 2566 2542 2567
f 2515 2516 2540
f 2516 2517 2540
f 2540 2517 2541
f 2597 2567 2598
f 2597 2598 2620
f 2598 2600 2620
f 2620 2600 2621
f 2600 2601 2621
f 2567 2568 2598
f 2407 2406 2408
f 2406 2405 2408
f 2405 2366 2408
f 2366 2367 2408
f 2409 2408 2410
f 2408 2367 2410
f 2406 2437 2436
f 2436 2437 2438
f 2404 2406 2436
f 2404 2405 2406
f 2490 2491 2518
f 2490 2489 2491
f 2491 2489 2492
f 2489 2460 2492
f 2460 2461 2492
f 2461 2462 2492
f 2492 2462 2493
f 2462 2463 2493
f 2462 2461 2463
f 2461 2422 2463
f 2422 2423 2463
f 2463 2423 2464
f 2423 2424 2464
f 2424 2425 2464
f 2424 2387 2425
f 2387 2388 2425
f 2425 2388 2426
f 2388 2389 2426
f 2389 2390 2426
f 2390 2391 2426
f 2391 2392 2426
f 2426 2392 2427
f 2427 2392 2428
f 2392 2393 2428
f 2393 2394 2428
f 2429 2428 2430
f 2428 2394 2430
f 2430 2394 2431
f 2394 2395 2431
f 2395 2396 2431
f 2431 2396 2432
f 2432 2399 2433
f 2396 2397 2432
f 2397 2398 2432
f 2398 2399 2432
f 2433 2399 2434
f 2399 2401 2434
f 2401 2402 2434
f 2434 2402 2435
f 2435 2402 2436
f 2402 2403 2436
f 2403 2404 2436
f 1328 12 1329
f 1329 12 1330
f 12 11 1330
f 1322 1310 1323
f 1310 1311 1323
f 1323 1313 1324
f 1324 1313 1325
f 1313 1314 1325
f 1325 1317 1326
f 1317 1318 1326
f 1318 1319 1326
f 1326 1319 1327
f 11 12 13
f 1319 1306 13
f 1319 13 1327
f 13 12 1327
f 13 1306 1320
f 1309 1310 1321
f 1321 1310 1322
f 1306 1307 1320
f 1307 1309 1320
f 1320 1309 1321
f 1327 12 1328
f 1269 1270 1284
f 1283 1269 1284
f 1269 1242 1270
f 1242 1243 1270
f 1243 1244 1270
f 1171 1172 1244
f 1172 1173 1244
f 1172 1101 1173
f 1243 1171 1244
f 1031 975 1032
f 1100 1031 1101
f 1031 1032 1101
f 1100 1101 1172
f 974 975 1031
f 974 921 975
f 921 922 975
f 922 923 975
f 923 924 975
f 924 925 975
f 925 924 926
f 924 869 926
f 869 870 926
f 926 870 927
f 870 871 927
f 927 871 928
f 928 871 929
f 871 872 929
f 872 873 929
f 873 809 874
f 872 809 873
f 809 810 874
f 810 811 874
f 874 811 875
f 811 812 875
f 812 813 875
f 813 814 875
f 875 814 876
f 814 815 876
f 876 815 877
f 815 816 877
f 816 817 877
f 877 817 878
f 817 818 878
f 878 818 879
f 818 819 879
f 819 820 879
f 879 820 880
f 820 822 880
f 822 821 880
f 880 821 881
f 821 823 881
f 823 825 881
f 825 826 881
f 881 826 882
f 1158 1159 1236
f 1158 1069 1159
f 1235 1236 1264
f 1159 1160 1236
f 1160 1161 1236
f 1236 1161 1237
f 1236 1237 1264
f 1264 1237 1265
f 1267 1268 1283
f 1268 1269 1283
f 1237 1238 1265
f 1265 1238 1266
f 1238 1239 1266
f 1239 1240 1266
f 1266 1240 1267
f 1267 1240 1268
f 1094 1091 1095
f 1310 1090 1311
f 1090 1091 1311
f 1090 1026 1091
f 1026 1092 1091
f 1091 1092 1095
f 1096 1095 1097
f 1095 1092 1097
f 1096 1079 1302
f 1079 1096 1097
f 1079 1081 1302
f 1081 1083 1302
f 1083 1084 1302
f 1302 1084 1303
f 1084 1085 1303
f 1085 1086 1303
f 1303 1086 1304
f 1086 1087 1304
f 1304 1087 1305
f 1305 1306 1319
f 1316 1305 1319
f 1305 1087 1306
f 1317 1316 1318
f 1318 1316 1319
f 826 825 827
f 943 944 1000
f 1000 944 1001
f 888 889 943
f 889 890 943
f 943 890 944
f 888 828 889
f 827 828 888
f 825 824 827
f 827 824 828
f 944 945 1001
f 1001 945 1002
f 1001 1002 1069
f 1070 1069 1071
f 1069 1002 1071
f 1069 1070 1159
f 2410 2367 2411
f 2411 2368 2412
f 2367 2368 2411
f 2368 2369 2412
f 2412 2369 2413
f 2369 2370 2413
f 2370 2371 2413
f 2413 2371 2414
f 2448 2414 2450
f 2414 2415 2450
f 2371 2372 2414
f 2414 2372 2415
f 2450 2415 2451
f 2415 2416 2451
f 2416 2417 2451
f 2451 2417 2452
f 2452 2417 2453
f 2454 2453 2455
f 2453 2417 2455
f 2417 2418 2455
f 2418 2419 2455
f 2419 2420 2455
f 2420 2421 2455
f 2455 2421 2456
f 2455 2456 2484
f 2484 2456 2485
f 2486 2487 2515
f 2515 2487 2516
f 2456 2458 2485
f 2486 2485 2487
f 2485 2458 2487
f 2487 2488 2516
f 2598 2599 2600
f 2366 2405 2404
f 2366 2361 2367
f 2365 2366 2404
f 2365 2361 2366
f 2367 2361 2368
f 2403 2400 2404
f 2400 2364 2404
f 2364 2365 2404
f 2382 2383 2422
f 2383 2384 2422
f 2422 2384 2423
f 2423 2384 2424
f 2384 2385 2424
f 2385 2386 2424
f 2386 2387 2424
f 2386 2346 2387
f 2346 2347 2387
f 2387 2347 2388
f 2347 2348 2388
f 2348 2349 2388
f 2388 2349 2389
f 2389 2349 2390
f 2349 2350 2390
f 2350 2351 2390
f 2351 2352 2390
f 2352 2353 2390
f 2353 2354 2390
f 2390 2354 2391
f 2391 2354 2393
f 2392 2391 2393
f 2354 2355 2393
f 2393 2355 2394
f 2394 2355 2395
f 2355 2356 2395
f 2395 2356 2396
f 2396 2356 2397
f 2398 2364 2399
f 2364 2400 2399
f 2399 2400 2401
f 2356 2357 2397
f 2357 2358 2397
f 2358 2360 2397
f 2360 2363 2397
f 2397 2363 2398
f 2363 2364 2398
f 2402 2401 2403
f 2401 2400 2403
f 1309 1308 1310
f 1308 1088 1310
f 1088 1089 1310
f 1089 1090 1310
f 1306 1087 1307
f 1307 1308 1309
f 1088 1308 1307
f 1087 1088 1307
f 1268 1242 1269
f 1241 1166 1242
f 1241 1242 1268
f 1166 1167 1242
f 1167 1168 1242
f 1168 1169 1242
f 1169 1170 1242
f 1242 1170 1243
f 1170 1171 1243
f 1170 1099 1171
f 1099 1100 1171
f 1171 1100 1172
f 1030 974 1031
f 1030 1031 1100
f 1099 1029 1100
f 1029 1030 1100
f 973 974 1030
f 973 921 974
f 920 865 921
f 865 866 921
f 921 866 922
f 920 921 973
f 866 867 922
f 867 868 922
f 922 868 923
f 868 869 923
f 923 869 924
f 805 806 869
f 868 805 869
f 869 806 870
f 806 807 870
f 870 807 871
f 807 808 871
f 871 808 872
f 808 809 872
f 808 754 809
f 809 754 810
f 754 755 810
f 755 756 810
f 756 757 810
f 757 758 810
f 758 760 810
f 760 761 810
f 810 761 811
f 811 761 812
f 761 762 812
f 762 763 812
f 763 764 812
f 812 764 813
f 764 765 813
f 813 765 814
f 814 765 815
f 765 766 815
f 815 766 816
f 766 767 816
f 816 767 817
f 817 767 818
f 767 768 818
f 768 769 818
f 769 770 818
f 818 770 819
f 819 771 820
f 770 771 819
f 771 772 820
f 822 820 823
f 820 772 823
f 821 822 823
f 772 773 823
f 773 824 823
f 823 824 825
f 1070 1071 1159
f 1071 1072 1159
f 1159 1072 1160
f 1072 1073 1160
f 1073 1074 1160
f 1074 1075 1160
f 1075 1076 1160
f 1160 1076 1161
f 1161 1162 1237
f 1161 1076 1162
f 1237 1162 1238
f 1240 1241 1268
f 1162 1163 1238
f 1238 1163 1239
f 1163 1164 1239
f 1239 1164 1240
f 1164 1165 1240
f 1240 1165 1241
f 1089 1026 1090
f 1092 1026 1098
f 1026 1027 1098
f 1025 1026 1089
f 1025 969 1026
f 1026 969 1027
f 1097 1092 1098
f 1079 1097 1169
f 1097 1098 1169
f 1079 1080 1081
f 1080 1079 1168
f 1168 1079 1169
f 1080 1082 1081
f 1082 1078 1081
f 1081 1078 1083
f 1078 1018 1083
f 1018 1019 1083
f 1083 1019 1084
f 1019 1020 1084
f 1084 1020 1085
f 1020 1022 1085
f 1085 1022 1086
f 1022 1023 1086
f 1086 1023 1087
f 1087 1023 1088
f 890 891 944
f 891 892 944
f 944 892 945
f 828 829 889
f 889 829 890
f 829 830 890
f 830 831 890
f 891 890 892
f 892 890 893
f 890 831 893
f 824 773 828
f 828 773 829
f 945 946 1002
f 945 892 946
f 1002 946 1003
f 1002 1003 1071
f 1003 1004 1071
f 1004 1005 1071
f 1071 1005 1072
f 1751 1744 1752
f 1743 1744 1751
f 1744 1745 1752
f 1745 1746 1752
f 1752 1746 1753
f 2361 2360 2368
f 2368 2360 2369
f 2360 2359 2369
f 2369 2359 2370
f 2333 2334 2370
f 2370 2334 2371
f 2359 2333 2370
f 2371 2334 2372
f 2415 2372 2416
f 2372 2334 2373
f 2372 2373 2416
f 2373 2374 2416
f 2374 2375 2416
f 2417 2416 2418
f 2416 2375 2418
f 2375 2376 2418
f 2418 2376 2419
f 2376 2377 2419
f 2419 2377 2420
f 2377 2378 2420
f 2378 2379 2420
f 2379 2380 2420
f 2420 2380 2421
f 2380 2381 2421
f 2421 2457 2456
f 2457 2421 2459
f 2456 2457 2458
f 2487 2458 2488
f 2458 2457 2459
f 2361 2362 2360
f 2362 2361 2365
f 2364 2362 2365
f 2363 2362 2364
f 2382 2342 2383
f 2342 2343 2383
f 2384 2383 2385
f 2383 2343 2385
f 2343 2344 2385
f 2344 2345 2385
f 2385 2345 2386
f 2345 2346 2386
f 2345 2317 2346
f 2346 2317 2347
f 2317 2318 2347
f 2318 2319 2347
f 2319 2320 2347
f 2347 2320 2348
f 2320 2321 2348
f 2321 2322 2348
f 2322 2323 2348
f 2348 2323 2349
f 2349 2323 2350
f 2323 2324 2350
f 2324 2325 2350
f 2350 2325 2351
f 2325 2326 2351
f 2351 2326 2352
f 2326 2327 2352
f 2352 2327 2353
f 2327 2329 2353
f 2354 2353 2355
f 2353 2329 2355
f 2355 2329 2356
f 2356 2329 2357
f 2329 2330 2357
f 2357 2330 2358
f 2330 2331 2358
f 2331 2333 2358
f 2333 2359 2358
f 2358 2359 2360
f 2360 2362 2363
f 1023 1024 1088
f 1088 1024 1089
f 1024 1025 1089
f 1165 1164 1166
f 1164 1082 1166
f 1082 1080 1166
f 1166 1080 1167
f 1165 1166 1241
f 1167 1080 1168
f 1169 1098 1170
f 1098 1099 1170
f 1098 1027 1099
f 1027 1028 1099
f 1028 1029 1099
f 1029 971 1030
f 971 972 1030
f 972 973 1030
f 1028 971 1029
f 972 920 973
f 863 865 917
f 917 865 918
f 919 918 920
f 918 865 920
f 919 920 972
f 865 863 866
f 866 863 867
f 863 864 867
f 867 864 868
f 864 804 868
f 804 805 868
f 804 753 805
f 806 805 807
f 805 753 807
f 807 753 808
f 753 754 808
f 753 696 754
f 696 697 754
f 697 698 754
f 754 698 755
f 698 699 755
f 755 699 756
f 699 700 756
f 700 701 756
f 701 702 756
f 756 702 757
f 702 703 757
f 757 703 758
f 704 759 758
f 758 759 760
f 703 704 758
f 760 759 761
f 761 759 762
f 759 704 762
f 704 705 762
f 705 706 762
f 762 706 763
f 706 707 763
f 707 708 763
f 708 710 763
f 710 711 763
f 763 711 764
f 711 712 764
f 764 712 765
f 765 712 766
f 712 713 766
f 766 713 767
f 767 713 768
f 713 714 768
f 768 714 769
f 714 715 769
f 715 716 769
f 716 718 769
f 769 718 770
f 718 721 770
f 721 720 770
f 770 720 771
f 772 771 773
f 771 720 773
f 829 773 830
f 773 774 830
f 720 722 773
f 773 722 774
f 1005 1007 1072
f 1072 1007 1073
f 1007 1008 1073
f 1008 1009 1073
f 1073 1009 1074
f 1009 1010 1074
f 1010 1011 1074
f 1011 1012 1074
f 1012 1013 1074
f 1074 1013 1075
f 1075 1013 1076
f 1076 1077 1162
f 1013 1014 1076
f 1014 1015 1076
f 1076 1015 1077
f 1162 1077 1163
f 1163 1078 1164
f 1077 1078 1163
f 1078 1082 1164
f 1027 969 1028
f 1024 968 1025
f 968 969 1025
f 969 968 970
f 969 970 1028
f 1077 1018 1078
f 1017 1018 1077
f 1017 963 1018
f 1018 963 1019
f 963 964 1019
f 1019 964 1020
f 964 1021 1020
f 1020 1021 1022
f 1022 1021 1023
f 1023 1021 1024
f 946 892 948
f 892 893 948
f 831 830 832
f 830 774 832
f 831 832 893
f 832 833 893
f 893 833 894
f 893 894 948
f 946 947 1003
f 947 946 948
f 1003 947 1004
f 947 948 1004
f 948 949 1004
f 949 951 1004
f 951 952 1004
f 1004 952 1005
f 952 953 1005
f 1005 1006 1008
f 953 1006 1005
f 1007 1005 1008
f 1726 1727 1744
f 1744 1727 1745
f 1725 1726 1744
f 1743 1725 1744
f 1724 1725 1743
f 1745 1727 1746
f 1727 1728 1746
f 1728 1729 1746
f 1729 1731 1746
f 1731 1732 1746
f 1746 1732 1747
f 1734 1735 1748
f 1735 1736 1748
f 1748 1736 1749
f 1736 1737 1749
f 1737 1738 1749
f 1738 1739 1750
f 1739 1740 1750
f 2331 2332 2333
f 2334 2333 2335
f 2333 2332 2335
f 2334 2335 2373
f 2373 2335 2374
f 2335 2336 2374
f 2336 2337 2374
f 2374 2337 2375
f 2375 2337 2376
f 2337 2338 2376
f 2377 2376 2378
f 2376 2338 2378
f 2338 2339 2378
f 2339 2340 2378
f 2340 2341 2378
f 2378 2341 2379
f 2311 2312 2342
f 2342 2312 2343
f 2312 2313 2343
f 2343 2313 2344
f 2313 2314 2344
f 2314 2315 2344
f 2344 2315 2345
f 2315 2316 2345
f 2316 2317 2345
f 2316 2289 2317
f 2317 2289 2318
f 2289 2290 2318
f 2290 2291 2318
f 2318 2291 2319
f 2291 2292 2319
f 2292 2293 2319
f 2319 2293 2320
f 2293 2294 2320
f 2294 2295 2320
f 2295 2296 2320
f 2320 2296 2321
f 2296 2297 2321
f 2297 2298 2321
f 2321 2298 2322
f 2298 2299 2322
f 2299 2300 2322
f 2322 2300 2323
f 2323 2300 2324
f 2300 2301 2324
f 2324 2301 2325
f 2301 2302 2325
f 2325 2302 2326
f 2302 2303 2326
f 2326 2303 2327
f 2328 2327 2335
f 2327 2303 2335
f 2327 2328 2329
f 2329 2328 2330
f 2330 2328 2331
f 2328 2332 2331
f 1021 964 1024
f 964 965 1024
f 965 967 1024
f 967 968 1024
f 970 971 1028
f 970 919 971
f 971 919 972
f 862 861 863
f 861 803 863
f 803 804 863
f 804 864 863
f 916 917 967
f 917 918 967
f 916 859 917
f 859 860 917
f 860 861 917
f 861 862 917
f 862 863 917
f 918 919 967
f 967 919 968
f 968 919 970
f 803 752 804
f 752 753 804
f 752 694 753
f 694 696 753
f 694 695 696
f 695 693 696
f 693 637 696
f 637 638 696
f 696 638 697
f 638 639 697
f 697 639 698
f 639 640 698
f 698 640 699
f 699 640 700
f 640 641 700
f 641 642 700
f 700 642 701
f 642 643 701
f 701 643 702
f 643 644 702
f 702 644 703
f 644 645 703
f 645 646 703
f 703 646 704
f 646 647 704
f 704 647 705
f 647 648 705
f 648 649 705
f 705 649 706
f 706 649 707
f 649 650 707
f 650 651 707
f 651 652 707
f 707 652 708
f 652 653 708
f 653 709 708
f 708 709 710
f 709 653 710
f 653 654 710
f 654 655 710
f 655 656 710
f 656 657 710
f 710 657 711
f 657 658 711
f 658 659 711
f 711 659 712
f 659 660 712
f 712 660 713
f 660 661 713
f 713 661 714
f 714 661 715
f 661 662 715
f 662 663 715
f 663 664 715
f 715 664 716
f 664 665 716
f 665 717 716
f 716 717 718
f 717 665 718
f 665 666 718
f 666 719 718
f 721 718 724
f 718 719 724
f 720 721 722
f 722 721 723
f 723 721 724
f 722 723 774
f 774 723 775
f 774 775 832
f 1008 1006 1009
f 1009 1006 1010
f 1006 953 1010
f 953 954 1010
f 954 955 1010
f 1010 955 1011
f 1011 956 1012
f 955 956 1011
f 956 957 1012
f 957 958 1012
f 1012 958 1013
f 958 959 1013
f 1013 959 1014
f 1015 1016 1077
f 1016 1017 1077
f 959 960 1014
f 1014 960 1015
f 960 961 1015
f 1015 961 1016
f 1016 962 1017
f 962 963 1017
f 962 909 963
f 963 909 964
f 909 910 964
f 964 910 965
f 948 894 949
f 832 775 833
f 894 833 895
f 833 834 895
f 775 776 833
f 776 777 833
f 833 777 834
f 894 895 949
f 895 896 949
f 896 897 949
f 897 950 949
f 949 950 951
f 952 951 953
f 951 950 953
f 950 897 953
f 897 898 953
f 953 898 954
f 1727 1709 1728
f 1725 1722 1726
f 1722 1707 1726
f 1707 1708 1726
f 1708 1709 1726
f 1726 1709 1727
f 1724 1723 1725
f 1723 1722 1725
f 1723 1724 1742
f 1709 1710 1728
f 1728 1710 1729
f 1710 1711 1729
f 1711 1712 1729
f 1712 1730 1729
f 1729 1730 1731
f 1732 1731 1733
f 1733 1731 1734
f 1731 1730 1734
f 1734 1730 1735
f 1730 1712 1735
f 1712 1713 1735
f 1735 1713 1736
f 1713 1714 1736
f 1714 1715 1736
f 1715 1716 1736
f 1736 1716 1737
f 1716 1717 1737
f 1717 1718 1737
f 1737 1718 1738
f 1718 1719 1738
f 1738 1719 1739
f 1739 1719 1740
f 1740 1721 1741
f 1719 1720 1740
f 1720 1721 1740
f 1721 1723 1741
f 2332 2328 2335
f 2303 2304 2335
f 2335 2304 2336
f 2304 2305 2336
f 2336 2305 2337
f 2305 2306 2337
f 2306 2307 2337
f 2337 2307 2338
f 2338 2307 2339
f 2307 2308 2339
f 2339 2308 2340
f 2308 2309 2340
f 2340 2310 2341
f 2312 2311 2313
f 2311 2267 2313
f 2267 2268 2313
f 2268 2269 2313
f 2313 2269 2314
f 2271 2285 2314
f 2314 2285 2315
f 2269 2270 2314
f 2270 2271 2314
f 2285 2286 2315
f 2286 2288 2315
f 2288 2289 2315
f 2315 2289 2316
f 2289 2288 2290
f 2288 2282 2290
f 2282 2280 2290
f 2290 2280 2291
f 2291 2280 2292
f 2273 2272 2292
f 2292 2272 2293
f 2280 2273 2292
f 2272 2274 2293
f 2293 2274 2294
f 2274 2275 2294
f 2294 2275 2295
f 2275 2276 2295
f 2295 2276 2296
f 2296 2276 2297
f 2276 2278 2297
f 2297 2278 2298
f 2298 2278 2299
f 2278 2279 2299
f 2279 2281 2299
f 2299 2281 2300
f 2300 2281 2301
f 2281 2283 2301
f 2301 2283 2302
f 2283 2287 2302
f 2302 2287 2303
f 2303 2287 2304
f 910 911 965
f 911 912 965
f 912 914 965
f 914 966 965
f 965 966 967
f 966 914 967
f 914 915 967
f 915 916 967
f 860 859 861
f 859 801 861
f 801 802 861
f 802 803 861
f 751 752 803
f 802 751 803
f 915 855 916
f 855 856 916
f 856 857 916
f 857 858 916
f 858 859 916
f 858 801 859
f 751 694 752
f 695 694 751
f 693 695 749
f 749 695 750
f 750 695 751
f 692 693 749
f 692 636 693
f 636 637 693
f 637 600 638
f 636 635 637
f 635 598 637
f 598 599 637
f 599 600 637
f 600 601 638
f 601 602 638
f 602 603 638
f 638 603 639
f 639 603 640
f 603 604 640
f 604 605 640
f 640 605 641
f 605 606 641
f 606 607 641
f 607 608 641
f 641 608 642
f 608 609 642
f 609 610 642
f 642 610 643
f 643 610 644
f 610 611 644
f 611 135 644
f 644 135 645
f 135 136 645
f 645 136 646
f 136 137 646
f 137 138 646
f 646 138 647
f 647 138 648
f 138 139 648
f 139 140 648
f 648 140 649
f 649 140 650
f 140 141 650
f 141 142 650
f 142 143 650
f 650 143 651
f 143 144 651
f 144 109 651
f 109 108 651
f 651 108 652
f 652 108 653
f 108 110 653
f 653 110 654
f 110 112 654
f 112 113 654
f 654 113 655
f 113 114 655
f 655 114 656
f 114 115 656
f 115 116 656
f 656 116 657
f 657 116 658
f 116 117 658
f 659 658 660
f 660 658 661
f 658 117 661
f 117 118 661
f 661 118 662
f 118 119 662
f 662 119 663
f 119 120 663
f 120 121 663
f 121 123 663
f 663 123 664
f 123 124 664
f 664 124 665
f 124 125 665
f 666 665 667
f 665 125 667
f 719 666 724
f 724 666 725
f 666 667 725
f 723 724 776
f 776 724 777
f 724 725 777
f 775 723 776
f 898 899 954
f 899 900 954
f 900 901 954
f 954 901 955
f 955 901 956
f 901 902 956
f 956 902 957
f 902 903 957
f 903 904 957
f 957 904 958
f 904 905 958
f 958 905 959
f 905 906 959
f 959 906 960
f 961 962 1016
f 960 906 961
f 906 907 961
f 961 907 962
f 907 908 962
f 908 909 962
f 908 852 909
f 909 852 910
f 910 852 911
f 834 835 895
f 895 835 896
f 777 778 834
f 834 778 835
f 777 725 778
f 835 836 896
f 836 837 896
f 896 837 897
f 837 838 897
f 898 897 899
f 897 838 899
f 1709 1708 1710
f 1707 1722 1721
f 1721 1722 1723
f 1706 1707 1720
f 1706 1704 1707
f 1707 1704 1708
f 1720 1707 1721
f 1704 1688 1708
f 1688 1689 1708
f 1708 1689 1710
f 1689 1690 1710
f 1710 1690 1711
f 1690 1691 1711
f 1711 1691 1712
f 1712 1691 1713
f 1691 1692 1713
f 1692 1693 1713
f 1693 1694 1713
f 1713 1694 1714
f 1694 1695 1714
f 1695 1696 1714
f 1714 1696 1715
f 1696 1697 1715
f 1697 1698 1715
f 1698 1699 1715
f 1699 1700 1715
f 1715 1700 1716
f 1700 1702 1716
f 1716 1702 1717
f 1702 1703 1717
f 1703 1705 1717
f 1717 1705 1718
f 1705 1706 1718
f 1718 1706 1719
f 1719 1706 1720
f 2287 2284 2304
f 2284 2271 2304
f 2305 2304 2306
f 2304 2271 2306
f 2271 2264 2306
f 2306 2264 2307
f 2264 2265 2307
f 2307 2265 2308
f 2308 2265 2309
f 2265 2266 2309
f 2267 2261 2268
f 2261 2263 2268
f 2268 2263 2269
f 2269 2263 2270
f 2270 2264 2271
f 2271 2284 2285
f 2285 2284 2286
f 2263 2264 2270
f 2284 2287 2286
f 2287 2283 2286
f 2286 2283 2288
f 2283 2282 2288
f 2280 2282 2281
f 2281 2282 2283
f 2273 2280 2279
f 2279 2280 2281
f 2272 2273 2274
f 2274 2273 2279
f 2275 2274 2276
f 2274 2277 2276
f 2277 2274 2279
f 2276 2277 2278
f 2278 2277 2279
f 852 853 911
f 911 853 912
f 853 854 912
f 854 913 912
f 912 913 914
f 914 913 915
f 913 854 915
f 854 855 915
f 800 801 858
f 800 747 801
f 747 748 801
f 801 748 802
f 748 749 802
f 749 750 802
f 750 751 802
f 855 854 856
f 796 797 856
f 856 797 857
f 854 795 856
f 795 796 856
f 797 798 857
f 798 799 857
f 857 799 858
f 799 800 858
f 748 745 749
f 745 692 749
f 691 692 744
f 692 745 744
f 691 636 692
f 635 636 691
f 599 597 600
f 600 597 601
f 634 635 691
f 634 598 635
f 598 597 599
f 597 598 634
f 597 557 601
f 557 558 601
f 558 559 601
f 559 560 601
f 560 561 601
f 601 561 602
f 561 562 602
f 562 563 602
f 603 602 604
f 602 563 604
f 604 563 605
f 563 564 605
f 605 564 606
f 564 565 606
f 565 566 606
f 606 566 607
f 566 567 607
f 567 568 607
f 568 570 607
f 607 570 608
f 570 571 608
f 608 571 609
f 571 572 609
f 609 572 610
f 610 572 611
f 572 612 611
f 611 612 135
f 135 612 613
f 134 133 135
f 133 89 135
f 135 89 136
f 134 135 673
f 135 613 673
f 89 91 136
f 136 91 137
f 91 92 137
f 137 92 138
f 138 92 139
f 92 93 139
f 140 139 141
f 139 93 141
f 93 94 141
f 94 96 141
f 96 97 141
f 141 97 142
f 142 97 143
f 97 98 143
f 143 98 144
f 98 99 144
f 109 144 145
f 145 144 146
f 144 99 146
f 111 109 163
f 108 109 110
f 109 111 110
f 109 145 163
f 110 111 112
f 111 107 112
f 112 107 113
f 107 76 113
f 113 76 114
f 76 77 114
f 114 77 115
f 77 78 115
f 78 79 115
f 115 79 116
f 79 80 116
f 116 80 117
f 117 80 118
f 80 81 118
f 81 82 118
f 118 82 119
f 119 82 120
f 82 83 120
f 83 84 120
f 120 84 121
f 84 122 121
f 121 122 123
f 124 123 125
f 125 123 126
f 126 123 127
f 123 122 127
f 125 126 667
f 725 667 726
f 667 668 726
f 667 126 668
f 725 726 778
f 838 839 899
f 899 839 900
f 839 840 900
f 840 841 900
f 841 842 900
f 900 842 901
f 901 842 902
f 842 843 902
f 902 843 903
f 903 845 904
f 843 844 903
f 844 845 903
f 904 845 905
f 845 846 905
f 906 905 907
f 905 846 907
f 846 847 907
f 847 848 907
f 907 848 908
f 848 849 908
f 849 850 908
f 850 852 908
f 852 851 853
f 850 851 852
f 778 779 835
f 835 779 836
f 778 726 779
f 836 785 837
f 779 780 836
f 780 781 836
f 781 782 836
f 782 783 836
f 783 784 836
f 784 785 836
f 837 785 838
f 785 786 838
f 786 787 838
f 838 787 839
f 1705 1704 1706
f 1688 1704 1703
f 1703 1704 1705
f 1688 1677 1689
f 1687 1688 1703
f 1687 1686 1688
f 1686 1677 1688
f 1677 1678 1689
f 1689 1678 1690
f 1690 1678 1692
f 1691 1690 1692
f 1692 1679 1693
f 1678 1679 1692
f 1693 1679 1694
f 1680 1681 1694
f 1694 1681 1695
f 1679 1680 1694
f 1695 1681 1696
f 1681 1682 1696
f 1682 1683 1696
f 1683 1684 1696
f 1696 1684 1697
f 1684 1685 1697
f 1697 1685 1698
f 1685 1686 1698
f 1698 1686 1699
f 1686 1687 1699
f 1699 1687 1700
f 1687 1701 1700
f 1700 1701 1702
f 1702 1701 1703
f 1701 1687 1703
f 2264 2263 2265
f 2263 2262 2265
f 2265 2262 2266
f 2261 2262 2263
f 851 795 853
f 853 795 854
f 799 743 800
f 743 744 800
f 744 746 800
f 746 747 800
f 746 745 747
f 747 745 748
f 795 27 796
f 27 29 796
f 29 30 796
f 30 738 796
f 796 738 797
f 738 739 797
f 797 739 798
f 794 27 795
f 794 795 850
f 795 851 850
f 739 740 798
f 740 741 798
f 741 742 798
f 798 742 799
f 742 743 799
f 744 745 746
f 743 689 744
f 689 690 744
f 690 691 744
f 690 632 691
f 632 633 691
f 633 634 691
f 596 557 597
f 596 597 634
f 633 596 634
f 556 557 596
f 556 514 557
f 557 514 558
f 558 514 559
f 514 515 559
f 515 516 559
f 559 516 560
f 516 517 560
f 517 518 560
f 560 518 561
f 518 519 561
f 519 520 561
f 520 521 561
f 561 521 562
f 521 522 562
f 522 523 562
f 523 524 562
f 562 524 563
f 524 525 563
f 563 525 564
f 564 525 565
f 525 526 565
f 526 527 565
f 527 528 565
f 528 529 565
f 565 529 566
f 529 530 566
f 530 531 566
f 566 531 567
f 531 532 567
f 532 533 567
f 567 533 568
f 533 569 568
f 568 569 570
f 570 569 571
f 571 569 572
f 612 572 613
f 613 572 614
f 572 573 614
f 572 569 573
f 673 613 674
f 613 614 674
f 132 89 133
f 132 133 670
f 670 133 671
f 133 134 671
f 671 134 672
f 672 134 673
f 89 90 91
f 90 89 132
f 672 673 730
f 673 674 730
f 91 90 92
f 92 90 93
f 93 90 94
f 90 95 94
f 95 88 94
f 94 88 96
f 88 65 96
f 65 66 96
f 96 66 97
f 66 67 97
f 97 67 98
f 67 68 98
f 98 68 99
f 99 68 100
f 99 100 146
f 163 145 164
f 145 146 164
f 146 100 147
f 146 147 164
f 163 164 332
f 162 161 163
f 161 107 163
f 107 111 163
f 162 163 332
f 106 107 161
f 106 74 107
f 74 75 107
f 75 76 107
f 76 75 77
f 75 53 77
f 77 53 78
f 53 54 78
f 54 56 78
f 78 56 79
f 56 55 79
f 79 55 80
f 80 55 81
f 55 57 81
f 81 57 82
f 57 58 82
f 58 59 82
f 82 59 83
f 59 60 83
f 60 61 83
f 83 61 84
f 84 61 85
f 122 84 127
f 127 84 128
f 84 85 128
f 126 127 668
f 668 127 669
f 127 128 669
f 726 727 779
f 726 668 727
f 668 669 727
f 839 787 840
f 787 788 840
f 788 789 840
f 840 789 841
f 789 790 841
f 790 791 841
f 841 791 842
f 842 791 843
f 843 791 844
f 844 793 845
f 845 793 846
f 791 792 844
f 792 793 844
f 846 793 847
f 848 847 849
f 847 793 849
f 793 794 849
f 849 794 850
f 780 779 781
f 779 727 781
f 784 729 785
f 729 730 785
f 785 730 786
f 727 728 781
f 782 781 783
f 781 728 783
f 728 729 783
f 783 729 784
f 730 731 786
f 731 732 786
f 732 733 786
f 733 734 786
f 786 734 787
f 787 734 788
f 1677 1676 1678
f 1676 1677 1686
f 1685 1675 1686
f 1675 1676 1686
f 1678 1676 1679
f 1676 1666 1679
f 1679 1666 1680
f 1666 1665 1680
f 1680 1665 1681
f 1665 1667 1681
f 1681 1667 1682
f 1667 1668 1682
f 1668 1669 1682
f 1669 1670 1682
f 1682 1670 1683
f 1670 1671 1683
f 1671 1672 1683
f 1672 1674 1683
f 1683 1674 1684
f 1684 1674 1685
f 1674 1675 1685
f 688 689 743
f 742 688 743
f 28 27 794
f 27 28 29
f 29 28 30
f 737 30 789
f 737 736 30
f 30 736 738
f 789 30 790
f 30 28 790
f 736 680 738
f 680 682 738
f 738 682 739
f 682 683 739
f 739 683 740
f 793 792 794
f 792 28 794
f 683 684 740
f 684 685 740
f 685 686 740
f 686 687 740
f 740 687 741
f 687 688 741
f 741 688 742
f 688 687 689
f 687 628 689
f 628 629 689
f 689 629 690
f 629 630 690
f 630 631 690
f 631 632 690
f 632 631 633
f 631 594 633
f 594 595 633
f 595 596 633
f 595 555 596
f 555 556 596
f 555 512 556
f 512 513 556
f 513 514 556
f 514 513 515
f 515 513 516
f 513 448 516
f 448 446 516
f 516 446 517
f 446 444 517
f 518 517 519
f 517 444 519
f 423 424 519
f 519 424 520
f 444 423 519
f 424 425 520
f 425 426 520
f 426 428 520
f 521 520 522
f 522 520 523
f 520 428 523
f 428 429 523
f 429 430 523
f 523 430 524
f 430 431 524
f 524 431 525
f 525 431 526
f 526 431 527
f 431 432 527
f 432 433 527
f 527 433 528
f 433 434 528
f 434 435 528
f 528 435 529
f 529 435 530
f 435 436 530
f 530 436 531
f 436 437 531
f 437 438 531
f 531 438 532
f 438 439 532
f 532 439 533
f 569 533 573
f 533 534 573
f 533 439 534
f 614 573 615
f 614 615 674
f 573 616 615
f 616 573 618
f 573 574 618
f 573 534 574
f 674 675 730
f 674 615 675
f 131 132 670
f 131 95 132
f 95 90 132
f 669 131 670
f 670 671 728
f 669 670 727
f 727 670 728
f 671 672 730
f 728 671 730
f 675 676 730
f 730 676 731
f 729 728 730
f 88 95 131
f 87 65 88
f 87 88 131
f 63 64 65
f 65 64 66
f 63 65 86
f 86 65 87
f 66 64 67
f 67 64 68
f 68 69 100
f 68 64 69
f 100 69 101
f 147 100 148
f 148 100 149
f 100 101 149
f 164 147 165
f 332 164 333
f 164 165 333
f 147 148 165
f 331 330 332
f 330 162 332
f 331 332 364
f 332 333 364
f 160 105 161
f 161 162 329
f 162 330 329
f 105 106 161
f 160 161 329
f 105 104 106
f 104 74 106
f 73 74 104
f 74 73 75
f 52 53 75
f 73 51 75
f 51 52 75
f 52 36 53
f 53 36 54
f 36 37 54
f 56 54 57
f 54 37 57
f 55 56 57
f 37 38 57
f 57 38 58
f 38 39 58
f 58 39 59
f 39 40 59
f 40 41 59
f 41 45 59
f 59 45 60
f 60 45 61
f 45 43 61
f 62 61 63
f 61 43 63
f 61 62 85
f 129 85 130
f 85 86 130
f 85 62 86
f 128 85 129
f 128 129 669
f 129 130 669
f 130 131 669
f 734 735 788
f 735 737 788
f 788 737 789
f 791 790 792
f 790 28 792
f 731 676 732
f 676 677 732
f 677 678 732
f 678 679 732
f 732 679 733
f 733 679 734
f 679 681 734
f 681 680 734
f 734 680 735
f 1675 1666 1676
f 1674 1673 1675
f 1673 1663 1675
f 1663 1664 1675
f 1664 1666 1675
f 1665 1666 1667
f 1666 1664 1667
f 1667 1664 1668
f 1668 1664 1669
f 1664 1659 1669
f 1659 1660 1669
f 1669 1660 1670
f 1660 1661 1670
f 1670 1661 1671
f 1661 1662 1671
f 1671 1662 1672
f 1662 1663 1672
f 1663 1673 1672
f 1672 1673 1674
f 735 736 737
f 680 736 735
f 680 681 682
f 681 679 682
f 679 621 682
f 682 621 683
f 621 622 683
f 622 623 683
f 683 623 684
f 684 623 685
f 623 624 685
f 624 625 685
f 625 626 685
f 626 627 685
f 685 627 686
f 686 627 687
f 627 628 687
f 627 588 628
f 588 590 628
f 590 591 628
f 628 591 629
f 591 592 629
f 629 592 630
f 592 593 630
f 593 594 630
f 630 594 631
f 593 552 594
f 552 553 594
f 594 553 595
f 553 554 595
f 554 555 595
f 554 509 555
f 509 510 555
f 510 511 555
f 511 512 555
f 511 497 512
f 512 497 513
f 497 448 513
f 447 446 448
f 447 448 545
f 545 448 546
f 448 498 546
f 448 497 498
f 445 444 446
f 445 446 539
f 539 446 541
f 541 446 543
f 446 447 543
f 423 444 443
f 443 444 445
f 422 423 443
f 422 420 423
f 420 421 423
f 424 423 425
f 423 421 425
f 421 399 425
f 399 400 425
f 425 400 426
f 400 401 426
f 401 402 426
f 402 403 426
f 403 404 426
f 404 427 426
f 426 427 428
f 427 404 428
f 428 404 429
f 404 405 429
f 405 406 429
f 429 406 430
f 430 406 431
f 431 406 432
f 406 407 432
f 407 408 432
f 408 409 432
f 409 410 432
f 410 411 432
f 432 411 433
f 433 411 434
f 411 412 434
f 412 413 434
f 434 413 435
f 435 413 436
f 436 413 437
f 413 414 437
f 414 415 437
f 415 416 437
f 437 416 438
f 438 418 439
f 416 417 438
f 417 418 438
f 439 418 440
f 534 439 535
f 439 440 535
f 574 534 575
f 575 534 576
f 534 535 576
f 615 616 617
f 675 615 676
f 615 617 676
f 617 616 618
f 574 575 618
f 575 576 618
f 576 577 618
f 618 577 619
f 617 618 677
f 618 619 677
f 130 87 131
f 676 617 677
f 86 87 130
f 43 42 63
f 42 64 63
f 64 42 69
f 62 63 86
f 69 70 101
f 42 44 69
f 69 44 70
f 101 70 102
f 101 102 149
f 165 148 166
f 148 149 166
f 149 150 166
f 102 103 149
f 149 103 150
f 165 166 333
f 333 334 364
f 333 166 334
f 329 330 331
f 329 331 363
f 363 331 364
f 363 364 387
f 364 365 387
f 334 335 364
f 364 335 365
f 104 105 158
f 159 160 328
f 328 160 329
f 159 105 160
f 158 105 159
f 328 329 361
f 361 329 362
f 362 329 363
f 150 104 158
f 103 73 104
f 103 104 150
f 72 73 103
f 72 50 73
f 50 51 73
f 51 34 52
f 34 35 52
f 35 36 52
f 50 34 51
f 36 35 37
f 38 37 39
f 37 35 39
f 39 35 40
f 35 32 40
f 32 31 40
f 40 31 41
f 45 41 44
f 44 41 46
f 41 31 46
f 43 45 44
f 42 43 44
f 619 620 677
f 677 620 678
f 620 621 678
f 678 621 679
f 1663 1662 1664
f 1662 1658 1664
f 1658 1659 1664
f 1658 1654 1659
f 1654 1653 1659
f 1659 1653 1660
f 1653 1655 1660
f 1655 1656 1660
f 1660 1656 1661
f 1656 1657 1661
f 1661 1657 1662
f 1657 1658 1662
f 621 620 622
f 622 620 623
f 620 579 623
f 623 579 624
f 579 580 624
f 624 580 625
f 580 581 625
f 581 582 625
f 582 583 625
f 583 584 625
f 584 585 625
f 585 589 625
f 625 589 626
f 626 586 627
f 589 587 626
f 587 586 626
f 586 588 627
f 586 587 588
f 587 589 588
f 589 585 588
f 585 546 588
f 546 547 588
f 588 547 590
f 547 548 590
f 590 548 591
f 548 549 591
f 591 549 592
f 549 550 592
f 550 551 592
f 592 551 593
f 551 552 593
f 552 551 553
f 551 507 553
f 507 508 553
f 553 508 554
f 508 509 554
f 508 490 509
f 490 491 509
f 491 492 509
f 509 492 510
f 492 494 510
f 510 494 511
f 494 496 511
f 496 497 511
f 497 496 498
f 543 447 544
f 544 447 545
f 544 545 584
f 545 546 584
f 584 546 585
f 546 498 547
f 547 498 548
f 498 499 548
f 498 496 499
f 443 445 539
f 538 443 539
f 540 539 541
f 538 539 578
f 539 540 578
f 540 541 581
f 541 542 581
f 542 541 543
f 542 543 582
f 582 543 583
f 543 544 583
f 442 422 443
f 442 443 538
f 420 422 441
f 441 422 442
f 419 398 420
f 398 399 420
f 399 421 420
f 419 420 441
f 399 398 400
f 398 376 400
f 376 377 400
f 400 377 401
f 377 378 401
f 401 378 402
f 378 379 402
f 379 380 402
f 403 402 404
f 402 380 404
f 404 380 405
f 380 381 405
f 406 405 407
f 405 381 407
f 381 382 407
f 407 382 408
f 382 383 408
f 408 383 409
f 383 384 409
f 384 385 409
f 385 386 409
f 409 386 410
f 386 387 410
f 387 388 410
f 410 388 411
f 411 388 412
f 413 412 414
f 412 389 414
f 388 389 412
f 389 390 414
f 390 391 414
f 414 391 415
f 415 391 416
f 391 392 416
f 392 393 416
f 393 394 416
f 394 395 416
f 416 395 417
f 417 396 418
f 418 396 419
f 440 418 441
f 418 419 441
f 395 396 417
f 440 441 535
f 535 441 536
f 535 536 576
f 536 537 576
f 576 537 577
f 577 578 619
f 577 537 578
f 578 579 619
f 619 579 620
f 70 71 102
f 44 46 70
f 46 47 70
f 70 47 71
f 102 71 103
f 166 167 334
f 150 157 166
f 166 157 167
f 157 150 158
f 71 72 103
f 167 168 334
f 334 168 335
f 362 363 387
f 386 362 387
f 388 387 389
f 389 387 390
f 387 365 390
f 390 365 391
f 365 366 391
f 365 335 366
f 335 168 336
f 366 335 367
f 335 336 367
f 155 157 158
f 155 158 327
f 327 158 328
f 158 159 328
f 327 328 361
f 360 359 361
f 359 327 361
f 360 361 386
f 361 362 386
f 71 49 72
f 49 50 72
f 49 48 50
f 48 33 50
f 33 34 50
f 33 32 34
f 34 32 35
f 31 32 33
f 46 31 47
f 31 33 47
f 1657 1654 1658
f 1653 1654 1655
f 1654 1652 1655
f 1652 1654 1657
f 1652 1650 1655
f 1650 1648 1655
f 1648 1647 1655
f 1655 1647 1656
f 1647 1649 1656
f 1649 1651 1656
f 1656 1651 1657
f 1651 1652 1657
f 578 540 579
f 579 540 580
f 580 540 581
f 581 542 582
f 583 544 584
f 548 499 549
f 499 500 549
f 549 500 550
f 500 501 550
f 501 502 550
f 502 503 550
f 503 504 550
f 504 505 550
f 550 505 551
f 506 507 551
f 505 506 551
f 506 490 507
f 507 490 508
f 489 490 506
f 489 479 490
f 479 480 490
f 490 480 491
f 480 481 491
f 481 482 491
f 491 482 492
f 482 493 492
f 492 493 494
f 493 495 494
f 494 495 496
f 496 495 499
f 499 495 500
f 537 442 538
f 537 538 578
f 441 442 536
f 536 442 537
f 397 375 398
f 375 376 398
f 396 397 419
f 397 398 419
f 375 343 376
f 343 344 376
f 344 345 376
f 376 345 377
f 377 345 378
f 345 346 378
f 378 346 379
f 346 347 379
f 347 348 379
f 348 349 379
f 379 349 380
f 349 350 380
f 380 350 381
f 381 350 382
f 350 351 382
f 351 352 382
f 382 352 383
f 353 354 383
f 354 355 383
f 355 356 383
f 383 356 384
f 352 353 383
f 384 356 385
f 356 357 385
f 357 358 385
f 358 359 385
f 359 360 385
f 385 360 386
f 366 367 391
f 391 367 392
f 367 368 392
f 368 369 392
f 369 371 392
f 392 371 393
f 371 372 393
f 393 372 394
f 396 394 397
f 394 374 397
f 372 373 394
f 373 374 394
f 395 394 396
f 47 48 71
f 48 49 71
f 47 33 48
f 157 156 167
f 167 156 168
f 156 157 155
f 152 151 168
f 168 151 169
f 168 169 336
f 156 152 168
f 368 336 369
f 336 337 369
f 367 336 368
f 169 170 336
f 337 336 338
f 336 170 338
f 154 152 155
f 152 156 155
f 154 155 326
f 326 155 327
f 326 327 359
f 358 326 359
f 1651 1649 1652
f 1649 1650 1652
f 1648 1650 1649
f 1647 1648 1649
f 500 495 501
f 495 493 501
f 501 493 502
f 484 485 502
f 502 485 503
f 493 482 502
f 482 483 502
f 483 484 502
f 503 485 504
f 485 486 504
f 486 487 504
f 487 488 504
f 505 504 506
f 504 488 506
f 488 489 506
f 488 477 489
f 477 478 489
f 478 479 489
f 478 468 479
f 468 469 479
f 479 469 480
f 480 469 481
f 469 470 481
f 470 471 481
f 481 471 482
f 482 471 483
f 374 375 397
f 374 343 375
f 342 308 343
f 343 308 344
f 342 343 374
f 308 309 344
f 345 344 346
f 344 309 346
f 309 310 346
f 310 311 346
f 311 312 346
f 346 312 347
f 312 313 347
f 347 313 348
f 313 314 348
f 314 316 348
f 316 315 348
f 348 315 349
f 349 315 351
f 350 349 351
f 352 351 353
f 351 315 353
f 354 317 355
f 315 317 353
f 353 317 354
f 317 318 355
f 318 319 355
f 319 320 355
f 320 321 355
f 355 321 356
f 321 322 356
f 322 323 356
f 356 323 357
f 323 324 357
f 324 325 357
f 357 325 358
f 325 326 358
f 337 338 369
f 338 339 369
f 339 340 369
f 340 341 369
f 341 370 369
f 369 370 371
f 372 371 373
f 371 370 373
f 373 342 374
f 370 341 373
f 341 342 373
f 151 152 153
f 153 152 154
f 151 153 169
f 170 169 171
f 169 153 171
f 170 171 338
f 171 302 338
f 302 303 338
f 338 303 339
f 153 154 326
f 325 153 326
f 472 473 485
f 485 473 486
f 484 472 485
f 483 471 484
f 471 472 484
f 473 474 486
f 474 475 486
f 486 475 487
f 475 476 487
f 476 477 487
f 487 477 488
f 477 476 478
f 476 468 478
f 457 458 468
f 468 458 469
f 467 468 476
f 467 457 468
f 458 460 469
f 469 460 470
f 460 459 470
f 471 470 472
f 470 459 472
f 341 305 342
f 305 307 342
f 307 308 342
f 308 307 309
f 309 307 310
f 307 306 310
f 306 285 310
f 310 285 311
f 285 286 311
f 311 286 312
f 286 287 312
f 287 288 312
f 288 290 312
f 312 290 313
f 313 290 314
f 290 291 314
f 316 314 318
f 318 314 319
f 314 291 319
f 315 316 317
f 317 316 318
f 291 292 319
f 292 293 319
f 319 293 320
f 320 293 321
f 293 294 321
f 294 295 321
f 295 296 321
f 321 296 322
f 322 296 323
f 296 297 323
f 297 298 323
f 298 299 323
f 323 299 324
f 299 300 324
f 300 301 324
f 324 301 325
f 301 171 325
f 171 153 325
f 303 304 339
f 339 304 340
f 304 305 340
f 340 305 341
f 171 301 302
f 301 300 302
f 300 281 302
f 302 281 303
f 281 282 303
f 282 283 303
f 283 284 303
f 303 284 304
f 2256 2257 2260
f 472 459 473
f 459 461 473
f 473 461 474
f 461 462 474
f 462 463 474
f 474 463 475
f 463 464 475
f 464 465 475
f 465 466 475
f 475 466 476
f 466 467 476
f 456 455 457
f 455 449 457
f 449 451 457
f 457 451 458
f 460 458 461
f 458 451 461
f 456 457 467
f 466 456 467
f 459 460 461
f 304 285 305
f 285 306 305
f 305 306 307
f 285 284 286
f 284 285 304
f 284 268 286
f 286 268 287
f 268 269 287
f 287 269 288
f 269 270 288
f 270 289 288
f 288 289 290
f 290 289 291
f 291 272 292
f 289 270 291
f 270 271 291
f 271 272 291
f 272 273 292
f 273 274 292
f 292 274 293
f 293 274 294
f 294 274 295
f 274 275 295
f 275 276 295
f 276 277 295
f 295 277 296
f 296 277 297
f 277 278 297
f 278 279 297
f 297 279 298
f 279 280 298
f 298 280 299
f 280 281 299
f 299 281 300
f 280 258 281
f 258 260 281
f 281 260 282
f 260 261 282
f 261 262 282
f 262 263 282
f 263 264 282
f 264 265 282
f 282 265 283
f 265 266 283
f 266 267 283
f 283 267 284
f 267 268 284
f 2239 2240 2250
f 2251 2240 2252
f 2252 2242 2253
f 2240 2241 2252
f 2241 2242 2252
f 2242 2244 2253
f 2253 2244 2254
f 2254 2244 2255
f 2255 2244 2256
f 2257 2247 2258
f 2244 2245 2256
f 2256 2245 2257
f 2245 2246 2257
f 2246 2247 2257
f 2247 2248 2259
f 461 451 462
f 462 451 463
f 451 452 463
f 463 452 464
f 452 453 464
f 464 453 465
f 453 454 465
f 454 455 465
f 455 456 465
f 465 456 466
f 454 449 455
f 449 450 451
f 450 449 454
f 451 450 452
f 267 246 268
f 268 246 269
f 246 247 269
f 247 249 269
f 269 249 270
f 270 249 271
f 271 249 272
f 249 250 272
f 250 251 272
f 272 251 273
f 251 252 273
f 252 253 273
f 253 254 273
f 274 273 275
f 273 254 275
f 275 254 276
f 276 256 277
f 254 255 276
f 255 256 276
f 256 257 277
f 277 257 278
f 257 259 278
f 259 258 278
f 278 258 279
f 279 258 280
f 258 259 260
f 260 239 261
f 259 257 260
f 257 238 260
f 238 239 260
f 239 240 261
f 261 240 262
f 240 241 262
f 241 242 262
f 262 242 263
f 263 242 264
f 242 243 264
f 243 244 264
f 264 244 265
f 244 245 265
f 265 245 266
f 245 246 266
f 266 246 267
f 2226 2227 2239
f 2239 2227 2240
f 2225 2226 2239
f 2240 2227 2241
f 2241 2228 2242
f 2228 2229 2242
f 2229 2243 2242
f 2242 2243 2244
f 2227 2228 2241
f 2244 2243 2245
f 2246 2232 2247
f 2232 2233 2247
f 2233 2234 2247
f 2247 2234 2248
f 2245 2243 2246
f 2243 2229 2246
f 2229 2230 2246
f 2230 2231 2246
f 2231 2232 2246
f 2234 2235 2248
f 2248 2235 2249
f 452 450 453
f 453 450 454
f 245 227 246
f 227 228 246
f 246 228 247
f 228 248 247
f 247 248 249
f 248 228 249
f 228 229 249
f 229 230 249
f 249 230 250
f 230 231 250
f 231 232 250
f 250 232 251
f 251 232 252
f 232 233 252
f 252 233 253
f 233 234 253
f 234 235 253
f 235 236 253
f 253 236 254
f 254 236 255
f 255 238 256
f 256 238 257
f 236 237 255
f 237 238 255
f 238 237 239
f 239 237 240
f 237 219 240
f 219 220 240
f 220 221 240
f 240 221 241
f 241 221 242
f 242 221 243
f 225 226 243
f 243 226 244
f 221 222 243
f 222 223 243
f 223 224 243
f 224 225 243
f 226 227 244
f 244 227 245
f 2205 2206 2225
f 2225 2206 2226
f 2206 2207 2226
f 2207 2208 2226
f 2226 2208 2227
f 2208 2209 2227
f 2227 2209 2228
f 2209 2210 2228
f 2228 2210 2229
f 2210 2211 2229
f 2229 2211 2230
f 2231 2215 2232
f 2232 2215 2233
f 2215 2216 2233
f 2233 2216 2234
f 2216 2217 2234
f 2234 2217 2235
f 2211 2212 2230
f 2212 2213 2230
f 2230 2213 2231
f 2213 2214 2231
f 2214 2215 2231
f 2235 2217 2236
f 226 205 227
f 227 205 228
f 205 207 228
f 228 207 229
f 207 208 229
f 230 229 231
f 229 208 231
f 208 209 231
f 209 210 231
f 210 211 231
f 231 211 232
f 211 212 232
f 212 213 232
f 232 213 233
f 213 214 233
f 214 215 233
f 233 215 234
f 215 216 234
f 216 217 234
f 234 217 235
f 217 218 235
f 218 219 235
f 235 219 236
f 236 219 237
f 219 218 220
f 220 218 221
f 218 199 221
f 221 199 222
f 224 204 225
f 204 206 225
f 206 205 225
f 225 205 226
f 199 198 222
f 222 198 223
f 223 198 224
f 198 200 224
f 200 202 224
f 202 203 224
f 203 204 224
f 2170 2171 2202
f 2171 2172 2202
f 2202 2172 2203
f 2203 2172 2204
f 2205 2204 2206
f 2204 2172 2206
f 2172 2173 2206
f 2173 2174 2206
f 2174 2175 2206
f 2206 2175 2207
f 2175 2176 2207
f 2207 2176 2208
f 2176 2177 2208
f 2177 2178 2208
f 2178 2179 2208
f 2208 2179 2209
f 2179 2180 2209
f 2209 2180 2210
f 2180 2181 2210
f 2210 2181 2211
f 2211 2181 2212
f 2214 2188 2215
f 2188 2189 2215
f 2215 2189 2216
f 2189 2191 2216
f 2216 2191 2217
f 2191 2192 2217
f 2217 2192 2218
f 2217 2218 2236
f 2212 2184 2213
f 2181 2183 2212
f 2183 2184 2212
f 2184 2185 2213
f 2185 2186 2213
f 2213 2186 2214
f 2186 2187 2214
f 2187 2188 2214
f 2218 2219 2236
f 2236 2219 2237
f 205 206 207
f 208 207 209
f 207 206 209
f 206 204 209
f 204 191 209
f 209 191 210
f 191 192 210
f 210 192 211
f 193 194 211
f 211 194 212
f 192 193 211
f 213 212 214
f 212 194 214
f 194 195 214
f 214 195 215
f 195 196 215
f 215 196 216
f 196 197 216
f 197 201 216
f 216 201 217
f 201 199 217
f 217 199 218
f 198 199 200
f 199 201 200
f 203 191 204
f 201 197 200
f 200 197 202
f 197 186 202
f 186 188 202
f 188 190 202
f 202 190 203
f 190 191 203
f 2237 2219 2238
f 2219 2220 2238
f 2220 2221 2238
f 2221 2222 2238
f 2170 2134 2171
f 2134 2135 2171
f 2135 2136 2171
f 2171 2136 2172
f 2136 2137 2172
f 2137 2138 2172
f 2172 2138 2173
f 2138 2139 2173
f 2173 2139 2174
f 2139 2140 2174
f 2174 2140 2175
f 2140 2141 2175
f 2175 2141 2176
f 2176 2141 2177
f 2141 2142 2177
f 2177 2142 2178
f 2142 2143 2178
f 2179 2178 2180
f 2180 2178 2181
f 2178 2143 2181
f 2181 2182 2183
f 2143 2144 2181
f 2144 2182 2181
f 2187 2155 2188
f 2155 2156 2188
f 2156 2157 2188
f 2188 2157 2189
f 2157 2158 2189
f 2158 2190 2189
f 2189 2190 2191
f 2191 2190 2192
f 2192 2193 2218
f 2190 2158 2192
f 2192 2158 2193
f 2218 2193 2219
f 2184 2148 2185
f 2183 2146 2184
f 2146 2147 2184
f 2147 2148 2184
f 2144 2145 2183
f 2145 2146 2183
f 2182 2144 2183
f 2148 2149 2185
f 2149 2150 2185
f 2150 2151 2185
f 2185 2151 2186
f 2151 2152 2186
f 2152 2153 2186
f 2186 2153 2187
f 2153 2154 2187
f 2154 2155 2187
f 2219 2193 2220
f 191 190 192
f 190 189 192
f 192 189 193
f 189 187 193
f 187 179 193
f 179 180 193
f 180 181 193
f 193 181 194
f 181 182 194
f 194 182 195
f 182 183 195
f 183 184 195
f 195 184 196
f 196 184 197
f 184 185 197
f 185 186 197
f 185 174 186
f 174 176 186
f 176 178 186
f 178 179 186
f 179 187 186
f 186 187 188
f 187 189 188
f 188 189 190
f 2220 2193 2221
f 2193 2194 2221
f 2194 2195 2221
f 2195 2196 2221
f 2221 2196 2222
f 2196 2197 2222
f 2197 2198 2222
f 2222 2198 2223
f 2223 2198 2224
f 2198 2199 2224
f 2199 2200 2224
f 2200 2201 2224
f 2088 2089 2133
f 2133 2089 2134
f 2089 2090 2134
f 2134 2090 2135
f 2090 2091 2135
f 2091 2092 2135
f 2135 2092 2136
f 2136 2092 2137
f 2137 2092 2138
f 2138 2095 2139
f 2092 2093 2138
f 2093 2094 2138
f 2094 2095 2138
f 2139 2095 2140
f 2095 2096 2140
f 2096 2097 2140
f 2140 2097 2141
f 2097 2098 2141
f 2141 2098 2142
f 2098 2099 2142
f 2099 2100 2142
f 2142 2100 2143
f 2100 2101 2143
f 2143 2101 2144
f 2101 2102 2144
f 2102 2103 2144
f 2144 2103 2145
f 2154 2116 2155
f 2116 2117 2155
f 2117 2118 2155
f 2155 2118 2156
f 2118 2119 2156
f 2119 2120 2156
f 2156 2120 2157
f 2158 2157 2159
f 2157 2120 2159
f 2193 2158 2194
f 2158 2159 2194
f 2108 2109 2148
f 2147 2107 2148
f 2107 2108 2148
f 2148 2109 2149
f 2145 2106 2146
f 2146 2106 2147
f 2106 2107 2147
f 2103 2104 2145
f 2104 2105 2145
f 2105 2106 2145
f 2109 2110 2149
f 2110 2111 2149
f 2149 2111 2150
f 2111 2112 2150
f 2150 2112 2151
f 2151 2112 2152
f 2113 2114 2152
f 2153 2152 2154
f 2152 2114 2154
f 2112 2113 2152
f 2114 2115 2154
f 2115 2116 2154
f 179 178 180
f 178 177 180
f 180 177 181
f 177 175 181
f 175 173 181
f 181 173 182
f 173 172 182
f 182 172 183
f 183 172 184
f 184 172 185
f 172 174 185
f 172 173 174
f 173 175 174
f 174 175 176
f 175 177 176
f 176 177 178
f 2194 2159 2195
f 2159 2160 2195
f 2160 2161 2195
f 2161 2162 2195
f 2195 2162 2196
f 2196 2162 2197
f 2162 2163 2197
f 2197 2163 2198
f 2163 2164 2198
f 2198 2164 2199
f 2164 2165 2199
f 2165 2166 2199
f 2199 2166 2200
f 2166 2167 2200
f 2167 2168 2200
f 2200 2168 2201
f 2033 2034 2088
f 2034 2035 2088
f 2035 2036 2088
f 2089 2088 2090
f 2088 2036 2090
f 2036 2038 2090
f 2090 2038 2091
f 2092 2091 2093
f 2091 2039 2093
f 2038 2039 2091
f 2094 2042 2095
f 2095 2042 2096
f 2039 2040 2093
f 2040 2041 2093
f 2041 2042 2093
f 2093 2042 2094
f 2042 2043 2096
f 2043 2044 2096
f 2096 2044 2097
f 2044 2045 2097
f 2097 2045 2098
f 2045 2046 2098
f 2098 2046 2099
f 2046 2047 2099
f 2099 2047 2100
f 2047 2048 2100
f 2048 2049 2100
f 2100 2049 2101
f 2049 2050 2101
f 2101 2050 2102
f 2050 2051 2102
f 2102 2051 2103
f 2103 2051 2104
f 2115 2068 2116
f 2116 2068 2117
f 2068 2069 2117
f 2069 2070 2117
f 2070 1756 2117
f 1756 1755 2117
f 2117 1755 2118
f 1755 1754 2118
f 2118 1754 2119
f 2071 2072 2119
f 2120 2119 2121
f 2119 2072 2121
f 1754 1756 2119
f 1756 2071 2119
f 2159 2120 2160
f 2120 2121 2160
f 2107 2058 2108
f 2058 2059 2108
f 2108 2059 2109
f 2059 2060 2109
f 2109 2060 2110
f 2106 2057 2107
f 2057 2058 2107
f 2105 2057 2106
f 2051 2052 2104
f 2104 2052 2105
f 2052 2053 2105
f 2053 2054 2105
f 2054 2055 2105
f 2055 2056 2105
f 2056 2057 2105
f 2060 2061 2110
f 2061 2062 2110
f 2110 2062 2111
f 2062 2063 2111
f 2063 2064 2111
f 2111 2064 2112
f 2112 2064 2113
f 2064 2065 2113
f 2065 2066 2113
f 2113 2066 2114
f 2114 2066 2115
f 2066 2067 2115
f 2067 2068 2115
f 2121 2122 2160
f 2160 2122 2161
f 2161 2126 2163
f 2122 2123 2161
f 2123 2124 2161
f 2124 2125 2161
f 2125 2126 2161
f 2162 2161 2163
f 2163 2126 2164
f 2164 2126 2165
f 2126 2127 2165
f 2127 2128 2165
f 2165 2128 2166
f 2128 2129 2166
f 2166 2129 2167
f 2167 2130 2168
f 2129 2130 2167
f 2130 2131 2168
f 2131 2132 2168
f 2168 2132 2169
f 2034 2033 2035
f 2033 1967 2035
f 1967 1968 2035
f 2035 1968 2036
f 1968 1969 2036
f 1969 2037 2036
f 2038 2036 2039
f 2036 2037 2039
f 2039 2037 2040
f 2042 2041 2043
f 2037 1969 2040
f 1969 1970 2040
f 2040 1970 2041
f 1970 1971 2041
f 2041 1971 2043
f 2043 1972 2044
f 1971 1972 2043
f 1972 1973 2044
f 1973 1974 2044
f 2044 1974 2045
f 1974 1975 2045
f 2045 1975 2046
f 1975 1976 2046
f 1976 1977 2046
f 2046 1977 2047
f 1977 1978 2047
f 2047 1978 2048
f 1978 1979 2048
f 1979 1980 2048
f 1980 1981 2048
f 1981 1982 2048
f 2048 1982 2049
f 1982 1983 2049
f 1983 1985 2049
f 2049 1985 2050
f 2050 1985 2051
f 1985 1984 2051
f 2051 1984 2052
f 2067 2007 2068
f 2007 2008 2068
f 2008 2009 2068
f 2068 2009 2069
f 2069 2009 2070
f 2009 2010 2070
f 2010 2011 2070
f 2070 2011 1756
f 1756 2011 2071
f 1754 1755 1756
f 2011 2012 2071
f 2071 2012 2072
f 2012 2013 2072
f 2073 2072 2074
f 2072 2013 2074
f 2121 2072 2122
f 2072 2073 2122
f 2057 2056 2058
f 2056 1995 2058
f 1995 1996 2058
f 2058 1996 2059
f 1996 1997 2059
f 2059 1997 2060
f 2060 1997 2061
f 1986 1987 2052
f 2052 1987 2053
f 1984 1986 2052
f 1987 1988 2053
f 1989 1990 2053
f 1988 1989 2053
f 2053 1990 2054
f 1990 1991 2054
f 1991 1992 2054
f 2054 1992 2055
f 1992 1993 2055
f 1993 1994 2055
f 2055 1994 2056
f 1994 1995 2056
f 1997 1998 2061
f 1998 1999 2061
f 1999 2000 2061
f 2061 2000 2062
f 2062 2000 2063
f 2000 2001 2063
f 2001 2002 2063
f 2064 2063 2065
f 2063 2002 2065
f 2002 2003 2065
f 2065 2003 2066
f 2003 2004 2066
f 2004 2005 2066
f 2066 2005 2067
f 2005 2006 2067
f 2006 2007 2067
f 2122 2073 2123
f 2125 2078 2126
f 2078 2079 2126
f 2126 2079 2127
f 2073 2074 2123
f 2074 2075 2123
f 2123 2075 2124
f 2075 2076 2124
f 2076 2077 2124
f 2077 2078 2124
f 2124 2078 2125
f 2079 2080 2127
f 2080 2081 2127
f 2127 2081 2128
f 2081 2082 2128
f 2128 2082 2129
f 2082 2083 2129
f 2129 2083 2130
f 2083 2084 2130
f 2084 2085 2130
f 2130 2085 2131
f 2085 2086 2131
f 2086 2087 2131
f 2131 2087 2132
f 1966 1826 1967
f 1967 1826 1968
f 1966 1967 2032
f 1826 1827 1968
f 1968 1827 1969
f 1969 1827 1970
f 1827 1828 1970
f 1828 1829 1970
f 1970 1829 1971
f 1829 1830 1971
f 1971 1830 1972
f 1830 1831 1972
f 1972 1831 1973
f 1831 1832 1973
f 1973 1832 1974
f 1832 1833 1974
f 1975 1974 1976
f 1974 1833 1976
f 1833 1834 1976
f 1834 1835 1976
f 1976 1835 1977
f 1835 1836 1977
f 1978 1977 1979
f 1977 1836 1979
f 1836 1837 1979
f 1979 1837 1980
f 1980 1841 1981
f 1837 1838 1980
f 1838 1839 1980
f 1839 1841 1980
f 1841 1840 1981
f 1982 1981 1983
f 1981 1840 1983
f 1985 1983 1986
f 1983 1840 1986
f 1984 1985 1986
f 2006 1936 2007
f 1936 1937 2007
f 2007 1937 2008
f 1937 1938 2008
f 2008 1938 2009
f 2009 1938 2010
f 2010 1942 2011
f 1938 1940 2010
f 1940 1941 2010
f 1941 1942 2010
f 2011 1942 2012
f 2012 1942 2013
f 1942 1943 2013
f 2013 1943 2014
f 2013 2014 2074
f 2074 2014 2075
f 1994 1921 1995
f 1995 1921 1996
f 1996 1921 1997
f 1997 1921 1998
f 1840 1842 1986
f 1986 1842 1987
f 1987 1842 1988
f 1842 1843 1988
f 1843 1844 1988
f 1988 1844 1989
f 1844 1845 1989
f 1989 1845 1990
f 1845 1846 1990
f 1846 1847 1990
f 1990 1847 1991
f 1991 1847 1992
f 1847 1848 1992
f 1992 1848 1993
f 1848 1849 1993
f 1849 1920 1993
f 1920 1922 1993
f 1993 1922 1994
f 1922 1921 1994
f 1924 1925 1998
f 1998 1925 1999
f 1921 1923 1998
f 1923 1924 1998
f 1925 1926 1999
f 1926 1927 1999
f 1999 1927 2000
f 1927 1928 2000
f 2000 1928 2001
f 1928 1929 2001
f 1929 1930 2001
f 2001 1930 2002
f 2002 1930 2003
f 1930 1931 2003
f 1931 1932 2003
f 1932 1933 2003
f 1933 1934 2003
f 2003 1934 2004
f 1934 1935 2004
f 2005 2004 2006
f 2004 1935 2006
f 1935 1936 2006
f 2077 2018 2078
f 2078 2018 2079
f 2018 2019 2079
f 2019 2020 2079
f 2079 2020 2080
f 2014 2015 2075
f 2015 2016 2075
f 2075 2016 2076
f 2016 2017 2076
f 2076 2017 2077
f 2017 2018 2077
f 2020 2021 2080
f 2021 2022 2080
f 2080 2022 2081
f 2082 2081 2083
f 2081 2022 2083
f 2083 2022 2084
f 2084 2026 2085
f 2022 2023 2084
f 2023 2024 2084
f 2024 2025 2084
f 2025 2026 2084
f 2026 2027 2085
f 2027 2028 2085
f 2028 2029 2085
f 2085 2029 2086
f 2029 2030 2086
f 2030 2031 2086
f 2086 2031 2087
f 1965 1825 1966
f 1825 1826 1966
f 1965 1966 2029
f 2029 1966 2030
f 2030 1966 2031
f 1825 1824 1826
f 1826 1824 1827
f 1827 1824 1828
f 1824 1815 1828
f 1828 1815 1829
f 1815 1798 1829
f 1798 1799 1829
f 1829 1799 1830
f 1830 1799 1831
f 1799 1800 1831
f 1831 1800 1832
f 1800 1801 1832
f 1832 1801 1833
f 1801 1802 1833
f 1833 1802 1834
f 1802 1803 1834
f 1803 1804 1834
f 1804 1805 1834
f 1834 1805 1835
f 1835 1805 1836
f 1805 1806 1836
f 1836 1806 1837
f 1806 1807 1837
f 1838 1837 1839
f 1837 1807 1839
f 1840 1841 1842
f 1841 1839 1842
f 1807 1808 1839
f 1808 1809 1839
f 1842 1839 1843
f 1839 1809 1843
f 1935 1911 1936
f 1911 1913 1936
f 1936 1913 1937
f 1937 1913 1938
f 1913 1912 1938
f 1912 1939 1938
f 1938 1939 1940
f 1941 1851 1942
f 1942 1851 1943
f 1939 1867 1940
f 1940 1867 1941
f 1867 1853 1941
f 1853 1851 1941
f 2014 1943 2015
f 1943 1944 2015
f 1851 1850 1943
f 1943 1850 1944
f 1921 1922 1923
f 1843 1809 1844
f 1809 1810 1844
f 1810 1811 1844
f 1844 1811 1845
f 1811 1812 1845
f 1812 1813 1845
f 1845 1813 1846
f 1813 1814 1846
f 1814 1817 1846
f 1846 1817 1847
f 1847 1817 1848
f 1819 1820 1848
f 1848 1820 1849
f 1817 1819 1848
f 1849 1919 1920
f 1919 1849 1962
f 1962 1849 1963
f 1849 1820 1963
f 1919 1896 1920
f 1922 1920 1923
f 1920 1896 1923
f 1923 1897 1924
f 1897 1898 1924
f 1924 1898 1925
f 1898 1899 1925
f 1925 1899 1926
f 1896 1897 1923
f 1899 1900 1926
f 1900 1901 1926
f 1926 1901 1927
f 1927 1901 1928
f 1901 1902 1928
f 1928 1902 1929
f 1902 1903 1929
f 1903 1904 1929
f 1929 1904 1930
f 1904 1905 1930
f 1905 1906 1930
f 1930 1906 1931
f 1906 1907 1931
f 1931 1907 1932
f 1907 1908 1932
f 1933 1932 1934
f 1932 1908 1934
f 1908 1909 1934
f 1934 1909 1935
f 1909 1910 1935
f 1910 1911 1935
f 2017 1945 2018
f 2018 1945 2019
f 2019 1945 2020
f 1945 1947 2020
f 1947 1948 2020
f 1948 1950 2020
f 1950 1951 2020
f 1951 1952 2020
f 2020 1952 2021
f 1944 1949 2015
f 2015 1949 2016
f 2016 1949 2017
f 1949 1946 2017
f 1946 1945 2017
f 1952 1953 2021
f 2021 1953 2022
f 1953 1954 2022
f 2022 1954 2023
f 2026 1959 2027
f 2025 1957 2026
f 1958 1959 2026
f 1957 1958 2026
f 2023 1955 2024
f 1954 1955 2023
f 1955 1956 2024
f 1956 1957 2024
f 2024 1957 2025
f 2027 1960 2028
f 1959 1960 2027
f 1960 1961 2028
f 1961 1962 2028
f 1962 1963 2028
f 1963 1964 2028
f 2028 1964 2029
f 1964 1965 2029
f 1823 1824 1965
f 1824 1825 1965
f 1964 1963 1965
f 1963 1821 1965
f 1821 1822 1965
f 1822 1823 1965
f 1823 1822 1824
f 1822 1815 1824
f 1798 1815 1814
f 1815 1816 1814
f 1816 1815 1822
f 1797 1798 1812
f 1812 1798 1813
f 1798 1797 1799
f 1813 1798 1814
f 1797 1782 1799
f 1799 1782 1800
f 1782 1783 1800
f 1800 1783 1801
f 1783 1784 1801
f 1801 1784 1802
f 1784 1785 1802
f 1785 1786 1802
f 1786 1787 1802
f 1802 1787 1803
f 1787 1788 1803
f 1803 1788 1804
f 1788 1789 1804
f 1789 1790 1804
f 1804 1790 1805
f 1805 1790 1806
f 1806 1790 1807
f 1790 1791 1807
f 1791 1792 1807
f 1792 1793 1807
f 1807 1793 1808
f 1793 1794 1808
f 1808 1794 1809
f 1794 1795 1809
f 1809 1795 1810
f 1910 1893 1911
f 1913 1911 1915
f 1911 1893 1915
f 1912 1913 1914
f 1914 1913 1915
f 1939 1912 1955
f 1955 1912 1956
f 1912 1914 1956
f 1867 1939 1955
f 1850 1851 1852
f 1851 1853 1852
f 1866 1867 1955
f 1866 1853 1867
f 1853 1854 1852
f 1854 1853 1865
f 1865 1853 1866
f 1850 1852 1944
f 1852 1855 1944
f 1949 1944 1948
f 1944 1855 1948
f 1795 1796 1810
f 1810 1796 1811
f 1811 1796 1812
f 1796 1797 1812
f 1814 1816 1817
f 1816 1818 1817
f 1817 1818 1819
f 1820 1819 1821
f 1819 1818 1821
f 1820 1821 1963
f 1918 1895 1919
f 1895 1896 1919
f 1918 1919 1962
f 1961 1918 1962
f 1896 1876 1897
f 1895 1873 1896
f 1873 1874 1896
f 1874 1876 1896
f 1897 1876 1898
f 1898 1876 1899
f 1876 1878 1899
f 1878 1879 1899
f 1899 1879 1900
f 1900 1880 1901
f 1879 1880 1900
f 1901 1880 1902
f 1902 1880 1903
f 1880 1882 1903
f 1882 1883 1903
f 1883 1884 1903
f 1903 1884 1904
f 1904 1884 1905
f 1884 1885 1905
f 1885 1886 1905
f 1905 1886 1906
f 1886 1887 1906
f 1887 1888 1906
f 1906 1888 1907
f 1888 1889 1907
f 1889 1890 1907
f 1907 1890 1908
f 1908 1890 1909
f 1890 1891 1909
f 1909 1891 1910
f 1891 1892 1910
f 1892 1893 1910
f 1945 1946 1947
f 1947 1946 1948
f 1946 1949 1948
f 1855 1857 1948
f 1948 1857 1950
f 1857 1858 1950
f 1858 1859 1950
f 1950 1859 1951
f 1859 1860 1951
f 1860 1861 1951
f 1861 1862 1951
f 1862 1863 1951
f 1951 1863 1952
f 1952 1863 1953
f 1863 1864 1953
f 1953 1864 1954
f 1864 1865 1954
f 1865 1866 1954
f 1954 1866 1955
f 1958 1916 1959
f 1916 1917 1959
f 1959 1917 1960
f 1956 1914 1957
f 1957 1914 1958
f 1914 1915 1958
f 1915 1916 1958
f 1917 1918 1960
f 1960 1918 1961
f 1821 1818 1822
f 1818 1816 1822
f 1796 1782 1797
f 1782 1781 1783
f 1781 1782 1796
f 1781 1780 1783
f 1783 1780 1784
f 1784 1780 1785
f 1780 1778 1785
f 1778 1775 1785
f 1775 1774 1785
f 1785 1774 1786
f 1774 1773 1786
f 1773 1763 1786
f 1763 1764 1786
f 1764 1765 1786
f 1786 1765 1787
f 1787 1765 1788
f 1765 1766 1788
f 1766 1767 1788
f 1788 1767 1789
f 1767 1768 1789
f 1789 1768 1790
f 1790 1768 1791
f 1769 1770 1791
f 1770 1771 1791
f 1791 1771 1792
f 1768 1769 1791
f 1771 1772 1792
f 1772 1776 1792
f 1792 1776 1793
f 1793 1776 1794
f 1776 1777 1794
f 1794 1777 1795
f 1777 1779 1795
f 1795 1779 1796
f 1893 1892 1894
f 1893 1894 1915
f 1915 1894 1916
f 1852 1854 1855
f 1854 1856 1855
f 1856 1854 1864
f 1864 1854 1865
f 1857 1855 1858
f 1858 1855 1861
f 1861 1855 1862
f 1855 1856 1862
f 1779 1781 1796
f 1894 1871 1895
f 1871 1873 1895
f 1894 1895 1916
f 1916 1895 1917
f 1917 1895 1918
f 1875 1877 1876
f 1876 1877 1878
f 1874 1875 1876
f 1871 1872 1873
f 1873 1872 1874
f 1872 1875 1874
f 1877 1870 1878
f 1878 1870 1879
f 1870 1869 1879
f 1879 1869 1880
f 1869 1881 1880
f 1880 1881 1882
f 1882 1881 1883
f 1883 1881 1884
f 1881 1869 1884
f 1869 1868 1884
f 1884 1868 1885
f 1885 1868 1886
f 1886 1868 1887
f 1888 1887 1889
f 1887 1868 1889
f 1868 1870 1889
f 1870 1877 1889
f 1889 1877 1890
f 1890 1877 1891
f 1877 1875 1891
f 1891 1875 1892
f 1875 1872 1892
f 1872 1871 1892
f 1892 1871 1894
f 1859 1858 1860
f 1860 1858 1861
f 1862 1856 1863
f 1863 1856 1864
f 1779 1780 1781
f 1778 1780 1779
f 1775 1778 1777
f 1777 1778 1779
f 1776 1775 1777
f 1774 1775 1772
f 1772 1775 1776
f 1773 1774 1772
f 1763 1773 1772
f 1762 1761 1763
f 1761 1758 1763
f 1763 1758 1764
f 1762 1763 1771
f 1771 1763 1772
f 1758 1757 1764
f 1764 1757 1765
f 1765 1757 1766
f 1757 1759 1766
f 1766 1759 1767
f 1768 1767 1769
f 1767 1759 1769
f 1769 1759 1770
f 1759 1760 1770
f 1760 1762 1770
f 1770 1762 1771
f 1868 1869 1870
f 1758 1761 1760
f 1760 1761 1762
f 1757 1758 1759
f 1759 1758 1760
