# File generated by FabConvert.com - Free Image and 3D model conversion tools

mtllib rghtarm.mtl

o obj1
v -0.13547361 -0.47146961 -0.01192254
v -0.13386476 -0.46867847 -0.01247996
v -0.13677692 -0.46528822 -0.01135868
v -0.13375807 -0.47196329 -0.01318407
v -0.13386476 -0.46867847 -0.01247996
v -0.13547361 -0.47146961 -0.01192254
v -0.13689232 -0.47106194 -0.01194948
v -0.13423848 -0.46932364 -0.01379901
v -0.13272166 -0.48034382 -0.01619112
v -0.13272166 -0.48034382 -0.01619112
v -0.14646578 -0.45605028 -0.01363337
v -0.14782083 -0.45902106 -0.01549399
v -0.14363599 -0.46002623 -0.01546109
v -0.14087248 -0.45681724 -0.01333386
v -0.13606238 -0.45321128 -0.01108176
v -0.1395967 -0.46769354 -0.01447612
v -0.1467607 -0.45642516 -0.01868874
v -0.13891077 -0.45165789 -0.01440901
v -0.14388096 -0.46776992 -0.01754302
v -0.13272166 -0.48034382 -0.01619112
v -0.13689232 -0.47106194 -0.01194948
v -0.14096224 -0.47140941 -0.01575035
v -0.13375807 -0.47196329 -0.01318407
v -0.13525271 -0.47185448 -0.01488787
v -0.13423848 -0.46932364 -0.01379901
v -0.1362834 -0.46938378 -0.01462537
v -0.13709736 -0.47157547 -0.01466012
v -0.13525271 -0.47185448 -0.01488787
v -0.13272166 -0.48034382 -0.01619112
v -0.14096224 -0.47140941 -0.01575035
v -0.14096224 -0.47140941 -0.01575035
v -0.13709736 -0.47157547 -0.01466012
v -0.13272166 -0.48034382 -0.01619112
v -0.14963293 -0.45572454 -0.01544905
v -0.1467607 -0.45642516 -0.01868874
v -0.15027714 -0.4578363 -0.01780915
v -0.15301716 -0.45186457 -0.01676601
v -0.14963293 -0.45572454 -0.01544905
v -0.14782083 -0.45902106 -0.01549399
v -0.14388096 -0.46776992 -0.01754302
v -0.12763244 -0.41309792 -0.00614744
v -0.13168657 -0.41192776 -0.00463635
v -0.13182116 -0.41535968 -0.00441116
v -0.1296488 -0.4239029 -0.00900096
v -0.121705 -0.4125593 -0.01057363
v -0.12763244 -0.41309792 -0.00614744
v -0.1296488 -0.4239029 -0.00900096
v -0.127581 -0.43022406 -0.01278687
v -0.12153542 -0.41668102 -0.01151288
v -0.12991214 -0.43178067 -0.01050586
v -0.13923013 -0.43660003 -0.00912088
v -0.12991214 -0.43178067 -0.01050586
v -0.1271289 -0.42426175 -0.01501304
v -0.11935592 -0.41054085 -0.01138282
v -0.1410377 -0.43642789 -0.00810564
v -0.14104664 -0.43716863 -0.00810808
v -0.14059854 -0.44041193 -0.00928044
v -0.13247764 -0.45097667 -0.01218784
v -0.13210201 -0.44383776 -0.01077145
v -0.13092721 -0.4457764 -0.01254016
v -0.13210201 -0.44383776 -0.01077145
v -0.13247764 -0.45097667 -0.01218784
v -0.13282371 -0.45079452 -0.01364303
v -0.13575113 -0.41398904 -0.00631481
v -0.14625823 -0.41672823 -0.01133108
v -0.14180958 -0.43571976 -0.00849342
v -0.14177501 -0.43681502 -0.00810808
v -0.14355707 -0.43648678 -0.00919223
v -0.14123511 -0.42218196 -0.01727939
v -0.14714229 -0.41686159 -0.01842588
v -0.14145207 -0.4121052 -0.01827377
v -0.14860582 -0.42438185 -0.01865315
v -0.15006578 -0.425221 -0.01250893
v -0.15248728 -0.43550718 -0.01082247
v -0.14172566 -0.43755129 -0.00867623
v -0.15051377 -0.44513956 -0.01331592
v -0.14843881 -0.44589636 -0.01677769
v -0.127581 -0.43022406 -0.01278687
v -0.13084352 -0.42965692 -0.01601213
v -0.1271289 -0.42426175 -0.01501304
v -0.13242602 -0.42579228 -0.01624638
v -0.13432503 -0.4298785 -0.01602
v -0.13092721 -0.4457764 -0.01254016
v -0.13282371 -0.45079452 -0.01364303
v -0.13379955 -0.44810101 -0.01475763
v -0.13509917 -0.45080221 -0.0145641
v -0.13623333 -0.44819239 -0.01476759
v -0.14623296 -0.43719473 -0.01825041
v -0.15086484 -0.43626782 -0.01823115
v -0.14970279 -0.41692567 -0.01349312
v -0.14714229 -0.41686159 -0.01842588
v -0.15307117 -0.42151093 -0.0150308
v -0.1495055 -0.41530451 -0.01529402
v -0.15307117 -0.42151093 -0.0150308
v -0.14970279 -0.41692567 -0.01349312
v -0.15301716 -0.45186457 -0.01676601
v -0.15624368 -0.44152179 -0.01457632
v -0.15248728 -0.43550718 -0.01082247
v -0.15699601 -0.43201548 -0.01402479
v -0.14860582 -0.42438185 -0.01865315
v -0.15086484 -0.43626782 -0.01823115
v -0.15624368 -0.44152179 -0.01457632
v -0.09267288 -0.3678931 -0.00642878
v -0.09280968 -0.36778021 -0.00624126
v -0.09282053 -0.36799222 -0.00633299
v -0.09276277 -0.36804146 -0.00650048
v -0.09261239 -0.36787134 -0.00656188
v -0.09377396 -0.36949807 -0.0065794
v -0.0916087 -0.3679235 -0.01230055
v -0.08798569 -0.36074692 -0.01463801
v -0.08715308 -0.36078054 -0.0117811
v -0.09281403 -0.36823452 -0.00672603
v -0.10109437 -0.36934525 -0.00124818
v -0.10810161 -0.38842899 -0.00736368
v -0.109954 -0.37136036 0.00392061
v -0.11849123 -0.39093724 -0.00230199
v -0.09646356 -0.3753736 -0.01142877
v -0.10702372 -0.38908651 -0.00872397
v -0.1049667 -0.38538808 -0.00747794
v -0.11896646 -0.39708146 -0.00488329
v -0.11802536 -0.4066419 -0.01048547
v -0.1151287 -0.40426171 -0.01146716
v -0.1089958 -0.39282554 -0.01238728
v -0.10313898 -0.38529691 -0.01188487
v -0.11221552 -0.39627391 -0.01392937
v -0.09071082 -0.36153764 -0.01659817
v -0.08798569 -0.36074692 -0.01463801
v -0.0916087 -0.3679235 -0.01230055
v -0.10416716 -0.36959988 -0.02073497
v -0.11047453 -0.39158747 -0.01486659
v -0.10875165 -0.37696978 -0.02033138
v -0.10313898 -0.38529691 -0.01188487
v -0.11313015 -0.39169392 -0.01511747
v -0.1089958 -0.39282554 -0.01238728
v -0.11221552 -0.39627391 -0.01392937
v -0.109954 -0.37136036 0.00392061
v -0.12306881 -0.38865855 -0.00132346
v -0.11849123 -0.39093724 -0.00230199
v -0.1103757 -0.37097314 0.00385672
v -0.1284585 -0.37160382 -0.0005787
v -0.12855071 -0.37559807 -0.0012629
v -0.10965258 -0.37083453 0.00404859
v -0.10952806 -0.37188089 -0.02236044
v -0.10781151 -0.37220088 -0.02189785
v -0.11316562 -0.37504435 -0.02029169
v -0.13423312 -0.38223836 -0.00596011
v -0.13344049 -0.38533977 -0.00948656
v -0.13273609 -0.38920978 -0.00677985
v -0.12282884 -0.39326045 -0.00278717
v -0.11896646 -0.39708146 -0.00488329
v -0.13593984 -0.39279127 -0.00763363
v -0.13598728 -0.39856565 -0.00726545
v -0.13286042 -0.37434855 -0.00323033
v -0.14091122 -0.37642026 -0.01334858
v -0.14295161 -0.37614408 -0.01511663
v -0.14007473 -0.37830809 -0.01453984
v -0.13308561 -0.38467321 -0.01317805
v -0.14007473 -0.37830809 -0.01453984
v -0.13800466 -0.38014379 -0.01867056
v -0.13344049 -0.38533977 -0.00948656
v -0.1474973 -0.4130277 -0.0133217
v -0.14153361 -0.40042135 -0.00989115
v -0.14495277 -0.40678647 -0.01482874
v -0.1474973 -0.4130277 -0.0133217
v -0.14153361 -0.40042135 -0.00989115
v -0.12735802 -0.38359687 -0.01557767
v -0.12903744 -0.38057485 -0.01892728
v -0.13014519 -0.38321847 -0.01563513
v -0.12605011 -0.40094686 -0.01859784
v -0.12248456 -0.40827718 -0.01585925
v -0.12911856 -0.40732071 -0.01778203
v -0.13242352 -0.39988196 -0.01869369
v -0.13014519 -0.38321847 -0.01563513
v -0.12903744 -0.38057485 -0.01892728
v -0.13699341 -0.39664888 -0.01312017
v -0.0291068 -0.32895976 0.01163787
v -0.02918595 -0.32731181 0.01160467
v -0.0314033 -0.32813239 0.01304561
v -0.03102589 -0.32990521 0.01123732
v -0.03019816 -0.32983136 0.00980526
v -0.03198189 -0.33052176 0.00911725
v -0.03115761 -0.32828981 0.00623894
v -0.02921236 -0.32816845 0.0099082
v -0.02921236 -0.32816845 0.0099082
v -0.03019816 -0.32983136 0.00980526
v -0.03115761 -0.32828981 0.00623894
v -0.03019816 -0.32983136 0.00980526
v -0.03102589 -0.32990521 0.01123732
v -0.03102589 -0.32990521 0.01123732
v -0.0314033 -0.32813239 0.01304561
v -0.03409141 -0.32874 0.0115869
v -0.04695946 -0.31311339 0.01341051
v -0.0452674 -0.31248736 0.01444441
v -0.04723328 -0.3111794 0.01476103
v -0.0485611 -0.31126726 0.01415467
v -0.04695946 -0.31311339 0.01341051
v -0.0485611 -0.31126726 0.01415467
v -0.04993206 -0.31213152 0.01223505
v -0.03409141 -0.32874 0.0115869
v -0.04120791 -0.32283199 0.00840086
v -0.08030611 -0.34605181 -0.00511903
v -0.07483047 -0.3378095 -0.0056206
v -0.07861477 -0.34142798 -0.00289565
v -0.04785484 -0.31424487 0.01013339
v -0.0811519 -0.34627813 -0.00320488
v -0.07990962 -0.34601647 -0.00717914
v -0.08169806 -0.34837472 -0.00454241
v -0.0814895 -0.34895086 -0.00608832
v -0.08461225 -0.34416908 -0.00035012
v -0.07273722 -0.32389182 0.00326216
v -0.08807915 -0.32150006 0.01049662
v -0.08921325 -0.33466357 0.00836635
v -0.09320885 -0.34154546 0.00808078
v -0.08461225 -0.34416908 -0.00035012
v -0.06745309 -0.32560855 -0.00724375
v -0.06696337 -0.32323879 -0.00513977
v -0.07092953 -0.32877403 -0.0193643
v -0.07750177 -0.34166867 -0.01276851
v -0.07194495 -0.32131517 -0.00819999
v -0.08384705 -0.34833831 -0.00262767
v -0.09560221 -0.35433584 0.00518155
v -0.08369762 -0.35415882 -0.01267725
v -0.09991682 -0.3292737 0.0041188
v -0.1057905 -0.34957224 0.00832343
v -0.10577089 -0.33930033 0.00369227
v -0.10192686 -0.33407825 -0.00981718
v -0.10620219 -0.33885652 -0.00665772
v -0.10107076 -0.33006984 -0.00626254
v -0.09874386 -0.32524669 -0.01050562
v -0.1114462 -0.34223974 -0.01218826
v -0.11658418 -0.34532154 -0.00469327
v -0.10620219 -0.33885652 -0.00665772
v -0.1114462 -0.34223974 -0.01218826
v -0.09560221 -0.35433584 0.00518155
v -0.10954338 -0.37055144 0.004116
v -0.110102 -0.37001547 0.00391906
v -0.10954338 -0.37055144 0.004116
v -0.10965258 -0.37083453 0.00404859
v -0.10846114 -0.36928958 -0.02192181
v -0.07750177 -0.34166867 -0.01276851
v -0.08524716 -0.34237391 -0.02165478
v -0.07092953 -0.32877403 -0.0193643
v -0.08870393 -0.33385372 -0.02273387
v -0.09442091 -0.34417933 -0.02400541
v -0.08369762 -0.35415882 -0.01267725
v -0.08875763 -0.35753328 -0.01672345
v -0.09302032 -0.35775369 -0.01806486
v -0.1018374 -0.33378756 -0.01886266
v -0.11126173 -0.3419205 -0.01896429
v -0.108549 -0.35115385 -0.02253497
v -0.11696702 -0.3512156 -0.02663004
v -0.11709833 -0.34599525 0.0005812
v -0.12109959 -0.34967911 0.00034845
v -0.11660928 -0.35102624 0.00311965
v -0.12330651 -0.33080947 -0.00402474
v -0.12479538 -0.33016747 -0.00436848
v -0.12493658 -0.331397 -0.00430506
v -0.11733365 -0.3367517 -0.01181996
v -0.12295365 -0.33093268 -0.00592983
v -0.12986702 -0.34281242 -0.00563478
v -0.1336714 -0.35279924 -0.00673175
v -0.13139081 -0.35353673 -0.00508708
v -0.11733365 -0.3367517 -0.01181996
v -0.11536735 -0.32696438 -0.01223409
v -0.12295365 -0.33093268 -0.00592983
v -0.12155128 -0.35376263 0.00102431
v -0.13436484 -0.35492539 -0.00631493
v -0.1334039 -0.35801363 -0.00566214
v -0.12579769 -0.3307755 -0.00502515
v -0.1262756 -0.3308813 -0.0063197
v -0.1262756 -0.3308813 -0.0063197
v -0.13138378 -0.32557356 -0.01612705
v -0.13295007 -0.33802265 -0.01538032
v -0.1378274 -0.35206401 -0.018255
v -0.13384104 -0.3374877 -0.02027345
v -0.1336714 -0.35279924 -0.00673175
v -0.1404165 -0.3584854 -0.01827687
v -0.14295161 -0.37614408 -0.01511663
v -0.13436484 -0.35492539 -0.00631493
v -0.14252675 -0.37686428 -0.02156401
v -0.11703587 -0.33646035 -0.01967192
v -0.12275141 -0.34775716 -0.02829266
v -0.12583667 -0.33580899 -0.02624619
v -0.13198507 -0.3498385 -0.02591962
v -0.12399858 -0.35605854 -0.02990329
v -0.13065791 -0.37226743 -0.02700496
v -0.13478947 -0.35879916 -0.02720422
v -0.13198507 -0.3498385 -0.02591962
v -0.12583667 -0.33580899 -0.02624619
v -0.14252675 -0.37686428 -0.02156401
v -0.13478947 -0.35879916 -0.02720422
v -0.03145838 -0.32292962 0.01221156
v -0.03460371 -0.30971903 0.00609797
v -0.03740811 -0.30107808 0.00339586
v -0.0377875 -0.30096793 0.00820237
v -0.03543013 -0.3107335 0.01221198
v -0.03684902 -0.3105033 0.00040281
v -0.03740811 -0.30107808 0.00339586
v -0.03460371 -0.30971903 0.00609797
v -0.03004879 -0.32582057 0.00973725
v -0.03145838 -0.32292962 0.01221156
v -0.02918595 -0.32731181 0.01160467
v -0.03004879 -0.32582057 0.00973725
v -0.03004879 -0.32582057 0.00973725
v -0.03411216 -0.32233459 0.00204259
v -0.04648584 -0.29804164 0.01631808
v -0.04499775 -0.29500586 0.0154804
v -0.0472731 -0.29532039 0.01667416
v -0.04148149 -0.30208319 0.01433283
v -0.04837048 -0.29776001 0.01674128
v -0.04452777 -0.29431218 0.01281703
v -0.04499775 -0.29500586 0.0154804
v -0.04148149 -0.30208319 0.01433283
v -0.04685026 -0.3101083 0.01457703
v -0.04376942 -0.31044298 0.01368326
v -0.04782838 -0.30997425 0.01479477
v -0.05196184 -0.29377705 0.01675195
v -0.04812813 -0.27161175 0.01439166
v -0.06544358 -0.28395873 0.01539016
v -0.06703544 -0.30237246 0.01530063
v -0.06680995 -0.3036775 0.01523757
v -0.06741142 -0.30370444 0.01523334
v -0.06706035 -0.30430222 0.01494062
v -0.04724592 -0.27146947 0.01392156
v -0.04213864 -0.28300446 0.00505835
v -0.0377875 -0.30096793 0.00820237
v -0.04437405 -0.30139709 -0.00500596
v -0.04864275 -0.29819793 -0.00658965
v -0.04649872 -0.29130274 -0.00613678
v -0.04184896 -0.28287029 0.00062644
v -0.04544902 -0.27191055 -0.01123619
v -0.03145838 -0.32292962 0.01221156
v -0.03543013 -0.3107335 0.01221198
v -0.04700398 -0.31716675 0.00685167
v -0.04934692 -0.31513858 0.00578558
v -0.04700398 -0.31716675 0.00685167
v -0.04414672 -0.31050462 -0.00049406
v -0.05218035 -0.29243892 -0.00910926
v -0.06619406 -0.28337729 -0.01647705
v -0.04608488 -0.27176726 -0.01164854
v -0.05246419 -0.29854739 -0.01190013
v -0.06678778 -0.30507874 0.0139634
v -0.06778145 -0.31598502 0.00433981
v -0.05757087 -0.31058401 0.00484812
v -0.05757087 -0.31058401 0.00484812
v -0.06678778 -0.30507874 0.0139634
v -0.05793136 -0.31467545 -0.00289297
v -0.04934692 -0.31513858 0.00578558
v -0.05757087 -0.31058401 0.00484812
v -0.05793136 -0.31467545 -0.00289297
v -0.06395704 -0.31861335 -0.00467885
v -0.06238157 -0.31658196 -0.00748384
v -0.05793136 -0.31467545 -0.00289297
v -0.05122441 -0.30479366 -0.00332117
v -0.04934692 -0.31513858 0.00578558
v -0.06362748 -0.3160404 -0.01864153
v -0.05848187 -0.30662078 -0.01215237
v -0.06339234 -0.30393684 -0.02074742
v -0.06654871 -0.28994834 -0.01951844
v -0.07121122 -0.30527753 -0.02154678
v -0.05848187 -0.30662078 -0.01215237
v -0.06362748 -0.3160404 -0.01864153
v -0.07165694 -0.28068203 0.01045525
v -0.07655704 -0.28895688 0.0112291
v -0.06865615 -0.3031944 0.01469642
v -0.07031256 -0.30602998 0.01459867
v -0.06678778 -0.30507874 0.0139634
v -0.0847587 -0.30116248 0.0090664
v -0.07436115 -0.28374004 0.00457829
v -0.07436115 -0.28374004 0.00457829
v -0.07574737 -0.28352356 -0.00165236
v -0.08333367 -0.29638869 -0.00039989
v -0.09019572 -0.30703229 -0.00034279
v -0.0847587 -0.30116248 0.0090664
v -0.06619406 -0.28337729 -0.01647705
v -0.08133519 -0.28968048 -0.00908518
v -0.07410216 -0.27994162 -0.00903082
v -0.08778429 -0.30007869 -0.00937659
v -0.08192116 -0.29918838 -0.0134353
v -0.08536583 -0.31660759 0.01130837
v -0.09019572 -0.30703229 -0.00034279
v -0.09453374 -0.31575286 -0.0078935
v -0.09531158 -0.31699181 -0.00146294
v -0.0924412 -0.31010973 -0.01327527
v -0.1079278 -0.286901 -0.01084703
v -0.1152125 -0.30327749 -0.00843531
v -0.10689956 -0.29005897 -0.0126313
v -0.1079278 -0.286901 -0.01084703
v -0.10689956 -0.29005897 -0.0126313
v -0.10580891 -0.28655219 -0.01316643
v -0.10580891 -0.28655219 -0.01316643
v -0.10689956 -0.29005897 -0.0126313
v -0.10528415 -0.28862542 -0.01497698
v -0.10528415 -0.28862542 -0.01497698
v -0.10496879 -0.28535044 -0.01546347
v -0.10580891 -0.28655219 -0.01316643
v -0.10689956 -0.29005897 -0.0126313
v -0.1152125 -0.30327749 -0.00843531
v -0.10611683 -0.29385316 -0.01537925
v -0.10528415 -0.28862542 -0.01497698
v -0.09531158 -0.31699181 -0.00146294
v -0.09991682 -0.3292737 0.0041188
v -0.09650618 -0.31571686 -0.01436114
v -0.09871709 -0.32514197 -0.01698035
v -0.08192116 -0.29918838 -0.0134353
v -0.08623677 -0.31660491 -0.01934528
v -0.09337491 -0.31605917 -0.0194484
v -0.07594401 -0.32234567 -0.0175631
v -0.08945739 -0.32298279 -0.01899612
v -0.08623677 -0.31660491 -0.01934528
v -0.09337491 -0.31605917 -0.0194484
v -0.10440958 -0.2922253 -0.02604377
v -0.11306828 -0.30194038 -0.02959591
v -0.10611331 -0.28689998 -0.02726734
v -0.10074031 -0.28441012 -0.02136654
v -0.10193199 -0.29056156 -0.01961815
v -0.10204148 -0.28657323 -0.02576506
v -0.10204148 -0.28657323 -0.02576506
v -0.10392833 -0.29905391 -0.01948202
v -0.10440958 -0.2922253 -0.02604377
v -0.10392833 -0.29905391 -0.01948202
v -0.09871709 -0.32514197 -0.01698035
v -0.11486053 -0.28658861 -0.01000875
v -0.1152125 -0.30327749 -0.00843531
v -0.1079278 -0.286901 -0.01084703
v -0.12249041 -0.28959101 -0.00786251
v -0.1267035 -0.30418235 -0.01157677
v -0.11776173 -0.30756557 -0.00742561
v -0.1100539 -0.30664343 -0.01732874
v -0.12210041 -0.28049743 -0.01297003
v -0.12013149 -0.31645679 -0.00613892
v -0.12330651 -0.33080947 -0.00402474
v -0.12013149 -0.31645679 -0.00613892
v -0.12575036 -0.32823068 -0.00535798
v -0.10912895 -0.31499213 -0.01656562
v -0.11775327 -0.30902857 -0.00709879
v -0.11508512 -0.32680541 -0.02044755
v -0.12709397 -0.29668134 -0.01763803
v -0.1282686 -0.30277342 -0.01961684
v -0.12709397 -0.29668134 -0.01763803
v -0.12738687 -0.29625654 -0.02088702
v -0.1267035 -0.30418235 -0.01157677
v -0.13027561 -0.31664807 -0.01873404
v -0.12795103 -0.31460047 -0.00974798
v -0.13249338 -0.32636404 -0.02120411
v -0.12197185 -0.2784189 -0.02345335
v -0.11384374 -0.2871089 -0.02719665
v -0.12252527 -0.29241973 -0.02666211
v -0.11750495 -0.3064487 -0.0295983
v -0.1265499 -0.30430102 -0.02514178
v -0.10912895 -0.31499213 -0.01656562
v -0.11508512 -0.32680541 -0.02044755
v -0.11746401 -0.31080079 -0.02992779
v -0.12454885 -0.3277024 -0.02715307
v -0.12786663 -0.31551713 -0.02531427
v -0.1265499 -0.30430102 -0.02514178
v -0.12252527 -0.29241973 -0.02666211
v -0.12454885 -0.3277024 -0.02715307
v -0.12786663 -0.31551713 -0.02531427
v -0.01781327 -0.24110228 0.00967169
v -0.01756936 -0.23531574 0.01011598
v -0.02294731 -0.23944867 0.01711828
v -0.0247345 -0.2472524 0.01031667
v -0.02119297 -0.24582887 0.00448352
v -0.03587931 -0.26056492 0.00326544
v -0.0201636 -0.24615681 -0.00016057
v -0.01364231 -0.23666453 0.00285435
v -0.01281393 -0.23672682 -0.00031799
v -0.01537389 -0.24143022 -0.00621855
v -0.01451898 -0.23444533 -0.0058732
v -0.0205766 -0.23949164 -0.01207811
v -0.01451898 -0.23444533 -0.0058732
v -0.01537389 -0.24143022 -0.00621855
v -0.02283752 -0.24810946 -0.00586754
v -0.02283752 -0.24810946 -0.00586754
v -0.03628957 -0.26078045 0.00379568
v -0.03646809 -0.26136518 0.00349909
v -0.03643996 -0.26133293 0.00315481
v -0.03622484 -0.26083761 0.00278389
v -0.03100878 -0.23485583 0.02187103
v -0.03424364 -0.24473178 0.01974338
v -0.02294731 -0.23944867 0.01711828
v -0.04279578 -0.25103474 0.01876467
v -0.04431731 -0.24774325 0.01944029
v -0.03917807 -0.25260699 0.01512367
v -0.03424364 -0.24473178 0.01974338
v -0.04279578 -0.25103474 0.01876467
v -0.04593152 -0.25116783 0.01871973
v -0.04731685 -0.2713716 0.01421559
v -0.04742932 -0.27109605 0.01434398
v -0.04756141 -0.27136141 0.01433939
v -0.04698616 -0.27087051 0.01407033
v -0.04742932 -0.27109605 0.01434398
v -0.04768264 -0.27110839 0.01434004
v -0.04756141 -0.27136141 0.01433939
v -0.04980201 -0.24656409 0.01867557
v -0.06006902 -0.26036328 0.01534206
v -0.05177784 -0.24498749 0.01358414
v -0.05149597 -0.26912081 0.01437032
v -0.02994502 -0.23447847 -0.01802742
v -0.03512192 -0.2463842 -0.0155257
v -0.03862178 -0.25274193 -0.0121541
v -0.04113513 -0.26626539 -0.00457859
v -0.04558605 -0.27099419 -0.01145726
v -0.04113513 -0.26626539 -0.00457859
v -0.0451194 -0.26933241 -0.01196456
v -0.06412506 -0.26196229 0.00287116
v -0.0598737 -0.24759287 0.00774997
v -0.060251 -0.24769974 1.258E-05
v -0.05791718 -0.23746687 0.0088225
v -0.05406052 -0.23168081 0.01412779
v -0.0598737 -0.24759287 0.00774997
v -0.06247514 -0.26252609 0.01445299
v -0.04920548 -0.24625748 -0.00975102
v -0.05825633 -0.23700029 -0.00042969
v -0.05458552 -0.23152137 -0.00801116
v -0.05350339 -0.25566548 -0.01196319
v -0.04724663 -0.24744713 -0.01469779
v -0.06186676 -0.26160437 -0.00786376
v -0.06247514 -0.26252609 0.01445299
v -0.06362289 -0.26495856 0.01450545
v -0.07103014 -0.27440798 -0.00076777
v -0.07022488 -0.27543068 0.00470114
v -0.06543177 -0.26794297 -0.00946206
v -0.03862178 -0.25274193 -0.0121541
v -0.0415433 -0.25162685 -0.01537347
v -0.04299414 -0.2484566 -0.01595628
v -0.0445435 -0.25158954 -0.01549441
v -0.04724663 -0.24744713 -0.01469779
v -0.05350339 -0.25566548 -0.01196319
v -0.07022488 -0.27543068 0.00470114
v -0.07165694 -0.28068203 0.01045525
v -0.06543177 -0.26794297 -0.00946206
v -0.10557723 -0.23930788 -0.00404537
v -0.10216242 -0.24959475 -0.00994527
v -0.09783959 -0.23918152 -0.00980222
v -0.11253619 -0.26308388 -0.00511801
v -0.1128369 -0.26117432 -0.00430465
v -0.11323273 -0.26311165 -0.0044474
v -0.09577572 -0.24323738 -0.0183441
v -0.08826166 -0.23031217 -0.0230521
v -0.09281194 -0.24407226 -0.02401245
v -0.09375715 -0.25563407 -0.02216119
v -0.10141861 -0.26245064 -0.01202083
v -0.11253619 -0.26308388 -0.00511801
v -0.11323273 -0.26311165 -0.0044474
v -0.11311805 -0.26471615 -0.00450361
v -0.11253619 -0.26308388 -0.00511801
v -0.10600132 -0.28216463 -0.01289701
v -0.1079278 -0.286901 -0.01084703
v -0.10580891 -0.28655219 -0.01316643
v -0.10141861 -0.26245064 -0.01202083
v -0.11253619 -0.26308388 -0.00511801
v -0.10600132 -0.28216463 -0.01289701
v -0.10600132 -0.28216463 -0.01289701
v -0.10580891 -0.28655219 -0.01316643
v -0.10496879 -0.28535044 -0.01546347
v -0.09694654 -0.2675488 -0.01998389
v -0.10496879 -0.28535044 -0.01546347
v -0.10074031 -0.28441012 -0.02136654
v -0.09694654 -0.2675488 -0.01998389
v -0.08696651 -0.22975957 -0.02493995
v -0.09060431 -0.23871779 -0.03160459
v -0.09060431 -0.23871779 -0.03160459
v -0.09591675 -0.26099414 -0.03259099
v -0.10402811 -0.23855591 -0.03809923
v -0.09591675 -0.26099414 -0.03259099
v -0.09599352 -0.26196951 -0.03241593
v -0.1024825 -0.26251584 -0.03290451
v -0.11318237 -0.26331776 -0.03355551
v -0.11220568 -0.2602517 -0.03432018
v -0.09694654 -0.2675488 -0.01998389
v -0.09599352 -0.26196951 -0.03241593
v -0.09375715 -0.25563407 -0.02216119
v -0.09646279 -0.26411301 -0.03203875
v -0.09646279 -0.26411301 -0.03203875
v -0.1130836 -0.26422691 -0.03332996
v -0.1128369 -0.26117432 -0.00430465
v -0.11376518 -0.26281601 -0.00459838
v -0.11388487 -0.26207179 -0.00512409
v -0.11405569 -0.26316017 -0.00513911
v -0.11435235 -0.26165491 -0.00693524
v -0.11510527 -0.24599391 -0.01827252
v -0.11616689 -0.25404054 -0.02063984
v -0.11388487 -0.26207179 -0.00512409
v -0.11405569 -0.26316017 -0.00513911
v -0.11585367 -0.24687761 -0.02176535
v -0.11177671 -0.23963898 -0.01061648
v -0.11733621 -0.23170865 -0.01945132
v -0.11510527 -0.24599391 -0.01827252
v -0.11379248 -0.2634427 -0.00456446
v -0.11528087 -0.26759422 -0.00501686
v -0.12139243 -0.26781911 -0.02028048
v -0.12210041 -0.28049743 -0.01297003
v -0.12265009 -0.2746582 -0.01865375
v -0.12334538 -0.27652812 -0.019728
v -0.12327343 -0.27483988 -0.0203954
v -0.12348884 -0.27662468 -0.02079862
v -0.11442047 -0.2616123 -0.03116769
v -0.11441576 -0.23984516 -0.02989078
v -0.1179927 -0.23106676 -0.02174211
v -0.11412114 -0.26153499 -0.03294218
v -0.11421233 -0.26342046 -0.03297192
v -0.11412114 -0.26153499 -0.03294218
v -0.11372733 -0.26301509 -0.0336048
v -0.11372733 -0.26301509 -0.0336048
v -0.11441994 -0.26586509 -0.03288847
v -0.11374271 -0.26360643 -0.03360128
v -0.11374271 -0.26360643 -0.03360128
v -0.11441994 -0.26586509 -0.03288847
v -0.12285674 -0.27436614 -0.02188575
v -0.12197185 -0.2784189 -0.02345335
v 0.01337838 -0.19815332 0.00636488
v 0.01333296 -0.19706869 0.00641257
v 0.01225597 -0.19780988 0.00805521
v 0.01252621 -0.1996147 0.00710505
v 0.01335752 -0.19756424 0.00546265
v 0.01320803 -0.19910282 0.00502777
v 0.01062274 -0.20245343 0.00481153
v 0.01470053 -0.19749075 -0.0052501
v 0.01425731 -0.20081478 -0.00522208
v 0.0146088 -0.19888127 -0.00729054
v 0.01476526 -0.19637239 -0.00712305
v 0.01270139 -0.19883132 -0.01611882
v 0.01323986 -0.20454562 -0.00932091
v 0.00937009 -0.20606029 -0.00196832
v 0.00561297 -0.20194238 0.01073068
v -0.0044452 -0.20503908 0.01898336
v 0.00421494 -0.19422513 0.02271068
v -0.00193721 -0.1998539 0.03495038
v -0.02469748 -0.19957405 0.03328174
v -0.02594823 -0.20149285 0.03043932
v -0.02393818 -0.20065916 0.03025347
v -0.01069731 -0.20053923 0.03413516
v -0.01069731 -0.20053923 0.03413516
v -0.02393818 -0.20065916 0.03025347
v -0.01514095 -0.20394951 0.02406359
v -0.00967997 -0.2063995 0.01656306
v -0.0044452 -0.20503908 0.01898336
v -0.02594823 -0.20149285 0.03043932
v -0.02360177 -0.20250958 0.02721065
v -0.02100629 -0.22438431 0.01453906
v -0.00452244 -0.2074393 0.0162546
v 0.00467718 -0.21193647 0.00186944
v -0.00831604 -0.20653248 0.00024384
v 0.00467718 -0.21193647 0.00186944
v -0.00452244 -0.2074393 0.0162546
v -0.00049448 -0.20831716 -0.01070642
v -0.00466645 -0.21102512 -0.01148301
v 0.00467718 -0.21193647 0.00186944
v -0.00831604 -0.20653248 0.00024384
v -0.00476336 -0.21073085 -0.01238227
v -0.00049448 -0.20831716 -0.01070642
v -0.02083898 -0.20405138 0.00600094
v -0.02164978 -0.21303946 0.00084078
v -0.01980549 -0.20485198 -0.00322419
v -0.00452244 -0.2074393 0.0162546
v -0.02083898 -0.20405138 0.00600094
v -0.01980549 -0.20485198 -0.00322419
v -0.02230388 -0.20580262 0.01567829
v -0.02083898 -0.20405138 0.00600094
v -0.00967997 -0.2063995 0.01656306
v -0.007231 -0.21045405 -0.01162219
v -0.00798291 -0.21011215 -0.0142408
v -0.01949257 -0.20834619 -0.01086986
v -0.01911473 -0.22851151 0.00440222
v -0.01796108 -0.22838616 -0.00054783
v -0.01862836 -0.21938831 -0.00939536
v -0.01796108 -0.22838616 -0.00054783
v -0.01451898 -0.23444533 -0.0058732
v -0.01862836 -0.21938831 -0.00939536
v -0.00038987 -0.20161849 -0.03100294
v 0.01130015 -0.19870257 -0.02148694
v -0.00476336 -0.21073085 -0.01238227
v -0.02042049 -0.20512682 -0.02734834
v -0.02614945 -0.20584106 -0.02749896
v -0.02330214 -0.20101202 -0.03585327
v -0.00687474 -0.20227081 -0.0307129
v -0.02042049 -0.20512682 -0.02734834
v -0.02330214 -0.20101202 -0.03585327
v -0.01971763 -0.20786577 -0.01639271
v -0.00687474 -0.20227081 -0.0307129
v -0.03480983 -0.19975531 0.03465205
v -0.04351085 -0.2015022 0.03447318
v -0.04622716 -0.20842439 0.0246765
v -0.04055226 -0.208722 0.02476799
v -0.02230388 -0.20580262 0.01567829
v -0.02360177 -0.20250958 0.02721065
v -0.03203779 -0.20859879 0.02029824
v -0.03480983 -0.19975531 0.03465205
v -0.04366475 -0.19884318 0.03770691
v -0.03982246 -0.22357482 0.02507317
v -0.04356247 -0.23112208 0.02319956
v -0.02938181 -0.21817183 0.0193491
v -0.04778224 -0.22348517 0.02495122
v -0.05391783 -0.20196265 0.0249567
v -0.05391783 -0.20196265 0.0249567
v -0.05989176 -0.19561905 0.02785826
v -0.0646404 -0.1974346 0.01910436
v -0.04997265 -0.20836943 0.02006745
v -0.05161566 -0.23150933 0.02161556
v -0.05274856 -0.22195137 0.01862788
v -0.02331394 -0.21251923 0.01512486
v -0.02017552 -0.21198368 -0.01022702
v -0.02076316 -0.21086603 -0.01266074
v -0.01949257 -0.20834619 -0.01086986
v -0.01971763 -0.20786577 -0.01639271
v -0.02938181 -0.21817183 0.0193491
v -0.02361691 -0.21527618 -0.01246476
v -0.02017552 -0.21198368 -0.01022702
v -0.02076316 -0.21086603 -0.01266074
v -0.0667097 -0.20209622 0.00772554
v -0.06809694 -0.20563012 -0.0047248
v -0.06100678 -0.21306354 -0.00059479
v -0.06498682 -0.20130336 0.01295096
v -0.06037277 -0.21282351 0.00123066
v -0.04997265 -0.20836943 0.02006745
v -0.06527537 -0.20607769 -0.02133691
v -0.05848986 -0.21103525 -0.01589036
v -0.06526673 -0.20497757 -0.01301432
v -0.06050956 -0.2127378 -0.00263077
v -0.06037277 -0.21282351 0.00123066
v -0.06049824 -0.21538121 0.00058341
v -0.05791718 -0.23746687 0.0088225
v -0.05406052 -0.23168081 0.01412779
v -0.06049824 -0.21538121 0.00058341
v -0.06058002 -0.21508747 -0.001037
v -0.06058002 -0.21508747 -0.001037
v -0.05459052 -0.22038674 -0.0146184
v -0.05459052 -0.22038674 -0.0146184
v -0.05175585 -0.23090768 -0.01756674
v -0.02614945 -0.20584106 -0.02749896
v -0.0359484 -0.21301907 -0.02735156
v -0.04035574 -0.20489919 -0.03668422
v -0.03362763 -0.20034719 -0.04248929
v -0.04399967 -0.20111364 -0.04156345
v -0.04399967 -0.20111364 -0.04156345
v -0.04035574 -0.20489919 -0.03668422
v -0.04885262 -0.20486736 -0.03695881
v -0.04418558 -0.19588399 -0.04635817
v -0.0383206 -0.22316569 -0.02240431
v -0.04325539 -0.23174405 -0.02040368
v -0.05025804 -0.22205889 -0.02361703
v -0.06207186 -0.20653206 -0.03021061
v -0.06724524 -0.20994198 -0.03086513
v -0.0648362 -0.20058936 -0.04259515
v -0.05287045 -0.21229506 -0.02864778
v -0.05804038 -0.20043141 -0.04453409
v -0.05804038 -0.20043141 -0.04453409
v -0.05175585 -0.23090768 -0.01756674
v -0.05025804 -0.22205889 -0.02361703
v -0.05175585 -0.23090768 -0.01756674
v -0.07383877 -0.19248587 0.0150919
v -0.06938082 -0.19955796 0.01235735
v -0.07920116 -0.20520693 -8.786E-05
v -0.07920116 -0.20520693 -8.786E-05
v -0.07743943 -0.21355945 -0.00930673
v -0.06809694 -0.20563012 -0.0047248
v -0.0895257 -0.21874183 -0.00230938
v -0.06527537 -0.20607769 -0.02133691
v -0.06526673 -0.20497757 -0.01301432
v -0.07272124 -0.21175051 -0.01913673
v -0.09303325 -0.21687067 0.001881
v -0.09403318 -0.22111619 0.00045574
v -0.09330291 -0.22459912 -0.00319445
v -0.08781093 -0.22556156 -0.01829779
v -0.0843178 -0.22625172 -0.02466273
v -0.09915614 -0.21212494 0.00064313
v -0.10537976 -0.19784242 -0.00550681
v -0.11427081 -0.21943903 -0.003461
v -0.08467841 -0.19075453 0.01291353
v -0.09565264 -0.19783962 0.00392789
v -0.08437598 -0.20123911 0.0070172
v -0.09763163 -0.21937305 0.00112027
v -0.09303325 -0.21687067 0.001881
v -0.09403318 -0.22111619 0.00045574
v -0.09930378 -0.22678721 -0.00016803
v -0.09930378 -0.22678721 -0.00016803
v -0.11424053 -0.22200787 -0.00358927
v -0.10557723 -0.23930788 -0.00404537
v -0.08658862 -0.22749954 -0.02455962
v -0.08826166 -0.23031217 -0.0230521
v -0.08696651 -0.22975957 -0.02493995
v -0.08658862 -0.22749954 -0.02455962
v -0.06724524 -0.20994198 -0.03086513
v -0.07357448 -0.21534443 -0.03147805
v -0.07402551 -0.21308196 -0.03516471
v -0.07620877 -0.21921045 -0.03522694
v -0.06792521 -0.20098305 -0.04622269
v -0.07402551 -0.21308196 -0.03516471
v -0.08411038 -0.21025169 -0.05273199
v -0.08602214 -0.19241369 -0.04976749
v -0.07357448 -0.21534443 -0.03147805
v -0.08531523 -0.2276904 -0.02596807
v -0.08696216 -0.23455203 -0.03468174
v -0.08678794 -0.22678363 -0.05078864
v -0.07620877 -0.21921045 -0.03522694
v -0.08678794 -0.22678363 -0.05078864
v -0.08553469 -0.21406305 -0.05287617
v -0.10234982 -0.20503336 -0.04214197
v -0.11096096 -0.21262211 -0.03839546
v -0.10519725 -0.19779289 -0.0324592
v -0.09985417 -0.19888127 -0.04201066
v -0.09985417 -0.19888127 -0.04201066
v -0.10178232 -0.22157639 -0.04926509
v -0.10234982 -0.20503336 -0.04214197
v -0.0843178 -0.22625172 -0.02466273
v -0.1015476 -0.23428065 -0.04184812
v -0.10969251 -0.23017442 -0.03854668
v -0.08696216 -0.23455203 -0.03468174
v -0.11504626 -0.22060347 -0.00377387
v -0.11457014 -0.2207458 -0.00353307
v -0.11504626 -0.22036105 -0.00415468
v -0.1152342 -0.22074521 -0.00422037
v -0.1155507 -0.22015691 -0.00566643
v -0.11208665 -0.20410746 -0.01444614
v -0.11851877 -0.21562958 -0.01987475
v -0.11504626 -0.22036105 -0.00415468
v -0.1152342 -0.22074521 -0.00422037
v -0.11273336 -0.20524454 -0.02251267
v -0.10765427 -0.19793183 -0.00991219
v -0.10746002 -0.196316 -0.01216698
v -0.11502355 -0.22097701 -0.00376964
v -0.11509711 -0.22151303 -0.00420386
v -0.11733621 -0.23170865 -0.01945132
v -0.11583954 -0.22210574 -0.00682569
v -0.11902124 -0.22798651 -0.02105242
v -0.11509711 -0.22151303 -0.00420386
v -0.118406 -0.21859127 -0.02650404
v -0.10828173 -0.19835371 -0.02715909
v -0.10748297 -0.19642949 -0.02429372
v -0.11654663 -0.21839434 -0.03426504
v -0.1188522 -0.22213489 -0.03382623
v -0.11621529 -0.22109157 -0.03792429
v -0.11113846 -0.22236568 -0.04218626
v -0.11881196 -0.22701108 -0.0255754
v -0.11727089 -0.22916895 -0.03361291
v -0.11727089 -0.22916895 -0.03361291
v -0.11626267 -0.22399873 -0.03806359
v -0.10969251 -0.23017442 -0.03854668
v -0.11113846 -0.22236568 -0.04218626
v -0.11626267 -0.22399873 -0.03806359
v 0.03527772 -0.14493519 0.01673669
v 0.0392316 -0.1392293 0.01530784
v 0.03888071 -0.13901258 0.01804841
v 0.03563225 -0.14003611 0.02082062
v 0.03563225 -0.14003611 0.02082062
v 0.03131223 -0.14230758 0.01932281
v 0.03527772 -0.14493519 0.01673669
v 0.02527481 -0.14884365 0.00996572
v 0.01468211 -0.17529297 0.01636648
v 0.01433522 -0.17321455 0.01478505
v 0.01374096 -0.17550081 0.01671946
v 0.01373804 -0.17634487 0.0167852
v 0.01326698 -0.17659229 0.01695091
v 0.01346326 -0.17723686 0.01665854
v 0.01373804 -0.17634487 0.0167852
v 0.01326698 -0.17659229 0.01695091
v 0.0138334 -0.1765005 0.01634902
v 0.01468211 -0.17529297 0.01636648
v 0.03726065 -0.15130973 -0.00043547
v 0.0402692 -0.14581192 0.00208884
v 0.03392684 -0.15179056 0.00942618
v 0.04074579 -0.14573509 -0.00283581
v 0.03462833 -0.14967954 -0.01204598
v 0.03985691 -0.13932109 -0.01460856
v 0.04048592 -0.13940847 -0.01060915
v 0.03404212 -0.15329844 -0.0092445
v 0.02494538 -0.16987073 0.0005101
v 0.02586091 -0.1661672 0.00535214
v 0.02379495 -0.17095333 0.00224638
v 0.02385408 -0.17186666 0.000431
v 0.02387494 -0.17102093 -0.00116259
v 0.02789146 -0.16362745 -0.00542134
v 0.02068454 -0.16199809 0.00361562
v 0.01866961 -0.15507448 0.00121766
v 0.01593876 -0.16130567 0.00469047
v 0.02219498 -0.15311021 0.00478464
v 0.03404212 -0.15329844 -0.0092445
v 0.02789146 -0.16362745 -0.00542134
v 0.02509516 -0.15549803 -0.00762302
v 0.02869475 -0.16173244 -0.01219684
v 0.01884562 -0.17906469 -0.01311129
v 0.03576016 -0.13954967 -0.0166263
v 0.02069086 -0.15096712 -0.02092671
v 0.01664865 -0.17608255 -0.01881069
v 0.01715016 -0.15640163 -0.02157128
v 0.00900561 -0.18023604 -0.02417195
v 0.01884562 -0.17906469 -0.01311129
v 0.01300317 -0.19541562 -0.02064049
v 0.01321948 -0.17620039 0.01645619
v 0.00107712 -0.18739641 0.02681661
v 0.00107712 -0.18739641 0.02681661
v -0.00619525 -0.18554413 0.03056341
v -0.00193721 -0.1998539 0.03495038
v -0.0019837 -0.1837042 0.02142537
v -0.00619525 -0.18554413 0.03056341
v 0.00107712 -0.18739641 0.02681661
v -0.02019233 -0.1518994 0.03356349
v -0.01849061 -0.15609092 0.03339106
v -0.01875895 -0.15205306 0.03256541
v -0.02533627 -0.17976528 0.04091287
v -0.0302881 -0.1750859 0.04268116
v -0.03090042 -0.17926174 0.04333287
v -0.01852465 -0.15293986 0.03129673
v -0.01730812 -0.15123326 0.03065157
v -0.01255953 -0.1567927 0.01571757
v -0.01252127 -0.17307866 0.02362102
v -0.01433122 -0.17879653 0.03423506
v -0.02533627 -0.17976528 0.04091287
v -0.02942848 -0.18590909 0.04382199
v -0.02223206 -0.19584852 0.03153747
v -0.02469748 -0.19957405 0.03328174
v -0.01069731 -0.20053923 0.03413516
v -0.02223206 -0.19584852 0.03153747
v -0.01433122 -0.17879653 0.03423506
v 0.00461859 -0.1747033 0.00021261
v 0.00369328 -0.17749506 0.00629026
v 0.01593876 -0.16130567 0.00469047
v 0.01791322 -0.15409511 -0.01659226
v 0.01566362 -0.15693456 -0.00573713
v 0.01426631 -0.15366471 -0.00682819
v 0.00403517 -0.17637789 -0.00623518
v 0.01566362 -0.15693456 -0.00573713
v 0.00805843 -0.17333406 -0.01287645
v 0.01643169 -0.15538037 -0.00322407
v 0.01426631 -0.15366471 -0.00682819
v 0.01566362 -0.15693456 -0.00573713
v 0.01321948 -0.17620039 0.01645619
v 0.00369328 -0.17749506 0.00629026
v -0.0065549 -0.17694694 0.00432515
v -0.00013584 -0.17864281 -0.0135535
v 0.00403517 -0.17637789 -0.00623518
v 0.00805843 -0.17333406 -0.01287645
v 0.01270139 -0.19883132 -0.01611882
v 0.00403517 -0.17637789 -0.00623518
v -0.00013584 -0.17864281 -0.0135535
v -0.0061295 -0.17671388 0.00156945
v -0.00969905 -0.14999288 0.01703304
v -0.01063889 -0.15477753 0.00837713
v -0.01063889 -0.15477753 0.00837713
v -0.00626242 -0.17637718 0.00309241
v -0.00746292 -0.15451181 -0.00326186
v -0.01252127 -0.17307866 0.02362102
v -0.01255953 -0.1567927 0.01571757
v -0.00654382 -0.15943211 -0.01101887
v -0.00153327 -0.1509403 -0.01158255
v -0.00584614 -0.15950578 -0.0195269
v -0.00306487 -0.16993141 -0.01426965
v -0.00306487 -0.16993141 -0.01426965
v -0.00654382 -0.15943211 -0.01101887
v 0.00805843 -0.17333406 -0.01287645
v 0.01715016 -0.15640163 -0.02157128
v 0.00900561 -0.18023604 -0.02417195
v -0.00281566 -0.17316657 -0.03468317
v -0.00321704 -0.17503798 -0.03016859
v -0.00144804 -0.17836624 -0.03396177
v -0.00144804 -0.17836624 -0.03396177
v -0.00403899 -0.1753391 -0.03715682
v -0.00281566 -0.17316657 -0.03468317
v 0.00330913 -0.18573153 -0.02737439
v -0.00198734 -0.19127083 -0.03375924
v -0.00421816 -0.17809319 -0.03674501
v -0.00106108 -0.15092653 -0.01691419
v -0.00473344 -0.15516955 -0.03146166
v -0.00473344 -0.15516955 -0.03146166
v -0.00281566 -0.17316657 -0.03468317
v -0.01080638 -0.15324169 -0.04488432
v -0.00321704 -0.17503798 -0.03016859
v -0.01313585 -0.15323216 -0.04887092
v -0.01327372 -0.15077949 -0.04895991
v -0.01080638 -0.15324169 -0.04488432
v -0.01567775 -0.15166116 -0.04985708
v -0.01610774 -0.15821135 -0.05051184
v -0.00807244 -0.17670095 -0.04035074
v -0.02220207 -0.17661178 -0.05371279
v -0.01066244 -0.18488681 -0.03877461
v -0.02428925 -0.19607401 -0.04612845
v -0.03340429 -0.17793208 0.04327512
v -0.03854573 -0.16229093 0.04059631
v -0.05112302 -0.17908865 0.04091102
v -0.02958345 -0.15223926 0.03566664
v -0.04205149 -0.15364718 0.03906429
v -0.04229802 -0.15104288 0.03687358
v -0.03344268 -0.18056685 0.04326743
v -0.03998321 -0.19359702 0.03985369
v -0.0531283 -0.17871046 0.04058969
v -0.05310154 -0.17921829 0.04042596
v -0.05953032 -0.15319091 0.02916402
v -0.05613643 -0.14851844 0.0273273
v -0.06274807 -0.15121043 0.01774937
v -0.06336749 -0.15796107 0.02804923
v -0.0537129 -0.17889518 0.04026496
v -0.06949133 -0.17707443 0.0320161
v -0.06452221 -0.19149143 0.02754521
v -0.05989176 -0.19561905 0.02785826
v -0.06452221 -0.19149143 0.02754521
v -0.02479571 -0.15475863 -0.05255663
v -0.01937044 -0.15036249 -0.04950076
v -0.04292238 -0.15569383 -0.05211073
v -0.04048806 -0.16431493 -0.05758977
v -0.0471586 -0.165443 -0.05545503
v -0.03998721 -0.18550837 -0.05525625
v -0.04886448 -0.18309456 -0.05287421
v -0.06198728 -0.15564573 -0.04721791
v -0.06809372 -0.15605599 -0.04664969
v -0.06389463 -0.14748538 -0.0343172
v -0.05566126 -0.14908993 -0.04585755
v -0.04292238 -0.15569383 -0.05211073
v -0.04279977 -0.14814574 -0.04627055
v -0.06099164 -0.17437291 -0.05242491
v -0.06198728 -0.15564573 -0.04721791
v -0.06310892 -0.19624591 -0.0467788
v -0.0648362 -0.20058936 -0.04259515
v -0.06710339 -0.19625717 -0.04640931
v -0.08313042 -0.16626924 0.02259856
v -0.07904875 -0.16140473 0.02264762
v -0.08425277 -0.16401821 0.02134776
v -0.0849297 -0.16544855 0.02127147
v -0.08407199 -0.16185689 0.0193941
v -0.07906055 -0.18375957 0.02107751
v -0.08443862 -0.16989863 0.02027881
v -0.08564836 -0.1640898 0.02044296
v -0.09145331 -0.16175681 0.01320803
v -0.08594829 -0.16569817 0.01995987
v -0.0829652 -0.15053922 0.00829428
v -0.06696761 -0.15035337 0.01282603
v -0.08285332 -0.18424159 0.01639825
v -0.07383877 -0.19248587 0.0150919
v -0.09049833 -0.17964351 0.00822687
v -0.09813237 -0.15733492 0.00301379
v -0.10095614 -0.15802127 0.00056398
v -0.09862202 -0.16394216 0.00226051
v -0.09609628 -0.17486012 0.00267446
v -0.09744745 -0.1747309 -0.00090021
v -0.1019026 -0.16164833 -0.02126968
v -0.09860486 -0.17199856 -0.01491886
v -0.10163224 -0.16761607 -0.01213825
v -0.09860486 -0.17199856 -0.01491886
v -0.09804463 -0.17446983 -0.00710529
v -0.10163224 -0.16761607 -0.01213825
v -0.0980351 -0.18222964 0.00206792
v -0.09927052 -0.1763885 -0.01536077
v -0.10404998 -0.18781084 -0.01262116
v -0.10361779 -0.18676722 -0.02011007
v -0.07978833 -0.15346855 -0.03816885
v -0.07092559 -0.17474478 -0.05142027
v -0.08169609 -0.16879302 -0.04937035
v -0.06809372 -0.15605599 -0.04664969
v -0.08169609 -0.16879302 -0.04937035
v -0.09456158 -0.17367303 -0.03501338
v -0.08396 -0.15549242 -0.03749865
v -0.08384252 -0.15420705 -0.03650987
v -0.08249289 -0.18190086 -0.04990399
v -0.09452176 -0.17458862 -0.03516132
v -0.08513403 -0.15493846 -0.03582591
v -0.09507453 -0.17367059 -0.0344128
v -0.10184473 -0.15884227 -0.02392018
v -0.1019026 -0.16164833 -0.02126968
v -0.09552419 -0.17409986 -0.03248137
v -0.0950737 -0.17406696 -0.03460592
v -0.0952974 -0.17407447 -0.03421283
v -0.09550464 -0.1753692 -0.03475487
v -0.09452176 -0.17458862 -0.03516132
v -0.1050697 -0.15791792 -0.00757837
v -0.10346067 -0.162862 -0.0070104
v -0.1050697 -0.15791792 -0.00757837
v -0.10518146 -0.15944463 -0.01074445
v -0.10346067 -0.162862 -0.0070104
v -0.10346067 -0.162862 -0.0070104
v -0.10518146 -0.15944463 -0.01074445
v -0.10481113 -0.15622151 -0.01047677
v -0.10765427 -0.19793183 -0.00991219
v -0.10631299 -0.1942535 -0.00965601
v -0.10631299 -0.1942535 -0.00965601
v -0.10263979 -0.15905601 -0.02252764
v -0.10238439 -0.15965825 -0.02340895
v -0.10259634 -0.15872711 -0.02327424
v -0.10263979 -0.15905601 -0.02252764
v -0.10255641 -0.15843874 -0.02253479
v -0.10238439 -0.15965825 -0.02340895
v -0.10636753 -0.19378704 -0.02731216
v 0.06062949 -0.10744643 0.03189647
v 0.05625337 -0.11337829 0.0302946
v 0.06142837 -0.10899568 0.0290212
v 0.06305295 -0.10702789 0.02929807
v 0.06258267 -0.10809708 0.02702761
v 0.06815445 -0.1032297 0.02469802
v 0.05967534 -0.11248475 0.02510488
v 0.06334114 -0.11286008 0.00743866
v 0.05379689 -0.12506032 0.00115937
v 0.06316483 -0.11164218 -0.0017578
v 0.07301986 -0.10090959 0.01632446
v 0.06550121 -0.10955757 0.01263642
v 0.06951761 -0.10630155 0.00644469
v 0.05914992 -0.11697656 0.01446444
v 0.0677793 -0.10698438 -0.00091112
v 0.06442559 -0.10933417 -0.00472379
v 0.06720275 -0.10566688 -0.00532997
v 0.06206554 -0.10875267 -0.00793689
v 0.06720275 -0.10566688 -0.00532997
v 0.06442559 -0.10933417 -0.00472379
v 0.06093562 -0.11367083 -0.00579542
v 0.06093562 -0.11367083 -0.00579542
v 0.05252558 -0.12535304 0.01082504
v 0.04905981 -0.13109583 0.00355774
v 0.04933405 -0.13135803 -0.00140345
v 0.05217052 -0.12564218 -0.0054366
v 0.04663312 -0.10630774 0.03808898
v 0.0431602 -0.10834658 0.03694654
v 0.04133087 -0.12071806 0.02351797
v 0.04494268 -0.12156862 0.0252381
v 0.04839593 -0.12085235 0.01921433
v 0.04663312 -0.10630774 0.03808898
v 0.04295361 -0.10480839 0.03831571
v 0.04033673 -0.13359493 0.02405179
v 0.04412878 -0.13326025 0.01706034
v 0.04033673 -0.13359493 0.02405179
v 0.03487086 -0.13568914 0.02170843
v 0.03584284 -0.11549991 0.02517694
v 0.04060513 -0.1204074 0.01997924
v 0.03584284 -0.11549991 0.02517694
v 0.03528136 -0.1157518 0.01631266
v 0.04060513 -0.1204074 0.01997924
v 0.0332818 -0.136971 0.01724476
v 0.03566056 -0.12695605 0.00071335
v 0.03833687 -0.12230778 0.01207453
v 0.03814626 -0.1129685 0.00156659
v 0.04408163 -0.09989285 -0.01512903
v 0.04611737 -0.11960655 -0.0133521
v 0.05217052 -0.12564218 -0.0054366
v 0.04614288 -0.12165761 -0.01208466
v 0.03814626 -0.1129685 0.00156659
v 0.03997707 -0.12275767 -0.00857389
v 0.03566056 -0.12695605 0.00071335
v 0.03320676 -0.13347489 0.00920665
v 0.03833687 -0.12230778 0.01207453
v 0.03566056 -0.12695605 0.00071335
v 0.03121638 -0.13440317 -2.915E-05
v 0.03320676 -0.13347489 0.00920665
v 0.03566056 -0.12695605 0.00071335
v 0.04048592 -0.13940847 -0.01060915
v 0.03566056 -0.12695605 0.00071335
v 0.03236949 -0.13226056 -0.00495237
v 0.03121638 -0.13440317 -2.915E-05
v 0.04447275 -0.13324183 -0.01211804
v 0.03997707 -0.12275767 -0.00857389
v 0.03236949 -0.13226056 -0.00495237
v 0.03566056 -0.12695605 0.00071335
v 0.03551286 -0.10808885 0.00614834
v 0.03528136 -0.1157518 0.01631266
v 0.03325719 -0.10515368 0.01740932
v 0.03814626 -0.1129685 0.00156659
v 0.03551286 -0.10808885 0.00614834
v 0.03611594 -0.1090948 -0.00116986
v 0.03528136 -0.1157518 0.01631266
v 0.03833687 -0.12230778 0.01207453
v 0.04060513 -0.1204074 0.01997924
v 0.03902566 -0.10263306 -0.01230979
v 0.03810078 -0.11845279 -0.00965112
v 0.04118299 -0.12207615 -0.0122565
v 0.03810078 -0.11845279 -0.00965112
v 0.03902024 -0.11935037 -0.01541483
v 0.04118299 -0.12207615 -0.0122565
v 0.03997707 -0.12275767 -0.00857389
v 0.03810078 -0.11845279 -0.00965112
v 0.03320676 -0.13347489 0.00920665
v 0.02527481 -0.14884365 0.00996572
v 0.0332818 -0.136971 0.01724476
v 0.01778793 -0.15242702 -0.00316614
v 0.01866961 -0.15507448 0.00121766
v 0.02200335 -0.1461767 -0.00258386
v 0.0182671 -0.15218246 -0.00553387
v 0.01778793 -0.15242702 -0.00316614
v 0.02200335 -0.1461767 -0.00258386
v 0.03121638 -0.13440317 -2.915E-05
v 0.03236949 -0.13226056 -0.00495237
v 0.02200335 -0.1461767 -0.00258386
v 0.04424423 -0.12144667 -0.01363909
v 0.04361522 -0.11965817 -0.01467228
v 0.04256058 -0.12173611 -0.01429391
v 0.03863537 -0.13582093 -0.01653153
v 0.0343563 -0.13579905 -0.01815563
v 0.03902024 -0.11935037 -0.01541483
v 0.04256058 -0.12173611 -0.01429391
v 0.04118299 -0.12207615 -0.0122565
v 0.03902024 -0.11935037 -0.01541483
v 0.0343563 -0.13579905 -0.01815563
v 0.02069086 -0.15096712 -0.02092671
v 0.03092062 -0.13627821 -0.01258367
v 0.01026851 -0.11170268 0.04391855
v 0.00319654 -0.10977119 0.04449868
v 0.00304317 -0.11397225 0.0437808
v 0.00573081 -0.11844611 0.0400607
v 0.01026851 -0.11170268 0.04391855
v 0.00304317 -0.11397225 0.0437808
v 0.01431102 -0.11155814 0.03646696
v -0.00920051 -0.13443959 0.03906053
v 0.00573081 -0.11844611 0.0400607
v 0.0076803 -0.1269744 0.02231926
v 0.01669866 -0.11489493 0.03020686
v 0.00569654 -0.12851679 0.03001934
v 0.01889127 -0.11540461 0.0149191
v 0.01669866 -0.11489493 0.03020686
v 0.0076803 -0.1269744 0.02231926
v 0.01861513 -0.1080417 0.03139424
v 0.00086033 -0.13597763 0.02260405
v -0.00948977 -0.1351105 0.03867984
v -0.02052003 -0.11218137 0.03318322
v -0.02383667 -0.11849034 0.03343469
v -0.01089227 -0.1328662 0.03816694
v -0.00304735 -0.11237103 0.04255086
v -0.00948977 -0.1351105 0.03867984
v -0.00948977 -0.1351105 0.03867984
v -0.01089227 -0.1328662 0.03816694
v -0.00990832 -0.13533211 0.03878057
v -0.02308547 -0.14740366 0.03383905
v -0.02019233 -0.1518994 0.03356349
v -0.01104075 -0.1374377 0.03813452
v -0.01875895 -0.15205306 0.03256541
v -0.01104075 -0.1374377 0.03813452
v -0.00845194 -0.14201629 0.02247131
v 0.00794911 -0.13094592 0.01275754
v 0.02066445 -0.10980928 0.0145309
v 0.02217162 -0.11260641 0.01103163
v 0.02502978 -0.11412221 -0.00458127
v 0.0116232 -0.13045198 0.00196916
v 0.00535142 -0.13830918 0.00132906
v 0.01032102 -0.13039935 -0.01394856
v 0.02269936 -0.11716378 -0.00710583
v 0.00964385 -0.13334721 -0.00580132
v 0.02047086 -0.11910039 -0.02125663
v 0.02235973 -0.11142254 -0.00733662
v 0.01643169 -0.15538037 -0.00322407
v 0.01866961 -0.15507448 0.00121766
v 0.01778793 -0.15242702 -0.00316614
v 0.00794911 -0.13094592 0.01275754
v 0.00535142 -0.13830918 0.00132906
v -0.00310743 -0.14362371 0.01495814
v -0.00232106 -0.14845389 0.00180221
v 0.01643169 -0.15538037 -0.00322407
v 0.01778793 -0.15242702 -0.00316614
v 0.01426631 -0.15366471 -0.00682819
v 0.0182671 -0.15218246 -0.00553387
v 0.01426631 -0.15366471 -0.00682819
v 0.01778793 -0.15242702 -0.00316614
v -0.00232106 -0.14845389 0.00180221
v 0.0016517 -0.14756709 -0.01001889
v 0.00471103 -0.14347893 -0.01316357
v 0.01791322 -0.15409511 -0.01659226
v 0.01426631 -0.15366471 -0.00682819
v 0.0182671 -0.15218246 -0.00553387
v -0.01951694 -0.11525166 -0.02299875
v -0.02303445 -0.11335051 -0.02134621
v -0.01976335 -0.11184484 -0.02315247
v -0.0229795 -0.11529207 -0.023826
v -0.02303445 -0.11335051 -0.02134621
v -0.01951694 -0.11525166 -0.02299875
v -0.0010649 -0.14774579 -0.01394743
v 0.00890511 -0.13307518 -0.02604842
v 0.02047086 -0.11910039 -0.02125663
v 0.00890511 -0.13307518 -0.02604842
v 0.00356686 -0.11910337 -0.03194082
v -0.00701302 -0.13953525 -0.03611588
v -0.00809288 -0.1391812 -0.03659916
v -0.00644851 -0.1358974 -0.03629029
v -0.0067665 -0.14092129 -0.03330642
v -0.00754887 -0.14077854 -0.03601402
v -0.00804329 -0.1397565 -0.03671324
v -0.01099586 -0.13922125 -0.03643942
v -0.01264268 -0.13189226 -0.03256643
v -0.00863922 -0.1388514 -0.03635854
v -0.0229795 -0.11529207 -0.023826
v -0.01951694 -0.11525166 -0.02299875
v -0.00862366 -0.1394757 -0.03666151
v -0.0067665 -0.14092129 -0.03330642
v -0.02740294 -0.14089304 -0.0355531
v -0.0309875 -0.13608861 -0.03487742
v -0.01099586 -0.13922125 -0.03643942
v -0.02159226 -0.14614666 -0.04486525
v -0.02740294 -0.14089304 -0.0355531
v -0.00754887 -0.14077854 -0.03601402
v -0.01574486 -0.14977664 -0.04892069
v -0.0229463 -0.11264771 0.03173
v -0.02871448 -0.11010015 0.01554406
v -0.04347217 -0.12363571 0.02017057
v -0.02273268 -0.11140275 0.02987212
v -0.02951491 -0.1340847 0.03540874
v -0.03939909 -0.13014334 0.0277226
v -0.04385257 -0.12556982 0.02298397
v -0.04662067 -0.12940603 0.02374607
v -0.03608662 -0.13754952 0.03315467
v -0.04857886 -0.14028317 0.02832246
v -0.0465796 -0.12609214 0.02125949
v -0.04347217 -0.12363571 0.02017057
v -0.04762429 -0.12560403 0.01842028
v -0.0465796 -0.12609214 0.02125949
v -0.04863518 -0.12979627 0.02003819
v -0.04863518 -0.12979627 0.02003819
v -0.05266321 -0.14127493 0.02096081
v -0.03874499 -0.11702353 0.00553834
v -0.04174465 -0.11964005 0.00373125
v -0.04327446 -0.12178004 0.0104363
v -0.03895479 -0.11708581 0.00265086
v -0.04370105 -0.12164617 -0.00160569
v -0.0229795 -0.11529207 -0.023826
v -0.02998948 -0.11797333 -0.02076441
v -0.02303445 -0.11335051 -0.02134621
v -0.05678654 -0.13841695 0.00294399
v -0.05619901 -0.13744944 0.00372678
v -0.05686074 -0.13821369 0.00238568
v -0.05698711 -0.13843083 0.00238675
v -0.05682003 -0.13841635 0.00195599
v -0.05646104 -0.13765281 0.00151438
v -0.04926294 -0.12583709 -0.00986189
v -0.04454577 -0.12407404 -0.01254356
v -0.04803723 -0.12673807 -0.01417071
v -0.05192405 -0.13164133 -0.01232201
v -0.05775976 -0.13965553 0.00343907
v -0.06338418 -0.1492005 0.01044321
v -0.06291974 -0.14916462 0.01336414
v -0.05756021 -0.1390003 0.00174934
v -0.06331521 -0.1456548 -0.00850141
v -0.06362879 -0.14608353 -0.00533152
v -0.05528831 -0.14103192 -0.01325089
v -0.06393832 -0.14484155 -0.02212834
v -0.02998948 -0.11797333 -0.02076441
v -0.04527789 -0.12633628 -0.01648647
v -0.04105234 -0.13134503 -0.02343178
v -0.04765314 -0.12987 -0.01740539
v -0.03788197 -0.14245725 -0.04029775
v -0.0309875 -0.13608861 -0.03487742
v -0.02740294 -0.14089304 -0.0355531
v -0.03827477 -0.13907176 -0.02993399
v -0.04105234 -0.13134503 -0.02343178
v -0.03788197 -0.14245725 -0.04029775
v -0.02159226 -0.14614666 -0.04486525
v -0.0464592 -0.14585263 -0.03960067
v -0.06247365 -0.14537424 -0.02721614
v -0.0647434 -0.1451261 -0.02730489
v -0.06393832 -0.14484155 -0.02212834
v -0.06247365 -0.14537424 -0.02721614
v -0.04865152 -0.14104223 -0.02285421
v -0.0647434 -0.1451261 -0.02730489
v -0.06274807 -0.15121043 0.01774937
v -0.06696761 -0.15035337 0.01282603
v -0.07630366 -0.14687312 -0.00079298
v -0.06338418 -0.1492005 0.01044321
v -0.06362879 -0.14608353 -0.00533152
v -0.08934683 -0.14522833 -0.00221926
v -0.0829652 -0.15053922 0.00829428
v -0.07819206 -0.14443582 -0.00871295
v -0.0755049 -0.14409316 -0.01260591
v -0.08258563 -0.14365584 -0.01369447
v -0.06331521 -0.1456548 -0.00850141
v -0.08743012 -0.14387399 -0.0076077
v -0.08934683 -0.14522833 -0.00221926
v -0.10318172 -0.15489268 -0.00746417
v -0.10095614 -0.15802127 0.00056398
v -0.09678912 -0.14944488 -0.00557172
v -0.10128367 -0.15076584 -0.01071334
v -0.08934683 -0.14522833 -0.00221926
v -0.08743012 -0.14387399 -0.0076077
v -0.09070462 -0.14449 -0.01291877
v -0.08258563 -0.14365584 -0.01369447
v -0.10183668 -0.15688485 -0.02166319
v -0.07981819 -0.14441276 -0.01943916
v -0.08607811 -0.14523053 -0.01948327
v -0.08299893 -0.15336686 -0.03541625
v -0.07981819 -0.14441276 -0.01943916
v -0.08475208 -0.15339911 -0.0350607
v -0.08607811 -0.14523053 -0.01948327
v -0.10128045 -0.15759176 -0.0235219
v -0.10223168 -0.15818703 -0.02330595
v 0.06873423 -0.06845737 0.05394495
v 0.07287556 -0.06210732 0.05558699
v 0.06498033 -0.06630307 0.05547214
v 0.06475604 -0.07112843 0.05434328
v 0.08917546 -0.06600559 0.04321361
v 0.08575588 -0.06222504 0.04875904
v 0.08518332 -0.06875956 0.04513401
v 0.08657467 -0.070692 0.04099357
v 0.09193426 -0.06544727 0.03707933
v 0.08779281 -0.0786168 0.02114099
v 0.09280086 -0.07066631 0.02531511
v 0.08581644 -0.07960069 0.02656358
v 0.07417858 -0.0891757 0.03966099
v 0.09492111 -0.06905067 0.01667058
v 0.09864074 -0.0610339 0.02774805
v 0.07348818 -0.08850718 0.04140443
v 0.07306069 -0.08995771 0.04082167
v 0.07309353 -0.09083557 0.03963763
v 0.07450426 -0.09152889 0.03448635
v 0.08161902 -0.08895767 0.02045876
v 0.06873423 -0.06845737 0.05394495
v 0.07167709 -0.08943969 0.04173291
v 0.06475604 -0.07112843 0.05434328
v 0.05743712 -0.08813953 0.04886985
v 0.07112408 -0.09188956 0.04070717
v 0.05703944 -0.0972448 0.04430568
v 0.07670772 -0.09539658 0.02007878
v 0.08723921 -0.08081281 0.01357174
v 0.1000241 -0.06137109 0.01506197
v 0.09794247 -0.064592 0.01109493
v 0.09614015 -0.06570381 0.00176656
v 0.08947581 -0.07760704 0.00560522
v 0.08314079 -0.08747679 0.00530273
v 0.0869568 -0.07469428 -0.00521559
v 0.09614015 -0.06570381 0.00176656
v 0.0869568 -0.07469428 -0.00521559
v 0.08822685 -0.06062454 -0.00973672
v 0.0778935 -0.09489346 0.01517951
v 0.07659352 -0.09763974 0.00405216
v 0.0773434 -0.09391218 -0.00175005
v 0.08116078 -0.08401889 -0.00503141
v 0.08116078 -0.08401889 -0.00503141
v 0.07947427 -0.07518965 -0.01081944
v 0.06560731 -0.06758761 -0.02084112
v 0.08260626 -0.06008619 -0.01430249
v 0.06823337 -0.08974308 -0.01469517
v 0.06633604 -0.09228343 -0.01484203
v 0.0773434 -0.09391218 -0.00175005
v 0.06522608 -0.09154636 -0.0160538
v 0.06490541 -0.08884537 -0.01691025
v 0.06427884 -0.09150827 -0.0163359
v 0.06473458 -0.0931536 -0.01571447
v 0.05705988 -0.06244081 0.05640531
v 0.0592863 -0.06947982 0.0554722
v 0.02472585 -0.06781954 0.05298114
v 0.02519864 -0.06654412 0.05322003
v 0.02372032 -0.06732202 0.05286968
v 0.02374607 -0.06811386 0.05285454
v 0.04471123 -0.07281405 0.05448472
v 0.04936874 -0.08308333 0.05148882
v 0.03837836 -0.08438265 0.0501231
v 0.05000293 -0.09137958 0.04867232
v 0.05703944 -0.0972448 0.04430568
v 0.05743712 -0.08813953 0.04886985
v 0.0437851 -0.10471338 0.04083693
v 0.04206449 -0.10399199 0.04106236
v 0.03160274 -0.08814853 0.04885983
v 0.01805681 -0.08891374 0.04928046
v 0.03696364 -0.09050786 0.04788661
v 0.03080446 -0.09551263 0.04606134
v 0.02892572 -0.09994411 0.03823012
v 0.04206449 -0.10399199 0.04106236
v 0.03080446 -0.09551263 0.04606134
v 0.02892572 -0.09994411 0.03823012
v 0.01995844 -0.10208267 0.03700727
v 0.02377409 -0.10568523 0.03145248
v 0.03365976 -0.10345858 0.02811414
v 0.02892572 -0.09994411 0.03823012
v 0.02377409 -0.10568523 0.03145248
v 0.05579674 -0.06279135 -0.02614248
v 0.0549224 -0.07362437 -0.02453506
v 0.03021508 -0.07169729 -0.02731651
v 0.02206951 -0.06766194 -0.02743286
v 0.02798879 -0.06462497 -0.02864671
v 0.02295482 -0.07387197 -0.02754456
v 0.02492642 -0.10789984 0.01434582
v 0.02346081 -0.10877287 0.01085293
v 0.02754295 -0.10703993 0.01004833
v 0.03325719 -0.10515368 0.01740932
v 0.02754295 -0.10703993 0.01004833
v 0.02492642 -0.10789984 0.01434582
v 0.02955902 -0.10904342 -0.00411278
v 0.02611285 -0.11071801 -0.00445247
v 0.0273698 -0.1086387 -0.00779772
v 0.02955902 -0.10904342 -0.00411278
v 0.0273698 -0.1086387 -0.00779772
v 0.04751402 -0.08120614 -0.02469999
v 0.0450272 -0.07564622 -0.02516603
v 0.04159188 -0.08202237 -0.02651584
v 0.04303908 -0.09856004 -0.01569104
v 0.04255205 -0.09965497 -0.01594561
v 0.04197311 -0.09838849 -0.01621538
v 0.0291397 -0.08968532 -0.02678013
v 0.02028131 -0.08980823 -0.02646232
v 0.02655768 -0.10803914 -0.02182496
v 0.03969455 -0.10202605 -0.01626581
v 0.02316946 -0.06709534 0.05267853
v 0.0232361 -0.06759334 0.05271506
v 0.01718652 -0.06762958 0.04893625
v 0.00336045 -0.06823117 0.04038095
v 0.0038417 -0.0710786 0.04092807
v 0.00351399 -0.08881819 0.04111367
v 0.01142895 -0.08630627 0.04715192
v 0.00217587 -0.06921804 0.03898656
v 0.00207889 -0.06690592 0.03835273
v 0.01158369 -0.09165114 0.04710257
v 0.0179677 -0.09775043 0.04587632
v -0.0044257 -0.09172004 0.035236
v -0.0014053 -0.10178292 0.03998816
v -0.00350124 -0.08385319 0.03302765
v -0.00611734 -0.07434219 0.02629125
v -0.01135856 -0.08535326 0.02290326
v -0.00611734 -0.07434219 0.02629125
v -0.00857276 -0.07361138 0.0168137
v -0.01135856 -0.08535326 0.02290326
v -0.02113235 -0.11039025 0.03169459
v -0.01777136 -0.10705066 0.03298146
v -0.0197615 -0.1053915 0.0285905
v -0.0131259 -0.09137332 0.02313811
v -0.01923031 -0.09706104 0.01920915
v -0.0197615 -0.1053915 0.0285905
v 0.00356996 -0.07618368 -0.01665795
v 0.00035095 -0.06091821 -0.00760067
v 0.00464147 -0.06019324 -0.01209861
v 0.00100243 -0.07504463 -0.01438588
v -0.0151791 -0.08845127 0.00478417
v -0.01113462 -0.07952189 0.00833338
v -0.01087713 -0.08061218 0.00213408
v -0.00946569 -0.06993812 0.01112664
v -0.00734872 -0.06539953 0.01791638
v -0.01113462 -0.07952189 0.00833338
v -0.01294035 -0.08756042 0.01351231
v -0.0151791 -0.08845127 0.00478417
v 4.59E-05 -0.07692206 -0.01376355
v -0.01087713 -0.08061218 0.00213408
v -0.00867158 -0.06939769 0.00208169
v 0.0006429 -0.07711577 -0.01486051
v 4.59E-05 -0.07692206 -0.01376355
v -0.00025225 -0.07797611 -0.01447034
v -0.01087713 -0.08061218 0.00213408
v -0.01209325 -0.08633626 -0.00245404
v -0.0151791 -0.08845127 0.00478417
v -0.0247311 -0.10118484 0.0014953
v -0.02430677 -0.10110831 0.00817263
v -0.0103907 -0.09237456 -0.01335752
v -0.02031904 -0.09823132 -0.00914598
v -0.01209325 -0.08633626 -0.00245404
v -0.0103907 -0.09237456 -0.01335752
v -0.01209325 -0.08633626 -0.00245404
v -0.00025225 -0.07797611 -0.01447034
v 0.00356996 -0.07618368 -0.01665795
v 0.00107765 -0.07709318 -0.01514816
v 0.00150245 -0.07773107 -0.01553172
v 0.00081116 -0.07755214 -0.01523334
v 0.00702286 -0.09600568 -0.02623439
v 0.00150245 -0.07773107 -0.01553172
v 0.02002424 -0.11164212 -0.02158952
v 0.00314325 -0.11260432 -0.03225267
v -0.00199831 -0.09565854 -0.02332228
v -0.01976335 -0.11184484 -0.02315247
v -0.00199831 -0.09565854 -0.02332228
v -0.01976335 -0.11184484 -0.02315247
v -0.0103907 -0.09237456 -0.01335752
v -0.02273268 -0.11140275 0.02987212
v -0.02113235 -0.11039025 0.03169459
v -0.02875781 -0.11036056 -0.00755525
v -0.02031904 -0.09823132 -0.00914598
v -0.02303445 -0.11335051 -0.02134621
v -0.02875781 -0.11036056 -0.00755525
v -0.02031904 -0.09823132 -0.00914598
v 0.11599922 -0.02101785 0.05556571
v 0.12319261 -0.01316607 0.05937701
v 0.11126065 -0.01991409 0.05977178
v 0.10984331 -0.02796263 0.05601293
v 0.12989664 -0.0150727 0.02282196
v 0.14435798 -0.01461804 0.01720476
v 0.14231884 -0.0141775 0.02754718
v 0.12989664 -0.0150727 0.02282196
v 0.14231884 -0.0141775 0.02754718
v 0.13019264 -0.01343518 0.03290921
v 0.11348438 -0.0298537 0.04734677
v 0.10838836 -0.04122096 0.0416922
v 0.11463505 -0.03434521 0.03900254
v 0.12253666 -0.01818156 0.04809719
v 0.12696016 -0.01775455 0.04101104
v 0.12465405 -0.02306908 0.02732044
v 0.12583405 -0.02348471 0.02089185
v 0.11635572 -0.0362094 0.02381313
v 0.11114562 -0.04138964 0.03225911
v 0.10169685 -0.04300153 0.05094916
v 0.09970838 -0.05115581 0.04528069
v 0.10066438 -0.05505681 0.0349496
v 0.10537386 -0.05199295 0.02660769
v 0.11095744 -0.04427904 0.02338552
v 0.10508078 -0.05390209 0.01805824
v 0.13185906 -0.01448923 0.0122667
v 0.14435798 -0.01461804 0.01720476
v 0.11665505 -0.03712893 0.00934744
v 0.1130504 -0.04122472 0.00761634
v 0.11622059 -0.03385383 0.0041849
v 0.13104898 -0.01724482 0.00832301
v 0.11348593 -0.04105556 0.01389211
v 0.12794459 -0.01827407 0.00417608
v 0.1193018 -0.0233261 -0.00646979
v 0.12822908 -0.01404607 -0.01347947
v 0.11420888 -0.02221298 -0.00994462
v 0.12822908 -0.01404607 -0.01347947
v 0.1193018 -0.0233261 -0.00646979
v 0.11293572 -0.03081048 -0.00699717
v 0.11293572 -0.03081048 -0.00699717
v 0.10227901 -0.05754817 0.01112509
v 0.10268205 -0.05496436 0.00123042
v 0.1052835 -0.04480362 -0.00395644
v 0.08944893 -0.03181392 0.06228012
v 0.08745861 -0.02932906 0.06318581
v 0.09181619 -0.01202941 0.06551337
v 0.08749217 -0.01134896 0.06600404
v 0.08285689 -0.01275957 0.0660587
v 0.06576747 -0.03866798 0.06080556
v 0.08630311 -0.0323208 0.06257915
v 0.0660733 -0.02210778 0.06357974
v 0.06535679 -0.05278945 0.05856073
v 0.0874542 -0.03253847 0.06252509
v 0.08944893 -0.03181392 0.06228012
v 0.08797544 -0.03346151 0.06196541
v 0.08709604 -0.03324878 0.06242806
v 0.0908913 -0.05006939 0.05331933
v 0.08797544 -0.03346151 0.06196541
v 0.08371025 -0.05108184 0.05586749
v 0.06746423 -0.04324174 0.05999756
v 0.06413776 -0.04341781 0.0600192
v 0.08371025 -0.05108184 0.05586749
v 0.07287556 -0.06210732 0.05558699
v 0.08864808 -0.03341138 -0.01938057
v 0.09280324 -0.03220415 -0.01782912
v 0.0897249 -0.03521502 -0.01799798
v 0.08790427 -0.0347622 -0.01913768
v 0.08833396 -0.02571011 -0.02102929
v 0.10268205 -0.05496436 0.00123042
v 0.09193027 -0.05385399 -0.01050478
v 0.1052835 -0.04480362 -0.00395644
v 0.08664185 -0.05458146 -0.01312506
v 0.0868451 -0.03331065 -0.0197528
v 0.08330047 -0.03664833 -0.02062088
v 0.07703274 -0.05056423 -0.01886618
v 0.08781302 -0.0117594 -0.02315146
v 0.09064519 -0.01224941 -0.02242035
v 0.08331716 -0.01340568 -0.02380013
v 0.06771779 -0.04443067 -0.02326375
v 0.06622392 -0.03774756 -0.0241667
v 0.06504726 -0.04441899 -0.02358609
v 0.0663743 -0.05150074 -0.02372676
v 0.053168 -0.01569951 0.05924863
v 0.04956907 -0.03016245 0.06085736
v 0.02369672 -0.06638098 0.05290461
v 0.04465264 -0.03084421 0.05975431
v 0.04625422 -0.03436059 0.06002927
v 0.04259914 -0.03456384 0.05955315
v 0.04740524 -0.05249667 0.0573808
v 0.04431432 -0.05945396 0.05638957
v 0.04072398 -0.05203772 0.05663818
v 0.02704555 -0.02966654 0.04868275
v 0.02436465 -0.0249896 0.0419786
v 0.0167625 -0.04008204 0.04400921
v 0.04543066 -0.01507384 0.05721879
v 0.03009343 -0.02401847 0.04894537
v 0.02741021 -0.04428291 0.0539031
v 0.01500058 -0.04593021 0.04457909
v 0.04806232 -0.03112507 -0.02366328
v 0.06530905 -0.02296042 -0.02372611
v 0.04354501 -0.01392102 -0.0133878
v 0.04908568 -0.01445454 -0.01601648
v 0.04308355 -0.0264799 -0.02033544
v 0.04308355 -0.0264799 -0.02033544
v 0.02550793 -0.02255678 -0.00439447
v 0.04354501 -0.01392102 -0.0133878
v 0.0202052 -0.04336596 -0.01732051
v 0.02264011 -0.02426231 -0.0032711
v 0.0404864 -0.03225392 -0.02198261
v 0.02041042 -0.04875106 -0.01957089
v 0.04308355 -0.0264799 -0.02033544
v 0.0429641 -0.03266269 -0.02289385
v 0.0439778 -0.03446317 -0.02317756
v 0.0420047 -0.03446627 -0.02313536
v 0.04681772 -0.05294949 -0.02717888
v 0.04370916 -0.06004423 -0.02772784
v 0.04016352 -0.05316043 -0.02707964
v 0.0429641 -0.03266269 -0.02289385
v 0.0404864 -0.03225392 -0.02198261
v 0.02051342 -0.04445571 -0.01772368
v 0.0197711 -0.04445356 -0.01764005
v 0.02051342 -0.04445571 -0.01772368
v 0.02041042 -0.04875106 -0.01957089
v 0.01278347 -0.04529619 0.04303223
v 0.01268697 -0.04408371 0.04150599
v 0.01072603 -0.04671943 0.0414046
v 0.0104695 -0.04347849 0.03584778
v 0.01249546 -0.03265876 0.02795202
v 0.00738376 -0.03936219 0.02420443
v 0.01268697 -0.04408371 0.04150599
v 0.01072603 -0.04671943 0.0414046
v 0.0107879 -0.03342456 0.02070463
v 0.01911795 -0.02598095 0.03510177
v 0.01996899 -0.02334315 0.0305658
v 0.00638419 -0.06012189 0.04104149
v 0.01251495 -0.04722822 0.04321778
v 0.00310051 -0.04550016 0.02396876
v -0.00121695 -0.05520892 0.030249
v -0.00494075 -0.06311661 0.02594417
v -0.00366217 -0.0558666 0.0232659
v -0.00494075 -0.06311661 0.02594417
v -0.00121695 -0.05520892 0.030249
v 0.00640774 -0.04061997 0.01900357
v 0.01569504 -0.02634716 0.01141673
v 0.0107879 -0.03342456 0.02070463
v 0.01828808 -0.02265733 0.01640564
v 0.02136362 -0.0246051 -0.00139326
v 0.00883639 -0.03775698 0.00712734
v -0.00080937 -0.04950386 0.00811362
v 0.00640774 -0.04061997 0.01900357
v 0.02160454 -0.02496582 -0.00276226
v 0.02210027 -0.02402991 -0.00260204
v 0.00848192 -0.04259402 -0.00140053
v 0.02160454 -0.02496582 -0.00276226
v 0.01904583 -0.04397923 -0.01659852
v 0.02136362 -0.0246051 -0.00139326
v -0.00424266 -0.0548622 0.00822073
v -0.00331289 -0.05333591 0.01357037
v -0.00080937 -0.04950386 0.00811362
v 0.00388664 -0.05473459 -0.00692225
v 0.01636797 -0.04708511 -0.0160374
v -0.00867158 -0.06939769 0.00208169
v -0.00867158 -0.06939769 0.00208169
v -0.00424266 -0.0548622 0.00822073
v 0.01904583 -0.04397923 -0.01659852
v 0.02041042 -0.04875106 -0.01957089
v 0.0197711 -0.04445356 -0.01764005
v -0.1595999 -0.02892345 -0.0948838
v -0.16066802 -0.03092879 -0.09602839
v -0.15829062 -0.02977401 -0.09558892
v -0.15820265 -0.0288412 -0.09529626
v -0.15820265 -0.0288412 -0.09529626
v -0.15829062 -0.02977401 -0.09558892
v -0.15774798 -0.02933758 -0.09615529
v -0.15774798 -0.02933758 -0.09615529
v -0.15821576 -0.02833176 -0.09619564
v -0.15820265 -0.0288412 -0.09529626
v -0.1591295 -0.02899891 -0.09751558
v -0.1591295 -0.02899891 -0.09751558
v -0.15690053 -0.03288525 -0.09758776
v -0.16066802 -0.03092879 -0.09602839
v -0.17440677 -0.02409649 -0.0949083
v -0.1780436 -0.02220476 -0.09360355
v -0.17738152 -0.02472377 -0.09379721
v -0.16844654 -0.02995569 -0.09679997
v -0.17838717 -0.02740061 -0.09688616
v -0.17606652 -0.018107 -0.10022891
v -0.1591295 -0.02899891 -0.09751558
v -0.16878319 -0.02849573 -0.10093039
v -0.16736877 -0.03143573 -0.09753311
v -0.15962005 -0.03360069 -0.09874541
v -0.16736877 -0.03143573 -0.09753311
v -0.17269528 -0.03212494 -0.09893543
v -0.17463183 -0.03017324 -0.09796911
v -0.19560039 -0.01688051 -0.09713376
v -0.19688845 -0.01931256 -0.09877372
v -0.18977451 -0.02263534 -0.09862232
v -0.18131161 -0.02271324 -0.09484988
v -0.17463183 -0.03017324 -0.09796911
v -0.179533 -0.02581537 -0.10149306
v -0.19548798 -0.01743853 -0.10293174
v -0.18333292 -0.01674813 -0.10066646
v -0.18977451 -0.02263534 -0.09862232
v -0.19688845 -0.01931256 -0.09877372
v -0.19438612 -0.02150691 -0.09979725
v -0.17684138 -0.03000057 -0.0988397
v -0.15962005 -0.03360069 -0.09874541
v -0.17190504 -0.02982724 -0.10063028
v -0.17308569 -0.02806932 -0.10075128
v -0.17401302 -0.02990049 -0.10087782
v -0.17269528 -0.03212494 -0.09893543
v -0.17401302 -0.02990049 -0.10087782
v -0.17190504 -0.02982724 -0.10063028
v -0.17684138 -0.03000057 -0.0988397
v -0.19942653 -0.01684695 -0.09861445
v -0.19548798 -0.01743853 -0.10293174
v -0.20043743 -0.018758 -0.10144371
v -0.20248473 -0.01423973 -0.10070908
v -0.19942653 -0.01684695 -0.09861445
v -0.2432915 -0.021047 -0.10700566
v -0.24338686 -0.0214954 -0.1072585
v -0.24302411 -0.0216158 -0.10726184
v -0.24260592 -0.02098078 -0.10714316
v -0.24242723 -0.02132523 -0.1076318
v -0.24242723 -0.02132523 -0.1076318
v -0.24213791 -0.02031803 -0.10736835
v -0.24260592 -0.02098078 -0.10714316
v -0.23798227 -0.02391291 -0.10935259
v -0.24242723 -0.02132523 -0.1076318
v -0.236588 -0.04098803 -0.11577183
v -0.23837292 -0.04621655 -0.11500335
v -0.2387383 -0.0431664 -0.11466646
v -0.24023116 -0.04261786 -0.11463338
v -0.2358638 -0.0453378 -0.11614537
v -0.2387383 -0.0431664 -0.11466646
v -0.2358638 -0.0453378 -0.11614537
v -0.236588 -0.04098803 -0.11577183
v -0.23837292 -0.04621655 -0.11500335
v -0.23491466 -0.05275136 -0.1132099
v -0.24057341 -0.02831018 -0.11198509
v -0.24358785 -0.02682835 -0.11185598
v -0.24266696 -0.0226419 -0.11313081
v -0.2368381 -0.01824892 -0.10777384
v -0.23798227 -0.02391291 -0.10935259
v -0.23937964 -0.02271307 -0.11179185
v -0.23937964 -0.02271307 -0.11179185
v -0.23798227 -0.02391291 -0.10935259
v -0.23836672 -0.04377621 -0.11748606
v -0.23836672 -0.04377621 -0.11748606
v -0.23491466 -0.05275136 -0.1132099
v -0.240417 -0.04276836 -0.11739832
v -0.2358638 -0.0453378 -0.11614537
v -0.24378681 -0.02091652 -0.10714316
v -0.25124145 -0.02530479 -0.11442137
v -0.24784195 -0.02336073 -0.11134458
v -0.25395155 -0.01485616 -0.11153424
v -0.24784195 -0.02336073 -0.11134458
v -0.25001764 -0.02888238 -0.11544979
v -0.24784195 -0.02336073 -0.11134458
v -0.25124145 -0.02530479 -0.11442137
v -0.2423681 -0.04404354 -0.1163162
v -0.25001764 -0.02888238 -0.11544979
v -0.2423681 -0.04404354 -0.1163162
v -0.23491466 -0.05275136 -0.1132099
v -0.23837292 -0.04621655 -0.11500335
v -0.25497556 -0.00831467 -0.10898823
v -0.25531268 -0.0082379 -0.10920614
v -0.25395155 -0.01485616 -0.11153424
v -0.25395155 -0.01485616 -0.11153424
v -0.25531268 -0.0082379 -0.10920614
v -0.25535214 -0.00827837 -0.10936201
v -0.24594223 -0.02249092 -0.11137837
v -0.25124145 -0.02530479 -0.11442137
v -0.23491466 -0.05275136 -0.1132099
v -0.2423681 -0.04404354 -0.1163162
v -0.240417 -0.04276836 -0.11739832
v -0.240417 -0.04276836 -0.11739832
v -0.25535214 -0.00827837 -0.10936201
v -0.25500679 -0.00836807 -0.10950553
v -0.25395155 -0.01485616 -0.11153424
v 0.15678972 0.01692957 0.05585867
v 0.16337109 0.02764124 0.05871677
v 0.15047461 0.01949954 0.06672359
v 0.14820987 0.00433964 0.05829716
v 0.16941971 0.01999551 0.02448434
v 0.17690349 0.03000766 0.02216721
v 0.17656446 0.03003603 0.02702695
v 0.16975498 0.02346027 0.03835112
v 0.15475422 0.00607795 0.04641408
v 0.15180773 -0.00230551 0.04281712
v 0.15564132 0.00355452 0.0403254
v 0.16630846 0.02115351 0.04346633
v 0.16748053 0.02122647 0.04084766
v 0.16357732 0.01315767 0.02590364
v 0.16374516 0.01295304 0.02178329
v 0.16004986 0.00527477 0.02409571
v 0.15327913 -0.00293082 0.03637058
v 0.14467591 -0.00385153 0.05617702
v 0.14471096 -0.01094615 0.04701197
v 0.14694029 -0.01406515 0.03168082
v 0.14799935 -0.01376933 0.02879161
v 0.15303797 -0.00596023 0.02335614
v 0.14822584 -0.01440144 0.01692444
v 0.17127323 0.02258557 0.01328546
v 0.15700889 0.00012863 0.01040131
v 0.15427917 -0.00449961 0.00890714
v 0.15595931 0.00638586 0.00237012
v 0.1686914 0.01942986 0.01002675
v 0.15494752 -0.00427073 0.01323801
v 0.16453987 0.01894963 0.00372249
v 0.15595931 0.00638586 0.00237012
v 0.15645754 0.01677918 -0.00680703
v 0.15831733 0.02062511 -0.00695461
v 0.15369725 0.01817554 -0.01031977
v 0.15255553 0.0110389 -0.00746685
v 0.14765429 -0.01491076 0.01511401
v 0.14618641 -0.01324618 0.00120646
v 0.14548308 -0.00628257 -0.00458074
v 0.14622283 0.02188241 0.07181823
v 0.14446044 0.01607144 0.0708465
v 0.13445348 0.00291443 0.07304287
v 0.129978 0.01617348 0.07908428
v 0.14166677 -0.00012124 0.06225657
v 0.12378198 0.00221997 0.07561505
v 0.12906712 -0.00591147 0.06277597
v 0.10848606 0.01932257 0.08352548
v 0.10302877 0.00825012 0.08057934
v 0.11386311 0.00723618 0.07990748
v 0.12315094 0.01907879 0.08184165
v 0.129978 0.01617348 0.07908428
v 0.13002205 0.02197772 0.08102691
v 0.12378198 0.00221997 0.07561505
v 0.11305237 -0.0020259 0.07263702
v 0.10925698 -0.00758177 0.06688815
v 0.10422885 -0.00145608 0.07298356
v 0.10925698 -0.00758177 0.06688815
v 0.12247217 -0.00726461 0.06270403
v 0.11305237 -0.0020259 0.07263702
v 0.13380414 -0.01288366 0.04338616
v 0.13065988 -0.00869149 0.05861974
v 0.12718505 -0.00876635 0.05941689
v 0.12853682 -0.01323694 0.04377782
v 0.13804686 0.02690488 -0.02454638
v 0.13437384 0.00885576 -0.02229458
v 0.14548308 -0.00628257 -0.00458074
v 0.13490033 0.00496852 -0.01972955
v 0.13440192 -0.01497346 0.00726688
v 0.13440192 -0.01497346 0.00726688
v 0.13185906 -0.01448923 0.0122667
v 0.13168168 -0.01515973 0.00677699
v 0.13017142 -0.01282054 -0.01356411
v 0.14618641 -0.01324618 0.00120646
v 0.14618641 -0.01324618 0.00120646
v 0.13017142 -0.01282054 -0.01356411
v 0.12933594 -0.01285249 -0.0139221
v 0.13019311 -0.00804031 -0.01625615
v 0.12124538 0.01289481 -0.02599561
v 0.10739803 0.02013922 -0.02916217
v 0.11433053 0.02324092 -0.02935362
v 0.10841316 0.00769305 -0.02635676
v 0.13168168 -0.01515973 0.00677699
v 0.125094 -0.01080984 -0.01612824
v 0.1322673 0.00682962 -0.02270156
v 0.13159156 0.00858957 -0.02318108
v 0.13073421 0.00677747 -0.02294171
v 0.11010569 -0.00274104 -0.02319896
v 0.10826212 -0.00259382 -0.02312678
v 0.10973722 -0.00512195 -0.0221979
v 0.09693587 0.01872116 0.08126599
v 0.09361553 0.00360817 0.07587188
v 0.08859903 0.01482409 0.07715607
v 0.08349693 0.00449467 0.07441425
v 0.08858132 0.02297699 0.07875758
v 0.09019047 -0.00804651 0.06923884
v 0.08552927 -0.0084641 0.06814307
v 0.11126065 -0.01991409 0.05977178
v 0.07657427 0.0153299 0.07001656
v 0.07503688 0.02393174 0.0707919
v 0.06737232 0.02095485 0.06354576
v 0.0672335 0.00206333 0.06547344
v 0.0680086 -0.00047314 0.06603181
v 0.06659216 -0.00044608 0.06539536
v 0.0670864 -0.00230378 0.06520122
v 0.09796697 0.01580632 -0.02758557
v 0.08641213 0.03007185 -0.02199918
v 0.08660907 0.03004724 -0.02205777
v 0.08641142 0.02927077 -0.02215272
v 0.08641142 0.02927077 -0.02215272
v 0.08588403 0.02999371 -0.02175868
v 0.08641213 0.03007185 -0.02199918
v 0.06648105 0.00016493 -0.02013189
v 0.06526709 0.00014883 -0.01965922
v 0.06583107 0.00362295 -0.01901239
v 0.07076335 0.00259781 -0.02139443
v 0.06587094 -0.00139832 -0.02042472
v 0.07316899 -0.00355631 -0.02139163
v 0.08641142 0.02927077 -0.02215272
v 0.08641833 0.01182848 -0.02437067
v 0.08763736 0.00936013 -0.02428365
v 0.08530003 0.00945896 -0.02414799
v 0.08852631 -0.01024491 -0.02327281
v 0.08700591 -0.01024544 -0.02318102
v 0.08288807 0.01273906 -0.02321678
v 0.06187582 0.02496129 0.05614722
v 0.05976099 0.0171181 0.05690432
v 0.06552863 0.00038278 0.06407517
v 0.06384617 -0.00218004 0.06402004
v 0.05126369 0.00450206 0.05381769
v 0.05394489 0.021882 0.04662663
v 0.05394489 0.021882 0.04662663
v 0.05105478 0.02217323 0.04160672
v 0.04946202 0.01763088 0.04353279
v 0.04946202 0.01763088 0.04353279
v 0.03686428 -0.00209242 0.04308701
v 0.05246764 0.03189605 0.02367884
v 0.04835939 0.02531922 0.02527195
v 0.05296707 0.031488 0.0272072
v 0.04749775 0.01852131 0.03761399
v 0.04873306 -0.00855201 0.05721849
v 0.03653073 -0.0023101 0.0426749
v 0.0365836 -0.00261933 0.04307425
v 0.03683591 -0.00154322 0.04221052
v 0.03653073 -0.0023101 0.0426749
v 0.03686428 -0.00209242 0.04308701
v 0.04118216 0.01314861 0.02690166
v 0.04090923 0.01335907 0.0215795
v 0.03088856 -0.00157529 0.0238319
v 0.02224243 -0.02072489 0.03502232
v 0.02436465 -0.0249896 0.0419786
v 0.03564245 -0.00351942 0.04243171
v 0.02671677 -0.00903237 0.02569509
v 0.0365836 -0.00261933 0.04307425
v 0.02887869 -0.00486588 0.02365249
v 0.02670407 -0.00802523 0.02196437
v 0.04888642 0.0242008 0.00934088
v 0.04823726 0.02240294 0.00870216
v 0.04750395 0.02216506 0.01129758
v 0.05075258 0.02417111 0.00641698
v 0.04456353 0.01729232 0.00894374
v 0.0653612 0.02396774 -0.01233602
v 0.05851769 0.02000588 -0.00893021
v 0.06091225 0.02669454 -0.00786757
v 0.06583107 0.00362295 -0.01901239
v 0.04626364 -0.00847226 -0.01281434
v 0.03893173 -0.00568414 -0.00233787
v 0.04626364 -0.00847226 -0.01281434
v 0.04952931 0.00704348 -0.00648904
v 0.06526709 0.00014883 -0.01965922
v 0.04908568 -0.01445454 -0.01601648
v 0.03200895 -0.00246561 0.00848782
v 0.0345307 0.00189537 0.00992137
v 0.03466672 0.00104046 0.0068512
v 0.03008229 -0.00350785 0.01912469
v 0.03811044 0.00139099 0.0032717
v 0.03406876 -0.0019775 0.00475168
v 0.02232826 -0.02325743 -0.00159508
v 0.02091813 -0.01834375 0.01165318
v 0.02278727 -0.0233317 -0.00270116
v 0.02550793 -0.02255678 -0.00439447
v 0.01911795 -0.02598095 0.03510177
v 0.01996899 -0.02334315 0.0305658
v 0.02232826 -0.02325743 -0.00159508
v -0.16066873 -0.02692419 -0.09534937
v -0.15884328 -0.02776688 -0.09522617
v -0.15953398 -0.0276686 -0.09620768
v -0.16066873 -0.02692419 -0.09534937
v -0.15884328 -0.02776688 -0.09522617
v -0.19751203 0.0210799 -0.08082283
v -0.19141519 0.02930802 -0.076262
v -0.20372331 0.02378017 -0.07204527
v -0.20284367 0.01827115 -0.08171093
v -0.19751203 0.0210799 -0.08082283
v -0.20372331 0.02378017 -0.07204527
v -0.18965185 0.00404155 -0.09327728
v -0.19019485 -0.00085229 -0.09135014
v -0.18774128 -0.00409132 -0.09519589
v -0.18774128 -0.00409132 -0.09519589
v -0.18871391 0.00089651 -0.09696025
v -0.18965185 0.00404155 -0.09327728
v -0.18774128 -0.00409132 -0.09519589
v -0.19019485 -0.00085229 -0.09135014
v -0.19064903 -0.00500548 -0.09280735
v -0.17621922 -0.01966369 -0.09599072
v -0.17897415 -0.01495707 -0.097848
v -0.17621922 -0.01966369 -0.09599072
v -0.18774128 -0.00409132 -0.09519589
v -0.17841363 -0.01532668 -0.09897482
v -0.1801399 -0.01140779 -0.09864068
v -0.19141519 0.02930802 -0.076262
v -0.19751203 0.0210799 -0.08082283
v -0.19528961 0.02387035 -0.08568072
v -0.19528961 0.02387035 -0.08568072
v -0.18965185 0.00404155 -0.09327728
v -0.19205976 0.0231986 -0.08860308
v -0.19345021 -0.00302863 -0.09210253
v -0.20284367 0.01827115 -0.08171093
v -0.20821953 0.00107652 -0.09369642
v -0.19008636 0.01582813 -0.09602714
v -0.18923676 0.02826214 -0.09577066
v -0.19205976 0.0231986 -0.08860308
v -0.20327628 0.02120364 -0.10488963
v -0.18923676 0.02826214 -0.09577066
v -0.19008636 0.01582813 -0.09602714
v -0.18959808 0.00458407 -0.09892786
v -0.19008636 0.01582813 -0.09602714
v -0.18871391 0.00089651 -0.09696025
v -0.1932112 -0.00632346 -0.09405351
v -0.20797801 -0.00060833 -0.09466094
v -0.19726348 -0.01189435 -0.10444814
v -0.17841363 -0.01532668 -0.09897482
v -0.17902672 -0.01523012 -0.10035121
v -0.1801399 -0.01140779 -0.09864068
v -0.18053675 -0.01522529 -0.10004824
v -0.17979074 -0.01655507 -0.10002512
v -0.19634485 -0.0021317 -0.10476744
v -0.20179164 0.01374197 -0.10589647
v -0.18959808 0.00458407 -0.09892786
v -0.20195711 -0.00185776 -0.10512298
v -0.21103084 0.02867049 -0.07788271
v -0.20927727 0.02137208 -0.08009124
v -0.20372331 0.02378017 -0.07204527
v -0.20372331 0.02378017 -0.07204527
v -0.20927727 0.02137208 -0.08009124
v -0.21216261 0.02506101 -0.08650523
v -0.21103084 0.02867049 -0.07788271
v -0.21575475 0.02480888 -0.09019101
v -0.21121013 0.0043031 -0.0947777
v -0.21104991 0.00126106 -0.09517068
v -0.21024191 0.00221354 -0.09307796
v -0.20327628 0.02120364 -0.10488963
v -0.21589053 0.01787978 -0.09682268
v -0.21541595 0.03068841 -0.0968399
v -0.21128583 0.0027498 -0.09640139
v -0.21589053 0.01787978 -0.09682268
v -0.21105266 0.00462443 -0.10002285
v -0.21121013 0.0043031 -0.0947777
v -0.21128583 0.0027498 -0.09640139
v -0.21104991 0.00126106 -0.09517068
v -0.21575475 0.02480888 -0.09019101
v -0.21541595 0.03068841 -0.0968399
v -0.21589053 0.01787978 -0.09682268
v -0.20974422 0.00048929 -0.09380853
v -0.21002054 -0.00043243 -0.09538037
v -0.21002054 -0.00043243 -0.09538037
v -0.20974422 0.00048929 -0.09380853
v -0.21096623 -0.00010645 -0.09671068
v -0.21000969 -0.00477314 -0.10096794
v -0.24240911 0.02450448 -0.08816862
v -0.24539542 0.00561661 -0.09714854
v -0.23437393 0.01476479 -0.09888244
v -0.24240911 0.02450448 -0.08816862
v -0.23437393 0.01476479 -0.09888244
v -0.23492134 0.02533746 -0.09751391
v -0.23492134 0.02533746 -0.09751391
v -0.23437393 0.01476479 -0.09888244
v -0.23444283 0.01940316 -0.10295081
v -0.23444283 0.01940316 -0.10295081
v -0.23287666 0.03036439 -0.10258371
v -0.23492134 0.02533746 -0.09751391
v -0.23334146 0.01861614 -0.10574144
v -0.23444283 0.01940316 -0.10295081
v -0.23374236 0.0060035 -0.1031267
v -0.24406767 -0.01412243 -0.10419446
v -0.24235785 -0.01989913 -0.10682404
v -0.24235785 -0.01989913 -0.10682404
v -0.24260592 -0.02098078 -0.10714316
v -0.24213791 -0.02031803 -0.10736835
v -0.23365664 0.00126529 -0.09933233
v -0.23233128 -0.00303286 -0.10397685
v -0.23374236 0.0060035 -0.1031267
v -0.24213791 -0.02031803 -0.10736835
v -0.2368381 -0.01824892 -0.10777384
v -0.23233128 -0.00303286 -0.10397685
v -0.21105266 0.00462443 -0.10002285
v -0.21000969 -0.00477314 -0.10096794
v -0.23503613 0.01435333 -0.11368608
v -0.24269629 0.01344419 -0.11311191
v -0.24034429 0.02310169 -0.11591941
v -0.23181164 0.02986473 -0.10518873
v -0.23334146 0.01861614 -0.10574144
v -0.23358953 0.02300912 -0.1142264
v -0.23358953 0.02300912 -0.1142264
v -0.23334146 0.01861614 -0.10574144
v -0.23233128 -0.00303286 -0.10397685
v -0.23533201 0.00022608 -0.10988939
v -0.23374236 0.0060035 -0.1031267
v -0.23928893 -0.01785934 -0.11202824
v -0.2368381 -0.01824892 -0.10777384
v -0.24375379 -0.01826954 -0.11169875
v -0.2518816 0.02523243 -0.09836113
v -0.25633073 0.01824433 -0.1043303
v -0.25496924 0.00962031 -0.10438693
v -0.25633073 0.01824433 -0.1043303
v -0.25595748 0.01773435 -0.10609889
v -0.2518816 0.02523243 -0.09836113
v -0.25104392 0.03062534 -0.10696161
v -0.25633073 0.01824433 -0.1043303
v -0.24501908 0.00225854 -0.09729564
v -0.25307918 -0.00590777 -0.10657513
v -0.25521207 -0.00788635 -0.10900003
v -0.25497556 -0.00831467 -0.10898823
v -0.25558901 -0.00639844 -0.10895121
v -0.25531268 -0.0082379 -0.10920614
v -0.25571966 -0.0076679 -0.1092698
v -0.25571966 -0.0076679 -0.1092698
v -0.25521207 -0.00788635 -0.10900003
v -0.25558901 -0.00639844 -0.10895121
v -0.24978411 0.0239296 -0.11446661
v -0.25595748 0.01773435 -0.10609889
v -0.25031197 0.03008729 -0.10990143
v -0.24978411 0.0239296 -0.11446661
v -0.25595748 0.01773435 -0.10609889
v -0.2422415 -0.00051206 -0.10939342
v -0.25473154 -0.0079729 -0.10954815
v -0.25473154 -0.0079729 -0.10954815
v -0.25520587 -0.00795877 -0.10953271
v -0.25520587 -0.00795877 -0.10953271
v 0.19363773 0.06445271 0.04315048
v 0.19460356 0.06239939 0.03379238
v 0.19700569 0.06473076 0.03431016
v 0.18458384 0.0464626 0.0412631
v 0.18763381 0.05444145 0.04651588
v 0.18380123 0.04639632 0.04314244
v 0.19579428 0.06358784 0.03161663
v 0.21388561 0.07587802 0.0234217
v 0.19309688 0.05939323 0.03020591
v 0.18347007 0.04487395 0.04194456
v 0.18354923 0.04451573 0.04040766
v 0.18524593 0.04700977 0.036861
v 0.19548047 0.06115484 0.016307
v 0.18995601 0.05354095 0.01286781
v 0.19525295 0.06198311 0.01095533
v 0.21364862 0.07564253 0.02296764
v 0.19616622 0.06199586 0.01756263
v 0.19790691 0.06306034 0.01553947
v 0.19419122 0.05926967 0.01879585
v 0.17541111 0.05352414 0.06687438
v 0.17883748 0.0576244 0.06636691
v 0.17369741 0.05896449 0.07214588
v 0.17723113 0.05377376 0.06344348
v 0.17123604 0.05209035 0.06893319
v 0.18635279 0.06130815 0.0571627
v 0.17281902 0.04602641 0.06324178
v 0.15138584 0.06492239 0.08534586
v 0.14373082 0.04903984 0.0832569
v 0.15560073 0.05653608 0.07975131
v 0.15138584 0.06492239 0.08534586
v 0.15560073 0.05653608 0.07975131
v 0.16305321 0.06496787 0.08144271
v 0.17320853 0.06813282 0.07967412
v 0.15742695 0.04287136 0.07450694
v 0.15084344 0.02595323 0.07092923
v 0.1429556 0.04235333 0.08151829
v 0.16470551 0.03586644 0.06315112
v 0.1910271 0.06628144 0.05471176
v 0.19164199 0.06492347 0.05227309
v 0.18826306 0.05036288 0.02431619
v 0.1761077 0.03383201 0.04148018
v 0.18023378 0.04301274 0.04611695
v 0.16924816 0.03493375 0.05737352
v 0.16869158 0.02336383 0.04184723
v 0.18325609 0.04163742 0.02476346
v 0.18493515 0.04648107 0.01001692
v 0.18485922 0.04731357 0.00862563
v 0.18380994 0.04545844 0.00863624
v 0.17415088 0.07112283 -0.01998842
v 0.17632848 0.07314044 -0.02103126
v 0.18301386 0.06924349 -0.01287252
v 0.19272834 0.06202084 -0.00116467
v 0.18485922 0.04731357 0.00862563
v 0.17668056 0.05742943 -0.00799692
v 0.18340546 0.04362786 0.01158094
v 0.17032945 0.02285773 0.00853533
v 0.17036068 0.03578657 -0.00353068
v 0.18380994 0.04545844 0.00863624
v 0.17184711 0.04717207 -0.00678462
v 0.1651361 0.05810386 -0.014498
v 0.15741217 0.04225636 -0.02036738
v 0.17032945 0.02285773 0.00853533
v 0.16453987 0.01894963 0.00372249
v 0.15676099 0.03967828 -0.01997244
v 0.17384517 0.07379377 -0.02252877
v 0.16510671 0.07063031 -0.02523243
v 0.15528774 0.04089147 -0.02208602
v 0.15367484 0.04812336 -0.02455962
v 0.15345913 0.0409134 -0.02299118
v 0.15456784 0.0386318 -0.02163953
v 0.13402826 0.06403351 0.08840424
v 0.13043135 0.06492376 0.08851475
v 0.13038975 0.0631876 0.08808291
v 0.1344831 0.05504143 0.08632338
v 0.12175083 0.04700649 0.08659625
v 0.13894212 0.04388577 0.08307505
v 0.1429556 0.04235333 0.08151829
v 0.14622283 0.02188241 0.07181823
v 0.138969 0.04069084 0.08300388
v 0.11974412 0.04209298 0.08595514
v 0.10926485 0.06457055 0.08678615
v 0.10138452 0.04739225 0.08362889
v 0.1188367 0.04363304 0.08604193
v 0.12676191 0.06398755 0.08844531
v 0.11973166 0.04277074 0.08597118
v 0.1190924 0.04241049 0.08598512
v 0.10108072 0.03605562 0.08334821
v 0.11878461 0.04111373 0.08598173
v 0.14366478 0.06801718 -0.02895069
v 0.15157384 0.06417966 -0.02819103
v 0.14537001 0.06066722 -0.0300926
v 0.1159144 0.05978006 -0.0283556
v 0.10743695 0.0650509 -0.02508235
v 0.11899066 0.06984013 -0.0271346
v 0.10776287 0.05245602 -0.02695489
v 0.1076178 0.02773243 -0.02890623
v 0.1338796 0.04787171 -0.03089678
v 0.1297496 0.0565986 -0.03146398
v 0.12521499 0.04813445 -0.03084254
v 0.13423365 0.03411591 -0.0289554
v 0.13099784 0.02854156 -0.02723944
v 0.12721372 0.03446889 -0.02893132
v 0.1107977 0.04189181 -0.02806711
v 0.10596848 0.04180282 -0.02675575
v 0.09745991 0.06423086 0.08129096
v 0.10041845 0.04183519 0.08304006
v 0.09634906 0.04454464 0.08110273
v 0.08869755 0.05993521 0.0768823
v 0.08329523 0.04802865 0.07436621
v 0.08858019 0.07139874 0.07032984
v 0.09681302 0.03970575 0.08213049
v 0.08256322 0.03684807 0.07589036
v 0.0773555 0.05821657 0.06831646
v 0.08379173 0.0713644 0.06632441
v 0.0678944 0.06212157 0.05547619
v 0.07242578 0.045228 0.06282973
v 0.07151628 0.04059708 0.06278473
v 0.06209141 0.05062687 0.04666317
v 0.05951899 0.04553002 0.04139769
v 0.05911845 0.04218447 0.0425275
v 0.06782979 0.05528194 0.05593866
v 0.06917632 0.04261589 0.05964339
v 0.05867839 0.04229409 0.04082501
v 0.06760174 0.03636682 0.05978703
v 0.05850929 0.04087561 0.04177231
v 0.05926853 0.03916347 0.04416567
v 0.08824205 0.05387408 -0.02057439
v 0.08694559 0.0696916 -0.00397116
v 0.09601247 0.07074857 -0.01282328
v 0.0871442 0.0538891 -0.01980942
v 0.08641213 0.03007185 -0.02199918
v 0.08647913 0.03021443 -0.02202201
v 0.08660907 0.03004724 -0.02205777
v 0.08705974 0.03048784 -0.02218372
v 0.08629751 0.03026724 -0.02188706
v 0.08647913 0.03021443 -0.02202201
v 0.0866527 0.03761494 -0.02144712
v 0.08629751 0.03026724 -0.02188706
v 0.07839465 0.06443405 0.00196981
v 0.07071507 0.05353516 0.0003112
v 0.06664538 0.06267715 0.01690698
v 0.05822647 0.04303938 0.01099592
v 0.06124473 0.05136734 0.01395404
v 0.05902457 0.04289055 0.00866216
v 0.08663249 0.05351406 -0.01951331
v 0.07071507 0.05353516 0.0003112
v 0.07839465 0.06443405 0.00196981
v 0.08690661 0.05338049 -0.02005917
v 0.08656716 0.05294937 -0.01983941
v 0.07034993 0.04224545 -0.00737756
v 0.05783647 0.04153138 0.00962639
v 0.05883223 0.039056 0.00605214
v 0.06552047 0.03062701 -0.00945264
v 0.08588403 0.02999371 -0.02175868
v 0.08824205 0.05387408 -0.02057439
v 0.08716142 0.05340672 -0.02022851
v 0.08732086 0.05308521 -0.02030414
v 0.08716142 0.05340672 -0.02022851
v 0.08703023 0.0531311 -0.02020746
v 0.08703023 0.0531311 -0.02020746
v 0.0866527 0.03761494 -0.02144712
v 0.06663483 0.06285089 0.05307722
v 0.06635344 0.06138229 0.053092
v 0.06209141 0.05062687 0.04666317
v 0.06585407 0.06210828 0.05143583
v 0.06635344 0.06138229 0.053092
v 0.06663483 0.06285089 0.05307722
v 0.06206298 0.0619626 0.03831899
v 0.0602268 0.05724525 0.03190172
v 0.05679542 0.04770488 0.025491
v 0.06330806 0.06004018 0.02147621
v 0.06350482 0.06451327 0.03384435
v 0.05926853 0.03916347 0.04416567
v 0.05375493 0.03594196 0.02544314
v 0.05867839 0.04229409 0.04082501
v 0.05679542 0.04770488 0.025491
v 0.05375493 0.03594196 0.02544314
v 0.06478184 0.06247646 0.01890892
v 0.06512624 0.06343406 0.02061832
v 0.05375493 0.03594196 0.02544314
v 0.05679542 0.04770488 0.025491
v 0.05822647 0.04303938 0.01099592
v -0.11579961 0.0677768 -0.09811586
v -0.11681163 0.06647843 -0.10053372
v -0.11558318 0.06712824 -0.10061568
v -0.11483914 0.06777251 -0.10010552
v -0.11519599 0.06733328 -0.10114384
v -0.11483043 0.0681107 -0.10096329
v -0.11604053 0.06553495 -0.10781813
v -0.11617672 0.06583738 -0.10197097
v -0.13024461 0.07291776 -0.06751543
v -0.12545031 0.07334536 -0.07155222
v -0.1273036 0.07424003 -0.06571269
v -0.13009524 0.074301 -0.06410742
v -0.14002728 0.06594324 -0.05888873
v -0.13591492 0.06905919 -0.06898046
v -0.13021886 0.07315612 -0.07322258
v -0.11786544 0.06747496 -0.09994513
v -0.11681163 0.06647843 -0.10053372
v -0.11579961 0.0677768 -0.09811586
v -0.11650932 0.06529379 -0.10918945
v -0.11604053 0.06553495 -0.10781813
v -0.11683434 0.06456441 -0.10979986
v -0.1325264 0.05947298 -0.10697842
v -0.13646841 0.05276424 -0.11069822
v -0.13204956 0.05347228 -0.11110735
v -0.1325264 0.05947298 -0.10697842
v -0.12982595 0.06942809 -0.09773082
v -0.12729704 0.0534054 -0.11435544
v -0.13204956 0.05347228 -0.11110735
v -0.13622403 0.04467708 -0.11650145
v -0.13646841 0.05276424 -0.11069822
v -0.13762784 0.05660409 -0.10802609
v -0.13885045 0.05249012 -0.11347198
v -0.13762784 0.05660409 -0.10802609
v -0.13626051 0.05626756 -0.11693329
v -0.13885045 0.05249012 -0.11347198
v -0.13622403 0.04467708 -0.11650145
v -0.13646841 0.05276424 -0.11069822
v -0.13885045 0.05249012 -0.11347198
v -0.13092208 0.05037886 -0.11886597
v -0.11683434 0.06456441 -0.10979986
v -0.12141347 0.06299567 -0.1134066
v -0.12985849 0.05975652 -0.11999667
v -0.12999409 0.05852652 -0.11983299
v -0.13008094 0.05965912 -0.12014216
v -0.13152337 0.05812806 -0.11987334
v -0.13008165 0.05989498 -0.12016183
v -0.13622403 0.04467708 -0.11650145
v -0.13960338 0.04872769 -0.1191715
v -0.13092208 0.05037886 -0.11886597
v -0.1304189 0.05975622 -0.11973166
v -0.13309717 0.06987631 -0.10557789
v -0.13152337 0.05812806 -0.11987334
v -0.13031995 0.05976659 -0.1200406
v -0.13960338 0.04872769 -0.1191715
v -0.13031995 0.05976659 -0.1200406
v -0.13008094 0.05965912 -0.12014216
v -0.13152337 0.05812806 -0.11987334
v -0.13031995 0.05976659 -0.1200406
v -0.13960338 0.04872769 -0.1191715
v -0.17427325 0.06151736 -0.02518004
v -0.15391493 0.06399131 -0.03215915
v -0.16485703 0.06895411 -0.01956069
v -0.17427325 0.06151736 -0.02518004
v -0.16485703 0.06895411 -0.01956069
v -0.17362475 0.06998152 -0.01772296
v -0.1788131 0.07077634 -0.0205695
v -0.19588006 0.06081468 -0.03361166
v -0.19130504 0.06070799 -0.03301603
v -0.19559002 0.0634973 -0.03287125
v -0.16945577 0.05211252 -0.04507929
v -0.15100205 0.06110299 -0.03624177
v -0.17445493 0.0534758 -0.03274584
v -0.14817858 0.06057304 -0.05359924
v -0.16733479 0.04868215 -0.0639528
v -0.14950752 0.05910456 -0.05537415
v -0.17042387 0.04738355 -0.05535322
v -0.18661356 0.04245555 -0.04862285
v -0.15288508 0.05692703 -0.06897807
v -0.14699316 0.06110853 -0.05478859
v -0.1860745 0.04431283 -0.04353929
v -0.1889416 0.04143327 -0.04718161
v -0.18917334 0.04081196 -0.04900843
v -0.18787372 0.0402717 -0.05365211
v -0.17724836 0.04102653 -0.06571704
v -0.19766235 0.06160116 -0.03612012
v -0.20443559 0.0563426 -0.05151671
v -0.19332004 0.04310721 -0.04893416
v -0.17445493 0.0534758 -0.03274584
v -0.1860745 0.04431283 -0.04353929
v -0.19332004 0.04310721 -0.04893416
v -0.20443559 0.0563426 -0.05151671
v -0.20661223 0.04744011 -0.05712563
v -0.1889416 0.04143327 -0.04718161
v -0.1860745 0.04431283 -0.04353929
v -0.19122255 0.04267216 -0.04542196
v -0.19110489 0.04022098 -0.04823971
v -0.19110489 0.04022098 -0.04823971
v -0.19281161 0.03803825 -0.05200028
v -0.18917334 0.04081196 -0.04900843
v -0.19281161 0.03803825 -0.05200028
v -0.18736601 0.03805298 -0.06897748
v -0.16940391 0.04727858 -0.06917149
v -0.14773107 0.06116337 -0.07098353
v -0.15156031 0.05943638 -0.07356042
v -0.15832853 0.0589937 -0.08512646
v -0.16821992 0.05149138 -0.07848662
v -0.175614 0.04356217 -0.07866853
v -0.15832853 0.0589937 -0.08512646
v -0.16821992 0.05149138 -0.07848662
v -0.17213416 0.05470729 -0.08592856
v -0.17242157 0.06368703 -0.08968514
v -0.18420196 0.03650719 -0.07279813
v -0.18646681 0.0323199 -0.08315843
v -0.1840595 0.03665602 -0.08966315
v -0.175614 0.04356217 -0.07866853
v -0.1840595 0.03665602 -0.08966315
v -0.18269718 0.04503793 -0.08783126
v -0.20811391 0.05656356 -0.08157444
v -0.20428503 0.05822062 -0.08815753
v -0.20572197 0.04803568 -0.08343846
v -0.20933497 0.04980588 -0.07925534
v -0.20811391 0.05656356 -0.08157444
v -0.20572197 0.04803568 -0.08343846
v -0.19158912 0.05894059 -0.09159666
v -0.19734514 0.06205487 -0.09482294
v -0.19030166 0.06475443 -0.09373164
v -0.19790256 0.05277544 -0.09407705
v -0.20572197 0.04803568 -0.08343846
v -0.21020305 0.03836602 -0.08554214
v -0.20933497 0.04980588 -0.07925534
v -0.19141519 0.02930802 -0.076262
v -0.20572197 0.04803568 -0.08343846
v -0.212147 0.04224527 -0.08785635
v -0.21020305 0.03836602 -0.08554214
v -0.18646681 0.0323199 -0.08315843
v -0.19528961 0.02387035 -0.08568072
v -0.19205976 0.0231986 -0.08860308
v -0.19630742 0.04389292 -0.09332448
v -0.19980645 0.03993851 -0.09676802
v -0.19676781 0.06405199 -0.03393054
v -0.19677043 0.06285888 -0.0339371
v -0.19766235 0.06160116 -0.03612012
v -0.20193899 0.06329012 -0.03804857
v -0.21244287 0.05597258 -0.06782866
v -0.21197379 0.05627054 -0.0643152
v -0.21591806 0.05666405 -0.06658089
v -0.21197987 0.06329197 -0.04874218
v -0.21299648 0.05306327 -0.06674051
v -0.21008646 0.04142821 -0.06753576
v -0.20182335 0.03152609 -0.06406713
v -0.20661223 0.04744011 -0.05712563
v -0.21730196 0.064565 -0.05015296
v -0.22981262 0.06730098 -0.06053692
v -0.2365824 0.06498826 -0.07837117
v -0.23364377 0.04850632 -0.0720011
v -0.23570132 0.05170149 -0.07390088
v -0.2352308 0.04839373 -0.0721131
v -0.23509431 0.04795504 -0.07215953
v -0.23529494 0.04797214 -0.07228512
v -0.23524094 0.04772478 -0.07235318
v -0.23509431 0.04795504 -0.07215953
v -0.23529494 0.04797214 -0.07228512
v -0.23524094 0.04772478 -0.07235318
v -0.23498225 0.04780471 -0.07239288
v -0.23509431 0.04795504 -0.07215953
v -0.23509431 0.04795504 -0.07215953
v -0.23498225 0.04780471 -0.07239288
v -0.23364377 0.04850632 -0.0720011
v -0.23524094 0.04772478 -0.07235318
v -0.23582268 0.04593831 -0.07358724
v -0.23498225 0.04780471 -0.07239288
v -0.21639884 0.0553534 -0.06901896
v -0.21734846 0.05510682 -0.08637881
v -0.2107842 0.06665593 -0.10553122
v -0.2148422 0.05032378 -0.09898168
v -0.21484721 0.05032164 -0.09897107
v -0.21734846 0.05510682 -0.08637881
v -0.22583759 0.04918867 -0.09148216
v -0.21484721 0.05032164 -0.09897107
v -0.21008646 0.04142821 -0.06753576
v -0.21299648 0.05306327 -0.06674051
v -0.20933497 0.04980588 -0.07925534
v -0.22583759 0.04918867 -0.09148216
v -0.22182584 0.05170858 -0.07787824
v -0.22850609 0.04552108 -0.08821332
v -0.21020305 0.03836602 -0.08554214
v -0.21216261 0.02506101 -0.08650523
v -0.21103084 0.02867049 -0.07788271
v -0.22583759 0.04918867 -0.09148216
v -0.22850609 0.04552108 -0.08821332
v -0.229285 0.04376948 -0.09290826
v -0.21575475 0.02480888 -0.09019101
v -0.212147 0.04224527 -0.08785635
v -0.21541595 0.03068841 -0.0968399
v -0.19980645 0.03993851 -0.09676802
v -0.21541595 0.03068841 -0.0968399
v -0.212147 0.04224527 -0.08785635
v -0.229285 0.04376948 -0.09290826
v -0.22857881 0.04531235 -0.09544343
v -0.22583759 0.04918867 -0.09148216
v -0.21483052 0.05031508 -0.09897721
v -0.21484721 0.05032164 -0.09897107
v -0.21484971 0.05031574 -0.09897864
v -0.21541595 0.03068841 -0.0968399
v -0.23675668 0.06455684 -0.07919228
v -0.2369715 0.06341809 -0.09301233
v -0.23617375 0.06167841 -0.08153701
v -0.21499586 0.05038601 -0.09904546
v -0.23705113 0.06215215 -0.10156989
v -0.23664606 0.06082726 -0.10879523
v -0.23738801 0.05945843 -0.10869503
v -0.23705113 0.06215215 -0.10156989
v -0.21499586 0.05038601 -0.09904546
v -0.23620951 0.04888892 -0.09251916
v -0.23723662 0.06261718 -0.09794945
v -0.2426753 0.04959863 -0.0949986
v -0.229285 0.04376948 -0.09290826
v -0.22850609 0.04552108 -0.08821332
v -0.23757744 0.03378081 -0.0884859
v -0.24799216 0.03926361 -0.09585112
v -0.22911751 0.04300463 -0.10070544
v -0.22857881 0.04531235 -0.09544343
v -0.23287666 0.03036439 -0.10258371
v -0.22911751 0.04300463 -0.10070544
v -0.21484971 0.05031574 -0.09897864
v -0.22857881 0.04531235 -0.09544343
v -0.23287666 0.03036439 -0.10258371
v -0.23181164 0.02986473 -0.10518873
v -0.22911751 0.04300463 -0.10070544
v -0.21483052 0.05031508 -0.09897721
v -0.21484566 0.05031973 -0.09898251
v -0.21484792 0.05032289 -0.09898323
v -0.21485353 0.05031729 -0.0989874
v -0.21484971 0.05031574 -0.09897864
v -0.21499586 0.05038601 -0.09904546
v -0.23738801 0.05945843 -0.10869503
v -0.23184538 0.04541928 -0.10972065
v -0.24111402 0.04802918 -0.10916275
v -0.23468196 0.03418601 -0.11518222
v -0.23181164 0.02986473 -0.10518873
v -0.24614155 0.03560603 -0.11533833
v -0.23536468 0.04804879 -0.07242751
v -0.23539174 0.04788655 -0.07243055
v -0.23524094 0.04772478 -0.07235318
v -0.23539174 0.04788655 -0.07243055
v -0.23582268 0.04593831 -0.07358724
v -0.23524094 0.04772478 -0.07235318
v -0.23536468 0.04804879 -0.07242751
v -0.23570132 0.05170149 -0.07390088
v -0.23558319 0.04807127 -0.07286447
v -0.23774529 0.06301463 -0.09801942
v -0.2369715 0.06341809 -0.09301233
v -0.23916113 0.06174064 -0.10007715
v -0.23582268 0.04593831 -0.07358724
v -0.23539174 0.04788655 -0.07243055
v -0.24799216 0.03926361 -0.09585112
v -0.24428868 0.04416102 -0.10428935
v -0.2426753 0.04959863 -0.0949986
v -0.249143 0.0542323 -0.10859549
v -0.272874 0.05780506 -0.10513431
v -0.27302814 0.05747265 -0.10526186
v -0.27276719 0.05742311 -0.10517979
v -0.27158916 0.05818838 -0.10468739
v -0.26855481 0.05724317 -0.10637552
v -0.2595247 0.05530393 -0.10974729
v -0.25196528 0.05709743 -0.1091128
v -0.26855481 0.05724317 -0.10637552
v -0.2595247 0.05530393 -0.10974729
v -0.26855481 0.05724317 -0.10637552
v -0.25649834 0.05182594 -0.11111414
v -0.27777255 0.03079033 -0.11158282
v -0.2734884 0.03969806 -0.10974276
v -0.27680647 0.03875494 -0.11116856
v -0.27777255 0.03079033 -0.11158282
v -0.27085733 0.0382266 -0.11401236
v -0.2734884 0.03969806 -0.10974276
v -0.2734884 0.03969806 -0.10974276
v -0.27085733 0.0382266 -0.11401236
v -0.25649834 0.05182594 -0.11111414
v -0.27777255 0.03079033 -0.11158282
v -0.28009868 0.02378899 -0.11111629
v -0.27085733 0.0382266 -0.11401236
v -0.249143 0.0542323 -0.10859549
v -0.23738801 0.05945843 -0.10869503
v -0.24111402 0.04802918 -0.10916275
v -0.25464964 0.0606308 -0.11595863
v -0.23861432 0.06084269 -0.10893804
v -0.25196528 0.05709743 -0.1091128
v -0.24111402 0.04802918 -0.10916275
v -0.24614155 0.03560603 -0.11533833
v -0.24978411 0.0239296 -0.11446661
v -0.25031197 0.03008729 -0.10990143
v -0.27150822 0.04805946 -0.11415237
v -0.27593911 0.04970008 -0.11220443
v -0.27314019 0.05579484 -0.11113411
v -0.26444304 0.0566743 -0.11418825
v -0.2595247 0.05530393 -0.10974729
v -0.27085733 0.0382266 -0.11401236
v -0.271644 0.0392828 -0.11826384
v -0.25649834 0.05182594 -0.11111414
v -0.271644 0.0392828 -0.11826384
v -0.28009868 0.02378899 -0.11111629
v -0.27918482 0.03671348 -0.11748248
v -0.27085733 0.0382266 -0.11401236
v -0.27318728 0.05783278 -0.10523331
v -0.27321613 0.05758053 -0.10549927
v -0.27904367 0.04040807 -0.11397564
v -0.27321613 0.05758053 -0.10549927
v -0.27510703 0.0545904 -0.10921651
v -0.27316129 0.05793929 -0.10544044
v -0.28050303 0.03500533 -0.11455882
v -0.27904367 0.04040807 -0.11397564
v -0.28050303 0.03500533 -0.11455882
v -0.28009868 0.02378899 -0.11111629
v -0.27777255 0.03079033 -0.11158282
v -0.27479553 0.05596644 -0.11065239
v -0.27482331 0.05674845 -0.1089651
v -0.27593911 0.04970008 -0.11220443
v -0.27314019 0.05579484 -0.11113411
v -0.27918482 0.03671348 -0.11748248
v -0.28050303 0.03500533 -0.11455882
v -0.27918482 0.03671348 -0.11748248
v 0.19506615 0.10729277 0.08787078
v 0.1857543 0.08977669 0.08430099
v 0.19915175 0.09866649 0.07955641
v 0.2026794 0.10812771 0.07926685
v 0.20913923 0.10173368 0.06765962
v 0.21125257 0.11791867 0.06638706
v 0.21220881 0.10068899 0.06192511
v 0.2088334 0.09436202 0.06363821
v 0.193937 0.07591236 0.06847703
v 0.19864899 0.0852024 0.07213455
v 0.18560815 0.08518785 0.0817529
v 0.20257902 0.08165687 0.0633142
v 0.19373989 0.06875664 0.05535924
v 0.21981859 0.11074752 0.04421759
v 0.21608698 0.1169998 0.05549067
v 0.21609813 0.1047883 0.05289596
v 0.21931374 0.10235316 0.04205036
v 0.22114384 0.11069328 0.03965122
v 0.22318375 0.09572428 0.02336615
v 0.22419357 0.10345745 0.0273217
v 0.22083575 0.09319443 0.03371024
v 0.21597224 0.08715361 0.0421958
v 0.22503167 0.10393393 0.01972908
v 0.22103584 0.11900401 0.02554834
v 0.21245956 0.09447038 0.05696505
v 0.20910776 0.08166695 0.05112427
v 0.20911533 0.07730657 0.04226017
v 0.21432805 0.07621914 0.0233047
v 0.21439683 0.0763095 0.0231964
v 0.19270879 0.06666797 0.05244184
v 0.1958369 0.06869745 0.05132526
v 0.2143364 0.07618368 0.02319163
v 0.22247398 0.09093589 0.0120275
v 0.22159362 0.11852962 0.02188182
v 0.22471875 0.10996789 0.01063579
v 0.22342271 0.10991031 0.0041765
v 0.2225045 0.09527493 0.00764626
v 0.22116715 0.08682102 0.00762904
v 0.21929544 0.10118794 -0.00583255
v 0.21905398 0.11617535 -0.00496042
v 0.21435189 0.07619148 0.02312934
v 0.21160084 0.07287472 0.00723827
v 0.21260321 0.07786071 -0.00328052
v 0.21745658 0.09444165 -0.00835818
v 0.21929544 0.10118794 -0.00583255
v 0.21745658 0.09444165 -0.00835818
v 0.21708614 0.09857231 -0.0114522
v 0.19693792 0.10795081 -0.02848232
v 0.21615708 0.11830169 -0.01178825
v 0.21248239 0.09207994 -0.01292169
v 0.2143364 0.07618368 0.02319163
v 0.21364862 0.07564253 0.02296764
v 0.21435189 0.07619148 0.02312934
v 0.19818866 0.06535995 -0.00038135
v 0.19498062 0.06369102 -0.0017013
v 0.19637412 0.06776649 -0.00625205
v 0.19637412 0.06776649 -0.00625205
v 0.19673651 0.07534307 -0.01776028
v 0.20428169 0.07857174 -0.01402724
v 0.19977987 0.08134276 -0.0201782
v 0.19694388 0.1020748 -0.02683014
v 0.19355237 0.08169079 -0.0233013
v 0.16349238 0.09932154 0.10178214
v 0.16592729 0.11381924 0.10279953
v 0.15185076 0.10567969 0.1026898
v 0.15211052 0.09619588 0.10087883
v 0.18723243 0.10663199 0.09364808
v 0.17295742 0.11544049 0.10163128
v 0.17316753 0.09872955 0.09988612
v 0.18191904 0.08808154 0.08627385
v 0.18239248 0.0863114 0.08430809
v 0.17633545 0.08570373 0.08657026
v 0.16682905 0.08942366 0.09418035
v 0.16483968 0.08493376 0.09049779
v 0.16739863 0.07754934 0.0864675
v 0.18482167 0.06962681 0.07010812
v 0.1820389 0.08407938 0.08345312
v 0.16682905 0.08942366 0.09418035
v 0.17316753 0.09872955 0.09988612
v 0.16044474 0.08617467 0.09258556
v 0.14571732 0.08558321 0.09468657
v 0.16044474 0.08617467 0.09258556
v 0.16739863 0.07754934 0.0864675
v 0.16483968 0.08493376 0.09049779
v 0.15969294 0.08001626 0.09033298
v 0.14574558 0.0772264 0.09146416
v 0.19217795 0.1099686 -0.02819538
v 0.19377148 0.10626858 -0.02880687
v 0.19272834 0.06202084 -0.00116467
v 0.19498062 0.06369102 -0.0017013
v 0.16427237 0.10073179 -0.02549845
v 0.15161008 0.10687798 -0.01380968
v 0.16701686 0.11471874 -0.02434826
v 0.15409726 0.09056967 -0.0229162
v 0.15307921 0.07613152 -0.0266031
v 0.17871684 0.0903995 -0.03007144
v 0.17392504 0.10155028 -0.03158861
v 0.16876465 0.09143144 -0.03075248
v 0.17513674 0.07581335 -0.02332848
v 0.17217684 0.07639253 -0.02365828
v 0.16427237 0.10073179 -0.02549845
v 0.15409726 0.09056967 -0.0229162
v 0.15627944 0.08700281 -0.02518469
v 0.15248901 0.08710277 -0.0246256
v 0.14036912 0.11278003 0.10028309
v 0.14209789 0.10013819 0.10145986
v 0.13177794 0.10104024 0.0969373
v 0.13766706 0.08966768 0.09561116
v 0.12238139 0.0872876 0.08953846
v 0.13894278 0.08333474 0.09261346
v 0.12152898 0.08522683 0.08816534
v 0.11775446 0.0859009 0.08625287
v 0.11988235 0.08816636 0.08730066
v 0.11840314 0.09224057 0.08356267
v 0.13186651 0.11422932 0.09653336
v 0.12327516 0.1073814 0.08912385
v 0.12001079 0.08595759 0.08797991
v 0.11593109 0.10673559 0.07381773
v 0.11776882 0.10843796 0.07854444
v 0.11776882 0.10843796 0.07854444
v 0.11565435 0.11091232 0.07338691
v 0.11593109 0.10673559 0.07381773
v 0.11204553 0.11065042 0.06206828
v 0.1114288 0.10246515 0.07274699
v 0.11204553 0.11065042 0.06206828
v 0.11912668 0.08292758 0.08813334
v 0.10410774 0.08554709 0.07541168
v 0.10439712 0.07461625 0.08026922
v 0.11122382 0.11239487 0.01966375
v 0.11079895 0.11267406 0.02235317
v 0.11180681 0.11318558 0.02005857
v 0.11060148 0.11202127 0.01973701
v 0.13201517 0.09927458 -0.0199126
v 0.14835984 0.10868186 -0.0109998
v 0.13042319 0.09956223 -0.01895463
v 0.13068414 0.09852588 -0.02042049
v 0.13068414 0.09852588 -0.02042049
v 0.13201517 0.09927458 -0.0199126
v 0.13249236 0.09774613 -0.02074426
v 0.13034046 0.09852046 -0.02036458
v 0.13051188 0.09758478 -0.02080649
v 0.13051188 0.09758478 -0.02080649
v 0.11326396 0.11244363 0.01737916
v 0.11096692 0.11193717 0.01904017
v 0.10874587 0.10921007 0.01807708
v 0.12494624 0.11095387 0.00209123
v 0.12931305 0.11190295 0.00012559
v 0.11006814 0.08728659 -0.01304597
v 0.11383307 0.10188341 -0.00101429
v 0.10711479 0.08058524 -0.01550806
v 0.10067147 0.08705491 -0.0019021
v 0.11854988 0.08103561 -0.02014494
v 0.13368338 0.07798713 -0.02800238
v 0.12838334 0.07701379 -0.02633125
v 0.1305238 0.07150555 -0.0289591
v 0.11854988 0.08103561 -0.02014494
v 0.11040658 0.11208498 0.05621815
v 0.10869086 0.10915279 0.05686831
v 0.09992081 0.09082294 0.06447649
v 0.09063643 0.07644099 0.06884944
v 0.08730674 0.07519388 0.06688017
v 0.08874232 0.07812309 0.06467593
v 0.08606446 0.07517612 0.06468624
v 0.08606446 0.07517612 0.06468624
v 0.08730674 0.07519388 0.06688017
v 0.08874232 0.07812309 0.06467593
v 0.09485608 0.09018314 0.05263489
v 0.09992081 0.09082294 0.06447649
v 0.10948193 0.11112851 0.05416268
v 0.10793376 0.1116116 0.03883952
v 0.09584785 0.09406137 0.04460686
v 0.08787411 0.08404619 0.04535359
v 0.11079895 0.11267406 0.02235317
v 0.1032601 0.10579967 0.03398716
v 0.10884219 0.11318815 0.03608626
v 0.09351021 0.09220189 0.03457099
v 0.1032601 0.10579967 0.03398716
v 0.0940491 0.09406477 0.02758837
v 0.09351021 0.09220189 0.03457099
v 0.08153021 0.07659799 0.04529762
v 0.08583736 0.07622671 0.05983651
v 0.08267212 0.07823366 0.03690791
v 0.08921343 0.08735234 0.02811712
v 0.06981659 0.06583124 0.05122405
v 0.06720155 0.06348079 0.05196685
v 0.06791991 0.06380016 0.05336297
v 0.07254481 0.0710907 0.04056579
v 0.06811976 0.06785154 0.03391904
v 0.06565672 0.06623471 0.03782046
v 0.08098751 0.07690912 0.02798063
v 0.08267212 0.07823366 0.03690791
v 0.08098751 0.07690912 0.02798063
v 0.06705534 0.06493914 0.02129495
v 0.09563404 0.09029317 0.00824112
v 0.09405988 0.09072357 0.01691282
v 0.09948248 0.09261024 0.00586015
v 0.09248805 0.08616638 0.00851786
v 0.09538537 0.08851898 0.00503647
v 0.08333379 0.07230848 0.00671029
v 0.08355546 0.07757086 0.02089745
v 0.094051 0.08409828 0.00257707
v 0.10743695 0.0650509 -0.02508235
v 0.06823039 0.06535459 0.01866055
v 0.06606221 0.063995 0.01916379
v 0.06823039 0.06535459 0.01866055
v 0.0678944 0.06212157 0.05547619
v -0.08686125 0.10879409 -0.0245468
v -0.07531685 0.11519283 -0.02542138
v -0.07596767 0.11604291 -0.01634192
v -0.08595401 0.1151365 -0.01278949
v -0.10834098 0.10977185 0.00451285
v -0.1142993 0.09875602 -0.00650412
v -0.10597539 0.10268795 -0.00918454
v -0.09770226 0.11007649 -0.00718147
v -0.09770226 0.11007649 -0.00718147
v -0.10597539 0.10268795 -0.00918454
v -0.09805107 0.10418063 -0.01878297
v -0.09503078 0.10240239 -0.02802157
v -0.1142993 0.09875602 -0.00650412
v -0.11055118 0.0950492 -0.02028072
v -0.08357865 0.10647464 -0.04394042
v -0.08020198 0.10957718 -0.0396533
v -0.08495957 0.10679877 -0.04000288
v -0.08096844 0.10928506 -0.04423672
v -0.09382355 0.09674627 -0.04597741
v -0.08662874 0.09792274 -0.0612151
v -0.08658558 0.09798062 -0.061158
v -0.08663881 0.09791809 -0.06116951
v -0.08661813 0.09795368 -0.06122714
v -0.08658558 0.09798062 -0.061158
v -0.07548642 0.11353177 -0.05167764
v -0.08668733 0.09785151 -0.06123382
v -0.08663881 0.09791809 -0.06116951
v -0.08694518 0.09772384 -0.0609464
v -0.08668733 0.09785151 -0.06123382
v -0.10202885 0.08942574 -0.04620427
v -0.10530645 0.08724523 -0.04693055
v -0.1018579 0.08896309 -0.04810226
v -0.11078846 0.09250462 -0.02602249
v -0.10323644 0.08712834 -0.05113423
v -0.11493909 0.08776385 -0.0318585
v -0.11848038 0.08150887 -0.04215461
v -0.11799783 0.07963514 -0.05010515
v -0.11258084 0.07857943 -0.06371439
v -0.10224372 0.08343387 -0.06609654
v -0.11350477 0.07534742 -0.07635212
v -0.08663857 0.09791636 -0.06125516
v -0.08661813 0.09795368 -0.06122714
v -0.08663857 0.09791636 -0.06125516
v -0.08587778 0.09953612 -0.06441289
v -0.09627652 0.08645946 -0.07946563
v -0.09817165 0.08708996 -0.08338505
v -0.08343637 0.10509205 -0.07685399
v -0.09627652 0.08645946 -0.07946563
v -0.0982008 0.08362722 -0.07439029
v -0.09934187 0.08226204 -0.08020896
v -0.09908289 0.08379334 -0.08326858
v -0.09817165 0.08708996 -0.08338505
v -0.08288389 0.10587054 -0.07650459
v -0.08587778 0.09953612 -0.06441289
v -0.08306831 0.10573226 -0.07672238
v -0.08473021 0.10563242 -0.07789016
v -0.1051017 0.10369992 -0.0919283
v -0.10540342 0.10517663 -0.09203118
v -0.10681796 0.10449159 -0.09287882
v -0.10662061 0.08393759 -0.09919822
v -0.0982008 0.08362722 -0.07439029
v -0.11350477 0.07534742 -0.07635212
v -0.11615038 0.07362729 -0.08359921
v -0.10721415 0.07754368 -0.0808804
v -0.10752171 0.0809986 -0.09928119
v -0.1093027 0.08209592 -0.10185254
v -0.110237 0.0848878 -0.10142702
v -0.11211079 0.08170521 -0.10320795
v -0.10752171 0.0809986 -0.09928119
v -0.11574209 0.06598765 -0.10884666
v -0.11470848 0.10929883 0.00618219
v -0.12922466 0.11228245 0.0075351
v -0.12959343 0.10469496 0.00578111
v -0.12572187 0.09966129 -0.00142282
v -0.13860404 0.08886516 -0.00169653
v -0.12572187 0.09966129 -0.00142282
v -0.12383306 0.09118944 -0.00907665
v -0.11546475 0.09013295 -0.02385676
v -0.12383306 0.09118944 -0.00907665
v -0.1304729 0.08181649 -0.0224157
v -0.13937271 0.08659732 -0.0029555
v -0.15095973 0.10793024 -0.00154585
v -0.15830922 0.09229702 -0.0049119
v -0.14136517 0.0885883 -0.00296938
v -0.13898063 0.10804695 0.00366414
v -0.13937271 0.08659732 -0.0029555
v -0.13937271 0.08659732 -0.0029555
v -0.14136517 0.0885883 -0.00296938
v -0.14084268 0.08585596 -0.00338608
v -0.15024173 0.07267022 -0.01774454
v -0.15927768 0.08484226 -0.00641853
v -0.15024173 0.07267022 -0.01774454
v -0.13721633 0.07909936 -0.02276337
v -0.14084268 0.08585596 -0.00338608
v -0.14811718 0.06437832 -0.03339791
v -0.1239202 0.08038622 -0.04437339
v -0.12606651 0.08113492 -0.03217357
v -0.13259149 0.07824785 -0.02718073
v -0.13479578 0.07428491 -0.044065
v -0.14878571 0.06297171 -0.03557944
v -0.14685249 0.06331944 -0.03564513
v -0.14529133 0.06205517 -0.0537073
v -0.14657497 0.06180835 -0.05385023
v -0.14591062 0.06157917 -0.05470645
v -0.12846845 0.10858321 -0.07989711
v -0.12584996 0.10663605 -0.08218354
v -0.12818307 0.10550517 -0.08132595
v -0.12584996 0.10663605 -0.08218354
v -0.12673002 0.10321468 -0.08394766
v -0.12818307 0.10550517 -0.08132595
v -0.11611623 0.10545152 -0.08787805
v -0.12673002 0.10321468 -0.08394766
v -0.12993193 0.10201526 -0.08325994
v -0.10980618 0.10304385 -0.09313738
v -0.10797745 0.10525 -0.09210652
v -0.12370384 0.0901168 -0.09580904
v -0.10980618 0.10304385 -0.09313738
v -0.11537749 0.08527476 -0.10054857
v -0.10797745 0.10525 -0.09210652
v -0.12545031 0.07334536 -0.07155222
v -0.11615038 0.07362729 -0.08359921
v -0.11350477 0.07534742 -0.07635212
v -0.12657726 0.07319701 -0.09008628
v -0.13021886 0.07315612 -0.07322258
v -0.13373709 0.07298487 -0.08804691
v -0.11786544 0.06747496 -0.09994513
v -0.12982595 0.06942809 -0.09773082
v -0.12831414 0.08096105 -0.10315901
v -0.13268387 0.08817196 -0.09276229
v -0.14366817 0.09306407 -0.08734381
v -0.15725672 0.09641093 -0.0884884
v -0.15355396 0.10842246 -0.0816803
v -0.13259673 0.10702235 -0.08139116
v -0.13268387 0.08817196 -0.09276229
v -0.14212024 0.08267307 -0.09112829
v -0.14514434 0.06229007 -0.07087785
v -0.14761817 0.06390011 -0.07347536
v -0.14259946 0.06566668 -0.07446754
v -0.14113665 0.0709067 -0.08675182
v -0.13373709 0.07298487 -0.08804691
v -0.14259946 0.06566668 -0.07446754
v -0.13534427 0.06732583 -0.09783286
v -0.13513649 0.07586038 -0.10308921
v -0.11537749 0.08527476 -0.10054857
v -0.12986141 0.06016701 -0.11987787
v -0.12612385 0.07485235 -0.10758865
v -0.13042617 0.0743714 -0.10670882
v -0.13020527 0.06000525 -0.11992043
v -0.13020527 0.06000525 -0.11992043
v -0.13008165 0.05989498 -0.12016183
v -0.15751266 0.1076296 -0.0092814
v -0.16788101 0.11359161 -0.02795112
v -0.17277479 0.10518271 -0.02503145
v -0.16348577 0.11208069 -0.0203951
v -0.15927768 0.08484226 -0.00641853
v -0.16640186 0.08963215 -0.01077724
v -0.17298341 0.09851277 -0.01917386
v -0.17508352 0.09441555 -0.01933897
v -0.16616845 0.08031642 -0.00966132
v -0.17605937 0.07566524 -0.01844198
v -0.17647135 0.09792548 -0.02214843
v -0.18175232 0.0998131 -0.02923024
v -0.1826793 0.0910542 -0.0235393
v -0.1841017 0.07888931 -0.02342117
v -0.17355704 0.11224675 -0.03281432
v -0.17277479 0.10518271 -0.02503145
v -0.16788101 0.11359161 -0.02795112
v -0.19177032 0.09907913 -0.03960431
v -0.19517565 0.10471147 -0.05170846
v -0.20164859 0.09093797 -0.04277664
v -0.18673265 0.10566974 -0.04026002
v -0.19187939 0.08480102 -0.02879709
v -0.20101738 0.08448446 -0.03724486
v -0.19532406 0.06794798 -0.03224885
v -0.17311883 0.10770851 -0.08078319
v -0.15564489 0.08298731 -0.09344751
v -0.16785443 0.08933645 -0.09302837
v -0.17988563 0.09040457 -0.09374285
v -0.17658114 0.10601074 -0.08186013
v -0.1766578 0.10830873 -0.08013386
v -0.1514616 0.06838399 -0.08753258
v -0.1678704 0.07647812 -0.09388244
v -0.17862916 0.07716066 -0.09453946
v -0.19688106 0.10458815 -0.08801621
v -0.19763899 0.10476267 -0.08812833
v -0.19729292 0.10530478 -0.08693928
v -0.19324255 0.10584223 -0.0862056
v -0.19688106 0.10458815 -0.08801621
v -0.19729292 0.10530478 -0.08693928
v -0.19324255 0.10584223 -0.0862056
v -0.19378531 0.08461577 -0.09801185
v -0.19698977 0.07320321 -0.09625375
v -0.19878304 0.08465427 -0.099356
v -0.20618689 0.08548969 -0.04314744
v -0.20706856 0.08797711 -0.04623502
v -0.20920491 0.08427393 -0.04533398
v -0.20620084 0.10743028 -0.07300395
v -0.21757114 0.10223448 -0.07109112
v -0.20282519 0.10678321 -0.06367785
v -0.19974113 0.10453993 -0.05758512
v -0.21677864 0.0981164 -0.06448984
v -0.21085 0.07418668 -0.04586524
v -0.21197987 0.06329197 -0.04874218
v -0.20630038 0.08319432 -0.04273415
v -0.21730196 0.064565 -0.05015296
v -0.21988046 0.09237552 -0.0628798
v -0.22245014 0.07873386 -0.05518335
v -0.22086704 0.09789675 -0.06797165
v -0.21757114 0.10223448 -0.07109112
v -0.22604847 0.10059708 -0.07785696
v -0.22946358 0.08797437 -0.06949973
v -0.22981262 0.06730098 -0.06053692
v -0.23376274 0.08117765 -0.06880438
v -0.2365824 0.06498826 -0.07837117
v -0.21794903 0.10700887 -0.0790062
v -0.21757114 0.10223448 -0.07109112
v -0.20620084 0.10743028 -0.07300395
v -0.19763899 0.10476267 -0.08812833
v -0.1991967 0.10524082 -0.087879
v -0.21905422 0.09891355 -0.0993588
v -0.20244718 0.10336494 -0.09084255
v -0.21770108 0.09734541 -0.10043955
v -0.20244718 0.10336494 -0.09084255
v -0.21284068 0.09330136 -0.10047805
v -0.20384121 0.0799256 -0.10237867
v -0.23193014 0.10025483 -0.08425468
v -0.23198295 0.10265565 -0.09056556
v -0.23842394 0.09476638 -0.08765954
v -0.22652149 0.10396069 -0.0836609
v -0.22604847 0.10059708 -0.07785696
v -0.21905422 0.09891355 -0.0993588
v -0.23097646 0.10297 -0.0924533
v -0.21782672 0.10643035 -0.08945125
v -0.23777843 0.09063607 -0.10414249
v -0.2320168 0.10243785 -0.09293711
v -0.22112966 0.09756517 -0.100676
v -0.23585689 0.08342934 -0.0723992
v -0.23711014 0.06558853 -0.07926923
v -0.23857081 0.06672472 -0.08063793
v -0.23705113 0.06215215 -0.10156989
v -0.23781145 0.06151235 -0.10874087
v -0.23664606 0.06082726 -0.10879523
v -0.21844363 0.09601438 -0.10120463
v -0.2191751 0.0973143 -0.10089684
v -0.22001195 0.09567541 -0.10149318
v -0.21620131 0.0740692 -0.1080097
v -0.21989 0.06601453 -0.10844529
v -0.22273362 0.07444245 -0.10863674
v -0.22112966 0.09756517 -0.100676
v -0.23777843 0.09063607 -0.10414249
v -0.23662758 0.08188921 -0.10801584
v -0.24368882 0.08068466 -0.10866416
v -0.23781145 0.06151235 -0.10874087
v -0.23664606 0.06082726 -0.10879523
v -0.23842394 0.09476638 -0.08765954
v -0.24853146 0.08396322 -0.08891058
v -0.24084163 0.08259714 -0.07849586
v -0.24834776 0.0858404 -0.09304219
v -0.24853146 0.08396322 -0.08891058
v -0.24834776 0.0858404 -0.09304219
v -0.25260866 0.08151853 -0.09353256
v -0.23587322 0.09989423 -0.09335321
v -0.23250544 0.10271633 -0.09231973
v -0.25130272 0.08584416 -0.09738606
v -0.2506783 0.08650613 -0.09974241
v -0.25260866 0.08151853 -0.09353256
v -0.23267424 0.10235327 -0.09191513
v -0.24837089 0.0800482 -0.08881932
v -0.23857081 0.06672472 -0.08063793
v -0.25100422 0.07243913 -0.09415561
v -0.23774529 0.06301463 -0.09801942
v -0.25100422 0.07243913 -0.09415561
v -0.25438702 0.06578237 -0.09751236
v -0.25402749 0.08334446 -0.10069013
v -0.23861432 0.06084269 -0.10893804
v -0.23781145 0.06151235 -0.10874087
v -0.23705113 0.06215215 -0.10156989
v -0.27305686 0.05808759 -0.10523367
v -0.27254081 0.05855137 -0.1050294
v -0.27285898 0.05835867 -0.10536069
v -0.26208866 0.07333428 -0.10287762
v -0.25844455 0.07491702 -0.09843957
v -0.27291727 0.05927932 -0.10815239
v -0.27285898 0.05835867 -0.10536069
v -0.24368882 0.08068466 -0.10866416
v -0.25110543 0.07396084 -0.11051953
v -0.25718486 0.0727061 -0.10895067
v -0.25110543 0.07396084 -0.11051953
v -0.25718486 0.0727061 -0.10895067
v -0.2720592 0.05802792 -0.11059636
v -0.27413118 0.05769378 -0.11069417
v -0.2720592 0.05802792 -0.11059636
v 0.2341904 0.15146446 0.03971946
v 0.22891951 0.13892734 0.03800625
v 0.23519886 0.14915133 0.03409564
v 0.23611873 0.15142012 0.03390294
v 0.2360158 0.15051985 0.03232008
v 0.23694044 0.15297723 0.03194648
v 0.2337085 0.14525878 0.03132641
v 0.23556447 0.14948547 0.01941031
v 0.23399204 0.14658892 0.01842391
v 0.23537523 0.15006149 0.01894408
v 0.2360999 0.15066898 0.02001935
v 0.23580682 0.14988911 0.01992816
v 0.23581487 0.15014744 0.01946795
v 0.23502326 0.14811206 0.0203647
v 0.21686429 0.13741636 0.06518006
v 0.21835411 0.14032209 0.06362569
v 0.2159977 0.14062572 0.06620795
v 0.21829736 0.13721144 0.06242037
v 0.21261823 0.13600087 0.06997401
v 0.22369361 0.14428699 0.05685437
v 0.21583223 0.12955028 0.06300104
v 0.1952312 0.15075696 0.08544821
v 0.20194805 0.1382376 0.08155197
v 0.20393229 0.15043306 0.07916445
v 0.19722855 0.13087785 0.08556348
v 0.18888551 0.13957036 0.09094369
v 0.18806517 0.13134515 0.09327763
v 0.21709514 0.15717316 0.07281697
v 0.20308328 0.13053799 0.07947958
v 0.19722855 0.13087785 0.08556348
v 0.18806517 0.13134515 0.09327763
v 0.18968213 0.11862648 0.09188157
v 0.20204866 0.12233102 0.08193314
v 0.21354973 0.11952287 0.0624733
v 0.21265733 0.12212616 0.06361842
v 0.21987087 0.13234186 0.05231732
v 0.22976041 0.15463614 0.05317968
v 0.23128772 0.15161538 0.04831284
v 0.22286236 0.12968427 0.04301822
v 0.22077888 0.12713099 0.04302061
v 0.22237563 0.12844378 0.03967112
v 0.22575837 0.13081658 0.02639979
v 0.22101957 0.12085187 0.04267973
v 0.22186989 0.12272406 0.02446437
v 0.22097683 0.12405646 0.03424519
v 0.21431524 0.12238812 0.05979431
v 0.22295725 0.12763751 0.01490003
v 0.22261626 0.13623738 0.00794464
v 0.22049338 0.12494463 0.00812852
v 0.22379285 0.14874411 0.00513345
v 0.22261626 0.13623738 0.00794464
v 0.21964085 0.14545357 0.00205815
v 0.2196123 0.15085959 0.00198507
v 0.22261471 0.1180653 0.00849587
v 0.22084671 0.12212729 0.01811123
v 0.22049338 0.12494463 0.00812852
v 0.21664399 0.12199092 -0.00728887
v 0.21329314 0.13050568 -0.00200891
v 0.19647336 0.14958429 -0.00906932
v 0.19603139 0.1498096 -0.00926417
v 0.19618332 0.15007412 -0.00919348
v 0.19729155 0.14999211 -0.00864118
v 0.19740647 0.12958926 -0.01860738
v 0.19646609 0.1300236 -0.01918727
v 0.19625437 0.14497495 -0.01170838
v 0.21905398 0.11617535 -0.00496042
v 0.19987434 0.12793601 -0.01783949
v 0.1968379 0.12930965 -0.01944333
v 0.19610816 0.12935591 -0.01950604
v 0.19659781 0.12333941 -0.02193087
v 0.15215248 0.12512052 0.10251182
v 0.17955655 0.13634694 0.0957461
v 0.17286426 0.15138876 0.0866608
v 0.1725781 0.15145838 0.08665717
v 0.17258918 0.15126216 0.08682513
v 0.1952312 0.15075696 0.08544821
v 0.16955811 0.13827705 0.09913927
v 0.17723119 0.12295169 0.09894329
v 0.18968213 0.11862648 0.09188157
v 0.17066664 0.12114829 0.10170525
v 0.17295742 0.11544049 0.10163128
v 0.17229551 0.15140116 0.08665162
v 0.15412861 0.13203466 0.10164511
v 0.15674275 0.14385116 0.09204257
v 0.1528126 0.15141034 0.0762794
v 0.15278357 0.15135777 0.07636642
v 0.15933919 0.15143085 0.07971609
v 0.15282577 0.15150237 0.07626885
v 0.152731 0.15146923 0.07603848
v 0.15273422 0.15138006 0.07628423
v 0.1528126 0.15141034 0.0762794
v 0.152731 0.15146923 0.07603848
v 0.15273422 0.15138006 0.07628423
v 0.15267855 0.15134978 0.07636881
v 0.15278357 0.15135777 0.07636642
v 0.15273422 0.15138006 0.07628423
v 0.15018773 0.13234425 0.10093957
v 0.19585907 0.15009332 -0.00923961
v 0.17525953 0.13738775 -0.01492637
v 0.16991359 0.1374017 -0.01497656
v 0.17188799 0.14210582 -0.01460057
v 0.19352001 0.13058746 -0.018884
v 0.16990823 0.1617223 -0.01292479
v 0.17296642 0.13060343 -0.02018768
v 0.15365601 0.14748144 -0.00083798
v 0.14285445 0.13745701 0.0042938
v 0.15139008 0.15387845 0.00996333
v 0.15616339 0.15311885 -0.00047934
v 0.17188799 0.14210582 -0.01460057
v 0.16990823 0.1617223 -0.01292479
v 0.15322363 0.13015425 -0.0128569
v 0.16991359 0.1374017 -0.01497656
v 0.15125114 0.11582255 -0.01265508
v 0.14288497 0.13221061 0.0004698
v 0.16143763 0.12470174 -0.01925498
v 0.17651987 0.12101996 -0.02608794
v 0.17109364 0.1208725 -0.02575171
v 0.17400688 0.11407197 -0.02901822
v 0.17109364 0.1208725 -0.02575171
v 0.17296642 0.13060343 -0.02018768
v 0.16701686 0.11471874 -0.02434826
v 0.14804995 0.14371943 0.09116852
v 0.13659209 0.1382314 0.09524649
v 0.13622767 0.14442587 0.08560622
v 0.14804995 0.14371943 0.09116852
v 0.13622767 0.14442587 0.08560622
v 0.15248352 0.15134156 0.0761981
v 0.13622767 0.14442587 0.08560622
v 0.13204551 0.14660823 0.07303005
v 0.12373233 0.13389385 0.08225441
v 0.152731 0.15146923 0.07603848
v 0.15248352 0.15134156 0.0761981
v 0.15273422 0.15138006 0.07628423
v 0.13222098 0.14756906 0.0663389
v 0.13532549 0.12338722 0.09727377
v 0.1239866 0.13181293 0.08367062
v 0.12284809 0.13281405 0.08210176
v 0.12308073 0.13330019 0.08235079
v 0.12305677 0.13336217 0.0819208
v 0.12373233 0.13389385 0.08225441
v 0.12305927 0.13284731 0.0825901
v 0.12371755 0.13333631 0.08305049
v 0.12308073 0.13330019 0.08235079
v 0.12371755 0.13333631 0.08305049
v 0.12284809 0.13281405 0.08210176
v 0.12814909 0.14492273 0.06812388
v 0.1276682 0.14546454 0.06409109
v 0.12061512 0.13450301 0.06557322
v 0.12197512 0.1324389 0.07958722
v 0.12292111 0.13193429 0.08250493
v 0.12292111 0.13193429 0.08250493
v 0.12207872 0.13018465 0.08135003
v 0.12207872 0.13018465 0.08135003
v 0.11649066 0.12833488 0.06492078
v 0.12197512 0.1324389 0.07958722
v 0.14300162 0.15440249 0.05291951
v 0.13403916 0.14913201 0.04862422
v 0.13168252 0.14897084 0.05872667
v 0.1418916 0.15507424 0.04330373
v 0.12583697 0.14317596 0.05064374
v 0.13138944 0.14297009 0.03220493
v 0.13399005 0.1453197 0.0321154
v 0.13167554 0.14308202 0.03080583
v 0.13439989 0.14557123 0.02918971
v 0.14676923 0.15682673 0.0348568
v 0.13038462 0.14082193 0.03058016
v 0.12908089 0.14178622 0.03475726
v 0.11717111 0.13197935 0.05033481
v 0.11971837 0.13755167 0.05236053
v 0.11948037 0.13783419 0.04838175
v 0.11701614 0.13104916 0.05987561
v 0.11848211 0.13224828 0.04463452
v 0.11280346 0.1187076 0.05933464
v 0.10994685 0.11487049 0.03912246
v 0.11091185 0.11338729 0.05464727
v 0.12094092 0.12467605 0.02878249
v 0.11153299 0.11664516 0.03617901
v 0.13449836 0.13945782 0.02136701
v 0.14681792 0.15429294 0.01684171
v 0.14722657 0.15672839 0.02187389
v 0.1395641 0.13478696 0.00604844
v 0.13857478 0.13275123 0.00632948
v 0.13449836 0.13945782 0.02136701
v 0.13981098 0.1333915 0.00459921
v 0.12779969 0.11436415 0.00434035
v 0.12576658 0.12390184 0.02056432
v 0.13960814 0.13175917 0.00406492
v 0.12576658 0.12390184 0.02056432
v 0.11180681 0.11318558 0.02005857
v 0.08884633 0.16044259 0.02925175
v 0.08988875 0.1609081 0.02879184
v 0.09006512 0.16092527 0.02991188
v 0.08882481 0.16064823 0.03042287
v 0.08361244 0.15937698 0.03039187
v 0.08231491 0.1586647 0.0267269
v 0.08881372 0.16059566 0.02780187
v 0.04263115 0.15154529 0.02493209
v 0.06157714 0.15356529 0.02067041
v 0.05996156 0.15451336 0.03144497
v 0.04281473 0.15405726 0.0363701
v 0.01948458 0.15232122 0.03443772
v 0.01806486 0.15046203 0.03045088
v 0.02061254 0.15065908 0.03044319
v 0.03245431 0.15266693 0.03443146
v 0.02660847 0.15068448 0.02784479
v 0.02901429 0.14970684 0.01999032
v 0.01947498 0.15035164 0.02831703
v 0.04371268 0.15345407 0.01118356
v 0.02109289 0.14927292 0.0143109
v 0.01698267 0.14862061 0.01390892
v 0.01967376 0.15141058 0.00859994
v 0.03664821 0.15218818 0.01112312
v 0.01936787 0.14881527 0.01751107
v 0.00890815 0.15196455 0.03365177
v 0.00774872 0.14777052 0.01872003
v 0.01062608 0.14914918 0.02635545
v -0.00392801 0.14747691 0.02160883
v -0.02362782 0.14989567 0.03846097
v -0.0277577 0.14333284 0.03175241
v -0.02190059 0.14580488 0.03135741
v -0.00848114 0.15096772 0.0353415
v -0.00848114 0.15096772 0.0353415
v -0.02190059 0.14580488 0.03135741
v -0.01337826 0.146088 0.0245648
v -0.01084042 0.14467382 0.01862544
v -0.00392801 0.14747691 0.02160883
v -0.0277577 0.14333284 0.03175241
v -0.02588469 0.14054787 0.02162975
v -0.00329173 0.14690638 0.01429516
v -0.00675434 0.14533794 0.00667876
v 0.00030994 0.14731383 0.00735182
v -0.00058401 0.15532541 -0.01389205
v 0.00177324 0.15685081 -0.01496804
v 0.00484407 0.15586472 -0.01098353
v 0.0076701 0.15044248 0.00394642
v -0.00224787 0.14780581 0.0025171
v -0.02008313 0.14099312 0.00721949
v -0.03053635 0.13371086 0.00482363
v -0.02051747 0.14115214 0.00037926
v -0.01084042 0.14467382 0.01862544
v -0.00675434 0.14533794 0.00667876
v -0.0264464 0.13811541 0.01587635
v -0.00224787 0.14780581 0.0025171
v -0.0157913 0.14435768 -0.00748718
v -0.00058401 0.15532541 -0.01389205
v -0.02366936 0.14652586 -0.01706541
v -0.0157913 0.14435768 -0.00748718
v -0.02543706 0.13775742 -0.01004297
v -0.02543706 0.13775742 -0.01004297
v -0.0315513 0.13371658 0.00922698
v -0.03273809 0.13045049 0.0057745
v -0.03283036 0.13072598 0.00358152
v -0.03105968 0.13345397 -0.00135553
v -0.00014031 0.15673578 -0.01586866
v -0.00642174 0.15445781 -0.0169248
v -0.03907788 0.14953542 0.0368982
v -0.0277577 0.14333284 0.03175241
v -0.02362782 0.14989567 0.03846097
v -0.04378736 0.14745152 0.03486431
v -0.04831779 0.13622701 0.02497405
v -0.04036057 0.13679183 0.02544636
v -0.03330535 0.13650382 0.01734918
v -0.04378736 0.14745152 0.03486431
v -0.0435878 0.15085089 0.03734946
v -0.03330535 0.13650382 0.01734918
v -0.04422784 0.13301039 0.01762533
v -0.06535447 0.15054166 0.0355444
v -0.06870741 0.14404905 0.03316522
v -0.0626539 0.14447236 0.03223622
v -0.04914457 0.14971042 0.03685361
v -0.04831779 0.13622701 0.02497405
v -0.06613499 0.12849987 0.01954037
v -0.067361 0.12714666 0.01819581
v -0.06613499 0.12849987 0.01954037
v -0.06825519 0.12850416 0.01999408
v -0.06374043 0.12788063 0.01741523
v -0.06744897 0.12650871 0.01620793
v -0.03019547 0.15132546 -0.02217293
v -0.03217626 0.14243221 -0.01998717
v -0.03253055 0.13502014 -0.01313096
v -0.03545099 0.13082731 0.00465512
v -0.03581357 0.13160062 0.00751859
v -0.04422784 0.13301039 0.01762533
v -0.05188465 0.12742925 0.00619441
v -0.03704613 0.13048244 -0.00083905
v -0.04992521 0.12671489 -0.00629109
v -0.0439226 0.12959641 -0.01334453
v -0.06374043 0.12788063 0.01741523
v -0.06744897 0.12650871 0.01620793
v -0.07300234 0.12095881 0.00216812
v -0.0593068 0.12425286 0.00243616
v -0.05335915 0.12549222 0.00088888
v -0.06093103 0.12248647 -0.00388432
v -0.07206643 0.11904091 -0.00760913
v -0.06808478 0.11790329 -0.01259679
v -0.05085897 0.1249519 -0.01395237
v -0.06779701 0.11690366 -0.02244693
v -0.03253055 0.13502014 -0.01313096
v -0.0403387 0.13504326 -0.0201385
v -0.04393119 0.14098418 -0.02314276
v -0.05083656 0.13046062 -0.02617186
v -0.0403387 0.13504326 -0.0201385
v -0.0439226 0.12959641 -0.01334453
v -0.044083 0.15458846 -0.02746379
v -0.05418229 0.14837861 -0.03389496
v -0.05790907 0.13228202 -0.03269863
v -0.06585366 0.14914536 -0.0423522
v -0.0585413 0.12610757 -0.02864009
v -0.0610559 0.12603837 -0.03514141
v -0.07145751 0.12458652 -0.04727733
v -0.0706321 0.13820791 -0.04590565
v -0.0585413 0.12610757 -0.02864009
v -0.0610559 0.12603837 -0.03514141
v -0.07138544 0.11648482 -0.03064632
v -0.07173306 0.11713225 -0.04233426
v -0.07145751 0.12458652 -0.04727733
v -0.07163113 0.15043485 0.03346765
v -0.06825519 0.12850416 0.01999408
v -0.0829224 0.13671935 0.02703422
v -0.08598685 0.14318955 0.02730709
v -0.08848572 0.13762283 0.02570087
v -0.08629543 0.15946448 0.02172148
v -0.07117426 0.1267314 0.01786721
v -0.067361 0.12714666 0.01819581
v -0.06825519 0.12850416 0.01999408
v -0.06744897 0.12650871 0.01620793
v -0.08638728 0.13044286 0.02019018
v -0.09219992 0.14299572 0.02352548
v -0.0889293 0.15950882 0.02007651
v -0.10724616 0.15020657 0.01059133
v -0.10303575 0.13157582 0.02072042
v -0.07300234 0.12095881 0.00216812
v -0.08243847 0.11845177 -0.00257146
v -0.07206643 0.11904091 -0.00760913
v -0.08638728 0.13044286 0.02019018
v -0.08313823 0.12323308 0.01136684
v -0.08313823 0.12323308 0.01136684
v -0.08638728 0.13044286 0.02019018
v -0.0897373 0.12323368 0.0136326
v -0.08243847 0.11845177 -0.00257146
v -0.09031081 0.11773312 -0.00192916
v -0.10729015 0.14161956 0.01392657
v -0.1063751 0.12956697 0.01882309
v -0.10886574 0.12951511 0.01779306
v -0.0897373 0.12323368 0.0136326
v -0.10668302 0.11277312 0.00799751
v -0.1063751 0.12956697 0.01882309
v -0.10668302 0.11277312 0.00799751
v -0.11051893 0.11397845 0.00723016
v -0.07440418 0.15011358 -0.04703641
v -0.08681303 0.14493263 -0.06041342
v -0.07936382 0.14152205 -0.05775136
v -0.08294386 0.13969004 -0.06299376
v -0.08061957 0.13402331 -0.05959916
v -0.07588136 0.11941618 -0.05756414
v -0.07783926 0.11361587 -0.06123734
v -0.07588136 0.11941618 -0.05756414
v -0.10457343 0.15438151 -0.04910219
v -0.08787709 0.15726137 -0.05104482
v -0.10821891 0.13960743 -0.06481403
v -0.1095385 0.15196097 -0.05064207
v -0.09223491 0.1412077 -0.06309956
v -0.08411163 0.13468003 -0.06546742
v -0.08645821 0.13978112 -0.06437397
v -0.0919894 0.13083708 -0.07298279
v -0.07783926 0.11361587 -0.06123734
v -0.08090997 0.11901581 -0.06659621
v -0.09256005 0.12307847 -0.07534361
v -0.09223491 0.1412077 -0.06309956
v -0.09855098 0.12645531 -0.07723749
v -0.11354709 0.12915868 -0.07176977
v -0.09855098 0.12645531 -0.07723749
v -0.09800893 0.12220633 -0.08012474
v -0.10680968 0.10572463 -0.09205711
v -0.10810387 0.10722482 -0.0903914
v -0.10352093 0.11091471 -0.0884766
v -0.10810596 0.15057838 0.00949562
v -0.10850793 0.14949095 0.00968575
v -0.10933596 0.14990962 0.00774348
v -0.10933596 0.14990962 0.00774348
v -0.11733085 0.14951074 -0.00728691
v -0.12282789 0.13908708 -0.00246847
v -0.12282789 0.13908708 -0.00246847
v -0.13444221 0.12836009 -0.00249487
v -0.12212282 0.13303006 0.00611103
v -0.11726373 0.1553688 -0.02548474
v -0.12717426 0.14630914 -0.02312881
v -0.11646867 0.1545651 -0.01764369
v -0.12802482 0.14223754 -0.01516253
v -0.10834098 0.10977185 0.00451285
v -0.11051893 0.11397845 0.00723016
v -0.12394774 0.12391704 0.01034528
v -0.13805556 0.1267125 -0.00549239
v -0.13606727 0.1211713 -0.00241232
v -0.13574147 0.13175273 -0.00982392
v -0.13341498 0.14052415 -0.02074283
v -0.13574147 0.13175273 -0.00982392
v -0.13423491 0.14070988 -0.02596474
v -0.14789975 0.126899 -0.02049363
v -0.14958 0.12729496 -0.02373111
v -0.14997327 0.12666374 -0.02331209
v -0.15387046 0.1130302 -0.00981134
v -0.14323974 0.12155014 -0.00578338
v -0.14789975 0.126899 -0.02049363
v -0.13805556 0.1267125 -0.00549239
v -0.12672478 0.14744639 -0.03680545
v -0.12316579 0.14350271 -0.05248731
v -0.11220008 0.15320694 -0.04766107
v -0.12690073 0.14699495 -0.03773338
v -0.1293608 0.13809371 -0.05451751
v -0.12759149 0.13754737 -0.0565818
v -0.13240933 0.13701701 -0.05300021
v -0.13034141 0.13585448 -0.0567438
v -0.14950621 0.1274808 -0.02445966
v -0.14340544 0.13502002 -0.03698671
v -0.1268605 0.14734173 -0.03691125
v -0.15916359 0.12624073 -0.04341781
v -0.12686455 0.14733899 -0.03700113
v -0.1267454 0.14740014 -0.03701907
v -0.141662 0.13236499 -0.05619502
v -0.1509403 0.12822527 -0.05714327
v -0.15064383 0.12881464 -0.05550081
v -0.15907621 0.12629682 -0.0447191
v -0.1433394 0.13508844 -0.04275137
v -0.11369294 0.11920375 -0.07818353
v -0.12481272 0.12377435 -0.07097495
v -0.13459909 0.12306476 -0.06903696
v -0.12846845 0.10858321 -0.07989711
v -0.10810387 0.10722482 -0.0903914
v -0.10680968 0.10572463 -0.09205711
v -0.1500479 0.12713486 -0.05866963
v -0.15215087 0.12677413 -0.05856436
v -0.1486522 0.11676031 -0.07489473
v -0.15355396 0.10842246 -0.0816803
v -0.1570431 0.11572617 -0.07385731
v -0.1486522 0.11676031 -0.07489473
v -0.15017533 0.1269545 -0.02404761
v -0.15214396 0.12541819 -0.02431673
v -0.16348577 0.11208069 -0.0203951
v -0.1606617 0.1254971 -0.04420823
v -0.1608063 0.12514603 -0.04318053
v -0.16223168 0.12439901 -0.04451025
v -0.16088557 0.12529236 -0.04560924
v -0.15270257 0.12765503 -0.05662942
v -0.16274154 0.1225996 -0.04062063
v -0.17636132 0.11638021 -0.05814856
v -0.17833889 0.11371428 -0.04559606
v -0.17322016 0.11850721 -0.06150436
v -0.18673265 0.10566974 -0.04026002
v -0.19680226 0.10697204 -0.0580799
v -0.19517565 0.10471147 -0.05170846
v -0.19267738 0.10861611 -0.05685681
v -0.19500875 0.10772318 -0.06086594
v -0.17800629 0.11583924 -0.06270081
v -0.19579554 0.1090157 -0.07183433
v -0.17128885 0.11686069 -0.06564289
v -0.17633331 0.11618781 -0.06567985
v -0.17461133 0.1102643 -0.0780229
v -0.17311883 0.10770851 -0.08078319
v -0.1766578 0.10830873 -0.08013386
v -0.17461133 0.1102643 -0.0780229
v -0.1766578 0.10830873 -0.08013386
v -0.17778301 0.10977894 -0.07817161
v -0.19261372 0.10985601 -0.0751788
v -0.19869995 0.10853171 -0.07582533
v -0.19579554 0.1090157 -0.07183433
v -0.17633331 0.11618781 -0.06567985
v -0.19974113 0.10453993 -0.05758512
v -0.21497464 0.10793525 -0.08403915
v -0.220258 0.10814548 -0.08484602
v -0.21794903 0.10700887 -0.0790062
v -0.220258 0.10814548 -0.08484602
v -0.2322464 0.10298908 -0.09183133
v -0.23174751 0.10315692 -0.091775
v -0.23204994 0.10297406 -0.09229195
v -0.23097646 0.10297 -0.0924533
v 0.23592407 0.19704902 0.04315233
v 0.23823148 0.1903863 0.03575534
v 0.23719043 0.19716048 0.03438914
v 0.24000001 0.17588317 0.04053211
v 0.23525232 0.1946367 0.05014437
v 0.23363006 0.17557383 0.05460876
v 0.23758769 0.1963377 0.03308147
v 0.23738116 0.19794345 0.03301543
v 0.23656559 0.19697082 0.02478719
v 0.24080151 0.1760726 0.0358879
v 0.23300499 0.15774584 0.04777199
v 0.23803127 0.16175854 0.03598869
v 0.24159616 0.17347717 0.02716082
v 0.2416442 0.17897713 0.02745163
v 0.24001831 0.1762042 0.02011943
v 0.23684269 0.19450879 0.02108997
v 0.2416442 0.17897713 0.02745163
v 0.23269624 0.17559433 0.01335156
v 0.24001831 0.1762042 0.02011943
v 0.23604012 0.15211189 0.01903182
v 0.23604012 0.15211189 0.01903182
v 0.23537523 0.15006149 0.01894408
v 0.23429024 0.15687573 0.01687938
v 0.23581487 0.15014744 0.01946795
v 0.22181702 0.18092573 0.07159227
v 0.2256645 0.18985176 0.06760889
v 0.21787232 0.18958867 0.07448393
v 0.22908384 0.17907262 0.0618844
v 0.20891947 0.17551923 0.08068269
v 0.23364109 0.19535851 0.05277067
v 0.22366953 0.15831137 0.06654185
v 0.22170645 0.16726327 0.07168877
v 0.22935909 0.17095459 0.06148672
v 0.20848846 0.17018032 0.08099359
v 0.1953392 0.19508946 0.08263749
v 0.18571532 0.17720771 0.08484757
v 0.20301145 0.17865133 0.08303106
v 0.20511812 0.19488227 0.07975942
v 0.21787232 0.18958867 0.07448393
v 0.21773773 0.20045805 0.07426441
v 0.20891947 0.17551923 0.08068269
v 0.2044726 0.17255104 0.08301562
v 0.18554258 0.1715486 0.0850414
v 0.20333004 0.16701746 0.08336055
v 0.20393229 0.15043306 0.07916445
v 0.20848846 0.17018032 0.08099359
v 0.23350418 0.19806671 0.05285686
v 0.23480403 0.19677448 0.05048198
v 0.23622352 0.1971972 0.02032942
v 0.23615688 0.19633007 0.02037966
v 0.23684269 0.19450879 0.02108997
v 0.23551327 0.19662225 0.01889521
v 0.22829491 0.19524789 0.00304562
v 0.23551327 0.19662225 0.01889521
v 0.2296527 0.17900789 0.0082773
v 0.23044431 0.17640269 0.01042432
v 0.22807008 0.17507803 0.00790358
v 0.22075003 0.1908251 -0.00283635
v 0.2206223 0.19901645 -0.00596553
v 0.23037636 0.17405212 0.01052439
v 0.2280848 0.16730678 0.00824255
v 0.21175563 0.16901135 -0.00522244
v 0.21279067 0.17801249 -0.00656205
v 0.20606875 0.19007576 -0.01344836
v 0.19484305 0.19491422 -0.01942569
v 0.209445 0.20021617 -0.01470047
v 0.19456387 0.18161547 -0.01597667
v 0.1998589 0.17339504 -0.01095998
v 0.19080126 0.17404997 -0.01391244
v 0.19640702 0.15053296 -0.00917035
v 0.19601268 0.15036774 -0.00927448
v 0.18523324 0.19566023 0.07944375
v 0.18484819 0.1743412 0.08500063
v 0.18266022 0.17601335 0.08328962
v 0.17270195 0.1908375 0.0730325
v 0.16861737 0.1820935 0.07218564
v 0.17283142 0.20290518 0.07126194
v 0.17382902 0.15387535 0.08649421
v 0.17382902 0.15387535 0.08649421
v 0.17244732 0.15170121 0.08648962
v 0.1725781 0.15145838 0.08665717
v 0.18339586 0.17361438 0.08476955
v 0.16675484 0.18924046 0.06784493
v 0.16513097 0.18374765 0.06439823
v 0.16675484 0.18924046 0.06784493
v 0.16579431 0.18974805 0.06055439
v 0.16513097 0.18374765 0.06439823
v 0.17244732 0.15170121 0.08648962
v 0.16099131 0.17080927 0.06482708
v 0.16671711 0.17054641 0.07602334
v 0.1594224 0.17767715 0.04306817
v 0.16045582 0.18141699 0.04538536
v 0.16078192 0.18148863 0.04082489
v 0.16344565 0.19625139 0.04879194
v 0.1674118 0.20290923 0.06132889
v 0.15981132 0.17790151 0.04644942
v 0.16228098 0.19175446 0.03033912
v 0.16404843 0.1956377 0.03798038
v 0.16262281 0.19897139 0.0307281
v 0.15692341 0.18412209 0.02518398
v 0.16250199 0.19085896 0.02023298
v 0.15878141 0.1786288 0.03891456
v 0.16099131 0.17080927 0.06482708
v 0.15165454 0.15923202 0.05791664
v 0.15019929 0.15964687 0.03957975
v 0.15075928 0.15819645 0.05319542
v 0.15498179 0.1765368 0.02568567
v 0.15060794 0.16399372 0.03344077
v 0.15065974 0.16327298 0.02242434
v 0.17489403 0.18867636 -0.01279277
v 0.1757077 0.20228207 -0.01344544
v 0.16912985 0.1892004 -0.00920779
v 0.17116362 0.18512619 -0.01139098
v 0.17116362 0.18512619 -0.01139098
v 0.16399044 0.18278885 -0.00065869
v 0.16912985 0.1892004 -0.00920779
v 0.171709 0.16571414 -0.01346087
v 0.16415817 0.17318034 -0.0015282
v 0.171709 0.16571414 -0.01346087
v 0.15802121 0.17931569 0.00868142
v 0.15974754 0.18242085 0.01107639
v 0.15923595 0.18284154 0.00633532
v 0.16272694 0.19459867 0.01415598
v 0.16250199 0.19085896 0.02023298
v 0.16283059 0.19771647 0.02045673
v 0.15791565 0.1801219 0.01250511
v 0.16115999 0.19465685 0.00169587
v 0.17027932 0.20289707 -0.01007056
v 0.1588915 0.1796304 0.00595337
v 0.15791565 0.1801219 0.01250511
v 0.15752274 0.17217863 0.00577563
v 0.13593465 0.19044101 0.06301814
v 0.14622289 0.19865727 0.05916071
v 0.14414328 0.19950449 0.06922853
v 0.13593465 0.19044101 0.06301814
v 0.14414328 0.19950449 0.06922853
v 0.13474715 0.19739246 0.07445014
v 0.1482268 0.15536344 0.05758709
v 0.10987401 0.19344187 0.07856476
v 0.1070236 0.18757033 0.0765788
v 0.11208701 0.18990421 0.0759359
v 0.10987401 0.19344187 0.07856476
v 0.11208701 0.18990421 0.0759359
v 0.11758667 0.19332707 0.07685006
v 0.12067324 0.18973577 0.06968552
v 0.13033754 0.18656301 0.06070286
v 0.12067324 0.18973577 0.06968552
v 0.1070236 0.18757033 0.0765788
v 0.11038858 0.18322945 0.06849289
v 0.1402908 0.18673337 0.04476702
v 0.1457876 0.19338441 0.04954958
v 0.13665712 0.18742418 0.05561543
v 0.14718819 0.19296157 0.03963172
v 0.13026571 0.1813463 0.04426724
v 0.13857853 0.1831857 0.02914292
v 0.15267193 0.19468045 0.02141136
v 0.15184921 0.1959399 0.03320581
v 0.13839972 0.1835506 0.03189611
v 0.12080258 0.17846513 0.04684383
v 0.11300927 0.1720773 0.04437643
v 0.12169278 0.17717934 0.0420174
v 0.11075741 0.17661262 0.0610826
v 0.13662863 0.18246138 0.02953851
v 0.13641661 0.18240297 0.02818269
v 0.1165911 0.17235219 0.02942711
v 0.11381346 0.17106342 0.03003991
v 0.10738266 0.17252946 0.05641901
v 0.10394275 0.16681683 0.04794878
v 0.10400069 0.16648293 0.0423997
v 0.11333531 0.17073274 0.02960926
v 0.11371201 0.17090797 0.02942455
v 0.11332792 0.17074728 0.02925915
v 0.1383357 0.18800724 0.00961655
v 0.14087683 0.18971574 0.01130879
v 0.13813508 0.18590784 0.01840794
v 0.14095455 0.18985021 0.00780255
v 0.13562024 0.1862402 0.00988156
v 0.13758606 0.18854654 0.00752252
v 0.14095455 0.18985021 0.00780255
v 0.13758606 0.18854654 0.00752252
v 0.13749766 0.19042456 0.00714308
v 0.14981306 0.15940332 0.01691866
v 0.14681792 0.15429294 0.01684171
v 0.15065974 0.16327298 0.02242434
v 0.14722657 0.15672839 0.02187389
v 0.12173247 0.17638421 0.01166999
v 0.11638814 0.18387794 -0.0002802
v 0.11195475 0.1901412 -0.00938302
v 0.11738926 0.19222975 -0.00751573
v 0.11730218 0.18831813 -0.00691903
v 0.11217397 0.18645012 -0.0067116
v 0.11638814 0.18387794 -0.0002802
v 0.10414284 0.17239964 0.00736821
v 0.11379832 0.17100632 0.02874768
v 0.11020869 0.170452 0.02361381
v 0.10047847 0.19359803 0.07916063
v 0.08737713 0.1904496 0.07895219
v 0.08183414 0.17656064 0.07409829
v 0.09386796 0.17693329 0.07372797
v 0.11038858 0.18322945 0.06849289
v 0.10522616 0.1754142 0.0628286
v 0.08742094 0.19711316 0.07987273
v 0.09386796 0.17693329 0.07372797
v 0.08772767 0.1693517 0.06149268
v 0.09386796 0.17693329 0.07372797
v 0.08183414 0.17656064 0.07409829
v 0.08772767 0.1693517 0.06149268
v 0.06587231 0.19402063 0.07808971
v 0.06352055 0.18921399 0.07729584
v 0.0685252 0.18837512 0.07702255
v 0.07397681 0.19387782 0.07916325
v 0.0696609 0.17167532 0.06969661
v 0.06525981 0.16703284 0.06367904
v 0.06180114 0.17199945 0.06968874
v 0.06525981 0.16703284 0.06367904
v 0.07659346 0.16718447 0.06100875
v 0.0696609 0.17167532 0.06969661
v 0.06525981 0.16703284 0.06367904
v 0.06521946 0.16419899 0.05642861
v 0.07659346 0.16718447 0.06100875
v 0.09585452 0.16433632 0.04331571
v 0.0936538 0.16659021 0.05322981
v 0.08474177 0.16490281 0.05534309
v 0.08386159 0.16088152 0.04199523
v 0.06134081 0.15950167 0.04665178
v 0.06957805 0.15969574 0.04675394
v 0.08386159 0.16088152 0.04199523
v 0.08474177 0.16490281 0.05534309
v 0.06751722 0.15606499 0.03523004
v 0.06356692 0.15590715 0.03497338
v 0.06537724 0.15516102 0.03249836
v 0.08361244 0.15937698 0.03039187
v 0.10224754 0.16949868 0.01005703
v 0.1029588 0.16982043 0.00990433
v 0.10213983 0.16998112 0.00940335
v 0.10213983 0.16998112 0.00940335
v 0.1029588 0.16982043 0.00990433
v 0.10107946 0.16908705 0.00958568
v 0.10368025 0.18649304 -0.01023388
v 0.09032804 0.20134866 -0.01937622
v 0.09687883 0.1658392 0.01793641
v 0.0831089 0.16115654 0.00824231
v 0.08248943 0.16541064 0.00034982
v 0.10107946 0.16908705 0.00958568
v 0.08466959 0.17550719 -0.00823724
v 0.08846331 0.1836468 -0.0139246
v 0.07932389 0.1858511 -0.01540697
v 0.06552273 0.19372833 -0.01923758
v 0.08537197 0.2026912 -0.02103966
v 0.06641299 0.18151176 -0.01285928
v 0.07294172 0.1686188 -0.00392675
v 0.06226492 0.16916001 -0.00772965
v 0.06580955 0.15395248 0.02033859
v 0.06430936 0.15454829 0.01792943
v 0.06839532 0.15534937 0.01765221
v 0.08231491 0.1586647 0.0267269
v 0.0728097 0.16070247 0.00409096
v 0.0831089 0.16115654 0.00824231
v 0.08248943 0.16541064 0.00034982
v 0.0728097 0.16070247 0.00409096
v 0.06162024 0.19404304 0.07758367
v 0.04805815 0.17878699 0.07205456
v 0.04414558 0.18724632 0.07242107
v 0.04047 0.17979407 0.07088983
v 0.04498255 0.20205402 0.07132697
v 0.049326 0.16428947 0.06072003
v 0.06180114 0.17199945 0.06968874
v 0.04304373 0.1666472 0.06120455
v 0.03556579 0.18731236 0.0685423
v 0.03763294 0.20155406 0.06805956
v 0.02272791 0.19409287 0.06222498
v 0.02232647 0.17227519 0.0627284
v 0.04414845 0.15497291 0.03908211
v 0.04304373 0.1666472 0.06120455
v 0.04429358 0.16252697 0.05797094
v 0.041336 0.16268647 0.05774176
v 0.04163575 0.15516162 0.0390203
v 0.02219313 0.17234623 0.06266278
v 0.02222049 0.17220747 0.06265789
v 0.0221467 0.17220783 0.0626359
v 0.02334267 0.15789652 0.04560679
v 0.02222049 0.17220747 0.06265789
v 0.01684344 0.15914118 0.04514068
v 0.05014485 0.18501556 -0.0179767
v 0.05222541 0.20064545 -0.01653045
v 0.04457432 0.18391383 -0.01710814
v 0.04643548 0.17950392 -0.01607788
v 0.04239875 0.17984772 -0.01668292
v 0.04504704 0.1542002 0.00869125
v 0.06071872 0.15941083 0.00172305
v 0.04278088 0.15413296 0.00860709
v 0.04831666 0.16322434 -0.00618184
v 0.06071872 0.15941083 0.00172305
v 0.04831666 0.16322434 -0.00618184
v 0.03640616 0.18637979 -0.01623994
v 0.02114916 0.19499218 -0.01443028
v 0.03200907 0.20017457 -0.01424235
v 0.02175874 0.17510915 -0.01574069
v 0.0229243 0.16992223 -0.01591069
v 0.02108645 0.16998351 -0.01623654
v 0.02335566 0.15597618 8.917E-05
v 0.01827645 0.1555438 -0.00012362
v 0.0392884 0.16332638 -0.0071376
v 0.0392884 0.16332638 -0.0071376
v 0.02335566 0.15597618 8.917E-05
v 0.01555485 0.19744432 0.055924
v 0.01135421 0.18835115 0.0591197
v 0.00109291 0.18865061 0.05213553
v 0.00482959 0.17922735 0.05592257
v -0.00378758 0.17799687 0.05427432
v 0.00471878 0.16555619 0.05377185
v 0.01684344 0.15914118 0.04514068
v 0.00067735 0.15534985 0.03881842
v 0.00471878 0.16555619 0.05377185
v -0.00147623 0.1528846 0.0357756
v -0.00370628 0.15658855 0.03928614
v -0.01411706 0.18077481 0.04578835
v -0.02020353 0.19288218 0.03362018
v -0.03017205 0.17546082 0.04221624
v 0.00128394 0.19673431 0.04695088
v -0.00664413 0.19329441 0.04446262
v -0.01381946 0.17211115 0.05087745
v -0.00457227 0.16638803 0.05233121
v -0.00370628 0.15658855 0.03928614
v -0.01709753 0.16002631 0.04613483
v -0.03007722 0.1673311 0.04265428
v -0.00147623 0.1528846 0.0357756
v -0.00370628 0.15658855 0.03928614
v 0.00364387 0.18557954 -0.01645732
v 0.01177794 0.1992979 -0.01024097
v -0.00047076 0.18495083 -0.01544482
v 0.0004673 0.1825496 -0.01699704
v -0.0010199 0.18260062 -0.01710832
v 0.0076701 0.15044248 0.00394642
v 0.01827645 0.1555438 -0.00012362
v 0.01117378 0.16376841 -0.01607424
v -0.00022393 0.1715591 -0.01653111
v -0.00831032 0.18697953 -0.0124073
v -0.02129912 0.19293308 -0.00623494
v -0.01640737 0.19550002 -0.00503325
v -0.00831032 0.18697953 -0.0124073
v -0.00603676 0.18039083 -0.01805568
v -0.02283686 0.15984666 -0.02032179
v 0.00080174 0.15852046 -0.01633298
v -0.00112498 0.15874124 -0.01676351
v -0.02009422 0.17170155 -0.02173442
v -0.02213776 0.17718399 -0.01912349
v -0.02480596 0.17207062 -0.02218628
v -0.03287208 0.17316115 0.04241222
v -0.03055513 0.17234755 0.04384291
v -0.03330642 0.17483497 0.04025674
v -0.03747874 0.17212927 0.04061753
v -0.02814955 0.19533801 0.01552331
v -0.04259974 0.18675244 0.01895297
v -0.02374583 0.19414461 0.02778792
v -0.02371085 0.19261718 0.03100908
v -0.04280579 0.18433714 0.02371085
v -0.03298324 0.17148316 0.04283446
v -0.03802603 0.16050518 0.04002059
v -0.04744172 0.17770314 0.02813447
v -0.05052906 0.16904867 0.03496277
v -0.04748553 0.18376374 0.02086586
v -0.04748553 0.18376374 0.02086586
v -0.04280579 0.18433714 0.02371085
v -0.05022359 0.1844902 0.01505625
v -0.05998129 0.17147529 0.02705234
v -0.06409073 0.17463577 0.02048498
v -0.06613201 0.1713264 0.0229938
v -0.06795442 0.15581346 0.03231162
v -0.05943614 0.16068971 0.03475624
v -0.04110169 0.19038701 0.00495809
v -0.04311776 0.18311048 -0.01382411
v -0.02129912 0.19293308 -0.00623494
v -0.04112715 0.19030559 0.00340712
v -0.02405912 0.19386983 -0.0041464
v -0.04409784 0.18333709 -0.01323086
v -0.06384683 0.17672992 0.01544327
v -0.0597564 0.18291664 0.00542909
v -0.04280674 0.18979704 0.00447512
v -0.06996751 0.17977822 0.00298411
v -0.04630619 0.18318653 -0.01241869
v -0.06002223 0.18367541 -0.00427151
v -0.04345202 0.18966913 0.00300944
v -0.04527998 0.18293285 -0.01377916
v -0.06354451 0.18159771 -0.00991911
v -0.06830788 0.18095624 -0.00427604
v -0.04311776 0.18311048 -0.01382411
v -0.04417336 0.18289757 -0.01395112
v -0.04372364 0.18214345 -0.01439607
v -0.04417336 0.18289757 -0.01395112
v -0.04491407 0.18197751 -0.01478595
v -0.03972214 0.16616082 -0.02701128
v -0.04974031 0.16742122 -0.02805567
v -0.04417336 0.18289757 -0.01395112
v -0.04491407 0.18197751 -0.01478595
v -0.04527998 0.18293285 -0.01377916
v -0.06442386 0.17911768 -0.01813757
v -0.06073004 0.17318857 -0.02436197
v -0.07246602 0.17295444 -0.02787346
v -0.06073004 0.17318857 -0.02436197
v -0.05995774 0.16247177 -0.03431624
v -0.07411164 0.16686988 -0.03410923
v -0.06895006 0.17312562 0.01837128
v -0.06409073 0.17463577 0.02048498
v -0.06895006 0.17312562 0.01837128
v -0.08503926 0.16193712 0.02098578
v -0.08711153 0.16156256 0.02013272
v -0.08622372 0.16331947 0.0181967
v -0.08822829 0.16166651 0.01838678
v -0.07894212 0.17718172 -0.00152439
v -0.07928729 0.17456222 0.00537091
v -0.09574533 0.17022789 -0.00398803
v -0.08394599 0.17697823 -0.01392895
v -0.06354451 0.18159771 -0.00991911
v -0.08249038 0.17716086 -0.01585561
v -0.08622372 0.16331947 0.0181967
v -0.09616297 0.16999328 -0.00404704
v -0.09543878 0.16940641 -0.0022071
v -0.0961473 0.17007267 -0.00426435
v -0.08562416 0.17648506 -0.01634359
v -0.08249038 0.17716086 -0.01585561
v -0.08822829 0.16166651 0.01838678
v -0.09787369 0.1672411 -0.00213748
v -0.10775882 0.15141881 0.00826007
v -0.10717511 0.15122831 0.00950533
v -0.0964936 0.16980171 -0.00421602
v -0.1050092 0.16775954 -0.01988941
v -0.11058444 0.15798223 -0.00852734
v -0.10400444 0.16864717 -0.02039695
v -0.10502166 0.16797435 -0.02095246
v -0.07411164 0.16686988 -0.03410923
v -0.07971829 0.17024446 -0.03144705
v -0.07971829 0.17024446 -0.03144705
v -0.09569669 0.16923487 -0.03129625
v -0.07935673 0.16788828 -0.03665996
v -0.07935673 0.16788828 -0.03665996
v -0.08787709 0.15726137 -0.05104482
v -0.09570074 0.16746104 -0.03518051
v -0.09995675 0.16666484 -0.0328452
v -0.11153364 0.16058683 -0.03191334
v -0.09570074 0.16746104 -0.03518051
v -0.10320371 0.16198754 -0.03971905
v -0.10938275 0.15469337 -0.0473966
v -0.11085927 0.15613818 -0.04349589
v -0.10457343 0.15438151 -0.04910219
v -0.10717511 0.15122831 0.00950533
v -0.10810596 0.15057838 0.00949562
v -0.1266585 0.14750838 -0.0369249
v -0.12677425 0.14741838 -0.03694308
v -0.12672478 0.14744639 -0.03680545
v -0.12677425 0.14741838 -0.03694308
v -0.1268605 0.14734173 -0.03691125
v 0.24424738 0.23541188 0.05551267
v 0.24774826 0.24383557 0.05698502
v 0.23897886 0.23815215 0.06347108
v 0.23768204 0.22436821 0.05855727
v 0.25740778 0.24179101 0.02637178
v 0.26118714 0.24896383 0.02540743
v 0.26121312 0.24900198 0.02761173
v 0.25761539 0.24427462 0.03533739
v 0.2432791 0.22195888 0.0447464
v 0.24198973 0.21536303 0.04184681
v 0.2441715 0.2190032 0.04007542
v 0.25239021 0.23961079 0.04432034
v 0.25444204 0.2397294 0.04041362
v 0.2513724 0.23111343 0.02738041
v 0.2513234 0.23086679 0.02335691
v 0.24617845 0.22112095 0.02672315
v 0.24215072 0.21466446 0.03629857
v 0.23463416 0.21541786 0.05735081
v 0.23536372 0.19852042 0.05036217
v 0.23882693 0.20303595 0.03630269
v 0.24147356 0.2121973 0.02693343
v 0.25886941 0.24584174 0.02049422
v 0.25369108 0.23786426 0.01181877
v 0.24529946 0.22050524 0.01253623
v 0.24170607 0.23588395 -0.00411737
v 0.24176157 0.21343029 0.02010447
v 0.23938584 0.21333301 0.00889194
v 0.23332739 0.21356857 0.00131333
v 0.24105304 0.23453438 -0.00411189
v 0.23938584 0.21333301 0.00889194
v 0.23700339 0.19907975 0.02118373
v 0.2363258 0.19845748 0.01897407
v 0.2338503 0.20719433 0.00419515
v 0.2338503 0.20719433 0.00419515
v 0.23092729 0.24230671 0.07067305
v 0.23008138 0.23399317 0.07011735
v 0.22216809 0.22254872 0.07389343
v 0.21697772 0.23443365 0.07752436
v 0.23043931 0.21934593 0.06323695
v 0.21697772 0.23443365 0.07752436
v 0.20991856 0.22033119 0.07924247
v 0.22216809 0.22254872 0.07389343
v 0.22529447 0.20181835 0.06756264
v 0.22180098 0.20969427 0.072559
v 0.21773773 0.20045805 0.07426441
v 0.22947925 0.21150589 0.0633319
v 0.21077979 0.21226418 0.0779053
v 0.19534856 0.23852384 0.08296728
v 0.18808043 0.22416663 0.08255577
v 0.20177931 0.22541857 0.08202952
v 0.20647901 0.2384671 0.08102393
v 0.21671444 0.24253595 0.07867628
v 0.20383954 0.2166599 0.081433
v 0.18815541 0.20923877 0.08237696
v 0.20172817 0.2076757 0.08182251
v 0.21077979 0.21226418 0.0779053
v 0.24170607 0.23588395 -0.00411737
v 0.24125409 0.23593175 -0.00473934
v 0.23521566 0.23319709 -0.00912571
v 0.22003376 0.22699559 -0.02042508
v 0.22008818 0.22561538 -0.01953274
v 0.24046791 0.23652625 -0.0056718
v 0.22567523 0.20917857 -0.00466216
v 0.21673697 0.20720363 -0.01309323
v 0.21893412 0.22363031 -0.01972616
v 0.20296776 0.21177495 -0.02063757
v 0.21922112 0.22599733 -0.02082652
v 0.21875221 0.22721565 -0.02135348
v 0.21822464 0.22595096 -0.0210579
v 0.19562554 0.23528004 -0.03248841
v 0.19298273 0.235201 -0.03245825
v 0.194251 0.2377317 -0.03310221
v 0.21782386 0.24504781 -0.0277608
v 0.19748473 0.23767114 -0.03274637
v 0.19626427 0.21605647 -0.02521902
v 0.19432515 0.21090698 -0.0240612
v 0.1923058 0.21604228 -0.02521324
v 0.18384463 0.2386682 0.08153033
v 0.18641251 0.21683931 0.08220488
v 0.18165392 0.21973109 0.08062297
v 0.17396474 0.23521447 0.0786069
v 0.16771829 0.22222674 0.07547116
v 0.17435807 0.24254155 0.07916325
v 0.17934942 0.21234405 0.07643324
v 0.16942489 0.20982873 0.07092732
v 0.15350413 0.23895621 0.07776141
v 0.15096915 0.23230445 0.07781816
v 0.15511614 0.23497117 0.07712299
v 0.15889269 0.23888576 0.07821226
v 0.15694809 0.21573508 0.06779873
v 0.1558032 0.21332943 0.06587362
v 0.15694809 0.21573508 0.06779873
v 0.15304959 0.21526623 0.06935245
v 0.16830093 0.20377207 0.06698388
v 0.15589529 0.21253395 0.06326145
v 0.15250176 0.20125496 0.05162156
v 0.15952963 0.20804846 0.04816669
v 0.16344565 0.19625139 0.04879194
v 0.1674118 0.20290923 0.06132889
v 0.15952963 0.20804846 0.04816669
v 0.15589529 0.21253395 0.06326145
v 0.16014802 0.20710456 0.03992778
v 0.15398711 0.20014977 0.03781283
v 0.1581912 0.20472288 0.03056157
v 0.16404843 0.1956377 0.03798038
v 0.16014802 0.20710456 0.03992778
v 0.16262281 0.19897139 0.0307281
v 0.16262281 0.19897139 0.0307281
v 0.16014802 0.20710456 0.03992778
v 0.1581912 0.20472288 0.03056157
v 0.17184573 0.20552433 -0.01270193
v 0.1757077 0.20228207 -0.01344544
v 0.17184573 0.20552433 -0.01270193
v 0.18045604 0.20909667 -0.01755464
v 0.1668576 0.20795953 -0.0061968
v 0.17170185 0.22641325 -0.01884222
v 0.17170185 0.22641325 -0.01884222
v 0.15706974 0.22812867 -0.00237876
v 0.15179253 0.22958302 -0.00419921
v 0.15434372 0.23978865 -0.00599355
v 0.15765887 0.23977959 -0.0084101
v 0.17121267 0.22772825 -0.01876765
v 0.15706974 0.22812867 -0.00237876
v 0.15765887 0.23977959 -0.0084101
v 0.16229248 0.24330628 -0.01417685
v 0.17157751 0.22720194 -0.01901942
v 0.17163914 0.22742391 -0.01910168
v 0.15849185 0.20362794 0.02322042
v 0.15237927 0.20264411 0.01263058
v 0.15975291 0.2063148 0.01163298
v 0.16272694 0.19459867 0.01415598
v 0.16283059 0.19771647 0.02045673
v 0.1668576 0.20795953 -0.0061968
v 0.15890402 0.20571709 0.00373739
v 0.15925848 0.21383166 -0.00020027
v 0.17181635 0.22728825 -0.01916617
v 0.17406583 0.2459141 -0.02574331
v 0.1912365 0.23776555 -0.03277063
v 0.1717602 0.22744787 -0.01920998
v 0.17169517 0.22729278 -0.01914245
v 0.17170185 0.22641325 -0.01884222
v 0.17169517 0.22729278 -0.01914245
v 0.17181635 0.22728825 -0.01916617
v 0.17169517 0.22729278 -0.01914245
v 0.17163914 0.22742391 -0.01910168
v 0.17157751 0.22720194 -0.01901942
v 0.14861536 0.23875237 0.07750148
v 0.15304959 0.21526623 0.06935245
v 0.14060104 0.21760452 0.07884574
v 0.1315791 0.23436236 0.0780791
v 0.12232208 0.21712267 0.08215439
v 0.13094705 0.24519825 0.0721603
v 0.1410799 0.2106843 0.07776022
v 0.1410799 0.2106843 0.07776022
v 0.12321329 0.213076 0.08140659
v 0.13474715 0.19739246 0.07445014
v 0.10958469 0.23879743 0.07500273
v 0.10789669 0.2352438 0.07580155
v 0.11225528 0.23304534 0.07678097
v 0.11200756 0.23872304 0.07515377
v 0.11858791 0.21547973 0.08195919
v 0.10498637 0.2033869 0.07949394
v 0.11611104 0.20620453 0.08089429
v 0.11758667 0.19332707 0.07685006
v 0.15250176 0.20125496 0.05162156
v 0.15589529 0.21253395 0.06326145
v 0.14377689 0.23951066 -0.00506282
v 0.15081429 0.21199095 -0.00268012
v 0.14226454 0.21616125 -0.00191849
v 0.1254735 0.2196641 -0.00810885
v 0.13073206 0.23603475 -0.00389409
v 0.13040143 0.24193442 -0.00295717
v 0.15237927 0.20264411 0.01263058
v 0.15849185 0.20362794 0.02322042
v 0.15181702 0.20214474 0.00267559
v 0.14334345 0.20739794 -0.00090468
v 0.1278429 0.20790601 -0.00642258
v 0.11399895 0.22892642 -0.0037179
v 0.10449189 0.2309773 -0.00475127
v 0.10851341 0.24086857 0.00378829
v 0.1226812 0.23971128 -0.00166559
v 0.11373782 0.21523058 -0.01197976
v 0.1110965 0.198475 -0.01042181
v 0.10531867 0.21570432 -0.0136987
v 0.10784262 0.23877501 0.07475066
v 0.09136111 0.24833405 0.06106889
v 0.09072882 0.24789441 0.06140053
v 0.09689748 0.24542058 0.06540674
v 0.1015982 0.21601272 0.08024174
v 0.09588915 0.21924627 0.079741
v 0.08909416 0.23378003 0.07497549
v 0.08181757 0.22017682 0.0783515
v 0.0959096 0.21315479 0.08037454
v 0.08127594 0.21212995 0.07913619
v 0.07477671 0.23406208 0.06859487
v 0.0669772 0.22823453 0.06819427
v 0.06688571 0.2380321 0.05931592
v 0.07257283 0.21603036 0.07652187
v 0.06221968 0.21624732 0.07318884
v 0.06374562 0.19848669 0.07734406
v 0.06956959 0.20071507 0.07873327
v 0.09074724 0.24833345 0.06077605
v 0.09072882 0.24789441 0.06140053
v 0.09136111 0.24833405 0.06106889
v 0.09074724 0.24833345 0.06077605
v 0.08862096 0.24768066 0.060435
v 0.08889908 0.24060214 0.00518769
v 0.09199429 0.22224832 -0.01131707
v 0.08152413 0.22171795 -0.01112157
v 0.08769727 0.24004483 0.00480551
v 0.08889908 0.24060214 0.00518769
v 0.08769727 0.24004483 0.00480551
v 0.08775908 0.24087894 0.00533855
v 0.08669263 0.20294499 -0.02103239
v 0.08713263 0.2037791 -0.02084893
v 0.08616894 0.20377278 -0.02080858
v 0.06908232 0.23038769 -0.00231278
v 0.05925143 0.22873008 -0.0003404
v 0.06529236 0.2394619 0.0108766
v 0.08636218 0.24055517 0.00537401
v 0.06844008 0.21534693 -0.01280385
v 0.06908232 0.23038769 -0.00231278
v 0.06464553 0.20484316 -0.01587933
v 0.05808729 0.21593571 -0.00906652
v 0.06248587 0.23999262 0.05319083
v 0.05541021 0.23208964 0.0567826
v 0.0520457 0.2232852 0.06239426
v 0.04842132 0.20877838 0.07102764
v 0.04269361 0.20782292 0.06872791
v 0.04523462 0.21809685 0.06242865
v 0.03726208 0.20894623 0.06280309
v 0.04701638 0.22469807 0.05814213
v 0.0492487 0.23696184 0.0423764
v 0.05541021 0.23208964 0.0567826
v 0.06248587 0.23999262 0.05319083
v 0.04815 0.23695183 0.04065078
v 0.04707032 0.23610246 0.0411455
v 0.0568065 0.24208307 0.02425092
v 0.04639733 0.23811233 0.02766508
v 0.05502349 0.24278462 0.03093344
v 0.04657704 0.23611224 0.03998172
v 0.04589045 0.23534846 0.04117489
v 0.04153752 0.22320235 0.05528092
v 0.01730424 0.21427321 0.03973603
v 0.03099149 0.22287011 0.04491264
v 0.03009027 0.22598708 0.03669584
v 0.02931571 0.21571612 0.0507319
v 0.03099149 0.22287011 0.04491264
v 0.04153752 0.22320235 0.05528092
v 0.01730424 0.21427321 0.03973603
v 0.03483689 0.23097634 0.02958149
v 0.03522122 0.23064446 0.02256435
v 0.02510875 0.22517955 0.02848285
v 0.02326035 0.20313275 0.05651581
v 0.01449752 0.21233797 0.03861028
v 0.01548558 0.21017051 0.04178226
v 0.01571804 0.21441829 0.03611511
v 0.01449752 0.21233797 0.03861028
v 0.05678427 0.2387619 0.01535439
v 0.0482738 0.22901261 0.00710487
v 0.04455411 0.2332952 0.01721144
v 0.03724498 0.22590315 0.00830382
v 0.04876792 0.22099841 -0.00466126
v 0.05808729 0.21593571 -0.00906652
v 0.0435012 0.2023313 -0.01477325
v 0.04690719 0.20978999 -0.01092553
v 0.03635359 0.21213543 -0.00464332
v 0.04690719 0.20978999 -0.01092553
v 0.03017455 0.22092187 0.00516653
v 0.02956045 0.22341526 0.01195836
v 0.0245086 0.2243011 0.0218572
v 0.01450157 0.2165302 0.01034188
v 0.03440958 0.21993518 0.00118715
v 0.02862668 0.217031 0.00067365
v 0.02119935 0.20274866 -0.01046133
v 0.01342583 0.21410847 0.00660354
v 0.03635359 0.21213543 -0.00464332
v 0.02119935 0.20274866 -0.01046133
v 0.01422131 0.21889913 0.02333504
v 0.01105738 0.20946705 0.03953308
v -0.00194836 0.19985819 0.03973347
v 0.01122689 0.21195173 0.03578866
v 0.01122689 0.21195173 0.03578866
v 0.00349396 0.21306062 0.02242917
v -0.00199544 0.20711231 0.02817494
v -0.02127403 0.19484007 0.0306837
v -0.01804167 0.19617391 0.03108633
v -0.01953477 0.19679117 0.02741092
v -0.02127403 0.19484007 0.0306837
v -0.01804167 0.19617391 0.03108633
v -0.00199544 0.20711231 0.02817494
v -0.00660378 0.20718443 0.02125508
v -0.01924235 0.20048368 0.0161705
v 0.01218027 0.21487677 0.00873739
v 0.0114966 0.21501708 0.0111081
v 0.01336962 0.21517837 0.00815815
v 0.00748509 0.21280837 0.00883514
v 0.01205236 0.21438992 0.00757897
v -0.00550234 0.20605433 0.00761235
v -0.00418073 0.20808971 0.01325989
v -0.0005511 0.20030415 -0.00530362
v 0.01098776 0.21266437 0.00600541
v 0.01177794 0.1992979 -0.01024097
v -0.01169372 0.20410275 0.01015437
v -0.02329499 0.19846666 0.01080567
v -0.01534349 0.19987917 0.00212836
v -0.0209741 0.19508171 -0.00390142
v -0.02225828 0.19538844 -0.00128281
v -0.02371085 0.19261718 0.03100908
v -0.04057795 0.19075561 0.00423783
v -0.04139096 0.1904366 0.00414777
v 0.27802461 0.28301561 0.03360945
v 0.27351564 0.2740891 0.0349232
v 0.27854663 0.28209651 0.03101563
v 0.27904642 0.28306496 0.03100055
v 0.27902335 0.28260303 0.03008437
v 0.27960479 0.2840817 0.029791
v 0.27781838 0.28037739 0.02950341
v 0.2791357 0.28149951 0.01806712
v 0.27804065 0.27959704 0.01741165
v 0.27907932 0.28181541 0.01737314
v 0.27954316 0.28227532 0.01845413
v 0.27932066 0.28168583 0.01840496
v 0.27932912 0.28186274 0.01806474
v 0.27881777 0.2808181 0.01865441
v 0.25993633 0.27867031 0.06317163
v 0.26778674 0.2886641 0.05845565
v 0.26405966 0.29055297 0.06561303
v 0.2602188 0.29002643 0.06869072
v 0.23883843 0.28178501 0.07744133
v 0.23671347 0.2776401 0.07774341
v 0.23984766 0.27954745 0.07668972
v 0.24075192 0.28168321 0.0765897
v 0.24075192 0.28168321 0.0765897
v 0.23984766 0.27954745 0.07668972
v 0.24637544 0.27777267 0.07113838
v 0.25688487 0.27235496 0.06158465
v 0.253663 0.2677412 0.0634616
v 0.23859233 0.24893367 0.06948036
v 0.24192864 0.26002383 0.07143617
v 0.23291028 0.26000273 0.07566571
v 0.24721795 0.25566602 0.06369311
v 0.26648259 0.26401734 0.04143238
v 0.27217257 0.28259659 0.04824394
v 0.26001918 0.2727356 0.05919385
v 0.26645523 0.26277018 0.03917861
v 0.26521814 0.2614603 0.0414055
v 0.27048481 0.26667666 0.02491021
v 0.25803769 0.26897764 0.05935615
v 0.25457674 0.25411212 0.05472594
v 0.25566608 0.24306142 0.04176784
v 0.26422971 0.25743771 0.03614354
v 0.26403987 0.25412261 0.026052
v 0.26773602 0.26271009 0.01390684
v 0.26843464 0.26554501 0.00876802
v 0.26477039 0.25934362 0.00830692
v 0.27349341 0.28055429 0.00272745
v 0.26843464 0.26554501 0.00876802
v 0.26412511 0.27488744 -0.00172424
v 0.2641449 0.28531361 -0.00567842
v 0.26369601 0.25428414 0.01922923
v 0.25655258 0.24568462 0.00806826
v 0.25552046 0.25468087 -0.00110286
v 0.26477039 0.25934362 0.00830692
v 0.25683302 0.26221883 -0.00244594
v 0.25240254 0.27477765 -0.01232785
v 0.24059409 0.28108978 -0.0242452
v 0.25479943 0.28716528 -0.01487064
v 0.24096239 0.26079714 -0.0186879
v 0.24255329 0.25852168 -0.01606166
v 0.24024254 0.25869024 -0.01832259
v 0.25655258 0.24568462 0.00806826
v 0.24217957 0.23684585 -0.00439638
v 0.24149072 0.2363385 -0.00476134
v 0.23378104 0.28164506 0.0783875
v 0.23291028 0.26000273 0.07566571
v 0.22408992 0.26354849 0.07941133
v 0.2173121 0.27869487 0.08110768
v 0.20827961 0.2610178 0.08313316
v 0.21738487 0.28432226 0.08129215
v 0.23092729 0.24230671 0.07067305
v 0.22355837 0.25627935 0.07856798
v 0.208381 0.25766957 0.08265573
v 0.19622219 0.28133774 0.08148569
v 0.1902225 0.26840401 0.08221352
v 0.20356488 0.26579416 0.08308107
v 0.20743871 0.28127086 0.08158672
v 0.20524758 0.25930202 0.08341354
v 0.18934715 0.25154972 0.08273858
v 0.20369947 0.25376213 0.08350009
v 0.22869772 0.2868396 -0.02695417
v 0.22994745 0.27576804 -0.02742416
v 0.23759043 0.26020885 -0.01998657
v 0.23715425 0.25692272 -0.01975816
v 0.22461045 0.24471152 -0.02311283
v 0.2018314 0.27786374 -0.0288353
v 0.19446856 0.28168511 -0.02738899
v 0.20218128 0.28551805 -0.02844489
v 0.19453388 0.27542889 -0.02899003
v 0.22162652 0.26617587 -0.02916539
v 0.21773779 0.27424514 -0.03004819
v 0.2130459 0.26568711 -0.03102309
v 0.2212531 0.25180984 -0.02736455
v 0.21340853 0.25308108 -0.02928829
v 0.20052379 0.25950027 -0.03159493
v 0.18994403 0.2589097 -0.03082055
v 0.1963411 0.24147224 -0.03322148
v 0.19260532 0.2409668 -0.03298032
v 0.18916172 0.28142142 0.07948482
v 0.18804651 0.25943244 0.0824123
v 0.18229318 0.26314688 0.07999295
v 0.17501974 0.27589273 0.07484275
v 0.16955787 0.26590502 0.07603729
v 0.17523611 0.28976297 0.07200211
v 0.18299031 0.25679159 0.08112353
v 0.16873658 0.25569463 0.07731259
v 0.16380137 0.27616394 0.06983274
v 0.16665775 0.2884692 0.0684889
v 0.15350384 0.2809366 0.0602181
v 0.15387338 0.26926184 0.06806576
v 0.15809381 0.26060581 0.07302678
v 0.15007454 0.26057386 0.0705651
v 0.15184081 0.24210536 0.07659936
v 0.15554059 0.24288261 0.07750839
v 0.17936653 0.27386498 -0.02357417
v 0.17372501 0.28933668 -0.0118596
v 0.18104386 0.28919578 -0.01675552
v 0.17349875 0.27429831 -0.02035338
v 0.15583277 0.27473283 -0.00223094
v 0.1422677 0.26494157 0.00544584
v 0.15194464 0.2818017 0.00630587
v 0.15850765 0.28224933 -0.00226557
v 0.16894752 0.27324319 -0.01686823
v 0.17203736 0.27166176 -0.02102947
v 0.1713568 0.26985657 -0.02029574
v 0.15647167 0.24539602 -0.00751144
v 0.1432687 0.2584368 0.00368637
v 0.15434372 0.23978865 -0.00599355
v 0.15647167 0.24539602 -0.00751144
v 0.16793162 0.25241101 -0.01961279
v 0.15850997 0.2613982 -0.00830984
v 0.1697619 0.24663401 -0.02228618
v 0.17936653 0.27386498 -0.02357417
v 0.17356157 0.27168143 -0.02193105
v 0.17468697 0.2695874 -0.02272385
v 0.17356157 0.27168143 -0.02193105
v 0.17468697 0.2695874 -0.02272385
v 0.17278481 0.27016556 -0.0218066
v 0.17719305 0.25172985 -0.0263586
v 0.17179018 0.25102508 -0.02408671
v 0.17406583 0.2459141 -0.02574331
v 0.17179018 0.25102508 -0.02408671
v 0.14958161 0.2827909 0.05489761
v 0.14538932 0.27677727 0.05639642
v 0.14394104 0.26505446 0.0628165
v 0.13412035 0.25286722 0.0694617
v 0.12842375 0.25215518 0.06816947
v 0.13138753 0.2582041 0.06272221
v 0.10915524 0.23980677 0.07434499
v 0.11031085 0.23998082 0.07439023
v 0.11002493 0.24139655 0.07223642
v 0.12246239 0.25354433 0.06265908
v 0.12246239 0.25354433 0.06265908
v 0.1118117 0.25252128 0.0591799
v 0.11002493 0.24139655 0.07223642
v 0.13594204 0.26675105 0.05453366
v 0.14390129 0.27970231 0.04776406
v 0.14538932 0.27677727 0.05639642
v 0.14958161 0.2827909 0.05489761
v 0.13983649 0.27930081 0.03951806
v 0.13622952 0.27370775 0.04227602
v 0.13221395 0.27006352 0.02831811
v 0.13236338 0.27029073 0.02823544
v 0.13223112 0.27011204 0.02815115
v 0.13243127 0.27033532 0.02802396
v 0.14432991 0.28465545 0.03093594
v 0.13594204 0.26675105 0.05453366
v 0.12298918 0.26075745 0.0452742
v 0.13138753 0.2582041 0.06272221
v 0.13209271 0.27000165 0.02815491
v 0.13084465 0.26885593 0.03002369
v 0.11648583 0.2588166 0.04346699
v 0.12141079 0.26032221 0.04357797
v 0.1214183 0.26038802 0.04281944
v 0.12382412 0.26268613 0.0430541
v 0.12064207 0.25939155 0.04560971
v 0.1186955 0.25905252 0.03856421
v 0.12064207 0.25939155 0.04560971
v 0.11648583 0.2588166 0.04346699
v 0.10358113 0.25504482 0.04299778
v 0.10377008 0.25443971 0.04531115
v 0.11476362 0.25748014 0.02989233
v 0.11284333 0.25670373 0.03059357
v 0.11256015 0.25578856 0.02848357
v 0.13318235 0.26922226 0.02557003
v 0.1442886 0.28048635 0.0149042
v 0.14500844 0.28419352 0.02320737
v 0.14030546 0.26371002 0.00695956
v 0.13839358 0.26230741 0.00699538
v 0.14049661 0.26289642 0.00581533
v 0.14160997 0.26245236 0.00521588
v 0.12599534 0.2489208 0.00487047
v 0.12325591 0.25816762 0.01373285
v 0.14036673 0.26196098 0.00552332
v 0.14160997 0.26245236 0.00521588
v 0.14036673 0.26196098 0.00552332
v 0.11585808 0.25319266 0.01161069
v 0.10525137 0.24868023 0.01258421
v 0.10851341 0.24086857 0.00378829
v 0.1226812 0.23971128 -0.00166559
v 0.13040143 0.24193442 -0.00295717
v 0.06685221 0.24206901 0.05335325
v 0.10099149 0.25440943 0.04408723
v 0.08162713 0.25175679 0.04259032
v 0.09872293 0.25424147 0.03933996
v 0.1071828 0.25574172 0.0302763
v 0.09081298 0.25308359 0.02960879
v 0.1071828 0.25574172 0.0302763
v 0.08486646 0.25239921 0.03648198
v 0.07355189 0.24733222 0.04651874
v 0.06403047 0.24306357 0.04859686
v 0.06685221 0.24206901 0.05335325
v 0.08862096 0.24768066 0.060435
v 0.07530433 0.25016046 0.03984016
v 0.07355189 0.24733222 0.04651874
v 0.06717432 0.24778903 0.03115201
v 0.06242132 0.24605072 0.03751755
v 0.07530433 0.25016046 0.03984016
v 0.08153027 0.25128877 0.02953285
v 0.08153027 0.25128877 0.02953285
v 0.0665049 0.24594307 0.02379727
v 0.09333539 0.25158882 0.02439648
v 0.08801067 0.25087857 0.02524018
v 0.08830631 0.24135494 0.00605911
v 0.09333539 0.25158882 0.02439648
v 0.08740175 0.24117327 0.00608051
v 0.06879079 0.24361992 0.01685572
v 0.06355339 0.24275982 0.01716059
v 0.08801067 0.25087857 0.02524018
v 0.28484225 0.32449734 0.05445319
v 0.28513944 0.32818246 0.05453777
v 0.28185874 0.32597947 0.05860543
v 0.28105474 0.31762135 0.0562892
v 0.28572661 0.31499994 0.04633367
v 0.28517365 0.30523837 0.04138321
v 0.28755349 0.31039238 0.03879362
v 0.28717995 0.32667935 0.04936552
v 0.29192704 0.32720912 0.03713048
v 0.29290032 0.32077026 0.02490968
v 0.2978043 0.33863473 0.02105111
v 0.29341209 0.32060158 0.01978415
v 0.29044867 0.31173444 0.02261895
v 0.28637469 0.30511189 0.03579897
v 0.27674603 0.30380154 0.05559003
v 0.27581936 0.2900387 0.04836875
v 0.28079909 0.28879035 0.03310329
v 0.28701293 0.30145264 0.02363932
v 0.29789758 0.33850741 0.01989281
v 0.29469889 0.3275367 0.01076758
v 0.28930128 0.30951548 0.01068825
v 0.28610015 0.3245126 -0.00211757
v 0.28772229 0.30469322 0.0132429
v 0.28680485 0.30427587 0.00842834
v 0.27832115 0.30199325 -0.00168717
v 0.28583729 0.32393587 -0.00234431
v 0.28680485 0.30427587 0.00842834
v 0.28040016 0.28472435 0.01714081
v 0.27832156 0.29098833 0.00240445
v 0.26975352 0.33216822 0.06853563
v 0.26957893 0.3197087 0.06844956
v 0.26387507 0.31150651 0.07102078
v 0.26073974 0.31943321 0.072981
v 0.27072936 0.30910587 0.06335855
v 0.26073974 0.31943321 0.072981
v 0.25537306 0.31001461 0.07446468
v 0.26387507 0.31150651 0.07102078
v 0.26260585 0.2952894 0.06855667
v 0.26827693 0.29739797 0.06317133
v 0.25637007 0.29678369 0.07156456
v 0.2394312 0.32601106 0.07773012
v 0.23613811 0.31951213 0.07860875
v 0.24141121 0.32160556 0.077622
v 0.24299377 0.32597601 0.0771535
v 0.26085299 0.33232105 0.07310462
v 0.24499816 0.30449915 0.07725096
v 0.23649496 0.28645718 0.07806277
v 0.24035197 0.28501058 0.07729805
v 0.25637007 0.29678369 0.07156456
v 0.28610015 0.3245126 -0.00211757
v 0.28584957 0.32450318 -0.0025292
v 0.26234257 0.32741463 -0.0201245
v 0.26414829 0.33474755 -0.02084529
v 0.2830193 0.32595599 -0.00488216
v 0.26495349 0.31148469 -0.01421863
v 0.26108062 0.31298149 -0.01754624
v 0.26248604 0.3153851 -0.01746291
v 0.27832156 0.29098833 0.00240445
v 0.27349341 0.28055429 0.00272745
v 0.26878154 0.29613674 -0.00627905
v 0.25997013 0.29504108 -0.01234049
v 0.25926226 0.31566179 -0.01869857
v 0.25379986 0.30999267 -0.02043003
v 0.24795133 0.29955912 -0.02015293
v 0.26223391 0.33494341 -0.02180547
v 0.25716764 0.33319545 -0.0228653
v 0.24218404 0.30370629 -0.02478218
v 0.24009877 0.31254339 -0.02569073
v 0.23799497 0.30367672 -0.02561241
v 0.24043834 0.29540944 -0.02506429
v 0.23511714 0.3259685 0.07775211
v 0.2314471 0.30399525 0.07970762
v 0.2250936 0.30704248 0.07960284
v 0.21850514 0.32132161 0.0774886
v 0.21134311 0.30767 0.07937461
v 0.21874183 0.33178294 0.0755161
v 0.22515666 0.30071545 0.08043998
v 0.21063888 0.30076611 0.08027989
v 0.20324761 0.32293236 0.07165337
v 0.20528668 0.33046877 0.07090813
v 0.19713074 0.32610786 0.06743962
v 0.19719422 0.31844091 0.07119709
v 0.20367688 0.30381811 0.07818276
v 0.19232845 0.3035754 0.0749554
v 0.19294077 0.28891802 0.07926935
v 0.20164865 0.29195023 0.08094269
v 0.22557336 0.33247733 -0.02523971
v 0.23974001 0.32484972 -0.02649844
v 0.22808778 0.3195554 -0.02641463
v 0.21142018 0.31779897 -0.0238747
v 0.19565457 0.32690895 -0.01240087
v 0.21318525 0.33499432 -0.02312219
v 0.1957761 0.30426025 -0.02091855
v 0.19562864 0.30082166 -0.02191335
v 0.2201739 0.31198466 -0.02664393
v 0.21730775 0.31746101 -0.02641648
v 0.21462834 0.31204605 -0.0265677
v 0.22058874 0.29639423 -0.0284977
v 0.21709204 0.28896546 -0.02921319
v 0.21350604 0.29629195 -0.0284217
v 0.21142018 0.31779897 -0.0238747
v 0.19612789 0.30345285 -0.02125716
v 0.1955235 0.30345809 -0.02106225
v 0.19612789 0.30345285 -0.02125716
v 0.1955235 0.30345809 -0.02106225
v 0.18790108 0.33113718 0.05783212
v 0.18017256 0.316872 0.06121844
v 0.18025184 0.31230593 0.06348228
v 0.17885339 0.29676902 0.07183492
v 0.17289585 0.29568112 0.06913441
v 0.17559016 0.30765617 0.06374538
v 0.16840041 0.29672384 0.06390852
v 0.17708415 0.31326854 0.06081176
v 0.17597765 0.3201828 0.05347174
v 0.17288536 0.31148291 0.05765778
v 0.15531892 0.30187392 0.04282188
v 0.16205657 0.31044304 0.04575139
v 0.16127646 0.3137145 0.03746873
v 0.17644519 0.32829118 0.04698455
v 0.17271179 0.32564986 0.0446623
v 0.16098148 0.30291331 0.05054659
v 0.16205657 0.31044304 0.04575139
v 0.16098148 0.30291331 0.05054659
v 0.16364586 0.32040524 0.03078157
v 0.17043877 0.32496512 0.04001379
v 0.17360467 0.33341539 0.02859724
v 0.15713418 0.30912912 0.02929538
v 0.15409678 0.28751969 0.05570734
v 0.14894837 0.2929064 0.03911555
v 0.15068817 0.28860378 0.04929656
v 0.15350968 0.30212259 0.03190881
v 0.1760332 0.33098686 0.01550609
v 0.17586392 0.32758427 0.00917643
v 0.17467457 0.32667673 0.01011968
v 0.17541099 0.32590294 0.00847709
v 0.17843038 0.32749319 0.00610107
v 0.17071193 0.3193208 0.00882912
v 0.19061911 0.324543 -0.00919336
v 0.1918233 0.32935071 -0.00835949
v 0.18002343 0.30970955 -0.00648701
v 0.19501239 0.30388796 -0.02043688
v 0.17811495 0.29770982 -0.01102275
v 0.19444627 0.30284023 -0.02053809
v 0.16499949 0.30167115 0.00343549
v 0.16072237 0.30323029 0.0087406
v 0.1620748 0.30727017 0.01090896
v 0.16251379 0.3053838 0.00759715
v 0.15677297 0.30771899 0.02537781
v 0.16450197 0.32001448 0.02182019
v 0.1643852 0.30492735 0.00573391
v 0.16235822 0.30356646 0.00650638
v 0.14936078 0.28864026 0.01524389
v 0.15444064 0.30245328 0.02403814
v 0.1603772 0.29814875 0.00553179
v 0.19562864 0.30082166 -0.02191335
v 0.15428001 0.30374157 0.02704871
v 0.15409678 0.28751969 0.05570734
v 0.15180874 0.29917347 0.02761412
v 0.2876702 0.36737406 0.05632704
v 0.28860831 0.37404048 0.05649477
v 0.28229809 0.36982524 0.06314075
v 0.28212023 0.34817624 0.06381446
v 0.28211725 0.34789336 0.06377506
v 0.29701966 0.36189914 0.04094541
v 0.2935918 0.35059416 0.0448311
v 0.29525197 0.34884083 0.04158276
v 0.30199909 0.36058414 0.02276826
v 0.30279613 0.3636328 0.02067614
v 0.30076194 0.36792278 0.03029948
v 0.30273139 0.36111236 0.01954919
v 0.30356109 0.36461818 0.01790702
v 0.29334933 0.3472079 0.04451805
v 0.29401028 0.34344697 0.04143316
v 0.2974807 0.3417865 0.02503937
v 0.29941636 0.34543467 0.01990533
v 0.29567379 0.37208819 0.04439813
v 0.29866862 0.37253416 0.03939044
v 0.28221881 0.34807491 0.06363994
v 0.28212023 0.34817624 0.06381446
v 0.28209925 0.34806871 0.0638274
v 0.301144 0.37641513 0.03337157
v 0.28221881 0.34807491 0.06363994
v 0.28211725 0.34789336 0.06377506
v 0.2982446 0.34023094 0.0202992
v 0.30274343 0.35955799 0.01567608
v 0.30615294 0.38081443 0.01668906
v 0.30617779 0.37454271 0.00899839
v 0.30567902 0.37432206 0.00556684
v 0.30469036 0.36634839 0.00752938
v 0.30007237 0.34920418 0.00778699
v 0.30261755 0.37035644 0.00213182
v 0.30567902 0.37432206 0.00556684
v 0.30261755 0.37035644 0.00213182
v 0.30271298 0.3777256 -0.00108439
v 0.29834676 0.34118044 0.01798642
v 0.29708076 0.33907044 0.00808895
v 0.29658294 0.34545743 0.00375378
v 0.30007237 0.34920418 0.00778699
v 0.29658294 0.34545743 0.00375378
v 0.29744637 0.35116661 0.00241631
v 0.29455131 0.36484516 -0.00801319
v 0.28618324 0.36903954 -0.01365113
v 0.29731786 0.37709367 -0.00926524
v 0.2866118 0.35647964 -0.0106113
v 0.2919485 0.3470521 -0.00033408
v 0.2824083 0.34651577 -0.01008248
v 0.28663605 0.325804 -0.00195891
v 0.28594446 0.32482564 -0.00249499
v 0.29708076 0.33907044 0.00808895
v 0.269656 0.3774817 0.06826442
v 0.27105057 0.36420619 0.06938273
v 0.28229809 0.36982524 0.06314075
v 0.26461172 0.35493565 0.07269442
v 0.26064867 0.36280429 0.07245356
v 0.28202349 0.34811759 0.06386852
v 0.25623846 0.35428214 0.0738315
v 0.26975352 0.33216822 0.06853563
v 0.26486933 0.34120011 0.07288194
v 0.28202885 0.34802198 0.06386793
v 0.26486933 0.34120011 0.07288194
v 0.25624454 0.3417151 0.07403404
v 0.24595368 0.36683047 0.07218462
v 0.24781209 0.37495935 0.07116961
v 0.2395727 0.37023818 0.07116914
v 0.23956776 0.36503351 0.07294047
v 0.2450335 0.3481611 0.07570827
v 0.23439503 0.34823048 0.0753659
v 0.23762894 0.32985759 0.07735831
v 0.24143219 0.33004177 0.07745922
v 0.28202349 0.34811759 0.06386852
v 0.28209925 0.34806871 0.0638274
v 0.26977259 0.37733924 -0.02334225
v 0.26658815 0.36096275 -0.02279216
v 0.27044272 0.35384035 -0.01905173
v 0.26671994 0.33758271 -0.01941592
v 0.24906963 0.36450958 -0.02667433
v 0.2385183 0.36991942 -0.02806669
v 0.24613571 0.37387729 -0.02797174
v 0.23872936 0.36146963 -0.02787876
v 0.2393254 0.33523309 -0.027062
v 0.26260316 0.35663593 -0.02433252
v 0.26088315 0.36090457 -0.02523398
v 0.25878894 0.35637426 -0.02508545
v 0.26292849 0.33648229 -0.02167094
v 0.2612983 0.33667219 -0.02203155
v 0.24194813 0.34750414 -0.02688402
v 0.2357831 0.34770036 -0.02742654
v 0.220662 0.35719705 0.06884253
v 0.22805768 0.36434364 0.06945819
v 0.21854383 0.36080575 0.06740159
v 0.21702248 0.35784614 0.06741923
v 0.21847349 0.37338269 0.06434685
v 0.22339225 0.34220529 0.07429051
v 0.21511072 0.34113598 0.07182091
v 0.21546966 0.36066961 0.06564385
v 0.21245682 0.36179924 0.06097394
v 0.21077555 0.35517776 0.06403404
v 0.20513058 0.34438276 0.06384319
v 0.21843028 0.38107324 0.06208885
v 0.22093713 0.38088822 0.06306189
v 0.20102793 0.360852 0.04919004
v 0.1976738 0.36686909 0.03595501
v 0.18952221 0.34925508 0.04253
v 0.20390296 0.36815822 0.04961926
v 0.1976738 0.36686909 0.03595501
v 0.20102793 0.360852 0.04919004
v 0.2003113 0.34786284 0.05801266
v 0.18982041 0.34766829 0.04412389
v 0.19760585 0.34110785 0.06026894
v 0.2267977 0.37534356 -0.02525169
v 0.22381109 0.36293519 -0.02398682
v 0.1966545 0.36680579 -0.0010674
v 0.19623858 0.36515749 -0.0007202
v 0.1957584 0.3663826 0.00370181
v 0.18897629 0.34964931 0.01176
v 0.19075656 0.35546315 0.01193708
v 0.18950421 0.3496325 0.00905222
v 0.20366704 0.36380637 -0.00861275
v 0.20060027 0.37012541 -0.00577158
v 0.21321791 0.35780871 -0.01936054
v 0.21413994 0.3604399 -0.02069741
v 0.2000075 0.34891367 -0.00691676
v 0.18836868 0.34761059 0.01004773
v 0.18983322 0.34330153 0.00499529
v 0.21209645 0.33992362 -0.01983398
v 0.1957733 0.33368528 -0.00922829
v 0.21769488 0.35829771 -0.02250904
v 0.21649647 0.36045313 -0.02220392
v 0.21565974 0.35858881 -0.0218935
v 0.21908718 0.33896327 -0.02487296
v 0.21730357 0.33517265 -0.02486396
v 0.21586937 0.33851945 -0.02399129
v 0.21565974 0.35858881 -0.0218935
v 0.21649647 0.36045313 -0.02220392
v 0.21318525 0.33499432 -0.02312219
v 0.21586937 0.33851945 -0.02399129
v 0.18952221 0.34925508 0.04253
v 0.18850827 0.34794807 0.04232985
v 0.18849605 0.34827292 0.04166919
v 0.18850827 0.34794807 0.04232985
v 0.18805736 0.34754729 0.0416503
v 0.18836087 0.34816539 0.04073435
v 0.1947028 0.36482859 0.02992314
v 0.18894231 0.35324335 0.02545011
v 0.19260544 0.36336315 0.01900429
v 0.19576871 0.36681485 0.03193808
v 0.19547635 0.36824715 0.02973485
v 0.18821895 0.34706926 0.04270208
v 0.18821895 0.34706926 0.04270208
v 0.17736518 0.33777046 0.0285359
v 0.17492282 0.32887065 0.04299855
v 0.17897868 0.34018016 0.02698112
v 0.17644519 0.32829118 0.04698455
v 0.17271179 0.32564986 0.0446623
v 0.17694753 0.33750272 0.02690977
v 0.1746549 0.33433259 0.0257228
v 0.19397569 0.36620867 0.01463354
v 0.19357896 0.36837935 0.01772219
v 0.18287414 0.34319317 0.01850569
v 0.17746353 0.33773434 0.02530575
v 0.28235573 0.39342082 0.06324297
v 0.28183508 0.39427269 0.06260294
v 0.28199059 0.39365172 0.06344587
v 0.28217411 0.39330602 0.06353951
v 0.28199059 0.39365172 0.06344587
v 0.28181648 0.39331973 0.06371224
v 0.28217411 0.39330602 0.06353951
v 0.28204155 0.39237845 0.06367856
v 0.28204155 0.39237845 0.06367856
v 0.28247643 0.39309311 0.06322545
v 0.28217411 0.39330602 0.06353951
v 0.28247643 0.39309311 0.06322545
v 0.29392225 0.39383614 0.04193223
v 0.29427081 0.39227188 0.04645044
v 0.29818082 0.39007962 0.04176176
v 0.29729277 0.39371324 0.02710849
v 0.2949841 0.38831604 0.04732215
v 0.29818082 0.39007962 0.04176176
v 0.2949841 0.38831604 0.04732215
v 0.29815072 0.37880647 0.04096228
v 0.3051694 0.38116241 0.02127522
v 0.30423814 0.38547933 0.02641976
v 0.30632222 0.38486099 0.01904577
v 0.30423814 0.38547933 0.02641976
v 0.30632222 0.38486099 0.01904577
v 0.3001008 0.39160991 0.01982987
v 0.28538567 0.40004349 0.04712254
v 0.2785266 0.40904105 0.0369963
v 0.27673799 0.40508413 0.05010319
v 0.2885462 0.40238392 0.02553922
v 0.28032559 0.40976608 0.02963573
v 0.28041464 0.40892363 0.0313732
v 0.28983992 0.40056777 0.01614624
v 0.2972607 0.39481664 0.02051115
v 0.29574549 0.39430869 0.00527173
v 0.29820102 0.39369667 0.01724201
v 0.30488634 0.38596737 0.00659198
v 0.29719377 0.39127398 -0.00204468
v 0.30602348 0.38167274 0.00705564
v 0.30615294 0.38081443 0.01668906
v 0.30600113 0.38478005 0.01000679
v 0.30602348 0.38167274 0.00705564
v 0.30271298 0.3777256 -0.00108439
v 0.29944849 0.3841784 -0.00484115
v 0.2803213 0.40845811 0.01209873
v 0.28127229 0.40695262 0.00959039
v 0.27861357 0.4067992 -0.00364435
v 0.27874029 0.40663934 -0.00385386
v 0.27854669 0.40688515 -0.00380123
v 0.27844018 0.40684426 -0.00409913
v 0.28707254 0.39244843 -0.01458919
v 0.29944849 0.3841784 -0.00484115
v 0.29006898 0.38846636 -0.01384848
v 0.28454572 0.39168179 -0.01708615
v 0.28302509 0.39566934 -0.01695496
v 0.28707254 0.39244843 -0.01458919
v 0.281838 0.39185679 -0.01840091
v 0.28392398 0.38848293 -0.01673299
v 0.2607519 0.40730774 0.06370795
v 0.26323342 0.40526903 0.06503671
v 0.26613933 0.40596974 0.06070971
v 0.2624495 0.40327954 0.06651884
v 0.26323342 0.40526903 0.06503671
v 0.26120305 0.40529573 0.06582022
v 0.25999683 0.40317631 0.06666803
v 0.26120305 0.40529573 0.06582022
v 0.26382464 0.38539004 0.06981301
v 0.2611227 0.37888277 0.0704937
v 0.25847387 0.38535964 0.07010168
v 0.25747752 0.40629411 0.06594908
v 0.2607519 0.40730774 0.06370795
v 0.24029946 0.39728737 0.06645817
v 0.24089867 0.41441238 0.06026453
v 0.24133825 0.39394307 0.0671227
v 0.23919201 0.39393866 0.06686109
v 0.24001473 0.38567328 0.06855047
v 0.27019578 0.41077459 0.04797822
v 0.25909775 0.41563487 0.05036342
v 0.2461791 0.41648257 0.05609047
v 0.28302509 0.39566934 -0.01695496
v 0.27108735 0.406569 -0.02033544
v 0.25757587 0.4203583 -0.01281404
v 0.27483743 0.40921235 -0.00542933
v 0.25782716 0.41950834 -0.01405102
v 0.25671792 0.4206934 -0.01362765
v 0.25338489 0.41939235 -0.01729596
v 0.23874223 0.37583649 -0.02855611
v 0.26103544 0.40821636 -0.02626735
v 0.27108735 0.406569 -0.02033544
v 0.26524967 0.39978206 -0.02473462
v 0.26103544 0.40821636 -0.02626735
v 0.25717974 0.39889383 -0.02666706
v 0.26481915 0.38567209 -0.02734733
v 0.26119494 0.37825394 -0.02713078
v 0.25688821 0.38577223 -0.0290727
v 0.24203944 0.41005826 -0.0309118
v 0.23804027 0.41017687 -0.03088814
v 0.24006319 0.41410398 -0.03108543
v 0.24446934 0.41389596 -0.03054589
v 0.24439514 0.39127517 -0.03035009
v 0.23400223 0.39127541 -0.03027904
v 0.23463589 0.41728437 0.0565238
v 0.23063892 0.40998566 0.05829388
v 0.23459798 0.39682305 0.06461668
v 0.22920501 0.38812613 0.06451517
v 0.22168571 0.40096068 0.0581938
v 0.21858537 0.40965629 0.05390853
v 0.2122106 0.39701259 0.05196631
v 0.21975994 0.38361907 0.06168222
v 0.21491051 0.38529956 0.0574311
v 0.21862119 0.41792119 0.05021542
v 0.21203494 0.41480827 0.04573154
v 0.19757807 0.41387653 0.03144413
v 0.20526004 0.39695609 0.04517156
v 0.20565099 0.39147842 0.04706353
v 0.20243031 0.39095342 0.04245627
v 0.19652784 0.41095424 0.03056943
v 0.19419861 0.38908041 0.02824187
v 0.20404112 0.38289022 0.04648751
v 0.19609767 0.37077403 0.03246021
v 0.20666105 0.40813053 -0.02178574
v 0.19557834 0.41396034 -0.011594
v 0.20613444 0.41965556 -0.02134043
v 0.19763875 0.38900471 -0.00834715
v 0.18991649 0.3871721 0.00694418
v 0.1955058 0.39952755 -0.00805748
v 0.20328426 0.39403498 -0.01487482
v 0.19610095 0.36836958 -0.00086868
v 0.19078887 0.38287973 0.00620091
v 0.20738471 0.38369131 -0.01632696
v 0.21189678 0.37810206 -0.02032489
v 0.22123075 0.39828992 -0.02882439
v 0.21724451 0.42002249 -0.02948475
v 0.23592407 0.41414332 -0.03099728
v 0.21668643 0.40797186 -0.02913737
v 0.21312064 0.39933825 -0.02620149
v 0.21861285 0.38303566 -0.02454573
v 0.21592164 0.37872326 -0.02293384
v 0.21417439 0.38211298 -0.02278095
v 0.21312064 0.39933825 -0.02620149
v 0.20666105 0.40813053 -0.02178574
v 0.21189678 0.37810206 -0.02032489
v 0.21417439 0.38211298 -0.02278095
v 0.19634122 0.41387463 0.03003883
v 0.19545245 0.41229141 0.02814811
v 0.19071823 0.39425421 0.02030623
v 0.19545245 0.41229141 0.02814811
v 0.18850195 0.40754187 0.01612818
v 0.19578117 0.41522062 0.0283919
v 0.19609767 0.37077403 0.03246021
v 0.19247478 0.38534665 0.02119857
v 0.19419861 0.38908041 0.02824187
v 0.18927032 0.387658 0.00859725
v 0.18713391 0.41351879 0.00813091
v 0.18919361 0.42064834 0.01580781
v 0.187819 0.41349208 0.00268322
v 0.18913293 0.38859487 0.0080393
v 0.18930274 0.38716626 0.00806731
v 0.19042248 0.41032851 -0.00594032
v 0.19010347 0.41898847 -0.00632614
v 0.18935984 0.38744617 0.00765127
v 0.18938941 0.38687253 0.00851494
v 0.18941039 0.38672996 0.00808936
v 0.18942398 0.38699162 0.00773394
v 0.2773726 0.41101933 0.03144014
v 0.27953589 0.41071355 0.03131652
v 0.27849525 0.41065395 0.02953732
v 0.27913117 0.40949655 0.01000571
v 0.27533674 0.41134167 0.00874084
v 0.27791667 0.40963387 0.01209766
v 0.27839929 0.40695083 -0.00379771
v 0.27822357 0.40709591 -0.00364983
v 0.27847445 0.40695202 -0.00366902
v 0.24046546 0.41832149 0.05548
v 0.24089867 0.41441238 0.06026453
v 0.2614727 0.41678834 0.04237944
v 0.25169456 0.42381907 0.04073936
v 0.25866783 0.42242861 0.02383405
v 0.26011807 0.42212832 0.02011055
v 0.25665671 0.42441714 0.02001864
v 0.25150561 0.42608702 0.03007245
v 0.24102092 0.43377674 0.0197739
v 0.23584843 0.43839931 0.01558357
v 0.23644102 0.43675768 0.02195817
v 0.24229783 0.43144977 0.03099674
v 0.22938281 0.43349087 0.03782332
v 0.24379343 0.42304444 0.04640967
v 0.23010057 0.43141103 0.04134464
v 0.24535871 0.42762554 0.03779536
v 0.24619508 0.4314363 -0.00090134
v 0.24635792 0.43084252 0.0013476
v 0.24850273 0.42938769 -0.00080854
v 0.24632478 0.43079507 -0.00296897
v 0.26247352 0.41966033 0.00091952
v 0.25920635 0.42263031 0.0144856
v 0.25424558 0.42323744 -0.01051265
v 0.24256241 0.43407834 -0.00396866
v 0.24324763 0.43347657 0.00063336
v 0.23122919 0.44297254 0.00383729
v 0.23973596 0.43410492 -0.01567745
v 0.23579508 0.43740416 -0.01781714
v 0.23514664 0.43857539 -0.01480544
v 0.23108333 0.44325137 -0.00908041
v 0.25401515 0.42286861 -0.01404881
v 0.23902595 0.43284202 -0.02025568
v 0.2333129 0.43348706 -0.02285564
v 0.24150968 0.41731703 -0.02986139
v 0.25338489 0.41939235 -0.01729596
v 0.23717088 0.41932821 -0.03076452
v 0.24046546 0.41832149 0.05548
v 0.21598572 0.44751847 0.01815015
v 0.21973526 0.44522548 0.01987064
v 0.22109753 0.4455688 0.0151847
v 0.22701645 0.43497026 0.03684294
v 0.21629983 0.44552124 0.02200991
v 0.21276653 0.44034052 0.02719331
v 0.22761101 0.43182087 0.04006541
v 0.22906715 0.43297696 0.03941077
v 0.23463589 0.41728437 0.0565238
v 0.22761101 0.43182087 0.04006541
v 0.2131505 0.42552054 0.04159987
v 0.22906715 0.43297696 0.03941077
v 0.22821647 0.43332088 0.03899676
v 0.22821647 0.43332088 0.03899676
v 0.21629983 0.44552124 0.02200991
v 0.20990515 0.44775331 0.02009743
v 0.21276653 0.44034052 0.02719331
v 0.20990515 0.44775331 0.02009743
v 0.19681543 0.44248593 0.02010834
v 0.19494158 0.45682025 0.00896972
v 0.20081794 0.43704128 0.0259527
v 0.19573164 0.43762338 0.02187347
v 0.1968258 0.41592968 0.03002
v 0.19951797 0.41810954 0.0313406
v 0.21077108 0.43292177 0.03499651
v 0.21760362 0.451491 -0.00191164
v 0.2135188 0.45229268 -0.0177418
v 0.22410154 0.44705284 -0.01458335
v 0.22297841 0.44692934 -0.01894748
v 0.21832293 0.45111668 -0.00676739
v 0.21368974 0.4533093 -0.00099707
v 0.19734776 0.45789611 0.00600725
v 0.20180273 0.45839894 -0.01562476
v 0.21301496 0.45370555 -0.00866163
v 0.19410461 0.45324278 -0.01939726
v 0.19352657 0.45913386 -0.02069843
v 0.19644403 0.45750403 -0.02142608
v 0.19540501 0.43438232 -0.01495665
v 0.21592629 0.44797802 -0.02211869
v 0.22297841 0.44692934 -0.01894748
v 0.22159082 0.43996024 -0.02576196
v 0.21592629 0.44797802 -0.02211869
v 0.21202326 0.44164145 -0.02342153
v 0.2333129 0.43348706 -0.02285564
v 0.22349286 0.43106055 -0.02921259
v 0.21197808 0.43059409 -0.02726352
v 0.2135188 0.45229268 -0.0177418
v 0.19705969 0.43883502 -0.01680881
v 0.19443679 0.43919301 -0.01522595
v 0.19705969 0.43883502 -0.01680881
v 0.19443679 0.43919301 -0.01522595
v 0.20613444 0.41965556 -0.02134043
v 0.19136035 0.45881534 0.00608808
v 0.1921404 0.45562673 0.00634032
v 0.19403672 0.44010723 0.01824069
v 0.19370234 0.43544662 0.01894021
v 0.19578117 0.41522062 0.0283919
v 0.19370234 0.43544662 0.01894021
v 0.1921404 0.45562673 0.00634032
v 0.18897456 0.44093525 0.00235593
v 0.19403672 0.44010723 0.01824069
v 0.1890803 0.45872939 -1.258E-05
v 0.19136035 0.45881534 0.00608808
v 0.18634772 0.45972431 -0.00682324
v 0.18731016 0.44752347 -0.00180781
v 0.18856639 0.4392339 6.932E-05
v 0.18819577 0.44187045 -0.00292665
v 0.18770963 0.45459831 -0.01221395
v 0.19158936 0.44243908 -0.01273876
v 0.18819577 0.44187045 -0.00292665
v 0.18801516 0.43261194 0.00156468
v 0.18877834 0.43751621 0.00302023
v 0.18886173 0.43798423 -0.00183582
v 0.19291294 0.43755388 -0.01271272
v 0.18118674 0.46289873 -0.01246411
v 0.17981589 0.4632839 -0.01463264
v 0.18076664 0.46208322 -0.01464593
v 0.17987263 0.46327615 -0.01532274
v 0.19158936 0.44243908 -0.01273876
v 0.19410461 0.45324278 -0.01939726
v 0.18066955 0.46329606 -0.01569498
v 0.18651241 0.46166873 -0.01826102
v 0.18076664 0.46208322 -0.01464593
v 0.18066955 0.46329606 -0.01569498
v 0.19439602 0.45880306 0.00575346
v 0.19494158 0.45682025 0.00896972
v 0.21466911 0.4534936 -0.00396472
v 0.21250707 0.45339131 -0.00420481
v 0.19532287 0.45820832 0.00306612
v 0.19274777 0.4585427 0.00240219
v 0.19536018 0.4599992 -0.00969315
v 0.19110298 0.46360803 -0.01625872
v 0.1903742 0.46048105 -0.00980151
v 0.19352657 0.45913386 -0.02069843
v 0.19439602 0.45880306 0.00575346
v 0.19136035 0.45881534 0.00608808
v 0.19274777 0.4585427 0.00240219
v 0.18083256 0.46376312 -0.01432699
v 0.18015641 0.46381199 -0.01435477
v 0.18118674 0.46289873 -0.01246411
v 0.18083256 0.46376312 -0.01432699
v 0.18217695 0.46429622 -0.01569426
v 0.18039411 0.46419942 -0.01508915
v 0.18015641 0.46381199 -0.01435477
v 0.17981589 0.4632839 -0.01463264
v 0.17956233 0.46390069 -0.01508617
v 0.17981589 0.4632839 -0.01463264
v 0.18015641 0.46381199 -0.01435477
v 0.18039411 0.46419942 -0.01508915
v 0.17987263 0.46327615 -0.01532274
v 0.18217695 0.46429622 -0.01569426
v 0.18651241 0.46166873 -0.01826102
v 0.18085647 0.46377265 -0.01558053
v 0.18085647 0.46377265 -0.01558053
v 0.18019003 0.46388066 -0.01563996
v 0.18085647 0.46377265 -0.01558053
v 0.18019003 0.46388066 -0.01563996
v 0.17987263 0.46327615 -0.01532274
v -0.14388096 -0.46776992 -0.01754302
v -0.1395967 -0.46769354 -0.01447612
v -0.14388096 -0.46776992 -0.01754302
v -0.13689232 -0.47106194 -0.01194948
v -0.11935592 -0.41054085 -0.01138282
v -0.15006578 -0.425221 -0.01250893
v -0.15699601 -0.43201548 -0.01402479
v -0.15624368 -0.44152179 -0.01457632
v -0.15248728 -0.43550718 -0.01082247
v -0.1467607 -0.45642516 -0.01868874
v -0.15301716 -0.45186457 -0.01676601
v -0.09646356 -0.3753736 -0.01142877
v -0.1151287 -0.40426171 -0.01146716
v -0.14091122 -0.37642026 -0.01334858
v -0.13423312 -0.38223836 -0.00596011
v -0.14295161 -0.37614408 -0.01511663
v -0.14252675 -0.37686428 -0.02156401
v -0.13593984 -0.39279127 -0.00763363
v -0.13699341 -0.39664888 -0.01312017
v -0.13344049 -0.38533977 -0.00948656
v -0.13308561 -0.38467321 -0.01317805
v -0.13308561 -0.38467321 -0.01317805
v -0.13242352 -0.39988196 -0.01869369
v -0.08921325 -0.33466357 0.00836635
v -0.07273722 -0.32389182 0.00326216
v -0.06745309 -0.32560855 -0.00724375
v -0.07194495 -0.32131517 -0.00819999
v -0.09320885 -0.34154546 0.00808078
v -0.11709833 -0.34599525 0.0005812
v -0.10620219 -0.33885652 -0.00665772
v -0.10577089 -0.33930033 0.00369227
v -0.1018374 -0.33378756 -0.01886266
v -0.11126173 -0.3419205 -0.01896429
v -0.1018374 -0.33378756 -0.01886266
v -0.09871709 -0.32514197 -0.01698035
v -0.08870393 -0.33385372 -0.02273387
v -0.12330651 -0.33080947 -0.00402474
v -0.11703587 -0.33646035 -0.01967192
v -0.11733365 -0.3367517 -0.01181996
v -0.1114462 -0.34223974 -0.01218826
v -0.11703587 -0.33646035 -0.01967192
v -0.11126173 -0.3419205 -0.01896429
v -0.13295007 -0.33802265 -0.01538032
v -0.12986702 -0.34281242 -0.00563478
v -0.13249338 -0.32636404 -0.02120411
v -0.06706035 -0.30430222 0.01494062
v -0.03543013 -0.3107335 0.01221198
v -0.04452777 -0.29431218 0.01281703
v -0.03740811 -0.30107808 0.00339586
v -0.04184896 -0.28287029 0.00062644
v -0.03411216 -0.32233459 0.00204259
v -0.05122441 -0.30479366 -0.00332117
v -0.04934692 -0.31513858 0.00578558
v -0.04414672 -0.31050462 -0.00049406
v -0.04700398 -0.31716675 0.00685167
v -0.04934692 -0.31513858 0.00578558
v -0.05757087 -0.31058401 0.00484812
v -0.06778145 -0.31598502 0.00433981
v -0.05122441 -0.30479366 -0.00332117
v -0.08333367 -0.29638869 -0.00039989
v -0.07655704 -0.28895688 0.0112291
v -0.06778145 -0.31598502 0.00433981
v -0.06238157 -0.31658196 -0.00748384
v -0.10496879 -0.28535044 -0.01546347
v -0.10528415 -0.28862542 -0.01497698
v -0.10074031 -0.28441012 -0.02136654
v -0.10528415 -0.28862542 -0.01497698
v -0.10193199 -0.29056156 -0.01961815
v -0.10074031 -0.28441012 -0.02136654
v -0.0924412 -0.31010973 -0.01327527
v -0.07121122 -0.30527753 -0.02154678
v -0.11776173 -0.30756557 -0.00742561
v -0.12795103 -0.31460047 -0.00974798
v -0.11775327 -0.30902857 -0.00709879
v -0.13138378 -0.32557356 -0.01612705
v -0.1282686 -0.30277342 -0.01961684
v -0.1100539 -0.30664343 -0.01732874
v -0.11306828 -0.30194038 -0.02959591
v -0.11750495 -0.3064487 -0.0295983
v -0.04544902 -0.27191055 -0.01123619
v -0.03622484 -0.26083761 0.00278389
v -0.06362289 -0.26495856 0.01450545
v -0.06362289 -0.26495856 0.01450545
v -0.06247514 -0.26252609 0.01445299
v -0.06412506 -0.26196229 0.00287116
v -0.06186676 -0.26160437 -0.00786376
v -0.1128369 -0.26117432 -0.00430465
v -0.10216242 -0.24959475 -0.00994527
v -0.1079278 -0.286901 -0.01084703
v -0.10600132 -0.28216463 -0.01289701
v -0.11311805 -0.26471615 -0.00450361
v -0.10600132 -0.28216463 -0.01289701
v -0.11253619 -0.26308388 -0.00511801
v -0.11311805 -0.26471615 -0.00450361
v -0.10600132 -0.28216463 -0.01289701
v -0.10496879 -0.28535044 -0.01546347
v -0.10141861 -0.26245064 -0.01202083
v -0.10496879 -0.28535044 -0.01546347
v -0.09694654 -0.2675488 -0.01998389
v -0.10141861 -0.26245064 -0.01202083
v -0.09591675 -0.26099414 -0.03259099
v -0.09646279 -0.26411301 -0.03203875
v -0.11177671 -0.23963898 -0.01061648
v -0.11435235 -0.26165491 -0.00693524
v -0.10402811 -0.23855591 -0.03809923
v -0.01514095 -0.20394951 0.02406359
v -0.02230388 -0.20580262 0.01567829
v -0.00476336 -0.21073085 -0.01238227
v 0.01130015 -0.19870257 -0.02148694
v -0.00466645 -0.21102512 -0.01148301
v -0.01862836 -0.21938831 -0.00939536
v -0.04351085 -0.2015022 0.03447318
v -0.04055226 -0.208722 0.02476799
v -0.03203779 -0.20859879 0.02029824
v -0.04351085 -0.2015022 0.03447318
v -0.04366475 -0.19884318 0.03770691
v -0.06049824 -0.21538121 0.00058341
v -0.06050956 -0.2127378 -0.00263077
v -0.06050956 -0.2127378 -0.00263077
v -0.05459052 -0.22038674 -0.0146184
v -0.05458552 -0.23152137 -0.00801116
v -0.02614945 -0.20584106 -0.02749896
v -0.05287045 -0.21229506 -0.02864778
v -0.04885262 -0.20486736 -0.03695881
v -0.06938082 -0.19955796 0.01235735
v -0.08437598 -0.20123911 0.0070172
v -0.0895257 -0.21874183 -0.00230938
v -0.08437598 -0.20123911 0.0070172
v -0.07743943 -0.21355945 -0.00930673
v -0.09783959 -0.23918152 -0.00980222
v -0.06724524 -0.20994198 -0.03086513
v -0.0648362 -0.20058936 -0.04259515
v -0.08531523 -0.2276904 -0.02596807
v -0.07620877 -0.21921045 -0.03522694
v -0.10178232 -0.22157639 -0.04926509
v -0.09060431 -0.23871779 -0.03160459
v -0.11113846 -0.22236568 -0.04218626
v -0.11583954 -0.22210574 -0.00682569
v -0.11733621 -0.23170865 -0.01945132
v -0.11509711 -0.22151303 -0.00420386
v -0.11441576 -0.23984516 -0.02989078
v -0.11441576 -0.23984516 -0.02989078
v 0.03462833 -0.14967954 -0.01204598
v 0.03392684 -0.15179056 0.00942618
v 0.02586091 -0.1661672 0.00535214
v 0.01791322 -0.15409511 -0.01659226
v 0.02869475 -0.16173244 -0.01219684
v 0.01300317 -0.19541562 -0.02064049
v 0.01326698 -0.17659229 0.01695091
v -0.01849061 -0.15609092 0.03339106
v -0.01433122 -0.17879653 0.03423506
v 0.01321948 -0.17620039 0.01645619
v -0.00626242 -0.17637718 0.00309241
v 0.00461859 -0.1747033 0.00021261
v 0.01566362 -0.15693456 -0.00573713
v 0.00403517 -0.17637789 -0.00623518
v 0.01643169 -0.15538037 -0.00322407
v 0.01566362 -0.15693456 -0.00573713
v 0.01791322 -0.15409511 -0.01659226
v 0.00805843 -0.17333406 -0.01287645
v 0.01791322 -0.15409511 -0.01659226
v 0.01715016 -0.15640163 -0.02157128
v 0.00805843 -0.17333406 -0.01287645
v -0.01255953 -0.1567927 0.01571757
v -0.00013584 -0.17864281 -0.0135535
v -0.00013584 -0.17864281 -0.0135535
v 0.00805843 -0.17333406 -0.01287645
v 0.00900561 -0.18023604 -0.02417195
v 0.00330913 -0.18573153 -0.02737439
v -0.00281566 -0.17316657 -0.03468317
v -0.02942848 -0.18590909 0.04382199
v -0.04279977 -0.14814574 -0.04627055
v -0.05566126 -0.14908993 -0.04585755
v -0.09744745 -0.1747309 -0.00090021
v -0.09744745 -0.1747309 -0.00090021
v -0.0980351 -0.18222964 0.00206792
v -0.08249289 -0.18190086 -0.04990399
v -0.08602214 -0.19241369 -0.04976749
v 0.0431602 -0.10834658 0.03694654
v 0.04494268 -0.12156862 0.0252381
v 0.03365976 -0.10345858 0.02811414
v 0.03584284 -0.11549991 0.02517694
v 0.04295361 -0.10480839 0.03831571
v 0.03365976 -0.10345858 0.02811414
v 0.03325719 -0.10515368 0.01740932
v 0.03584284 -0.11549991 0.02517694
v 0.03325719 -0.10515368 0.01740932
v 0.03528136 -0.1157518 0.01631266
v 0.03584284 -0.11549991 0.02517694
v 0.04060513 -0.1204074 0.01997924
v 0.0332818 -0.136971 0.01724476
v 0.03487086 -0.13568914 0.02170843
v 0.04447275 -0.13324183 -0.01211804
v 0.03833687 -0.12230778 0.01207453
v 0.03528136 -0.1157518 0.01631266
v 0.03814626 -0.1129685 0.00156659
v 0.03528136 -0.1157518 0.01631266
v 0.03551286 -0.10808885 0.00614834
v 0.03814626 -0.1129685 0.00156659
v 0.03810078 -0.11845279 -0.00965112
v 0.03997707 -0.12275767 -0.00857389
v 0.03814626 -0.1129685 0.00156659
v 0.03969455 -0.10202605 -0.01626581
v 0.03902024 -0.11935037 -0.01541483
v 0.03833687 -0.12230778 0.01207453
v 0.03320676 -0.13347489 0.00920665
v 0.04060513 -0.1204074 0.01997924
v 0.03320676 -0.13347489 0.00920665
v 0.0332818 -0.136971 0.01724476
v 0.04060513 -0.1204074 0.01997924
v 0.02527481 -0.14884365 0.00996572
v 0.03320676 -0.13347489 0.00920665
v 0.02219498 -0.15311021 0.00478464
v 0.03320676 -0.13347489 0.00920665
v 0.03121638 -0.13440317 -2.915E-05
v 0.02219498 -0.15311021 0.00478464
v 0.01866961 -0.15507448 0.00121766
v 0.02219498 -0.15311021 0.00478464
v 0.02200335 -0.1461767 -0.00258386
v 0.02219498 -0.15311021 0.00478464
v 0.03121638 -0.13440317 -2.915E-05
v 0.02200335 -0.1461767 -0.00258386
v 0.02200335 -0.1461767 -0.00258386
v 0.03236949 -0.13226056 -0.00495237
v 0.0182671 -0.15218246 -0.00553387
v 0.03236949 -0.13226056 -0.00495237
v 0.03092062 -0.13627821 -0.01258367
v 0.0182671 -0.15218246 -0.00553387
v 0.03997707 -0.12275767 -0.00857389
v 0.04118299 -0.12207615 -0.0122565
v 0.03236949 -0.13226056 -0.00495237
v 0.04118299 -0.12207615 -0.0122565
v 0.03092062 -0.13627821 -0.01258367
v 0.03236949 -0.13226056 -0.00495237
v 0.0182671 -0.15218246 -0.00553387
v 0.03092062 -0.13627821 -0.01258367
v 0.01791322 -0.15409511 -0.01659226
v 0.03092062 -0.13627821 -0.01258367
v 0.02069086 -0.15096712 -0.02092671
v 0.01791322 -0.15409511 -0.01659226
v 0.04256058 -0.12173611 -0.01429391
v 0.0343563 -0.13579905 -0.01815563
v 0.04118299 -0.12207615 -0.0122565
v 0.0343563 -0.13579905 -0.01815563
v 0.03092062 -0.13627821 -0.01258367
v 0.04118299 -0.12207615 -0.0122565
v 0.01861513 -0.1080417 0.03139424
v -0.00920051 -0.13443959 0.03906053
v -0.00990832 -0.13533211 0.03878057
v -0.00990832 -0.13533211 0.03878057
v 0.02235973 -0.11142254 -0.00733662
v -0.0067665 -0.14092129 -0.03330642
v -0.0229463 -0.11264771 0.03173
v -0.05266321 -0.14127493 0.02096081
v -0.04857886 -0.14028317 0.02832246
v -0.05613643 -0.14851844 0.0273273
v -0.02875781 -0.11036056 -0.00755525
v -0.02303445 -0.11335051 -0.02134621
v -0.02998948 -0.11797333 -0.02076441
v -0.02998948 -0.11797333 -0.02076441
v -0.02998948 -0.11797333 -0.02076441
v -0.0229795 -0.11529207 -0.023826
v -0.0309875 -0.13608861 -0.03487742
v -0.03827477 -0.13907176 -0.02993399
v -0.0464592 -0.14585263 -0.03960067
v -0.01937044 -0.15036249 -0.04950076
v -0.06696761 -0.15035337 0.01282603
v -0.09678912 -0.14944488 -0.00557172
v 0.0437851 -0.10471338 0.04083693
v 0.03080446 -0.09551263 0.04606134
v 0.0179677 -0.09775043 0.04587632
v 0.02377409 -0.10568523 0.03145248
v 0.03325719 -0.10515368 0.01740932
v 0.0273698 -0.1086387 -0.00779772
v 0.02377409 -0.10568523 0.03145248
v -0.0131259 -0.09137332 0.02313811
v 0.02206951 -0.06766194 -0.02743286
v 0.02002424 -0.11164212 -0.02158952
v -0.01087713 -0.08061218 0.00213408
v -0.01113462 -0.07952189 0.00833338
v -0.00867158 -0.06939769 0.00208169
v -0.01113462 -0.07952189 0.00833338
v -0.00946569 -0.06993812 0.01112664
v -0.00867158 -0.06939769 0.00208169
v 4.59E-05 -0.07692206 -0.01376355
v -0.00867158 -0.06939769 0.00208169
v 0.00100243 -0.07504463 -0.01438588
v -0.00867158 -0.06939769 0.00208169
v 0.00035095 -0.06091821 -0.00760067
v 0.00100243 -0.07504463 -0.01438588
v -0.01087713 -0.08061218 0.00213408
v 4.59E-05 -0.07692206 -0.01376355
v -0.01209325 -0.08633626 -0.00245404
v 4.59E-05 -0.07692206 -0.01376355
v -0.00025225 -0.07797611 -0.01447034
v -0.01209325 -0.08633626 -0.00245404
v -0.0247311 -0.10118484 0.0014953
v -0.0151791 -0.08845127 0.00478417
v -0.02031904 -0.09823132 -0.00914598
v -0.0151791 -0.08845127 0.00478417
v -0.01209325 -0.08633626 -0.00245404
v -0.02031904 -0.09823132 -0.00914598
v -0.02031904 -0.09823132 -0.00914598
v -0.0103907 -0.09237456 -0.01335752
v -0.02303445 -0.11335051 -0.02134621
v -0.0103907 -0.09237456 -0.01335752
v -0.01976335 -0.11184484 -0.02315247
v -0.02303445 -0.11335051 -0.02134621
v 0.00081116 -0.07755214 -0.01523334
v 0.00150245 -0.07773107 -0.01553172
v -0.00199831 -0.09565854 -0.02332228
v 0.00081116 -0.07755214 -0.01523334
v -0.00199831 -0.09565854 -0.02332228
v -0.00025225 -0.07797611 -0.01447034
v -0.00199831 -0.09565854 -0.02332228
v -0.0103907 -0.09237456 -0.01335752
v -0.00025225 -0.07797611 -0.01447034
v 0.1130504 -0.04122472 0.00761634
v 0.0420047 -0.03446627 -0.02313536
v 0.02436465 -0.0249896 0.0419786
v -0.15690053 -0.03288525 -0.09758776
v -0.15690053 -0.03288525 -0.09758776
v -0.15690053 -0.03288525 -0.09758776
v -0.179533 -0.02581537 -0.10149306
v -0.19438612 -0.02150691 -0.09979725
v -0.24213791 -0.02031803 -0.10736835
v -0.24242723 -0.02132523 -0.1076318
v -0.2368381 -0.01824892 -0.10777384
v -0.24242723 -0.02132523 -0.1076318
v -0.23798227 -0.02391291 -0.10935259
v -0.2368381 -0.01824892 -0.10777384
v -0.2387383 -0.0431664 -0.11466646
v -0.236588 -0.04098803 -0.11577183
v -0.24242723 -0.02132523 -0.1076318
v -0.236588 -0.04098803 -0.11577183
v -0.24057341 -0.02831018 -0.11198509
v -0.23798227 -0.02391291 -0.10935259
v -0.236588 -0.04098803 -0.11577183
v -0.25001764 -0.02888238 -0.11544979
v 0.15427917 -0.00449961 0.00890714
v 0.13002205 0.02197772 0.08102691
v 0.12247217 -0.00726461 0.06270403
v 0.13380414 -0.01288366 0.04338616
v 0.13019264 -0.01343518 0.03290921
v 0.14694029 -0.01406515 0.03168082
v 0.13019264 -0.01343518 0.03290921
v 0.14231884 -0.0141775 0.02754718
v 0.14694029 -0.01406515 0.03168082
v 0.14765429 -0.01491076 0.01511401
v 0.12933594 -0.01285249 -0.0139221
v 0.13017142 -0.01282054 -0.01356411
v 0.08641142 0.02927077 -0.02215272
v 0.0653612 0.02396774 -0.01233602
v 0.08288807 0.01273906 -0.02321678
v 0.03564245 -0.00351942 0.04243171
v 0.04908568 -0.01445454 -0.01601648
v 0.02278727 -0.0233317 -0.00270116
v 0.01569504 -0.02634716 0.01141673
v -0.15953398 -0.0276686 -0.09620768
v -0.17606652 -0.018107 -0.10022891
v -0.19019485 -0.00085229 -0.09135014
v -0.19751203 0.0210799 -0.08082283
v -0.19345021 -0.00302863 -0.09210253
v -0.19751203 0.0210799 -0.08082283
v -0.19019485 -0.00085229 -0.09135014
v -0.18965185 0.00404155 -0.09327728
v -0.19751203 0.0210799 -0.08082283
v -0.18965185 0.00404155 -0.09327728
v -0.19528961 0.02387035 -0.08568072
v -0.19751203 0.0210799 -0.08082283
v -0.19205976 0.0231986 -0.08860308
v -0.18965185 0.00404155 -0.09327728
v -0.19008636 0.01582813 -0.09602714
v -0.18965185 0.00404155 -0.09327728
v -0.18871391 0.00089651 -0.09696025
v -0.19008636 0.01582813 -0.09602714
v -0.21589053 0.01787978 -0.09682268
v -0.21128583 0.0027498 -0.09640139
v -0.21575475 0.02480888 -0.09019101
v -0.21575475 0.02480888 -0.09019101
v -0.21589053 0.01787978 -0.09682268
v -0.20327628 0.02120364 -0.10488963
v -0.21105266 0.00462443 -0.10002285
v -0.21105266 0.00462443 -0.10002285
v -0.23287666 0.03036439 -0.10258371
v -0.23444283 0.01940316 -0.10295081
v -0.23181164 0.02986473 -0.10518873
v -0.23444283 0.01940316 -0.10295081
v -0.23334146 0.01861614 -0.10574144
v -0.23181164 0.02986473 -0.10518873
v -0.23365664 0.00126529 -0.09933233
v -0.23437393 0.01476479 -0.09888244
v -0.23365664 0.00126529 -0.09933233
v -0.23444283 0.01940316 -0.10295081
v -0.23365664 0.00126529 -0.09933233
v -0.23374236 0.0060035 -0.1031267
v -0.23444283 0.01940316 -0.10295081
v -0.24235785 -0.01989913 -0.10682404
v -0.24213791 -0.02031803 -0.10736835
v -0.23365664 0.00126529 -0.09933233
v -0.24213791 -0.02031803 -0.10736835
v -0.23233128 -0.00303286 -0.10397685
v -0.23365664 0.00126529 -0.09933233
v -0.23533201 0.00022608 -0.10988939
v -0.23374236 0.0060035 -0.1031267
v -0.23503613 0.01435333 -0.11368608
v -0.23334146 0.01861614 -0.10574144
v -0.23374236 0.0060035 -0.1031267
v -0.2368381 -0.01824892 -0.10777384
v -0.23928893 -0.01785934 -0.11202824
v -0.23233128 -0.00303286 -0.10397685
v -0.23233128 -0.00303286 -0.10397685
v -0.25496924 0.00962031 -0.10438693
v -0.24501908 0.00225854 -0.09729564
v -0.2422415 -0.00051206 -0.10939342
v 0.14373082 0.04903984 0.0832569
v 0.138969 0.04069084 0.08300388
v 0.05911845 0.04218447 0.0425275
v 0.08663249 0.05351406 -0.01951331
v 0.07034993 0.04224545 -0.00737756
v 0.06552047 0.03062701 -0.00945264
v 0.05375493 0.03594196 0.02544314
v 0.05296707 0.031488 0.0272072
v 0.05867839 0.04229409 0.04082501
v 0.05679542 0.04770488 0.025491
v 0.06330806 0.06004018 0.02147621
v 0.05822647 0.04303938 0.01099592
v -0.11786544 0.06747496 -0.09994513
v -0.11681163 0.06647843 -0.10053372
v -0.13534427 0.06732583 -0.09783286
v -0.13762784 0.05660409 -0.10802609
v -0.12982595 0.06942809 -0.09773082
v -0.19122255 0.04267216 -0.04542196
v -0.19588006 0.06081468 -0.03361166
v -0.19281161 0.03803825 -0.05200028
v -0.18787372 0.0402717 -0.05365211
v -0.20182335 0.03152609 -0.06406713
v -0.18736601 0.03805298 -0.06897748
v -0.18787372 0.0402717 -0.05365211
v -0.20182335 0.03152609 -0.06406713
v -0.20372331 0.02378017 -0.07204527
v -0.18736601 0.03805298 -0.06897748
v -0.20372331 0.02378017 -0.07204527
v -0.19141519 0.02930802 -0.076262
v -0.18736601 0.03805298 -0.06897748
v -0.19790256 0.05277544 -0.09407705
v -0.20572197 0.04803568 -0.08343846
v -0.19141519 0.02930802 -0.076262
v -0.19528961 0.02387035 -0.08568072
v -0.18420196 0.03650719 -0.07279813
v -0.19528961 0.02387035 -0.08568072
v -0.18646681 0.0323199 -0.08315843
v -0.18420196 0.03650719 -0.07279813
v -0.212147 0.04224527 -0.08785635
v -0.20572197 0.04803568 -0.08343846
v -0.19980645 0.03993851 -0.09676802
v -0.18646681 0.0323199 -0.08315843
v -0.18646681 0.0323199 -0.08315843
v -0.19205976 0.0231986 -0.08860308
v -0.18923676 0.02826214 -0.09577066
v -0.21299648 0.05306327 -0.06674051
v -0.21244287 0.05597258 -0.06782866
v -0.20933497 0.04980588 -0.07925534
v -0.20933497 0.04980588 -0.07925534
v -0.22182584 0.05170858 -0.07787824
v -0.22583759 0.04918867 -0.09148216
v -0.21639884 0.0553534 -0.06901896
v -0.22583759 0.04918867 -0.09148216
v -0.21734846 0.05510682 -0.08637881
v -0.21639884 0.0553534 -0.06901896
v -0.21483052 0.05031508 -0.09897721
v -0.19790256 0.05277544 -0.09407705
v -0.21484721 0.05032164 -0.09897107
v -0.21020305 0.03836602 -0.08554214
v -0.212147 0.04224527 -0.08785635
v -0.21216261 0.02506101 -0.08650523
v -0.212147 0.04224527 -0.08785635
v -0.21575475 0.02480888 -0.09019101
v -0.21216261 0.02506101 -0.08650523
v -0.21020305 0.03836602 -0.08554214
v -0.21103084 0.02867049 -0.07788271
v -0.20933497 0.04980588 -0.07925534
v -0.21103084 0.02867049 -0.07788271
v -0.21008646 0.04142821 -0.06753576
v -0.20933497 0.04980588 -0.07925534
v -0.22857881 0.04531235 -0.09544343
v -0.21484971 0.05031574 -0.09897864
v -0.22583759 0.04918867 -0.09148216
v -0.21484971 0.05031574 -0.09897864
v -0.21484721 0.05032164 -0.09897107
v -0.22583759 0.04918867 -0.09148216
v -0.23723662 0.06261718 -0.09794945
v -0.23620951 0.04888892 -0.09251916
v -0.2369715 0.06341809 -0.09301233
v -0.23617375 0.06167841 -0.08153701
v -0.22182584 0.05170858 -0.07787824
v -0.23617375 0.06167841 -0.08153701
v -0.21639884 0.0553534 -0.06901896
v -0.23558319 0.04807127 -0.07286447
v -0.23558319 0.04807127 -0.07286447
v -0.22182584 0.05170858 -0.07787824
v -0.23364377 0.04850632 -0.0720011
v -0.22850609 0.04552108 -0.08821332
v -0.23364377 0.04850632 -0.0720011
v -0.23498225 0.04780471 -0.07239288
v -0.22850609 0.04552108 -0.08821332
v -0.23757744 0.03378081 -0.0884859
v -0.23582268 0.04593831 -0.07358724
v -0.23582268 0.04593831 -0.07358724
v -0.23498225 0.04780471 -0.07239288
v -0.23757744 0.03378081 -0.0884859
v -0.22850609 0.04552108 -0.08821332
v -0.23498225 0.04780471 -0.07239288
v -0.23492134 0.02533746 -0.09751391
v -0.23492134 0.02533746 -0.09751391
v -0.229285 0.04376948 -0.09290826
v -0.23757744 0.03378081 -0.0884859
v -0.22857881 0.04531235 -0.09544343
v -0.229285 0.04376948 -0.09290826
v -0.23287666 0.03036439 -0.10258371
v -0.229285 0.04376948 -0.09290826
v -0.23492134 0.02533746 -0.09751391
v -0.23287666 0.03036439 -0.10258371
v -0.21499586 0.05038601 -0.09904546
v -0.21484792 0.05032289 -0.09898323
v -0.21485353 0.05031729 -0.0989874
v -0.21484971 0.05031574 -0.09897864
v -0.23184538 0.04541928 -0.10972065
v -0.21484971 0.05031574 -0.09897864
v -0.22911751 0.04300463 -0.10070544
v -0.23184538 0.04541928 -0.10972065
v -0.23181164 0.02986473 -0.10518873
v -0.23468196 0.03418601 -0.11518222
v -0.22911751 0.04300463 -0.10070544
v -0.22911751 0.04300463 -0.10070544
v -0.23916113 0.06174064 -0.10007715
v -0.25196528 0.05709743 -0.1091128
v -0.23705113 0.06215215 -0.10156989
v -0.25196528 0.05709743 -0.1091128
v -0.23861432 0.06084269 -0.10893804
v -0.23705113 0.06215215 -0.10156989
v -0.249143 0.0542323 -0.10859549
v -0.23916113 0.06174064 -0.10007715
v -0.23705113 0.06215215 -0.10156989
v -0.249143 0.0542323 -0.10859549
v -0.23705113 0.06215215 -0.10156989
v -0.23738801 0.05945843 -0.10869503
v -0.249143 0.0542323 -0.10859549
v -0.25196528 0.05709743 -0.1091128
v -0.26855481 0.05724317 -0.10637552
v -0.25196528 0.05709743 -0.1091128
v -0.27158916 0.05818838 -0.10468739
v -0.27158916 0.05818838 -0.10468739
v -0.2734884 0.03969806 -0.10974276
v -0.25649834 0.05182594 -0.11111414
v -0.26855481 0.05724317 -0.10637552
v -0.25649834 0.05182594 -0.11111414
v -0.27316129 0.05793929 -0.10544044
v 0.21439683 0.0763095 0.0231964
v 0.21435189 0.07619148 0.02312934
v 0.22247398 0.09093589 0.0120275
v 0.21260321 0.07786071 -0.00328052
v 0.16305321 0.06496787 0.08144271
v 0.15161008 0.10687798 -0.01380968
v 0.11899066 0.06984013 -0.0271346
v 0.1114288 0.10246515 0.07274699
v 0.10410774 0.08554709 0.07541168
v 0.08921343 0.08735234 0.02811712
v 0.08355546 0.07757086 0.02089745
v -0.08658558 0.09798062 -0.061158
v -0.08096844 0.10928506 -0.04423672
v -0.08663881 0.09791809 -0.06116951
v -0.08288389 0.10587054 -0.07650459
v -0.08343637 0.10509205 -0.07685399
v -0.09627652 0.08645946 -0.07946563
v -0.08668733 0.09785151 -0.06123382
v -0.0982008 0.08362722 -0.07439029
v -0.08663857 0.09791636 -0.06125516
v -0.10721415 0.07754368 -0.0808804
v -0.09908289 0.08379334 -0.08326858
v -0.10662061 0.08393759 -0.09919822
v -0.11574209 0.06598765 -0.10884666
v -0.11470848 0.10929883 0.00618219
v -0.13860404 0.08886516 -0.00169653
v -0.14084268 0.08585596 -0.00338608
v -0.12993193 0.10201526 -0.08325994
v -0.11579961 0.0677768 -0.09811586
v -0.11615038 0.07362729 -0.08359921
v -0.12545031 0.07334536 -0.07155222
v -0.13373709 0.07298487 -0.08804691
v -0.14761817 0.06390011 -0.07347536
v -0.14761817 0.06390011 -0.07347536
v -0.14113665 0.0709067 -0.08675182
v -0.14113665 0.0709067 -0.08675182
v -0.13534427 0.06732583 -0.09783286
v -0.14212024 0.08267307 -0.09112829
v -0.14212024 0.08267307 -0.09112829
v -0.12612385 0.07485235 -0.10758865
v -0.12831414 0.08096105 -0.10315901
v -0.12612385 0.07485235 -0.10758865
v -0.12986141 0.06016701 -0.11987787
v -0.13020527 0.06000525 -0.11992043
v -0.16485703 0.06895411 -0.01956069
v -0.15156031 0.05943638 -0.07356042
v -0.23193014 0.10025483 -0.08425468
v -0.21905422 0.09891355 -0.0993588
v -0.23711014 0.06558853 -0.07926923
v -0.25844455 0.07491702 -0.09843957
v -0.25438702 0.06578237 -0.09751236
v -0.26444304 0.0566743 -0.11418825
v 0.18888551 0.13957036 0.09094369
v 0.20194805 0.1382376 0.08155197
v 0.23399204 0.14658892 0.01842391
v 0.21664399 0.12199092 -0.00728887
v 0.22049338 0.12494463 0.00812852
v 0.21905398 0.11617535 -0.00496042
v 0.18723243 0.10663199 0.09364808
v 0.17723119 0.12295169 0.09894329
v 0.15674275 0.14385116 0.09204257
v 0.15933919 0.15143085 0.07971609
v 0.12373233 0.13389385 0.08225441
v 0.13204551 0.14660823 0.07303005
v 0.15267855 0.15134978 0.07636881
v 0.12305677 0.13336217 0.0819208
v 0.12207872 0.13018465 0.08135003
v 0.1395641 0.13478696 0.00604844
v 0.13857478 0.13275123 0.00632948
v -0.00147623 0.1528846 0.0357756
v 0.00484407 0.15586472 -0.01098353
v 0.0076701 0.15044248 0.00394642
v -0.00329173 0.14690638 0.01429516
v -0.04036057 0.13679183 0.02544636
v -0.04831779 0.13622701 0.02497405
v -0.06613499 0.12849987 0.01954037
v -0.05083656 0.13046062 -0.02617186
v -0.07117426 0.1267314 0.01786721
v -0.08313823 0.12323308 0.01136684
v -0.0897373 0.12323368 0.0136326
v -0.10668302 0.11277312 0.00799751
v -0.08681303 0.14493263 -0.06041342
v -0.1095385 0.15196097 -0.05064207
v -0.10821891 0.13960743 -0.06481403
v -0.11369294 0.11920375 -0.07818353
v -0.11354709 0.12915868 -0.07176977
v -0.13444221 0.12836009 -0.00249487
v -0.14997327 0.12666374 -0.02331209
v -0.13459909 0.12306476 -0.06903696
v -0.1570431 0.11572617 -0.07385731
v -0.17778301 0.10977894 -0.07817161
v -0.19261372 0.10985601 -0.0751788
v -0.19500875 0.10772318 -0.06086594
v -0.20282519 0.10678321 -0.06367785
v 0.20333004 0.16701746 0.08336055
v 0.23615688 0.19633007 0.02037966
v 0.1674118 0.20290923 0.06132889
v 0.15282577 0.15150237 0.07626885
v 0.15933919 0.15143085 0.07971609
v 0.17244732 0.15170121 0.08648962
v 0.16671711 0.17054641 0.07602334
v 0.15282577 0.15150237 0.07626885
v 0.16283059 0.19771647 0.02045673
v 0.16228098 0.19175446 0.03033912
v 0.17027932 0.20289707 -0.01007056
v 0.17489403 0.18867636 -0.01279277
v 0.16399044 0.18278885 -0.00065869
v 0.15974754 0.18242085 0.01107639
v 0.15802121 0.17931569 0.00868142
v 0.13033754 0.18656301 0.06070286
v 0.13562024 0.1862402 0.00988156
v 0.08183414 0.17656064 0.07409829
v 0.0831089 0.16115654 0.00824231
v 0.06839532 0.15534937 0.01765221
v 0.049326 0.16428947 0.06072003
v 0.04304373 0.1666472 0.06120455
v 0.02232647 0.17227519 0.0627284
v 0.02222049 0.17220747 0.06265789
v 0.0221467 0.17220783 0.0626359
v 0.02334267 0.15789652 0.04560679
v 0.0221467 0.17220783 0.0626359
v 0.04278088 0.15413296 0.00860709
v -0.00848114 0.15096772 0.0353415
v 0.00364387 0.18557954 -0.01645732
v -0.0005511 0.20030415 -0.00530362
v -0.00047076 0.18495083 -0.01544482
v -0.04259974 0.18675244 0.01895297
v -0.04630619 0.18318653 -0.01241869
v -0.07246602 0.17295444 -0.02787346
v -0.08562416 0.17648506 -0.01634359
v -0.08787709 0.15726137 -0.05104482
v -0.1266585 0.14750838 -0.0369249
v -0.11085927 0.15613818 -0.04349589
v -0.1267454 0.14740014 -0.03701907
v 0.21671444 0.24253595 0.07867628
v 0.23008138 0.23399317 0.07011735
v 0.22180098 0.20969427 0.072559
v 0.20991856 0.22033119 0.07924247
v 0.1558032 0.21332943 0.06587362
v 0.1558032 0.21332943 0.06587362
v 0.16830093 0.20377207 0.06698388
v 0.15250176 0.20125496 0.05162156
v 0.15925848 0.21383166 -0.00020027
v 0.17121267 0.22772825 -0.01876765
v 0.15925848 0.21383166 -0.00020027
v 0.15237927 0.20264411 0.01263058
v 0.15890402 0.20571709 0.00373739
v 0.16115999 0.19465685 0.00169587
v 0.15890402 0.20571709 0.00373739
v 0.1717602 0.22744787 -0.01920998
v 0.1697619 0.24663401 -0.02228618
v 0.1558032 0.21332943 0.06587362
v 0.15181702 0.20214474 0.00267559
v 0.08152413 0.22171795 -0.01112157
v 0.08636218 0.24055517 0.00537401
v 0.04707032 0.23610246 0.0411455
v 0.04589045 0.23534846 0.04117489
v 0.03200907 0.20017457 -0.01424235
v -0.00194836 0.19985819 0.03973347
v 0.25369108 0.23786426 0.01181877
v 0.24217957 0.23684585 -0.00439638
v 0.19446856 0.28168511 -0.02738899
v 0.1432687 0.2584368 0.00368637
v 0.12064207 0.25939155 0.04560971
v 0.11284333 0.25670373 0.03059357
v 0.08862096 0.24768066 0.060435
v 0.08486646 0.25239921 0.03648198
v 0.26957893 0.3197087 0.06844956
v 0.26260585 0.2952894 0.06855667
v 0.25537306 0.31001461 0.07446468
v 0.2602188 0.29002643 0.06869072
v 0.24035197 0.28501058 0.07729805
v 0.1957761 0.30426025 -0.02091855
v 0.29744637 0.35116661 0.00241631
v 0.29469889 0.3275367 0.01076758
v 0.28663605 0.325804 -0.00195891
v 0.28202349 0.34811759 0.06386852
v 0.28212023 0.34817624 0.06381446
v 0.28229809 0.36982524 0.06314075
v 0.28202885 0.34802198 0.06386793
v 0.28235573 0.39342082 0.06324297
v 0.30600113 0.38478005 0.01000679
v 0.30488634 0.38596737 0.00659198
v 0.30271298 0.3777256 -0.00108439
v 0.2624495 0.40327954 0.06651884
v 0.25747752 0.40629411 0.06594908
v 0.2461791 0.41648257 0.05609047
v 0.24446934 0.41389596 -0.03054589
v 0.25782716 0.41950834 -0.01405102
v 0.21668643 0.40797186 -0.02913737
v 0.18850195 0.40754187 0.01612818
v 0.19071823 0.39425421 0.02030623
v 0.23902595 0.43284202 -0.02025568
v 0.24150968 0.41731703 -0.02986139
v 0.23010057 0.43141103 0.04134464
v 0.21197808 0.43059409 -0.02726352
v 0.19540501 0.43438232 -0.01495665
v 0.19352657 0.45913386 -0.02069843
v 0.18770963 0.45459831 -0.01221395
v 0.19352657 0.45913386 -0.02069843
v 0.18118674 0.46289873 -0.01246411
v 0.1890803 0.45872939 -1.258E-05
v 0.1903742 0.46048105 -0.00980151
v 0.1903742 0.46048105 -0.00980151
v 0.18634772 0.45972431 -0.00682324
v 0.19110298 0.46360803 -0.01625872
v 0.18651241 0.46166873 -0.01826102
vn -0.02578 -0.28812 0.95725
vn 0.33782 -0.02103 0.94098
vn -0.13285 -0.05543 0.98959
vn 0.89142 -0.04607 0.45083
vn 0.99612 -0.04929 -0.07297
vn 0.54704 -0.18515 0.81637
vn -0.2635 -0.20202 0.94327
vn 0.95735 0.03242 -0.2871
vn 0.99168 0.12787 -0.01457
vn -0.15047 -0.46604 0.87187
vn -0.28111 -0.314 0.90685
vn -0.22802 -0.37022 0.90053
vn -0.30554 -0.28143 0.90964
vn -0.3109 -0.18411 0.93244
vn 0.02603 -0.11863 0.9926
vn 0.21246 0.05835 -0.97543
vn 0.38381 0.09646 -0.91836
vn 0.16393 -0.02637 -0.98612
vn -0.56179 -0.19817 0.80319
vn -0.54998 -0.53876 0.63817
vn 0.13565 -0.88805 -0.43928
vn 0.75109 -0.01705 -0.65998
vn 0.17129 0.10586 -0.97952
vn 0.46866 0.06134 -0.88125
vn 0.13324 0.06103 -0.9892
vn -0.00248 0.10505 -0.99446
vn 0.72434 0.31046 -0.61559
vn -0.10364 0.12066 -0.98727
vn 0.27357 0.22051 -0.93623
vn -0.82066 -0.09444 0.56355
vn 0.27112 0.29526 -0.91614
vn -0.51282 -0.23331 0.82619
vn -0.21704 -0.06621 -0.97391
vn -0.82555 -0.40291 -0.39513
vn -0.89308 -0.42383 0.15092
vn -0.71136 -0.41606 0.56645
vn -0.71978 -0.43484 0.54114
vn -0.88268 -0.39107 0.26064
vn 0.36944 -0.19724 0.90808
vn -0.08532 -0.00643 0.99633
vn 0.06586 -0.10181 0.99262
vn 0.40992 -0.30622 0.85918
vn 0.52461 -0.2762 0.8053
vn 0.58334 -0.33343 0.74063
vn 0.46543 -0.20662 0.86063
vn 0.83643 -0.34381 0.42681
vn 0.91913 -0.34316 0.19352
vn 0.71073 -0.21141 0.67095
vn 0.34086 -0.19237 0.92022
vn 0.2197 -0.14765 0.96433
vn 0.75093 -0.27736 -0.59931
vn 0.60555 -0.3518 0.71383
vn 0.0932 -0.00707 0.99562
vn 0.11493 -0.257 0.95955
vn 0.02728 -0.19 0.98141
vn 0.37528 -0.1492 0.91483
vn 0.17865 -0.0925 0.97955
vn 0.77245 -0.18075 0.60882
vn 0.73671 -0.15423 0.65838
vn 0.96967 -0.18316 -0.16184
vn 0.95156 -0.18052 -0.24889
vn -0.42667 0.04435 0.90332
vn -0.50309 0.10765 0.8575
vn -0.39948 0.12406 0.90831
vn -0.3474 -0.14626 0.92624
vn -0.34245 -0.06069 0.93757
vn 0.13254 -0.04952 -0.98994
vn 0.07419 0.01032 -0.99719
vn -0.12075 0.13604 -0.98332
vn 0.16078 -0.00463 -0.98698
vn -0.40121 0.1175 0.90842
vn -0.26756 0.02816 0.96313
vn -0.39352 -0.37171 0.84082
vn -0.37029 -0.24261 0.89668
vn -0.03561 -0.01882 -0.99919
vn 0.66446 -0.22692 -0.71204
vn 0.34189 -0.12485 -0.93141
vn 0.38012 -0.14943 -0.91279
vn 0.13467 -0.06677 -0.98864
vn 0.09319 -0.05914 -0.99389
vn 0.67416 -0.14151 -0.7249
vn 0.44824 -0.10736 -0.88744
vn 0.34214 -0.11486 -0.9326
vn 0.15616 -0.07981 -0.9845
vn 0.06592 -0.11207 -0.99151
vn 0.09602 -0.09515 -0.99082
vn -0.12303 -0.12796 -0.98412
vn -0.5336 0.16695 0.8291
vn -0.6064 0.31007 -0.73221
vn -0.83344 0.3131 -0.45535
vn -0.8539 0.47616 -0.21004
vn -0.54507 0.12226 0.82943
vn -0.81569 0.47153 0.33511
vn -0.52937 -0.22289 0.81858
vn -0.90851 -0.0247 -0.41714
vn -0.62402 -0.09439 0.77568
vn -0.9084 0.07523 -0.41129
vn -0.56136 0.12059 -0.81874
vn -0.54753 0.03746 -0.83595
vn -0.3345 -0.12687 -0.93382
vn 0.73025 -0.50078 0.46471
vn 0.58251 -0.40258 0.70612
vn 0.63829 -0.45694 0.61951
vn 0.74579 -0.56773 0.34854
vn 0.81623 -0.52954 0.23098
vn 0.68436 -0.52331 0.50773
vn 0.84077 -0.53025 0.10928
vn 0.83634 -0.48815 -0.24949
vn 0.86301 -0.50438 -0.02839
vn 0.80652 -0.54662 0.22526
vn 0.52331 -0.45283 0.72187
vn 0.51526 -0.45387 0.72699
vn 0.46802 -0.45149 0.75968
vn 0.47763 -0.40328 0.78054
vn 0.79533 -0.55705 0.23902
vn 0.70871 -0.54438 0.44876
vn 0.65012 -0.5113 0.56206
vn 0.50759 -0.38788 0.76935
vn 0.55976 -0.37601 0.73843
vn 0.65967 -0.46259 0.59233
vn 0.8614 -0.50722 -0.0269
vn 0.77917 -0.55374 0.29371
vn 0.72102 -0.43036 -0.54307
vn 0.49645 -0.34826 -0.79514
vn 0.63983 -0.36513 -0.67624
vn 0.54023 -0.49117 -0.68331
vn 0.42046 -0.24231 -0.87436
vn 0.42065 -0.376 -0.82563
vn 0.23706 -0.34715 -0.90735
vn 0.59166 -0.36044 -0.72112
vn 0.11088 -0.18976 -0.97555
vn 0.66845 -0.42455 -0.61068
vn 0.43253 -0.25424 -0.86503
vn -0.22159 -0.11948 0.96779
vn -0.2315 -0.25782 0.93805
vn 0.06522 -0.33557 0.93976
vn -0.24393 -0.05328 0.96833
vn -0.3963 -0.02109 0.91788
vn -0.3659 -0.16223 0.91641
vn -0.29434 -0.04454 0.95466
vn 0.23789 -0.3449 -0.908
vn 0.31561 -0.25617 -0.91366
vn 0.01812 -0.50034 -0.86564
vn -0.68098 -0.18325 0.709
vn -0.98398 -0.06229 0.16702
vn -0.58151 0.04561 0.81226
vn -0.09165 -0.23046 0.96876
vn 0.23107 -0.27792 0.9324
vn -0.39634 0.11378 0.91102
vn -0.39712 0.06229 0.91565
vn -0.63033 -0.053 0.77452
vn -0.69836 -0.21339 0.6832
vn -0.65103 -0.27121 0.70894
vn -0.56687 -0.60441 0.55977
vn -0.46471 -0.81871 -0.33727
vn -0.70663 -0.69795 0.11636
vn -0.37173 -0.83847 -0.39848
vn -0.75539 -0.64931 0.08819
vn -0.6499 0.17964 0.73848
vn -0.4624 0.05812 0.88476
vn -0.73407 0.49252 -0.46751
vn -0.84592 0.42849 0.31751
vn -0.75738 0.60237 -0.25205
vn 0.03585 -0.28404 -0.95814
vn 0.08543 -0.6996 -0.70941
vn -0.26037 -0.15305 -0.9533
vn 0.1668 -0.03851 -0.98524
vn 0.47394 -0.25187 -0.84377
vn 0.14544 -0.1357 -0.98002
vn -0.18272 0.14719 -0.97208
vn -0.07203 -0.78789 -0.61159
vn -0.05503 -0.75718 -0.65088
vn -0.54021 0.40229 -0.73914
vn 0.78948 -0.4466 0.42103
vn 0.85818 0.16169 0.48722
vn 0.44832 -0.15378 0.88055
vn 0.30973 -0.82727 0.46872
vn 0.40445 -0.90348 -0.14195
vn -0.12298 -0.96743 -0.22124
vn -0.333 -0.70671 -0.62423
vn 0.98027 -0.05996 -0.18834
vn 0.88192 -0.07742 -0.46499
vn 0.79641 -0.44691 -0.40744
vn 0.89986 0.0823 -0.42835
vn 0.64449 -0.76434 -0.02028
vn -0.0409 -0.95432 0.29597
vn -0.19796 -0.72028 0.66484
vn -0.16494 -0.43549 0.88495
vn -0.32139 -0.50351 0.80199
vn -0.31727 -0.50185 0.80467
vn -0.00748 -0.15706 0.98756
vn -0.1026 -0.24332 0.9645
vn -0.24272 -0.41372 0.87745
vn -0.55078 -0.69673 0.45958
vn -0.37558 -0.71472 0.59002
vn -0.39847 -0.80859 0.4329
vn -0.59016 -0.79355 0.14825
vn -0.67316 -0.73145 -0.10882
vn 0.84765 -0.46556 0.25444
vn 0.83592 -0.4958 0.23541
vn 0.66867 -0.44629 0.59473
vn -0.5904 -0.71546 0.37355
vn 0.66815 -0.43021 0.60704
vn 0.87431 -0.47863 0.08061
vn 0.74993 -0.47732 0.45802
vn 0.86573 -0.46524 0.18457
vn 0.54878 -0.34619 0.76092
vn 0.36862 -0.29842 0.88038
vn -0.24458 0.04396 0.96863
vn 0.01279 -0.12171 0.99248
vn 0.04983 -0.03561 0.99812
vn 0.58957 -0.37205 0.71693
vn 0.95713 -0.28334 -0.06022
vn 0.93298 -0.32627 -0.15197
vn 0.85949 -0.49769 -0.11654
vn 0.86589 -0.499 -0.03519
vn 0.58491 -0.14151 -0.79866
vn 0.58259 -0.38924 0.7135
vn 0.60353 -0.39649 0.69177
vn 0.88882 -0.45763 0.02399
vn -0.4518 0.18424 0.87289
vn -0.18075 0.05519 0.98198
vn -0.42558 0.5051 0.75084
vn -0.83645 0.53802 -0.10431
vn -0.78048 0.6214 0.06864
vn -0.90542 0.42073 -0.05665
vn -0.93894 0.34405 0.00444
vn -0.02071 0.92958 0.36803
vn 0.29811 0.9146 0.27318
vn -0.52785 0.84932 0.00549
vn -0.65829 0.75036 0.06008
vn 0.18337 -0.23705 0.95403
vn -0.31606 -0.10708 0.94268
vn -0.33161 -0.04871 0.94216
vn 0.52837 -0.42021 0.73774
vn 0.51471 -0.41374 0.75093
vn 0.34216 -0.00446 -0.93963
vn 0.67621 -0.48953 -0.55054
vn 0.44954 -0.27573 -0.84964
vn 0.5051 0.28854 -0.8134
vn 0.02336 0.16277 -0.98639
vn 0.02889 -0.06168 -0.99768
vn 0.71547 -0.34309 -0.6086
vn 0.52936 -0.30784 -0.79058
vn 0.27829 -0.22701 -0.93328
vn -0.25118 0.27937 -0.92675
vn 0.14593 0.37134 -0.91696
vn 0.21756 0.10047 -0.97086
vn 0.43001 0.17882 -0.88494
vn -0.40083 0.40407 0.82223
vn -0.43821 0.20859 0.87434
vn -0.42456 0.14925 0.89301
vn -0.19551 0.16371 0.96694
vn -0.37622 0.14313 0.91541
vn -0.41683 0.13933 0.89824
vn 0.74001 0.46714 0.48391
vn 0.88382 0.41052 0.22437
vn -0.63346 0.17131 0.75457
vn -0.52261 0.2205 0.82356
vn -0.50844 0.14149 0.84939
vn 0.91656 -0.1688 0.36253
vn 0.86613 -0.21753 0.44999
vn 0.83758 -0.15082 0.52508
vn -0.43316 0.08992 0.89682
vn -0.50077 0.10988 0.85858
vn -0.59294 0.05016 0.80369
vn -0.77201 0.15314 0.61689
vn -0.9094 0.16023 0.38381
vn -0.8461 0.13735 0.51502
vn -0.95 0.15616 0.27039
vn -0.92719 0.21276 0.30831
vn -0.94452 0.31308 -0.09935
vn -0.92487 0.19341 -0.32743
vn -0.88336 0.3059 0.35511
vn -0.95696 0.27877 -0.08075
vn -0.98681 0.15175 0.05633
vn -0.8834 0.30433 0.35635
vn -0.96472 0.14952 -0.21668
vn 0.5594 0.13084 -0.8185
vn 0.13939 0.23753 -0.96133
vn 0.26179 0.04794 -0.96393
vn -0.28325 0.18332 -0.94136
vn 0.05981 0.02383 -0.99793
vn -0.06253 -0.40516 -0.9121
vn -0.28085 0.00634 -0.95973
vn -0.76953 0.23582 -0.59348
vn -0.61047 0.13247 -0.78089
vn -0.21623 -0.46063 -0.86085
vn -0.81094 0.26724 -0.52054
vn 0.50187 0.14209 0.8532
vn 0.93866 0.30584 0.1593
vn 0.9427 0.32688 0.06692
vn 0.86599 0.37058 0.33575
vn 0.91857 0.32014 0.2318
vn 0.63539 0.0156 -0.77204
vn 0.79082 0.16955 -0.58809
vn 0.90768 0.16649 -0.38522
vn 0.93135 0.31901 -0.17558
vn 0.93186 0.33488 0.13961
vn 0.88492 0.46417 -0.0382
vn 0.91035 0.41217 0.03704
vn 0.88209 0.20488 -0.42419
vn 0.72994 0.00097 -0.68351
vn 0.30234 -0.05677 0.95151
vn 0.44237 0.06159 0.89472
vn 0.25056 0.04162 0.96721
vn 0.25718 -0.11306 0.95973
vn 0.0729 -0.0867 0.99356
vn 0.88483 0.24152 0.39843
vn 0.93336 0.26879 0.23787
vn 0.76985 0.39896 0.49816
vn 0.23842 -0.02094 0.97094
vn 0.23997 -0.00101 0.97078
vn -0.00239 -0.18446 0.98284
vn -0.02422 0.03144 0.99921
vn 0.03572 0.07546 0.99651
vn -0.26558 0.10205 0.95867
vn -0.20855 -0.00406 0.978
vn -0.04429 -0.22572 0.97318
vn -0.12498 -0.13786 0.98254
vn 0.0842 -0.49132 0.8669
vn 0.90343 -0.15205 0.40087
vn 0.95024 0.04118 0.30878
vn 0.9176 0.27286 0.28907
vn 0.41223 -0.17225 -0.89465
vn 0.50142 -0.21874 -0.8371
vn 0.65271 -0.07969 -0.75341
vn 0.85589 -0.05995 -0.51368
vn 0.66069 -0.15074 -0.73537
vn 0.25529 0.13893 0.95683
vn 0.17373 -0.00057 0.98479
vn -0.71118 -0.66623 0.22442
vn -0.57279 -0.74168 0.34903
vn -0.47645 -0.55104 -0.68509
vn -0.11678 -0.49968 -0.8583
vn 0.55734 0.02059 -0.83003
vn 0.17471 0.25229 -0.95175
vn 0.26349 0.0238 -0.96437
vn 0.73715 -0.09677 -0.66877
vn 0.30653 -0.64534 0.6997
vn 0.53334 -0.64226 0.55051
vn -0.40221 -0.88611 0.23029
vn -0.29831 -0.8289 0.47321
vn -0.47464 -0.76885 0.42847
vn 0.68113 -0.69304 -0.23612
vn 0.6136 -0.78924 -0.02445
vn 0.68982 -0.65283 -0.31299
vn 0.63211 -0.75643 -0.16806
vn 0.62265 -0.45033 -0.63993
vn 0.90383 -0.41048 -0.12085
vn 0.80223 -0.48027 -0.35464
vn 0.45478 -0.054 -0.88897
vn 0.03724 0.3439 -0.93827
vn -0.10528 0.017 -0.9943
vn 0.7532 -0.39197 -0.52826
vn 0.43266 -0.53832 -0.7232
vn -0.72958 0.35563 0.58416
vn -0.59145 0.27099 0.75944
vn -0.34102 0.09451 0.93529
vn -0.00715 -0.29139 0.95658
vn 0.30333 -0.67442 0.67316
vn -0.66277 0.24228 0.70854
vn -0.84883 0.51415 0.12304
vn -0.85869 0.47719 0.1869
vn -0.85048 0.50332 0.15283
vn -0.83203 0.52409 0.18181
vn -0.87602 0.47184 0.09978
vn -0.83117 0.53664 0.1455
vn -0.53815 0.38076 -0.75194
vn -0.78696 0.52673 -0.32131
vn -0.76012 0.51273 -0.39916
vn -0.808 0.52866 -0.2601
vn -0.50211 0.40253 -0.76542
vn -0.29757 -0.07803 0.95151
vn -0.82558 0.21726 0.52079
vn -0.90026 0.42468 0.0958
vn -0.90536 0.42461 -0.0053
vn -0.76198 0.58152 -0.28497
vn 0.66644 -0.19029 0.72086
vn 0.74169 -0.13027 0.65798
vn 0.85941 -0.19517 0.47257
vn 0.94534 -0.04301 0.32325
vn 0.81283 -0.22227 0.53842
vn 0.76063 -0.31647 0.56682
vn 0.75576 -0.23666 0.61059
vn 0.80969 -0.17214 0.56104
vn -0.70918 0.40086 0.57998
vn -0.89343 0.44445 0.06522
vn -0.88044 0.45637 -0.12867
vn -0.94925 0.30372 -0.08172
vn -0.49703 0.28803 -0.81853
vn 0.06464 0.71362 -0.69754
vn -0.45164 0.61975 -0.64182
vn 0.34742 0.00943 -0.93766
vn -0.05923 0.09321 -0.99388
vn -0.09226 0.02756 -0.99535
vn -0.0855 -0.11304 -0.9899
vn 0.53511 -0.20199 -0.82028
vn 0.29508 -0.20346 -0.93356
vn 0.20412 -0.14563 -0.96805
vn 0.95856 -0.25091 -0.13495
vn 0.96253 -0.25719 0.086
vn 0.93821 -0.29168 -0.18623
vn 0.35284 -0.24458 -0.90315
vn 0.85746 -0.42034 0.29677
vn 0.91426 -0.29689 -0.27565
vn 0.72212 -0.45218 -0.52353
vn -0.23121 0.08688 -0.96902
vn 0.02909 0.02914 0.99915
vn 0.2233 0.08682 0.97087
vn 0.1157 -0.08743 0.98943
vn -0.45249 0.24592 0.85719
vn -0.76104 0.11544 0.63835
vn -0.26116 0.10347 0.95973
vn 0.95965 -0.22869 0.1636
vn -0.57832 0.08701 0.81116
vn 0.68861 -0.12394 0.71446
vn 0.96405 -0.1852 0.19054
vn -0.35626 0.23146 0.90526
vn -0.6836 0.13717 0.71685
vn 0.9298 -0.06501 0.36229
vn 0.74432 0.03033 0.66713
vn 0.94643 -0.32185 0.02629
vn -0.9343 0.19661 0.29738
vn -0.98957 0.11409 -0.08798
vn -0.97471 0.16336 0.15248
vn -0.95753 0.17885 -0.22617
vn -0.97048 0.11899 0.20977
vn -0.98099 0.19234 -0.02582
vn -0.9634 0.16439 0.21176
vn -0.95521 0.11506 -0.27263
vn -0.48859 -0.08286 -0.86857
vn -0.1615 0.01746 -0.98672
vn -0.22659 0.14872 -0.96257
vn 0.07914 -0.08537 -0.9932
vn -0.43217 0.04845 -0.90049
vn 0.8094 -0.17627 -0.56018
vn 0.64231 -0.25439 -0.723
vn 0.30516 -0.03879 -0.95151
vn 0.11732 -0.17299 -0.97791
vn -0.42021 0.04007 -0.90654
vn -0.91966 0.12391 -0.37265
vn -0.80745 0.17525 -0.5633
vn -0.60357 -0.04421 -0.79609
vn -0.88903 0.12884 -0.43935
vn 0.80295 -0.44171 0.40021
vn 0.88261 0.11211 0.45654
vn 0.66104 -0.3512 0.66309
vn 0.57738 -0.68183 0.44915
vn 0.71207 -0.67357 0.19815
vn 0.72819 -0.67941 0.0902
vn 0.71985 -0.68789 0.09286
vn 0.95605 -0.02755 0.29192
vn 0.99696 -0.03252 0.07082
vn 0.84759 -0.52968 -0.03219
vn 0.95135 0.23974 -0.19354
vn 0.57028 -0.275 -0.77405
vn 0.71651 -0.00238 -0.69757
vn 0.65343 -0.31998 -0.68604
vn 0.45925 -0.59551 -0.65914
vn 0.61801 -0.7677 -0.16943
vn 0.73423 -0.5268 0.42824
vn 0.8741 -0.40208 0.27256
vn 0.89101 -0.43676 -0.12388
vn 0.72953 -0.64008 -0.241
vn 0.31987 -0.11521 0.94043
vn 0.11993 -0.24341 0.96248
vn 0.44691 -0.13127 0.88489
vn 0.00617 -0.20202 0.97936
vn -0.06306 -0.19042 0.97968
vn 0.54932 -0.5296 0.64635
vn 0.43602 -0.64272 0.62992
vn 0.51206 -0.47661 0.71459
vn -0.08242 -0.17449 0.9812
vn 0.72268 -0.12812 0.6792
vn 0.5497 -0.21806 0.8064
vn 0.44917 -0.05448 0.89179
vn 0.73185 -0.36766 0.57377
vn -0.00855 -0.14021 0.99008
vn 0.00057 -0.06981 0.99756
vn 0.05665 0.04506 0.99738
vn -0.53633 -0.04013 0.84305
vn -0.40473 0.09187 0.90981
vn -0.81394 0.11844 0.56875
vn -0.03726 -0.08105 0.99601
vn 0.37262 -0.1463 -0.91638
vn 0.30909 -0.4283 -0.84913
vn 0.41829 -0.76877 -0.48376
vn 0.88753 -0.17949 -0.42436
vn 0.45218 -0.06739 -0.88937
vn 0.87891 -0.33825 -0.33631
vn 0.38181 -0.35339 -0.85401
vn -0.93348 0.35863 -0.0019
vn -0.97246 0.22367 0.06548
vn -0.90925 0.26674 -0.31955
vn -0.66964 -0.0791 0.73846
vn -0.90811 -0.10382 0.40566
vn -0.6184 0.2646 0.73998
vn -0.96088 0.23394 0.14827
vn -0.84906 0.09148 -0.52032
vn -0.94901 -0.0301 -0.31382
vn -0.88632 -0.20036 -0.41748
vn -0.65883 0.44381 -0.60743
vn -0.92204 0.06703 -0.38124
vn -0.84314 0.42527 -0.32904
vn -0.21505 0.02824 0.9762
vn -0.18667 0.0939 0.97792
vn -0.87036 0.4892 0.05616
vn -0.88156 0.43059 0.19349
vn -0.03719 0.34752 -0.93693
vn 0.63927 -0.45988 -0.61631
vn 0.28012 -0.28995 -0.91513
vn -0.08355 -0.16662 -0.98247
vn -0.1622 -0.1229 -0.97908
vn -0.32851 -0.13846 -0.9343
vn -0.31021 -0.16706 -0.93587
vn -0.89522 0.41682 0.1576
vn -0.88186 0.43633 0.17873
vn -0.80879 0.52029 -0.27414
vn 0.58036 -0.25157 0.77453
vn 0.74302 -0.16139 0.64952
vn 0.78194 -0.36805 0.5031
vn 0.68466 -0.19171 0.7032
vn 0.85852 -0.22184 0.46232
vn 0.85006 -0.35549 0.38863
vn 0.94196 -0.21188 0.26042
vn 0.95 -0.08132 0.30146
vn 0.71868 -0.09249 0.68917
vn 0.58783 -0.16895 0.79114
vn 0.05716 0.00704 0.99834
vn 0.01435 -0.08626 0.99617
vn 0.69286 0.02428 0.72066
vn 0.73894 -0.00896 0.67371
vn 0.52727 -0.15966 0.83456
vn 0.93566 0.01939 0.35236
vn 0.95488 -0.18477 0.23251
vn 0.80855 -0.22646 0.54311
vn 0.88853 -0.34316 0.30455
vn 0.94439 -0.32576 0.04487
vn 0.3781 -0.47705 -0.79339
vn 0.15833 -0.17169 -0.97234
vn -0.06 -0.44092 -0.89554
vn 0.98631 -0.15923 -0.04287
vn 0.08937 -0.18655 -0.97837
vn 0.08528 -0.22033 -0.97169
vn 0.07586 -0.20146 -0.97655
vn -0.28397 -0.07644 -0.95578
vn 0.96474 -0.25974 -0.04261
vn 0.97843 -0.19124 -0.07809
vn 0.96519 -0.2563 -0.05215
vn 0.09812 -0.22021 -0.9705
vn 0.97195 -0.2302 -0.04825
vn 0.07922 -0.26028 -0.96228
vn -0.56489 0.17951 0.80541
vn -0.65962 0.11042 0.74344
vn -0.82559 0.23017 0.51519
vn -0.88086 0.17045 0.44163
vn -0.92056 0.23314 0.31339
vn -0.97186 0.03464 0.23299
vn -0.98847 0.15137 -0.00268
vn -0.94941 0.14517 0.27847
vn -0.91863 0.21601 0.33085
vn -0.99973 -0.02294 -0.00281
vn -0.8218 -0.11401 0.55826
vn -0.90171 -0.21299 0.37623
vn -0.87988 -0.09906 0.46476
vn -0.54724 0.0778 0.83335
vn -0.52257 -0.01105 0.85253
vn -0.95056 0.31021 -0.01396
vn -0.92257 0.22348 0.31452
vn -0.91938 0.22501 0.32265
vn -0.96165 0.16919 0.21586
vn -0.97841 0.19953 0.05385
vn -0.9705 0.12344 -0.2071
vn -0.94853 0.15679 -0.27515
vn -0.91476 -0.06824 -0.3982
vn -0.96546 -0.26003 0.01672
vn -0.94975 0.0437 -0.30995
vn -0.85763 0.10534 -0.50337
vn -0.64008 0.14525 -0.75446
vn -0.17552 -0.0631 -0.98245
vn -0.80411 0.03562 -0.59341
vn -0.09865 -0.26793 -0.95837
vn 0.12452 -0.18531 -0.97476
vn -0.79647 0.03217 -0.60382
vn -0.80859 0.04865 -0.58636
vn -0.90588 0.15577 -0.39385
vn -0.81863 0.1055 -0.56455
vn 0.9523 -0.14283 0.26968
vn 0.92239 -0.18051 0.34148
vn 0.75232 -0.30661 0.5831
vn 0.72532 -0.49202 0.48149
vn 0.97965 -0.18462 0.07872
vn 0.91376 -0.38628 0.1258
vn 0.69898 -0.6319 0.33486
vn 0.97809 -0.20561 0.03259
vn 0.93109 -0.34238 0.12585
vn 0.98805 -0.12172 -0.09452
vn 0.9688 -0.20462 -0.13981
vn 0.79612 -0.54231 -0.2685
vn 0.69912 -0.6809 -0.21818
vn 0.67812 -0.73488 0.01036
vn 0.59334 -0.60439 0.53167
vn 0.51558 -0.76648 0.38299
vn 0.79948 -0.34331 0.49292
vn 0.54862 -0.76918 0.32768
vn 0.08868 -0.83442 0.54394
vn 0.21406 -0.8404 0.49789
vn 0.14359 -0.91966 0.36554
vn 0.03303 -0.95218 0.30375
vn -0.09626 -0.9291 0.35707
vn 0.16166 -0.86045 0.48321
vn -0.05086 -0.94621 0.31954
vn -0.00273 -0.91848 0.39547
vn -0.02476 -0.84764 0.53
vn 0.369 -0.77545 0.51237
vn 0.06592 -0.88812 0.45486
vn 0.83697 0.1385 0.52943
vn 0.60901 -0.58825 0.53205
vn 0.70648 -0.70269 0.08436
vn -0.28851 -0.95737 0.01413
vn -0.38795 -0.92082 0.03977
vn -0.27165 -0.96235 0.00986
vn 0.50014 -0.80887 -0.30916
vn -0.00523 -0.99757 -0.06941
vn -0.3979 -0.89125 0.21761
vn -0.2756 -0.9355 0.22108
vn 0.09861 -0.94726 -0.30492
vn 0.55746 -0.76941 -0.31186
vn 0.97998 -0.15797 0.12116
vn 0.99085 0.02935 0.13174
vn 0.97967 -0.16181 0.11857
vn -0.11077 -0.74468 0.65816
vn -0.16418 -0.98415 0.06702
vn -0.17334 -0.95881 0.22503
vn -0.03364 -0.98256 -0.1829
vn -0.12537 -0.98827 -0.08725
vn -0.16135 -0.9857 -0.04866
vn -0.18646 -0.97773 0.0963
vn -0.05435 -0.96483 -0.25721
vn -0.15567 -0.97076 0.18271
vn 0.92751 0.32554 0.1837
vn 0.91273 0.3722 0.16849
vn 0.91958 0.30803 0.24391
vn 0.57608 0.04316 -0.81625
vn 0.3726 -0.54238 -0.75299
vn 0.71123 -0.36043 -0.60352
vn 0.34582 -0.87231 -0.34566
vn 0.0779 -0.93298 -0.35141
vn 0.12455 -0.9213 -0.36837
vn 0.12154 -0.87674 -0.46536
vn 0.12898 -0.61981 -0.77408
vn 0.07423 -0.8876 -0.45459
vn 0.31513 -0.78094 -0.53929
vn -0.12054 -0.97647 -0.17879
vn 0.08335 -0.90194 -0.42375
vn 0.13178 -0.72546 0.67554
vn -0.08129 -0.765 0.63888
vn -0.43665 -0.42979 0.79033
vn 0.15711 -0.24238 0.95738
vn 0.77716 -0.41815 0.4703
vn 0.30004 -0.86709 0.39765
vn 0.41883 -0.65436 0.6296
vn 0.16586 -0.59907 0.78333
vn -0.12647 -0.54131 0.83126
vn 0.18566 -0.05699 0.98096
vn -0.06163 -0.24525 0.9675
vn 0.46819 0.06184 0.88146
vn -0.40411 -0.04463 0.91362
vn -0.50127 -0.67442 0.54211
vn -0.54123 -0.69996 0.46596
vn -0.57346 -0.6828 0.45269
vn -0.54708 -0.67969 0.4886
vn -0.80234 -0.168 0.57274
vn -0.6806 -0.15268 0.71657
vn -0.86568 0.0542 0.49765
vn 0.82407 -0.00718 0.56644
vn 0.99814 -0.05763 0.02003
vn 0.87423 -0.41593 -0.25044
vn 0.96653 -0.25416 -0.03502
vn 0.63251 -0.68052 -0.36989
vn 0.53207 0.06507 0.84419
vn 0.63092 -0.19788 -0.75018
vn 0.69827 -0.28294 -0.65755
vn 0.68092 -0.53758 -0.49734
vn -0.42337 -0.83122 0.36031
vn -0.23656 -0.96752 0.0891
vn -0.90394 -0.42494 0.04822
vn -0.50537 -0.75081 0.4253
vn -0.77841 -0.50154 0.37754
vn -0.54796 -0.69406 0.46693
vn -0.40806 -0.91295 -0.00117
vn -0.75595 -0.62968 -0.179
vn -0.43049 -0.90076 -0.05749
vn -0.76274 -0.5953 -0.25268
vn -0.91418 0.00872 0.40521
vn -0.97824 -0.1342 0.15825
vn -0.97828 0.07216 0.19432
vn -0.85099 0.09335 0.51682
vn -0.99135 -0.07595 0.10702
vn -0.9786 -0.18812 -0.08344
vn -0.96048 -0.15703 -0.22982
vn -0.88805 -0.33005 -0.32006
vn -0.94141 -0.17242 -0.28985
vn -0.92687 -0.23861 -0.2898
vn 0.40428 -0.76162 -0.50645
vn 0.3529 -0.60205 -0.71624
vn 0.12708 -0.78161 -0.61069
vn 0.10259 -0.78787 -0.60724
vn 0.03728 -0.70929 -0.70393
vn 0.04784 -0.7983 -0.60036
vn 0.01713 -0.78374 -0.62085
vn -0.04789 -0.81654 -0.5753
vn -0.00634 -0.60286 -0.79782
vn 0.29662 -0.30318 -0.90559
vn -0.07535 -0.30872 -0.94816
vn -0.02644 -0.42234 -0.90605
vn 0.04775 -0.94892 -0.31188
vn 0.55715 -0.81927 -0.13555
vn 0.03288 -0.89821 -0.43834
vn -0.58607 -0.68219 -0.43719
vn -0.05961 -0.89124 -0.4496
vn -0.01885 -0.53636 -0.84378
vn -0.32631 -0.37872 -0.86608
vn -0.88106 -0.29562 -0.36926
vn -0.90268 -0.12809 -0.4108
vn -0.56923 -0.62367 0.53574
vn -0.33971 -0.81137 0.47567
vn -0.00901 -0.92401 0.38227
vn 0.46904 -0.58214 0.66417
vn 0.56565 -0.7041 0.42928
vn 0.25571 -0.69161 0.67549
vn 0.63837 -0.56832 0.51913
vn 0.62585 -0.76736 0.1395
vn 0.61145 -0.78203 0.12064
vn 0.6635 -0.72986 0.16452
vn 0.62045 -0.377 0.68769
vn 0.59814 -0.47944 0.64216
vn 0.68193 -0.5159 0.51848
vn 0.71413 -0.60145 0.35816
vn 0.65767 -0.71445 0.23881
vn -0.35623 0.018 0.93423
vn -0.77609 0.20468 0.59649
vn -0.59298 0.23147 0.77123
vn -0.46086 -0.30484 0.83348
vn -0.5578 -0.1052 0.82328
vn -0.26008 -0.39106 0.88285
vn -0.12823 -0.10716 0.98594
vn 0.06473 -0.28849 0.95529
vn 0.05354 -0.2573 0.96485
vn 0.52833 -0.50704 0.68101
vn -0.0963 -0.20749 0.97349
vn -0.47885 -0.24574 0.8428
vn -0.19352 -0.26025 0.94595
vn 0.68407 -0.64836 0.33419
vn 0.83297 -0.22439 0.50577
vn 0.82415 -0.37153 0.42749
vn 0.68142 -0.40938 0.60669
vn 0.59131 -0.67716 -0.43795
vn 0.76808 -0.4996 -0.40057
vn 0.71068 -0.56859 -0.4143
vn 0.85586 -0.50086 -0.12899
vn 0.55112 -0.34364 -0.76038
vn 0.72101 -0.48935 -0.4906
vn 0.19002 -0.09301 -0.97736
vn -0.17683 0.09179 -0.97995
vn 0.7101 -0.68734 0.15268
vn 0.7158 -0.55825 0.41951
vn 0.82427 -0.55603 0.10686
vn 0.78594 -0.56019 -0.26168
vn 0.82457 -0.24861 -0.50821
vn 0.23418 -0.459 -0.85702
vn 0.26471 -0.04182 -0.96342
vn -0.69449 0.39194 -0.60338
vn -0.69674 0.40612 -0.59129
vn -0.7994 0.37983 -0.4655
vn -0.74966 0.32986 -0.57376
vn -0.47765 0.15418 -0.86492
vn -0.36468 -0.19512 -0.91046
vn -0.41754 0.25814 -0.87122
vn 0.43547 -0.75153 0.49555
vn -0.16134 -0.6436 -0.74816
vn -0.52215 -0.41804 -0.74338
vn 0.24824 -0.80703 -0.53579
vn -0.77102 0.17469 0.61238
vn -0.3579 -0.04427 0.93271
vn -0.85049 0.42366 0.31175
vn -0.93843 0.07004 0.33829
vn -0.93964 0.1993 0.27813
vn -0.88109 0.44217 0.16783
vn -0.96079 0.27256 0.05097
vn -0.86559 0.36888 0.33864
vn -0.94584 0.10677 0.30658
vn -0.87629 0.47192 -0.09703
vn -0.88754 0.39297 0.24052
vn -0.90745 0.40902 0.09614
vn -0.7141 -0.16266 0.68088
vn -0.77437 -0.33097 0.53926
vn -0.94172 -0.22315 0.25173
vn -0.97357 -0.01713 0.22775
vn -0.98176 -0.16386 0.09646
vn -0.93942 -0.16122 0.30247
vn -0.9605 0.25614 -0.10882
vn -0.86408 0.43911 -0.24607
vn -0.90235 0.43052 -0.02052
vn -0.82627 0.46477 -0.31823
vn -0.95309 0.12341 -0.27639
vn -0.74837 0.24861 -0.61493
vn -0.59024 0.27177 -0.76011
vn -0.9889 -0.13244 -0.06737
vn -0.95002 -0.25099 -0.18562
vn -0.52922 -0.44555 -0.72209
vn -0.49654 -0.47123 -0.72896
vn -0.5121 -0.44435 -0.73505
vn -0.47219 -0.44272 -0.76226
vn -0.79762 -0.04081 -0.60178
vn 0.79023 -0.5063 0.34525
vn 0.79314 -0.56851 0.21844
vn 0.7225 -0.60832 0.32854
vn 0.62431 -0.58778 0.51454
vn -0.16003 -0.35052 0.92278
vn -0.61585 -0.22835 0.75405
vn -0.08187 -0.72486 0.68402
vn -0.28219 -0.65222 0.70355
vn 0.21569 0.52895 0.82079
vn -0.22754 0.65085 0.7243
vn -0.28064 0.45384 0.84574
vn 0.30714 0.07284 0.94887
vn -0.39787 0.35239 0.84707
vn 0.77639 -0.21621 0.59201
vn 0.76302 -0.4142 0.49623
vn 0.56222 -0.19347 0.80403
vn 0.83595 -0.38257 0.39349
vn 0.76924 -0.54547 0.33277
vn 0.8299 -0.55649 0.03979
vn 0.83374 -0.51708 0.19367
vn 0.81273 -0.51458 0.27327
vn 0.8531 -0.49842 -0.15426
vn 0.42214 -0.6069 -0.6734
vn 0.70235 -0.4257 -0.57051
vn 0.84237 -0.51935 -0.14383
vn 0.82419 -0.50976 -0.24668
vn 0.85042 -0.52466 0.03885
vn 0.80198 -0.53151 0.27262
vn 0.84535 -0.44434 0.29657
vn 0.9228 -0.38437 0.02639
vn 0.88838 -0.43705 -0.14059
vn 0.84293 -0.52616 -0.11236
vn -0.04626 0.33199 0.94215
vn -0.48568 0.15652 0.86001
vn 0.24598 0.51962 0.81822
vn -0.45188 -0.18628 0.87241
vn -0.0232 -0.53034 -0.84746
vn 0.84398 0.15091 -0.51471
vn 0.58313 -0.22624 -0.78024
vn 0.85666 0.30853 -0.41345
vn 0.92935 -0.33832 -0.14783
vn 0.42552 -0.31189 -0.8495
vn 0.40809 -0.72078 -0.5603
vn 0.71774 -0.18029 -0.67257
vn 0.67702 0.21349 -0.70432
vn 0.35377 0.2163 -0.90998
vn 0.84482 -0.26545 -0.46455
vn 0.70958 -0.1634 -0.68542
vn -0.79131 0.45958 0.40326
vn 0.78016 -0.01751 0.62533
vn 0.49829 0.38624 0.77622
vn 0.21556 0.14304 0.96596
vn 0.07062 0.31152 0.94761
vn 0.27276 0.86515 0.42086
vn 0.61525 0.66832 0.41812
vn 0.14976 0.85334 0.49939
vn 0.57421 0.20047 0.79378
vn 0.89891 0.17661 0.40097
vn 0.84973 -0.15096 0.50514
vn 0.54024 0.03566 0.84075
vn 0.24711 0.1695 0.95405
vn 0.17833 0.09526 0.97935
vn 0.94046 -0.11238 0.32079
vn 0.79852 -0.46862 0.37783
vn 0.92597 -0.23299 0.29715
vn 0.94388 0.17449 0.28043
vn 0.69076 -0.014 0.72295
vn 0.52268 -0.13396 0.84194
vn 0.29673 -0.16336 0.94088
vn 0.32862 0.09315 0.93986
vn 0.47002 0.09957 0.87702
vn -0.10014 0.28214 0.95413
vn 0.50709 -0.35892 0.78361
vn 0.21811 -0.25029 0.94328
vn -0.82134 0.56366 0.08767
vn -0.72626 0.58501 0.36099
vn -0.74983 0.54569 0.37414
vn -0.83976 -0.45679 -0.29352
vn -0.82331 0.49931 -0.26991
vn -0.87844 -0.23691 0.41499
vn -0.27858 0.85461 0.43821
vn -0.12632 0.92735 0.35224
vn 0.60627 0.69664 0.38357
vn -0.54603 0.83613 0.05243
vn -0.71811 0.69593 -0.00095
vn 0.88573 -0.39692 -0.24072
vn -0.19112 0.95936 -0.20761
vn 0.81368 0.58071 0.0266
vn 0.60639 0.79412 -0.04087
vn 0.78456 -0.49914 0.36787
vn 0.78518 -0.57413 0.2321
vn 0.96099 -0.05842 0.27034
vn 0.97198 0.11079 0.20732
vn 0.90148 -0.37044 0.22384
vn 0.82433 0.48437 0.29305
vn 0.95398 0.13203 0.26924
vn 0.97476 -0.16243 0.15319
vn 0.84898 -0.52545 0.05594
vn 0.99291 -0.11662 0.0229
vn 0.96911 0.2452 -0.02643
vn 0.94404 0.28609 0.16413
vn 0.94025 0.21491 0.26409
vn -0.89816 0.33764 -0.28163
vn 0.94094 0.27491 0.19761
vn 0.90857 0.41743 0.01618
vn 0.90047 0.43309 0.03995
vn 0.75095 -0.02453 -0.6599
vn 0.75587 -0.0307 -0.65401
vn 0.8488 0.1107 -0.51699
vn 0.54358 0.14132 -0.82737
vn 0.54482 -0.17784 -0.81947
vn 0.6293 -0.15992 -0.76053
vn 0.98219 -0.16939 -0.08129
vn 0.9964 -0.01851 -0.08274
vn 0.91434 0.1179 -0.3874
vn 0.9072 0.16588 -0.38663
vn 0.91171 0.10315 -0.39768
vn 0.99031 0.12134 0.06756
vn 0.66019 0.01059 -0.75102
vn 0.55352 0.29274 -0.77969
vn 0.8677 0.08797 -0.48924
vn 0.23031 0.25813 -0.93826
vn 0.4671 -0.01561 -0.88406
vn 0.63963 -0.22349 -0.73547
vn 0.4343 -0.172 -0.8842
vn 0.52083 -0.3345 -0.78539
vn 0.40623 -0.63105 -0.66088
vn -0.04952 0.08624 0.99504
vn 0.03363 0.19815 0.97959
vn -0.17029 -0.06284 0.98339
vn 0.16933 0.25217 0.95275
vn -0.12042 0.41891 0.90001
vn -0.20014 0.50042 0.84233
vn -0.12683 -0.04135 0.99106
vn -0.03623 -0.37237 0.92738
vn -0.34987 -0.019 0.93661
vn -0.34876 -0.33389 0.87572
vn -0.61662 0.48892 0.61704
vn -0.57478 0.57221 0.58499
vn -0.48857 0.75599 0.43564
vn -0.52635 0.47095 0.70793
vn -0.4845 -0.11061 0.86777
vn -0.51494 -0.07532 0.85391
vn -0.49495 -0.46534 0.73382
vn -0.48527 -0.49397 0.72146
vn -0.59206 -0.65502 0.46949
vn 0.10772 0.36566 -0.9245
vn 0.02999 0.59514 -0.80306
vn -0.14581 0.50385 -0.8514
vn -0.0878 0.1868 -0.97847
vn -0.28289 0.15698 -0.94622
vn -0.07003 -0.37264 -0.92533
vn -0.20436 -0.27876 -0.93836
vn -0.32456 0.77696 -0.53945
vn -0.22886 0.76596 -0.60077
vn -0.22245 0.90385 -0.36547
vn -0.28344 0.84427 -0.45482
vn -0.07018 0.61115 -0.7884
vn -0.12911 0.77798 -0.61488
vn -0.17136 -0.01249 -0.98513
vn -0.20773 0.31012 -0.92772
vn -0.08943 -0.4578 -0.88455
vn 0.35461 -0.63677 -0.68467
vn 0.1261 -0.27507 -0.95312
vn -0.5419 0.04948 0.83899
vn -0.39452 0.58775 0.70633
vn -0.47424 0.41202 0.77803
vn -0.66167 -0.01667 0.74961
vn -0.42807 0.67035 0.60612
vn -0.63675 -0.44581 0.62913
vn -0.72439 -0.23081 0.64961
vn -0.65015 0.31176 0.6929
vn -0.72447 0.26004 0.63837
vn -0.78228 -0.14299 0.60629
vn -0.3896 0.66039 0.64195
vn -0.32007 0.7816 0.5354
vn -0.65615 -0.34473 0.67129
vn -0.38509 -0.56508 0.72965
vn -0.72593 -0.11411 0.67823
vn -0.66955 0.39029 0.63196
vn -0.74984 0.20394 0.62941
vn -0.84215 -0.14671 0.5189
vn -0.84997 -0.04727 0.52471
vn -0.93253 -0.02459 0.36025
vn -0.90918 -0.36495 -0.20052
vn -0.8637 -0.43322 -0.25755
vn -0.90391 -0.41313 -0.11077
vn -0.98608 -0.14713 -0.07741
vn -0.99748 -0.02361 0.06684
vn -0.86559 -0.49715 -0.06
vn -0.71311 0.06303 0.69822
vn -0.95192 0.30346 -0.04188
vn -0.92468 0.37749 0.04962
vn -0.91036 0.41023 -0.05432
vn -0.3203 0.76988 -0.55199
vn -0.07962 0.01739 -0.99667
vn -0.09875 0.1596 -0.98223
vn -0.08964 0.25907 -0.96169
vn -0.67289 0.32968 -0.66222
vn -0.72999 0.22338 -0.64592
vn -0.56928 0.48789 -0.66173
vn -0.43302 0.6674 -0.60586
vn -0.24528 0.01252 -0.96937
vn -0.69721 0.22522 -0.68057
vn -0.63241 0.41267 -0.65556
vn -0.73908 0.23521 -0.63122
vn -0.63286 0.26527 -0.72741
vn -0.92381 -0.3626 -0.12287
vn -0.9895 0.05485 -0.13369
vn -0.74072 0.25505 -0.62152
vn -0.89048 0.20191 -0.40777
vn -0.72682 0.32556 -0.60477
vn -0.65392 0.19352 -0.7314
vn -0.86923 -0.23278 0.43618
vn -0.95006 0.21693 0.22436
vn -0.99925 -0.00521 -0.03839
vn -0.90278 -0.24342 0.35458
vn -0.90903 -0.41261 0.0584
vn -0.91859 -0.38119 -0.10435
vn -0.92489 0.378 -0.04119
vn -0.8403 0.33392 0.42707
vn -0.8758 0.24977 0.41303
vn -0.92413 0.35377 0.14429
vn -0.93448 -0.33025 -0.13296
vn -0.95044 -0.30335 -0.06815
vn -0.88833 0.17659 -0.4239
vn -0.99075 0.04294 -0.12876
vn -0.92233 0.34734 -0.16932
vn -0.87833 -0.11652 -0.46364
vn -0.89794 0.37607 -0.22864
vn 0.48858 -0.62692 0.60685
vn 0.43197 -0.70576 0.56151
vn 0.69876 -0.62757 0.34336
vn 0.6809 -0.6561 0.32544
vn 0.73688 -0.6488 0.18991
vn 0.71077 -0.65926 0.2453
vn 0.65296 -0.71504 0.2497
vn 0.76204 -0.6474 0.01277
vn 0.80384 -0.59401 -0.03152
vn 0.76599 -0.62882 -0.1336
vn 0.74424 -0.65046 0.15168
vn 0.73765 -0.65763 0.15294
vn 0.74628 -0.66562 -0.00438
vn 0.67679 -0.69402 0.24554
vn 0.74361 -0.64014 -0.19303
vn 0.74548 -0.6332 -0.2081
vn 0.75649 -0.59312 -0.27555
vn 0.50735 -0.40805 -0.75901
vn 0.63119 -0.44812 -0.63307
vn 0.65102 -0.50231 -0.56908
vn 0.57688 -0.42998 -0.6945
vn 0.79419 -0.59095 -0.14157
vn 0.73698 -0.6077 0.2959
vn 0.80159 -0.58269 0.13387
vn 0.82794 -0.55104 -0.10423
vn 0.80575 -0.56299 -0.18387
vn 0.20831 -0.67062 0.71195
vn -0.54264 -0.38354 0.74729
vn -0.71529 -0.33982 0.61064
vn -0.46787 -0.32332 0.82253
vn 0.65107 -0.62944 0.42416
vn -0.23028 -0.67161 0.70421
vn -0.40139 -0.74035 0.53923
vn 0.75957 -0.4991 0.41708
vn 0.77618 -0.54069 0.32433
vn -0.39757 0.01099 0.91751
vn -0.52375 -0.02513 0.8515
vn -0.50345 -0.65973 0.55793
vn -0.68151 -0.72901 0.06388
vn -0.97258 -0.13778 0.18737
vn -0.88323 0.41269 0.2227
vn -0.97314 0.16302 0.16254
vn 0.29622 -0.18455 -0.93712
vn 0.48948 -0.2657 -0.83055
vn 0.6143 -0.29307 -0.73263
vn 0.60393 -0.28588 -0.744
vn -0.9205 0.18459 -0.34439
vn -0.9123 0.40664 0.04854
vn -0.85675 0.49786 0.1346
vn 0.81065 -0.47026 -0.34885
vn -0.85945 0.51079 0.021
vn 0.69644 -0.17353 -0.69631
vn -0.79487 0.59868 -0.0988
vn -0.97379 -0.1704 -0.15064
vn -0.90706 -0.41102 0.09115
vn -0.22716 -0.96299 0.14506
vn -0.63124 -0.76996 -0.09325
vn -0.74159 -0.57211 0.35034
vn -0.50041 -0.8076 -0.31204
vn -0.98932 -0.02977 -0.14269
vn -0.76974 -0.63792 -0.02345
vn -0.82257 -0.44661 -0.35201
vn -0.86523 0.45676 0.20674
vn -0.76313 0.47373 0.43957
vn -0.81956 0.56277 -0.10773
vn -0.79324 0.60401 0.07707
vn 0.49989 -0.22386 -0.83666
vn 0.3239 -0.1768 -0.92942
vn 0.30543 -0.12972 -0.94334
vn 0.47615 -0.13076 -0.86959
vn 0.37418 -0.14237 -0.91636
vn -0.41428 -0.80989 -0.41528
vn 0.15206 -0.10169 -0.98313
vn -0.66262 0.66123 -0.35171
vn 0.03675 -0.16166 0.98616
vn -0.21576 -0.01745 0.97629
vn -0.02799 -0.21016 0.97727
vn 0.55291 -0.59126 0.58712
vn 0.63272 -0.5968 0.49345
vn 0.1639 -0.57064 0.80468
vn 0.74329 -0.50154 0.4427
vn -0.46542 -0.14285 0.87349
vn 0.40485 -0.42848 0.80778
vn 0.78414 -0.60459 0.14
vn 0.7426 -0.48641 0.46038
vn 0.68646 -0.63951 0.34612
vn 0.84232 -0.48149 0.24222
vn 0.8862 -0.44107 0.14181
vn 0.76593 -0.60744 0.21065
vn 0.69203 -0.52506 0.49538
vn 0.64926 -0.69286 0.3137
vn 0.53673 -0.72236 0.43604
vn -0.4817 0.26124 0.83649
vn -0.36863 0.23985 0.8981
vn -0.32795 0.07726 0.94153
vn -0.37093 0.08009 0.9252
vn -0.59092 -0.1901 0.78401
vn 0.08616 0.27282 0.9582
vn -0.03161 -0.04543 0.99847
vn 0.244 -0.0787 0.96658
vn -0.16153 -0.20966 0.96434
vn 0.45159 -0.51587 0.72797
vn 0.80315 -0.52131 0.28841
vn 0.66531 -0.61046 0.42976
vn 0.76995 -0.58955 0.24413
vn 0.75755 -0.5842 0.29124
vn 0.85461 -0.39183 0.34075
vn 0.90265 -0.35798 -0.2389
vn 0.77868 -0.6111 0.1422
vn 0.7993 -0.5798 0.15793
vn 0.83291 -0.55125 -0.04884
vn 0.89964 -0.40874 -0.15357
vn 0.82874 -0.55963 0.00106
vn 0.81413 -0.58024 -0.02258
vn 0.7693 -0.49281 -0.40659
vn -0.8124 0.47459 0.33876
vn -0.79035 0.49259 0.36429
vn -0.8374 0.37679 0.39597
vn 0.76032 -0.60411 0.23867
vn 0.76398 -0.59866 0.24072
vn 0.69158 -0.62868 0.35565
vn 0.74677 -0.60865 0.2681
vn -0.73411 0.32543 0.59597
vn -0.35436 0.93478 0.02484
vn 0.71571 -0.67251 0.18839
vn 0.75572 -0.65344 -0.04359
vn 0.77822 -0.60983 -0.1499
vn -0.29931 0.94176 -0.15331
vn -0.45613 -0.07301 -0.88691
vn 0.13634 0.78149 -0.60884
vn 0.85984 -0.40627 -0.30922
vn 0.75294 -0.6378 -0.16218
vn 0.73702 -0.02467 -0.67542
vn 0.55678 -0.17323 -0.81239
vn 0.20726 0.01983 -0.97808
vn 0.61127 -0.30798 -0.72904
vn 0.09449 0.19305 -0.97663
vn 0.1227 0.12328 -0.98476
vn 0.62838 -0.67434 -0.38782
vn 0.84957 -0.17569 -0.49735
vn 0.50393 0.23467 -0.83126
vn -0.00808 0.57553 -0.81774
vn -0.13437 0.43115 -0.89222
vn -0.17071 0.36575 -0.91492
vn 0.11359 0.51734 -0.84821
vn -0.13919 0.29368 -0.94572
vn 0.04082 0.53992 -0.84072
vn 0.85636 -0.3481 -0.3814
vn -0.06312 0.09266 -0.9937
vn -0.01985 0.34183 -0.93955
vn -0.11413 0.8331 -0.54122
vn -0.03463 0.79625 -0.60398
vn -0.00125 0.87062 -0.49196
vn 0.93936 0.07815 -0.3339
vn 0.1111 0.61518 -0.78052
vn -0.59352 0.4187 0.68733
vn -0.7162 0.63848 0.28178
vn -0.56059 0.80112 0.20961
vn -0.70173 0.59928 0.38528
vn -0.31502 0.07291 0.94628
vn -0.46406 0.36554 0.80686
vn -0.51391 0.5745 0.63707
vn -0.64521 0.41079 0.64417
vn -0.29695 0.26582 0.91715
vn -0.53709 0.45106 0.71279
vn -0.62227 0.54701 0.55997
vn -0.54258 0.72466 0.42482
vn -0.74483 0.63602 0.20177
vn -0.70098 0.61363 0.36342
vn -0.8903 0.33366 0.30989
vn -0.84377 0.32936 0.42376
vn -0.71798 0.62086 0.3147
vn -0.69481 0.71267 0.09668
vn -0.71642 0.69712 0.02768
vn -0.69707 0.71483 0.0557
vn -0.68811 0.7234 -0.05658
vn -0.69137 0.72232 -0.01625
vn -0.49616 0.67825 -0.54204
vn -0.82138 0.5086 0.25818
vn -0.85995 0.49036 0.14154
vn -0.8694 0.49404 0.00869
vn -0.77981 0.62498 0.03613
vn -0.7914 0.57231 -0.21481
vn -0.86928 0.49175 -0.05023
vn -0.7043 0.699 -0.12394
vn -0.51266 0.81247 -0.27763
vn -0.63636 0.6389 -0.43227
vn -0.85544 0.40425 -0.32375
vn -0.76045 0.6197 0.19413
vn -0.69349 0.71318 0.10221
vn -0.56529 0.78363 0.25763
vn -0.70861 0.70516 -0.02509
vn -0.59838 0.79945 -0.05302
vn -0.78279 0.62024 0.05043
vn -0.66185 0.71435 -0.22726
vn -0.30947 0.9452 -0.10407
vn -0.52777 0.71346 -0.4609
vn -0.51948 0.65589 -0.54767
vn -0.53676 0.46046 -0.70701
vn -0.65486 0.43952 -0.6148
vn -0.0887 0.80413 -0.5878
vn -0.55108 0.09017 -0.82957
vn -0.30597 0.55659 -0.77239
vn -0.46906 0.61203 -0.63671
vn -0.5378 0.49884 -0.67966
vn -0.21876 0.92507 -0.31048
vn 0.01311 0.75436 -0.65632
vn -0.22249 0.91181 -0.34512
vn 0.11117 0.99121 -0.07178
vn 0.06681 0.99564 -0.06512
vn 0.05373 0.99812 -0.02937
vn -0.12094 0.95988 -0.253
vn -0.48056 0.74354 -0.46499
vn -0.09215 0.92834 -0.36012
vn -0.63144 0.69295 0.34799
vn -0.30304 0.92089 0.24522
vn 0.01819 0.95455 0.29749
vn -0.05813 0.96218 0.26614
vn 0.04547 0.98117 0.1877
vn 0.08228 0.93987 0.33146
vn -0.01976 0.93214 0.36157
vn 0.06735 0.97947 0.19002
vn 0.06303 0.99699 0.04519
vn 0.02384 0.99947 -0.02211
vn 0.0909 0.99012 0.10675
vn 0.08574 0.97104 0.223
vn -0.52993 0.62996 0.56773
vn -0.75906 0.55693 0.33713
vn -0.85316 0.23683 0.46479
vn -0.55633 0.78877 0.26142
vn -0.68665 0.72698 -0.00278
vn -0.50518 0.86222 0.03702
vn -0.35909 0.9312 0.06257
vn -0.38792 0.91165 -0.13567
vn -0.11389 0.98451 -0.1333
vn -0.67222 0.65379 -0.3474
vn -0.01178 0.99389 -0.10971
vn -0.12589 0.97388 -0.18897
vn -0.2047 0.87274 -0.4432
vn -0.15205 0.8748 -0.46
vn -0.38337 0.72551 -0.57154
vn -0.30612 0.86224 -0.40352
vn -0.53816 0.63517 -0.55402
vn -0.66921 0.5366 -0.51402
vn 0.20551 -0.30184 0.93094
vn 0.13955 -0.22646 0.96397
vn 0.12086 -0.23161 0.96527
vn 0.14535 -0.27611 0.95007
vn 0.68849 -0.53987 0.48428
vn 0.48085 -0.46491 0.7434
vn 0.56838 -0.48963 0.66121
vn 0.73955 -0.55296 0.3838
vn 0.76807 -0.56878 0.2942
vn 0.82293 -0.55069 0.13975
vn 0.80505 -0.55888 0.19888
vn 0.79366 -0.55012 0.25977
vn 0.77128 -0.51406 0.37533
vn 0.8333 -0.54919 0.0633
vn 0.80017 -0.56609 0.19815
vn 0.56103 -0.46421 0.68539
vn 0.60091 -0.49993 0.62368
vn 0.7064 -0.59483 0.38365
vn 0.75522 -0.58871 0.28821
vn 0.8111 -0.56024 0.1681
vn 0.40084 -0.43506 0.80626
vn 0.37387 -0.42952 0.82203
vn 0.37118 -0.42741 0.82435
vn 0.37362 -0.4273 0.8233
vn 0.49019 -0.57257 0.65717
vn 0.34564 -0.60427 0.71791
vn 0.75929 -0.61638 0.20868
vn 0.83781 -0.54383 0.04819
vn 0.83565 -0.54835 0.03182
vn 0.84474 -0.5334 -0.04347
vn 0.83806 -0.52379 -0.15262
vn 0.82938 -0.53774 -0.15155
vn 0.84298 -0.52149 -0.13202
vn 0.79044 -0.51987 -0.32395
vn 0.68565 -0.36203 -0.63152
vn 0.62772 -0.3111 -0.71358
vn 0.61499 -0.33036 -0.716
vn 0.80513 -0.58836 0.07485
vn 0.805 -0.58417 -0.10354
vn 0.81731 -0.5127 -0.26295
vn 0.82007 -0.47669 -0.31663
vn 0.63527 -0.38023 -0.67221
vn 0.55798 -0.28859 -0.77806
vn 0.4334 -0.19142 -0.88064
vn 0.5056 -0.23731 -0.82949
vn 0.59273 -0.32027 -0.73898
vn 0.61207 -0.40366 -0.68002
vn 0.66399 -0.42997 -0.61176
vn 0.43077 -0.29021 -0.85453
vn 0.40812 -0.22099 -0.88577
vn 0.20819 -0.31822 -0.92488
vn 0.35885 -0.39747 -0.84454
vn -0.02087 -0.15895 0.98707
vn 0.04924 -0.22301 0.97357
vn -0.11349 -0.16193 0.98025
vn -0.16271 -0.07972 0.98345
vn -0.24352 -0.03886 0.96912
vn -0.18139 -0.10348 0.97795
vn -0.07191 -0.22709 0.97121
vn 0.00275 -0.31843 0.94794
vn -0.074 -0.29453 0.95277
vn 0.03443 -0.41725 0.90814
vn 0.11445 -0.50125 0.8577
vn 0.12342 -0.36838 0.92145
vn -0.23872 -0.80703 0.54011
vn -0.15208 -0.64609 0.74796
vn 0.01099 -0.29059 0.95678
vn -0.12766 -0.21658 0.96788
vn -0.01275 -0.38504 0.92281
vn 0.05303 -0.38286 0.92228
vn -0.34462 -0.86739 0.35898
vn -0.33623 -0.90211 0.27047
vn -0.35191 -0.77595 0.52351
vn 0.13596 -0.85567 0.49934
vn 0.45931 -0.72276 0.51639
vn 0.22063 -0.74215 0.63288
vn 0.2921 -0.92338 0.2491
vn 0.33732 -0.82909 0.4459
vn 0.31456 -0.88607 0.34049
vn 0.23811 -0.09663 -0.96642
vn 0.2624 -0.17873 -0.94826
vn 0.05317 -0.07948 -0.99542
vn -0.26633 0.04154 -0.96299
vn -0.13708 0.08811 -0.98663
vn -0.21518 -0.01697 -0.97643
vn 0.40766 -0.90834 0.09349
vn 0.66764 -0.70983 0.22452
vn 0.41089 -0.89982 0.14659
vn 0.19307 -0.96987 0.14856
vn 0.09102 -0.9867 0.13466
vn 0.28934 -0.95473 0.06902
vn 0.43925 -0.89787 -0.02985
vn 0.67791 -0.70899 -0.19435
vn 0.45516 -0.85512 -0.24819
vn 0.16794 -0.96249 -0.21309
vn 0.35557 -0.89427 -0.27176
vn 0.23459 -0.2605 -0.93654
vn 0.13788 -0.04524 -0.98942
vn 0.23629 -0.19788 -0.95132
vn 0.30494 -0.27549 -0.91166
vn 0.34552 -0.0475 -0.93721
vn 0.37021 -0.31551 -0.87373
vn 0.14423 -0.23069 -0.96228
vn -0.13264 -0.03799 -0.99044
vn 0.39076 -0.64884 -0.65293
vn 0.37543 -0.31668 -0.87107
vn -0.45989 0.03681 0.88721
vn -0.39847 -0.00561 0.91717
vn -0.53058 0.09725 0.84204
vn -0.67924 0.11122 0.72544
vn -0.64491 0.04372 0.76301
vn -0.63127 0.10176 0.76886
vn -0.48336 -0.00458 0.87541
vn -0.80426 0.07344 0.58973
vn -0.80276 0.16245 0.57375
vn -0.34425 -0.0797 0.93549
vn 0.00144 -0.26965 0.96296
vn -0.65446 0.29503 0.69617
vn -0.50578 0.21534 0.83535
vn -0.77156 0.17063 0.61285
vn -0.83403 0.14018 0.53361
vn -0.94599 0.29617 0.13185
vn -0.93994 0.22053 0.26052
vn -0.95896 0.18957 0.21085
vn -0.78473 0.23255 0.57456
vn -0.64703 0.459 0.60882
vn -0.5929 0.40529 0.69585
vn -0.6891 0.51708 0.50771
vn -0.8347 0.4964 0.23846
vn -0.78195 0.5567 0.28044
vn -0.78614 0.48125 0.38779
vn -0.49107 0.01617 -0.87097
vn -0.75203 0.40948 -0.51652
vn -0.65252 0.33936 -0.67753
vn -0.62795 0.26683 -0.73108
vn -0.88675 0.44757 -0.11555
vn -0.96914 0.21985 0.11154
vn -0.95996 0.22557 0.16611
vn -0.95355 0.25978 0.15253
vn -0.888 0.43523 0.14846
vn -0.84309 0.51661 0.1494
vn -0.8305 0.16084 -0.53329
vn -0.65814 0.3614 -0.66049
vn -0.78144 0.38268 -0.49286
vn -0.69149 0.47111 -0.54763
vn -0.88089 0.39553 -0.25997
vn -0.78375 0.61641 -0.07601
vn -0.78499 0.60639 0.12676
vn -0.58774 0.66537 -0.46026
vn -0.76367 0.50682 -0.39992
vn -0.57029 0.25103 -0.78215
vn -0.50657 0.29176 -0.81133
vn -0.48343 0.19165 -0.85415
vn -0.47825 0.37271 -0.79521
vn -0.06018 0.26894 -0.96128
vn -0.37745 0.23508 -0.8957
vn 0.63406 -0.19753 -0.74763
vn 0.05731 0.12953 -0.98992
vn -0.28711 0.39363 -0.87328
vn -0.36532 0.08693 -0.92682
vn -0.52584 0.57051 -0.63088
vn -0.73728 0.59738 0.31553
vn -0.77558 0.47257 0.4185
vn -0.68786 0.67559 -0.26539
vn -0.81763 0.5442 -0.18796
vn -0.76887 0.47945 -0.42304
vn 0.59442 -0.61917 0.51312
vn 0.53617 -0.59961 0.59413
vn 0.42405 -0.50728 0.75023
vn 0.54412 -0.51696 0.66082
vn 0.05182 -0.99727 0.0527
vn -0.01134 -0.99757 0.06873
vn 0.61265 -0.78257 0.11065
vn 0.05126 -0.99682 0.06109
vn 0.63171 -0.76816 0.10426
vn 0.71896 -0.56009 0.41158
vn 0.76175 -0.55326 0.33711
vn 0.77459 -0.57141 0.27109
vn 0.7057 -0.61818 0.34617
vn 0.81405 -0.5272 0.24369
vn 0.8291 -0.54308 0.13287
vn 0.83868 -0.52968 0.12671
vn 0.81601 -0.5675 0.10986
vn 0.8031 -0.5625 0.19653
vn 0.57725 -0.50117 0.64468
vn 0.68407 -0.55511 0.47319
vn 0.77654 -0.57124 0.26586
vn 0.80923 -0.56367 0.16562
vn 0.831 -0.54744 0.09871
vn 0.82467 -0.56452 0.03513
vn 0.70376 -0.70696 0.07022
vn 0.05018 -0.9969 0.06063
vn 0.79378 -0.58518 -0.16577
vn 0.80815 -0.55774 -0.18929
vn 0.7528 -0.53738 -0.38016
vn 0.86292 -0.48619 -0.13782
vn 0.81616 -0.57776 0.00905
vn 0.71786 -0.63148 -0.29311
vn 0.71033 -0.64223 -0.28806
vn 0.67914 -0.71623 -0.16057
vn 0.33755 -0.46638 -0.81765
vn 0.17153 -0.55616 -0.81318
vn 0.3613 -0.59308 -0.71953
vn 0.53942 -0.40958 -0.73571
vn 0.73412 -0.56901 -0.37052
vn 0.83725 -0.54204 -0.07218
vn 0.83484 -0.51822 -0.18573
vn 0.8088 -0.41816 -0.4135
vn 0.33902 -0.45819 0.82166
vn 0.08407 -0.18406 0.97931
vn 0.10067 -0.4358 0.8944
vn 0.04281 -0.43193 0.90089
vn -0.05243 -0.23107 0.97152
vn -0.04579 -0.16267 0.98562
vn -0.01932 -0.18096 0.9833
vn -0.14558 -0.08671 0.98554
vn 0.04571 -0.18267 0.98211
vn 0.16108 -0.25223 0.95417
vn 0.21025 -0.22151 0.95222
vn 0.32734 -0.37254 0.86837
vn 0.17707 -0.28086 0.94327
vn 0.44261 -0.4467 0.77753
vn 0.36299 -0.42276 0.83037
vn 0.37359 -0.42314 0.82546
vn 0.0432 -0.20105 0.97863
vn -0.03399 -0.15377 0.98752
vn 0.11812 -0.27206 0.955
vn 0.41315 -0.45774 0.78726
vn 0.3182 -0.27503 -0.90725
vn 0.42887 -0.29419 -0.85412
vn 0.45827 -0.34185 -0.82044
vn 0.37136 -0.27711 -0.88617
vn 0.2533 -0.17351 -0.9517
vn 0.63638 -0.45109 -0.62573
vn 0.55639 -0.35271 -0.75235
vn 0.61765 -0.43137 -0.6576
vn 0.47185 -0.2685 -0.8398
vn 0.21114 -0.14589 -0.96651
vn 0.29686 -0.13362 -0.94553
vn 0.38945 -0.20392 -0.89819
vn 0.15314 -0.09316 -0.9838
vn 0.2289 -0.24929 -0.94099
vn 0.05356 0.01376 -0.99847
vn 0.2244 -0.07563 -0.97156
vn 0.08599 -0.03172 -0.99579
vn 0.08989 0.01199 -0.99588
vn 0.3155 -0.053 -0.94745
vn -0.29897 0.0798 0.95092
vn -0.16741 0.00844 0.98585
vn -0.37143 0.02853 0.92802
vn -0.34352 0.12336 0.93101
vn -0.12085 -0.09344 0.98826
vn -0.31207 0.0479 0.94885
vn -0.08339 -0.13666 0.9871
vn -0.08206 -0.12091 0.98927
vn -0.16746 -0.09739 0.98106
vn -0.62065 0.32558 0.71329
vn -0.72553 0.39797 0.56145
vn -0.67842 0.36018 0.64032
vn -0.45585 0.2352 0.85842
vn -0.64052 0.3151 0.70031
vn -0.46063 0.1063 0.8812
vn -0.555 0.17001 0.81429
vn -0.13852 0.17731 -0.97436
vn -0.06475 0.1049 -0.99237
vn -0.36689 0.37794 -0.85003
vn -0.36249 0.3949 -0.84419
vn -0.46605 0.4422 -0.76632
vn -0.55761 0.41742 -0.71752
vn -0.55744 0.50394 -0.65978
vn -0.60445 0.45298 -0.65532
vn -0.48369 0.43011 -0.76226
vn -0.57241 0.4938 -0.65461
vn -0.40155 0.39 -0.82865
vn -0.26184 0.38178 -0.88639
vn -0.21451 0.40638 -0.88817
vn -0.19492 0.2219 -0.95539
vn -0.04352 0.11705 -0.99217
vn -0.15301 0.21596 -0.96434
vn 0.06892 0.12299 -0.99001
vn 0.07456 -0.02484 -0.99691
vn -0.11793 0.20807 -0.97098
vn -0.26543 0.37301 -0.88905
vn -0.29098 0.2774 -0.91563
vn -0.18633 0.32238 -0.92809
vn -0.28414 0.40148 -0.87067
vn -0.28881 0.31845 -0.90287
vn -0.10171 0.39507 -0.913
vn -0.66137 0.33041 0.67336
vn -0.74068 0.49452 0.4548
vn -0.70572 0.25329 0.66166
vn -0.78607 0.49625 0.36856
vn -0.82067 0.51602 0.24539
vn -0.8298 0.52114 0.19962
vn -0.78701 0.48481 0.38153
vn -0.74864 0.55706 0.35946
vn -0.82428 0.55584 0.10776
vn -0.79091 0.49189 0.36402
vn -0.79137 0.58624 0.17337
vn -0.64801 0.17556 0.74112
vn -0.59652 0.15159 0.78815
vn -0.79973 0.56434 0.20484
vn -0.79635 0.17642 0.57853
vn -0.84997 0.11152 0.51489
vn -0.90007 0.39611 0.18156
vn -0.94698 0.20362 0.24855
vn -0.82547 0.47614 0.30314
vn -0.82513 0.56387 0.03468
vn -0.82084 0.55694 -0.12661
vn -0.83187 0.55494 0.00566
vn -0.8404 0.53916 0.05507
vn -0.77914 0.56115 -0.27937
vn -0.79698 0.57796 -0.17547
vn -0.78096 0.54204 -0.31031
vn -0.81771 0.57493 -0.02862
vn -0.70775 0.49729 -0.50179
vn -0.71984 0.5258 -0.45317
vn -0.74259 0.52494 -0.41593
vn -0.75839 0.53589 -0.37103
vn -0.66983 0.46554 -0.57844
vn -0.80785 0.52429 -0.26924
vn -0.9121 0.40951 0.01934
vn -0.87856 0.47446 0.05499
vn -0.8181 0.5744 0.02804
vn -0.72848 0.47538 -0.49329
vn -0.64007 0.39207 -0.66076
vn -0.94671 0.3156 -0.06426
vn -0.81773 0.41682 -0.39697
vn -0.78888 0.46158 -0.40573
vn -0.63256 0.48358 -0.605
vn -0.56785 0.27078 -0.77732
vn -0.60421 0.34348 -0.719
vn 0.08511 -0.16624 0.98241
vn -0.09214 -0.59381 0.79931
vn 0.19121 -0.43508 0.87986
vn 0.28791 -0.14074 0.94726
vn 0.78821 -0.25067 0.56204
vn 0.57331 -0.30998 0.75844
vn 0.97872 0.09012 0.18433
vn 0.88054 0.39926 -0.25543
vn 0.74273 0.61194 -0.27182
vn 0.85837 0.45166 0.24332
vn 0.5237 0.55738 -0.64426
vn 0.68965 0.40667 -0.59916
vn 0.77278 -0.22234 0.59445
vn 0.08944 -0.50976 0.85565
vn 0.24424 0.1345 0.96034
vn 0.13286 0.07647 0.98818
vn -0.08108 -0.35155 0.93265
vn -0.12873 -0.48406 0.86551
vn -0.33724 -0.68326 0.64763
vn 0.08464 0.1373 -0.98691
vn 0.40526 0.37323 -0.83455
vn 0.15645 0.00199 -0.98768
vn -0.14199 -0.54444 0.8267
vn -0.0967 -0.72685 0.67995
vn -0.09746 -0.6975 0.70992
vn -0.23551 -0.88752 0.39604
vn -0.28601 -0.62919 0.72272
vn -0.26569 -0.35528 0.8962
vn -0.27937 -0.43071 0.85816
vn -0.33395 -0.54489 0.76914
vn -0.34513 -0.40361 0.84734
vn -0.17019 -0.5499 0.81771
vn 0.06501 -0.01203 -0.99781
vn -0.02136 -0.30108 -0.95336
vn 0.20045 0.05313 -0.97826
vn -0.33258 -0.61266 0.71697
vn -0.47342 -0.70601 0.52671
vn -0.37737 -0.85746 0.3498
vn -0.42673 -0.82122 0.37881
vn 0.29416 0.11028 -0.94937
vn -0.00413 -0.26559 -0.96408
vn 0.04555 0.02198 -0.99872
vn -0.0362 -0.19576 -0.97998
vn -0.05374 -0.58072 -0.81233
vn -0.18335 -0.70597 -0.68409
vn 0.11303 -0.61469 -0.78063
vn -0.42195 -0.66324 -0.61812
vn -0.33532 -0.38987 0.85765
vn -0.19122 -0.43054 -0.88208
vn -0.70019 -0.61954 -0.35483
vn -0.7832 -0.55521 -0.27988
vn -0.66161 -0.52286 0.53749
vn -0.0691 -0.38486 0.92039
vn -0.32574 -0.42426 0.84492
vn 0.22257 -0.35548 0.9078
vn 0.34422 -0.38969 0.8542
vn 0.60747 -0.32496 0.72483
vn 0.76568 -0.35947 0.53341
vn 0.1639 -0.33538 0.92771
vn 0.12715 -0.14593 0.98109
vn 0.05805 -0.16469 0.98464
vn -0.30894 -0.30349 0.90136
vn 0.42778 -0.04845 0.90258
vn 0.45736 -0.00022 0.88928
vn 0.71716 0.37183 0.58943
vn 0.95484 0.1363 0.26401
vn 0.26765 0.38415 0.88363
vn 0.22475 0.12753 -0.96603
vn 0.07744 0.12114 -0.98961
vn -0.09708 -0.00205 -0.99527
vn 0.86038 -0.03203 -0.50864
vn 0.60045 -0.07969 -0.79568
vn 0.82189 -0.15638 -0.54776
vn 0.54223 0.16109 -0.82464
vn -0.03693 -0.1864 -0.98178
vn 0.06779 -0.40776 -0.91057
vn 0.08196 0.18762 -0.97882
vn 0.2834 -0.32147 -0.90352
vn -0.44658 -0.40696 0.79684
vn -0.51092 -0.34953 0.78536
vn -0.54771 -0.36127 0.75465
vn -0.61655 -0.45752 0.64073
vn -0.50422 -0.38664 0.77219
vn -0.48476 -0.39076 0.7825
vn -0.45999 -0.29787 0.83647
vn -0.54428 -0.34228 0.7659
vn -0.55553 -0.14433 -0.81887
vn -0.24194 0.13564 0.96076
vn -0.55941 -0.37523 0.7391
vn -0.56197 -0.37494 0.7373
vn -0.54771 -0.37654 0.74715
vn -0.90572 -0.29376 0.30557
vn -0.84067 -0.433 0.32525
vn -0.9159 -0.39888 0.04503
vn -0.02653 0.17395 -0.9844
vn 0.34819 0.33726 -0.87465
vn -0.17897 -0.46289 -0.86816
vn -0.40202 -0.15123 -0.90306
vn -0.39249 -0.04087 -0.91885
vn -0.2093 0.05167 -0.97649
vn 0.32295 0.32989 -0.88706
vn 0.73988 -0.49994 0.45016
vn 0.70611 -0.50289 0.4985
vn 0.66227 -0.43774 0.6081
vn 0.74167 -0.44603 0.50099
vn 0.78534 -0.61585 0.06302
vn 0.84718 -0.53107 -0.01587
vn 0.83111 -0.54664 0.10216
vn 0.79173 -0.58545 0.17437
vn 0.79917 -0.48069 0.36093
vn 0.82228 -0.48564 0.29667
vn 0.84546 -0.47693 0.24029
vn 0.76122 -0.53901 0.36056
vn 0.78536 -0.57498 0.22937
vn 0.83328 -0.54305 0.1036
vn 0.84451 -0.53437 0.03527
vn 0.88179 -0.46466 0.08084
vn 0.8435 -0.50189 0.19134
vn 0.60429 -0.59533 0.52954
vn 0.49059 -0.79724 0.35175
vn 0.56734 -0.80587 0.16941
vn 0.55659 -0.82719 0.07729
vn 0.84932 -0.52193 0.07907
vn 0.54977 -0.8329 0.06345
vn 0.82343 -0.55903 -0.09717
vn 0.86864 -0.44738 -0.21287
vn 0.84065 -0.49679 -0.21565
vn 0.7718 -0.44875 -0.4505
vn 0.80555 -0.54657 -0.2288
vn 0.85523 -0.51735 -0.03058
vn 0.73822 -0.45867 -0.49463
vn 0.77562 -0.42241 -0.46903
vn 0.71511 -0.40043 -0.57295
vn 0.70784 -0.39782 -0.58369
vn 0.6161 -0.36483 -0.69808
vn 0.69313 -0.40316 -0.59752
vn 0.52976 -0.84774 -0.02628
vn 0.64652 -0.69406 -0.31669
vn 0.8118 -0.32255 -0.48677
vn 0.53346 -0.34928 0.77034
vn 0.59329 -0.34602 0.72682
vn 0.42141 -0.54721 0.72317
vn 0.43024 -0.27672 0.85925
vn 0.54584 -0.59034 0.59461
vn 0.20135 -0.67747 0.70745
vn 0.24309 -0.78044 0.57604
vn -0.04106 -0.16138 0.98604
vn -0.12437 -0.39908 0.90844
vn 0.08096 -0.43735 0.89564
vn 0.17599 -0.23862 0.95503
vn 0.23371 -0.32165 0.91756
vn 0.26353 -0.23744 0.93497
vn 0.1475 -0.45832 0.87646
vn -0.00207 -0.64883 0.76093
vn 0.11512 -0.57224 0.81196
vn 0.00953 -0.62609 0.77969
vn 0.20978 -0.76863 0.60432
vn 0.23985 -0.68826 0.68467
vn 0.1831 -0.78724 0.58883
vn 0.08276 -0.97574 0.20267
vn 0.20834 -0.85522 0.47455
vn 0.33713 -0.77607 0.53297
vn 0.50408 -0.82583 0.25281
vn 0.40616 -0.30285 -0.86216
vn 0.4854 -0.27782 -0.82898
vn 0.65322 -0.42286 -0.62809
vn 0.58129 -0.38882 -0.71479
vn 0.08496 -0.98873 -0.12327
vn 0.0263 -0.99925 0.02837
vn -0.01834 -0.99603 0.08714
vn 0.04636 -0.99174 0.11963
vn 0.08368 -0.98933 -0.11924
vn 0.58729 -0.48141 -0.65064
vn 0.49627 -0.43867 -0.74919
vn 0.27032 -0.4731 -0.83851
vn 0.39791 -0.42235 -0.81442
vn 0.14905 -0.2254 -0.9628
vn -0.08077 -0.07698 -0.99376
vn 0.05992 -0.09674 -0.9935
vn 0.01004 -0.26255 -0.96487
vn 0.61411 -0.76487 -0.19453
vn 0.16965 -0.48743 -0.85652
vn 0.33939 -0.32264 -0.88358
vn 0.2368 -0.18403 -0.95397
vn 0.16573 -0.30615 -0.93745
vn 0.06753 -0.3506 -0.93409
vn -0.01085 -0.27336 -0.96185
vn 0.14677 -0.43105 -0.89031
vn -0.27622 -0.1454 0.95003
vn -0.15733 -0.40452 0.9009
vn -0.39433 -0.16208 0.90456
vn -0.33087 -0.22382 0.91675
vn -0.41923 -0.09091 0.90332
vn -0.04259 -0.57859 0.8145
vn -0.14849 -0.47456 0.86761
vn 0.18145 -0.38283 0.90582
vn -0.53557 -0.04321 0.84339
vn -0.6325 -0.01757 0.77436
vn -0.679 0.10971 0.7259
vn -0.58184 0.07831 0.80953
vn -0.38189 -0.1438 0.91295
vn -0.50814 0.03273 0.86065
vn -0.28827 -0.16947 0.94243
vn -0.1875 -0.06039 -0.98041
vn -0.25943 0.18202 -0.94845
vn -0.42917 0.17039 -0.88701
vn -0.46226 0.28988 -0.83803
vn -0.47262 0.18181 -0.86231
vn -0.28235 0.18877 -0.94055
vn -0.37945 0.25978 -0.88799
vn -0.37649 0.23985 -0.89483
vn -0.28458 0.09357 -0.95408
vn -0.2542 0.21744 -0.94239
vn -0.12639 0.04969 -0.99073
vn -0.31226 0.15922 -0.93656
vn -0.24595 0.0184 -0.96911
vn -0.09451 -0.11957 -0.98832
vn -0.15908 -0.00523 -0.98725
vn 0.04445 -0.12026 -0.99175
vn -0.02947 0.01757 -0.99941
vn -0.31294 0.12198 -0.94191
vn -0.76915 0.25024 0.58804
vn -0.70196 0.22707 0.67505
vn -0.61401 0.22888 0.75538
vn -0.44207 0.11882 0.88908
vn -0.6212 0.31391 0.71804
vn -0.7565 0.32711 0.5663
vn -0.79573 0.36989 0.47958
vn -0.83311 0.43205 0.34534
vn -0.79928 0.47075 0.37356
vn -0.70849 0.37239 0.59947
vn -0.69059 0.36215 0.62605
vn -0.90251 0.42969 0.029
vn -0.84051 0.53398 0.09175
vn -0.88448 0.43162 0.17721
vn -0.81891 0.50464 0.27338
vn -0.51702 0.22305 0.8264
vn -0.80162 0.41664 0.42874
vn -0.69603 0.36941 0.6157
vn -0.81167 0.50235 0.29803
vn -0.79439 0.50569 0.33648
vn -0.78642 0.51166 0.34605
vn -0.83586 0.52424 0.16281
vn -0.83979 0.54274 -0.0138
vn -0.84318 0.52911 0.09533
vn -0.82149 0.46786 0.32598
vn -0.76563 0.41741 0.48948
vn -0.80263 0.51774 0.29621
vn -0.84407 0.50094 0.19132
vn -0.75739 0.46392 0.4595
vn -0.83533 0.5394 0.10615
vn -0.85123 0.52405 0.02787
vn -0.84369 0.45837 -0.27943
vn -0.79845 0.46861 -0.37799
vn -0.8434 0.52616 -0.10874
vn -0.76465 0.41551 -0.4926
vn -0.78926 0.52671 -0.31566
vn -0.50331 0.31263 -0.80557
vn -0.66195 0.32805 -0.67394
vn -0.67186 0.40042 -0.62312
vn -0.50455 0.25373 -0.82526
vn -0.38814 0.28587 -0.87614
vn -0.63035 0.46019 -0.6252
vn -0.5868 0.37313 -0.71864
vn -0.64684 0.39466 -0.65257
vn -0.51386 0.3027 -0.8027
vn -0.27818 0.30448 -0.91099
vn -0.82068 0.52425 -0.22724
vn -0.83437 0.53545 -0.13082
vn -0.76673 0.51273 -0.3863
vn -0.83123 0.54989 -0.08168
vn -0.66428 0.45638 -0.59198
vn -0.69257 0.49827 -0.5216
vn -0.78764 0.52627 -0.32042
vn -0.8357 0.52913 -0.14708
vn -0.62055 0.5504 -0.55855
vn -0.54562 0.4531 -0.70499
vn -0.80736 0.48502 0.33606
vn -0.85345 0.50209 0.13976
vn -0.77537 0.56659 -0.27888
vn 0.07897 0.26595 0.96075
vn 0.15222 0.18767 0.97037
vn 0.44447 0.84777 -0.28938
vn 0.52073 0.85372 0.00084
vn 0.57654 0.81217 -0.08932
vn 0.49156 -0.67155 0.55443
vn 0.34154 -0.80284 0.48867
vn 0.87277 0.09194 0.47939
vn 0.97473 0.21342 0.06599
vn 0.60179 0.14017 0.78626
vn 0.33429 -0.34437 0.8773
vn 0.16331 -0.24565 0.9555
vn 0.42822 0.35042 0.83297
vn 0.75472 0.56445 0.33436
vn 0.26597 0.48453 0.83336
vn 0.6628 0.37686 0.64705
vn 0.68965 0.72399 0.0146
vn 0.6825 0.3693 0.63072
vn 0.79817 -0.60212 0.01929
vn 0.65604 -0.10006 0.74807
vn -0.14826 -0.466 0.87228
vn -0.0915 -0.58491 0.80592
vn -0.07741 -0.49809 0.86366
vn 0.94419 -0.07115 0.32161
vn 0.20675 0.23473 -0.94982
vn 0.58046 0.12289 -0.80496
vn 0.58712 0.12103 -0.8004
vn 0.97829 0.17729 -0.10734
vn 0.96535 0.1037 -0.23946
vn 0.80314 0.40119 0.44048
vn -0.21287 -0.34693 0.91341
vn -0.22473 -0.49502 0.83932
vn -0.09996 -0.22101 -0.97014
vn 0.7702 0.56083 -0.30373
vn 0.29715 0.31393 -0.90175
vn 0.45744 0.30332 -0.83591
vn 0.09636 0.12568 -0.98738
vn 0.02066 0.01029 -0.99973
vn 0.28694 0.05855 -0.95616
vn 0.04606 0.1098 -0.99289
vn 0.54393 0.20958 -0.81253
vn -0.23154 -0.08565 -0.96905
vn -0.7193 -0.383 0.57958
vn -0.71679 -0.35401 0.60074
vn -0.71969 -0.38875 0.57526
vn -0.29176 -0.84217 0.45345
vn -0.671 -0.53197 0.51649
vn -0.86114 -0.25536 0.43958
vn -0.92322 -0.29598 0.24508
vn -0.67273 -0.30034 0.67619
vn -0.91446 -0.16235 0.37069
vn -0.85904 -0.25122 0.44602
vn -0.58135 -0.40734 0.70435
vn -0.54221 0.01896 -0.84003
vn -0.93365 -0.29 -0.21023
vn -0.9378 -0.22799 0.26183
vn -0.99309 -0.11193 0.03513
vn -0.93049 -0.28591 0.22901
vn -0.99915 0.037 -0.0182
vn -0.23995 -0.5676 0.78756
vn -0.30387 -0.63922 0.70644
vn -0.74531 -0.52879 0.40607
vn -0.74738 -0.5074 0.42893
vn -0.92874 -0.33157 0.16587
vn -0.82671 -0.49444 0.26849
vn -0.20564 -0.18996 0.96001
vn -0.26831 -0.16017 0.94992
vn 0.37776 -0.28835 0.87986
vn 0.78151 -0.04013 0.6226
vn 0.99823 0.04694 0.03662
vn 0.95913 -0.14518 0.24287
vn 0.93346 0.04412 0.35596
vn -0.21116 -0.38952 0.89648
vn 0.21762 -0.34607 0.91262
vn 0.75216 -0.3392 0.56497
vn 0.97876 0.13863 0.15101
vn 0.18474 -0.28911 0.9393
vn -0.49994 -0.00495 -0.86604
vn -0.43962 -0.09543 -0.8931
vn 0.45006 -0.2474 -0.85804
vn -0.26285 -0.28702 -0.92116
vn 0.01632 -0.11135 -0.99365
vn 0.98693 -0.12951 -0.09591
vn 0.64957 -0.07942 -0.75614
vn 0.97833 -0.17081 -0.11704
vn 0.91359 0.1771 -0.36605
vn 0.35283 0.08117 -0.93216
vn 0.86418 -0.04058 -0.50154
vn -0.16129 0.14119 -0.97676
vn -0.71795 -0.09366 0.68977
vn -0.6622 -0.15671 0.73275
vn -0.771 -0.18016 -0.61083
vn -0.97493 -0.15285 -0.16168
vn -0.91042 -0.18857 -0.3682
vn -0.92893 0.34761 0.12749
vn -0.91023 0.38971 -0.14004
vn -0.92166 0.36647 -0.12745
vn -0.12678 -0.20882 0.9697
vn -0.59615 -0.27144 0.7556
vn -0.58621 -0.27523 0.76198
vn -0.55471 -0.32678 0.76518
vn -0.65545 -0.18863 0.7313
vn -0.55631 -0.29602 0.77646
vn -0.54552 -0.3022 0.78172
vn -0.9301 0.01238 -0.36709
vn -0.51564 -0.15826 0.84206
vn -0.50656 0.2689 -0.8192
vn -0.85867 0.2557 -0.44418
vn -0.89371 0.30804 -0.32617
vn -0.87273 0.36417 -0.32514
vn -0.3099 -0.24818 -0.9178
vn -0.52465 -0.36278 -0.77015
vn -0.13677 -0.04013 -0.98979
vn -0.10175 0.03128 -0.99432
vn -0.09908 0.30514 -0.94714
vn -0.27761 0.14278 -0.95002
vn -0.22158 -0.17152 -0.95994
vn 0.76084 -0.61244 0.21456
vn 0.78997 -0.5992 0.13
vn 0.63648 -0.75591 0.15328
vn 0.85006 -0.49174 0.18866
vn 0.80984 -0.49569 0.31377
vn 0.78931 -0.48782 0.37287
vn 0.70683 -0.70281 0.0803
vn 0.61275 -0.77379 0.16057
vn 0.84453 -0.5292 0.082
vn 0.81447 -0.50832 0.27974
vn 0.84541 -0.51919 0.12541
vn 0.86406 -0.49842 0.07057
vn 0.74833 -0.66211 -0.04017
vn 0.82225 -0.55954 -0.10402
vn 0.68581 -0.71487 -0.1365
vn 0.59849 -0.79669 0.08425
vn 0.70046 -0.7087 0.08429
vn 0.58547 -0.81064 -0.00918
vn 0.82588 -0.56322 0.02675
vn 0.65079 -0.50645 0.56567
vn 0.69017 -0.52314 0.49999
vn 0.49476 -0.50739 0.70553
vn 0.75972 -0.5193 0.39134
vn 0.50611 -0.46815 0.72435
vn 0.74549 -0.51781 0.41966
vn 0.6887 -0.4808 0.5427
vn 0.25053 -0.35125 0.90214
vn 0.23889 -0.23966 0.94101
vn 0.4516 -0.32685 0.83019
vn 0.2884 -0.42684 0.85711
vn 0.40344 -0.37104 0.8364
vn 0.3313 -0.49055 0.80598
vn 0.43013 -0.49521 0.75482
vn 0.51668 -0.34569 0.78329
vn 0.55499 -0.39828 0.73031
vn 0.43345 -0.31023 0.8461
vn 0.63672 -0.45187 0.62482
vn 0.68436 -0.60235 0.41089
vn 0.79336 -0.50019 0.34697
vn 0.85425 -0.51938 0.02249
vn 0.79474 -0.54351 0.27016
vn 0.77588 -0.49432 0.39199
vn 0.72706 -0.50129 0.46914
vn 0.77679 -0.55226 0.30267
vn 0.87292 -0.48776 0.01039
vn 0.83537 -0.50953 -0.20626
vn 0.82575 -0.48935 -0.2805
vn 0.81983 -0.51711 -0.24593
vn 0.38731 -0.61528 -0.68659
vn 0.26056 -0.6594 -0.7052
vn 0.32202 -0.69753 -0.64012
vn 0.39713 -0.63022 -0.66716
vn 0.62494 -0.49146 -0.60657
vn 0.49576 -0.49681 -0.71232
vn 0.85419 -0.50309 -0.13138
vn 0.73943 -0.46029 -0.4913
vn 0.72691 -0.37378 -0.5761
vn 0.72524 -0.3881 -0.56868
vn 0.68057 -0.28033 -0.67694
vn 0.55542 -0.34385 -0.75714
vn 0.69783 -0.17554 -0.69442
vn 0.81668 -0.51175 -0.26674
vn 0.74905 -0.47994 -0.45671
vn 0.68585 -0.3299 -0.64868
vn 0.30641 -0.48211 -0.82078
vn 0.32219 -0.27096 -0.90707
vn 0.57998 -0.24399 -0.77723
vn 0.51059 -0.14577 -0.84738
vn 0.38228 -0.24827 -0.89007
vn 0.53196 -0.36693 -0.76314
vn 0.05226 -0.23973 0.96943
vn -0.04237 -0.1599 0.98622
vn 0.02863 -0.2019 0.97899
vn 0.14552 -0.19872 0.96919
vn 0.03314 -0.14685 0.9886
vn 0.21989 -0.14117 0.96526
vn 0.29494 -0.18071 0.93827
vn 0.46823 -0.31123 0.82698
vn 0.26135 -0.11245 0.95867
vn 0.11203 -0.06891 0.99131
vn -0.3011 0.07293 0.9508
vn -0.31619 -0.03716 0.94797
vn -0.09674 -0.0914 0.9911
vn -0.02185 -0.07067 0.99726
vn 0.0724 -0.08 0.99416
vn -0.04444 -0.02393 0.99873
vn -0.21532 -0.02142 0.97631
vn 0.00586 -0.06444 0.9979
vn 0.09483 0.16028 -0.98251
vn 0.34702 -0.06335 -0.93571
vn 0.21242 -0.00278 -0.97718
vn -0.22469 0.12333 -0.96659
vn -0.27849 0.15116 -0.94847
vn -0.22726 0.27613 -0.93387
vn -0.26749 0.07355 -0.96075
vn -0.17312 0.06629 -0.98267
vn 0.13478 -0.11711 -0.98393
vn -0.05534 0.06506 -0.99635
vn -0.11182 -0.05915 -0.99197
vn 0.18775 -0.24931 -0.95005
vn 0.18886 -0.25015 -0.94961
vn 0.01047 -0.13476 -0.99082
vn -0.1806 0.03391 -0.98297
vn -0.28086 0.07373 -0.95691
vn -0.48762 0.23909 0.83968
vn -0.26208 0.02033 0.96483
vn -0.42701 0.0738 0.90123
vn -0.54615 0.2091 0.81117
vn -0.59539 0.08613 0.79881
vn -0.56853 0.41908 0.70792
vn -0.34679 0.06721 0.93553
vn -0.56929 0.09095 0.81709
vn -0.69679 0.20722 0.68669
vn -0.63984 0.49263 0.58985
vn -0.80448 0.15594 0.57314
vn -0.75125 0.09495 0.65316
vn -0.73043 0.16176 0.66355
vn -0.9419 0.19548 0.27314
vn -0.9516 0.20391 0.22995
vn -0.92913 0.21643 0.2998
vn -0.82779 0.05037 0.55877
vn -0.79182 0.14889 0.59233
vn -0.94636 0.23242 0.22446
vn -0.77697 0.20751 0.59435
vn -0.91323 0.27011 0.30505
vn -0.82995 0.29435 0.47386
vn -0.30858 0.05432 -0.94965
vn -0.66502 0.55922 -0.495
vn -0.5777 0.53026 -0.62055
vn -0.57928 0.54876 -0.60274
vn -0.28723 -0.01837 -0.95769
vn -0.36821 0.03499 -0.92908
vn -0.27359 0.05678 -0.96017
vn -0.29734 0.06559 -0.95252
vn -0.51664 0.21621 -0.82846
vn -0.56527 0.13533 -0.81373
vn -0.28449 0.08272 -0.9551
vn -0.58021 0.0766 -0.81085
vn -0.6784 0.56725 -0.4669
vn -0.7276 0.46005 -0.50888
vn -0.65613 0.57141 -0.49294
vn -0.88116 0.40872 -0.2377
vn -0.83198 0.44081 -0.33689
vn -0.79032 0.42675 -0.43965
vn -0.70596 0.47778 -0.52282
vn -0.65513 0.54176 -0.52659
vn -0.65814 0.59243 -0.46462
vn -0.65091 0.37771 -0.65852
vn -0.69901 0.22903 -0.67744
vn -0.73049 0.40365 -0.55086
vn -0.85861 0.41581 -0.29982
vn -0.75483 0.40917 -0.51266
vn -0.60826 0.41811 -0.67469
vn -0.45362 0.18014 -0.8728
vn -0.47465 0.54413 -0.69183
vn -0.50942 0.47057 -0.72046
vn -0.30582 0.06693 -0.94973
vn -0.31854 0.06452 -0.94571
vn -0.30355 0.07812 -0.94961
vn -0.61913 0.13079 -0.77432
vn -0.63861 0.07672 -0.76569
vn -0.85085 0.16804 0.49782
vn -0.85238 0.08206 0.51645
vn -0.8607 0.05185 0.50646
vn -0.87707 0.40205 0.26288
vn -0.92098 0.1682 0.35142
vn -0.74498 0.61079 0.26821
vn -0.8921 0.42552 0.15194
vn -0.9437 0.33078 0.00382
vn -0.95114 0.3033 0.05773
vn -0.89718 0.41511 -0.15084
vn -0.76533 0.64104 -0.05777
vn -0.82864 0.24965 0.50103
vn -0.94829 0.24429 0.20265
vn -0.94874 0.31469 -0.02942
vn -0.78774 0.51765 -0.33392
vn -0.75533 0.6419 -0.13208
vn -0.9533 0.24712 -0.17365
vn 0.46256 -0.8479 0.25906
vn 0.41074 -0.79831 0.44045
vn 0.56293 -0.77681 0.28225
vn 0.69728 -0.71574 0.03895
vn 0.82019 -0.56726 0.07419
vn 0.87577 -0.47244 -0.09913
vn 0.79767 -0.60153 0.04333
vn 0.61751 -0.72995 0.29299
vn 0.43349 -0.89145 0.13191
vn 0.20257 -0.96694 0.15491
vn 0.21476 -0.94359 0.25201
vn 0.43685 -0.86303 0.25365
vn 0.64008 -0.76434 0.078
vn 0.56316 -0.82344 -0.06924
vn 0.40519 -0.91117 -0.07482
vn -0.23336 -0.73349 0.63838
vn -0.38525 -0.73611 0.55653
vn 0.72462 0.06848 -0.68574
vn 0.78189 -0.60216 -0.16139
vn 0.5745 0.30728 -0.75863
vn 0.10343 -0.62583 0.77307
vn -0.25905 -0.609 0.74967
vn 0.08168 -0.56054 0.82409
vn 0.02336 -0.6838 0.7293
vn 0.10577 -0.69202 0.71409
vn 0.63972 -0.74806 0.17654
vn 0.33547 -0.67252 0.65968
vn 0.50402 -0.70761 0.49523
vn 0.16599 -0.57161 0.80356
vn 0.0326 -0.6086 0.7928
vn -0.87709 0.45172 -0.1633
vn -0.91534 0.37184 -0.15456
vn -0.75585 0.48714 -0.43747
vn -0.593 -0.57284 0.56587
vn -0.77495 -0.4374 0.45621
vn -0.6531 -0.45443 0.60577
vn -0.70823 -0.44924 0.5446
vn 0.71482 -0.6904 -0.11123
vn 0.72072 -0.69207 0.03997
vn 0.56038 0.19584 -0.80475
vn 0.62127 -0.00632 -0.78357
vn 0.39834 -0.19157 -0.89701
vn 0.28678 -0.15021 -0.94615
vn 0.06484 -0.14893 -0.98672
vn 0.17501 0.26231 -0.94898
vn 0.12086 -0.47407 -0.87215
vn 0.09878 -0.34676 -0.93274
vn 0.2271 -0.21586 -0.94965
vn -0.75673 0.51186 -0.40664
vn -0.87557 0.23858 -0.42007
vn -0.60532 0.46674 -0.64478
vn -0.75874 0.55631 -0.33886
vn -0.80329 0.46618 -0.37067
vn -0.33003 0.14721 -0.93242
vn -0.41896 -0.07672 -0.90476
vn -0.81719 -0.42547 0.38882
vn 0.30476 -0.70672 0.63848
vn 0.24631 -0.7704 0.58806
vn 0.23395 -0.81804 0.52544
vn -0.26287 -0.61403 0.74422
vn 0.07945 -0.65447 0.7519
vn -0.28318 -0.48909 0.82498
vn -0.49158 -0.29184 0.82048
vn -0.39515 -0.37336 0.83932
vn -0.24036 -0.54481 0.80337
vn -0.51439 -0.19651 0.83474
vn 0.40774 -0.87191 0.27116
vn 0.44612 -0.80623 0.38856
vn 0.36838 -0.82296 0.43247
vn 0.54527 -0.81407 0.19992
vn 0.53857 -0.84178 0.03672
vn 0.54214 -0.82796 0.14337
vn 0.46657 -0.85305 0.23368
vn 0.4539 -0.85041 0.26605
vn 0.53912 -0.83063 -0.13929
vn 0.52562 -0.83597 0.1577
vn 0.4449 -0.85537 0.26533
vn 0.47449 -0.84706 0.23947
vn 0.4595 -0.85597 0.23703
vn 0.39722 -0.88459 0.24436
vn 0.46452 -0.87894 0.1081
vn -0.71968 -0.53184 0.44632
vn -0.66884 -0.58173 0.46287
vn -0.73961 -0.47291 0.47888
vn -0.27725 -0.6185 0.73524
vn -0.1712 -0.57029 0.80341
vn -0.65188 -0.44886 0.61121
vn -0.57099 -0.33313 0.75033
vn -0.57171 -0.36093 0.7368
vn 0.0663 -0.7734 0.63045
vn 0.03308 -0.79654 0.60369
vn -0.23685 -0.75748 0.60838
vn -0.27872 -0.77282 0.57015
vn 0.37445 -0.89131 0.25564
vn -0.01959 -0.88252 0.46986
vn 0.39191 -0.86171 0.32229
vn 0.46378 -0.85574 0.22936
vn 0.24796 -0.87962 0.40595
vn 0.5893 -0.79964 -0.11539
vn 0.53169 -0.77688 -0.33728
vn 0.52987 -0.78149 -0.3294
vn 0.47553 -0.84462 -0.24594
vn 0.56542 -0.78113 -0.26484
vn 0.66961 -0.73851 -0.07893
vn 0.38262 -0.54721 -0.74442
vn 0.47103 -0.69216 -0.54685
vn 0.34703 -0.49598 -0.79597
vn 0.16473 -0.34577 -0.92375
vn 0.47767 -0.81779 0.32101
vn 0.72594 -0.68688 -0.03484
vn 0.74136 -0.65174 -0.16009
vn 0.67535 -0.43881 -0.59275
vn 0.72048 -0.02318 -0.69309
vn 0.52864 -0.09215 -0.84383
vn -0.42827 -0.84457 -0.32138
vn -0.43836 -0.89501 -0.0824
vn -0.79777 -0.15717 -0.58212
vn -0.77056 -0.07786 -0.63259
vn 0.31158 -0.20942 -0.92685
vn 0.39494 -0.20041 -0.89658
vn 0.19608 -0.26987 -0.94272
vn 0.13538 -0.097 -0.98603
vn -0.58955 0.42292 -0.68817
vn 0.39622 -0.68899 0.60688
vn -0.63941 0.1315 0.75754
vn 0.43591 -0.64311 0.6296
vn 0.0462 0.3112 -0.94922
vn 0.15142 0.47635 -0.86612
vn -0.66355 -0.01308 0.74801
vn -0.68268 -0.17743 0.70885
vn -0.59926 -0.57515 0.55685
vn -0.63036 -0.37341 0.68059
vn -0.47833 -0.86837 0.13087
vn -0.69952 -0.5777 0.42064
vn -0.32747 -0.86548 0.37907
vn -0.44819 -0.79744 0.40401
vn -0.92317 -0.05645 0.38022
vn -0.77665 -0.37676 0.50485
vn -0.64183 -0.49097 0.58907
vn -0.79383 -0.28442 0.53753
vn -0.37635 -0.84692 0.37562
vn -0.4849 -0.81446 0.31863
vn -0.65707 -0.62826 0.41659
vn 0.08129 0.49768 0.86354
vn -0.6077 0.44751 0.65608
vn -0.53829 0.11557 0.8348
vn -0.2883 -0.18906 0.93869
vn -0.77629 -0.13074 0.61666
vn -0.52088 -0.33032 0.78713
vn 0.31726 -0.72058 0.61654
vn 0.22545 -0.76616 0.60181
vn 0.30035 -0.6064 0.73626
vn -0.18414 -0.92528 0.33159
vn 0.22111 -0.96259 0.1566
vn 0.4331 -0.22976 -0.87157
vn 0.32785 -0.22753 -0.91692
vn 0.13189 -0.85739 0.49747
vn 0.35516 -0.84824 0.39288
vn -0.94979 -0.22252 -0.21997
vn 0.75777 -0.64416 -0.10414
vn -0.98757 0.14032 0.07089
vn 0.83394 -0.54789 0.06605
vn -0.97569 0.18646 0.11517
vn -0.37198 0.63298 -0.67894
vn 0.85042 -0.52005 -0.0796
vn -0.07328 -0.77467 0.62811
vn -0.24699 0.42356 -0.87155
vn -0.82577 -0.45998 0.32639
vn -0.60437 -0.78417 0.14074
vn -0.86184 -0.41363 0.29351
vn -0.4783 -0.86816 0.13238
vn 0.47337 0.81631 -0.33099
vn -0.62116 0.23974 0.74612
vn -0.64481 -0.54604 0.53484
vn -0.33193 0.19805 0.92228
vn 0.78648 -0.60994 0.09708
vn -0.52871 0.19397 0.82634
vn 0.95694 -0.28886 0.02871
vn 0.39749 -0.85462 0.33411
vn 0.85565 -0.31544 0.41032
vn 0.2698 -0.17001 -0.94779
vn 0.32773 -0.37144 -0.86869
vn 0.36611 -0.11736 -0.92314
vn 0.51492 0.01135 -0.85716
vn 0.2771 -0.79899 -0.53369
vn 0.46555 0.24581 -0.8502
vn 0.2559 0.17054 -0.95154
vn 0.49686 0.19101 -0.84655
vn 0.01233 0.2507 -0.96799
vn 0.43265 0.18299 -0.8828
vn 0.96652 0.07344 -0.24585
vn -0.00268 0.19925 -0.97995
vn -0.90476 0.04974 0.42301
vn -0.78814 -0.13066 0.60147
vn -0.68563 -0.32845 0.64964
vn -0.65483 -0.27346 0.70457
vn -0.88521 0.12193 0.44893
vn -0.88793 0.09933 0.44913
vn -0.90282 0.04981 0.42712
vn -0.58293 -0.66348 0.46904
vn -0.62136 -0.76745 0.15786
vn -0.75924 0.37386 0.53272
vn -0.91914 -0.0299 0.3928
vn -0.90535 0.05179 0.42149
vn -0.90596 0.41666 -0.0751
vn -0.9699 0.18119 -0.16265
vn -0.92012 0.26331 0.2899
vn -0.98325 -0.10755 0.14714
vn -0.32287 -0.07951 0.9431
vn -0.54581 -0.20961 0.81127
vn -0.12145 -0.29894 0.94651
vn -0.1715 -0.32908 0.9286
vn 0.24311 -0.34165 0.90784
vn 0.10909 -0.70699 0.69876
vn 0.33385 -0.07866 0.93934
vn -0.62305 0.03493 0.7814
vn -0.30821 -0.16667 0.9366
vn -0.59479 -0.01639 0.80371
vn 0.68396 -0.4479 0.57584
vn 0.51566 -0.66072 0.54548
vn 0.39799 -0.07128 0.91462
vn -0.03113 0.051 -0.99821
vn -0.28064 0.17735 -0.94329
vn 0.08913 -0.19828 -0.97608
vn 0.27621 -0.02373 -0.9608
vn 0.23782 -0.82197 -0.5175
vn -0.73027 -0.21683 -0.64783
vn -0.87645 0.40349 -0.26273
vn -0.87256 0.24046 -0.42523
vn -0.87972 0.30752 -0.36265
vn -0.10605 0.33969 -0.93454
vn -0.26503 0.35069 -0.89821
vn -0.33211 0.31598 -0.88874
vn 0.15359 -0.2603 -0.95323
vn 0.29239 -0.41874 -0.85975
vn 0.68805 -0.66419 -0.29231
vn 0.15451 0.04634 -0.9869
vn 0.36202 -0.54607 -0.75548
vn -0.04964 -0.15441 -0.98676
vn 0.78109 -0.5567 -0.28283
vn -0.80216 0.06643 0.5934
vn -0.87524 -0.1249 0.46728
vn -0.89336 0.33537 -0.29905
vn -0.91345 0.08215 0.39858
vn -0.97336 0.15589 0.16811
vn -0.92759 0.3726 0.02716
vn -0.71345 0.07327 0.69687
vn -0.76803 0.04533 0.63881
vn -0.94928 -0.12304 -0.28937
vn -0.82854 0.13678 0.54297
vn -0.53165 0.23093 0.81487
vn -0.77052 0.25158 -0.58566
vn -0.94 0.31605 0.12852
vn -0.86257 0.34659 -0.36857
vn -0.18085 0.20564 -0.96177
vn -0.85253 -0.1812 -0.49026
vn -0.92612 0.27772 -0.25531
vn -0.91443 0.29648 -0.27555
vn 0.64282 -0.20721 0.73746
vn 0.53737 -0.44443 0.71674
vn 0.67186 -0.35428 0.65045
vn 0.79352 -0.15354 0.58886
vn 0.82605 -0.20536 0.52486
vn 0.86454 -0.02387 0.50199
vn 0.88537 -0.19343 0.42274
vn 0.7975 -0.35577 0.48725
vn 0.58539 -0.61841 0.52429
vn 0.64943 -0.45026 0.61278
vn 0.50291 -0.4731 0.72336
vn 0.72539 -0.53285 0.43575
vn 0.61165 -0.7071 0.3548
vn 0.94612 -0.0943 0.30979
vn 0.93361 -0.0337 0.35672
vn 0.93221 -0.1343 0.33609
vn 0.93552 -0.15557 0.31717
vn 0.97924 -0.02819 0.20072
vn 0.95302 -0.28564 0.10079
vn 0.98533 -0.01092 0.17031
vn 0.92759 -0.28779 0.23822
vn 0.8694 -0.39332 0.29907
vn 0.99921 -0.00612 0.03937
vn 0.9938 0.00827 0.11087
vn 0.87134 -0.30809 0.3819
vn 0.75887 -0.54059 0.36316
vn 0.71203 -0.65176 0.26119
vn 0.77247 -0.5935 0.22593
vn 0.88608 -0.43301 0.16544
vn 0.67988 -0.66413 0.31096
vn 0.62839 -0.72219 0.28908
vn 0.79034 -0.57851 0.20172
vn 0.96262 -0.27077 -0.0068
vn 0.98957 0.13388 0.05308
vn 0.99347 0.08786 -0.07274
vn 0.95963 0.05326 -0.27617
vn 0.96928 -0.13548 -0.20527
vn 0.91826 -0.36922 -0.14308
vn 0.94314 -0.09721 -0.31786
vn 0.92652 0.15211 -0.34413
vn 0.80374 -0.58926 0.08228
vn 0.69191 -0.71274 -0.11512
vn 0.75369 -0.58265 -0.3041
vn 0.9179 -0.23058 -0.32295
vn 0.93241 -0.01149 -0.36122
vn 0.79535 -0.32009 -0.51474
vn 0.79697 -0.1402 -0.58753
vn 0.35429 0.07587 -0.93205
vn 0.75201 0.28481 -0.59444
vn 0.65849 -0.30436 -0.6883
vn 0.60709 -0.79296 0.05164
vn 0.54107 -0.79245 -0.28153
vn 0.54967 -0.79961 -0.24183
vn 0.53553 -0.71037 -0.45672
vn 0.31237 -0.77448 -0.5501
vn 0.3614 -0.68046 -0.63747
vn 0.61828 -0.5432 -0.56803
vn 0.52338 -0.36905 -0.76803
vn 0.43732 -0.21821 -0.87243
vn 0.2944 -0.40126 -0.86736
vn 0.09867 -0.3287 0.93927
vn 0.09477 -0.00949 0.99545
vn -0.06457 -0.06107 0.99604
vn 0.00603 -0.39929 0.9168
vn 0.55276 -0.22233 0.80314
vn 0.44455 -0.08751 0.89147
vn 0.45943 -0.39678 0.79467
vn 0.4538 -0.56642 0.68792
vn 0.44001 -0.48437 0.75616
vn 0.32994 -0.52488 0.78463
vn 0.26881 -0.66093 0.70065
vn 0.25247 -0.59131 0.7659
vn 0.32804 -0.39529 0.85799
vn 0.60958 -0.5579 0.56317
vn 0.44806 -0.435 0.78103
vn 0.10476 -0.5833 0.80547
vn 0.16269 -0.32491 0.93165
vn 0.17265 -0.46824 0.86657
vn -0.01804 -0.43228 0.90156
vn 0.15757 -0.66704 0.72816
vn 0.29812 -0.41539 0.8594
vn 0.3185 -0.3627 0.87579
vn 0.23579 -0.38516 0.89222
vn 0.06993 -0.33009 0.94135
vn 0.09945 0.29433 -0.95052
vn 0.16191 -0.02872 -0.98639
vn 0.68511 -0.71388 -0.14493
vn 0.28136 -0.70449 -0.65155
vn -0.58278 0.26218 -0.76918
vn -0.51144 0.32568 -0.79522
vn -0.57287 0.13333 -0.80873
vn -0.54021 0.34597 -0.76712
vn 0.11511 0.1322 -0.98452
vn 0.13718 -0.26576 -0.95423
vn -0.17574 0.09625 -0.97972
vn -0.24264 -0.12715 -0.96175
vn 0.12929 -0.47804 -0.86877
vn 0.09739 -0.27371 -0.95687
vn -0.51152 0.21079 -0.83301
vn -0.14566 0.40673 -0.90186
vn -0.20185 0.13577 -0.96996
vn -0.02816 0.32389 -0.94567
vn -0.30525 0.057 0.95057
vn -0.2347 -0.18397 0.9545
vn -0.49963 -0.08113 0.86243
vn -0.24019 -0.3946 0.88691
vn -0.46688 -0.20675 0.85981
vn -0.17014 -0.32277 0.93106
vn -0.20053 -0.2038 0.95825
vn -0.60091 0.28564 0.74654
vn -0.69071 0.18832 0.69818
vn -0.75248 0.25143 0.60874
vn -0.57214 0.10125 0.81388
vn -0.778 0.09726 0.62069
vn -0.47175 0.08383 0.87774
vn -0.76427 0.38355 0.51845
vn -0.90156 0.09637 0.42179
vn -0.91051 0.07097 0.40734
vn -0.93561 0.0795 0.34396
vn -0.94003 -0.02721 0.34
vn -0.88329 0.33312 0.3299
vn -0.63743 0.45724 0.62017
vn -0.67423 0.60443 0.42436
vn -0.30629 0.12017 0.94432
vn -0.63623 0.36369 0.68039
vn -0.54256 0.32857 0.77309
vn -0.56993 0.7537 -0.32729
vn -0.73381 0.66821 -0.12255
vn -0.62699 0.67895 -0.38198
vn -0.63976 0.72759 -0.24762
vn -0.1851 0.80528 -0.56326
vn -0.43546 0.50107 -0.74786
vn -0.31462 0.7796 -0.54151
vn -0.1611 0.66671 -0.7277
vn 0.02366 0.42967 -0.90267
vn 0.06849 0.49324 -0.86719
vn 0.03641 0.42361 -0.90511
vn -0.3246 0.5906 -0.7388
vn -0.09497 0.34668 -0.93316
vn -0.43012 0.31989 -0.8442
vn -0.50731 0.72779 -0.46148
vn -0.54655 0.73131 -0.40801
vn -0.69989 0.64384 -0.30923
vn -0.45711 0.73809 -0.49626
vn -0.4388 0.65179 -0.61856
vn -0.55255 0.50792 -0.66083
vn -0.55189 0.67215 -0.49359
vn -0.50901 0.49464 -0.70445
vn -0.61952 0.56657 -0.54331
vn -0.39689 0.41231 -0.82005
vn -0.11244 0.25048 -0.96157
vn -0.322 0.33941 -0.88381
vn -0.10958 0.21909 -0.96953
vn -0.38165 0.36985 -0.84709
vn -0.884 0.42662 0.19116
vn -0.80205 0.53555 0.26438
vn -0.76816 0.40988 0.49187
vn -0.59001 0.50225 0.63217
vn -0.60758 0.53608 0.58606
vn -0.59433 0.61538 0.51776
vn -0.68923 0.59105 0.41906
vn -0.68139 0.6855 0.2565
vn -0.68333 0.62227 0.38189
vn -0.72338 0.62583 0.29165
vn -0.77377 0.58904 0.23306
vn -0.73502 0.56638 0.37278
vn -0.83331 0.53773 0.12824
vn -0.82475 0.56023 0.07705
vn -0.79573 0.59295 0.12336
vn -0.76823 0.62498 0.13866
vn -0.72906 0.66732 -0.15217
vn -0.80207 0.59686 0.02109
vn -0.80122 0.59595 -0.0537
vn -0.80589 0.5846 0.09377
vn -0.76663 0.63853 -0.06745
vn -0.79682 0.60141 -0.05814
vn -0.79095 0.60817 0.06727
vn -0.66289 0.73339 0.15073
vn -0.68985 0.6936 0.20743
vn -0.67483 0.73711 0.03551
vn -0.79984 0.59247 -0.0961
vn -0.61122 0.76475 0.20388
vn -0.66805 0.72859 0.15123
vn -0.63125 0.71046 0.31108
vn -0.59207 0.79805 0.1121
vn -0.58623 0.8071 -0.07023
vn -0.65955 0.74463 0.10256
vn -0.78246 0.61739 -0.08115
vn -0.78467 0.61733 0.05648
vn -0.5966 0.79743 -0.09037
vn -0.58722 0.79944 -0.12678
vn -0.7284 0.63243 -0.26356
vn -0.7819 0.59823 -0.17539
vn -0.61733 0.64439 -0.45129
vn -0.78986 0.55542 -0.26007
vn -0.68906 0.58283 -0.43069
vn -0.69635 0.63183 -0.34043
vn -0.74094 0.6358 -0.21625
vn -0.69532 0.53155 -0.48371
vn -0.44456 0.49076 -0.74935
vn -0.59961 0.74894 -0.28206
vn -0.61466 0.72588 -0.30871
vn -0.60046 0.72523 -0.33688
vn -0.63903 0.60603 0.47367
vn 0.48502 -0.83304 0.2661
vn 0.38496 -0.9176 0.09911
vn 0.23155 -0.947 0.22264
vn 0.3303 -0.87336 0.35796
vn 0.31891 -0.76799 0.55542
vn 0.32757 -0.71691 0.61542
vn 0.51053 -0.72461 0.46292
vn 0.51984 -0.7236 0.45407
vn 0.51959 -0.76063 0.3892
vn 0.53103 -0.77537 0.34176
vn 0.52783 -0.77725 0.34247
vn 0.55319 -0.7815 0.2885
vn 0.50748 -0.78741 0.34993
vn 0.5261 -0.78187 0.33452
vn 0.65754 -0.72701 0.19772
vn 0.58399 -0.80925 0.06384
vn 0.55791 -0.7971 0.23101
vn 0.70955 -0.70322 0.04498
vn 0.63851 -0.72499 0.25824
vn 0.83259 -0.55103 -0.05632
vn 0.8245 -0.56346 -0.052
vn 0.75151 -0.65217 0.09952
vn 0.89182 -0.39305 -0.224
vn 0.84622 -0.51011 -0.15395
vn 0.87165 -0.47668 -0.11402
vn 0.77171 -0.63596 0.00439
vn 0.64802 -0.71968 0.24924
vn 0.63235 -0.73763 0.2367
vn 0.63221 -0.73322 0.25038
vn 0.558 -0.78049 0.28192
vn 0.47218 -0.83468 0.28347
vn 0.57785 -0.78149 0.2353
vn 0.52446 -0.78923 0.31947
vn 0.53139 -0.81442 0.23314
vn 0.4835 -0.81859 0.31006
vn 0.34296 -0.90639 0.24666
vn 0.29278 -0.92627 0.23726
vn 0.37067 -0.90402 0.21295
vn 0.5239 -0.81968 0.23164
vn 0.37133 -0.90513 0.20699
vn 0.83008 -0.54523 -0.117
vn 0.87443 -0.47752 -0.0857
vn 0.85631 -0.514 -0.05034
vn 0.84996 -0.52304 -0.06325
vn 0.76537 -0.46507 -0.44489
vn 0.80068 -0.20536 -0.5628
vn 0.75922 -0.32889 -0.56162
vn 0.84429 -0.49864 -0.1963
vn 0.68547 -0.7272 0.03619
vn 0.70176 -0.71172 -0.03136
vn 0.83006 -0.47748 -0.28811
vn 0.85464 -0.25227 -0.45382
vn 0.81745 -0.05056 -0.57377
vn 0.83078 -0.54975 -0.08711
vn 0.79 -0.13293 -0.59852
vn 0.56868 0.07495 -0.81914
vn 0.60996 0.07632 -0.78875
vn 0.41883 0.27722 -0.86472
vn 0.16549 0.41691 -0.89375
vn 0.71145 0.11513 -0.69324
vn 0.62829 -0.76502 0.14142
vn 0.37954 -0.92169 0.08022
vn 0.3133 -0.908 0.27818
vn 0.43422 -0.87506 0.21382
vn 0.85953 -0.37887 -0.34301
vn 0.61673 0.11653 -0.7785
vn 0.24558 0.38152 -0.89114
vn 0.18008 0.39306 -0.90171
vn 0.78243 -0.1477 -0.60497
vn 0.48308 -0.06438 -0.87321
vn 0.11556 -0.36905 0.9222
vn -0.30721 -0.02028 0.95143
vn 0.00809 -0.43342 0.90116
vn 0.36777 -0.65781 0.65729
vn -0.26502 -0.34468 0.90053
vn 0.31947 -0.6393 0.69945
vn 0.37256 -0.57501 0.7284
vn 0.5117 -0.80159 0.30923
vn 0.46773 -0.80775 0.35884
vn 0.429 -0.82901 0.35875
vn 0.35584 -0.85679 0.37323
vn -0.53036 0.22516 0.81733
vn -0.43185 -0.00181 0.90194
vn -0.26406 -0.22985 0.93672
vn -0.39611 0.06983 0.91554
vn -0.36158 -0.35584 0.86176
vn 0.13521 -0.39411 0.90906
vn -0.19001 -0.18343 0.9645
vn -0.14744 -0.4303 0.89056
vn 0.01012 -0.67713 0.73579
vn -0.01964 -0.68885 0.72464
vn 0.39875 -0.80153 0.44558
vn 0.41944 -0.78881 0.44927
vn 0.38879 -0.84491 0.36737
vn 0.29251 -0.80401 0.5177
vn 0.28779 -0.94334 0.16517
vn 0.47354 -0.85111 0.22666
vn 0.50094 -0.79362 0.34531
vn 0.61188 -0.78176 0.12023
vn 0.31279 -0.87019 0.3807
vn 0.42055 -0.86101 0.286
vn 0.48312 -0.86616 0.12788
vn 0.38309 -0.88946 0.24921
vn 0.42889 -0.89035 0.15274
vn -0.0171 0.51462 -0.85725
vn -0.46442 0.3371 -0.81895
vn -0.11982 0.44968 -0.88512
vn -0.38063 0.52849 -0.75883
vn -0.40086 0.5419 -0.73869
vn -0.50089 0.49494 -0.71003
vn -0.37189 0.57344 -0.72998
vn -0.37389 0.58583 -0.71904
vn -0.06399 0.47737 -0.87637
vn -0.13527 0.43793 -0.88877
vn -0.18963 0.54306 -0.818
vn -0.28623 0.58827 -0.75631
vn -0.34862 0.57318 -0.74157
vn -0.15835 0.53806 -0.8279
vn -0.30907 0.61795 -0.72292
vn 0.22106 -0.96395 0.1481
vn -0.00839 -0.96575 0.25934
vn 0.03623 -0.99933 0.0054
vn 0.18176 -0.94201 0.2821
vn -0.14883 -0.90667 0.39471
vn 0.1274 -0.8872 0.44346
vn -0.34136 0.61759 -0.70856
vn -0.41003 0.62461 -0.66463
vn 0.01038 0.41023 -0.91192
vn 0.08973 0.45111 -0.88795
vn 0.01834 0.55024 -0.8348
vn 0.07463 0.48818 -0.86955
vn -0.22371 0.45335 -0.8628
vn 0.02388 0.07517 -0.99688
vn 0.43995 -0.84324 -0.30886
vn 0.35544 -0.68234 -0.6388
vn 0.50544 -0.81407 -0.28606
vn 0.19944 -0.90968 -0.36429
vn 0.19179 -0.91077 -0.36566
vn 0.23747 -0.90339 -0.35707
vn -0.95567 0.01897 -0.29384
vn -0.73606 0.22356 -0.63893
vn -0.07693 0.51456 -0.85399
vn 0.42897 0.41563 -0.80202
vn -0.22439 0.5939 -0.77261
vn -0.45175 0.48026 -0.75185
vn -0.30947 0.79505 -0.52165
vn -0.74564 0.49361 -0.44763
vn -0.59526 0.57079 -0.56556
vn -0.68285 0.39419 0.61508
vn -0.66337 0.55885 0.49762
vn -0.63256 0.535 0.56004
vn -0.64404 0.55454 0.52697
vn -0.33837 -0.16442 0.92654
vn -0.61534 0.1254 0.77822
vn -0.63143 0.38858 0.67105
vn -0.60397 0.22309 0.76515
vn -0.34146 -0.30845 0.88784
vn -0.57475 -0.04096 0.8173
vn -0.61377 0.4528 0.64673
vn -0.62761 0.51054 0.58775
vn -0.59622 0.27363 0.75475
vn -0.54656 -0.00248 0.83742
vn -0.57259 0.69281 0.43836
vn -0.60706 0.55711 0.56667
vn -0.58346 0.69306 0.42336
vn -0.64701 0.53646 0.54185
vn -0.64823 0.59959 0.46935
vn -0.62907 0.54148 0.55775
vn -0.64598 0.55351 0.52568
vn -0.6363 0.20323 0.74419
vn -0.68149 0.23015 0.69469
vn -0.64351 -0.05255 0.76364
vn -0.03337 0.57932 -0.81442
vn 0.15166 0.02777 -0.98804
vn 0.06189 0.32274 -0.94446
vn 0.14274 0.35595 -0.92354
vn 0.0927 0.58093 -0.80865
vn 0.07555 0.60051 -0.79604
vn 0.31826 -0.55656 -0.76743
vn 0.09562 -0.17382 -0.98012
vn 0.13371 -0.11047 -0.98484
vn 0.21858 0.60119 -0.76863
vn 0.28243 0.60745 -0.74245
vn 0.26336 0.84655 -0.4626
vn -0.0515 0.92698 -0.37156
vn -0.00945 0.83082 -0.55646
vn 0.03514 0.92007 -0.39018
vn 0.20249 0.56719 -0.79831
vn 0.19999 0.13388 -0.97061
vn 0.37272 -0.1567 -0.91462
vn 0.34611 0.18749 -0.91927
vn -0.6615 0.35855 0.65868
vn -0.611 0.54313 0.57592
vn -0.64659 0.2964 0.7029
vn -0.37921 0.90345 0.19994
vn -0.46985 0.79219 0.38946
vn -0.43644 0.79788 0.41583
vn -0.55766 0.63356 0.5363
vn -0.52953 0.62147 0.57739
vn -0.62031 0.00718 0.78433
vn -0.51769 -0.19613 0.83278
vn -0.67478 0.08566 0.73303
vn -0.51721 -0.04423 0.85471
vn -0.6255 0.4784 0.61634
vn -0.66512 0.25195 0.70295
vn -0.58283 0.59825 0.54992
vn -0.49022 0.72179 0.48858
vn -0.63292 0.56721 0.52696
vn -0.64243 0.49524 0.58483
vn -0.79056 0.06165 0.60927
vn -0.79976 0.1998 0.56609
vn -0.90469 -0.08869 0.41674
vn -0.13535 0.95342 0.26957
vn -0.2871 0.81411 0.50478
vn -0.15154 0.97308 0.17363
vn 0.17389 0.83703 -0.51879
vn 0.12269 0.88018 -0.4585
vn 0.14676 0.67567 -0.72245
vn 0.33547 0.45167 -0.82672
vn 0.26129 0.51399 -0.81703
vn 0.10437 0.78462 -0.61112
vn 0.30682 0.37316 -0.87557
vn 0.44036 0.08979 -0.89332
vn -0.61214 0.72223 0.32198
vn -0.61372 0.74547 0.26003
vn -0.71268 0.66283 0.22966
vn -0.52116 0.77542 0.35654
vn -0.5171 0.7216 0.46034
vn 0.00847 0.79613 -0.60507
vn -0.09524 0.83376 -0.54386
vn 0.00898 0.88012 -0.47467
vn -0.36596 0.68962 -0.6249
vn -0.24032 0.73734 -0.63133
vn -0.12403 0.75168 -0.64776
vn -0.76893 0.25341 0.58697
vn -0.87964 -0.45417 0.14126
vn -0.62937 -0.76721 0.12367
vn -0.49804 -0.85746 0.12931
vn -0.49798 -0.85752 0.12911
vn 0.20476 0.32387 -0.92368
vn 0.10506 0.50879 -0.85445
vn 0.06015 0.34228 -0.93767
vn 0.24112 0.11724 -0.96339
vn 0.17922 -0.22817 -0.95699
vn 0.06728 0.13881 -0.98803
vn -0.00357 0.47794 -0.87839
vn 0.01919 0.40694 -0.91325
vn 0.0448 0.24345 -0.96888
vn 0.10334 0.13884 -0.98491
vn 0.08085 0.04791 -0.99557
vn 0.03291 -0.1062 -0.9938
vn -0.68029 0.52234 0.51417
vn -0.77689 0.28284 0.56254
vn -0.7733 0.16133 0.61317
vn -0.68697 0.62029 0.37857
vn -0.71991 0.6434 0.26032
vn -0.70096 0.66055 0.26895
vn -0.74234 0.03005 0.66935
vn -0.63273 0.77229 -0.05673
vn -0.60339 0.75691 -0.25102
vn -0.7247 0.64623 0.23917
vn -0.5817 0.73121 -0.35632
vn -0.76874 0.53891 0.3444
vn -0.73444 0.62366 0.26767
vn -0.77173 -0.11065 0.62625
vn -0.75403 -0.19 0.62876
vn -0.63995 -0.16405 0.7507
vn -0.32792 -0.81973 0.46959
vn -0.29829 -0.69002 0.65947
vn -0.02593 -0.6921 0.72134
vn -0.69909 0.67543 -0.23466
vn 0.64043 -0.76802 0.00062
vn -0.72797 0.42601 0.53719
vn -0.59951 0.26172 0.75637
vn -0.73837 0.61689 0.2725
vn -0.77461 0.63142 -0.03579
vn -0.76594 0.49989 0.40429
vn -0.72587 0.67564 -0.12891
vn -0.81031 0.54569 0.21358
vn -0.39817 0.59366 -0.6993
vn -0.34391 0.62602 -0.69987
vn -0.47661 0.6141 -0.62906
vn 0.08923 0.24971 -0.9642
vn -0.31255 0.42686 -0.84859
vn -0.29115 0.62035 -0.72828
vn -0.5272 0.55661 -0.64206
vn -0.34078 0.3728 -0.86307
vn 0.89693 -0.31466 0.31066
vn 0.86236 -0.45941 0.21279
vn 0.89211 -0.39792 0.21402
vn 0.92706 -0.29809 0.22736
vn 0.92562 -0.37186 0.07035
vn 0.96007 -0.26486 0.09012
vn 0.88521 -0.45881 0.07679
vn 0.87425 -0.33487 -0.35149
vn 0.87081 -0.46103 -0.17073
vn 0.77024 -0.22879 -0.59531
vn 0.95593 -0.25274 -0.14941
vn 0.92606 -0.36885 -0.07983
vn 0.90655 -0.27977 -0.31607
vn 0.89514 -0.44229 -0.05564
vn 0.80048 -0.15205 0.57976
vn 0.79099 -0.22509 0.56891
vn 0.70812 -0.14372 0.69131
vn 0.87131 -0.2696 0.41004
vn 0.75293 -0.13141 0.64485
vn 0.83392 -0.35669 0.42112
vn 0.8518 -0.28953 0.43659
vn 0.58585 0.06286 0.80798
vn 0.68518 -0.00725 0.72833
vn 0.60767 -0.10087 0.78776
vn 0.64123 0.14961 0.75263
vn 0.37342 0.30949 0.87451
vn 0.48037 0.12705 0.86782
vn 0.59953 -0.25467 0.75875
vn 0.76722 -0.03748 0.64029
vn 0.65041 0.02738 0.75909
vn 0.64396 -0.00211 0.76506
vn 0.58502 0.01445 0.81089
vn 0.76239 0.01127 0.64702
vn 0.90432 0.01981 0.42639
vn 0.86633 -0.08913 0.49145
vn 0.87313 -0.36694 0.32094
vn 0.85893 -0.25652 0.44322
vn 0.87405 -0.31494 0.36994
vn 0.80899 -0.53045 0.25328
vn 0.91363 -0.32299 0.24689
vn 0.84112 -0.52289 0.13821
vn 0.87894 -0.47617 0.02686
vn 0.98184 -0.00038 0.18971
vn 0.9597 -0.28029 0.02052
vn 0.97054 -0.22699 0.08083
vn 0.93284 -0.12508 0.33789
vn 0.89976 -0.38239 -0.21024
vn 0.84497 -0.31566 -0.43172
vn 0.98506 0.03719 -0.16817
vn 0.69405 -0.10669 -0.71198
vn 0.75376 -0.1773 -0.63278
vn 0.59118 -0.07374 -0.80316
vn 0.53813 -0.03995 -0.84191
vn 0.95784 0.26424 -0.11281
vn 0.99639 -0.0663 -0.05298
vn 0.83452 0.08942 -0.54367
vn 0.73297 0.50165 -0.45946
vn 0.71059 0.27891 -0.64597
vn 0.51578 0.1956 -0.8341
vn 0.26947 0.23813 -0.9331
vn 0.31746 -0.03931 -0.94746
vn 0.43788 -0.05526 -0.89733
vn 0.60727 0.48266 -0.63108
vn 0.28865 0.45039 -0.84488
vn 0.34579 0.42817 -0.83492
vn 0.92683 0.1062 -0.36016
vn 0.55401 0.47116 -0.68635
vn 0.39194 0.43999 -0.80795
vn 0.07612 0.41974 -0.90444
vn 0.32825 0.36818 -0.86988
vn -0.12216 0.09257 0.98818
vn 0.33416 0.35568 0.87283
vn 0.10493 0.34041 0.9344
vn -0.03229 0.49216 0.86991
vn 0.06762 0.6467 0.75974
vn 0.3084 0.08402 0.94754
vn 0.14605 0.46065 0.87548
vn 0.4055 0.09684 0.90895
vn 0.48397 -0.03445 0.87441
vn 0.2123 0.12253 0.96949
vn 0.3005 0.01772 0.95362
vn -0.20768 0.66415 0.71817
vn -0.05389 0.36464 0.92959
vn -0.13352 0.70288 0.69867
vn -0.54839 0.56743 0.61424
vn -0.25942 0.8625 0.43451
vn -0.25431 0.8403 0.47877
vn -0.67672 0.26392 0.68731
vn -0.91946 0.17213 0.35349
vn -0.32304 0.88827 0.32653
vn -0.14778 0.95802 0.2457
vn -0.13242 0.93314 0.33425
vn -0.10836 0.90557 0.41012
vn -0.30535 0.85671 0.41569
vn -0.18423 0.38263 0.90535
vn 0.13202 0.0123 -0.99117
vn 0.05326 0.40308 -0.91361
vn 0.00969 0.36477 -0.93105
vn 0.12663 0.12263 -0.98434
vn 0.01849 0.49715 -0.86747
vn 0.11553 -0.05645 -0.9917
vn 0.02982 0.56889 -0.82187
vn -0.64473 0.43499 -0.62857
vn -0.68611 0.48373 -0.54337
vn -0.80409 0.38524 -0.45281
vn -0.75254 0.2546 -0.60734
vn -0.58147 0.18547 -0.79214
vn -0.72001 0.1664 -0.67372
vn -0.57832 0.3195 -0.75064
vn -0.39518 0.43475 -0.80921
vn -0.66997 0.10261 -0.73526
vn -0.71951 0.29129 -0.63044
vn -0.46689 0.28892 -0.83579
vn 0.03514 0.44242 -0.89612
vn -0.21736 0.38469 -0.89709
vn -0.2043 0.2591 -0.944
vn -0.43441 0.32787 -0.83892
vn -0.31976 0.49718 -0.80657
vn -0.53639 0.17075 -0.82652
vn -0.10146 0.69622 0.71062
vn -0.43819 0.50765 0.74181
vn -0.46296 0.73764 0.49148
vn -0.10128 0.8968 0.43069
vn -0.14298 0.89719 0.41785
vn -0.24944 0.93824 0.23977
vn -0.46338 0.83424 0.29886
vn -0.47301 0.84866 0.23672
vn -0.67252 0.66912 0.31621
vn -0.57663 0.76161 0.29572
vn -0.28311 0.91939 0.27307
vn -0.25384 0.90817 0.33285
vn -0.3943 0.90192 0.17624
vn -0.50726 0.15223 0.84824
vn -0.70913 0.15755 0.68725
vn -0.91342 0.3001 0.27496
vn -0.7393 0.63042 0.23666
vn -0.83401 0.52422 0.17211
vn -0.59418 0.7127 0.37284
vn -0.80132 0.19398 0.56592
vn -0.69322 0.36971 0.61868
vn -0.79696 0.3113 0.51764
vn -0.55542 0.68594 0.47009
vn -0.90965 0.16238 0.38231
vn -0.67561 0.71197 0.19142
vn -0.67486 0.7264 0.13004
vn -0.82067 0.54455 0.17312
vn -0.92963 0.22921 0.28854
vn -0.79325 0.10805 0.59924
vn -0.88501 0.13125 0.44669
vn -0.92626 0.1757 0.33343
vn -0.93232 0.18157 0.31274
vn -0.91382 0.35258 0.20155
vn -0.88247 0.41667 0.21827
vn -0.43451 0.89046 0.13522
vn -0.58553 0.8032 -0.10964
vn -0.51602 0.85546 0.04375
vn -0.56233 0.82614 -0.03568
vn -0.63557 0.76481 -0.10544
vn -0.70946 0.67721 -0.19507
vn -0.66781 0.73731 -0.10203
vn -0.76747 0.59798 -0.23112
vn -0.72553 0.65169 -0.22116
vn -0.72595 0.68703 -0.03148
vn -0.77601 0.50595 -0.37659
vn -0.70384 0.64861 -0.28968
vn -0.92513 0.37735 -0.04176
vn -0.8147 0.57421 0.0809
vn -0.80969 0.57031 -0.13837
vn -0.89369 0.43562 0.10745
vn -0.83944 0.45453 -0.2979
vn -0.95219 0.26144 0.15808
vn -0.86455 0.50249 -0.0072
vn -0.91022 0.40896 0.0652
vn -0.71523 0.5943 -0.36778
vn -0.79246 0.58216 -0.18192
vn -0.76976 0.48661 -0.41314
vn -0.7415 0.58125 -0.33516
vn -0.77387 0.62198 -0.11949
vn -0.76756 0.42292 -0.48166
vn -0.7973 0.39732 -0.45436
vn -0.84828 0.35843 -0.38981
vn -0.74911 0.36065 -0.55566
vn -0.61181 0.61553 -0.49681
vn -0.64863 0.61782 -0.44449
vn -0.70915 0.33574 -0.61999
vn -0.70253 0.56416 -0.43378
vn -0.67184 0.70546 -0.22575
vn 0.30223 -0.95275 0.03042
vn 0.38769 -0.91635 -0.1
vn 0.33574 -0.94097 0.0431
vn 0.25422 -0.95602 0.14625
vn 0.22781 -0.96649 0.11836
vn 0.28402 -0.95665 -0.06443
vn 0.35199 -0.92756 -0.12543
vn 0.10905 -0.99231 0.0586
vn 0.10722 -0.99219 -0.06379
vn 0.10144 -0.97618 0.1918
vn 0.06115 -0.95572 0.28785
vn -0.00242 -0.89275 0.45056
vn 0.05052 -0.95795 0.28246
vn 0.06034 -0.96597 0.25151
vn 0.05787 -0.94267 0.32867
vn 0.0772 -0.98199 0.17244
vn 0.11506 -0.99335 0.00433
vn 0.07891 -0.98898 0.12524
vn 0.1263 -0.97035 -0.20607
vn 0.1393 -0.96538 -0.22055
vn 0.15248 -0.97095 -0.18442
vn 0.16137 -0.90014 -0.40461
vn 0.1417 -0.94905 -0.28146
vn 0.10342 -0.99403 0.03487
vn -0.0085 -0.8932 0.44959
vn 0.07896 -0.9942 0.07306
vn 0.04094 -0.96883 0.2443
vn 0.12295 -0.97724 0.17289
vn 0.23608 -0.81615 0.52741
vn 0.17312 -0.73709 0.65324
vn 0.27006 -0.80452 0.52897
vn 0.14687 -0.73483 0.66216
vn 0.24179 -0.9205 0.30694
vn 0.32258 -0.89002 0.32219
vn 0.27259 -0.906 0.32382
vn 0.30432 -0.93184 0.19764
vn 0.23343 -0.92033 0.31384
vn 0.35417 -0.88286 0.30843
vn 0.3153 -0.88951 0.3307
vn 0.16441 -0.98481 0.05576
vn 0.27443 -0.9595 -0.06356
vn 0.22052 -0.96512 -0.14113
vn 0.34446 -0.80513 -0.48282
vn 0.35903 -0.68552 -0.63337
vn 0.40499 -0.7615 -0.50607
vn 0.23181 -0.90128 -0.366
vn 0.28232 -0.92783 -0.24378
vn 0.43045 -0.90261 0.00303
vn 0.69981 -0.71297 0.04404
vn 0.48761 -0.87113 -0.05796
vn 0.33561 -0.93644 0.10225
vn 0.33246 -0.94155 -0.05426
vn 0.37432 -0.89492 0.2429
vn 0.36233 -0.88437 -0.29428
vn 0.45332 -0.87697 -0.15947
vn 0.36121 -0.86104 -0.35796
vn 0.43239 -0.49136 -0.75604
vn 0.44114 -0.72623 -0.52723
vn 0.52422 -0.59422 -0.61
vn 0.52111 -0.85042 -0.07231
vn 0.45004 -0.83648 0.31268
vn 0.37422 -0.90358 0.20859
vn 0.44138 -0.88957 -0.11768
vn 0.53094 -0.83772 -0.12777
vn 0.3206 -0.57415 -0.75337
vn 0.28181 -0.52126 -0.80553
vn -0.0448 -0.49561 0.86739
vn -0.05076 -0.69092 0.72115
vn -0.07916 -0.51961 0.85073
vn -0.01675 -0.66503 0.74663
vn 0.02143 -0.80159 0.59749
vn 0.07907 -0.80707 0.58514
vn 0.29687 -0.89061 0.34452
vn -0.01184 -0.63137 0.7754
vn -0.09227 -0.30447 0.94804
vn 0.29805 -0.90879 0.29202
vn 0.18188 -0.91751 0.35368
vn -0.19437 -0.04933 0.97969
vn -0.06033 -0.43182 0.89994
vn 0.05212 -0.57368 0.81742
vn -0.05076 -0.31399 0.94807
vn 0.01652 -0.64454 0.7644
vn 0.11476 -0.63333 0.76532
vn 0.23 -0.85317 0.46818
vn 0.21579 -0.77963 0.58788
vn 0.13519 -0.75731 0.63891
vn 0.26772 -0.86127 0.4319
vn 0.24922 -0.92528 0.28591
vn 0.37659 -0.21485 -0.90112
vn 0.42187 -0.43718 -0.79429
vn 0.41909 -0.87717 -0.23438
vn 0.04861 -0.9912 0.12311
vn 0.16051 -0.91055 0.38098
vn 0.23847 -0.89795 0.3699
vn 0.23405 -0.9286 0.28796
vn 0.33383 -0.93491 -0.12043
vn 0.37261 -0.92734 0.03458
vn 0.45124 -0.8704 -0.19693
vn 0.23298 -0.89345 0.384
vn 0.23498 -0.92746 0.29085
vn 0.2226 -0.94498 0.2397
vn 0.23983 -0.93851 0.24835
vn 0.286 -0.9478 0.14099
vn 0.29458 -0.93809 0.18224
vn 0.16886 -0.94756 0.27131
vn 0.23907 -0.94871 0.20688
vn 0.50417 -0.86017 -0.07699
vn 0.39256 -0.91763 -0.06215
vn 0.51874 -0.59377 -0.6151
vn 0.49939 -0.46813 -0.72902
vn 0.47093 -0.22753 -0.85232
vn 0.60361 -0.36126 -0.71073
vn 0.39269 -0.80747 -0.44022
vn 0.53339 -0.77466 -0.33969
vn 0.39745 -0.08271 -0.91389
vn 0.57931 -0.04317 -0.81396
vn 0.68361 -0.23879 -0.68968
vn 0.52848 0.18747 -0.82799
vn 0.71225 -0.43502 -0.55087
vn 0.79623 -0.13443 -0.58987
vn 0.80744 0.07239 -0.5855
vn 0.74093 0.02986 -0.67091
vn 0.56912 -0.76774 -0.29442
vn 0.66112 -0.70549 -0.25534
vn 0.54851 -0.83497 -0.04444
vn 0.76961 -0.60225 -0.21211
vn 0.85672 -0.30667 -0.4147
vn -0.36744 0.13912 0.91958
vn 0.04621 -0.67052 0.74045
vn -0.19018 -0.4895 0.85101
vn -0.43174 0.04719 0.90076
vn -0.30173 -0.29083 0.90795
vn -0.45445 0.36372 0.81313
vn 0.04503 -0.90106 0.43135
vn 0.05695 -0.88645 0.45931
vn 0.0332 -0.78967 0.61263
vn 0.0863 -0.94336 0.32036
vn -0.06887 -0.66729 0.7416
vn -0.49432 0.20531 0.84469
vn -0.56619 0.43908 0.6976
vn -0.595 0.43081 0.67851
vn -0.34179 -0.20965 0.91609
vn 0.11049 -0.95056 0.29023
vn 0.11715 -0.95514 0.27199
vn 0.15417 -0.96667 0.20438
vn -0.09954 -0.78816 0.60737
vn 0.01701 -0.89516 0.44542
vn 0.22828 -0.71104 0.66507
vn 0.15744 -0.64697 0.74608
vn 0.13328 -0.94961 0.2837
vn 0.32635 -0.87946 0.34647
vn -0.55466 0.30972 0.77228
vn -0.38648 -0.13923 0.91173
vn -0.43195 -0.05552 0.90019
vn 0.26316 -0.91261 0.31288
vn 0.45828 -0.81828 0.34699
vn 0.05547 -0.54169 0.83875
vn 0.03669 -0.70101 0.71221
vn -0.33757 -0.62782 0.70134
vn 0.55789 0.41061 -0.72121
vn 0.19997 0.63668 -0.74475
vn 0.71018 0.30636 -0.63387
vn 0.61031 0.36506 -0.70303
vn 0.84098 0.09983 -0.53178
vn 0.86106 0.16155 -0.48215
vn 0.89746 -0.40537 -0.17392
vn 0.94481 -0.19783 -0.26115
vn -0.19241 0.58315 -0.78925
vn 0.24544 0.59443 -0.76578
vn -0.21873 0.69 -0.68997
vn -0.23584 0.72325 -0.64907
vn -0.00494 0.75358 -0.65734
vn 0.68737 0.24944 -0.68213
vn 0.22465 0.55761 -0.79912
vn 0.34202 0.46395 -0.81717
vn 0.89528 0.07296 -0.43949
vn 0.80075 0.21208 -0.56019
vn 0.56638 0.3245 -0.75757
vn -0.03265 0.67177 -0.74004
vn -0.17395 0.60562 -0.77651
vn -0.29024 0.60286 -0.74318
vn 0.12585 0.54644 -0.82799
vn 0.2365 0.52122 -0.82
vn 0.02538 0.55518 -0.83135
vn -0.21034 0.64327 -0.73618
vn 0.17397 0.52509 -0.83307
vn -0.66919 0.47168 0.5742
vn -0.71107 0.37512 0.5947
vn -0.75706 0.4928 0.42897
vn -0.71276 0.61321 0.34052
vn -0.71289 0.614 0.33881
vn -0.67951 0.60755 0.41127
vn -0.67365 0.57653 0.46239
vn -0.68731 0.38139 0.61818
vn -0.62258 0.47842 0.61928
vn -0.68382 0.72669 0.06572
vn -0.64906 0.74367 0.16023
vn -0.70319 0.68032 0.20659
vn -0.6418 0.67571 0.36264
vn 0.25892 -0.42594 0.86691
vn -0.07168 -0.43789 0.89616
vn -0.47131 0.06475 0.87959
vn -0.61953 0.46563 0.63195
vn -0.55485 0.31574 0.7697
vn -0.63886 0.64872 0.41355
vn -0.63044 0.727 0.27206
vn -0.62307 0.66346 0.41424
vn -0.63034 0.76931 0.10407
vn -0.62413 0.66675 0.40732
vn -0.61829 0.72876 0.29432
vn -0.60974 0.66625 0.42934
vn -0.64576 0.56141 0.5175
vn -0.54457 0.54168 0.64033
vn -0.65658 0.61784 0.43265
vn -0.6303 0.65182 0.42173
vn -0.6434 0.76443 0.04095
vn -0.45959 0.74362 -0.4856
vn -0.43807 0.75867 -0.48219
vn -0.51015 0.79045 -0.33901
vn -0.47364 0.74767 -0.46546
vn -0.38266 0.68268 -0.62251
vn -0.41335 0.83026 -0.37391
vn -0.34199 0.73052 -0.59109
vn -0.58277 0.7944 0.17117
vn -0.57722 0.81156 0.09048
vn -0.62481 0.78023 0.02925
vn -0.50328 0.85655 0.11416
vn -0.55219 0.81138 -0.19169
vn -0.50577 0.78582 -0.35592
vn -0.31911 0.83152 -0.45468
vn -0.31934 0.83126 -0.45502
vn -0.40441 0.89145 -0.2044
vn -0.45905 0.88587 -0.06711
vn -0.48646 0.86334 -0.13417
vn -0.31789 0.54585 -0.77524
vn -0.27161 0.59644 -0.75531
vn -0.1987 0.70329 -0.68257
vn -0.27502 0.53526 -0.79866
vn -0.33867 0.59741 -0.72691
vn -0.2249 0.63067 -0.74274
vn -0.19892 0.76818 -0.60855
vn -0.23614 0.81915 -0.52271
vn -0.16351 0.78551 -0.59685
vn -0.17193 0.68065 -0.71215
vn -0.18503 0.8003 -0.57034
vn 0.05245 0.6126 -0.78865
vn -0.58031 0.75166 0.31343
vn -0.60803 0.69774 0.37875
vn -0.59581 0.64669 0.47624
vn -0.52799 0.84615 0.07245
vn -0.57797 0.78298 0.23001
vn -0.567 0.81061 0.1464
vn -0.47676 0.87756 -0.05084
vn -0.37699 0.88152 -0.28427
vn -0.58048 0.76232 0.28621
vn -0.48519 0.87111 0.07592
vn -0.52772 0.81866 0.22654
vn -0.38807 0.90274 -0.18563
vn -0.55718 0.74668 0.36335
vn -0.41297 0.86095 0.29701
vn -0.51684 0.77801 0.35717
vn -0.45548 0.86909 0.19293
vn -0.34706 0.93327 0.09244
vn -0.41874 0.90803 -0.01184
vn -0.36955 0.92885 0.02582
vn -0.18357 0.87316 -0.45154
vn -0.25788 0.92687 -0.2728
vn -0.09017 0.82219 -0.56202
vn -0.0344 0.72399 -0.68895
vn -0.00023 0.7337 -0.67947
vn -0.08864 0.77208 -0.62931
vn 0.01368 0.80396 -0.59452
vn -0.03239 0.85435 -0.51868
vn -0.12573 0.95299 -0.27568
vn -0.11148 0.98762 -0.11039
vn -0.17967 0.98143 0.06721
vn -0.08556 0.89047 -0.44692
vn -0.50973 0.71938 0.47188
vn 0.02583 0.99468 -0.09977
vn -0.02161 0.97716 -0.21139
vn -0.49971 0.75382 0.42667
vn -0.4793 0.82598 0.29668
vn -0.58242 0.80623 0.10382
vn -0.2829 0.95738 -0.05831
vn -0.25958 0.86874 -0.42178
vn -0.10906 0.84521 -0.52318
vn 0.98681 -0.06919 0.14635
vn 0.97242 0.17435 0.15495
vn 0.99142 -0.02452 0.12839
vn 0.96193 -0.03913 0.27048
vn 0.93299 0.11269 0.34181
vn 0.88804 -0.06472 0.45518
vn 0.98237 0.17859 0.05525
vn 0.99283 -0.11926 -0.00823
vn 0.99585 -0.02201 -0.08831
vn 0.98779 -0.00525 0.1557
vn 0.90485 -0.21177 0.36932
vn 0.95023 -0.20986 0.23024
vn 0.99223 -0.10882 -0.06027
vn 0.99547 0.09448 0.01058
vn 0.78009 0.08714 -0.61957
vn 0.80855 0.09871 -0.58009
vn 0.94419 0.17848 -0.27687
vn 0.74962 0.01267 -0.66174
vn 0.96336 -0.09259 -0.25173
vn 0.94945 -0.14956 -0.276
vn 0.61732 -0.14496 -0.77325
vn 0.74319 -0.1635 -0.64879
vn 0.7254 -0.07584 -0.68414
vn 0.76451 -0.22201 -0.60517
vn 0.68939 -0.007 0.72436
vn 0.78349 0.01233 0.62129
vn 0.63611 0.02111 0.77131
vn 0.836 0.00473 0.54871
vn 0.57642 -0.00112 0.81715
vn 0.87028 0.04251 0.49072
vn 0.7839 -0.2512 0.5678
vn 0.69463 -0.09987 0.7124
vn 0.85012 -0.10059 0.5169
vn 0.54276 -0.10986 0.83267
vn 0.01865 0.05819 0.99813
vn -0.21226 0.14435 0.96649
vn 0.26028 0.08597 0.9617
vn 0.35908 0.04078 0.93241
vn 0.40809 0.07664 0.90972
vn 0.4026 -0.00913 0.91533
vn 0.42909 0.08978 0.89879
vn 0.29521 0.02893 0.955
vn 0.03787 0.05711 0.99765
vn 0.24275 0.00437 0.97008
vn 0.57126 -0.18177 0.80039
vn 0.44634 -0.00714 0.89483
vn 0.84921 -0.08939 0.52044
vn 0.9303 -0.04795 0.36364
vn 0.94827 -0.23518 -0.21325
vn 0.97667 0.03826 -0.21133
vn 0.95414 0.27718 -0.11307
vn 0.88361 -0.31844 -0.34326
vn 0.77938 -0.22132 -0.58616
vn 0.90787 -0.12251 -0.40095
vn 0.80271 -0.14488 -0.5785
vn 0.80946 -0.06897 -0.58311
vn 0.69805 -0.121 -0.70575
vn 0.63629 -0.21496 -0.74089
vn 0.63541 -0.28144 -0.71906
vn 0.76662 -0.04515 -0.64051
vn 0.71116 -0.04391 -0.70166
vn 0.50647 -0.13943 -0.85091
vn 0.54135 -0.19587 -0.81766
vn 0.45704 -0.24328 -0.85553
vn 0.03946 -0.24061 -0.96982
vn 0.46319 -0.27358 -0.84298
vn 0.10642 -0.26369 -0.95872
vn 0.35358 -0.21208 -0.91104
vn 0.06386 -0.16576 -0.9841
vn 0.36785 -0.13905 -0.91943
vn 0.17966 -0.14577 -0.97287
vn -0.43619 0.08555 0.89578
vn -0.1553 0.12561 0.97985
vn -0.49206 0.28309 0.82325
vn -0.5878 0.17401 0.79007
vn -0.72059 0.24185 0.64981
vn -0.59508 -0.04062 0.80264
vn -0.22159 0.18324 0.95777
vn -0.48354 0.30556 0.82026
vn -0.30443 0.24392 0.92078
vn -0.79509 0.12884 0.59265
vn -0.94014 0.25615 0.22477
vn -0.97792 0.15545 0.13966
vn -0.96752 0.15917 0.1964
vn -0.8971 0.11612 0.42629
vn -0.37559 0.45079 0.80977
vn -0.74093 0.54551 0.39172
vn -0.58989 0.39093 0.70654
vn -0.91789 0.37873 0.11851
vn -0.97111 0.22555 0.07795
vn -0.93739 0.333 0.10203
vn -0.97754 0.15527 0.14252
vn -0.97132 0.10687 0.21243
vn -0.93019 0.33736 0.14471
vn -0.95257 0.28242 0.11334
vn -0.98162 0.18077 0.06112
vn -0.99562 0.04267 0.08321
vn -0.91135 0.4114 0.01399
vn -0.8144 0.55844 -0.15776
vn -0.88114 0.40744 0.23996
vn -0.86753 0.4002 0.29536
vn -0.81259 0.55362 0.18221
vn -0.75799 0.64015 0.1251
vn -0.72377 0.68072 0.113
vn -0.94737 0.31893 0.0278
vn -0.89673 0.42623 0.11915
vn -0.92042 0.38772 -0.05003
vn -0.31689 -0.06928 -0.94593
vn -0.41271 -0.1406 -0.89995
vn -0.50456 0.1984 -0.84027
vn -0.47642 0.05053 -0.87777
vn -0.81644 -0.10311 -0.56814
vn -0.82115 -0.02452 -0.57019
vn -0.74489 -0.0424 -0.66583
vn -0.11363 -0.06693 -0.99127
vn -0.78377 0.1403 -0.60499
vn -0.7599 0.21303 -0.61414
vn -0.9357 0.30494 -0.17743
vn -0.93683 0.34472 0.0593
vn -0.95897 0.17296 -0.22463
vn -0.9833 0.165 0.07683
vn -0.99417 0.10573 0.02094
vn -0.99869 0.0484 -0.01668
vn -0.81511 0.5619 -0.14098
vn -0.89504 0.01845 -0.44561
vn -0.73937 -0.11585 -0.66326
vn -0.8791 0.13965 -0.45572
vn -0.90527 0.39553 -0.15503
vn -0.83937 0.21146 -0.50075
vn 0.52766 -0.75818 0.38306
vn 0.69775 -0.65448 0.29122
vn 0.71978 -0.6634 0.2045
vn 0.34145 -0.78692 0.51397
vn 0.54041 -0.51534 0.66511
vn 0.39844 -0.6996 0.59313
vn -0.51983 0.82013 0.2391
vn 0.1122 -0.25534 0.96032
vn 0.11717 -0.36227 0.92468
vn 0.30819 -0.43566 0.84571
vn 0.17913 -0.51216 0.84
vn 0.33482 -0.67868 0.65368
vn 0.30427 -0.7379 0.60243
vn 0.33229 -0.75193 0.56937
vn 0.36471 -0.83372 0.4146
vn 0.2884 -0.76223 0.57951
vn 0.42507 -0.71188 0.55906
vn 0.40807 -0.71013 0.57376
vn 0.59573 -0.78568 0.16677
vn 0.69409 -0.68146 0.23204
vn 0.51747 -0.79974 0.30436
vn 0.70809 -0.69276 0.13672
vn 0.40375 -0.89304 0.19867
vn 0.51283 -0.85838 -0.0136
vn 0.74059 -0.64488 -0.1888
vn 0.74625 -0.64776 0.15335
vn 0.54106 -0.83142 0.12649
vn 0.45404 -0.84675 0.27725
vn 0.53802 -0.82216 0.18599
vn 0.45709 -0.86576 0.20378
vn 0.41531 -0.77769 0.47193
vn 0.40232 -0.91359 0.05915
vn 0.44597 -0.8872 -0.11831
vn 0.44867 -0.89267 0.04286
vn 0.47971 -0.86881 0.12263
vn 0.4121 -0.82312 0.3907
vn 0.36946 -0.89593 0.24659
vn 0.39528 -0.91702 0.05323
vn 0.43855 -0.8984 0.02342
vn 0.44203 -0.89668 0.02413
vn 0.38766 -0.91709 -0.09302
vn 0.51472 -0.82424 -0.23601
vn 0.64332 -0.74924 -0.1574
vn 0.54395 -0.81282 -0.20844
vn 0.64236 -0.76274 -0.0748
vn 0.51536 -0.80583 -0.29162
vn 0.41532 -0.83391 -0.36345
vn 0.1072 -0.39992 -0.91026
vn 0.40326 -0.42548 -0.81015
vn 0.33907 -0.29935 -0.89186
vn -0.88072 0.37965 -0.28319
vn -0.76524 0.49565 -0.41077
vn -0.91007 0.39173 -0.13537
vn -0.85509 0.48441 -0.18484
vn 0.41922 -0.8339 -0.35897
vn 0.35563 -0.71196 -0.6055
vn 0.31648 -0.31194 -0.89584
vn 0.43438 -0.16124 -0.88618
vn 0.40907 -0.50059 -0.76294
vn 0.27663 -0.69482 -0.66385
vn 0.34743 -0.78357 -0.51508
vn 0.29859 -0.74156 -0.60078
vn 0.39895 -0.91097 -0.10479
vn 0.36179 -0.92005 -0.15036
vn 0.05294 -0.19261 0.97985
vn 0.00403 -0.24637 0.96917
vn -0.06253 -0.35358 0.93331
vn 0.0529 -0.33781 0.93973
vn 0.38816 -0.69267 0.6079
vn 0.33488 -0.78872 0.51553
vn -0.01708 -0.06132 0.99797
vn 0.33231 -0.82284 0.46098
vn 0.21181 -0.84572 0.4898
vn 0.17409 -0.82494 0.53775
vn 0.04231 -0.85864 0.51082
vn -0.12402 -0.06594 0.99009
vn -0.08672 -0.24519 0.96559
vn -0.06234 -0.31615 0.94666
vn -0.07885 -0.14116 0.98684
vn -0.06919 -0.5257 0.84785
vn -0.03278 -0.7796 0.62542
vn -0.0644 -0.54935 0.83311
vn 0.13825 -0.83049 0.5396
vn 0.13836 -0.83108 0.53867
vn 0.13822 -0.83051 0.53959
vn 0.06789 -0.88366 0.46318
vn 0.07763 -0.91359 0.39916
vn 0.0667 -0.90352 0.42332
vn 0.23662 -0.95478 0.18
vn 0.24008 -0.8946 0.37691
vn 0.21912 -0.87924 0.423
vn 0.24862 -0.9501 0.18839
vn 0.06545 -0.93088 0.35942
vn 0.08223 -0.93448 0.34639
vn 0.19304 -0.95645 0.21897
vn 0.10666 -0.92251 0.37095
vn 0.13471 -0.96513 0.22445
vn 0.0569 -0.95149 0.30236
vn 0.1283 -0.97336 0.19004
vn 0.2352 -0.96529 0.11354
vn 0.3789 -0.85717 -0.34886
vn 0.3354 -0.88349 -0.32703
vn 0.36294 -0.72016 -0.5913
vn 0.32902 -0.70537 -0.62786
vn 0.25823 -0.73502 -0.62695
vn 0.41429 -0.88001 -0.23227
vn 0.27587 -0.55763 -0.78291
vn 0.33769 -0.17826 -0.92422
vn 0.39584 -0.90522 -0.15456
vn 0.38692 -0.79869 -0.46087
vn 0.27753 -0.70973 -0.6475
vn 0.42948 -0.66821 -0.60749
vn 0.23 -0.62745 -0.74392
vn 0.20166 -0.51741 -0.83164
vn 0.03457 -0.45015 -0.89228
vn -0.03279 -0.09307 -0.99512
vn -0.05746 0.00614 -0.99833
vn 0.11584 -0.47679 -0.87135
vn 0.14215 -0.63211 -0.76172
vn 0.21025 -0.56124 -0.8005
vn 0.17775 -0.9784 -0.10551
vn 0.13556 -0.94644 -0.29303
vn 0.22237 -0.93773 -0.26687
vn 0.24422 -0.96626 0.08179
vn 0.17952 -0.91887 -0.35136
vn 0.20251 -0.89166 -0.40489
vn 0.22919 -0.84921 -0.47572
vn 0.15572 -0.70419 -0.69272
vn -0.2099 0.01894 0.97754
vn -0.17025 -0.40051 0.90034
vn -0.31609 -0.0107 0.94867
vn -0.27269 -0.28426 0.91915
vn -0.35593 0.16099 0.92054
vn 0.03192 -0.86089 0.50778
vn 0.01296 -0.76709 0.64141
vn -0.152 -0.6104 0.77737
vn -0.41364 0.04973 0.90908
vn -0.48187 0.27412 0.83226
vn -0.43361 0.27615 0.85774
vn -0.39479 -0.13773 0.90839
vn 0.02183 -0.94222 0.33428
vn -0.13291 -0.63235 0.76319
vn -0.04581 -0.83047 0.55517
vn -0.10424 -0.79449 0.59827
vn -0.02119 -0.92243 0.38559
vn -0.39555 -0.03347 0.91783
vn -0.38451 -0.1081 0.91677
vn -0.30611 -0.22537 0.92494
vn -0.11672 -0.84718 0.51832
vn -0.19734 -0.73257 0.65145
vn -0.11108 -0.82208 0.55844
vn -0.00877 -0.17484 -0.98456
vn -0.12404 0.28933 -0.94916
vn -0.08333 -0.0432 -0.99558
vn 0.09742 -0.39902 -0.91175
vn 0.05085 -0.25557 -0.96545
vn 0.08492 -0.92571 -0.36859
vn 0.13378 -0.91613 -0.37789
vn 0.10284 -0.90932 -0.40319
vn 0.05823 -0.85911 -0.50846
vn 0.21382 -0.69728 -0.68417
vn 0.11107 -0.65529 -0.74717
vn -0.06784 0.07143 -0.99514
vn -0.10199 0.28367 -0.95348
vn -0.10695 0.31588 -0.94275
vn 0.02174 0.05794 -0.99808
vn 0.10376 -0.41846 -0.90229
vn 0.17285 -0.31137 -0.93444
vn 0.11348 -0.88106 -0.4592
vn 0.16325 -0.8812 -0.44366
vn 0.14978 -0.839 -0.52312
vn 0.10327 -0.67125 -0.73401
vn 0.07469 -0.75073 -0.65638
vn -0.46172 0.5535 0.69315
vn -0.43648 0.21776 0.87297
vn -0.47542 0.37744 0.79468
vn -0.34693 0.00692 0.93787
vn -0.33749 0.14457 0.93016
vn -0.19349 -0.48917 0.85046
vn 0.0017 -0.80145 0.59806
vn -0.06196 -0.79604 0.60206
vn -0.05441 -0.81782 0.5729
vn -0.01849 -0.84681 0.53158
vn -0.15017 -0.76699 0.62383
vn -0.45334 0.45937 0.76385
vn -0.4658 0.62144 0.62996
vn -0.41482 0.54789 0.72646
vn -0.46803 0.6088 0.64056
vn -0.50295 0.55471 0.66283
vn -0.38275 0.06139 0.92181
vn -0.17024 -0.46878 0.86675
vn 0.10283 -0.74167 0.66283
vn -0.1623 -0.5122 0.84339
vn -0.27331 -0.24616 0.9299
vn 0.12832 -0.64042 0.75723
vn -0.07913 0.28963 -0.95386
vn -0.16971 0.47223 -0.86498
vn -0.20029 0.53812 -0.81873
vn 0.0026 0.20115 -0.97956
vn 0.02761 0.33946 -0.94021
vn 0.28141 -0.88363 -0.37418
vn 0.26282 -0.79168 -0.55152
vn 0.25643 -0.41828 -0.87137
vn 0.13208 -0.02047 -0.99103
vn -0.09158 0.62812 -0.77271
vn -0.18322 0.72021 -0.66912
vn -0.19193 0.72543 -0.66099
vn -0.16992 0.54759 -0.81931
vn 0.0666 0.32986 -0.94168
vn 0.24954 -0.159 -0.95522
vn 0.22437 -0.26428 -0.93798
vn 0.21433 -0.14484 -0.96596
vn 0.11682 0.1233 -0.98547
vn -0.02519 0.54519 -0.83793
vn 0.10954 0.27776 -0.95439
vn -0.42686 0.46603 0.77499
vn -0.37338 0.13245 0.91817
vn -0.4532 0.64442 0.6159
vn -0.44002 0.36457 0.82065
vn -0.46902 0.86394 0.18335
vn -0.41221 0.87206 0.26379
vn -0.50646 0.80813 0.3007
vn -0.50214 0.61772 0.60521
vn -0.45992 0.70706 0.53715
vn -0.36895 0.02156 0.9292
vn -0.24414 -0.14691 0.95855
vn -0.4018 0.67968 0.61367
vn -0.38387 0.39329 0.83545
vn -0.41759 0.69663 0.58337
vn -0.41296 0.84644 0.33616
vn -0.35302 0.84036 0.41131
vn -0.41328 0.8708 0.26628
vn -0.44075 0.60256 0.66533
vn -0.42085 0.70036 0.57653
vn -0.42823 0.63218 0.64573
vn -0.39248 0.42574 0.81529
vn -0.31473 0.31198 0.89645
vn -0.40749 0.89645 0.17414
vn -0.03444 0.55555 -0.83077
vn -0.04608 0.63412 -0.77186
vn -0.274 0.91589 -0.29338
vn -0.26566 0.86104 -0.43362
vn -0.16948 0.8832 -0.43731
vn -0.41571 0.83926 0.35047
vn -0.37528 0.90228 0.21228
vn -0.3752 0.91538 0.14595
vn -0.34937 0.90599 0.23902
vn -0.17809 0.92467 -0.33656
vn -0.25976 0.95893 -0.1139
vn -0.28813 0.94771 -0.13723
vn -0.14326 0.91858 -0.36835
vn -0.21984 0.96175 -0.16344
vn -0.284 0.95875 0.01216
vn -0.14825 0.81713 -0.55706
vn -0.07952 0.8546 -0.51316
vn 0.06212 0.57896 -0.81299
vn 0.0798 0.54142 -0.83696
vn 0.15086 0.62764 -0.76375
vn 0.19528 0.25084 -0.94813
vn 0.2128 0.45573 -0.86431
vn -0.08657 0.70677 -0.70212
vn -0.01669 0.72226 -0.69142
vn -0.06232 0.81169 -0.58075
vn -0.0542 0.8832 -0.46585
vn 0.09493 0.74833 -0.65649
vn -0.044 0.84967 -0.52548
vn 0.13959 0.67018 -0.72895
vn 0.3071 0.44634 -0.84052
vn 0.29854 0.58347 -0.75527
vn -0.4314 0.7202 0.54332
vn -0.43562 0.83854 0.32722
vn -0.40354 0.82721 0.391
vn -0.39561 0.59461 0.69995
vn -0.50504 0.60735 0.61323
vn -0.44354 0.74132 0.5037
vn -0.60635 0.64245 0.46862
vn -0.36856 0.90737 0.20212
vn -0.41786 0.82518 0.38011
vn -0.45188 0.84645 0.28166
vn -0.31321 0.94875 0.04217
vn -0.13176 0.95283 -0.27343
vn -0.1354 0.90385 -0.40587
vn -0.49172 0.74729 0.44696
vn -0.55103 0.75527 0.35486
vn -0.52264 0.72677 0.4457
vn -0.50059 0.8446 0.1899
vn -0.31412 0.94743 -0.06082
vn -0.20584 0.97656 -0.06295
vn -0.5589 0.6926 0.45599
vn -0.62328 0.66447 0.41231
vn -0.66013 0.66299 0.35308
vn -0.58479 0.70216 0.40619
vn -0.61704 0.72064 0.31613
vn -0.66501 0.72052 0.19648
vn -0.69905 0.65116 0.2955
vn -0.48577 0.87382 -0.02148
vn -0.59728 0.80004 -0.05645
vn 0.208 0.79506 -0.56975
vn 0.03563 0.86962 -0.49244
vn -0.06148 0.91275 -0.40386
vn -0.25081 0.90536 -0.34266
vn 0.07215 0.8879 -0.45435
vn 0.46444 0.53943 -0.70236
vn -0.07259 0.82226 -0.56446
vn -0.07009 0.84492 -0.53028
vn -0.41701 0.84478 -0.33534
vn -0.58022 0.78774 -0.20691
vn -0.24719 0.85446 -0.45693
vn -0.33493 0.8131 -0.47613
vn -0.28727 0.78294 -0.5518
vn -0.47642 0.79117 -0.3835
vn -0.1554 0.74154 -0.65266
vn -0.53848 0.63101 0.55845
vn -0.63382 0.71067 0.30533
vn -0.62726 0.77558 -0.07087
vn -0.56716 0.79348 -0.22074
vn -0.64612 0.75927 0.0777
vn 0.77859 -0.37609 0.50235
vn 0.74529 -0.38232 0.54623
vn 0.66422 -0.31608 0.67742
vn 0.758 -0.33399 0.56025
vn 0.87914 -0.4765 0.00744
vn 0.87467 -0.48249 -0.04645
vn 0.88151 -0.46682 0.07087
vn 0.8757 -0.46134 0.14252
vn 0.83179 -0.37621 0.40815
vn 0.91123 -0.32585 0.25197
vn 0.87795 -0.42794 0.21467
vn 0.80162 -0.42128 0.42419
vn 0.85752 -0.44584 0.25668
vn 0.88176 -0.46856 0.05433
vn 0.88446 -0.46525 -0.03576
vn 0.88327 -0.46869 0.013
vn 0.92419 -0.37838 0.05203
vn 0.81249 -0.23071 0.53538
vn 0.90044 -0.24299 0.36078
vn 0.9548 -0.28901 0.06953
vn 0.9288 -0.37049 -0.0083
vn 0.87066 -0.47708 -0.11972
vn 0.84434 -0.45119 -0.28899
vn 0.84235 -0.46161 -0.27813
vn 0.76279 -0.38466 -0.5198
vn 0.90239 -0.42096 -0.09214
vn 0.84058 -0.43424 -0.3238
vn 0.70083 -0.32743 -0.63374
vn 0.71148 -0.38711 -0.58646
vn 0.73144 -0.33646 -0.59312
vn 0.9403 -0.3179 -0.12159
vn 0.89462 -0.34972 -0.27813
vn 0.81549 -0.428 -0.38961
vn 0.75376 -0.27333 -0.5976
vn 0.51056 -0.22091 0.83098
vn 0.60843 -0.18669 0.77133
vn 0.60899 -0.13486 0.78163
vn 0.49011 -0.05179 0.87012
vn 0.72744 -0.20609 0.65449
vn 0.37715 -0.09049 0.92172
vn 0.36391 -0.06265 0.92932
vn 0.41292 -0.09636 0.90566
vn 0.77711 -0.05604 0.62686
vn 0.63578 -0.08545 0.76713
vn 0.60755 -0.04007 0.79327
vn 0.79798 -0.11867 0.59088
vn 0.43189 -0.02352 0.90162
vn 0.01419 -0.0293 0.99947
vn -0.1159 -0.02286 0.993
vn 0.17069 -0.03215 0.9848
vn 0.23674 -0.07281 0.96884
vn 0.34516 -0.13914 0.92817
vn 0.24211 -0.03307 0.96968
vn -0.27191 -0.03442 0.96171
vn 0.23197 -0.01185 0.97265
vn 0.41205 -0.07702 0.9079
vn 0.72251 -0.43751 -0.53531
vn 0.6671 -0.37784 -0.64204
vn 0.64736 -0.341 -0.68165
vn 0.62646 -0.29472 -0.72158
vn 0.68636 -0.37096 -0.62554
vn 0.60664 -0.3398 -0.71869
vn 0.68786 -0.29513 -0.66313
vn 0.54742 -0.33753 -0.76577
vn 0.52561 -0.37998 -0.76115
vn 0.36378 -0.32028 -0.87469
vn 0.49373 -0.33615 -0.80202
vn 0.41557 -0.27872 -0.8658
vn 0.28553 -0.36326 -0.88686
vn 0.14125 -0.299 -0.94374
vn -0.18305 -0.31006 -0.93293
vn -0.01353 -0.12168 -0.99248
vn 0.38714 -0.18728 -0.9028
vn 0.22953 -0.19103 -0.95437
vn 0.19669 -0.3298 -0.92333
vn -0.00017 -0.3068 -0.95177
vn -0.22847 -0.30921 -0.92314
vn -0.20733 -0.00781 0.97824
vn -0.25157 -0.08125 0.96442
vn -0.36687 -0.16149 0.91615
vn -0.19386 -0.08252 0.97755
vn -0.31214 -0.29337 0.90361
vn -0.17469 0.00222 0.98462
vn -0.4873 -0.21413 0.84657
vn -0.44883 -0.33997 0.82642
vn -0.07011 0.06871 0.99517
vn 0.22132 -0.14867 0.9638
vn 0.05862 -0.23244 0.97084
vn -0.07873 -0.04963 0.99566
vn -0.17764 -0.43435 0.88305
vn 0.515 -0.50798 0.69045
vn 0.34034 -0.68092 0.64848
vn 0.56731 -0.44176 0.69499
vn -0.77035 -0.11775 0.62665
vn 0.73431 -0.58181 0.34969
vn -0.93799 -0.30238 0.16951
vn -0.70502 -0.67176 0.22736
vn -0.48304 -0.8484 0.21654
vn -0.61631 -0.77031 0.16366
vn 0.73495 -0.67393 0.07523
vn 0.75799 -0.63968 0.12752
vn 0.80119 -0.59201 0.08732
vn -0.94677 -0.32191 -0.0008
vn -0.8247 -0.56511 0.02287
vn -0.9443 -0.32718 0.03523
vn -0.78564 -0.6011 0.14647
vn -0.75866 -0.57573 0.3049
vn -0.78038 -0.5958 0.18982
vn -0.71362 -0.26137 -0.64995
vn -0.50998 -0.43764 -0.74054
vn -0.38915 -0.26178 -0.88319
vn -0.38822 -0.27097 -0.88083
vn -0.77291 -0.13924 -0.61905
vn -0.41438 -0.26891 -0.86947
vn -0.72717 -0.24779 -0.64018
vn -0.11117 -0.20794 -0.9718
vn 0.09396 -0.15065 -0.98411
vn -0.326 -0.07884 -0.94208
vn -0.54977 -0.36192 -0.75284
vn -0.70694 -0.19875 -0.67877
vn -0.72907 -0.28522 -0.62218
vn -0.70372 -0.13201 -0.69811
vn -0.72725 -0.07198 -0.68258
vn -0.70799 -0.1702 -0.6854
vn -0.66364 -0.13591 -0.7356
vn -0.68939 -0.72037 -0.07618
vn 0.43401 -0.89637 -0.0903
vn -0.4152 -0.9097 -0.0074
vn -0.96793 -0.21933 0.12248
vn -0.89229 -0.45141 -0.0073
vn -0.71822 -0.27813 -0.63781
vn -0.82194 -0.54542 -0.16411
vn -0.35074 -0.32112 -0.8797
vn -0.4726 -0.06983 -0.8785
vn -0.29879 -0.1467 -0.94298
vn -0.45069 -0.27017 -0.85081
vn -0.47913 -0.22198 -0.84921
vn -0.19358 -0.31826 -0.92803
vn -0.69318 -0.07324 -0.71703
vn -0.66051 -0.04928 -0.7492
vn -0.59196 -0.26439 -0.76137
vn -0.06661 0.22984 0.97095
vn 0.46572 -0.31939 0.82528
vn 0.31386 -0.08346 0.94579
vn -0.01173 0.29655 0.95494
vn 0.02638 0.05196 0.9983
vn -0.09225 0.44907 0.88872
vn 0.58409 -0.38519 0.71447
vn 0.32344 -0.17962 0.92904
vn 0.13385 -0.19455 0.97172
vn 0.17487 -0.28889 0.94125
vn -0.09412 0.38701 0.91726
vn -0.07602 0.26625 0.9609
vn -0.0862 0.2611 0.96145
vn -0.04713 0.38821 0.92036
vn -0.06151 0.03235 0.99758
vn -0.02053 -0.08051 0.99654
vn 0.04645 -0.18203 0.98219
vn 0.20054 -0.27255 0.94101
vn 0.71374 -0.65151 0.25712
vn 0.75833 -0.60228 0.2494
vn -0.07852 0.1466 -0.98607
vn 0.11979 -0.25657 -0.95907
vn 0.0912 -0.06811 -0.9935
vn 0.21948 0.15345 -0.96347
vn -0.05898 0.1273 -0.99011
vn -0.1342 0.23937 -0.96161
vn 0.75941 -0.58149 -0.29183
vn 0.84298 -0.53138 -0.08379
vn 0.2847 -0.64231 -0.71161
vn 0.14629 -0.33567 -0.93055
vn 0.36477 -0.19536 -0.91037
vn 0.01628 0.45963 -0.88796
vn 0.07859 0.59528 -0.79966
vn -0.07752 0.57857 -0.81194
vn -0.19847 0.29687 -0.93407
vn 0.22795 0.16688 -0.95927
vn 0.33941 -0.09496 -0.93583
vn 0.20784 0.27031 -0.94007
vn -0.16432 0.47482 0.8646
vn -0.14453 0.72615 0.67218
vn -0.2533 0.72789 0.6372
vn -0.13763 0.73006 0.66939
vn -0.02662 0.08801 0.99576
vn -0.04431 0.18957 0.98087
vn -0.20504 0.49492 0.8444
vn -0.2206 0.25921 0.94029
vn -0.02508 0.02741 0.99931
vn -0.13538 0.08691 0.98697
vn -0.37216 0.57655 0.72738
vn -0.41044 0.51372 0.75341
vn -0.41791 0.689 0.59214
vn -0.2833 0.28446 0.91587
vn -0.3366 0.3766 0.86306
vn -0.24771 0.14428 0.95803
vn -0.18826 0.09089 0.9779
vn -0.21429 0.9092 0.35698
vn -0.26299 0.79289 0.54969
vn -0.166 0.89987 0.40333
vn -0.3251 0.7781 0.53747
vn -0.34878 0.72828 0.58988
vn -0.06691 0.66225 -0.74629
vn 0.00017 0.55138 -0.83425
vn -0.08979 0.5403 -0.83667
vn -0.06341 0.66361 -0.74538
vn -0.0034 0.7129 -0.70126
vn -0.06923 0.54084 -0.83827
vn -0.08029 0.73645 -0.67171
vn 0.1496 -0.05154 -0.9874
vn 0.16587 0.22445 -0.96027
vn -0.08703 0.35501 -0.9308
vn -0.18308 0.70759 -0.6825
vn -0.27312 0.69675 -0.66328
vn -0.25223 0.80375 -0.53885
vn -0.16399 0.78756 -0.59402
vn -0.21229 0.45767 -0.8634
vn -0.2063 0.56569 -0.79839
vn -0.16251 0.34822 -0.92322
vn -0.20623 0.47731 -0.85419
vn -0.4364 0.71736 0.54309
vn -0.48125 0.64235 0.59648
vn -0.42881 0.56181 0.70746
vn -0.35185 0.36054 0.86384
vn -0.48433 0.41222 0.77169
vn -0.48085 0.54015 0.69067
vn -0.55637 0.50127 0.66271
vn -0.47176 0.63688 0.60977
vn -0.50802 0.77198 0.38205
vn -0.54194 0.69812 0.46789
vn -0.47938 0.77357 0.41446
vn -0.50249 0.83321 0.2308
vn -0.52608 0.79967 0.28942
vn -0.3991 0.88069 -0.25515
vn -0.47859 0.87348 -0.08936
vn -0.44867 0.89327 -0.02763
vn -0.52312 0.83149 0.187
vn -0.53178 0.79891 0.28099
vn -0.52169 0.6073 0.59919
vn -0.60782 0.73332 0.30463
vn -0.54775 0.74233 0.3859
vn -0.56266 0.77395 0.29054
vn -0.56968 0.56234 0.59937
vn -0.57789 0.59217 0.56158
vn -0.49126 0.72923 0.47632
vn -0.59825 0.5606 0.57256
vn -0.52701 0.8464 0.07658
vn -0.47832 0.85215 -0.21226
vn -0.54832 0.82657 0.12702
vn -0.51902 0.54544 0.65811
vn -0.51363 0.65541 0.55373
vn -0.51208 0.62143 0.59296
vn -0.55048 0.76507 0.33413
vn -0.5355 0.75882 0.37072
vn -0.39106 0.81195 -0.43336
vn -0.33114 0.78864 -0.51807
vn -0.40607 0.83195 -0.37812
vn -0.35468 0.82182 -0.44588
vn -0.24769 0.62986 -0.73616
vn -0.13744 0.53941 -0.83075
vn -0.154 0.3793 -0.91237
vn -0.19602 0.50892 -0.8382
vn -0.23733 0.60898 -0.75685
vn -0.26582 0.50356 -0.82205
vn -0.36068 0.80915 -0.46387
vn -0.4108 0.85176 -0.3252
vn -0.46398 0.8689 -0.1724
vn -0.41934 0.86986 -0.25979
vn -0.30095 0.68997 -0.65831
vn -0.2861 0.69589 -0.65869
vn -0.23355 0.6927 -0.68236
vn -0.31286 0.74576 -0.58818
vn -0.2374 0.57299 -0.78443
vn -0.19151 0.44807 -0.87324
vn -0.51036 0.85723 0.06849
vn -0.46996 0.70425 0.53213
vn -0.46901 0.71885 0.51312
vn -0.50627 0.72895 0.46079
vn -0.48391 0.78862 0.37935
vn -0.48334 0.86824 0.11197
vn -0.50372 0.77969 0.37195
vn -0.4302 0.67082 0.6041
vn -0.427 0.72213 0.54425
vn -0.48758 0.8265 0.28135
vn -0.50349 0.81381 0.29021
vn -0.4508 0.83218 0.32289
vn -0.43279 0.76278 0.48048
vn -0.49853 0.85311 0.15383
vn -0.48816 0.86489 0.11688
vn -0.407 0.87379 -0.26615
vn -0.44522 0.87984 -0.16631
vn -0.34941 0.83449 -0.42608
vn -0.40249 0.85808 -0.31891
vn -0.33965 0.80975 -0.47847
vn -0.36755 0.86113 -0.35124
vn -0.44173 0.88761 -0.13047
vn -0.25397 0.70799 -0.65898
vn -0.32303 0.75401 -0.57194
vn -0.25575 0.67702 -0.69009
vn -0.42698 0.88926 -0.16402
vn -0.43611 0.89624 -0.08102
vn -0.34881 0.86284 -0.36584
vn -0.28569 0.82699 -0.48423
vn -0.36334 0.88962 -0.2767
vn -0.5479 0.75355 0.36327
vn -0.37452 0.92369 -0.08086
vn -0.33843 0.94076 -0.02099
vn 0.86104 -0.39313 0.32259
vn 0.86779 -0.44467 0.22182
vn 0.86145 -0.45191 0.23169
vn 0.88968 -0.39038 0.23678
vn 0.89795 -0.42353 0.11959
vn 0.93042 -0.35191 0.10231
vn 0.8675 -0.48829 0.09494
vn 0.85955 -0.46771 -0.20597
vn 0.86937 -0.46684 -0.16205
vn 0.86382 -0.41615 -0.28397
vn 0.93034 -0.36559 -0.02839
vn 0.8967 -0.43666 -0.07248
vn 0.88598 -0.41095 -0.21486
vn 0.86967 -0.49355 -0.009
vn 0.63005 -0.3925 0.67007
vn 0.77064 -0.35008 0.53251
vn 0.71567 -0.30944 0.62615
vn 0.53893 -0.30358 0.78575
vn 0.29206 -0.08564 0.95256
vn 0.29753 -0.11287 0.94802
vn 0.39711 -0.14488 0.90626
vn 0.39679 -0.13602 0.90778
vn 0.51017 -0.23357 0.82775
vn 0.57858 -0.18649 0.79402
vn 0.55921 -0.27045 0.78368
vn 0.60135 -0.30705 0.73763
vn 0.66627 -0.24381 0.70473
vn 0.5438 -0.33164 0.7709
vn 0.55839 -0.25398 0.78974
vn 0.40842 -0.24242 0.88001
vn 0.68793 -0.33848 0.64201
vn 0.83377 -0.4189 0.35966
vn 0.80762 -0.39232 0.44027
vn 0.71231 -0.38419 0.58738
vn 0.86984 -0.45759 0.18439
vn 0.84268 -0.42335 0.33268
vn 0.87331 -0.48556 0.03961
vn 0.73267 -0.32852 0.59605
vn 0.76675 -0.37452 0.52138
vn 0.84191 -0.4331 0.32188
vn 0.88005 -0.4495 0.15319
vn 0.88673 -0.46096 0.03516
vn 0.86364 -0.49177 -0.11085
vn 0.86032 -0.47329 -0.18932
vn 0.85138 -0.50206 -0.15197
vn 0.56926 -0.34162 -0.74782
vn 0.67069 -0.39541 -0.62756
vn 0.62721 -0.34848 -0.69654
vn 0.6002 -0.27288 -0.75186
vn 0.86704 -0.48796 -0.10069
vn 0.73252 -0.44294 -0.51693
vn 0.71934 -0.34588 -0.60242
vn 0.72168 -0.36497 -0.5882
vn 0.70139 -0.29006 -0.65109
vn 0.65016 -0.26475 -0.71218
vn 0.44894 -0.12069 -0.88538
vn 0.60599 -0.17397 -0.77621
vn 0.55176 -0.26875 -0.78951
vn 0.66783 -0.32514 -0.66954
vn 0.55297 -0.32059 -0.76906
vn 0.83721 -0.47942 -0.26314
vn 0.6798 -0.43408 -0.59114
vn 0.63371 -0.41972 -0.64981
vn 0.17413 -0.03177 0.98421
vn 0.35412 -0.20941 0.91145
vn 0.26344 -0.09721 0.95976
vn 0.12953 -0.00587 0.99156
vn 0.15571 -0.02981 0.98735
vn 0.08207 0.0025 0.99662
vn 0.4416 -0.25341 0.86068
vn 0.33453 -0.17975 0.92508
vn 0.23127 -0.10774 0.96691
vn -0.14288 0.12584 0.98171
vn -0.20824 0.10699 0.97221
vn 0.00099 0.06619 0.99781
vn 0.02007 0.06538 0.99766
vn 0.06066 -0.00317 0.99815
vn -0.14064 0.00439 0.99005
vn 0.10083 -0.04495 0.99389
vn 0.20023 0.01768 -0.97959
vn 0.30595 -0.07009 -0.94946
vn 0.42968 -0.18504 -0.88382
vn 0.52148 -0.2638 -0.81146
vn 0.55877 -0.28824 -0.77762
vn -0.06899 0.11852 -0.99055
vn -0.21828 0.21159 -0.95267
vn -0.17372 0.15969 -0.97176
vn -0.18743 0.19991 -0.96172
vn 0.30505 -0.09733 -0.94735
vn 0.1002 0.05337 -0.99353
vn 0.0953 0.00125 -0.99545
vn 0.38312 -0.15982 -0.90977
vn 0.20645 -0.07065 -0.9759
vn 0.01977 0.0741 -0.99705
vn -0.24326 0.12554 -0.9618
vn 0.07923 0.01417 -0.99676
vn -0.19235 0.05764 -0.97963
vn -0.32579 0.18102 0.92795
vn -0.19259 0.05682 0.97963
vn -0.30526 0.15135 0.94016
vn -0.35772 0.21687 0.9083
vn -0.31332 0.23122 0.92107
vn -0.39076 0.21861 0.89416
vn -0.26443 0.06626 0.96213
vn -0.23731 0.13756 0.96164
vn -0.45085 0.29932 0.84092
vn -0.54455 0.33057 0.77083
vn -0.58643 0.45204 0.67213
vn -0.46069 0.41527 0.78442
vn -0.30476 0.28493 0.90881
vn -0.34181 0.4106 0.84532
vn -0.19605 0.29502 0.93516
vn -0.19006 0.18825 0.96356
vn -0.34545 0.19896 -0.9171
vn -0.57426 0.39633 -0.71635
vn -0.49535 0.36017 -0.79051
vn -0.5061 0.44139 -0.74097
vn -0.69185 0.26915 -0.67
vn -0.6486 0.35033 -0.67571
vn -0.72585 0.38974 -0.56678
vn -0.69996 0.33478 -0.63085
vn -0.68297 0.2816 -0.67399
vn -0.6425 0.25519 -0.72254
vn -0.74348 0.09214 -0.66238
vn -0.6298 0.02889 -0.77622
vn -0.13345 0.38027 -0.9152
vn -0.58904 0.00479 -0.80809
vn -0.69921 0.01927 -0.71466
vn -0.73683 0.08877 -0.67023
vn -0.68463 0.11898 -0.71912
vn -0.70758 -0.01907 -0.70638
vn -0.41364 0.41643 -0.80962
vn -0.44439 0.33169 -0.83216
vn -0.35461 0.1698 -0.91947
vn -0.3285 0.17486 -0.92818
vn -0.39861 0.1291 -0.90799
vn -0.56212 0.11505 -0.81902
vn -0.37745 0.10534 -0.92002
vn -0.39831 0.1236 -0.90889
vn -0.62885 -0.02814 -0.77702
vn -0.70166 0.06133 -0.70987
vn -0.59148 0.51914 0.61696
vn -0.57223 0.47034 0.67181
vn -0.48997 0.56138 0.66692
vn -0.25193 0.51576 0.81886
vn -0.25303 0.63748 0.72773
vn -0.37676 0.7338 0.56532
vn -0.14479 0.65949 0.73764
vn -0.12866 0.63733 0.75977
vn -0.20338 0.79574 0.57047
vn -0.38405 0.78735 0.48227
vn -0.23437 0.8528 0.4667
vn -0.20779 0.87315 0.44095
vn -0.15986 0.76207 0.62744
vn -0.50472 0.60875 0.61211
vn -0.74353 0.57304 0.34465
vn -0.72457 0.60509 0.32993
vn -0.73242 0.55857 0.38931
vn -0.78707 0.59708 0.15493
vn -0.72093 0.65774 0.21826
vn -0.70243 0.70621 0.08866
vn -0.79184 0.61055 -0.0147
vn -0.73438 0.65727 -0.16938
vn -0.78795 0.5542 -0.26833
vn -0.82997 0.55403 -0.06482
vn -0.6405 0.67266 0.37053
vn -0.5393 0.76725 0.34711
vn -0.58477 0.71353 0.38589
vn -0.5766 0.80459 -0.14204
vn -0.62136 0.78158 0.05512
vn -0.29924 0.95418 0.00103
vn -0.47417 0.85798 0.19758
vn -0.52398 0.85093 0.03703
vn -0.65687 0.73204 0.18066
vn -0.38498 0.87476 0.29427
vn -0.43482 0.90043 0.01242
vn -0.25121 0.91958 0.30209
vn -0.27958 0.94441 0.17297
vn -0.21285 0.97018 0.11597
vn -0.20061 0.94348 0.26383
vn -0.49623 0.85975 -0.12078
vn -0.32799 0.91653 -0.22889
vn -0.31909 0.8974 -0.30471
vn -0.63756 0.63133 -0.44153
vn -0.77406 0.4917 -0.39883
vn -0.82357 0.54387 -0.16105
vn -0.65084 0.57059 -0.50083
vn -0.48607 0.63953 -0.5956
vn -0.51949 0.41778 -0.74538
vn -0.51094 0.19355 -0.83755
vn -0.3454 0.58455 -0.73417
vn -0.45117 0.7491 -0.48507
vn -0.20143 0.31718 -0.92673
vn -0.31559 0.22112 -0.92277
vn -0.44996 0.40389 -0.7965
vn -0.35771 0.76965 -0.52885
vn -0.23421 0.82936 -0.50726
vn -0.19593 0.67137 -0.71475
vn -0.26461 0.61965 -0.73893
vn -0.36365 0.58389 -0.72583
vn -0.37523 0.76658 0.52111
vn -0.15584 0.97225 0.17449
vn -0.24378 0.95582 0.16428
vn -0.15494 0.98774 0.01922
vn -0.16393 0.98608 -0.02794
vn -0.16024 0.96931 -0.18643
vn -0.12779 0.92449 -0.35915
vn -0.1637 0.98646 -0.01046
vn -0.33487 0.88617 0.32026
vn -0.4012 0.84893 0.34402
vn -0.35103 0.85779 0.37547
vn -0.33771 0.87624 0.34374
vn -0.31662 0.92967 0.18831
vn -0.33477 0.88883 0.31292
vn -0.31105 0.9449 -0.10202
vn -0.40127 0.90395 0.14786
vn -0.28862 0.95357 0.08605
vn -0.18562 0.96732 -0.17275
vn -0.21857 0.95206 -0.21403
vn -0.27927 0.91933 -0.2772
vn -0.15392 0.92757 -0.34049
vn -0.17628 0.9196 -0.35108
vn -0.10955 0.83873 -0.53341
vn -0.17414 0.89562 -0.40933
vn -0.1816 0.87329 -0.4521
vn -0.16963 0.88594 -0.43167
vn -0.29191 0.86891 -0.39972
vn -0.1731 0.89106 -0.41957
vn 0.84897 -0.18633 0.49451
vn 0.85978 -0.11969 0.49644
vn 0.71311 -0.17327 0.67931
vn 0.75918 -0.27761 0.5887
vn 0.88002 -0.24902 0.40442
vn 0.88717 -0.31415 0.33799
vn 0.93155 -0.25914 0.25505
vn 0.91251 -0.1835 0.36558
vn 0.94067 -0.20916 0.26718
vn 0.95603 -0.25377 0.14697
vn 0.965 -0.20698 0.16103
vn 0.96117 -0.27556 0.01472
vn 0.94925 -0.30911 0.05812
vn 0.93063 -0.32285 0.17233
vn 0.77535 -0.27511 0.56845
vn 0.8177 -0.37166 0.43959
vn 0.90081 -0.36563 0.23422
vn 0.9404 -0.33569 0.05448
vn 0.97433 -0.22458 0.01545
vn 0.92731 -0.26359 -0.26575
vn 0.92365 -0.28958 -0.25104
vn 0.83771 -0.24005 -0.49053
vn 0.93295 -0.3498 -0.08506
vn 0.90435 -0.34526 -0.2509
vn 0.65691 -0.25753 -0.70863
vn 0.74457 -0.23532 -0.6247
vn 0.76925 -0.25813 -0.58448
vn 0.90587 -0.3865 -0.17326
vn 0.61699 -0.27102 -0.73883
vn 0.56532 -0.1193 0.8162
vn 0.63282 -0.15472 0.75868
vn 0.56911 -0.16213 0.80612
vn 0.45681 -0.03908 0.8887
vn 0.69681 -0.21109 0.68549
vn 0.32976 -0.01554 0.94394
vn 0.30342 -0.05685 0.95116
vn 0.38564 -0.07488 0.91961
vn 0.59525 -0.18937 0.78091
vn 0.74439 -0.24044 0.62296
vn 0.39815 -0.15756 0.90369
vn 0.0783 0.06631 0.99472
vn 0.06615 0.07403 0.99506
vn 0.19712 0.03055 0.9799
vn 0.20091 0.01302 0.97952
vn 0.31297 -0.04246 0.94881
vn 0.26364 -0.04619 0.96352
vn 0.17508 -0.03733 0.98385
vn 0.26407 -0.07106 0.96188
vn 0.39494 -0.14564 0.90709
vn 0.83191 -0.23157 -0.50428
vn 0.71208 -0.18422 -0.6775
vn 0.42872 -0.19666 -0.88177
vn 0.51406 -0.14448 -0.8455
vn 0.57799 -0.17716 -0.79658
vn 0.57354 -0.25937 -0.77703
vn 0.46999 -0.22675 -0.85305
vn 0.48267 -0.21926 -0.84791
vn 0.86162 -0.41217 -0.2962
vn 0.86374 -0.40915 -0.2942
vn 0.55884 -0.27776 -0.78138
vn 0.56037 -0.22089 -0.79824
vn 0.34538 -0.14551 -0.92711
vn 0.40774 -0.16172 -0.89866
vn 0.51678 -0.16456 -0.84015
vn 0.3176 -0.1148 -0.94125
vn 0.25132 -0.11203 -0.9614
vn 0.35654 -0.08221 -0.93065
vn 0.19963 -0.03779 -0.97914
vn 0.14661 -0.00523 -0.98918
vn 0.36898 -0.04157 -0.92851
vn -0.03986 0.13588 0.98992
vn 0.11472 0.01777 0.99324
vn -0.00224 0.11837 0.99297
vn -0.16777 0.18802 0.96773
vn -0.1627 0.20449 0.96525
vn -0.21952 0.19478 0.95597
vn 0.06542 0.04942 0.99663
vn -0.08165 0.13269 0.98779
vn -0.36009 0.27489 0.8915
vn -0.43844 0.28229 0.85328
vn -0.49508 0.37176 0.78529
vn -0.39284 0.35498 0.84833
vn -0.25022 0.26486 0.93126
vn -0.35139 0.32676 0.87736
vn -0.29827 0.21247 0.93053
vn -0.13553 0.16159 0.97751
vn -0.06899 0.0137 -0.99752
vn 0.12307 -0.05407 -0.99092
vn 0.00334 0.0269 -0.99963
vn -0.49484 0.20669 -0.84404
vn -0.56843 0.28885 -0.77036
vn -0.60406 0.26407 -0.75191
vn -0.52501 0.29591 -0.798
vn -0.26688 0.28053 -0.922
vn 0.02247 0.06143 -0.99786
vn -0.17545 0.09355 -0.98003
vn -0.20982 0.14661 -0.96669
vn 0.08595 0.06826 -0.99396
vn 0.0535 0.05735 -0.99692
vn -0.13469 0.1413 -0.98076
vn -0.37828 0.16364 -0.91111
vn -0.29454 0.25762 -0.92026
vn -0.50065 0.29891 -0.8124
vn -0.31403 0.24088 -0.91835
vn -0.29212 0.28324 -0.91348
vn -0.61179 0.47505 0.63248
vn -0.57958 0.44229 0.68445
vn -0.47356 0.42186 0.77316
vn -0.40138 0.33412 0.85279
vn -0.51297 0.38292 0.76827
vn -0.55069 0.46695 0.69188
vn -0.64688 0.46164 0.60699
vn -0.59412 0.47622 0.64826
vn -0.6604 0.49685 0.56304
vn -0.66135 0.48102 0.57552
vn -0.80862 0.49488 0.31816
vn -0.78359 0.51711 0.34437
vn -0.81688 0.52668 0.2352
vn -0.66491 0.49965 0.5552
vn -0.67156 0.49182 0.55418
vn -0.66638 0.4673 0.581
vn -0.66891 0.48151 0.56631
vn -0.74516 0.45816 0.48459
vn -0.82172 0.56339 0.08584
vn -0.75307 0.59795 0.27447
vn -0.77649 0.62458 0.08343
vn -0.8666 0.49849 0.02246
vn -0.63948 0.47735 0.60266
vn -0.84671 0.50195 0.17643
vn -0.75651 0.51077 0.40841
vn -0.8689 0.48811 0.08218
vn -0.77741 0.56473 -0.27699
vn -0.73453 0.49498 -0.46417
vn -0.73916 0.53573 -0.40822
vn -0.69062 0.42678 -0.58387
vn -0.68611 0.41323 -0.59875
vn -0.71343 0.45953 -0.52901
vn -0.64807 0.30259 -0.69889
vn -0.64857 0.36852 -0.666
vn -0.62376 0.36177 -0.69285
vn -0.58494 0.3302 -0.74082
vn -0.58236 0.36291 -0.72743
vn -0.53992 0.31618 -0.78008
vn -0.61575 0.37746 -0.69165
vn -0.80081 0.42515 -0.42184
vn -0.80866 0.46837 -0.35595
vn -0.71604 0.44837 -0.53503
vn -0.85505 0.47506 -0.20787
vn -0.8106 0.53221 -0.24429
vn -0.59837 0.40765 -0.68976
vn -0.66643 0.39547 -0.63204
vn -0.81059 0.45862 -0.36415
vn -0.8478 0.45784 -0.26762
vn -0.70372 0.38248 -0.59874
vn -0.50778 0.26175 -0.82076
vn -0.879 0.46311 -0.11354
vn -0.70966 0.5279 0.46659
vn -0.88197 0.46222 -0.09209
vn 0.81803 -0.07151 0.57072
vn 0.79881 -0.05692 0.59888
vn 0.76073 -0.02503 0.64859
vn 0.75586 -0.02202 0.65436
vn 0.70005 -0.16143 0.69561
vn 0.90853 -0.09259 0.40742
vn 0.85742 -0.08796 0.50704
vn 0.91795 -0.16202 0.3621
vn 0.96339 -0.14672 0.22441
vn 0.96569 -0.12002 0.2303
vn 0.95473 -0.12541 0.26975
vn 0.97376 -0.17122 0.14994
vn 0.97605 -0.1623 0.14487
vn 0.87024 -0.14329 0.47133
vn 0.92622 -0.19836 0.32058
vn 0.95661 -0.19279 0.21845
vn 0.97101 -0.21807 0.09793
vn 0.85355 -0.06581 0.51684
vn 0.91327 -0.07462 0.40047
vn 0.84141 -0.08344 0.53392
vn 0.84038 -0.0999 0.53272
vn 0.84122 -0.08671 0.53369
vn 0.94308 -0.08853 0.32058
vn 0.85781 -0.0758 0.50834
vn 0.84194 -0.07312 0.5346
vn 0.97644 -0.19686 0.08841
vn 0.97438 -0.21963 0.0484
vn 0.98433 -0.10671 0.14037
vn 0.99508 -0.09695 -0.02056
vn 0.95673 -0.08361 -0.27872
vn 0.94973 -0.225 -0.2177
vn 0.94053 -0.2571 -0.22205
vn 0.8399 -0.22857 -0.49227
vn 0.84186 -0.225 -0.49056
vn 0.82613 -0.23165 -0.51366
vn 0.85721 -0.05391 -0.51213
vn 0.97173 -0.2302 -0.05247
vn 0.93986 -0.26356 -0.21727
vn 0.83677 -0.26136 -0.48115
vn 0.83371 -0.24233 -0.49619
vn 0.72024 -0.22018 -0.65786
vn 0.71104 -0.30175 -0.63512
vn 0.66025 -0.25373 -0.70689
vn 0.46664 -0.14855 -0.87188
vn 0.68667 -0.065 -0.72406
vn 0.559 -0.27658 -0.78168
vn 0.65463 -0.23815 -0.71746
vn 0.60705 -0.20604 -0.76748
vn 0.7693 -0.20001 -0.60678
vn 0.71972 -0.17564 -0.67168
vn 0.82408 -0.27276 -0.49649
vn 0.32308 0.05476 0.94479
vn 0.38466 0.07796 0.91976
vn 0.42813 0.03888 0.90288
vn 0.28519 0.05508 0.95689
vn 0.13899 0.12876 0.98189
vn 0.46135 0.018 0.88704
vn 0.10101 0.09013 0.99079
vn 0.45433 -0.07588 0.88759
vn 0.28228 -0.03501 0.95869
vn 0.54294 -0.13008 0.82964
vn 0.50314 -0.13842 0.85305
vn 0.16423 0.01442 0.98632
vn 0.01239 0.1731 0.98483
vn -0.04412 0.14506 0.98844
vn -0.17456 0.23063 0.95726
vn -0.11634 0.25155 0.96083
vn 0.06301 0.10755 0.9922
vn -0.14513 0.16708 0.9752
vn -0.05092 0.10936 0.9927
vn 0.0924 0.0518 0.99437
vn 0.48527 0.01655 0.87421
vn 0.52111 -0.05382 0.85179
vn 0.44467 -0.12282 -0.88723
vn 0.44877 -0.13152 -0.88392
vn 0.5119 -0.15384 -0.84516
vn 0.5611 -0.12372 -0.81845
vn 0.10401 -0.0739 -0.99183
vn -0.09151 -0.05934 -0.99403
vn 0.06806 -0.12202 -0.99019
vn -0.05372 -0.01995 -0.99836
vn 0.05562 -0.04691 -0.99735
vn 0.35912 -0.11246 -0.92649
vn 0.24024 -0.09098 -0.96644
vn 0.16012 -0.10043 -0.98198
vn 0.37999 -0.08257 -0.9213
vn 0.20548 -0.06699 -0.97637
vn 0.13729 -0.04758 -0.98939
vn -0.07281 -0.00489 -0.99733
vn -0.29508 0.2394 0.925
vn -0.28268 0.23626 0.92966
vn -0.37964 0.21511 0.89978
vn -0.43934 0.24112 0.86536
vn -0.51517 0.22873 0.82601
vn -0.21932 0.21283 0.95216
vn -0.3989 0.28412 0.87187
vn -0.61958 0.27321 0.73586
vn -0.72277 0.32135 0.61182
vn -0.6165 0.35297 0.7038
vn -0.55303 0.35375 0.75433
vn -0.53202 0.26844 0.80306
vn -0.32644 0.25189 0.91103
vn -0.75319 0.50563 0.42076
vn -0.82239 0.39929 0.40527
vn -0.77756 0.50934 0.36876
vn -0.80683 0.20207 0.55515
vn -0.89642 0.1165 0.42761
vn -0.75455 0.35886 0.54944
vn -0.66142 0.42661 0.61687
vn -0.6973 0.46474 0.5457
vn -0.60478 0.44076 0.66331
vn -0.24709 -0.10846 -0.9629
vn -0.24052 -0.0148 -0.97053
vn -0.86113 -0.06457 -0.50427
vn -0.87958 0.14263 -0.45387
vn -0.98353 0.01925 -0.17973
vn -0.8938 0.41045 -0.18072
vn -0.9455 0.29793 -0.13143
vn -0.89578 0.27194 -0.35159
vn -0.7422 0.00541 -0.67015
vn -0.72439 -0.13296 -0.67644
vn -0.73076 0.01125 -0.68254
vn -0.66856 -0.05482 -0.74164
vn -0.74192 0.16558 -0.64972
vn -0.83188 0.41692 -0.36627
vn -0.73871 0.3799 -0.55675
vn -0.66822 0.20523 -0.7151
vn -0.64281 0.36563 -0.67314
vn -0.25429 0.04503 -0.96608
vn -0.26807 -0.02379 -0.9631
vn -0.28432 0.03796 -0.95798
vn -0.18633 0.05615 -0.98088
vn -0.22371 0.07328 -0.9719
vn -0.31087 0.10012 -0.94516
vn -0.66161 0.02832 -0.74931
vn -0.5386 0.01991 -0.84232
vn -0.3912 0.07735 -0.91705
vn -0.69327 0.19299 -0.69435
vn -0.71309 0.42559 0.55711
vn -0.68315 0.45564 0.5707
vn -0.84075 0.49986 0.20803
vn -0.82064 0.49121 0.29199
vn -0.80794 0.54031 0.23517
vn -0.84718 0.51712 0.12192
vn -0.93194 0.33571 0.13704
vn -0.88052 0.47346 0.02273
vn -0.95827 0.28585 0.0002
vn -0.92748 0.24724 0.28044
vn -0.97652 0.08126 0.19953
vn -0.66837 0.50045 0.5503
vn -0.78157 0.51389 0.35363
vn -0.77074 0.61557 0.16441
vn -0.73425 0.60851 0.30097
vn -0.79149 0.61115 0.00651
vn -0.72204 0.58988 0.36152
vn -0.7312 0.61445 0.2963
vn -0.78183 0.62215 -0.04088
vn -0.77524 0.60194 -0.19151
vn -0.99049 0.05962 -0.12402
vn -0.99835 -0.01665 0.05502
vn -0.8075 0.55264 -0.20623
vn -0.7875 0.58267 -0.20087
vn 0.69643 0.51826 0.49637
vn 0.55964 0.71372 0.42119
vn 0.59178 0.65671 0.46747
vn 0.42934 0.24405 0.86954
vn 0.37564 0.45211 0.80901
vn 0.36008 0.24738 0.89952
vn 0.69787 0.41103 0.58654
vn 0.33575 0.03048 0.94146
vn 0.72655 -0.00648 0.68708
vn 0.77021 0.10585 0.62894
vn 0.72076 0.00092 0.69319
vn 0.77725 0.25553 0.57496
vn 0.66035 0.72923 0.17934
vn 0.7438 0.5305 0.40662
vn 0.72403 0.65028 0.23005
vn 0.72248 0.68034 0.12314
vn 0.79641 0.26355 0.54432
vn 0.89951 -0.0333 0.43563
vn 0.84381 -0.01874 0.53632
vn 0.89457 -0.03954 0.44518
vn 0.95837 -0.13751 0.25025
vn 0.94678 -0.08928 0.30927
vn 0.95705 -0.14803 0.24929
vn 0.75392 0.64469 0.12641
vn 0.85443 0.51885 0.02719
vn 0.75071 0.65874 0.05
vn 0.61285 0.72625 0.3114
vn 0.55759 0.79356 0.24362
vn 0.53902 0.75224 0.37893
vn 0.67017 0.74065 0.04815
vn 0.64635 0.76268 0.02357
vn 0.77055 0.59628 0.22516
vn 0.64281 0.76198 -0.07869
vn 0.69968 0.71415 0.02079
vn 0.65489 0.74346 -0.1356
vn 0.69541 0.71645 -0.0557
vn 0.83301 0.50523 -0.22548
vn 0.70875 0.60349 -0.36533
vn 0.99096 0.01867 -0.13286
vn 0.99915 -0.02124 -0.0353
vn 0.86837 0.4894 -0.08009
vn 0.90492 0.19899 -0.3762
vn 0.91947 0.03621 -0.3915
vn 0.75708 0.43329 -0.48898
vn 0.60234 0.79619 -0.05717
vn 0.68805 0.71155 -0.14241
vn 0.71778 0.68978 -0.09485
vn 0.68183 0.68623 -0.25339
vn 0.6303 0.75771 -0.16909
vn 0.6345 0.71953 -0.2823
vn 0.65955 0.63314 -0.40511
vn 0.80727 0.17335 -0.56415
vn 0.61836 0.18036 -0.76492
vn 0.51721 0.06727 -0.85321
vn 0.47829 0.21389 -0.85176
vn 0.63818 0.33104 -0.69508
vn 0.45531 0.04489 -0.8892
vn 0.44909 -0.12868 -0.88417
vn 0.32292 0.79413 0.51486
vn 0.40028 0.69525 0.597
vn 0.47191 0.76338 0.44108
vn 0.14658 0.28787 0.94638
vn 0.3211 0.48116 0.81571
vn 0.18293 0.48531 0.85499
vn 0.017 0.236 0.97161
vn 0.25561 0.72671 0.63762
vn 0.17656 0.10563 0.97861
vn 0.13307 0.07629 0.98817
vn -0.00158 0.14577 0.98932
vn 0.011 0.39133 0.92019
vn 0.21792 0.7295 0.64833
vn -0.19869 0.2521 0.94708
vn -0.12926 0.54747 0.82678
vn -0.09186 0.17887 0.97957
vn -0.23391 0.18409 0.95467
vn -0.1956 0.17371 0.96518
vn 0.4858 0.80822 0.33283
vn 0.38408 0.83039 0.40365
vn 0.23538 0.81674 0.52682
vn 0.69282 0.64806 -0.31624
vn 0.58561 0.71956 -0.37322
vn 0.58884 0.76351 -0.26519
vn 0.59223 0.7734 -0.22609
vn 0.54426 0.70811 -0.44985
vn 0.55355 0.71208 -0.43189
vn 0.49366 0.61363 -0.61625
vn -0.09588 -0.11777 -0.9884
vn 0.43876 0.71439 -0.54511
vn 0.46289 0.16623 -0.87069
vn 0.3657 0.11794 -0.92323
vn 0.3687 0.22096 -0.9029
vn 0.22753 0.05483 -0.97223
vn 0.34026 -0.00945 -0.94028
vn 0.24145 -0.15082 -0.95862
vn 0.15231 -0.01015 -0.98828
vn 0.11351 -0.02718 -0.99317
vn -0.04061 -0.0419 -0.9983
vn 0.08273 0.08876 -0.99261
vn 0.32603 0.30329 -0.89539
vn 0.08621 -0.03331 -0.99572
vn -0.11976 -0.10766 -0.98695
vn -0.26017 0.53861 0.80138
vn -0.32622 0.35361 0.87666
vn -0.33536 0.26238 0.90482
vn -0.34334 0.19631 0.91847
vn -0.45778 0.25145 0.85276
vn -0.50935 0.29948 0.80677
vn -0.65161 0.208 0.72948
vn -0.4583 0.29187 0.83951
vn -0.66136 0.19027 0.72553
vn -0.4296 0.481 0.76426
vn -0.66512 0.29053 0.6879
vn -0.71816 0.20355 0.66544
vn -0.74163 0.17854 0.64661
vn -0.75245 0.13974 0.64365
vn -0.84463 0.08094 0.52919
vn -0.85532 0.06788 0.51364
vn -0.8779 0.03746 0.47738
vn -0.81622 0.09717 0.56951
vn -0.88151 0.04375 0.47013
vn -0.67086 -0.08097 -0.73715
vn -0.69638 -0.11479 -0.70844
vn -0.63251 -0.06509 -0.77181
vn -0.77877 -0.15638 -0.60751
vn -0.8415 -0.16966 -0.51294
vn -0.76681 -0.19359 -0.61198
vn -0.69902 -0.16289 -0.6963
vn -0.86455 -0.22079 -0.45145
vn -0.93124 -0.18523 -0.31381
vn -0.70551 -0.15986 -0.69044
vn -0.7266 -0.08339 -0.68199
vn -0.21549 -0.14072 -0.96631
vn -0.31506 0.00615 -0.94905
vn -0.05244 -0.00287 -0.99862
vn -0.31359 -0.05864 -0.94774
vn -0.41261 -0.14426 -0.89941
vn -0.28636 -0.19169 -0.93875
vn -0.38474 -0.12856 -0.91403
vn -0.38501 -0.18598 -0.90398
vn -0.70139 -0.17489 -0.69099
vn -0.59139 -0.02977 -0.80583
vn -0.52836 -0.11156 -0.84166
vn -0.69868 -0.12537 -0.70436
vn -0.84148 0.11008 0.52895
vn -0.89766 0.04971 0.43787
vn -0.95589 -0.11154 0.27174
vn -0.86761 0.0116 0.49711
vn -0.95274 -0.01462 0.30344
vn -0.88014 0.12403 0.45822
vn -0.95829 -0.00699 0.28572
vn -0.96421 -0.11206 0.24029
vn -0.95533 -0.08999 0.28151
vn -0.98202 -0.13324 0.1337
vn -0.99928 0.00051 0.03802
vn -0.9298 0.11808 0.34862
vn -0.97985 -0.04782 -0.19395
vn -0.9927 -0.0969 -0.07181
vn -0.98009 -0.17918 -0.08557
vn -0.85008 -0.12985 -0.5104
vn -0.88401 -0.05077 -0.46471
vn -0.90957 -0.18379 -0.37269
vn -0.9769 -0.17985 0.11539
vn -0.96693 -0.23594 -0.09684
vn -0.91111 -0.19214 -0.36463
vn 0.35533 0.92133 0.15776
vn 0.54829 0.82934 0.10757
vn 0.42457 0.90271 -0.06965
vn 0.57218 0.81987 -0.02062
vn 0.54034 0.8383 -0.07265
vn 0.47809 0.87771 0.03255
vn 0.48343 0.846 -0.2249
vn 0.53881 0.82701 -0.16045
vn 0.58058 0.79693 -0.16683
vn 0.16123 0.79066 0.59065
vn 0.18224 0.76945 0.61216
vn 0.48918 0.84289 0.22414
vn 0.41962 0.84698 0.32642
vn 0.51808 0.84222 0.14917
vn 0.53921 0.84115 0.04155
vn 0.53712 0.84109 0.06388
vn 0.52028 0.8391 0.1588
vn 0.5654 0.82026 0.08654
vn 0.53744 0.8334 0.12886
vn 0.47117 0.85373 0.22169
vn 0.42679 0.87052 0.24505
vn 0.32893 0.87036 0.36643
vn 0.2819 0.81726 0.50262
vn 0.19617 0.80605 0.5584
vn 0.37737 0.85509 0.35554
vn 0.64596 0.76335 -0.00545
vn 0.59774 0.79884 0.06746
vn 0.60242 0.79525 -0.06826
vn 0.64823 0.74597 -0.15273
vn 0.57802 0.80873 -0.10881
vn 0.56103 0.82741 -0.0252
vn 0.60118 0.78582 -0.14518
vn 0.64545 0.75948 -0.08113
vn 0.61761 0.78501 0.04822
vn 0.53935 0.83722 0.09031
vn 0.65825 0.72186 -0.21359
vn 0.59071 0.69889 -0.40325
vn 0.6371 0.75332 -0.16313
vn 0.58839 0.80376 -0.08812
vn 0.62456 0.67532 -0.39225
vn 0.58488 0.64593 -0.4906
vn 0.43435 0.59482 -0.67641
vn 0.35832 0.41708 -0.83526
vn 0.53802 0.58658 -0.60535
vn 0.19373 0.30028 -0.93397
vn -0.02405 0.7731 0.63383
vn 0.32258 0.88574 0.33376
vn 0.38571 0.87312 0.29814
vn 0.4404 0.87607 0.19635
vn 0.11955 0.83719 0.53369
vn 0.1933 0.86079 0.47083
vn -0.1543 0.7488 0.64459
vn -0.23862 0.68841 0.68495
vn 0.15589 0.86188 0.48255
vn -0.00782 0.73084 0.6825
vn -0.2058 0.64163 0.73889
vn -0.46993 0.4996 0.72771
vn -0.13338 0.6102 0.78094
vn -0.16284 0.63686 0.75359
vn 0.21002 0.87247 0.44124
vn 0.02903 0.69703 0.71646
vn -0.17528 0.63101 0.75572
vn -0.19162 0.69625 0.69175
vn 0.1802 0.87067 0.45768
vn -0.50265 0.49026 0.71203
vn -0.53755 0.44708 0.71496
vn -0.45274 0.45908 0.76438
vn -0.71818 0.26891 0.6418
vn -0.74069 0.22317 0.6337
vn -0.63024 0.29576 0.71787
vn -0.39233 0.56694 0.72433
vn 0.49545 0.86072 0.11699
vn 0.43891 0.8694 -0.22694
vn 0.53195 0.83623 -0.13321
vn 0.50977 0.81341 -0.28017
vn 0.50371 0.8622 -0.05377
vn 0.33033 0.93517 0.12784
vn 0.2576 0.94336 0.20909
vn 0.38313 0.90609 -0.17947
vn 0.38801 0.92104 -0.03353
vn -0.36707 -0.23674 -0.89956
vn -0.16311 0.27164 -0.94848
vn 0.00805 0.39092 -0.92039
vn -0.68984 -0.13204 -0.71182
vn 0.35872 0.75583 -0.54777
vn 0.43371 0.58432 -0.6859
vn 0.1814 0.46158 -0.86835
vn 0.14576 0.44941 -0.88135
vn -0.22564 0.20291 -0.95284
vn 0.40609 0.51167 -0.75715
vn 0.08329 0.30257 -0.94948
vn -0.34671 0.15988 -0.92425
vn 0.3501 0.75874 -0.54931
vn -0.50112 -0.13613 -0.8546
vn -0.52493 -0.25363 -0.81248
vn -0.52582 -0.15267 -0.83678
vn -0.71127 -0.18987 -0.67679
vn -0.58857 -0.06497 -0.80583
vn -0.39228 0.45254 0.80083
vn -0.7067 0.12408 0.69655
vn -0.75766 0.3143 0.57198
vn -0.85963 0.1388 0.49171
vn -0.86255 0.1021 0.49557
vn -0.92054 0.16367 0.3547
vn -0.92003 0.00849 0.39176
vn -0.95831 0.05008 0.28131
vn -0.9446 0.11596 0.30707
vn -0.84378 0.35803 0.39982
vn -0.91306 0.22818 0.33803
vn -0.92046 0.25284 0.29805
vn -0.98354 -0.03681 0.1769
vn -0.9986 -0.03236 0.04183
vn -0.90383 -0.27421 -0.32849
vn -0.66618 -0.55937 -0.49326
vn -0.97204 -0.18672 -0.14242
vn -0.99777 0.05206 -0.04178
vn -0.96946 0.1211 0.21325
vn -0.96974 -0.0776 -0.23148
vn -0.84656 -0.15511 -0.50919
vn -0.737 -0.57422 0.35653
vn -0.7774 -0.61694 0.12258
vn -0.73051 -0.68279 0.01245
vn -0.59217 -0.68477 -0.42476
vn -0.82088 -0.22242 -0.526
vn -0.7511 -0.21074 -0.62566
vn -0.31781 -0.10353 -0.94249
vn -0.42089 -0.35087 -0.83651
vn -0.45463 -0.60555 -0.65316
vn -0.3137 -0.63541 -0.70558
vn 0.18006 0.98218 0.05383
vn 0.19392 0.861 0.47019
vn 0.28377 0.95797 0.04204
vn 0.14598 0.98822 0.04593
vn 0.22048 0.97531 -0.01274
vn 0.06317 0.99684 0.0481
vn 0.25299 0.94648 0.20041
vn 0.23833 0.97063 0.03267
vn 0.07772 0.94004 0.33209
vn 0.38481 0.76466 -0.51693
vn 0.06038 0.85423 0.51638
vn -0.00427 0.99715 -0.07536
vn 0.07949 0.99588 -0.04374
vn 0.07342 0.90991 0.40825
vn -0.58019 0.5633 0.58828
vn 0.04353 0.89978 0.43417
vn 0.08395 0.88665 0.45476
vn 0.05189 0.98524 0.16314
vn -0.01868 0.98573 0.1673
vn 0.04384 0.87769 0.47722
vn -0.80379 0.22948 0.54888
vn -0.90251 0.42166 -0.0876
vn -0.9213 -0.10304 0.37494
vn -0.59474 0.58279 0.55375
vn -0.18815 0.9645 -0.1853
vn -0.85697 -0.25645 -0.44704
vn -0.24756 0.43649 -0.86498
vn -0.01598 0.68265 -0.73057
vn -0.29183 0.56903 -0.76879
vn -0.27179 0.71225 -0.64718
vn -0.10531 0.27105 -0.95679
vn -0.22256 -0.09121 -0.97064
vn -0.40473 -0.24918 -0.87983
vn 0.58007 0.06526 -0.81195
vn 0.58007 0.06524 -0.81195
vn -0.66407 -0.17445 0.72703
vn 0.68044 -0.3416 -0.64831
vn -0.4291 0.24362 0.86978
vn -0.4291 0.24362 0.86978
vn -0.3839 -0.30433 0.87178
vn -0.19218 0.14552 -0.97051
vn 0.55761 -0.40202 -0.72626
vn 0.6241 -0.42892 -0.65309
vn -0.79161 -0.53594 0.29347
vn -0.7916 -0.53597 0.29345
vn -0.60663 -0.79349 0.04866
vn -0.50419 -0.84642 -0.17137
vn -0.90738 0.40544 -0.11082
vn -0.78299 0.44458 -0.43507
vn -0.95012 0.30988 -0.03539
vn -0.92729 0.30152 -0.22185
vn -0.68743 0.22097 -0.69182
vn -0.68743 0.22097 -0.69182
vn 0.51248 -0.4323 0.74194
vn 0.69808 -0.46529 0.54423
vn 0.68327 0.63431 -0.36164
vn 0.90193 -0.24046 -0.35875
vn 0.62655 -0.28194 0.7266
vn 0.43242 0.88815 0.15559
vn -0.51975 0.85234 0.05821
vn -0.86322 0.50154 0.05748
vn -0.81645 0.57732 0.01048
vn -0.65334 0.75686 0.01787
vn -0.26864 0.29649 -0.91647
vn 0.90085 0.41083 0.14029
vn 0.98022 -0.19566 0.02991
vn 0.68267 0.7288 0.05293
vn 0.68268 0.7288 0.05293
vn 0.68268 0.7288 0.05293
vn 0.68268 0.7288 0.05292
vn -0.86511 0.28414 0.41333
vn -0.86511 0.28415 0.41334
vn -0.59879 0.00553 -0.80089
vn -0.27359 -0.78876 0.55047
vn 0.75226 0.3974 0.52553
vn 0.75223 0.39738 0.52558
vn 0.96657 0.24649 0.07064
vn 0.99602 -0.05504 -0.07009
vn -0.48024 -0.65183 -0.58693
vn 0.24444 -0.56553 -0.78767
vn -0.25573 -0.66452 -0.70215
vn -0.25574 -0.66451 -0.70215
vn 0.41015 -0.81408 0.41117
vn 0.71478 -0.50605 -0.48271
vn -0.83299 0.53422 0.14401
vn -0.83299 0.53422 0.14401
vn 0.32997 -0.52292 0.78593
vn 0.44724 -0.88955 -0.09312
vn 0.81229 0.00841 0.5832
vn 0.81229 0.0084 0.58319
vn -0.40972 0.38254 -0.82813
vn -0.40972 0.38253 -0.82813
vn 0.79002 -0.02485 0.61258
vn -0.59207 0.18051 0.78541
vn -0.35228 0.2113 0.91173
vn -0.88538 0.00676 0.46482
vn -0.96461 0.15318 0.21462
vn 0.65152 -0.64095 -0.40583
vn 0.6515 -0.64097 -0.40583
vn 0.85411 0.04728 -0.51793
vn 0.88694 -0.17244 -0.42849
vn 0.87793 -0.34761 -0.32925
vn -0.8932 0.42463 0.14791
vn -0.8932 0.42464 0.14791
vn -0.17112 0.07915 -0.98207
vn 0.63031 -0.2181 0.74508
vn 0.63031 -0.2181 0.74508
vn 0.74639 -0.01562 0.66533
vn 0.74638 -0.01563 0.66534
vn 0.78937 -0.20915 0.5772
vn 0.78936 -0.20915 0.57721
vn 0.98317 -0.1043 -0.14997
vn 0.97576 -0.21764 -0.02287
vn -0.94675 0.1577 0.28071
vn -0.94676 0.15769 0.28067
vn -0.62451 0.10048 -0.77453
vn 0.04641 -0.9522 0.30194
vn -0.0642 -0.96147 0.26732
vn 0.53247 -0.8314 -0.15892
vn 0.53247 -0.8314 -0.15893
vn 0.54632 -0.71799 -0.4313
vn 0.96441 0.21827 0.14924
vn 0.14244 -0.77286 0.61838
vn 0.18851 -0.813 0.5509
vn 0.46395 0.04098 0.88491
vn -0.46977 -0.69271 0.54724
vn -0.9242 -0.05046 0.37855
vn -0.92314 -0.19648 -0.33048
vn -0.92315 -0.1965 -0.33044
vn 0.52694 -0.72838 -0.43795
vn 0.03429 -0.61247 -0.78975
vn 0.01856 -0.74994 -0.66125
vn -0.24592 -0.48051 0.8418
vn -0.0613 -0.88978 0.45225
vn 0.5301 -0.51494 0.67366
vn 0.53011 -0.51494 0.67366
vn 0.59895 -0.78801 0.14246
vn 0.52828 -0.4813 0.69948
vn 0.62901 -0.75699 0.17696
vn 0.58857 -0.6867 -0.42665
vn 0.74822 -0.64797 0.14244
vn 0.74823 -0.64797 0.14245
vn -0.5913 0.30174 -0.74788
vn 0.81361 -0.52156 0.25694
vn -0.51854 -0.43823 -0.73422
vn -0.9056 -0.27893 0.3195
vn -0.53642 -0.40213 -0.74199
vn -0.53641 -0.40214 -0.74199
vn 0.82833 -0.42063 -0.37004
vn -0.25968 -0.53023 0.80711
vn -0.05763 0.32204 0.94497
vn 0.77909 -0.01792 -0.62665
vn 0.86969 -0.49238 -0.0346
vn 0.95104 -0.27381 -0.14336
vn -0.17376 0.76374 0.6217
vn 0.45367 0.14803 0.87879
vn 0.68312 0.58794 0.43322
vn -0.64653 0.54207 0.53681
vn 0.50992 0.8218 0.25419
vn -0.14393 0.9891 0.0311
vn -0.85625 0.51353 -0.05589
vn -0.89325 0.44424 -0.06891
vn -0.89325 0.44424 -0.0689
vn 0.95119 0.12354 0.2828
vn -0.44359 0.74774 -0.49408
vn -0.4436 0.74773 -0.49409
vn 0.85815 0.51112 -0.04825
vn 0.98895 0.08345 0.12252
vn 0.11958 -0.58009 0.80573
vn -0.05098 0.61167 -0.78947
vn -0.22659 0.40267 -0.88685
vn -0.96353 0.09141 0.25149
vn -0.90382 -0.42227 0.06922
vn -0.88987 0.22649 0.39603
vn -0.75488 0.07243 -0.65185
vn -0.57538 0.33649 -0.74546
vn 0.13283 -0.64698 0.75084
vn 0.60866 -0.64317 0.46461
vn -0.61002 -0.63685 0.47148
vn -0.72716 -0.28425 0.62485
vn -0.47074 -0.82217 0.32007
vn -0.97869 -0.1939 0.06751
vn -0.97869 -0.19391 0.0675
vn -0.90544 0.36439 0.21769
vn 0.78235 -0.56821 -0.25506
vn -0.93034 -0.28231 -0.23403
vn -0.93033 -0.28232 -0.23404
vn -0.91765 -0.35553 0.17754
vn -0.8029 -0.55374 -0.22072
vn -0.98631 0.03043 -0.16208
vn -0.91121 0.37458 0.17142
vn -0.91121 0.37458 0.17143
vn -0.87664 0.45949 0.14272
vn -0.87664 0.45949 0.14274
vn -0.74186 0.47861 0.46965
vn -0.74186 0.47861 0.46965
vn -0.80497 0.57419 -0.14944
vn -0.80497 0.57419 -0.14946
vn -0.79916 0.58102 -0.15417
vn -0.79916 0.58102 -0.15416
vn -0.79674 0.59925 -0.07815
vn -0.79674 0.59925 -0.07812
vn -0.73581 0.54109 -0.4072
vn -0.73582 0.54108 -0.40718
vn 0.7237 -0.6717 0.15836
vn 0.57905 -0.57667 0.57633
vn -0.17016 -0.01111 0.98535
vn 0.63892 -0.6901 0.33992
vn 0.98539 0.05176 -0.16226
vn 0.95715 0.10146 -0.27122
vn -0.59703 0.69649 0.39807
vn -0.81528 0.47858 0.326
vn -0.84359 0.33007 0.42357
vn -0.7148 0.62262 0.31843
vn -0.53307 0.7536 -0.38461
vn -0.50187 0.54861 -0.66869
vn -0.50188 0.5486 -0.66869
vn -0.48493 0.70771 -0.51379
vn -0.37205 0.87807 -0.30094
vn -0.02418 0.73379 -0.67895
vn -0.09862 0.94584 0.30931
vn -0.58631 0.64009 0.49651
vn 0.23227 -0.7173 0.65691
vn 0.146 -0.8756 0.46045
vn 0.45738 -0.75425 0.47108
vn 0.26269 -0.95448 0.14126
vn 0.26269 -0.95448 0.14126
vn 0.45106 -0.89019 -0.06416
vn 0.40979 -0.90071 0.14421
vn -0.74087 0.39382 0.54408
vn -0.56926 0.26769 -0.77736
vn 0.48008 -0.8748 -0.06519
vn -0.97855 0.1921 -0.07443
vn -0.97855 0.1921 -0.07443
vn -0.80367 0.22715 -0.55001
vn -0.80368 0.22712 -0.55001
vn -0.76624 0.49305 -0.41203
vn -0.76625 0.49303 -0.41205
vn -0.77223 0.61769 -0.14873
vn -0.77223 0.61769 -0.14873
vn -0.58234 0.57129 -0.57836
vn -0.58233 0.57129 -0.57838
vn -0.26281 0.42725 -0.86509
vn -0.6343 0.39524 -0.66441
vn -0.63426 0.39525 -0.66444
vn 0.78025 -0.50644 -0.36704
vn -0.34048 0.24002 -0.9091
vn -0.7428 0.44183 0.50303
vn -0.09728 -0.72812 0.67851
vn -0.09728 -0.72812 0.67851
vn 0.33576 0.20963 -0.91832
vn -0.2665 -0.63248 -0.72728
vn -0.2665 -0.6325 -0.72727
vn 0.18823 -0.29879 0.93557
vn 0.18824 -0.2988 0.93557
vn 0.57539 -0.16108 0.80186
vn 0.29426 0.35727 -0.88643
vn 0.29427 0.35727 -0.88643
vn 0.3607 0.36955 -0.85634
vn 0.79096 -0.40009 -0.46294
vn 0.47272 -0.28291 0.83457
vn 0.27997 -0.44529 0.85049
vn -0.03284 -0.99742 0.06382
vn -0.03284 -0.99742 0.06382
vn -0.04028 -0.9963 0.07598
vn 0.44863 -0.8812 -0.14906
vn 0.08937 -0.9887 -0.12033
vn -0.44898 0.15237 -0.88045
vn -0.44898 0.15236 -0.88046
vn -0.36905 0.28209 -0.88557
vn -0.74048 0.3772 0.55625
vn -0.42953 0.26024 -0.86474
vn -0.68457 0.53461 -0.49553
vn -0.79968 0.53021 -0.28176
vn 0.51805 0.67456 -0.52591
vn 0.51805 0.67456 -0.52593
vn 0.06665 -0.4136 0.90801
vn 0.06664 -0.41361 0.90801
vn 0.88845 0.07943 0.45205
vn 0.88844 0.07941 0.45207
vn 0.98007 0.07868 0.1824
vn 0.98007 0.07869 0.1824
vn -0.91466 -0.26999 0.30083
vn -0.91461 -0.27002 0.30095
vn -0.5399 0.00616 -0.84171
vn -0.98856 -0.09821 -0.11448
vn 0.90625 -0.14281 0.3979
vn 0.90623 -0.1428 0.39793
vn 0.15603 -0.19896 0.96751
vn 0.99779 0.05162 0.04195
vn 0.99779 0.05161 0.04191
vn 0.62492 -0.47597 0.61882
vn 0.62493 -0.47597 0.6188
vn 0.4769 -0.11953 -0.87079
vn 0.98253 -0.06722 -0.17353
vn 0.98253 -0.0672 -0.17353
vn 0.85437 -0.12733 -0.50383
vn 0.85438 -0.12735 -0.50381
vn -0.62714 -0.10408 0.77192
vn -0.65677 -0.18303 0.73154
vn -0.22961 0.18382 -0.95577
vn 0.42729 -0.2736 0.86172
vn 0.44605 -0.32412 0.83426
vn -0.85457 0.14565 0.4985
vn -0.71039 0.41173 -0.57082
vn -0.5575 0.23158 -0.79722
vn -0.47798 0.3431 -0.80859
vn -0.9478 0.24735 0.20123
vn -0.89067 0.39975 -0.2166
vn -0.08161 -0.56943 0.81798
vn -0.08162 -0.56942 0.81799
vn 0.25209 -0.69443 0.67396
vn 0.25212 -0.69443 0.67394
vn -0.54481 -0.55123 0.63193
vn -0.78312 -0.46778 0.40975
vn -0.56926 -0.46657 0.67694
vn 0.44712 -0.88303 0.14263
vn 0.4471 -0.88303 0.14265
vn 0.49173 -0.68035 0.54344
vn 0.49174 -0.68036 0.54342
vn -0.57135 -0.81043 0.12946
vn -0.67108 0.18697 -0.71742
vn 0.6604 -0.73521 0.1528
vn 0.66042 -0.73519 0.15277
vn -0.28142 0.75962 -0.58633
vn 0.85851 -0.51224 -0.02374
vn 0.85851 -0.51224 -0.02374
vn -0.95233 0.07017 -0.29689
vn -0.95233 0.07019 -0.2969
vn 0.57987 -0.81446 -0.02014
vn 0.5799 -0.81444 -0.02015
vn -0.07075 -0.7718 0.63192
vn -0.71695 0.05529 0.69493
vn -0.71694 0.05529 0.69494
vn -0.99681 0.07952 -0.00707
vn -0.99681 0.07952 -0.00707
vn 0.40683 -0.7776 0.4794
vn 0.40444 -0.78134 0.47533
vn -0.95074 0.16179 0.26441
vn -0.99842 -0.03076 0.04709
vn -0.99683 -0.05019 0.06168
vn -0.99838 -0.03542 0.0445
vn -0.38823 -0.23134 0.89206
vn -0.12038 0.29238 0.9487
vn -0.55827 -0.589 0.58431
vn -0.99924 -0.02371 0.03084
vn -0.99833 0.04685 0.03376
vn 0.37921 -0.88115 0.28243
vn 0.37922 -0.88115 0.28243
vn -0.45957 0.12368 0.87949
vn 0.53428 -0.68466 0.49576
vn -0.99439 0.09951 0.03583
vn 0.72764 -0.57095 0.3802
vn 0.72757 -0.571 0.38026
vn 0.74161 -0.36707 0.56149
vn 0.74161 -0.36708 0.56149
vn 0.94804 -0.30892 0.07608
vn 0.94805 -0.30891 0.07606
vn 0.16754 -0.46456 -0.86955
vn 0.45376 -0.82246 -0.34302
vn 0.45985 -0.81311 -0.35693
vn 0.94661 -0.08829 -0.31006
vn 0.94661 -0.08828 -0.31007
vn 0.26694 -0.957 0.1135
vn 0.26698 -0.957 0.11344
vn -0.75101 0.42761 0.50312
vn -0.65869 -0.38623 0.64572
vn -0.38842 0.86785 -0.30979
vn -0.38846 0.86785 -0.30973
vn -0.00591 -0.80109 0.59852
vn 0.0936 -0.7875 0.60917
vn 0.09359 -0.78752 0.60914
vn 0.25441 -0.25079 0.93401
vn 0.07696 0.42198 -0.90333
vn -0.87171 0.40647 0.27368
vn 0.90438 -0.41054 0.11641
vn 0.65642 -0.52376 -0.54294
vn 0.28658 -0.43907 0.85152
vn 0.07744 0.49505 -0.86541
vn -0.34454 0.48737 -0.80235
vn -0.77858 0.51896 0.35282
vn -0.63763 0.5694 0.51886
vn -0.78406 0.618 0.05762
vn -0.60361 0.78387 -0.1456
vn 0.72844 -0.65629 0.19663
vn 0.8716 -0.48857 -0.04014
vn 0.82595 -0.55703 -0.08668
vn 0.80634 -0.58876 -0.05634
vn 0.79297 -0.60817 -0.03641
vn 0.44678 -0.87258 0.19745
vn 0.8729 -0.25596 -0.41536
vn 0.87291 -0.25591 -0.41537
vn 0.86752 -0.49629 0.03329
vn 0.22003 -0.74674 0.62767
vn 0.44176 -0.54522 0.71245
vn -0.15026 -0.17707 0.97266
vn -0.37182 0.57446 -0.72921
vn -0.18829 -0.91249 0.3632
vn -0.05868 -0.98542 0.15969
vn 0.03767 -0.99927 0.00571
vn 0.52259 -0.84489 -0.11427
vn 0.24713 -0.90155 -0.35514
vn 0.57975 -0.71692 -0.38719
vn 0.20722 -0.61187 -0.76333
vn -0.64922 -0.75458 -0.09552
vn -0.05408 -0.95808 0.28134
vn -0.89178 -0.22133 -0.39464
vn -0.67463 0.39889 -0.6211
vn 0.16131 0.48081 -0.86186
vn -0.02909 0.57993 -0.81414
vn -0.22066 0.65837 -0.71962
vn 0.07145 -0.65052 0.75612
vn 0.69573 -0.60712 -0.38388
vn -0.66429 0.5279 0.52919
vn -0.10186 0.77094 -0.62871
vn -0.83187 -0.14756 0.53499
vn -0.46887 -0.11678 0.87551
vn -0.42957 -0.09971 0.89751
vn -0.32389 0.4231 -0.84622
vn 0.58685 0.06365 0.80719
vn 0.58685 0.06364 0.80719
vn 0.7589 -0.20994 -0.61644
vn 0.92108 0.26899 -0.28151
vn 0.49984 0.02541 0.86574
vn 0.49985 0.02542 0.86574
vn -0.10566 0.88622 0.45106
vn -0.24895 0.84754 0.46872
vn -0.64658 0.63043 0.42952
vn -0.25471 0.93522 0.24594
vn -0.25481 0.93492 0.24698
vn -0.75238 0.61453 0.23723
vn -0.87663 0.11341 0.46761
vn -0.76009 0.50734 -0.40605
vn -0.78288 0.461 -0.41783
vn 0.23282 -0.92132 0.31139
vn 0.28828 -0.88123 -0.37461
vn 0.28826 -0.88123 -0.3746
vn 0.31145 -0.94874 0.05378
vn 0.31379 -0.89904 0.3054
vn 0.21668 -0.84428 0.49014
vn 0.21668 -0.84428 0.49015
vn 0.54301 -0.7659 -0.34429
vn -0.06922 -0.71753 0.69308
vn 0.11235 -0.93816 0.32747
vn -0.02169 -0.66719 0.74457
vn -0.31984 -0.50919 0.79902
vn -0.10399 0.67688 -0.72871
vn -0.10399 0.67687 -0.72872
vn 0.00856 0.68997 -0.72378
vn -0.20924 0.5876 -0.78163
vn -0.20361 0.53236 -0.82166
vn -0.61687 0.66687 0.41805
vn -0.6334 0.62833 0.45167
vn 0.05324 0.61344 -0.78795
vn -0.05802 0.71668 -0.69499
vn -0.11532 0.88916 -0.44282
vn -0.32476 0.94305 -0.07202
vn -0.16334 0.97836 0.12701
vn -0.16334 0.97836 0.127
vn 0.50506 -0.19442 0.8409
vn 0.8682 -0.00098 -0.49622
vn -0.98405 0.11285 0.1375
vn -0.43862 0.3307 0.83561
vn -0.85022 0.28666 0.44153
vn -0.82151 0.5047 0.26535
vn -0.99847 0.0487 -0.02615
vn -0.99847 0.0487 -0.02615
vn -0.52871 -0.0091 -0.84875
vn -0.5287 -0.00909 -0.84876
vn -0.8344 0.03521 -0.55003
vn -0.82556 0.51641 -0.22754
vn -0.93373 0.34421 -0.09835
vn 0.36115 -0.68655 0.63105
vn 0.35471 -0.799 -0.48557
vn 0.1382 -0.83052 0.53957
vn 0.35432 -0.92606 -0.1299
vn 0.30034 -0.94691 -0.11475
vn -0.17191 -0.61605 0.76872
vn -0.11332 -0.62605 0.7715
vn -0.15906 -0.70762 0.68845
vn -0.18993 -0.75815 0.62381
vn -0.18962 -0.75818 0.62386
vn 0.0444 -0.85839 -0.51107
vn 0.19505 -0.66901 0.7172
vn -0.27811 0.52839 -0.80216
vn -0.27813 0.52839 -0.80216
vn -0.17812 0.54168 -0.82149
vn -0.48623 0.7875 0.37871
vn -0.12759 0.95323 -0.27398
vn 0.19922 0.67459 -0.7108
vn -0.12806 0.89793 -0.4211
vn -0.20329 0.77492 -0.59848
vn -0.55708 0.75264 -0.35099
vn 0.4865 -0.10746 0.86705
vn 0.4865 -0.10746 0.86705
vn 0.41395 -0.10568 0.90414
vn 0.41395 -0.10568 0.90415
vn -0.4097 -0.44311 0.79737
vn -0.60545 -0.76706 0.21225
vn -0.60545 -0.76706 0.21223
vn 0.72172 -0.67948 0.13202
vn 0.07066 -0.27996 -0.95741
vn -0.74264 -0.21056 -0.63573
vn -0.71432 -0.25766 -0.65066
vn 0.44769 -0.89397 0.01956
vn 0.42589 -0.6614 -0.61739
vn -0.96806 -0.21974 0.12071
vn -0.77532 -0.04182 -0.63018
vn -0.63433 -0.18636 -0.75027
vn -0.63403 -0.18637 -0.75052
vn 0.7719 -0.60008 0.20995
vn 0.74753 -0.66417 -0.0089
vn -0.06163 0.66646 -0.74299
vn -0.06163 0.66646 -0.74299
vn -0.4856 0.72663 0.48601
vn -0.45946 0.73823 0.49388
vn -0.11029 0.64614 -0.75521
vn -0.52493 0.71996 0.45399
vn 0.72266 -0.49551 -0.48191
vn 0.72265 -0.49553 -0.4819
vn -0.46277 0.33489 -0.82079
vn -0.62283 0.04033 -0.78132
vn -0.43823 0.83486 0.33311
vn -0.22229 0.97433 -0.03568
vn -0.32501 0.88636 0.32974
vn -0.24085 0.96976 -0.03933
vn 0.45647 -0.01254 0.88965
vn 0.39529 -0.16815 0.90303
vn 0.3953 -0.16815 0.90303
vn 0.42314 -0.13973 0.89523
vn 0.42313 -0.13972 0.89523
vn -0.36277 0.22155 -0.90516
vn 0.83734 -0.23297 -0.49455
vn 0.82705 -0.28357 -0.48537
vn 0.82706 -0.28352 -0.48538
vn 0.47684 0.02343 0.87868
vn 0.45865 0.0202 0.88839
vn 0.79512 0.26365 0.54615
vn 0.99976 0.01842 -0.0118
vn 0.87619 0.18389 -0.44551
vn 0.87619 0.1839 -0.44551
vn 0.35614 0.46394 0.81112
vn 0.17328 0.77733 0.60475
vn 0.17329 0.77734 0.60475
vn 0.39435 0.72416 -0.56575
vn 0.39439 0.72413 -0.56577
vn -0.5913 0.00414 -0.80644
vn -0.87398 0.05792 0.48249
vn -0.90211 0.05046 0.42854
vn 0.4005 0.5276 -0.74916
vn 0.59142 0.49058 -0.63996
vn -0.24855 0.67091 0.69865
vn -0.60796 -0.1016 -0.78744
vn -0.60796 -0.10162 -0.78744
vn -0.448 -0.62369 -0.64055
vn -0.92594 -0.27936 -0.25417
vn -0.74945 -0.21206 -0.62718
vn -0.73999 -0.5708 0.35582
vn -0.06057 0.98391 0.16806
vn -0.06061 0.98391 0.16805
vn 0.12376 0.90889 0.39825
vn 0.12376 0.90889 0.39825
vn 0.00977 0.707 -0.70715
vn 0.00979 0.70697 -0.70717
vt 0.01077 0.05167
vt 0.01112 0.05258
vt 0.01376 0.05254
vt 0.12848 0.34155
vt 0.13064 0.3423
vt 0.13223 0.34113
vt 0.01167 0.05138
vt 0.128 0.34224
vt 0.11999 0.34
vt 0.00667 0.05045
vt 0.02285 0.05164
vt 0.02275 0.05062
vt 0.02016 0.05151
vt 0.01958 0.05296
vt 0.01805 0.05501
vt 0.37727 0.00955
vt 0.38637 0.01191
vt 0.38244 0.01435
vt 0.01766 0.04986
vt 0.27193 0.99667
vt 0.26017 0.99466
vt 0.2646 0.99265
vt 0.37202 0.00904
vt 0.37331 0.00886
vt 0.37335 0.00975
vt 0.37473 0.00947
vt 0.37446 0.00872
vt 0.12587 0.34151
vt 0.3691 0.00667
vt 0.37706 0.00827
vt 0.53992 0.63943
vt 0.54036 0.64205
vt 0.54835 0.64686
vt 0.02497 0.05078
vt 0.53883 0.6297
vt 0.53491 0.62869
vt 0.52964 0.62554
vt 0.53006 0.62931
vt 0.53209 0.63144
vt 0.54084 0.63579
vt 0.0284 0.06504
vt 0.03069 0.06431
vt 0.02937 0.06364
vt 0.02576 0.06231
vt 0.1381 0.35951
vt 0.15076 0.35744
vt 0.14397 0.35456
vt 0.13365 0.35389
vt 0.13526 0.3586
vt 0.13949 0.35264
vt 0.02583 0.05745
vt 0.02311 0.06067
vt 0.12991 0.3559
vt 0.1354 0.36067
vt 0.02665 0.05708
vt 0.02636 0.05693
vt 0.02508 0.05637
vt 0.01726 0.05629
vt 0.01959 0.05782
vt 0.13317 0.34901
vt 0.13792 0.34901
vt 0.13383 0.34725
vt 0.13106 0.34744
vt 0.03232 0.06277
vt 0.03767 0.05925
vt 0.0274 0.05699
vt 0.02688 0.05681
vt 0.02814 0.05635
vt 0.39472 0.0227
vt 0.40035 0.02351
vt 0.39857 0.02562
vt 0.39865 0.02111
vt 0.03656 0.0566
vt 0.03349 0.05414
vt 0.02667 0.05665
vt 0.02917 0.05268
vt 0.39065 0.01482
vt 0.3828 0.02211
vt 0.38562 0.02182
vt 0.38507 0.02389
vt 0.38796 0.02276
vt 0.38763 0.02132
vt 0.37932 0.01711
vt 0.37894 0.01538
vt 0.38069 0.01604
vt 0.38049 0.01508
vt 0.38212 0.01571
vt 0.39267 0.01764
vt 0.39577 0.01733
vt 0.0398 0.05819
vt 0.68538 0.16875
vt 0.68412 0.15835
vt 0.68633 0.16032
vt 0.04006 0.05637
vt 0.68623 0.1566
vt 0.02849 0.05056
vt 0.67781 0.15826
vt 0.68091 0.15184
vt 0.68074 0.1552
vt 0.68288 0.16938
vt 0.67913 0.16876
vt 0.3964 0.01516
vt 0.1378 0.377
vt 0.13829 0.37697
vt 0.13806 0.37693
vt 0.13767 0.37695
vt 0.13749 0.37704
vt 0.13784 0.37636
vt 0.12497 0.37809
vt 0.11932 0.38111
vt 0.12474 0.38086
vt 0.1372 0.37692
vt 0.15335 0.37404
vt 0.14121 0.36837
vt 0.16904 0.37083
vt 0.1575 0.36472
vt 0.12827 0.37494
vt 0.13761 0.36863
vt 0.13967 0.36987
vt 0.15125 0.36337
vt 0.13721 0.36186
vt 0.13388 0.36326
vt 0.13048 0.36775
vt 0.12944 0.37094
vt 0.12856 0.36637
vt 0.38545 0.0469
vt 0.38369 0.0475
vt 0.38287 0.04496
vt 0.39156 0.04278
vt 0.38645 0.0356
vt 0.39166 0.04004
vt 0.38363 0.03841
vt 0.38806 0.03523
vt 0.38462 0.03545
vt 0.38567 0.03401
vt 0.03358 0.07807
vt 0.03466 0.07111
vt 0.03156 0.0718
vt 0.03397 0.07803
vt 0.04399 0.07299
vt 0.04261 0.07217
vt 0.03361 0.07825
vt 0.39432 0.04141
vt 0.39308 0.04154
vt 0.39496 0.04005
vt 0.04386 0.06917
vt 0.0429 0.06857
vt 0.04051 0.06819
vt 0.03301 0.07022
vt 0.02989 0.07036
vt 0.04095 0.06664
vt 0.03864 0.06556
vt 0.04572 0.07118
vt 0.05101 0.06809
vt 0.05251 0.06751
vt 0.05006 0.06788
vt 0.52175 0.61392
vt 0.51843 0.6073
vt 0.52871 0.60728
vt 0.51407 0.61557
vt 0.04014 0.0595
vt 0.04131 0.06362
vt 0.68951 0.16104
vt 0.68769 0.1571
vt 0.69296 0.15184
vt 0.39951 0.03582
vt 0.40226 0.03645
vt 0.40132 0.03558
vt 0.3933 0.03084
vt 0.38803 0.02916
vt 0.39274 0.02859
vt 0.39751 0.03035
vt 0.52851 0.61392
vt 0.53547 0.61215
vt 0.40022 0.0308
vt 0.14437 0.39835
vt 0.14467 0.39877
vt 0.14884 0.39787
vt 0.14452 0.39775
vt 0.53342 0.6598
vt 0.53376 0.65878
vt 0.53976 0.65719
vt 0.141 0.39879
vt 0.35474 0.06479
vt 0.35477 0.06417
vt 0.35663 0.06446
vt 0.14106 0.39815
vt 0.52993 0.66
vt 0.00721 0.10663
vt 0.00776 0.10698
vt 0.0092 0.10608
vt 0.02168 0.10583
vt 0.02085 0.10644
vt 0.02232 0.1062
vt 0.0231 0.10581
vt 0.51102 0.64638
vt 0.50801 0.64518
vt 0.51119 0.64392
vt 0.52687 0.65809
vt 0.5273 0.65077
vt 0.13726 0.38526
vt 0.13451 0.3887
vt 0.14175 0.38652
vt 0.51738 0.64488
vt 0.1417 0.38474
vt 0.13276 0.38566
vt 0.13885 0.38426
vt 0.13541 0.38438
vt 0.15012 0.38413
vt 0.03283 0.09654
vt 0.04041 0.09349
vt 0.03626 0.09059
vt 0.03571 0.08825
vt 0.03178 0.08945
vt 0.12905 0.39376
vt 0.13357 0.39419
vt 0.1054 0.39396
vt 0.12055 0.38815
vt 0.13061 0.39407
vt 0.14413 0.38352
vt 0.16627 0.37825
vt 0.12207 0.3835
vt 0.04475 0.08859
vt 0.0391 0.08351
vt 0.04397 0.08517
vt 0.34078 0.7575
vt 0.33991 0.75098
vt 0.34238 0.75188
vt 0.34292 0.75916
vt 0.34063 0.86185
vt 0.33947 0.8809
vt 0.33667 0.87078
vt 0.33776 0.75753
vt 0.03251 0.08504
vt 0.03365 0.07834
vt 0.03419 0.07828
vt 0.16935 0.3711
vt 0.16922 0.37102
vt 0.39449 0.04232
vt 0.38367 0.05445
vt 0.38991 0.05315
vt 0.3856 0.05898
vt 0.39518 0.05521
vt 0.39527 0.05144
vt 0.38301 0.05
vt 0.38571 0.04832
vt 0.38846 0.0477
vt 0.40227 0.05364
vt 0.4051 0.05006
vt 0.401 0.04763
vt 0.40687 0.0465
vt 0.04785 0.0808
vt 0.04854 0.07907
vt 0.04515 0.08014
vt 0.05789 0.08179
vt 0.05898 0.0815
vt 0.05856 0.08124
vt 0.34595 0.8679
vt 0.34906 0.88571
vt 0.05693 0.07774
vt 0.05522 0.07481
vt 0.05343 0.07536
vt 0.05949 0.8372
vt 0.05939 0.83912
vt 0.07055 0.83687
vt 0.04706 0.07822
vt 0.05467 0.07426
vt 0.05284 0.07396
vt 0.05939 0.08109
vt 0.05984 0.08087
vt 0.71655 0.14395
vt 0.71534 0.16069
vt 0.71156 0.15992
vt 0.7061 0.16492
vt 0.71049 0.16966
vt 0.709 0.14324
vt 0.70387 0.16422
vt 0.69897 0.15845
vt 0.70838 0.14221
vt 0.6973 0.17254
vt 0.41061 0.05093
vt 0.41189 0.04677
vt 0.41748 0.04993
vt 0.4162 0.04503
vt 0.41007 0.04415
vt 0.40781 0.03859
vt 0.41502 0.04203
vt 0.70562 0.18469
vt 0.71047 0.18732
vt 0.41219 0.03582
vt 0.7023 0.18691
vt 0.14815 0.39936
vt 0.68527 0.47622
vt 0.69122 0.47419
vt 0.68957 0.48481
vt 0.68294 0.48973
vt 0.36745 0.0689
vt 0.37045 0.07164
vt 0.3652 0.06949
vt 0.14161 0.39926
vt 0.67606 0.4844
vt 0.67333 0.48058
vt 0.67514 0.47749
vt 0.3561 0.06537
vt 0.36134 0.06578
vt 0.02677 0.10897
vt 0.02734 0.10987
vt 0.02818 0.1093
vt 0.02296 0.10937
vt 0.02779 0.10856
vt 0.16285 0.40404
vt 0.16852 0.40336
vt 0.16264 0.40241
vt 0.02258 0.10649
vt 0.02101 0.10717
vt 0.0231 0.10628
vt 0.03122 0.10839
vt 0.03832 0.11341
vt 0.04234 0.10669
vt 0.036 0.1028
vt 0.03538 0.10261
vt 0.03569 0.10245
vt 0.03533 0.10241
vt 0.1712 0.40935
vt 0.1475 0.4087
vt 0.14791 0.40441
vt 0.37626 0.07056
vt 0.38026 0.07095
vt 0.38129 0.07325
vt 0.38004 0.07641
vt 0.38848 0.07902
vt 0.00998 0.10789
vt 0.01682 0.10917
vt 0.52532 0.64496
vt 0.52547 0.64251
vt 0.36987 0.06575
vt 0.37201 0.06797
vt 0.38492 0.07217
vt 0.398 0.07298
vt 0.389 0.07898
vt 0.38353 0.0703
vt 0.1766 0.39622
vt 0.15513 0.39453
vt 0.15106 0.39809
vt 0.52081 0.63605
vt 0.49462 0.63308
vt 0.26234 0.98969
vt 0.25204 0.99431
vt 0.24798 0.99082
vt 0.13443 0.39807
vt 0.13361 0.39599
vt 0.12723 0.39728
vt 0.05081 0.84798
vt 0.04881 0.85054
vt 0.05922 0.84826
vt 0.10495 0.3988
vt 0.11712 0.40145
vt 0.39004 0.06722
vt 0.39655 0.07096
vt 0.39442 0.06583
vt 0.38438 0.06716
vt 0.38552 0.06366
vt 0.0478 0.1054
vt 0.04697 0.10263
vt 0.03664 0.10219
vt 0.03641 0.10123
vt 0.03506 0.10227
vt 0.04689 0.09809
vt 0.04912 0.10377
vt 0.35692 0.74265
vt 0.35578 0.75177
vt 0.35247 0.74754
vt 0.34951 0.7453
vt 0.35291 0.73246
vt 0.354 0.77971
vt 0.35264 0.76145
vt 0.35544 0.76379
vt 0.34971 0.75993
vt 0.34968 0.76905
vt 0.04075 0.09516
vt 0.04921 0.09501
vt 0.34587 0.75604
vt 0.34665 0.74568
vt 0.34639 0.76492
vt 0.51141 0.6776
vt 0.51642 0.67163
vt 0.50745 0.67726
vt 0.53951 0.67197
vt 0.53555 0.67163
vt 0.53467 0.67282
vt 0.56549 0.67282
vt 0.56637 0.67163
vt 0.56189 0.67266
vt 0.58957 0.67163
vt 0.58912 0.67259
vt 0.59317 0.67179
vt 0.06018 0.84637
vt 0.06756 0.84269
vt 0.05562 0.8461
vt 0.0565 0.84704
vt 0.04819 0.09175
vt 0.34446 0.736
vt 0.3446 0.76527
vt 0.34183 0.76936
vt 0.40128 0.06639
vt 0.34435 0.77818
vt 0.34389 0.77484
vt 0.39048 0.06027
vt 0.39865 0.05837
vt 0.39902 0.06064
vt 0.40351 0.05991
vt 0.4198 0.06545
vt 0.42234 0.06145
vt 0.42294 0.06678
vt 0.04647 0.84893
vt 0.04856 0.84759
vt 0.04069 0.8488
vt 0.4203 0.06741
vt 0.04845 0.84591
vt 0.04053 0.84758
vt 0.41577 0.06359
vt 0.40303 0.0566
vt 0.07188 0.09192
vt 0.06525 0.08879
vt 0.0683 0.0936
vt 0.07429 0.08953
vt 0.07148 0.08547
vt 0.06472 0.08738
vt 0.05288 0.84364
vt 0.0786 0.09103
vt 0.07099 0.83965
vt 0.07332 0.83667
vt 0.06224 0.08518
vt 0.06042 0.08156
vt 0.05249 0.84232
vt 0.06967 0.84128
vt 0.04804 0.83993
vt 0.07576 0.08641
vt 0.72179 0.16679
vt 0.72422 0.16245
vt 0.72357 0.1691
vt 0.72339 0.15092
vt 0.71756 0.16564
vt 0.72052 0.14775
vt 0.7138 0.17088
vt 0.43461 0.06734
vt 0.42748 0.06575
vt 0.43072 0.06311
vt 0.42343 0.05957
vt 0.42867 0.05913
vt 0.41272 0.05828
vt 0.41297 0.05401
vt 0.42195 0.05829
vt 0.41972 0.05247
vt 0.42558 0.05566
vt 0.72022 0.17988
vt 0.72391 0.18398
vt 0.71286 0.1889
vt 0.71663 0.18103
vt 0.15048 0.42436
vt 0.15237 0.42589
vt 0.16934 0.4226
vt 0.15481 0.42115
vt 0.14084 0.42315
vt 0.14434 0.41626
vt 0.13053 0.42397
vt 0.13468 0.42744
vt 0.12758 0.42807
vt 0.11598 0.42715
vt 0.11754 0.42913
vt 0.38506 0.09167
vt 0.38191 0.094
vt 0.38005 0.09184
vt 0.38212 0.08894
vt 0.11993 0.42372
vt 0.14565 0.41603
vt 0.14503 0.41588
vt 0.14431 0.41595
vt 0.1435 0.41618
vt 0.04234 0.12519
vt 0.04057 0.12237
vt 0.03723 0.12611
vt 0.04275 0.11892
vt 0.04471 0.11919
vt 0.17247 0.41591
vt 0.18059 0.41838
vt 0.18251 0.41501
vt 0.04435 0.11809
vt 0.17188 0.40931
vt 0.17226 0.40934
vt 0.17228 0.40925
vt 0.17147 0.40954
vt 0.03816 0.11368
vt 0.03829 0.11361
vt 0.03813 0.1136
vt 0.04817 0.11796
vt 0.04877 0.11251
vt 0.05078 0.11743
vt 0.04105 0.11301
vt 0.39366 0.09189
vt 0.39209 0.08777
vt 0.11554 0.42001
vt 0.13015 0.41477
vt 0.38893 0.07927
vt 0.38649 0.08131
vt 0.38934 0.07981
vt 0.36239 0.7479
vt 0.36684 0.74071
vt 0.36545 0.75272
vt 0.05781 0.11698
vt 0.05707 0.11939
vt 0.05508 0.1145
vt 0.36441 0.73052
vt 0.36496 0.77327
vt 0.36796 0.75321
vt 0.36818 0.76633
vt 0.36209 0.77571
vt 0.36399 0.78214
vt 0.36079 0.76586
vt 0.04935 0.11143
vt 0.04898 0.11068
vt 0.35838 0.75166
vt 0.35916 0.74355
vt 0.40148 0.07771
vt 0.39127 0.08551
vt 0.39408 0.08543
vt 0.39617 0.08617
vt 0.39591 0.08506
vt 0.39881 0.08595
vt 0.39913 0.08278
vt 0.05018 0.10641
vt 0.35886 0.73436
vt 0.35879 0.76735
vt 0.07791 0.85412
vt 0.06715 0.85343
vt 0.06695 0.85571
vt 0.17281 0.40031
vt 0.17505 0.40063
vt 0.17462 0.40005
vt 0.0539 0.8561
vt 0.0461 0.85967
vt 0.04484 0.85688
vt 0.04627 0.85468
vt 0.06236 0.8516
vt 0.07618 0.84937
vt 0.07916 0.09711
vt 0.07848 0.09683
vt 0.07893 0.09725
vt 0.61756 0.67351
vt 0.62118 0.67163
vt 0.61634 0.67248
vt 0.64586 0.67742
vt 0.66267 0.67401
vt 0.64356 0.67163
vt 0.67606 0.67266
vt 0.67483 0.67163
vt 0.67078 0.67243
vt 0.04901 0.85209
vt 0.70975 0.67163
vt 0.69801 0.67357
vt 0.70109 0.6784
vt 0.04306 0.86011
vt 0.03424 0.85875
vt 0.43135 0.08285
vt 0.42697 0.07562
vt 0.4408 0.08113
vt 0.03216 0.85446
vt 0.42664 0.07532
vt 0.43044 0.07434
vt 0.4367 0.07275
vt 0.43735 0.07377
vt 0.1317 0.40468
vt 0.10642 0.4082
vt 0.12756 0.40885
vt 0.42609 0.07464
vt 0.03273 0.85382
vt 0.43628 0.0725
vt 0.07968 0.09758
vt 0.07958 0.09702
vt 0.08003 0.09709
vt 0.0797 0.09684
vt 0.73872 0.14284
vt 0.74076 0.16415
vt 0.73765 0.16967
vt 0.73906 0.13936
vt 0.73871 0.13944
vt 0.7396 0.17122
vt 0.08873 0.10153
vt 0.09639 0.10105
vt 0.08942 0.099
vt 0.07934 0.09689
vt 0.07858 0.0957
vt 0.73299 0.16753
vt 0.73076 0.1534
vt 0.73115 0.16426
vt 0.73026 0.16637
vt 0.73063 0.16759
vt 0.72997 0.16856
vt 0.73309 0.19431
vt 0.74 0.18839
vt 0.74418 0.16745
vt 0.73273 0.19826
vt 0.73214 0.19854
vt 0.43776 0.07317
vt 0.43715 0.07277
vt 0.73217 0.20014
vt 0.43642 0.07186
vt 0.43695 0.0726
vt 0.73199 0.20021
vt 0.7314 0.19859
vt 0.73047 0.17096
vt 0.72897 0.17546
vt 0.13308 0.44296
vt 0.13341 0.44323
vt 0.13733 0.44256
vt 0.13484 0.44228
vt 0.13133 0.44324
vt 0.13022 0.44287
vt 0.13069 0.44145
vt 0.10832 0.44513
vt 0.108 0.44415
vt 0.10387 0.44504
vt 0.10461 0.44572
vt 0.08673 0.44595
vt 0.09939 0.44355
vt 0.11669 0.44123
vt 0.14609 0.43964
vt 0.16869 0.43543
vt 0.17327 0.43961
vt 0.20129 0.43499
vt 0.21164 0.43041
vt 0.20613 0.43005
vt 0.20469 0.43073
vt 0.20476 0.43304
vt 0.46956 0.63484
vt 0.46849 0.62606
vt 0.48792 0.62929
vt 0.50758 0.62985
vt 0.50591 0.63324
vt 0.46691 0.62536
vt 0.47536 0.62558
vt 0.16574 0.42739
vt 0.16261 0.43518
vt 0.12635 0.43809
vt 0.26646 0.98406
vt 0.27228 0.98927
vt 0.24029 0.9891
vt 0.10409 0.43979
vt 0.56959 0.62204
vt 0.54875 0.63319
vt 0.54206 0.62356
vt 0.57131 0.62149
vt 0.57028 0.62366
vt 0.15187 0.43408
vt 0.13991 0.43228
vt 0.13195 0.43545
vt 0.51196 0.63287
vt 0.52114 0.61842
vt 0.54096 0.61527
vt 0.23043 0.98347
vt 0.24827 0.98129
vt 0.23648 0.98747
vt 0.568 0.62039
vt 0.57279 0.61873
vt 0.55762 0.61336
vt 0.14277 0.4282
vt 0.13183 0.42921
vt 0.71615 0.45072
vt 0.70887 0.46739
vt 0.70671 0.45226
vt 0.39035 0.09787
vt 0.39011 0.1051
vt 0.38214 0.10755
vt 0.38568 0.10212
vt 0.59015 0.60457
vt 0.58669 0.60167
vt 0.60478 0.59786
vt 0.3937 0.1041
vt 0.40013 0.1016
vt 0.40505 0.10234
vt 0.56871 0.61067
vt 0.60573 0.60939
vt 0.22056 0.42798
vt 0.05953 0.12903
vt 0.06008 0.12643
vt 0.05699 0.12784
vt 0.17248 0.43187
vt 0.19782 0.43076
vt 0.18741 0.42835
vt 0.05564 0.13161
vt 0.06004 0.12969
vt 0.05074 0.12525
vt 0.0501 0.12275
vt 0.04848 0.1286
vt 0.05496 0.12321
vt 0.06657 0.12569
vt 0.45913 0.60808
vt 0.44774 0.60386
vt 0.46285 0.59815
vt 0.06292 0.1252
vt 0.05445 0.12051
vt 0.05934 0.12183
vt 0.17064 0.42995
vt 0.11628 0.43451
vt 0.1118 0.43504
vt 0.11523 0.43572
vt 0.10401 0.43661
vt 0.18198 0.42652
vt 0.39541 0.09841
vt 0.39404 0.09984
vt 0.39528 0.10007
vt 0.48579 0.59376
vt 0.51115 0.58887
vt 0.50909 0.59713
vt 0.47607 0.59668
vt 0.50573 0.59818
vt 0.47322 0.61037
vt 0.5473 0.58335
vt 0.5418 0.59113
vt 0.52998 0.58657
vt 0.51355 0.5964
vt 0.07015 0.12053
vt 0.50751 0.59874
vt 0.36949 0.73886
vt 0.37203 0.73173
vt 0.37287 0.74818
vt 0.51072 0.59789
vt 0.37265 0.75066
vt 0.54383 0.59711
vt 0.36956 0.77552
vt 0.36689 0.78268
vt 0.40334 0.10067
vt 0.40668 0.09733
vt 0.41409 0.09904
vt 0.41285 0.10115
vt 0.41861 0.09964
vt 0.60236 0.58427
vt 0.59563 0.5897
vt 0.59037 0.58499
vt 0.42154 0.10109
vt 0.40354 0.09411
vt 0.40308 0.091
vt 0.41133 0.09293
vt 0.56781 0.58139
vt 0.56634 0.57953
vt 0.59011 0.57241
vt 0.57212 0.58908
vt 0.59871 0.57518
vt 0.42788 0.09803
vt 0.40788 0.09021
vt 0.56563 0.59614
vt 0.55404 0.60111
vt 0.46375 0.5897
vt 0.47391 0.59343
vt 0.49394 0.58475
vt 0.07716 0.86291
vt 0.06275 0.86262
vt 0.06632 0.86476
vt 0.07651 0.8595
vt 0.04237 0.86658
vt 0.05391 0.866
vt 0.04763 0.86445
vt 0.08389 0.85896
vt 0.0818 0.85826
vt 0.07606 0.85811
vt 0.05304 0.86008
vt 0.04283 0.86101
vt 0.09078 0.11065
vt 0.10076 0.11136
vt 0.09658 0.10513
vt 0.08926 0.11915
vt 0.09391 0.11444
vt 0.08612 0.11689
vt 0.08706 0.1097
vt 0.08549 0.1114
vt 0.08463 0.11026
vt 0.08232 0.85667
vt 0.08528 0.1078
vt 0.09558 0.10464
vt 0.08439 0.10359
vt 0.04372 0.86049
vt 0.12729 0.41687
vt 0.1227 0.41758
vt 0.1237 0.4182
vt 0.10233 0.42795
vt 0.10384 0.42525
vt 0.0969 0.4263
vt 0.09691 0.42421
vt 0.43396 0.09661
vt 0.4311 0.09243
vt 0.44177 0.09176
vt 0.44853 0.09681
vt 0.0306 0.86488
vt 0.11997 0.41863
vt 0.10157 0.41775
vt 0.06956 0.42222
vt 0.43028 0.09035
vt 0.43721 0.08659
vt 0.44133 0.09046
vt 0.74902 0.21717
vt 0.74667 0.20472
vt 0.75317 0.19367
vt 0.75119 0.21761
vt 0.45295 0.09328
vt 0.44769 0.08626
vt 0.45233 0.09115
vt 0.12235 0.41904
vt 0.44158 0.08265
vt 0.44721 0.08288
vt 0.43126 0.08449
vt 0.09659 0.10469
vt 0.09624 0.1048
vt 0.09675 0.10471
vt 0.09671 0.10459
vt 0.75149 0.13326
vt 0.7547 0.15182
vt 0.74925 0.16086
vt 0.75184 0.13041
vt 0.75168 0.13048
vt 0.75241 0.16871
vt 0.7581 0.14416
vt 0.75809 0.14884
vt 0.09643 0.10463
vt 0.09634 0.10448
vt 0.74459 0.1631
vt 0.7506 0.13582
vt 0.74517 0.16486
vt 0.75147 0.13065
vt 0.74682 0.17547
vt 0.7539 0.18048
vt 0.75524 0.17462
vt 0.74528 0.19315
vt 0.744 0.19126
vt 0.74364 0.20154
vt 0.74281 0.21409
vt 0.74444 0.17447
vt 0.74208 0.19287
vt 0.54179 0.55823
vt 0.55053 0.55501
vt 0.55732 0.56053
vt 0.56216 0.5554
vt 0.74272 0.20223
vt 0.15165 0.46025
vt 0.1474 0.46283
vt 0.15334 0.46241
vt 0.16085 0.46103
vt 0.0448 0.16013
vt 0.04645 0.1585
vt 0.04384 0.15887
vt 0.0488 0.15515
vt 0.0428 0.14783
vt 0.04409 0.14804
vt 0.04314 0.14757
vt 0.0428 0.14742
vt 0.04292 0.14726
vt 0.15842 0.447
vt 0.15869 0.44728
vt 0.15927 0.44709
vt 0.1577 0.44732
vt 0.15745 0.44782
vt 0.1136 0.46152
vt 0.11808 0.46326
vt 0.13598 0.45922
vt 0.1076 0.46411
vt 0.38331 0.12503
vt 0.38432 0.1287
vt 0.38308 0.12881
vt 0.0969 0.4616
vt 0.11942 0.45381
vt 0.12962 0.45428
vt 0.1235 0.45302
vt 0.11953 0.45306
vt 0.11637 0.45352
vt 0.10654 0.45698
vt 0.04725 0.1511
vt 0.05146 0.15174
vt 0.0498 0.15007
vt 0.04972 0.15323
vt 0.38181 0.12393
vt 0.3811 0.12017
vt 0.38607 0.12218
vt 0.38269 0.12074
vt 0.09308 0.45207
vt 0.38711 0.1281
vt 0.39305 0.12279
vt 0.38627 0.11492
vt 0.39341 0.12074
vt 0.39052 0.11266
vt 0.38273 0.11439
vt 0.38209 0.10875
vt 0.04319 0.14729
vt 0.18501 0.44014
vt 0.0432 0.14269
vt 0.04702 0.1414
vt 0.03838 0.14007
vt 0.7077 0.51285
vt 0.70581 0.53505
vt 0.70239 0.52153
vt 0.21873 0.44398
vt 0.21653 0.44326
vt 0.21577 0.44439
vt 0.05732 0.1382
vt 0.0614 0.13792
vt 0.05997 0.13701
vt 0.21282 0.44439
vt 0.21108 0.4452
vt 0.17616 0.44695
vt 0.18937 0.44148
vt 0.21137 0.43801
vt 0.23169 0.4344
vt 0.05651 0.13617
vt 0.05118 0.13539
vt 0.05069 0.13416
vt 0.04284 0.13763
vt 0.20725 0.43218
vt 0.05321 0.1408
vt 0.38725 0.77576
vt 0.38759 0.76604
vt 0.39197 0.77271
vt 0.72523 0.69459
vt 0.72637 0.67163
vt 0.72684 0.67252
vt 0.7526 0.67163
vt 0.75844 0.67511
vt 0.75245 0.68713
vt 0.78059 0.67163
vt 0.78015 0.67734
vt 0.77967 0.67646
vt 0.70369 0.49312
vt 0.71276 0.47765
vt 0.71968 0.4807
vt 0.38358 0.79557
vt 0.3857 0.78581
vt 0.38556 0.79788
vt 0.38015 0.10776
vt 0.71795 0.45072
vt 0.72242 0.43742
vt 0.72061 0.47453
vt 0.17848 0.44918
vt 0.16017 0.44899
vt 0.06782 0.87963
vt 0.05607 0.87714
vt 0.05064 0.88117
vt 0.71692 0.52716
vt 0.72621 0.51361
vt 0.03901 0.88119
vt 0.03732 0.88331
vt 0.02706 0.88205
vt 0.03182 0.88023
vt 0.72768 0.43976
vt 0.73235 0.45138
vt 0.81061 0.67163
vt 0.8139 0.69248
vt 0.80689 0.69603
vt 0.73443 0.39502
vt 0.73216 0.40461
vt 0.73139 0.39453
vt 0.39947 0.11177
vt 0.40274 0.1123
vt 0.40225 0.11312
vt 0.39268 0.11029
vt 0.39525 0.10791
vt 0.4018 0.11147
vt 0.02983 0.88387
vt 0.01082 0.88401
vt 0.0739 0.45603
vt 0.06258 0.45215
vt 0.05011 0.45721
vt 0.00944 0.88082
vt 0.41833 0.1175
vt 0.41929 0.11821
vt 0.41611 0.11785
vt 0.42061 0.11763
vt 0.41872 0.11564
vt 0.40534 0.11135
vt 0.41661 0.10942
vt 0.40371 0.10863
vt 0.4095 0.10353
vt 0.06181 0.13661
vt 0.07111 0.13807
vt 0.07105 0.13169
vt 0.07128 0.14197
vt 0.0766 0.13871
vt 0.07816 0.139
vt 0.0608 0.13611
vt 0.05976 0.13176
vt 0.0723 0.13123
vt 0.07212 0.13113
vt 0.08776 0.13369
vt 0.08816 0.13533
vt 0.09236 0.13254
vt 0.08811 0.13174
vt 0.0726 0.13102
vt 0.08309 0.1268
vt 0.07571 0.12509
vt 0.07162 0.12552
vt 0.44434 0.59976
vt 0.42555 0.11554
vt 0.4232 0.11756
vt 0.436 0.113
vt 0.43267 0.11069
vt 0.43583 0.10955
vt 0.42449 0.10455
vt 0.43016 0.10418
vt 0.76716 0.24699
vt 0.76652 0.24187
vt 0.77244 0.21712
vt 0.77015 0.24726
vt 0.76805 0.26982
vt 0.77171 0.25637
vt 0.44037 0.10523
vt 0.44642 0.11068
vt 0.43284 0.0986
vt 0.43149 0.09716
vt 0.43515 0.0981
vt 0.0962 0.12475
vt 0.09596 0.12672
vt 0.0979 0.12481
vt 0.09771 0.12436
vt 0.09902 0.12515
vt 0.08753 0.12241
vt 0.0959 0.12359
vt 0.09877 0.12438
vt 0.10407 0.12289
vt 0.09839 0.12397
vt 0.10495 0.12688
vt 0.09582 0.13131
vt 0.0902 0.12106
vt 0.08252 0.12174
vt 0.09752 0.11946
vt 0.1112 0.12138
vt 0.11287 0.12037
vt 0.10902 0.11996
vt 0.10336 0.11858
vt 0.10478 0.11804
vt 0.51273 0.54783
vt 0.50412 0.55605
vt 0.49542 0.55406
vt 0.76579 0.15688
vt 0.76691 0.141
vt 0.76744 0.14835
vt 0.1016 0.11665
vt 0.76428 0.15803
vt 0.76094 0.15078
vt 0.75956 0.16682
vt 0.76803 0.21584
vt 0.44599 0.10388
vt 0.45409 0.10431
vt 0.44982 0.1098
vt 0.76056 0.24066
vt 0.76104 0.20248
vt 0.76712 0.21199
vt 0.76775 0.20978
vt 0.45011 0.10035
vt 0.45681 0.10118
vt 0.76755 0.20759
vt 0.76113 0.20087
vt 0.76735 0.17197
vt 0.76711 0.16671
vt 0.7614 0.19653
vt 0.76096 0.20134
vt 0.76103 0.20036
vt 0.76049 0.20156
vt 0.76073 0.20295
vt 0.11659 0.11883
vt 0.11371 0.11835
vt 0.77108 0.13499
vt 0.76987 0.14188
vt 0.76988 0.13556
vt 0.48263 0.55361
vt 0.4884 0.54985
vt 0.77095 0.14107
vt 0.10274 0.11049
vt 0.10343 0.11154
vt 0.75943 0.14395
vt 0.51426 0.54597
vt 0.51637 0.54594
vt 0.76745 0.17009
vt 0.76752 0.16852
vt 0.76772 0.1685
vt 0.76716 0.17065
vt 0.75546 0.18138
vt 0.17502 0.47342
vt 0.17319 0.47114
vt 0.16827 0.4736
vt 0.16825 0.47443
vt 0.16361 0.47438
vt 0.15636 0.47722
vt 0.16054 0.47288
vt 0.12161 0.47617
vt 0.112 0.47181
vt 0.10288 0.47782
vt 0.1365 0.48012
vt 0.13172 0.47675
vt 0.11708 0.47939
vt 0.13792 0.47314
vt 0.10275 0.47992
vt 0.09641 0.47914
vt 0.09419 0.4808
vt 0.38029 0.14058
vt 0.37775 0.14216
vt 0.37801 0.14074
vt 0.37881 0.13902
vt 0.09546 0.47739
vt 0.13275 0.47003
vt 0.11867 0.46884
vt 0.10816 0.46956
vt 0.09919 0.47228
vt 0.19654 0.46979
vt 0.05022 0.16903
vt 0.04887 0.16541
vt 0.04632 0.16628
vt 0.15352 0.4691
vt 0.04899 0.17038
vt 0.05145 0.16973
vt 0.16596 0.46327
vt 0.14923 0.46521
vt 0.04425 0.16276
vt 0.04673 0.16081
vt 0.05346 0.16508
vt 0.84615 0.67745
vt 0.83412 0.67549
vt 0.84848 0.67163
vt 0.05003 0.16506
vt 0.04789 0.15989
vt 0.86134 0.6936
vt 0.86483 0.67163
vt 0.86513 0.69146
vt 0.39565 0.14083
vt 0.38718 0.13531
vt 0.37981 0.1344
vt 0.38619 0.13472
vt 0.89269 0.67163
vt 0.88856 0.69465
vt 0.8889 0.67378
vt 0.91578 0.67582
vt 0.91949 0.67163
vt 0.916 0.6936
vt 0.94301 0.68921
vt 0.94513 0.67163
vt 0.94534 0.68942
vt 0.09286 0.46688
vt 0.97286 0.67184
vt 0.97023 0.68201
vt 0.97053 0.67163
vt 0.38316 0.13111
vt 0.50975 0.7222
vt 0.50745 0.71149
vt 0.51009 0.70133
vt 0.555 0.70133
vt 0.53939 0.708
vt 0.53467 0.70383
vt 0.27461 0.9799
vt 0.26397 0.97927
vt 0.27758 0.97792
vt 0.56402 0.70479
vt 0.56189 0.71618
vt 0.56403 0.70133
vt 0.29803 0.97491
vt 0.29563 0.97831
vt 0.58923 0.70902
vt 0.59033 0.70133
vt 0.58912 0.71368
vt 0.61634 0.70943
vt 0.61676 0.70133
vt 0.61745 0.70174
vt 0.64785 0.71705
vt 0.64356 0.71275
vt 0.64851 0.70133
vt 0.67078 0.70928
vt 0.67103 0.70133
vt 0.67278 0.70984
vt 0.69801 0.70638
vt 0.69835 0.70133
vt 0.70034 0.70189
vt 0.72937 0.70133
vt 0.72907 0.7117
vt 0.72523 0.70244
vt 0.38772 0.13453
vt 0.38894 0.13496
vt 0.38877 0.13422
vt 0.38667 0.12956
vt 0.38958 0.129
vt 0.79637 0.23985
vt 0.79628 0.24012
vt 0.7965 0.23494
vt 0.39195 0.13447
vt 0.75784 0.71466
vt 0.75245 0.71392
vt 0.75847 0.70133
vt 0.06477 0.16036
vt 0.0691 0.15895
vt 0.06768 0.15807
vt 0.22301 0.45747
vt 0.22957 0.45967
vt 0.23322 0.45753
vt 0.2117 0.46167
vt 0.06696 0.15078
vt 0.06523 0.15769
vt 0.18339 0.45825
vt 0.19663 0.46223
vt 0.20026 0.45627
vt 0.07003 0.88948
vt 0.09192 0.88787
vt 0.08317 0.88539
vt 0.19926 0.46428
vt 0.18636 0.45435
vt 0.22612 0.44998
vt 0.08267 0.1517
vt 0.08189 0.14967
vt 0.06862 0.15058
vt 0.07171 0.15673
vt 0.06692 0.15055
vt 0.11141 0.88025
vt 0.11155 0.88048
vt 0.11168 0.88015
vt 0.07012 0.14444
vt 0.06691 0.14432
vt 0.06692 0.14968
vt 0.06629 0.1446
vt 0.22548 0.44911
vt 0.19054 0.45076
vt 0.06945 0.88565
vt 0.0695 0.89067
vt 0.06375 0.89073
vt 0.04101 0.8923
vt 0.05326 0.88721
vt 0.05388 0.88513
vt 0.03197 0.88851
vt 0.0381 0.89172
vt 0.04303 0.88718
vt 0.01935 0.8924
vt 0.03865 0.89264
vt 0.39198 0.78476
vt 0.393 0.77882
vt 0.39277 0.78501
vt 0.16263 0.45866
vt 0.13907 0.45784
vt 0.17142 0.45259
vt 0.14273 0.45342
vt 0.78011 0.70133
vt 0.78096 0.70164
vt 0.77967 0.70704
vt 0.80784 0.70638
vt 0.80689 0.70673
vt 0.80818 0.70133
vt 0.0563 0.88239
vt 0.03862 0.88415
vt 0.03362 0.88553
vt 0.83412 0.72375
vt 0.83573 0.70168
vt 0.83668 0.70133
vt 0.86134 0.70712
vt 0.86181 0.70133
vt 0.86212 0.7068
vt 0.88856 0.70665
vt 0.88949 0.70133
vt 0.88902 0.70712
vt 0.0343 0.88412
vt 0.01561 0.88898
vt 0.40437 0.13213
vt 0.40742 0.12651
vt 0.41672 0.12987
vt 0.41679 0.12247
vt 0.41767 0.12243
vt 0.41776 0.12361
vt 0.41558 0.12213
vt 0.41666 0.12204
vt 0.41746 0.12227
vt 0.41936 0.12206
vt 0.4221 0.12406
vt 0.41806 0.12247
vt 0.43227 0.12777
vt 0.43004 0.12822
vt 0.41789 0.12228
vt 0.01092 0.88626
vt 0.42842 0.11952
vt 0.43211 0.12049
vt 0.7801 0.25488
vt 0.77491 0.26691
vt 0.77805 0.24255
vt 0.06895 0.45991
vt 0.42111 0.11819
vt 0.08402 0.1509
vt 0.79914 0.12855
vt 0.79453 0.11109
vt 0.80271 0.10218
vt 0.07839 0.14539
vt 0.08653 0.14312
vt 0.09153 0.14255
vt 0.09133 0.14116
vt 0.08089 0.14291
vt 0.08725 0.13889
vt 0.09307 0.14164
vt 0.09262 0.14284
vt 0.79308 0.1124
vt 0.7937 0.10711
vt 0.79207 0.10891
vt 0.09293 0.14034
vt 0.09037 0.1372
vt 0.79364 0.1443
vt 0.7921 0.14657
vt 0.79285 0.13164
vt 0.79293 0.15031
vt 0.79005 0.15694
vt 0.91647 0.71149
vt 0.91578 0.70133
vt 0.9174 0.70617
vt 0.78461 0.14121
vt 0.78515 0.13979
vt 0.78453 0.14232
vt 0.78445 0.14227
vt 0.78438 0.14329
vt 0.78454 0.14435
vt 0.78626 0.17148
vt 0.78668 0.18
vt 0.78512 0.18157
vt 0.78364 0.17583
vt 0.78424 0.13971
vt 0.78237 0.12256
vt 0.78311 0.11665
vt 0.78407 0.14333
vt 0.77905 0.16235
vt 0.77963 0.15547
vt 0.78021 0.177
vt 0.77607 0.1908
vt 0.78817 0.20606
vt 0.78499 0.18824
vt 0.78231 0.20649
vt 0.78345 0.18916
vt 0.77535 0.24604
vt 0.38708 0.80963
vt 0.38616 0.81295
vt 0.38668 0.79865
vt 0.38934 0.78623
vt 0.38414 0.81553
vt 0.42504 0.11858
vt 0.77357 0.23947
vt 0.39229 0.83667
vt 0.39373 0.83811
vt 0.39131 0.84874
vt 0.77488 0.20264
vt 0.77869 0.20174
vt 0.77469 0.20132
vt 0.78353 0.10774
vt 0.78219 0.11533
vt 0.38923 0.90281
vt 0.37642 0.91746
vt 0.38399 0.88437
vt 0.39797 0.9092
vt 0.3881 0.92623
vt 0.39439 0.88762
vt 0.39451 0.87745
vt 0.39921 0.88014
vt 0.38523 0.87743
vt 0.39951 0.89657
vt 0.11233 0.1256
vt 0.77223 0.13554
vt 0.77338 0.12038
vt 0.77501 0.13488
vt 0.77293 0.14307
vt 0.77786 0.13198
vt 0.77723 0.14448
vt 0.77546 0.15373
vt 0.7764 0.16054
vt 0.76847 0.16689
vt 0.3996 0.8657
vt 0.40293 0.86981
vt 0.76835 0.20788
vt 0.77513 0.17467
vt 0.76824 0.20599
vt 0.7742 0.17081
vt 0.76788 0.17131
vt 0.76765 0.17032
vt 0.04926 0.18417
vt 0.04927 0.18653
vt 0.05178 0.1837
vt 0.05022 0.18266
vt 0.18925 0.48888
vt 0.20355 0.48833
vt 0.19512 0.48701
vt 0.18531 0.48741
vt 0.17497 0.49053
vt 0.14187 0.4885
vt 0.14904 0.49107
vt 0.15412 0.48701
vt 0.18647 0.48004
vt 0.13015 0.49323
vt 0.15242 0.49452
vt 0.19063 0.47981
vt 0.1894 0.47942
vt 0.18675 0.47937
vt 0.17508 0.48025
vt 0.14219 0.48453
vt 0.22339 0.48225
vt 0.19222 0.47912
vt 0.22611 0.48062
vt 0.21589 0.47535
vt 0.18996 0.4785
vt 0.2049 0.47352
vt 0.14312 0.48182
vt 0.12609 0.48891
vt 0.12521 0.4966
vt 0.11762 0.49589
vt 0.09915 0.49658
vt 0.10883 0.49142
vt 0.11013 0.48748
vt 0.08848 0.49325
vt 0.37288 0.15765
vt 0.37669 0.15376
vt 0.38178 0.158
vt 0.13234 0.48293
vt 0.10952 0.48356
vt 0.09776 0.48557
vt 0.09056 0.4895
vt 0.37687 0.15029
vt 0.38216 0.1526
vt 0.39521 0.15296
vt 0.38628 0.15739
vt 0.38463 0.14685
vt 0.38491 0.14587
vt 0.37503 0.14694
vt 0.38608 0.14593
vt 0.3874 0.14667
vt 0.38672 0.14582
vt 0.38575 0.1454
vt 0.05725 0.18245
vt 0.05351 0.18164
vt 0.07266 0.17291
vt 0.07287 0.17328
vt 0.0734 0.17274
vt 0.07308 0.17259
vt 0.06 0.1772
vt 0.05412 0.17628
vt 0.0596 0.17312
vt 0.05108 0.17471
vt 0.04593 0.17514
vt 0.04842 0.17724
vt 0.05058 0.17011
vt 0.05172 0.16982
vt 0.06191 0.17059
vt 0.0686 0.16699
vt 0.05837 0.17147
vt 0.05997 0.16883
vt 0.20125 0.98331
vt 0.20475 0.98858
vt 0.18757 0.98484
vt 0.20877 0.46764
vt 0.21124 0.46532
vt 0.19672 0.46601
vt 0.49183 0.62157
vt 0.46708 0.62216
vt 0.47868 0.61849
vt 0.40386 0.15307
vt 0.40027 0.1498
vt 0.41633 0.14722
vt 0.42264 0.14739
vt 0.4204 0.14901
vt 0.41996 0.14567
vt 0.06779 0.89157
vt 0.06348 0.89155
vt 0.06097 0.89246
vt 0.24197 0.98069
vt 0.25207 0.97766
vt 0.24299 0.97807
vt 0.0405 0.8937
vt 0.04119 0.89299
vt 0.03637 0.89381
vt 0.27893 0.97531
vt 0.28413 0.97373
vt 0.4021 0.14663
vt 0.40563 0.14795
vt 0.40574 0.14563
vt 0.39686 0.14108
vt 0.39682 0.1407
vt 0.39766 0.14099
vt 0.41058 0.1418
vt 0.41578 0.14066
vt 0.4047 0.13614
vt 0.39777 0.13964
vt 0.07382 0.17262
vt 0.07358 0.17255
vt 0.07743 0.17076
vt 0.08602 0.16656
vt 0.08456 0.16618
vt 0.07776 0.16277
vt 0.07348 0.16565
vt 0.08652 0.16599
vt 0.08759 0.16636
vt 0.07132 0.16468
vt 0.06583 0.16509
vt 0.08188 0.15982
vt 0.07547 0.15899
vt 0.08488 0.1614
vt 0.09123 0.16211
vt 0.81022 0.12057
vt 0.81492 0.11516
vt 0.81267 0.1336
vt 0.0903 0.15848
vt 0.08397 0.15179
vt 0.08328 0.15336
vt 0.08579 0.15289
vt 0.80826 0.1198
vt 0.80497 0.12502
vt 0.80456 0.10595
vt 0.42852 0.1427
vt 0.4114 0.7736
vt 0.41113 0.78267
vt 0.40707 0.78614
vt 0.94301 0.70725
vt 0.9462 0.70133
vt 0.94479 0.71418
vt 0.81237 0.14457
vt 0.81556 0.13085
vt 0.80863 0.15083
vt 0.8072 0.13983
vt 0.80466 0.15705
vt 0.97023 0.72776
vt 0.97136 0.7014
vt 0.97428 0.70133
vt 0.40648 0.78694
vt 0.40667 0.7849
vt 0.40629 0.78599
vt 0.50981 0.73796
vt 0.50745 0.74728
vt 0.50802 0.73103
vt 0.79901 0.1597
vt 0.80063 0.14577
vt 0.53617 0.75498
vt 0.53467 0.74113
vt 0.53953 0.73103
vt 0.56189 0.7518
vt 0.56526 0.73103
vt 0.56607 0.75746
vt 0.40662 0.79108
vt 0.40647 0.7876
vt 0.4063 0.78848
vt 0.40633 0.78766
vt 0.42152 0.13717
vt 0.42898 0.142
vt 0.40731 0.13427
vt 0.4193 0.13172
vt 0.42644 0.13618
vt 0.4314 0.12919
vt 0.59456 0.75684
vt 0.58912 0.74776
vt 0.5965 0.73103
vt 0.08475 0.15107
vt 0.80361 0.0992
vt 0.79369 0.17766
vt 0.79791 0.18476
vt 0.61634 0.75746
vt 0.61915 0.73103
vt 0.62254 0.73663
vt 0.20736 0.50477
vt 0.21244 0.50784
vt 0.21916 0.50342
vt 0.21067 0.50153
vt 0.54996 0.63967
vt 0.5713 0.64486
vt 0.54857 0.64809
vt 0.13221 0.51417
vt 0.13467 0.51639
vt 0.15326 0.51318
vt 0.19013 0.5031
vt 0.17928 0.49982
vt 0.17126 0.50338
vt 0.18847 0.50803
vt 0.17118 0.51014
vt 0.14316 0.51026
vt 0.12903 0.51135
vt 0.13836 0.5055
vt 0.15802 0.50176
vt 0.20218 0.49654
vt 0.19005 0.49479
vt 0.16729 0.49548
vt 0.14774 0.49854
vt 0.13917 0.50226
vt 0.12981 0.49923
vt 0.10924 0.5163
vt 0.1119 0.51823
vt 0.108 0.50746
vt 0.1058 0.50585
vt 0.09819 0.50899
vt 0.10102 0.51598
vt 0.11858 0.50506
vt 0.0941 0.51565
vt 0.07627 0.51402
vt 0.05813 0.51944
vt 0.37965 0.17256
vt 0.37483 0.17668
vt 0.37549 0.17292
vt 0.3768 0.16991
vt 0.07758 0.51074
vt 0.11642 0.49868
vt 0.09616 0.50091
vt 0.0858 0.50493
vt 0.23525 0.4952
vt 0.05304 0.19692
vt 0.05709 0.20144
vt 0.05952 0.20049
vt 0.06138 0.19903
vt 0.06116 0.18944
vt 0.05259 0.19602
vt 0.06695 0.1928
vt 0.05628 0.18653
vt 0.05191 0.19627
vt 0.0512 0.19691
vt 0.05139 0.1962
vt 0.05184 0.19604
vt 0.21226 0.49199
vt 0.23517 0.49449
vt 0.22169 0.4898
vt 0.05864 0.18896
vt 0.0603 0.18807
vt 0.04787 0.19141
vt 0.22552 0.48458
vt 0.39302 0.16593
vt 0.39063 0.16683
vt 0.39146 0.16555
vt 0.39294 0.16544
vt 0.39624 0.16814
vt 0.37281 0.16162
vt 0.38208 0.16045
vt 0.37587 0.16487
vt 0.38554 0.15953
vt 0.39421 0.16573
vt 0.39535 0.16429
vt 0.39389 0.15943
vt 0.40185 0.17215
vt 0.39984 0.17237
vt 0.40411 0.17109
vt 0.40252 0.16001
vt 0.40594 0.16178
vt 0.40419 0.15967
vt 0.40096 0.15775
vt 0.077 0.19043
vt 0.07293 0.18687
vt 0.07378 0.17291
vt 0.07544 0.18541
vt 0.07318 0.18518
vt 0.07509 0.18417
vt 0.06599 0.1819
vt 0.06507 0.17973
vt 0.06979 0.18022
vt 0.08717 0.18043
vt 0.09165 0.18021
vt 0.08934 0.17553
vt 0.08167 0.18843
vt 0.08773 0.18229
vt 0.08029 0.17809
vt 0.08787 0.17401
vt 0.41903 0.16145
vt 0.41155 0.16602
vt 0.82936 0.22297
vt 0.82918 0.23225
vt 0.82388 0.23929
vt 0.42043 0.81053
vt 0.42269 0.77651
vt 0.42453 0.79844
vt 0.81701 0.22046
vt 0.82634 0.18937
vt 0.82147 0.24195
vt 0.4286 0.15285
vt 0.42294 0.16224
vt 0.42139 0.16037
vt 0.42021 0.15996
vt 0.42138 0.15972
vt 0.41289 0.15483
vt 0.41239 0.15234
vt 0.41678 0.15393
vt 0.82139 0.24556
vt 0.42282 0.16019
vt 0.81661 0.22168
vt 0.81656 0.22102
vt 0.42965 0.15415
vt 0.81487 0.22617
vt 0.08957 0.17347
vt 0.09038 0.17358
vt 0.09039 0.17257
vt 0.82829 0.10111
vt 0.82996 0.11762
vt 0.8265 0.12325
vt 0.82966 0.09062
vt 0.82862 0.08994
vt 0.82786 0.13203
vt 0.83436 0.10576
vt 0.83419 0.11556
vt 0.08749 0.16891
vt 0.08892 0.17305
vt 0.82413 0.12186
vt 0.0954 0.16722
vt 0.09507 0.16451
vt 0.82009 0.12047
vt 0.81837 0.11501
vt 0.82217 0.10713
vt 0.82481 0.13385
vt 0.42379 0.74729
vt 0.4234 0.73106
vt 0.4257 0.74028
vt 0.42241 0.77001
vt 0.4199 0.75197
vt 0.41664 0.74705
vt 0.42112 0.73241
vt 0.82613 0.18772
vt 0.82651 0.18756
vt 0.41729 0.76576
vt 0.42211 0.77232
vt 0.41518 0.79495
vt 0.82653 0.1846
vt 0.81684 0.15193
vt 0.81864 0.14094
vt 0.81881 0.15361
vt 0.41321 0.77356
vt 0.41436 0.79311
vt 0.81052 0.16423
vt 0.41044 0.75492
vt 0.41516 0.7458
vt 0.81686 0.21826
vt 0.41369 0.80081
vt 0.41495 0.79699
vt 0.21185 0.12376
vt 0.21184 0.12304
vt 0.21097 0.12389
vt 0.21123 0.12411
vt 0.05876 0.46587
vt 0.05803 0.46565
vt 0.05661 0.46596
vt 0.90264 0.40127
vt 0.90331 0.40172
vt 0.90275 0.40354
vt 0.90411 0.39938
vt 0.05469 0.46596
vt 0.05244 0.46542
vt 0.05833 0.46489
vt 0.22147 0.12086
vt 0.22386 0.12036
vt 0.22257 0.12005
vt 0.21642 0.12117
vt 0.22263 0.11909
vt 0.57376 0.13613
vt 0.55925 0.13509
vt 0.56592 0.13398
vt 0.21542 0.12113
vt 0.60537 0.43757
vt 0.59712 0.43315
vt 0.5965 0.42991
vt 0.59278 0.4286
vt 0.23577 0.11663
vt 0.2358 0.11574
vt 0.23076 0.11696
vt 0.2256 0.11935
vt 0.21979 0.11947
vt 0.57342 0.13341
vt 0.5862 0.13386
vt 0.57868 0.13561
vt 0.58216 0.41747
vt 0.57691 0.41239
vt 0.58118 0.41408
vt 0.59302 0.42697
vt 0.5582 0.13366
vt 0.56727 0.1332
vt 0.56861 0.13357
vt 0.56855 0.13291
vt 0.56659 0.13245
vt 0.59912 0.42757
vt 0.60004 0.42879
vt 0.56979 0.13255
vt 0.23805 0.11556
vt 0.58601 0.41067
vt 0.57984 0.40912
vt 0.57598 0.40673
vt 0.57432 0.41021
vt 0.26089 0.10298
vt 0.26081 0.10285
vt 0.26057 0.10292
vt 0.26058 0.10316
vt 0.26044 0.10311
vt 0.64356 0.73105
vt 0.64402 0.73132
vt 0.64452 0.73103
vt 0.68482 0.73415
vt 0.69024 0.73365
vt 0.67078 0.73103
vt 0.24999 0.09901
vt 0.25131 0.09951
vt 0.25229 0.09923
vt 0.24924 0.09975
vt 0.06451 0.44758
vt 0.05928 0.44784
vt 0.06134 0.44878
vt 0.063 0.4469
vt 0.06336 0.44565
vt 0.6113 0.12488
vt 0.6136 0.12494
vt 0.61477 0.12627
vt 0.70416 0.73247
vt 0.70121 0.73103
vt 0.69801 0.73139
vt 0.6125 0.12668
vt 0.61074 0.12653
vt 0.05832 0.44791
vt 0.60572 0.12053
vt 0.59964 0.11838
vt 0.60729 0.12057
vt 0.6034 0.1204
vt 0.26122 0.10286
vt 0.31492 0.67
vt 0.31349 0.67104
vt 0.31827 0.67277
vt 0.26317 0.1011
vt 0.57681 0.37994
vt 0.5687 0.38093
vt 0.5731 0.37846
vt 0.25317 0.09831
vt 0.26292 0.09925
vt 0.58702 0.38908
vt 0.58757 0.39754
vt 0.58751 0.39258
vt 0.55581 0.37275
vt 0.55601 0.37245
vt 0.56312 0.37453
vt 0.77451 0.23794
vt 0.77691 0.23113
vt 0.77686 0.23144
vt 0.61642 0.12592
vt 0.61925 0.12439
vt 0.30604 0.86182
vt 0.30556 0.85724
vt 0.30842 0.85731
vt 0.59031 0.38921
vt 0.6266 0.12895
vt 0.62639 0.12897
vt 0.62392 0.12716
vt 0.19066 0.52357
vt 0.19468 0.52741
vt 0.2175 0.52129
vt 0.19846 0.51803
vt 0.11855 0.53173
vt 0.11116 0.53634
vt 0.12145 0.53556
vt 0.14778 0.53068
vt 0.1702 0.52165
vt 0.1629 0.51932
vt 0.15655 0.52207
vt 0.16002 0.52857
vt 0.1539 0.52923
vt 0.1237 0.52845
vt 0.11502 0.52904
vt 0.12056 0.52587
vt 0.14852 0.52043
vt 0.19462 0.51541
vt 0.17422 0.51489
vt 0.14047 0.5168
vt 0.1339 0.51753
vt 0.12109 0.52149
vt 0.10903 0.51917
vt 0.09471 0.53447
vt 0.093 0.52587
vt 0.09066 0.52428
vt 0.07819 0.52849
vt 0.0889 0.53356
vt 0.09928 0.52384
vt 0.36101 0.19117
vt 0.36205 0.18638
vt 0.36728 0.18938
vt 0.36754 0.19074
vt 0.37015 0.1894
vt 0.36776 0.18719
vt 0.10552 0.51917
vt 0.07789 0.52135
vt 0.06766 0.5239
vt 0.2311 0.52026
vt 0.22903 0.51848
vt 0.23708 0.51251
vt 0.25488 0.51417
vt 0.20977 0.51485
vt 0.24873 0.50965
vt 0.21734 0.51052
vt 0.05725 0.21274
vt 0.05633 0.20907
vt 0.0504 0.21163
vt 0.04982 0.21636
vt 0.04564 0.2174
vt 0.04752 0.21863
vt 0.04407 0.21297
vt 0.04858 0.20923
vt 0.04947 0.20685
vt 0.05334 0.20709
vt 0.23752 0.50521
vt 0.22092 0.50876
vt 0.24822 0.50665
vt 0.17292 0.51256
vt 0.20722 0.51074
vt 0.21096 0.50986
vt 0.17684 0.51127
vt 0.38553 0.18981
vt 0.38097 0.18407
vt 0.36535 0.18125
vt 0.37876 0.18303
vt 0.09724 0.51746
vt 0.58497 0.63531
vt 0.57286 0.63594
vt 0.58415 0.6337
vt 0.6244 0.62323
vt 0.60512 0.63842
vt 0.3613 0.17936
vt 0.37411 0.17728
vt 0.37468 0.17716
vt 0.37633 0.17865
vt 0.39101 0.18356
vt 0.40249 0.18391
vt 0.39946 0.18569
vt 0.39696 0.18042
vt 0.09784 0.5169
vt 0.37839 0.1772
vt 0.38161 0.1832
vt 0.38273 0.18363
vt 0.38256 0.18299
vt 0.39165 0.1776
vt 0.39279 0.17741
vt 0.39083 0.17687
vt 0.06347 0.20952
vt 0.06031 0.20549
vt 0.06707 0.20639
vt 0.06621 0.20296
vt 0.06997 0.20802
vt 0.05879 0.202
vt 0.06127 0.20066
vt 0.04494 0.20461
vt 0.07489 0.20295
vt 0.07891 0.20423
vt 0.0831 0.20125
vt 0.07543 0.19777
vt 0.07393 0.19753
vt 0.0748 0.19713
vt 0.07386 0.1969
vt 0.40631 0.18148
vt 0.17018 0.72991
vt 0.1701 0.72992
vt 0.17 0.72967
vt 0.84503 0.26317
vt 0.84528 0.26189
vt 0.84531 0.26273
vt 0.41817 0.17302
vt 0.4188 0.17287
vt 0.41954 0.17397
vt 0.41672 0.17426
vt 0.41805 0.17248
vt 0.41313 0.17275
vt 0.4168 0.18406
vt 0.41117 0.1789
vt 0.40956 0.17833
vt 0.41097 0.17806
vt 0.40198 0.17268
vt 0.40287 0.17249
vt 0.41337 0.17874
vt 0.08893 0.20014
vt 0.08683 0.19816
vt 0.07593 0.19693
vt 0.07582 0.19601
vt 0.08691 0.19341
vt 0.09365 0.19693
vt 0.44392 0.70504
vt 0.44288 0.71151
vt 0.44206 0.70821
vt 0.09491 0.19479
vt 0.09387 0.18781
vt 0.44209 0.73937
vt 0.44054 0.7356
vt 0.44265 0.7341
vt 0.44107 0.71648
vt 0.08249 0.19051
vt 0.09403 0.18765
vt 0.09381 0.18763
vt 0.43646 0.70629
vt 0.43635 0.70549
vt 0.43649 0.70498
vt 0.43749 0.73089
vt 0.43659 0.73912
vt 0.43279 0.73236
vt 0.42969 0.71266
vt 0.4301 0.70319
vt 0.43596 0.70558
vt 0.43108 0.72823
vt 0.43635 0.70492
vt 0.43185 0.73204
vt 0.43066 0.73399
vt 0.43756 0.76106
vt 0.43699 0.76195
vt 0.43733 0.75754
vt 0.4372 0.76657
vt 0.43558 0.76036
vt 0.43506 0.80318
vt 0.4342 0.79495
vt 0.4361 0.7937
vt 0.42931 0.81614
vt 0.83144 0.22272
vt 0.42795 0.77791
vt 0.42608 0.79825
vt 0.43097 0.78818
vt 0.42837 0.81726
vt 0.42264 0.16659
vt 0.43001 0.75717
vt 0.43145 0.75565
vt 0.43073 0.76065
vt 0.43147 0.7396
vt 0.43047 0.76791
vt 0.42963 0.76399
vt 0.42276 0.77064
vt 0.42607 0.74856
vt 0.82677 0.18812
vt 0.8269 0.19337
vt 0.42826 0.71159
vt 0.42814 0.71886
vt 0.827 0.18546
vt 0.21327 0.12383
vt 0.21197 0.12415
vt 0.90433 0.40276
vt 0.90492 0.40555
vt 0.9035 0.40436
vt 0.72523 0.73285
vt 0.73115 0.73554
vt 0.74329 0.73103
vt 0.75312 0.73117
vt 0.75245 0.73285
vt 0.77052 0.73103
vt 0.78506 0.73264
vt 0.78778 0.73103
vt 0.77967 0.73125
vt 0.80859 0.73103
vt 0.80689 0.73233
vt 0.81398 0.73242
vt 0.2363 0.12118
vt 0.23812 0.1214
vt 0.23701 0.12041
vt 0.22435 0.12116
vt 0.92101 0.41548
vt 0.91691 0.41656
vt 0.92912 0.42958
vt 0.921 0.41258
vt 0.92334 0.41533
vt 0.84878 0.73371
vt 0.84286 0.73103
vt 0.83412 0.73287
vt 0.87982 0.73381
vt 0.86134 0.73103
vt 0.87328 0.73471
vt 0.23911 0.1201
vt 0.25038 0.12234
vt 0.24872 0.11698
vt 0.88856 0.73103
vt 0.89051 0.7343
vt 0.90304 0.73144
vt 0.60475 0.14422
vt 0.59691 0.14818
vt 0.59313 0.14441
vt 0.93494 0.42468
vt 0.9383 0.43361
vt 0.93226 0.42752
vt 0.23807 0.11942
vt 0.24812 0.11667
vt 0.58951 0.13524
vt 0.57588 0.13667
vt 0.57657 0.13661
vt 0.57821 0.13761
vt 0.57741 0.13642
vt 0.5765 0.13612
vt 0.59243 0.13823
vt 0.60147 0.1422
vt 0.58952 0.14113
vt 0.59596 0.1376
vt 0.51421 0.39675
vt 0.52148 0.39934
vt 0.50825 0.40496
vt 0.25118 0.12374
vt 0.25465 0.12137
vt 0.2588 0.12093
vt 0.258 0.12243
vt 0.26127 0.11973
vt 0.25175 0.11675
vt 0.25055 0.1162
vt 0.25011 0.11671
vt 0.91617 0.75616
vt 0.91578 0.73249
vt 0.91895 0.73103
vt 0.9432 0.73515
vt 0.94643 0.73103
vt 0.94301 0.74235
vt 0.55392 0.398
vt 0.55753 0.39781
vt 0.55548 0.399
vt 0.97317 0.73103
vt 0.97339 0.74386
vt 0.97023 0.74533
vt 0.24931 0.11647
vt 0.24939 0.11613
vt 0.55697 0.40007
vt 0.55374 0.40057
vt 0.55899 0.39887
vt 0.56937 0.3992
vt 0.27468 0.11294
vt 0.27055 0.10806
vt 0.2687 0.11251
vt 0.52977 0.76072
vt 0.50745 0.76142
vt 0.51147 0.76378
vt 0.54489 0.76309
vt 0.5407 0.76072
vt 0.53467 0.76245
vt 0.56189 0.76072
vt 0.56345 0.76376
vt 0.57211 0.76136
vt 0.58912 0.76435
vt 0.59442 0.76394
vt 0.59171 0.76072
vt 0.26347 0.10425
vt 0.26081 0.10344
vt 0.61742 0.761
vt 0.61684 0.76072
vt 0.61634 0.76102
vt 0.65261 0.76088
vt 0.64356 0.76072
vt 0.64707 0.76259
vt 0.67371 0.76072
vt 0.67078 0.76239
vt 0.67729 0.76662
vt 0.60262 0.13843
vt 0.59891 0.13579
vt 0.62322 0.1381
vt 0.62737 0.13688
vt 0.62992 0.13998
vt 0.71327 0.7638
vt 0.71134 0.76072
vt 0.69801 0.76297
vt 0.62548 0.14083
vt 0.62204 0.13968
vt 0.73312 0.76072
vt 0.72523 0.76176
vt 0.73662 0.76259
vt 0.61419 0.12811
vt 0.6117 0.12836
vt 0.61665 0.12744
vt 0.28183 0.11002
vt 0.28254 0.10719
vt 0.7835 0.21848
vt 0.78599 0.21621
vt 0.78546 0.22029
vt 0.39507 0.78541
vt 0.39487 0.79877
vt 0.39209 0.79343
vt 0.26907 0.10752
vt 0.27183 0.10334
vt 0.27262 0.10227
vt 0.27233 0.10225
vt 0.27339 0.10245
vt 0.27258 0.10216
vt 0.27302 0.10216
vt 0.77703 0.23092
vt 0.77708 0.23071
vt 0.7775 0.23014
vt 0.39215 0.81193
vt 0.3917 0.79645
vt 0.3943 0.80381
vt 0.63556 0.13906
vt 0.63536 0.13657
vt 0.62146 0.13288
vt 0.62637 0.12912
vt 0.77698 0.2322
vt 0.77693 0.23186
vt 0.62666 0.12906
vt 0.15123 0.54598
vt 0.13084 0.54703
vt 0.13091 0.54809
vt 0.1493 0.53954
vt 0.1599 0.54154
vt 0.15366 0.53908
vt 0.12584 0.54792
vt 0.10028 0.55629
vt 0.12373 0.54644
vt 0.15108 0.53878
vt 0.14778 0.53893
vt 0.13988 0.54048
vt 0.09381 0.54947
vt 0.08854 0.54677
vt 0.08301 0.55043
vt 0.09944 0.55624
vt 0.09616 0.54965
vt 0.09112 0.55061
vt 0.09938 0.54832
vt 0.20933 0.53566
vt 0.207 0.53756
vt 0.22235 0.53596
vt 0.20116 0.53663
vt 0.21584 0.53408
vt 0.18408 0.54151
vt 0.20191 0.53365
vt 0.05234 0.23248
vt 0.05052 0.22739
vt 0.04791 0.23164
vt 0.26437 0.53078
vt 0.24859 0.53029
vt 0.24923 0.53388
vt 0.24003 0.53717
vt 0.23397 0.52784
vt 0.22725 0.52246
vt 0.25716 0.52355
vt 0.20466 0.52922
vt 0.17713 0.5442
vt 0.17144 0.54433
vt 0.11269 0.54387
vt 0.15243 0.53434
vt 0.16133 0.53698
vt 0.18975 0.53081
vt 0.15565 0.52991
vt 0.11495 0.54041
vt 0.0843 0.54423
vt 0.08162 0.54464
vt 0.08191 0.54392
vt 0.37837 0.20742
vt 0.37799 0.20827
vt 0.37093 0.20807
vt 0.36016 0.20732
vt 0.35771 0.20214
vt 0.36959 0.20387
vt 0.08791 0.54292
vt 0.35791 0.19311
vt 0.3649 0.19676
vt 0.35769 0.20146
vt 0.36866 0.20026
vt 0.3781 0.20253
vt 0.37841 0.19682
vt 0.08548 0.53504
vt 0.07824 0.53347
vt 0.37782 0.19598
vt 0.38002 0.20813
vt 0.38471 0.20607
vt 0.37957 0.19613
vt 0.38357 0.19802
vt 0.38086 0.19589
vt 0.37912 0.19538
vt 0.06047 0.22803
vt 0.06268 0.22728
vt 0.0621 0.22692
vt 0.05711 0.22633
vt 0.06057 0.22156
vt 0.05104 0.22518
vt 0.04864 0.22582
vt 0.04076 0.22221
vt 0.04979 0.22458
vt 0.05982 0.22008
vt 0.07391 0.22167
vt 0.07191 0.21621
vt 0.06088 0.22014
vt 0.06424 0.22616
vt 0.06009 0.2202
vt 0.06028 0.21997
vt 0.06769 0.21398
vt 0.05993 0.21965
vt 0.39742 0.20256
vt 0.39118 0.20243
vt 0.39407 0.20059
vt 0.41105 0.19666
vt 0.41729 0.19719
vt 0.41246 0.20002
vt 0.41309 0.1935
vt 0.40496 0.18618
vt 0.39666 0.19538
vt 0.4023 0.19742
vt 0.40193 0.19437
vt 0.39125 0.1914
vt 0.39088 0.18937
vt 0.39557 0.19062
vt 0.40782 0.19076
vt 0.41041 0.19014
vt 0.08097 0.21823
vt 0.07035 0.21488
vt 0.0739 0.21422
vt 0.0847 0.2149
vt 0.08334 0.21111
vt 0.09047 0.21662
vt 0.07157 0.21349
vt 0.07907 0.20891
vt 0.09156 0.21113
vt 0.09371 0.21514
vt 0.10043 0.20865
vt 0.09008 0.20708
vt 0.08876 0.20597
vt 0.45111 0.70578
vt 0.44883 0.71338
vt 0.44823 0.71178
vt 0.09771 0.20737
vt 0.09136 0.20556
vt 0.44793 0.71423
vt 0.08971 0.20398
vt 0.44776 0.71281
vt 0.44784 0.7096
vt 0.42396 0.19155
vt 0.86159 0.21893
vt 0.86082 0.24349
vt 0.85313 0.25505
vt 0.41705 0.1843
vt 0.41706 0.18435
vt 0.41693 0.18431
vt 0.41684 0.1845
vt 0.84538 0.26239
vt 0.84535 0.2628
vt 0.41942 0.18655
vt 0.41716 0.18434
vt 0.44778 0.78253
vt 0.4444 0.78262
vt 0.44904 0.75352
vt 0.44288 0.76091
vt 0.44552 0.7568
vt 0.4425 0.76499
vt 0.85303 0.25414
vt 0.85595 0.20163
vt 0.86046 0.2015
vt 0.85289 0.2555
vt 0.85278 0.25487
vt 0.44047 0.79579
vt 0.44227 0.76304
vt 0.44116 0.76942
vt 0.43709 0.79799
vt 0.43643 0.82727
vt 0.85307 0.25739
vt 0.85289 0.25602
vt 0.42418 0.19121
vt 0.42437 0.19128
vt 0.42435 0.19118
vt 0.8528 0.25593
vt 0.84775 0.2606
vt 0.10182 0.20831
vt 0.10139 0.20796
vt 0.10062 0.20445
vt 0.45485 0.69882
vt 0.45501 0.69654
vt 0.45536 0.69653
vt 0.45223 0.71767
vt 0.4499 0.7274
vt 0.44634 0.73688
vt 0.44897 0.74501
vt 0.45215 0.72513
vt 0.09809 0.20141
vt 0.75245 0.78703
vt 0.7573 0.76072
vt 0.75559 0.78715
vt 0.44342 0.73677
vt 0.44919 0.74949
vt 0.44973 0.74686
vt 0.78025 0.76072
vt 0.7834 0.76084
vt 0.77967 0.78715
vt 0.04599 0.50104
vt 0.04133 0.50083
vt 0.04055 0.50128
vt 0.04128 0.50153
vt 0.03926 0.50149
vt 0.03956 0.50175
vt 0.02558 0.50182
vt 0.03784 0.50101
vt 0.04073 0.9081
vt 0.03334 0.90918
vt 0.0422 0.90854
vt 0.04552 0.90803
vt 0.05557 0.90485
vt 0.0405 0.90684
vt 0.03293 0.90866
vt 0.61512 0.42357
vt 0.61726 0.42423
vt 0.61271 0.42537
vt 0.56903 0.16803
vt 0.56855 0.16818
vt 0.5691 0.16777
vt 0.23453 0.14664
vt 0.23466 0.14413
vt 0.23271 0.14538
vt 0.62121 0.41547
vt 0.60197 0.41739
vt 0.01648 0.49714
vt 0.0261 0.49566
vt 0.01573 0.49322
vt 0.02948 0.49446
vt 0.23626 0.14472
vt 0.80681 0.30713
vt 0.80946 0.29575
vt 0.80743 0.31562
vt 0.23632 0.1433
vt 0.64136 0.41461
vt 0.62757 0.41412
vt 0.63169 0.41173
vt 0.00873 0.49623
vt 0.02176 0.50168
vt 0.57204 0.16668
vt 0.57734 0.16458
vt 0.57696 0.16421
vt 0.57747 0.16452
vt 0.57774 0.1639
vt 0.57756 0.16459
vt 0.57517 0.15939
vt 0.57916 0.16013
vt 0.57447 0.16171
vt 0.80847 0.32486
vt 0.81454 0.29154
vt 0.80782 0.32469
vt 0.80841 0.32558
vt 0.80426 0.31931
vt 0.28513 0.71014
vt 0.28502 0.71014
vt 0.28521 0.70951
vt 0.57763 0.16453
vt 0.64368 0.41019
vt 0.11488 0.89644
vt 0.0975 0.90021
vt 0.11977 0.89841
vt 0.24175 0.1413
vt 0.23868 0.14547
vt 0.24331 0.14352
vt 0.24687 0.14216
vt 0.25433 0.13509
vt 0.25179 0.13629
vt 0.25509 0.13572
vt 0.08448 0.89736
vt 0.09037 0.9005
vt 0.10356 0.89578
vt 0.06539 0.90239
vt 0.05733 0.89881
vt 0.0633 0.90213
vt 0.07018 0.89739
vt 0.08525 0.89379
vt 0.04573 0.90256
vt 0.06335 0.90274
vt 0.09223 0.89371
vt 0.08802 0.89318
vt 0.08553 0.89322
vt 0.07858 0.89373
vt 0.05789 0.89638
vt 0.43065 0.41035
vt 0.45874 0.40189
vt 0.46383 0.41371
vt 0.24012 0.13927
vt 0.24463 0.1339
vt 0.24896 0.13148
vt 0.26042 0.13095
vt 0.25913 0.12837
vt 0.46358 0.41743
vt 0.45746 0.41952
vt 0.45815 0.41652
vt 0.46453 0.41623
vt 0.08728 0.89279
vt 0.47155 0.41446
vt 0.46731 0.41673
vt 0.08253 0.89255
vt 0.05709 0.89484
vt 0.05083 0.89878
vt 0.04146 0.90414
vt 0.03924 0.90358
vt 0.02604 0.90366
vt 0.03813 0.90049
vt 0.03982 0.89821
vt 0.5869 0.16125
vt 0.58883 0.15789
vt 0.59384 0.15824
vt 0.59793 0.1608
vt 0.05039 0.89535
vt 0.03656 0.89531
vt 0.02724 0.89694
vt 0.59053 0.15462
vt 0.59547 0.15138
vt 0.59719 0.15405
vt 0.51791 0.3868
vt 0.5337 0.38541
vt 0.52517 0.39031
vt 0.40737 0.77318
vt 0.4086 0.77668
vt 0.40653 0.7817
vt 0.60815 0.15697
vt 0.61336 0.15712
vt 0.60985 0.15882
vt 0.6103 0.15433
vt 0.81003 0.77167
vt 0.80689 0.7745
vt 0.81094 0.76072
vt 0.0476 0.89352
vt 0.83726 0.76072
vt 0.83447 0.76649
vt 0.83412 0.76356
vt 0.86911 0.76431
vt 0.86788 0.76072
vt 0.86134 0.76163
vt 0.60609 0.15193
vt 0.60752 0.15028
vt 0.25612 0.13545
vt 0.25566 0.13523
vt 0.25604 0.13463
vt 0.2593 0.13373
vt 0.48684 0.39064
vt 0.47988 0.39231
vt 0.48175 0.38906
vt 0.44641 0.39656
vt 0.48484 0.39184
vt 0.49092 0.39721
vt 0.49153 0.40669
vt 0.47065 0.40145
vt 0.4454 0.39262
vt 0.45759 0.38041
vt 0.49007 0.36985
vt 0.27645 0.12071
vt 0.27913 0.12066
vt 0.27725 0.12027
vt 0.27702 0.12022
vt 0.27715 0.12016
vt 0.16324 0.67
vt 0.16323 0.67009
vt 0.16333 0.67004
vt 0.88874 0.76072
vt 0.88856 0.7608
vt 0.88903 0.76079
vt 0.91625 0.76072
vt 0.91578 0.76074
vt 0.9159 0.76114
vt 0.94314 0.76126
vt 0.94301 0.76072
vt 0.94306 0.76133
vt 0.48671 0.38821
vt 0.52176 0.38026
vt 0.62524 0.15665
vt 0.62061 0.15142
vt 0.55035 0.37785
vt 0.99255 0.76324
vt 0.98739 0.76072
vt 0.97023 0.76431
vt 0.50753 0.79517
vt 0.51027 0.79042
vt 0.50745 0.81685
vt 0.53467 0.79235
vt 0.55579 0.7919
vt 0.54085 0.79042
vt 0.56549 0.80507
vt 0.56189 0.80767
vt 0.56448 0.79042
vt 0.59066 0.79235
vt 0.59683 0.79042
vt 0.58912 0.79048
vt 0.61634 0.79535
vt 0.62134 0.79042
vt 0.61656 0.80818
vt 0.64717 0.81642
vt 0.64356 0.80818
vt 0.64834 0.79042
vt 0.67511 0.79042
vt 0.67078 0.79131
vt 0.67666 0.79229
vt 0.10069 0.4752
vt 0.10071 0.47519
vt 0.1007 0.47519
vt 0.61366 0.1456
vt 0.49173 0.36955
vt 0.52021 0.36385
vt 0.49755 0.36987
vt 0.69801 0.79042
vt 0.71235 0.79105
vt 0.71298 0.79064
vt 0.74016 0.79042
vt 0.73957 0.79131
vt 0.72523 0.79068
vt 0.28179 0.11886
vt 0.28871 0.12085
vt 0.28591 0.11718
vt 0.75245 0.79526
vt 0.76017 0.7952
vt 0.76229 0.79042
vt 0.28481 0.11381
vt 0.78294 0.79412
vt 0.79181 0.79407
vt 0.77967 0.79042
vt 0.80981 0.79047
vt 0.80689 0.79499
vt 0.81868 0.79042
vt 0.83905 0.79042
vt 0.83412 0.79088
vt 0.84232 0.79412
vt 0.6206 0.15142
vt 0.62062 0.15142
vt 0.62062 0.15142
vt 0.62062 0.15142
vt 0.62062 0.15142
vt 0.62074 0.15142
vt 0.63933 0.15115
vt 0.63132 0.1477
vt 0.63767 0.14731
vt 0.63024 0.14396
vt 0.62493 0.14319
vt 0.63763 0.14294
vt 0.27725 0.12015
vt 0.2772 0.12011
vt 0.27704 0.12013
vt 0.8616 0.79094
vt 0.86134 0.79042
vt 0.86147 0.79096
vt 0.8047 0.15766
vt 0.80543 0.16004
vt 0.80458 0.15845
vt 0.28914 0.12079
vt 0.28796 0.12137
vt 0.28977 0.12006
vt 0.80374 0.16014
vt 0.80464 0.15768
vt 0.39901 0.78181
vt 0.39895 0.79635
vt 0.40193 0.7819
vt 0.4001 0.79969
vt 0.30678 0.11034
vt 0.30676 0.11023
vt 0.30659 0.11029
vt 0.30618 0.11077
vt 0.30454 0.11127
vt 0.8909 0.79226
vt 0.88856 0.79417
vt 0.90121 0.79042
vt 0.92007 0.79226
vt 0.93038 0.79042
vt 0.91578 0.79219
vt 0.3 0.10359
vt 0.30089 0.10649
vt 0.30252 0.10537
vt 0.94926 0.79042
vt 0.94301 0.79406
vt 0.95163 0.79329
vt 0.97888 0.79042
vt 0.97026 0.79119
vt 0.97023 0.79716
vt 0.5137 0.82243
vt 0.51452 0.82012
vt 0.50745 0.82606
vt 0.7967 0.22466
vt 0.79952 0.23176
vt 0.79554 0.23201
vt 0.65159 0.14923
vt 0.6406 0.1514
vt 0.64733 0.14862
vt 0.39924 0.80513
vt 0.78979 0.24369
vt 0.78606 0.24118
vt 0.78893 0.23023
vt 0.65693 0.14344
vt 0.65975 0.14339
vt 0.65998 0.14555
vt 0.65571 0.14686
vt 0.65136 0.14713
vt 0.54121 0.82012
vt 0.53467 0.82082
vt 0.54118 0.82609
vt 0.6548 0.14078
vt 0.65298 0.13526
vt 0.65826 0.13909
vt 0.65308 0.14063
vt 0.30697 0.11026
vt 0.30694 0.11018
vt 0.78806 0.21865
vt 0.79587 0.20191
vt 0.79389 0.20902
vt 0.30704 0.11027
vt 0.30363 0.1035
vt 0.30487 0.10493
vt 0.54065 0.34117
vt 0.53622 0.34687
vt 0.53729 0.34543
vt 0.79401 0.21207
vt 0.79464 0.20835
vt 0.79162 0.21554
vt 0.79402 0.2142
vt 0.5472 0.34
vt 0.78612 0.21974
vt 0.7861 0.22656
vt 0.2514 0.55105
vt 0.24623 0.54493
vt 0.23002 0.55087
vt 0.22911 0.55418
vt 0.1999 0.55559
vt 0.19912 0.56053
vt 0.18595 0.55682
vt 0.19032 0.55417
vt 0.20579 0.54535
vt 0.21232 0.54829
vt 0.24015 0.54406
vt 0.19097 0.5495
vt 0.17732 0.54535
vt 0.14657 0.56374
vt 0.17342 0.56293
vt 0.16567 0.56008
vt 0.14076 0.56173
vt 0.13629 0.56469
vt 0.09839 0.56356
vt 0.10748 0.56524
vt 0.12077 0.56086
vt 0.14014 0.55696
vt 0.09132 0.56667
vt 0.10872 0.56895
vt 0.17431 0.55596
vt 0.16174 0.5527
vt 0.14251 0.55286
vt 0.09984 0.55649
vt 0.09959 0.55654
vt 0.17149 0.545
vt 0.16767 0.54638
vt 0.09959 0.5565
vt 0.07438 0.56381
vt 0.10069 0.56948
vt 0.07382 0.56954
vt 0.0612 0.5702
vt 0.06611 0.56561
vt 0.06525 0.56309
vt 0.04125 0.56848
vt 0.0461 0.57227
vt 0.09946 0.55651
vt 0.06752 0.55738
vt 0.04607 0.56047
vt 0.03581 0.56666
vt 0.35887 0.22212
vt 0.35815 0.21987
vt 0.36045 0.221
vt 0.37933 0.221
vt 0.36796 0.22668
vt 0.36125 0.21849
vt 0.02779 0.94647
vt 0.02769 0.94631
vt 0.0277 0.94648
vt 0.05837 0.55363
vt 0.05725 0.55269
vt 0.04776 0.55474
vt 0.36104 0.2094
vt 0.36585 0.21152
vt 0.36168 0.21347
vt 0.36662 0.21364
vt 0.37693 0.2193
vt 0.37112 0.21292
vt 0.05637 0.24308
vt 0.06057 0.2465
vt 0.06476 0.24134
vt 0.06126 0.23951
vt 0.26799 0.54834
vt 0.29488 0.54642
vt 0.2879 0.54229
vt 0.25231 0.54336
vt 0.24761 0.54329
vt 0.25584 0.54149
vt 0.27809 0.5393
vt 0.27079 0.53823
vt 0.25946 0.53741
vt 0.21346 0.54148
vt 0.24562 0.54274
vt 0.05219 0.24161
vt 0.05144 0.24534
vt 0.05455 0.23926
vt 0.06161 0.23549
vt 0.27802 0.5373
vt 0.0487 0.23905
vt 0.05216 0.24003
vt 0.05296 0.23777
vt 0.05894 0.23372
vt 0.38283 0.221
vt 0.38071 0.22011
vt 0.0594 0.55168
vt 0.3595 0.20809
vt 0.87428 0.31049
vt 0.87751 0.27649
vt 0.87909 0.30778
vt 0.8707 0.29987
vt 0.39412 0.20616
vt 0.38446 0.21353
vt 0.39153 0.21619
vt 0.39092 0.21258
vt 0.38011 0.20888
vt 0.38216 0.20867
vt 0.39577 0.21482
vt 0.39778 0.21058
vt 0.3957 0.20978
vt 0.39789 0.20934
vt 0.07398 0.23958
vt 0.06791 0.23771
vt 0.0745 0.23495
vt 0.06724 0.23424
vt 0.07542 0.22949
vt 0.06466 0.23319
vt 0.07532 0.2288
vt 0.07792 0.22784
vt 0.07749 0.22888
vt 0.08056 0.22903
vt 0.07969 0.23743
vt 0.08289 0.23348
vt 0.07644 0.22853
vt 0.08934 0.23053
vt 0.08816 0.23161
vt 0.47423 0.67614
vt 0.47373 0.68297
vt 0.47287 0.68288
vt 0.47141 0.69908
vt 0.09023 0.2285
vt 0.09511 0.22955
vt 0.07568 0.22774
vt 0.08694 0.2236
vt 0.0816 0.22191
vt 0.88265 0.17822
vt 0.88332 0.17218
vt 0.88305 0.17764
vt 0.88249 0.17771
vt 0.87169 0.27782
vt 0.87837 0.26814
vt 0.87183 0.2747
vt 0.8712 0.27814
vt 0.41407 0.21002
vt 0.41343 0.21041
vt 0.41278 0.21001
vt 0.87118 0.2778
vt 0.41393 0.20972
vt 0.87081 0.27899
vt 0.88236 0.18439
vt 0.88234 0.17944
vt 0.88105 0.18044
vt 0.8796 0.22472
vt 0.8799 0.23161
vt 0.8673 0.25069
vt 0.87493 0.22542
vt 0.86438 0.25499
vt 0.86882 0.22091
vt 0.86466 0.27223
vt 0.40668 0.20425
vt 0.40917 0.20332
vt 0.40651 0.20194
vt 0.41518 0.20335
vt 0.47059 0.70735
vt 0.4699 0.70581
vt 0.09324 0.22284
vt 0.09164 0.21801
vt 0.09326 0.2168
vt 0.09407 0.21759
vt 0.09432 0.21634
vt 0.46173 0.68629
vt 0.46222 0.68343
vt 0.46261 0.68727
vt 0.46375 0.70787
vt 0.46636 0.6916
vt 0.46994 0.71024
vt 0.46727 0.73358
vt 0.46331 0.72057
vt 0.46053 0.71664
vt 0.46487 0.76081
vt 0.46473 0.7396
vt 0.46722 0.73818
vt 0.87809 0.13796
vt 0.88313 0.14355
vt 0.87709 0.15288
vt 0.46096 0.73545
vt 0.45832 0.71448
vt 0.46111 0.6937
vt 0.45733 0.72806
vt 0.87466 0.14959
vt 0.45597 0.70066
vt 0.45536 0.69849
vt 0.45573 0.6966
vt 0.45553 0.71819
vt 0.45329 0.72688
vt 0.4534 0.71972
vt 0.87058 0.14606
vt 0.87323 0.12798
vt 0.45534 0.74146
vt 0.45035 0.74657
vt 0.87162 0.19559
vt 0.8736 0.17607
vt 0.87218 0.20282
vt 0.87009 0.19356
vt 0.87031 0.2025
vt 0.86448 0.19348
vt 0.8694 0.16269
vt 0.86825 0.20751
vt 0.85746 0.27783
vt 0.45008 0.75124
vt 0.44968 0.74955
vt 0.86354 0.15926
vt 0.45571 0.69344
vt 0.08687 0.91588
vt 0.08188 0.91856
vt 0.09469 0.91778
vt 0.10344 0.91597
vt 0.26244 0.49864
vt 0.24106 0.49606
vt 0.23123 0.49929
vt 0.23181 0.50273
vt 0.11517 0.91305
vt 0.11478 0.91091
vt 0.09865 0.91309
vt 0.08456 0.91405
vt 0.12128 0.9089
vt 0.10043 0.91005
vt 0.05869 0.91772
vt 0.06361 0.91829
vt 0.06468 0.91722
vt 0.0576 0.91856
vt 0.05875 0.91493
vt 0.11071 0.50987
vt 0.11082 0.50989
vt 0.11081 0.50986
vt 0.11069 0.50988
vt 0.03521 0.91749
vt 0.04576 0.92067
vt 0.11069 0.50984
vt 0.03521 0.91748
vt 0.03561 0.91738
vt 0.03513 0.91747
vt 0.06078 0.91264
vt 0.06081 0.91191
vt 0.05805 0.91276
vt 0.09233 0.91013
vt 0.05421 0.91256
vt 0.08538 0.90933
vt 0.07189 0.90876
vt 0.06056 0.90925
vt 0.03961 0.91105
vt 0.03284 0.91345
vt 0.02225 0.91155
vt 0.11063 0.50987
vt 0.03512 0.91749
vt 0.03509 0.91748
vt 0.03066 0.91814
vt 0.55812 0.1772
vt 0.56029 0.17709
vt 0.55638 0.18432
vt 0.07648 0.50744
vt 0.08762 0.50553
vt 0.07598 0.50578
vt 0.06977 0.50669
vt 0.06962 0.50778
vt 0.55625 0.18463
vt 0.55333 0.18255
vt 0.55636 0.18456
vt 0.55756 0.18431
vt 0.57201 0.181
vt 0.57273 0.18139
vt 0.57351 0.181
vt 0.56753 0.17489
vt 0.01988 0.91479
vt 0.0912 0.50033
vt 0.07744 0.50037
vt 0.07843 0.50293
vt 0.04112 0.5065
vt 0.56905 0.17398
vt 0.5705 0.17469
vt 0.57088 0.17349
vt 0.56707 0.17391
vt 0.56874 0.16834
vt 0.22343 0.16754
vt 0.23192 0.16446
vt 0.22948 0.16282
vt 0.22684 0.16243
vt 0.2294 0.15707
vt 0.25868 0.49309
vt 0.24003 0.49238
vt 0.09686 0.90891
vt 0.12059 0.90661
vt 0.10377 0.9054
vt 0.1346 0.90321
vt 0.24327 0.15749
vt 0.24163 0.15245
vt 0.23097 0.15622
vt 0.23609 0.16091
vt 0.22915 0.15636
vt 0.26122 0.48691
vt 0.26279 0.48701
vt 0.26108 0.48646
vt 0.23443 0.48306
vt 0.26574 0.48267
vt 0.1169 0.90081
vt 0.10564 0.90408
vt 0.1345 0.90293
vt 0.09353 0.90117
vt 0.07088 0.90805
vt 0.08855 0.90677
vt 0.09763 0.90496
vt 0.07486 0.90556
vt 0.09063 0.90105
vt 0.08981 0.90137
vt 0.06428 0.90303
vt 0.06456 0.90283
vt 0.06309 0.90296
vt 0.58522 0.17966
vt 0.58345 0.17938
vt 0.58427 0.17877
vt 0.83193 0.24112
vt 0.83038 0.24481
vt 0.83153 0.23795
vt 0.83128 0.25975
vt 0.58315 0.17824
vt 0.5845 0.1775
vt 0.57485 0.1802
vt 0.57431 0.18109
vt 0.82397 0.27392
vt 0.83 0.27539
vt 0.82228 0.29013
vt 0.83111 0.27407
vt 0.55037 0.4297
vt 0.58142 0.42939
vt 0.56799 0.43335
vt 0.30616 0.87457
vt 0.27387 0.87747
vt 0.29829 0.873
vt 0.33 0.87589
vt 0.31857 0.87255
vt 0.81899 0.28789
vt 0.82313 0.26188
vt 0.59046 0.17309
vt 0.60001 0.17235
vt 0.60057 0.17644
vt 0.58746 0.17866
vt 0.58329 0.17295
vt 0.58669 0.17017
vt 0.04072 0.90466
vt 0.03835 0.90483
vt 0.03521 0.90589
vt 0.57137 0.41553
vt 0.57866 0.41821
vt 0.54624 0.42193
vt 0.81533 0.27399
vt 0.81672 0.28404
vt 0.57353 0.17417
vt 0.57746 0.16471
vt 0.81633 0.29963
vt 0.81593 0.29503
vt 0.57762 0.16461
vt 0.80852 0.32537
vt 0.80844 0.32598
vt 0.24803 0.15527
vt 0.25928 0.15258
vt 0.258 0.14992
vt 0.25497 0.15389
vt 0.23951 0.1507
vt 0.24592 0.1495
vt 0.2544 0.14897
vt 0.25393 0.14765
vt 0.24195 0.14788
vt 0.24694 0.14392
vt 0.25655 0.14778
vt 0.26137 0.14634
vt 0.25737 0.1448
vt 0.25333 0.14215
vt 0.84001 0.10427
vt 0.83976 0.08928
vt 0.84215 0.09743
vt 0.26826 0.14299
vt 0.27452 0.14243
vt 0.27084 0.13872
vt 0.26833 0.14549
vt 0.26071 0.14094
vt 0.26695 0.13801
vt 0.25657 0.13666
vt 0.61185 0.17378
vt 0.59539 0.16854
vt 0.60483 0.16888
vt 0.61256 0.16767
vt 0.61356 0.17284
vt 0.61405 0.17353
vt 0.58656 0.16484
vt 0.60053 0.16508
vt 0.60735 0.16392
vt 0.62651 0.16979
vt 0.62705 0.16974
vt 0.62678 0.16996
vt 0.97008 0.47583
vt 0.97244 0.47422
vt 0.97252 0.47697
vt 0.62439 0.17064
vt 0.61976 0.16417
vt 0.61733 0.16043
vt 0.62305 0.16353
vt 0.27115 0.13651
vt 0.27316 0.13656
vt 0.27266 0.13537
vt 0.82572 0.16915
vt 0.82337 0.15844
vt 0.82805 0.15162
vt 0.27794 0.14087
vt 0.28562 0.13485
vt 0.26967 0.13301
vt 0.26655 0.13049
vt 0.27023 0.13607
vt 0.27009 0.12927
vt 0.28469 0.13307
vt 0.27926 0.13031
vt 0.28832 0.13355
vt 0.28888 0.13502
vt 0.29394 0.13212
vt 0.28922 0.12937
vt 0.27964 0.12594
vt 0.28867 0.12703
vt 0.28562 0.12267
vt 0.98197 0.50881
vt 0.97681 0.52456
vt 0.97294 0.51359
vt 0.97299 0.47454
vt 0.97397 0.47627
vt 0.64017 0.16518
vt 0.63 0.16869
vt 0.63903 0.16488
vt 0.97632 0.47177
vt 0.63472 0.1643
vt 0.62505 0.16147
vt 0.81818 0.17736
vt 0.81744 0.19039
vt 0.81503 0.18118
vt 0.82002 0.17908
vt 0.8204 0.16754
vt 0.98765 0.46413
vt 0.99333 0.48815
vt 0.98583 0.48615
vt 0.81001 0.21724
vt 0.81682 0.19544
vt 0.8147 0.2197
vt 0.29132 0.12669
vt 0.49143 0.36896
vt 0.493 0.36718
vt 0.32877 0.69769
vt 0.33 0.69731
vt 0.32934 0.69725
vt 0.63917 0.16438
vt 0.64 0.16468
vt 0.64006 0.16408
vt 0.63159 0.15812
vt 0.63108 0.15528
vt 0.63576 0.1574
vt 0.64121 0.16451
vt 0.64949 0.16033
vt 0.64656 0.15785
vt 0.6505 0.1566
vt 0.64031 0.1517
vt 0.63938 0.15164
vt 0.29996 0.12723
vt 0.30125 0.12252
vt 0.29474 0.12488
vt 0.81 0.18747
vt 0.81037 0.17884
vt 0.30266 0.12267
vt 0.30329 0.12073
vt 0.81553 0.19419
vt 0.81699 0.19377
vt 0.80868 0.19478
vt 0.8084 0.20009
vt 0.80812 0.18637
vt 0.81696 0.19285
vt 0.29962 0.12183
vt 0.28776 0.12234
vt 0.29902 0.11939
vt 0.53004 0.3614
vt 0.51105 0.35258
vt 0.51703 0.35167
vt 0.80686 0.20039
vt 0.56351 0.82012
vt 0.56328 0.8204
vt 0.56189 0.82076
vt 0.30701 0.11034
vt 0.30688 0.11057
vt 0.30703 0.11043
vt 0.80245 0.20126
vt 0.80435 0.19397
vt 0.7958 0.20749
vt 0.79617 0.20173
vt 0.8053 0.22447
vt 0.80204 0.22457
vt 0.80137 0.21746
vt 0.65299 0.15367
vt 0.65587 0.15256
vt 0.79494 0.21343
vt 0.7946 0.21234
vt 0.66 0.14635
vt 0.13644 0.57829
vt 0.13365 0.57409
vt 0.12372 0.57873
vt 0.1232 0.57956
vt 0.11981 0.57953
vt 0.11895 0.58043
vt 0.11812 0.57778
vt 0.09311 0.58106
vt 0.09145 0.5801
vt 0.09237 0.58124
vt 0.09428 0.5814
vt 0.09411 0.58114
vt 0.09321 0.58128
vt 0.09515 0.58044
vt 0.197 0.56708
vt 0.19343 0.5684
vt 0.20027 0.56759
vt 0.19037 0.56774
vt 0.20923 0.56508
vt 0.17693 0.5716
vt 0.19158 0.5651
vt 0.25469 0.56297
vt 0.24012 0.56167
vt 0.23633 0.56568
vt 0.05414 0.25671
vt 0.06088 0.25653
vt 0.05765 0.25491
vt 0.21652 0.57124
vt 0.23365 0.56018
vt 0.24987 0.55811
vt 0.2715 0.55512
vt 0.26516 0.55231
vt 0.23777 0.55742
vt 0.18992 0.56202
vt 0.19334 0.56235
vt 0.16752 0.56828
vt 0.16765 0.5762
vt 0.15605 0.57644
vt 0.14591 0.56959
vt 0.14668 0.56847
vt 0.13903 0.56965
vt 0.10992 0.57297
vt 0.14462 0.5669
vt 0.10669 0.57027
vt 0.12777 0.56899
vt 0.18446 0.56334
vt 0.08715 0.57322
vt 0.07459 0.57645
vt 0.07407 0.57297
vt 0.37049 0.23682
vt 0.36625 0.23303
vt 0.37247 0.23529
vt 0.37439 0.23688
vt 0.07222 0.57155
vt 0.09402 0.57083
vt 0.36355 0.22945
vt 0.36802 0.22789
vt 0.3719 0.23005
vt 0.3901 0.23345
vt 0.39049 0.23346
vt 0.39047 0.23356
vt 0.38967 0.23368
vt 0.38455 0.22756
vt 0.38538 0.22756
vt 0.38917 0.23204
vt 0.36406 0.22651
vt 0.38233 0.22739
vt 0.38497 0.2274
vt 0.38543 0.22732
vt 0.38354 0.22558
vt 0.07223 0.24507
vt 0.06358 0.25382
vt 0.07466 0.25438
vt 0.07484 0.25431
vt 0.07472 0.25429
vt 0.06297 0.25994
vt 0.06892 0.25182
vt 0.05896 0.25089
vt 0.0521 0.25285
vt 0.06117 0.24903
vt 0.05775 0.24854
vt 0.07496 0.25423
vt 0.07406 0.24683
vt 0.07912 0.24914
vt 0.08709 0.24859
vt 0.08706 0.24857
vt 0.08304 0.25048
vt 0.08712 0.24861
vt 0.0872 0.24856
vt 0.91209 0.07916
vt 0.91211 0.07922
vt 0.91206 0.07967
vt 0.72236 0.59307
vt 0.72234 0.59329
vt 0.72229 0.59321
vt 0.08711 0.24856
vt 0.07637 0.24583
vt 0.39068 0.23352
vt 0.39978 0.22712
vt 0.403 0.22646
vt 0.40338 0.22809
vt 0.38728 0.22736
vt 0.41106 0.23364
vt 0.39988 0.22477
vt 0.89308 0.24428
vt 0.89008 0.22781
vt 0.8973 0.2189
vt 0.89515 0.24432
vt 0.8902 0.2862
vt 0.89634 0.27846
vt 0.88498 0.27209
vt 0.88847 0.28641
vt 0.88046 0.27249
vt 0.8876 0.23673
vt 0.88271 0.29185
vt 0.39563 0.22232
vt 0.39876 0.2216
vt 0.39532 0.21992
vt 0.88107 0.31251
vt 0.88552 0.30047
vt 0.39876 0.21929
vt 0.08377 0.24682
vt 0.08684 0.24309
vt 0.09126 0.24358
vt 0.71627 0.62674
vt 0.72559 0.62318
vt 0.72252 0.59306
vt 0.48511 0.67
vt 0.48308 0.68755
vt 0.48113 0.6704
vt 0.48636 0.69227
vt 0.48634 0.69191
vt 0.48638 0.69189
vt 0.48215 0.69807
vt 0.08132 0.24009
vt 0.09309 0.23793
vt 0.90461 0.05006
vt 0.90484 0.04961
vt 0.90476 0.0505
vt 0.90507 0.05015
vt 0.09418 0.23782
vt 0.09394 0.23811
vt 0.09439 0.2379
vt 0.90508 0.04853
vt 0.09437 0.23773
vt 0.48154 0.69358
vt 0.48092 0.69964
vt 0.47812 0.6951
vt 0.90382 0.05489
vt 0.09391 0.23761
vt 0.90445 0.04938
vt 0.90356 0.05154
vt 0.48 0.67143
vt 0.47628 0.69481
vt 0.4802 0.67391
vt 0.48223 0.72366
vt 0.47958 0.72667
vt 0.48111 0.70964
vt 0.48063 0.7382
vt 0.47792 0.72018
vt 0.47511 0.75193
vt 0.47584 0.75307
vt 0.47492 0.75426
vt 0.47542 0.75785
vt 0.47995 0.75366
vt 0.47426 0.75424
vt 0.4751 0.74692
vt 0.47463 0.71771
vt 0.47645 0.71514
vt 0.4758 0.72126
vt 0.47606 0.70271
vt 0.4738 0.72729
vt 0.47283 0.70287
vt 0.46822 0.73375
vt 0.47065 0.70992
vt 0.46952 0.75427
vt 0.46823 0.73895
vt 0.47268 0.77088
vt 0.47625 0.78234
vt 0.47771 0.77434
vt 0.88932 0.22233
vt 0.88866 0.22138
vt 0.89376 0.18578
vt 0.88859 0.22577
vt 0.88146 0.2213
vt 0.88791 0.18408
vt 0.88795 0.22702
vt 0.46831 0.76962
vt 0.46467 0.76485
vt 0.09701 0.943
vt 0.09602 0.94325
vt 0.09749 0.94318
vt 0.09865 0.94292
vt 0.10053 0.94201
vt 0.09593 0.94206
vt 0.09506 0.94315
vt 0.45078 0.53427
vt 0.47208 0.54191
vt 0.44865 0.54537
vt 0.42689 0.53843
vt 0.41525 0.52564
vt 0.42286 0.52381
vt 0.42458 0.52511
vt 0.42407 0.5325
vt 0.43402 0.5272
vt 0.452 0.52544
vt 0.42823 0.52368
vt 0.47936 0.52821
vt 0.45833 0.51887
vt 0.45648 0.51671
vt 0.46864 0.51486
vt 0.47492 0.52483
vt 0.45068 0.51949
vt 0.4097 0.51973
vt 0.44046 0.51412
vt 0.42646 0.51849
vt 0.4266 0.50919
vt 0.28939 0.52252
vt 0.27671 0.52088
vt 0.27283 0.52285
vt 0.27398 0.52653
vt 0.14303 0.92784
vt 0.14227 0.92556
vt 0.12959 0.92737
vt 0.12026 0.92802
vt 0.12194 0.92913
vt 0.14483 0.92433
vt 0.12986 0.92505
vt 0.44217 0.50656
vt 0.45578 0.50195
vt 0.45881 0.50535
vt 0.51119 0.21034
vt 0.51054 0.21107
vt 0.50753 0.21122
vt 0.47019 0.50672
vt 0.46689 0.5017
vt 0.10785 0.92722
vt 0.10781 0.92484
vt 0.09867 0.92782
vt 0.42858 0.50517
vt 0.10234 0.92977
vt 0.12189 0.9251
vt 0.09515 0.93116
vt 0.08641 0.9297
vt 0.07296 0.93413
vt 0.52262 0.20481
vt 0.51515 0.20529
vt 0.51916 0.20211
vt 0.08592 0.92755
vt 0.11425 0.9243
vt 0.10958 0.92392
vt 0.10664 0.92415
vt 0.09952 0.92529
vt 0.51183 0.21079
vt 0.51502 0.20932
vt 0.19391 0.19646
vt 0.18654 0.19789
vt 0.18569 0.2006
vt 0.29365 0.51806
vt 0.27371 0.51556
vt 0.26998 0.51736
vt 0.12644 0.92378
vt 0.19593 0.19473
vt 0.19669 0.19558
vt 0.24887 0.52
vt 0.25537 0.51668
vt 0.20827 0.18981
vt 0.20793 0.18758
vt 0.20511 0.18916
vt 0.19924 0.1939
vt 0.19577 0.19085
vt 0.20307 0.18447
vt 0.2694 0.51005
vt 0.27171 0.51048
vt 0.27394 0.50996
vt 0.26574 0.51114
vt 0.26521 0.51016
vt 0.52926 0.20534
vt 0.52689 0.2025
vt 0.08417 0.92643
vt 0.10917 0.92372
vt 0.11334 0.92354
vt 0.13073 0.92172
vt 0.11741 0.92082
vt 0.10224 0.92395
vt 0.09943 0.92211
vt 0.08773 0.92403
vt 0.13758 0.91828
vt 0.13724 0.91766
vt 0.1195 0.91729
vt 0.11482 0.91965
vt 0.11048 0.92079
vt 0.10658 0.91972
vt 0.10549 0.918
vt 0.09692 0.9188
vt 0.08908 0.9224
vt 0.08317 0.91958
vt 0.5231 0.20037
vt 0.52924 0.1993
vt 0.53409 0.20056
vt 0.53518 0.19656
vt 0.07769 0.92603
vt 0.52808 0.19734
vt 0.53982 0.20449
vt 0.54504 0.20131
vt 0.54141 0.19612
vt 0.55406 0.19995
vt 0.53879 0.19427
vt 0.54162 0.19385
vt 0.54987 0.19196
vt 0.55384 0.19609
vt 0.07217 0.9229
vt 0.06425 0.92315
vt 0.07332 0.91978
vt 0.05752 0.92091
vt 0.05159 0.92263
vt 0.21189 0.18805
vt 0.2041 0.18396
vt 0.21364 0.18216
vt 0.21771 0.18261
vt 0.21715 0.18082
vt 0.22528 0.18526
vt 0.39262 0.47872
vt 0.39447 0.48077
vt 0.38988 0.48059
vt 0.39863 0.48009
vt 0.21428 0.17967
vt 0.22159 0.18075
vt 0.22698 0.18449
vt 0.23469 0.17744
vt 0.22331 0.17563
vt 0.42483 0.47298
vt 0.42863 0.46674
vt 0.44596 0.46993
vt 0.37666 0.47021
vt 0.39852 0.4707
vt 0.26402 0.50662
vt 0.28568 0.50653
vt 0.27271 0.50487
vt 0.11646 0.91605
vt 0.12039 0.91482
vt 0.23073 0.17602
vt 0.22463 0.17428
vt 0.2261 0.17357
vt 0.14219 0.91437
vt 0.1399 0.9109
vt 0.29476 0.5022
vt 0.26924 0.49928
vt 0.27021 0.49888
vt 0.56049 0.1991
vt 0.56889 0.19584
vt 0.56269 0.19581
vt 0.56528 0.19475
vt 0.56121 0.19342
vt 0.55285 0.18974
vt 0.03361 0.92125
vt 0.0386 0.92213
vt 0.58049 0.19654
vt 0.57189 0.19946
vt 0.84786 0.21084
vt 0.85477 0.17803
vt 0.85046 0.21737
vt 0.56475 0.1931
vt 0.56771 0.19432
vt 0.56969 0.19088
vt 0.55276 0.18774
vt 0.5576 0.18888
vt 0.56781 0.18849
vt 0.5714 0.19403
vt 0.84201 0.24548
vt 0.8425 0.22369
vt 0.57297 0.18871
vt 0.57177 0.18749
vt 0.57377 0.18137
vt 0.57472 0.18168
vt 0.57286 0.18336
vt 0.23549 0.17722
vt 0.23524 0.17693
vt 0.2362 0.17667
vt 0.86774 0.05435
vt 0.86327 0.08115
vt 0.86063 0.06886
vt 0.24093 0.17054
vt 0.24281 0.16553
vt 0.23659 0.1701
vt 0.86083 0.11902
vt 0.85756 0.10889
vt 0.86249 0.10299
vt 0.85809 0.092
vt 0.22061 0.16917
vt 0.22288 0.16957
vt 0.23318 0.16818
vt 0.24462 0.1641
vt 0.24083 0.16376
vt 0.24619 0.16538
vt 0.85569 0.1006
vt 0.85532 0.07717
vt 0.85445 0.11114
vt 0.85007 0.09264
vt 0.84925 0.09837
vt 0.84912 0.09732
vt 0.24834 0.15719
vt 0.24536 0.16178
vt 0.25264 0.16069
vt 0.85455 0.06719
vt 0.85478 0.13809
vt 0.85032 0.17432
vt 0.85556 0.16978
vt 0.85441 0.14001
vt 0.84754 0.1754
vt 0.84708 0.18102
vt 0.84724 0.17034
vt 0.84624 0.17982
vt 0.84915 0.09994
vt 0.84918 0.12943
vt 0.85471 0.13824
vt 0.84334 0.13413
vt 0.85469 0.13843
vt 0.85471 0.13853
vt 0.8441 0.17179
vt 0.84163 0.16837
vt 0.84222 0.16499
vt 0.84306 0.13695
vt 0.84787 0.14172
vt 0.83797 0.23869
vt 0.83985 0.21545
vt 0.83904 0.20506
vt 0.83277 0.23427
vt 0.83209 0.27005
vt 0.83139 0.27465
vt 0.84104 0.17236
vt 0.84073 0.17082
vt 0.83426 0.20929
vt 0.82963 0.22174
vt 0.83329 0.20177
vt 0.59913 0.1796
vt 0.84901 0.09871
vt 0.84827 0.09822
vt 0.84392 0.08446
vt 0.84277 0.13495
vt 0.84288 0.13272
vt 0.84219 0.13473
vt 0.84235 0.13781
vt 0.84138 0.16622
vt 0.8425 0.12639
vt 0.83508 0.15569
vt 0.83698 0.12811
vt 0.83528 0.16456
vt 0.83487 0.11249
vt 0.83005 0.14361
vt 0.83102 0.13146
vt 0.83128 0.14346
vt 0.82983 0.1506
vt 0.83368 0.16438
vt 0.82759 0.17321
vt 0.83403 0.17486
vt 0.83327 0.17175
vt 0.82879 0.19998
vt 0.82753 0.2072
vt 0.82749 0.20342
vt 0.95771 0.48134
vt 0.959 0.47782
vt 0.95942 0.48313
vt 0.96685 0.49994
vt 0.97013 0.50252
vt 0.96705 0.50918
vt 0.95603 0.51032
vt 0.82912 0.14101
vt 0.98259 0.49611
vt 0.98605 0.4981
vt 0.82294 0.17432
vt 0.82169 0.18506
vt 0.81722 0.19286
vt 0.81733 0.19304
vt 0.81713 0.19397
vt 0.8172 0.19501
vt 0.15134 0.59025
vt 0.13331 0.59007
vt 0.13242 0.59184
vt 0.13934 0.5859
vt 0.16578 0.58843
vt 0.17232 0.58237
vt 0.12931 0.5919
vt 0.12961 0.59229
vt 0.11285 0.59307
vt 0.12926 0.58681
vt 0.15507 0.57852
vt 0.12837 0.5824
vt 0.11018 0.58758
vt 0.11182 0.589
vt 0.36724 0.24714
vt 0.37533 0.25214
vt 0.36571 0.24826
vt 0.37282 0.24595
vt 0.09706 0.589
vt 0.09255 0.58192
vt 0.36144 0.23954
vt 0.36115 0.23885
vt 0.3646 0.24069
vt 0.3608 0.23894
vt 0.21572 0.57874
vt 0.20686 0.58252
vt 0.22578 0.57976
vt 0.19084 0.58124
vt 0.24133 0.57318
vt 0.17234 0.58789
vt 0.19975 0.57389
vt 0.21334 0.57508
vt 0.18828 0.57921
vt 0.2412 0.57163
vt 0.08076 0.26814
vt 0.07838 0.26243
vt 0.07026 0.26704
vt 0.07612 0.27044
vt 0.06838 0.2724
vt 0.07274 0.2744
vt 0.06639 0.26783
vt 0.06712 0.26627
vt 0.07622 0.26134
vt 0.06549 0.26495
vt 0.05948 0.26173
vt 0.06447 0.26673
vt 0.17312 0.58856
vt 0.16716 0.58885
vt 0.10385 0.59372
vt 0.10383 0.59346
vt 0.10454 0.59302
vt 0.1012 0.59362
vt 0.38445 0.25105
vt 0.37732 0.25257
vt 0.37689 0.24651
vt 0.37506 0.24587
vt 0.37654 0.24515
vt 0.38865 0.24872
vt 0.39223 0.25107
vt 0.37426 0.24517
vt 0.37375 0.24287
vt 0.38692 0.24114
vt 0.38972 0.2439
vt 0.39939 0.24652
vt 0.40904 0.24645
vt 0.40116 0.24991
vt 0.40386 0.24255
vt 0.39677 0.24086
vt 0.40304 0.23988
vt 0.3905 0.23372
vt 0.3907 0.23362
vt 0.08686 0.26546
vt 0.07768 0.26168
vt 0.0798 0.26133
vt 0.09272 0.26093
vt 0.09159 0.25818
vt 0.0977 0.26313
vt 0.07516 0.25508
vt 0.00359 0.80496
vt 0.00349 0.80419
vt 0.00333 0.80419
vt 0.0782 0.26116
vt 0.09617 0.25878
vt 0.49266 0.71306
vt 0.49464 0.70782
vt 0.49341 0.71878
vt 0.09552 0.25712
vt 0.07503 0.25432
vt 0.09255 0.25364
vt 0.08735 0.25575
vt 0.48712 0.74456
vt 0.48846 0.74101
vt 0.48771 0.74834
vt 0.49266 0.73547
vt 0.49667 0.71691
vt 0.48779 0.7394
vt 0.48834 0.76446
vt 0.49069 0.75285
vt 0.49007 0.76322
vt 0.48528 0.77082
vt 0.4864 0.78058
vt 0.48657 0.75069
vt 0.48947 0.7118
vt 0.48489 0.71944
vt 0.48168 0.74757
vt 0.48376 0.72656
vt 0.48349 0.76992
vt 0.48164 0.75696
vt 0.47956 0.77442
vt 0.41745 0.2422
vt 0.42184 0.2463
vt 0.42034 0.24168
vt 0.41815 0.24071
vt 0.90394 0.27258
vt 0.90496 0.24543
vt 0.90547 0.26601
vt 0.41148 0.23503
vt 0.90185 0.24881
vt 0.89762 0.28019
vt 0.90544 0.2222
vt 0.90712 0.21778
vt 0.90609 0.22746
vt 0.91186 0.21138
vt 0.91211 0.19887
vt 0.91428 0.1976
vt 0.90656 0.21389
vt 0.90881 0.23684
vt 0.90955 0.26658
vt 0.90499 0.22852
vt 0.48225 0.79171
vt 0.90254 0.2291
vt 0.12831 0.95115
vt 0.11997 0.95424
vt 0.1347 0.95317
vt 0.25171 0.56402
vt 0.26138 0.56728
vt 0.27748 0.56392
vt 0.48368 0.71873
vt 0.12549 0.2456
vt 0.12506 0.24364
vt 0.12345 0.24534
vt 0.30028 0.55691
vt 0.29281 0.55684
vt 0.29204 0.55879
vt 0.27462 0.55956
vt 0.12688 0.94997
vt 0.14346 0.94838
vt 0.29675 0.55503
vt 0.27711 0.5558
vt 0.10109 0.9528
vt 0.10629 0.95419
vt 0.11749 0.95143
vt 0.09209 0.95522
vt 0.10372 0.95061
vt 0.0799 0.95341
vt 0.06515 0.95791
vt 0.0818 0.95692
vt 0.0838 0.9532
vt 0.11066 0.94863
vt 0.10957 0.94676
vt 0.10353 0.94898
vt 0.13395 0.94568
vt 0.08113 0.953
vt 0.07935 0.95308
vt 0.08769 0.94866
vt 0.08948 0.94802
vt 0.12838 0.94498
vt 0.11742 0.94435
vt 0.10975 0.94481
vt 0.08903 0.94794
vt 0.08865 0.94803
vt 0.08856 0.94797
vt 0.05386 0.95597
vt 0.05538 0.95643
vt 0.06572 0.95479
vt 0.05056 0.95679
vt 0.05508 0.95529
vt 0.05136 0.95615
vt 0.43392 0.23856
vt 0.43554 0.23775
vt 0.43633 0.23828
vt 0.90042 0.20227
vt 0.89853 0.20124
vt 0.90297 0.19055
vt 0.90049 0.19045
vt 0.06182 0.95164
vt 0.04854 0.95325
vt 0.45497 0.23478
vt 0.45205 0.2361
vt 0.45061 0.23494
vt 0.45299 0.23375
vt 0.44823 0.23361
vt 0.44998 0.2288
vt 0.0877 0.94812
vt 0.08203 0.94802
vt 0.13034 0.24325
vt 0.13599 0.23927
vt 0.13437 0.23493
vt 0.1283 0.23808
vt 0.1451 0.94604
vt 0.1384 0.94458
vt 0.1384 0.2406
vt 0.15807 0.94231
vt 0.14278 0.94136
vt 0.29673 0.5498
vt 0.3047 0.54705
vt 0.2736 0.54827
vt 0.14877 0.23436
vt 0.14827 0.2328
vt 0.14538 0.23392
vt 0.14428 0.23649
vt 0.13964 0.23061
vt 0.14125 0.22824
vt 0.14387 0.22865
vt 0.15446 0.93777
vt 0.14629 0.93955
vt 0.16154 0.93857
vt 0.38343 0.55775
vt 0.39889 0.55559
vt 0.39664 0.56264
vt 0.11398 0.94329
vt 0.12874 0.94245
vt 0.13498 0.94079
vt 0.11652 0.94123
vt 0.41731 0.55093
vt 0.42269 0.55535
vt 0.44199 0.56056
vt 0.41433 0.56539
vt 0.44572 0.55053
vt 0.44357 0.54835
vt 0.45005 0.54852
vt 0.46597 0.55593
vt 0.06651 0.94804
vt 0.06606 0.94821
vt 0.06572 0.94817
vt 0.44992 0.22786
vt 0.44926 0.22792
vt 0.06628 0.94786
vt 0.45883 0.23265
vt 0.47391 0.23523
vt 0.07899 0.946
vt 0.45848 0.22286
vt 0.46198 0.22393
vt 0.4502 0.22747
vt 0.46597 0.22706
vt 0.46772 0.22986
vt 0.47427 0.22934
vt 0.48609 0.22987
vt 0.47769 0.23498
vt 0.47997 0.22647
vt 0.4697 0.22362
vt 0.47708 0.22239
vt 0.47558 0.54391
vt 0.47937 0.54184
vt 0.48257 0.54364
vt 0.47276 0.55389
vt 0.51232 0.53823
vt 0.51075 0.54542
vt 0.52564 0.54014
vt 0.46536 0.22138
vt 0.15109 0.23324
vt 0.15325 0.22654
vt 0.15853 0.22715
vt 0.15782 0.22471
vt 0.16408 0.23009
vt 0.37918 0.54886
vt 0.36767 0.55672
vt 0.15316 0.2223
vt 0.16376 0.22472
vt 0.16834 0.2279
vt 0.1743 0.22231
vt 0.16589 0.21812
vt 0.42204 0.54
vt 0.37339 0.54484
vt 0.38175 0.54558
vt 0.38016 0.54383
vt 0.42041 0.53855
vt 0.166 0.2181
vt 0.16593 0.21808
vt 0.16597 0.21806
vt 0.39378 0.53058
vt 0.35498 0.53228
vt 0.39003 0.52643
vt 0.492 0.22539
vt 0.49591 0.23027
vt 0.49477 0.22438
vt 0.49191 0.22333
vt 0.49457 0.22292
vt 0.48524 0.52758
vt 0.50918 0.53115
vt 0.48387 0.52635
vt 0.51612 0.51968
vt 0.47264 0.21945
vt 0.48305 0.21891
vt 0.50035 0.22409
vt 0.51212 0.22474
vt 0.50738 0.22763
vt 0.50509 0.21895
vt 0.50262 0.21756
vt 0.50381 0.21735
vt 0.48768 0.51153
vt 0.48473 0.50886
vt 0.51188 0.51437
vt 0.48869 0.21779
vt 0.49417 0.21373
vt 0.18054 0.22071
vt 0.17858 0.21811
vt 0.18536 0.2151
vt 0.17902 0.21452
vt 0.18334 0.21197
vt 0.17414 0.21178
vt 0.16692 0.21316
vt 0.39274 0.51633
vt 0.36265 0.52136
vt 0.39804 0.51473
vt 0.38852 0.51373
vt 0.19141 0.20931
vt 0.20161 0.20928
vt 0.19839 0.20396
vt 0.18939 0.21635
vt 0.19265 0.21351
vt 0.18692 0.20807
vt 0.17958 0.20946
vt 0.17775 0.20703
vt 0.1848 0.20466
vt 0.19508 0.20248
vt 0.27101 0.52848
vt 0.28036 0.52846
vt 0.51975 0.21974
vt 0.51837 0.22488
vt 0.52178 0.21905
vt 0.52071 0.21845
vt 0.52164 0.21827
vt 0.50084 0.21018
vt 0.49711 0.21296
vt 0.50755 0.21427
vt 0.51719 0.21513
vt 0.52656 0.21871
vt 0.88696 0.13509
vt 0.88854 0.13534
vt 0.88511 0.15755
vt 0.52407 0.21698
vt 0.52744 0.2088
vt 0.51198 0.21143
vt 0.51331 0.21124
vt 0.53023 0.21261
vt 0.53282 0.214
vt 0.53327 0.21212
vt 0.19886 0.20285
vt 0.19707 0.20338
vt 0.20015 0.20292
vt 0.2012 0.20136
vt 0.89202 0.08402
vt 0.88866 0.06858
vt 0.89498 0.06099
vt 0.20383 0.20817
vt 0.21193 0.20125
vt 0.19819 0.20253
vt 0.19706 0.19899
vt 0.21092 0.19908
vt 0.20787 0.19707
vt 0.21468 0.19976
vt 0.88768 0.06177
vt 0.88901 0.05868
vt 0.88626 0.07223
vt 0.21524 0.19461
vt 0.21985 0.19375
vt 0.21915 0.19276
vt 0.21229 0.18994
vt 0.20929 0.19319
vt 0.88668 0.09877
vt 0.54636 0.21318
vt 0.53514 0.21891
vt 0.88629 0.10206
vt 0.88744 0.12871
vt 0.87999 0.13652
vt 0.88253 0.06367
vt 0.88252 0.08671
vt 0.8862 0.09877
vt 0.87991 0.08572
vt 0.87989 0.13338
vt 0.88047 0.10705
vt 0.88575 0.10149
vt 0.87961 0.13697
vt 0.87815 0.11707
vt 0.87876 0.10206
vt 0.87988 0.13845
vt 0.87968 0.13807
vt 0.54651 0.21281
vt 0.54695 0.21298
vt 0.54724 0.21261
vt 0.54115 0.20844
vt 0.54781 0.20754
vt 0.88406 0.54323
vt 0.88447 0.54176
vt 0.88464 0.54438
vt 0.89602 0.54758
vt 0.89413 0.53037
vt 0.90223 0.53097
vt 0.55564 0.20791
vt 0.55351 0.20472
vt 0.56348 0.20424
vt 0.2222 0.19209
vt 0.88304 0.0531
vt 0.88157 0.05465
vt 0.22573 0.186
vt 0.22683 0.18534
vt 0.22741 0.18579
vt 0.22778 0.18497
vt 0.87712 0.08984
vt 0.87789 0.07534
vt 0.87264 0.08515
vt 0.87364 0.11298
vt 0.89318 0.56515
vt 0.90484 0.56469
vt 0.87671 0.04521
vt 0.87251 0.08504
vt 0.87283 0.08169
vt 0.87248 0.0855
vt 0.87275 0.11709
vt 0.8734 0.118
vt 0.87604 0.04375
vt 0.87193 0.08027
vt 0.86848 0.05406
vt 0.86878 0.05182
vt 0.87237 0.08521
vt 0.8672 0.11329
vt 0.86628 0.08694
vt 0.86746 0.11489
vt 0.86702 0.11551
vt 0.90337 0.51744
vt 0.90683 0.52778
vt 0.86797 0.15396
vt 0.86599 0.14338
vt 0.9078 0.51583
vt 0.56751 0.20385
vt 0.91445 0.48863
vt 0.91652 0.53034
vt 0.8644 0.14428
vt 0.86153 0.13565
vt 0.86455 0.1519
vt 0.86103 0.15746
vt 0.85637 0.17083
vt 0.85756 0.16137
vt 0.85639 0.17764
vt 0.23526 0.17759
vt 0.86848 0.05133
vt 0.85478 0.13838
vt 0.85473 0.13835
vt 0.44353 0.73555
vt 0.4435 0.73574
vt 0.44348 0.73566
vt 0.17937 0.60039
vt 0.18193 0.60316
vt 0.19958 0.5988
vt 0.18751 0.59559
vt 0.11221 0.60921
vt 0.10932 0.61207
vt 0.11388 0.61176
vt 0.13116 0.60859
vt 0.15502 0.5982
vt 0.14851 0.5966
vt 0.14422 0.5983
vt 0.15204 0.6049
vt 0.14273 0.60595
vt 0.11588 0.60493
vt 0.10752 0.60545
vt 0.11573 0.60126
vt 0.13677 0.59727
vt 0.18512 0.59274
vt 0.16691 0.58945
vt 0.13654 0.59347
vt 0.11728 0.59785
vt 0.09992 0.61147
vt 0.08352 0.60952
vt 0.08672 0.603
vt 0.05733 0.60876
vt 0.10318 0.59925
vt 0.08135 0.60036
vt 0.38819 0.25705
vt 0.392 0.26411
vt 0.3829 0.25784
vt 0.10552 0.59426
vt 0.10123 0.59427
vt 0.07377 0.59823
vt 0.38505 0.25528
vt 0.22019 0.59711
vt 0.21794 0.5948
vt 0.22834 0.58951
vt 0.24131 0.591
vt 0.20062 0.59201
vt 0.0858 0.28081
vt 0.08365 0.27644
vt 0.07913 0.27968
vt 0.20931 0.58562
vt 0.22331 0.58622
vt 0.22751 0.58264
vt 0.19988 0.58971
vt 0.24155 0.58374
vt 0.09766 0.27635
vt 0.09592 0.27175
vt 0.08936 0.27548
vt 0.0922 0.27908
vt 0.08888 0.28234
vt 0.08498 0.27432
vt 0.09009 0.26895
vt 0.0825 0.27211
vt 0.0803 0.27506
vt 0.39208 0.26459
vt 0.39249 0.26454
vt 0.39607 0.26292
vt 0.40535 0.25904
vt 0.40465 0.25865
vt 0.39337 0.26461
vt 0.39248 0.25472
vt 0.3989 0.2529
vt 0.40469 0.25792
vt 0.41031 0.25242
vt 0.40557 0.25864
vt 0.40638 0.25893
vt 0.4062 0.2585
vt 0.42537 0.25825
vt 0.42692 0.2579
vt 0.42717 0.2588
vt 0.41449 0.26398
vt 0.42514 0.25919
vt 0.41677 0.25277
vt 0.41589 0.25103
vt 0.41914 0.25227
vt 0.10399 0.27333
vt 0.094 0.26992
vt 0.09791 0.26914
vt 0.10835 0.26996
vt 0.10712 0.26571
vt 0.1109 0.27147
vt 0.09701 0.2669
vt 0.10224 0.26354
vt 0.12065 0.26535
vt 0.11936 0.26345
vt 0.11837 0.26497
vt 0.11772 0.26675
vt 0.11165 0.26125
vt 0.25005 0.57395
vt 0.25381 0.57455
vt 0.2593 0.57336
vt 0.10121 0.26187
vt 0.43674 0.5902
vt 0.4607 0.58734
vt 0.47118 0.58721
vt 0.20819 0.96796
vt 0.18694 0.97078
vt 0.20481 0.9644
vt 0.17487 0.96602
vt 0.08913 0.95926
vt 0.0878 0.95748
vt 0.07677 0.95946
vt 0.22797 0.96572
vt 0.22007 0.96283
vt 0.23947 0.96296
vt 0.51102 0.58455
vt 0.48872 0.58431
vt 0.50712 0.58004
vt 0.90991 0.27281
vt 0.90916 0.27738
vt 0.42513 0.24678
vt 0.42222 0.24884
vt 0.91163 0.25537
vt 0.43378 0.25282
vt 0.91481 0.28269
vt 0.43973 0.25171
vt 0.44378 0.25145
vt 0.44618 0.25475
vt 0.44469 0.25513
vt 0.91518 0.28202
vt 0.9176 0.23791
vt 0.9198 0.2494
vt 0.92003 0.26416
vt 0.915 0.28287
vt 0.91505 0.28305
vt 0.52263 0.57741
vt 0.54041 0.56987
vt 0.54673 0.5721
vt 0.54605 0.57897
vt 0.53253 0.58065
vt 0.58787 0.56762
vt 0.56249 0.56844
vt 0.56911 0.56403
vt 0.43408 0.25309
vt 0.4406 0.25877
vt 0.42892 0.25843
vt 0.43418 0.25313
vt 0.43415 0.25308
vt 0.18215 0.79843
vt 0.18242 0.79869
vt 0.18237 0.7987
vt 0.91501 0.2832
vt 0.43422 0.25311
vt 0.43416 0.25304
vt 0.12317 0.26404
vt 0.11321 0.26025
vt 0.11884 0.25807
vt 0.13024 0.25886
vt 0.12757 0.25348
vt 0.13591 0.26038
vt 0.28309 0.56832
vt 0.11609 0.25683
vt 0.12566 0.2529
vt 0.11482 0.25249
vt 0.14403 0.25385
vt 0.14337 0.2528
vt 0.14005 0.25357
vt 0.14271 0.25447
vt 0.12891 0.2522
vt 0.13175 0.24627
vt 0.12678 0.24975
vt 0.12174 0.24746
vt 0.10746 0.9562
vt 0.1235 0.95744
vt 0.45222 0.25336
vt 0.43791 0.24617
vt 0.44433 0.24634
vt 0.4569 0.24518
vt 0.45858 0.25071
vt 0.46065 0.25242
vt 0.05425 0.95998
vt 0.06645 0.95999
vt 0.43276 0.24347
vt 0.44042 0.24391
vt 0.45103 0.24204
vt 0.4661 0.24652
vt 0.47272 0.24592
vt 0.47199 0.24945
vt 0.46423 0.25081
vt 0.46319 0.24235
vt 0.4586 0.23711
vt 0.46876 0.24141
vt 0.14498 0.25339
vt 0.15988 0.25011
vt 0.15998 0.24988
vt 0.15504 0.25125
vt 0.13831 0.24783
vt 0.14265 0.24694
vt 0.15277 0.24764
vt 0.15062 0.24341
vt 0.14014 0.24583
vt 0.14761 0.2418
vt 0.16155 0.24361
vt 0.16342 0.24049
vt 0.16896 0.24176
vt 0.15417 0.24014
vt 0.16028 0.23731
vt 0.15177 0.23461
vt 0.14934 0.23661
vt 0.80087 0.62338
vt 0.80047 0.62465
vt 0.8004 0.62358
vt 0.16026 0.24993
vt 0.16118 0.24924
vt 0.48336 0.24692
vt 0.47853 0.24169
vt 0.48458 0.24022
vt 0.48397 0.2466
vt 0.91587 0.17558
vt 0.91548 0.17569
vt 0.91587 0.17448
vt 0.47699 0.23522
vt 0.47698 0.23552
vt 0.47754 0.2354
vt 0.90891 0.18012
vt 0.90781 0.16977
vt 0.91432 0.14828
vt 0.91563 0.17354
vt 0.49054 0.23668
vt 0.49323 0.24133
vt 0.48979 0.23308
vt 0.49618 0.23561
vt 0.17318 0.24063
vt 0.17311 0.23754
vt 0.17037 0.23536
vt 0.16497 0.23222
vt 0.16802 0.23043
vt 0.17189 0.23263
vt 0.17241 0.22888
vt 0.17435 0.23407
vt 0.91917 0.07123
vt 0.9217 0.04534
vt 0.92402 0.05642
vt 0.91865 0.07419
vt 0.91839 0.07256
vt 0.91732 0.11393
vt 0.9158 0.10048
vt 0.9189 0.09846
vt 0.91807 0.07471
vt 0.91804 0.07184
vt 0.17716 0.2322
vt 0.90825 0.05937
vt 0.91353 0.05602
vt 0.91247 0.07244
vt 0.18147 0.22737
vt 0.18448 0.22879
vt 0.91717 0.0408
vt 0.18924 0.22333
vt 0.91284 0.08992
vt 0.91115 0.10514
vt 0.90979 0.08677
vt 0.17863 0.2238
vt 0.19016 0.22218
vt 0.1882 0.22222
vt 0.90729 0.06602
vt 0.9071 0.06022
vt 0.91424 0.13332
vt 0.90846 0.14675
vt 0.91171 0.12221
vt 0.90661 0.13747
vt 0.90334 0.17326
vt 0.90177 0.18944
vt 0.50136 0.2297
vt 0.50112 0.23237
vt 0.50696 0.23182
vt 0.89828 0.18701
vt 0.90361 0.14027
vt 0.90588 0.12506
vt 0.90791 0.1006
vt 0.90181 0.1197
vt 0.90284 0.15163
vt 0.90122 0.14938
vt 0.8935 0.17031
vt 0.90009 0.1273
vt 0.89932 0.16644
vt 0.51397 0.22708
vt 0.90552 0.09155
vt 0.19066 0.22081
vt 0.19366 0.21567
vt 0.19225 0.22109
vt 0.90598 0.06415
vt 0.90239 0.08734
vt 0.90133 0.07243
vt 0.20348 0.2092
vt 0.20224 0.2103
vt 0.89614 0.06415
vt 0.89612 0.05634
vt 0.89697 0.0574
vt 0.19869 0.21631
vt 0.89925 0.08413
vt 0.89468 0.08769
vt 0.90069 0.12184
vt 0.90121 0.11634
vt 0.90077 0.1238
vt 0.89958 0.11888
vt 0.90025 0.12429
vt 0.89586 0.11401
vt 0.89793 0.10257
vt 0.89163 0.14554
vt 0.89925 0.1272
vt 0.8915 0.16422
vt 0.89519 0.10486
vt 0.89239 0.09675
vt 0.89165 0.12017
vt 0.88819 0.13002
vt 0.88876 0.12357
vt 0.89526 0.05439
vt 0.88668 0.10059
vt 0.88647 0.1003
vt 0.12274 0.62351
vt 0.12646 0.61998
vt 0.11687 0.62376
vt 0.11672 0.62413
vt 0.11474 0.62414
vt 0.11407 0.6247
vt 0.11384 0.62338
vt 0.08954 0.62564
vt 0.08848 0.625
vt 0.0882 0.62582
vt 0.09025 0.62588
vt 0.09017 0.62568
vt 0.08949 0.62578
vt 0.09082 0.62531
vt 0.19414 0.6141
vt 0.18155 0.61914
vt 0.19901 0.61778
vt 0.20761 0.61636
vt 0.0929 0.29535
vt 0.09234 0.29404
vt 0.09164 0.29514
vt 0.09202 0.29577
vt 0.23415 0.60879
vt 0.23449 0.60801
vt 0.21868 0.60977
vt 0.19147 0.61201
vt 0.19642 0.60981
vt 0.21437 0.60069
vt 0.21855 0.60406
vt 0.23277 0.60149
vt 0.19846 0.60519
vt 0.14226 0.61484
vt 0.15654 0.61998
vt 0.18469 0.61314
vt 0.13736 0.61483
vt 0.14247 0.61389
vt 0.10609 0.61884
vt 0.1855 0.61169
vt 0.17511 0.60768
vt 0.14544 0.6069
vt 0.13138 0.61339
vt 0.10993 0.61396
vt 0.08417 0.61882
vt 0.07364 0.62048
vt 0.0737 0.61811
vt 0.38719 0.28182
vt 0.38373 0.27685
vt 0.39175 0.27892
vt 0.3962 0.28194
vt 0.09602 0.61493
vt 0.38407 0.2695
vt 0.38973 0.2719
vt 0.38386 0.27456
vt 0.39185 0.27426
vt 0.40094 0.27727
vt 0.41269 0.27749
vt 0.40435 0.28118
vt 0.40424 0.27164
vt 0.40194 0.2712
vt 0.40386 0.27093
vt 0.07552 0.61276
vt 0.39219 0.26493
vt 0.3925 0.26469
vt 0.09531 0.29408
vt 0.08782 0.28961
vt 0.09311 0.28824
vt 0.10224 0.28945
vt 0.09967 0.28392
vt 0.10437 0.29054
vt 0.08288 0.28546
vt 0.0907 0.28668
vt 0.0984 0.28329
vt 0.11421 0.28455
vt 0.11215 0.28061
vt 0.10401 0.28361
vt 0.10831 0.28743
vt 0.10053 0.28284
vt 0.10593 0.27725
vt 0.09916 0.2814
vt 0.42239 0.27765
vt 0.41787 0.27454
vt 0.40632 0.27102
vt 0.40539 0.27001
vt 0.40934 0.26479
vt 0.43575 0.27161
vt 0.44119 0.27183
vt 0.43813 0.27391
vt 0.4393 0.26998
vt 0.41987 0.27065
vt 0.4252 0.27253
vt 0.42523 0.26941
vt 0.41471 0.2664
vt 0.42026 0.26577
vt 0.4307 0.26601
vt 0.43667 0.26452
vt 0.42725 0.26016
vt 0.42926 0.25954
vt 0.11831 0.28263
vt 0.10975 0.27838
vt 0.11466 0.27745
vt 0.1244 0.27766
vt 0.12312 0.27445
vt 0.13024 0.28016
vt 0.1116 0.2765
vt 0.11932 0.27239
vt 0.1313 0.27452
vt 0.13487 0.27749
vt 0.14035 0.27218
vt 0.13412 0.27056
vt 0.1276 0.27032
vt 0.13224 0.2681
vt 0.12297 0.26544
vt 0.12117 0.2666
vt 0.44672 0.26769
vt 0.93577 0.25991
vt 0.93538 0.2751
vt 0.92921 0.28003
vt 0.93166 0.22993
vt 0.92902 0.20622
vt 0.93538 0.20821
vt 0.93423 0.23064
vt 0.92921 0.26981
vt 0.92809 0.2809
vt 0.92764 0.27917
vt 0.44718 0.25665
vt 0.45731 0.25898
vt 0.92001 0.2421
vt 0.92159 0.24589
vt 0.92213 0.27805
vt 0.92648 0.24656
vt 0.91995 0.28577
vt 0.92895 0.29076
vt 0.92805 0.28381
vt 0.44786 0.26585
vt 0.4491 0.26634
vt 0.92735 0.28654
vt 0.92754 0.28326
vt 0.44088 0.26086
vt 0.4434 0.26001
vt 0.91939 0.29603
vt 0.92108 0.29028
vt 0.14412 0.2712
vt 0.14368 0.26908
vt 0.13865 0.26689
vt 0.13776 0.26248
vt 0.1407 0.2608
vt 0.14254 0.26236
vt 0.14477 0.25389
vt 0.14423 0.25423
vt 0.14533 0.25429
vt 0.14539 0.25919
vt 0.78372 0.60637
vt 0.79088 0.60612
vt 0.78255 0.6331
vt 0.14504 0.26464
vt 0.94352 0.11515
vt 0.94479 0.0982
vt 0.94672 0.10323
vt 0.94105 0.13009
vt 0.9396 0.1227
vt 0.93482 0.15029
vt 0.93489 0.15053
vt 0.9348 0.15065
vt 0.93486 0.15102
vt 0.94116 0.15047
vt 0.94031 0.09748
vt 0.93495 0.10961
vt 0.93913 0.07837
vt 0.93475 0.15057
vt 0.93471 0.14595
vt 0.93325 0.1095
vt 0.93426 0.11225
vt 0.9341 0.11386
vt 0.93511 0.11459
vt 0.93436 0.10757
vt 0.93241 0.12133
vt 0.79374 0.57222
vt 0.79679 0.5704
vt 0.80303 0.57761
vt 0.80177 0.58232
vt 0.9295 0.13743
vt 0.92922 0.1348
vt 0.92842 0.13924
vt 0.93403 0.15689
vt 0.93616 0.18514
vt 0.9393 0.16741
vt 0.92879 0.2019
vt 0.92817 0.20079
vt 0.9283 0.20458
vt 0.92814 0.20664
vt 0.92228 0.1992
vt 0.92686 0.17721
vt 0.4599 0.25967
vt 0.45939 0.25997
vt 0.92793 0.20525
vt 0.92407 0.17764
vt 0.92179 0.16932
vt 0.91772 0.19129
vt 0.91761 0.21229
vt 0.91881 0.21974
vt 0.17168 0.24215
vt 0.80385 0.58163
vt 0.81466 0.59138
vt 0.80699 0.57297
vt 0.80626 0.54789
vt 0.815 0.55733
vt 0.92825 0.13193
vt 0.81545 0.57612
vt 0.92588 0.07673
vt 0.92405 0.06674
vt 0.92515 0.05861
vt 0.93083 0.05692
vt 0.81881 0.58954
vt 0.81611 0.60453
vt 0.92177 0.10518
vt 0.92221 0.0888
vt 0.92538 0.09166
vt 0.81973 0.56327
vt 0.92399 0.11746
vt 0.91943 0.12065
vt 0.81505 0.54405
vt 0.81753 0.54943
vt 0.91624 0.17323
vt 0.92415 0.13602
vt 0.91609 0.17262
vt 0.91735 0.13723
vt 0.9166 0.1333
vt 0.92356 0.13086
vt 0.16987 0.6329
vt 0.17058 0.63393
vt 0.18057 0.63204
vt 0.17464 0.62999
vt 0.15066 0.63178
vt 0.13884 0.6298
vt 0.13303 0.63206
vt 0.15833 0.63474
vt 0.13019 0.63771
vt 0.10301 0.63801
vt 0.0955 0.64437
vt 0.09204 0.63883
vt 0.098 0.63542
vt 0.12651 0.63085
vt 0.17312 0.62551
vt 0.15604 0.62272
vt 0.12113 0.62572
vt 0.1002 0.63181
vt 0.09302 0.64453
vt 0.07391 0.64228
vt 0.07352 0.63635
vt 0.0518 0.64152
vt 0.07884 0.63435
vt 0.06933 0.63476
vt 0.39269 0.28868
vt 0.39598 0.29607
vt 0.38631 0.29055
vt 0.08748 0.62691
vt 0.388 0.28549
vt 0.20968 0.62961
vt 0.2072 0.62628
vt 0.21439 0.6225
vt 0.22189 0.62364
vt 0.19389 0.62447
vt 0.09702 0.3078
vt 0.09586 0.30474
vt 0.09265 0.30699
vt 0.20691 0.61829
vt 0.19272 0.62087
vt 0.21721 0.6169
vt 0.10982 0.30385
vt 0.10883 0.30183
vt 0.10708 0.30352
vt 0.10805 0.30473
vt 0.10197 0.31027
vt 0.0986 0.3012
vt 0.09583 0.29566
vt 0.0934 0.29634
vt 0.09072 0.30232
vt 0.39598 0.29627
vt 0.39621 0.29623
vt 0.41496 0.29391
vt 0.41659 0.29628
vt 0.3989 0.29627
vt 0.40662 0.28962
vt 0.41015 0.28953
vt 0.41013 0.29042
vt 0.05939 0.63029
vt 0.06096 0.62644
vt 0.39732 0.28569
vt 0.40348 0.28419
vt 0.41241 0.29008
vt 0.41407 0.2877
vt 0.41388 0.2839
vt 0.418 0.29609
vt 0.42065 0.29492
vt 0.41974 0.28434
vt 0.42426 0.28666
vt 0.42241 0.28379
vt 0.41795 0.28167
vt 0.11205 0.30273
vt 0.10501 0.29777
vt 0.10954 0.2967
vt 0.11895 0.29757
vt 0.117 0.29327
vt 0.12329 0.29948
vt 0.10688 0.29558
vt 0.1145 0.29184
vt 0.12864 0.29359
vt 0.13066 0.29549
vt 0.13387 0.29236
vt 0.13013 0.29116
vt 0.11972 0.2905
vt 0.12616 0.28734
vt 0.1193 0.285
vt 0.11563 0.28791
vt 0.43982 0.29071
vt 0.42894 0.29023
vt 0.43405 0.28721
vt 0.94566 0.30582
vt 0.94941 0.26982
vt 0.95125 0.30284
vt 0.94056 0.29134
vt 0.44604 0.27768
vt 0.4362 0.28399
vt 0.43978 0.28524
vt 0.43953 0.28331
vt 0.4309 0.27943
vt 0.43055 0.27679
vt 0.43509 0.27851
vt 0.4429 0.28463
vt 0.94027 0.2924
vt 0.94026 0.29159
vt 0.44652 0.27853
vt 0.44684 0.27846
vt 0.14246 0.29034
vt 0.14028 0.28587
vt 0.13803 0.28517
vt 0.13112 0.2824
vt 0.13431 0.2805
vt 0.1386 0.28311
vt 0.13805 0.27922
vt 0.14056 0.28438
vt 0.14522 0.28494
vt 0.14265 0.28277
vt 0.95033 0.12983
vt 0.95433 0.12673
vt 0.95332 0.14335
vt 0.14936 0.2862
vt 0.15071 0.28459
vt 0.14685 0.27765
vt 0.15013 0.27906
vt 0.95304 0.11695
vt 0.95405 0.15813
vt 0.95831 0.14225
vt 0.95856 0.16734
vt 0.94958 0.1587
vt 0.14346 0.2733
vt 0.94606 0.13488
vt 0.9473 0.11501
vt 0.94767 0.15182
vt 0.95504 0.19711
vt 0.95252 0.21096
vt 0.95233 0.20831
vt 0.95179 0.2124
vt 0.95205 0.21918
vt 0.94937 0.20955
vt 0.9489 0.26007
vt 0.95068 0.25837
vt 0.94389 0.24959
vt 0.94048 0.28987
vt 0.93898 0.25976
vt 0.94007 0.28987
vt 0.94215 0.2199
vt 0.9434 0.2056
vt 0.94527 0.20128
vt 0.94398 0.20888
vt 0.9482 0.167
vt 0.95194 0.17779
vt 0.9436 0.21413
vt 0.94315 0.21137
vt 0.93926 0.18652
vt 0.94604 0.16911
vt 0.94107 0.21295
vt 0.93927 0.29386
vt 0.94712 0.16241
vt 0.94883 0.10376
vt 0.9456 0.16027
vt 0.18035 0.6446
vt 0.18142 0.64655
vt 0.1982 0.64309
vt 0.19552 0.63721
vt 0.19538 0.63714
vt 0.14174 0.64744
vt 0.14968 0.64313
vt 0.1416 0.6435
vt 0.10078 0.65084
vt 0.09655 0.65213
vt 0.11857 0.65141
vt 0.09376 0.65161
vt 0.09053 0.65296
vt 0.14852 0.64222
vt 0.141 0.64182
vt 0.10458 0.64455
vt 0.09347 0.64669
vt 0.15169 0.64934
vt 0.13958 0.65084
vt 0.09089 0.99667
vt 0.09118 0.99665
vt 0.09119 0.99663
vt 0.12635 0.65329
vt 0.19508 0.63723
vt 0.09109 0.99661
vt 0.09399 0.645
vt 0.08542 0.65178
vt 0.08958 0.658
vt 0.0724 0.65747
vt 0.06554 0.65781
vt 0.06867 0.6552
vt 0.06867 0.64962
vt 0.0595 0.65661
vt 0.40003 0.31349
vt 0.40119 0.31189
vt 0.40437 0.31403
vt 0.08931 0.64562
vt 0.06915 0.64624
vt 0.06169 0.64847
vt 0.39416 0.30543
vt 0.39578 0.30383
vt 0.39754 0.3056
vt 0.40621 0.30912
vt 0.41385 0.30923
vt 0.40908 0.31306
vt 0.40859 0.30563
vt 0.39997 0.30366
vt 0.40752 0.30218
vt 0.39607 0.29672
vt 0.39626 0.29634
vt 0.39236 0.30207
vt 0.11593 0.32074
vt 0.10981 0.31867
vt 0.1073 0.32224
vt 0.10892 0.31547
vt 0.11411 0.31592
vt 0.09883 0.31812
vt 0.11282 0.31326
vt 0.09812 0.31225
vt 0.10339 0.31296
vt 0.19565 0.63715
vt 0.2234 0.63031
vt 0.10787 0.31091
vt 0.1234 0.31288
vt 0.1258 0.31483
vt 0.12826 0.31182
vt 0.12589 0.31094
vt 0.11593 0.30934
vt 0.12157 0.3066
vt 0.11233 0.30409
vt 0.1104 0.30511
vt 0.19568 0.63717
vt 0.19554 0.63718
vt 0.42859 0.30949
vt 0.42468 0.30428
vt 0.41911 0.30271
vt 0.41574 0.29746
vt 0.43722 0.30307
vt 0.44572 0.30332
vt 0.44251 0.30544
vt 0.4426 0.30086
vt 0.43292 0.29323
vt 0.42587 0.30248
vt 0.42858 0.30351
vt 0.42822 0.30192
vt 0.4181 0.29663
vt 0.41921 0.29647
vt 0.4356 0.29717
vt 0.43947 0.29644
vt 0.13347 0.30435
vt 0.13229 0.30764
vt 0.13626 0.3044
vt 0.13589 0.30345
vt 0.14178 0.30657
vt 0.12516 0.30257
vt 0.12953 0.30008
vt 0.13814 0.30348
vt 0.14103 0.30263
vt 0.13874 0.30114
vt 0.13751 0.29764
vt 0.14523 0.30786
vt 0.14367 0.30853
vt 0.97461 0.1374
vt 0.97301 0.16246
vt 0.96831 0.14576
vt 0.15011 0.30093
vt 0.15543 0.29825
vt 0.14884 0.29879
vt 0.14248 0.2967
vt 0.15049 0.29311
vt 0.14083 0.29487
vt 0.45405 0.30348
vt 0.45125 0.29947
vt 0.96427 0.24051
vt 0.96381 0.23974
vt 0.96516 0.22985
vt 0.96122 0.21076
vt 0.96322 0.21069
vt 0.96064 0.21686
vt 0.96236 0.26156
vt 0.96461 0.25259
vt 0.95906 0.29151
vt 0.95964 0.29456
vt 0.95784 0.25776
vt 0.96014 0.2143
vt 0.95781 0.22663
vt 0.95339 0.29441
vt 0.95222 0.26215
vt 0.45299 0.29736
vt 0.45439 0.29785
vt 0.45418 0.2972
vt 0.4459 0.29181
vt 0.44564 0.29047
vt 0.44749 0.29129
vt 0.95897 0.29837
vt 0.95955 0.2993
vt 0.44769 0.28993
vt 0.9524 0.30592
vt 0.15156 0.29324
vt 0.15162 0.29272
vt 0.9677 0.14707
vt 0.96776 0.14572
vt 0.96743 0.14693
vt 0.96744 0.14898
vt 0.97067 0.17365
vt 0.96549 0.18111
vt 0.96746 0.19571
vt 0.97185 0.16977
vt 0.97174 0.17405
vt 0.15136 0.2925
vt 0.96755 0.14487
vt 0.96027 0.16928
vt 0.96067 0.13826
vt 0.96081 0.17328
vt 0.96158 0.13086
vt 0.95984 0.13375
vt 0.95977 0.17251
vt 0.95828 0.174
vt 0.96746 0.20547
vt 0.96879 0.19833
vt 0.96018 0.1934
vt 0.95952 0.17622
vt 0.74352 0.52533
vt 0.7444 0.52449
vt 0.74374 0.52606
vt 0.11647 0.32665
vt 0.11672 0.32667
vt 0.11663 0.32658
vt 0.74347 0.52607
vt 0.11615 0.32645
vt 0.20384 0.64894
vt 0.20278 0.64929
vt 0.20365 0.64923
vt 0.74334 0.52513
vt 0.74545 0.47152
vt 0.74286 0.48066
vt 0.74163 0.46739
vt 0.74934 0.43727
vt 0.74061 0.48121
vt 0.14819 0.65504
vt 0.16131 0.65306
vt 0.14436 0.65216
vt 0.09975 0.6572
vt 0.11182 0.65738
vt 0.09515 0.65876
vt 0.74249 0.42921
vt 0.74398 0.41178
vt 0.74981 0.41922
vt 0.75066 0.48994
vt 0.76204 0.47485
vt 0.75638 0.50345
vt 0.75828 0.44183
vt 0.76419 0.45793
vt 0.76313 0.46142
vt 0.76058 0.42035
vt 0.75239 0.42334
vt 0.75913 0.39154
vt 0.75272 0.41543
vt 0.75018 0.38624
vt 0.76006 0.37416
vt 0.06984 0.65962
vt 0.74349 0.40598
vt 0.74773 0.39255
vt 0.74772 0.38554
vt 0.0542 0.65906
vt 0.75719 0.36508
vt 0.77067 0.41995
vt 0.77055 0.41358
vt 0.77729 0.38695
vt 0.77724 0.38638
vt 0.77742 0.38668
vt 0.77759 0.38611
vt 0.77134 0.35451
vt 0.40936 0.31547
vt 0.41834 0.31544
vt 0.42345 0.31565
vt 0.42572 0.31663
vt 0.42168 0.31622
vt 0.4254 0.31534
vt 0.42263 0.31463
vt 0.76107 0.54433
vt 0.75834 0.54502
vt 0.75864 0.53384
vt 0.1301 0.32364
vt 0.13075 0.32413
vt 0.13167 0.32366
vt 0.13131 0.323
vt 0.75921 0.54813
vt 0.12177 0.32083
vt 0.12051 0.31895
vt 0.1245 0.31946
vt 0.13398 0.3229
vt 0.13309 0.32379
vt 0.13933 0.31681
vt 0.14687 0.31981
vt 0.13736 0.31649
vt 0.13852 0.31592
vt 0.13455 0.31468
vt 0.76315 0.50465
vt 0.77046 0.51854
vt 0.77598 0.54006
vt 0.77583 0.35292
vt 0.78819 0.35628
vt 0.79821 0.38478
vt 0.78109 0.38626
vt 0.79824 0.38177
vt 0.79916 0.3837
vt 0.80205 0.37787
vt 0.44775 0.30508
vt 0.79698 0.35089
vt 0.43738 0.31829
vt 0.43942 0.31551
vt 0.44521 0.31744
vt 0.44435 0.31421
vt 0.4353 0.31126
vt 0.43484 0.30863
vt 0.44045 0.31028
vt 0.4582 0.31553
vt 0.46063 0.31507
vt 0.46083 0.31647
vt 0.45801 0.31697
vt 0.45012 0.31031
vt 0.45633 0.30901
vt 0.15197 0.31851
vt 0.15087 0.31622
vt 0.14247 0.31515
vt 0.14191 0.31211
vt 0.15203 0.31221
vt 0.15785 0.31279
vt 0.15661 0.30865
vt 0.14561 0.30866
vt 0.14959 0.30747
vt 0.16176 0.31413
vt 0.16482 0.31157
vt 0.17469 0.3068
vt 0.16149 0.30643
vt 0.15879 0.30562
vt 0.16113 0.30441
vt 0.17426 0.30593
vt 0.16737 0.30107
vt 0.15638 0.30355
vt 0.15843 0.29836
vt 0.97309 0.28499
vt 0.97604 0.25524
vt 0.97664 0.282
vt 0.96943 0.25336
vt 0.97161 0.21609
vt 0.97247 0.2498
vt 0.97005 0.27017
vt 0.96474 0.23949
vt 0.97022 0.21887
vt 0.96701 0.27745
vt 0.96486 0.28971
vt 0.46613 0.30949
vt 0.47624 0.31537
vt 0.46331 0.31597
vt 0.4723 0.31176
vt 0.47081 0.30881
vt 0.46149 0.30473
vt 0.46126 0.30314
vt 0.46346 0.30392
vt 0.97008 0.29988
vt 0.47683 0.31065
vt 0.46292 0.30249
vt 0.96575 0.29582
vt 0.1756 0.3064
vt 0.1758 0.30576
vt 0.97695 0.18716
vt 0.98476 0.17092
vt 0.97978 0.19265
vt 0.17672 0.30641
vt 0.97321 0.16829
vt 0.97464 0.18772
vt 0.97759 0.17332
vt 0.97207 0.21208
vt 0.97959 0.20788
vt 0.98376 0.19185
vt 0.97839 0.21991
vt 0.97221 0.21304
vt 0.9718 0.2133
vt 0.9757 0.2404
vt 0.97821 0.23974
vt 0.97179 0.21418
vt 0.97182 0.21245
vt 0.97168 0.21339
vt 0.97168 0.21412
vt 0.76566 0.46413
vt 0.76434 0.46229
vt 0.76563 0.45918
vt 0.77258 0.4165
vt 0.77597 0.41682
vt 0.7725 0.42188
vt 0.77753 0.38681
vt 0.77763 0.38728
vt 0.77744 0.38703
vt 0.78022 0.54312
vt 0.7766 0.55228
vt 0.77269 0.49996
vt 0.78165 0.50474
vt 0.7838 0.46324
vt 0.78433 0.45416
vt 0.78723 0.45686
vt 0.78684 0.48242
vt 0.7999 0.46922
vt 0.8063 0.46479
vt 0.8028 0.47774
vt 0.79383 0.49196
vt 0.79936 0.51609
vt 0.78368 0.52229
vt 0.79676 0.52272
vt 0.78791 0.50364
vt 0.80423 0.42067
vt 0.80302 0.42526
vt 0.80209 0.41882
vt 0.80474 0.416
vt 0.78966 0.41074
vt 0.78728 0.44281
vt 0.80031 0.39266
vt 0.80855 0.41716
vt 0.8061 0.42645
vt 0.81536 0.44373
vt 0.81485 0.39397
vt 0.81922 0.39282
vt 0.81884 0.39999
vt 0.82068 0.41612
vt 0.80171 0.38514
vt 0.8166 0.38436
vt 0.82118 0.3829
vt 0.46083 0.31762
vt 0.45183 0.31989
vt 0.46432 0.31765
vt 0.14952 0.32015
vt 0.82021 0.4861
vt 0.81649 0.4867
vt 0.81769 0.47574
vt 0.80168 0.51594
vt 0.81774 0.49376
vt 0.81578 0.50628
vt 0.79887 0.52179
vt 0.79872 0.51961
vt 0.78279 0.54922
vt 0.1644 0.31844
vt 0.1692 0.31363
vt 0.16422 0.31899
vt 0.16487 0.31881
vt 0.7995 0.51939
vt 0.17905 0.317
vt 0.18362 0.31566
vt 0.1779 0.31544
vt 0.82304 0.49458
vt 0.18839 0.3113
vt 0.19706 0.31284
vt 0.18308 0.31166
vt 0.18673 0.31022
vt 0.17615 0.30691
vt 0.17535 0.30809
vt 0.17458 0.314
vt 0.82873 0.44267
vt 0.83769 0.41166
vt 0.82833 0.40996
vt 0.83067 0.40134
vt 0.8301 0.43165
vt 0.83132 0.44775
vt 0.83972 0.47519
vt 0.84593 0.42568
vt 0.8349 0.43183
vt 0.4996 0.32238
vt 0.50227 0.32402
vt 0.50011 0.3239
vt 0.98145 0.25927
vt 0.83641 0.39967
vt 0.48 0.32415
vt 0.47982 0.32183
vt 0.48525 0.32353
vt 0.48565 0.32116
vt 0.46993 0.32144
vt 0.47629 0.31941
vt 0.48262 0.31785
vt 0.48729 0.32456
vt 0.49227 0.31854
vt 0.49363 0.31834
vt 0.98255 0.26363
vt 0.98275 0.25851
vt 0.48108 0.31398
vt 0.20025 0.31212
vt 0.19855 0.31173
vt 0.18927 0.31003
vt 0.18749 0.3091
vt 0.98574 0.17019
vt 0.98947 0.18595
vt 0.99251 0.20875
vt 0.98678 0.21732
vt 0.99076 0.18697
vt 0.99165 0.2198
vt 0.99333 0.20831
vt 0.99007 0.23236
vt 0.98763 0.22412
vt 0.98569 0.22216
vt 0.54647 0.49728
vt 0.56254 0.48846
vt 0.56883 0.49465
vt 0.98575 0.2279
vt 0.98396 0.2196
vt 0.98587 0.21628
vt 0.98489 0.22659
vt 0.98267 0.25241
vt 0.55684 0.48188
vt 0.56027 0.48006
vt 0.5612 0.481
vt 0.56173 0.4798
vt 0.98401 0.25089
vt 0.98601 0.26509
vt 0.51039 0.3237
vt 0.50685 0.32392
vt 0.50969 0.32337
vt 0.56303 0.48006
vt 0.84187 0.47689
vt 0.83954 0.48301
vt 0.832 0.44073
vt 0.83331 0.4417
vt 0.84218 0.47034
vt 0.84406 0.47079
vt 0.8479 0.44327
vt 0.85433 0.43288
vt 0.85101 0.44662
vt 0.85301 0.42071
vt 0.19873 0.31288
vt 0.8435 0.47974
vt 0.99254 0.21709
vt 0.21152 0.30909
vt 0.2119 0.30892
vt 0.21065 0.30913
vt 0.85957 0.44424
vt 0.85953 0.44047
vt 0.86029 0.443
vt 0.85999 0.44466
vt 0.21192 0.30872
vt 0.9887 0.24489
vt 0.98864 0.24418
vt 0.98891 0.24373
vt 0.98888 0.24539
vt 0.98849 0.24568
vt 0.98896 0.24782
vt 0.98802 0.25649
vt 0.98868 0.2468
vt 0.86006 0.44153
vt 0.98863 0.24647
vt 0.51042 0.32386
vt 0.51087 0.32381
vt 0.51078 0.3236
vt 0.2654 0.99068
vt 0.26246 0.99263
vt 0.38045 0.00895
vt 0.53483 0.64315
vt 0.38444 0.02895
vt 0.6839 0.15549
vt 0.03781 0.05344
vt 0.52075 0.62107
vt 0.51435 0.62258
vt 0.67333 0.17537
vt 0.6745 0.16654
vt 0.383 0.04217
vt 0.38412 0.03133
vt 0.51501 0.60669
vt 0.50563 0.61557
vt 0.51719 0.60473
vt 0.53087 0.60242
vt 0.6964 0.14956
vt 0.69384 0.1611
vt 0.6985 0.15403
vt 0.69788 0.16201
vt 0.40207 0.03481
vt 0.69205 0.17641
vt 0.17282 0.38437
vt 0.15436 0.39153
vt 0.38211 0.06051
vt 0.3865 0.0612
vt 0.17331 0.38173
vt 0.33742 0.89246
vt 0.04631 0.08451
vt 0.34164 0.73494
vt 0.33928 0.77176
vt 0.33667 0.76826
vt 0.71536 0.18697
vt 0.71876 0.18372
vt 0.71584 0.20376
vt 0.34855 0.89008
vt 0.04864 0.83801
vt 0.73012 0.48981
vt 0.7248 0.48375
vt 0.73318 0.47278
vt 0.7275 0.46912
vt 0.06224 0.07725
vt 0.7127 0.14191
vt 0.42372 0.05194
vt 0.49226 0.63308
vt 0.15291 0.40174
vt 0.69415 0.50083
vt 0.1377 0.40517
vt 0.13816 0.40945
vt 0.54511 0.65166
vt 0.37883 0.06873
vt 0.37221 0.06604
vt 0.60168 0.82012
vt 0.58912 0.82394
vt 0.58924 0.82161
vt 0.0618 0.84799
vt 0.06449 0.84578
vt 0.1314 0.4022
vt 0.04979 0.09878
vt 0.35672 0.73168
vt 0.03313 0.09937
vt 0.38227 0.0638
vt 0.62808 0.82108
vt 0.62854 0.82012
vt 0.61634 0.82301
vt 0.65576 0.82012
vt 0.6461 0.82097
vt 0.64356 0.82301
vt 0.40374 0.06186
vt 0.34774 0.78766
vt 0.06941 0.84155
vt 0.06772 0.0833
vt 0.06408 0.08713
vt 0.06642 0.07995
vt 0.07436 0.08484
vt 0.41635 0.06061
vt 0.03788 0.84514
vt 0.03907 0.8438
vt 0.11786 0.41333
vt 0.38391 0.08363
vt 0.36377 0.73015
vt 0.74811 0.1308
vt 0.74896 0.1313
vt 0.74626 0.15476
vt 0.40122 0.08004
vt 0.07766 0.84957
vt 0.0797 0.10216
vt 0.6744 0.82012
vt 0.67078 0.822
vt 0.69094 0.82376
vt 0.69801 0.82012
vt 0.71711 0.8225
vt 0.71817 0.82188
vt 0.7305 0.82035
vt 0.72523 0.82012
vt 0.7328 0.82614
vt 0.76111 0.82012
vt 0.75245 0.82689
vt 0.76869 0.82614
vt 0.1062 0.4085
vt 0.10707 0.40747
vt 0.74483 0.14911
vt 0.08078 0.09694
vt 0.7396 0.21242
vt 0.1859 0.43267
vt 0.50063 0.62246
vt 0.10273 0.43848
vt 0.07647 0.44647
vt 0.10448 0.43829
vt 0.11563 0.43276
vt 0.22511 0.42567
vt 0.2018 0.42582
vt 0.05343 0.12978
vt 0.44661 0.61765
vt 0.4393 0.61802
vt 0.06934 0.11997
vt 0.37291 0.75295
vt 0.24166 0.96937
vt 0.268 0.96976
vt 0.25824 0.97345
vt 0.08526 0.4374
vt 0.41734 0.0954
vt 0.41925 0.09798
vt 0.07794 0.12139
vt 0.47497 0.58363
vt 0.08372 0.1117
vt 0.08947 0.86222
vt 0.51584 0.58468
vt 0.08148 0.10525
vt 0.0296 0.86656
vt 0.07836 0.43268
vt 0.04126 0.86076
vt 0.02602 0.86423
vt 0.7424 0.23512
vt 0.10935 0.4154
vt 0.45156 0.08495
vt 0.48626 0.56811
vt 0.51319 0.56524
vt 0.48126 0.56943
vt 0.44487 0.07955
vt 0.53835 0.56518
vt 0.09143 0.4631
vt 0.04324 0.15678
vt 0.0426 0.15175
vt 0.39273 0.12158
vt 0.09237 0.45865
vt 0.07783 0.44759
vt 0.70332 0.49407
vt 0.06441 0.14396
vt 0.7116 0.55004
vt 0.39042 0.75449
vt 0.72021 0.47796
vt 0.71568 0.46452
vt 0.78551 0.82494
vt 0.77967 0.82146
vt 0.78643 0.82012
vt 0.81289 0.82012
vt 0.81174 0.84307
vt 0.80689 0.83214
vt 0.83897 0.83105
vt 0.83741 0.84097
vt 0.83412 0.82012
vt 0.07839 0.87837
vt 0.39435 0.11213
vt 0.86293 0.82012
vt 0.86505 0.82298
vt 0.86134 0.84655
vt 0.72325 0.40382
vt 0.00333 0.8816
vt 0.239 0.43146
vt 0.43734 0.11531
vt 0.44464 0.11342
vt 0.76834 0.12824
vt 0.4767 0.56372
vt 0.76669 0.12265
vt 0.75637 0.24321
vt 0.75283 0.24216
vt 0.19588 0.46867
vt 0.16796 0.46728
vt 0.22278 0.98299
vt 0.23153 0.98525
vt 0.21034 0.98835
vt 0.88856 0.82417
vt 0.90629 0.82012
vt 0.89665 0.82815
vt 0.92543 0.82012
vt 0.93015 0.82429
vt 0.91578 0.82815
vt 0.94819 0.82503
vt 0.94301 0.82834
vt 0.94429 0.82012
vt 0.08851 0.46959
vt 0.97023 0.82976
vt 0.97236 0.82012
vt 0.97053 0.84655
vt 0.50745 0.85649
vt 0.52114 0.84982
vt 0.52977 0.85093
vt 0.53536 0.87324
vt 0.53467 0.87283
vt 0.5388 0.84982
vt 0.30538 0.97406
vt 0.30664 0.9774
vt 0.5656 0.86466
vt 0.56189 0.86885
vt 0.56773 0.84982
vt 0.58912 0.86885
vt 0.58977 0.85313
vt 0.59495 0.84982
vt 0.61861 0.84982
vt 0.6229 0.85412
vt 0.61634 0.85898
vt 0.65013 0.84982
vt 0.648 0.86739
vt 0.64356 0.85468
vt 0.67078 0.85512
vt 0.67223 0.84982
vt 0.67253 0.86363
vt 0.69801 0.84982
vt 0.70245 0.86252
vt 0.69831 0.86363
vt 0.72757 0.84982
vt 0.73141 0.85908
vt 0.72523 0.85431
vt 0.75863 0.85459
vt 0.7561 0.86969
vt 0.75245 0.84982
vt 0.78197 0.86053
vt 0.78155 0.86863
vt 0.77967 0.84982
vt 0.8113 0.86863
vt 0.80689 0.86492
vt 0.80943 0.84982
vt 0.83668 0.84982
vt 0.84033 0.86969
vt 0.83412 0.87223
vt 0.86755 0.84982
vt 0.86153 0.86241
vt 0.86134 0.85235
vt 0.89342 0.85474
vt 0.88856 0.85944
vt 0.8936 0.84982
vt 0.91578 0.86315
vt 0.91641 0.84982
vt 0.92082 0.85353
vt 0.09366 0.88914
vt 0.22687 0.45016
vt 0.06703 0.15041
vt 0.22654 0.44981
vt 0.40303 0.13481
vt 0.07406 0.45964
vt 0.80274 0.09827
vt 0.78837 0.10602
vt 0.79082 0.09288
vt 0.78728 0.09129
vt 0.94744 0.84982
vt 0.94462 0.87625
vt 0.94301 0.87223
vt 0.39373 0.78591
vt 0.97737 0.84982
vt 0.97806 0.85863
vt 0.97023 0.87625
vt 0.77875 0.22326
vt 0.38281 0.81066
vt 0.77279 0.27883
vt 0.37711 0.92484
vt 0.1152 0.12268
vt 0.20427 0.46919
vt 0.22474 0.46807
vt 0.23168 0.46474
vt 0.21134 0.98132
vt 0.5139 0.61732
vt 0.40109 0.13626
vt 0.09198 0.89022
vt 0.08882 0.1569
vt 0.40816 0.81605
vt 0.02002 0.8936
vt 0.50745 0.89236
vt 0.50885 0.87951
vt 0.51037 0.89227
vt 0.53467 0.88547
vt 0.53768 0.87951
vt 0.53619 0.89822
vt 0.56189 0.9049
vt 0.56594 0.87951
vt 0.56232 0.90594
vt 0.59274 0.87951
vt 0.59378 0.89533
vt 0.58912 0.90594
vt 0.6187 0.87951
vt 0.61757 0.90594
vt 0.61634 0.88593
vt 0.64479 0.90473
vt 0.64437 0.90594
vt 0.64356 0.87951
vt 0.67167 0.88203
vt 0.67621 0.87951
vt 0.67078 0.90587
vt 0.70344 0.87951
vt 0.70287 0.89577
vt 0.69801 0.90587
vt 0.73143 0.87951
vt 0.73293 0.89336
vt 0.72523 0.90462
vt 0.76015 0.87951
vt 0.75276 0.89624
vt 0.75245 0.89077
vt 0.78585 0.87951
vt 0.78581 0.88057
vt 0.77967 0.89667
vt 0.81307 0.88166
vt 0.80689 0.89881
vt 0.81302 0.87951
vt 0.83412 0.90533
vt 0.83606 0.87951
vt 0.84024 0.88603
vt 0.37007 0.16705
vt 0.82069 0.24571
vt 0.83682 0.09441
vt 0.6047 0.43928
vt 0.2094 0.12354
vt 0.55658 0.13422
vt 0.59574 0.42288
vt 0.58347 0.13284
vt 0.86427 0.87979
vt 0.86381 0.87951
vt 0.86134 0.88145
vt 0.89399 0.87951
vt 0.88856 0.88001
vt 0.89152 0.88145
vt 0.91833 0.87951
vt 0.91578 0.88066
vt 0.93524 0.88328
vt 0.60528 0.1216
vt 0.95322 0.88136
vt 0.95704 0.88263
vt 0.94301 0.87951
vt 0.61748 0.12348
vt 0.35791 0.18305
vt 0.26001 0.51543
vt 0.04348 0.21005
vt 0.97023 0.8855
vt 0.98308 0.87951
vt 0.99255 0.8878
vt 0.50745 0.90921
vt 0.5231 0.91346
vt 0.5188 0.9175
vt 0.57791 0.64583
vt 0.05678 0.52006
vt 0.05702 0.52019
vt 0.43624 0.82822
vt 0.42553 0.17999
vt 0.43202 0.83
vt 0.09407 0.18718
vt 0.42439 0.80531
vt 0.42259 0.77261
vt 0.82838 0.15393
vt 0.55969 0.13545
vt 0.91909 0.40767
vt 0.53468 0.91032
vt 0.55699 0.91287
vt 0.53467 0.90921
vt 0.24853 0.12429
vt 0.56412 0.90921
vt 0.56189 0.91083
vt 0.58422 0.91176
vt 0.58912 0.90921
vt 0.60427 0.91199
vt 0.61144 0.91015
vt 0.63082 0.91289
vt 0.61888 0.90921
vt 0.61634 0.91248
vt 0.65064 0.90929
vt 0.64356 0.90921
vt 0.64811 0.91256
vt 0.674 0.92351
vt 0.67078 0.92763
vt 0.67695 0.90921
vt 0.53707 0.39025
vt 0.70143 0.90921
vt 0.70181 0.93288
vt 0.69801 0.92054
vt 0.56473 0.3957
vt 0.73016 0.91224
vt 0.72861 0.90921
vt 0.72523 0.9127
vt 0.75776 0.90921
vt 0.75245 0.90963
vt 0.75438 0.9127
vt 0.26313 0.11013
vt 0.7857 0.9124
vt 0.7825 0.90921
vt 0.77967 0.91413
vt 0.81244 0.90921
vt 0.80689 0.91092
vt 0.80961 0.91413
vt 0.8352 0.90921
vt 0.83412 0.90922
vt 0.84675 0.91528
vt 0.86134 0.90921
vt 0.86492 0.9151
vt 0.87397 0.91526
vt 0.61768 0.13396
vt 0.61734 0.13595
vt 0.88856 0.91253
vt 0.90164 0.91284
vt 0.90423 0.90921
vt 0.92162 0.90921
vt 0.91578 0.9094
vt 0.92813 0.91344
vt 0.61352 0.13346
vt 0.27847 0.10591
vt 0.78397 0.21097
vt 0.78061 0.23891
vt 0.26159 0.52523
vt 0.26232 0.52203
vt 0.09966 0.20184
vt 0.44222 0.82153
vt 0.85069 0.21939
vt 0.84616 0.22237
vt 0.94383 0.93564
vt 0.94301 0.93251
vt 0.94868 0.90921
vt 0.97395 0.90921
vt 0.97677 0.91814
vt 0.97023 0.93564
vt 0.22868 0.15235
vt 0.22785 0.1524
vt 0.59885 0.41512
vt 0.62048 0.41328
vt 0.23527 0.14978
vt 0.24703 0.13215
vt 0.42688 0.41267
vt 0.24729 0.13046
vt 0.47785 0.41561
vt 0.51957 0.93891
vt 0.50745 0.94421
vt 0.52977 0.94251
vt 0.54886 0.94013
vt 0.53529 0.93891
vt 0.53467 0.94543
vt 0.57404 0.93891
vt 0.56189 0.94342
vt 0.57343 0.94543
vt 0.55138 0.38822
vt 0.61113 0.1521
vt 0.60378 0.93975
vt 0.58912 0.93891
vt 0.60716 0.94256
vt 0.61634 0.93891
vt 0.61757 0.94249
vt 0.63439 0.94256
vt 0.64473 0.9437
vt 0.64752 0.93891
vt 0.64356 0.96534
vt 0.59405 0.14989
vt 0.69109 0.94159
vt 0.68331 0.93891
vt 0.67078 0.94177
vt 0.80993 0.15941
vt 0.81062 0.16165
vt 0.80642 0.18888
vt 0.51374 0.38955
vt 0.71195 0.93891
vt 0.69801 0.93936
vt 0.72033 0.93969
vt 0.72523 0.93891
vt 0.72873 0.94142
vt 0.74755 0.93924
vt 0.31589 0.69703
vt 0.30852 0.69994
vt 0.3159 0.69703
vt 0.75605 0.93891
vt 0.7564 0.94184
vt 0.75245 0.9415
vt 0.78468 0.93924
vt 0.77967 0.94417
vt 0.78073 0.93891
vt 0.8079 0.95355
vt 0.80689 0.93891
vt 0.81195 0.93977
vt 0.83412 0.96104
vt 0.83925 0.93891
vt 0.83917 0.9619
vt 0.87312 0.93891
vt 0.86134 0.94348
vt 0.87899 0.93989
vt 0.88856 0.94249
vt 0.88857 0.9425
vt 0.90622 0.93891
vt 0.40481 0.78776
vt 0.40272 0.7812
vt 0.40587 0.78002
vt 0.40753 0.76252
vt 0.27263 0.12399
vt 0.28471 0.12195
vt 0.26956 0.12662
vt 0.27745 0.12007
vt 0.40599 0.75063
vt 0.92691 0.94296
vt 0.93811 0.93891
vt 0.91578 0.94148
vt 0.96533 0.9393
vt 0.96524 0.93891
vt 0.94301 0.94188
vt 0.27584 0.11591
vt 0.27688 0.11957
vt 0.40537 0.75189
vt 0.27695 0.12021
vt 0.97182 0.93891
vt 0.97023 0.94369
vt 0.99255 0.94072
vt 0.27286 0.11445
vt 0.50745 0.9686
vt 0.51525 0.97376
vt 0.5251 0.96892
vt 0.54681 0.97225
vt 0.55114 0.97136
vt 0.53467 0.9686
vt 0.57836 0.97376
vt 0.57055 0.9686
vt 0.56189 0.971
vt 0.31599 0.69703
vt 0.31591 0.69703
vt 0.31591 0.69703
vt 0.3159 0.69703
vt 0.32357 0.69331
vt 0.59952 0.97313
vt 0.60244 0.9686
vt 0.58912 0.96992
vt 0.63062 0.9686
vt 0.61634 0.97051
vt 0.63866 0.97184
vt 0.62697 0.14745
vt 0.25908 0.84162
vt 0.26845 0.83667
vt 0.26293 0.84181
vt 0.65058 0.9686
vt 0.64518 0.97125
vt 0.64356 0.97189
vt 0.29365 0.11556
vt 0.53357 0.3602
vt 0.53799 0.36055
vt 0.54582 0.3538
vt 0.67078 0.97235
vt 0.67138 0.97147
vt 0.67556 0.9686
vt 0.54434 0.35104
vt 0.71065 0.96922
vt 0.69801 0.97297
vt 0.71508 0.9686
vt 0.52159 0.342
vt 0.73388 0.9686
vt 0.72523 0.97534
vt 0.73982 0.97357
vt 0.64862 0.14647
vt 0.79599 0.20176
vt 0.77271 0.96863
vt 0.7726 0.9686
vt 0.75245 0.97555
vt 0.35422 0.21445
vt 0.047 0.23525
vt 0.40307 0.21519
vt 0.85968 0.28902
vt 0.47136 0.68286
vt 0.46739 0.67697
vt 0.4584 0.74407
vt 0.45447 0.75378
vt 0.77967 0.96863
vt 0.80199 0.97026
vt 0.77967 0.9686
vt 0.01371 0.9207
vt 0.01335 0.92053
vt 0.01252 0.91598
vt 0.82544 0.9727
vt 0.80689 0.9686
vt 0.82539 0.97273
vt 0.01381 0.91317
vt 0.55966 0.17601
vt 0.04132 0.50746
vt 0.02335 0.50216
vt 0.26966 0.49689
vt 0.26381 0.48749
vt 0.22971 0.15582
vt 0.82984 0.24143
vt 0.32791 0.87687
vt 0.3007 0.87904
vt 0.27369 0.87921
vt 0.014 0.90952
vt 0.54114 0.42029
vt 0.57977 0.16419
vt 0.58109 0.16689
vt 0.29195 0.87155
vt 0.31585 0.87133
vt 0.29703 0.86797
vt 0.82083 0.25307
vt 0.57779 0.16966
vt 0.58032 0.17124
vt 0.28525 0.71527
vt 0.28501 0.71032
vt 0.28512 0.71022
vt 0.23878 0.47919
vt 0.5806 0.16238
vt 0.29807 0.13015
vt 0.81564 0.21805
vt 0.2863 0.12259
vt 0.30468 0.11768
vt 0.29882 0.11706
vt 0.79451 0.22622
vt 0.26776 0.55782
vt 0.0553 0.25907
vt 0.36087 0.23765
vt 0.70749 0.36261
vt 0.70025 0.39368
vt 0.70299 0.36471
vt 0.04836 0.25007
vt 0.28817 0.54973
vt 0.71094 0.62257
vt 0.71719 0.59585
vt 0.0943 0.23817
vt 0.73383 0.59953
vt 0.48639 0.69173
vt 0.4809 0.67065
vt 0.09388 0.23699
vt 0.46936 0.79796
vt 0.46887 0.79726
vt 0.14107 0.92905
vt 0.07485 0.93468
vt 0.09348 0.93279
vt 0.11159 0.92979
vt 0.14039 0.92214
vt 0.14285 0.92102
vt 0.14153 0.91786
vt 0.07303 0.92443
vt 0.20533 0.18274
vt 0.13645 0.91547
vt 0.21444 0.17705
vt 0.22026 0.17037
vt 0.85279 0.21464
vt 0.58294 0.19519
vt 0.58078 0.19153
vt 0.57971 0.18466
vt 0.58177 0.18769
vt 0.85613 0.06293
vt 0.25416 0.15994
vt 0.59169 0.1833
vt 0.60358 0.17825
vt 0.82827 0.1983
vt 0.8274 0.18227
vt 0.96175 0.53193
vt 0.96704 0.53115
vt 0.24861 0.56933
vt 0.37652 0.25258
vt 0.10239 0.26113
vt 0.84383 0.9686
vt 0.84055 0.97039
vt 0.83412 0.97404
vt 0.49181 0.69696
vt 0.48642 0.69195
vt 0.48802 0.77964
vt 0.9147 0.17711
vt 0.42461 0.24584
vt 0.90509 0.27746
vt 0.41941 0.23926
vt 0.48267 0.79459
vt 0.48141 0.79787
vt 0.24954 0.56213
vt 0.43543 0.23685
vt 0.16333 0.9406
vt 0.0706 0.94427
vt 0.08863 0.94048
vt 0.14905 0.22344
vt 0.06528 0.77217
vt 0.07534 0.768
vt 0.07537 0.76795
vt 0.35497 0.53223
vt 0.07302 0.7645
vt 0.07541 0.76793
vt 0.48012 0.21573
vt 0.17879 0.20451
vt 0.88502 0.17415
vt 0.52508 0.2237
vt 0.88462 0.16941
vt 0.21366 0.20147
vt 0.88479 0.54807
vt 0.56332 0.20632
vt 0.9066 0.56569
vt 0.8586 0.19222
vt 0.44353 0.73576
vt 0.44561 0.7528
vt 0.44348 0.73588
vt 0.24543 0.59293
vt 0.08018 0.28364
vt 0.07455 0.27708
vt 0.24641 0.58549
vt 0.11167 0.26038
vt 0.17 0.96646
vt 0.17721 0.9722
vt 0.1957 0.96447
vt 0.43298 0.24781
vt 0.43451 0.25315
vt 0.91399 0.23681
vt 0.43053 0.24382
vt 0.42954 0.24543
vt 0.57056 0.5727
vt 0.91241 0.2294
vt 0.91505 0.28336
vt 0.44271 0.25848
vt 0.12722 0.95732
vt 0.04077 0.96074
vt 0.90555 0.20822
vt 0.48483 0.24659
vt 0.18197 0.23519
vt 0.18228 0.23475
vt 0.89299 0.18577
vt 0.90182 0.04896
vt 0.38228 0.26689
vt 0.05665 0.60916
vt 0.93206 0.30756
vt 0.92675 0.21157
vt 0.15183 0.25878
vt 0.80321 0.54482
vt 0.80199 0.624
vt 0.9263 0.10469
vt 0.09336 0.30985
vt 0.08744 0.30346
vt 0.22639 0.61976
vt 0.08661 0.30186
vt 0.2365 0.60948
vt 0.44694 0.27873
vt 0.0595 0.65037
vt 0.38921 0.29841
vt 0.05205 0.64196
vt 0.86147 0.9686
vt 0.86134 0.96865
vt 0.8635 0.97424
vt 0.09879 0.31811
vt 0.20295 0.64934
vt 0.07658 0.66
vt 0.40435 0.31683
vt 0.75138 0.36952
vt 0.75745 0.54834
vt 0.76169 0.55122
vt 0.14571 0.32131
vt 0.81041 0.35446
vt 0.44854 0.32052
vt 0.9724 0.30717
vt 0.17983 0.30234
vt 0.17269 0.30066
vt 0.46574 0.322
vt 0.81314 0.35872
vt 0.1627 0.31908
vt 0.97921 0.29679
vt 0.49132 0.31705
vt 0.58299 0.4863
vt 0.98741 0.24546
vt 0.98744 0.26661
vt 0.98918 0.24052
vt 0.84722 0.4682
vt 0.99004 0.2412
vt 0.20441 0.3112
vt 0.20565 0.31021
vt 0.50436 0.32509
vt 0.85706 0.43138
usemtl mat0
f 1/1/1 2/2/2 3/3/3
f 4/4/4 5/5/5 6/6/6
f 3/3/3 7/7/7 1/1/1
f 8/8/8 5/5/5 4/4/4
f 4/4/4 6/6/6 9/9/9
f 1/1/1 7/7/7 10/10/10
f 11/11/11 12/12/12 13/13/13
f 11/11/11 13/13/13 14/14/14
f 3/3/3 15/15/15 14/14/14
f 16/16/16 17/17/17 18/18/18
f 13/13/13 12/12/12 19/19/19
f 20/20/20 21/21/20 22/22/21
f 23/23/22 24/24/23 25/25/24
f 25/25/24 24/24/23 26/26/25
f 24/24/23 27/27/26 26/26/25
f 4/4/4 9/9/9 28/28/27
f 29/29/28 27/27/26 24/24/23
f 16/16/16 27/27/26 30/30/29
f 26/26/25 27/27/26 16/16/16
f 31/31/30 32/32/31 33/33/31
f 34/34/32 12/12/12 11/11/11
f 35/35/33 36/36/34 37/37/35
f 38/38/36 36/36/34 39/39/37
f 39/39/37 36/36/34 40/40/38
f 40/40/38 36/36/34 35/35/33
f 38/38/36 37/37/35 36/36/34
f 41/41/39 42/42/40 43/43/41
f 44/44/42 41/41/39 43/43/41
f 45/45/43 46/46/44 47/47/45
f 48/48/46 49/49/47 50/50/48
f 44/44/42 51/51/49 52/52/50
f 53/53/51 49/49/47 48/48/46
f 49/49/47 54/54/52 45/45/43
f 51/51/49 55/55/53 56/56/54
f 51/51/49 56/56/54 57/57/55
f 58/58/56 59/59/57 15/15/15
f 60/60/58 61/61/59 62/62/60
f 62/62/60 63/63/61 60/60/58
f 52/52/50 51/51/49 59/59/57
f 42/42/40 64/64/62 43/43/41
f 64/64/62 65/65/63 66/66/64
f 67/67/65 55/55/53 66/66/64
f 67/67/65 66/66/64 68/68/66
f 69/69/67 70/70/68 71/71/69
f 72/72/70 70/70/68 69/69/67
f 68/68/66 73/73/71 74/74/72
f 56/56/54 55/55/53 67/67/65
f 75/75/73 67/67/65 68/68/66
f 57/57/55 56/56/54 75/75/73
f 67/67/65 75/75/73 56/56/54
f 74/74/72 76/76/74 68/68/66
f 14/14/14 15/15/15 57/57/55
f 17/17/17 77/77/75 18/18/18
f 78/78/76 79/79/77 80/80/78
f 80/80/78 79/79/77 81/81/79
f 79/79/77 82/82/80 81/81/79
f 83/83/81 84/84/82 85/85/83
f 84/84/82 86/86/84 85/85/83
f 86/86/84 87/87/85 85/85/83
f 81/81/79 82/82/80 69/69/67
f 72/72/70 88/88/86 89/89/87
f 88/88/86 82/82/80 87/87/85
f 88/88/86 77/77/75 89/89/87
f 86/86/84 18/18/18 87/87/85
f 90/90/88 73/73/71 65/65/63
f 91/91/89 92/92/90 93/93/91
f 90/90/88 94/94/92 73/73/71
f 95/95/93 93/93/91 92/92/90
f 34/34/32 11/11/11 76/76/74
f 34/34/32 76/76/74 96/96/94
f 97/97/95 98/98/96 99/99/97
f 99/99/97 100/100/98 101/101/99
f 77/77/75 102/102/100 89/89/87
f 97/97/95 99/99/97 101/101/99
f 103/103/101 104/104/102 105/105/103
f 106/106/104 103/103/101 105/105/103
f 107/107/105 103/103/101 106/106/104
f 108/108/106 106/106/104 105/105/103
f 109/109/107 110/110/108 111/111/109
f 107/107/105 106/106/104 112/112/110
f 112/112/110 106/106/104 108/108/106
f 104/104/102 113/113/111 105/105/103
f 105/105/103 113/113/111 108/108/106
f 114/114/112 115/115/113 116/116/114
f 112/112/110 117/117/115 109/109/107
f 118/118/116 119/119/117 114/114/112
f 116/116/114 120/120/118 114/114/112
f 114/114/112 120/120/118 121/121/119
f 122/122/120 123/123/121 118/118/116
f 118/118/116 123/123/121 124/124/122
f 122/122/120 125/125/123 123/123/121
f 126/126/124 127/127/125 128/128/126
f 129/129/127 126/126/124 128/128/126
f 130/130/128 131/131/129 132/132/130
f 131/131/129 130/130/128 133/133/131
f 134/134/132 130/130/128 132/132/130
f 130/130/128 135/135/133 133/133/131
f 135/135/133 130/130/128 134/134/132
f 136/136/134 137/137/135 138/138/136
f 139/139/137 140/140/138 141/141/139
f 139/139/137 136/136/134 142/142/140
f 143/143/141 144/144/142 145/145/143
f 146/146/144 147/147/145 148/148/146
f 131/131/129 145/145/143 144/144/142
f 149/149/147 150/150/148 138/138/136
f 137/137/135 149/149/147 138/138/136
f 149/149/147 137/137/135 148/148/146
f 45/45/43 54/54/52 121/121/119
f 122/122/120 121/121/119 54/54/52
f 148/148/146 151/151/149 152/152/150
f 147/147/145 151/151/149 148/148/146
f 140/140/138 153/153/151 141/141/139
f 146/146/144 153/153/151 154/154/152
f 141/141/139 153/153/151 146/146/144
f 154/154/152 155/155/153 156/156/154
f 157/157/155 158/158/156 159/159/157
f 157/157/155 160/160/158 158/158/156
f 42/42/40 152/152/150 64/64/62
f 161/161/159 65/65/63 162/162/160
f 163/163/161 164/164/162 165/165/163
f 152/152/150 151/151/149 162/162/160
f 145/145/143 166/166/164 167/167/165
f 166/166/164 168/168/166 167/167/165
f 133/133/131 169/169/167 166/166/164
f 170/170/168 171/171/169 169/169/167
f 171/171/169 172/172/170 169/169/167
f 159/159/157 173/173/171 157/157/155
f 174/174/172 173/173/171 159/159/157
f 171/171/169 71/71/69 172/172/170
f 172/172/170 71/71/69 175/175/173
f 90/90/88 65/65/63 161/161/159
f 95/95/93 164/164/162 93/93/91
f 163/163/161 93/93/91 164/164/162
f 91/91/89 93/93/91 163/163/161
f 176/176/174 177/177/175 178/178/176
f 179/179/177 176/176/174 178/178/176
f 180/180/178 181/181/179 182/182/180
f 177/177/175 176/176/174 183/183/181
f 184/184/182 185/185/183 186/186/184
f 179/179/177 187/187/185 176/176/174
f 183/183/181 176/176/174 187/187/185
f 188/188/186 181/181/179 180/180/178
f 189/189/187 190/190/188 191/191/189
f 192/192/190 193/193/191 194/194/192
f 194/194/192 195/195/193 192/192/190
f 196/196/194 197/197/195 198/198/196
f 188/188/186 199/199/197 181/181/179
f 200/200/198 181/181/179 199/199/197
f 200/200/198 182/182/180 181/181/179
f 201/201/199 202/202/200 203/203/201
f 198/198/196 204/204/202 196/196/194
f 201/201/199 203/203/201 205/205/203
f 206/206/204 202/202/200 201/201/199
f 205/205/203 207/207/205 201/201/199
f 201/201/199 207/207/205 208/208/206
f 201/201/199 208/208/206 206/206/204
f 203/203/201 209/209/207 205/205/203
f 210/210/208 211/211/209 212/212/210
f 212/212/210 213/213/211 214/214/212
f 202/202/200 215/215/213 216/216/214
f 217/217/215 215/215/213 218/218/216
f 215/215/213 219/219/217 216/216/214
f 220/220/218 207/207/205 205/205/203
f 209/209/207 220/220/218 205/205/203
f 220/220/218 221/221/219 104/104/102
f 107/107/105 111/111/109 208/208/206
f 222/222/220 218/218/216 206/206/204
f 111/111/109 110/110/108 222/222/220
f 211/211/209 223/223/221 212/212/210
f 224/224/222 213/213/211 225/225/223
f 226/226/224 227/227/225 228/228/226
f 228/228/226 229/229/227 226/226/224
f 230/230/228 231/231/229 232/232/230
f 233/233/231 227/227/225 226/226/224
f 234/234/232 213/213/211 224/224/222
f 224/224/222 235/235/233 234/234/232
f 236/236/234 142/142/140 235/235/233
f 237/237/235 238/238/236 113/113/111
f 144/144/142 239/239/237 129/129/127
f 240/240/238 241/241/239 242/242/240
f 242/242/240 241/241/239 243/243/241
f 241/241/239 244/244/242 243/243/241
f 245/245/243 127/127/125 246/246/244
f 127/127/125 126/126/124 246/246/244
f 126/126/124 247/247/245 246/246/244
f 243/243/241 244/244/242 248/248/246
f 249/249/247 250/250/248 251/251/249
f 250/250/248 244/244/242 247/247/245
f 250/250/248 239/239/237 251/251/249
f 126/126/124 129/129/127 247/247/245
f 252/252/250 253/253/251 254/254/252
f 255/255/253 256/256/254 257/257/255
f 231/231/229 258/258/256 259/259/257
f 230/230/228 258/258/256 231/231/229
f 260/260/258 261/261/259 262/262/260
f 263/263/261 264/264/262 265/265/263
f 139/139/137 142/142/140 236/236/234
f 266/266/264 236/236/234 254/254/252
f 253/253/251 266/266/264 254/254/252
f 266/266/264 253/253/251 262/262/260
f 262/262/260 267/267/265 268/268/266
f 143/143/141 239/239/237 144/144/142
f 261/261/259 267/267/265 262/262/260
f 256/256/254 269/269/267 257/257/255
f 260/260/258 269/269/267 270/270/268
f 257/257/255 269/269/267 260/260/258
f 271/271/269 272/272/270 273/273/271
f 274/274/272 273/273/271 275/275/273
f 274/274/272 276/276/274 273/273/271
f 140/140/138 268/268/266 153/153/151
f 268/268/266 154/154/152 153/153/151
f 277/277/275 278/278/276 279/279/277
f 278/278/276 277/277/275 280/280/278
f 281/281/279 282/282/280 283/283/281
f 282/282/280 284/284/282 283/283/281
f 251/251/249 285/285/283 282/282/280
f 143/143/141 286/286/284 285/285/283
f 286/286/284 287/287/285 285/285/283
f 275/275/273 288/288/286 274/274/272
f 289/289/287 288/288/286 275/275/273
f 286/286/284 290/290/288 287/287/285
f 291/291/289 280/280/278 277/277/275
f 177/177/175 292/292/290 178/178/176
f 293/293/291 294/294/292 295/295/293
f 293/293/291 295/295/293 296/296/294
f 297/297/295 298/298/296 299/299/297
f 300/300/298 177/177/175 183/183/181
f 301/301/299 302/302/300 303/303/301
f 184/184/182 186/186/184 304/304/302
f 299/299/297 305/305/303 297/297/295
f 306/306/304 307/307/305 308/308/306
f 309/309/307 307/307/305 306/306/304
f 308/308/306 310/310/308 306/306/304
f 311/311/309 312/312/310 313/313/311
f 193/193/191 314/314/312 194/194/192
f 315/315/313 314/314/312 193/193/191
f 314/314/312 316/316/314 194/194/192
f 308/308/306 317/317/315 310/310/308
f 317/317/315 318/318/316 319/319/317
f 320/320/318 317/317/315 319/319/317
f 321/321/319 320/320/318 322/322/320
f 323/323/321 321/321/319 322/322/320
f 194/194/192 316/316/314 195/195/193
f 316/316/314 310/310/308 321/321/319
f 324/324/322 311/311/309 325/325/323
f 325/325/323 311/311/309 326/326/324
f 297/297/295 327/327/325 298/298/296
f 327/327/325 328/328/326 329/329/327
f 330/330/328 329/329/327 331/331/329
f 315/315/313 332/332/330 333/333/331
f 309/309/307 315/315/313 333/333/331
f 200/200/198 204/204/202 334/334/332
f 334/334/332 204/204/202 335/335/333
f 336/336/334 337/337/335 305/305/303
f 305/305/303 337/337/335 297/297/295
f 337/337/335 327/327/325 297/297/295
f 329/329/327 328/328/326 338/338/336
f 339/339/337 340/340/338 338/338/336
f 341/341/339 338/338/336 328/328/326
f 342/342/340 343/343/341 344/344/340
f 345/345/342 198/198/196 346/346/343
f 347/347/344 348/348/344 349/349/344
f 350/350/345 351/351/346 352/352/347
f 353/353/348 354/354/349 355/355/349
f 352/352/347 356/356/350 357/357/351
f 358/358/352 359/359/353 341/341/339
f 359/359/353 358/358/352 360/360/354
f 361/361/355 358/358/352 341/341/339
f 358/358/352 362/362/356 360/360/354
f 362/362/356 358/358/352 361/361/355
f 363/363/357 364/364/358 319/319/317
f 365/365/359 322/322/320 320/320/318
f 366/366/360 323/323/321 322/322/320
f 366/366/360 322/322/320 365/365/359
f 366/366/360 367/367/361 323/323/321
f 364/364/358 368/368/362 365/365/359
f 369/369/363 364/364/358 363/363/357
f 370/370/364 371/371/365 372/372/366
f 372/372/366 373/373/367 374/374/368
f 375/375/369 376/376/370 377/377/371
f 378/378/372 376/376/370 379/379/373
f 372/372/366 378/378/372 373/373/367
f 371/371/365 377/377/371 376/376/370
f 380/380/374 368/368/362 381/381/375
f 216/216/214 219/219/217 351/351/346
f 352/352/347 351/351/346 219/219/217
f 373/373/367 382/382/376 383/383/377
f 384/384/378 378/378/372 379/379/373
f 385/385/379 386/386/379 387/387/379
f 388/388/380 389/389/380 390/390/380
f 391/391/381 392/392/381 393/393/381
f 394/394/382 395/395/382 396/396/382
f 397/397/383 398/398/384 399/399/385
f 400/400/386 397/397/383 399/399/385
f 211/211/209 401/401/387 223/223/221
f 383/383/377 228/228/226 402/402/388
f 403/403/389 229/229/227 382/382/376
f 403/403/389 382/382/376 384/384/378
f 229/229/227 403/403/389 404/404/390
f 405/405/391 359/359/353 360/360/354
f 384/384/378 406/406/392 407/407/393
f 408/408/394 409/409/395 410/410/396
f 409/409/395 411/411/397 410/410/396
f 412/412/398 413/413/399 414/414/400
f 415/415/401 416/416/402 417/417/403
f 418/418/404 412/412/398 414/414/400
f 419/419/405 420/420/406 416/416/402
f 417/417/403 416/416/402 420/420/406
f 421/421/407 413/413/399 412/412/398
f 407/407/393 403/403/389 384/384/378
f 409/409/395 422/422/408 411/411/397
f 407/407/393 404/404/390 403/403/389
f 423/423/409 424/424/410 425/425/411
f 426/426/412 427/427/413 428/428/414
f 419/419/405 399/399/385 429/429/415
f 426/426/412 423/423/409 430/430/416
f 431/431/417 432/432/418 265/265/263
f 433/433/419 256/256/254 255/255/253
f 433/433/419 434/434/420 256/256/254
f 435/435/421 436/436/422 264/264/262
f 264/264/262 437/437/423 435/435/421
f 426/426/412 438/438/424 427/427/413
f 439/439/425 440/440/426 441/441/427
f 439/439/425 442/442/428 440/440/426
f 256/256/254 434/434/420 269/269/267
f 434/434/420 270/270/268 269/269/267
f 443/443/429 272/272/270 444/444/430
f 272/272/270 443/443/429 445/445/431
f 446/446/432 447/447/433 448/448/434
f 447/447/433 414/414/400 413/413/399
f 449/449/435 450/450/436 448/448/434
f 451/451/437 452/452/438 453/453/439
f 452/452/438 454/454/440 453/453/439
f 454/454/440 455/455/441 453/453/439
f 441/441/427 456/456/442 439/439/425
f 457/457/443 456/456/442 441/441/427
f 458/458/444 445/445/431 459/459/445
f 459/459/445 445/445/431 443/443/429
f 460/460/446 461/461/447 462/462/448
f 463/463/449 460/460/446 462/462/448
f 464/464/450 465/465/451 466/466/452
f 461/461/447 460/460/446 467/467/453
f 463/463/449 464/464/450 460/460/446
f 467/467/453 460/460/446 464/464/450
f 468/468/454 466/466/452 469/469/455
f 469/469/455 470/470/456 468/468/454
f 471/471/457 472/472/458 473/473/459
f 471/471/457 473/473/459 474/474/460
f 469/469/455 466/466/452 475/475/461
f 476/476/462 477/477/463 465/465/451
f 465/465/451 477/477/463 478/478/464
f 465/465/451 478/478/464 479/479/465
f 480/480/466 481/481/467 482/482/468
f 483/483/469 481/481/467 484/484/470
f 485/485/471 486/486/472 487/487/473
f 484/484/470 488/488/474 483/483/469
f 489/489/475 490/490/476 491/491/477
f 492/492/478 490/490/476 489/489/475
f 493/493/479 494/494/480 495/495/481
f 489/489/475 324/324/322 492/492/478
f 484/484/470 496/496/482 488/488/474
f 497/497/483 496/496/482 498/498/484
f 497/497/483 488/488/474 496/496/482
f 495/495/481 494/494/480 318/318/316
f 499/499/485 318/318/316 494/494/480
f 463/463/449 485/485/471 476/476/462
f 500/500/486 471/471/457 501/501/487
f 479/479/465 502/502/488 475/475/461
f 485/485/471 492/492/478 476/476/462
f 477/477/463 324/324/322 325/325/323
f 478/478/464 503/503/489 479/479/465
f 331/331/329 504/504/490 505/505/491
f 505/505/491 504/504/490 506/506/492
f 507/507/493 508/508/494 509/509/495
f 510/510/496 498/498/484 511/511/497
f 510/510/496 512/512/498 498/498/484
f 513/513/499 508/508/494 507/507/493
f 514/514/500 509/509/495 515/515/501
f 515/515/501 516/516/502 514/514/500
f 517/517/503 514/514/500 518/518/504
f 509/509/495 519/519/505 507/507/493
f 499/499/485 497/497/483 520/520/506
f 520/520/506 521/521/507 499/499/485
f 507/507/493 522/522/508 523/523/509
f 340/340/338 504/504/490 331/331/329
f 524/524/510 340/340/338 339/339/337
f 525/525/511 526/526/512 501/501/487
f 501/501/487 526/526/512 527/527/513
f 526/526/512 528/528/514 527/527/513
f 525/525/511 506/506/492 526/526/512
f 506/506/492 528/528/514 526/526/512
f 529/529/515 528/528/514 530/530/516
f 527/527/513 528/528/514 529/529/515
f 530/530/516 528/528/514 506/506/492
f 319/319/317 521/521/507 363/363/357
f 521/521/507 531/531/517 363/363/357
f 523/523/509 370/370/364 532/532/518
f 371/371/365 522/522/508 377/377/371
f 533/533/519 377/377/371 522/522/508
f 375/375/369 377/377/371 533/533/519
f 534/534/520 535/535/521 536/536/522
f 537/537/523 538/538/523 539/539/523
f 536/536/522 535/535/521 540/540/524
f 540/540/524 541/541/525 536/536/522
f 542/542/526 540/540/524 543/543/527
f 544/544/528 535/535/521 545/545/529
f 546/546/530 547/547/531 548/548/532
f 549/549/533 550/550/533 551/551/533
f 552/552/534 553/553/534 554/554/534
f 555/555/535 556/556/535 557/557/535
f 544/544/528 558/558/536 543/543/527
f 559/559/537 560/560/537 561/561/537
f 562/562/538 542/542/526 563/563/539
f 564/564/540 565/565/541 566/566/542
f 563/563/539 542/542/526 567/567/543
f 568/568/544 569/569/545 565/565/541
f 570/570/546 571/571/547 569/569/545
f 572/572/548 573/573/549 574/574/550
f 568/568/544 575/575/551 569/569/545
f 576/576/552 415/415/401 417/417/403
f 418/418/404 414/414/400 575/575/551
f 569/569/545 577/577/553 570/570/546
f 578/578/554 579/579/555 546/546/530
f 580/580/556 579/579/555 578/578/554
f 580/580/556 581/581/557 579/579/555
f 582/582/558 583/583/559 584/584/560
f 585/585/561 582/582/558 586/586/562
f 584/584/560 583/583/559 587/587/563
f 588/588/564 589/589/565 590/590/566
f 591/591/567 547/547/531 546/546/530
f 579/579/555 591/591/567 546/546/530
f 591/591/567 579/579/555 581/581/557
f 592/592/568 547/547/531 591/591/567
f 581/581/557 592/592/568 591/591/567
f 423/423/409 592/592/568 430/430/416
f 593/593/569 582/582/558 584/584/560
f 594/594/570 595/595/571 596/596/572
f 597/597/573 596/596/572 595/595/571
f 597/597/573 595/595/571 593/593/569
f 596/596/572 597/597/573 598/598/574
f 587/587/563 599/599/575 584/584/560
f 600/600/576 587/587/563 601/601/577
f 602/602/578 603/603/579 599/599/575
f 604/604/580 571/571/547 605/605/581
f 570/570/546 605/605/581 571/571/547
f 602/602/578 606/606/582 603/603/579
f 584/584/560 599/599/575 593/593/569
f 447/447/433 446/446/432 607/607/583
f 607/607/583 608/608/584 577/577/553
f 577/577/553 608/608/584 570/570/546
f 609/609/585 610/610/586 603/603/579
f 608/608/584 605/605/581 570/570/546
f 603/603/579 606/606/582 609/609/585
f 611/611/587 597/597/573 593/593/569
f 612/612/588 598/598/574 611/611/587
f 611/611/587 598/598/574 597/597/573
f 613/613/589 614/614/590 615/615/591
f 616/616/592 613/613/589 615/615/591
f 614/614/590 613/613/589 617/617/593
f 616/616/592 618/618/594 613/613/589
f 617/617/593 613/613/589 618/618/594
f 616/616/592 619/619/595 618/618/594
f 620/620/596 621/621/597 622/622/598
f 622/622/598 623/623/599 620/620/596
f 624/624/600 623/623/599 622/622/598
f 624/624/600 622/622/598 625/625/601
f 621/621/597 626/626/602 625/625/601
f 622/622/598 621/621/597 625/625/601
f 616/616/592 615/615/591 627/627/603
f 628/628/604 629/629/605 630/630/606
f 631/631/607 632/632/608 633/633/609
f 631/631/607 633/633/609 634/634/610
f 635/635/611 636/636/612 637/637/613
f 638/638/614 639/639/615 637/637/613
f 636/636/612 640/640/616 641/641/617
f 637/637/613 636/636/612 641/641/617
f 461/461/447 642/642/618 462/462/448
f 616/616/592 627/627/603 619/619/595
f 643/643/619 627/627/603 628/628/604
f 644/644/620 626/626/602 619/619/595
f 645/645/621 646/646/622 647/647/623
f 626/626/602 648/648/624 625/625/601
f 649/649/625 650/650/626 651/651/627
f 625/625/601 648/648/624 624/624/600
f 649/649/625 652/652/628 653/653/629
f 654/654/630 655/655/631 656/656/632
f 639/639/615 638/638/614 657/657/633
f 658/658/634 659/659/635 651/651/627
f 660/660/636 661/661/637 662/662/638
f 649/649/625 663/663/639 652/652/628
f 664/664/640 652/652/628 663/663/639
f 663/663/639 659/659/635 665/665/641
f 666/666/642 461/461/447 467/467/453
f 642/642/618 461/461/447 666/666/642
f 655/655/631 666/666/642 667/667/643
f 667/667/643 468/468/454 470/470/456
f 668/668/644 669/669/644 670/670/644
f 671/671/645 472/472/458 471/471/457
f 672/672/646 673/673/647 674/674/648
f 675/675/649 676/676/650 677/677/651
f 678/678/652 679/679/653 680/680/654
f 681/681/655 675/675/649 664/664/640
f 682/682/656 664/664/640 675/675/649
f 681/681/655 676/676/650 675/675/649
f 683/683/657 632/632/608 631/631/607
f 684/684/658 685/685/659 686/686/660
f 687/687/661 688/688/662 689/689/663
f 684/684/658 690/690/664 691/691/665
f 480/480/466 692/692/666 693/693/667
f 694/694/668 692/692/666 480/480/466
f 692/692/666 695/695/669 693/693/667
f 684/684/658 696/696/670 685/685/659
f 697/697/671 698/698/672 699/699/673
f 700/700/674 685/685/659 696/696/670
f 693/693/667 695/695/669 701/701/675
f 702/702/676 701/701/675 695/695/669
f 701/701/675 702/702/676 511/511/497
f 687/687/661 689/689/663 703/703/677
f 704/704/678 705/705/679 706/706/680
f 707/707/681 706/706/680 705/705/679
f 708/708/682 642/642/618 703/703/677
f 689/689/663 708/708/682 703/703/677
f 671/671/645 709/709/683 710/710/684
f 709/709/683 711/711/685 710/710/684
f 712/712/686 713/713/687 714/714/688
f 715/715/689 716/716/690 717/717/691
f 718/718/692 719/719/693 720/720/694
f 719/719/693 721/721/695 720/720/694
f 702/702/676 700/700/674 722/722/696
f 723/723/697 716/716/690 714/714/688
f 724/724/698 725/725/699 726/726/700
f 723/723/697 714/714/688 727/727/701
f 721/721/695 727/727/701 714/714/688
f 515/515/501 728/728/702 516/516/502
f 729/729/703 721/721/695 719/719/693
f 516/516/502 730/730/704 731/731/705
f 732/732/706 733/733/707 734/734/708
f 735/735/709 734/734/708 736/736/710
f 737/737/711 738/738/712 739/739/713
f 735/735/709 736/736/710 740/740/714
f 709/709/683 500/500/486 741/741/715
f 500/500/486 742/742/716 741/741/715
f 742/742/716 743/743/717 741/741/715
f 744/744/718 745/745/719 746/746/720
f 739/739/713 747/747/721 744/744/718
f 718/718/692 745/745/719 744/744/718
f 748/748/722 737/737/711 739/739/713
f 736/736/710 749/749/723 740/740/714
f 742/742/716 750/750/724 743/743/717
f 751/751/725 752/752/726 729/729/703
f 753/753/727 754/754/728 699/699/673
f 715/715/689 699/699/673 754/754/728
f 715/715/689 754/754/728 712/712/686
f 755/755/729 713/713/687 712/712/686
f 756/756/730 757/757/731 758/758/732
f 756/756/730 759/759/733 757/757/731
f 760/760/734 761/761/735 762/762/736
f 759/759/733 763/763/737 764/764/738
f 759/759/733 764/764/738 765/765/739
f 765/765/739 766/766/740 759/759/733
f 762/762/736 757/757/731 767/767/741
f 768/768/742 769/769/743 770/770/744
f 771/771/745 772/772/746 773/773/747
f 772/772/746 769/769/743 768/768/742
f 774/774/748 775/775/749 768/768/742
f 776/776/750 775/775/749 774/774/748
f 765/765/739 764/764/738 777/777/751
f 774/774/748 778/778/752 776/776/750
f 779/779/753 780/780/754 778/778/752
f 781/781/755 766/766/740 541/541/525
f 781/781/755 767/767/741 766/766/740
f 782/782/756 783/783/757 784/784/758
f 785/785/759 786/786/760 787/787/761
f 787/787/761 786/786/760 788/788/762
f 789/789/763 790/790/764 791/791/765
f 789/789/763 791/791/765 792/792/766
f 762/762/736 767/767/741 793/793/767
f 788/788/762 794/794/768 795/795/769
f 795/795/769 796/796/770 788/788/762
f 797/797/771 798/798/772 799/799/773
f 800/800/774 801/801/775 802/802/776
f 803/803/777 800/800/774 802/802/776
f 791/791/765 804/804/778 792/792/766
f 805/805/779 806/806/780 799/799/773
f 784/784/758 794/794/768 807/807/781
f 784/784/758 783/783/757 794/794/768
f 808/808/782 566/566/542 809/809/783
f 808/808/782 798/798/772 810/810/784
f 798/798/772 808/808/782 805/805/779
f 805/805/779 799/799/773 798/798/772
f 770/770/744 811/811/785 812/812/786
f 813/813/787 811/811/785 770/770/744
f 813/813/787 814/814/788 811/811/785
f 815/815/789 816/816/790 817/817/791
f 818/818/792 815/815/789 819/819/793
f 817/817/791 816/816/790 820/820/794
f 821/821/795 822/822/796 816/816/790
f 823/823/797 779/779/753 812/812/786
f 811/811/785 823/823/797 812/812/786
f 823/823/797 811/811/785 814/814/788
f 824/824/798 779/779/753 823/823/797
f 814/814/788 824/824/798 823/823/797
f 825/825/799 826/826/800 827/827/801
f 826/826/800 828/828/802 819/819/793
f 825/825/799 827/827/801 601/601/577
f 819/819/793 815/815/789 826/826/800
f 820/820/794 829/829/803 817/817/791
f 830/830/804 820/820/794 831/831/805
f 832/832/806 833/833/807 829/829/803
f 832/832/806 801/801/775 834/834/808
f 835/835/809 834/834/808 801/801/775
f 832/832/806 834/834/808 833/833/807
f 827/827/801 836/836/810 601/601/577
f 836/836/810 829/829/803 833/833/807
f 833/833/807 837/837/811 836/836/810
f 838/838/812 839/839/813 840/840/814
f 840/840/814 839/839/813 841/841/815
f 842/842/816 837/837/811 833/833/807
f 842/842/816 834/834/808 835/835/809
f 833/833/807 834/834/808 842/842/816
f 843/843/817 844/844/818 845/845/819
f 843/843/817 845/845/819 846/846/820
f 847/847/821 848/848/822 849/849/823
f 849/849/823 848/848/822 850/850/824
f 851/851/825 852/852/826 853/853/827
f 854/854/828 853/853/827 855/855/829
f 854/854/828 851/851/825 853/853/827
f 856/856/830 857/857/831 858/858/832
f 856/856/830 859/859/833 857/857/831
f 857/857/831 859/859/833 860/860/834
f 861/861/835 862/862/836 863/863/837
f 864/864/838 862/862/836 861/861/835
f 865/865/839 866/866/840 867/867/841
f 864/864/838 861/861/835 868/868/842
f 869/869/843 870/870/844 871/871/845
f 869/869/843 871/871/845 872/872/846
f 872/872/846 873/873/847 869/869/843
f 869/869/843 873/873/847 874/874/848
f 875/875/849 876/876/850 877/877/851
f 878/878/852 876/876/850 875/875/849
f 875/875/849 877/877/851 852/852/826
f 879/879/853 880/880/854 881/881/855
f 879/879/853 881/881/855 865/865/839
f 882/882/856 881/881/855 880/880/854
f 859/859/833 614/614/590 871/871/845
f 872/872/846 617/617/593 620/620/596
f 883/883/857 873/873/847 623/623/599
f 884/884/858 866/866/840 865/865/839
f 885/885/859 884/884/858 865/865/839
f 886/886/860 887/887/861 882/882/856
f 887/887/861 886/886/860 888/888/862
f 889/889/863 886/886/860 882/882/856
f 886/886/860 890/890/864 888/888/862
f 890/890/864 886/886/860 889/889/863
f 891/891/865 855/855/829 853/853/827
f 853/853/827 852/852/826 891/891/865
f 629/629/605 892/892/866 630/630/606
f 893/893/867 894/894/868 895/895/869
f 629/629/605 615/615/591 856/856/830
f 896/896/870 897/897/871 898/898/872
f 899/899/873 900/900/874 901/901/875
f 902/902/876 903/903/877 904/904/878
f 901/901/875 900/900/874 905/905/879
f 905/905/879 906/906/880 901/901/875
f 907/907/881 905/905/879 908/908/882
f 909/909/883 900/900/874 910/910/884
f 904/904/878 911/911/885 902/902/876
f 912/912/886 913/913/887 914/914/888
f 909/909/883 910/910/884 915/915/889
f 916/916/890 912/912/886 894/894/868
f 917/917/891 918/918/892 919/919/893
f 920/920/894 921/921/894 922/922/894
f 923/923/895 924/924/895 925/925/895
f 926/926/896 927/927/896 928/928/896
f 929/929/897 930/930/898 896/896/870
f 930/930/898 931/931/899 896/896/870
f 932/932/900 933/933/901 934/934/900
f 673/673/647 890/890/864 935/935/902
f 936/936/903 937/937/904 938/938/905
f 939/939/906 907/907/881 940/940/907
f 941/941/908 942/942/909 943/943/910
f 944/944/911 931/931/899 945/945/912
f 946/946/913 947/947/914 943/943/910
f 948/948/915 946/946/913 949/949/916
f 950/950/917 951/951/918 938/938/905
f 896/896/870 931/931/899 944/944/911
f 950/950/917 938/938/905 937/937/904
f 952/952/919 953/953/919 954/954/919
f 955/955/920 956/956/921 957/957/922
f 958/958/923 959/959/924 960/960/925
f 673/673/647 672/672/646 961/961/926
f 962/962/927 963/963/928 958/958/923
f 958/958/923 963/963/928 959/959/924
f 964/964/929 948/948/915 965/965/930
f 966/966/931 967/967/932 968/968/933
f 949/949/916 969/969/934 948/948/915
f 970/970/935 971/971/936 972/972/937
f 973/973/938 971/971/936 970/970/935
f 973/973/938 970/970/935 974/974/939
f 975/975/940 976/976/941 974/974/939
f 937/937/904 956/956/921 950/950/917
f 962/962/927 672/672/646 678/678/652
f 977/977/942 680/680/654 978/978/943
f 977/977/942 963/963/928 962/962/927
f 963/963/928 977/977/942 975/975/940
f 975/975/940 959/959/924 963/963/928
f 903/903/877 979/979/944 904/904/878
f 980/980/945 979/979/944 903/903/877
f 980/980/945 981/981/946 979/979/944
f 980/980/945 982/982/947 983/983/948
f 983/983/948 982/982/947 984/984/949
f 985/985/950 911/911/885 904/904/878
f 979/979/944 985/985/950 904/904/878
f 985/985/950 979/979/944 981/981/946
f 986/986/951 911/911/885 985/985/950
f 981/981/946 986/986/951 985/985/950
f 690/690/664 986/986/951 691/691/665
f 987/987/952 988/988/953 981/981/946
f 983/983/948 989/989/954 987/987/952
f 989/989/954 990/990/955 991/991/956
f 992/992/957 989/989/954 991/991/956
f 993/993/958 992/992/957 994/994/959
f 995/995/960 993/993/958 994/994/959
f 691/691/665 988/988/953 996/996/961
f 988/988/953 987/987/952 993/993/958
f 698/698/672 997/997/962 699/699/673
f 973/973/938 998/998/963 999/999/964
f 1000/1000/965 998/998/963 1001/1001/966
f 1001/1001/966 1002/1002/967 1000/1000/965
f 974/974/939 998/998/963 973/973/938
f 978/978/943 680/680/654 735/735/709
f 978/978/943 1003/1003/968 976/976/941
f 740/740/714 1004/1004/969 1003/1003/968
f 1003/1003/968 1001/1001/966 976/976/941
f 1005/1005/970 1006/1006/971 1007/1007/972
f 1008/1008/973 1005/1005/970 1007/1007/972
f 1009/1009/974 1008/1008/973 1010/1010/975
f 1011/1011/976 1012/1012/977 1002/1002/967
f 1013/1013/978 1014/1014/979 1015/1015/980
f 749/749/723 1014/1014/979 1013/1013/978
f 1004/1004/969 1013/1013/978 1011/1011/976
f 1011/1011/976 1002/1002/967 1004/1004/969
f 1016/1016/981 1017/1017/982 1018/1018/983
f 1018/1018/983 1019/1019/984 1016/1016/981
f 991/991/956 1017/1017/982 992/992/957
f 1018/1018/983 1017/1017/982 1020/1020/985
f 1021/1021/986 995/995/960 994/994/959
f 1016/1016/981 1019/1019/984 1022/1022/987
f 1018/1018/983 1023/1023/988 1019/1019/984
f 1023/1023/988 1018/1018/983 1020/1020/985
f 1020/1020/985 1024/1024/989 1023/1023/988
f 1025/1025/990 1023/1023/988 1024/1024/989
f 1025/1025/990 1019/1019/984 1023/1023/988
f 1022/1022/987 1019/1019/984 1025/1025/990
f 1026/1026/991 1020/1020/985 1027/1027/992
f 1021/1021/986 1028/1028/993 1029/1029/994
f 1022/1022/987 1028/1028/993 1021/1021/986
f 1028/1028/993 1022/1022/987 1030/1030/995
f 1028/1028/993 771/771/745 1029/1029/994
f 1028/1028/993 1030/1030/995 771/771/745
f 1031/1031/996 1032/1032/997 1033/1033/998
f 1031/1031/996 1033/1033/998 1024/1024/989
f 1034/1034/999 1033/1033/998 1035/1035/1000
f 1036/1036/1001 1037/1037/1002 1038/1038/1003
f 1039/1039/1004 1040/1040/1005 1041/1041/1006
f 1042/1042/1007 1034/1034/999 1035/1035/1000
f 1034/1034/999 1042/1042/1007 1030/1030/995
f 1042/1042/1007 769/769/743 772/772/746
f 1043/1043/1008 1044/1044/1009 1040/1040/1005
f 1043/1043/1008 1040/1040/1005 1039/1039/1004
f 1043/1043/1008 1045/1045/1010 1044/1044/1009
f 1007/1007/972 1006/1006/971 1046/1046/1011
f 1047/1047/1012 1048/1048/1013 1049/1049/1014
f 1050/1050/1015 1051/1051/1016 1052/1052/1017
f 1046/1046/1011 1052/1052/1017 1053/1053/1018
f 1015/1015/980 1014/1014/979 789/789/763
f 1015/1015/980 1054/1054/1019 1047/1047/1012
f 792/792/766 1055/1055/1020 1054/1054/1019
f 1054/1054/1019 1048/1048/1013 1047/1047/1012
f 1056/1056/1021 1057/1057/1022 1058/1058/1023
f 1059/1059/1024 1060/1060/1025 1039/1039/1004
f 1052/1052/1017 1056/1056/1021 1053/1053/1018
f 1057/1057/1022 1061/1061/1026 1062/1062/1027
f 1061/1061/1026 1057/1057/1022 1051/1051/1016
f 1043/1043/1008 1039/1039/1004 1060/1060/1025
f 1060/1060/1025 1045/1045/1010 1043/1043/1008
f 803/803/777 802/802/776 1063/1063/1028
f 1061/1061/1026 1063/1063/1028 1062/1062/1027
f 1064/1064/1029 1063/1063/1028 1061/1061/1026
f 1061/1061/1026 1051/1051/1016 1064/1064/1029
f 1065/1065/1030 1066/1066/1030 1032/1032/997
f 1067/1067/1031 1068/1068/1032 1069/1069/1033
f 1070/1070/1034 1071/1071/1035 1038/1038/1003
f 1067/1067/1031 1072/1072/1036 1068/1068/1032
f 1073/1073/1037 769/769/743 1074/1074/1038
f 821/821/795 1075/1075/1039 822/822/796
f 1044/1044/1009 822/822/796 1075/1075/1039
f 1036/1036/1001 1076/1076/1040 1077/1077/1041
f 1078/1078/1042 1079/1079/1043 1080/1080/1044
f 1078/1078/1042 1081/1081/1045 1079/1079/1043
f 1078/1078/1042 1058/1058/1023 1081/1081/1045
f 1082/1082/1046 802/802/776 830/830/804
f 1045/1045/1010 1082/1082/1046 831/831/805
f 1082/1082/1046 830/830/804 831/831/805
f 1083/1083/1047 1084/1084/1048 1085/1085/1049
f 1083/1083/1047 1085/1085/1049 1086/1086/1050
f 1086/1086/1050 1085/1085/1049 1087/1087/1051
f 1087/1087/1051 1088/1088/1052 1086/1086/1050
f 1085/1085/1049 1084/1084/1048 1089/1089/1053
f 1087/1087/1051 1085/1085/1049 1089/1089/1053
f 1090/1090/1054 1091/1091/1055 1092/1092/1056
f 1093/1093/1057 1094/1094/1058 1095/1095/1059
f 1096/1096/1060 1090/1090/1054 1094/1094/1058
f 1095/1095/1059 1094/1094/1058 1090/1090/1054
f 1097/1097/1061 1092/1092/1056 1098/1098/1062
f 1098/1098/1062 1099/1099/1063 1097/1097/1061
f 1100/1100/1064 1101/1101/1065 1102/1102/1066
f 1100/1100/1064 1102/1102/1066 1103/1103/1067
f 1098/1098/1062 1092/1092/1056 1104/1104/1068
f 1105/1105/1069 1106/1106/1070 1091/1091/1055
f 1091/1091/1055 1106/1106/1070 1107/1107/1071
f 1091/1091/1055 1107/1107/1071 1108/1108/1072
f 1109/1109/1073 1084/1084/1048 1083/1083/1047
f 1110/1110/1074 1111/1111/1075 1112/1112/1076
f 1096/1096/1060 1089/1089/1053 1113/1113/1077
f 1110/1110/1074 1114/1114/1078 1115/1115/1079
f 845/845/819 1116/1116/1080 846/846/820
f 1117/1117/1081 1116/1116/1080 845/845/819
f 1118/1118/1082 1119/1119/1083 847/847/821
f 845/845/819 844/844/818 1117/1117/1081
f 1110/1110/1074 1120/1120/1084 1111/1111/1075
f 1121/1121/1085 1122/1122/1085 1123/1123/1085
f 1124/1124/1086 1111/1111/1075 1120/1120/1084
f 847/847/821 1119/1119/1083 848/848/822
f 1125/1125/1087 848/848/822 1119/1119/1083
f 848/848/822 1125/1125/1087 850/850/824
f 1096/1096/1060 1113/1113/1077 1105/1105/1069
f 1126/1126/1088 1127/1127/1088 1128/1128/1088
f 1129/1129/1089 1100/1100/1064 1130/1130/1090
f 1131/1131/1091 1132/1132/1092 1103/1103/1067
f 1133/1133/1093 1134/1134/1093 1135/1135/1093
f 1113/1113/1077 1117/1117/1081 1105/1105/1069
f 1136/1136/1094 1137/1137/1094 1138/1138/1094
f 1106/1106/1070 844/844/818 862/862/836
f 1139/1139/1095 1140/1140/1095 1141/1141/1095
f 864/864/838 1142/1142/1096 1107/1107/1071
f 1143/1143/1097 1144/1144/1097 1145/1145/1097
f 1146/1146/1098 1132/1132/1092 1131/1131/1091
f 867/867/841 866/866/840 1146/1146/1098
f 1147/1147/1099 1148/1148/1099 1149/1149/1099
f 1150/1150/1100 1151/1151/1100 1152/1152/1100
f 1153/1153/1101 1154/1154/1102 1155/1155/1103
f 1156/1156/1104 1157/1157/1104 1158/1158/1104
f 1155/1155/1103 1159/1159/1105 1160/1160/1106
f 1161/1161/1107 1162/1162/1107 1163/1163/1107
f 1164/1164/1108 1165/1165/1108 1166/1166/1108
f 1167/1167/1109 1168/1168/1109 1169/1169/1109
f 1170/1170/1110 1171/1171/1110 1172/1172/1110
f 1173/1173/1111 1174/1174/1111 1175/1175/1111
f 1176/1176/1112 1177/1177/1112 1178/1178/1112
f 1132/1132/1092 1179/1179/1113 1130/1130/1090
f 1130/1130/1090 1179/1179/1113 1180/1180/1114
f 1179/1179/1113 1181/1181/1115 1180/1180/1114
f 1146/1146/1098 866/866/840 1182/1182/1116
f 866/866/840 884/884/858 1182/1182/1116
f 884/884/858 1183/1183/1117 1182/1182/1116
f 1184/1184/1118 1185/1185/1118 1186/1186/1118
f 1180/1180/1114 1181/1181/1115 1187/1187/1119
f 884/884/858 885/885/859 1183/1183/1117
f 1188/1188/1120 1189/1189/1120 1190/1190/1120
f 1191/1191/1121 1192/1192/1122 1193/1193/1123
f 1194/1194/1124 1195/1195/1125 1196/1196/1126
f 1197/1197/1127 1195/1195/1125 1194/1194/1124
f 1198/1198/1128 1199/1199/1129 1193/1193/1123
f 1200/1200/1130 1201/1201/1131 1202/1202/1132
f 1203/1203/1133 1204/1204/1134 1205/1205/1135
f 1201/1201/1131 1206/1206/1136 1197/1197/1127
f 1200/1200/1130 1202/1202/1132 1207/1207/1137
f 1202/1202/1132 1208/1208/1138 1207/1207/1137
f 1209/1209/1139 1210/1210/1140 1211/1211/1141
f 1192/1192/1122 1212/1212/1142 1193/1193/1123
f 1193/1193/1123 1212/1212/1142 1198/1198/1128
f 1198/1198/1128 1211/1211/1141 1213/1213/1143
f 1214/1214/1144 1215/1215/1144 1216/1216/1144
f 1217/1217/1145 1218/1218/1146 1219/1219/1147
f 1219/1219/1147 1218/1218/1146 1220/1220/1148
f 1221/1221/1149 901/901/875 906/906/880
f 906/906/880 939/939/906 1222/1222/1150
f 1205/1205/1135 1223/1223/1151 1203/1203/1133
f 1224/1224/1152 1203/1203/1133 1225/1225/1153
f 1226/1226/1154 1225/1225/1153 1227/1227/1155
f 1227/1227/1155 1223/1223/1151 1228/1228/1156
f 1229/1229/1157 1230/1230/1158 1231/1231/1159
f 1227/1227/1155 1228/1228/1156 1231/1231/1159
f 1232/1232/1160 1230/1230/1158 1229/1229/1157
f 1230/1230/1158 1233/1233/1161 1226/1226/1154
f 1234/1234/1162 1235/1235/1163 1236/1236/1164
f 1200/1200/1130 1207/1207/1137 1237/1237/1165
f 1238/1238/1166 1239/1239/1167 1240/1240/1168
f 1241/1241/1169 1242/1242/1169 1243/1243/1169
f 1244/1244/1170 1245/1245/1170 1246/1246/1170
f 1247/1247/1171 1248/1248/1172 1228/1228/1156
f 1229/1229/1157 1231/1231/1159 1249/1249/1173
f 1250/1250/1174 1251/1251/1174 1252/1252/1174
f 1253/1253/1175 1254/1254/1175 1255/1255/1175
f 1256/1256/1176 1257/1257/1176 1258/1258/1176
f 1222/1222/1150 1239/1239/1167 1207/1207/1137
f 1222/1222/1150 939/939/906 1239/1239/1167
f 1247/1247/1171 941/941/908 943/943/910
f 1259/1259/1177 1248/1248/1172 947/947/914
f 1259/1259/1177 1249/1249/1173 1248/1248/1172
f 947/947/914 964/964/929 1259/1259/1177
f 1229/1229/1157 1260/1260/1178 1232/1232/1160
f 1261/1261/1179 1262/1262/1180 1263/1263/1181
f 1264/1264/1182 1265/1265/1183 1266/1266/1184
f 1229/1229/1157 1249/1249/1173 1260/1260/1178
f 1264/1264/1182 1267/1267/1185 1268/1268/1186
f 1268/1268/1186 1269/1269/1187 1264/1264/1182
f 1264/1264/1182 1269/1269/1187 1265/1265/1183
f 1270/1270/1188 1271/1271/1189 1272/1272/1190
f 1266/1266/1184 1272/1272/1190 1271/1271/1189
f 1273/1273/1191 1274/1274/1192 1271/1271/1189
f 1265/1265/1183 1272/1272/1190 1266/1266/1184
f 1272/1272/1190 1275/1275/1193 1270/1270/1188
f 1275/1275/1193 1272/1272/1190 1265/1265/1183
f 1259/1259/1177 1276/1276/1194 1249/1249/1173
f 1270/1270/1188 1277/1277/1195 1278/1278/1196
f 1259/1259/1177 964/964/929 1276/1276/1194
f 1279/1279/1197 1280/1280/1198 1281/1281/1199
f 1282/1282/1200 966/966/931 968/968/933
f 1275/1275/1193 1265/1265/1183 1269/1269/1187
f 1283/1283/1201 971/971/936 973/973/938
f 1284/1284/1202 1210/1210/1140 1209/1209/1139
f 1285/1285/1203 1286/1286/1204 1287/1287/1205
f 1288/1288/1206 1210/1210/1140 1289/1289/1207
f 1290/1290/1208 1291/1291/1209 1289/1289/1207
f 982/982/947 1218/1218/1146 1217/1217/1145
f 1288/1288/1206 1292/1292/1210 1217/1217/1145
f 1292/1292/1210 1293/1293/1211 984/984/949
f 1288/1288/1206 1289/1289/1207 1292/1292/1210
f 1290/1290/1208 1294/1294/1212 1291/1291/1209
f 1294/1294/1212 1290/1290/1208 1295/1295/1213
f 1286/1286/1204 1296/1296/1214 1297/1297/1215
f 1298/1298/1216 1297/1297/1215 1296/1296/1214
f 1299/1299/1217 1291/1291/1209 1294/1294/1212
f 984/984/949 1293/1293/1211 990/990/955
f 1300/1300/1218 990/990/955 1293/1293/1211
f 1301/1301/1219 1302/1302/1220 1303/1303/1221
f 1301/1301/1219 1304/1304/1222 1302/1302/1220
f 1302/1302/1220 1304/1304/1222 1305/1305/1223
f 1306/1306/1224 1307/1307/1224 1308/1308/1224
f 1309/1309/1225 1310/1310/1226 1311/1311/1227
f 1312/1312/1228 1309/1309/1225 1311/1311/1227
f 1311/1311/1227 1313/1313/1229 1312/1312/1228
f 1314/1314/1230 1313/1313/1229 1311/1311/1227
f 1303/1303/1221 1296/1296/1214 1286/1286/1204
f 1296/1296/1214 1310/1310/1226 1298/1298/1216
f 1303/1303/1221 1310/1310/1226 1296/1296/1214
f 1305/1305/1223 1315/1315/1231 1314/1314/1230
f 1315/1315/1231 1305/1305/1223 1316/1316/1232
f 1316/1316/1232 1317/1317/1233 1315/1315/1231
f 1318/1318/1234 1315/1315/1231 1317/1317/1233
f 1318/1318/1234 1314/1314/1230 1315/1315/1231
f 1319/1319/1235 1320/1320/1236 1321/1321/1237
f 1312/1312/1228 1319/1319/1235 1309/1309/1225
f 1312/1312/1228 1322/1322/1238 1319/1319/1235
f 1323/1323/1239 1324/1324/1240 1322/1322/1238
f 1312/1312/1228 1313/1313/1229 1322/1322/1238
f 1325/1325/1241 1326/1326/1242 1323/1323/1239
f 1316/1316/1232 1327/1327/1243 1328/1328/1244
f 1327/1327/1243 1329/1329/1245 1328/1328/1244
f 1329/1329/1245 1330/1330/1246 1328/1328/1244
f 1331/1331/1247 1281/1281/1199 1280/1280/1198
f 1332/1332/1248 1333/1333/1249 1334/1334/1250
f 1332/1332/1248 1334/1334/1250 1335/1335/1251
f 1333/1333/1249 1336/1336/1252 1334/1334/1250
f 1283/1283/1201 999/999/964 1337/1337/1253
f 1331/1331/1247 1010/1010/975 1338/1338/1254
f 973/973/938 999/999/964 1283/1283/1201
f 1328/1328/1244 1317/1317/1233 1316/1316/1232
f 1317/1317/1233 1330/1330/1246 1318/1318/1234
f 1328/1328/1244 1330/1330/1246 1317/1317/1233
f 1339/1339/1255 1340/1340/1256 1341/1341/1257
f 1338/1338/1254 1342/1342/1258 1343/1343/1259
f 1342/1342/1258 1007/1007/972 1344/1344/1260
f 1008/1008/973 1338/1338/1254 1010/1010/975
f 1345/1345/1261 1321/1321/1237 1346/1346/1262
f 1347/1347/1263 1348/1348/1264 1349/1349/1265
f 1321/1321/1237 1320/1320/1236 1346/1346/1262
f 1347/1347/1263 1350/1350/1266 1351/1351/1267
f 1349/1349/1265 1352/1352/1268 1347/1347/1263
f 1352/1352/1268 1353/1353/1269 1354/1354/1270
f 1355/1355/1271 1341/1341/1257 1353/1353/1269
f 1354/1354/1270 1356/1356/1272 1352/1352/1268
f 1026/1026/991 1357/1357/1273 1031/1031/996
f 1358/1358/1274 1359/1359/1275 1360/1360/1276
f 1361/1361/1277 1358/1358/1274 1360/1360/1276
f 1362/1362/1278 1363/1363/1279 1360/1360/1276
f 1364/1364/1280 1363/1363/1279 1365/1365/1281
f 1364/1364/1280 1366/1366/1282 1361/1361/1277
f 1353/1353/1269 1367/1367/1283 1354/1354/1270
f 1354/1354/1270 1367/1367/1283 1368/1368/1284
f 1344/1344/1260 1369/1369/1285 1370/1370/1286
f 1369/1369/1285 1046/1046/1011 1053/1053/1018
f 1369/1369/1285 1053/1053/1018 1371/1371/1287
f 1372/1372/1288 1364/1364/1280 1365/1365/1281
f 1373/1373/1289 1374/1374/1290 1366/1366/1282
f 1371/1371/1287 1373/1373/1289 1372/1372/1288
f 1373/1373/1289 1058/1058/1023 1374/1374/1290
f 1056/1056/1021 1371/1371/1287 1053/1053/1018
f 1067/1067/1031 1359/1359/1275 1358/1358/1274
f 1067/1067/1031 1358/1358/1274 1072/1072/1036
f 1361/1361/1277 1072/1072/1036 1358/1358/1274
f 1374/1374/1290 1058/1058/1023 1078/1078/1042
f 1366/1366/1282 1374/1374/1290 1080/1080/1044
f 1374/1374/1290 1078/1078/1042 1080/1080/1044
f 1375/1375/1291 1376/1376/1292 1377/1377/1293
f 1378/1378/1294 1375/1375/1291 1377/1377/1293
f 1379/1379/1295 1380/1380/1296 1381/1381/1297
f 1382/1382/1298 1379/1379/1295 1381/1381/1297
f 1383/1383/1299 1379/1379/1295 1382/1382/1298
f 1384/1384/1300 1385/1385/1301 1386/1386/1302
f 1382/1382/1298 1387/1387/1303 1386/1386/1302
f 1388/1388/1304 1385/1385/1301 1384/1384/1300
f 1385/1385/1301 1389/1389/1305 1383/1383/1299
f 1387/1387/1303 1390/1390/1306 1391/1391/1307
f 1387/1387/1303 1391/1391/1307 1392/1392/1308
f 1392/1392/1308 1393/1393/1309 1387/1387/1303
f 1384/1384/1300 1386/1386/1302 1394/1394/1310
f 1395/1395/1311 1390/1390/1306 1381/1381/1297
f 1396/1396/1312 1397/1397/1313 1398/1398/1314
f 1391/1391/1307 1390/1390/1306 1396/1396/1312
f 1392/1392/1308 1391/1391/1307 1399/1399/1315
f 1396/1396/1312 1399/1399/1315 1391/1391/1307
f 1400/1400/1316 1083/1083/1047 1399/1399/1315
f 1401/1401/1317 1393/1393/1309 1088/1088/1052
f 1401/1401/1317 1394/1394/1310 1393/1393/1309
f 1088/1088/1052 1093/1093/1057 1401/1401/1317
f 1384/1384/1300 1402/1402/1318 1388/1388/1304
f 1403/1403/1319 1388/1388/1304 1404/1404/1320
f 1405/1405/1321 1404/1404/1320 1406/1406/1322
f 1406/1406/1322 1402/1402/1318 1407/1407/1323
f 1405/1405/1321 1406/1406/1322 1408/1408/1324
f 1409/1409/1325 1410/1410/1326 1411/1411/1327
f 1384/1384/1300 1394/1394/1310 1402/1402/1318
f 1407/1407/1323 1412/1412/1328 1413/1413/1329
f 1413/1413/1329 1414/1414/1330 1407/1407/1323
f 1407/1407/1323 1414/1414/1330 1415/1415/1331
f 1410/1410/1326 1416/1416/1332 1417/1417/1333
f 1418/1418/1334 1419/1419/1335 1417/1417/1333
f 1420/1420/1336 1417/1417/1333 1416/1416/1332
f 1401/1401/1317 1412/1412/1328 1394/1394/1310
f 1401/1401/1317 1093/1093/1057 1412/1412/1328
f 1413/1413/1329 1095/1095/1059 1097/1097/1061
f 1421/1421/1337 1422/1422/1338 1101/1101/1065
f 1423/1423/1339 1424/1424/1340 1420/1420/1336
f 1424/1424/1340 1423/1423/1339 1425/1425/1341
f 1421/1421/1337 1423/1423/1339 1420/1420/1336
f 1423/1423/1339 1426/1426/1342 1425/1425/1341
f 1426/1426/1342 1423/1423/1339 1421/1421/1337
f 1427/1427/1343 1428/1428/1344 1377/1377/1293
f 1378/1378/1294 1377/1377/1293 1428/1428/1344
f 1429/1429/1345 1430/1430/1346 1431/1431/1347
f 1432/1432/1348 1429/1429/1345 1431/1431/1347
f 1433/1433/1349 1434/1434/1350 1428/1428/1344
f 1433/1433/1349 1435/1435/1351 1434/1434/1350
f 1436/1436/1352 1437/1437/1353 1438/1438/1354
f 1434/1434/1350 1436/1436/1352 1438/1438/1354
f 1439/1439/1355 1437/1437/1353 1436/1436/1352
f 1114/1114/1078 1439/1439/1355 1115/1115/1079
f 1439/1439/1355 1440/1440/1356 1115/1115/1079
f 1429/1429/1345 1435/1435/1351 1433/1433/1349
f 1441/1441/1357 1432/1432/1348 1442/1442/1358
f 1443/1443/1359 1435/1435/1351 1441/1441/1357
f 1440/1440/1356 1443/1443/1359 1444/1444/1360
f 1441/1441/1357 1444/1444/1360 1443/1443/1359
f 1445/1445/1361 1446/1446/1362 1447/1447/1363
f 1448/1448/1364 1449/1449/1365 1450/1450/1366
f 1451/1451/1367 1452/1452/1368 1453/1453/1369
f 1454/1454/1370 1418/1418/1334 1455/1455/1371
f 1424/1424/1340 1455/1455/1371 1418/1418/1334
f 1129/1129/1089 1426/1426/1342 1100/1100/1064
f 1456/1456/1372 1457/1457/1373 1458/1458/1374
f 1459/1459/1375 1457/1457/1373 1456/1456/1372
f 1460/1460/1376 1461/1461/1377 1462/1462/1378
f 1154/1154/1102 1463/1463/1379 1464/1464/1380
f 1464/1464/1380 1463/1463/1379 1465/1465/1381
f 1466/1466/1382 1467/1467/1383 1468/1468/1384
f 1155/1155/1103 1469/1469/1385 1159/1159/1105
f 1159/1159/1105 1469/1469/1385 1470/1470/1386
f 1455/1455/1371 1471/1471/1387 1472/1472/1388
f 1471/1471/1387 1473/1473/1389 1472/1472/1388
f 1425/1425/1341 1474/1474/1390 1471/1471/1387
f 1129/1129/1089 1475/1475/1391 1474/1474/1390
f 1475/1475/1391 1476/1476/1392 1474/1474/1390
f 1472/1472/1388 1473/1473/1389 1456/1456/1372
f 1459/1459/1375 1477/1477/1393 1478/1478/1394
f 1477/1477/1393 1473/1473/1389 1476/1476/1392
f 1477/1477/1393 1479/1479/1395 1478/1478/1394
f 1475/1475/1391 1480/1480/1396 1476/1476/1392
f 1481/1481/1397 1482/1482/1398 1431/1431/1347
f 1432/1432/1348 1431/1431/1347 1482/1482/1398
f 1483/1483/1399 1482/1482/1398 1481/1481/1397
f 1483/1483/1399 1484/1484/1400 1485/1485/1401
f 1485/1485/1401 1486/1486/1402 1487/1487/1403
f 1485/1485/1401 1484/1484/1400 1488/1488/1404
f 1488/1488/1404 1484/1484/1400 1489/1489/1405
f 1490/1490/1406 1491/1491/1407 1442/1442/1358
f 1487/1487/1403 1490/1490/1406 1442/1442/1358
f 1490/1490/1406 1487/1487/1403 1486/1486/1402
f 1197/1197/1127 1206/1206/1136 1449/1449/1365
f 1450/1450/1366 1449/1449/1365 1206/1206/1136
f 1486/1486/1402 1492/1492/1408 1493/1493/1409
f 1494/1494/1410 1492/1492/1408 1486/1486/1402
f 1488/1488/1404 1495/1495/1411 1494/1494/1410
f 1496/1496/1412 1497/1497/1413 1498/1498/1414
f 1499/1499/1415 1494/1494/1410 1495/1495/1411
f 1192/1192/1122 1493/1493/1409 1212/1212/1142
f 1500/1500/1416 1209/1209/1139 1501/1501/1417
f 1502/1502/1418 1500/1500/1416 1501/1501/1417
f 1493/1493/1409 1492/1492/1408 1501/1501/1417
f 1503/1503/1419 1504/1504/1420 1505/1505/1421
f 1459/1459/1375 1506/1506/1422 1457/1457/1373
f 1507/1507/1423 1508/1508/1424 1509/1509/1425
f 1224/1224/1152 1461/1461/1377 1460/1460/1376
f 1461/1461/1377 1224/1224/1152 1225/1225/1153
f 1226/1226/1154 1233/1233/1161 1467/1467/1383
f 1468/1468/1384 1467/1467/1383 1233/1233/1161
f 1510/1510/1426 1511/1511/1426 1512/1512/1426
f 1513/1513/1427 1498/1498/1414 1514/1514/1428
f 1513/1513/1427 1515/1515/1429 1498/1498/1414
f 1516/1516/1430 1515/1515/1429 1517/1517/1431
f 1518/1518/1432 1519/1519/1432 1520/1520/1432
f 1509/1509/1425 1521/1521/1433 1522/1522/1434
f 1523/1523/1435 1522/1522/1434 1521/1521/1433
f 1524/1524/1436 1525/1525/1436 1526/1526/1436
f 1503/1503/1419 1496/1496/1412 1516/1516/1430
f 1516/1516/1430 1504/1504/1420 1503/1503/1419
f 1517/1517/1431 1527/1527/1437 1528/1528/1438
f 1529/1529/1439 1530/1530/1439 1531/1531/1439
f 1532/1532/1440 1533/1533/1440 1534/1534/1440
f 1509/1509/1425 1535/1535/1441 1536/1536/1442
f 1535/1535/1441 1537/1537/1443 1536/1536/1442
f 1537/1537/1443 1538/1538/1444 1536/1536/1442
f 1478/1478/1394 1539/1539/1445 1540/1540/1446
f 1541/1541/1447 1542/1542/1448 1539/1539/1445
f 1542/1542/1448 1543/1543/1449 1539/1539/1445
f 1536/1536/1442 1521/1521/1433 1509/1509/1425
f 1521/1521/1433 1538/1538/1444 1523/1523/1435
f 1536/1536/1442 1538/1538/1444 1521/1521/1433
f 1542/1542/1448 1544/1544/1450 1543/1543/1449
f 1545/1545/1451 1546/1546/1451 1547/1547/1451
f 1284/1284/1202 1209/1209/1139 1500/1500/1416
f 1284/1284/1202 1500/1500/1416 1548/1548/1452
f 1505/1505/1421 1287/1287/1205 1549/1549/1453
f 1504/1504/1420 1528/1528/1438 1285/1285/1203
f 1528/1528/1438 1301/1301/1219 1285/1285/1203
f 1304/1304/1222 1527/1527/1437 1550/1550/1454
f 1551/1551/1455 1550/1550/1454 1527/1527/1437
f 1552/1552/1456 1553/1553/1456 1554/1554/1456
f 1555/1555/1457 1556/1556/1458 1557/1557/1459
f 1558/1558/1460 1555/1555/1457 1557/1557/1459
f 1559/1559/1461 1560/1560/1462 1561/1561/1461
f 1562/1562/1463 1563/1563/1464 1564/1564/1465
f 1565/1565/1466 1566/1566/1467 1567/1567/1468
f 1556/1556/1458 1555/1555/1457 1568/1568/1469
f 1558/1558/1460 1565/1565/1466 1555/1555/1457
f 1568/1568/1469 1555/1555/1457 1565/1565/1466
f 1569/1569/1470 1567/1567/1468 1570/1570/1471
f 1571/1571/1472 1562/1562/1463 1570/1570/1471
f 1571/1571/1472 1570/1570/1471 1572/1572/1473
f 1573/1573/1474 1567/1567/1468 1566/1566/1467
f 1574/1574/1475 1575/1575/1476 1566/1566/1467
f 1566/1566/1467 1575/1575/1476 1576/1576/1477
f 1577/1577/1478 1578/1578/1479 1573/1573/1474
f 1573/1573/1474 1578/1578/1479 1572/1572/1473
f 1577/1577/1478 1579/1579/1480 1578/1578/1479
f 1580/1580/1481 1581/1581/1482 1562/1562/1463
f 1582/1582/1483 1583/1583/1484 1584/1584/1485
f 1585/1585/1486 1571/1571/1472 1582/1582/1483
f 1586/1586/1487 1583/1583/1484 1582/1582/1483
f 1587/1587/1488 1584/1584/1485 1588/1588/1489
f 1588/1588/1489 1589/1589/1490 1587/1587/1488
f 1590/1590/1491 1591/1591/1492 1592/1592/1493
f 1590/1590/1491 1592/1592/1493 1593/1593/1494
f 1588/1588/1489 1584/1584/1485 1594/1594/1495
f 1578/1578/1479 1586/1586/1487 1572/1572/1473
f 1579/1579/1480 1586/1586/1487 1578/1578/1479
f 1583/1583/1484 1595/1595/1496 1596/1596/1497
f 1583/1583/1484 1596/1596/1497 1597/1597/1498
f 1558/1558/1460 1557/1557/1459 1598/1598/1499
f 1599/1599/1500 1600/1600/1501 1601/1601/1502
f 1601/1601/1502 1602/1602/1503 1599/1599/1500
f 1603/1603/1504 1604/1604/1505 1605/1605/1506
f 1376/1376/1292 1606/1606/1507 1377/1377/1293
f 1607/1607/1508 1608/1608/1509 1599/1599/1500
f 1607/1607/1508 1609/1609/1510 1608/1608/1509
f 1607/1607/1508 1610/1610/1511 1609/1609/1510
f 1611/1611/1512 1575/1575/1476 1574/1574/1475
f 1612/1612/1513 1611/1611/1512 1574/1574/1475
f 1611/1611/1512 1613/1613/1514 1380/1380/1296
f 1383/1383/1299 1389/1389/1305 1576/1576/1477
f 1577/1577/1478 1576/1576/1477 1389/1389/1305
f 1599/1599/1500 1604/1604/1505 1607/1607/1508
f 1604/1604/1505 1610/1610/1511 1607/1607/1508
f 1614/1614/1515 1603/1603/1504 1615/1615/1516
f 1616/1616/1517 1610/1610/1511 1614/1614/1515
f 1614/1614/1515 1615/1615/1516 1606/1606/1507
f 1613/1613/1514 1617/1617/1518 1380/1380/1296
f 1618/1618/1519 1619/1619/1520 1620/1620/1521
f 1620/1620/1521 1621/1621/1522 1618/1618/1519
f 1593/1593/1494 1619/1619/1520 1590/1590/1491
f 1618/1618/1519 1622/1622/1523 1619/1619/1520
f 1403/1403/1319 1595/1595/1496 1579/1579/1480
f 1595/1595/1496 1403/1403/1319 1404/1404/1320
f 1623/1623/1524 1624/1624/1525 1625/1625/1526
f 1411/1411/1327 1626/1626/1527 1624/1624/1525
f 1624/1624/1525 1620/1620/1521 1625/1625/1526
f 1618/1618/1519 1621/1621/1522 1627/1627/1528
f 1618/1618/1519 1627/1627/1528 1622/1622/1523
f 1628/1628/1529 1627/1627/1528 1621/1621/1522
f 1419/1419/1335 1626/1626/1527 1411/1411/1327
f 1629/1629/1530 1626/1626/1527 1419/1419/1335
f 1630/1630/1531 1631/1631/1532 1622/1622/1523
f 1632/1632/1533 1630/1630/1531 1622/1622/1523
f 1633/1633/1534 1634/1634/1535 1628/1628/1529
f 1634/1634/1535 1633/1633/1534 1635/1635/1536
f 1629/1629/1530 1633/1633/1534 1628/1628/1529
f 1633/1633/1534 1636/1636/1537 1635/1635/1536
f 1636/1636/1537 1633/1633/1534 1629/1629/1530
f 1637/1637/1538 1638/1638/1539 1605/1605/1506
f 1603/1603/1504 1605/1605/1506 1638/1638/1539
f 1377/1377/1293 1606/1606/1507 1427/1427/1343
f 1430/1430/1346 1639/1639/1540 1431/1431/1347
f 1640/1640/1541 1641/1641/1542 1638/1638/1539
f 1640/1640/1541 1642/1642/1543 1641/1641/1542
f 1641/1641/1542 1643/1643/1544 1615/1615/1516
f 1643/1643/1544 1644/1644/1545 1427/1427/1343
f 1643/1643/1544 1645/1645/1546 1644/1644/1545
f 1646/1646/1547 1647/1647/1548 1648/1648/1549
f 1649/1649/1550 1650/1650/1551 1640/1640/1541
f 1650/1650/1551 1647/1647/1548 1646/1646/1547
f 1651/1651/1552 1642/1642/1543 1646/1646/1547
f 1645/1645/1546 1642/1642/1543 1651/1651/1552
f 1651/1651/1552 1652/1652/1553 1639/1639/1540
f 1645/1645/1546 1430/1430/1346 1644/1644/1545
f 1634/1634/1535 1653/1653/1554 1654/1654/1555
f 1655/1655/1556 1656/1656/1557 1657/1657/1558
f 1454/1454/1370 1636/1636/1537 1418/1418/1334
f 1658/1658/1559 1659/1659/1560 1660/1660/1561
f 1661/1661/1562 1662/1662/1563 1663/1663/1564
f 1457/1457/1373 1664/1664/1565 1458/1458/1374
f 1665/1665/1566 1653/1653/1554 1666/1666/1567
f 1653/1653/1554 1667/1667/1568 1666/1666/1567
f 1667/1667/1568 1668/1668/1569 1666/1666/1567
f 1635/1635/1536 1669/1669/1570 1667/1667/1568
f 1454/1454/1370 1670/1670/1571 1669/1669/1570
f 1670/1670/1571 1671/1671/1572 1669/1669/1570
f 1672/1672/1573 1663/1663/1564 1657/1657/1558
f 1666/1666/1567 1668/1668/1569 1673/1673/1574
f 1661/1661/1562 1674/1674/1575 1675/1675/1576
f 1676/1676/1577 1668/1668/1569 1671/1671/1572
f 1674/1674/1575 1677/1677/1578 1675/1675/1576
f 1670/1670/1571 1458/1458/1374 1671/1671/1572
f 1431/1431/1347 1639/1639/1540 1481/1481/1397
f 1648/1648/1549 1678/1678/1579 1652/1652/1553
f 1679/1679/1580 1678/1678/1579 1648/1648/1549
f 1679/1679/1580 1680/1680/1581 1678/1678/1579
f 1681/1681/1582 1682/1682/1583 1683/1683/1584
f 1684/1684/1585 1681/1681/1582 1685/1685/1586
f 1683/1683/1584 1682/1682/1583 1686/1686/1587
f 1687/1687/1588 1688/1688/1589 1682/1682/1583
f 1689/1689/1590 1484/1484/1400 1483/1483/1399
f 1678/1678/1579 1690/1690/1591 1652/1652/1553
f 1690/1690/1591 1678/1678/1579 1680/1680/1581
f 1680/1680/1581 1689/1689/1590 1690/1690/1591
f 1484/1484/1400 1689/1689/1590 1489/1489/1405
f 1691/1691/1592 1681/1681/1582 1683/1683/1584
f 1489/1489/1405 1692/1692/1593 1693/1693/1594
f 1694/1694/1595 1695/1695/1596 1696/1696/1597
f 1694/1694/1595 1696/1696/1597 1691/1691/1592
f 1695/1695/1596 1694/1694/1595 1514/1514/1428
f 1686/1686/1587 1697/1697/1598 1683/1683/1584
f 1698/1698/1599 1699/1699/1600 1700/1700/1601
f 1698/1698/1599 1701/1701/1602 1702/1702/1603
f 1702/1702/1603 1703/1703/1604 1704/1704/1605
f 1662/1662/1563 1705/1705/1606 1706/1706/1607
f 1707/1707/1608 1708/1708/1609 1709/1709/1610
f 1702/1702/1603 1707/1707/1608 1703/1703/1604
f 1710/1710/1611 1706/1706/1607 1705/1705/1606
f 1683/1683/1584 1697/1697/1598 1691/1691/1592
f 1711/1711/1612 1712/1712/1613 1713/1713/1614
f 1507/1507/1423 1714/1714/1615 1508/1508/1424
f 1508/1508/1424 1714/1714/1615 1715/1715/1616
f 1703/1703/1604 1707/1707/1608 1714/1714/1615
f 1712/1712/1613 1694/1694/1595 1691/1691/1592
f 1712/1712/1613 1514/1514/1428 1694/1694/1595
f 1711/1711/1612 1716/1716/1617 1513/1513/1427
f 1717/1717/1618 1718/1718/1619 1507/1507/1423
f 1719/1719/1620 1661/1661/1562 1675/1675/1576
f 1720/1720/1621 1715/1715/1616 1721/1721/1622
f 1715/1715/1616 1709/1709/1610 1721/1721/1622
f 1722/1722/1623 1723/1723/1624 1724/1724/1625
f 1722/1722/1623 1724/1724/1625 1725/1725/1626
f 1726/1726/1627 1727/1727/1628 1728/1728/1629
f 1729/1729/1630 1730/1730/1631 1731/1731/1632
f 1732/1732/1633 1730/1730/1631 1729/1729/1630
f 1733/1733/1634 1728/1728/1629 1734/1734/1635
f 1727/1727/1628 1735/1735/1636 1734/1734/1635
f 1728/1728/1629 1727/1727/1628 1734/1734/1635
f 1736/1736/1637 1737/1737/1638 1738/1738/1639
f 1739/1739/1640 1736/1736/1637 1738/1738/1639
f 1740/1740/1641 1739/1739/1640 1738/1738/1639
f 1741/1741/1642 1742/1742/1643 1743/1743/1644
f 1739/1739/1640 1744/1744/1645 1723/1723/1624
f 1745/1745/1646 1746/1746/1647 1747/1747/1648
f 1746/1746/1647 1748/1748/1649 1747/1747/1648
f 1749/1749/1650 1750/1750/1651 1751/1751/1652
f 1737/1737/1638 1752/1752/1653 1738/1738/1639
f 1738/1738/1639 1752/1752/1653 1740/1740/1641
f 1740/1740/1641 1751/1751/1652 1753/1753/1654
f 1754/1754/1655 1755/1755/1656 1756/1756/1657
f 1757/1757/1658 1758/1758/1659 1759/1759/1660
f 1747/1747/1648 1748/1748/1649 1760/1760/1661
f 1761/1761/1662 1762/1762/1663 1743/1743/1644
f 1743/1743/1644 1762/1762/1663 1763/1763/1664
f 1762/1762/1663 1764/1764/1665 1763/1763/1664
f 1761/1761/1662 1765/1765/1666 1762/1762/1663
f 1747/1747/1648 1766/1766/1667 1767/1767/1668
f 1754/1754/1655 1764/1764/1665 1768/1768/1669
f 1763/1763/1664 1764/1764/1665 1754/1754/1655
f 1760/1760/1661 1766/1766/1667 1747/1747/1648
f 1769/1769/1670 1750/1750/1651 1749/1749/1650
f 1770/1770/1671 1771/1771/1672 1772/1772/1673
f 1773/1773/1674 1771/1771/1672 1758/1758/1659
f 1758/1758/1659 1771/1771/1672 1759/1759/1660
f 1759/1759/1660 1771/1771/1672 1770/1770/1671
f 1773/1773/1674 1772/1772/1673 1771/1771/1672
f 1774/1774/1675 1775/1775/1676 1776/1776/1677
f 1774/1774/1675 1776/1776/1677 1777/1777/1678
f 1777/1777/1678 1776/1776/1677 1778/1778/1679
f 1779/1779/1680 1780/1780/1680 1781/1781/1680
f 1782/1782/1681 1783/1783/1681 1784/1784/1681
f 1785/1785/1682 1786/1786/1683 1787/1787/1684
f 1785/1785/1682 1788/1788/1685 1786/1786/1683
f 1789/1789/1686 1790/1790/1687 1791/1791/1688
f 1792/1792/1689 1793/1793/1689 1790/1790/1687
f 1794/1794/1690 1795/1795/1691 1796/1796/1692
f 1797/1797/1693 1798/1798/1693 1799/1799/1693
f 1800/1800/1694 1794/1794/1690 1796/1796/1692
f 1800/1800/1694 1801/1801/1695 1794/1794/1690
f 1790/1790/1687 1802/1802/1696 1791/1791/1688
f 1803/1803/1697 1804/1804/1698 1805/1805/1699
f 1804/1804/1698 1803/1803/1697 1806/1806/1700
f 1807/1807/1701 1775/1775/1676 1774/1774/1675
f 1808/1808/1702 1809/1809/1702 1810/1810/1702
f 1807/1807/1701 1811/1811/1703 1775/1775/1676
f 1812/1812/1704 1813/1813/1705 1814/1814/1706
f 1815/1815/1707 1785/1785/1682 1787/1787/1684
f 1815/1815/1707 1787/1787/1684 1816/1816/1708
f 1817/1817/1709 1818/1818/1710 1819/1819/1710
f 1820/1820/1711 1821/1821/1712 1822/1822/1713
f 1823/1823/1714 1824/1824/1715 1825/1825/1716
f 1826/1826/1717 1795/1795/1691 1827/1827/1718
f 1826/1826/1717 1796/1796/1692 1795/1795/1691
f 1828/1828/1719 1829/1829/1719 1830/1830/1719
f 1817/1817/1709 1812/1812/1704 1831/1831/1720
f 1832/1832/1721 1833/1833/1722 1834/1834/1723
f 1835/1835/1724 1836/1836/1725 1837/1837/1726
f 1838/1838/1727 1835/1835/1724 1837/1837/1726
f 1839/1839/1728 1840/1840/1729 1841/1841/1730
f 1839/1839/1728 1841/1841/1730 1842/1842/1731
f 1843/1843/1732 1844/1844/1733 1845/1845/1734
f 1836/1836/1725 1835/1835/1724 1846/1846/1735
f 1838/1838/1727 1843/1843/1732 1835/1835/1724
f 1846/1846/1735 1835/1835/1724 1843/1843/1732
f 1847/1847/1736 1845/1845/1734 1848/1848/1737
f 1849/1849/1738 1839/1839/1728 1848/1848/1737
f 1849/1849/1738 1848/1848/1737 1850/1850/1739
f 1851/1851/1740 1845/1845/1734 1844/1844/1733
f 1852/1852/1741 1853/1853/1742 1844/1844/1733
f 1844/1844/1733 1853/1853/1742 1854/1854/1743
f 1855/1855/1744 1856/1856/1745 1851/1851/1740
f 1851/1851/1740 1856/1856/1745 1850/1850/1739
f 1855/1855/1744 1857/1857/1746 1856/1856/1745
f 1858/1858/1747 1840/1840/1729 1839/1839/1728
f 1859/1859/1748 1860/1860/1749 1861/1861/1750
f 1862/1862/1751 1849/1849/1738 1859/1859/1748
f 1863/1863/1752 1860/1860/1749 1859/1859/1748
f 1864/1864/1753 1865/1865/1754 1866/1866/1755
f 1866/1866/1755 1867/1867/1756 1864/1864/1753
f 1868/1868/1757 1867/1867/1756 1866/1866/1755
f 1868/1868/1757 1866/1866/1755 1869/1869/1758
f 1866/1866/1755 1865/1865/1754 1869/1869/1758
f 1856/1856/1745 1863/1863/1752 1850/1850/1739
f 1857/1857/1746 1863/1863/1752 1856/1856/1745
f 1860/1860/1749 1870/1870/1759 1871/1871/1760
f 1860/1860/1749 1871/1871/1760 1872/1872/1761
f 1873/1873/1762 1874/1874/1763 1837/1837/1726
f 1875/1875/1764 1874/1874/1763 1876/1876/1765
f 1877/1877/1766 1874/1874/1763 1875/1875/1764
f 1876/1876/1765 1878/1878/1767 1875/1875/1764
f 1877/1877/1766 1875/1875/1764 1879/1879/1768
f 1875/1875/1764 1878/1878/1767 1879/1879/1768
f 1880/1880/1769 1881/1881/1770 1882/1882/1771
f 1880/1880/1769 1882/1882/1771 1883/1883/1772
f 1884/1884/1773 1885/1885/1774 1883/1883/1772
f 1886/1886/1775 1882/1882/1771 1887/1887/1776
f 1888/1888/1777 1887/1887/1776 1889/1889/1778
f 1890/1890/1779 1891/1891/1780 1892/1892/1781
f 1838/1838/1727 1877/1877/1766 1852/1852/1741
f 1853/1853/1742 1893/1893/1782 1854/1854/1743
f 1894/1894/1783 1853/1853/1742 1852/1852/1741
f 1894/1894/1783 1879/1879/1768 1895/1895/1784
f 1893/1893/1782 1853/1853/1742 1894/1894/1783
f 1855/1855/1744 1854/1854/1743 1563/1563/1464
f 1893/1893/1782 1896/1896/1785 1564/1564/1465
f 1891/1891/1780 1895/1895/1784 1879/1879/1768
f 1891/1891/1780 1556/1556/1458 1895/1895/1784
f 1896/1896/1785 1568/1568/1469 1569/1569/1470
f 1569/1569/1470 1564/1564/1465 1896/1896/1785
f 1897/1897/1786 1868/1868/1757 1898/1898/1787
f 1899/1899/1788 1900/1900/1789 1869/1869/1758
f 1870/1870/1759 1901/1901/1790 1871/1871/1760
f 1581/1581/1482 1870/1870/1759 1857/1857/1746
f 1902/1902/1791 1903/1903/1792 1904/1904/1793
f 1902/1902/1791 1905/1905/1794 1906/1906/1794
f 1907/1907/1795 1908/1908/1796 1899/1899/1788
f 1908/1908/1796 1909/1909/1797 1910/1910/1798
f 1911/1911/1799 1912/1912/1800 1913/1913/1801
f 1914/1914/1802 1912/1912/1800 1911/1911/1799
f 1915/1915/1803 1580/1580/1481 1585/1585/1486
f 1915/1915/1803 1585/1585/1486 1587/1587/1488
f 1916/1916/1804 1909/1909/1797 1591/1591/1492
f 1916/1916/1804 1910/1910/1798 1909/1909/1797
f 1900/1900/1789 1917/1917/1805 1898/1898/1787
f 1898/1898/1787 1917/1917/1805 1918/1918/1806
f 1917/1917/1805 1919/1919/1807 1918/1918/1806
f 1900/1900/1789 1910/1910/1798 1917/1917/1805
f 1910/1910/1798 1919/1919/1807 1917/1917/1805
f 1918/1918/1806 1919/1919/1807 1911/1911/1799
f 1914/1914/1802 1920/1920/1808 1921/1921/1809
f 1920/1920/1808 1922/1922/1810 1921/1921/1809
f 1922/1922/1810 1920/1920/1808 1916/1916/1804
f 1923/1923/1811 1881/1881/1770 1880/1880/1769
f 1889/1889/1778 1881/1881/1770 1924/1924/1812
f 1925/1925/1813 1926/1926/1814 1924/1924/1812
f 1925/1925/1813 1923/1923/1811 1927/1927/1815
f 1600/1600/1501 1928/1928/1816 1601/1601/1502
f 1928/1928/1816 1929/1929/1817 1601/1601/1502
f 1889/1889/1778 1924/1924/1812 1928/1928/1816
f 1600/1600/1501 1930/1930/1818 1888/1888/1777
f 1925/1925/1813 1931/1931/1819 1926/1926/1814
f 1931/1931/1819 1932/1932/1820 1933/1933/1821
f 1934/1934/1822 1931/1931/1819 1933/1933/1821
f 1935/1935/1823 1934/1934/1822 1936/1936/1824
f 1937/1937/1825 1935/1935/1823 1936/1936/1824
f 1601/1601/1502 1929/1929/1817 1602/1602/1503
f 1929/1929/1817 1926/1926/1814 1935/1935/1823
f 1602/1602/1503 1937/1937/1825 1605/1605/1506
f 1914/1914/1802 1938/1938/1826 1912/1912/1800
f 1939/1939/1827 1940/1940/1827 1941/1941/1827
f 1631/1631/1532 1922/1922/1810 1590/1590/1491
f 1942/1942/1828 1943/1943/1829 1944/1944/1830
f 1945/1945/1831 1946/1946/1832 1947/1947/1833
f 1948/1948/1834 1945/1945/1831 1947/1947/1833
f 1945/1945/1831 1949/1949/1835 1946/1946/1832
f 1950/1950/1836 1949/1949/1835 1945/1945/1831
f 1950/1950/1836 1945/1945/1831 1948/1948/1834
f 1951/1951/1837 1938/1938/1826 1952/1952/1838
f 1938/1938/1826 1953/1953/1839 1952/1952/1838
f 1953/1953/1839 1954/1954/1840 1952/1952/1838
f 1921/1921/1809 1955/1955/1841 1953/1953/1839
f 1631/1631/1532 1630/1630/1531 1955/1955/1841
f 1630/1630/1531 1956/1956/1842 1955/1955/1841
f 1952/1952/1838 1957/1957/1843 1951/1951/1837
f 1957/1957/1843 1954/1954/1840 1948/1948/1834
f 1952/1952/1838 1954/1954/1840 1957/1957/1843
f 1630/1630/1531 1632/1632/1533 1956/1956/1842
f 1956/1956/1842 1632/1632/1533 1950/1950/1836
f 1958/1958/1844 1959/1959/1845 1933/1933/1821
f 1960/1960/1846 1936/1936/1824 1934/1934/1822
f 1961/1961/1847 1937/1937/1825 1936/1936/1824
f 1961/1961/1847 1936/1936/1824 1960/1960/1846
f 1959/1959/1845 1962/1962/1848 1960/1960/1846
f 1963/1963/1849 1959/1959/1845 1958/1958/1844
f 1964/1964/1850 1965/1965/1851 1966/1966/1852
f 1967/1967/1853 1968/1968/1854 1962/1962/1848
f 1969/1969/1855 1970/1970/1856 1971/1971/1857
f 1966/1966/1852 1965/1965/1851 1972/1972/1858
f 1961/1961/1847 1973/1973/1859 1637/1637/1538
f 1973/1973/1859 1962/1962/1848 1968/1968/1854
f 1973/1973/1859 1649/1649/1550 1637/1637/1538
f 1968/1968/1854 1974/1974/1860 1975/1975/1861
f 1976/1976/1862 1977/1977/1863 1978/1978/1864
f 1972/1972/1858 1979/1979/1865 1976/1976/1862
f 1979/1979/1865 1972/1972/1858 1970/1970/1856
f 1970/1970/1856 1980/1980/1866 1979/1979/1865
f 1981/1981/1867 1979/1979/1865 1980/1980/1866
f 1981/1981/1867 1976/1976/1862 1979/1979/1865
f 1649/1649/1550 1975/1975/1861 1650/1650/1551
f 1982/1982/1868 1983/1983/1869 1984/1984/1870
f 1985/1985/1871 1982/1982/1868 1984/1984/1870
f 1986/1986/1872 1977/1977/1863 1984/1984/1870
f 1987/1987/1873 1988/1988/1874 1985/1985/1871
f 1989/1989/1875 1990/1990/1876 1991/1991/1877
f 1989/1989/1875 1992/1992/1878 1990/1990/1876
f 1990/1990/1876 1993/1993/1879 1991/1991/1877
f 1994/1994/1880 1995/1995/1881 1996/1996/1882
f 1997/1997/1883 1995/1995/1881 1994/1994/1880
f 1992/1992/1878 1996/1996/1882 1995/1995/1881
f 1655/1655/1556 1998/1998/1884 1656/1656/1557
f 1660/1660/1561 1999/1999/1885 2000/2000/1886
f 2000/2000/1886 2001/2001/1887 2002/2002/1888
f 1654/1654/1555 2003/2003/1889 1949/1949/1835
f 2004/2004/1890 2005/2005/1891 2006/2006/1892
f 1991/1991/1877 1980/1980/1866 1970/1970/1856
f 1993/1993/1879 2006/2006/1892 2005/2005/1891
f 2007/2007/1893 2005/2005/1891 2004/2004/1890
f 2008/2008/1894 2006/2006/1892 1993/1993/1879
f 2006/2006/1892 2009/2009/1895 2004/2004/1890
f 2009/2009/1895 2006/2006/1892 2008/2008/1894
f 1987/1987/1873 1981/1981/1867 2007/2007/1893
f 2007/2007/1893 1988/1988/1874 1987/1987/1873
f 2004/2004/1890 2010/2010/1896 2011/2011/1897
f 1659/1659/1560 1999/1999/1885 1660/1660/1561
f 2009/2009/1895 2008/2008/1894 1999/1999/1885
f 2012/2012/1898 2013/2013/1899 1662/1662/1563
f 2014/2014/1900 1983/1983/1869 1982/1982/1868
f 2014/2014/1900 1982/1982/1868 2015/2015/1901
f 1985/1985/1871 2015/2015/1901 1982/1982/1868
f 1988/1988/1874 2011/2011/1897 1700/1700/1601
f 2011/2011/1897 1698/1698/1599 1700/1700/1601
f 1710/1710/1611 2016/2016/1902 1706/1706/1607
f 2012/2012/1898 1706/1706/1607 2016/2016/1902
f 1662/1662/1563 1706/1706/1607 2012/2012/1898
f 2017/2017/1903 1722/1722/1623 2018/2018/1904
f 2018/2018/1904 1722/1722/1623 1725/1725/1626
f 2019/2019/1905 2020/2020/1906 2021/2021/1907
f 2021/2021/1907 1731/1731/1632 1730/1730/1631
f 2019/2019/1905 2021/2021/1907 1730/1730/1631
f 2019/2019/1905 1730/1730/1631 1732/1732/1633
f 2022/2022/1908 2023/2023/1908 2024/2024/1908
f 2025/2025/1909 2026/2026/1909 2027/2027/1909
f 2028/2028/1910 2029/2029/1910 2030/2030/1910
f 2031/2031/1911 2032/2032/1911 2033/2033/1911
f 2034/2034/1912 2035/2035/1913 2036/2036/1914
f 2037/2037/1915 1737/1737/1638 1736/1736/1637
f 2020/2020/1906 2038/2038/1916 2039/2039/1917
f 2039/2039/1917 2038/2038/1916 2040/2040/1918
f 2038/2038/1916 2041/2041/1919 2042/2042/1920
f 2043/2043/1921 2044/2044/1921 2045/2045/1921
f 2046/2046/1922 2047/2047/1922 2048/2048/1922
f 2049/2049/1923 2050/2050/1924 2051/2051/1925
f 2052/2052/1926 2053/2053/1926 2054/2054/1926
f 2055/2055/1927 2056/2056/1928 2057/2057/1929
f 2058/2058/1930 2059/2059/1931 2060/2060/1932
f 2036/2036/1914 2035/2035/1913 2049/2049/1923
f 2049/2049/1923 2061/2061/1933 2036/2036/1914
f 2062/2062/1934 1749/1749/1650 2061/2061/1933
f 2061/2061/1933 1749/1749/1650 1752/1752/1653
f 2058/2058/1930 2060/2060/1932 2042/2042/1920
f 1755/1755/1656 2063/2063/1935 1756/1756/1657
f 2064/2064/1936 1741/1741/1642 2065/2065/1937
f 2064/2064/1936 2065/2065/1937 2066/2066/1938
f 2066/2066/1938 2065/2065/1937 2067/2067/1939
f 1741/1741/1642 2068/2068/1940 2065/2065/1937
f 2068/2068/1940 2067/2067/1939 2065/2065/1937
f 2069/2069/1941 2070/2070/1942 2071/2071/1943
f 2070/2070/1942 2069/2069/1941 2072/2072/1944
f 2069/2069/1941 2063/2063/1935 2072/2072/1944
f 2068/2068/1940 1756/1756/1657 2067/2067/1939
f 2073/2073/1945 2074/2074/1946 2075/2075/1947
f 2050/2050/1924 2076/2076/1948 2077/2077/1949
f 2078/2078/1950 2077/2077/1949 2079/2079/1951
f 2078/2078/1950 2080/2080/1952 2081/2081/1953
f 2081/2081/1953 2082/2082/1954 2083/2083/1955
f 2084/2084/1956 2085/2085/1956 2086/2086/1956
f 2087/2087/1957 2088/2088/1957 2089/2089/1957
f 2090/2090/1958 2091/2091/1959 2092/2092/1960
f 2093/2093/1961 2094/2094/1961 2095/2095/1961
f 2096/2096/1962 2062/2062/1934 2051/2051/1925
f 2083/2083/1955 2096/2096/1962 2051/2051/1925
f 2096/2096/1962 2083/2083/1955 2082/2082/1954
f 2097/2097/1963 2062/2062/1934 2096/2096/1962
f 2092/2092/1960 2098/2098/1964 2099/2099/1965
f 1772/1772/1673 2100/2100/1966 2101/2101/1967
f 2100/2100/1966 2098/2098/1964 2092/2092/1960
f 2092/2092/1960 2091/2091/1959 2100/2100/1966
f 2102/2102/1968 2103/2103/1969 2104/2104/1970
f 2105/2105/1971 2106/2106/1971 2107/2107/1971
f 2108/2108/1972 2109/2109/1972 2110/2110/1972
f 2111/2111/1973 2112/2112/1973 2113/2113/1973
f 2114/2114/1974 2115/2115/1974 2116/2116/1974
f 2117/2117/1975 1774/1774/1675 2118/2118/1976
f 2118/2118/1976 1774/1774/1675 1777/1777/1678
f 2119/2119/1977 2120/2120/1977 2121/2121/1977
f 2122/2122/1978 2123/2123/1978 2124/2124/1978
f 2125/2125/1979 2126/2126/1979 2127/2127/1979
f 2128/2128/1980 2070/2070/1942 2072/2072/1944
f 2063/2063/1935 2129/2129/1981 2072/2072/1944
f 2129/2129/1981 2128/2128/1980 2072/2072/1944
f 2130/2130/1982 2131/2131/1983 2132/2132/1984
f 2133/2133/1985 2134/2134/1985 2135/2135/1985
f 2136/2136/1986 2130/2130/1982 2132/2132/1984
f 2136/2136/1986 2137/2137/1987 2130/2130/1982
f 2138/2138/1988 2139/2139/1988 2140/2140/1988
f 2141/2141/1989 2142/2142/1990 1800/1800/1694
f 2141/2141/1989 1796/1796/1692 2143/2143/1991
f 1800/1800/1694 1796/1796/1692 2141/2141/1989
f 2144/2144/1992 2103/2103/1969 2102/2102/1968
f 2144/2144/1992 2145/2145/1993 2103/2103/1969
f 2146/2146/1994 2147/2147/1995 2148/2148/1996
f 2149/2149/1997 2150/2150/1998 2151/2151/1999
f 1807/1807/1701 1774/1774/1675 2117/2117/1975
f 2152/2152/2000 2153/2153/2001 2117/2117/1975
f 2153/2153/2001 2154/2154/2002 2155/2155/2003
f 2156/2156/2004 2154/2154/2002 2153/2153/2001
f 2155/2155/2003 2154/2154/2002 2157/2157/2005
f 2158/2158/2006 2157/2157/2005 2154/2154/2002
f 2159/2159/2007 2160/2160/2008 2161/2161/2009
f 1824/1824/1715 2159/2159/2007 1825/1825/1716
f 2162/2162/2010 2163/2163/2011 2164/2164/2012
f 2165/2165/2013 2131/2131/1983 2166/2166/2014
f 2165/2165/2013 2132/2132/1984 2131/2131/1983
f 2143/2143/1991 1796/1796/1692 1826/1826/1717
f 2167/2167/2015 2143/2143/1991 2168/2168/2016
f 2161/2161/2009 2169/2169/2017 2170/2170/2018
f 1833/1833/1722 2171/2171/2019 2168/2168/2016
f 2170/2170/2018 2159/2159/2007 2161/2161/2009
f 1833/1833/1722 1832/1832/1721 2171/2171/2019
f 2170/2170/2018 1825/1825/1716 2159/2159/2007
f 2172/2172/2020 2173/2173/2021 2174/2174/2022
f 2175/2175/2023 2176/2176/2024 2177/2177/2025
f 2174/2174/2022 2173/2173/2021 2178/2178/2026
f 2178/2178/2026 2179/2179/2027 2174/2174/2022
f 2178/2178/2026 2173/2173/2021 2180/2180/2028
f 2177/2177/2025 2181/2181/2029 2175/2175/2023
f 2175/2175/2023 2181/2181/2029 2182/2182/2030
f 2175/2175/2023 2182/2182/2030 2183/2183/2031
f 2184/2184/2032 2185/2185/2033 2186/2186/2034
f 2187/2187/2035 2188/2188/2036 2189/2189/2037
f 2189/2189/2037 2184/2184/2032 2186/2186/2034
f 2190/2190/2038 2184/2184/2032 2188/2188/2036
f 2189/2189/2037 2188/2188/2036 2184/2184/2032
f 2190/2190/2038 2185/2185/2033 2184/2184/2032
f 2191/2191/2039 2192/2192/2040 2193/2193/2041
f 2194/2194/2042 2192/2192/2040 2191/2191/2039
f 2193/2193/2041 2195/2195/2043 2191/2191/2039
f 2196/2196/2044 2192/2192/2040 2194/2194/2042
f 2194/2194/2042 2191/2191/2039 2197/2197/2045
f 2191/2191/2039 2195/2195/2043 2197/2197/2045
f 2198/2198/2046 2199/2199/2047 2200/2200/2048
f 2201/2201/2049 2202/2202/2050 2203/2203/2051
f 2193/2193/2041 2204/2204/2052 2203/2203/2051
f 2195/2195/2043 2202/2202/2050 2205/2205/2053
f 2206/2206/2054 2205/2205/2053 2207/2207/2055
f 2206/2206/2054 2208/2208/2056 2205/2205/2053
f 2209/2209/2057 2196/2196/2044 2210/2210/2058
f 2210/2210/2058 2196/2196/2044 2176/2176/2024
f 2210/2210/2058 2176/2176/2024 2172/2172/2020
f 2183/2183/2031 2211/2211/2059 2180/2180/2028
f 2190/2190/2038 2180/2180/2028 2211/2211/2059
f 2181/2181/2029 2212/2212/2060 2182/2182/2030
f 2213/2213/2061 2181/2181/2029 2177/2177/2025
f 2213/2213/2061 2197/2197/2045 2214/2214/2062
f 2212/2212/2060 2181/2181/2029 2213/2213/2061
f 2212/2212/2060 2215/2215/2063 1842/1842/1731
f 2216/2216/2064 2211/2211/2059 2183/2183/2031
f 1841/1841/1730 1840/1840/1729 2216/2216/2064
f 2208/2208/2056 2214/2214/2062 2197/2197/2045
f 2208/2208/2056 1836/1836/1725 2214/2214/2062
f 2215/2215/2063 1846/1846/1735 1847/1847/1736
f 1847/1847/1736 1842/1842/1731 2215/2215/2063
f 2185/2185/2033 2217/2217/2065 2218/2218/2066
f 2218/2218/2066 2217/2217/2065 2219/2219/2067
f 2220/2220/2068 2221/2221/2069 2222/2222/2070
f 2223/2223/2071 2224/2224/2072 2225/2225/2073
f 2216/2216/2064 1840/1840/1729 2226/2226/2074
f 2226/2226/2074 2219/2219/2067 2217/2217/2065
f 1840/1840/1729 1858/1858/1747 2226/2226/2074
f 2227/2227/2075 2228/2228/2076 2229/2229/2077
f 2229/2229/2077 2228/2228/2076 2230/2230/2078
f 2225/2225/2073 2230/2230/2078 2231/2231/2079
f 2225/2225/2073 2231/2231/2079 2220/2220/2068
f 2232/2232/2080 2231/2231/2079 2230/2230/2078
f 2233/2233/2081 1858/1858/1747 1862/1862/1751
f 2233/2233/2081 1862/1862/1751 2234/2234/2082
f 2235/2235/2083 2228/2228/2076 1867/1867/1756
f 2236/2236/2084 2221/2221/2069 2220/2220/2068
f 2237/2237/2085 2236/2236/2084 2220/2220/2068
f 2238/2238/2086 2239/2239/2087 2232/2232/2080
f 2239/2239/2087 2238/2238/2086 2240/2240/2088
f 2235/2235/2083 2238/2238/2086 2232/2232/2080
f 2238/2238/2086 2241/2241/2089 2240/2240/2088
f 2241/2241/2089 2238/2238/2086 2235/2235/2083
f 2242/2242/2090 2243/2243/2091 2244/2244/2092
f 2245/2245/2093 2242/2242/2090 2244/2244/2092
f 2246/2246/2094 2245/2245/2093 2244/2244/2092
f 2245/2245/2093 2247/2247/2095 2199/2199/2047
f 2248/2248/2096 2199/2199/2047 2247/2247/2095
f 2249/2249/2097 2250/2250/2098 1885/1885/1774
f 2250/2250/2098 2251/2251/2099 1885/1885/1774
f 2248/2248/2096 2247/2247/2095 2250/2250/2098
f 1873/1873/1762 1837/1837/1726 2206/2206/2054
f 2252/2252/2100 2253/2253/2101 2254/2254/2102
f 2243/2243/2091 2255/2255/2103 2244/2244/2092
f 2244/2244/2092 2255/2255/2103 2246/2246/2094
f 2246/2246/2094 2254/2254/2102 2256/2256/2104
f 2256/2256/2104 2254/2254/2102 2257/2257/2105
f 2258/2258/2106 1880/1880/1769 2259/2259/2107
f 2259/2259/2107 1880/1880/1769 1883/1883/1772
f 2257/2257/2105 2259/2259/2107 2251/2251/2099
f 2251/2251/2099 2256/2256/2104 2257/2257/2105
f 2260/2260/2108 2261/2261/2109 2262/2262/2110
f 2239/2239/2087 2262/2262/2110 2261/2261/2109
f 1897/1897/1786 2241/2241/2089 1868/1868/1757
f 2263/2263/2111 2264/2264/2112 2265/2265/2113
f 2266/2266/2114 2264/2264/2112 2263/2263/2111
f 1912/1912/1800 2267/2267/2115 1913/1913/1801
f 2262/2262/2110 2268/2268/2116 2269/2269/2117
f 2268/2268/2116 2270/2270/2118 2269/2269/2117
f 2240/2240/2088 2271/2271/2119 2268/2268/2116
f 1897/1897/1786 2272/2272/2120 2271/2271/2119
f 2272/2272/2120 2273/2273/2121 2271/2271/2119
f 2269/2269/2117 2270/2270/2118 2263/2263/2111
f 2266/2266/2114 2274/2274/2122 2275/2275/2123
f 2274/2274/2122 2270/2270/2118 2273/2273/2121
f 2274/2274/2122 2267/2267/2115 2275/2275/2123
f 2272/2272/2120 1913/1913/1801 2273/2273/2121
f 2276/2276/2124 2253/2253/2101 2252/2252/2100
f 2277/2277/2125 2253/2253/2101 2278/2278/2126
f 2279/2279/2127 2280/2280/2128 2278/2278/2126
f 2279/2279/2127 2276/2276/2124 2281/2281/2129
f 1923/1923/1811 1880/1880/1769 2258/2258/2106
f 2277/2277/2125 2282/2282/2130 2258/2258/2106
f 2282/2282/2130 2283/2283/2131 1927/1927/1815
f 2277/2277/2125 2278/2278/2126 2282/2282/2130
f 2279/2279/2127 2284/2284/2132 2280/2280/2128
f 2284/2284/2132 2285/2285/2133 2286/2286/2134
f 2287/2287/2135 2280/2280/2128 2284/2284/2132
f 1927/1927/1815 2283/2283/2131 1932/1932/1820
f 2288/2288/2136 1932/1932/1820 2283/2283/2131
f 2289/2289/2137 2290/2290/2138 2291/2291/2139
f 2292/2292/2140 2293/2293/2141 2287/2287/2135
f 2291/2291/2139 2290/2290/2138 2294/2294/2142
f 2288/2288/2136 2287/2287/2135 2293/2293/2141
f 2293/2293/2141 2295/2295/2143 2288/2288/2136
f 2291/2291/2139 2296/2296/2144 2297/2297/2145
f 2294/2294/2142 2296/2296/2144 2291/2291/2139
f 2266/2266/2114 2298/2298/2146 2264/2264/2112
f 2299/2299/2147 2300/2300/2148 2301/2301/2149
f 2302/2302/2150 2303/2303/2151 2304/2304/2152
f 2304/2304/2152 2303/2303/2151 2305/2305/2153
f 1944/1944/1830 2306/2306/2154 2307/2307/2155
f 2305/2305/2153 2303/2303/2151 2308/2308/2156
f 2303/2303/2151 2309/2309/2157 2308/2308/2156
f 2310/2310/2158 2311/2311/2159 2312/2312/2160
f 2313/2313/2161 2314/2314/2162 2315/2315/2163
f 2316/2316/2164 2317/2317/2165 2318/2318/2166
f 2301/2301/2149 2319/2319/2167 2316/2316/2164
f 2320/2320/2168 2316/2316/2164 2319/2319/2167
f 2311/2311/2159 2321/2321/2169 2315/2315/2163
f 2315/2315/2163 2322/2322/2170 2313/2313/2161
f 2315/2315/2163 2323/2323/2171 2322/2322/2170
f 1943/1943/1829 2306/2306/2154 1944/1944/1830
f 2324/2324/2172 2325/2325/2173 1994/1994/1880
f 2301/2301/2149 2326/2326/2174 2327/2327/2175
f 2298/2298/2146 2328/2328/2176 2329/2329/2177
f 2328/2328/2176 2330/2330/2178 2329/2329/2177
f 2267/2267/2115 2305/2305/2153 2275/2275/2123
f 2308/2308/2156 2330/2330/2178 2328/2328/2176
f 2327/2327/2175 2319/2319/2167 2301/2301/2149
f 2319/2319/2167 2331/2331/2179 2320/2320/2168
f 2327/2327/2175 2331/2331/2179 2319/2319/2167
f 2320/2320/2168 2331/2331/2179 2332/2332/2180
f 2333/2333/2181 2334/2334/2182 2286/2286/2134
f 2292/2292/2140 2286/2286/2134 2334/2334/2182
f 1933/1933/1821 2295/2295/2143 1958/1958/1844
f 2292/2292/2140 2334/2334/2182 2335/2335/2183
f 2336/2336/2184 2337/2337/2185 2338/2338/2186
f 2336/2336/2184 2289/2289/2137 2337/2337/2185
f 2339/2339/2187 2340/2340/2188 2290/2290/2138
f 2341/2341/2189 2340/2340/2188 2342/2342/2190
f 2339/2339/2187 2343/2343/2191 2340/2340/2188
f 2295/2295/2143 2344/2344/2192 1958/1958/1844
f 2344/2344/2192 1963/1963/1849 1958/1958/1844
f 1965/1965/1851 2296/2296/2144 1971/1971/1857
f 2345/2345/2193 2346/2346/2193 2347/2347/2193
f 1971/1971/1857 2348/2348/2194 1969/1969/1855
f 2349/2349/2195 2342/2342/2190 2350/2350/2196
f 2349/2349/2195 2314/2314/2162 2342/2342/2190
f 2349/2349/2195 2312/2312/2160 2314/2314/2162
f 2351/2351/2197 2352/2352/2197 2353/2353/2197
f 2322/2322/2170 1989/1989/1875 1969/1969/1855
f 1992/1992/1878 2323/2323/2171 1996/1996/1882
f 2324/2324/2172 1996/1996/1882 2323/2323/2171
f 1994/1994/1880 1996/1996/1882 2324/2324/2172
f 2354/2354/2198 2355/2355/2199 2356/2356/2200
f 2354/2354/2198 2356/2356/2200 2357/2357/2201
f 2357/2357/2201 2356/2356/2200 2358/2358/2202
f 2358/2358/2202 2359/2359/2203 2357/2357/2201
f 2360/2360/2204 2359/2359/2203 2358/2358/2202
f 2360/2360/2204 2358/2358/2202 2361/2361/2205
f 2356/2356/2200 2355/2355/2199 2361/2361/2205
f 2358/2358/2202 2356/2356/2200 2361/2361/2205
f 2362/2362/2206 2363/2363/2207 2364/2364/2208
f 2362/2362/2206 2364/2364/2208 2365/2365/2209
f 2365/2365/2209 2366/2366/2210 2362/2362/2206
f 2362/2362/2206 2366/2366/2210 2367/2367/2211
f 2368/2368/2212 2363/2363/2207 2362/2362/2206
f 2369/2369/2213 2370/2370/2214 2371/2371/2214
f 2372/2372/2215 2373/2373/2216 2374/2374/2217
f 2375/2375/2218 2376/2376/2219 2377/2377/2220
f 2378/2378/2221 2369/2369/2213 2379/2379/2222
f 2380/2380/2223 2381/2381/2224 2382/2382/2225
f 2381/2381/2224 2383/2383/2226 2382/2382/2225
f 2367/2367/2211 2368/2368/2212 2362/2362/2206
f 2375/2375/2218 2384/2384/2227 2376/2376/2219
f 2385/2385/2228 2386/2386/2229 2387/2387/2230
f 2388/2388/2231 2376/2376/2219 2384/2384/2227
f 2389/2389/2232 2390/2390/2233 2391/2391/2234
f 2380/2380/2223 2392/2392/2235 2393/2393/2236
f 2372/2372/2215 2374/2374/2217 2394/2394/2237
f 2395/2395/2238 2394/2394/2237 2396/2396/2239
f 2395/2395/2238 2396/2396/2239 2397/2397/2240
f 2397/2397/2240 2396/2396/2239 2398/2398/2241
f 2395/2395/2238 2397/2397/2240 2399/2399/2242
f 2380/2380/2223 2382/2382/2225 2392/2392/2235
f 2400/2400/2243 2401/2401/2244 2402/2402/2245
f 2403/2403/2246 2387/2387/2230 2404/2404/2247
f 2405/2405/2248 2403/2403/2246 2406/2406/2249
f 2387/2387/2230 2407/2407/2250 2385/2385/2228
f 2408/2408/2251 2409/2409/2251 2410/2410/2251
f 2397/2397/2240 2411/2411/2252 2399/2399/2242
f 2391/2391/2234 2412/2412/2253 2389/2389/2232
f 2413/2413/2254 2414/2414/2255 2415/2415/2256
f 2416/2416/2257 2417/2417/2258 2418/2418/2259
f 2418/2418/2259 2419/2419/2260 2416/2416/2257
f 2420/2420/2261 2421/2421/2262 2422/2422/2263
f 2423/2423/2264 2424/2424/2265 2425/2425/2266
f 2426/2426/2267 2424/2424/2265 2423/2423/2264
f 2427/2427/2268 2428/2428/2269 2429/2429/2270
f 2423/2423/2264 2430/2430/2271 2429/2429/2270
f 2431/2431/2272 2428/2428/2269 2427/2427/2268
f 2428/2428/2269 2432/2432/2273 2426/2426/2267
f 2430/2430/2271 2433/2433/2274 2434/2434/2275
f 2430/2430/2271 2434/2434/2275 2435/2435/2276
f 2435/2435/2276 2436/2436/2277 2430/2430/2271
f 2427/2427/2268 2429/2429/2270 2437/2437/2278
f 2438/2438/2279 2439/2439/2280 2440/2440/2281
f 2416/2416/2257 2421/2421/2262 2441/2441/2282
f 2421/2421/2262 2442/2442/2283 2441/2441/2282
f 2443/2443/2284 2444/2444/2285 2445/2445/2286
f 2446/2446/2287 2447/2447/2288 2448/2448/2289
f 2449/2449/2290 2448/2448/2289 2440/2440/2281
f 2435/2435/2276 2434/2434/2275 2450/2450/2291
f 2448/2448/2289 2449/2449/2290 2446/2446/2287
f 2449/2449/2290 2440/2440/2281 2451/2451/2292
f 2451/2451/2292 2452/2452/2293 2449/2449/2290
f 2453/2453/2294 2436/2436/2277 2435/2435/2276
f 2454/2454/2295 2437/2437/2278 2436/2436/2277
f 2427/2427/2268 2455/2455/2296 2431/2431/2272
f 2456/2456/2297 2431/2431/2272 2457/2457/2298
f 2458/2458/2299 2457/2457/2298 2459/2459/2300
f 2459/2459/2300 2455/2455/2296 2460/2460/2301
f 2461/2461/2302 2462/2462/2303 2463/2463/2304
f 2461/2461/2302 2463/2463/2304 2464/2464/2305
f 2427/2427/2268 2437/2437/2278 2455/2455/2296
f 2460/2460/2301 2465/2465/2306 2466/2466/2307
f 2466/2466/2307 2467/2467/2308 2460/2460/2301
f 2468/2468/2309 2469/2469/2310 2470/2470/2311
f 2471/2471/2312 2472/2472/2313 2473/2473/2314
f 2474/2474/2315 2475/2475/2315 2476/2476/2315
f 2463/2463/2304 2470/2470/2311 2477/2477/2316
f 2478/2478/2317 2479/2479/2318 2477/2477/2316
f 2478/2478/2317 2477/2477/2316 2480/2480/2319
f 2454/2454/2295 2465/2465/2306 2437/2437/2278
f 2481/2481/2320 2482/2482/2320 2483/2483/2320
f 2454/2454/2295 2484/2484/2321 2465/2465/2306
f 2485/2485/2322 2486/2486/2322 2487/2487/2322
f 2488/2488/2323 2489/2489/2323 2490/2490/2323
f 2491/2491/2324 2470/2470/2311 2469/2469/2310
f 2492/2492/2325 2056/2056/1928 2055/2055/1927
f 2493/2493/2326 2494/2494/2327 2422/2422/2263
f 2420/2420/2261 2422/2422/2263 2494/2494/2327
f 2420/2420/2261 2494/2494/2327 2495/2495/2328
f 2496/2496/2329 2494/2494/2327 2493/2493/2326
f 2496/2496/2329 2495/2495/2328 2494/2494/2327
f 2497/2497/2330 2498/2498/2331 2499/2499/2332
f 2500/2500/2333 2498/2498/2331 2439/2439/2280
f 2501/2501/2334 2498/2498/2331 2497/2497/2330
f 2502/2502/2335 2503/2503/2336 2504/2504/2337
f 2502/2502/2335 2504/2504/2337 2501/2501/2334
f 2505/2505/2338 2506/2506/2339 2499/2499/2332
f 2499/2499/2332 2506/2506/2339 2507/2507/2340
f 2508/2508/2341 2509/2509/2342 2510/2510/2343
f 2511/2511/2344 2510/2510/2343 2512/2512/2345
f 2511/2511/2344 2508/2508/2341 2510/2510/2343
f 2513/2513/2346 2514/2514/2346 2515/2515/2346
f 2516/2516/2347 2517/2517/2347 2518/2518/2347
f 2519/2519/2348 2520/2520/2348 2521/2521/2348
f 2522/2522/2349 2523/2523/2349 2524/2524/2349
f 2525/2525/2350 2497/2497/2330 2499/2499/2332
f 2526/2526/2351 2472/2472/2313 2471/2471/2312
f 2527/2527/2352 2478/2478/2317 2528/2528/2353
f 2526/2526/2351 2529/2529/2354 2472/2472/2313
f 2530/2530/2355 2531/2531/2355 2532/2532/2355
f 2533/2533/2356 2534/2534/2356 2535/2535/2356
f 2536/2536/2357 2537/2537/2357 2538/2538/2357
f 2539/2539/2358 2540/2540/2358 2541/2541/2358
f 2542/2542/2359 2543/2543/2359 2544/2544/2359
f 2545/2545/2360 2546/2546/2360 2547/2547/2360
f 2548/2548/2361 2549/2549/2361 2550/2550/2361
f 2551/2551/2362 2552/2552/2362 2553/2553/2362
f 2554/2554/2363 2555/2555/2363 2556/2556/2363
f 2055/2055/1927 2557/2557/2364 2492/2492/2325
f 2558/2558/2365 2559/2559/2366 2560/2560/2367
f 2561/2561/2368 2562/2562/2368 2563/2563/2368
f 2564/2564/2369 2565/2565/2369 2566/2566/2369
f 2567/2567/2370 2568/2568/2371 2569/2569/2372
f 2570/2570/2373 2571/2571/2373 2572/2572/2373
f 2569/2569/2372 2573/2573/2374 2567/2567/2370
f 2574/2574/2375 2575/2575/2375 2576/2576/2375
f 2577/2577/2376 2578/2578/2376 2579/2579/2376
f 2580/2580/2377 2581/2581/2377 2582/2582/2377
f 2583/2583/2378 2584/2584/2379 2528/2528/2353
f 2528/2528/2353 2584/2584/2379 2585/2585/2380
f 2584/2584/2379 2586/2586/2381 2585/2585/2380
f 2583/2583/2378 2587/2587/2382 2584/2584/2379
f 2587/2587/2382 2586/2586/2381 2584/2584/2379
f 2585/2585/2380 2586/2586/2381 2588/2588/2383
f 2589/2589/2384 2590/2590/2385 2591/2591/2386
f 2592/2592/2387 2593/2593/2388 2136/2136/1986
f 2592/2592/2387 2132/2132/1984 2594/2594/2389
f 2136/2136/1986 2132/2132/1984 2592/2592/2387
f 2595/2595/2390 2512/2512/2345 2510/2510/2343
f 2510/2510/2343 2509/2509/2342 2595/2595/2390
f 2596/2596/2391 2597/2597/2392 2512/2512/2345
f 2596/2596/2391 2512/2512/2345 2595/2595/2390
f 2598/2598/2393 2599/2599/2393 2600/2600/2393
f 2601/2601/2394 2602/2602/2395 2603/2603/2396
f 2604/2604/2397 2568/2568/2371 2605/2605/2398
f 2604/2604/2397 2606/2606/2399 2568/2568/2371
f 2144/2144/1992 2102/2102/1968 2573/2573/2374
f 2607/2607/2400 2608/2608/2401 2603/2603/2396
f 2608/2608/2401 2601/2601/2394 2603/2603/2396
f 2149/2149/1997 2609/2609/2402 2150/2150/1998
f 2610/2610/2403 2611/2611/2404 2612/2612/2405
f 2150/2150/1998 2610/2610/2403 2164/2164/2012
f 2613/2613/2406 2614/2614/2407 2615/2615/2408
f 2613/2613/2406 2615/2615/2408 2616/2616/2409
f 2616/2616/2409 2615/2615/2408 2617/2617/2410
f 2618/2618/2411 2619/2619/2411 2620/2620/2411
f 2621/2621/2412 2622/2622/2412 2623/2623/2412
f 2624/2624/2413 2625/2625/2414 2626/2626/2415
f 2627/2627/2416 2628/2628/2416 2629/2629/2416
f 2630/2630/2417 2631/2631/2417 2632/2632/2417
f 2633/2633/2418 2634/2634/2418 2635/2635/2418
f 2636/2636/2419 2637/2637/2419 2638/2638/2420
f 2639/2639/2421 2640/2640/2422 2641/2641/2423
f 2594/2594/2389 2132/2132/1984 2165/2165/2013
f 2610/2610/2403 2612/2612/2405 2642/2642/2424
f 2643/2643/2425 2644/2644/2426 2645/2645/2427
f 2646/2646/2428 2647/2647/2429 2648/2648/2430
f 2649/2649/2431 2646/2646/2428 2648/2648/2430
f 2649/2649/2431 2650/2650/2432 2646/2646/2428
f 2651/2651/2433 2652/2652/2433 2653/2653/2433
f 2654/2654/2434 2655/2655/2435 2656/2656/2436
f 2655/2655/2435 2654/2654/2434 2657/2657/2437
f 2658/2658/2438 2614/2614/2407 2613/2613/2406
f 2658/2658/2438 2659/2659/2439 2614/2614/2407
f 2660/2660/2440 2661/2661/2441 2662/2662/2442
f 2658/2658/2438 2663/2663/2443 2659/2659/2439
f 2664/2664/2444 2624/2624/2413 2626/2626/2415
f 2664/2664/2444 2626/2626/2415 2665/2665/2445
f 2666/2666/2446 2667/2667/2447 2668/2668/2448
f 2669/2669/2449 2662/2662/2442 2670/2670/2450
f 2669/2669/2449 2671/2671/2451 2662/2662/2442
f 2669/2669/2449 2672/2672/2452 2671/2671/2451
f 2667/2667/2447 2666/2666/2446 2673/2673/2453
f 2674/2674/2454 2660/2660/2440 2675/2675/2455
f 2676/2676/2456 2677/2677/2457 2678/2678/2458
f 2676/2676/2456 2678/2678/2458 2679/2679/2459
f 2679/2679/2459 2678/2678/2458 2680/2680/2460
f 2680/2680/2460 2681/2681/2461 2679/2679/2459
f 2682/2682/2462 2680/2680/2460 2683/2683/2463
f 2684/2684/2464 2685/2685/2465 2686/2686/2466
f 2684/2684/2464 2687/2687/2467 2685/2685/2465
f 2685/2685/2465 2687/2687/2467 2683/2683/2463
f 2684/2684/2464 2688/2688/2468 2687/2687/2467
f 2689/2689/2469 2690/2690/2470 2691/2691/2471
f 2692/2692/2472 2689/2689/2469 2691/2691/2471
f 2693/2693/2473 2689/2689/2469 2692/2692/2472
f 2694/2694/2474 2695/2695/2475 2696/2696/2476
f 2692/2692/2472 2697/2697/2477 2696/2696/2476
f 2698/2698/2478 2695/2695/2475 2694/2694/2474
f 2695/2695/2475 2699/2699/2479 2693/2693/2473
f 2697/2697/2477 2700/2700/2480 2701/2701/2481
f 2697/2697/2477 2701/2701/2481 2702/2702/2482
f 2702/2702/2482 2703/2703/2483 2697/2697/2477
f 2694/2694/2474 2696/2696/2476 2704/2704/2484
f 2683/2683/2463 2700/2700/2480 2682/2682/2462
f 2682/2682/2462 2700/2700/2480 2691/2691/2471
f 2688/2688/2468 2705/2705/2485 2706/2706/2486
f 2702/2702/2482 2701/2701/2481 2706/2706/2486
f 2705/2705/2485 2172/2172/2020 2706/2706/2486
f 2707/2707/2487 2703/2703/2483 2179/2179/2027
f 2707/2707/2487 2704/2704/2484 2703/2703/2483
f 2179/2179/2027 2187/2187/2035 2707/2707/2487
f 2694/2694/2474 2708/2708/2488 2698/2698/2478
f 2709/2709/2489 2698/2698/2478 2710/2710/2490
f 2711/2711/2491 2710/2710/2490 2712/2712/2492
f 2712/2712/2492 2708/2708/2488 2713/2713/2493
f 2711/2711/2491 2712/2712/2492 2714/2714/2494
f 2711/2711/2491 2714/2714/2494 2715/2715/2495
f 2694/2694/2474 2704/2704/2484 2708/2708/2488
f 2713/2713/2493 2716/2716/2496 2717/2717/2497
f 2717/2717/2497 2718/2718/2498 2713/2713/2493
f 2713/2713/2493 2718/2718/2498 2719/2719/2499
f 2720/2720/2500 2721/2721/2501 2722/2722/2502
f 2723/2723/2503 2724/2724/2504 2722/2722/2502
f 2725/2725/2505 2722/2722/2502 2721/2721/2501
f 2707/2707/2487 2716/2716/2496 2704/2704/2484
f 2726/2726/2506 2727/2727/2506 2728/2728/2506
f 2729/2729/2507 2186/2186/2034 2730/2730/2508
f 2729/2729/2507 2730/2730/2508 2731/2731/2509
f 2729/2729/2507 2718/2718/2498 2717/2717/2497
f 2732/2732/2510 2733/2733/2511 2734/2734/2512
f 2735/2735/2513 2736/2736/2514 2725/2725/2505
f 2736/2736/2514 2735/2735/2513 2737/2737/2515
f 2734/2734/2512 2735/2735/2513 2725/2725/2505
f 2735/2735/2513 2733/2733/2511 2737/2737/2515
f 2733/2733/2511 2735/2735/2513 2734/2734/2512
f 2738/2738/2516 2739/2739/2517 2740/2740/2518
f 2741/2741/2519 2738/2738/2516 2740/2740/2518
f 2742/2742/2520 2743/2743/2521 2744/2744/2522
f 2745/2745/2523 2742/2742/2520 2744/2744/2522
f 2745/2745/2523 2746/2746/2524 2677/2677/2457
f 2686/2686/2466 2677/2677/2457 2746/2746/2524
f 2745/2745/2523 2747/2747/2525 2746/2746/2524
f 2747/2747/2525 2748/2748/2526 2749/2749/2527
f 2747/2747/2525 2749/2749/2527 2750/2750/2528
f 2751/2751/2529 2752/2752/2530 2204/2204/2052
f 2686/2686/2466 2746/2746/2524 2752/2752/2530
f 2746/2746/2524 2747/2747/2525 2752/2752/2530
f 2738/2738/2516 2753/2753/2531 2754/2754/2532
f 2755/2755/2533 2741/2741/2519 2756/2756/2534
f 2749/2749/2527 2748/2748/2526 2757/2757/2535
f 2758/2758/2536 2759/2759/2537 2760/2760/2538
f 2755/2755/2533 2760/2760/2538 2759/2759/2537
f 2761/2761/2539 2198/2198/2046 2760/2760/2538
f 2203/2203/2051 2204/2204/2052 2750/2750/2528
f 2210/2210/2058 2172/2172/2020 2705/2705/2485
f 2209/2209/2057 2705/2705/2485 2688/2688/2468
f 2705/2705/2485 2209/2209/2057 2210/2210/2058
f 2762/2762/2540 2723/2723/2503 2763/2763/2541
f 2736/2736/2514 2763/2763/2541 2723/2723/2503
f 2730/2730/2508 2186/2186/2034 2764/2764/2542
f 2223/2223/2071 2222/2222/2070 2765/2765/2543
f 2732/2732/2510 2765/2765/2543 2222/2222/2070
f 2766/2766/2544 2767/2767/2545 2768/2768/2546
f 2769/2769/2547 2767/2767/2545 2766/2766/2544
f 2261/2261/2109 2770/2770/2548 2237/2237/2085
f 2763/2763/2541 2771/2771/2549 2772/2772/2550
f 2771/2771/2549 2773/2773/2551 2772/2772/2550
f 2737/2737/2515 2774/2774/2552 2771/2771/2549
f 2221/2221/2069 2236/2236/2084 2774/2774/2552
f 2236/2236/2084 2775/2775/2553 2774/2774/2552
f 2772/2772/2550 2773/2773/2551 2776/2776/2554
f 2777/2777/2555 2778/2778/2556 2779/2779/2557
f 2778/2778/2556 2773/2773/2551 2775/2775/2553
f 2778/2778/2556 2770/2770/2548 2779/2779/2557
f 2236/2236/2084 2237/2237/2085 2775/2775/2553
f 2780/2780/2558 2781/2781/2559 2740/2740/2518
f 2741/2741/2519 2740/2740/2518 2781/2781/2559
f 2782/2782/2560 2783/2783/2561 2781/2781/2559
f 2782/2782/2560 2784/2784/2562 2783/2783/2561
f 2242/2242/2090 2198/2198/2046 2761/2761/2539
f 2785/2785/2563 2761/2761/2539 2756/2756/2534
f 2783/2783/2561 2785/2785/2563 2756/2756/2534
f 2785/2785/2563 2786/2786/2564 2243/2243/2091
f 2787/2787/2565 2788/2788/2566 2789/2789/2567
f 2790/2790/2568 2791/2791/2569 2782/2782/2560
f 2792/2792/2570 2784/2784/2562 2788/2788/2566
f 2792/2792/2570 2788/2788/2566 2787/2787/2565
f 2793/2793/2571 2789/2789/2567 2794/2794/2572
f 2795/2795/2573 2796/2796/2574 2797/2797/2575
f 2797/2797/2575 2796/2796/2574 2798/2798/2576
f 2799/2799/2577 2793/2793/2571 2800/2800/2578
f 2799/2799/2577 2789/2789/2567 2793/2793/2571
f 2786/2786/2564 2784/2784/2562 2792/2792/2570
f 2801/2801/2579 2792/2792/2570 2787/2787/2565
f 2792/2792/2570 2801/2801/2579 2786/2786/2564
f 2801/2801/2579 2252/2252/2100 2255/2255/2103
f 2802/2802/2580 2803/2803/2581 2787/2787/2565
f 2804/2804/2582 2805/2805/2583 2806/2806/2584
f 2807/2807/2585 2805/2805/2583 2804/2804/2582
f 2767/2767/2545 2808/2808/2586 2809/2809/2587
f 2810/2810/2588 2808/2808/2586 2811/2811/2589
f 2812/2812/2590 2813/2813/2591 2814/2814/2592
f 2811/2811/2589 2815/2815/2593 2810/2810/2588
f 2816/2816/2594 2812/2812/2590 2814/2814/2592
f 2260/2260/2108 2770/2770/2548 2261/2261/2109
f 2811/2811/2589 2817/2817/2595 2815/2815/2593
f 2818/2818/2596 2804/2804/2582 2806/2806/2584
f 2807/2807/2585 2804/2804/2582 2819/2819/2597
f 2818/2818/2596 2819/2819/2597 2804/2804/2582
f 2819/2819/2597 2820/2820/2598 2807/2807/2585
f 2810/2810/2588 2821/2821/2599 2822/2822/2600
f 2823/2823/2601 2824/2824/2602 2815/2815/2593
f 2823/2823/2601 2825/2825/2603 2826/2826/2604
f 2827/2827/2605 2825/2825/2603 2823/2823/2601
f 2814/2814/2592 2777/2777/2555 2779/2779/2557
f 2816/2816/2594 2828/2828/2606 2829/2829/2607
f 2260/2260/2108 2830/2830/2608 2828/2828/2606
f 2830/2830/2608 2829/2829/2607 2828/2828/2606
f 2829/2829/2607 2831/2831/2609 2816/2816/2594
f 2830/2830/2608 2265/2265/2113 2829/2829/2607
f 2829/2829/2607 2265/2265/2113 2831/2831/2609
f 2832/2832/2610 2833/2833/2611 2798/2798/2576
f 2834/2834/2612 2802/2802/2580 2799/2799/2577
f 2276/2276/2124 2252/2252/2100 2803/2803/2581
f 2802/2802/2580 2835/2835/2613 2803/2803/2581
f 2835/2835/2613 2836/2836/2614 2281/2281/2129
f 2837/2837/2615 2836/2836/2614 2835/2835/2613
f 2281/2281/2129 2836/2836/2614 2285/2285/2133
f 2838/2838/2616 2285/2285/2133 2836/2836/2614
f 2839/2839/2617 2840/2840/2618 2841/2841/2619
f 2833/2833/2611 2842/2842/2620 2843/2843/2621
f 2844/2844/2622 2833/2833/2611 2832/2832/2610
f 2844/2844/2622 2845/2845/2623 2846/2846/2624
f 2846/2846/2624 2847/2847/2625 2842/2842/2620
f 2848/2848/2626 2849/2849/2627 2850/2850/2628
f 2851/2851/2629 2852/2852/2630 2853/2853/2631
f 2846/2846/2624 2854/2854/2632 2847/2847/2625
f 2845/2845/2623 2850/2850/2628 2849/2849/2627
f 2843/2843/2621 2842/2842/2620 2841/2841/2619
f 2855/2855/2633 2856/2856/2634 2847/2847/2625
f 2847/2847/2625 2857/2857/2635 2855/2855/2633
f 2858/2858/2636 2851/2851/2629 2853/2853/2631
f 2856/2856/2634 2839/2839/2617 2841/2841/2619
f 2859/2859/2637 2860/2860/2638 2861/2861/2639
f 2855/2855/2633 2859/2859/2637 2856/2856/2634
f 2855/2855/2633 2862/2862/2640 2859/2859/2637
f 2863/2863/2641 2864/2864/2642 2862/2862/2640
f 2855/2855/2633 2857/2857/2635 2862/2862/2640
f 2865/2865/2643 2866/2866/2644 2858/2858/2636
f 2867/2867/2645 2868/2868/2646 2863/2863/2641
f 2869/2869/2647 2870/2870/2648 2820/2820/2598
f 2820/2820/2598 2871/2871/2649 2869/2869/2647
f 2869/2869/2647 2872/2872/2650 2870/2870/2648
f 2869/2869/2647 2871/2871/2649 2873/2873/2651
f 2826/2826/2604 2873/2873/2651 2871/2871/2649
f 2869/2869/2647 2873/2873/2651 2872/2872/2650
f 2853/2853/2631 2870/2870/2648 2858/2858/2636
f 2874/2874/2652 2875/2875/2653 2872/2872/2650
f 2299/2299/2147 2876/2876/2654 2300/2300/2148
f 2876/2876/2654 2873/2873/2651 2826/2826/2604
f 2877/2877/2655 2300/2300/2148 2825/2825/2603
f 2872/2872/2650 2873/2873/2651 2876/2876/2654
f 2875/2875/2653 2865/2865/2643 2858/2858/2636
f 2878/2878/2656 2879/2879/2657 2868/2868/2646
f 2874/2874/2652 2880/2880/2658 2875/2875/2653
f 2878/2878/2656 2312/2312/2160 2879/2879/2657
f 2318/2318/2166 2874/2874/2652 2299/2299/2147
f 2881/2881/2659 2861/2861/2639 2338/2338/2186
f 2861/2861/2639 2860/2860/2638 2338/2338/2186
f 2860/2860/2638 2336/2336/2184 2338/2338/2186
f 2339/2339/2187 2864/2864/2642 2343/2343/2191
f 2863/2863/2641 2343/2343/2191 2864/2864/2642
f 2879/2879/2657 2312/2312/2160 2349/2349/2195
f 2868/2868/2646 2879/2879/2657 2350/2350/2196
f 2879/2879/2657 2349/2349/2195 2350/2350/2196
f 2882/2882/2660 2883/2883/2661 2884/2884/2662
f 2882/2882/2660 2884/2884/2662 2885/2885/2663
f 2886/2886/2664 2887/2887/2665 2888/2888/2666
f 2886/2886/2664 2888/2888/2666 2889/2889/2667
f 2890/2890/2668 2891/2891/2669 2892/2892/2670
f 2893/2893/2671 2882/2882/2660 2892/2892/2670
f 2891/2891/2669 2894/2894/2672 2895/2895/2673
f 2892/2892/2670 2891/2891/2669 2895/2895/2673
f 2896/2896/2674 2897/2897/2675 2898/2898/2676
f 2899/2899/2677 2897/2897/2675 2896/2896/2674
f 2900/2900/2678 2896/2896/2674 2898/2898/2676
f 2901/2901/2679 2902/2902/2680 2903/2903/2681
f 2904/2904/2682 2902/2902/2680 2901/2901/2679
f 2905/2905/2683 2906/2906/2684 2899/2899/2677
f 2901/2901/2679 2903/2903/2681 2907/2907/2685
f 2908/2908/2686 2909/2909/2687 2910/2910/2688
f 2911/2911/2689 2912/2912/2690 2913/2913/2691
f 2882/2882/2660 2893/2893/2671 2898/2898/2676
f 2911/2911/2689 2913/2913/2691 2900/2900/2678
f 2914/2914/2692 2911/2911/2689 2893/2893/2671
f 2900/2900/2678 2913/2913/2691 2909/2909/2687
f 2915/2915/2693 2913/2913/2691 2912/2912/2690
f 2909/2909/2687 2913/2913/2691 2915/2915/2693
f 2916/2916/2694 2917/2917/2695 2912/2912/2690
f 2912/2912/2690 2917/2917/2695 2918/2918/2696
f 2919/2919/2697 2920/2920/2698 2915/2915/2693
f 2919/2919/2697 2921/2921/2699 2920/2920/2698
f 2901/2901/2679 2922/2922/2700 2904/2904/2682
f 2923/2923/2701 2924/2924/2702 2925/2925/2703
f 2926/2926/2704 2927/2927/2705 2928/2928/2706
f 2901/2901/2679 2907/2907/2685 2922/2922/2700
f 2929/2929/2707 2930/2930/2708 2931/2931/2709
f 2931/2931/2709 2932/2932/2710 2929/2929/2707
f 2929/2929/2707 2932/2932/2710 2933/2933/2711
f 2934/2934/2712 2935/2935/2713 2936/2936/2714
f 2936/2936/2714 2928/2928/2706 2937/2937/2715
f 2936/2936/2714 2935/2935/2713 2928/2928/2706
f 2938/2938/2716 2939/2939/2717 2937/2937/2715
f 2940/2940/2718 2939/2939/2717 2938/2938/2716
f 2941/2941/2719 2938/2938/2716 2927/2927/2705
f 2920/2920/2698 2942/2942/2720 2910/2910/2688
f 2943/2943/2721 2944/2944/2722 2945/2945/2723
f 2931/2931/2709 2930/2930/2708 2945/2945/2723
f 2944/2944/2722 2354/2354/2198 2945/2945/2723
f 2946/2946/2724 2932/2932/2710 2359/2359/2203
f 2947/2947/2725 2948/2948/2726 2941/2941/2719
f 2948/2948/2726 2947/2947/2725 2949/2949/2727
f 2950/2950/2728 2947/2947/2725 2941/2941/2719
f 2947/2947/2725 2951/2951/2729 2949/2949/2727
f 2951/2951/2729 2947/2947/2725 2950/2950/2728
f 2952/2952/2730 2953/2953/2731 2954/2954/2732
f 2955/2955/2733 2952/2952/2730 2954/2954/2732
f 2956/2956/2734 2955/2955/2733 2954/2954/2732
f 2957/2957/2735 2958/2958/2736 2887/2887/2665
f 2914/2914/2692 2895/2895/2673 2959/2959/2737
f 2959/2959/2737 2960/2960/2738 2961/2961/2739
f 2960/2960/2738 2962/2962/2740 2961/2961/2739
f 2963/2963/2741 2964/2964/2742 2965/2965/2743
f 2953/2953/2731 2966/2966/2744 2954/2954/2732
f 2954/2954/2732 2966/2966/2744 2956/2956/2734
f 2956/2956/2734 2965/2965/2743 2967/2967/2745
f 2968/2968/2746 2969/2969/2747 2970/2970/2748
f 2971/2971/2749 2970/2970/2748 2972/2972/2750
f 2973/2973/2751 2974/2974/2752 2975/2975/2753
f 2973/2973/2751 2976/2976/2754 2974/2974/2752
f 2914/2914/2692 2959/2959/2737 2916/2916/2694
f 2917/2917/2695 2977/2977/2755 2918/2918/2696
f 2978/2978/2756 2917/2917/2695 2916/2916/2694
f 2978/2978/2756 2961/2961/2739 2979/2979/2757
f 2977/2977/2755 2917/2917/2695 2978/2978/2756
f 2919/2919/2697 2918/2918/2696 2364/2364/2208
f 2977/2977/2755 2980/2980/2758 2365/2365/2209
f 2974/2974/2752 2979/2979/2757 2961/2961/2739
f 2976/2976/2754 2981/2981/2759 2982/2982/2760
f 2980/2980/2758 2979/2979/2757 2982/2982/2760
f 2983/2983/2761 2980/2980/2758 2982/2982/2760
f 2983/2983/2761 2984/2984/2762 2985/2985/2763
f 2366/2366/2210 2983/2983/2761 2985/2985/2763
f 2986/2986/2764 2987/2987/2765 2988/2988/2766
f 2989/2989/2767 2990/2990/2768 2991/2991/2769
f 2989/2989/2767 2992/2992/2770 2990/2990/2768
f 2993/2993/2771 2994/2994/2772 2988/2988/2766
f 2940/2940/2718 2995/2995/2773 2996/2996/2774
f 2997/2997/2775 2998/2998/2776 2999/2999/2777
f 2992/2992/2770 3000/3000/2778 2998/2998/2776
f 3001/3001/2779 3002/3002/2779 3003/3003/2779
f 3004/3004/2780 3005/3005/2781 3006/3006/2782
f 3007/3007/2783 3004/3004/2780 3008/3008/2784
f 3004/3004/2780 3006/3006/2782 3008/3008/2784
f 3009/3009/2785 2997/2997/2775 2999/2999/2777
f 2372/2372/2215 2951/2951/2729 2373/2373/2216
f 2997/2997/2775 3009/3009/2785 3010/3010/2786
f 3011/3011/2787 3012/3012/2788 3013/3013/2789
f 2986/2986/2764 2988/2988/2766 3014/3014/2790
f 3014/3014/2790 2988/2988/2766 2994/2994/2772
f 3015/3015/2791 3011/3011/2787 2994/2994/2772
f 3016/3016/2792 3011/3011/2787 3015/3015/2791
f 3017/3017/2793 3018/3018/2794 3019/3019/2795
f 3019/3019/2795 2367/2367/2211 3017/3017/2793
f 3020/3020/2796 3021/3021/2797 3022/3022/2798
f 3023/3023/2799 3024/3024/2800 2404/2404/2247
f 3025/3025/2801 2948/2948/2726 2949/2949/2727
f 3026/3026/2802 2394/2394/2237 2395/2395/2238
f 3009/3009/2785 3027/3027/2803 3028/3028/2804
f 3026/3026/2802 2395/2395/2238 2399/2399/2242
f 3026/3026/2802 2399/2399/2242 3029/3029/2805
f 3028/3028/2804 3024/3024/2800 3009/3009/2785
f 3028/3028/2804 2404/2404/2247 3024/3024/2800
f 3030/3030/2806 2406/2406/2249 2403/2403/2246
f 2406/2406/2249 3030/3030/2806 3031/3031/2807
f 3032/3032/2808 2964/2964/2742 2963/2963/2741
f 3033/3033/2809 3034/3034/2810 3035/3035/2811
f 3036/3036/2812 2964/2964/2742 3037/3037/2813
f 3038/3038/2814 3039/3039/2815 3037/3037/2813
f 2417/2417/2258 3040/3040/2816 2418/2418/2259
f 3040/3040/2816 3041/3041/2817 2418/2418/2259
f 3036/3036/2812 3037/3037/2813 3040/3040/2816
f 3038/3038/2814 3042/3042/2818 3039/3039/2815
f 3042/3042/2818 3038/3038/2814 3034/3034/2810
f 3034/3034/2810 3043/3043/2819 3042/3042/2818
f 3044/3044/2820 3042/3042/2818 3043/3043/2819
f 3044/3044/2820 3039/3039/2815 3042/3042/2818
f 2418/2418/2259 3041/3041/2817 2419/2419/2260
f 3045/3045/2821 2419/2419/2260 3041/3041/2817
f 3046/3046/2822 3047/3047/2823 3048/3048/2824
f 2414/2414/2255 2981/2981/2759 2976/2976/2754
f 2981/2981/2759 2414/2414/2255 2424/2424/2265
f 2426/2426/2267 2432/2432/2273 2984/2984/2762
f 2985/2985/2763 2984/2984/2762 2432/2432/2273
f 3049/3049/2825 3050/3050/2826 3051/3051/2827
f 3052/3052/2828 3050/3050/2826 3049/3049/2825
f 3052/3052/2828 3049/3049/2825 3043/3043/2819
f 3045/3045/2821 3044/3044/2820 3053/3053/2829
f 3053/3053/2829 3054/3054/2830 3055/3055/2831
f 3053/3053/2829 3055/3055/2831 3045/3045/2821
f 3013/3013/2789 3012/3012/2788 3056/3056/2832
f 3057/3057/2833 3058/3058/2834 3012/3012/2788
f 3058/3058/2834 3059/3059/2835 3060/3060/2836
f 3056/3056/2832 3060/3060/2836 3061/3061/2837
f 2456/2456/2297 3018/3018/2794 3017/3017/2793
f 3018/3018/2794 2456/2456/2297 2457/2457/2298
f 3062/3062/2838 3063/3063/2839 3057/3057/2833
f 2464/2464/2305 3064/3064/2840 3063/3063/2839
f 3063/3063/2839 3058/3058/2834 3057/3057/2833
f 3065/3065/2841 3066/3066/2842 3067/3067/2843
f 3068/3068/2844 3069/3069/2845 3070/3070/2846
f 3060/3060/2836 3071/3071/2847 3061/3061/2837
f 3072/3072/2848 3065/3065/2841 3059/3059/2835
f 3072/3072/2848 3073/3073/2849 3074/3074/2850
f 2479/2479/2318 3064/3064/2840 2464/2464/2305
f 3072/3072/2848 3059/3059/2835 3064/3064/2840
f 3073/3073/2849 2479/2479/2318 2478/2478/2317
f 2422/2422/2263 3055/3055/2831 2493/2493/2326
f 3051/3051/2827 3075/3075/2851 3054/3054/2830
f 3076/3076/2852 3075/3075/2851 3051/3051/2827
f 3076/3076/2852 3077/3077/2853 3075/3075/2851
f 3078/3078/2854 3079/3079/2855 3080/3080/2856
f 3076/3076/2852 3081/3081/2857 3082/3082/2858
f 3083/3083/2859 3084/3084/2860 2496/2496/2329
f 3075/3075/2851 3085/3085/2861 3054/3054/2830
f 3085/3085/2861 3075/3075/2851 3077/3077/2853
f 3077/3077/2853 3083/3083/2859 3085/3085/2861
f 3084/3084/2860 3083/3083/2859 3086/3086/2862
f 3087/3087/2863 3088/3088/2864 3077/3077/2853
f 3082/3082/2858 3089/3089/2865 3087/3087/2863
f 3089/3089/2865 3082/3082/2858 3090/3090/2866
f 3090/3090/2866 3091/3091/2867 3089/3089/2865
f 3092/3092/2868 3089/3089/2865 3091/3091/2867
f 3092/3092/2868 3087/3087/2863 3089/3089/2865
f 3086/3086/2862 3088/3088/2864 3093/3093/2869
f 3094/3094/2870 3093/3093/2869 3088/3088/2864
f 3093/3093/2869 3094/3094/2870 3095/3095/2871
f 3096/3096/2872 3097/3097/2873 3098/3098/2874
f 3070/3070/2846 3099/3099/2875 3100/3100/2876
f 3101/3101/2877 3102/3102/2878 3103/3103/2879
f 3099/3099/2875 3104/3104/2880 3100/3100/2876
f 3103/3103/2879 3102/3102/2878 3105/3105/2881
f 3073/3073/2849 3106/3106/2882 3074/3074/2850
f 3106/3106/2882 3105/3105/2881 3074/3074/2850
f 3107/3107/2883 3108/3108/2884 3109/3109/2885
f 3110/3110/2886 3108/3108/2884 3107/3107/2883
f 3110/3110/2886 3107/3107/2883 3111/3111/2887
f 3112/3112/2888 3113/3113/2889 3114/3114/2890
f 3115/3115/2891 3116/3116/2892 3117/3117/2893
f 3094/3094/2870 3092/3092/2868 3118/3118/2894
f 2558/2558/2365 2507/2507/2340 3119/3119/2895
f 3120/3120/2896 2559/2559/2366 3119/3119/2895
f 3119/3119/2895 2559/2559/2366 2558/2558/2365
f 3121/3121/2897 3122/3122/2897 3123/3123/2898
f 3105/3105/2881 3124/3124/2899 3103/3103/2879
f 3101/3101/2877 3103/3103/2879 3125/3125/2900
f 3103/3103/2879 3124/3124/2899 3125/3125/2900
f 3124/3124/2899 3126/3126/2901 3125/3125/2900
f 3106/3106/2882 2527/2527/2352 3127/3127/2902
f 2527/2527/2352 3128/3128/2903 3127/3127/2902
f 3128/3128/2903 3129/3129/2904 3127/3127/2902
f 3125/3125/2900 3130/3130/2905 3101/3101/2877
f 3125/3125/2900 3126/3126/2901 3130/3130/2905
f 3131/3131/2906 3132/3132/2907 3133/3133/2908
f 3132/3132/2907 3126/3126/2901 3129/3129/2904
f 3132/3132/2907 3134/3134/2909 3133/3133/2908
f 3128/3128/2903 3135/3135/2910 3129/3129/2904
f 3136/3136/2911 3137/3137/2912 3138/3138/2913
f 3139/3139/2914 3140/3140/2915 3109/3109/2885
f 3141/3141/2916 3142/3142/2917 3137/3137/2912
f 3116/3116/2892 3143/3143/2918 3144/3144/2919
f 3145/3145/2920 3143/3143/2918 3146/3146/2921
f 3139/3139/2914 3145/3145/2920 3147/3147/2922
f 3148/3148/2923 3144/3144/2919 3143/3143/2918
f 3149/3149/2924 3150/3150/2925 3138/3138/2913
f 3137/3137/2912 3149/3149/2924 3138/3138/2913
f 3149/3149/2924 3137/3137/2912 3142/3142/2917
f 3151/3151/2926 3150/3150/2925 3149/3149/2924
f 3142/3142/2917 3151/3151/2926 3149/3149/2924
f 3152/3152/2927 3153/3153/2928 3154/3154/2929
f 3155/3155/2930 3145/3145/2920 3146/3146/2921
f 3156/3156/2931 3157/3157/2931 3158/3158/2931
f 3159/3159/2932 2613/2613/2406 3160/3160/2933
f 3160/3160/2933 2613/2613/2406 2616/2616/2409
f 3161/3161/2934 3159/3159/2932 3160/3160/2933
f 3162/3162/2935 3163/3163/2936 3155/3155/2930
f 3162/3162/2935 3164/3164/2937 3165/3165/2938
f 3146/3146/2921 3115/3115/2891 3166/3166/2939
f 3155/3155/2930 3167/3167/2940 3168/3168/2941
f 2640/2640/2422 2639/2639/2421 3169/3169/2942
f 2639/2639/2421 3170/3170/2943 3169/3169/2942
f 3168/3168/2941 3162/3162/2935 3155/3155/2930
f 3171/3171/2944 3172/3172/2945 3164/3164/2937
f 3171/3171/2944 2672/2672/2452 3172/3172/2945
f 2649/2649/2431 2648/2648/2430 3173/3173/2946
f 2658/2658/2438 2613/2613/2406 3159/3159/2932
f 2658/2658/2438 3159/3159/2932 2663/2663/2443
f 3161/3161/2934 2663/2663/2443 3159/3159/2932
f 3172/3172/2945 2672/2672/2452 2669/2669/2449
f 3164/3164/2937 3172/3172/2945 2670/2670/2450
f 3172/3172/2945 2669/2669/2449 2670/2670/2450
f 3174/3174/2947 3175/3175/2948 3176/3176/2949
f 3174/3174/2947 3176/3176/2949 3177/3177/2950
f 3177/3177/2950 3176/3176/2949 3178/3178/2951
f 3178/3178/2951 3179/3179/2952 3177/3177/2950
f 3176/3176/2949 3175/3175/2948 3180/3180/2953
f 3178/3178/2951 3176/3176/2949 3180/3180/2953
f 3181/3181/2954 3182/3182/2955 3183/3183/2956
f 3184/3184/2957 3185/3185/2958 3186/3186/2959
f 3186/3186/2959 3181/3181/2954 3183/3183/2956
f 3187/3187/2960 3181/3181/2954 3185/3185/2958
f 3186/3186/2959 3185/3185/2958 3181/3181/2954
f 3187/3187/2960 3182/3182/2955 3181/3181/2954
f 3188/3188/2961 3189/3189/2962 3190/3190/2963
f 3191/3191/2964 3189/3189/2962 3188/3188/2961
f 3190/3190/2963 3192/3192/2965 3188/3188/2961
f 3193/3193/2966 3189/3189/2962 3191/3191/2964
f 3191/3191/2964 3188/3188/2961 3194/3194/2967
f 3188/3188/2961 3192/3192/2965 3194/3194/2967
f 3195/3195/2968 3196/3196/2969 3197/3197/2970
f 3198/3198/2971 3199/3199/2972 3200/3200/2973
f 3190/3190/2963 3201/3201/2974 3197/3197/2970
f 3202/3202/2975 3196/3196/2969 3203/3203/2976
f 3192/3192/2965 3196/3196/2969 3202/3202/2975
f 3204/3204/2977 3205/3205/2978 3203/3203/2976
f 3206/3206/2979 2676/2676/2456 2679/2679/2459
f 3202/3202/2975 3203/3203/2976 3206/3206/2979
f 3206/3206/2979 2679/2679/2459 2681/2681/2461
f 2681/2681/2461 3207/3207/2980 3208/3208/2981
f 3191/3191/2964 3209/3209/2982 3193/3193/2966
f 3210/3210/2983 3193/3193/2966 3211/3211/2984
f 3212/3212/2985 3209/3209/2982 3213/3213/2986
f 3212/3212/2985 3214/3214/2987 3175/3175/2948
f 3212/3212/2985 3213/3213/2986 3214/3214/2987
f 3187/3187/2960 3180/3180/2953 3215/3215/2988
f 3216/3216/2989 2689/2689/2469 2693/2693/2473
f 3191/3191/2964 3194/3194/2967 3209/3209/2982
f 3216/3216/2989 2690/2690/2470 2689/2689/2469
f 3217/3217/2990 3218/3218/2991 2699/2699/2479
f 3216/3216/2989 3218/3218/2991 3213/3213/2986
f 2699/2699/2479 2709/2709/2489 3217/3217/2990
f 3214/3214/2987 3213/3213/2986 3218/3218/2991
f 3208/3208/2981 3219/3219/2992 3194/3194/2967
f 3219/3219/2992 3207/3207/2980 2690/2690/2470
f 3208/3208/2981 3207/3207/2980 3219/3219/2992
f 3182/3182/2955 3220/3220/2993 3221/3221/2994
f 3221/3221/2994 3220/3220/2993 3222/3222/2995
f 3223/3223/2996 3224/3224/2997 3225/3225/2998
f 3223/3223/2996 3225/3225/2998 3226/3226/2999
f 3227/3227/3000 2710/2710/2490 2711/2711/2491
f 3217/3217/2990 2709/2709/2489 3228/3228/3001
f 3228/3228/3001 3222/3222/2995 3220/3220/2993
f 3227/3227/3000 3222/3222/2995 3228/3228/3001
f 3227/3227/3000 2711/2711/2491 2715/2715/2495
f 3229/3229/3002 3230/3230/3003 3231/3231/3004
f 3232/3232/3005 3233/3233/3006 3234/3234/3007
f 3235/3235/3008 3232/3232/3005 3234/3234/3007
f 3225/3225/2998 3235/3235/3008 3226/3226/2999
f 3236/3236/3009 3237/3237/3010 3238/3238/3011
f 3238/3238/3011 3233/3233/3006 3232/3232/3005
f 2724/2724/2504 3230/3230/3003 3239/3239/3012
f 3240/3240/3013 3230/3230/3003 2724/2724/2504
f 3241/3241/3014 3237/3237/3010 3236/3236/3009
f 3237/3237/3010 3241/3241/3014 3242/3242/3015
f 3240/3240/3013 3241/3241/3014 3236/3236/3009
f 3241/3241/3014 3243/3243/3016 3242/3242/3015
f 3243/3243/3016 3241/3241/3014 3240/3240/3013
f 2739/2739/2517 3244/3244/3017 2740/2740/2518
f 3199/3199/2972 3245/3245/3018 3200/3200/2973
f 3246/3246/3019 3247/3247/3020 3248/3248/3021
f 3246/3246/3019 3199/3199/2972 3249/3249/3022
f 3248/3248/3021 3250/3250/3023 3245/3245/3018
f 2742/2742/2520 2676/2676/2456 3205/3205/2978
f 3251/3251/3024 3252/3252/3025 3200/3200/2973
f 3245/3245/3018 3251/3251/3024 3200/3200/2973
f 3251/3251/3024 3253/3253/3026 3254/3254/3027
f 3247/3247/3020 3255/3255/3028 3248/3248/3021
f 3256/3256/3029 3250/3250/3023 3257/3257/3030
f 3258/3258/3031 3259/3259/3032 3260/3260/3033
f 3260/3260/3033 3261/3261/3034 3258/3258/3031
f 3258/3258/3031 3261/3261/3034 3262/3262/3035
f 3263/3263/3036 3264/3264/3036 3265/3265/3036
f 3266/3266/3037 3267/3267/3038 3268/3268/3039
f 3269/3269/3040 3259/3259/3032 3258/3258/3031
f 3253/3253/3026 3250/3250/3023 3256/3256/3029
f 3256/3256/3029 3270/3270/3041 3244/3244/3017
f 3253/3253/3026 2739/2739/2517 3254/3254/3027
f 3234/3234/3007 3233/3233/3006 3271/3271/3042
f 3272/3272/3043 3273/3273/3044 3274/3274/3045
f 3238/3238/3011 3237/3237/3010 3275/3275/3046
f 3271/3271/3042 3274/3274/3045 3276/3276/3047
f 3277/3277/3048 3272/3272/3043 3275/3275/3046
f 2762/2762/2540 3243/3243/3016 2723/2723/2503
f 3272/3272/3043 3277/3277/3048 3273/3273/3044
f 3278/3278/3049 3279/3279/3050 3280/3280/3051
f 3281/3281/3052 3278/3278/3049 3280/3280/3051
f 3282/3282/3053 3281/3281/3052 3283/3283/3054
f 3284/3284/3055 3278/3278/3049 3285/3285/3056
f 3284/3284/3055 3286/3286/3057 3287/3287/3058
f 3288/3288/3059 3286/3286/3057 3284/3284/3055
f 3275/3275/3046 3237/3237/3010 3242/3242/3015
f 3277/3277/3048 3289/3289/3060 3290/3290/3061
f 2762/2762/2540 3291/3291/3062 3289/3289/3060
f 3291/3291/3062 3290/3290/3061 3289/3289/3060
f 3292/3292/3063 3288/3288/3059 3293/3293/3064
f 3291/3291/3062 3294/3294/3065 3290/3290/3061
f 3292/3292/3063 2768/2768/2546 3288/3288/3059
f 2740/2740/2518 3244/3244/3017 2780/2780/2558
f 3295/3295/3066 3296/3296/3067 3270/3270/3041
f 3297/3297/3068 3296/3296/3067 3295/3295/3066
f 3298/3298/3069 3267/3267/3038 3299/3299/3070
f 3266/3266/3037 3300/3300/3071 3267/3267/3038
f 3301/3301/3072 3302/3302/3073 3303/3303/3074
f 3304/3304/3075 3305/3305/3076 3306/3306/3077
f 3302/3302/3073 3305/3305/3076 3307/3307/3078
f 3296/3296/3067 3308/3308/3079 3270/3270/3041
f 3308/3308/3079 2790/2790/2568 2780/2780/2558
f 3308/3308/3079 3309/3309/3080 2790/2790/2568
f 3310/3310/3081 3311/3311/3082 3312/3312/3083
f 3313/3313/3084 3312/3312/3083 3311/3311/3082
f 3314/3314/3085 3315/3315/3086 3316/3316/3087
f 3311/3311/3082 3317/3317/3088 3313/3313/3084
f 3314/3314/3085 3316/3316/3087 3318/3318/3089
f 3319/3319/3090 3302/3302/3073 3307/3307/3078
f 3307/3307/3078 3320/3320/3091 3319/3319/3090
f 3321/3321/3092 3319/3319/3090 3320/3320/3091
f 3312/3312/3083 3322/3322/3093 3310/3310/3081
f 3309/3309/3080 3315/3315/3086 3314/3314/3085
f 3323/3323/3094 3314/3314/3085 3318/3318/3089
f 3314/3314/3085 3323/3323/3094 3309/3309/3080
f 3324/3324/3095 3310/3310/3081 3325/3325/3096
f 3322/3322/3093 3325/3325/3096 3310/3310/3081
f 2795/2795/2573 3326/3326/3097 2796/2796/2574
f 3327/3327/3098 3328/3328/3099 3321/3321/3092
f 3329/3329/3100 3330/3330/3101 3331/3331/3102
f 3329/3329/3100 3332/3332/3103 3330/3330/3101
f 3330/3330/3101 3333/3333/3104 3331/3331/3102
f 3334/3334/3105 3335/3335/3106 3336/3336/3107
f 3336/3336/3107 3335/3335/3106 3337/3337/3108
f 3332/3332/3103 3338/3338/3109 3335/3335/3106
f 3339/3339/3110 3334/3334/3105 3336/3336/3107
f 3334/3334/3105 3339/3339/3110 3340/3340/3111
f 3341/3341/3112 3342/3342/3113 3343/3343/3114
f 3331/3331/3102 3320/3320/3091 3307/3307/3078
f 3333/3333/3104 3343/3343/3114 3342/3342/3113
f 3344/3344/3115 3342/3342/3113 3341/3341/3112
f 3340/3340/3111 3343/3343/3114 3333/3333/3104
f 3343/3343/3114 3345/3345/3116 3341/3341/3112
f 3345/3345/3116 3343/3343/3114 3340/3340/3111
f 3327/3327/3098 3321/3321/3092 3344/3344/3115
f 3344/3344/3115 3346/3346/3117 3327/3327/3098
f 3341/3341/3112 3347/3347/3118 3348/3348/3119
f 3349/3349/3120 3350/3350/3121 3345/3345/3116
f 3337/3337/3108 3351/3351/3122 3336/3336/3107
f 3352/3352/3123 3337/3337/3108 3353/3353/3124
f 3354/3354/3125 3355/3355/3126 3356/3356/3127
f 3354/3354/3125 3279/3279/3050 3357/3357/3128
f 3287/3287/3058 3357/3357/3128 3279/3279/3050
f 3354/3354/3125 3357/3357/3128 3355/3355/3126
f 3336/3336/3107 3351/3351/3122 3339/3339/3110
f 3358/3358/3129 3359/3359/3130 3355/3355/3126
f 2822/2822/2600 3360/3360/3131 2809/2809/2587
f 3360/3360/3131 3357/3357/3128 3287/3287/3058
f 2767/2767/2545 2809/2809/2587 3286/3286/3057
f 3355/3355/3126 3357/3357/3128 3360/3360/3131
f 3361/3361/3132 3349/3349/3120 3339/3339/3110
f 3361/3361/3132 3362/3362/3133 3349/3349/3120
f 3358/3358/3129 2821/2821/2599 2818/2818/2596
f 2821/2821/2599 3358/3358/3129 2822/2822/2600
f 2798/2798/2576 3346/3346/3117 2832/2832/2610
f 3363/3363/3134 3364/3364/3135 3365/3365/3136
f 3363/3363/3134 3365/3365/3136 3366/3366/3137
f 3346/3346/3117 3348/3348/3119 2832/2832/2610
f 3348/3348/3119 2844/2844/2622 2832/2832/2610
f 2845/2845/2623 3347/3347/3118 2850/2850/2628
f 3350/3350/3121 2850/2850/2628 3347/3347/3118
f 2848/2848/2626 2850/2850/2628 3350/3350/3121
f 3366/3366/3137 3367/3367/3138 3363/3363/3134
f 3363/3363/3134 3367/3367/3138 3368/3368/3139
f 3369/3369/3140 3364/3364/3135 3363/3363/3134
f 3368/3368/3139 3369/3369/3140 3363/3363/3134
f 3370/3370/3141 3371/3371/3142 3372/3372/3143
f 3370/3370/3141 3372/3372/3143 3373/3373/3144
f 3374/3374/3145 3375/3375/3146 3376/3376/3147
f 3374/3374/3145 3376/3376/3147 3377/3377/3148
f 3377/3377/3148 3376/3376/3147 3378/3378/3149
f 3379/3379/3150 3370/3370/3141 3378/3378/3149
f 3376/3376/3147 3375/3375/3146 3380/3380/3151
f 3378/3378/3149 3376/3376/3147 3380/3380/3151
f 3381/3381/3152 3371/3371/3142 3370/3370/3141
f 3382/3382/3153 3383/3383/3154 3384/3384/3155
f 3385/3385/3156 3382/3382/3153 3384/3384/3155
f 3386/3386/3157 3382/3382/3153 3379/3379/3150
f 3385/3385/3156 3379/3379/3150 3382/3382/3153
f 3386/3386/3157 3383/3383/3154 3382/3382/3153
f 3387/3387/3158 3375/3375/3146 3374/3374/3145
f 3388/3388/3159 3389/3389/3160 3390/3390/3161
f 3387/3387/3158 3389/3389/3160 3375/3375/3146
f 3375/3375/3146 3389/3389/3160 3380/3380/3151
f 3391/3391/3162 3392/3392/3163 3393/3393/3164
f 3391/3391/3162 3393/3393/3164 3394/3394/3165
f 3395/3395/3166 3396/3396/3167 3397/3397/3168
f 3398/3398/3169 3399/3399/3170 3397/3397/3168
f 3396/3396/3167 3400/3400/3171 3401/3401/3172
f 3397/3397/3168 3396/3396/3167 3401/3401/3172
f 3386/3386/3157 3388/3388/3159 3383/3383/3154
f 3402/3402/3173 3388/3388/3159 3390/3390/3161
f 3403/3403/3174 3404/3404/3175 3402/3402/3173
f 3405/3405/3176 3406/3406/3177 3407/3407/3178
f 3408/3408/3179 3404/3404/3175 3409/3409/3180
f 3409/3409/3180 3404/3404/3175 3403/3403/3174
f 3410/3410/3181 3411/3411/3182 3412/3412/3183
f 3390/3390/3161 3413/3413/3184 3402/3402/3173
f 3410/3410/3181 3412/3412/3183 3414/3414/3185
f 3415/3415/3186 3410/3410/3181 3398/3398/3169
f 3416/3416/3187 3417/3417/3188 3418/3418/3189
f 3419/3419/3190 3420/3420/3191 3421/3421/3192
f 3417/3417/3188 3412/3412/3183 3422/3422/3193
f 3423/3423/3194 3424/3424/3195 3411/3411/3182
f 3411/3411/3182 3424/3424/3195 3425/3425/3196
f 3411/3411/3182 3425/3425/3196 3426/3426/3197
f 3427/3427/3198 3406/3406/3177 3405/3405/3176
f 3428/3428/3199 3427/3427/3198 3405/3405/3176
f 3429/3429/3200 3430/3430/3201 3431/3431/3202
f 3432/3432/3203 3433/3433/3204 3434/3434/3205
f 3415/3415/3186 3401/3401/3172 3435/3435/3206
f 3436/3436/3207 3429/3429/3200 3437/3437/3208
f 3438/3438/3209 3434/3434/3205 3439/3439/3210
f 3434/3434/3205 3433/3433/3204 3439/3439/3210
f 3440/3440/3211 3441/3441/3212 3442/3442/3213
f 3440/3440/3211 3442/3442/3213 3443/3443/3214
f 3436/3436/3207 3437/3437/3208 3443/3443/3214
f 3444/3444/3215 3442/3442/3213 3445/3445/3216
f 3446/3446/3217 3447/3447/3218 3448/3448/3219
f 3446/3446/3217 3449/3449/3220 3447/3447/3218
f 3446/3446/3217 3450/3450/3221 3449/3449/3220
f 3415/3415/3186 3435/3435/3206 3423/3423/3194
f 3451/3451/3222 3419/3419/3190 3452/3452/3223
f 3426/3426/3197 3453/3453/3224 3422/3422/3193
f 3424/3424/3195 3454/3454/3225 3425/3425/3196
f 3455/3455/3226 3424/3424/3195 3423/3423/3194
f 3455/3455/3226 3456/3456/3227 3457/3457/3228
f 3454/3454/3225 3424/3424/3195 3455/3455/3226
f 3454/3454/3225 3458/3458/3229 3425/3425/3196
f 3425/3425/3196 3458/3458/3229 3426/3426/3197
f 3458/3458/3229 3459/3459/3230 3460/3460/3231
f 3461/3461/3232 3457/3457/3228 3456/3456/3227
f 3462/3462/3233 3463/3463/3234 3464/3464/3235
f 3465/3465/3236 3457/3457/3228 3464/3464/3235
f 3466/3466/3237 3465/3465/3236 3464/3464/3235
f 3466/3466/3237 3467/3467/3238 3468/3468/3239
f 3466/3466/3237 3459/3459/3230 3465/3465/3236
f 3469/3469/3240 3460/3460/3231 3459/3459/3230
f 3468/3468/3239 3470/3470/3241 3469/3469/3240
f 3471/3471/3242 3472/3472/3243 3452/3452/3223
f 3452/3452/3223 3472/3472/3243 3473/3473/3244
f 3472/3472/3243 3474/3474/3245 3473/3473/3244
f 3453/3453/3224 3460/3460/3231 3475/3475/3246
f 3476/3476/3247 3474/3474/3245 3472/3472/3243
f 3477/3477/3248 3473/3473/3244 3478/3478/3249
f 3478/3478/3249 3479/3479/3250 3480/3480/3251
f 3479/3479/3250 3474/3474/3245 3481/3481/3252
f 3481/3481/3252 3482/3482/3253 3479/3479/3250
f 3483/3483/3254 3484/3484/3255 3482/3482/3253
f 3470/3470/3241 3485/3485/3256 3469/3469/3240
f 3486/3486/3257 3487/3487/3258 3488/3488/3259
f 3486/3486/3257 3488/3488/3259 3489/3489/3260
f 3490/3490/3261 3441/3441/3212 3440/3440/3211
f 3491/3491/3262 3441/3441/3212 3492/3492/3263
f 3493/3493/3264 3494/3494/3265 3492/3492/3263
f 3493/3493/3264 3490/3490/3261 3495/3495/3266
f 3496/3496/3267 3497/3497/3268 3498/3498/3269
f 3496/3496/3267 3499/3499/3270 3497/3497/3268
f 3492/3492/3263 3494/3494/3265 3500/3500/3271
f 3493/3493/3264 3501/3501/3272 3494/3494/3265
f 3501/3501/3272 3502/3502/3273 3503/3503/3274
f 3504/3504/3275 3494/3494/3265 3501/3501/3272
f 3500/3500/3271 3494/3494/3265 3504/3504/3275
f 3505/3505/3276 3506/3506/3277 3507/3507/3278
f 3508/3508/3279 3509/3509/3280 3496/3496/3267
f 3510/3510/3281 3511/3511/3281 3512/3512/3282
f 3506/3506/3277 3505/3505/3276 3509/3509/3280
f 3468/3468/3239 3467/3467/3238 2884/2884/2662
f 3513/3513/3283 3514/3514/3284 2885/2885/2663
f 3515/3515/3285 3516/3516/3286 3504/3504/3275
f 3516/3516/3286 3515/3515/3285 3517/3517/3287
f 3514/3514/3284 3518/3518/3288 3519/3519/3289
f 3520/3520/3290 3521/3521/3291 3512/3512/3282
f 3522/3522/3292 2886/2886/2664 3521/3521/3291
f 2890/2890/2668 2885/2885/2663 3514/3514/3284
f 3480/3480/3251 3484/3484/3255 3523/3523/3293
f 3524/3524/3294 3525/3525/3295 3526/3526/3296
f 3484/3484/3255 3525/3525/3295 3523/3523/3293
f 3526/3526/3296 3525/3525/3295 3527/3527/3297
f 2883/2883/2661 3487/3487/3258 3470/3470/3241
f 3487/3487/3258 2883/2883/2661 2897/2897/2675
f 2899/2899/2677 2906/2906/2684 3488/3488/3259
f 3528/3528/3298 3527/3527/3297 3483/3483/3254
f 2906/2906/2684 3529/3529/3299 3530/3530/3300
f 3524/3524/3294 3531/3531/3301 3532/3532/3302
f 3533/3533/3303 3534/3534/3304 3535/3535/3305
f 3527/3527/3297 3536/3536/3306 3526/3526/3296
f 3524/3524/3294 3526/3526/3296 3537/3537/3307
f 3526/3526/3296 3536/3536/3306 3537/3537/3307
f 3536/3536/3306 3538/3538/3308 3537/3537/3307
f 3528/3528/3298 3539/3539/3309 3540/3540/3310
f 3539/3539/3309 2934/2934/2712 3540/3540/3310
f 2934/2934/2712 3541/3541/3311 3540/3540/3310
f 3537/3537/3307 3542/3542/3312 3524/3524/3294
f 3537/3537/3307 3538/3538/3308 3542/3542/3312
f 3533/3533/3303 3543/3543/3313 3544/3544/3314
f 3545/3545/3315 3538/3538/3308 3541/3541/3311
f 3545/3545/3315 3541/3541/3311 3546/3546/3316
f 3547/3547/3317 3548/3548/3318 3549/3549/3319
f 3549/3549/3319 2937/2937/2715 2939/2939/2717
f 3547/3547/3317 3549/3549/3319 2939/2939/2717
f 3547/3547/3317 2939/2939/2717 2940/2940/2718
f 3550/3550/3320 3551/3551/3321 3503/3503/3274
f 3515/3515/3285 3503/3503/3274 3551/3551/3321
f 3552/3552/3322 3551/3551/3321 3550/3550/3320
f 3553/3553/3323 3554/3554/3324 3555/3555/3325
f 3556/3556/3326 3557/3557/3327 3558/3558/3328
f 3559/3559/3329 3560/3560/3330 3561/3561/3331
f 3555/3555/3325 3554/3554/3324 3562/3562/3332
f 2952/2952/2730 3563/3563/3333 3564/3564/3334
f 3565/3565/3335 3564/3564/3334 3517/3517/3287
f 3558/3558/3328 3565/3565/3335 3517/3517/3287
f 3565/3565/3335 3558/3558/3328 3557/3557/3327
f 3557/3557/3327 3566/3566/3336 3567/3567/3337
f 3568/3568/3338 3566/3566/3336 3557/3557/3327
f 3562/3562/3332 3569/3569/3339 3570/3570/3340
f 3569/3569/3339 3562/3562/3332 3560/3560/3330
f 3560/3560/3330 3571/3571/3341 3569/3569/3339
f 3572/3572/3342 3573/3573/3343 3574/3574/3344
f 2953/2953/2731 3567/3567/3337 2966/2966/2744
f 3575/3575/3345 2963/2963/2741 3576/3576/3346
f 3567/3567/3337 3566/3566/3336 3576/3576/3346
f 3577/3577/3347 3576/3576/3346 3566/3566/3336
f 3578/3578/3348 3570/3570/3340 3572/3572/3342
f 3579/3579/3349 3560/3560/3330 3559/3559/3329
f 3534/3534/3304 3580/3580/3350 3581/3581/3351
f 3582/3582/3352 3580/3580/3350 3583/3583/3353
f 3583/3583/3353 3580/3580/3350 3584/3584/3354
f 3583/3583/3353 3585/3585/3355 3582/3582/3352
f 3586/3586/3356 3583/3583/3353 3584/3584/3354
f 3583/3583/3353 3586/3586/3356 3585/3585/3355
f 3587/3587/3357 3571/3571/3341 3588/3588/3358
f 3589/3589/3359 3588/3588/3358 3571/3571/3341
f 3588/3588/3358 3590/3590/3360 3587/3587/3357
f 3582/3582/3352 3591/3591/3361 3592/3592/3362
f 3593/3593/3363 3594/3594/3364 3595/3595/3365
f 3595/3595/3365 3596/3596/3366 3597/3597/3367
f 3593/3593/3363 3585/3585/3355 3586/3586/3356
f 3584/3584/3354 3533/3533/3303 3544/3544/3314
f 3544/3544/3314 3598/3598/3368 3599/3599/3369
f 3586/3586/3356 3599/3599/3369 3600/3600/3370
f 3601/3601/3371 3600/3600/3370 3599/3599/3369
f 2992/2992/2770 3602/3602/3372 3000/3000/2778
f 3603/3603/3373 3000/3000/2778 3602/3602/3372
f 2940/2940/2718 2996/2996/2774 3547/3547/3317
f 3604/3604/3374 3594/3594/3364 3593/3593/3363
f 3594/3594/3364 3604/3604/3374 3605/3605/3375
f 3604/3604/3374 3600/3600/3370 3606/3606/3376
f 3606/3606/3376 3607/3607/3377 3608/3608/3378
f 3014/3014/2790 3013/3013/2789 3609/3609/3379
f 3610/3610/3380 3574/3574/3344 3573/3573/3343
f 3573/3573/3343 3587/3587/3357 3610/3610/3380
f 3032/3032/2808 2963/2963/2741 3575/3575/3345
f 3032/3032/2808 3575/3575/3345 3035/3035/2811
f 3611/3611/3381 3574/3574/3344 3610/3610/3380
f 3612/3612/3382 3611/3611/3381 3048/3048/2824
f 3613/3613/3383 3614/3614/3384 3590/3590/3360
f 3590/3590/3360 3596/3596/3366 3613/3613/3383
f 3613/3613/3383 3615/3615/3385 3614/3614/3384
f 3613/3613/3383 3596/3596/3366 3616/3616/3386
f 3613/3613/3383 3616/3616/3386 3615/3615/3385
f 3595/3595/3365 3594/3594/3364 3617/3617/3387
f 3611/3611/3381 3618/3618/3388 3048/3048/2824
f 3618/3618/3388 3614/3614/3384 3615/3615/3385
f 3618/3618/3388 3046/3046/2822 3048/3048/2824
f 3615/3615/3385 3619/3619/3389 3620/3620/3390
f 3621/3621/3391 3616/3616/3386 3617/3617/3387
f 3046/3046/2822 3620/3620/3390 3622/3622/3392
f 3623/3623/3393 3624/3624/3394 3625/3625/3395
f 3626/3626/3396 3623/3623/3393 3625/3625/3395
f 3620/3620/3390 3619/3619/3389 3625/3625/3395
f 3627/3627/3397 3619/3619/3389 3621/3621/3391
f 3627/3627/3397 3628/3628/3398 3626/3626/3396
f 3617/3617/3387 3594/3594/3364 3605/3605/3375
f 3605/3605/3375 3608/3608/3378 3629/3629/3399
f 3621/3621/3391 3629/3629/3399 3630/3630/3400
f 3608/3608/3378 3631/3631/3401 3629/3629/3399
f 3631/3631/3401 3632/3632/3402 3633/3633/3403
f 3634/3634/3404 3635/3635/3405 3636/3636/3406
f 3630/3630/3400 3627/3627/3397 3621/3621/3391
f 3637/3637/3407 3638/3638/3408 3639/3639/3409
f 3636/3636/3406 3637/3637/3407 3640/3640/3410
f 3637/3637/3407 3070/3070/2846 3638/3638/3408
f 3068/3068/2844 3636/3636/3406 3635/3635/3405
f 3641/3641/3411 3624/3624/3394 3623/3623/3393
f 3641/3641/3411 3623/3623/3393 3080/3080/2856
f 3626/3626/3396 3080/3080/2856 3623/3623/3393
f 3639/3639/3409 3638/3638/3408 3098/3098/2874
f 3642/3642/3412 3643/3643/3413 3096/3096/2872
f 3642/3642/3412 3100/3100/2876 3114/3114/2890
f 3642/3642/3412 3114/3114/2890 3643/3643/3413
f 3644/3644/3414 3645/3645/3415 3110/3110/2886
f 3646/3646/3416 3108/3108/2884 3647/3647/3417
f 3648/3648/3418 3646/3646/3416 3647/3647/3417
f 3648/3648/3418 3647/3647/3417 3649/3649/3419
f 3648/3648/3418 3649/3649/3419 3116/3116/2892
f 3148/3148/2923 3108/3108/2884 3646/3646/3416
f 3148/3148/2923 3646/3646/3416 3144/3144/2919
f 3648/3648/3418 3144/3144/2919 3646/3646/3416
f 3116/3116/2892 3144/3144/2919 3648/3648/3418
f 3650/3650/3420 3651/3651/3421 3652/3652/3422
f 3653/3653/3423 3654/3654/3424 3655/3655/3425
f 3652/3652/3422 3651/3651/3421 3656/3656/3426
f 3656/3656/3426 3657/3657/3427 3652/3652/3422
f 3658/3658/3428 3657/3657/3427 3656/3656/3426
f 3659/3659/3429 3651/3651/3421 3653/3653/3423
f 3655/3655/3425 3660/3660/3430 3653/3653/3423
f 3661/3661/3431 3174/3174/2947 3177/3177/2950
f 3659/3659/3429 3653/3653/3423 3661/3661/3431
f 3661/3661/3431 3177/3177/2950 3179/3179/2952
f 3659/3659/3429 3662/3662/3432 3663/3663/3433
f 3179/3179/2952 3184/3184/2957 3662/3662/3432
f 3664/3664/3434 3665/3665/3435 3666/3666/3436
f 3665/3665/3435 3664/3664/3434 3667/3667/3437
f 3662/3662/3432 3668/3668/3438 3663/3663/3433
f 3669/3669/3439 3184/3184/2957 3186/3186/2959
f 3670/3670/3440 3671/3671/3441 3672/3672/3442
f 3673/3673/3443 3671/3671/3441 3670/3670/3440
f 3674/3674/3444 3675/3675/3445 3676/3676/3446
f 3677/3677/3447 3675/3675/3445 3674/3674/3444
f 3676/3676/3446 3678/3678/3448 3674/3674/3444
f 3679/3679/3449 3675/3675/3445 3677/3677/3447
f 3680/3680/3450 3681/3681/3451 3201/3201/2974
f 3682/3682/3452 3681/3681/3451 3680/3680/3450
f 3681/3681/3451 3683/3683/3453 3201/3201/2974
f 3680/3680/3450 3210/3210/2983 3682/3682/3452
f 3684/3684/3454 3685/3685/3455 3686/3686/3456
f 3684/3684/3454 3686/3686/3456 3687/3687/3457
f 3688/3688/3458 3689/3689/3459 3687/3687/3457
f 3690/3690/3460 3686/3686/3456 3691/3691/3461
f 3692/3692/3462 3249/3249/3022 3693/3693/3463
f 3693/3693/3463 3249/3249/3022 3694/3694/3464
f 3691/3691/3461 3693/3693/3463 3695/3695/3465
f 3695/3695/3465 3690/3690/3460 3691/3691/3461
f 3696/3696/3466 3679/3679/3449 3697/3697/3467
f 3697/3697/3467 3679/3679/3449 3654/3654/3424
f 3697/3697/3467 3654/3654/3424 3650/3650/3420
f 3698/3698/3468 3658/3658/3428 3699/3699/3469
f 3700/3700/3470 3699/3699/3469 3658/3658/3428
f 3211/3211/2984 3174/3174/2947 3660/3660/3430
f 3677/3677/3447 3682/3682/3452 3655/3655/3425
f 3660/3660/3430 3210/3210/2983 3211/3211/2984
f 3698/3698/3468 3699/3699/3469 3701/3701/3471
f 3702/3702/3472 3703/3703/3473 3704/3704/3474
f 3704/3704/3474 3705/3705/3475 3706/3706/3476
f 3702/3702/3472 3704/3704/3474 3707/3707/3477
f 3702/3702/3472 3707/3707/3477 3708/3708/3478
f 3667/3667/3437 3672/3672/3442 3709/3709/3479
f 3667/3667/3437 3709/3709/3479 3705/3705/3475
f 3709/3709/3479 3706/3706/3476 3705/3705/3475
f 3672/3672/3442 3710/3710/3480 3709/3709/3479
f 3710/3710/3480 3706/3706/3476 3709/3709/3479
f 3710/3710/3480 3223/3223/2996 3226/3226/2999
f 3706/3706/3476 3711/3711/3481 3712/3712/3482
f 3707/3707/3477 3712/3712/3482 3713/3713/3483
f 3714/3714/3484 3715/3715/3485 3713/3713/3483
f 3714/3714/3484 3713/3713/3483 3716/3716/3486
f 3717/3717/3487 3718/3718/3488 3716/3716/3486
f 3719/3719/3489 3234/3234/3007 3720/3720/3490
f 3235/3235/3008 3234/3234/3007 3719/3719/3489
f 3711/3711/3481 3719/3719/3489 3717/3717/3487
f 3717/3717/3487 3712/3712/3482 3711/3711/3481
f 3721/3721/3491 3685/3685/3455 3684/3684/3454
f 3722/3722/3492 3685/3685/3455 3723/3723/3493
f 3724/3724/3494 3725/3725/3495 3723/3723/3493
f 3724/3724/3494 3721/3721/3491 3726/3726/3496
f 3727/3727/3497 3247/3247/3020 3246/3246/3019
f 3728/3728/3498 3729/3729/3498 3730/3730/3498
f 3692/3692/3462 3731/3731/3499 3727/3727/3497
f 3722/3722/3492 3731/3731/3499 3692/3692/3462
f 3722/3722/3492 3723/3723/3493 3731/3731/3499
f 3724/3724/3494 3732/3732/3500 3725/3725/3495
f 3733/3733/3501 3734/3734/3502 3735/3735/3503
f 3736/3736/3504 3725/3725/3495 3732/3732/3500
f 3247/3247/3020 3737/3737/3505 3255/3255/3028
f 3737/3737/3505 3260/3260/3033 3255/3255/3028
f 3738/3738/3506 3261/3261/3034 3739/3739/3507
f 3740/3740/3508 3741/3741/3509 3742/3742/3510
f 3743/3743/3511 3735/3735/3503 3744/3744/3512
f 3743/3743/3511 3741/3741/3509 3735/3735/3503
f 3745/3745/3513 3741/3741/3509 3740/3740/3508
f 3746/3746/3514 3742/3742/3510 3747/3747/3515
f 3747/3747/3515 3748/3748/3516 3746/3746/3514
f 3749/3749/3517 3746/3746/3514 3750/3750/3518
f 3742/3742/3510 3751/3751/3519 3740/3740/3508
f 3752/3752/3520 3733/3733/3501 3745/3745/3513
f 3745/3745/3513 3753/3753/3521 3752/3752/3520
f 3740/3740/3508 3754/3754/3522 3755/3755/3523
f 3756/3756/3524 3757/3757/3525 3751/3751/3519
f 3756/3756/3524 3751/3751/3519 3749/3749/3517
f 3756/3756/3524 3758/3758/3526 3757/3757/3525
f 3714/3714/3484 3759/3759/3527 3760/3760/3528
f 3761/3761/3529 3759/3759/3527 3762/3762/3530
f 3763/3763/3531 3764/3764/3532 3765/3765/3533
f 3716/3716/3486 3759/3759/3527 3714/3714/3484
f 3720/3720/3490 3234/3234/3007 3271/3271/3042
f 3720/3720/3490 3766/3766/3534 3718/3718/3488
f 3283/3283/3054 3767/3767/3535 3768/3768/3536
f 3766/3766/3534 3762/3762/3530 3718/3718/3488
f 3769/3769/3537 3770/3770/3538 3771/3771/3539
f 3772/3772/3540 3773/3773/3541 3774/3774/3542
f 3772/3772/3540 3770/3770/3538 3773/3773/3541
f 3775/3775/3543 3770/3770/3538 3769/3769/3537
f 3765/3765/3533 3776/3776/3544 3777/3777/3545
f 3771/3771/3539 3778/3778/3546 3769/3769/3537
f 3778/3778/3546 3771/3771/3539 3764/3764/3532
f 3756/3756/3524 3749/3749/3517 3779/3779/3547
f 3779/3779/3547 3758/3758/3526 3756/3756/3524
f 3281/3281/3052 3280/3280/3051 3780/3780/3548
f 3778/3778/3546 3780/3780/3548 3769/3769/3537
f 3767/3767/3535 3780/3780/3548 3778/3778/3546
f 3778/3778/3546 3764/3764/3532 3767/3767/3535
f 3781/3781/3549 3782/3782/3550 3783/3783/3551
f 3784/3784/3552 3785/3785/3553 3786/3786/3554
f 3304/3304/3075 3753/3753/3521 3787/3787/3555
f 3788/3788/3556 3789/3789/3557 3790/3790/3558
f 3791/3791/3559 3792/3792/3560 3793/3793/3561
f 3793/3793/3561 3792/3792/3560 3794/3794/3562
f 3795/3795/3563 3781/3781/3549 3796/3796/3564
f 3792/3792/3560 3797/3797/3565 3798/3798/3566
f 3794/3794/3562 3792/3792/3560 3798/3798/3566
f 3799/3799/3567 3800/3800/3568 3801/3801/3569
f 3802/3802/3570 3800/3800/3568 3799/3799/3567
f 3803/3803/3571 3799/3799/3567 3801/3801/3569
f 3804/3804/3572 3805/3805/3573 3806/3806/3574
f 3802/3802/3570 3799/3799/3567 3807/3807/3575
f 3807/3807/3575 3799/3799/3567 3803/3803/3571
f 3753/3753/3521 3755/3755/3523 3787/3787/3555
f 3755/3755/3523 3329/3329/3100 3787/3787/3555
f 3332/3332/3103 3754/3754/3522 3338/3338/3109
f 3757/3757/3525 3338/3338/3109 3754/3754/3522
f 3808/3808/3576 3809/3809/3577 3810/3810/3578
f 3781/3781/3549 3795/3795/3563 3801/3801/3569
f 3808/3808/3576 3810/3810/3578 3803/3803/3571
f 3811/3811/3579 3808/3808/3576 3795/3795/3563
f 3807/3807/3575 3812/3812/3580 3804/3804/3572
f 3813/3813/3581 3804/3804/3572 3812/3812/3580
f 3813/3813/3581 3812/3812/3580 3814/3814/3582
f 3815/3815/3583 3810/3810/3578 3809/3809/3577
f 3816/3816/3584 3817/3817/3585 3809/3809/3577
f 3809/3809/3577 3817/3817/3585 3818/3818/3586
f 3819/3819/3587 3820/3820/3588 3815/3815/3583
f 3815/3815/3583 3820/3820/3588 3814/3814/3582
f 3819/3819/3587 3821/3821/3589 3820/3820/3588
f 3822/3822/3590 3823/3823/3591 3824/3824/3592
f 3825/3825/3593 3823/3823/3591 3822/3822/3590
f 3826/3826/3594 3822/3822/3590 3824/3824/3592
f 3825/3825/3593 3822/3822/3590 3827/3827/3595
f 3827/3827/3595 3822/3822/3590 3826/3826/3594
f 3828/3828/3596 3829/3829/3597 3830/3830/3598
f 3831/3831/3599 3280/3280/3051 3832/3832/3600
f 3833/3833/3601 3831/3831/3599 3834/3834/3602
f 3831/3831/3599 3832/3832/3600 3834/3834/3602
f 3804/3804/3572 3813/3813/3581 3824/3824/3592
f 3835/3835/3603 3836/3836/3604 3826/3826/3594
f 3837/3837/3605 3838/3838/3606 3839/3839/3607
f 3837/3837/3605 3839/3839/3607 3840/3840/3608
f 3841/3841/3609 3842/3842/3610 3840/3840/3608
f 3839/3839/3607 3841/3841/3609 3840/3840/3608
f 3820/3820/3588 3843/3843/3611 3814/3814/3582
f 3843/3843/3611 3821/3821/3589 3844/3844/3612
f 3821/3821/3589 3843/3843/3611 3820/3820/3588
f 3845/3845/3613 3789/3789/3557 3788/3788/3556
f 3846/3846/3614 3847/3847/3615 3848/3848/3616
f 3811/3811/3579 3849/3849/3617 3850/3850/3618
f 3846/3846/3614 3845/3845/3613 3851/3851/3619
f 3850/3850/3618 3852/3852/3620 3853/3853/3621
f 3854/3854/3622 3855/3855/3623 3856/3856/3623
f 3857/3857/3624 3858/3858/3625 3859/3859/3626
f 3857/3857/3624 3859/3859/3626 3860/3860/3627
f 3846/3846/3614 3851/3851/3619 3860/3860/3627
f 3847/3847/3615 3859/3859/3626 3861/3861/3628
f 3862/3862/3629 3861/3861/3628 3863/3863/3630
f 3864/3864/3631 3865/3865/3632 3866/3866/3633
f 3867/3867/3634 3868/3868/3635 3869/3869/3636
f 3811/3811/3579 3850/3850/3618 3816/3816/3584
f 3817/3817/3585 3870/3870/3637 3818/3818/3586
f 3871/3871/3638 3817/3817/3585 3816/3816/3584
f 3871/3871/3638 3853/3853/3621 3872/3872/3639
f 3870/3870/3637 3817/3817/3585 3871/3871/3638
f 3819/3819/3587 3818/3818/3586 3365/3365/3136
f 3870/3870/3637 3873/3873/3640 3366/3366/3137
f 3865/3865/3632 3872/3872/3639 3853/3853/3621
f 3868/3868/3635 3874/3874/3641 3875/3875/3642
f 3876/3876/3643 3877/3877/3644 3875/3875/3642
f 3878/3878/3645 3876/3876/3643 3875/3875/3642
f 3878/3878/3645 3879/3879/3646 3880/3880/3647
f 3881/3881/3648 3878/3878/3645 3880/3880/3647
f 3844/3844/3612 3882/3882/3649 3883/3883/3650
f 3883/3883/3650 3882/3882/3649 3884/3884/3651
f 3885/3885/3652 3842/3842/3610 3886/3886/3653
f 3884/3884/3651 3882/3882/3649 3887/3887/3654
f 3837/3837/3605 3888/3888/3655 3889/3889/3656
f 3842/3842/3610 3888/3888/3655 3840/3840/3608
f 3840/3840/3608 3888/3888/3655 3837/3837/3605
f 3844/3844/3612 3890/3890/3657 3882/3882/3649
f 3890/3890/3657 3887/3887/3654 3882/3882/3649
f 3364/3364/3135 3369/3369/3140 3890/3890/3657
f 3891/3891/3658 3892/3892/3659 3893/3893/3660
f 3893/3893/3660 3892/3892/3659 3894/3894/3661
f 3895/3895/3662 3894/3894/3661 3896/3896/3663
f 3897/3897/3664 3898/3898/3665 3896/3896/3663
f 3897/3897/3664 3896/3896/3663 3899/3899/3666
f 3900/3900/3667 3901/3901/3668 3899/3899/3666
f 3902/3902/3669 3903/3903/3670 3904/3904/3671
f 3904/3904/3671 3905/3905/3672 3902/3902/3669
f 3906/3906/3673 3907/3907/3674 3904/3904/3671
f 3906/3906/3673 3908/3908/3675 3907/3907/3674
f 3892/3892/3659 3909/3909/3676 3900/3900/3667
f 3900/3900/3667 3894/3894/3661 3892/3892/3659
f 3910/3910/3677 3858/3858/3625 3857/3857/3624
f 3863/3863/3630 3858/3858/3625 3911/3911/3678
f 3912/3912/3679 3913/3913/3680 3911/3911/3678
f 3912/3912/3679 3910/3910/3677 3914/3914/3681
f 3915/3915/3682 3867/3867/3634 3916/3916/3683
f 3915/3915/3682 3868/3868/3635 3867/3867/3634
f 3911/3911/3678 3913/3913/3680 3917/3917/3684
f 3912/3912/3679 3918/3918/3685 3913/3913/3680
f 3918/3918/3685 3919/3919/3686 3920/3920/3687
f 3921/3921/3688 3913/3913/3680 3918/3918/3685
f 3917/3917/3684 3913/3913/3680 3921/3921/3688
f 3874/3874/3641 3922/3922/3689 3879/3879/3646
f 3923/3923/3690 3924/3924/3691 3915/3915/3682
f 3924/3924/3691 3923/3923/3690 3925/3925/3692
f 3922/3922/3689 3874/3874/3641 3924/3924/3691
f 3880/3880/3647 3879/3879/3646 3372/3372/3143
f 3922/3922/3689 3926/3926/3693 3373/3373/3144
f 3927/3927/3694 3928/3928/3695 3921/3921/3688
f 3928/3928/3695 3927/3927/3694 3929/3929/3696
f 3926/3926/3693 3925/3925/3692 3930/3930/3697
f 3931/3931/3698 3930/3930/3697 3925/3925/3692
f 3932/3932/3699 3374/3374/3145 3930/3930/3697
f 3377/3377/3148 3373/3373/3144 3926/3926/3693
f 3897/3897/3664 3933/3933/3700 3934/3934/3701
f 3935/3935/3702 3933/3933/3700 3936/3936/3703
f 3936/3936/3703 3937/3937/3704 3935/3935/3702
f 3899/3899/3666 3933/3933/3700 3897/3897/3664
f 3903/3903/3670 3938/3938/3705 3939/3939/3706
f 3371/3371/3142 3903/3903/3670 3902/3902/3669
f 3938/3938/3705 3381/3381/3152 3940/3940/3707
f 3938/3938/3705 3941/3941/3708 3939/3939/3706
f 3942/3942/3709 3943/3943/3710 3901/3901/3668
f 3943/3943/3710 3936/3936/3703 3901/3901/3668
f 3935/3935/3702 3937/3937/3704 3944/3944/3711
f 3945/3945/3712 3946/3946/3713 3944/3944/3711
f 3945/3945/3712 3944/3944/3711 3947/3947/3714
f 3948/3948/3715 3949/3949/3716 3947/3947/3714
f 3940/3940/3707 3381/3381/3152 3385/3385/3156
f 3950/3950/3717 3384/3384/3155 3951/3951/3718
f 3950/3950/3717 3952/3952/3719 3940/3940/3707
f 3953/3953/3720 3954/3954/3721 3948/3948/3715
f 3948/3948/3715 3937/3937/3704 3953/3953/3720
f 3955/3955/3722 3956/3956/3723 3920/3920/3687
f 3927/3927/3694 3920/3920/3687 3956/3956/3723
f 3957/3957/3724 3958/3958/3725 3956/3956/3723
f 3957/3957/3724 3959/3959/3726 3958/3958/3725
f 3960/3960/3727 3961/3961/3728 3929/3929/3696
f 3958/3958/3725 3960/3960/3727 3929/3929/3696
f 3962/3962/3729 3932/3932/3699 3963/3963/3730
f 3387/3387/3158 3962/3962/3729 3964/3964/3731
f 3962/3962/3729 3965/3965/3732 3964/3964/3731
f 3966/3966/3733 3967/3967/3734 3968/3968/3735
f 3969/3969/3736 3970/3970/3737 3957/3957/3724
f 3970/3970/3737 3967/3967/3734 3966/3966/3733
f 3971/3971/3738 3959/3959/3726 3966/3966/3733
f 3972/3972/3739 3959/3959/3726 3971/3971/3738
f 3973/3973/3740 3972/3972/3739 3974/3974/3741
f 3971/3971/3738 3974/3974/3741 3972/3972/3739
f 3975/3975/3742 3431/3431/3202 3974/3974/3741
f 3394/3394/3165 3976/3976/3743 3977/3977/3743
f 3945/3945/3712 3978/3978/3744 3979/3979/3745
f 3980/3980/3746 3978/3978/3744 3981/3981/3747
f 3981/3981/3747 3982/3982/3748 3980/3980/3746
f 3947/3947/3714 3978/3978/3744 3945/3945/3712
f 3951/3951/3718 3384/3384/3155 3408/3408/3179
f 3983/3983/3749 3407/3407/3178 3984/3984/3750
f 3407/3407/3178 3406/3406/3177 3985/3985/3751
f 3981/3981/3747 3986/3986/3752 3982/3982/3748
f 3980/3980/3746 3982/3982/3748 3987/3987/3753
f 3988/3988/3754 3989/3989/3755 3990/3990/3756
f 3991/3991/3757 3987/3987/3753 3982/3982/3748
f 3991/3991/3757 3982/3982/3748 3986/3986/3752
f 3419/3419/3190 3992/3992/3758 3428/3428/3199
f 3985/3985/3751 3406/3406/3177 3993/3993/3759
f 3985/3985/3751 3993/3993/3759 3986/3986/3752
f 3986/3986/3752 3993/3993/3759 3994/3994/3760
f 3406/3406/3177 3427/3427/3198 3993/3993/3759
f 3427/3427/3198 3994/3994/3760 3993/3993/3759
f 3995/3995/3761 3996/3996/3762 3991/3991/3757
f 3996/3996/3762 3995/3995/3761 3997/3997/3763
f 3995/3995/3761 3992/3992/3758 3997/3997/3763
f 3427/3427/3198 3428/3428/3199 3994/3994/3760
f 3968/3968/3735 3998/3998/3764 3999/3999/3765
f 4000/4000/3766 3998/3998/3764 3968/3968/3735
f 4000/4000/3766 4001/4001/3767 3998/3998/3764
f 4002/4002/3768 4003/4003/3769 4004/4004/3770
f 4000/4000/3766 4005/4005/3771 4006/4006/3772
f 4007/4007/3773 3975/3975/3742 3999/3999/3765
f 3998/3998/3764 4007/4007/3773 3999/3999/3765
f 4007/4007/3773 3998/3998/3764 4001/4001/3767
f 4008/4008/3774 3975/3975/3742 4007/4007/3773
f 4001/4001/3767 4008/4008/3774 4007/4007/3773
f 3429/3429/3200 4008/4008/3774 3437/3437/3208
f 4009/4009/3775 4010/4010/3776 4001/4001/3767
f 4006/4006/3772 4011/4011/3777 4009/4009/3775
f 4012/4012/3778 4013/4013/3779 4003/4003/3769
f 4003/4003/3769 4014/4014/3780 4012/4012/3778
f 4015/4015/3781 4016/4016/3782 4017/4017/3783
f 4018/4018/3784 3440/3440/3211 4019/4019/3785
f 4019/4019/3785 3440/3440/3211 3443/3443/3214
f 4015/4015/3781 4019/4019/3785 4010/4010/3776
f 4010/4010/3776 4009/4009/3775 4015/4015/3781
f 4020/4020/3786 4003/4003/3769 4002/4002/3768
f 3996/3996/3762 4021/4021/3787 4022/4022/3788
f 4023/4023/3789 4024/4024/3790 4025/4025/3791
f 3451/3451/3222 3992/3992/3758 3419/3419/3190
f 4026/4026/3792 4014/4014/3780 4027/4027/3793
f 4028/4028/3794 4027/4027/3793 4014/4014/3780
f 4027/4027/3793 4029/4029/3795 4026/4026/3792
f 4030/4030/3796 4031/4031/3797 4032/4032/3798
f 4025/4025/3791 4033/4033/3799 4030/4030/3796
f 4034/4034/3800 4035/4035/3801 4031/4031/3797
f 4034/4034/3800 4031/4031/3797 4030/4030/3796
f 4025/4025/3791 4036/4036/3802 4037/4037/3803
f 4021/4021/3787 4038/4038/3804 4039/4039/3805
f 4038/4038/3804 4040/4040/3806 4039/4039/3805
f 3997/3997/3763 4041/4041/3807 4038/4038/3804
f 3451/3451/3222 3477/3477/3248 4041/4041/3807
f 3477/3477/3248 4042/4042/3808 4041/4041/3807
f 4037/4037/3803 4033/4033/3799 4025/4025/3791
f 4043/4043/3809 4044/4044/3810 4045/4045/3811
f 4046/4046/3812 4047/4047/3813 4048/4048/3814
f 4049/4049/3815 4040/4040/3806 4042/4042/3808
f 4049/4049/3815 4042/4042/3808 4050/4050/3816
f 4050/4050/3816 3480/3480/3251 4051/4051/3817
f 3478/3478/3249 3480/3480/3251 4050/4050/3816
f 4052/4052/3818 4017/4017/3783 4016/4016/3782
f 4053/4053/3819 4026/4026/3792 4054/4054/3820
f 3490/3490/3261 3440/3440/3211 4018/4018/3784
f 4017/4017/3783 4055/4055/3821 4018/4018/3784
f 4055/4055/3821 4056/4056/3822 3495/3495/3266
f 4057/4057/3823 4056/4056/3822 4055/4055/3821
f 3495/3495/3266 4056/4056/3822 3502/3502/3273
f 4058/4058/3824 3502/3502/3273 4056/4056/3822
f 4058/4058/3824 4056/4056/3822 4057/4057/3823
f 4059/4059/3825 4060/4060/3826 4029/4029/3795
f 4029/4029/3795 4035/4035/3801 4059/4059/3825
f 4059/4059/3825 4061/4061/3827 4060/4060/3826
f 4059/4059/3825 4035/4035/3801 4062/4062/3828
f 4059/4059/3825 4062/4062/3828 4061/4061/3827
f 4063/4063/3829 4046/4046/3812 4064/4064/3830
f 4054/4054/3820 4060/4060/3826 4065/4065/3831
f 4066/4066/3832 4067/4067/3833 4061/4061/3827
f 4061/4061/3827 4068/4068/3834 4066/4066/3832
f 4069/4069/3835 4062/4062/3828 4070/4070/3836
f 4067/4067/3833 4071/4071/3837 4065/4065/3831
f 4072/4072/3838 4073/4073/3839 4074/4074/3840
f 4066/4066/3832 4072/4072/3838 4067/4067/3833
f 4066/4066/3832 4075/4075/3841 4072/4072/3838
f 4076/4076/3842 4077/4077/3843 4075/4075/3841
f 4066/4066/3832 4068/4068/3834 4075/4075/3841
f 4078/4078/3844 4068/4068/3834 4069/4069/3835
f 4078/4078/3844 4079/4079/3845 4076/4076/3842
f 4064/4064/3830 4046/4046/3812 4048/4048/3814
f 4048/4048/3814 4080/4080/3846 4081/4081/3847
f 4069/4069/3835 4082/4082/3848 4083/4083/3849
f 4080/4080/3846 4084/4084/3850 4081/4081/3847
f 4085/4085/3851 3523/3523/3293 3532/3532/3302
f 4084/4084/3850 4086/4086/3852 4087/4087/3853
f 4083/4083/3849 4078/4078/3844 4069/4069/3835
f 4088/4088/3854 4089/4089/3855 4079/4079/3845
f 4090/4090/3856 4088/4088/3854 4083/4083/3849
f 4090/4090/3856 4091/4091/3857 4088/4088/3854
f 4092/4092/3858 4093/4093/3859 4091/4091/3857
f 4092/4092/3858 4091/4091/3857 4094/4094/3860
f 4092/4092/3858 4094/4094/3860 3534/3534/3304
f 3503/3503/3274 4095/4095/3861 3550/3550/3320
f 4074/4074/3840 4073/4073/3839 4096/4096/3862
f 4073/4073/3839 3553/3553/3323 4096/4096/3862
f 3554/3554/3324 4077/4077/3843 3561/3561/3331
f 4076/4076/3842 3561/3561/3331 4077/4077/3843
f 4097/4097/3863 4089/4089/3855 4093/4093/3859
f 4079/4079/3845 4089/4089/3855 3559/3559/3329
f 4097/4097/3863 4098/4098/3864 3579/3579/3349
f 4092/4092/3858 3581/3581/3351 4093/4093/3859
f 4097/4097/3863 3592/3592/3362 4098/4098/3864
f 3534/3534/3304 3581/3581/3351 4092/4092/3858
f 4099/4099/3865 4100/4100/3865 4101/4101/3865
f 4098/4098/3864 3591/3591/3361 3589/3589/3359
f 3591/3591/3361 4098/4098/3864 3592/3592/3362
f 4102/4102/3866 4103/4103/3867 4104/4104/3868
f 4105/4105/3869 4102/4102/3866 4104/4104/3868
f 4106/4106/3870 4107/4107/3871 4108/4108/3872
f 4106/4106/3870 4108/4108/3872 4109/4109/3873
f 4110/4110/3874 4111/4111/3875 4112/4112/3876
f 4103/4103/3867 4102/4102/3866 4113/4113/3877
f 4105/4105/3869 4110/4110/3874 4102/4102/3866
f 4113/4113/3877 4102/4102/3866 4110/4110/3874
f 4114/4114/3878 4112/4112/3876 4115/4115/3879
f 4116/4116/3880 4106/4106/3870 4115/4115/3879
f 4116/4116/3880 4115/4115/3879 4117/4117/3881
f 4118/4118/3882 4112/4112/3876 4111/4111/3875
f 4119/4119/3883 4120/4120/3884 4111/4111/3875
f 4121/4121/3885 3650/3650/3420 3652/3652/3422
f 4118/4118/3882 4111/4111/3875 4121/4121/3885
f 4121/4121/3885 3652/3652/3422 3657/3657/3427
f 4118/4118/3882 4122/4122/3886 4117/4117/3881
f 4123/4123/3887 4107/4107/3871 4106/4106/3870
f 4124/4124/3888 4125/4125/3889 4126/4126/3890
f 4124/4124/3888 4116/4116/3880 4125/4125/3889
f 4127/4127/3891 4128/4128/3892 4125/4125/3889
f 4129/4129/3893 4130/4130/3894 4131/4131/3895
f 4122/4122/3886 4127/4127/3891 4117/4117/3881
f 4132/4132/3896 4127/4127/3891 4122/4122/3886
f 4128/4128/3892 4133/4133/3897 4134/4134/3898
f 4131/4131/3895 4135/4135/3899 4129/4129/3893
f 4136/4136/3900 4137/4137/3901 4104/4104/3868
f 4138/4138/3902 4137/4137/3901 4139/4139/3903
f 4140/4140/3904 4137/4137/3901 4138/4138/3902
f 4141/4141/3905 4142/4142/3906 4143/4143/3907
f 4144/4144/3908 4145/4145/3909 4146/4146/3910
f 4147/4147/3911 4145/4145/3909 4144/4144/3908
f 4145/4145/3909 4148/4148/3912 4146/4146/3910
f 4144/4144/3908 3696/3696/3466 4147/4147/3911
f 4149/4149/3913 4150/4150/3914 4151/4151/3915
f 4149/4149/3913 4151/4151/3915 4152/4152/3916
f 4141/4141/3905 4153/4153/3917 4152/4152/3916
f 4142/4142/3906 4151/4151/3915 4154/4154/3918
f 4155/4155/3919 3684/3684/3454 4156/4156/3920
f 4156/4156/3920 3684/3684/3454 3687/3687/3457
f 4154/4154/3918 4156/4156/3920 4157/4157/3921
f 4157/4157/3921 4142/4142/3906 4154/4154/3918
f 4105/4105/3869 4140/4140/3904 4119/4119/3883
f 3697/3697/3467 3650/3650/3420 4120/4120/3884
f 4140/4140/3904 4147/4147/3911 4119/4119/3883
f 4120/4120/3884 3696/3696/3466 3697/3697/3467
f 3698/3698/3468 4132/4132/3896 3658/3658/3428
f 4158/4158/3922 4130/4130/3894 4159/4159/3923
f 4130/4130/3894 4160/4160/3924 4159/4159/3923
f 4161/4161/3925 4160/4160/3924 4162/4162/3926
f 4160/4160/3924 4163/4163/3927 4159/4159/3923
f 3698/3698/3468 4133/4133/3897 4132/4132/3896
f 4133/4133/3897 3698/3698/3468 3701/3701/3471
f 4135/4135/3899 4164/4164/3928 4129/4129/3893
f 3708/3708/3478 4165/4165/3929 4164/4164/3928
f 4164/4164/3928 4165/4165/3929 4166/4166/3930
f 3715/3715/3485 4165/4165/3929 3708/3708/3478
f 4167/4167/3931 4165/4165/3929 3715/3715/3485
f 4167/4167/3931 4166/4166/3930 4165/4165/3929
f 4162/4162/3926 4168/4168/3932 4161/4161/3925
f 4161/4161/3925 4168/4168/3932 4169/4169/3933
f 4168/4168/3932 4170/4170/3934 4169/4169/3933
f 4162/4162/3926 4166/4166/3930 4168/4168/3932
f 4166/4166/3930 4170/4170/3934 4168/4168/3932
f 4171/4171/3935 4172/4172/3936 4173/4173/3937
f 4174/4174/3938 4169/4169/3933 4175/4175/3939
f 4175/4175/3939 4171/4171/3935 4173/4173/3937
f 4171/4171/3935 4170/4170/3934 4176/4176/3940
f 4176/4176/3940 4177/4177/3941 4178/4178/3942
f 4177/4177/3941 4176/4176/3940 4167/4167/3931
f 4179/4179/3943 4150/4150/3914 4149/4149/3913
f 4180/4180/3944 4150/4150/3914 4181/4181/3945
f 4182/4182/3946 4183/4183/3947 4181/4181/3945
f 4182/4182/3946 4179/4179/3943 4184/4184/3948
f 3721/3721/3491 3684/3684/3454 4155/4155/3919
f 4180/4180/3944 4185/4185/3949 4155/4155/3919
f 4185/4185/3949 4186/4186/3950 3726/3726/3496
f 4180/4180/3944 4181/4181/3945 4185/4185/3949
f 4187/4187/3951 4188/4188/3952 4189/4189/3953
f 4187/4187/3951 4189/4189/3953 4190/4190/3954
f 4182/4182/3946 4184/4184/3948 4190/4190/3954
f 4183/4183/3947 4189/4189/3953 4191/4191/3955
f 4192/4192/3956 4193/4193/3957 4194/4194/3958
f 3726/3726/3496 4186/4186/3950 4195/4195/3959
f 4186/4186/3950 4183/4183/3947 4191/4191/3955
f 4196/4196/3960 4197/4197/3960 4198/4198/3960
f 4199/4199/3961 4200/4200/3962 4201/4201/3963
f 4201/4201/3963 4200/4200/3962 4202/4202/3964
f 4203/4203/3965 4204/4204/3966 4205/4205/3967
f 4206/4206/3968 4207/4207/3969 4208/4208/3970
f 4209/4209/3971 4210/4210/3972 4211/4211/3973
f 3777/3777/3545 4212/4212/3974 4213/4213/3975
f 3760/3760/3528 4214/4214/3976 4215/4215/3977
f 3777/3777/3545 4216/4216/3978 4212/4212/3974
f 4215/4215/3977 4214/4214/3976 4217/4217/3979
f 4212/4212/3974 4216/4216/3978 4218/4218/3980
f 4219/4219/3981 4220/4220/3982 4221/4221/3983
f 4222/4222/3984 4219/4219/3981 4221/4221/3983
f 4223/4223/3985 4224/4224/3986 4225/4225/3987
f 4225/4225/3987 4226/4226/3988 4223/4223/3985
f 4227/4227/3989 4223/4223/3985 4228/4228/3990
f 4229/4229/3991 4230/4230/3992 4231/4231/3993
f 4232/4232/3994 4233/4233/3995 4231/4231/3993
f 4231/4231/3993 4233/4233/3995 4229/4229/3991
f 4234/4234/3996 4235/4235/3997 4236/4236/3996
f 4178/4178/3942 4237/4237/3998 4172/4172/3936
f 4238/4238/3999 4239/4239/4000 4240/4240/4001
f 4239/4239/4000 4173/4173/3937 4172/4172/3936
f 4237/4237/3998 4241/4241/4002 4240/4240/4001
f 4177/4177/3941 4215/4215/3977 4178/4178/3942
f 4242/4242/4003 4243/4243/4003 4244/4244/4003
f 4228/4228/3990 4245/4245/4004 4227/4227/3989
f 4240/4240/4001 4241/4241/4002 4246/4246/4005
f 4247/4247/4006 4241/4241/4002 4217/4217/3979
f 4248/4248/4007 4188/4188/3952 4187/4187/3951
f 4249/4249/4008 4188/4188/3952 4250/4250/4009
f 4251/4251/4010 4252/4252/4011 4250/4250/4009
f 4251/4251/4010 4248/4248/4007 4253/4253/4012
f 3785/3785/3553 4254/4254/4013 3786/3786/3554
f 4255/4255/4014 4256/4256/4015 4257/4257/4016
f 4249/4249/4008 4250/4250/4009 4255/4255/4014
f 4258/4258/4017 4259/4259/4018 4260/4260/4019
f 4258/4258/4017 4260/4260/4019 4261/4261/4020
f 4251/4251/4010 4253/4253/4012 4261/4261/4020
f 4252/4252/4011 4260/4260/4019 4262/4262/4021
f 4263/4263/4022 3788/3788/3556 4264/4264/4023
f 4264/4264/4023 3788/3788/3556 4265/4265/4024
f 4262/4262/4021 4264/4264/4023 4256/4256/4015
f 4256/4256/4015 4252/4252/4011 4262/4262/4021
f 3782/3782/3550 4266/4266/4025 4267/4267/4026
f 4266/4266/4025 3782/3782/3550 3800/3800/3568
f 3802/3802/3570 3806/3806/3574 4204/4204/3966
f 4205/4205/3967 4204/4204/3966 3806/3806/3574
f 4221/4221/3983 4220/4220/3982 4268/4268/4027
f 4269/4269/4028 4270/4270/4029 4220/4220/3982
f 4270/4270/4029 4271/4271/4030 4272/4272/4031
f 4268/4268/4027 4272/4272/4031 4273/4273/4032
f 3805/3805/3573 4274/4274/4033 4275/4275/4034
f 4274/4274/4033 3805/3805/3573 3823/3823/3591
f 4276/4276/4035 4277/4277/4036 4269/4269/4028
f 3830/3830/3598 4278/4278/4037 4277/4277/4036
f 4277/4277/4036 4270/4270/4029 4269/4269/4028
f 4279/4279/4038 4280/4280/4039 4281/4281/4040
f 4282/4282/4041 4279/4279/4038 4281/4281/4040
f 4272/4272/4031 4282/4282/4041 4273/4273/4032
f 4283/4283/4042 4279/4279/4038 4271/4271/4030
f 4283/4283/4042 4284/4284/4043 4285/4285/4044
f 3838/3838/3606 4278/4278/4037 3830/3830/3598
f 4283/4283/4042 4271/4271/4030 4278/4278/4037
f 4284/4284/4043 3838/3838/3606 3837/3837/3605
f 4286/4286/4045 4259/4259/4018 4258/4258/4017
f 4287/4287/4046 4288/4288/4047 4289/4289/4048
f 4290/4290/4049 4259/4259/4018 4291/4291/4050
f 4292/4292/4051 4293/4293/4052 4291/4291/4050
f 3845/3845/3613 3788/3788/3556 4263/4263/4022
f 4290/4290/4049 4294/4294/4053 4263/4263/4022
f 4294/4294/4053 4295/4295/4054 3851/3851/3619
f 4290/4290/4049 4291/4291/4050 4294/4294/4053
f 4292/4292/4051 4296/4296/4055 4293/4293/4052
f 4296/4296/4055 4292/4292/4051 4288/4288/4047
f 4297/4297/4056 4296/4296/4055 4298/4298/4057
f 4299/4299/4058 4297/4297/4056 4300/4300/4059
f 4301/4301/4060 3857/3857/3624 4302/4302/4061
f 4302/4302/4061 3857/3857/3624 3860/3860/3627
f 4299/4299/4058 4302/4302/4061 4295/4295/4054
f 4295/4295/4054 4293/4293/4052 4299/4299/4058
f 4303/4303/4062 4304/4304/4063 4305/4305/4064
f 4306/4306/4065 4307/4307/4066 4288/4288/4047
f 4281/4281/4040 4280/4280/4039 4308/4308/4067
f 4285/4285/4044 4309/4309/4068 4280/4280/4039
f 4309/4309/4068 4310/4310/4069 4311/4311/4070
f 4312/4312/4071 4313/4313/4072 4314/4314/4073
f 4315/4315/4074 4316/4316/4075 3889/3889/3656
f 4315/4315/4074 4317/4317/4076 4316/4316/4075
f 4316/4316/4075 4309/4309/4068 4285/4285/4044
f 3837/3837/3605 3889/3889/3656 4284/4284/4043
f 4318/4318/4077 4319/4319/4078 4320/4320/4079
f 4321/4321/4080 4318/4318/4077 4320/4320/4079
f 4313/4313/4072 4321/4321/4080 4314/4314/4073
f 4322/4322/4081 4323/4323/4082 4310/4310/4069
f 4322/4322/4081 4324/4324/4083 4325/4325/4084
f 3898/3898/3665 4317/4317/4076 4315/4315/4074
f 4322/4322/4081 4310/4310/4069 4317/4317/4076
f 4324/4324/4083 3898/3898/3665 3897/3897/3664
f 4326/4326/4085 4327/4327/4086 4298/4298/4057
f 4328/4328/4087 4300/4300/4059 4297/4297/4056
f 3910/3910/3677 3857/3857/3624 4301/4301/4060
f 4300/4300/4059 4329/4329/4088 4301/4301/4060
f 4329/4329/4088 4330/4330/4089 3914/3914/3681
f 4331/4331/4090 4330/4330/4089 4329/4329/4088
f 3914/3914/3681 4330/4330/4089 3919/3919/3686
f 4332/4332/4091 3919/3919/3686 4330/4330/4089
f 4332/4332/4091 4330/4330/4089 4331/4331/4090
f 4327/4327/4086 4333/4333/4092 4328/4328/4087
f 4334/4334/4093 4335/4335/4094 4336/4336/4095
f 4334/4334/4093 4337/4337/4096 4338/4338/4097
f 4339/4339/4098 4340/4340/4099 4341/4341/4100
f 4338/4338/4097 4337/4337/4096 4342/4342/4101
f 4338/4338/4097 4342/4342/4101 4343/4343/4102
f 4328/4328/4087 4333/4333/4092 4331/4331/4090
f 4333/4333/4092 4344/4344/4103 4331/4331/4090
f 4345/4345/4104 4346/4346/4105 4347/4347/4106
f 4343/4343/4102 4347/4347/4106 4346/4346/4105
f 4348/4348/4107 4344/4344/4103 4349/4349/4108
f 4346/4346/4105 4350/4350/4109 4343/4343/4102
f 4348/4348/4107 4349/4349/4108 4351/4351/4110
f 4352/4352/4111 4342/4342/4101 4340/4340/4099
f 4340/4340/4099 4353/4353/4112 4352/4352/4111
f 4354/4354/4113 4347/4347/4106 4352/4352/4111
f 4348/4348/4107 4355/4355/4114 4332/4332/4091
f 4351/4351/4110 4356/4356/4115 4357/4357/4116
f 4358/4358/4117 4359/4359/4118 4345/4345/4104
f 4360/4360/4119 4361/4361/4120 4362/4362/4121
f 4361/4361/4120 4363/4363/4122 4362/4362/4121
f 4361/4361/4120 4319/4319/4078 4364/4364/4123
f 4365/4365/4124 4364/4364/4123 4319/4319/4078
f 4366/4366/4125 4367/4367/4126 3934/3934/3701
f 4366/4366/4125 4368/4368/4127 4367/4367/4126
f 4369/4369/4128 4364/4364/4123 4365/4365/4124
f 3897/3897/3664 3934/3934/3701 4324/4324/4083
f 4362/4362/4121 4353/4353/4112 4340/4340/4099
f 4363/4363/4122 4370/4370/4129 4371/4371/4130
f 4372/4372/4131 4353/4353/4112 4371/4371/4130
f 4371/4371/4130 4373/4373/4132 4372/4372/4131
f 4374/4374/4133 4370/4370/4129 4363/4363/4122
f 4375/4375/4134 4370/4370/4129 4374/4374/4133
f 4375/4375/4134 4376/4376/4135 4377/4377/4136
f 3946/3946/3713 4368/4368/4127 4366/4366/4125
f 4375/4375/4134 4374/4374/4133 4378/4378/4137
f 4379/4379/4138 3946/3946/3713 3945/3945/3712
f 3920/3920/3687 4355/4355/4114 3955/3955/3722
f 4380/4380/4139 4358/4358/4117 4354/4354/4113
f 4354/4354/4113 4372/4372/4131 4380/4380/4139
f 4381/4381/4140 4357/4357/4116 4356/4356/4115
f 4355/4355/4114 4357/4357/4116 3955/3955/3722
f 4381/4381/4140 4382/4382/4141 3969/3969/3736
f 4356/4356/4115 4383/4383/4142 4381/4381/4140
f 4358/4358/4117 4384/4384/4143 4359/4359/4118
f 4385/4385/4144 4386/4386/4145 4384/4384/4143
f 3969/3969/3736 4382/4382/4141 3970/3970/3737
f 4387/4387/4146 3967/3967/3734 4388/4388/4147
f 4389/4389/4148 4390/4390/4149 4391/4391/4150
f 4382/4382/4141 4392/4392/4151 4388/4388/4147
f 4393/4393/4152 4386/4386/4145 4385/4385/4144
f 4393/4393/4152 4394/4394/4153 4389/4389/4148
f 4395/4395/4154 4396/4396/4155 4373/4373/4132
f 4373/4373/4132 4397/4397/4156 4395/4395/4154
f 4395/4395/4154 4398/4398/4157 4396/4396/4155
f 4395/4395/4154 4397/4397/4156 4399/4399/4158
f 4377/4377/4136 4399/4399/4158 4397/4397/4156
f 4395/4395/4154 4399/4399/4158 4398/4398/4157
f 4380/4380/4139 4396/4396/4155 4385/4385/4144
f 4400/4400/4159 4401/4401/4160 4398/4398/4157
f 4402/4402/4161 4403/4403/4162 4404/4404/4163
f 4403/4403/4162 4399/4399/4158 4377/4377/4136
f 3945/3945/3712 3979/3979/3745 4379/4379/4138
f 4398/4398/4157 4399/4399/4158 4403/4403/4162
f 4401/4401/4160 4393/4393/4152 4385/4385/4144
f 4405/4405/4164 4406/4406/4165 4394/4394/4153
f 4400/4400/4159 4405/4405/4164 4401/4401/4160
f 4400/4400/4159 4407/4407/4166 4405/4405/4164
f 4408/4408/4167 4409/4409/4168 4407/4407/4166
f 4408/4408/4167 4407/4407/4166 3989/3989/3755
f 4408/4408/4167 3989/3989/3755 3988/3988/3754
f 4005/4005/3771 3967/3967/3734 4387/4387/4146
f 4410/4410/4169 4390/4390/4149 4004/4004/3770
f 4389/4389/4148 4004/4004/3770 4390/4390/4149
f 4411/4411/4170 4406/4406/4165 4409/4409/4168
f 4394/4394/4153 4406/4406/4165 4002/4002/3768
f 4411/4411/4170 4412/4412/4171 4020/4020/3786
f 4408/4408/4167 4024/4024/3790 4409/4409/4168
f 4411/4411/4170 4023/4023/3789 4412/4412/4171
f 3988/3988/3754 4024/4024/3790 4408/4408/4167
f 4020/4020/3786 4412/4412/4171 4028/4028/3794
f 4412/4412/4171 4032/4032/3798 4028/4028/3794
f 4032/4032/3798 4412/4412/4171 4023/4023/3789
f 4413/4413/4172 4414/4414/4173 4415/4415/4174
f 4413/4413/4172 4415/4415/4174 4416/4416/4175
f 4416/4416/4175 4415/4415/4174 4417/4417/4176
f 4417/4417/4176 4418/4418/4177 4416/4416/4175
f 4415/4415/4174 4414/4414/4173 4419/4419/4178
f 4417/4417/4176 4415/4415/4174 4419/4419/4178
f 4420/4420/4179 4421/4421/4180 4422/4422/4181
f 4423/4423/4182 4424/4424/4183 4425/4425/4184
f 4425/4425/4184 4420/4420/4179 4422/4422/4181
f 4426/4426/4185 4420/4420/4179 4424/4424/4183
f 4425/4425/4184 4424/4424/4183 4420/4420/4179
f 4426/4426/4185 4421/4421/4180 4420/4420/4179
f 4427/4427/4186 4428/4428/4187 4429/4429/4188
f 4427/4427/4186 4429/4429/4188 4430/4430/4189
f 4431/4431/4190 4432/4432/4191 4433/4433/4192
f 4431/4431/4190 4433/4433/4192 4434/4434/4193
f 4435/4435/4194 4436/4436/4195 4437/4437/4196
f 4438/4438/4197 4427/4427/4186 4437/4437/4196
f 4438/4438/4197 4437/4437/4196 4439/4439/4198
f 4440/4440/4199 4441/4441/4200 4442/4442/4201
f 4440/4440/4199 4443/4443/4202 4441/4441/4200
f 4441/4441/4200 4443/4443/4202 4439/4439/4198
f 4444/4444/4203 4445/4445/4204 4446/4446/4205
f 4444/4444/4203 4447/4447/4206 4414/4414/4173
f 4444/4444/4203 4448/4448/4207 4447/4447/4206
f 4426/4426/4185 4419/4419/4178 4449/4449/4208
f 4448/4448/4207 4450/4450/4209 4451/4451/4210
f 4448/4448/4207 4451/4451/4210 4452/4452/4211
f 4108/4108/3872 4453/4453/4212 4109/4109/3873
f 4454/4454/4213 4453/4453/4212 4108/4108/3872
f 4108/4108/3872 4107/4107/3871 4454/4454/4213
f 4447/4447/4206 4448/4448/4207 4453/4453/4212
f 4427/4427/4186 4438/4438/4197 4446/4446/4205
f 4439/4439/4198 4450/4450/4209 4438/4438/4197
f 4438/4438/4197 4450/4450/4209 4446/4446/4205
f 4443/4443/4202 4103/4103/3867 4451/4451/4210
f 4452/4452/4211 4113/4113/3877 4114/4114/3878
f 4114/4114/3878 4109/4109/3873 4452/4452/4211
f 4421/4421/4180 4455/4455/4214 4456/4456/4215
f 4456/4456/4215 4455/4455/4214 4457/4457/4216
f 4458/4458/4217 4459/4459/4218 4460/4460/4219
f 4458/4458/4217 4460/4460/4219 4461/4461/4220
f 4454/4454/4213 4107/4107/3871 4462/4462/4221
f 4462/4462/4221 4457/4457/4216 4455/4455/4214
f 4107/4107/3871 4123/4123/3887 4462/4462/4221
f 4463/4463/4222 4464/4464/4223 4465/4465/4224
f 4465/4465/4224 4464/4464/4223 4466/4466/4225
f 4460/4460/4219 4466/4466/4225 4467/4467/4226
f 4468/4468/4227 4469/4469/4228 4467/4467/4226
f 4468/4468/4227 4467/4467/4226 4470/4470/4229
f 4471/4471/4230 4472/4472/4231 4470/4470/4229
f 4473/4473/4232 4123/4123/3887 4124/4124/3888
f 4474/4474/4233 4158/4158/3922 4475/4475/4234
f 4474/4474/4233 4464/4464/4223 4463/4463/4222
f 4464/4464/4223 4474/4474/4233 4471/4471/4230
f 4471/4471/4230 4466/4466/4225 4464/4464/4223
f 4476/4476/4235 4432/4432/4191 4431/4431/4190
f 4477/4477/4236 4432/4432/4191 4478/4478/4237
f 4479/4479/4238 4480/4480/4239 4478/4478/4237
f 4479/4479/4238 4476/4476/4235 4481/4481/4240
f 4482/4482/4241 4483/4483/4242 4153/4153/3917
f 4483/4483/4242 4484/4484/4243 4153/4153/3917
f 4477/4477/4236 4478/4478/4237 4483/4483/4242
f 4136/4136/3900 4104/4104/3868 4440/4440/4199
f 4485/4485/4244 4486/4486/4245 4487/4487/4246
f 4485/4485/4244 4487/4487/4246 4488/4488/4247
f 4479/4479/4238 4481/4481/4240 4488/4488/4247
f 4480/4480/4239 4487/4487/4246 4489/4489/4248
f 4490/4490/4249 4149/4149/3913 4491/4491/4250
f 4491/4491/4250 4149/4149/3913 4152/4152/3916
f 4489/4489/4248 4491/4491/4250 4484/4484/4243
f 4484/4484/4243 4480/4480/4239 4489/4489/4248
f 4492/4492/4251 4468/4468/4227 4493/4493/4252
f 4472/4472/4231 4494/4494/4253 4470/4470/4229
f 4475/4475/4234 4158/4158/3922 4159/4159/3923
f 4159/4159/3923 4163/4163/3927 4475/4475/4234
f 4495/4495/4254 4494/4494/4253 4472/4472/4231
f 4163/4163/3927 4496/4496/4255 4495/4495/4254
f 4497/4497/4256 4498/4498/4257 4499/4499/4258
f 4500/4500/4259 4498/4498/4257 4497/4497/4256
f 4494/4494/4253 4501/4501/4260 4493/4493/4252
f 4493/4493/4252 4501/4501/4260 4502/4502/4261
f 4501/4501/4260 4503/4503/4262 4502/4502/4261
f 4495/4495/4254 4496/4496/4255 4504/4504/4263
f 4496/4496/4255 4174/4174/3938 4504/4504/4263
f 4174/4174/3938 4505/4505/4264 4504/4504/4263
f 4502/4502/4261 4503/4503/4262 4497/4497/4256
f 4500/4500/4259 4506/4506/4265 4507/4507/4266
f 4506/4506/4265 4503/4503/4262 4505/4505/4264
f 4506/4506/4265 4505/4505/4264 4508/4508/4267
f 4508/4508/4267 4173/4173/3937 4509/4509/4268
f 4175/4175/3939 4173/4173/3937 4508/4508/4267
f 4510/4510/4269 4486/4486/4245 4485/4485/4244
f 4511/4511/4270 4486/4486/4245 4512/4512/4271
f 4513/4513/4272 4514/4514/4273 4512/4512/4271
f 4513/4513/4272 4510/4510/4269 4515/4515/4274
f 4179/4179/3943 4149/4149/3913 4490/4490/4249
f 4511/4511/4270 4516/4516/4275 4490/4490/4249
f 4516/4516/4275 4517/4517/4276 4184/4184/3948
f 4511/4511/4270 4512/4512/4271 4516/4516/4275
f 4513/4513/4272 4518/4518/4277 4514/4514/4273
f 4518/4518/4277 4519/4519/4278 4520/4520/4279
f 4521/4521/4280 4518/4518/4277 4520/4520/4279
f 4522/4522/4281 4521/4521/4280 4523/4523/4282
f 4524/4524/4283 4187/4187/3951 4525/4525/4284
f 4525/4525/4284 4187/4187/3951 4190/4190/3954
f 4522/4522/4281 4525/4525/4284 4517/4517/4276
f 4517/4517/4276 4514/4514/4273 4522/4522/4281
f 4500/4500/4259 4526/4526/4285 4498/4498/4257
f 4527/4527/4286 4528/4528/4287 4529/4529/4288
f 4530/4530/4289 4531/4531/4290 4532/4532/4291
f 4533/4533/4292 4530/4530/4289 4532/4532/4291
f 4534/4534/4293 4530/4530/4289 4533/4533/4292
f 4529/4529/4288 4535/4535/4294 4534/4534/4293
f 4536/4536/4295 4534/4534/4293 4535/4535/4294
f 4537/4537/4296 4221/4221/3983 4538/4538/4297
f 4225/4225/3987 4539/4539/4298 4540/4540/4299
f 4225/4225/3987 4540/4540/4299 4226/4226/3988
f 4541/4541/4300 4542/4542/4301 4536/4536/4295
f 4226/4226/3988 4541/4541/4300 4543/4543/4302
f 4529/4529/4288 4544/4544/4303 4545/4545/4304
f 4526/4526/4285 4546/4546/4305 4547/4547/4306
f 4548/4548/4307 4549/4549/4308 4545/4545/4304
f 4509/4509/4268 4173/4173/3937 4239/4239/4000
f 4507/4507/4266 4509/4509/4268 4550/4550/4309
f 4507/4507/4266 4550/4550/4309 4546/4546/4305
f 4238/4238/3999 4551/4551/4310 4550/4550/4309
f 4545/4545/4304 4535/4535/4294 4529/4529/4288
f 4535/4535/4294 4549/4549/4308 4536/4536/4295
f 4545/4545/4304 4549/4549/4308 4535/4535/4294
f 4552/4552/4311 4543/4543/4302 4553/4553/4312
f 4553/4553/4312 4543/4543/4302 4541/4541/4300
f 4554/4554/4313 4555/4555/4314 4520/4520/4279
f 4556/4556/4315 4523/4523/4282 4521/4521/4280
f 4248/4248/4007 4187/4187/3951 4524/4524/4283
f 4523/4523/4282 4557/4557/4316 4524/4524/4283
f 4557/4557/4316 4558/4558/4317 4253/4253/4012
f 4559/4559/4318 4558/4558/4317 4557/4557/4316
f 4560/4560/4319 4258/4258/4017 4561/4561/4320
f 4561/4561/4320 4258/4258/4017 4261/4261/4020
f 4562/4562/4321 4560/4560/4319 4561/4561/4320
f 4563/4563/4322 4558/4558/4317 4559/4559/4318
f 4564/4564/4323 4565/4565/4324 4566/4566/4325
f 4555/4555/4314 4567/4567/4326 4556/4556/4315
f 4568/4568/4327 4569/4569/4328 4570/4570/4329
f 4568/4568/4327 4571/4571/4330 4572/4572/4331
f 4573/4573/4332 4574/4574/4333 4575/4575/4334
f 4575/4575/4334 4574/4574/4333 4576/4576/4335
f 4571/4571/4330 4577/4577/4336 4574/4574/4333
f 4556/4556/4315 4567/4567/4326 4559/4559/4318
f 4578/4578/4337 4579/4579/4338 4580/4580/4339
f 4581/4581/4340 4573/4573/4332 4575/4575/4334
f 4573/4573/4332 4581/4581/4340 4582/4582/4341
f 4583/4583/4342 4584/4584/4343 4585/4585/4344
f 4586/4586/4345 4585/4585/4344 4584/4584/4343
f 4587/4587/4346 4579/4579/4338 4584/4584/4343
f 4584/4584/4343 4579/4579/4338 4586/4586/4345
f 4587/4587/4346 4584/4584/4343 4583/4583/4342
f 4582/4582/4341 4585/4585/4344 4586/4586/4345
f 4585/4585/4344 4588/4588/4347 4583/4583/4342
f 4588/4588/4347 4585/4585/4344 4582/4582/4341
f 4589/4589/4348 4565/4565/4324 4564/4564/4323
f 4590/4590/4349 4591/4591/4350 4592/4592/4351
f 4593/4593/4352 4594/4594/4353 4588/4588/4347
f 4593/4593/4352 4595/4595/4354 4594/4594/4353
f 4576/4576/4335 4596/4596/4355 4575/4575/4334
f 4597/4597/4356 4576/4576/4335 4598/4598/4357
f 4599/4599/4358 4600/4600/4359 4596/4596/4355
f 4599/4599/4358 4531/4531/4290 4601/4601/4360
f 4602/4602/4361 4601/4601/4360 4531/4531/4290
f 4599/4599/4358 4601/4601/4360 4600/4600/4359
f 4538/4538/4297 4221/4221/3983 4268/4268/4027
f 4575/4575/4334 4596/4596/4355 4581/4581/4340
f 4603/4603/4362 4604/4604/4363 4600/4600/4359
f 4538/4538/4297 4605/4605/4364 4606/4606/4365
f 4607/4607/4366 4601/4601/4360 4602/4602/4361
f 4600/4600/4359 4601/4601/4360 4607/4607/4366
f 4604/4604/4363 4593/4593/4352 4581/4581/4340
f 4608/4608/4367 4609/4609/4368 4595/4595/4354
f 4603/4603/4362 4608/4608/4367 4604/4604/4363
f 4608/4608/4367 4610/4610/4369 4609/4609/4368
f 4611/4611/4370 4603/4603/4362 4612/4612/4371
f 4286/4286/4045 4258/4258/4017 4560/4560/4319
f 4286/4286/4045 4560/4560/4319 4289/4289/4048
f 4562/4562/4321 4289/4289/4048 4560/4560/4319
f 4307/4307/4066 4613/4613/4372 4298/4298/4057
f 4614/4614/4373 4592/4592/4351 4591/4591/4350
f 4565/4565/4324 4592/4592/4351 4305/4305/4064
f 4614/4614/4373 4615/4615/4374 4303/4303/4062
f 4591/4591/4350 4616/4616/4375 4614/4614/4373
f 4616/4616/4375 4617/4617/4376 4618/4618/4377
f 4594/4594/4353 4595/4595/4354 4619/4619/4378
f 4618/4618/4377 4620/4620/4379 4616/4616/4375
f 4621/4621/4380 4622/4622/4381 4623/4623/4382
f 4623/4623/4382 4624/4624/4383 4621/4621/4380
f 4615/4615/4374 4625/4625/4384 4626/4626/4385
f 4627/4627/4386 4628/4628/4387 4629/4629/4388
f 4615/4615/4374 4620/4620/4379 4625/4625/4384
f 4630/4630/4389 4620/4620/4379 4618/4618/4377
f 4631/4631/4390 4632/4632/4391 4627/4627/4386
f 4617/4617/4376 4633/4633/4392 4618/4618/4377
f 4618/4618/4377 4633/4633/4392 4634/4634/4393
f 4609/4609/4368 4635/4635/4394 4636/4636/4395
f 4635/4635/4394 4312/4312/4071 4314/4314/4073
f 4635/4635/4394 4314/4314/4073 4637/4637/4396
f 4634/4634/4393 4630/4630/4389 4618/4618/4377
f 4638/4638/4397 4639/4639/4398 4632/4632/4391
f 4637/4637/4396 4638/4638/4397 4640/4640/4399
f 4638/4638/4397 4320/4320/4079 4639/4639/4398
f 4321/4321/4080 4637/4637/4396 4314/4314/4073
f 4298/4298/4057 4613/4613/4372 4326/4326/4085
f 4623/4623/4382 4622/4622/4381 4336/4336/4095
f 4622/4622/4381 4334/4334/4093 4336/4336/4095
f 4337/4337/4096 4628/4628/4387 4341/4341/4100
f 4627/4627/4386 4341/4341/4100 4628/4628/4387
f 4639/4639/4398 4320/4320/4079 4360/4360/4119
f 4632/4632/4391 4639/4639/4398 4339/4339/4098
f 4639/4639/4398 4360/4360/4119 4339/4339/4098
f 4641/4641/4400 4642/4642/4401 4643/4643/4402
f 4644/4644/4403 4641/4641/4400 4643/4643/4402
f 4645/4645/4404 4646/4646/4405 4647/4647/4406
f 4642/4642/4401 4641/4641/4400 4648/4648/4407
f 4644/4644/4403 4645/4645/4404 4641/4641/4400
f 4648/4648/4407 4641/4641/4400 4645/4645/4404
f 4649/4649/4408 4647/4647/4406 4650/4650/4409
f 4650/4650/4409 4651/4651/4410 4649/4649/4408
f 4652/4652/4411 4650/4650/4409 4653/4653/4412
f 4654/4654/4413 4647/4647/4406 4646/4646/4405
f 4655/4655/4414 4656/4656/4415 4646/4646/4405
f 4657/4657/4416 4413/4413/4172 4416/4416/4175
f 4654/4654/4413 4646/4646/4405 4657/4657/4416
f 4657/4657/4416 4416/4416/4175 4418/4418/4177
f 4654/4654/4413 4658/4658/4417 4653/4653/4412
f 4418/4418/4177 4423/4423/4182 4658/4658/4417
f 4659/4659/4418 4652/4652/4411 4660/4660/4419
f 4660/4660/4419 4661/4661/4420 4662/4662/4421
f 4660/4660/4419 4652/4652/4411 4661/4661/4420
f 4663/4663/4422 4664/4664/4423 4661/4661/4420
f 4665/4665/4424 4666/4666/4425 4667/4667/4426
f 4658/4658/4417 4663/4663/4422 4653/4653/4412
f 4663/4663/4422 4668/4668/4427 4664/4664/4423
f 4668/4668/4427 4423/4423/4182 4425/4425/4184
f 4425/4425/4184 4422/4422/4181 4668/4668/4427
f 4667/4667/4426 4669/4669/4428 4665/4665/4424
f 4670/4670/4429 4671/4671/4430 4643/4643/4402
f 4672/4672/4431 4671/4671/4430 4673/4673/4432
f 4674/4674/4433 4671/4671/4430 4672/4672/4431
f 4675/4675/4434 4676/4676/4435 4677/4677/4436
f 4429/4429/4188 4678/4678/4437 4430/4430/4189
f 4679/4679/4438 4678/4678/4437 4429/4429/4188
f 4678/4678/4437 4680/4680/4439 4430/4430/4189
f 4429/4429/4188 4428/4428/4187 4679/4679/4438
f 4681/4681/4440 4682/4682/4441 4683/4683/4442
f 4681/4681/4440 4683/4683/4442 4684/4684/4443
f 4675/4675/4434 4685/4685/4444 4684/4684/4443
f 4676/4676/4435 4683/4683/4442 4686/4686/4445
f 4687/4687/4446 4431/4431/4190 4688/4688/4447
f 4688/4688/4447 4431/4431/4190 4434/4434/4193
f 4686/4686/4445 4688/4688/4447 4689/4689/4448
f 4689/4689/4448 4676/4676/4435 4686/4686/4445
f 4644/4644/4403 4674/4674/4433 4655/4655/4414
f 4445/4445/4204 4413/4413/4172 4656/4656/4415
f 4674/4674/4433 4679/4679/4438 4655/4655/4414
f 4656/4656/4415 4428/4428/4187 4445/4445/4204
f 4690/4690/4449 4666/4666/4425 4691/4691/4450
f 4692/4692/4451 4693/4693/4452 4694/4694/4453
f 4665/4665/4424 4695/4695/4454 4666/4666/4425
f 4695/4695/4454 4696/4696/4455 4697/4697/4456
f 4698/4698/4457 4422/4422/4181 4699/4699/4458
f 4669/4669/4428 4700/4700/4459 4665/4665/4424
f 4461/4461/4220 4701/4701/4460 4700/4700/4459
f 4700/4700/4459 4695/4695/4454 4665/4665/4424
f 4697/4697/4456 4696/4696/4455 4702/4702/4461
f 4697/4697/4456 4702/4702/4461 4692/4692/4451
f 4703/4703/4462 4702/4702/4461 4696/4696/4455
f 4469/4469/4228 4701/4701/4460 4461/4461/4220
f 4704/4704/4463 4701/4701/4460 4469/4469/4228
f 4705/4705/4464 4693/4693/4452 4692/4692/4451
f 4706/4706/4465 4705/4705/4464 4692/4692/4451
f 4707/4707/4466 4708/4708/4467 4703/4703/4462
f 4708/4708/4467 4707/4707/4466 4709/4709/4468
f 4704/4704/4463 4707/4707/4466 4703/4703/4462
f 4707/4707/4466 4710/4710/4469 4709/4709/4468
f 4710/4710/4469 4707/4707/4466 4704/4704/4463
f 4711/4711/4470 4682/4682/4441 4681/4681/4440
f 4712/4712/4471 4682/4682/4441 4713/4713/4472
f 4714/4714/4473 4715/4715/4474 4713/4713/4472
f 4714/4714/4473 4711/4711/4470 4716/4716/4475
f 4476/4476/4235 4431/4431/4190 4687/4687/4446
f 4712/4712/4471 4717/4717/4476 4687/4687/4446
f 4717/4717/4476 4718/4718/4477 4481/4481/4240
f 4712/4712/4471 4713/4713/4472 4717/4717/4476
f 4714/4714/4473 4719/4719/4478 4715/4715/4474
f 4719/4719/4478 4720/4720/4479 4721/4721/4480
f 4722/4722/4481 4719/4719/4478 4721/4721/4480
f 4723/4723/4482 4722/4722/4481 4724/4724/4483
f 4725/4725/4484 4485/4485/4244 4726/4726/4485
f 4726/4726/4485 4485/4485/4244 4488/4488/4247
f 4723/4723/4482 4726/4726/4485 4718/4718/4477
f 4718/4718/4477 4715/4715/4474 4723/4723/4482
f 4727/4727/4486 4728/4728/4487 4729/4729/4488
f 4708/4708/4467 4729/4729/4488 4728/4728/4487
f 4492/4492/4251 4710/4710/4469 4468/4468/4227
f 4730/4730/4489 4731/4731/4490 4732/4732/4491
f 4733/4733/4492 4731/4731/4490 4730/4730/4489
f 4498/4498/4257 4734/4734/4493 4499/4499/4258
f 4729/4729/4488 4735/4735/4494 4736/4736/4495
f 4735/4735/4494 4737/4737/4496 4736/4736/4495
f 4709/4709/4468 4738/4738/4497 4735/4735/4494
f 4492/4492/4251 4739/4739/4498 4738/4738/4497
f 4739/4739/4498 4740/4740/4499 4738/4738/4497
f 4736/4736/4495 4737/4737/4496 4741/4741/4500
f 4733/4733/4492 4742/4742/4501 4743/4743/4502
f 4744/4744/4503 4737/4737/4496 4740/4740/4499
f 4744/4744/4503 4734/4734/4493 4745/4745/4504
f 4739/4739/4498 4499/4499/4258 4740/4740/4499
f 4746/4746/4505 4747/4747/4506 4721/4721/4480
f 4748/4748/4507 4724/4724/4483 4722/4722/4481
f 4510/4510/4269 4485/4485/4244 4725/4725/4484
f 4724/4724/4483 4749/4749/4508 4725/4725/4484
f 4749/4749/4508 4750/4750/4509 4515/4515/4274
f 4751/4751/4510 4750/4750/4509 4749/4749/4508
f 4515/4515/4274 4750/4750/4509 4519/4519/4278
f 4752/4752/4511 4519/4519/4278 4750/4750/4509
f 4752/4752/4511 4750/4750/4509 4751/4751/4510
f 4747/4747/4506 4753/4753/4512 4748/4748/4507
f 4754/4754/4513 4753/4753/4512 4747/4747/4506
f 4754/4754/4513 4755/4755/4514 4753/4753/4512
f 4748/4748/4507 4753/4753/4512 4751/4751/4510
f 4753/4753/4512 4755/4755/4514 4751/4751/4510
f 4756/4756/4515 4757/4757/4516 4758/4758/4517
f 4759/4759/4518 4760/4760/4519 4754/4754/4513
f 4761/4761/4520 4755/4755/4514 4762/4762/4521
f 4763/4763/4522 4757/4757/4516 4756/4756/4515
f 4764/4764/4523 4758/4758/4517 4765/4765/4524
f 4765/4765/4524 4766/4766/4525 4764/4764/4523
f 4767/4767/4526 4758/4758/4517 4764/4764/4523
f 4761/4761/4520 4768/4768/4527 4752/4752/4511
f 4756/4756/4515 4769/4769/4528 4770/4770/4529
f 4771/4771/4530 4769/4769/4528 4756/4756/4515
f 4772/4772/4531 4773/4773/4532 4774/4774/4533
f 4773/4773/4532 4775/4775/4534 4774/4774/4533
f 4773/4773/4532 4776/4776/4535 4775/4775/4534
f 4775/4775/4534 4777/4777/4536 4774/4774/4533
f 4731/4731/4490 4778/4778/4537 4779/4779/4538
f 4780/4780/4539 4778/4778/4537 4781/4781/4540
f 4776/4776/4535 4779/4779/4538 4778/4778/4537
f 4527/4527/4286 4782/4782/4541 4528/4528/4287
f 4528/4528/4287 4782/4782/4541 4783/4783/4542
f 4527/4527/4286 4784/4784/4543 4782/4782/4541
f 4785/4785/4544 4786/4786/4545 4787/4787/4546
f 4777/4777/4536 4787/4787/4546 4786/4786/4545
f 4788/4788/4547 4789/4789/4548 4786/4786/4545
f 4790/4790/4549 4787/4787/4546 4777/4777/4536
f 4787/4787/4546 4791/4791/4550 4785/4785/4544
f 4791/4791/4550 4787/4787/4546 4790/4790/4549
f 4785/4785/4544 4792/4792/4551 4793/4793/4552
f 4533/4533/4292 4532/4532/4291 4794/4794/4553
f 4791/4791/4550 4794/4794/4553 4785/4785/4544
f 4784/4784/4543 4794/4794/4553 4791/4791/4550
f 4791/4791/4550 4790/4790/4549 4784/4784/4543
f 4781/4781/4540 4733/4733/4492 4743/4743/4502
f 4795/4795/4554 4783/4783/4542 4743/4743/4502
f 4783/4783/4542 4781/4781/4540 4743/4743/4502
f 4520/4520/4279 4768/4768/4527 4554/4554/4313
f 4796/4796/4555 4771/4771/4530 4767/4767/4526
f 4767/4767/4526 4788/4788/4547 4796/4796/4555
f 4797/4797/4556 4770/4770/4529 4570/4570/4329
f 4770/4770/4529 4568/4568/4327 4570/4570/4329
f 4571/4571/4330 4769/4769/4528 4577/4577/4336
f 4798/4798/4557 4771/4771/4530 4796/4796/4555
f 4577/4577/4336 4798/4798/4557 4598/4598/4357
f 4796/4796/4555 4788/4788/4547 4793/4793/4552
f 4792/4792/4551 4532/4532/4291 4597/4597/4356
f 4798/4798/4557 4796/4796/4555 4793/4793/4552
f 4792/4792/4551 4597/4597/4356 4598/4598/4357
f 4799/4799/4558 4800/4800/4559 4801/4801/4560
f 4802/4802/4561 4799/4799/4558 4801/4801/4560
f 4642/4642/4401 4803/4803/4562 4643/4643/4402
f 4804/4804/4563 4805/4805/4564 4806/4806/4565
f 4807/4807/4566 4808/4808/4567 4809/4809/4568
f 4810/4810/4569 4808/4808/4567 4807/4807/4566
f 4811/4811/4570 4808/4808/4567 4810/4810/4569
f 4806/4806/4565 4805/4805/4564 4812/4812/4571
f 4806/4806/4565 4812/4812/4571 4813/4813/4572
f 4813/4813/4572 4814/4814/4573 4806/4806/4565
f 4810/4810/4569 4807/4807/4566 4815/4815/4574
f 4800/4800/4559 4799/4799/4558 4816/4816/4575
f 4816/4816/4575 4804/4804/4563 4817/4817/4576
f 4818/4818/4577 4819/4819/4578 4820/4820/4579
f 4809/4809/4568 4817/4817/4576 4804/4804/4563
f 4809/4809/4568 4821/4821/4580 4817/4817/4576
f 4812/4812/4571 4805/4805/4564 4822/4822/4581
f 4818/4818/4577 4820/4820/4579 4823/4823/4582
f 4813/4813/4572 4648/4648/4407 4649/4649/4408
f 4824/4824/4583 4814/4814/4573 4651/4651/4410
f 4824/4824/4583 4815/4815/4574 4814/4814/4573
f 4651/4651/4410 4659/4659/4418 4824/4824/4583
f 4810/4810/4569 4825/4825/4584 4811/4811/4570
f 4826/4826/4585 4811/4811/4570 4827/4827/4586
f 4828/4828/4587 4827/4827/4586 4829/4829/4588
f 4829/4829/4588 4825/4825/4584 4830/4830/4589
f 4828/4828/4587 4829/4829/4588 4831/4831/4590
f 4832/4832/4591 4833/4833/4592 4834/4834/4593
f 4810/4810/4569 4815/4815/4574 4825/4825/4584
f 4830/4830/4589 4835/4835/4594 4836/4836/4595
f 4836/4836/4595 4837/4837/4596 4830/4830/4589
f 4838/4838/4597 4839/4839/4598 4840/4840/4599
f 4833/4833/4592 4840/4840/4599 4841/4841/4600
f 4842/4842/4601 4843/4843/4602 4841/4841/4600
f 4842/4842/4601 4841/4841/4600 4844/4844/4603
f 4845/4845/4604 4846/4846/4605 4844/4844/4603
f 4824/4824/4583 4835/4835/4594 4815/4815/4574
f 4824/4824/4583 4659/4659/4418 4835/4835/4594
f 4847/4847/4606 4690/4690/4449 4848/4848/4607
f 4847/4847/4606 4839/4839/4598 4849/4849/4608
f 4839/4839/4598 4847/4847/4606 4845/4845/4604
f 4845/4845/4604 4840/4840/4599 4839/4839/4598
f 4850/4850/4609 4851/4851/4610 4852/4852/4611
f 4853/4853/4612 4851/4851/4610 4854/4854/4613
f 4855/4855/4614 4851/4851/4610 4853/4853/4612
f 4854/4854/4613 4856/4856/4615 4853/4853/4612
f 4857/4857/4616 4858/4858/4617 4685/4685/4444
f 4859/4859/4618 4860/4860/4619 4670/4670/4429
f 4858/4858/4617 4861/4861/4620 4685/4685/4444
f 4854/4854/4613 4862/4862/4621 4856/4856/4615
f 4862/4862/4621 4863/4863/4622 4864/4864/4623
f 4865/4865/4624 4862/4862/4621 4864/4864/4623
f 4866/4866/4625 4865/4865/4624 4867/4867/4626
f 4868/4868/4627 4681/4681/4440 4869/4869/4628
f 4869/4869/4628 4681/4681/4440 4684/4684/4443
f 4866/4866/4625 4869/4869/4628 4861/4861/4620
f 4861/4861/4620 4856/4856/4615 4866/4866/4625
f 4802/4802/4561 4870/4870/4629 4871/4871/4630
f 4859/4859/4618 4803/4803/4562 4871/4871/4630
f 4870/4870/4629 4859/4859/4618 4871/4871/4630
f 4872/4872/4631 4842/4842/4601 4873/4873/4632
f 4846/4846/4605 4874/4874/4633 4844/4844/4603
f 4848/4848/4607 4690/4690/4449 4691/4691/4450
f 4691/4691/4450 4694/4694/4453 4848/4848/4607
f 4875/4875/4634 4874/4874/4633 4846/4846/4605
f 4694/4694/4453 4693/4693/4452 4875/4875/4634
f 4876/4876/4635 4877/4877/4636 4878/4878/4637
f 4879/4879/4638 4877/4877/4636 4876/4876/4635
f 4728/4728/4487 4880/4880/4639 4706/4706/4465
f 4874/4874/4633 4881/4881/4640 4873/4873/4632
f 4873/4873/4632 4881/4881/4640 4882/4882/4641
f 4881/4881/4640 4883/4883/4642 4882/4882/4641
f 4875/4875/4634 4693/4693/4452 4884/4884/4643
f 4693/4693/4452 4705/4705/4464 4884/4884/4643
f 4705/4705/4464 4885/4885/4644 4884/4884/4643
f 4882/4882/4641 4883/4883/4642 4876/4876/4635
f 4879/4879/4638 4886/4886/4645 4887/4887/4646
f 4886/4886/4645 4883/4883/4642 4885/4885/4644
f 4886/4886/4645 4880/4880/4639 4887/4887/4646
f 4705/4705/4464 4706/4706/4465 4885/4885/4644
f 4888/4888/4647 4889/4889/4648 4890/4890/4649
f 4890/4890/4649 4891/4891/4650 4888/4888/4647
f 4864/4864/4623 4889/4889/4648 4865/4865/4624
f 4890/4890/4649 4889/4889/4648 4892/4892/4651
f 4711/4711/4470 4681/4681/4440 4868/4868/4627
f 4867/4867/4626 4893/4893/4652 4868/4868/4627
f 4893/4893/4652 4894/4894/4653 4716/4716/4475
f 4867/4867/4626 4888/4888/4647 4893/4893/4652
f 4890/4890/4649 4895/4895/4654 4891/4891/4650
f 4895/4895/4654 4890/4890/4649 4892/4892/4651
f 4892/4892/4651 4896/4896/4655 4895/4895/4654
f 4897/4897/4656 4895/4895/4654 4896/4896/4655
f 4897/4897/4656 4891/4891/4650 4895/4895/4654
f 4716/4716/4475 4894/4894/4653 4720/4720/4479
f 4898/4898/4657 4720/4720/4479 4894/4894/4653
f 4899/4899/4658 4892/4892/4651 4900/4900/4659
f 4901/4901/4660 4902/4902/4661 4903/4903/4662
f 4904/4904/4663 4905/4905/4664 4906/4906/4665
f 4904/4904/4663 4906/4906/4665 4896/4896/4655
f 4898/4898/4657 4897/4897/4656 4907/4907/4666
f 4907/4907/4666 4908/4908/4667 4909/4909/4668
f 4907/4907/4666 4909/4909/4668 4898/4898/4657
f 4910/4910/4669 4877/4877/4636 4911/4911/4670
f 4879/4879/4638 4911/4911/4670 4877/4877/4636
f 4727/4727/4486 4880/4880/4639 4728/4728/4487
f 4912/4912/4671 4913/4913/4672 4914/4914/4673
f 4915/4915/4674 4916/4916/4675 4917/4917/4676
f 4918/4918/4677 4913/4913/4672 4912/4912/4671
f 4912/4912/4671 4919/4919/4678 4918/4918/4677
f 4920/4920/4679 4918/4918/4677 4921/4921/4680
f 4913/4913/4672 4922/4922/4681 4917/4917/4676
f 4917/4917/4676 4923/4923/4682 4915/4915/4674
f 4917/4917/4676 4924/4924/4683 4923/4923/4682
f 4925/4925/4684 4926/4926/4685 4922/4922/4681
f 4925/4925/4684 4922/4922/4681 4920/4920/4679
f 4911/4911/4670 4927/4927/4686 4928/4928/4687
f 4927/4927/4686 4929/4929/4688 4928/4928/4687
f 4887/4887/4646 4930/4930/4689 4927/4927/4686
f 4727/4727/4486 4931/4931/4690 4930/4930/4689
f 4931/4931/4690 4932/4932/4691 4930/4930/4689
f 4921/4921/4680 4933/4933/4692 4920/4920/4679
f 4934/4934/4693 4933/4933/4692 4921/4921/4680
f 4931/4931/4690 4935/4935/4694 4932/4932/4691
f 4936/4936/4695 4732/4732/4491 4925/4925/4684
f 4721/4721/4480 4909/4909/4668 4746/4746/4505
f 4937/4937/4696 4938/4938/4697 4908/4908/4667
f 4939/4939/4698 4940/4940/4699 4903/4903/4662
f 4939/4939/4698 4941/4941/4700 4940/4940/4699
f 4942/4942/4701 4943/4943/4702 4944/4944/4703
f 4939/4939/4698 4942/4942/4701 4941/4941/4700
f 4944/4944/4703 4943/4943/4702 4945/4945/4704
f 4946/4946/4705 4947/4947/4706 4943/4943/4702
f 4938/4938/4697 4948/4948/4707 4908/4908/4667
f 4949/4949/4708 4940/4940/4699 4941/4941/4700
f 4948/4948/4707 4759/4759/4518 4746/4746/4505
f 4941/4941/4700 4950/4950/4709 4951/4951/4710
f 4952/4952/4711 4942/4942/4701 4944/4944/4703
f 4953/4953/4712 4951/4951/4710 4954/4954/4713
f 4951/4951/4710 4765/4765/4524 4954/4954/4713
f 4955/4955/4714 4766/4766/4525 4950/4950/4709
f 4955/4955/4714 4950/4950/4709 4952/4952/4711
f 4766/4766/4525 4955/4955/4714 4956/4956/4715
f 4957/4957/4716 4945/4945/4704 4958/4958/4717
f 4957/4957/4716 4916/4916/4675 4945/4945/4704
f 4957/4957/4716 4914/4914/4673 4916/4916/4675
f 4915/4915/4674 4923/4923/4682 4959/4959/4718
f 4952/4952/4711 4959/4959/4718 4960/4960/4719
f 4772/4772/4531 4960/4960/4719 4959/4959/4718
f 4776/4776/4535 4924/4924/4683 4779/4779/4538
f 4926/4926/4685 4779/4779/4538 4924/4924/4683
f 4731/4731/4490 4779/4779/4538 4926/4926/4685
f 4960/4960/4719 4955/4955/4714 4952/4952/4711
f 4772/4772/4531 4956/4956/4715 4960/4960/4719
f 4960/4960/4719 4956/4956/4715 4955/4955/4714
f 4961/4961/4720 4962/4962/4721 4963/4963/4722
f 4964/4964/4723 4965/4965/4724 4966/4966/4725
f 4967/4967/4726 4961/4961/4720 4963/4963/4722
f 4968/4968/4727 4964/4964/4723 4966/4966/4725
f 4969/4969/4728 4970/4970/4729 4971/4971/4730
f 4967/4967/4726 4972/4972/4731 4961/4961/4720
f 4973/4973/4732 4974/4974/4733 4975/4975/4734
f 4975/4975/4734 4976/4976/4735 4973/4973/4732
f 4975/4975/4734 4974/4974/4733 4977/4977/4736
f 4978/4978/4737 4979/4979/4738 4980/4980/4739
f 4981/4981/4740 4982/4982/4741 4821/4821/4580
f 4983/4983/4742 4982/4982/4741 4981/4981/4740
f 4984/4984/4743 4985/4985/4744 4986/4986/4745
f 4981/4981/4740 4826/4826/4585 4983/4983/4742
f 4987/4987/4746 4988/4988/4747 4989/4989/4748
f 4987/4987/4746 4974/4974/4733 4973/4973/4732
f 4987/4987/4746 4989/4989/4748 4962/4962/4721
f 4990/4990/4749 4991/4991/4750 4992/4992/4751
f 4993/4993/4752 4990/4990/4749 4994/4994/4753
f 4994/4994/4753 4990/4990/4749 4976/4976/4735
f 4970/4970/4729 4800/4800/4559 4979/4979/4738
f 4980/4980/4739 4816/4816/4575 4817/4817/4576
f 4817/4817/4576 4821/4821/4580 4980/4980/4739
f 4994/4994/4753 4976/4976/4735 4986/4986/4745
f 4995/4995/4754 4996/4996/4755 4997/4997/4756
f 4997/4997/4756 4998/4998/4757 4995/4995/4754
f 4999/4999/4758 4827/4827/4586 4828/4828/4587
f 4985/4985/4744 5000/5000/4759 5001/5001/4760
f 4985/4985/4744 5001/5001/4760 4986/4986/4745
f 5002/5002/4761 4997/4997/4756 5001/5001/4760
f 4999/4999/4758 4828/4828/4587 5003/5003/4762
f 4997/4997/4756 5004/5004/4763 4998/4998/4757
f 5005/5005/4764 4993/4993/4752 5006/5006/4765
f 5006/5006/4765 4995/4995/4754 5007/5007/4766
f 4994/4994/4753 4996/4996/4755 4993/4993/4752
f 5008/5008/4767 5009/5009/4768 5007/5007/4766
f 5010/5010/4769 5009/5009/4768 5008/5008/4767
f 5011/5011/4770 5008/5008/4767 4998/4998/4757
f 4986/4986/4745 4996/4996/4755 4994/4994/4753
f 4843/4843/4602 5012/5012/4771 4834/4834/4593
f 5013/5013/4772 5012/5012/4771 4843/4843/4602
f 5014/5014/4773 5015/5015/4774 5016/5016/4775
f 5015/5015/4774 5014/5014/4773 5017/5017/4776
f 5013/5013/4772 5014/5014/4773 5016/5016/4775
f 5014/5014/4773 5018/5018/4777 5017/5017/4776
f 5018/5018/4777 5014/5014/4773 5013/5013/4772
f 5019/5019/4778 5020/5020/4779 5021/5021/4780
f 5022/5022/4781 5023/5023/4782 5024/5024/4783
f 5024/5024/4783 5025/5025/4784 5022/5022/4781
f 5026/5026/4785 5020/5020/4779 5019/5019/4778
f 4850/4850/4609 5027/5027/4786 5028/5028/4787
f 5027/5027/4786 5029/5029/4788 5028/5028/4787
f 4966/4966/4725 5022/5022/4781 5027/5027/4786
f 4850/4850/4609 4852/4852/4611 4968/4968/4727
f 5024/5024/4783 5030/5030/4789 5025/5025/4784
f 5030/5030/4789 5024/5024/4783 5031/5031/4790
f 5032/5032/4791 5030/5030/4789 5033/5033/4792
f 5034/5034/4793 5032/5032/4791 5035/5035/4794
f 5036/5036/4795 5034/5034/4793 5035/5035/4794
f 5028/5028/4787 5029/5029/4788 4863/4863/4622
f 5029/5029/4788 5025/5025/4784 5034/5034/4793
f 4863/4863/4622 5036/5036/4795 4864/4864/4623
f 4962/4962/4721 4989/4989/4748 5021/5021/4780
f 5037/5037/4796 5021/5021/4780 4989/4989/4748
f 5037/5037/4796 4989/4989/4748 4988/4988/4747
f 5038/5038/4797 5039/5039/4798 5019/5019/4778
f 5040/5040/4799 5041/5041/4800 5010/5010/4769
f 5042/5042/4801 5043/5043/4802 5044/5044/4803
f 4872/4872/4631 5018/5018/4777 4842/4842/4601
f 5044/5044/4803 5045/5045/4804 5042/5042/4801
f 5046/5046/4805 5045/5045/4804 5044/5044/4803
f 4877/4877/4636 5047/5047/4806 4878/4878/4637
f 5044/5044/4803 5041/5041/4800 5048/5048/4807
f 5049/5049/4808 5050/5050/4809 5051/5051/4810
f 5050/5050/4809 5052/5052/4811 5051/5051/4810
f 5017/5017/4776 5053/5053/4812 5050/5050/4809
f 4872/4872/4631 5054/5054/4813 5053/5053/4812
f 5054/5054/4813 5055/5055/4814 5053/5053/4812
f 5056/5056/4815 5057/5057/4816 5058/5058/4817
f 5059/5059/4818 5056/5056/4815 5058/5058/4817
f 5056/5056/4815 5052/5052/4811 5060/5060/4819
f 5060/5060/4819 5052/5052/4811 5055/5055/4814
f 5060/5060/4819 5047/5047/4806 5061/5061/4820
f 5054/5054/4813 4878/4878/4637 5055/5055/4814
f 5062/5062/4821 5063/5063/4822 5033/5033/4792
f 5064/5064/4823 5035/5035/4794 5032/5032/4791
f 5065/5065/4824 5036/5036/4795 5035/5035/4794
f 5065/5065/4824 5035/5035/4794 5064/5064/4823
f 5063/5063/4822 5066/5066/4825 5064/5064/4823
f 5067/5067/4826 5066/5066/4825 5063/5063/4822
f 5067/5067/4826 5068/5068/4827 5066/5066/4825
f 5065/5065/4824 5069/5069/4828 4900/4900/4659
f 5069/5069/4828 4899/4899/4658 4900/4900/4659
f 5069/5069/4828 5070/5070/4829 4899/4899/4658
f 5071/5071/4830 5072/5072/4831 5067/5067/4826
f 5072/5072/4831 5073/5073/4832 5074/5074/4833
f 5075/5075/4834 5068/5068/4827 5074/5074/4833
f 5075/5075/4834 5074/5074/4833 5076/5076/4835
f 5076/5076/4835 5077/5077/4836 5078/5078/4837
f 5070/5070/4829 5068/5068/4827 5075/5075/4834
f 5079/5079/4838 5075/5075/4834 5076/5076/4835
f 5075/5075/4834 5079/5079/4838 5070/5070/4829
f 5079/5079/4838 4905/4905/4664 4904/4904/4663
f 5078/5078/4837 5080/5080/4839 5076/5076/4835
f 4910/4910/4669 5047/5047/4806 4877/4877/4636
f 5081/5081/4840 5082/5082/4841 5083/5083/4842
f 5084/5084/4843 5085/5085/4844 5086/5086/4845
f 5087/5087/4846 5084/5084/4843 5086/5086/4845
f 5088/5088/4847 4914/4914/4673 5089/5089/4848
f 4912/4912/4671 4914/4914/4673 5088/5088/4847
f 4912/4912/4671 5088/5088/4847 4919/4919/4678
f 5090/5090/4849 5084/5084/4843 5087/5087/4846
f 4919/4919/4678 5090/5090/4849 5091/5091/4850
f 5061/5061/4820 5092/5092/4851 5057/5057/4816
f 5093/5093/4852 5094/5094/4853 5095/5095/4854
f 5094/5094/4853 5058/5058/4817 5057/5057/4816
f 5092/5092/4851 5096/5096/4855 5095/5095/4854
f 5061/5061/4820 5097/5097/4856 5092/5092/4851
f 4910/4910/4669 5098/5098/4857 5097/5097/4856
f 5098/5098/4857 5099/5099/4858 5097/5097/4856
f 5081/5081/4840 5100/5100/4859 5087/5087/4846
f 5095/5095/4854 5096/5096/4855 5101/5101/4860
f 5098/5098/4857 5102/5102/4861 5099/5099/4858
f 5103/5103/4862 5091/5091/4850 5090/5090/4849
f 5104/5104/4863 5077/5077/4836 5073/5073/4832
f 5104/5104/4863 5105/5105/4864 5077/5077/4836
f 5106/5106/4865 5107/5107/4866 5108/5108/4867
f 5104/5104/4863 5109/5109/4868 5105/5105/4864
f 4946/4946/4705 4902/4902/4661 5110/5110/4869
f 4946/4946/4705 5110/5110/4869 4947/4947/4706
f 5111/5111/4870 5112/5112/4871 5106/5106/4865
f 4947/4947/4706 5111/5111/4870 4958/4958/4717
f 5108/5108/4867 5113/5113/4872 5106/5106/4865
f 5114/5114/4873 5108/5108/4867 5115/5115/4874
f 5114/5114/4873 5116/5116/4875 5117/5117/4876
f 5117/5117/4876 5118/5118/4877 5113/5113/4872
f 5082/5082/4841 5119/5119/4878 5120/5120/4879
f 5117/5117/4876 5121/5121/4880 5118/5118/4877
f 5086/5086/4845 5119/5119/4878 5082/5082/4841
f 5116/5116/4875 5120/5120/4879 5119/5119/4878
f 5111/5111/4870 5122/5122/4881 4958/4958/4717
f 5122/5122/4881 5113/5113/4872 5118/5118/4877
f 5118/5118/4877 5123/5123/4882 5122/5122/4881
f 5123/5123/4882 5124/5124/4883 5089/5089/4848
f 5089/5089/4848 5124/5124/4883 5085/5085/4844
f 5124/5124/4883 5123/5123/4882 5118/5118/4877
f 5124/5124/4883 5121/5121/4880 5085/5085/4844
f 5118/5118/4877 5121/5121/4880 5124/5124/4883
f 5125/5125/4884 4988/4988/4747 5126/5126/4885
f 5126/5126/4885 4988/4988/4747 4992/4992/4751
f 5127/5127/4886 5125/5125/4884 5126/5126/4885
f 5126/5126/4885 4992/4992/4751 4991/4991/4750
f 5127/5127/4886 5126/5126/4885 4991/4991/4750
f 5128/5128/4887 5129/5129/4888 5130/5130/4889
f 5128/5128/4887 5005/5005/4764 5006/5006/4765
f 5130/5130/4889 5005/5005/4764 5128/5128/4887
f 5131/5131/4890 5132/5132/4891 5133/5133/4892
f 5133/5133/4892 5007/5007/4766 5009/5009/4768
f 5131/5131/4890 5133/5133/4892 5009/5009/4768
f 5131/5131/4890 5009/5009/4768 5010/5010/4769
f 5039/5039/4798 5134/5134/4893 5135/5135/4894
f 5136/5136/4895 5038/5038/4797 5037/5037/4796
f 5136/5136/4895 5137/5137/4896 5038/5038/4797
f 5125/5125/4884 5138/5138/4897 5136/5136/4895
f 5138/5138/4897 5139/5139/4898 5140/5140/4899
f 5127/5127/4886 5130/5130/4889 5139/5139/4898
f 5140/5140/4899 5141/5141/4900 5138/5138/4897
f 5142/5142/4901 5143/5143/4902 5144/5144/4903
f 5145/5145/4904 5144/5144/4903 5146/5146/4905
f 5145/5145/4904 5142/5142/4901 5144/5144/4903
f 5147/5147/4906 5148/5148/4907 5134/5134/4893
f 5134/5134/4893 5039/5039/4798 5147/5147/4906
f 5137/5137/4896 5149/5149/4908 5147/5147/4906
f 5137/5137/4896 5141/5141/4900 5149/5149/4908
f 5145/5145/4904 5149/5149/4908 5141/5141/4900
f 5150/5150/4909 5151/5151/4910 5152/5152/4911
f 5152/5152/4911 5153/5153/4912 5150/5150/4909
f 5154/5154/4913 5129/5129/4888 5132/5132/4891
f 5139/5139/4898 5155/5155/4914 5140/5140/4899
f 5129/5129/4888 5154/5154/4913 5155/5155/4914
f 5154/5154/4913 5152/5152/4911 5155/5155/4914
f 5131/5131/4890 5043/5043/4802 5132/5132/4891
f 5010/5010/4769 5043/5043/4802 5131/5131/4890
f 5152/5152/4911 5156/5156/4915 5153/5153/4912
f 5150/5150/4909 5157/5157/4916 5158/5158/4917
f 5158/5158/4917 5151/5151/4910 5150/5150/4909
f 5158/5158/4917 5159/5159/4918 5143/5143/4902
f 5153/5153/4912 5157/5157/4916 5150/5150/4909
f 5160/5160/4919 5161/5161/4920 5162/5162/4921
f 5162/5162/4921 5163/5163/4922 5157/5157/4916
f 5140/5140/4899 5151/5151/4910 5142/5142/4901
f 5045/5045/4804 5156/5156/4915 5042/5042/4801
f 5164/5164/4923 5156/5156/4915 5045/5045/4804
f 5045/5045/4804 5046/5046/4805 5164/5164/4923
f 5165/5165/4924 5161/5161/4920 5160/5160/4919
f 5161/5161/4920 5165/5165/4924 5166/5166/4925
f 5164/5164/4923 5165/5165/4924 5160/5160/4919
f 5167/5167/4926 5168/5168/4927 5059/5059/4818
f 5167/5167/4926 5058/5058/4817 5169/5169/4928
f 5059/5059/4818 5058/5058/4817 5167/5167/4926
f 5033/5033/4792 5170/5170/4929 5062/5062/4821
f 5171/5171/4930 5172/5172/4931 5173/5173/4932
f 5174/5174/4933 5172/5172/4931 5175/5175/4934
f 5175/5175/4934 5176/5176/4935 5174/5174/4933
f 5175/5175/4934 5172/5172/4931 5171/5171/4930
f 5177/5177/4936 5148/5148/4907 5178/5178/4937
f 5134/5134/4893 5148/5148/4907 5179/5179/4938
f 5180/5180/4939 5181/5181/4940 5071/5071/4830
f 5182/5182/4941 5183/5183/4942 5180/5180/4939
f 5146/5146/4905 5184/5184/4943 5178/5178/4937
f 5146/5146/4905 5174/5174/4933 5184/5184/4943
f 5185/5185/4944 5186/5186/4945 5187/5187/4946
f 5188/5188/4947 5175/5175/4934 5171/5171/4930
f 5189/5189/4948 5186/5186/4945 5190/5190/4949
f 5191/5191/4950 5189/5189/4948 5192/5192/4951
f 5071/5071/4830 5181/5181/4940 5072/5072/4831
f 5193/5193/4952 5073/5073/4832 5194/5194/4953
f 5181/5181/4940 5195/5195/4954 5194/5194/4953
f 5191/5191/4950 5194/5194/4953 5195/5195/4954
f 5195/5195/4954 5187/5187/4946 5191/5191/4950
f 5143/5143/4902 5159/5159/4918 5173/5173/4932
f 5196/5196/4955 5173/5173/4932 5159/5159/4918
f 5197/5197/4956 5198/5198/4957 5199/5199/4958
f 5163/5163/4922 5198/5198/4957 5200/5200/4959
f 5162/5162/4921 5198/5198/4957 5163/5163/4922
f 5201/5201/4960 5202/5202/4961 5171/5171/4930
f 5197/5197/4956 5203/5203/4962 5204/5204/4963
f 5205/5205/4964 5206/5206/4965 5207/5207/4966
f 5082/5082/4841 5208/5208/4967 5083/5083/4842
f 5197/5197/4956 5199/5199/4958 5209/5209/4968
f 5210/5210/4969 5211/5211/4970 5212/5212/4971
f 5211/5211/4970 5213/5213/4972 5212/5212/4971
f 5169/5169/4928 5058/5058/4817 5094/5094/4853
f 5214/5214/4973 5169/5169/4928 5215/5215/4974
f 5214/5214/4973 5215/5215/4974 5211/5211/4970
f 5093/5093/4852 5216/5216/4975 5215/5215/4974
f 5212/5212/4971 5207/5207/4966 5217/5217/4976
f 5212/5212/4971 5213/5213/4972 5207/5207/4966
f 5205/5205/4964 5218/5218/4977 5219/5219/4978
f 5218/5218/4977 5213/5213/4972 5216/5216/4975
f 5220/5220/4979 5208/5208/4967 5221/5221/4980
f 5093/5093/4852 5222/5222/4981 5216/5216/4975
f 5223/5223/4982 5224/5224/4983 5190/5190/4949
f 5225/5225/4984 5192/5192/4951 5189/5189/4948
f 5104/5104/4863 5073/5073/4832 5193/5193/4952
f 5104/5104/4863 5193/5193/4952 5109/5109/4868
f 5226/5226/4985 5192/5192/4951 5225/5225/4984
f 5227/5227/4986 5228/5228/4987 5115/5115/4874
f 5229/5229/4988 5230/5230/4989 5231/5231/4990
f 5232/5232/4991 5229/5229/4988 5233/5233/4992
f 5232/5232/4991 5234/5234/4993 5235/5235/4994
f 5235/5235/4994 5236/5236/4995 5230/5230/4989
f 5237/5237/4996 5238/5238/4997 5239/5239/4996
f 5235/5235/4994 5240/5240/4998 5236/5236/4995
f 5241/5241/4999 5116/5116/4875 5114/5114/4873
f 5228/5228/4987 5242/5242/5000 5115/5115/4874
f 5242/5242/5000 5230/5230/4989 5236/5236/4995
f 5236/5236/4995 5241/5241/4999 5242/5242/5000
f 5120/5120/4879 5243/5243/5001 5244/5244/5002
f 5243/5243/5001 5241/5241/4999 5236/5236/4995
f 5236/5236/4995 5240/5240/4998 5243/5243/5001
f 5245/5245/5003 5246/5246/5004 5247/5247/5005
f 5247/5247/5005 5246/5246/5004 5248/5248/5006
f 5249/5249/5007 5250/5250/5008 5221/5221/4980
f 5251/5251/5009 5252/5252/5010 5253/5253/5011
f 5208/5208/4967 5244/5244/5002 5221/5221/4980
f 5244/5244/5002 5249/5249/5007 5221/5221/4980
f 5248/5248/5006 5254/5254/5012 5247/5247/5005
f 5202/5202/4961 5255/5255/5013 5256/5256/5014
f 5257/5257/5015 5196/5196/4955 5200/5200/4959
f 5257/5257/5015 5201/5201/4960 5196/5196/4955
f 5257/5257/5015 5258/5258/5016 5201/5201/4960
f 5257/5257/5015 5200/5200/4959 5204/5204/4963
f 5257/5257/5015 5204/5204/4963 5258/5258/5016
f 5259/5259/5017 5260/5260/5018 5255/5255/5013
f 5255/5255/5013 5202/5202/4961 5259/5259/5017
f 5258/5258/5016 5261/5261/5019 5259/5259/5017
f 5262/5262/5020 5263/5263/5021 5261/5261/5019
f 5262/5262/5020 5261/5261/5019 5203/5203/4962
f 5262/5262/5020 5203/5203/4962 5264/5264/5022
f 5190/5190/4949 5265/5265/5023 5223/5223/4982
f 5255/5255/5013 5260/5260/5018 5266/5266/5024
f 5267/5267/5025 5232/5232/4991 5233/5233/4992
f 5268/5268/5026 5269/5269/5027 5270/5270/5028
f 5271/5271/5029 5272/5272/5030 5273/5273/5031
f 5273/5273/5031 5274/5274/5032 5271/5271/5029
f 5270/5270/5028 5269/5269/5027 5275/5275/5033
f 5276/5276/5034 5277/5277/5035 5278/5278/5036
f 5276/5276/5034 5278/5278/5036 5279/5279/5037
f 5277/5277/5035 5276/5276/5034 5280/5280/5038
f 5281/5281/5039 5282/5282/5039 5283/5283/5040
f 5272/5272/5030 5284/5284/5041 5273/5273/5031
f 5279/5279/5037 5283/5283/5040 5285/5285/5042
f 5252/5252/5010 5251/5251/5009 5286/5286/5043
f 5251/5251/5009 5287/5287/5044 5286/5286/5043
f 5285/5285/5042 5276/5276/5034 5279/5279/5037
f 5251/5251/5009 5288/5288/5045 5287/5287/5044
f 5285/5285/5042 5280/5280/5038 5276/5276/5034
f 5/5/5 8/8/8 62/62/60
f 8/8/8 63/63/61 62/62/60
f 58/58/56 15/15/15 2/2/2
f 15/15/15 3/3/3 2/2/2
f 13/13/13 7/7/7 14/14/14
f 7/7/7 3/3/3 14/14/14
f 22/22/21 5289/5289/5046 5290/5290/5046
f 5291/5291/5047 17/17/17 16/16/16
f 13/13/13 19/19/19 7/7/7
f 40/40/38 31/31/30 5292/5292/5048
f 25/25/24 26/26/25 84/84/82
f 26/26/25 86/86/84 84/84/82
f 16/16/16 18/18/18 26/26/25
f 18/18/18 86/86/84 26/26/25
f 55/55/53 51/51/49 43/43/41
f 51/51/49 44/44/42 43/43/41
f 49/49/47 53/53/51 54/54/52
f 80/80/78 170/170/168 5293/5293/5049
f 49/49/47 45/45/43 50/50/48
f 45/45/43 47/47/45 50/50/48
f 59/59/57 51/51/49 15/15/15
f 51/51/49 57/57/55 15/15/15
f 50/50/48 61/61/59 48/48/46
f 61/61/59 60/60/58 48/48/46
f 73/73/71 68/68/66 65/65/63
f 68/68/66 66/66/64 65/65/63
f 55/55/53 43/43/41 66/66/64
f 43/43/41 64/64/62 66/66/64
f 11/11/11 75/75/73 76/76/74
f 75/75/73 68/68/66 76/76/74
f 11/11/11 14/14/14 75/75/73
f 14/14/14 57/57/55 75/75/73
f 80/80/78 81/81/79 170/170/168
f 81/81/79 171/171/169 170/170/168
f 85/85/83 79/79/77 83/83/81
f 79/79/77 78/78/76 83/83/81
f 82/82/80 79/79/77 87/87/85
f 79/79/77 85/85/83 87/87/85
f 69/69/67 71/71/69 81/81/79
f 71/71/69 171/171/169 81/81/79
f 82/82/80 88/88/86 69/69/67
f 88/88/86 72/72/70 69/69/67
f 18/18/18 77/77/75 87/87/85
f 77/77/75 88/88/86 87/87/85
f 92/92/90 99/99/97 5294/5294/5050
f 5295/5295/5051 74/74/72 73/73/71
f 92/92/90 91/91/89 99/99/97
f 91/91/89 100/100/98 99/99/97
f 5296/5296/5052 37/37/35 5297/5297/5052
f 96/96/94 76/76/74 74/74/72
f 77/77/75 17/17/17 102/102/100
f 5298/5298/5053 5299/5299/5053 97/97/95
f 111/111/109 107/107/105 109/109/107
f 107/107/105 112/112/110 109/109/107
f 114/114/112 119/119/117 115/115/113
f 119/119/117 238/238/236 115/115/113
f 119/119/117 108/108/106 238/238/236
f 108/108/106 113/113/111 238/238/236
f 119/119/117 117/117/115 108/108/106
f 117/117/115 112/112/110 108/108/106
f 128/128/126 5300/5300/5054 129/129/127
f 5300/5300/5054 144/144/142 129/129/127
f 5300/5300/5054 132/132/130 144/144/142
f 132/132/130 131/131/129 144/144/142
f 119/119/117 118/118/116 117/117/115
f 118/118/116 124/124/122 117/117/115
f 121/121/119 122/122/120 114/114/112
f 122/122/120 118/118/116 114/114/112
f 137/137/135 136/136/134 141/141/139
f 136/136/134 139/139/137 141/141/139
f 146/146/144 148/148/146 141/141/139
f 148/148/146 137/137/135 141/141/139
f 120/120/118 46/46/44 121/121/119
f 46/46/44 45/45/43 121/121/119
f 42/42/40 41/41/39 149/149/147
f 41/41/39 150/150/148 149/149/147
f 148/148/146 152/152/150 149/149/147
f 152/152/150 42/42/40 149/149/147
f 135/135/133 5301/5301/5055 170/170/168
f 5301/5301/5055 5293/5293/5049 170/170/168
f 5302/5302/5056 158/158/156 5303/5303/5057
f 158/158/156 160/160/158 5303/5303/5057
f 5304/5304/5058 5305/5305/5059 158/158/156
f 5305/5305/5059 159/159/157 158/158/156
f 65/65/63 64/64/62 162/162/160
f 64/64/62 152/152/150 162/162/160
f 165/165/163 5306/5306/5060 163/163/161
f 5306/5306/5060 5307/5307/5061 163/163/161
f 5308/5308/5062 5309/5309/5063 5306/5306/5060
f 5309/5309/5063 5307/5307/5061 5306/5306/5060
f 163/163/161 5307/5307/5061 91/91/89
f 175/175/173 71/71/69 70/70/68
f 166/166/164 145/145/143 133/133/131
f 145/145/143 131/131/129 133/133/131
f 145/145/143 167/167/165 143/143/141
f 167/167/165 286/286/284 143/143/141
f 135/135/133 170/170/168 133/133/131
f 170/170/168 169/169/167 133/133/131
f 168/168/166 166/166/164 172/172/170
f 166/166/164 169/169/167 172/172/170
f 159/159/157 5305/5305/5059 174/174/172
f 290/290/288 286/286/284 167/167/165
f 168/168/166 172/172/170 5310/5310/5064
f 5311/5311/5065 5307/5307/5061 5309/5309/5063
f 192/192/190 191/191/189 193/193/191
f 191/191/189 190/190/188 193/193/191
f 199/199/197 196/196/194 200/200/198
f 196/196/194 204/204/202 200/200/198
f 209/209/207 203/203/201 5312/5312/5066
f 203/203/201 5313/5313/5067 5312/5312/5066
f 202/202/200 216/216/214 203/203/201
f 216/216/214 5313/5313/5067 203/203/201
f 5314/5314/5068 242/242/240 5315/5315/5069
f 242/242/240 408/408/394 5315/5315/5069
f 215/215/213 202/202/200 218/218/216
f 202/202/200 206/206/204 218/218/216
f 207/207/205 103/103/101 208/208/206
f 103/103/101 107/107/105 208/208/206
f 5316/5316/5070 221/221/219 209/209/207
f 221/221/219 220/220/218 209/209/207
f 104/104/102 103/103/101 220/220/218
f 103/103/101 207/207/205 220/220/218
f 222/222/220 206/206/204 111/111/109
f 206/206/204 208/208/206 111/111/109
f 231/231/229 5317/5317/5071 232/232/230
f 252/252/250 225/225/223 5318/5318/5072
f 227/227/225 5319/5319/5073 228/228/226
f 5319/5319/5073 402/402/388 228/228/226
f 213/213/211 212/212/210 225/225/223
f 212/212/210 223/223/221 225/225/223
f 252/252/250 254/254/252 225/225/223
f 254/254/252 224/224/222 225/225/223
f 229/229/227 404/404/390 226/226/224
f 404/404/390 5320/5320/5074 226/226/224
f 226/226/224 5320/5320/5074 233/233/231
f 5320/5320/5074 5321/5321/5075 233/233/231
f 236/236/234 235/235/233 254/254/252
f 235/235/233 224/224/222 254/254/252
f 104/104/102 221/221/219 113/113/111
f 221/221/219 237/237/235 113/113/111
f 242/242/240 243/243/241 408/408/394
f 243/243/241 409/409/395 408/408/394
f 246/246/244 241/241/239 245/245/243
f 241/241/239 240/240/238 245/245/243
f 244/244/242 241/241/239 247/247/245
f 241/241/239 246/246/244 247/247/245
f 5322/5322/5076 5323/5323/5076 5324/5324/5076
f 422/422/408 409/409/395 243/243/241
f 244/244/242 250/250/248 248/248/246
f 250/250/248 249/249/247 248/248/246
f 129/129/127 239/239/237 247/247/245
f 239/239/237 250/250/248 247/247/245
f 253/253/251 252/252/250 257/257/255
f 252/252/250 255/255/253 257/257/255
f 231/231/229 259/259/257 5317/5317/5071
f 259/259/257 5325/5325/5077 5317/5317/5071
f 260/260/258 262/262/260 257/257/255
f 262/262/260 253/253/251 257/257/255
f 263/263/261 5326/5326/5078 264/264/262
f 5326/5326/5078 437/437/423 264/264/262
f 5327/5327/5079 5328/5328/5080 5329/5329/5081
f 5328/5328/5080 5330/5330/5082 5329/5329/5081
f 140/140/138 139/139/137 266/266/264
f 139/139/137 236/236/234 266/266/264
f 262/262/260 268/268/266 266/266/264
f 268/268/266 140/140/138 266/266/264
f 270/270/268 5331/5331/5083 260/260/258
f 273/273/271 276/276/274 5332/5332/5084
f 272/272/270 445/445/431 273/273/271
f 445/445/431 275/275/273 273/273/271
f 267/267/265 155/155/153 268/268/266
f 155/155/153 154/154/152 268/268/266
f 276/276/274 274/274/272 279/279/277
f 274/274/272 277/277/275 279/279/277
f 282/282/280 281/281/279 251/251/249
f 281/281/279 249/249/247 251/251/249
f 281/281/279 283/283/281 452/452/438
f 283/283/281 454/454/440 452/452/438
f 239/239/237 143/143/141 251/251/249
f 143/143/141 285/285/283 251/251/249
f 284/284/282 282/282/280 287/287/285
f 282/282/280 285/285/283 287/287/285
f 275/275/273 445/445/431 289/289/287
f 5333/5333/5085 454/454/440 283/283/281
f 288/288/286 291/291/289 274/274/272
f 291/291/289 277/277/275 274/274/272
f 303/303/301 293/293/291 301/301/299
f 293/293/291 296/296/294 301/301/299
f 186/186/184 305/305/303 304/304/302
f 305/305/303 299/299/297 304/304/302
f 312/312/310 311/311/309 489/489/475
f 311/311/309 324/324/322 489/489/475
f 489/489/475 491/491/477 312/312/310
f 495/495/481 308/308/306 307/307/305
f 306/306/304 314/314/312 309/309/307
f 314/314/312 315/315/313 309/309/307
f 332/332/330 315/315/313 190/190/188
f 315/315/313 193/193/191 190/190/188
f 316/316/314 314/314/312 310/310/308
f 314/314/312 306/306/304 310/310/308
f 318/318/316 317/317/315 495/495/481
f 317/317/315 308/308/306 495/495/481
f 321/321/319 310/310/308 320/320/318
f 310/310/308 317/317/315 320/320/318
f 323/323/321 195/195/193 321/321/319
f 195/195/193 316/316/314 321/321/319
f 346/346/343 198/198/196 5334/5334/5086
f 198/198/196 197/197/195 5334/5334/5086
f 313/313/311 5335/5335/5087 311/311/309
f 296/296/294 295/295/293 5336/5336/5088
f 5337/5337/5089 5338/5338/5090 326/326/324
f 5338/5338/5090 325/325/323 326/326/324
f 330/330/328 298/298/296 329/329/327
f 298/298/296 327/327/325 329/329/327
f 182/182/180 200/200/198 5339/5339/5091
f 200/200/198 334/334/332 5339/5339/5091
f 5340/5340/5092 337/337/335 5341/5341/5093
f 5342/5342/5094 5343/5343/5094 5344/5344/5094
f 5340/5340/5092 328/328/326 337/337/335
f 328/328/326 327/327/325 337/337/335
f 340/340/338 331/331/329 338/338/336
f 331/331/329 329/329/327 338/338/336
f 338/338/336 341/341/339 339/339/337
f 341/341/339 359/359/353 339/339/337
f 198/198/196 345/345/342 204/204/202
f 345/345/342 335/335/333 204/204/202
f 5345/5345/5095 5346/5346/5095 353/353/348
f 343/343/341 351/351/346 350/350/345
f 350/350/345 352/352/347 5347/5347/5096
f 352/352/347 357/357/351 5347/5347/5096
f 328/328/326 5340/5340/5092 341/341/339
f 5340/5340/5092 361/361/355 341/341/339
f 320/320/318 319/319/317 365/365/359
f 319/319/317 364/364/358 365/365/359
f 368/368/362 364/364/358 5348/5348/5097
f 5349/5349/5098 370/370/364 372/372/366
f 376/376/370 378/378/372 371/371/365
f 378/378/372 372/372/366 371/371/365
f 376/376/370 375/375/369 379/379/373
f 339/339/337 359/359/353 405/405/391
f 343/343/341 5313/5313/5067 351/351/346
f 5313/5313/5067 216/216/214 351/351/346
f 5350/5350/5099 367/367/361 380/380/374
f 367/367/361 366/366/360 380/380/374
f 380/380/374 366/366/360 368/368/362
f 366/366/360 365/365/359 368/368/362
f 211/211/209 210/210/208 380/380/374
f 210/210/208 5350/5350/5099 380/380/374
f 381/381/375 401/401/387 380/380/374
f 401/401/387 211/211/209 380/380/374
f 362/362/356 5351/5351/5100 408/408/394
f 5351/5351/5100 5315/5315/5069 408/408/394
f 382/382/376 373/373/367 384/384/378
f 373/373/367 378/378/372 384/384/378
f 5352/5352/5101 5353/5353/5101 5354/5354/5101
f 5355/5355/5102 5356/5356/5102 5357/5357/5102
f 400/400/386 399/399/385 416/416/402
f 399/399/385 419/419/405 416/416/402
f 382/382/376 229/229/227 383/383/377
f 229/229/227 228/228/226 383/383/377
f 362/362/356 408/408/394 360/360/354
f 408/408/394 410/410/396 360/360/354
f 410/410/396 5358/5358/5103 360/360/354
f 384/384/378 379/379/373 5359/5359/5104
f 423/423/409 426/426/412 424/424/410
f 426/426/412 428/428/414 424/424/410
f 429/429/415 399/399/385 5360/5360/5105
f 399/399/385 398/398/384 5360/5360/5105
f 436/436/422 431/431/417 264/264/262
f 431/431/417 265/265/263 264/264/262
f 5361/5361/5106 434/434/420 5362/5362/5107
f 434/434/420 433/433/419 5362/5362/5107
f 5360/5360/5105 436/436/422 429/429/415
f 436/436/422 435/435/421 429/429/415
f 5361/5361/5106 5362/5362/5107 427/427/413
f 5362/5362/5107 428/428/414 427/427/413
f 596/596/572 440/440/426 594/594/570
f 438/438/424 426/426/412 430/430/416
f 596/596/572 598/598/574 440/440/426
f 598/598/574 441/441/427 440/440/426
f 5361/5361/5106 5363/5363/5108 434/434/420
f 5363/5363/5108 270/270/268 434/434/420
f 427/427/413 5364/5364/5109 5361/5361/5106
f 439/439/425 443/443/429 444/444/430
f 449/449/435 413/413/399 5365/5365/5110
f 5366/5366/5111 419/419/405 429/429/415
f 449/449/435 448/448/434 413/413/399
f 448/448/434 447/447/433 413/413/399
f 453/453/439 449/449/435 451/451/437
f 5367/5367/5112 429/429/415 435/435/421
f 450/450/436 449/449/435 455/455/441
f 449/449/435 453/453/439 455/455/441
f 441/441/427 598/598/574 457/457/443
f 598/598/574 612/612/588 457/457/443
f 456/456/442 459/459/445 439/439/425
f 459/459/445 443/443/429 439/439/425
f 466/466/452 468/468/454 464/464/450
f 468/468/454 467/467/453 464/464/450
f 463/463/449 476/476/462 464/464/450
f 476/476/462 465/465/451 464/464/450
f 466/466/452 465/465/451 475/475/461
f 465/465/451 479/479/465 475/475/461
f 486/486/472 485/485/471 462/462/448
f 485/485/471 463/463/449 462/462/448
f 480/480/466 693/693/667 481/481/467
f 693/693/667 484/484/470 481/481/467
f 487/487/473 490/490/476 485/485/471
f 490/490/476 492/492/478 485/485/471
f 494/494/480 493/493/479 488/488/474
f 493/493/479 483/483/469 488/488/474
f 701/701/675 496/496/482 693/693/667
f 496/496/482 484/484/470 693/693/667
f 701/701/675 511/511/497 496/496/482
f 511/511/497 498/498/484 496/496/482
f 488/488/474 497/497/483 494/494/480
f 497/497/483 499/499/485 494/494/480
f 521/521/507 319/319/317 499/499/485
f 319/319/317 318/318/316 499/499/485
f 474/474/460 525/525/511 471/471/457
f 525/525/511 501/501/487 471/471/457
f 477/477/463 325/325/323 478/478/464
f 325/325/323 5338/5338/5090 478/478/464
f 477/477/463 476/476/462 324/324/322
f 476/476/462 492/492/478 324/324/322
f 503/503/489 478/478/464 5368/5368/5113
f 478/478/464 5338/5338/5090 5368/5368/5113
f 505/505/491 506/506/492 5369/5369/5114
f 506/506/492 525/525/511 5369/5369/5114
f 509/509/495 508/508/494 515/515/501
f 508/508/494 724/724/698 515/515/501
f 520/520/506 497/497/483 512/512/498
f 497/497/483 498/498/484 512/512/498
f 516/516/502 731/731/705 514/514/500
f 731/731/705 518/518/504 514/514/500
f 509/509/495 514/514/500 519/519/505
f 514/514/500 517/517/503 519/519/505
f 523/523/509 5370/5370/5115 507/507/493
f 5371/5371/5116 5372/5372/5116 5373/5373/5116
f 522/522/508 507/507/493 533/533/519
f 507/507/493 519/519/505 533/533/519
f 524/524/510 5374/5374/5117 340/340/338
f 5374/5374/5117 504/504/490 340/340/338
f 5374/5374/5117 530/530/516 504/504/490
f 530/530/516 506/506/492 504/504/490
f 501/501/487 527/527/513 500/500/486
f 527/527/513 742/742/716 500/500/486
f 529/529/515 750/750/724 527/527/513
f 750/750/724 742/742/716 527/527/513
f 523/523/509 522/522/508 370/370/364
f 522/522/508 371/371/365 370/370/364
f 545/545/529 535/535/521 5375/5375/5118
f 5376/5376/5119 780/780/754 578/578/554
f 541/541/525 540/540/524 562/562/538
f 540/540/524 542/542/526 562/562/538
f 535/535/521 544/544/528 540/540/524
f 544/544/528 543/543/527 540/540/524
f 5377/5377/5120 5378/5378/5120 5379/5379/5120
f 5380/5380/5121 5381/5381/5121 5382/5382/5121
f 5383/5383/5122 5384/5384/5122 5385/5385/5122
f 5386/5386/5123 5387/5387/5123 5388/5388/5123
f 571/571/547 566/566/542 569/569/545
f 566/566/542 565/565/541 569/569/545
f 573/573/549 5389/5389/5124 574/574/550
f 567/567/543 542/542/526 543/543/527
f 415/415/401 576/576/552 558/558/536
f 5390/5390/5125 573/573/549 572/572/548
f 414/414/400 577/577/553 575/575/551
f 577/577/553 569/569/545 575/575/551
f 588/588/564 580/580/556 780/780/754
f 580/580/556 578/578/554 780/780/754
f 583/583/559 825/825/799 587/587/563
f 825/825/799 601/601/577 587/587/563
f 583/583/559 582/582/558 5391/5391/5126
f 5392/5392/5127 580/580/556 588/588/564
f 425/425/411 547/547/531 423/423/409
f 547/547/531 592/592/568 423/423/409
f 595/595/571 594/594/570 586/586/562
f 430/430/416 592/592/568 581/581/557
f 595/595/571 586/586/562 593/593/569
f 586/586/562 582/582/558 593/593/569
f 599/599/575 587/587/563 602/602/578
f 587/587/563 600/600/576 602/602/578
f 571/571/547 604/604/580 566/566/542
f 602/602/578 600/600/576 5393/5393/5128
f 414/414/400 447/447/433 577/577/553
f 447/447/433 607/607/583 577/577/553
f 593/593/569 599/599/575 611/611/587
f 599/599/575 603/603/579 611/611/587
f 611/611/587 603/603/579 612/612/588
f 603/603/579 610/610/586 612/612/588
f 626/626/602 621/621/597 619/619/595
f 621/621/597 618/618/594 619/619/595
f 621/621/597 620/620/596 618/618/594
f 620/620/596 617/617/593 618/618/594
f 628/628/604 627/627/603 629/629/605
f 627/627/603 615/615/591 629/629/605
f 5394/5394/5129 628/628/604 634/634/610
f 628/628/604 630/630/606 634/634/610
f 637/637/613 641/641/617 638/638/614
f 641/641/617 5395/5395/5130 638/638/614
f 644/644/620 619/619/595 643/643/619
f 619/619/595 627/627/603 643/643/619
f 648/648/624 5396/5396/5131 624/624/600
f 5396/5396/5131 5397/5397/5132 624/624/600
f 648/648/624 626/626/602 5398/5398/5133
f 626/626/602 644/644/620 5398/5398/5133
f 647/647/623 662/662/638 645/645/621
f 662/662/638 661/661/637 645/645/621
f 687/687/661 703/703/677 654/654/630
f 703/703/677 655/655/631 654/654/630
f 659/659/635 663/663/639 651/651/627
f 663/663/639 649/649/625 651/651/627
f 663/663/639 665/665/641 664/664/640
f 665/665/641 681/681/655 664/664/640
f 656/656/632 655/655/631 706/706/680
f 655/655/631 704/704/678 706/706/680
f 666/666/642 655/655/631 642/642/618
f 655/655/631 703/703/677 642/642/618
f 667/667/643 666/666/642 468/468/454
f 666/666/642 467/467/453 468/468/454
f 5399/5399/5134 704/704/678 667/667/643
f 704/704/678 655/655/631 667/667/643
f 664/664/640 682/682/656 652/652/628
f 678/678/652 672/672/646 674/674/648
f 683/683/657 5400/5400/5135 632/632/608
f 5400/5400/5135 5401/5401/5136 632/632/608
f 689/689/663 688/688/662 5401/5401/5136
f 688/688/662 632/632/608 5401/5401/5136
f 686/686/660 692/692/666 5402/5402/5137
f 692/692/666 694/694/668 5402/5402/5137
f 642/642/618 708/708/682 462/462/448
f 694/694/668 480/480/466 482/482/468
f 695/695/669 692/692/666 685/685/659
f 692/692/666 686/686/660 685/685/659
f 996/996/961 696/696/670 691/691/665
f 697/697/671 5403/5403/5138 5404/5404/5138
f 697/697/671 699/699/673 717/717/691
f 699/699/673 715/715/689 717/717/691
f 685/685/659 700/700/674 695/695/669
f 700/700/674 702/702/676 695/695/669
f 471/471/457 500/500/486 671/671/645
f 500/500/486 709/709/683 671/671/645
f 712/712/686 714/714/688 715/715/689
f 714/714/688 716/716/690 715/715/689
f 713/713/687 720/720/694 714/714/688
f 720/720/694 721/721/695 714/714/688
f 511/511/497 702/702/676 5405/5405/5139
f 702/702/676 722/722/696 5405/5405/5139
f 728/728/702 515/515/501 726/726/700
f 515/515/501 724/724/698 726/726/700
f 728/728/702 5406/5406/5140 516/516/502
f 5407/5407/5141 5408/5408/5141 5409/5409/5141
f 733/733/707 732/732/706 711/711/685
f 5410/5410/5142 707/707/681 705/705/679
f 735/735/709 680/680/654 734/734/708
f 680/680/654 732/732/706 734/734/708
f 5411/5411/5143 5412/5412/5144 733/733/707
f 5412/5412/5144 734/734/708 733/733/707
f 741/741/715 733/733/707 709/709/683
f 733/733/707 711/711/685 709/709/683
f 5411/5411/5143 733/733/707 743/743/717
f 733/733/707 741/741/715 743/743/717
f 739/739/713 744/744/718 748/748/722
f 744/744/718 746/746/720 748/748/722
f 747/747/721 719/719/693 744/744/718
f 719/719/693 718/718/692 744/744/718
f 747/747/721 751/751/725 719/719/693
f 751/751/725 729/729/703 719/719/693
f 5413/5413/5145 1029/1029/994 773/773/747
f 1029/1029/994 771/771/745 773/773/747
f 755/755/729 712/712/686 5414/5414/5146
f 712/712/686 754/754/728 5414/5414/5146
f 775/775/749 5415/5415/5147 773/773/747
f 759/759/733 756/756/730 5416/5416/5148
f 762/762/736 761/761/735 757/757/731
f 720/720/694 713/713/687 5417/5417/5149
f 766/766/740 767/767/741 759/759/733
f 767/767/741 757/757/731 759/759/733
f 775/775/749 773/773/747 768/768/742
f 773/773/747 772/772/746 768/768/742
f 770/770/744 812/812/786 768/768/742
f 812/812/786 774/774/748 768/768/742
f 779/779/753 778/778/752 812/812/786
f 778/778/752 774/774/748 812/812/786
f 780/780/754 5418/5418/5150 778/778/752
f 536/536/522 765/765/739 777/777/751
f 766/766/740 765/765/739 541/541/525
f 765/765/739 536/536/522 541/541/525
f 793/793/767 5419/5419/5151 762/762/736
f 5419/5419/5151 760/760/734 762/762/736
f 789/789/763 1014/1014/979 790/790/764
f 5420/5420/5152 785/785/759 787/787/761
f 799/799/773 791/791/765 797/797/771
f 791/791/765 790/790/764 797/797/771
f 767/767/741 5421/5421/5153 793/793/767
f 5421/5421/5153 5422/5422/5154 793/793/767
f 806/806/780 804/804/778 799/799/773
f 804/804/778 791/791/765 799/799/773
f 801/801/775 800/800/774 835/835/809
f 800/800/774 5423/5423/5155 835/835/809
f 783/783/757 5424/5424/5156 794/794/768
f 5424/5424/5156 795/795/769 794/794/768
f 566/566/542 808/808/782 564/564/540
f 808/808/782 810/810/784 564/564/540
f 809/809/783 5425/5425/5157 808/808/782
f 5425/5425/5157 805/805/779 808/808/782
f 1073/1073/1037 813/813/787 769/769/743
f 813/813/787 770/770/744 769/769/743
f 816/816/790 822/822/796 820/820/794
f 822/822/796 831/831/805 820/820/794
f 816/816/790 815/815/789 821/821/795
f 815/815/789 818/818/792 821/821/795
f 780/780/754 779/779/753 588/588/564
f 779/779/753 824/824/798 588/588/564
f 5426/5426/5158 5427/5427/5158 5428/5428/5158
f 589/589/565 588/588/564 824/824/798
f 815/815/789 817/817/791 826/826/800
f 817/817/791 827/827/801 826/826/800
f 829/829/803 820/820/794 832/832/806
f 820/820/794 830/830/804 832/832/806
f 801/801/775 832/832/806 802/802/776
f 832/832/806 830/830/804 802/802/776
f 566/566/542 5429/5429/5159 809/809/783
f 5430/5430/5160 838/838/812 840/840/814
f 836/836/810 827/827/801 829/829/803
f 827/827/801 817/817/791 829/829/803
f 837/837/811 600/600/576 836/836/810
f 600/600/576 601/601/577 836/836/810
f 856/856/830 615/615/591 859/859/833
f 615/615/591 614/614/590 859/859/833
f 862/862/836 844/844/818 863/863/837
f 844/844/818 843/843/817 863/863/837
f 870/870/844 869/869/843 863/863/837
f 869/869/843 861/861/835 863/863/837
f 874/874/848 868/868/842 869/869/843
f 868/868/842 861/861/835 869/869/843
f 1142/1142/1096 864/864/838 5431/5431/5161
f 864/864/838 868/868/842 5431/5431/5161
f 850/850/824 878/878/852 849/849/823
f 878/878/852 5432/5432/5162 849/849/823
f 5433/5433/5163 875/875/849 851/851/825
f 875/875/849 852/852/826 851/851/825
f 5433/5433/5163 5432/5432/5162 875/875/849
f 5432/5432/5162 878/878/852 875/875/849
f 865/865/839 881/881/855 885/885/859
f 881/881/855 5434/5434/5164 885/885/859
f 881/881/855 882/882/856 5434/5434/5164
f 882/882/856 887/887/861 5434/5434/5164
f 870/870/844 860/860/834 871/871/845
f 860/860/834 859/859/833 871/871/845
f 614/614/590 617/617/593 871/871/845
f 617/617/593 872/872/846 871/871/845
f 873/873/847 872/872/846 623/623/599
f 872/872/846 620/620/596 623/623/599
f 874/874/848 873/873/847 5435/5435/5165
f 873/873/847 883/883/857 5435/5435/5165
f 5436/5436/5166 883/883/857 624/624/600
f 883/883/857 623/623/599 624/624/600
f 892/892/866 629/629/605 858/858/832
f 629/629/605 856/856/830 858/858/832
f 898/898/872 5437/5437/5167 896/896/870
f 5437/5437/5167 929/929/897 896/896/870
f 902/902/876 5438/5438/5168 903/903/877
f 5438/5438/5168 1218/1218/1146 903/903/877
f 906/906/880 905/905/879 939/939/906
f 905/905/879 907/907/881 939/939/906
f 900/900/874 909/909/883 905/905/879
f 909/909/883 908/908/882 905/905/879
f 913/913/887 912/912/886 911/911/885
f 912/912/886 902/902/876 911/911/885
f 894/894/868 912/912/886 895/895/869
f 912/912/886 914/914/888 895/895/869
f 5439/5439/5169 897/897/871 944/944/911
f 897/897/871 896/896/870 944/944/911
f 918/918/892 5440/5440/5170 919/919/893
f 891/891/865 852/852/826 877/877/851
f 1234/1234/1162 917/917/891 1235/1235/1163
f 917/917/891 919/919/893 1235/1235/1163
f 931/931/899 930/930/898 5441/5441/5171
f 930/930/898 5442/5442/5172 5441/5441/5171
f 5443/5443/5173 5444/5444/5173 5445/5445/5173
f 933/933/901 917/917/891 1234/1234/1162
f 938/938/905 5441/5441/5171 936/936/903
f 5441/5441/5171 5442/5442/5172 936/936/903
f 5446/5446/5174 5447/5447/5174 5448/5448/5174
f 5449/5449/5175 5450/5450/5175 5451/5451/5175
f 931/931/899 5441/5441/5171 945/945/912
f 942/942/909 941/941/908 5452/5452/5176
f 943/943/910 942/942/909 946/946/913
f 5441/5441/5171 938/938/905 951/951/918
f 947/947/914 946/946/913 964/964/929
f 946/946/913 948/948/915 964/964/929
f 890/890/864 673/673/647 888/888/862
f 673/673/647 961/961/926 888/888/862
f 961/961/926 5453/5453/5177 888/888/862
f 5454/5454/5178 5455/5455/5178 5456/5456/5178
f 956/956/921 937/937/904 957/957/922
f 937/937/904 5457/5457/5179 957/957/922
f 958/958/923 961/961/926 962/962/927
f 961/961/926 672/672/646 962/962/927
f 969/969/934 5458/5458/5180 948/948/915
f 5458/5458/5180 965/965/930 948/948/915
f 972/972/937 960/960/925 970/970/935
f 960/960/925 959/959/924 970/970/935
f 975/975/940 974/974/939 959/959/924
f 974/974/939 970/970/935 959/959/924
f 680/680/654 977/977/942 678/678/652
f 977/977/942 962/962/927 678/678/652
f 978/978/943 976/976/941 977/977/942
f 976/976/941 975/975/940 977/977/942
f 982/982/947 980/980/945 1218/1218/1146
f 980/980/945 903/903/877 1218/1218/1146
f 987/987/952 981/981/946 983/983/948
f 981/981/946 980/980/945 983/983/948
f 631/631/607 5459/5459/5181 683/683/657
f 911/911/885 986/986/951 690/690/664
f 988/988/953 691/691/665 981/981/946
f 691/691/665 986/986/951 981/981/946
f 990/990/955 989/989/954 984/984/949
f 989/989/954 983/983/948 984/984/949
f 993/993/958 987/987/952 992/992/957
f 987/987/952 989/989/954 992/992/957
f 995/995/960 996/996/961 993/993/958
f 996/996/961 988/988/953 993/993/958
f 998/998/963 974/974/939 1001/1001/966
f 974/974/939 976/976/941 1001/1001/966
f 999/999/964 998/998/963 5460/5460/5182
f 998/998/963 1000/1000/965 5460/5460/5182
f 1003/1003/968 978/978/943 740/740/714
f 978/978/943 735/735/709 740/740/714
f 1004/1004/969 1002/1002/967 1003/1003/968
f 1002/1002/967 1001/1001/966 1003/1003/968
f 1012/1012/977 5461/5461/5183 1002/1002/967
f 5461/5461/5183 1000/1000/965 1002/1002/967
f 1049/1049/1014 1012/1012/977 1047/1047/1012
f 1012/1012/977 1011/1011/976 1047/1047/1012
f 1015/1015/980 1047/1047/1012 1013/1013/978
f 1047/1047/1012 1011/1011/976 1013/1013/978
f 1004/1004/969 740/740/714 1013/1013/978
f 740/740/714 749/749/723 1013/1013/978
f 1017/1017/982 991/991/956 1020/1020/985
f 991/991/956 1027/1027/992 1020/1020/985
f 1017/1017/982 1016/1016/981 992/992/957
f 1016/1016/981 994/994/959 992/992/957
f 1016/1016/981 1022/1022/987 994/994/959
f 1022/1022/987 1021/1021/986 994/994/959
f 699/699/673 997/997/962 753/753/727
f 995/995/960 1021/1021/986 1029/1029/994
f 1069/1069/1033 5462/5462/5184 1359/1359/1275
f 1035/1035/1000 1033/1033/998 1032/1032/997
f 1024/1024/989 1020/1020/985 1031/1031/996
f 1020/1020/985 1026/1026/991 1031/1031/996
f 1034/1034/999 1025/1025/990 1033/1033/998
f 1025/1025/990 1024/1024/989 1033/1033/998
f 1070/1070/1034 1038/1038/1003 5463/5463/5185
f 1041/1041/1006 1040/1040/1005 5462/5462/5184
f 1030/1030/995 1022/1022/987 1034/1034/999
f 1022/1022/987 1025/1025/990 1034/1034/999
f 771/771/745 1030/1030/995 772/772/746
f 1030/1030/995 1042/1042/1007 772/772/746
f 769/769/743 1042/1042/1007 1074/1074/1038
f 5464/5464/5186 5462/5462/5184 1075/1075/1039
f 1075/1075/1039 5462/5462/5184 1044/1044/1009
f 5462/5462/5184 1040/1040/1005 1044/1044/1009
f 1046/1046/1011 1006/1006/971 1052/1052/1017
f 1006/1006/971 1050/1050/1015 1052/1052/1017
f 1054/1054/1019 1015/1015/980 792/792/766
f 1015/1015/980 789/789/763 792/792/766
f 1064/1064/1029 1051/1051/1016 5465/5465/5187
f 1051/1051/1016 1050/1050/1015 5465/5465/5187
f 1062/1062/1027 1081/1081/1045 1057/1057/1022
f 1081/1081/1045 1058/1058/1023 1057/1057/1022
f 1081/1081/1045 1062/1062/1027 1059/1059/1024
f 1062/1062/1027 1060/1060/1025 1059/1059/1024
f 1057/1057/1022 1056/1056/1021 1051/1051/1016
f 1056/1056/1021 1052/1052/1017 1051/1051/1016
f 1082/1082/1046 1045/1045/1010 1062/1062/1027
f 1045/1045/1010 1060/1060/1025 1062/1062/1027
f 802/802/776 1082/1082/1046 1063/1063/1028
f 1082/1082/1046 1062/1062/1027 1063/1063/1028
f 1064/1064/1029 5466/5466/5188 1063/1063/1028
f 5466/5466/5188 803/803/777 1063/1063/1028
f 1068/1068/1032 1072/1072/1036 1079/1079/1043
f 1072/1072/1036 1080/1080/1044 1079/1079/1043
f 1071/1071/1035 1076/1076/1040 1038/1038/1003
f 1076/1076/1040 1036/1036/1001 1038/1038/1003
f 1045/1045/1010 831/831/805 1044/1044/1009
f 831/831/805 822/822/796 1044/1044/1009
f 1088/1088/1052 1087/1087/1051 1093/1093/1057
f 1087/1087/1051 1094/1094/1058 1093/1093/1057
f 1087/1087/1051 1089/1089/1053 1094/1094/1058
f 1089/1089/1053 1096/1096/1060 1094/1094/1058
f 1092/1092/1056 1097/1097/1061 1090/1090/1054
f 1097/1097/1061 1095/1095/1059 1090/1090/1054
f 1096/1096/1060 1105/1105/1069 1090/1090/1054
f 1105/1105/1069 1091/1091/1055 1090/1090/1054
f 1092/1092/1056 1091/1091/1055 1104/1104/1068
f 1091/1091/1055 1108/1108/1072 1104/1104/1068
f 1109/1109/1073 5467/5467/5189 1084/1084/1048
f 5467/5467/5189 5468/5468/5190 1084/1084/1048
f 1113/1113/1077 1089/1089/1053 5468/5468/5190
f 1089/1089/1053 1084/1084/1048 5468/5468/5190
f 5468/5468/5190 1116/1116/1080 1113/1113/1077
f 1116/1116/1080 1117/1117/1081 1113/1113/1077
f 1119/1119/1083 1118/1118/1082 1111/1111/1075
f 1118/1118/1082 1112/1112/1076 1111/1111/1075
f 5469/5469/5191 5470/5470/5192 5471/5471/5193
f 1120/1120/1084 1110/1110/1074 1115/1115/1079
f 5472/5472/5194 5473/5473/5194 5474/5474/5194
f 5475/5475/5195 5476/5476/5195 5477/5477/5195
f 1111/1111/1075 1124/1124/1086 1119/1119/1083
f 5478/5478/5196 5479/5479/5196 5480/5480/5196
f 1103/1103/1067 1132/1132/1092 1100/1100/1064
f 1132/1132/1092 1130/1130/1090 1100/1100/1064
f 1106/1106/1070 862/862/836 1107/1107/1071
f 862/862/836 864/864/838 1107/1107/1071
f 1106/1106/1070 1105/1105/1069 844/844/818
f 1105/1105/1069 1117/1117/1081 844/844/818
f 5481/5481/5197 1108/1108/1072 1142/1142/1096
f 1108/1108/1072 1107/1107/1071 1142/1142/1096
f 5482/5482/5198 5483/5483/5198 5484/5484/5198
f 5485/5485/5199 5486/5486/5199 5487/5487/5199
f 1155/1155/1103 1160/1160/1106 1153/1153/1101
f 5488/5488/5200 5489/5489/5200 5490/5490/5200
f 1159/1159/1105 5491/5491/5201 1160/1160/1106
f 5491/5491/5201 5492/5492/5202 1160/1160/1106
f 5493/5493/5203 5494/5494/5203 5495/5495/5203
f 5496/5496/5204 5497/5497/5204 5498/5498/5204
f 5499/5499/5205 5500/5500/5205 5501/5501/5205
f 5502/5502/5206 5503/5503/5206 5504/5504/5206
f 5505/5505/5207 5506/5506/5207 5507/5507/5207
f 5508/5508/5208 5509/5509/5208 5510/5510/5208
f 5511/5511/5209 5512/5512/5209 5513/5513/5209
f 5514/5514/5210 5515/5515/5210 5516/5516/5210
f 5517/5517/5211 5518/5518/5211 5519/5519/5211
f 5520/5520/5212 5521/5521/5212 5522/5522/5212
f 5523/5523/5213 5524/5524/5213 5525/5525/5213
f 5526/5526/5214 5527/5527/5214 5528/5528/5214
f 1130/1130/1090 1180/1180/1114 1129/1129/1089
f 1180/1180/1114 1475/1475/1391 1129/1129/1089
f 1182/1182/1116 1179/1179/1113 1146/1146/1098
f 1179/1179/1113 1132/1132/1092 1146/1146/1098
f 1181/1181/1115 1179/1179/1113 1183/1183/1117
f 1179/1179/1113 1182/1182/1116 1183/1183/1117
f 1187/1187/1119 1480/1480/1396 1180/1180/1114
f 1480/1480/1396 1475/1475/1391 1180/1180/1114
f 5529/5529/5215 5530/5530/5215 5531/5531/5215
f 5532/5532/5216 5533/5533/5216 5534/5534/5216
f 1204/1204/1134 1203/1203/1133 5535/5535/5217
f 1203/1203/1133 1224/1224/1152 5535/5535/5217
f 1201/1201/1131 1197/1197/1127 1202/1202/1132
f 1197/1197/1127 1194/1194/1124 1202/1202/1132
f 1208/1208/1138 1202/1202/1132 5536/5536/5218
f 1202/1202/1132 1194/1194/1124 5536/5536/5218
f 1211/1211/1141 1198/1198/1128 1209/1209/1139
f 1198/1198/1128 1212/1212/1142 1209/1209/1139
f 1210/1210/1140 1288/1288/1206 1211/1211/1141
f 1288/1288/1206 5537/5537/5219 1211/1211/1141
f 1217/1217/1145 1219/1219/1147 1288/1288/1206
f 1219/1219/1147 5537/5537/5219 1288/1288/1206
f 1221/1221/1149 906/906/880 5538/5538/5220
f 906/906/880 1222/1222/1150 5538/5538/5220
f 1208/1208/1138 5538/5538/5220 1207/1207/1137
f 5538/5538/5220 1222/1222/1150 1207/1207/1137
f 1223/1223/1151 1227/1227/1155 1203/1203/1133
f 1227/1227/1155 1225/1225/1153 1203/1203/1133
f 1230/1230/1158 1232/1232/1160 1233/1233/1161
f 1261/1261/1179 1541/1541/1447 5539/5539/5221
f 1230/1230/1158 1226/1226/1154 1231/1231/1159
f 1226/1226/1154 1227/1227/1155 1231/1231/1159
f 1207/1207/1137 1239/1239/1167 1237/1237/1165
f 1239/1239/1167 1238/1238/1166 1237/1237/1165
f 1248/1248/1172 1249/1249/1173 1228/1228/1156
f 1249/1249/1173 1231/1231/1159 1228/1228/1156
f 939/939/906 940/940/907 1239/1239/1167
f 940/940/907 1240/1240/1168 1239/1239/1167
f 1248/1248/1172 1247/1247/1171 947/947/914
f 1247/1247/1171 943/943/910 947/947/914
f 1261/1261/1179 1263/1263/1181 1541/1541/1447
f 1263/1263/1181 1542/1542/1448 1541/1541/1447
f 1266/1266/1184 1263/1263/1181 1264/1264/1182
f 1263/1263/1181 1262/1262/1180 1264/1264/1182
f 1249/1249/1173 1276/1276/1194 1260/1260/1178
f 1267/1267/1185 1264/1264/1182 1262/1262/1180
f 1274/1274/1192 1544/1544/1450 1263/1263/1181
f 1544/1544/1450 1542/1542/1448 1263/1263/1181
f 1263/1263/1181 1266/1266/1184 1274/1274/1192
f 1266/1266/1184 1271/1271/1189 1274/1274/1192
f 1273/1273/1191 1271/1271/1189 1278/1278/1196
f 1271/1271/1189 1270/1270/1188 1278/1278/1196
f 964/964/929 965/965/930 1276/1276/1194
f 966/966/931 1282/1282/1200 5540/5540/5222
f 1337/1337/1253 1270/1270/1188 1283/1283/1201
f 1270/1270/1188 1275/1275/1193 1283/1283/1201
f 1269/1269/1187 1268/1268/1186 971/971/936
f 1268/1268/1186 972/972/937 971/971/936
f 1283/1283/1201 1275/1275/1193 971/971/936
f 1275/1275/1193 1269/1269/1187 971/971/936
f 1284/1284/1202 1290/1290/1208 1210/1210/1140
f 1290/1290/1208 1289/1289/1207 1210/1210/1140
f 1287/1287/1205 1286/1286/1204 5541/5541/5223
f 1295/1295/1213 1290/1290/1208 1284/1284/1202
f 1292/1292/1210 984/984/949 1217/1217/1145
f 984/984/949 982/982/947 1217/1217/1145
f 1293/1293/1211 1292/1292/1210 1291/1291/1209
f 1292/1292/1210 1289/1289/1207 1291/1291/1209
f 1291/1291/1209 1299/1299/1217 1293/1293/1211
f 1298/1298/1216 5542/5542/5224 5543/5543/5225
f 1321/1321/1237 1345/1345/1261 5542/5542/5224
f 1345/1345/1261 5544/5544/5226 5542/5542/5224
f 1301/1301/1219 1303/1303/1221 1285/1285/1203
f 1303/1303/1221 1286/1286/1204 1285/1285/1203
f 1310/1310/1226 1303/1303/1221 1311/1311/1227
f 1303/1303/1221 1302/1302/1220 1311/1311/1227
f 1316/1316/1232 1550/1550/1454 1327/1327/1243
f 5545/5545/5227 5546/5546/5227 5547/5547/5227
f 1314/1314/1230 1311/1311/1227 1305/1305/1223
f 1311/1311/1227 1302/1302/1220 1305/1305/1223
f 1550/1550/1454 1316/1316/1232 1304/1304/1222
f 1316/1316/1232 1305/1305/1223 1304/1304/1222
f 1310/1310/1226 1309/1309/1225 1298/1298/1216
f 1309/1309/1225 5542/5542/5224 1298/1298/1216
f 1321/1321/1237 5542/5542/5224 1319/1319/1235
f 5542/5542/5224 1309/1309/1225 1319/1319/1235
f 1319/1319/1235 1322/1322/1238 1320/1320/1236
f 1322/1322/1238 1324/1324/1240 1320/1320/1236
f 1322/1322/1238 1313/1313/1229 1323/1323/1239
f 1313/1313/1229 1325/1325/1241 1323/1323/1239
f 1314/1314/1230 1318/1318/1234 1313/1313/1229
f 1318/1318/1234 1325/1325/1241 1313/1313/1229
f 1335/1335/1251 5548/5548/5228 1332/1332/1248
f 5549/5549/5229 5550/5550/5229 5551/5551/5229
f 1330/1330/1246 1329/1329/1245 1343/1343/1259
f 1329/1329/1245 5552/5552/5230 1343/1343/1259
f 1343/1343/1259 5552/5552/5230 1338/1338/1254
f 1334/1334/1250 1336/1336/1252 5553/5553/5231
f 1331/1331/1247 1280/1280/1198 1010/1010/975
f 1280/1280/1198 5554/5554/5232 1010/1010/975
f 1330/1330/1246 1343/1343/1259 1318/1318/1234
f 1343/1343/1259 1325/1325/1241 1318/1318/1234
f 1326/1326/1242 1325/1325/1241 1342/1342/1258
f 1325/1325/1241 1343/1343/1259 1342/1342/1258
f 1007/1007/972 1342/1342/1258 1008/1008/973
f 1342/1342/1258 1338/1338/1254 1008/1008/973
f 1351/1351/1267 5555/5555/5233 1347/1347/1263
f 5555/5555/5233 1348/1348/1264 1347/1347/1263
f 1352/1352/1268 1349/1349/1265 1353/1353/1269
f 1349/1349/1265 1355/1355/1271 1353/1353/1269
f 1356/1356/1272 1350/1350/1266 1352/1352/1268
f 1350/1350/1266 1347/1347/1263 1352/1352/1268
f 1032/1032/997 1031/1031/996 5556/5556/5234
f 1031/1031/996 1357/1357/1273 5556/5556/5234
f 1360/1360/1276 1363/1363/1279 1361/1361/1277
f 1363/1363/1279 1364/1364/1280 1361/1361/1277
f 1007/1007/972 1046/1046/1011 1344/1344/1260
f 1046/1046/1011 1369/1369/1285 1344/1344/1260
f 1340/1340/1256 1367/1367/1283 1341/1341/1257
f 1367/1367/1283 1353/1353/1269 1341/1341/1257
f 1372/1372/1288 1370/1370/1286 1371/1371/1287
f 1370/1370/1286 1369/1369/1285 1371/1371/1287
f 1366/1366/1282 1364/1364/1280 1373/1373/1289
f 1364/1364/1280 1372/1372/1288 1373/1373/1289
f 1058/1058/1023 1373/1373/1289 1056/1056/1021
f 1373/1373/1289 1371/1371/1287 1056/1056/1021
f 1366/1366/1282 1080/1080/1044 1361/1361/1277
f 1080/1080/1044 1072/1072/1036 1361/1361/1277
f 1390/1390/1306 1387/1387/1303 1381/1381/1297
f 1387/1387/1303 1382/1382/1298 1381/1381/1297
f 1385/1385/1301 1388/1388/1304 1389/1389/1305
f 1388/1388/1304 1403/1403/1319 1389/1389/1305
f 1385/1385/1301 1383/1383/1299 1386/1386/1302
f 1383/1383/1299 1382/1382/1298 1386/1386/1302
f 1393/1393/1309 1394/1394/1310 1387/1387/1303
f 1394/1394/1310 1386/1386/1302 1387/1387/1303
f 1395/1395/1311 1381/1381/1297 1617/1617/1518
f 1381/1381/1297 1380/1380/1296 1617/1617/1518
f 1390/1390/1306 1395/1395/1311 1396/1396/1312
f 1395/1395/1311 1397/1397/1313 1396/1396/1312
f 1400/1400/1316 1399/1399/1315 1398/1398/1314
f 1399/1399/1315 1396/1396/1312 1398/1398/1314
f 1083/1083/1047 1086/1086/1050 1399/1399/1315
f 1086/1086/1050 1392/1392/1308 1399/1399/1315
f 1393/1393/1309 1392/1392/1308 1088/1088/1052
f 1392/1392/1308 1086/1086/1050 1088/1088/1052
f 1402/1402/1318 1406/1406/1322 1388/1388/1304
f 1406/1406/1322 1404/1404/1320 1388/1388/1304
f 1415/1415/1331 1408/1408/1324 1407/1407/1323
f 1408/1408/1324 1406/1406/1322 1407/1407/1323
f 1394/1394/1310 1412/1412/1328 1402/1402/1318
f 1412/1412/1328 1407/1407/1323 1402/1402/1318
f 1419/1419/1335 1411/1411/1327 1417/1417/1333
f 1411/1411/1327 1410/1410/1326 1417/1417/1333
f 1417/1417/1333 1420/1420/1336 1418/1418/1334
f 1420/1420/1336 1424/1424/1340 1418/1418/1334
f 1093/1093/1057 1095/1095/1059 1412/1412/1328
f 1095/1095/1059 1413/1413/1329 1412/1412/1328
f 1414/1414/1330 1413/1413/1329 1099/1099/1063
f 1413/1413/1329 1097/1097/1061 1099/1099/1063
f 1416/1416/1332 1422/1422/1338 1420/1420/1336
f 1422/1422/1338 1421/1421/1337 1420/1420/1336
f 1426/1426/1342 1421/1421/1337 1100/1100/1064
f 1421/1421/1337 1101/1101/1065 1100/1100/1064
f 1434/1434/1350 1438/1438/1354 1428/1428/1344
f 1438/1438/1354 1378/1378/1294 1428/1428/1344
f 1428/1428/1344 1427/1427/1343 1433/1433/1349
f 1427/1427/1343 1644/1644/1545 1433/1433/1349
f 1083/1083/1047 1400/1400/1316 1109/1109/1073
f 1400/1400/1316 5557/5557/5235 1109/1109/1073
f 1435/1435/1351 1443/1443/1359 1434/1434/1350
f 1443/1443/1359 1436/1436/1352 1434/1434/1350
f 1443/1443/1359 1440/1440/1356 1436/1436/1352
f 1440/1440/1356 1439/1439/1355 1436/1436/1352
f 1429/1429/1345 1433/1433/1349 1430/1430/1346
f 1433/1433/1349 1644/1644/1545 1430/1430/1346
f 1435/1435/1351 1429/1429/1345 1441/1441/1357
f 1429/1429/1345 1432/1432/1348 1441/1441/1357
f 1491/1491/1407 1444/1444/1360 1442/1442/1358
f 1444/1444/1360 1441/1441/1357 1442/1442/1358
f 5558/5558/5236 5559/5559/5237 1448/1448/1364
f 5559/5559/5237 1449/1449/1365 1448/1448/1364
f 1445/1445/1361 5469/5469/5191 1446/1446/1362
f 5469/5469/5191 5471/5471/5193 1446/1446/1362
f 1465/1465/1381 1463/1463/1379 5560/5560/5238
f 5561/5561/5239 1451/1451/1367 1453/1453/1369
f 1462/1462/1378 1461/1461/1377 1466/1466/1382
f 1461/1461/1377 1467/1467/1383 1466/1466/1382
f 1469/1469/1385 1155/1155/1103 1464/1464/1380
f 1155/1155/1103 1154/1154/1102 1464/1464/1380
f 1479/1479/1395 1480/1480/1396 5562/5562/5240
f 5491/5491/5201 1159/1159/1105 1470/1470/1386
f 1471/1471/1387 1455/1455/1371 1425/1425/1341
f 1455/1455/1371 1424/1424/1340 1425/1425/1341
f 1455/1455/1371 1472/1472/1388 1454/1454/1370
f 1472/1472/1388 1670/1670/1571 1454/1454/1370
f 1426/1426/1342 1129/1129/1089 1425/1425/1341
f 1129/1129/1089 1474/1474/1390 1425/1425/1341
f 1473/1473/1389 1471/1471/1387 1476/1476/1392
f 1471/1471/1387 1474/1474/1390 1476/1476/1392
f 1456/1456/1372 1458/1458/1374 1472/1472/1388
f 1458/1458/1374 1670/1670/1571 1472/1472/1388
f 1473/1473/1389 1477/1477/1393 1456/1456/1372
f 1477/1477/1393 1459/1459/1375 1456/1456/1372
f 1480/1480/1396 1479/1479/1395 1476/1476/1392
f 1479/1479/1395 1477/1477/1393 1476/1476/1392
f 1487/1487/1403 1442/1442/1358 1482/1482/1398
f 1442/1442/1358 1432/1432/1348 1482/1482/1398
f 1487/1487/1403 1482/1482/1398 1485/1485/1401
f 1482/1482/1398 1483/1483/1399 1485/1485/1401
f 1494/1494/1410 1486/1486/1402 1488/1488/1404
f 1486/1486/1402 1485/1485/1401 1488/1488/1404
f 5559/5559/5237 1195/1195/1125 1449/1449/1365
f 1195/1195/1125 1197/1197/1127 1449/1449/1365
f 1192/1192/1122 1191/1191/1121 1490/1490/1406
f 1191/1191/1121 1491/1491/1407 1490/1490/1406
f 1486/1486/1402 1493/1493/1409 1490/1490/1406
f 1493/1493/1409 1192/1192/1122 1490/1490/1406
f 1460/1460/1376 5563/5563/5241 1224/1224/1152
f 5563/5563/5241 5535/5535/5217 1224/1224/1152
f 1693/1693/1594 1495/1495/1411 1489/1489/1405
f 1495/1495/1411 1488/1488/1404 1489/1489/1405
f 1695/1695/1596 1514/1514/1428 1497/1497/1413
f 1514/1514/1428 1498/1498/1414 1497/1497/1413
f 1209/1209/1139 1212/1212/1142 1501/1501/1417
f 1212/1212/1142 1493/1493/1409 1501/1501/1417
f 1501/1501/1417 1492/1492/1408 1502/1502/1418
f 1492/1492/1408 5564/5564/5242 1502/1502/1418
f 1494/1494/1410 1499/1499/1415 1492/1492/1408
f 1499/1499/1415 5564/5564/5242 1492/1492/1408
f 1509/1509/1425 1508/1508/1424 1535/1535/1441
f 1508/1508/1424 5565/5565/5243 1535/1535/1441
f 1461/1461/1377 1225/1225/1153 1467/1467/1383
f 1225/1225/1153 1226/1226/1154 1467/1467/1383
f 1479/1479/1395 5562/5562/5240 1541/1541/1447
f 1468/1468/1384 1233/1233/1161 5566/5566/5244
f 5567/5567/5245 5568/5568/5245 5569/5569/5245
f 5570/5570/5246 5571/5571/5246 5572/5572/5246
f 1516/1516/1430 1496/1496/1412 1515/1515/1429
f 1496/1496/1412 1498/1498/1414 1515/1515/1429
f 5573/5573/5247 5574/5574/5247 5575/5575/5247
f 5576/5576/5248 5577/5577/5248 5578/5578/5248
f 5579/5579/5249 5580/5580/5249 5581/5581/5249
f 5582/5582/5250 5583/5583/5250 5584/5584/5250
f 1528/1528/1438 1504/1504/1420 1517/1517/1431
f 1504/1504/1420 1516/1516/1430 1517/1517/1431
f 5585/5585/5251 5586/5586/5251 5587/5587/5251
f 5588/5588/5252 5589/5589/5252 5590/5590/5252
f 5591/5591/5253 5592/5592/5253 5593/5593/5253
f 5594/5594/5254 5595/5595/5254 5596/5596/5254
f 1540/1540/1446 1506/1506/1422 1478/1478/1394
f 1506/1506/1422 1459/1459/1375 1478/1478/1394
f 1479/1479/1395 1541/1541/1447 1478/1478/1394
f 1541/1541/1447 1539/1539/1445 1478/1478/1394
f 5597/5597/5255 5598/5598/5255 5599/5599/5255
f 1540/1540/1446 1539/1539/1445 1543/1543/1449
f 5600/5600/5256 5601/5601/5256 5602/5602/5256
f 5603/5603/5257 5604/5604/5257 5605/5605/5257
f 1504/1504/1420 1285/1285/1203 1505/1505/1421
f 1285/1285/1203 1287/1287/1205 1505/1505/1421
f 1528/1528/1438 1527/1527/1437 1301/1301/1219
f 1527/1527/1437 1304/1304/1222 1301/1301/1219
f 1567/1567/1468 1569/1569/1470 1565/1565/1466
f 1569/1569/1470 1568/1568/1469 1565/1565/1466
f 1558/1558/1460 1574/1574/1475 1565/1565/1466
f 1574/1574/1475 1566/1566/1467 1565/1565/1466
f 1570/1570/1471 1562/1562/1463 1569/1569/1470
f 1562/1562/1463 1564/1564/1465 1569/1569/1470
f 1567/1567/1468 1573/1573/1474 1570/1570/1471
f 1573/1573/1474 1572/1572/1473 1570/1570/1471
f 1576/1576/1477 1577/1577/1478 1566/1566/1467
f 1577/1577/1478 1573/1573/1474 1566/1566/1467
f 1571/1571/1472 1585/1585/1486 1562/1562/1463
f 1585/1585/1486 1580/1580/1481 1562/1562/1463
f 1584/1584/1485 1587/1587/1488 1582/1582/1483
f 1587/1587/1488 1585/1585/1486 1582/1582/1483
f 1586/1586/1487 1582/1582/1483 1572/1572/1473
f 1582/1582/1483 1571/1571/1472 1572/1572/1473
f 1584/1584/1485 1583/1583/1484 1594/1594/1495
f 5606/5606/5258 1625/1625/1526 1593/1593/1494
f 1595/1595/1496 1583/1583/1484 1579/1579/1480
f 1583/1583/1484 1586/1586/1487 1579/1579/1480
f 1599/1599/1500 1608/1608/1509 1600/1600/1501
f 1608/1608/1509 1930/1930/1818 1600/1600/1501
f 1602/1602/1503 1605/1605/1506 1599/1599/1500
f 1605/1605/1506 1604/1604/1505 1599/1599/1500
f 1612/1612/1513 1574/1574/1475 1598/1598/1499
f 1574/1574/1475 1558/1558/1460 1598/1598/1499
f 1575/1575/1476 1379/1379/1295 1576/1576/1477
f 1379/1379/1295 1383/1383/1299 1576/1576/1477
f 1610/1610/1511 1616/1616/1517 1609/1609/1510
f 1613/1613/1514 1611/1611/1512 1612/1612/1513
f 1380/1380/1296 1379/1379/1295 1611/1611/1512
f 1379/1379/1295 1575/1575/1476 1611/1611/1512
f 1579/1579/1480 1577/1577/1478 1403/1403/1319
f 1577/1577/1478 1389/1389/1305 1403/1403/1319
f 1610/1610/1511 1604/1604/1505 1614/1614/1515
f 1604/1604/1505 1603/1603/1504 1614/1614/1515
f 1376/1376/1292 1616/1616/1517 1606/1606/1507
f 1616/1616/1517 1614/1614/1515 1606/1606/1507
f 1619/1619/1520 1622/1622/1523 1590/1590/1491
f 1622/1622/1523 1631/1631/1532 1590/1590/1491
f 1619/1619/1520 1593/1593/1494 1620/1620/1521
f 1593/1593/1494 1625/1625/1526 1620/1620/1521
f 1595/1595/1496 1404/1404/1320 1596/1596/1497
f 1404/1404/1320 1405/1405/1321 1596/1596/1497
f 1624/1624/1525 1623/1623/1524 1411/1411/1327
f 1623/1623/1524 1409/1409/1325 1411/1411/1327
f 1626/1626/1527 1621/1621/1522 1624/1624/1525
f 1621/1621/1522 1620/1620/1521 1624/1624/1525
f 1622/1622/1523 1627/1627/1528 1632/1632/1533
f 1627/1627/1528 1654/1654/1555 1632/1632/1533
f 1627/1627/1528 1628/1628/1529 1654/1654/1555
f 1628/1628/1529 1634/1634/1535 1654/1654/1555
f 1621/1621/1522 1626/1626/1527 1628/1628/1529
f 1626/1626/1527 1629/1629/1530 1628/1628/1529
f 1636/1636/1537 1629/1629/1530 1418/1418/1334
f 1629/1629/1530 1419/1419/1335 1418/1418/1334
f 1641/1641/1542 1615/1615/1516 1638/1638/1539
f 1615/1615/1516 1603/1603/1504 1638/1638/1539
f 1638/1638/1539 1637/1637/1538 1640/1640/1541
f 1637/1637/1538 1649/1649/1550 1640/1640/1541
f 1606/1606/1507 1615/1615/1516 1427/1427/1343
f 1615/1615/1516 1643/1643/1544 1427/1427/1343
f 1642/1642/1543 1645/1645/1546 1641/1641/1542
f 1645/1645/1546 1643/1643/1544 1641/1641/1542
f 1642/1642/1543 1640/1640/1541 1646/1646/1547
f 1640/1640/1541 1650/1650/1551 1646/1646/1547
f 1648/1648/1549 1652/1652/1553 1646/1646/1547
f 1652/1652/1553 1651/1651/1552 1646/1646/1547
f 1430/1430/1346 1645/1645/1546 1639/1639/1540
f 1645/1645/1546 1651/1651/1552 1639/1639/1540
f 1665/1665/1566 2003/2003/1889 1653/1653/1554
f 2003/2003/1889 1654/1654/1555 1653/1653/1554
f 2013/2013/1899 1657/1657/1558 1662/1662/1563
f 1657/1657/1558 1663/1663/1564 1662/1662/1563
f 1667/1667/1568 1653/1653/1554 1635/1635/1536
f 1653/1653/1554 1634/1634/1535 1635/1635/1536
f 1636/1636/1537 1454/1454/1370 1635/1635/1536
f 1454/1454/1370 1669/1669/1570 1635/1635/1536
f 1668/1668/1569 1667/1667/1568 1671/1671/1572
f 1667/1667/1568 1669/1669/1570 1671/1671/1572
f 5607/5607/5259 1674/1674/1575 1663/1663/1564
f 1674/1674/1575 1661/1661/1562 1663/1663/1564
f 1458/1458/1374 1664/1664/1565 1671/1671/1572
f 1664/1664/1565 1676/1676/1577 1671/1671/1572
f 1687/1687/1588 1684/1684/1585 5608/5608/5260
f 1679/1679/1580 1648/1648/1549 1647/1647/1548
f 1682/1682/1583 1688/1688/1589 1686/1686/1587
f 2015/2015/1901 1700/1700/1601 1699/1699/1600
f 1682/1682/1583 1681/1681/1582 1687/1687/1588
f 1681/1681/1582 1684/1684/1585 1687/1687/1588
f 1639/1639/1540 1652/1652/1553 1481/1481/1397
f 1652/1652/1553 1690/1690/1591 1481/1481/1397
f 1689/1689/1590 1483/1483/1399 1690/1690/1591
f 1483/1483/1399 1481/1481/1397 1690/1690/1591
f 1692/1692/1593 1489/1489/1405 1680/1680/1581
f 1489/1489/1405 1689/1689/1590 1680/1680/1581
f 1696/1696/1597 1685/1685/1586 1691/1691/1592
f 1685/1685/1586 1681/1681/1582 1691/1691/1592
f 1704/1704/1605 1699/1699/1600 1702/1702/1603
f 1699/1699/1600 1698/1698/1599 1702/1702/1603
f 1708/1708/1609 1707/1707/1608 1701/1701/1602
f 1707/1707/1608 1702/1702/1603 1701/1701/1602
f 1705/1705/1606 1662/1662/1563 1719/1719/1620
f 1662/1662/1563 1661/1661/1562 1719/1719/1620
f 1691/1691/1592 1697/1697/1598 1712/1712/1613
f 1697/1697/1598 1713/1713/1614 1712/1712/1613
f 1714/1714/1615 1507/1507/1423 1703/1703/1604
f 1507/1507/1423 1718/1718/1619 1703/1703/1604
f 1707/1707/1608 1709/1709/1610 1714/1714/1615
f 1709/1709/1610 1715/1715/1616 1714/1714/1615
f 1720/1720/1621 5565/5565/5243 1715/1715/1616
f 5565/5565/5243 1508/1508/1424 1715/1715/1616
f 1514/1514/1428 1712/1712/1613 1513/1513/1427
f 1712/1712/1613 1711/1711/1612 1513/1513/1427
f 1723/1723/1624 1722/1722/1623 1739/1739/1640
f 1722/1722/1623 1736/1736/1637 1739/1739/1640
f 1745/1745/1646 5609/5609/5261 1746/1746/1647
f 5610/5610/5262 1723/1723/1624 1744/1744/1645
f 1753/1753/1654 1744/1744/1645 1740/1740/1641
f 1744/1744/1645 1739/1739/1640 1740/1740/1641
f 5611/5611/5263 1761/1761/1662 1742/1742/1643
f 1761/1761/1662 1743/1743/1644 1742/1742/1643
f 1751/1751/1652 1740/1740/1641 1749/1749/1650
f 1740/1740/1641 1752/1752/1653 1749/1749/1650
f 1760/1760/1661 1759/1759/1660 5612/5612/5264
f 5613/5613/5265 1755/1755/1656 1754/1754/1655
f 1757/1757/1658 1759/1759/1660 1748/1748/1649
f 1759/1759/1660 1760/1760/1661 1748/1748/1649
f 1743/1743/1644 1763/1763/1664 1741/1741/1642
f 1763/1763/1664 2068/2068/1940 1741/1741/1642
f 1754/1754/1655 1756/1756/1657 1763/1763/1664
f 1756/1756/1657 2068/2068/1940 1763/1763/1664
f 5614/5614/5266 5615/5615/5266 5616/5616/5266
f 5617/5617/5267 5618/5618/5267 5619/5619/5267
f 1775/1775/1676 1787/1787/1684 1776/1776/1677
f 1787/1787/1684 1786/1786/1683 1776/1776/1677
f 1776/1776/1677 1786/1786/1683 1778/1778/1679
f 5620/5620/5268 5621/5621/5268 5622/5622/5268
f 1803/1803/1697 1794/1794/1690 5623/5623/5269
f 5624/5624/5270 5625/5625/5270 5626/5626/5270
f 1795/1795/1691 1794/1794/1690 1805/1805/1699
f 1794/1794/1690 1803/1803/1697 1805/1805/1699
f 1811/1811/1703 1816/1816/1708 1775/1775/1676
f 1816/1816/1708 1787/1787/1684 1775/1775/1676
f 1807/1807/1701 2155/2155/2003 1811/1811/1703
f 1820/1820/1711 1822/1822/1713 1813/1813/1705
f 5627/5627/5271 1827/1827/1718 1805/1805/1699
f 1827/1827/1718 1795/1795/1691 1805/1805/1699
f 1827/1827/1718 1834/1834/1723 1826/1826/1717
f 1834/1834/1723 1833/1833/1722 1826/1826/1717
f 1845/1845/1734 1847/1847/1736 1843/1843/1732
f 1847/1847/1736 1846/1846/1735 1843/1843/1732
f 1838/1838/1727 1852/1852/1741 1843/1843/1732
f 1852/1852/1741 1844/1844/1733 1843/1843/1732
f 1848/1848/1737 1839/1839/1728 1847/1847/1736
f 1839/1839/1728 1842/1842/1731 1847/1847/1736
f 1845/1845/1734 1851/1851/1740 1848/1848/1737
f 1851/1851/1740 1850/1850/1739 1848/1848/1737
f 1854/1854/1743 1855/1855/1744 1844/1844/1733
f 1855/1855/1744 1851/1851/1740 1844/1844/1733
f 1849/1849/1738 1862/1862/1751 1839/1839/1728
f 1862/1862/1751 1858/1858/1747 1839/1839/1728
f 1861/1861/1750 2234/2234/2082 1859/1859/1748
f 2234/2234/2082 1862/1862/1751 1859/1859/1748
f 1863/1863/1752 1859/1859/1748 1850/1850/1739
f 1859/1859/1748 1849/1849/1738 1850/1850/1739
f 1865/1865/1754 5628/5628/5272 1869/1869/1758
f 5628/5628/5272 1899/1899/1788 1869/1869/1758
f 1870/1870/1759 1860/1860/1749 1857/1857/1746
f 1860/1860/1749 1863/1863/1752 1857/1857/1746
f 1874/1874/1763 1877/1877/1766 1837/1837/1726
f 1877/1877/1766 1838/1838/1727 1837/1837/1726
f 1873/1873/1762 5629/5629/5273 1874/1874/1763
f 5629/5629/5273 1876/1876/1765 1874/1874/1763
f 1882/1882/1771 1886/1886/1775 1883/1883/1772
f 1886/1886/1775 1884/1884/1773 1883/1883/1772
f 1881/1881/1770 1889/1889/1778 1882/1882/1771
f 1889/1889/1778 1887/1887/1776 1882/1882/1771
f 1878/1878/1767 1892/1892/1781 1879/1879/1768
f 1892/1892/1781 1891/1891/1780 1879/1879/1768
f 1888/1888/1777 1930/1930/1818 5630/5630/5274
f 1557/1557/1459 1556/1556/1458 1891/1891/1780
f 1894/1894/1783 1852/1852/1741 1879/1879/1768
f 1852/1852/1741 1877/1877/1766 1879/1879/1768
f 1895/1895/1784 1896/1896/1785 1894/1894/1783
f 1896/1896/1785 1893/1893/1782 1894/1894/1783
f 5631/5631/5275 5632/5632/5275 5633/5633/5275
f 5634/5634/5276 5635/5635/5276 5636/5636/5276
f 1857/1857/1746 1855/1855/1744 1581/1581/1482
f 1855/1855/1744 1563/1563/1464 1581/1581/1482
f 1556/1556/1458 1568/1568/1469 1895/1895/1784
f 1568/1568/1469 1896/1896/1785 1895/1895/1784
f 1869/1869/1758 1900/1900/1789 1868/1868/1757
f 1900/1900/1789 1898/1898/1787 1868/1868/1757
f 1903/1903/1792 1902/1902/1791 1560/1560/1462
f 1902/1902/1791 5637/5637/5277 1560/1560/1462
f 5638/5638/5278 5639/5639/5279 1915/1915/1803
f 5639/5639/5279 1901/1901/1790 1915/1915/1803
f 1908/1908/1796 1910/1910/1798 1899/1899/1788
f 1910/1910/1798 1900/1900/1789 1899/1899/1788
f 5638/5638/5278 1915/1915/1803 1589/1589/1490
f 1915/1915/1803 1587/1587/1488 1589/1589/1490
f 1922/1922/1810 1916/1916/1804 1590/1590/1491
f 1916/1916/1804 1591/1591/1492 1590/1590/1491
f 1898/1898/1787 1918/1918/1806 1897/1897/1786
f 1918/1918/1806 2272/2272/2120 1897/1897/1786
f 1911/1911/1799 1913/1913/1801 1918/1918/1806
f 1913/1913/1801 2272/2272/2120 1918/1918/1806
f 1919/1919/1807 1920/1920/1808 1911/1911/1799
f 1920/1920/1808 1914/1914/1802 1911/1911/1799
f 1919/1919/1807 1910/1910/1798 1920/1920/1808
f 1910/1910/1798 1916/1916/1804 1920/1920/1808
f 1923/1923/1811 1925/1925/1813 1881/1881/1770
f 1925/1925/1813 1924/1924/1812 1881/1881/1770
f 1928/1928/1816 1600/1600/1501 1889/1889/1778
f 1600/1600/1501 1888/1888/1777 1889/1889/1778
f 1929/1929/1817 1928/1928/1816 1926/1926/1814
f 1928/1928/1816 1924/1924/1812 1926/1926/1814
f 1932/1932/1820 1931/1931/1819 1927/1927/1815
f 1931/1931/1819 1925/1925/1813 1927/1927/1815
f 1935/1935/1823 1926/1926/1814 1934/1934/1822
f 1926/1926/1814 1931/1931/1819 1934/1934/1822
f 1937/1937/1825 1602/1602/1503 1935/1935/1823
f 1602/1602/1503 1929/1929/1817 1935/1935/1823
f 1951/1951/1837 2304/2304/2152 1938/1938/1826
f 2304/2304/2152 1912/1912/1800 1938/1938/1826
f 2325/2325/2173 5640/5640/5280 1994/1994/1880
f 1951/1951/1837 1957/1957/1843 5641/5641/5281
f 1948/1948/1834 1947/1947/1833 1957/1957/1843
f 1997/1997/1883 1994/1994/1880 5642/5642/5282
f 1949/1949/1835 1950/1950/1836 1654/1654/1555
f 1950/1950/1836 1632/1632/1533 1654/1654/1555
f 1953/1953/1839 1938/1938/1826 1921/1921/1809
f 1938/1938/1826 1914/1914/1802 1921/1921/1809
f 1922/1922/1810 1631/1631/1532 1921/1921/1809
f 1631/1631/1532 1955/1955/1841 1921/1921/1809
f 1954/1954/1840 1953/1953/1839 1956/1956/1842
f 1953/1953/1839 1955/1955/1841 1956/1956/1842
f 1954/1954/1840 1956/1956/1842 1948/1948/1834
f 1956/1956/1842 1950/1950/1836 1948/1948/1834
f 1934/1934/1822 1933/1933/1821 1960/1960/1846
f 1933/1933/1821 1959/1959/1845 1960/1960/1846
f 1605/1605/1506 1937/1937/1825 1637/1637/1538
f 1937/1937/1825 1961/1961/1847 1637/1637/1538
f 1962/1962/1848 1959/1959/1845 1967/1967/1853
f 1959/1959/1845 1963/1963/1849 1967/1967/1853
f 1976/1976/1862 1978/1978/1864 1972/1972/1858
f 1978/1978/1864 1966/1966/1852 1972/1972/1858
f 1971/1971/1857 1970/1970/1856 1965/1965/1851
f 1970/1970/1856 1972/1972/1858 1965/1965/1851
f 1973/1973/1859 1961/1961/1847 1962/1962/1848
f 1961/1961/1847 1960/1960/1846 1962/1962/1848
f 1968/1968/1854 1975/1975/1861 1973/1973/1859
f 1975/1975/1861 1649/1649/1550 1973/1973/1859
f 1647/1647/1548 1650/1650/1551 5643/5643/5283
f 1650/1650/1551 1975/1975/1861 5643/5643/5283
f 1984/1984/1870 1977/1977/1863 1985/1985/1871
f 1977/1977/1863 1987/1987/1873 1985/1985/1871
f 1976/1976/1862 1981/1981/1867 1977/1977/1863
f 1981/1981/1867 1987/1987/1873 1977/1977/1863
f 1989/1989/1875 1991/1991/1877 1969/1969/1855
f 1991/1991/1877 1970/1970/1856 1969/1969/1855
f 1995/1995/1881 2001/2001/1887 1992/1992/1878
f 2001/2001/1887 1990/1990/1876 1992/1992/1878
f 1995/1995/1881 1997/1997/1883 2001/2001/1887
f 1997/1997/1883 2002/2002/1888 2001/2001/1887
f 2008/2008/1894 1993/1993/1879 2001/2001/1887
f 1993/1993/1879 1990/1990/1876 2001/2001/1887
f 2000/2000/1886 2002/2002/1888 5644/5644/5284
f 1946/1946/1832 1949/1949/1835 2003/2003/1889
f 1999/1999/1885 2008/2008/1894 2000/2000/1886
f 2008/2008/1894 2001/2001/1887 2000/2000/1886
f 2007/2007/1893 1981/1981/1867 2005/2005/1891
f 1981/1981/1867 1980/1980/1866 2005/2005/1891
f 1991/1991/1877 1993/1993/1879 1980/1980/1866
f 1993/1993/1879 2005/2005/1891 1980/1980/1866
f 2011/2011/1897 1988/1988/1874 2004/2004/1890
f 1988/1988/1874 2007/2007/1893 2004/2004/1890
f 2010/2010/1896 2004/2004/1890 5645/5645/5285
f 2004/2004/1890 2009/2009/1895 5645/5645/5285
f 5645/5645/5285 2009/2009/1895 1659/1659/1560
f 2009/2009/1895 1999/1999/1885 1659/1659/1560
f 1988/1988/1874 1700/1700/1601 1985/1985/1871
f 1700/1700/1601 2015/2015/1901 1985/1985/1871
f 2011/2011/1897 2010/2010/1896 1698/1698/1599
f 2016/2016/1902 1710/1710/1611 5646/5646/5286
f 1722/1722/1623 2017/2017/1903 1736/1736/1637
f 2017/2017/1903 2037/2037/1915 1736/1736/1637
f 2036/2036/1914 1737/1737/1638 2034/2034/1912
f 1737/1737/1638 2037/2037/1915 2034/2034/1912
f 2038/2038/1916 2020/2020/1906 2041/2041/1919
f 2020/2020/1906 2019/2019/1905 2041/2041/1919
f 1742/1742/1643 1741/1741/1642 5647/5647/5287
f 5648/5648/5288 2041/2041/1919 2019/2019/1905
f 2040/2040/1918 2038/2038/1916 2060/2060/1932
f 2038/2038/1916 2042/2042/1920 2060/2060/1932
f 5649/5649/5289 5650/5650/5289 5651/5651/5289
f 5652/5652/5290 2050/2050/1924 2049/2049/1923
f 5653/5653/5291 5654/5654/5291 5655/5655/5291
f 5656/5656/5292 5657/5657/5292 5658/5658/5292
f 5659/5659/5293 5660/5660/5293 5661/5661/5293
f 5662/5662/5294 5663/5663/5294 5664/5664/5294
f 2057/2057/1929 2071/2071/1943 2055/2055/1927
f 2071/2071/1943 2070/2070/1942 2055/2055/1927
f 2062/2062/1934 2061/2061/1933 2051/2051/1925
f 2061/2061/1933 2049/2049/1923 2051/2051/1925
f 1737/1737/1638 2036/2036/1914 1752/1752/1653
f 2036/2036/1914 2061/2061/1933 1752/1752/1653
f 2067/2067/1939 2069/2069/1941 2066/2066/1938
f 2069/2069/1941 2071/2071/1943 2066/2066/1938
f 1756/1756/1657 2063/2063/1935 2067/2067/1939
f 2063/2063/1935 2069/2069/1941 2067/2067/1939
f 2083/2083/1955 2051/2051/1925 2077/2077/1949
f 2051/2051/1925 2050/2050/1924 2077/2077/1949
f 2083/2083/1955 2077/2077/1949 2081/2081/1953
f 2077/2077/1949 2078/2078/1950 2081/2081/1953
f 5665/5665/5295 5666/5666/5295 5667/5667/5295
f 2091/2091/1959 2090/2090/1958 5668/5668/5296
f 5669/5669/5297 5670/5670/5297 5671/5671/5297
f 2055/2055/1927 2070/2070/1942 2128/2128/1980
f 1749/1749/1650 2062/2062/1934 1769/1769/1670
f 2062/2062/1934 2097/2097/1963 1769/1769/1670
f 2100/2100/1966 1772/1772/1673 2098/2098/1964
f 1772/1772/1673 1773/1773/1674 2098/2098/1964
f 2091/2091/1959 5672/5672/5298 2100/2100/1966
f 5672/5672/5298 2101/2101/1967 2100/2100/1966
f 2063/2063/1935 1755/1755/1656 2129/2129/1981
f 1770/1770/1671 1772/1772/1673 2101/2101/1967
f 5673/5673/5299 5674/5674/5299 5675/5675/5299
f 5676/5676/5300 5677/5677/5300 5678/5678/5300
f 2103/2103/1969 2152/2152/2000 2104/2104/1970
f 2152/2152/2000 5679/5679/5301 2104/2104/1970
f 5680/5680/5302 5681/5681/5302 5682/5682/5302
f 5683/5683/5303 5684/5684/5303 5685/5685/5303
f 2117/2117/1975 2118/2118/1976 2152/2152/2000
f 2118/2118/1976 5679/5679/5301 2152/2152/2000
f 5686/5686/5304 5687/5687/5304 5688/5688/5304
f 5689/5689/5305 5690/5690/5305 5691/5691/5305
f 5692/5692/5306 2130/2130/1982 5693/5693/5307
f 5694/5694/5308 5695/5695/5308 5696/5696/5308
f 2131/2131/1983 2130/2130/1982 2167/2167/2015
f 2130/2130/1982 5692/5692/5306 2167/2167/2015
f 2143/2143/1991 2167/2167/2015 2141/2141/1989
f 2167/2167/2015 5692/5692/5306 2141/2141/1989
f 5697/5697/5309 5698/5698/5309 5699/5699/5309
f 2141/2141/1989 5692/5692/5306 5700/5700/5310
f 2151/2151/1999 2150/2150/1998 2163/2163/2011
f 2150/2150/1998 2164/2164/2012 2163/2163/2011
f 2145/2145/1993 5701/5701/5311 2103/2103/1969
f 5701/5701/5311 2152/2152/2000 2103/2103/1969
f 2153/2153/2001 2155/2155/2003 2117/2117/1975
f 2155/2155/2003 1807/1807/1701 2117/2117/1975
f 2153/2153/2001 2152/2152/2000 2156/2156/2004
f 5702/5702/5312 2146/2146/1994 2161/2161/2009
f 2146/2146/1994 2148/2148/1996 5703/5703/5313
f 2166/2166/2014 2131/2131/1983 2167/2167/2015
f 2169/2169/2017 2161/2161/2009 5703/5703/5313
f 2161/2161/2009 2146/2146/1994 5703/5703/5313
f 1833/1833/1722 2168/2168/2016 1826/1826/1717
f 2168/2168/2016 2143/2143/1991 1826/1826/1717
f 2175/2175/2023 2173/2173/2021 2176/2176/2024
f 2173/2173/2021 2172/2172/2020 2176/2176/2024
f 2179/2179/2027 2178/2178/2026 2187/2187/2035
f 2178/2178/2026 2188/2188/2036 2187/2187/2035
f 2178/2178/2026 2180/2180/2028 2188/2188/2036
f 2180/2180/2028 2190/2190/2038 2188/2188/2036
f 2173/2173/2021 2175/2175/2023 2180/2180/2028
f 2175/2175/2023 2183/2183/2031 2180/2180/2028
f 2192/2192/2040 2196/2196/2044 2751/2751/2529
f 2196/2196/2044 2209/2209/2057 2751/2751/2529
f 2751/2751/2529 2204/2204/2052 2192/2192/2040
f 2204/2204/2052 2193/2193/2041 2192/2192/2040
f 2202/2202/2050 2195/2195/2043 2203/2203/2051
f 2195/2195/2043 2193/2193/2041 2203/2203/2051
f 5704/5704/5314 2207/2207/2055 2202/2202/2050
f 2207/2207/2055 2205/2205/2053 2202/2202/2050
f 2195/2195/2043 2205/2205/2053 2197/2197/2045
f 2205/2205/2053 2208/2208/2056 2197/2197/2045
f 2206/2206/2054 1837/1837/1726 2208/2208/2056
f 1837/1837/1726 1836/1836/1725 2208/2208/2056
f 2194/2194/2042 2177/2177/2025 2196/2196/2044
f 2177/2177/2025 2176/2176/2024 2196/2196/2044
f 2213/2213/2061 2177/2177/2025 2197/2197/2045
f 2177/2177/2025 2194/2194/2042 2197/2197/2045
f 2214/2214/2062 2215/2215/2063 2213/2213/2061
f 2215/2215/2063 2212/2212/2060 2213/2213/2061
f 2212/2212/2060 1842/1842/1731 2182/2182/2030
f 1842/1842/1731 1841/1841/1730 2182/2182/2030
f 2216/2216/2064 2183/2183/2031 1841/1841/1730
f 2183/2183/2031 2182/2182/2030 1841/1841/1730
f 1836/1836/1725 1846/1846/1735 2214/2214/2062
f 1846/1846/1735 2215/2215/2063 2214/2214/2062
f 2217/2217/2065 2185/2185/2033 2211/2211/2059
f 2185/2185/2033 2190/2190/2038 2211/2211/2059
f 2764/2764/2542 2186/2186/2034 2218/2218/2066
f 2186/2186/2034 2185/2185/2033 2218/2218/2066
f 2230/2230/2078 2225/2225/2073 2229/2229/2077
f 2225/2225/2073 2224/2224/2072 2229/2229/2077
f 2222/2222/2070 2223/2223/2071 2220/2220/2068
f 2223/2223/2071 2225/2225/2073 2220/2220/2068
f 2226/2226/2074 2217/2217/2065 2216/2216/2064
f 2217/2217/2065 2211/2211/2059 2216/2216/2064
f 2219/2219/2067 2226/2226/2074 2233/2233/2081
f 2226/2226/2074 1858/1858/1747 2233/2233/2081
f 2220/2220/2068 2231/2231/2079 2237/2237/2085
f 2231/2231/2079 2261/2261/2109 2237/2237/2085
f 2231/2231/2079 2232/2232/2080 2261/2261/2109
f 2232/2232/2080 2239/2239/2087 2261/2261/2109
f 2228/2228/2076 2227/2227/2075 1867/1867/1756
f 2227/2227/2075 1864/1864/1753 1867/1867/1756
f 2230/2230/2078 2228/2228/2076 2232/2232/2080
f 2228/2228/2076 2235/2235/2083 2232/2232/2080
f 2241/2241/2089 2235/2235/2083 1868/1868/1757
f 2235/2235/2083 1867/1867/1756 1868/1868/1757
f 2199/2199/2047 2198/2198/2046 2245/2245/2093
f 2198/2198/2046 2242/2242/2090 2245/2245/2093
f 2256/2256/2104 2247/2247/2095 2246/2246/2094
f 2247/2247/2095 2245/2245/2093 2246/2246/2094
f 5705/5705/5315 1873/1873/1762 2207/2207/2055
f 1873/1873/1762 2206/2206/2054 2207/2207/2055
f 2251/2251/2099 2250/2250/2098 2256/2256/2104
f 2250/2250/2098 2247/2247/2095 2256/2256/2104
f 2254/2254/2102 2246/2246/2094 2252/2252/2100
f 2246/2246/2094 2255/2255/2103 2252/2252/2100
f 2253/2253/2101 2277/2277/2125 2254/2254/2102
f 2277/2277/2125 2257/2257/2105 2254/2254/2102
f 2258/2258/2106 2259/2259/2107 2277/2277/2125
f 2259/2259/2107 2257/2257/2105 2277/2277/2125
f 2251/2251/2099 2259/2259/2107 1885/1885/1774
f 2259/2259/2107 1883/1883/1772 1885/1885/1774
f 2268/2268/2116 2262/2262/2110 2240/2240/2088
f 2262/2262/2110 2239/2239/2087 2240/2240/2088
f 2262/2262/2110 2269/2269/2117 2260/2260/2108
f 2269/2269/2117 2830/2830/2608 2260/2260/2108
f 2241/2241/2089 1897/1897/1786 2240/2240/2088
f 1897/1897/1786 2271/2271/2119 2240/2240/2088
f 2270/2270/2118 2268/2268/2116 2273/2273/2121
f 2268/2268/2116 2271/2271/2119 2273/2273/2121
f 2263/2263/2111 2265/2265/2113 2269/2269/2117
f 2265/2265/2113 2830/2830/2608 2269/2269/2117
f 2270/2270/2118 2274/2274/2122 2263/2263/2111
f 2274/2274/2122 2266/2266/2114 2263/2263/2111
f 1913/1913/1801 2267/2267/2115 2273/2273/2121
f 2267/2267/2115 2274/2274/2122 2273/2273/2121
f 2276/2276/2124 2279/2279/2127 2253/2253/2101
f 2279/2279/2127 2278/2278/2126 2253/2253/2101
f 2282/2282/2130 1927/1927/1815 2258/2258/2106
f 1927/1927/1815 1923/1923/1811 2258/2258/2106
f 2283/2283/2131 2282/2282/2130 2280/2280/2128
f 2282/2282/2130 2278/2278/2126 2280/2280/2128
f 2285/2285/2133 2284/2284/2132 2281/2281/2129
f 2284/2284/2132 2279/2279/2127 2281/2281/2129
f 2284/2284/2132 2286/2286/2134 2287/2287/2135
f 2286/2286/2134 2292/2292/2140 2287/2287/2135
f 2280/2280/2128 2287/2287/2135 2283/2283/2131
f 2287/2287/2135 2288/2288/2136 2283/2283/2131
f 2295/2295/2143 1933/1933/1821 2288/2288/2136
f 1933/1933/1821 1932/1932/1820 2288/2288/2136
f 2335/2335/2183 5706/5706/5316 2292/2292/2140
f 5706/5706/5316 2293/2293/2141 2292/2292/2140
f 2344/2344/2192 2295/2295/2143 5706/5706/5316
f 2295/2295/2143 2293/2293/2141 5706/5706/5316
f 2301/2301/2149 2300/2300/2148 2326/2326/2174
f 2300/2300/2148 2877/2877/2655 2326/2326/2174
f 2267/2267/2115 1912/1912/1800 2305/2305/2153
f 1912/1912/1800 2304/2304/2152 2305/2305/2153
f 2315/2315/2163 2314/2314/2162 2311/2311/2159
f 2314/2314/2162 2312/2312/2160 2311/2311/2159
f 2316/2316/2164 2318/2318/2166 2301/2301/2149
f 2318/2318/2166 2299/2299/2147 2301/2301/2149
f 2311/2311/2159 5707/5707/5317 2321/2321/2169
f 2316/2316/2164 2320/2320/2168 5708/5708/5318
f 2323/2323/2171 2315/2315/2163 2324/2324/2172
f 2315/2315/2163 2321/2321/2169 2324/2324/2172
f 5709/5709/5319 5708/5708/5318 1943/1943/1829
f 5708/5708/5318 2306/2306/2154 1943/1943/1829
f 5708/5708/5318 2320/2320/2168 2306/2306/2154
f 2320/2320/2168 2332/2332/2180 2306/2306/2154
f 2328/2328/2176 2298/2298/2146 2275/2275/2123
f 2298/2298/2146 2266/2266/2114 2275/2275/2123
f 2305/2305/2153 2308/2308/2156 2275/2275/2123
f 2308/2308/2156 2328/2328/2176 2275/2275/2123
f 2290/2290/2138 2289/2289/2137 2339/2339/2187
f 2289/2289/2137 2336/2336/2184 2339/2339/2187
f 2340/2340/2188 2343/2343/2191 2342/2342/2190
f 2343/2343/2191 2350/2350/2196 2342/2342/2190
f 2340/2340/2188 2341/2341/2189 2290/2290/2138
f 2341/2341/2189 2294/2294/2142 2290/2290/2138
f 2297/2297/2145 2296/2296/2144 1964/1964/1850
f 2296/2296/2144 1965/1965/1851 1964/1964/1850
f 5710/5710/5320 5711/5711/5320 5712/5712/5320
f 1971/1971/1857 2296/2296/2144 2294/2294/2142
f 5713/5713/5321 5714/5714/5321 5715/5715/5321
f 2342/2342/2190 2314/2314/2162 2313/2313/2161
f 2322/2322/2170 2323/2323/2171 1989/1989/1875
f 2323/2323/2171 1992/1992/1878 1989/1989/1875
f 2322/2322/2170 1969/1969/1855 2313/2313/2161
f 1969/1969/1855 2348/2348/2194 2313/2313/2161
f 5716/5716/5322 2375/2375/2218 5717/5717/5323
f 2375/2375/2218 2377/2377/2220 5717/5717/5323
f 2380/2380/2223 2361/2361/2205 2381/2381/2224
f 2361/2361/2205 2355/2355/2199 2381/2381/2224
f 2361/2361/2205 2380/2380/2223 2360/2360/2204
f 2380/2380/2223 2393/2393/2236 2360/2360/2204
f 5718/5718/5324 5719/5719/5324 2379/2379/2222
f 2384/2384/2227 2375/2375/2218 5720/5720/5325
f 3023/3023/2799 2404/2404/2247 2386/2386/2229
f 2404/2404/2247 2387/2387/2230 2386/2386/2229
f 2402/2402/2245 2396/2396/2239 2374/2374/2217
f 2396/2396/2239 2394/2394/2237 2374/2374/2217
f 2401/2401/2244 2398/2398/2241 2402/2402/2245
f 2398/2398/2241 2396/2396/2239 2402/2402/2245
f 2407/2407/2250 2387/2387/2230 2405/2405/2248
f 2387/2387/2230 2403/2403/2246 2405/2405/2248
f 2419/2419/2260 2422/2422/2263 2416/2416/2257
f 2422/2422/2263 2421/2421/2262 2416/2416/2257
f 2424/2424/2265 2414/2414/2255 2425/2425/2266
f 2414/2414/2255 2413/2413/2254 2425/2425/2266
f 2433/2433/2274 2430/2430/2271 2425/2425/2266
f 2430/2430/2271 2423/2423/2264 2425/2425/2266
f 2428/2428/2269 2431/2431/2272 2432/2432/2273
f 2431/2431/2272 2456/2456/2297 2432/2432/2273
f 2428/2428/2269 2426/2426/2267 2429/2429/2270
f 2426/2426/2267 2423/2423/2264 2429/2429/2270
f 2436/2436/2277 2437/2437/2278 2430/2430/2271
f 2437/2437/2278 2429/2429/2270 2430/2430/2271
f 2442/2442/2283 2421/2421/2262 5721/5721/5326
f 2421/2421/2262 2420/2420/2261 5721/5721/5326
f 2438/2438/2279 2440/2440/2281 5722/5722/5327
f 2443/2443/2284 5721/5721/5326 2420/2420/2261
f 2503/2503/2336 2451/2451/2292 2504/2504/2337
f 5723/5723/5328 2443/2443/2284 2445/2445/2286
f 2451/2451/2292 2503/2503/2336 5724/5724/5329
f 5725/5725/5330 5726/5726/5330 5727/5727/5330
f 5728/5728/5331 5729/5729/5331 5730/5730/5331
f 5731/5731/5332 5732/5732/5332 5733/5733/5332
f 2455/2455/2296 2459/2459/2300 2431/2431/2272
f 2459/2459/2300 2457/2457/2298 2431/2431/2272
f 2470/2470/2311 2463/2463/2304 2468/2468/2309
f 2463/2463/2304 2462/2462/2303 2468/2468/2309
f 2437/2437/2278 2465/2465/2306 2455/2455/2296
f 2465/2465/2306 2460/2460/2301 2455/2455/2296
f 2479/2479/2318 2464/2464/2305 2477/2477/2316
f 2464/2464/2305 2463/2463/2304 2477/2477/2316
f 2472/2472/2313 5734/5734/5333 2473/2473/2314
f 2480/2480/2319 2491/2491/2324 5735/5735/5334
f 2491/2491/2324 2480/2480/2319 2470/2470/2311
f 2480/2480/2319 2477/2477/2316 2470/2470/2311
f 5736/5736/5335 5737/5737/5335 5738/5738/5335
f 5739/5739/5336 5740/5740/5336 5741/5741/5336
f 5742/5742/5337 5743/5743/5337 5744/5744/5337
f 5735/5735/5334 2491/2491/2324 2492/2492/2325
f 2469/2469/2310 5745/5745/5338 2056/2056/1928
f 5746/5746/5339 5747/5747/5339 5748/5748/5339
f 2492/2492/2325 2491/2491/2324 2056/2056/1928
f 2491/2491/2324 2469/2469/2310 2056/2056/1928
f 2439/2439/2280 2438/2438/2279 2500/2500/2333
f 2495/2495/2328 2496/2496/2329 3084/3084/2860
f 2498/2498/2331 2501/2501/2334 2439/2439/2280
f 2501/2501/2334 2504/2504/2337 2439/2439/2280
f 2500/2500/2333 2505/2505/2338 2498/2498/2331
f 2505/2505/2338 2499/2499/2332 2498/2498/2331
f 2075/2075/1947 2503/2503/2336 2073/2073/1945
f 2503/2503/2336 2502/2502/2335 2073/2073/1945
f 5749/5749/5340 5750/5750/5340 5751/5751/5340
f 2497/2497/2330 2471/2471/2312 5752/5752/5341
f 2526/2526/2351 2471/2471/2312 2525/2525/2350
f 2471/2471/2312 2497/2497/2330 2525/2525/2350
f 5753/5753/5342 5754/5754/5342 5755/5755/5342
f 5756/5756/5343 5757/5757/5343 5758/5758/5343
f 5759/5759/5344 5760/5760/5344 5761/5761/5344
f 5734/5734/5333 2472/2472/2313 2529/2529/2354
f 2480/2480/2319 2583/2583/2378 2478/2478/2317
f 2583/2583/2378 2528/2528/2353 2478/2478/2317
f 5762/5762/5345 5763/5763/5345 5764/5764/5345
f 5765/5765/5346 5766/5766/5346 5767/5767/5346
f 5768/5768/5347 5769/5769/5347 5770/5770/5347
f 5771/5771/5348 5772/5772/5348 5773/5773/5348
f 5774/5774/5349 5775/5775/5349 5776/5776/5349
f 5777/5777/5350 5778/5778/5350 5779/5779/5350
f 5780/5780/5351 5781/5781/5352 5782/5782/5353
f 5781/5781/5352 5783/5783/5354 5782/5782/5353
f 2507/2507/2340 2558/2558/2365 2499/2499/2332
f 2558/2558/2365 2525/2525/2350 2499/2499/2332
f 5784/5784/5355 5785/5785/5356 2508/2508/2341
f 5785/5785/5356 2509/2509/2342 2508/2508/2341
f 5784/5784/5355 5786/5786/5357 5785/5785/5356
f 2525/2525/2350 2558/2558/2365 2560/2560/2367
f 2509/2509/2342 5785/5785/5356 5787/5787/5358
f 5783/5783/5354 5781/5781/5352 5788/5788/5359
f 5789/5789/5360 5790/5790/5360 5791/5791/5360
f 5792/5792/5361 5793/5793/5361 5794/5794/5361
f 5795/5795/5362 5796/5796/5363 2567/2567/2370
f 5797/5797/5364 5788/5788/5359 5781/5781/5352
f 5796/5796/5363 5795/5795/5362 5798/5798/5365
f 5799/5799/5366 5800/5800/5366 5801/5801/5366
f 2102/2102/1968 5795/5795/5362 2573/2573/2374
f 5795/5795/5362 2567/2567/2370 2573/2573/2374
f 2102/2102/1968 5802/5802/5367 5795/5795/5362
f 5803/5803/5368 5804/5804/5368 5805/5805/5368
f 5806/5806/5369 5807/5807/5369 5808/5808/5369
f 5809/5809/5370 5810/5810/5370 5811/5811/5370
f 2528/2528/2353 2585/2585/2380 2527/2527/2352
f 2585/2585/2380 3128/3128/2903 2527/2527/2352
f 5812/5812/5371 3123/3123/2898 5813/5813/5371
f 3135/3135/2910 3128/3128/2903 2585/2585/2380
f 2586/2586/2381 2590/2590/2385 2588/2588/2383
f 2590/2590/2385 2589/2589/2384 2588/2588/2383
f 5814/5814/5372 5815/5815/5372 5816/5816/5372
f 5817/5817/5373 5818/5818/5373 5819/5819/5373
f 2594/2594/2389 2591/2591/2386 2592/2592/2387
f 2591/2591/2386 2590/2590/2385 2592/2592/2387
f 5820/5820/5374 5821/5821/5374 5822/5822/5374
f 2592/2592/2387 2590/2590/2385 5823/5823/5375
f 5824/5824/5376 5825/5825/5376 5826/5826/5376
f 5827/5827/5377 5828/5828/5377 5829/5829/5377
f 2606/2606/2399 5830/5830/5378 2568/2568/2371
f 2612/2612/2405 2611/2611/2404 5780/5780/5351
f 5831/5831/5379 5832/5832/5380 5833/5833/5380
f 5834/5834/5381 5835/5835/5381 5836/5836/5381
f 3152/3152/2927 3154/3154/2929 5831/5831/5379
f 3154/3154/2929 5837/5837/5382 5831/5831/5379
f 2610/2610/2403 2150/2150/1998 2611/2611/2404
f 2150/2150/1998 2609/2609/2402 2611/2611/2404
f 5838/5838/5383 5839/5839/5383 5840/5840/5383
f 5837/5837/5382 3154/3154/2929 5841/5841/5384
f 2614/2614/2407 2626/2626/2415 2615/2615/2408
f 2626/2626/2415 2625/2625/2414 2615/2615/2408
f 2615/2615/2408 2625/2625/2414 2617/2617/2410
f 5842/5842/5385 5843/5843/5385 5844/5844/5385
f 2643/2643/2425 2645/2645/2427 2638/2638/2420
f 2164/2164/2012 2610/2610/2403 2642/2642/2424
f 2650/2650/2432 2649/2649/2431 2641/2641/2423
f 2649/2649/2431 2639/2639/2421 2641/2641/2423
f 2654/2654/2434 2646/2646/2428 5845/5845/5386
f 2646/2646/2428 2650/2650/2432 5845/5845/5386
f 2647/2647/2429 2646/2646/2428 2656/2656/2436
f 2646/2646/2428 2654/2654/2434 2656/2656/2436
f 2661/2661/2441 5846/5846/5387 2662/2662/2442
f 5846/5846/5387 2670/2670/2450 2662/2662/2442
f 2659/2659/2439 2665/2665/2445 2614/2614/2407
f 2665/2665/2445 2626/2626/2415 2614/2614/2407
f 2660/2660/2440 2662/2662/2442 2675/2675/2455
f 2662/2662/2442 2671/2671/2451 2675/2675/2455
f 2681/2681/2461 2680/2680/2460 3207/3207/2980
f 2680/2680/2460 2682/2682/2462 3207/3207/2980
f 2677/2677/2457 2686/2686/2466 2678/2678/2458
f 2686/2686/2466 2685/2685/2465 2678/2678/2458
f 2678/2678/2458 2685/2685/2465 2680/2680/2460
f 2685/2685/2465 2683/2683/2463 2680/2680/2460
f 2700/2700/2480 2697/2697/2477 2691/2691/2471
f 2697/2697/2477 2692/2692/2472 2691/2691/2471
f 2695/2695/2475 2698/2698/2478 2699/2699/2479
f 2698/2698/2478 2709/2709/2489 2699/2699/2479
f 2695/2695/2475 2693/2693/2473 2696/2696/2476
f 2693/2693/2473 2692/2692/2472 2696/2696/2476
f 2703/2703/2483 2704/2704/2484 2697/2697/2477
f 2704/2704/2484 2696/2696/2476 2697/2697/2477
f 2682/2682/2462 2691/2691/2471 3207/3207/2980
f 2691/2691/2471 2690/2690/2470 3207/3207/2980
f 2700/2700/2480 2683/2683/2463 2701/2701/2481
f 2683/2683/2463 2687/2687/2467 2701/2701/2481
f 2688/2688/2468 2706/2706/2486 2687/2687/2467
f 2706/2706/2486 2701/2701/2481 2687/2687/2467
f 2172/2172/2020 2174/2174/2022 2706/2706/2486
f 2174/2174/2022 2702/2702/2482 2706/2706/2486
f 2703/2703/2483 2702/2702/2482 2179/2179/2027
f 2702/2702/2482 2174/2174/2022 2179/2179/2027
f 2708/2708/2488 2712/2712/2492 2698/2698/2478
f 2712/2712/2492 2710/2710/2490 2698/2698/2478
f 2719/2719/2499 2714/2714/2494 2713/2713/2493
f 2714/2714/2494 2712/2712/2492 2713/2713/2493
f 5847/5847/5388 5848/5848/5388 5849/5849/5388
f 2716/2716/2496 2713/2713/2493 2708/2708/2488
f 2724/2724/2504 3239/3239/3012 2722/2722/2502
f 3239/3239/3012 2720/2720/2500 2722/2722/2502
f 2722/2722/2502 2725/2725/2505 2723/2723/2503
f 2725/2725/2505 2736/2736/2514 2723/2723/2503
f 2187/2187/2035 2189/2189/2037 2716/2716/2496
f 2189/2189/2037 2717/2717/2497 2716/2716/2496
f 2186/2186/2034 2729/2729/2507 2189/2189/2037
f 2729/2729/2507 2717/2717/2497 2189/2189/2037
f 2729/2729/2507 2731/2731/2509 2718/2718/2498
f 2732/2732/2510 2734/2734/2512 5850/5850/5389
f 2721/2721/2501 5850/5850/5389 2725/2725/2505
f 5850/5850/5389 2734/2734/2512 2725/2725/2505
f 2677/2677/2457 2676/2676/2456 2745/2745/2523
f 2676/2676/2456 2742/2742/2520 2745/2745/2523
f 2748/2748/2526 2747/2747/2525 2744/2744/2522
f 2747/2747/2525 2745/2745/2523 2744/2744/2522
f 2752/2752/2530 2751/2751/2529 2686/2686/2466
f 2751/2751/2529 2684/2684/2464 2686/2686/2466
f 2752/2752/2530 2747/2747/2525 2204/2204/2052
f 2747/2747/2525 2750/2750/2528 2204/2204/2052
f 2688/2688/2468 2684/2684/2464 2209/2209/2057
f 2684/2684/2464 2751/2751/2529 2209/2209/2057
f 2738/2738/2516 2754/2754/2532 2739/2739/2517
f 2754/2754/2532 3254/3254/3027 2739/2739/2517
f 2753/2753/2531 2738/2738/2516 2755/2755/2533
f 2738/2738/2516 2741/2741/2519 2755/2755/2533
f 2761/2761/2539 2760/2760/2538 2756/2756/2534
f 2760/2760/2538 2755/2755/2533 2756/2756/2534
f 2198/2198/2046 5851/5851/5390 2760/2760/2538
f 5851/5851/5390 2758/2758/2536 2760/2760/2538
f 2733/2733/2511 2732/2732/2510 2221/2221/2069
f 2732/2732/2510 2222/2222/2070 2221/2221/2069
f 2771/2771/2549 2763/2763/2541 2737/2737/2515
f 2763/2763/2541 2736/2736/2514 2737/2737/2515
f 2763/2763/2541 2772/2772/2550 2762/2762/2540
f 2772/2772/2550 3291/3291/3062 2762/2762/2540
f 2733/2733/2511 2221/2221/2069 2737/2737/2515
f 2221/2221/2069 2774/2774/2552 2737/2737/2515
f 2773/2773/2551 2771/2771/2549 2775/2775/2553
f 2771/2771/2549 2774/2774/2552 2775/2775/2553
f 2776/2776/2554 3294/3294/3065 2772/2772/2550
f 3294/3294/3065 3291/3291/3062 2772/2772/2550
f 2773/2773/2551 2778/2778/2556 2776/2776/2554
f 2778/2778/2556 2777/2777/2555 2776/2776/2554
f 2237/2237/2085 2770/2770/2548 2775/2775/2553
f 2770/2770/2548 2778/2778/2556 2775/2775/2553
f 2783/2783/2561 2756/2756/2534 2781/2781/2559
f 2756/2756/2534 2741/2741/2519 2781/2781/2559
f 2781/2781/2559 2780/2780/2558 2782/2782/2560
f 2780/2780/2558 2790/2790/2568 2782/2782/2560
f 2784/2784/2562 2786/2786/2564 2783/2783/2561
f 2786/2786/2564 2785/2785/2563 2783/2783/2561
f 2243/2243/2091 2242/2242/2090 2785/2785/2563
f 2242/2242/2090 2761/2761/2539 2785/2785/2563
f 2789/2789/2567 2788/2788/2566 2794/2794/2572
f 2788/2788/2566 2791/2791/2569 2794/2794/2572
f 2784/2784/2562 2782/2782/2560 2788/2788/2566
f 2782/2782/2560 2791/2791/2569 2788/2788/2566
f 2789/2789/2567 2799/2799/2577 2787/2787/2565
f 2799/2799/2577 2802/2802/2580 2787/2787/2565
f 2243/2243/2091 2786/2786/2564 2255/2255/2103
f 2786/2786/2564 2801/2801/2579 2255/2255/2103
f 2252/2252/2100 2801/2801/2579 2803/2803/2581
f 2801/2801/2579 2787/2787/2565 2803/2803/2581
f 2813/2813/2591 5852/5852/5391 2814/2814/2592
f 5852/5852/5391 2777/2777/2555 2814/2814/2592
f 2809/2809/2587 2808/2808/2586 2822/2822/2600
f 2808/2808/2586 2810/2810/2588 2822/2822/2600
f 2871/2871/2649 2820/2820/2598 2824/2824/2602
f 2820/2820/2598 2819/2819/2597 2824/2824/2602
f 2824/2824/2602 2819/2819/2597 2821/2821/2599
f 2819/2819/2597 2818/2818/2596 2821/2821/2599
f 2824/2824/2602 2821/2821/2599 2815/2815/2593
f 2821/2821/2599 2810/2810/2588 2815/2815/2593
f 2871/2871/2649 2824/2824/2602 2826/2826/2604
f 2824/2824/2602 2823/2823/2601 2826/2826/2604
f 2815/2815/2593 2817/2817/2595 2823/2823/2601
f 2817/2817/2595 2827/2827/2605 2823/2823/2601
f 2825/2825/2603 2827/2827/2605 2877/2877/2655
f 2827/2827/2605 5853/5853/5392 2877/2877/2655
f 2770/2770/2548 2260/2260/2108 2779/2779/2557
f 2260/2260/2108 2828/2828/2606 2779/2779/2557
f 2828/2828/2606 2816/2816/2594 2779/2779/2557
f 2816/2816/2594 2814/2814/2592 2779/2779/2557
f 5854/5854/5393 2798/2798/2576 2843/2843/2621
f 2798/2798/2576 2833/2833/2611 2843/2843/2621
f 2835/2835/2613 2281/2281/2129 2803/2803/2581
f 2281/2281/2129 2276/2276/2124 2803/2803/2581
f 2835/2835/2613 2802/2802/2580 2837/2837/2615
f 5855/5855/5394 2843/2843/2621 2841/2841/2619
f 2861/2861/2639 2881/2881/2659 2839/2839/2617
f 2286/2286/2134 2285/2285/2133 2838/2838/2616
f 2842/2842/2620 2833/2833/2611 2846/2846/2624
f 2833/2833/2611 2844/2844/2622 2846/2846/2624
f 2849/2849/2627 2854/2854/2632 2845/2845/2623
f 2854/2854/2632 2846/2846/2624 2845/2845/2623
f 2852/2852/2630 2805/2805/2583 2853/2853/2631
f 2805/2805/2583 2807/2807/2585 2853/2853/2631
f 2841/2841/2619 2842/2842/2620 2856/2856/2634
f 2842/2842/2620 2847/2847/2625 2856/2856/2634
f 2857/2857/2635 2847/2847/2625 5856/5856/5395
f 2847/2847/2625 2854/2854/2632 5856/5856/5395
f 2861/2861/2639 2839/2839/2617 2859/2859/2637
f 2839/2839/2617 2856/2856/2634 2859/2859/2637
f 2859/2859/2637 2862/2862/2640 2860/2860/2638
f 2862/2862/2640 2864/2864/2642 2860/2860/2638
f 2862/2862/2640 2857/2857/2635 2863/2863/2641
f 2857/2857/2635 2867/2867/2645 2863/2863/2641
f 2870/2870/2648 2853/2853/2631 2820/2820/2598
f 2853/2853/2631 2807/2807/2585 2820/2820/2598
f 2858/2858/2636 2870/2870/2648 2875/2875/2653
f 2870/2870/2648 2872/2872/2650 2875/2875/2653
f 2876/2876/2654 2826/2826/2604 2300/2300/2148
f 2826/2826/2604 2825/2825/2603 2300/2300/2148
f 2876/2876/2654 2299/2299/2147 2872/2872/2650
f 2299/2299/2147 2874/2874/2652 2872/2872/2650
f 2868/2868/2646 2867/2867/2645 2878/2878/2656
f 2867/2867/2645 5857/5857/5396 2878/2878/2656
f 2312/2312/2160 2878/2878/2656 2310/2310/2158
f 2880/2880/2658 2874/2874/2652 2318/2318/2166
f 2860/2860/2638 2864/2864/2642 2336/2336/2184
f 2864/2864/2642 2339/2339/2187 2336/2336/2184
f 2868/2868/2646 2350/2350/2196 2863/2863/2641
f 2350/2350/2196 2343/2343/2191 2863/2863/2641
f 2892/2892/2670 2882/2882/2660 2890/2890/2668
f 2882/2882/2660 2885/2885/2663 2890/2890/2668
f 2892/2892/2670 2895/2895/2673 2893/2893/2671
f 2895/2895/2673 2914/2914/2692 2893/2893/2671
f 2897/2897/2675 2883/2883/2661 2898/2898/2676
f 2883/2883/2661 2882/2882/2660 2898/2898/2676
f 2905/2905/2683 2923/2923/2701 2906/2906/2684
f 2923/2923/2701 3529/3529/3299 2906/2906/2684
f 5858/5858/5397 5859/5859/5397 5860/5860/5397
f 2899/2899/2677 2896/2896/2674 2908/2908/2686
f 2909/2909/2687 2908/2908/2686 2900/2900/2678
f 2908/2908/2686 2896/2896/2674 2900/2900/2678
f 2898/2898/2676 2893/2893/2671 2900/2900/2678
f 2893/2893/2671 2911/2911/2689 2900/2900/2678
f 2914/2914/2692 2916/2916/2694 2911/2911/2689
f 2916/2916/2694 2912/2912/2690 2911/2911/2689
f 2918/2918/2696 2919/2919/2697 2912/2912/2690
f 2919/2919/2697 2915/2915/2693 2912/2912/2690
f 2909/2909/2687 2915/2915/2693 2910/2910/2688
f 2915/2915/2693 2920/2920/2698 2910/2910/2688
f 2923/2923/2701 2925/2925/2703 3529/3529/3299
f 2925/2925/2703 5861/5861/5398 3529/3529/3299
f 5862/5862/5399 2925/2925/2703 5863/5863/5400
f 2925/2925/2703 2924/2924/2702 5863/5863/5400
f 5864/5864/5401 5865/5865/5401 5866/5866/5401
f 2942/2942/2720 5863/5863/5400 2924/2924/2702
f 2937/2937/2715 2928/2928/2706 2938/2938/2716
f 2928/2928/2706 2927/2927/2705 2938/2938/2716
f 2938/2938/2716 2941/2941/2719 2940/2940/2718
f 2941/2941/2719 2948/2948/2726 2940/2940/2718
f 2921/2921/2699 5867/5867/5402 2920/2920/2698
f 5867/5867/5402 2942/2942/2720 2920/2920/2698
f 2354/2354/2198 2357/2357/2201 2945/2945/2723
f 2357/2357/2201 2931/2931/2709 2945/2945/2723
f 2932/2932/2710 2931/2931/2709 2359/2359/2203
f 2931/2931/2709 2357/2357/2201 2359/2359/2203
f 2927/2927/2705 5868/5868/5403 2941/2941/2719
f 2932/2932/2710 2946/2946/2724 5869/5869/5404
f 5870/5870/5405 2946/2946/2724 2360/2360/2204
f 2946/2946/2724 2359/2359/2203 2360/2360/2204
f 2887/2887/2665 2886/2886/2664 2957/2957/2735
f 2886/2886/2664 5871/5871/5406 2957/2957/2735
f 2959/2959/2737 2895/2895/2673 2960/2960/2738
f 2895/2895/2673 2894/2894/2672 2960/2960/2738
f 2968/2968/2746 2958/2958/2736 5872/5872/5407
f 2958/2958/2736 2957/2957/2735 5872/5872/5407
f 2965/2965/2743 2956/2956/2734 2963/2963/2741
f 2956/2956/2734 2966/2966/2744 2963/2963/2741
f 2964/2964/2742 3036/3036/2812 2965/2965/2743
f 3036/3036/2812 5873/5873/5408 2965/2965/2743
f 2962/2962/2740 2975/2975/2753 2961/2961/2739
f 2975/2975/2753 2974/2974/2752 2961/2961/2739
f 2978/2978/2756 2916/2916/2694 2961/2961/2739
f 2916/2916/2694 2959/2959/2737 2961/2961/2739
f 2979/2979/2757 2980/2980/2758 2978/2978/2756
f 2980/2980/2758 2977/2977/2755 2978/2978/2756
f 2977/2977/2755 2365/2365/2209 2918/2918/2696
f 2365/2365/2209 2364/2364/2208 2918/2918/2696
f 2921/2921/2699 2919/2919/2697 2363/2363/2207
f 2919/2919/2697 2364/2364/2208 2363/2363/2207
f 2976/2976/2754 2982/2982/2760 2974/2974/2752
f 2982/2982/2760 2979/2979/2757 2974/2974/2752
f 2982/2982/2760 2981/2981/2759 2983/2983/2761
f 2981/2981/2759 2984/2984/2762 2983/2983/2761
f 2983/2983/2761 2366/2366/2210 2980/2980/2758
f 2366/2366/2210 2365/2365/2209 2980/2980/2758
f 3017/3017/2793 2367/2367/2211 2985/2985/2763
f 2367/2367/2211 2366/2366/2210 2985/2985/2763
f 2998/2998/2776 2997/2997/2775 2992/2992/2770
f 2997/2997/2775 2990/2990/2768 2992/2992/2770
f 3010/3010/2786 5874/5874/5409 2997/2997/2775
f 5874/5874/5409 2990/2990/2768 2997/2997/2775
f 2995/2995/2773 2940/2940/2718 3025/3025/2801
f 2940/2940/2718 2948/2948/2726 3025/3025/2801
f 5875/5875/5410 5876/5876/5411 3007/3007/2783
f 5876/5876/5411 3004/3004/2780 3007/3007/2783
f 3005/3005/2781 3004/3004/2780 5877/5877/5412
f 3004/3004/2780 5876/5876/5411 5877/5877/5412
f 3011/3011/2787 3013/3013/2789 2994/2994/2772
f 3013/3013/2789 3014/3014/2790 2994/2994/2772
f 3012/3012/2788 3011/3011/2787 3057/3057/2833
f 3011/3011/2787 3016/3016/2792 3057/3057/2833
f 2367/2367/2211 3019/3019/2795 2368/2368/2212
f 3019/3019/2795 5878/5878/5413 2368/2368/2212
f 3022/3022/2798 5879/5879/5414 3020/3020/2796
f 5880/5880/5415 3062/3062/2838 5881/5881/5416
f 3062/3062/2838 3057/3057/2833 5881/5881/5416
f 3057/3057/2833 3016/3016/2792 5881/5881/5416
f 5882/5882/5417 5883/5883/5418 3006/3006/2782
f 5883/5883/5418 3008/3008/2784 3006/3006/2782
f 5882/5882/5417 5884/5884/5419 5883/5883/5418
f 5885/5885/5420 3024/3024/2800 3023/3023/2799
f 3010/3010/2786 3009/3009/2785 5885/5885/5420
f 3009/3009/2785 3024/3024/2800 5885/5885/5420
f 2951/2951/2729 2372/2372/2215 2949/2949/2727
f 2372/2372/2215 5886/5886/5421 2949/2949/2727
f 5886/5886/5421 5887/5887/5422 2949/2949/2727
f 5887/5887/5422 3025/3025/2801 2949/2949/2727
f 3026/3026/2802 5886/5886/5421 2394/2394/2237
f 5886/5886/5421 2372/2372/2215 2394/2394/2237
f 3028/3028/2804 3027/3027/2803 3030/3030/2806
f 5888/5888/5423 5889/5889/5423 5890/5890/5423
f 2404/2404/2247 3028/3028/2804 2403/2403/2246
f 3028/3028/2804 3030/3030/2806 2403/2403/2246
f 3032/3032/2808 3038/3038/2814 2964/2964/2742
f 3038/3038/2814 3037/3037/2813 2964/2964/2742
f 3035/3035/2811 3034/3034/2810 3032/3032/2808
f 3034/3034/2810 3038/3038/2814 3032/3032/2808
f 3040/3040/2816 2417/2417/2258 3036/3036/2812
f 5891/5891/5424 2971/2971/2749 2972/2972/2750
f 2976/2976/2754 2973/2973/2751 2414/2414/2255
f 2973/2973/2751 2415/2415/2256 2414/2414/2255
f 3041/3041/2817 3040/3040/2816 3039/3039/2815
f 3040/3040/2816 3037/3037/2813 3039/3039/2815
f 3039/3039/2815 3044/3044/2820 3041/3041/2817
f 3044/3044/2820 3045/3045/2821 3041/3041/2817
f 3055/3055/2831 2422/2422/2263 3045/3045/2821
f 2422/2422/2263 2419/2419/2260 3045/3045/2821
f 2981/2981/2759 2424/2424/2265 2984/2984/2762
f 2424/2424/2265 2426/2426/2267 2984/2984/2762
f 3017/3017/2793 2985/2985/2763 2456/2456/2297
f 2985/2985/2763 2432/2432/2273 2456/2456/2297
f 3043/3043/2819 3034/3034/2810 3052/3052/2828
f 3047/3047/2823 3046/3046/2822 3622/3622/3392
f 3053/3053/2829 3044/3044/2820 3049/3049/2825
f 3044/3044/2820 3043/3043/2819 3049/3049/2825
f 3051/3051/2827 3054/3054/2830 3049/3049/2825
f 3054/3054/2830 3053/3053/2829 3049/3049/2825
f 3056/3056/2832 3012/3012/2788 3060/3060/2836
f 3012/3012/2788 3058/3058/2834 3060/3060/2836
f 5880/5880/5415 5892/5892/5425 3062/3062/2838
f 5892/5892/5425 2461/2461/2302 3062/3062/2838
f 3063/3063/2839 3062/3062/2838 2464/2464/2305
f 3062/3062/2838 2461/2461/2302 2464/2464/2305
f 3064/3064/2840 3059/3059/2835 3063/3063/2839
f 3059/3059/2835 3058/3058/2834 3063/3063/2839
f 3065/3065/2841 3071/3071/2847 3059/3059/2835
f 3071/3071/2847 3060/3060/2836 3059/3059/2835
f 3066/3066/2842 3065/3065/2841 3074/3074/2850
f 3065/3065/2841 3072/3072/2848 3074/3074/2850
f 3073/3073/2849 3072/3072/2848 2479/2479/2318
f 3072/3072/2848 3064/3064/2840 2479/2479/2318
f 3081/3081/2857 3076/3076/2852 3050/3050/2826
f 3076/3076/2852 3051/3051/2827 3050/3050/2826
f 3087/3087/2863 3077/3077/2853 3082/3082/2858
f 3077/3077/2853 3076/3076/2852 3082/3082/2858
f 3080/3080/2856 3079/3079/2855 3641/3641/3411
f 3090/3090/2866 3082/3082/2858 3081/3081/2857
f 3055/3055/2831 3054/3054/2830 2493/2493/2326
f 3054/3054/2830 3085/3085/2861 2493/2493/2326
f 3083/3083/2859 2496/2496/2329 3085/3085/2861
f 2496/2496/2329 2493/2493/2326 3085/3085/2861
f 3088/3088/2864 3086/3086/2862 3077/3077/2853
f 3086/3086/2862 3083/3083/2859 3077/3077/2853
f 3087/3087/2863 3092/3092/2868 3088/3088/2864
f 3092/3092/2868 3094/3094/2870 3088/3088/2864
f 3102/3102/2878 3066/3066/2842 3105/3105/2881
f 3066/3066/2842 3074/3074/2850 3105/3105/2881
f 3100/3100/2876 3104/3104/2880 3114/3114/2890
f 3104/3104/2880 3112/3112/2888 3114/3114/2890
f 2478/2478/2317 2527/2527/2352 3073/3073/2849
f 2527/2527/2352 3106/3106/2882 3073/3073/2849
f 3111/3111/2887 3079/3079/2855 3110/3110/2886
f 3079/3079/2855 3644/3644/3414 3110/3110/2886
f 3118/3118/2894 3092/3092/2868 5893/5893/5426
f 3092/3092/2868 3091/3091/2867 5893/5893/5426
f 3136/3136/2911 3138/3138/2913 5893/5893/5426
f 3138/3138/2913 3118/3118/2894 5893/5893/5426
f 3649/3649/3419 5894/5894/5427 3116/3116/2892
f 5894/5894/5427 3117/3117/2893 3116/3116/2892
f 3150/3150/2925 5895/5895/5428 3138/3138/2913
f 5895/5895/5428 3118/3118/2894 3138/3138/2913
f 3095/3095/2871 3094/3094/2870 5895/5895/5428
f 3094/3094/2870 3118/3118/2894 5895/5895/5428
f 3127/3127/2902 3124/3124/2899 3106/3106/2882
f 3124/3124/2899 3105/3105/2881 3106/3106/2882
f 3126/3126/2901 3124/3124/2899 3129/3129/2904
f 3124/3124/2899 3127/3127/2902 3129/3129/2904
f 3126/3126/2901 3132/3132/2907 3130/3130/2905
f 3132/3132/2907 3131/3131/2906 3130/3130/2905
f 3135/3135/2910 3134/3134/2909 3129/3129/2904
f 3134/3134/2909 3132/3132/2907 3129/3129/2904
f 3148/3148/2923 3139/3139/2914 3108/3108/2884
f 3139/3139/2914 3109/3109/2885 3108/3108/2884
f 3143/3143/2918 3145/3145/2920 3148/3148/2923
f 3145/3145/2920 3139/3139/2914 3148/3148/2923
f 3143/3143/2918 3116/3116/2892 3146/3146/2921
f 3116/3116/2892 3115/3115/2891 3146/3146/2921
f 2559/2559/2366 3120/3120/2896 3152/3152/2927
f 3120/3120/2896 3153/3153/2928 3152/3152/2927
f 5896/5896/5429 5897/5897/5430 3142/3142/2917
f 5897/5897/5430 3151/3151/2926 3142/3142/2917
f 3163/3163/2936 3147/3147/2922 3155/3155/2930
f 3147/3147/2922 3145/3145/2920 3155/3155/2930
f 5896/5896/5429 3160/3160/2933 5897/5897/5430
f 3160/3160/2933 2616/2616/2409 5897/5897/5430
f 3160/3160/2933 5896/5896/5429 3161/3161/2934
f 3163/3163/2936 3162/3162/2935 3165/3165/2938
f 3134/3134/2909 2640/2640/2422 3133/3133/2908
f 2640/2640/2422 3169/3169/2942 3133/3133/2908
f 3167/3167/2940 3155/3155/2930 3166/3166/2939
f 3155/3155/2930 3146/3146/2921 3166/3166/2939
f 2639/2639/2421 2649/2649/2431 3170/3170/2943
f 5898/5898/5431 3171/3171/2944 3168/3168/2941
f 3164/3164/2937 3162/3162/2935 3171/3171/2944
f 3162/3162/2935 3168/3168/2941 3171/3171/2944
f 3164/3164/2937 2670/2670/2450 3165/3165/2938
f 2670/2670/2450 5846/5846/5387 3165/3165/2938
f 3179/3179/2952 3178/3178/2951 3184/3184/2957
f 3178/3178/2951 3185/3185/2958 3184/3184/2957
f 3178/3178/2951 3180/3180/2953 3185/3185/2958
f 3180/3180/2953 3187/3187/2960 3185/3185/2958
f 3189/3189/2962 3193/3193/2966 3680/3680/3450
f 3193/3193/2966 3210/3210/2983 3680/3680/3450
f 3680/3680/3450 3201/3201/2974 3189/3189/2962
f 3201/3201/2974 3190/3190/2963 3189/3189/2962
f 3203/3203/2976 3196/3196/2969 5899/5899/5432
f 5900/5900/5433 3249/3249/3022 3199/3199/2972
f 3196/3196/2969 3192/3192/2965 3197/3197/2970
f 3192/3192/2965 3190/3190/2963 3197/3197/2970
f 2676/2676/2456 3206/3206/2979 3205/3205/2978
f 3206/3206/2979 3203/3203/2976 3205/3205/2978
f 3206/3206/2979 2681/2681/2461 3202/3202/2975
f 2681/2681/2461 3208/3208/2981 3202/3202/2975
f 3192/3192/2965 3202/3202/2975 3194/3194/2967
f 3202/3202/2975 3208/3208/2981 3194/3194/2967
f 3209/3209/2982 3212/3212/2985 3193/3193/2966
f 3212/3212/2985 3211/3211/2984 3193/3193/2966
f 3175/3175/2948 3174/3174/2947 3212/3212/2985
f 3174/3174/2947 3211/3211/2984 3212/3212/2985
f 3215/3215/2988 3180/3180/2953 3214/3214/2987
f 3180/3180/2953 3175/3175/2948 3214/3214/2987
f 3194/3194/2967 3219/3219/2992 3209/3209/2982
f 3219/3219/2992 3213/3213/2986 3209/3209/2982
f 3219/3219/2992 2690/2690/2470 3213/3213/2986
f 2690/2690/2470 3216/3216/2989 3213/3213/2986
f 3218/3218/2991 3216/3216/2989 2699/2699/2479
f 3216/3216/2989 2693/2693/2473 2699/2699/2479
f 3214/3214/2987 3218/3218/2991 3215/3215/2988
f 3218/3218/2991 3217/3217/2990 3215/3215/2988
f 3220/3220/2993 3182/3182/2955 3215/3215/2988
f 3182/3182/2955 3187/3187/2960 3215/3215/2988
f 3223/3223/2996 3671/3671/3441 3224/3224/2997
f 3671/3671/3441 5901/5901/5434 3224/3224/2997
f 3231/3231/3004 3225/3225/2998 3229/3229/3002
f 3225/3225/2998 3224/3224/2997 3229/3229/3002
f 3228/3228/3001 3220/3220/2993 3217/3217/2990
f 3220/3220/2993 3215/3215/2988 3217/3217/2990
f 3227/3227/3000 3228/3228/3001 2710/2710/2490
f 3228/3228/3001 2709/2709/2489 2710/2710/2490
f 5902/5902/5435 5903/5903/5435 5904/5904/5435
f 3222/3222/2995 3227/3227/3000 2715/2715/2495
f 3232/3232/3005 3235/3235/3008 3231/3231/3004
f 3235/3235/3008 3225/3225/2998 3231/3231/3004
f 3232/3232/3005 3231/3231/3004 3238/3238/3011
f 3231/3231/3004 3236/3236/3009 3238/3238/3011
f 3231/3231/3004 3230/3230/3003 3236/3236/3009
f 3230/3230/3003 3240/3240/3013 3236/3236/3009
f 3243/3243/3016 3240/3240/3013 2723/2723/2503
f 3240/3240/3013 2724/2724/2504 2723/2723/2503
f 3245/3245/3018 3199/3199/2972 3248/3248/3021
f 3199/3199/2972 3246/3246/3019 3248/3248/3021
f 3250/3250/3023 3253/3253/3026 3245/3245/3018
f 3253/3253/3026 3251/3251/3024 3245/3245/3018
f 3254/3254/3027 5905/5905/5436 3251/3251/3024
f 2742/2742/2520 3205/3205/2978 5906/5906/5437
f 3267/3267/3038 3298/3298/3069 3268/3268/3039
f 3298/3298/3069 5907/5907/5438 3268/3268/3039
f 3268/3268/3039 5907/5907/5438 5908/5908/5439
f 3257/3257/3030 3255/3255/3028 3260/3260/3033
f 3250/3250/3023 3248/3248/3021 3257/3257/3030
f 3248/3248/3021 3255/3255/3028 3257/3257/3030
f 3295/3295/3066 3270/3270/3041 3257/3257/3030
f 3270/3270/3041 3256/3256/3029 3257/3257/3030
f 2739/2739/2517 3253/3253/3026 3244/3244/3017
f 3253/3253/3026 3256/3256/3029 3244/3244/3017
f 3271/3271/3042 3233/3233/3006 3274/3274/3045
f 3233/3233/3006 3272/3272/3043 3274/3274/3045
f 3275/3275/3046 3272/3272/3043 3238/3238/3011
f 3272/3272/3043 3233/3233/3006 3238/3238/3011
f 3278/3278/3049 3281/3281/3052 3285/3285/3056
f 3281/3281/3052 3282/3282/3053 3285/3285/3056
f 3279/3279/3050 3278/3278/3049 3287/3287/3058
f 3278/3278/3049 3284/3284/3055 3287/3287/3058
f 3285/3285/3056 3293/3293/3064 3284/3284/3055
f 3293/3293/3064 3288/3288/3059 3284/3284/3055
f 3286/3286/3057 3288/3288/3059 2767/2767/2545
f 3288/3288/3059 2768/2768/2546 2767/2767/2545
f 3243/3243/3016 2762/2762/2540 3242/3242/3015
f 2762/2762/2540 3289/3289/3060 3242/3242/3015
f 3289/3289/3060 3277/3277/3048 3242/3242/3015
f 3277/3277/3048 3275/3275/3046 3242/3242/3015
f 3315/3315/3086 3296/3296/3067 5909/5909/5440
f 3296/3296/3067 3297/3297/3068 5909/5909/5440
f 3305/3305/3076 3304/3304/3075 3307/3307/3078
f 3304/3304/3075 3787/3787/3555 3307/3307/3078
f 3300/3300/3071 5910/5910/5441 3267/3267/3038
f 3302/3302/3073 3301/3301/3072 5911/5911/5442
f 3244/3244/3017 3270/3270/3041 2780/2780/2558
f 3270/3270/3041 3308/3308/3079 2780/2780/2558
f 3315/3315/3086 3309/3309/3080 3296/3296/3067
f 3309/3309/3080 3308/3308/3079 3296/3296/3067
f 5912/5912/5443 3303/3303/3074 3319/3319/3090
f 3303/3303/3074 3302/3302/3073 3319/3319/3090
f 5912/5912/5443 3319/3319/3090 3328/3328/3099
f 3319/3319/3090 3321/3321/3092 3328/3328/3099
f 2790/2790/2568 3309/3309/3080 2791/2791/2569
f 3309/3309/3080 3323/3323/3094 2791/2791/2569
f 5913/5913/5444 2794/2794/2572 3323/3323/3094
f 2794/2794/2572 2791/2791/2569 3323/3323/3094
f 3326/3326/3097 3328/3328/3099 2796/2796/2574
f 3328/3328/3099 3327/3327/3098 2796/2796/2574
f 3346/3346/3117 2798/2798/2576 3327/3327/3098
f 2798/2798/2576 2796/2796/2574 3327/3327/3098
f 3329/3329/3100 3331/3331/3102 3787/3787/3555
f 3331/3331/3102 3307/3307/3078 3787/3787/3555
f 3335/3335/3106 3338/3338/3109 3337/3337/3108
f 3338/3338/3109 3353/3353/3124 3337/3337/3108
f 3335/3335/3106 3334/3334/3105 3332/3332/3103
f 3334/3334/3105 3330/3330/3101 3332/3332/3103
f 3340/3340/3111 3333/3333/3104 3334/3334/3105
f 3333/3333/3104 3330/3330/3101 3334/3334/3105
f 3344/3344/3115 3321/3321/3092 3342/3342/3113
f 3321/3321/3092 3320/3320/3091 3342/3342/3113
f 3331/3331/3102 3333/3333/3104 3320/3320/3091
f 3333/3333/3104 3342/3342/3113 3320/3320/3091
f 3348/3348/3119 3346/3346/3117 3341/3341/3112
f 3346/3346/3117 3344/3344/3115 3341/3341/3112
f 3347/3347/3118 3341/3341/3112 3350/3350/3121
f 3341/3341/3112 3345/3345/3116 3350/3350/3121
f 3340/3340/3111 3339/3339/3110 3345/3345/3116
f 3339/3339/3110 3349/3349/3120 3345/3345/3116
f 3350/3350/3121 3349/3349/3120 2848/2848/2626
f 3349/3349/3120 3362/3362/3133 2848/2848/2626
f 3351/3351/3122 3337/3337/3108 5914/5914/5445
f 3337/3337/3108 3352/3352/3123 5914/5914/5445
f 3279/3279/3050 3354/3354/3125 3280/3280/3051
f 3354/3354/3125 3832/3832/3600 3280/3280/3051
f 3339/3339/3110 3351/3351/3122 3361/3361/3132
f 3351/3351/3122 5915/5915/5446 3361/3361/3132
f 3360/3360/3131 3287/3287/3058 2809/2809/2587
f 3287/3287/3058 3286/3286/3057 2809/2809/2587
f 3360/3360/3131 2822/2822/2600 3355/3355/3126
f 2822/2822/2600 3358/3358/3129 3355/3355/3126
f 2806/2806/2584 3359/3359/3130 2818/2818/2596
f 3359/3359/3130 3358/3358/3129 2818/2818/2596
f 3348/3348/3119 3347/3347/3118 2844/2844/2622
f 3347/3347/3118 2845/2845/2623 2844/2844/2622
f 3378/3378/3149 3370/3370/3141 3377/3377/3148
f 3370/3370/3141 3373/3373/3144 3377/3377/3148
f 3378/3378/3149 3380/3380/3151 3379/3379/3150
f 3380/3380/3151 3386/3386/3157 3379/3379/3150
f 3379/3379/3150 3385/3385/3156 3370/3370/3141
f 3385/3385/3156 3381/3381/3152 3370/3370/3141
f 3389/3389/3160 3388/3388/3159 3380/3380/3151
f 3388/3388/3159 3386/3386/3157 3380/3380/3151
f 3387/3387/3158 3964/3964/3731 3389/3389/3160
f 3964/3964/3731 3390/3390/3161 3389/3389/3160
f 3397/3397/3168 3399/3399/3170 3395/3395/3166
f 3399/3399/3170 5916/5916/5447 3395/3395/3166
f 3397/3397/3168 3401/3401/3172 3398/3398/3169
f 3401/3401/3172 3415/3415/3186 3398/3398/3169
f 3404/3404/3175 3383/3383/3154 3402/3402/3173
f 3383/3383/3154 3388/3388/3159 3402/3402/3173
f 3408/3408/3179 3384/3384/3155 3404/3404/3175
f 3384/3384/3155 3383/3383/3154 3404/3404/3175
f 5917/5917/5448 5918/5918/5449 3418/3418/3189
f 5918/5918/5449 3416/3416/3187 3418/3418/3189
f 5919/5919/5450 3398/3398/3169 3414/3414/3185
f 3398/3398/3169 3410/3410/3181 3414/3414/3185
f 3415/3415/3186 3423/3423/3194 3410/3410/3181
f 3423/3423/3194 3411/3411/3182 3410/3410/3181
f 3412/3412/3183 3417/3417/3188 3414/3414/3185
f 3417/3417/3188 3416/3416/3187 3414/3414/3185
f 3405/3405/3176 3420/3420/3191 3428/3428/3199
f 3420/3420/3191 3419/3419/3190 3428/3428/3199
f 3412/3412/3183 3411/3411/3182 3422/3422/3193
f 3411/3411/3182 3426/3426/3197 3422/3422/3193
f 3429/3429/3200 3436/3436/3207 3430/3430/3201
f 3432/3432/3203 3434/3434/3205 3392/3392/3163
f 3435/3435/3206 3401/3401/3172 5920/5920/5451
f 3401/3401/3172 3400/3400/3171 5920/5920/5451
f 3442/3442/3213 3444/3444/3215 3443/3443/3214
f 3444/3444/3215 3436/3436/3207 3443/3443/3214
f 3441/3441/3212 3491/3491/3262 3442/3442/3213
f 3491/3491/3262 3445/3445/3216 3442/3442/3213
f 5921/5921/5452 5922/5922/5453 3456/3456/3227
f 5922/5922/5453 3461/3461/3232 3456/3456/3227
f 3421/3421/3192 3471/3471/3242 3419/3419/3190
f 3471/3471/3242 3452/3452/3223 3419/3419/3190
f 3455/3455/3226 3423/3423/3194 3456/3456/3227
f 3423/3423/3194 3435/3435/3206 3456/3456/3227
f 3457/3457/3228 3465/3465/3236 3455/3455/3226
f 3465/3465/3236 3454/3454/3225 3455/3455/3226
f 3459/3459/3230 3458/3458/3229 3465/3465/3236
f 3458/3458/3229 3454/3454/3225 3465/3465/3236
f 3458/3458/3229 3460/3460/3231 3426/3426/3197
f 3460/3460/3231 3453/3453/3224 3426/3426/3197
f 3462/3462/3233 3464/3464/3235 3461/3461/3232
f 3464/3464/3235 3457/3457/3228 3461/3461/3232
f 3464/3464/3235 3463/3463/3234 3466/3466/3237
f 3463/3463/3234 3467/3467/3238 3466/3466/3237
f 3466/3466/3237 3468/3468/3239 3459/3459/3230
f 3468/3468/3239 3469/3469/3240 3459/3459/3230
f 3452/3452/3223 3473/3473/3244 3451/3451/3222
f 3473/3473/3244 3477/3477/3248 3451/3451/3222
f 3484/3484/3255 3480/3480/3251 3482/3482/3253
f 3480/3480/3251 3479/3479/3250 3482/3482/3253
f 3474/3474/3245 3479/3479/3250 3473/3473/3244
f 3479/3479/3250 3478/3478/3249 3473/3473/3244
f 5923/5923/5454 3460/3460/3231 3485/3485/3256
f 3460/3460/3231 3469/3469/3240 3485/3485/3256
f 3487/3487/3258 3486/3486/3257 3470/3470/3241
f 3486/3486/3257 3485/3485/3256 3470/3470/3241
f 3490/3490/3261 3493/3493/3264 3441/3441/3212
f 3493/3493/3264 3492/3492/3263 3441/3441/3212
f 3492/3492/3263 3500/3500/3271 3491/3491/3262
f 3500/3500/3271 5924/5924/5455 3491/3491/3262
f 3502/3502/3273 3501/3501/3272 3495/3495/3266
f 3501/3501/3272 3493/3493/3264 3495/3495/3266
f 3501/3501/3272 3503/3503/3274 3504/3504/3275
f 3503/3503/3274 3515/3515/3285 3504/3504/3275
f 3505/3505/3276 3499/3499/3270 3509/3509/3280
f 3499/3499/3270 3496/3496/3267 3509/3509/3280
f 3518/3518/3288 3514/3514/3284 5925/5925/5456
f 3514/3514/3284 3513/3513/3283 5925/5925/5456
f 3513/3513/3283 2885/2885/2663 3467/3467/3238
f 2885/2885/2663 2884/2884/2662 3467/3467/3238
f 3470/3470/3241 3468/3468/3239 2883/2883/2661
f 3468/3468/3239 2884/2884/2662 2883/2883/2661
f 5926/5926/5457 3500/3500/3271 3516/3516/3286
f 3500/3500/3271 3504/3504/3275 3516/3516/3286
f 3564/3564/3334 5927/5927/5458 3517/3517/3287
f 5927/5927/5458 3516/3516/3286 3517/3517/3287
f 2886/2886/2664 2889/2889/2667 3521/3521/3291
f 2890/2890/2668 3514/3514/3284 3519/3519/3289
f 3525/3525/3295 3484/3484/3255 3527/3527/3297
f 3484/3484/3255 3483/3483/3254 3527/3527/3297
f 3523/3523/3293 3525/3525/3295 3532/3532/3302
f 3525/3525/3295 3524/3524/3294 3532/3532/3302
f 3487/3487/3258 2897/2897/2675 3488/3488/3259
f 2897/2897/2675 2899/2899/2677 3488/3488/3259
f 3530/3530/3300 3489/3489/3260 2906/2906/2684
f 3489/3489/3260 3488/3488/3259 2906/2906/2684
f 4094/4094/3860 5928/5928/5459 3534/3534/3304
f 3524/3524/3294 3542/3542/3312 5929/5929/5460
f 3540/3540/3310 3536/3536/3306 3528/3528/3298
f 3536/3536/3306 3527/3527/3297 3528/3528/3298
f 3538/3538/3308 3536/3536/3306 3541/3541/3311
f 3536/3536/3306 3540/3540/3310 3541/3541/3311
f 3538/3538/3308 3545/3545/3315 3542/3542/3312
f 3545/3545/3315 5930/5930/5461 3542/3542/3312
f 5931/5931/5462 5932/5932/5463 3546/3546/3316
f 5932/5932/5463 3545/3545/3315 3546/3546/3316
f 2934/2934/2712 2936/2936/2714 3541/3541/3311
f 2936/2936/2714 3546/3546/3316 3541/3541/3311
f 3546/3546/3316 3549/3549/3319 5931/5931/5462
f 3549/3549/3319 3548/3548/3318 5931/5931/5462
f 3549/3549/3319 3546/3546/3316 2937/2937/2715
f 3546/3546/3316 2936/2936/2714 2937/2937/2715
f 3558/3558/3328 3517/3517/3287 3551/3551/3321
f 3517/3517/3287 3515/3515/3285 3551/3551/3321
f 3558/3558/3328 3551/3551/3321 3556/3556/3326
f 3551/3551/3321 3552/3552/3322 3556/3556/3326
f 3570/3570/3340 5933/5933/5464 3562/3562/3332
f 5933/5933/5464 3555/3555/3325 3562/3562/3332
f 3561/3561/3331 3560/3560/3330 3554/3554/3324
f 3560/3560/3330 3562/3562/3332 3554/3554/3324
f 2953/2953/2731 2952/2952/2730 3565/3565/3335
f 2952/2952/2730 3564/3564/3334 3565/3565/3335
f 3557/3557/3327 3567/3567/3337 3565/3565/3335
f 3567/3567/3337 2953/2953/2731 3565/3565/3335
f 3569/3569/3339 3571/3571/3341 3573/3573/3343
f 3571/3571/3341 3587/3587/3357 3573/3573/3343
f 3572/3572/3342 3570/3570/3340 3573/3573/3343
f 3570/3570/3340 3569/3569/3339 3573/3573/3343
f 2963/2963/2741 2966/2966/2744 3576/3576/3346
f 2966/2966/2744 3567/3567/3337 3576/3576/3346
f 3575/3575/3345 3576/3576/3346 5934/5934/5465
f 3576/3576/3346 3577/3577/3347 5934/5934/5465
f 3580/3580/3350 3534/3534/3304 3584/3584/3354
f 3534/3534/3304 3533/3533/3303 3584/3584/3354
f 3581/3581/3351 3580/3580/3350 3592/3592/3362
f 3580/3580/3350 3582/3582/3352 3592/3592/3362
f 3596/3596/3366 3590/3590/3360 3597/3597/3367
f 3590/3590/3360 3588/3588/3358 3597/3597/3367
f 3571/3571/3341 3560/3560/3330 3589/3589/3359
f 3560/3560/3330 3579/3579/3349 3589/3589/3359
f 3597/3597/3367 3588/3588/3358 3591/3591/3361
f 3588/3588/3358 3589/3589/3359 3591/3591/3361
f 3597/3597/3367 3591/3591/3361 3585/3585/3355
f 3591/3591/3361 3582/3582/3352 3585/3585/3355
f 3597/3597/3367 3585/3585/3355 3595/3595/3365
f 3585/3585/3355 3593/3593/3363 3595/3595/3365
f 3598/3598/3368 3602/3602/3372 2989/2989/2767
f 3602/3602/3372 2992/2992/2770 2989/2989/2767
f 3599/3599/3369 3586/3586/3356 3544/3544/3314
f 3586/3586/3356 3584/3584/3354 3544/3544/3314
f 3601/3601/3371 3599/3599/3369 2989/2989/2767
f 3599/3599/3369 3598/3598/3368 2989/2989/2767
f 3600/3600/3370 3604/3604/3374 3586/3586/3356
f 3604/3604/3374 3593/3593/3363 3586/3586/3356
f 3608/3608/3378 3605/3605/3375 3606/3606/3376
f 3605/3605/3375 3604/3604/3374 3606/3606/3376
f 2986/2986/2764 3014/3014/2790 5935/5935/5466
f 3014/3014/2790 3609/3609/3379 5935/5935/5466
f 3611/3611/3381 3612/3612/3382 3574/3574/3344
f 3035/3035/2811 3575/3575/3345 5934/5934/5465
f 3614/3614/3384 3610/3610/3380 3590/3590/3360
f 3610/3610/3380 3587/3587/3357 3590/3590/3360
f 3617/3617/3387 3616/3616/3386 3595/3595/3365
f 3616/3616/3386 3596/3596/3366 3595/3595/3365
f 3618/3618/3388 3611/3611/3381 3614/3614/3384
f 3611/3611/3381 3610/3610/3380 3614/3614/3384
f 3615/3615/3385 3620/3620/3390 3618/3618/3388
f 3620/3620/3390 3046/3046/2822 3618/3618/3388
f 3619/3619/3389 3615/3615/3385 3621/3621/3391
f 3615/3615/3385 3616/3616/3386 3621/3621/3391
f 3624/3624/3394 3622/3622/3392 3625/3625/3395
f 3622/3622/3392 3620/3620/3390 3625/3625/3395
f 3625/3625/3395 3619/3619/3389 3626/3626/3396
f 3619/3619/3389 3627/3627/3397 3626/3626/3396
f 3013/3013/2789 3056/3056/2832 5936/5936/5467
f 3632/3632/3402 3631/3631/3401 3608/3608/3378
f 3629/3629/3399 3621/3621/3391 3605/3605/3375
f 3621/3621/3391 3617/3617/3387 3605/3605/3375
f 3630/3630/3400 3629/3629/3399 5937/5937/5468
f 3629/3629/3399 3631/3631/3401 5937/5937/5468
f 3628/3628/3398 3627/3627/3397 5938/5938/5469
f 3627/3627/3397 3630/3630/3400 5938/5938/5469
f 3070/3070/2846 3637/3637/3407 3068/3068/2844
f 3637/3637/3407 3636/3636/3406 3068/3068/2844
f 3639/3639/3409 3098/3098/2874 5939/5939/5470
f 3098/3098/2874 5940/5940/5471 5939/5939/5470
f 3070/3070/2846 3100/3100/2876 3638/3638/3408
f 3100/3100/2876 3642/3642/3412 3638/3638/3408
f 3096/3096/2872 3098/3098/2874 3642/3642/3412
f 3098/3098/2874 3638/3638/3408 3642/3642/3412
f 3108/3108/2884 3110/3110/2886 3647/3647/3417
f 3110/3110/2886 3645/3645/3415 3647/3647/3417
f 3647/3647/3417 3645/3645/3415 3649/3649/3419
f 3643/3643/3413 3114/3114/2890 3113/3113/2889
f 3653/3653/3423 3651/3651/3421 3654/3654/3424
f 3651/3651/3421 3650/3650/3420 3654/3654/3424
f 3656/3656/3426 3663/3663/3433 3658/3658/3428
f 3663/3663/3433 3700/3700/3470 3658/3658/3428
f 3651/3651/3421 3659/3659/3429 3656/3656/3426
f 3659/3659/3429 3663/3663/3433 3656/3656/3426
f 3174/3174/2947 3661/3661/3431 3660/3660/3430
f 3661/3661/3431 3653/3653/3423 3660/3660/3430
f 3661/3661/3431 3179/3179/2952 3659/3659/3429
f 3179/3179/2952 3662/3662/3432 3659/3659/3429
f 3672/3672/3442 3667/3667/3437 3670/3670/3440
f 3667/3667/3437 3664/3664/3434 3670/3670/3440
f 3184/3184/2957 3669/3669/3439 3662/3662/3432
f 3669/3669/3439 3668/3668/3438 3662/3662/3432
f 3675/3675/3445 3679/3679/3449 4144/4144/3908
f 3679/3679/3449 3696/3696/3466 4144/4144/3908
f 4144/4144/3908 4146/4146/3910 3675/3675/3445
f 4146/4146/3910 3676/3676/3446 3675/3675/3445
f 3674/3674/3444 3681/3681/3451 3677/3677/3447
f 3681/3681/3451 3682/3682/3452 3677/3677/3447
f 3683/3683/3453 3681/3681/3451 3678/3678/3448
f 3681/3681/3451 3674/3674/3444 3678/3678/3448
f 3686/3686/3456 3690/3690/3460 3687/3687/3457
f 3690/3690/3460 3688/3688/3458 3687/3687/3457
f 3685/3685/3455 3722/3722/3492 3686/3686/3456
f 3722/3722/3492 3691/3691/3461 3686/3686/3456
f 3692/3692/3462 3693/3693/3463 3722/3722/3492
f 3693/3693/3463 3691/3691/3461 3722/3722/3492
f 3683/3683/3453 5941/5941/5472 3201/3201/2974
f 5941/5941/5472 3197/3197/2970 3201/3201/2974
f 3677/3677/3447 3655/3655/3425 3679/3679/3449
f 3655/3655/3425 3654/3654/3424 3679/3679/3449
f 3660/3660/3430 3655/3655/3425 3210/3210/2983
f 3655/3655/3425 3682/3682/3452 3210/3210/2983
f 3705/3705/3475 5942/5942/5473 3667/3667/3437
f 5942/5942/5473 3665/3665/3435 3667/3667/3437
f 3705/3705/3475 3704/3704/3474 5942/5942/5473
f 3704/3704/3474 3703/3703/3473 5942/5942/5473
f 3712/3712/3482 3707/3707/3477 3706/3706/3476
f 3707/3707/3477 3704/3704/3474 3706/3706/3476
f 3671/3671/3441 3223/3223/2996 3672/3672/3442
f 3223/3223/2996 3710/3710/3480 3672/3672/3442
f 3711/3711/3481 3706/3706/3476 3226/3226/2999
f 3706/3706/3476 3710/3710/3480 3226/3226/2999
f 3715/3715/3485 3708/3708/3478 3713/3713/3483
f 3708/3708/3478 3707/3707/3477 3713/3713/3483
f 3717/3717/3487 3716/3716/3486 3712/3712/3482
f 3716/3716/3486 3713/3713/3483 3712/3712/3482
f 3720/3720/3490 3718/3718/3488 3719/3719/3489
f 3718/3718/3488 3717/3717/3487 3719/3719/3489
f 3711/3711/3481 3226/3226/2999 3719/3719/3489
f 3226/3226/2999 3235/3235/3008 3719/3719/3489
f 3721/3721/3491 3724/3724/3494 3685/3685/3455
f 3724/3724/3494 3723/3723/3493 3685/3685/3455
f 3249/3249/3022 3692/3692/3462 3246/3246/3019
f 3692/3692/3462 3727/3727/3497 3246/3246/3019
f 3739/3739/3507 3737/3737/3505 3731/3731/3499
f 3737/3737/3505 3727/3727/3497 3731/3731/3499
f 3739/3739/3507 3731/3731/3499 3725/3725/3495
f 3731/3731/3499 3723/3723/3493 3725/3725/3495
f 4195/4195/3959 3732/3732/3500 3726/3726/3496
f 3732/3732/3500 3724/3724/3494 3726/3726/3496
f 4195/4195/3959 5943/5943/5474 3732/3732/3500
f 3744/3744/3512 3735/3735/3503 3734/3734/3502
f 3739/3739/3507 3261/3261/3034 3737/3737/3505
f 5944/5944/5475 5945/5945/5475 5946/5946/5475
f 3725/3725/3495 3736/3736/3504 3739/3739/3507
f 3733/3733/3501 3752/3752/3520 5947/5947/5476
f 3753/3753/3521 3304/3304/3075 3752/3752/3520
f 3304/3304/3075 5948/5948/5477 3752/3752/3520
f 3742/3742/3510 3741/3741/3509 3747/3747/3515
f 3741/3741/3509 3743/3743/3511 3747/3747/3515
f 3745/3745/3513 3733/3733/3501 3741/3741/3509
f 3733/3733/3501 3735/3735/3503 3741/3741/3509
f 3748/3748/3516 5949/5949/5478 3746/3746/3514
f 3774/3774/3542 3773/3773/3541 5950/5950/5479
f 3742/3742/3510 3746/3746/3514 3751/3751/3519
f 3746/3746/3514 3749/3749/3517 3751/3751/3519
f 3755/3755/3523 3753/3753/3521 3740/3740/3508
f 3753/3753/3521 3745/3745/3513 3740/3740/3508
f 3754/3754/3522 3740/3740/3508 3757/3757/3525
f 3740/3740/3508 3751/3751/3519 3757/3757/3525
f 3759/3759/3527 3716/3716/3486 3762/3762/3530
f 3716/3716/3486 3718/3718/3488 3762/3762/3530
f 3760/3760/3528 3759/3759/3527 5951/5951/5480
f 5952/5952/5481 3765/3765/3533 3777/3777/3545
f 3766/3766/3534 3720/3720/3490 3276/3276/3047
f 3720/3720/3490 3271/3271/3042 3276/3276/3047
f 3767/3767/3535 3764/3764/3532 3768/3768/3536
f 5953/5953/5482 3762/3762/3530 3766/3766/3534
f 3771/3771/3539 3770/3770/3538 3776/3776/3544
f 3770/3770/3538 3772/3772/3540 3776/3776/3544
f 3779/3779/3547 3749/3749/3517 5954/5954/5483
f 3749/3749/3517 3750/3750/3518 5954/5954/5483
f 3771/3771/3539 3776/3776/3544 3764/3764/3532
f 3776/3776/3544 3765/3765/3533 3764/3764/3532
f 3831/3831/3599 3833/3833/3601 3769/3769/3537
f 3758/3758/3526 3779/3779/3547 5955/5955/5484
f 3280/3280/3051 3831/3831/3599 3780/3780/3548
f 3831/3831/3599 3769/3769/3537 3780/3780/3548
f 3767/3767/3535 3283/3283/3054 3780/3780/3548
f 3283/3283/3054 3281/3281/3052 3780/3780/3548
f 3794/3794/3562 3784/3784/3552 3793/3793/3561
f 3784/3784/3552 3786/3786/3554 3793/3793/3561
f 3794/3794/3562 3798/3798/3566 5956/5956/5485
f 3849/3849/3617 3811/3811/3579 3795/3795/3563
f 3800/3800/3568 3782/3782/3550 3801/3801/3569
f 3782/3782/3550 3781/3781/3549 3801/3801/3569
f 3806/3806/3574 3802/3802/3570 3804/3804/3572
f 3802/3802/3570 3807/3807/3575 3804/3804/3572
f 3755/3755/3523 3754/3754/3522 3329/3329/3100
f 3754/3754/3522 3332/3332/3103 3329/3329/3100
f 3758/3758/3526 3353/3353/3124 3757/3757/3525
f 3353/3353/3124 3338/3338/3109 3757/3757/3525
f 3801/3801/3569 3795/3795/3563 3803/3803/3571
f 3795/3795/3563 3808/3808/3576 3803/3803/3571
f 3811/3811/3579 3816/3816/3584 3808/3808/3576
f 3816/3816/3584 3809/3809/3577 3808/3808/3576
f 3810/3810/3578 3812/3812/3580 3803/3803/3571
f 3812/3812/3580 3807/3807/3575 3803/3803/3571
f 3810/3810/3578 3815/3815/3583 3812/3812/3580
f 3815/3815/3583 3814/3814/3582 3812/3812/3580
f 3818/3818/3586 3819/3819/3587 3809/3809/3577
f 3819/3819/3587 3815/3815/3583 3809/3809/3577
f 3823/3823/3591 3805/3805/3573 3824/3824/3592
f 3805/3805/3573 3804/3804/3572 3824/3824/3592
f 3842/3842/3610 3841/3841/3609 3886/3886/3653
f 3836/3836/3604 3835/3835/3603 3883/3883/3650
f 3843/3843/3611 3835/3835/3603 3814/3814/3582
f 3835/3835/3603 3813/3813/3581 3814/3814/3582
f 3824/3824/3592 3813/3813/3581 3826/3826/3594
f 3813/3813/3581 3835/3835/3603 3826/3826/3594
f 3883/3883/3650 3835/3835/3603 3844/3844/3612
f 3835/3835/3603 3843/3843/3611 3844/3844/3612
f 3841/3841/3609 3839/3839/3607 5957/5957/5486
f 3839/3839/3607 3829/3829/3597 5957/5957/5486
f 3838/3838/3606 3830/3830/3598 3839/3839/3607
f 3830/3830/3598 3829/3829/3597 3839/3839/3607
f 3845/3845/3613 3846/3846/3614 3789/3789/3557
f 3846/3846/3614 3848/3848/3616 3789/3789/3557
f 3850/3850/3618 3849/3849/3617 3852/3852/3620
f 3798/3798/3566 3797/3797/3565 3854/3854/3622
f 3859/3859/3626 3847/3847/3615 3860/3860/3627
f 3847/3847/3615 3846/3846/3614 3860/3860/3627
f 3858/3858/3625 3863/3863/3630 3859/3859/3626
f 3863/3863/3630 3861/3861/3628 3859/3859/3626
f 5958/5958/5487 3866/3866/3633 3853/3853/3621
f 3866/3866/3633 3865/3865/3632 3853/3853/3621
f 3871/3871/3638 3816/3816/3584 3853/3853/3621
f 3816/3816/3584 3850/3850/3618 3853/3853/3621
f 3872/3872/3639 3873/3873/3640 3871/3871/3638
f 3873/3873/3640 3870/3870/3637 3871/3871/3638
f 3870/3870/3637 3366/3366/3137 3818/3818/3586
f 3366/3366/3137 3365/3365/3136 3818/3818/3586
f 3821/3821/3589 3819/3819/3587 3364/3364/3135
f 3819/3819/3587 3365/3365/3136 3364/3364/3135
f 3868/3868/3635 3875/3875/3642 3869/3869/3636
f 3875/3875/3642 3877/3877/3644 3869/3869/3636
f 3875/3875/3642 3874/3874/3641 3878/3878/3645
f 3874/3874/3641 3879/3879/3646 3878/3878/3645
f 3878/3878/3645 3881/3881/3648 3876/3876/3643
f 3367/3367/3138 3366/3366/3137 3873/3873/3640
f 3902/3902/3669 3905/3905/3672 3880/3880/3647
f 3905/3905/3672 3881/3881/3648 3880/3880/3647
f 3888/3888/3655 3842/3842/3610 3895/3895/3662
f 3842/3842/3610 3885/3885/3652 3895/3895/3662
f 3894/3894/3661 3895/3895/3662 3893/3893/3660
f 3895/3895/3662 3885/3885/3652 3893/3893/3660
f 3889/3889/3656 3888/3888/3655 4315/4315/4074
f 3888/3888/3655 3895/3895/3662 4315/4315/4074
f 3821/3821/3589 3364/3364/3135 3844/3844/3612
f 3364/3364/3135 3890/3890/3657 3844/3844/3612
f 3887/3887/3654 3890/3890/3657 5959/5959/5488
f 3890/3890/3657 3369/3369/3140 5959/5959/5488
f 3898/3898/3665 4315/4315/4074 3896/3896/3663
f 4315/4315/4074 3895/3895/3662 3896/3896/3663
f 3900/3900/3667 3899/3899/3666 3894/3894/3661
f 3899/3899/3666 3896/3896/3663 3894/3894/3661
f 3368/3368/3139 5960/5960/5489 3369/3369/3140
f 5960/5960/5489 5959/5959/5488 3369/3369/3140
f 3904/3904/3671 3903/3903/3670 3906/3906/3673
f 3903/3903/3670 3939/3939/3706 3906/3906/3673
f 3942/3942/3709 3901/3901/3668 3909/3909/3676
f 3901/3901/3668 3900/3900/3667 3909/3909/3676
f 3910/3910/3677 3912/3912/3679 3858/3858/3625
f 3912/3912/3679 3911/3911/3678 3858/3858/3625
f 3911/3911/3678 3917/3917/3684 3863/3863/3630
f 3917/3917/3684 5961/5961/5490 3863/3863/3630
f 3919/3919/3686 3918/3918/3685 3914/3914/3681
f 3918/3918/3685 3912/3912/3679 3914/3914/3681
f 3918/3918/3685 3920/3920/3687 3921/3921/3688
f 3920/3920/3687 3927/3927/3694 3921/3921/3688
f 3874/3874/3641 3868/3868/3635 3924/3924/3691
f 3868/3868/3635 3915/3915/3682 3924/3924/3691
f 3925/3925/3692 3926/3926/3693 3924/3924/3691
f 3926/3926/3693 3922/3922/3689 3924/3924/3691
f 3922/3922/3689 3373/3373/3144 3879/3879/3646
f 3373/3373/3144 3372/3372/3143 3879/3879/3646
f 3902/3902/3669 3880/3880/3647 3371/3371/3142
f 3880/3880/3647 3372/3372/3143 3371/3371/3142
f 3925/3925/3692 3923/3923/3690 3931/3931/3698
f 5962/5962/5491 5963/5963/5491 5964/5964/5492
f 3932/3932/3699 3930/3930/3697 5965/5965/5493
f 5966/5966/5494 5964/5964/5492 5967/5967/5494
f 3374/3374/3145 3377/3377/3148 3930/3930/3697
f 3377/3377/3148 3926/3926/3693 3930/3930/3697
f 3933/3933/3700 3899/3899/3666 3936/3936/3703
f 3899/3899/3666 3901/3901/3668 3936/3936/3703
f 3934/3934/3701 3933/3933/3700 4366/4366/4125
f 3933/3933/3700 3935/3935/3702 4366/4366/4125
f 3381/3381/3152 3938/3938/3705 3371/3371/3142
f 3938/3938/3705 3903/3903/3670 3371/3371/3142
f 3953/3953/3720 3943/3943/3710 5968/5968/5495
f 3941/3941/3708 3938/3938/3705 3940/3940/3707
f 3953/3953/3720 3937/3937/3704 3943/3943/3710
f 3937/3937/3704 3936/3936/3703 3943/3943/3710
f 3946/3946/3713 4366/4366/4125 3944/3944/3711
f 4366/4366/4125 3935/3935/3702 3944/3944/3711
f 3948/3948/3715 3947/3947/3714 3937/3937/3704
f 3947/3947/3714 3944/3944/3711 3937/3937/3704
f 3384/3384/3155 3950/3950/3717 3385/3385/3156
f 3950/3950/3717 3940/3940/3707 3385/3385/3156
f 3984/3984/3750 3949/3949/3716 3954/3954/3721
f 3949/3949/3716 3948/3948/3715 3954/3954/3721
f 3958/3958/3725 3929/3929/3696 3956/3956/3723
f 3929/3929/3696 3927/3927/3694 3956/3956/3723
f 3956/3956/3723 3955/3955/3722 3957/3957/3724
f 3955/3955/3722 3969/3969/3736 3957/3957/3724
f 3374/3374/3145 3932/3932/3699 3387/3387/3158
f 3932/3932/3699 3962/3962/3729 3387/3387/3158
f 3959/3959/3726 3972/3972/3739 3958/3958/3725
f 3972/3972/3739 3960/3960/3727 3958/3958/3725
f 3972/3972/3739 3973/3973/3740 3960/3960/3727
f 3965/3965/3732 3962/3962/3729 3963/3963/3730
f 3959/3959/3726 3957/3957/3724 3966/3966/3733
f 3957/3957/3724 3970/3970/3737 3966/3966/3733
f 3968/3968/3735 3999/3999/3765 3966/3966/3733
f 3999/3999/3765 3971/3971/3738 3966/3966/3733
f 3975/3975/3742 3974/3974/3741 3999/3999/3765
f 3974/3974/3741 3971/3971/3738 3999/3999/3765
f 3431/3431/3202 5969/5969/5496 3974/3974/3741
f 5969/5969/5496 3973/3973/3740 3974/3974/3741
f 3978/3978/3744 3947/3947/3714 3981/3981/3747
f 3947/3947/3714 3949/3949/3716 3981/3981/3747
f 4404/4404/4163 5970/5970/5497 4402/4402/4161
f 3978/3978/3744 3980/3980/3746 5971/5971/5498
f 3985/3985/3751 3949/3949/3716 3407/3407/3178
f 3949/3949/3716 3984/3984/3750 3407/3407/3178
f 3981/3981/3747 3949/3949/3716 3986/3986/3752
f 3949/3949/3716 3985/3985/3751 3986/3986/3752
f 3989/3989/3755 4402/4402/4161 3990/3990/3756
f 4402/4402/4161 5972/5972/5499 3990/3990/3756
f 3987/3987/3753 3991/3991/3757 4022/4022/3788
f 3991/3991/3757 3996/3996/3762 4022/4022/3788
f 3994/3994/3760 3995/3995/3761 3986/3986/3752
f 3995/3995/3761 3991/3991/3757 3986/3986/3752
f 3428/3428/3199 3992/3992/3758 3994/3994/3760
f 3992/3992/3758 3995/3995/3761 3994/3994/3760
f 4005/4005/3771 4000/4000/3766 3967/3967/3734
f 4000/4000/3766 3968/3968/3735 3967/3967/3734
f 4009/4009/3775 4001/4001/3767 4006/4006/3772
f 4001/4001/3767 4000/4000/3766 4006/4006/3772
f 4004/4004/3770 4003/4003/3769 4410/4410/4169
f 5973/5973/5500 4006/4006/3772 4005/4005/3771
f 3431/3431/3202 3975/3975/3742 3429/3429/3200
f 3975/3975/3742 4008/4008/3774 3429/3429/3200
f 4010/4010/3776 3437/3437/3208 4001/4001/3767
f 3437/3437/3208 4008/4008/3774 4001/4001/3767
f 4012/4012/3778 4014/4014/3780 4053/4053/3819
f 4014/4014/3780 4026/4026/3792 4053/4053/3819
f 4015/4015/3781 4009/4009/3775 4016/4016/3782
f 4009/4009/3775 4011/4011/3777 4016/4016/3782
f 4018/4018/3784 4019/4019/3785 4017/4017/3783
f 4019/4019/3785 4015/4015/3781 4017/4017/3783
f 4010/4010/3776 4019/4019/3785 3437/3437/3208
f 4019/4019/3785 3443/3443/3214 3437/3437/3208
f 4025/4025/3791 4024/4024/3790 4036/4036/3802
f 4024/4024/3790 3988/3988/3754 4036/4036/3802
f 4035/4035/3801 4029/4029/3795 4031/4031/3797
f 4029/4029/3795 4027/4027/3793 4031/4031/3797
f 4014/4014/3780 4003/4003/3769 4028/4028/3794
f 4003/4003/3769 4020/4020/3786 4028/4028/3794
f 4031/4031/3797 4027/4027/3793 4032/4032/3798
f 4027/4027/3793 4028/4028/3794 4032/4032/3798
f 4030/4030/3796 4032/4032/3798 4025/4025/3791
f 4032/4032/3798 4023/4023/3789 4025/4025/3791
f 5974/5974/5501 4045/4045/3811 4063/4063/3829
f 4045/4045/3811 4046/4046/3812 4063/4063/3829
f 4038/4038/3804 4021/4021/3787 3997/3997/3763
f 4021/4021/3787 3996/3996/3762 3997/3997/3763
f 3992/3992/3758 3451/3451/3222 3997/3997/3763
f 3451/3451/3222 4041/4041/3807 3997/3997/3763
f 4040/4040/3806 4038/4038/3804 4042/4042/3808
f 4038/4038/3804 4041/4041/3807 4042/4042/3808
f 4044/4044/3810 4047/4047/3813 4045/4045/3811
f 4047/4047/3813 4046/4046/3812 4045/4045/3811
f 4051/4051/3817 5975/5975/5502 4050/4050/3816
f 5975/5975/5502 4049/4049/3815 4050/4050/3816
f 3477/3477/3248 3478/3478/3249 4042/4042/3808
f 3478/3478/3249 4050/4050/3816 4042/4042/3808
f 4055/4055/3821 3495/3495/3266 4018/4018/3784
f 3495/3495/3266 3490/3490/3261 4018/4018/3784
f 4055/4055/3821 4017/4017/3783 4057/4057/3823
f 4017/4017/3783 4052/4052/3818 4057/4057/3823
f 4095/4095/3861 3503/3503/3274 4058/4058/3824
f 3503/3503/3274 3502/3502/3273 4058/4058/3824
f 4060/4060/3826 4054/4054/3820 4029/4029/3795
f 4054/4054/3820 4026/4026/3792 4029/4029/3795
f 4070/4070/3836 4062/4062/3828 4034/4034/3800
f 4062/4062/3828 4035/4035/3801 4034/4034/3800
f 4065/4065/3831 4060/4060/3826 4067/4067/3833
f 4060/4060/3826 4061/4061/3827 4067/4067/3833
f 4068/4068/3834 4061/4061/3827 4069/4069/3835
f 4061/4061/3827 4062/4062/3828 4069/4069/3835
f 4074/4074/3840 4071/4071/3837 4072/4072/3838
f 4071/4071/3837 4067/4067/3833 4072/4072/3838
f 4072/4072/3838 4075/4075/3841 4073/4073/3839
f 4075/4075/3841 4077/4077/3843 4073/4073/3839
f 4075/4075/3841 4068/4068/3834 4076/4076/3842
f 4068/4068/3834 4078/4078/3844 4076/4076/3842
f 3480/3480/3251 3523/3523/3293 4051/4051/3817
f 3523/3523/3293 4085/4085/3851 4051/4051/3817
f 4081/4081/3847 5976/5976/5503 4048/4048/3814
f 5976/5976/5503 4064/4064/3830 4048/4048/3814
f 4083/4083/3849 4082/4082/3848 4090/4090/3856
f 4081/4081/3847 4084/4084/3850 4087/4087/3853
f 4079/4079/3845 4078/4078/3844 4088/4088/3854
f 4078/4078/3844 4083/4083/3849 4088/4088/3854
f 4088/4088/3854 4091/4091/3857 4089/4089/3855
f 4091/4091/3857 4093/4093/3859 4089/4089/3855
f 4091/4091/3857 4090/4090/3856 4094/4094/3860
f 4090/4090/3856 5977/5977/5504 4094/4094/3860
f 4073/4073/3839 4077/4077/3843 3553/3553/3323
f 4077/4077/3843 3554/3554/3324 3553/3553/3323
f 4079/4079/3845 3559/3559/3329 4076/4076/3842
f 3559/3559/3329 3561/3561/3331 4076/4076/3842
f 3579/3579/3349 3559/3559/3329 4097/4097/3863
f 3559/3559/3329 4089/4089/3855 4097/4097/3863
f 5978/5978/5505 5979/5979/5505 5980/5980/5505
f 4093/4093/3859 3581/3581/3351 3592/3592/3362
f 4112/4112/3876 4114/4114/3878 4110/4110/3874
f 4114/4114/3878 4113/4113/3877 4110/4110/3874
f 4105/4105/3869 4119/4119/3883 4110/4110/3874
f 4119/4119/3883 4111/4111/3875 4110/4110/3874
f 4115/4115/3879 4106/4106/3870 4114/4114/3878
f 4106/4106/3870 4109/4109/3873 4114/4114/3878
f 4112/4112/3876 4118/4118/3882 4115/4115/3879
f 4118/4118/3882 4117/4117/3881 4115/4115/3879
f 3650/3650/3420 4121/4121/3885 4120/4120/3884
f 4121/4121/3885 4111/4111/3875 4120/4120/3884
f 4121/4121/3885 3657/3657/3427 4118/4118/3882
f 3657/3657/3427 4122/4122/3886 4118/4118/3882
f 4132/4132/3896 4122/4122/3886 3658/3658/3428
f 4122/4122/3886 3657/3657/3427 3658/3658/3428
f 4130/4130/3894 4158/4158/3922 4131/4131/3895
f 4126/4126/3890 4125/4125/3889 4128/4128/3892
f 4116/4116/3880 4124/4124/3888 4106/4106/3870
f 4124/4124/3888 4123/4123/3887 4106/4106/3870
f 4127/4127/3891 4125/4125/3889 4117/4117/3881
f 4125/4125/3889 4116/4116/3880 4117/4117/3881
f 4133/4133/3897 4128/4128/3892 4132/4132/3896
f 4128/4128/3892 4127/4127/3891 4132/4132/3896
f 4137/4137/3901 4140/4140/3904 4104/4104/3868
f 4140/4140/3904 4105/4105/3869 4104/4104/3868
f 4136/4136/3900 5981/5981/5506 4137/4137/3901
f 4153/4153/3917 4141/4141/3905 5982/5982/5507
f 4138/4138/3902 4145/4145/3909 4140/4140/3904
f 4145/4145/3909 4147/4147/3911 4140/4140/3904
f 4157/4157/3921 5983/5983/5508 4142/4142/3906
f 4145/4145/3909 4138/4138/3902 5984/5984/5509
f 4151/4151/3915 4142/4142/3906 4152/4152/3916
f 4142/4142/3906 4141/4141/3905 4152/4152/3916
f 4150/4150/3914 4180/4180/3944 4151/4151/3915
f 4180/4180/3944 4154/4154/3918 4151/4151/3915
f 4155/4155/3919 4156/4156/3920 4180/4180/3944
f 4156/4156/3920 4154/4154/3918 4180/4180/3944
f 4157/4157/3921 4156/4156/3920 3689/3689/3459
f 4156/4156/3920 3687/3687/3457 3689/3689/3459
f 4120/4120/3884 4119/4119/3883 3696/3696/3466
f 4119/4119/3883 4147/4147/3911 3696/3696/3466
f 4160/4160/3924 4161/4161/3925 4163/4163/3927
f 4161/4161/3925 4496/4496/4255 4163/4163/3927
f 4160/4160/3924 4130/4130/3894 4162/4162/3926
f 4130/4130/3894 4129/4129/3893 4162/4162/3926
f 4133/4133/3897 3701/3701/3471 4134/4134/3898
f 3703/3703/3473 3702/3702/3472 4135/4135/3899
f 4164/4164/3928 4135/4135/3899 3708/3708/3478
f 4135/4135/3899 3702/3702/3472 3708/3708/3478
f 4164/4164/3928 4166/4166/3930 4129/4129/3893
f 4166/4166/3930 4162/4162/3926 4129/4129/3893
f 4177/4177/3941 4167/4167/3931 3714/3714/3484
f 4167/4167/3931 3715/3715/3485 3714/3714/3484
f 4161/4161/3925 4169/4169/3933 4496/4496/4255
f 4169/4169/3933 4174/4174/3938 4496/4496/4255
f 4170/4170/3934 4171/4171/3935 4169/4169/3933
f 4171/4171/3935 4175/4175/3939 4169/4169/3933
f 4172/4172/3936 4171/4171/3935 4178/4178/3942
f 4171/4171/3935 4176/4176/3940 4178/4178/3942
f 4170/4170/3934 4166/4166/3930 4176/4176/3940
f 4166/4166/3930 4167/4167/3931 4176/4176/3940
f 4179/4179/3943 4182/4182/3946 4150/4150/3914
f 4182/4182/3946 4181/4181/3945 4150/4150/3914
f 4185/4185/3949 3726/3726/3496 4155/4155/3919
f 3726/3726/3496 3721/3721/3491 4155/4155/3919
f 4186/4186/3950 4185/4185/3949 4183/4183/3947
f 4185/4185/3949 4181/4181/3945 4183/4183/3947
f 4189/4189/3953 4183/4183/3947 4190/4190/3954
f 4183/4183/3947 4182/4182/3946 4190/4190/3954
f 4188/4188/3952 4249/4249/4008 4189/4189/3953
f 4249/4249/4008 4191/4191/3955 4189/4189/3953
f 5985/5985/5510 4195/4195/3959 4191/4191/3955
f 4195/4195/3959 4186/4186/3950 4191/4191/3955
f 4202/4202/3964 4200/4200/3962 5986/5986/5511
f 4200/4200/3962 5987/5987/5512 5986/5986/5511
f 4201/4201/3963 5988/5988/5513 4207/4207/3969
f 4266/4266/4025 4204/4204/3966 4203/4203/3965
f 4207/4207/3969 4206/4206/3968 4201/4201/3963
f 4206/4206/3968 4199/4199/3961 4201/4201/3963
f 4229/4229/3991 4233/4233/3995 4211/4211/3973
f 4233/4233/3995 4209/4209/3971 4211/4211/3973
f 4177/4177/3941 3714/3714/3484 4215/4215/3977
f 3714/3714/3484 3760/3760/3528 4215/4215/3977
f 4226/4226/3988 4543/4543/4302 4223/4223/3985
f 4543/4543/4302 4228/4228/3990 4223/4223/3985
f 4220/4220/3982 4219/4219/3981 4269/4269/4028
f 4219/4219/3981 5989/5989/5514 4269/4269/4028
f 4219/4219/3981 5990/5990/5515 5989/5989/5514
f 4223/4223/3985 4227/4227/3989 5991/5991/5516
f 4231/4231/3993 4230/4230/3992 4235/4235/3997
f 5992/5992/5517 4276/4276/4035 5993/5993/5518
f 4235/4235/3997 5994/5994/5519 4231/4231/3993
f 5994/5994/5519 4232/4232/3994 4231/4231/3993
f 4276/4276/4035 4269/4269/4028 5993/5993/5518
f 4269/4269/4028 5989/5989/5514 5993/5993/5518
f 4216/4216/3978 3777/3777/3545 5995/5995/5520
f 3777/3777/3545 3776/3776/3544 5995/5995/5520
f 5991/5991/5516 4227/4227/3989 4216/4216/3978
f 4227/4227/3989 4218/4218/3980 4216/4216/3978
f 4237/4237/3998 4240/4240/4001 4172/4172/3936
f 4240/4240/4001 4239/4239/4000 4172/4172/3936
f 4215/4215/3977 4217/4217/3979 4178/4178/3942
f 4217/4217/3979 4237/4237/3998 4178/4178/3942
f 4228/4228/3990 4543/4543/4302 5996/5996/5521
f 5997/5997/5522 4238/4238/3999 4240/4240/4001
f 4248/4248/4007 4251/4251/4010 4188/4188/3952
f 4251/4251/4010 4250/4250/4009 4188/4188/3952
f 4254/4254/4013 3785/3785/3553 4194/4194/3958
f 3785/3785/3553 4192/4192/3956 4194/4194/3958
f 4267/4267/4026 5998/5998/5523 3782/3782/3550
f 5998/5998/5523 3783/3783/3551 3782/3782/3550
f 4256/4256/4015 4255/4255/4014 4252/4252/4011
f 4255/4255/4014 4250/4250/4009 4252/4252/4011
f 4260/4260/4019 4252/4252/4011 4261/4261/4020
f 4252/4252/4011 4251/4251/4010 4261/4261/4020
f 4259/4259/4018 4290/4290/4049 4260/4260/4019
f 4290/4290/4049 4262/4262/4021 4260/4260/4019
f 4263/4263/4022 4264/4264/4023 4290/4290/4049
f 4264/4264/4023 4262/4262/4021 4290/4290/4049
f 4256/4256/4015 4264/4264/4023 4257/4257/4016
f 4264/4264/4023 4265/4265/4024 4257/4257/4016
f 4266/4266/4025 3800/3800/3568 4204/4204/3966
f 3800/3800/3568 3802/3802/3570 4204/4204/3966
f 4275/4275/4034 4205/4205/3967 3805/3805/3573
f 4205/4205/3967 3806/3806/3574 3805/3805/3573
f 4268/4268/4027 4220/4220/3982 4272/4272/4031
f 4220/4220/3982 4270/4270/4029 4272/4272/4031
f 4274/4274/4033 3823/3823/3591 5999/5999/5524
f 3823/3823/3591 3825/3825/3593 5999/5999/5524
f 4277/4277/4036 4276/4276/4035 3830/3830/3598
f 4276/4276/4035 3828/3828/3596 3830/3830/3598
f 4278/4278/4037 4271/4271/4030 4277/4277/4036
f 4271/4271/4030 4270/4270/4029 4277/4277/4036
f 4279/4279/4038 4282/4282/4041 4271/4271/4030
f 4282/4282/4041 4272/4272/4031 4271/4271/4030
f 4280/4280/4039 4279/4279/4038 4285/4285/4044
f 4279/4279/4038 4283/4283/4042 4285/4285/4044
f 4284/4284/4043 4283/4283/4042 3838/3838/3606
f 4283/4283/4042 4278/4278/4037 3838/3838/3606
f 4286/4286/4045 4292/4292/4051 4259/4259/4018
f 4292/4292/4051 4291/4291/4050 4259/4259/4018
f 4289/4289/4048 4288/4288/4047 4286/4286/4045
f 4288/4288/4047 4292/4292/4051 4286/4286/4045
f 4294/4294/4053 3851/3851/3619 4263/4263/4022
f 3851/3851/3619 3845/3845/3613 4263/4263/4022
f 4295/4295/4054 4294/4294/4053 4293/4293/4052
f 4294/4294/4053 4291/4291/4050 4293/4293/4052
f 4288/4288/4047 4307/4307/4066 4296/4296/4055
f 4307/4307/4066 4298/4298/4057 4296/4296/4055
f 4299/4299/4058 4293/4293/4052 4297/4297/4056
f 4293/4293/4052 4296/4296/4055 4297/4297/4056
f 4301/4301/4060 4302/4302/4061 4300/4300/4059
f 4302/4302/4061 4299/4299/4058 4300/4300/4059
f 4295/4295/4054 4302/4302/4061 3851/3851/3619
f 4302/4302/4061 3860/3860/3627 3851/3851/3619
f 4308/4308/4067 4280/4280/4039 4311/4311/4070
f 4280/4280/4039 4309/4309/4068 4311/4311/4070
f 4316/4316/4075 4285/4285/4044 3889/3889/3656
f 4285/4285/4044 4284/4284/4043 3889/3889/3656
f 4317/4317/4076 4310/4310/4069 4316/4316/4075
f 4310/4310/4069 4309/4309/4068 4316/4316/4075
f 4318/4318/4077 4321/4321/4080 6000/6000/5525
f 6001/6001/5526 4311/4311/4070 4310/4310/4069
f 4319/4319/4078 4318/4318/4077 4365/4365/4124
f 4323/4323/4082 4322/4322/4081 4325/4325/4084
f 4324/4324/4083 4322/4322/4081 3898/3898/3665
f 4322/4322/4081 4317/4317/4076 3898/3898/3665
f 4297/4297/4056 4298/4298/4057 4328/4328/4087
f 4298/4298/4057 4327/4327/4086 4328/4328/4087
f 4329/4329/4088 3914/3914/3681 4301/4301/4060
f 3914/3914/3681 3910/3910/3677 4301/4301/4060
f 4329/4329/4088 4300/4300/4059 4331/4331/4090
f 4300/4300/4059 4328/4328/4087 4331/4331/4090
f 4355/4355/4114 3920/3920/3687 4332/4332/4091
f 3920/3920/3687 3919/3919/3686 4332/4332/4091
f 4333/4333/4092 4327/4327/4086 6002/6002/5527
f 4335/4335/4094 4334/4334/4093 4338/4338/4097
f 4344/4344/4103 4333/4333/4092 6003/6003/5528
f 4333/4333/4092 6002/6002/5527 6003/6003/5528
f 4341/4341/4100 4340/4340/4099 4337/4337/4096
f 4340/4340/4099 4342/4342/4101 4337/4337/4096
f 4347/4347/4106 4343/4343/4102 4352/4352/4111
f 4343/4343/4102 4342/4342/4101 4352/4352/4111
f 4352/4352/4111 4353/4353/4112 4354/4354/4113
f 4353/4353/4112 4372/4372/4131 4354/4354/4113
f 4347/4347/4106 4354/4354/4113 4345/4345/4104
f 4354/4354/4113 4358/4358/4117 4345/4345/4104
f 4344/4344/4103 4348/4348/4107 4331/4331/4090
f 4348/4348/4107 4332/4332/4091 4331/4331/4090
f 4357/4357/4116 4355/4355/4114 4351/4351/4110
f 4355/4355/4114 4348/4348/4107 4351/4351/4110
f 4360/4360/4119 4362/4362/4121 4339/4339/4098
f 4362/4362/4121 4340/4340/4099 4339/4339/4098
f 4319/4319/4078 4361/4361/4120 4320/4320/4079
f 4361/4361/4120 4360/4360/4119 4320/4320/4079
f 4374/4374/4133 4363/4363/4122 4364/4364/4123
f 4363/4363/4122 4361/4361/4120 4364/4364/4123
f 4367/4367/4126 4325/4325/4084 3934/3934/3701
f 4325/4325/4084 4324/4324/4083 3934/3934/3701
f 4378/4378/4137 4374/4374/4133 4369/4369/4128
f 4374/4374/4133 4364/4364/4123 4369/4369/4128
f 4397/4397/4156 4373/4373/4132 4370/4370/4129
f 4373/4373/4132 4371/4371/4130 4370/4370/4129
f 4362/4362/4121 4363/4363/4122 4353/4353/4112
f 4363/4363/4122 4371/4371/4130 4353/4353/4112
f 4397/4397/4156 4370/4370/4129 4377/4377/4136
f 4370/4370/4129 4375/4375/4134 4377/4377/4136
f 4376/4376/4135 4375/4375/4134 6004/6004/5529
f 4375/4375/4134 4378/4378/4137 6004/6004/5529
f 3969/3969/3736 3955/3955/3722 4381/4381/4140
f 3955/3955/3722 4357/4357/4116 4381/4381/4140
f 4386/4386/4145 6005/6005/5530 4384/4384/4143
f 4382/4382/4141 4381/4381/4140 4383/4383/4142
f 4384/4384/4143 4358/4358/4117 4385/4385/4144
f 4358/4358/4117 4380/4380/4139 4385/4385/4144
f 3967/3967/3734 3970/3970/3737 4388/4388/4147
f 3970/3970/3737 4382/4382/4141 4388/4388/4147
f 4391/4391/4150 4386/4386/4145 4389/4389/4148
f 4386/4386/4145 4393/4393/4152 4389/4389/4148
f 4396/4396/4155 4380/4380/4139 4373/4373/4132
f 4380/4380/4139 4372/4372/4131 4373/4373/4132
f 4385/4385/4144 4396/4396/4155 4401/4401/4160
f 4396/4396/4155 4398/4398/4157 4401/4401/4160
f 4403/4403/4162 4377/4377/4136 4404/4404/4163
f 4377/4377/4136 4376/4376/4135 4404/4404/4163
f 4403/4403/4162 4402/4402/4161 4398/4398/4157
f 4402/4402/4161 4400/4400/4159 4398/4398/4157
f 4394/4394/4153 4393/4393/4152 4405/4405/4164
f 4393/4393/4152 4401/4401/4160 4405/4405/4164
f 4405/4405/4164 4407/4407/4166 4406/4406/4165
f 4407/4407/4166 4409/4409/4168 4406/4406/4165
f 4407/4407/4166 4400/4400/4159 3989/3989/3755
f 4400/4400/4159 4402/4402/4161 3989/3989/3755
f 4394/4394/4153 4002/4002/3768 4389/4389/4148
f 4002/4002/3768 4004/4004/3770 4389/4389/4148
f 4020/4020/3786 4002/4002/3768 4411/4411/4170
f 4002/4002/3768 4406/4406/4165 4411/4411/4170
f 4411/4411/4170 4409/4409/4168 4023/4023/3789
f 4409/4409/4168 4024/4024/3790 4023/4023/3789
f 4418/4418/4177 4417/4417/4176 4423/4423/4182
f 4417/4417/4176 4424/4424/4183 4423/4423/4182
f 4417/4417/4176 4419/4419/4178 4424/4424/4183
f 4419/4419/4178 4426/4426/4185 4424/4424/4183
f 4437/4437/4196 4427/4427/4186 4435/4435/4194
f 4427/4427/4186 4430/4430/4189 4435/4435/4194
f 4432/4432/4191 4477/4477/4236 4433/4433/4192
f 4442/4442/4201 4441/4441/4200 4436/4436/4195
f 4436/4436/4195 4441/4441/4200 4437/4437/4196
f 4441/4441/4200 4439/4439/4198 4437/4437/4196
f 4440/4440/4199 4104/4104/3868 4443/4443/4202
f 4104/4104/3868 4103/4103/3867 4443/4443/4202
f 4445/4445/4204 4428/4428/4187 4446/4446/4205
f 4428/4428/4187 4427/4427/4186 4446/4446/4205
f 4414/4414/4173 4413/4413/4172 4444/4444/4203
f 4413/4413/4172 4445/4445/4204 4444/4444/4203
f 4450/4450/4209 4448/4448/4207 4446/4446/4205
f 4448/4448/4207 4444/4444/4203 4446/4446/4205
f 4449/4449/4208 4419/4419/4178 4447/4447/4206
f 4419/4419/4178 4414/4414/4173 4447/4447/4206
f 4453/4453/4212 4448/4448/4207 4109/4109/3873
f 4448/4448/4207 4452/4452/4211 4109/4109/3873
f 4447/4447/4206 4453/4453/4212 4449/4449/4208
f 4453/4453/4212 4454/4454/4213 4449/4449/4208
f 4450/4450/4209 4439/4439/4198 4451/4451/4210
f 4439/4439/4198 4443/4443/4202 4451/4451/4210
f 4103/4103/3867 4113/4113/3877 4451/4451/4210
f 4113/4113/3877 4452/4452/4211 4451/4451/4210
f 4455/4455/4214 4421/4421/4180 4449/4449/4208
f 4421/4421/4180 4426/4426/4185 4449/4449/4208
f 4699/4699/4458 4422/4422/4181 4456/4456/4215
f 4422/4422/4181 4421/4421/4180 4456/4456/4215
f 4466/4466/4225 4460/4460/4219 4465/4465/4224
f 4460/4460/4219 4459/4459/4218 4465/4465/4224
f 4462/4462/4221 4455/4455/4214 4454/4454/4213
f 4455/4455/4214 4449/4449/4208 4454/4454/4213
f 4457/4457/4216 4462/4462/4221 4473/4473/4232
f 4462/4462/4221 4123/4123/3887 4473/4473/4232
f 4469/4469/4228 4461/4461/4220 4467/4467/4226
f 4461/4461/4220 4460/4460/4219 4467/4467/4226
f 4471/4471/4230 4470/4470/4229 4466/4466/4225
f 4470/4470/4229 4467/4467/4226 4466/4466/4225
f 4158/4158/3922 4474/4474/4233 6006/6006/5531
f 6007/6007/5532 4473/4473/4232 4124/4124/3888
f 4475/4475/4234 4472/4472/4231 4474/4474/4233
f 4472/4472/4231 4471/4471/4230 4474/4474/4233
f 4476/4476/4235 4479/4479/4238 4432/4432/4191
f 4479/4479/4238 4478/4478/4237 4432/4432/4191
f 4483/4483/4242 4482/4482/4241 4477/4477/4236
f 4136/4136/3900 4440/4440/4199 4442/4442/4201
f 4484/4484/4243 4483/4483/4242 4480/4480/4239
f 4483/4483/4242 4478/4478/4237 4480/4480/4239
f 4487/4487/4246 4480/4480/4239 4488/4488/4247
f 4480/4480/4239 4479/4479/4238 4488/4488/4247
f 4486/4486/4245 4511/4511/4270 4487/4487/4246
f 4511/4511/4270 4489/4489/4248 4487/4487/4246
f 4490/4490/4249 4491/4491/4250 4511/4511/4270
f 4491/4491/4250 4489/4489/4248 4511/4511/4270
f 4484/4484/4243 4491/4491/4250 4153/4153/3917
f 4491/4491/4250 4152/4152/3916 4153/4153/3917
f 4470/4470/4229 4494/4494/4253 4468/4468/4227
f 4494/4494/4253 4493/4493/4252 4468/4468/4227
f 4495/4495/4254 4472/4472/4231 4163/4163/3927
f 4472/4472/4231 4475/4475/4234 4163/4163/3927
f 4493/4493/4252 4502/4502/4261 4492/4492/4251
f 4502/4502/4261 4739/4739/4498 4492/4492/4251
f 4504/4504/4263 4501/4501/4260 4495/4495/4254
f 4501/4501/4260 4494/4494/4253 4495/4495/4254
f 4503/4503/4262 4501/4501/4260 4505/4505/4264
f 4501/4501/4260 4504/4504/4263 4505/4505/4264
f 4497/4497/4256 4499/4499/4258 4502/4502/4261
f 4499/4499/4258 4739/4739/4498 4502/4502/4261
f 4503/4503/4262 4506/4506/4265 4497/4497/4256
f 4506/4506/4265 4500/4500/4259 4497/4497/4256
f 4509/4509/4268 4507/4507/4266 4508/4508/4267
f 4507/4507/4266 4506/4506/4265 4508/4508/4267
f 4174/4174/3938 4175/4175/3939 4505/4505/4264
f 4175/4175/3939 4508/4508/4267 4505/4505/4264
f 4510/4510/4269 4513/4513/4272 4486/4486/4245
f 4513/4513/4272 4512/4512/4271 4486/4486/4245
f 4516/4516/4275 4184/4184/3948 4490/4490/4249
f 4184/4184/3948 4179/4179/3943 4490/4490/4249
f 4517/4517/4276 4516/4516/4275 4514/4514/4273
f 4516/4516/4275 4512/4512/4271 4514/4514/4273
f 4519/4519/4278 4518/4518/4277 4515/4515/4274
f 4518/4518/4277 4513/4513/4272 4515/4515/4274
f 4522/4522/4281 4514/4514/4273 4521/4521/4280
f 4514/4514/4273 4518/4518/4277 4521/4521/4280
f 4524/4524/4283 4525/4525/4284 4523/4523/4282
f 4525/4525/4284 4522/4522/4281 4523/4523/4282
f 4517/4517/4276 4525/4525/4284 4184/4184/3948
f 4525/4525/4284 4190/4190/3954 4184/4184/3948
f 4529/4529/4288 4528/4528/4287 4544/4544/4303
f 4528/4528/4287 6008/6008/5533 4544/4544/4303
f 4534/4534/4293 4533/4533/4292 4529/4529/4288
f 4533/4533/4292 4527/4527/4286 4529/4529/4288
f 4531/4531/4290 4530/4530/4289 4602/4602/4361
f 4530/4530/4289 4542/4542/4301 4602/4602/4361
f 4530/4530/4289 4534/4534/4293 4542/4542/4301
f 4534/4534/4293 4536/4536/4295 4542/4542/4301
f 6009/6009/5534 4602/4602/4361 4540/4540/4299
f 4602/4602/4361 4542/4542/4301 4540/4540/4299
f 4540/4540/4299 4542/4542/4301 4226/4226/3988
f 4542/4542/4301 4541/4541/4300 4226/4226/3988
f 4546/4546/4305 4526/4526/4285 4507/4507/4266
f 4526/4526/4285 4500/4500/4259 4507/4507/4266
f 4549/4549/4308 4548/4548/4307 4553/4553/4312
f 4546/4546/4305 4550/4550/4309 4551/4551/4310
f 4238/4238/3999 4550/4550/4309 4239/4239/4000
f 4550/4550/4309 4509/4509/4268 4239/4239/4000
f 4549/4549/4308 4553/4553/4312 4536/4536/4295
f 4553/4553/4312 4541/4541/4300 4536/4536/4295
f 4521/4521/4280 4520/4520/4279 4556/4556/4315
f 4520/4520/4279 4555/4555/4314 4556/4556/4315
f 4557/4557/4316 4253/4253/4012 4524/4524/4283
f 4253/4253/4012 4248/4248/4007 4524/4524/4283
f 4557/4557/4316 4523/4523/4282 4559/4559/4318
f 4523/4523/4282 4556/4556/4315 4559/4559/4318
f 4558/4558/4317 4561/4561/4320 4253/4253/4012
f 4561/4561/4320 4261/4261/4020 4253/4253/4012
f 4561/4561/4320 4558/4558/4317 4562/4562/4321
f 4558/4558/4317 4563/4563/4322 4562/4562/4321
f 4578/4578/4337 4569/4569/4328 4572/4572/4331
f 4569/4569/4328 4568/4568/4327 4572/4572/4331
f 4579/4579/4338 4578/4578/4337 4586/4586/4345
f 4578/4578/4337 4572/4572/4331 4586/4586/4345
f 4574/4574/4333 4577/4577/4336 4576/4576/4335
f 4577/4577/4336 4598/4598/4357 4576/4576/4335
f 4574/4574/4333 4573/4573/4332 4571/4571/4330
f 4573/4573/4332 4572/4572/4331 4571/4571/4330
f 4582/4582/4341 4586/4586/4345 4573/4573/4332
f 4586/4586/4345 4572/4572/4331 4573/4573/4332
f 4579/4579/4338 4587/4587/4346 4580/4580/4339
f 6010/6010/5535 4563/4563/4322 4559/4559/4318
f 4592/4592/4351 4565/4565/4324 4590/4590/4349
f 4565/4565/4324 4589/4589/4348 4590/4590/4349
f 4591/4591/4350 4590/4590/4349 6011/6011/5536
f 4583/4583/4342 4588/4588/4347 4594/4594/4353
f 4582/4582/4341 4581/4581/4340 4588/4588/4347
f 4581/4581/4340 4593/4593/4352 4588/4588/4347
f 4596/4596/4355 4576/4576/4335 4599/4599/4358
f 4576/4576/4335 4597/4597/4356 4599/4599/4358
f 4531/4531/4290 4599/4599/4358 4532/4532/4291
f 4599/4599/4358 4597/4597/4356 4532/4532/4291
f 4581/4581/4340 4596/4596/4355 4604/4604/4363
f 4596/4596/4355 4600/4600/4359 4604/4604/4363
f 4605/4605/4364 4538/4538/4297 4273/4273/4032
f 4538/4538/4297 4268/4268/4027 4273/4273/4032
f 4607/4607/4366 4612/4612/4371 4600/4600/4359
f 4612/4612/4371 4603/4603/4362 4600/4600/4359
f 4595/4595/4354 4593/4593/4352 4608/4608/4367
f 4593/4593/4352 4604/4604/4363 4608/4608/4367
f 4610/4610/4369 4608/4608/4367 4611/4611/4370
f 4608/4608/4367 4603/4603/4362 4611/4611/4370
f 4565/4565/4324 4305/4305/4064 4566/4566/4325
f 4287/4287/4046 4289/4289/4048 4562/4562/4321
f 4303/4303/4062 4305/4305/4064 4614/4614/4373
f 4305/4305/4064 4592/4592/4351 4614/4614/4373
f 4616/4616/4375 4591/4591/4350 4617/4617/4376
f 4591/4591/4350 6011/6011/5536 4617/4617/4376
f 4620/4620/4379 4615/4615/4374 4616/4616/4375
f 4615/4615/4374 4614/4614/4373 4616/4616/4375
f 6012/6012/5537 4303/4303/4062 4626/4626/4385
f 4303/4303/4062 4615/4615/4374 4626/4626/4385
f 4621/4621/4380 4629/4629/4388 4622/4622/4381
f 4629/4629/4388 4628/4628/4387 4622/4622/4381
f 4629/4629/4388 6013/6013/5538 4627/4627/4386
f 6013/6013/5538 4631/4631/4390 4627/4627/4386
f 4610/4610/4369 4312/4312/4071 4609/4609/4368
f 4312/4312/4071 4635/4635/4394 4609/4609/4368
f 4609/4609/4368 4636/4636/4395 4595/4595/4354
f 4636/4636/4395 4619/4619/4378 4595/4595/4354
f 4640/4640/4399 4636/4636/4395 4637/4637/4396
f 4636/4636/4395 4635/4635/4394 4637/4637/4396
f 4632/4632/4391 4631/4631/4390 4638/4638/4397
f 4631/4631/4390 4640/4640/4399 4638/4638/4397
f 4320/4320/4079 4638/4638/4397 4321/4321/4080
f 4638/4638/4397 4637/4637/4396 4321/4321/4080
f 4622/4622/4381 4628/4628/4387 4334/4334/4093
f 4628/4628/4387 4337/4337/4096 4334/4334/4093
f 4632/4632/4391 4339/4339/4098 4627/4627/4386
f 4339/4339/4098 4341/4341/4100 4627/4627/4386
f 4647/4647/4406 4649/4649/4408 4645/4645/4404
f 4649/4649/4408 4648/4648/4407 4645/4645/4404
f 4644/4644/4403 4655/4655/4414 4645/4645/4404
f 4655/4655/4414 4646/4646/4405 4645/4645/4404
f 4651/4651/4410 4650/4650/4409 4659/4659/4418
f 4650/4650/4409 4652/4652/4411 4659/4659/4418
f 4647/4647/4406 4654/4654/4413 4650/4650/4409
f 4654/4654/4413 4653/4653/4412 4650/4650/4409
f 4413/4413/4172 4657/4657/4416 4656/4656/4415
f 4657/4657/4416 4646/4646/4405 4656/4656/4415
f 4657/4657/4416 4418/4418/4177 4654/4654/4413
f 4418/4418/4177 4658/4658/4417 4654/4654/4413
f 4666/4666/4425 4690/4690/4449 4667/4667/4426
f 4662/4662/4421 4661/4661/4420 4664/4664/4423
f 4663/4663/4422 4661/4661/4420 4653/4653/4412
f 4661/4661/4420 4652/4652/4411 4653/4653/4412
f 4423/4423/4182 4668/4668/4427 4658/4658/4417
f 4668/4668/4427 4663/4663/4422 4658/4658/4417
f 4422/4422/4181 4698/4698/4457 4668/4668/4427
f 4698/4698/4457 4664/4664/4423 4668/4668/4427
f 4671/4671/4430 4674/4674/4433 4643/4643/4402
f 4674/4674/4433 4644/4644/4403 4643/4643/4402
f 4857/4857/4616 4685/4685/4444 6014/6014/5539
f 4685/4685/4444 4675/4675/4434 6014/6014/5539
f 4672/4672/4431 4678/4678/4437 4674/4674/4433
f 4678/4678/4437 4679/4679/4438 4674/4674/4433
f 4689/4689/4448 6015/6015/5540 4676/4676/4435
f 4678/4678/4437 4672/4672/4431 6016/6016/5541
f 4683/4683/4442 4676/4676/4435 4684/4684/4443
f 4676/4676/4435 4675/4675/4434 4684/4684/4443
f 4682/4682/4441 4712/4712/4471 4683/4683/4442
f 4712/4712/4471 4686/4686/4445 4683/4683/4442
f 4687/4687/4446 4688/4688/4447 4712/4712/4471
f 4688/4688/4447 4686/4686/4445 4712/4712/4471
f 4689/4689/4448 4688/4688/4447 6017/6017/5542
f 6018/6018/5543 4435/4435/4194 4430/4430/4189
f 4656/4656/4415 4655/4655/4414 4428/4428/4187
f 4655/4655/4414 4679/4679/4438 4428/4428/4187
f 4691/4691/4450 4666/4666/4425 4697/4697/4456
f 4666/4666/4425 4695/4695/4454 4697/4697/4456
f 4694/4694/4453 4691/4691/4450 4692/4692/4451
f 4691/4691/4450 4697/4697/4456 4692/4692/4451
f 4700/4700/4459 4669/4669/4428 4461/4461/4220
f 4669/4669/4428 4458/4458/4217 4461/4461/4220
f 4701/4701/4460 4696/4696/4455 4700/4700/4459
f 4696/4696/4455 4695/4695/4454 4700/4700/4459
f 4692/4692/4451 4702/4702/4461 4706/4706/4465
f 4702/4702/4461 4728/4728/4487 4706/4706/4465
f 4702/4702/4461 4703/4703/4462 4728/4728/4487
f 4703/4703/4462 4708/4708/4467 4728/4728/4487
f 4696/4696/4455 4701/4701/4460 4703/4703/4462
f 4701/4701/4460 4704/4704/4463 4703/4703/4462
f 4710/4710/4469 4704/4704/4463 4468/4468/4227
f 4704/4704/4463 4469/4469/4228 4468/4468/4227
f 4711/4711/4470 4714/4714/4473 4682/4682/4441
f 4714/4714/4473 4713/4713/4472 4682/4682/4441
f 4717/4717/4476 4481/4481/4240 4687/4687/4446
f 4481/4481/4240 4476/4476/4235 4687/4687/4446
f 4718/4718/4477 4717/4717/4476 4715/4715/4474
f 4717/4717/4476 4713/4713/4472 4715/4715/4474
f 4720/4720/4479 4719/4719/4478 4716/4716/4475
f 4719/4719/4478 4714/4714/4473 4716/4716/4475
f 4723/4723/4482 4715/4715/4474 4722/4722/4481
f 4715/4715/4474 4719/4719/4478 4722/4722/4481
f 4725/4725/4484 4726/4726/4485 4724/4724/4483
f 4726/4726/4485 4723/4723/4482 4724/4724/4483
f 4718/4718/4477 4726/4726/4485 4481/4481/4240
f 4726/4726/4485 4488/4488/4247 4481/4481/4240
f 4735/4735/4494 4729/4729/4488 4709/4709/4468
f 4729/4729/4488 4708/4708/4467 4709/4709/4468
f 4729/4729/4488 4736/4736/4495 4727/4727/4486
f 4736/4736/4495 4931/4931/4690 4727/4727/4486
f 4710/4710/4469 4492/4492/4251 4709/4709/4468
f 4492/4492/4251 4738/4738/4497 4709/4709/4468
f 4737/4737/4496 4735/4735/4494 4740/4740/4499
f 4735/4735/4494 4738/4738/4497 4740/4740/4499
f 4741/4741/4500 4935/4935/4694 4736/4736/4495
f 4935/4935/4694 4931/4931/4690 4736/4736/4495
f 4737/4737/4496 4744/4744/4503 4741/4741/4500
f 4744/4744/4503 6019/6019/5544 4741/4741/4500
f 4499/4499/4258 4734/4734/4493 4740/4740/4499
f 4734/4734/4493 4744/4744/4503 4740/4740/4499
f 4722/4722/4481 4721/4721/4480 4748/4748/4507
f 4721/4721/4480 4747/4747/4506 4748/4748/4507
f 4749/4749/4508 4515/4515/4274 4725/4725/4484
f 4515/4515/4274 4510/4510/4269 4725/4725/4484
f 4749/4749/4508 4724/4724/4483 4751/4751/4510
f 4724/4724/4483 4748/4748/4507 4751/4751/4510
f 4768/4768/4527 4520/4520/4279 4752/4752/4511
f 4520/4520/4279 4519/4519/4278 4752/4752/4511
f 4747/4747/4506 4746/4746/4505 4754/4754/4513
f 4746/4746/4505 4759/4759/4518 4754/4754/4513
f 4758/4758/4517 4757/4757/4516 4765/4765/4524
f 4757/4757/4516 4954/4954/4713 4765/4765/4524
f 4755/4755/4514 4754/4754/4513 4762/4762/4521
f 4754/4754/4513 4760/4760/4519 4762/4762/4521
f 4766/4766/4525 4956/4956/4715 4764/4764/4523
f 4956/4956/4715 4789/4789/4548 4764/4764/4523
f 4764/4764/4523 4789/4789/4548 4767/4767/4526
f 4789/4789/4548 4788/4788/4547 4767/4767/4526
f 4758/4758/4517 4767/4767/4526 4756/4756/4515
f 4767/4767/4526 4771/4771/4530 4756/4756/4515
f 4755/4755/4514 4761/4761/4520 4751/4751/4510
f 4761/4761/4520 4752/4752/4511 4751/4751/4510
f 4770/4770/4529 4797/4797/4556 4756/4756/4515
f 4797/4797/4556 4763/4763/4522 4756/4756/4515
f 4778/4778/4537 4780/4780/4539 4776/4776/4535
f 4780/4780/4539 4775/4775/4534 4776/4776/4535
f 4790/4790/4549 4777/4777/4536 4780/4780/4539
f 4777/4777/4536 4775/4775/4534 4780/4780/4539
f 4778/4778/4537 4731/4731/4490 4781/4781/4540
f 4731/4731/4490 4733/4733/4492 4781/4781/4540
f 4780/4780/4539 4781/4781/4540 4782/4782/4541
f 4781/4781/4540 4783/4783/4542 4782/4782/4541
f 4795/4795/4554 6008/6008/5533 4783/4783/4542
f 6008/6008/5533 4528/4528/4287 4783/4783/4542
f 4784/4784/4543 4790/4790/4549 4782/4782/4541
f 4790/4790/4549 4780/4780/4539 4782/4782/4541
f 4789/4789/4548 4956/4956/4715 4774/4774/4533
f 4956/4956/4715 4772/4772/4531 4774/4774/4533
f 4774/4774/4533 4777/4777/4536 4789/4789/4548
f 4777/4777/4536 4786/4786/4545 4789/4789/4548
f 4788/4788/4547 4786/4786/4545 4793/4793/4552
f 4786/4786/4545 4785/4785/4544 4793/4793/4552
f 4532/4532/4291 4792/4792/4551 4794/4794/4553
f 4792/4792/4551 4785/4785/4544 4794/4794/4553
f 4784/4784/4543 4527/4527/4286 4794/4794/4553
f 4527/4527/4286 4533/4533/4292 4794/4794/4553
f 4770/4770/4529 4769/4769/4528 4568/4568/4327
f 4769/4769/4528 4571/4571/4330 4568/4568/4327
f 4798/4798/4557 4577/4577/4336 4771/4771/4530
f 4577/4577/4336 4769/4769/4528 4771/4771/4530
f 4792/4792/4551 4598/4598/4357 4793/4793/4552
f 4598/4598/4357 4798/4798/4557 4793/4793/4552
f 4808/4808/4567 4811/4811/4570 4981/4981/4740
f 4811/4811/4570 4826/4826/4585 4981/4981/4740
f 4809/4809/4568 4804/4804/4563 4807/4807/4566
f 4804/4804/4563 4806/4806/4565 4807/4807/4566
f 4981/4981/4740 4821/4821/4580 4808/4808/4567
f 4821/4821/4580 4809/4809/4568 4808/4808/4567
f 4814/4814/4573 4815/4815/4574 4806/4806/4565
f 4815/4815/4574 4807/4807/4566 4806/4806/4565
f 4805/4805/4564 4799/4799/4558 4822/4822/4581
f 4799/4799/4558 4802/4802/4561 4822/4822/4581
f 4805/4805/4564 4804/4804/4563 4799/4799/4558
f 4804/4804/4563 4816/4816/4575 4799/4799/4558
f 4642/4642/4401 4648/4648/4407 4812/4812/4571
f 4648/4648/4407 4813/4813/4572 4812/4812/4571
f 4642/4642/4401 4812/4812/4571 4803/4803/4562
f 4812/4812/4571 4822/4822/4581 4803/4803/4562
f 4814/4814/4573 4813/4813/4572 4651/4651/4410
f 4813/4813/4572 4649/4649/4408 4651/4651/4410
f 4825/4825/4584 4829/4829/4588 4811/4811/4570
f 4829/4829/4588 4827/4827/4586 4811/4811/4570
f 6020/6020/5545 4831/4831/4590 4830/4830/4589
f 4831/4831/4590 4829/4829/4588 4830/4830/4589
f 4815/4815/4574 4835/4835/4594 4825/4825/4584
f 4835/4835/4594 4830/4830/4589 4825/4825/4584
f 4843/4843/4602 4834/4834/4593 4841/4841/4600
f 4834/4834/4593 4833/4833/4592 4841/4841/4600
f 4845/4845/4604 4844/4844/4603 4840/4840/4599
f 4844/4844/4603 4841/4841/4600 4840/4840/4599
f 4659/4659/4418 4660/4660/4419 4835/4835/4594
f 4660/4660/4419 4836/4836/4595 4835/4835/4594
f 4690/4690/4449 4847/4847/4606 6021/6021/5546
f 6022/6022/5547 4836/4836/4595 4660/4660/4419
f 4848/4848/4607 4846/4846/4605 4847/4847/4606
f 4846/4846/4605 4845/4845/4604 4847/4847/4606
f 4851/4851/4610 4855/4855/4614 4852/4852/4611
f 6023/6023/5548 6024/6024/5548 6025/6025/5548
f 4850/4850/4609 5028/5028/4787 4851/4851/4610
f 5028/5028/4787 4854/4854/4613 4851/4851/4610
f 4853/4853/4612 4858/4858/4617 4855/4855/4614
f 4858/4858/4617 6026/6026/5549 4855/4855/4614
f 4803/4803/4562 4859/4859/4618 4643/4643/4402
f 4859/4859/4618 4670/4670/4429 4643/4643/4402
f 4861/4861/4620 4858/4858/4617 4856/4856/4615
f 4858/4858/4617 4853/4853/4612 4856/4856/4615
f 4863/4863/4622 4862/4862/4621 5028/5028/4787
f 4862/4862/4621 4854/4854/4613 5028/5028/4787
f 4866/4866/4625 4856/4856/4615 4865/4865/4624
f 4856/4856/4615 4862/4862/4621 4865/4865/4624
f 4868/4868/4627 4869/4869/4628 4867/4867/4626
f 4869/4869/4628 4866/4866/4625 4867/4867/4626
f 4861/4861/4620 4869/4869/4628 4685/4685/4444
f 4869/4869/4628 4684/4684/4443 4685/4685/4444
f 4844/4844/4603 4874/4874/4633 4842/4842/4601
f 4874/4874/4633 4873/4873/4632 4842/4842/4601
f 4875/4875/4634 4846/4846/4605 4694/4694/4453
f 4846/4846/4605 4848/4848/4607 4694/4694/4453
f 4873/4873/4632 4882/4882/4641 4872/4872/4631
f 4882/4882/4641 5054/5054/4813 4872/4872/4631
f 4884/4884/4643 4881/4881/4640 4875/4875/4634
f 4881/4881/4640 4874/4874/4633 4875/4875/4634
f 4883/4883/4642 4881/4881/4640 4885/4885/4644
f 4881/4881/4640 4884/4884/4643 4885/4885/4644
f 4876/4876/4635 4878/4878/4637 4882/4882/4641
f 4878/4878/4637 5054/5054/4813 4882/4882/4641
f 4883/4883/4642 4886/4886/4645 4876/4876/4635
f 4886/4886/4645 4879/4879/4638 4876/4876/4635
f 4706/4706/4465 4880/4880/4639 4885/4885/4644
f 4880/4880/4639 4886/4886/4645 4885/4885/4644
f 4889/4889/4648 4864/4864/4623 4892/4892/4651
f 4864/4864/4623 4900/4900/4659 4892/4892/4651
f 4889/4889/4648 4888/4888/4647 4865/4865/4624
f 4888/4888/4647 4867/4867/4626 4865/4865/4624
f 4893/4893/4652 4716/4716/4475 4868/4868/4627
f 4716/4716/4475 4711/4711/4470 4868/4868/4627
f 4894/4894/4653 4893/4893/4652 4891/4891/4650
f 4893/4893/4652 4888/4888/4647 4891/4891/4650
f 4891/4891/4650 4897/4897/4656 4894/4894/4653
f 4897/4897/4656 4898/4898/4657 4894/4894/4653
f 4909/4909/4668 4721/4721/4480 4898/4898/4657
f 4721/4721/4480 4720/4720/4479 4898/4898/4657
f 4896/4896/4655 4892/4892/4651 4904/4904/4663
f 4892/4892/4651 4899/4899/4658 4904/4904/4663
f 4907/4907/4666 4897/4897/4656 4906/4906/4665
f 4897/4897/4656 4896/4896/4655 4906/4906/4665
f 4937/4937/4696 4908/4908/4667 4906/4906/4665
f 4908/4908/4667 4907/4907/4666 4906/4906/4665
f 4917/4917/4676 4916/4916/4675 4913/4913/4672
f 4916/4916/4675 4914/4914/4673 4913/4913/4672
f 4919/4919/4678 5091/5091/4850 4918/4918/4677
f 5091/5091/4850 4921/4921/4680 4918/4918/4677
f 4913/4913/4672 4918/4918/4677 4922/4922/4681
f 4918/4918/4677 4920/4920/4679 4922/4922/4681
f 4924/4924/4683 4917/4917/4676 4926/4926/4685
f 4917/4917/4676 4922/4922/4681 4926/4926/4685
f 4926/4926/4685 4925/4925/4684 4731/4731/4490
f 4925/4925/4684 4732/4732/4491 4731/4731/4490
f 4927/4927/4686 4911/4911/4670 4887/4887/4646
f 4911/4911/4670 4879/4879/4638 4887/4887/4646
f 4911/4911/4670 4928/4928/4687 4910/4910/4669
f 4928/4928/4687 5098/5098/4857 4910/4910/4669
f 4880/4880/4639 4727/4727/4486 4887/4887/4646
f 4727/4727/4486 4930/4930/4689 4887/4887/4646
f 4929/4929/4688 4927/4927/4686 4932/4932/4691
f 4927/4927/4686 4930/4930/4689 4932/4932/4691
f 4921/4921/4680 5091/5091/4850 4934/4934/4693
f 5102/5102/4861 5098/5098/4857 4928/4928/4687
f 4933/4933/4692 4936/4936/4695 4920/4920/4679
f 4936/4936/4695 4925/4925/4684 4920/4920/4679
f 4946/4946/4705 4939/4939/4698 4902/4902/4661
f 4939/4939/4698 4903/4903/4662 4902/4902/4661
f 4943/4943/4702 4947/4947/4706 4945/4945/4704
f 4947/4947/4706 4958/4958/4717 4945/4945/4704
f 4943/4943/4702 4942/4942/4701 4946/4946/4705
f 4942/4942/4701 4939/4939/4698 4946/4946/4705
f 4909/4909/4668 4908/4908/4667 4746/4746/4505
f 4908/4908/4667 4948/4948/4707 4746/4746/4505
f 4941/4941/4700 4951/4951/4710 4949/4949/4708
f 4951/4951/4710 4953/4953/4712 4949/4949/4708
f 4950/4950/4709 4941/4941/4700 4952/4952/4711
f 4941/4941/4700 4942/4942/4701 4952/4952/4711
f 4950/4950/4709 4766/4766/4525 4951/4951/4710
f 4766/4766/4525 4765/4765/4524 4951/4951/4710
f 4944/4944/4703 4945/4945/4704 4915/4915/4674
f 4945/4945/4704 4916/4916/4675 4915/4915/4674
f 4923/4923/4682 4924/4924/4683 4773/4773/4532
f 4924/4924/4683 4776/4776/4535 4773/4773/4532
f 4959/4959/4718 4952/4952/4711 4915/4915/4674
f 4952/4952/4711 4944/4944/4703 4915/4915/4674
f 4772/4772/4531 4959/4959/4718 4773/4773/4532
f 4959/4959/4718 4923/4923/4682 4773/4773/4532
f 4969/4969/4728 4801/4801/4560 4970/4970/4729
f 4801/4801/4560 4800/4800/4559 4970/4970/4729
f 4982/4982/4741 4978/4978/4737 4821/4821/4580
f 4978/4978/4737 4980/4980/4739 4821/4821/4580
f 4975/4975/4734 4984/4984/4743 4976/4976/4735
f 4984/4984/4743 4986/4986/4745 4976/4976/4735
f 4973/4973/4732 4992/4992/4751 4987/4987/4746
f 4992/4992/4751 4988/4988/4747 4987/4987/4746
f 4974/4974/4733 4987/4987/4746 4961/4961/4720
f 4987/4987/4746 4962/4962/4721 4961/4961/4720
f 4992/4992/4751 4973/4973/4732 4990/4990/4749
f 4973/4973/4732 4976/4976/4735 4990/4990/4749
f 4991/4991/4750 4990/4990/4749 5005/5005/4764
f 4990/4990/4749 4993/4993/4752 5005/5005/4764
f 4974/4974/4733 4961/4961/4720 4977/4977/4736
f 6027/6027/5550 4970/4970/4729 4979/4979/4738
f 4800/4800/4559 4816/4816/4575 4979/4979/4738
f 4816/4816/4575 4980/4980/4739 4979/4979/4738
f 4996/4996/4755 4986/4986/4745 4997/4997/4756
f 4986/4986/4745 5001/5001/4760 4997/4997/4756
f 4999/4999/4758 6028/6028/5551 4827/4827/4586
f 6028/6028/5551 4826/4826/4585 4827/4827/4586
f 5012/5012/4771 6029/6029/5552 4834/4834/4593
f 4997/4997/4756 5002/5002/4761 6030/6030/5553
f 4996/4996/4755 4995/4995/4754 4993/4993/4752
f 4995/4995/4754 5006/5006/4765 4993/4993/4752
f 5007/5007/4766 4995/4995/4754 5008/5008/4767
f 4995/4995/4754 4998/4998/4757 5008/5008/4767
f 5008/5008/4767 5011/5011/4770 5010/5010/4769
f 5011/5011/4770 5040/5040/4799 5010/5010/4769
f 4998/4998/4757 5004/5004/4763 5011/5011/4770
f 5012/5012/4771 5013/5013/4772 5016/5016/4775
f 5018/5018/4777 5013/5013/4772 4842/4842/4601
f 5013/5013/4772 4843/4843/4602 4842/4842/4601
f 5020/5020/4779 6031/6031/5554 4963/4963/4722
f 5022/5022/4781 4966/4966/4725 4965/4965/4724
f 5020/5020/4779 4963/4963/4722 5021/5021/4780
f 4963/4963/4722 4962/4962/4721 5021/5021/4780
f 5027/5027/4786 4850/4850/4609 4966/4966/4725
f 4850/4850/4609 4968/4968/4727 4966/4966/4725
f 5029/5029/4788 5027/5027/4786 5025/5025/4784
f 5027/5027/4786 5022/5022/4781 5025/5025/4784
f 5019/5019/4778 5039/5039/4798 6032/6032/5555
f 6033/6033/5556 5033/5033/4792 5030/5030/4789
f 5034/5034/4793 5025/5025/4784 5032/5032/4791
f 5025/5025/4784 5030/5030/4789 5032/5032/4791
f 5036/5036/4795 4863/4863/4622 5034/5034/4793
f 4863/4863/4622 5029/5029/4788 5034/5034/4793
f 5021/5021/4780 5037/5037/4796 5019/5019/4778
f 5037/5037/4796 5038/5038/4797 5019/5019/4778
f 5044/5044/4803 5043/5043/4802 5041/5041/4800
f 5043/5043/4802 5010/5010/4769 5041/5041/4800
f 5050/5050/4809 5049/5049/4808 5017/5017/4776
f 5049/5049/4808 5015/5015/4774 5017/5017/4776
f 5018/5018/4777 4872/4872/4631 5017/5017/4776
f 4872/4872/4631 5053/5053/4812 5017/5017/4776
f 5052/5052/4811 5050/5050/4809 5055/5055/4814
f 5050/5050/4809 5053/5053/4812 5055/5055/4814
f 5046/5046/4805 5044/5044/4803 6034/6034/5557
f 6035/6035/5558 5051/5051/4810 5059/5059/4818
f 5052/5052/4811 5056/5056/4815 5051/5051/4810
f 5056/5056/4815 5059/5059/4818 5051/5051/4810
f 5057/5057/4816 5056/5056/4815 5061/5061/4820
f 5056/5056/4815 5060/5060/4819 5061/5061/4820
f 4878/4878/4637 5047/5047/4806 5055/5055/4814
f 5047/5047/4806 5060/5060/4819 5055/5055/4814
f 5032/5032/4791 5033/5033/4792 5064/5064/4823
f 5033/5033/4792 5063/5063/4822 5064/5064/4823
f 4864/4864/4623 5036/5036/4795 4900/4900/4659
f 5036/5036/4795 5065/5065/4824 4900/4900/4659
f 5063/5063/4822 5062/5062/4821 5067/5067/4826
f 5062/5062/4821 5071/5071/4830 5067/5067/4826
f 5069/5069/4828 5065/5065/4824 5066/5066/4825
f 5065/5065/4824 5064/5064/4823 5066/5066/4825
f 5068/5068/4827 5070/5070/4829 5066/5066/4825
f 5070/5070/4829 5069/5069/4828 5066/5066/4825
f 5077/5077/4836 5076/5076/4835 5073/5073/4832
f 5076/5076/4835 5074/5074/4833 5073/5073/4832
f 5068/5068/4827 5067/5067/4826 5074/5074/4833
f 5067/5067/4826 5072/5072/4831 5074/5074/4833
f 4899/4899/4658 5070/5070/4829 4904/4904/4663
f 5070/5070/4829 5079/5079/4838 4904/4904/4663
f 4905/4905/4664 5079/5079/4838 5080/5080/4839
f 5079/5079/4838 5076/5076/4835 5080/5080/4839
f 5087/5087/4846 5086/5086/4845 5081/5081/4840
f 5086/5086/4845 5082/5082/4841 5081/5081/4840
f 5089/5089/4848 5085/5085/4844 5088/5088/4847
f 5085/5085/4844 5084/5084/4843 5088/5088/4847
f 5088/5088/4847 5084/5084/4843 4919/4919/4678
f 5084/5084/4843 5090/5090/4849 4919/4919/4678
f 5092/5092/4851 5095/5095/4854 5057/5057/4816
f 5095/5095/4854 5094/5094/4853 5057/5057/4816
f 5047/5047/4806 4910/4910/4669 5061/5061/4820
f 4910/4910/4669 5097/5097/4856 5061/5061/4820
f 5096/5096/4855 5092/5092/4851 5099/5099/4858
f 5092/5092/4851 5097/5097/4856 5099/5099/4858
f 5081/5081/4840 5083/5083/4842 6036/6036/5559
f 5222/5222/4981 5093/5093/4852 5095/5095/4854
f 5100/5100/4859 5103/5103/4862 5087/5087/4846
f 5103/5103/4862 5090/5090/4849 5087/5087/4846
f 5105/5105/4864 5109/5109/4868 6037/6037/5560
f 5227/5227/4986 5115/5115/4874 5108/5108/4867
f 5105/5105/4864 6038/6038/5561 5077/5077/4836
f 6038/6038/5561 5078/5078/4837 5077/5077/4836
f 5111/5111/4870 4947/4947/4706 5112/5112/4871
f 4947/4947/4706 5110/5110/4869 5112/5112/4871
f 5113/5113/4872 5108/5108/4867 5117/5117/4876
f 5108/5108/4867 5114/5114/4873 5117/5117/4876
f 5119/5119/4878 5121/5121/4880 5116/5116/4875
f 5121/5121/4880 5117/5117/4876 5116/5116/4875
f 5119/5119/4878 5086/5086/4845 5121/5121/4880
f 5086/5086/4845 5085/5085/4844 5121/5121/4880
f 4914/4914/4673 4957/4957/4716 5089/5089/4848
f 4957/4957/4716 5123/5123/4882 5089/5089/4848
f 5122/5122/4881 5111/5111/4870 5113/5113/4872
f 5111/5111/4870 5106/5106/4865 5113/5113/4872
f 5123/5123/4882 4957/4957/4716 5122/5122/4881
f 4957/4957/4716 4958/4958/4717 5122/5122/4881
f 5130/5130/4889 5127/5127/4886 5005/5005/4764
f 5127/5127/4886 4991/4991/4750 5005/5005/4764
f 5128/5128/4887 5133/5133/4892 5129/5129/4888
f 5133/5133/4892 5132/5132/4891 5129/5129/4888
f 5133/5133/4892 5128/5128/4887 5007/5007/4766
f 5128/5128/4887 5006/5006/4765 5007/5007/4766
f 4988/4988/4747 5125/5125/4884 5037/5037/4796
f 5125/5125/4884 5136/5136/4895 5037/5037/4796
f 5138/5138/4897 5125/5125/4884 5139/5139/4898
f 5125/5125/4884 5127/5127/4886 5139/5139/4898
f 5141/5141/4900 5137/5137/4896 5138/5138/4897
f 5137/5137/4896 5136/5136/4895 5138/5138/4897
f 5039/5039/4798 5038/5038/4797 5147/5147/4906
f 5038/5038/4797 5137/5137/4896 5147/5147/4906
f 5147/5147/4906 5149/5149/4908 5148/5148/4907
f 5149/5149/4908 5178/5178/4937 5148/5148/4907
f 5178/5178/4937 5149/5149/4908 5146/5146/4905
f 5149/5149/4908 5145/5145/4904 5146/5146/4905
f 5145/5145/4904 5141/5141/4900 5142/5142/4901
f 5141/5141/4900 5140/5140/4899 5142/5142/4901
f 5129/5129/4888 5155/5155/4914 5130/5130/4889
f 5155/5155/4914 5139/5139/4898 5130/5130/4889
f 5151/5151/4910 5140/5140/4899 5152/5152/4911
f 5140/5140/4899 5155/5155/4914 5152/5152/4911
f 5154/5154/4913 5132/5132/4891 5042/5042/4801
f 5132/5132/4891 5043/5043/4802 5042/5042/4801
f 5156/5156/4915 5152/5152/4911 5042/5042/4801
f 5152/5152/4911 5154/5154/4913 5042/5042/4801
f 5163/5163/4922 5159/5159/4918 5157/5157/4916
f 5159/5159/4918 5158/5158/4917 5157/5157/4916
f 5151/5151/4910 5158/5158/4917 5142/5142/4901
f 5158/5158/4917 5143/5143/4902 5142/5142/4901
f 5157/5157/4916 5153/5153/4912 5162/5162/4921
f 5153/5153/4912 5160/5160/4919 5162/5162/4921
f 5153/5153/4912 5156/5156/4915 5160/5160/4919
f 5156/5156/4915 5164/5164/4923 5160/5160/4919
f 5169/5169/4928 5214/5214/4973 5167/5167/4926
f 5214/5214/4973 6039/6039/5562 5167/5167/4926
f 5046/5046/4805 6040/6040/5563 5164/5164/4923
f 6040/6040/5563 5165/5165/4924 5164/5164/4923
f 5172/5172/4931 5174/5174/4933 5144/5144/4903
f 5174/5174/4933 5146/5146/4905 5144/5144/4903
f 5172/5172/4931 5144/5144/4903 5173/5173/4932
f 5144/5144/4903 5143/5143/4902 5173/5173/4932
f 5071/5071/4830 5062/5062/4821 5180/5180/4939
f 5062/5062/4821 6041/6041/5564 5180/5180/4939
f 5195/5195/4954 5181/5181/4940 5183/5183/4942
f 5181/5181/4940 5180/5180/4939 5183/5183/4942
f 5195/5195/4954 5183/5183/4942 5187/5187/4946
f 5184/5184/4943 5174/5174/4933 5176/5176/4935
f 5171/5171/4930 5202/5202/4961 5188/5188/4947
f 5202/5202/4961 5256/5256/5014 5188/5188/4947
f 5191/5191/4950 5187/5187/4946 5189/5189/4948
f 5187/5187/4946 5186/5186/4945 5189/5189/4948
f 5073/5073/4832 5072/5072/4831 5194/5194/4953
f 5072/5072/4831 5181/5181/4940 5194/5194/4953
f 5193/5193/4952 5194/5194/4953 5192/5192/4951
f 5194/5194/4953 5191/5191/4950 5192/5192/4951
f 5173/5173/4932 5196/5196/4955 5171/5171/4930
f 5196/5196/4955 5201/5201/4960 5171/5171/4930
f 5163/5163/4922 5200/5200/4959 5159/5159/4918
f 5200/5200/4959 5196/5196/4955 5159/5159/4918
f 5198/5198/4957 5162/5162/4921 5199/5199/4958
f 5162/5162/4921 5161/5161/4920 5199/5199/4958
f 5200/5200/4959 5198/5198/4957 5204/5204/4963
f 5198/5198/4957 5197/5197/4956 5204/5204/4963
f 5203/5203/4962 5197/5197/4956 5264/5264/5022
f 5217/5217/4976 5207/5207/4966 5206/5206/4965
f 5211/5211/4970 5210/5210/4969 5214/5214/4973
f 5199/5199/4958 5161/5161/4920 5166/5166/4925
f 5213/5213/4972 5211/5211/4970 5216/5216/4975
f 5211/5211/4970 5215/5215/4974 5216/5216/4975
f 5093/5093/4852 5215/5215/4974 5094/5094/4853
f 5215/5215/4974 5169/5169/4928 5094/5094/4853
f 5213/5213/4972 5218/5218/4977 5207/5207/4966
f 5218/5218/4977 5205/5205/4964 5207/5207/4966
f 5083/5083/4842 5208/5208/4967 6042/6042/5565
f 6043/6043/5566 5218/5218/4977 5216/5216/4975
f 5189/5189/4948 5190/5190/4949 5225/5225/4984
f 5190/5190/4949 5224/5224/4983 5225/5225/4984
f 5226/5226/4985 5109/5109/4868 5192/5192/4951
f 5109/5109/4868 5193/5193/4952 5192/5192/4951
f 5230/5230/4989 5229/5229/4988 5235/5235/4994
f 5229/5229/4988 5232/5232/4991 5235/5235/4994
f 5238/5238/4997 5247/5247/5005 6044/6044/5567
f 5253/5253/5011 5252/5252/5010 5206/5206/4965
f 6045/6045/5568 5240/5240/4998 5234/5234/4993
f 5240/5240/4998 5235/5235/4994 5234/5234/4993
f 6045/6045/5568 6046/6046/5569 5249/5249/5007
f 6046/6046/5569 5250/5250/5008 5249/5249/5007
f 5234/5234/4993 6047/6047/5570 6045/6045/5568
f 5245/5245/5003 5247/5247/5005 5238/5238/4997
f 5242/5242/5000 5228/5228/4987 5230/5230/4989
f 5228/5228/4987 5231/5231/4990 5230/5230/4989
f 5241/5241/4999 5114/5114/4873 5242/5242/5000
f 5114/5114/4873 5115/5115/4874 5242/5242/5000
f 5243/5243/5001 5120/5120/4879 5241/5241/4999
f 5120/5120/4879 5116/5116/4875 5241/5241/4999
f 5240/5240/4998 5249/5249/5007 5243/5243/5001
f 5249/5249/5007 5244/5244/5002 5243/5243/5001
f 5208/5208/4967 5082/5082/4841 5244/5244/5002
f 5082/5082/4841 5120/5120/4879 5244/5244/5002
f 5202/5202/4961 5201/5201/4960 5259/5259/5017
f 5201/5201/4960 5258/5258/5016 5259/5259/5017
f 5259/5259/5017 5261/5261/5019 5260/5260/5018
f 5261/5261/5019 5263/5263/5021 5260/5260/5018
f 5261/5261/5019 5258/5258/5016 5203/5203/4962
f 5258/5258/5016 5204/5204/4963 5203/5203/4962
f 5260/5260/5018 5263/5263/5021 6048/6048/5571
f 6049/6049/5572 5234/5234/4993 5232/5232/4991
f 5268/5268/5026 5270/5270/5028 6050/6050/5573
f 5270/5270/5028 6051/6051/5574 6050/6050/5573
f 5271/5271/5029 5263/5263/5021 5272/5272/5030
f 5263/5263/5021 5262/5262/5020 5272/5272/5030
f 5206/5206/4965 5252/5252/5010 6052/6052/5575
f 6053/6053/5576 5272/5272/5030 5262/5262/5020
# Vertices: 6053, normals: 5576, texture coordinates: 6053, faces: 7916

