# File generated by FabConvert.com - Free Image and 3D model conversion tools

mtllib tail.mtl

o obj1
v -0.27824235 -0.43640432 -0.08398026
v -0.27804613 -0.43686929 -0.08230942
v -0.27597666 -0.43816859 -0.08409035
v -0.27835679 -0.43753862 -0.08591133
v -0.27597666 -0.43816859 -0.08409035
v -0.27804613 -0.43686929 -0.08230942
v -0.27829134 -0.43852153 -0.08277315
v -0.27417743 -0.44333678 -0.08732057
v -0.27417743 -0.44333678 -0.08732057
v -0.27812183 -0.439877 -0.08591694
v -0.27597666 -0.43816859 -0.08409035
v -0.27597666 -0.43816859 -0.08409035
v -0.27812183 -0.439877 -0.08591694
v -0.27835679 -0.43753862 -0.08591133
v -0.28023529 -0.43672591 -0.08454162
v -0.27993608 -0.43578234 -0.08299857
v -0.28065062 -0.43751383 -0.08224595
v -0.27804613 -0.43686929 -0.08230942
v -0.27993608 -0.43578234 -0.08299857
v -0.28036916 -0.43887803 -0.08572674
v -0.28023529 -0.43672591 -0.08454162
v -0.27829134 -0.43852153 -0.08277315
v -0.27417743 -0.44333678 -0.08732057
v -0.27829134 -0.43852153 -0.08277315
v -0.28032994 -0.43973675 -0.08409846
v -0.28032994 -0.43973675 -0.08409846
v -0.2812686 -0.44433919 -0.08913887
v -0.2812686 -0.44433919 -0.08913887
v -0.27417743 -0.44333678 -0.08732057
v -0.28823137 -0.4370034 -0.08896756
v -0.29079235 -0.43871057 -0.08901751
v -0.28853381 -0.43861344 -0.08796591
v -0.29077959 -0.43791923 -0.09033096
v -0.29079235 -0.43871057 -0.08901751
v -0.28823137 -0.4370034 -0.08896756
v -0.28901172 -0.43798044 -0.09080178
v -0.30536866 -0.44038978 -0.09350038
v -0.29095113 -0.43906832 -0.09177452
v -0.28890944 -0.44001251 -0.0917744
v -0.29095113 -0.43906832 -0.09177452
v -0.28901172 -0.43798044 -0.09080178
v -0.28850007 -0.44078872 -0.08994585
v -0.29425085 -0.4424704 -0.09225863
v -0.28450525 -0.44468692 -0.09138811
v -0.29082167 -0.43970165 -0.08905894
v -0.28850007 -0.44078872 -0.08994585
v -0.30536866 -0.44038978 -0.09350038
v -0.29082167 -0.43970165 -0.08905894
v -0.29425085 -0.4424704 -0.09225863
v -0.29575515 -0.44323039 -0.09470737
v -0.28450525 -0.44468692 -0.09138811
v -0.29575515 -0.44323039 -0.09470737
v -0.29575515 -0.44323039 -0.09470737
v -0.29425085 -0.4424704 -0.09225863
v -0.30536866 -0.44038978 -0.09350038
v -0.29575515 -0.44323039 -0.09470737
v 0.26043236 0.0739466 0.10098022
v 0.26480108 0.07439691 0.09849316
v 0.26197731 0.0751363 0.1018213
v 0.26063025 0.07507968 0.10246593
v 0.25809115 0.0744347 0.10235339
v 0.23900884 0.0618934 0.09453684
v 0.24513865 0.06369853 0.09486014
v 0.23913252 0.06536031 0.0988428
v 0.26122069 0.06486404 0.0865103
v 0.26690835 0.06811559 0.08822864
v 0.26003611 0.06549978 0.08948016
v 0.26866156 0.06820959 0.08569139
v 0.25725102 0.06281644 0.08546376
v 0.26015615 0.06416976 0.08278078
v 0.26866156 0.06820959 0.08569139
v 0.26015615 0.06416976 0.08278078
v 0.26125109 0.06830859 0.08327657
v 0.24278718 0.05975682 0.08788168
v 0.24399287 0.05750543 0.08329481
v 0.23185241 0.05634201 0.08540833
v 0.24099338 0.06193292 0.07840472
v 0.25212729 0.06708676 0.08000648
v 0.25140899 0.06077152 0.07958812
v 0.23915255 0.05550379 0.07929099
v 0.23193383 0.0545935 0.08214623
v 0.23915255 0.05550379 0.07929099
v 0.25140899 0.06077152 0.07958812
v 0.22893548 0.06096053 0.0962978
v 0.21711868 0.0638262 0.10174656
v 0.22721785 0.07079333 0.10701895
v 0.21792287 0.07221335 0.10945064
v 0.21792287 0.07221335 0.10945064
v 0.20568037 0.06884927 0.1089263
v 0.21711868 0.0638262 0.10174656
v 0.19584233 0.05764931 0.09660935
v 0.20876342 0.05883366 0.09799552
v 0.19612825 0.06422246 0.10576051
v 0.21676356 0.05814886 0.09715271
v 0.22427678 0.05292606 0.08257705
v 0.20686048 0.04989338 0.0816344
v 0.21928895 0.05225939 0.07584369
v 0.21761525 0.07086605 0.07473266
v 0.22409451 0.06962007 0.07549429
v 0.21783459 0.05745202 0.07420897
v 0.22052449 0.05238724 0.07492858
v 0.21766871 0.0517031 0.07478434
v 0.21392471 0.05128771 0.07675844
v 0.20422179 0.05024517 0.08214152
v 0.20439047 0.04971957 0.08088845
v 0.18508953 0.04793388 0.08069456
v 0.21415591 0.0706827 0.07365781
v 0.19567621 0.0464592 0.07412505
v 0.19613397 0.06087339 0.07085693
v 0.21635002 0.05328107 0.07397372
v 0.19799244 0.046332 0.07617551
v 0.19563591 0.04538542 0.07476336
v 0.19102573 0.0462029 0.07688761
v 0.19680494 0.04544759 0.07468075
v 0.19563198 0.04535693 0.07447433
v 0.22052449 0.05238724 0.07492858
v 0.21820384 0.05249965 0.07422322
v 0.21913004 0.05317938 0.07438129
v 0.21790862 0.05302882 0.07406229
v 0.21750319 0.05243891 0.07420236
v 0.21766871 0.0517031 0.07478434
v 0.19589329 0.04570496 0.0742836
v 0.19539565 0.0456804 0.07426429
v 0.19563198 0.04535693 0.07447433
v 0.19680494 0.04544759 0.07468075
v 0.18086225 0.05749786 0.09889132
v 0.17446429 0.06266719 0.1017397
v 0.18646055 0.06931514 0.10811526
v 0.17494851 0.07263774 0.10810751
v 0.16621393 0.07059193 0.10723269
v 0.15230685 0.05756271 0.09590858
v 0.16719043 0.05743992 0.09850192
v 0.15249968 0.06412309 0.10336912
v 0.17402709 0.05671436 0.09814906
v 0.17446429 0.06266719 0.1017397
v 0.18392438 0.04760551 0.08020639
v 0.185022 0.04766315 0.08008105
v 0.16391218 0.0468958 0.0794428
v 0.17627847 0.07260448 0.06981277
v 0.18234795 0.05354667 0.06968755
v 0.18324232 0.04720354 0.07925338
v 0.19206607 0.04479468 0.07444918
v 0.16472948 0.04656702 0.07859582
v 0.17407948 0.04310453 0.0732531
v 0.16280621 0.04718566 0.0798043
v 0.1629802 0.04684156 0.07915199
v 0.14375496 0.04924601 0.08080173
v 0.15769118 0.05805784 0.06388527
v 0.15151143 0.06124592 0.06223041
v 0.16419983 0.06876796 0.06644696
v 0.15213078 0.05492705 0.0651316
v 0.16165191 0.04594904 0.07811058
v 0.15319294 0.04283732 0.07324129
v 0.14665437 0.04577249 0.07657844
v 0.16455758 0.04217029 0.07299984
v 0.1531558 0.04252934 0.07140636
v 0.17689019 0.04836112 0.06989777
v 0.17452347 0.05246413 0.06825984
v 0.17218441 0.04813331 0.06959015
v 0.19539565 0.0456804 0.07426429
v 0.17407948 0.04310453 0.0732531
v 0.15457022 0.04457211 0.07039136
v 0.15140057 0.04459393 0.07026213
v 0.1531558 0.04252934 0.07140636
v 0.15457022 0.04457211 0.07039136
v 0.14079928 0.05890864 0.09720635
v 0.13197654 0.06916642 0.10247147
v 0.13706052 0.0718652 0.10545182
v 0.13199019 0.07318693 0.10556626
v 0.12922305 0.07293773 0.10457313
v 0.10988271 0.06237817 0.09264106
v 0.11467266 0.06200886 0.09375995
v 0.1097703 0.06427574 0.09434259
v 0.13110399 0.05847734 0.09432334
v 0.13197654 0.06916642 0.10247147
v 0.14062953 0.04879892 0.07932878
v 0.14331031 0.04833066 0.07891947
v 0.12380385 0.05188322 0.07970929
v 0.14871895 0.06262738 0.06158149
v 0.14726049 0.05900842 0.06285822
v 0.13964093 0.0474323 0.07760185
v 0.14176983 0.04275346 0.07177979
v 0.12517595 0.04884064 0.07652384
v 0.13208956 0.04358751 0.07126898
v 0.11383706 0.05821341 0.08673692
v 0.11771262 0.05162495 0.07791185
v 0.10762346 0.06060797 0.08829618
v 0.11345512 0.04749006 0.07306868
v 0.11159718 0.04669172 0.07181937
v 0.11035055 0.04764366 0.07252729
v 0.11829102 0.0454452 0.07135743
v 0.11159676 0.04662532 0.07119519
v 0.13412493 0.04862958 0.06741792
v 0.13054395 0.05502474 0.06314987
v 0.12747699 0.04874831 0.06698424
v 0.15140057 0.04459393 0.07026213
v 0.13208956 0.04358751 0.07126898
v 0.11198193 0.05480999 0.0597868
v 0.10488909 0.05456948 0.05951613
v 0.10821676 0.06044286 0.05555791
v 0.1299898 0.06631082 0.05879182
v 0.11692524 0.06026274 0.05688709
v 0.11225176 0.04727167 0.07043302
v 0.11225176 0.04727167 0.07043302
v 0.11054057 0.04735243 0.07017213
v 0.10516965 0.06651783 0.09421271
v 0.10733581 0.06316948 0.09273279
v 0.1097703 0.06427574 0.09434259
v 0.10733581 0.06316948 0.09273279
v 0.09100765 0.06008422 0.08024889
v 0.10384858 0.05445445 0.07751709
v 0.0865711 0.06155169 0.08050662
v 0.08805913 0.06276613 0.0837605
v 0.09223306 0.05320752 0.07166421
v 0.10977066 0.04692596 0.07105112
v 0.08669794 0.054196 0.07087767
v 0.0896346 0.05149823 0.06748563
v 0.06618166 0.0651058 0.07377458
v 0.06520253 0.06342232 0.07132608
v 0.06826359 0.06276315 0.07149702
v 0.08811796 0.06639761 0.0864495
v 0.08408684 0.06405878 0.08279252
v 0.06837261 0.05768454 0.06202686
v 0.08081973 0.05381995 0.06586337
v 0.06769878 0.06056446 0.06738877
v 0.09138995 0.05280572 0.06491542
v 0.10488909 0.05456948 0.05951613
v 0.08682877 0.06117427 0.05415171
v 0.09044981 0.06006235 0.05461437
v 0.08727622 0.05881411 0.05708998
v 0.08530647 0.05330062 0.0637967
v 0.08727622 0.05881411 0.05708998
v 0.0711174 0.05792993 0.05853987
v 0.06312823 0.05964452 0.05878162
v 0.06554049 0.06396455 0.05415159
v 0.08256447 0.06089401 0.05468863
v 0.0711174 0.05792993 0.05853987
v 0.06554049 0.06396455 0.05415159
v 0.06256056 0.06543714 0.07178098
v 0.05708861 0.06270331 0.0610382
v 0.06023514 0.06383157 0.06662464
v 0.04713094 0.06815958 0.06101823
v 0.04476386 0.07278305 0.06674081
v 0.03920275 0.07377052 0.06372333
v 0.03263354 0.07271421 0.05516893
v 0.04639316 0.06643289 0.05408496
v 0.04545283 0.06669176 0.05284089
v 0.04670447 0.06611967 0.0529592
v 0.04744524 0.06701022 0.05199116
v 0.04670447 0.06611967 0.0529592
v 0.04574007 0.06695944 0.052068
v 0.04574007 0.06695944 0.052068
v 0.04564977 0.06781721 0.05136067
v 0.04075503 0.0684765 0.05273265
v 0.04196334 0.06808448 0.05096233
v 0.04564977 0.06781721 0.05136067
v 0.32261628 0.11048156 0.09193099
v 0.3227362 0.11080724 0.09193945
v 0.32239199 0.11057109 0.09209198
v 0.32234299 0.11029011 0.09193623
v 0.32249612 0.11035287 0.09169626
v 0.32134819 0.10912126 0.09144068
v 0.3229844 0.11052245 0.08995605
v 0.32282865 0.11067885 0.0916239
v 0.31959152 0.10882211 0.0930782
v 0.30316818 0.10237956 0.10127789
v 0.30991834 0.11592084 0.10480553
v 0.3048749 0.11595935 0.10750103
v 0.3048749 0.11595935 0.10750103
v 0.28568375 0.10824412 0.11116183
v 0.30316818 0.10237956 0.10127789
v 0.28203285 0.0862149 0.10239607
v 0.28266823 0.09873378 0.10783619
v 0.28103888 0.08616149 0.10253495
v 0.28987879 0.09089988 0.10117114
v 0.2814362 0.08523184 0.10189176
v 0.28203285 0.0862149 0.10239607
v 0.28103888 0.08616149 0.10253495
v 0.28308713 0.0857529 0.10124153
v 0.28203285 0.0862149 0.10239607
v 0.28308713 0.0857529 0.10124153
v 0.28987879 0.09089988 0.10117114
v 0.28090429 0.08315718 0.09916604
v 0.30328423 0.0994094 0.09992546
v 0.32320631 0.11005533 0.08594722
v 0.3089897 0.0962525 0.0894081
v 0.30604464 0.10129529 0.08449882
v 0.30647492 0.1107865 0.08492362
v 0.30104101 0.08991337 0.08920717
v 0.29901606 0.09417337 0.09728307
v 0.29383123 0.08589435 0.09281796
v 0.29331523 0.08466786 0.08971417
v 0.29434091 0.08576947 0.08692455
v 0.30104101 0.08991337 0.08920717
v 0.29434091 0.08576947 0.08692455
v 0.29583251 0.08950728 0.08662403
v 0.30048084 0.09925425 0.10083532
v 0.29901606 0.09417337 0.09728307
v 0.28685308 0.1050207 0.08327043
v 0.2841984 0.1062488 0.08282906
v 0.28626812 0.10717899 0.08331788
v 0.28428298 0.10272223 0.08292282
v 0.28991759 0.08611232 0.08565187
v 0.27992618 0.08375144 0.08209836
v 0.27665943 0.07454628 0.09129053
v 0.28686559 0.08054262 0.09051943
v 0.28624731 0.07909268 0.08752543
v 0.28624731 0.07909268 0.08752543
v 0.29331523 0.08466786 0.08971417
v 0.27963471 0.10882914 0.11076987
v 0.28184378 0.10631537 0.11158371
v 0.28348428 0.10710573 0.11149126
v 0.26526064 0.09357029 0.11075968
v 0.26232541 0.10007405 0.11111122
v 0.25829089 0.09299177 0.1119101
v 0.26132309 0.07624727 0.10264194
v 0.26132309 0.07624727 0.10264194
v 0.25981289 0.07641029 0.10304004
v 0.26063025 0.07507968 0.10246593
v 0.24769604 0.10182297 0.11035824
v 0.2541126 0.10862929 0.10902685
v 0.24434662 0.10281402 0.10704267
v 0.24327964 0.09971774 0.11035919
v 0.24413824 0.08584195 0.11195832
v 0.23618871 0.08559847 0.11227816
v 0.23973632 0.07647586 0.10781521
v 0.25809115 0.0744347 0.10235339
v 0.23973632 0.07647586 0.10781521
v 0.28227246 0.10524088 0.08326358
v 0.28305185 0.10683733 0.08372897
v 0.2633099 0.10285306 0.08910412
v 0.26819885 0.08910716 0.08348852
v 0.25732881 0.09039646 0.08282125
v 0.27770245 0.07342869 0.08636963
v 0.26697564 0.07616043 0.08177477
v 0.25966966 0.0761981 0.08122241
v 0.2474457 0.09401488 0.08987266
v 0.23469824 0.092875 0.09091008
v 0.24434805 0.10281706 0.10631466
v 0.25792146 0.10552454 0.0934521
v 0.2633099 0.10285306 0.08910412
v 0.25792146 0.10552454 0.0934521
v 0.26349795 0.10821068 0.09155804
v 0.24532866 0.08490092 0.08100224
v 0.2474457 0.09401488 0.08987266
v 0.24048531 0.07107091 0.07958013
v 0.23493564 0.08485204 0.08274007
v 0.22288364 0.09190768 0.10901004
v 0.23476058 0.09909284 0.10924345
v 0.22125727 0.09479821 0.10800111
v 0.21924913 0.09201306 0.10869282
v 0.22148097 0.09614795 0.10594261
v 0.22721785 0.07079333 0.10701895
v 0.22211552 0.07859093 0.11111248
v 0.2145468 0.07824141 0.11054432
v 0.21675771 0.09499002 0.10689467
v 0.22148097 0.09614795 0.10594261
v 0.21462178 0.09557766 0.10508698
v 0.21675771 0.09499002 0.10689467
v 0.20013815 0.08490658 0.10919821
v 0.19769698 0.09022611 0.10628891
v 0.194727 0.08478338 0.10847265
v 0.19693387 0.07482237 0.10822195
v 0.19612825 0.06422246 0.10576051
v 0.24377334 0.10276258 0.10634857
v 0.22534066 0.09460437 0.09609026
v 0.22171819 0.09600729 0.10269642
v 0.21562797 0.09423363 0.09613103
v 0.22560149 0.08867496 0.08657813
v 0.23493564 0.08485204 0.08274007
v 0.21998346 0.0748632 0.07625431
v 0.21551913 0.07525796 0.07684737
v 0.21998346 0.0748632 0.07625431
v 0.20448267 0.09112519 0.09180975
v 0.20357245 0.09352154 0.10030007
v 0.19871056 0.09212351 0.10377079
v 0.19382083 0.09295094 0.10004205
v 0.21137547 0.08866012 0.0874837
v 0.2018435 0.08534199 0.08376783
v 0.19616479 0.07592857 0.07718658
v 0.19141257 0.0848093 0.08365065
v 0.21551913 0.07525796 0.07684737
v 0.19616479 0.07592857 0.07718658
v 0.17585444 0.09140676 0.1018548
v 0.1760087 0.09139729 0.10190612
v 0.17615557 0.09143943 0.10186601
v 0.17590362 0.09130323 0.10193443
v 0.1760087 0.09139729 0.10190612
v 0.17585397 0.09137934 0.10191798
v 0.17581785 0.09130794 0.10192621
v 0.17585444 0.09140676 0.1018548
v 0.17791831 0.07754534 0.10834074
v 0.17229575 0.07740748 0.108006
v 0.17575234 0.09138089 0.10188574
v 0.17563158 0.09141868 0.10179776
v 0.17575234 0.09138089 0.10188574
v 0.15437925 0.0840916 0.10487103
v 0.15277839 0.08671546 0.10344547
v 0.15176481 0.08414304 0.10479265
v 0.15312743 0.07932335 0.1048196
v 0.15249968 0.06412309 0.10336912
v 0.17585444 0.09140676 0.1018548
v 0.17615557 0.09143943 0.10186601
v 0.17586559 0.09141278 0.10178405
v 0.19047159 0.09033686 0.09154886
v 0.18166071 0.09181321 0.0953306
v 0.16930056 0.09204531 0.09436673
v 0.17586559 0.09141278 0.10178405
v 0.18195492 0.08773637 0.08692503
v 0.17681551 0.07600766 0.07140285
v 0.17348707 0.07608497 0.07131761
v 0.16742903 0.08785522 0.08547378
v 0.15821332 0.09166777 0.08971089
v 0.15733343 0.09232801 0.09544206
v 0.1526596 0.08847386 0.10070306
v 0.14666343 0.0929752 0.09403372
v 0.15264249 0.08479041 0.07551128
v 0.15169799 0.08379781 0.07427394
v 0.15095234 0.08481771 0.07510245
v 0.15949452 0.08108199 0.07294726
v 0.17681551 0.07600766 0.07140285
v 0.17409927 0.07504267 0.06967711
v 0.17409927 0.07504267 0.06967711
v 0.17273533 0.07508826 0.06959581
v 0.17343116 0.07344383 0.06936961
v 0.17273533 0.07508826 0.06959581
v 0.15949452 0.08108199 0.07294726
v 0.14184999 0.08858091 0.10094607
v 0.1526596 0.08847386 0.10070306
v 0.13322997 0.07546413 0.10552317
v 0.13077039 0.07547629 0.1055755
v 0.1315496 0.08368748 0.10138476
v 0.11988765 0.08004427 0.102772
v 0.13319618 0.0945738 0.09046298
v 0.13343149 0.09096408 0.09761238
v 0.14615005 0.0923562 0.08770412
v 0.13201505 0.09253907 0.07780451
v 0.13343149 0.09096408 0.09761238
v 0.12859505 0.09121418 0.09697485
v 0.15046692 0.08417159 0.07386321
v 0.12980008 0.09109521 0.07448167
v 0.12811428 0.09276509 0.07697332
v 0.12592876 0.09505844 0.08928955
v 0.10759532 0.09971935 0.08312047
v 0.11095822 0.09630495 0.08923483
v 0.11236048 0.08462387 0.09976161
v 0.11095822 0.09630495 0.08923483
v 0.12859505 0.09121418 0.09697485
v 0.12599045 0.09286755 0.07453758
v 0.1078645 0.09505647 0.0677942
v 0.10623026 0.09979439 0.08160084
v 0.10515505 0.09990126 0.08280551
v 0.10843623 0.08469492 0.09949589
v 0.11012626 0.07494378 0.09743023
v 0.15046692 0.08417159 0.07386321
v 0.13459176 0.0784449 0.06186843
v 0.13459176 0.0784449 0.06186843
v 0.12980008 0.09109521 0.07448167
v 0.12404203 0.07998866 0.05943304
v 0.11426216 0.08549047 0.06062174
v 0.09735829 0.08568817 0.04999036
v 0.11426216 0.08549047 0.06062174
v 0.11269933 0.0705049 0.05739087
v 0.0973857 0.08546692 0.0499745
v 0.10393536 0.09674376 0.08848035
v 0.09327883 0.09068602 0.09416282
v 0.08770281 0.10381156 0.08177662
v 0.08506685 0.10445839 0.08128774
v 0.08529299 0.10354054 0.08202571
v 0.08278871 0.09070921 0.09304249
v 0.08362359 0.10756439 0.07085341
v 0.10318387 0.10087264 0.08111405
v 0.09634095 0.09953558 0.06730747
v 0.09231621 0.10323483 0.08128321
v 0.09338474 0.07965481 0.09487325
v 0.08811796 0.06639761 0.0864495
v 0.0833506 0.08008254 0.09377587
v 0.07092679 0.0973196 0.08818257
v 0.06563002 0.10651428 0.08130282
v 0.05754107 0.08997804 0.08457196
v 0.08350617 0.10424328 0.08154172
v 0.07332921 0.08578575 0.09150261
v 0.07525533 0.11038482 0.07190549
v 0.08471262 0.10543031 0.07905114
v 0.07679439 0.11104989 0.06726009
v 0.07272524 0.07664746 0.08607006
v 0.05679351 0.08215469 0.08348113
v 0.07272524 0.07664746 0.08607006
v 0.08610511 0.10198766 0.0591054
v 0.09721357 0.0857622 0.05000728
v 0.0971114 0.08568972 0.04986221
v 0.07880843 0.08867365 0.04351121
v 0.08227313 0.09738636 0.05172908
v 0.09735829 0.08568817 0.04999036
v 0.09725732 0.08564878 0.0499295
v 0.09721357 0.0857622 0.05000728
v 0.08500183 0.06450933 0.05237883
v 0.07876873 0.08321393 0.04361308
v 0.07863063 0.10587209 0.05538338
v 0.08227313 0.09738636 0.05172908
v 0.06698865 0.10715282 0.04281014
v 0.06519747 0.10713798 0.04110754
v 0.06511831 0.10763842 0.04119307
v 0.06462938 0.10744345 0.04085201
v 0.06511831 0.10763842 0.04119307
v 0.06519747 0.10713798 0.04110754
v 0.06461084 0.10651833 0.04089057
v 0.07232505 0.08544207 0.04140311
v 0.05889404 0.08470744 0.03757697
v 0.07166708 0.07637656 0.0463888
v 0.06050086 0.07254732 0.04505199
v 0.05404508 0.08629346 0.08447009
v 0.05647635 0.08526647 0.08514303
v 0.04683483 0.10141248 0.08311886
v 0.05040675 0.08518267 0.08203983
v 0.04678309 0.10681206 0.08218479
v 0.04405701 0.10626203 0.08239478
v 0.04403067 0.10800928 0.08109075
v 0.05407917 0.08437157 0.08430654
v 0.05679351 0.08215469 0.08348113
v 0.05360776 0.08239728 0.08168232
v 0.05407917 0.08437157 0.08430654
v 0.05360776 0.08239728 0.08168232
v 0.03709763 0.08947223 0.07476056
v 0.04032481 0.07875335 0.06917614
v 0.02230591 0.10746545 0.07456928
v 0.02187228 0.10648656 0.07397127
v 0.02329928 0.10544944 0.0743227
v 0.03367001 0.10711259 0.07873064
v 0.02462906 0.08553654 0.06391662
v 0.0231837 0.08355421 0.06101173
v 0.02462906 0.08553654 0.06391662
v 0.02164125 0.08572841 0.06205916
v 0.04032481 0.07875335 0.06917614
v 0.04270959 0.09650552 0.02882898
v 0.05861998 0.10408771 0.03756684
v 0.04386508 0.09415722 0.02935225
v 0.04141718 0.09392828 0.02960867
v 0.04304898 0.11640424 0.03006601
v 0.04869556 0.07921416 0.03953129
v 0.03791976 0.07921654 0.03995889
v 0.04081661 0.09638709 0.02778721
v 0.02112275 0.10759622 0.01904333
v 0.02181625 0.08686519 0.03192496
v 0.02328765 0.08443761 0.0338434
v 0.01977605 0.08509195 0.03455126
v 0.0246985 0.07923305 0.05628145
v 0.02295375 0.07621014 0.04977041
v 0.02804059 0.07376063 0.0516181
v 0.02757603 0.07438189 0.04428571
v 0.0430792 0.11812466 0.03017086
v 0.04320645 0.11812019 0.03023058
v 0.04237914 0.1178326 0.02983207
v 0.0214079 0.10746253 0.07409203
v 0.0184232 0.1054647 0.07095742
v 0.01528138 0.08955455 0.05973393
v 0.00570452 0.09913391 0.0581758
v 0.01311159 0.1119743 0.06909496
v 0.01970255 0.08495212 0.0593223
v 0.01528138 0.08955455 0.05973393
v 0.0062955 0.09279722 0.0534566
v 0.00108278 0.09945077 0.05513036
v 0.01669139 0.10966855 0.01722956
v 0.01155961 0.10222644 0.02246761
v 0.01575911 0.08797157 0.03129166
v -0.00459582 0.09261191 0.0385133
v -0.00393289 0.09227794 0.03701127
v -0.00240582 0.09080011 0.03909755
v 0.01113337 0.08172137 0.04454166
v 0.02093792 0.0774976 0.0433287
v 0.01069611 0.08494061 0.04923403
v 0.0062955 0.09279722 0.0534566
v 0.00908995 0.08453864 0.03795582
v 0.01977605 0.08509195 0.03455126
v -0.01944965 0.10940129 0.03868419
v -0.02071983 0.10639882 0.03256142
v -0.00755966 0.09471619 0.03686094
v 0.00057513 0.11704397 0.06101918
v -0.01376319 0.10856122 0.04618174
v 0.00108278 0.09945077 0.05513036
v -0.01376319 0.10856122 0.04618174
v -0.01883703 0.10639656 0.02275223
v -0.00677115 0.0950793 0.03061926
v -0.01687688 0.10184711 0.03038585
v 0.00276941 0.09006554 0.03136301
v 0.00239491 0.09500211 0.02696759
v 0.00056267 0.09934831 0.02414078
v -0.00100183 0.09533817 0.02685827
v 0.00276941 0.09006554 0.03136301
v -0.01953924 0.10894507 0.01978707
v -0.02070111 0.10912752 0.01968122
v -0.02030784 0.11017317 0.01900274
v -0.00041038 0.11215526 0.01474321
v -0.01831657 0.10988998 0.01906973
v -0.02070111 0.10912752 0.01968122
v -0.01953924 0.10894507 0.01978707
v -0.00100183 0.09533817 0.02685827
v -0.02478999 0.11068296 0.03266007
v -0.02203602 0.10953343 0.0209673
v -0.02439368 0.10820788 0.02870542
v -0.03839564 0.11999249 0.02105904
v -0.03859097 0.12107754 0.02274567
v -0.03998619 0.12168479 0.02116227
v -0.04002714 0.12172127 0.02012467
v -0.02273422 0.11072201 0.0190571
v -0.02273422 0.11072201 0.0190571
v -0.03879851 0.12107486 0.01893389
v 0.33687633 0.14665318 0.09798688
v 0.33912545 0.15782475 0.09816825
v 0.32768041 0.15102863 0.10177058
v 0.32638103 0.12969869 0.10123158
v 0.32628649 0.12998527 0.10113984
v 0.32617849 0.12969166 0.10123694
v 0.32638103 0.12969869 0.10123158
v 0.32679045 0.13005459 0.10094965
v 0.32628649 0.12998527 0.10113984
v 0.32623935 0.12941211 0.10112661
v 0.32623935 0.12941211 0.10112661
v 0.32654172 0.12959188 0.10097426
v 0.32638103 0.12969869 0.10123158
v 0.32679045 0.13005459 0.10094965
v 0.35090226 0.15367115 0.09043843
v 0.3465054 0.15683174 0.09409988
v 0.34561896 0.14918303 0.0936265
v 0.34850514 0.14678228 0.08831102
v 0.3531056 0.15468264 0.0867787
v 0.3531056 0.15468264 0.0867787
v 0.34850514 0.14678228 0.08831102
v 0.34698194 0.14960265 0.08515757
v 0.34802485 0.15664494 0.08439815
v 0.34153599 0.13264227 0.08971143
v 0.33875549 0.13431001 0.09446222
v 0.33744824 0.12895137 0.09372991
v 0.33755231 0.12639892 0.09012777
v 0.33817524 0.12875396 0.0872789
v 0.34153599 0.13264227 0.08971143
v 0.33817524 0.12875396 0.0872789
v 0.33955067 0.13380682 0.08707118
v 0.33687633 0.14665318 0.09798688
v 0.33311969 0.14935517 0.08332562
v 0.32837498 0.15147746 0.08230931
v 0.33462381 0.15452921 0.08286691
v 0.32866496 0.14677441 0.08335823
v 0.33431888 0.1299929 0.08726352
v 0.32308096 0.12868863 0.08472073
v 0.32628202 0.11338592 0.0862565
v 0.3229844 0.11052245 0.08995605
v 0.32412928 0.11152422 0.08585286
v 0.33755231 0.12639892 0.09012777
v 0.30829954 0.13733828 0.10659897
v 0.31165093 0.14187133 0.10445821
v 0.30642992 0.14111722 0.10612655
v 0.3042866 0.13702369 0.10645443
v 0.31030321 0.15435576 0.10074621
v 0.30991834 0.11592084 0.10480553
v 0.30702311 0.12027264 0.10743469
v 0.30273497 0.12021643 0.10726565
v 0.30244696 0.14070535 0.10406578
v 0.29805321 0.14213848 0.10308683
v 0.28873825 0.12703848 0.107346
v 0.28803164 0.13045311 0.10540247
v 0.28558892 0.12681252 0.10703224
v 0.28406018 0.10997659 0.11099494
v 0.31071889 0.15632784 0.09942859
v 0.31379545 0.15774012 0.0997479
v 0.32498097 0.14980054 0.08366019
v 0.32581365 0.15289354 0.08419973
v 0.30827224 0.14797318 0.09159464
v 0.31295133 0.13345838 0.08569282
v 0.29860169 0.13229203 0.08961397
v 0.312527 0.12339371 0.08400738
v 0.29967338 0.12489891 0.08797759
v 0.28127778 0.12728751 0.09692872
v 0.29327846 0.13825011 0.10105401
v 0.29380298 0.13422167 0.09341389
v 0.28957474 0.13552368 0.10405087
v 0.29327846 0.13825011 0.10105401
v 0.30022836 0.14713144 0.1004265
v 0.29805321 0.14213848 0.10308683
v 0.30827224 0.14797318 0.09159464
v 0.30454296 0.14915001 0.09438866
v 0.30883437 0.15207648 0.0925864
v 0.29380298 0.13422167 0.09341389
v 0.2931729 0.12906241 0.09038931
v 0.28127778 0.12728751 0.09692872
v 0.29860169 0.13229203 0.08961397
v 0.27772087 0.12393373 0.09744769
v 0.28024185 0.12676644 0.09933686
v 0.28144431 0.11373824 0.08907437
v 0.2931729 0.12906241 0.09038931
v 0.28427637 0.10749537 0.0837056
v 0.28239769 0.12885666 0.10461575
v 0.26680869 0.11630988 0.10746175
v 0.26544446 0.11396867 0.1081413
v 0.26466161 0.11617362 0.10751003
v 0.2665059 0.11879057 0.10574555
v 0.26328194 0.11623633 0.10602963
v 0.28239769 0.12885666 0.10461575
v 0.28957474 0.13552368 0.10405087
v 0.28024185 0.12676644 0.09933686
v 0.27283269 0.12066633 0.09690213
v 0.27772087 0.12393373 0.09744769
v 0.28144431 0.11373824 0.08907437
v 0.27190125 0.12160552 0.10084581
v 0.2665059 0.11879057 0.10574555
v 0.26402164 0.11691087 0.10391611
v 0.28144431 0.11373824 0.08907437
v 0.26349795 0.10821068 0.09155804
v 0.26121581 0.11172086 0.09657723
v 0.26328194 0.11623633 0.10602963
v 0.24458659 0.10317516 0.10643876
v 0.2442804 0.10297197 0.10650033
v 0.24438357 0.10301864 0.10663676
v 0.26121581 0.11172086 0.09657723
v 0.24458659 0.10317516 0.10643876
v 0.26402164 0.11691087 0.10391611
v 0.24434662 0.10281402 0.10704267
v 0.24414402 0.10289121 0.10664159
v 0.0853616 0.10471392 0.08067
v 0.08770281 0.10381156 0.08177662
v 0.08506685 0.10445839 0.08128774
v 0.08427054 0.1051932 0.08057952
v 0.08350617 0.10424328 0.08154172
v 0.0598039 0.11428833 0.07589859
v 0.06710005 0.11208135 0.07597846
v 0.06275505 0.11664879 0.06833082
v 0.0598039 0.11428833 0.07589859
v 0.06710005 0.11208135 0.07597846
v 0.05108756 0.12591529 0.04977793
v 0.05104387 0.1259464 0.04975724
v 0.05104369 0.12594652 0.04978055
v 0.0510971 0.12590772 0.04987645
v 0.05105257 0.12592232 0.04973805
v 0.06805289 0.11459893 0.05592555
v 0.06222099 0.11837161 0.06302595
v 0.06499779 0.1082617 0.04206789
v 0.06458879 0.10806197 0.04115713
v 0.06458879 0.10806197 0.04115713
v 0.04655892 0.12071651 0.07005274
v 0.03925288 0.12114555 0.07035846
v 0.04655892 0.12071651 0.07005274
v 0.0536685 0.12119222 0.064008
v 0.04100466 0.1269725 0.06218761
v 0.04100466 0.1269725 0.06218761
v 0.02375406 0.12965763 0.06243551
v 0.02145368 0.13151598 0.06071413
v 0.02185142 0.12991005 0.06292748
v 0.02262729 0.12890249 0.0636943
v 0.02163804 0.12896794 0.06349438
v 0.02170336 0.10869193 0.07424611
v 0.02306539 0.1090436 0.07428724
v 0.05096591 0.12597346 0.04983509
v 0.05098927 0.12597877 0.04975736
v 0.05098313 0.12596953 0.04969186
v 0.03553355 0.13270807 0.0547812
v 0.0432418 0.11823934 0.03032243
v 0.04302984 0.11853296 0.03034496
v 0.03607625 0.13289499 0.03836834
v 0.02241731 0.14078522 0.04826772
v 0.01732975 0.14719808 0.0395273
v 0.01630837 0.14354718 0.04789013
v 0.03388709 0.1356231 0.04533863
v 0.02145368 0.13151598 0.06071413
v 0.02257723 0.14474189 0.03366637
v 0.01881319 0.14801836 0.03371322
v 0.02059329 0.14680624 0.03607148
v 0.017892 0.14781249 0.02849656
v 0.03227031 0.13378859 0.03049177
v 0.02375406 0.12965763 0.06243551
v 0.02124482 0.11448467 0.01940846
v 0.0432418 0.11823934 0.03032243
v 0.04313028 0.11823553 0.03018832
v 0.04313028 0.11823553 0.03018832
v 0.04302984 0.11853296 0.03034496
v 0.04299587 0.11826432 0.03014064
v 0.02484077 0.1300838 0.02138257
v 0.0195328 0.1442132 0.02269804
v 0.03227031 0.13378859 0.03049177
v 0.01509869 0.12979048 0.01521719
v 0.0430792 0.11812466 0.03017086
v 0.04237914 0.1178326 0.02983207
v 0.04299587 0.11826432 0.03014064
v 0.01981425 0.13010955 0.0626657
v 0.01470554 0.1252172 0.06272328
v 0.00224197 0.11733538 0.06226134
v 0.0089007 0.14843309 0.04501778
v -0.00091845 0.15241361 0.0460434
v -0.00015432 0.14553547 0.05040646
v 0.0089007 0.14843309 0.04501778
v -0.0036884 0.13634908 0.05601192
v 0.00330544 0.1372447 0.05777687
v 0.01164687 0.15237164 0.02185535
v 0.01612818 0.14761043 0.0212819
v 0.0195328 0.1442132 0.02269804
v 0.00149339 0.11898869 0.06145132
v -0.00055665 0.11923945 0.06081623
v -0.01770717 0.14290988 0.04928428
v -0.02173865 0.15114605 0.04617679
v -0.0305987 0.13220453 0.04141611
v -0.00892705 0.1502403 0.04579282
v -0.01575923 0.12931901 0.05184668
v -0.0168103 0.11547947 0.04597586
v -0.0298866 0.12596017 0.04091525
v -0.01944965 0.10940129 0.03868419
v 0.00822258 0.14981067 0.01404387
v 0.00112623 0.15086341 0.00731045
v 0.00822258 0.14981067 0.01404387
v 0.00234848 0.14503849 0.00765997
v 0.0076161 0.13293958 0.01081365
v -0.00561374 0.12948567 0.00569642
v -0.00071979 0.14998507 0.00606239
v -0.00081623 0.15201807 0.00600916
v 0.00745505 0.12648267 0.0112856
v -0.00971365 0.12602758 0.00580323
v -0.0105834 0.12865973 0.00384057
v -0.01050562 0.13044918 0.00368148
v -0.0222289 0.15201271 -0.00648421
v -0.02273232 0.15225554 -0.00671005
v -0.02218539 0.15253806 -0.00645792
v -0.02271795 0.15174186 -0.00648522
v -0.01234537 0.1295011 0.00365222
v -0.03155142 0.12928706 0.00524294
v -0.01243728 0.12747025 0.00488752
v -0.03119439 0.12623543 0.00706142
v -0.03241253 0.12973779 0.04046017
v -0.03126264 0.12931764 0.04122174
v -0.03409928 0.13333821 0.03995985
v -0.033544 0.12947994 0.03934288
v -0.03799355 0.15100193 0.03914821
v -0.04334533 0.14771152 0.03532547
v -0.04340369 0.15371287 0.03670442
v -0.03234416 0.12896174 0.04038882
v -0.03244817 0.12789369 0.03933972
v -0.03244817 0.12789369 0.03933972
v -0.04681998 0.13611007 0.02850103
v -0.04022533 0.12333858 0.02263933
v -0.033544 0.12947994 0.03934288
v -0.0563783 0.14768958 0.02496827
v -0.04681998 0.13611007 0.02850103
v -0.05784076 0.15441597 0.02540416
v -0.06313455 0.15188801 0.0196414
v -0.0542298 0.13614237 0.01780665
v -0.04421628 0.12555891 0.01953828
v -0.02351069 0.15183973 -0.00650418
v -0.02658367 0.15427017 -0.00821131
v -0.04397404 0.14669776 -0.00423831
v -0.03504252 0.13153744 0.00423682
v -0.05007076 0.13329732 0.00813091
v -0.03472531 0.12474781 0.00918919
v -0.04945678 0.13129437 0.00941169
v -0.03472531 0.12474781 0.00918919
v -0.0343014 0.12814128 0.00587595
v -0.06559491 0.14558566 0.00858599
v -0.06480759 0.14958453 0.00038773
v -0.05215555 0.1332345 0.00909644
v -0.06047565 0.14161098 0.01425862
v -0.05179799 0.13310766 0.01062465
v -0.0542298 0.13614237 0.01780665
v -0.06142092 0.15150714 -0.00276577
v -0.06390893 0.15295899 -0.0033223
v -0.05488092 0.157354 -0.00814658
v -0.06373388 0.15106833 -0.00232315
v -0.05074215 0.13223767 0.00950736
v -0.05077195 0.1322335 0.00889009
v -0.05094981 0.13291597 0.00843686
v -0.05019903 0.1325016 0.00861269
v -0.05019903 0.1325016 0.00861269
v -0.05077195 0.1322335 0.00889009
v -0.05094981 0.13291597 0.00843686
v -0.07176375 0.15757513 0.01286
v -0.06768829 0.1506598 0.0126012
v -0.06313455 0.15188801 0.0196414
v -0.06768829 0.1506598 0.0126012
v -0.07378763 0.15506589 0.00534505
v -0.07176375 0.15757513 0.01286
v -0.06560111 0.15218008 -0.00248629
v -0.07027394 0.15721548 -0.00454766
v -0.06957942 0.15418279 0.00010073
v -0.06560111 0.15218008 -0.00248629
v -0.06373388 0.15106833 -0.00232315
v -0.07027394 0.15721548 -0.00454766
v 0.36500514 0.19663107 0.08605772
v 0.36703366 0.19282246 0.08288991
v 0.36789864 0.19722748 0.08294445
v 0.36164248 0.17551196 0.0858326
v 0.36137372 0.18701327 0.08844745
v 0.35849804 0.17488933 0.08940917
v 0.36794621 0.19615448 0.08101046
v 0.36840701 0.19893169 0.08066833
v 0.36610299 0.1973058 0.07922226
v 0.36840701 0.19893169 0.08066833
v 0.36794621 0.19615448 0.08101046
v 0.3659516 0.19044507 0.08007753
v 0.3659516 0.19044507 0.08007753
v 0.35848379 0.16970301 0.08801591
v 0.35924971 0.16774023 0.08486819
v 0.36129743 0.17579412 0.08170801
v 0.33667469 0.18890369 0.09499979
v 0.33540267 0.19489372 0.0946399
v 0.33067 0.19220722 0.09534162
v 0.32904196 0.17549133 0.09896749
v 0.32852072 0.16981745 0.10009116
v 0.35366952 0.17747855 0.09164786
v 0.36131245 0.1956296 0.08881688
v 0.34907502 0.19890821 0.09349406
v 0.34871995 0.18758428 0.09434646
v 0.36131245 0.1956296 0.08881688
v 0.34435511 0.17855453 0.09699768
v 0.35366952 0.17747855 0.09164786
v 0.35089093 0.18496692 0.07609582
v 0.35600853 0.18833387 0.07745105
v 0.35258716 0.18121493 0.07788545
v 0.3495912 0.18225682 0.07683492
v 0.35077912 0.18965626 0.07466221
v 0.35270232 0.169716 0.09207994
v 0.35270232 0.169716 0.09207994
v 0.34400785 0.16628492 0.09700412
v 0.3465054 0.15683174 0.09409988
v 0.35924971 0.16774023 0.08486819
v 0.3546446 0.17047143 0.08241481
v 0.36129743 0.17579412 0.08170801
v 0.34614134 0.16710901 0.081833
v 0.32935148 0.17174971 0.0998832
v 0.32717282 0.17174685 0.09967297
v 0.34465212 0.1866864 0.07835984
v 0.33032537 0.19389558 0.08253419
v 0.3300122 0.1895045 0.08361185
v 0.33362705 0.17412341 0.08335757
v 0.32282251 0.17290378 0.09093606
v 0.32834494 0.15585935 0.08358938
v 0.34985268 0.20483923 0.06951123
v 0.35490084 0.20443833 0.07190031
v 0.34577817 0.20475423 0.07214421
v 0.32801145 0.19367433 0.09370512
v 0.32657874 0.18892431 0.09449852
v 0.32629699 0.19175613 0.09256488
v 0.32629699 0.19175613 0.09256488
v 0.32639587 0.19282961 0.08814698
v 0.31938052 0.17739213 0.09534907
v 0.31576961 0.17088711 0.09593832
v 0.31942219 0.17414415 0.09732985
v 0.33032537 0.19389558 0.08253419
v 0.32760286 0.19198048 0.08438736
v 0.32781076 0.19516289 0.08431387
v 0.31961262 0.17413485 0.09240103
v 0.3300122 0.1895045 0.08361185
v 0.32639587 0.19282961 0.08814698
v 0.31942219 0.17414415 0.09732985
v 0.31430066 0.16271329 0.09917873
v 0.31576961 0.17088711 0.09593832
v 0.30883437 0.15207648 0.0925864
v 0.31917709 0.17057276 0.09231126
v 0.32581365 0.15289354 0.08419973
v 0.31917709 0.17057276 0.09231126
v 0.31961262 0.17413485 0.09240103
v 0.32282251 0.17290378 0.09093606
v 0.31071889 0.15632784 0.09942859
v 0.30709273 0.15572941 0.0963676
v 0.30454296 0.14915001 0.09438866
v 0.01514876 0.15045726 0.03528261
v 0.01801044 0.14882028 0.03506041
v 0.01684803 0.15012312 0.03315878
v 0.00108081 0.15472567 0.04019302
v -0.00091845 0.15241361 0.0460434
v -0.00491554 0.1571058 0.03980535
v -0.00038403 0.16253078 0.02985251
v 0.00271761 0.16227853 0.02499002
v -0.00563395 0.16998827 0.02241826
v -0.00737017 0.16439593 0.03068841
v -0.02075547 0.18680322 0.0137592
v -0.02582544 0.19248986 0.01096886
v -0.02726257 0.19168139 0.01383096
v -0.01777989 0.1714263 0.02975833
v -0.02488178 0.18284082 0.02348596
v -0.02726227 0.1727941 0.0304361
v -0.01262641 0.17555153 0.02074629
v -0.00491554 0.1571058 0.03980535
v -0.02795142 0.16366136 0.03758883
v -0.01618487 0.16316915 0.03582036
v -0.00737017 0.16439593 0.03068841
v -0.0114767 0.17689157 0.00819379
v -0.01010984 0.17466843 0.01518375
v -0.00718498 0.17103302 0.00895804
v -0.01153618 0.17372215 0.00488234
v 0.00061023 0.15419805 0.00869179
v 0.0002237 0.16317666 0.01885402
v 0.00061023 0.15419805 0.00869179
v -0.00718498 0.17103302 0.00895804
v -0.01123106 0.17063558 0.00435293
v -0.01153618 0.17372215 0.00488234
v -0.02537781 0.19170117 -0.00132233
v -0.02603436 0.19238615 -0.00172526
v -0.02608544 0.19252634 -0.00069153
v -0.02456421 0.19149888 0.00962311
v -0.01262641 0.17555153 0.02074629
v -0.01684821 0.17310917 -0.00050074
v -0.02537781 0.19170117 -0.00132233
v -0.0226953 0.1540091 -0.00682551
v -0.0255056 0.17480361 -0.0091576
v -0.04519719 0.20426762 0.01712912
v -0.03402895 0.1884284 0.022991
v -0.02726257 0.19168139 0.01383096
v -0.03823262 0.17901242 0.03013968
v -0.0435428 0.18766773 0.02647185
v -0.04741532 0.18034077 0.02821809
v -0.03696537 0.1686666 0.03334898
v -0.04869336 0.16774416 0.03165352
v -0.05402982 0.1895355 0.02569324
v -0.04584706 0.20436895 0.01718527
v -0.06485456 0.19508886 0.02301162
v -0.06525367 0.18105876 0.02431077
v -0.06238467 0.17272246 0.02592999
v -0.06733871 0.17266297 0.02352554
v -0.06421351 0.16150486 0.02343494
v -0.02623707 0.19266307 -0.00174683
v -0.02603436 0.19238615 -0.00172526
v -0.02650529 0.19240355 -0.00221843
v -0.02623707 0.19266307 -0.00174683
v -0.03876728 0.18853343 -0.01753151
v -0.02650529 0.19240355 -0.00221843
v -0.03326076 0.18060493 -0.014768
v -0.02665102 0.19308937 -0.00220162
v -0.04359049 0.16140497 -0.01362133
v -0.04202914 0.16476977 -0.01432687
v -0.0447197 0.16448224 -0.01495206
v -0.04344833 0.16972232 -0.0165323
v -0.05081433 0.16658306 -0.01614982
v -0.04162008 0.18395936 -0.02008522
v -0.04365885 0.18909013 -0.02141237
v -0.0457536 0.18393064 -0.02042592
v -0.06326771 0.19521248 -0.02824402
v -0.06552571 0.19494033 -0.02806801
v -0.06435096 0.19731319 -0.02919072
v -0.04510397 0.20374465 -0.01926786
v -0.06162351 0.19734466 -0.02845228
v -0.0638743 0.17390597 -0.01887673
v -0.06561738 0.16959572 -0.01645774
v -0.06787449 0.17396581 -0.0188027
v -0.07957578 0.20255053 0.01761031
v -0.07861644 0.18744636 0.01540691
v -0.07494253 0.17785442 0.01871711
v -0.07265848 0.16894579 0.01777565
v -0.08181626 0.1798712 0.01185393
v -0.08576542 0.18763995 0.01150554
v -0.09214997 0.17746782 -0.00286567
v -0.09187001 0.17697704 -0.00399953
v -0.09124112 0.17588341 -0.00266176
v -0.07902008 0.16095364 0.00193167
v -0.07977182 0.16802311 0.00949597
v -0.09124112 0.17588341 -0.00266176
v -0.09124112 0.17588341 -0.00266176
v -0.07902008 0.16095364 0.00193167
v -0.07977182 0.16802311 0.00949597
v -0.08162785 0.16844761 -0.00817519
v -0.07581413 0.16966033 -0.01283818
v -0.08464491 0.17283332 -0.01218659
v -0.10492188 0.19702208 -0.00629407
v -0.10604352 0.19458628 -0.01076376
v -0.0950796 0.18044245 -0.00488877
v -0.0863061 0.20234716 0.01386786
v -0.09837568 0.19615722 0.00295919
v -0.09214997 0.17746782 -0.00286567
v -0.0950796 0.18044245 -0.00488877
v -0.10589761 0.19898331 -0.02260852
v -0.1059255 0.19900024 -0.0225879
v -0.10591698 0.19901168 -0.02262098
v -0.10408211 0.1912235 -0.01269114
v -0.09479088 0.18179858 -0.01315171
v -0.08343023 0.18210447 -0.01957059
v -0.08691579 0.20012867 -0.03087771
v -0.06944519 0.19721746 -0.02914405
v -0.08642495 0.19024765 -0.0240888
v -0.08897233 0.18253601 -0.01912785
v -0.07581413 0.16966033 -0.01283818
v -0.08464491 0.17283332 -0.01218659
v -0.08897233 0.18253601 -0.01912785
v -0.10589761 0.19898331 -0.02260852
v -0.10839969 0.19787586 -0.01072115
v -0.10766166 0.19630814 -0.01337826
v -0.11656731 0.20618594 -0.01825839
v -0.10766166 0.19630814 -0.01337826
v -0.10408211 0.1912235 -0.01269114
v -0.11656731 0.20618594 -0.01825839
v 0.36541188 0.23897779 0.07584167
v 0.3688255 0.22923958 0.07587272
v 0.36843526 0.23941898 0.07364678
v 0.36765563 0.21740997 0.08066916
v 0.36136782 0.2237215 0.08429688
v 0.3611697 0.21687925 0.08683306
v 0.36958021 0.23717749 0.07115513
v 0.36907333 0.24143732 0.07055742
v 0.36774611 0.24083376 0.06695116
v 0.36914182 0.21846974 0.07666111
v 0.36298543 0.20222163 0.08723462
v 0.36832142 0.20548868 0.08165914
v 0.36947227 0.21763945 0.07428902
v 0.36969709 0.22024727 0.0739876
v 0.36842328 0.21888268 0.07251668
v 0.3681916 0.23090994 0.06936008
v 0.36969709 0.22024727 0.0739876
v 0.36659276 0.21883178 0.07211959
v 0.36947227 0.21763945 0.07428902
v 0.36766219 0.21584988 0.07335407
v 0.33111143 0.1971091 0.0940395
v 0.36136782 0.2237215 0.08429688
v 0.35601395 0.2194345 0.08759344
v 0.3611697 0.21687925 0.08683306
v 0.35382068 0.23722351 0.08268332
v 0.34834409 0.23975539 0.08506763
v 0.34837765 0.23449242 0.08551347
v 0.36541188 0.23897779 0.07584167
v 0.34312665 0.21931672 0.08974904
v 0.36606991 0.24276435 0.06556678
v 0.36774611 0.24083376 0.06695116
v 0.36548764 0.23941112 0.06620842
v 0.35489476 0.21178496 0.08933651
v 0.36298543 0.20222163 0.08723462
v 0.34393072 0.21154571 0.0911988
v 0.34120154 0.23689401 0.08409786
v 0.33412349 0.23846877 0.08292836
v 0.33695316 0.22676051 0.08685708
v 0.33731967 0.21572447 0.09010524
v 0.33080119 0.21520901 0.08653384
v 0.3403253 0.23568237 0.06955516
v 0.33387244 0.23973548 0.07762706
v 0.33924365 0.24600697 0.0678885
v 0.3351751 0.22029495 0.07527077
v 0.33388931 0.21762466 0.07756877
v 0.33307248 0.22852612 0.0781706
v 0.33080119 0.21520901 0.08653384
v 0.32824975 0.20297098 0.08697474
v 0.32829958 0.20285964 0.09008139
v 0.33802652 0.21404743 0.0751785
v 0.33129251 0.20794892 0.07990807
v 0.35268366 0.22593546 0.06580669
v 0.34863776 0.23406422 0.06531322
v 0.34561712 0.22639585 0.06662351
v 0.35201734 0.20908225 0.06953138
v 0.34793448 0.20903122 0.07007176
v 0.34561712 0.22639585 0.06662351
v 0.3403253 0.23568237 0.06955516
v 0.33802652 0.21404743 0.0751785
v 0.33230919 0.23924875 0.08112943
v 0.3311168 0.23014235 0.08336574
v 0.33221078 0.23813617 0.07985991
v 0.33220047 0.24050844 0.07971328
v 0.33230919 0.23924875 0.08112943
v 0.3311168 0.23014235 0.08336574
v 0.32829958 0.20285964 0.09008139
v -0.02767247 0.19432497 0.01113725
v -0.02660114 0.19347787 0.00946879
v -0.03407615 0.20309985 0.00497162
v -0.04550689 0.20457315 0.01710075
v -0.04554695 0.20444179 0.01713681
v -0.04540205 0.20458603 0.01696146
v -0.04550689 0.20457315 0.01710075
v -0.04519719 0.20426762 0.01712912
v -0.04561538 0.20458758 0.01710671
v -0.04540205 0.20458603 0.01696146
v -0.04559672 0.20476055 0.01694816
v -0.04642338 0.20507479 0.01705229
v -0.04584706 0.20436895 0.01718527
v -0.04561538 0.20458758 0.01710671
v -0.04642338 0.20507479 0.01705229
v -0.05341089 0.22619104 -0.00193071
v -0.05305618 0.22031677 0.00645596
v -0.04198098 0.21276069 0.00057989
v -0.05015361 0.22410333 -0.01193261
v -0.04540205 0.20458603 0.01696146
v -0.04506516 0.20508969 0.01571095
v -0.04559672 0.20476055 0.01694816
v -0.03976977 0.21019137 0.00097191
v -0.04198098 0.21276069 0.00057989
v -0.04036307 0.20781434 -0.013466
v -0.04057568 0.21055984 -0.00217485
v -0.02665102 0.19308937 -0.00220162
v -0.03976977 0.21019137 0.00097191
v -0.04057568 0.21055984 -0.00217485
v -0.04821038 0.22116542 -0.01367992
v -0.04072088 0.20364082 -0.01570064
v -0.06550622 0.23359036 0.00485969
v -0.0681718 0.23841619 0.00192046
v -0.06922096 0.23511481 0.00541264
v -0.06285805 0.21715224 0.01388288
v -0.05305618 0.22031677 0.00645596
v -0.06550622 0.23359036 0.00485969
v -0.05282283 0.22804189 -0.01322949
v -0.06273991 0.2411859 -0.01296693
v -0.06059688 0.23717451 -0.00704145
v -0.05337149 0.22859538 -0.01621556
v -0.05054367 0.22476518 -0.01424217
v -0.06704289 0.2173059 0.01546484
v -0.06499803 0.21316791 0.01736295
v -0.04821038 0.22116542 -0.01367992
v -0.04036307 0.20781434 -0.013466
v -0.04072088 0.20364082 -0.01570064
v -0.04335499 0.20798564 -0.01772088
v -0.04335499 0.20798564 -0.01772088
v -0.04821038 0.22116542 -0.01367992
v -0.04974127 0.21164525 -0.02321428
v -0.06301153 0.24099445 -0.02248019
v -0.05337149 0.22859538 -0.01621556
v -0.0633238 0.23880136 -0.02665621
v -0.0633238 0.23880136 -0.02665621
v -0.06239277 0.2305125 -0.02894044
v -0.06734014 0.23953235 -0.03094041
v -0.05337149 0.22859538 -0.01621556
v -0.05823654 0.2189132 -0.0297659
v -0.07225722 0.21901011 -0.03806162
v -0.07469666 0.21900344 -0.0393551
v -0.07425362 0.22093964 -0.03916627
v -0.06166261 0.20333755 -0.02932179
v -0.07464468 0.21812785 -0.03899449
v -0.08132124 0.22300041 0.01076031
v -0.07232028 0.2385062 0.00460261
v -0.08706057 0.24261546 0.00483221
v -0.08693767 0.23500681 0.00732529
v -0.09323376 0.22170889 0.00821245
v -0.08300287 0.20924699 0.01451117
v -0.09057653 0.21000397 0.01241332
v -0.09906238 0.23927498 0.00509131
v -0.10827482 0.23936951 0.00370073
v -0.1040284 0.23021698 0.0056023
v -0.10117447 0.21696448 0.00546736
v -0.11279643 0.21701193 -0.00403243
v -0.11597979 0.22095275 -0.00597721
v -0.11620307 0.21704316 -0.00743937
v -0.102005 0.20542216 0.0023967
v -0.10492188 0.19702208 -0.00629407
v -0.11176783 0.20797586 -0.00820142
v -0.10593212 0.19902194 -0.02262253
v -0.07722318 0.24101555 -0.04213923
v -0.07558173 0.21952069 -0.03952467
v -0.09721857 0.22010136 -0.0408659
v -0.0873546 0.23792505 -0.04559577
v -0.08753359 0.24583828 -0.04774302
v -0.07634515 0.21655059 -0.0382508
v -0.09507382 0.21150839 -0.03696173
v -0.07548302 0.21858716 -0.03936392
v -0.10708088 0.24075663 -0.05023873
v -0.10857201 0.24151134 -0.0508014
v -0.10631454 0.24265361 -0.05059409
v -0.10855168 0.24009454 -0.05007231
v -0.10034496 0.21850979 -0.04043514
v -0.11810309 0.21935117 -0.03533471
v -0.10593212 0.19902194 -0.02262253
v -0.10602963 0.19916677 -0.02271152
v -0.10590827 0.19906414 -0.02266681
v -0.10591698 0.19901168 -0.02262098
v -0.10032028 0.21532989 -0.03851336
v -0.09742814 0.2169652 -0.04035687
v -0.12261289 0.2386843 -0.0062505
v -0.12132031 0.22129357 -0.01220983
v -0.12869281 0.23315239 -0.01590008
v -0.12992322 0.22699189 -0.02046841
v -0.13005245 0.24232781 -0.01125628
v -0.11176783 0.20797586 -0.00820142
v -0.12132031 0.22129357 -0.01220983
v -0.12992322 0.22699189 -0.02046841
v -0.12452173 0.21607649 -0.02273381
v -0.13499129 0.2333262 -0.02249289
v -0.13499129 0.2333262 -0.02249289
v -0.14052093 0.24542201 -0.02035141
v -0.14738727 0.24310195 -0.03432053
v -0.13274992 0.22754395 -0.02570784
v -0.12992322 0.22699189 -0.02046841
v -0.12452173 0.21607649 -0.02273381
v -0.12294531 0.2205075 -0.03382313
v -0.13197517 0.22621644 -0.03032416
v -0.1339761 0.22870386 -0.03470302
v -0.11043054 0.24069333 -0.04998785
v -0.11356235 0.2438395 -0.05126429
v -0.13103044 0.23660266 -0.04319316
v -0.11957544 0.22036302 -0.03559482
v -0.11926919 0.21770561 -0.03385919
v -0.11796451 0.21801972 -0.03457046
v -0.12064809 0.21578276 -0.02839535
v -0.12154019 0.21196771 -0.02151662
v -0.11926919 0.21770561 -0.03385919
v -0.10602963 0.19916677 -0.02271152
v -0.11920792 0.21885204 -0.03504896
v -0.11920792 0.21885204 -0.03504896
v -0.12294531 0.2205075 -0.03382313
v -0.14578927 0.24074924 -0.03526855
v -0.14756322 0.24270976 -0.03554159
v -0.14771438 0.24360347 -0.03764176
v -0.14716434 0.24227846 -0.0349713
v -0.14581406 0.24383342 -0.04309934
v -0.1339761 0.22870386 -0.03470302
v -0.1315316 0.24680138 -0.04933923
v -0.1481725 0.24370563 -0.03510249
v -0.14784181 0.24292004 -0.03514785
v -0.14814878 0.24333942 -0.03570145
v 0.36592883 0.26032746 0.06398278
v 0.36294001 0.27258563 0.06080961
v 0.36357605 0.2647568 0.06505919
v 0.36507583 0.25916898 0.06604648
v 0.36125177 0.25844133 0.06901377
v 0.36126965 0.24728096 0.07491386
v 0.36690319 0.24296784 0.07339525
v 0.36658293 0.25791836 0.06419832
v 0.36574072 0.25969887 0.06208223
v 0.36294001 0.27258563 0.06080961
v 0.36574072 0.25969887 0.06208223
v 0.36217439 0.26066256 0.06060821
v 0.36670578 0.24920893 0.06432927
v 0.36658293 0.25791836 0.06419832
v 0.35363114 0.26152122 0.07400322
v 0.35725451 0.27604961 0.06626827
v 0.34733719 0.27435112 0.06992042
v 0.34058779 0.25937033 0.07596254
v 0.35298717 0.2484175 0.0788998
v 0.3414067 0.25259376 0.07839185
v 0.36126965 0.24728096 0.07491386
v 0.3541348 0.25492549 0.07655686
v 0.36125177 0.25844133 0.06901377
v 0.33050424 0.28162014 0.06742638
v 0.3306455 0.28199971 0.06722844
v 0.33029062 0.2818718 0.06734347
v 0.33043569 0.28085482 0.06767935
v 0.33703583 0.25920558 0.07567054
v 0.33150864 0.26224923 0.07358068
v 0.33250874 0.2435292 0.08045483
v 0.33718282 0.24911785 0.07930362
v 0.3406505 0.25618172 0.07721251
v 0.33308464 0.2577883 0.07035542
v 0.35876137 0.28294671 0.05860126
v 0.36061186 0.27939224 0.05952561
v 0.35801059 0.28194368 0.05730122
v 0.35123408 0.28507757 0.05173117
v 0.35801059 0.28194368 0.05730122
v 0.35224426 0.27685583 0.05360878
v 0.34802973 0.28387427 0.05009836
v 0.34519809 0.27883673 0.0537349
v 0.34797102 0.28699768 0.05007917
v 0.35566092 0.25943816 0.05912524
v 0.35508215 0.26629555 0.05693209
v 0.34850508 0.24663019 0.06262994
v 0.34263492 0.25900435 0.06074637
v 0.33388931 0.27756798 0.05902195
v 0.32844681 0.2815249 0.06043923
v 0.3297413 0.2870158 0.05730385
v 0.34239286 0.26752174 0.05796808
v 0.3350327 0.26291895 0.06694603
v 0.34416848 0.28587914 0.0515753
v 0.3350327 0.26291895 0.06694603
v 0.33308464 0.2577883 0.07035542
v 0.33179277 0.26296842 0.06916207
v 0.33924365 0.24600697 0.0678885
v 0.32171714 0.29278493 0.06087911
v 0.3260358 0.28413212 0.06406802
v 0.33022642 0.26482606 0.07136852
v 0.33250874 0.2435292 0.08045483
v 0.33101547 0.26116872 0.07180643
v 0.33150864 0.26224923 0.07358068
v 0.33022642 0.26482606 0.07136852
v 0.32482201 0.2876687 0.05982929
v 0.3260358 0.28413212 0.06406802
v 0.32171714 0.29278493 0.06087911
v 0.32844681 0.2815249 0.06043923
v 0.3297413 0.2870158 0.05730385
v 0.33101547 0.26116872 0.07180643
v 0.33179277 0.26296842 0.06916207
v -0.07833636 0.25739491 -0.00629503
v -0.0681718 0.23841619 0.00192046
v -0.06617308 0.24476266 -0.00828785
v -0.0709734 0.25671399 -0.01782477
v -0.07565463 0.25989258 -0.03468102
v -0.07709366 0.26233864 -0.03590655
v -0.0768261 0.26382399 -0.03286552
v -0.07227635 0.25836778 -0.02094859
v -0.07711905 0.26022041 -0.03661245
v -0.07709366 0.26233864 -0.03590655
v -0.07565463 0.25989258 -0.03468102
v -0.06565398 0.2435714 -0.0268631
v -0.07086492 0.2564286 -0.01883143
v -0.06734014 0.23953235 -0.03094041
v -0.07604814 0.25664556 -0.03656876
v -0.09652525 0.26403642 -0.00317299
v -0.09718609 0.26126337 -0.00126469
v -0.0853619 0.25968027 -0.00478774
v -0.09229606 0.28595138 -0.02451092
v -0.08290952 0.27372313 -0.01936543
v -0.08152664 0.27428758 -0.02492738
v -0.08007431 0.26009846 -0.00712067
v -0.09025347 0.27651989 -0.0135138
v -0.07218659 0.25875878 -0.01862109
v -0.0970906 0.25997305 -0.00107402
v -0.07986724 0.25781488 -0.00561023
v -0.07959282 0.25895786 -0.00646937
v -0.07986724 0.25781488 -0.00561023
v -0.07959282 0.25895786 -0.00646937
v -0.07086492 0.2564286 -0.01883143
v -0.0715825 0.25785923 -0.01848316
v -0.08007431 0.26009846 -0.00712067
v -0.0982759 0.26064122 -0.00133562
v -0.09853745 0.26221704 -0.00165969
v -0.10479599 0.26071024 -0.00207198
v -0.09025347 0.27651989 -0.0135138
v -0.10101557 0.28208232 -0.01049709
v -0.09516674 0.2892493 -0.02594358
v -0.09797662 0.28792751 -0.02159286
v -0.11580378 0.26859879 -0.00552112
v -0.11774421 0.26102638 -0.00412029
v -0.09953725 0.25693071 -0.00030369
v -0.11747158 0.25758278 -0.00277054
v -0.08560377 0.28023851 -0.03343928
v -0.0768261 0.26382399 -0.03286552
v -0.08049321 0.26285625 -0.03960288
v -0.09183764 0.26893282 -0.05092698
v -0.08984703 0.27863491 -0.04163677
v -0.08722591 0.28077519 -0.03734785
v -0.08984703 0.27863491 -0.04163677
v -0.09010452 0.28317106 -0.03952396
v -0.07227635 0.25836778 -0.02094859
v -0.07952744 0.25892103 -0.03826237
v -0.09269452 0.25704706 -0.05042315
v -0.09187728 0.28634155 -0.02929139
v -0.09516674 0.2892493 -0.02594358
v -0.09229606 0.28595138 -0.02451092
v -0.09724987 0.27734542 -0.05397487
v -0.11003107 0.28434968 -0.06307364
v -0.10007024 0.28838098 -0.05227888
v -0.10903811 0.26399112 -0.05952638
v -0.10836846 0.26250589 -0.05913395
v -0.1094203 0.26254821 -0.05960083
v -0.10881329 0.25541294 -0.05657911
v -0.11643392 0.28322494 -0.00921172
v -0.10926712 0.28326011 -0.00847358
v -0.12126029 0.26310039 -0.00515926
v -0.13052714 0.27858233 -0.01061475
v -0.13580823 0.26635611 -0.01222515
v -0.13049841 0.28891969 -0.01163214
v -0.12132257 0.25901532 -0.00536209
v -0.13616574 0.25526202 -0.0128693
v -0.14512813 0.2795589 -0.01574647
v -0.14437282 0.28686082 -0.01621163
v -0.15208924 0.28286552 -0.01869565
v -0.15235174 0.26509762 -0.02327591
v -0.15120149 0.26056588 -0.02340543
v -0.15301239 0.26061702 -0.02473885
v -0.15200448 0.25834775 -0.02494222
v -0.14052093 0.24542201 -0.02035141
v -0.15200448 0.25834775 -0.02494222
v -0.11600745 0.28776765 -0.06795216
v -0.11953801 0.27962542 -0.06614518
v -0.11117917 0.26370335 -0.06033814
v -0.12904459 0.25460315 -0.05477148
v -0.13475239 0.25463319 -0.05380261
v -0.13118768 0.26183152 -0.05931783
v -0.1482712 0.24675989 -0.04439926
v -0.15242124 0.24991143 -0.04491645
v -0.14581406 0.24383342 -0.04309934
v -0.1482712 0.24675989 -0.04439926
v -0.15242124 0.24991143 -0.04491645
v -0.15134025 0.25436616 -0.05086696
v -0.14869952 0.25996697 -0.05642444
v -0.15318942 0.26095772 -0.05670387
v -0.12847388 0.27173042 -0.06612217
v -0.13080955 0.27768826 -0.06850898
v -0.13340211 0.27173626 -0.06622338
v -0.15086162 0.28082883 -0.071621
v -0.1541245 0.28090906 -0.07099259
v -0.15245306 0.28396654 -0.07331544
v -0.13068819 0.2907114 -0.0728789
v -0.14779651 0.28406978 -0.07271832
v -0.15261614 0.26217043 -0.05765635
v -0.15394652 0.26228416 -0.05745929
v -0.16874874 0.29103661 -0.02579069
v -0.16447556 0.27683032 -0.02977473
v -0.15533566 0.26238036 -0.02625614
v -0.15380692 0.26013529 -0.02625698
v -0.16570723 0.26696408 -0.03820813
v -0.17298853 0.27800918 -0.03710186
v -0.17662203 0.27363276 -0.04772449
v -0.17514277 0.27148056 -0.05296731
v -0.17026818 0.2655741 -0.0469048
v -0.15380692 0.26013529 -0.02625698
v -0.16316903 0.26103067 -0.04068726
v -0.16570723 0.26696408 -0.03820813
v -0.16289973 0.25856018 -0.04446107
v -0.16439283 0.26100373 -0.04944658
v -0.15575492 0.26135361 -0.0559141
v -0.1715523 0.26920903 -0.0565353
v -0.15575492 0.26135361 -0.0559141
v -0.19371212 0.28606451 -0.05498874
v -0.1943326 0.28471518 -0.05764151
v -0.18883252 0.2804538 -0.05540341
v -0.17386234 0.29005527 -0.03114265
v -0.18278325 0.28398049 -0.04326028
v -0.17298853 0.27800918 -0.03710186
v -0.18278325 0.28398049 -0.04326028
v -0.19324672 0.28406513 -0.06536919
v -0.17755198 0.2728951 -0.05729544
v -0.19277489 0.28292871 -0.0586918
v -0.17138255 0.27312601 -0.06006306
v -0.17442822 0.28797972 -0.07399237
v -0.15967512 0.2841109 -0.07256156
v -0.17306495 0.27759933 -0.06366026
v -0.17418647 0.27340436 -0.06006879
v -0.1715523 0.26920903 -0.0565353
v -0.19327509 0.28579879 -0.06804103
v -0.19496083 0.28599513 -0.06811345
v -0.19441664 0.28754354 -0.06904995
v -0.19023168 0.28697276 -0.06936771
v -0.19496083 0.28599513 -0.06811345
v -0.19327509 0.28579879 -0.06804103
v -0.17418647 0.27340436 -0.06006879
v -0.19652855 0.28678 -0.05752796
v -0.19641829 0.28672135 -0.06673944
v -0.19604826 0.28560007 -0.05949277
v -0.21588421 0.29705417 -0.06933028
v -0.21596789 0.29799545 -0.06719267
v -0.21793461 0.29844534 -0.06887573
v -0.21823251 0.29840326 -0.07055461
v -0.19976199 0.28853536 -0.06977999
v -0.19441664 0.28754354 -0.06904995
v -0.21614075 0.2972306 -0.07203507
v 0.35346407 0.2858578 0.06220174
v 0.34716445 0.29430127 0.06232506
v 0.34559405 0.2888639 0.06282556
v 0.35046858 0.29469836 0.05790877
v 0.34716445 0.29430127 0.06232506
v 0.35346407 0.2858578 0.06220174
v 0.343539 0.29414177 0.06231809
v 0.35046858 0.29469836 0.05790877
v 0.34346908 0.30738688 0.05647308
v 0.33875245 0.31680858 0.05408126
v 0.33018476 0.33255994 0.05114639
v 0.32503951 0.32850409 0.05369931
v 0.32863683 0.30433846 0.06092298
v 0.3268925 0.30859768 0.05951786
v 0.32555836 0.30458045 0.06081659
v 0.3378458 0.31039786 0.05631679
v 0.33018774 0.28243935 0.06714869
v 0.34058434 0.32525277 0.045973
v 0.34151965 0.31201208 0.05541289
v 0.34908628 0.30544817 0.05213046
v 0.34908628 0.30544817 0.05213046
v 0.34040838 0.31197321 0.04408705
v 0.34058434 0.32525277 0.045973
v 0.35056227 0.29774845 0.05266446
v 0.35021979 0.30164766 0.05346864
v 0.34346908 0.30738688 0.05647308
v 0.35056227 0.29774845 0.05266446
v 0.33940363 0.30427933 0.04511863
v 0.33915442 0.32745826 0.04549628
v 0.33915442 0.32745826 0.04549628
v 0.33926165 0.32777286 0.04487622
v 0.34151965 0.31201208 0.05541289
v 0.33312786 0.32740974 0.03824961
v 0.33114678 0.33617127 0.0377416
v 0.33926165 0.32777286 0.04487622
v 0.32535356 0.33192241 0.03410727
v 0.32550311 0.32495904 0.03841901
v 0.33218712 0.30821693 0.04464567
v 0.32117742 0.30928981 0.04647624
v 0.33264989 0.30022454 0.04864633
v 0.32166946 0.30331516 0.04943532
v 0.31495494 0.33259881 0.05303639
v 0.31520885 0.32318473 0.05212408
v 0.31873709 0.30984986 0.05671513
v 0.32044435 0.30251908 0.05774182
v 0.28894275 0.33183193 0.04685265
v 0.28864485 0.33362687 0.04696804
v 0.28695273 0.33331692 0.04659033
v 0.28698999 0.33277917 0.04629982
v 0.31336904 0.31304848 0.05428839
v 0.30577511 0.32286274 0.05039459
v 0.30425811 0.32403064 0.03426659
v 0.30982649 0.32485008 0.03474796
v 0.30899799 0.31799924 0.03852385
v 0.3041631 0.32634068 0.03192091
v 0.31562167 0.30448806 0.0555982
v 0.30840307 0.31128979 0.0505327
v 0.30840307 0.31128979 0.0505327
v 0.31665683 0.30341339 0.0524559
v 0.31562167 0.30448806 0.0555982
v 0.31665683 0.30341339 0.0524559
v 0.31637537 0.30726194 0.04716527
v 0.31637537 0.30726194 0.04716527
v 0.31665683 0.30341339 0.0524559
v 0.30840307 0.31128979 0.0505327
v 0.30899799 0.31799924 0.03852385
v 0.28779393 0.33155715 0.0460369
v 0.29049253 0.32559896 0.04295927
v 0.29932481 0.32094204 0.04557008
v 0.28779393 0.33155715 0.0460369
v 0.28698999 0.33277917 0.04629982
v 0.28656262 0.33273196 0.04570568
v 0.30425811 0.32403064 0.03426659
v 0.29828119 0.32637513 0.03430986
v 0.3041631 0.32634068 0.03192091
v 0.28494674 0.33476329 0.02773792
v 0.28627479 0.33003604 0.03622729
v 0.2841565 0.33035481 0.03980511
v 0.28627479 0.33003604 0.03622729
v 0.29828119 0.32637513 0.03430986
v 0.30397648 0.33653057 0.024046
v 0.3119033 0.33632517 0.02674401
v 0.28949368 0.33597755 0.02410132
v 0.28629035 0.33370221 0.04631746
v 0.28592896 0.33300781 0.04627466
v 0.28592896 0.33300781 0.04627466
v 0.26534677 0.33095527 0.03845763
v 0.26522231 0.3309716 0.03844613
v 0.26534677 0.33095527 0.03845763
v 0.26528138 0.33100581 0.03856909
v 0.26538187 0.3247149 0.03274995
v 0.26526695 0.33120906 0.03833199
v 0.27945316 0.33840692 0.03569752
v 0.26413655 0.3290323 0.03112197
v 0.26647532 0.32459676 0.03111547
v 0.26538187 0.3247149 0.03274995
v 0.26407689 0.32382393 0.03089935
v 0.26328552 0.32483542 0.03241467
v 0.26527309 0.33111548 0.03855062
v 0.26516485 0.33106053 0.03849161
v 0.26528138 0.33100581 0.03856909
v 0.26522231 0.3309716 0.03844613
v 0.26512218 0.33107066 0.03839278
v 0.26413655 0.3290323 0.03112197
v 0.26182157 0.32656491 0.03005195
v 0.26174742 0.32670057 0.03180802
v 0.26237261 0.32452738 0.03089839
v 0.26328552 0.32483542 0.03241467
v 0.26237261 0.32452738 0.03089839
v 0.26647532 0.32459676 0.03111547
v 0.26489282 0.3248049 0.02920461
v 0.27227032 0.32948089 0.0273447
v 0.26413655 0.3290323 0.03112197
v 0.27227032 0.32948089 0.0273447
v 0.26390767 0.32651711 0.02894586
v 0.26390767 0.32651711 0.02894586
v 0.26316565 0.32479203 0.02938181
v 0.26489282 0.3248049 0.02920461
v 0.26316565 0.32479203 0.02938181
v 0.26390767 0.32651711 0.02894586
v 0.26316565 0.32479203 0.02938181
v -0.11048746 0.30575609 -0.02675951
v -0.11391115 0.3094753 -0.02867609
v -0.11345905 0.30793321 -0.02561229
v -0.11118513 0.30441141 -0.02314472
v -0.11477828 0.30510163 -0.02190596
v -0.11298496 0.29041684 -0.01036656
v -0.10756958 0.28853416 -0.01151943
v -0.10756958 0.28853416 -0.01151943
v -0.10101557 0.28208232 -0.01049709
v -0.11118513 0.30441141 -0.02314472
v -0.10144776 0.2962333 -0.02591705
v -0.11048746 0.30575609 -0.02675951
v -0.10395765 0.30232108 -0.03758597
v -0.10394293 0.30224693 -0.03736395
v -0.10380083 0.30209291 -0.03758371
v -0.10393649 0.3022368 -0.03780854
v -0.08914095 0.28362668 -0.03624934
v -0.10288775 0.30080903 -0.03618389
v -0.09187728 0.28634155 -0.02929139
v -0.10380208 0.30192494 -0.03790718
v -0.10442221 0.302858 -0.03783727
v -0.10433972 0.30265737 -0.03750384
v -0.12042236 0.3185178 -0.0395698
v -0.11097306 0.30658913 -0.0560925
v -0.11214936 0.30783308 -0.05669773
v -0.11251175 0.30878961 -0.05528921
v -0.12010837 0.32081401 -0.04657531
v -0.10288775 0.30080903 -0.03618389
v -0.10007024 0.28838098 -0.05227888
v -0.10380208 0.30192494 -0.03790718
v -0.09010452 0.28317106 -0.03952396
v -0.11022574 0.30522323 -0.05592096
v -0.1114679 0.30621958 -0.05698162
v -0.11214936 0.30783308 -0.05669773
v -0.1114679 0.30621958 -0.05698162
v -0.11289775 0.30627811 -0.05826008
v -0.11022574 0.30522323 -0.05592096
v -0.1114679 0.30621958 -0.05698162
v -0.11097306 0.30658913 -0.0560925
v -0.11168391 0.30311573 -0.0580346
v -0.11022574 0.30522323 -0.05592096
v -0.13323569 0.3213197 -0.02624726
v -0.13177538 0.31931269 -0.02497965
v -0.13144183 0.31978858 -0.02665907
v -0.13144851 0.31708694 -0.02296287
v -0.13177538 0.31931269 -0.02497965
v -0.13286114 0.31920016 -0.02412164
v -0.13351011 0.31752491 -0.02357781
v -0.13286114 0.31920016 -0.02412164
v -0.11477828 0.30510163 -0.02190596
v -0.12591743 0.30026901 -0.01353186
v -0.13436496 0.29890263 -0.01447922
v -0.13558161 0.31977963 -0.02387112
v -0.13323569 0.3213197 -0.02624726
v -0.15215147 0.31236327 -0.01974577
v -0.15267658 0.32782376 -0.02376914
v -0.14982724 0.30572724 -0.01837289
v -0.15368891 0.30564439 -0.01943284
v -0.15196383 0.29583824 -0.0183925
v -0.13138831 0.32947826 -0.04456776
v -0.12010837 0.32081401 -0.04657531
v -0.12769002 0.32537198 -0.05534327
v -0.13050759 0.32990849 -0.04775566
v -0.11251175 0.30878961 -0.05528921
v -0.12769002 0.32537198 -0.05534327
v -0.12010837 0.32081401 -0.04657531
v -0.13061392 0.33687866 -0.05497676
v -0.13514841 0.33139753 -0.04133224
v -0.14335704 0.33285558 -0.03223789
v -0.12841028 0.32369673 -0.06153703
v -0.12917995 0.31544983 -0.06704092
v -0.13312531 0.3259691 -0.07044196
v -0.13954103 0.3079915 -0.07842737
v -0.12522966 0.30235052 -0.07289964
v -0.13993251 0.305058 -0.08055401
v -0.13418448 0.33372104 -0.06758898
v -0.13700783 0.32905674 -0.07628864
v -0.1414696 0.30724061 -0.08116591
v -0.15360498 0.32781756 -0.08833385
v -0.14118993 0.30576921 -0.08106178
v -0.14390874 0.30589068 -0.08198833
v -0.16090167 0.30676496 -0.0870586
v -0.15681601 0.32039022 -0.08877993
v -0.14298868 0.30125284 -0.07939202
v -0.16068375 0.30269706 -0.08506173
v -0.16905439 0.33523905 -0.02579659
v -0.16907322 0.31850386 -0.0251736
v -0.16470027 0.3113364 -0.02236217
v -0.16301405 0.29952526 -0.02313197
v -0.17222261 0.31410396 -0.02560401
v -0.17410886 0.31758678 -0.02587479
v -0.17659891 0.31325531 -0.02746594
v -0.17158997 0.29623985 -0.02768916
v -0.17708719 0.29704642 -0.02978277
v -0.19461465 0.32524431 -0.03391522
v -0.1951468 0.32630551 -0.03410727
v -0.19870317 0.32030165 -0.03759307
v -0.17412531 0.33554506 -0.02654862
v -0.19436407 0.32630277 -0.03368229
v -0.18974721 0.30536783 -0.03566909
v -0.1893847 0.29534185 -0.04231983
v -0.20574796 0.30361915 -0.04688555
v -0.1893847 0.29534185 -0.04231983
v -0.15766728 0.32750821 -0.09069425
v -0.16593969 0.30993044 -0.0890339
v -0.18084979 0.31013036 -0.08983094
v -0.17454946 0.32191253 -0.09437841
v -0.17523253 0.33379221 -0.09673268
v -0.16740048 0.29759586 -0.0808059
v -0.1792444 0.29471016 -0.07939219
v -0.16484487 0.30496359 -0.08697397
v -0.18625987 0.32236326 -0.0983206
v -0.19618797 0.3268708 -0.10066098
v -0.18403614 0.33320618 -0.09953052
v -0.19608533 0.31888998 -0.09741366
v -0.1888479 0.30614018 -0.08835375
v -0.20556188 0.30635083 -0.08528262
v -0.18849361 0.30024719 -0.08294404
v -0.20581317 0.30192292 -0.08111674
v -0.18232191 0.30329609 -0.08713961
v -0.20787072 0.30658197 -0.04634374
v -0.20617414 0.30589008 -0.04559445
v -0.20179629 0.32651198 -0.03705114
v -0.2176578 0.32767165 -0.04456872
v -0.21765554 0.32637894 -0.04458046
v -0.21863079 0.32492805 -0.04637766
v -0.22259748 0.31212044 -0.05784166
v -0.20934522 0.30612576 -0.04806
v -0.2077173 0.30547619 -0.04680806
v -0.20574796 0.30361915 -0.04688555
v -0.20781064 0.30462992 -0.04810894
v -0.2077173 0.30547619 -0.04680806
v -0.20934522 0.30612576 -0.04806
v -0.22259748 0.31212044 -0.05784166
v -0.21812594 0.3007642 -0.06624174
v -0.21887743 0.32710135 -0.04528129
v -0.22053123 0.32739115 -0.0476051
v -0.22053123 0.32739115 -0.0476051
v -0.22969425 0.33240473 -0.05987591
v -0.22932255 0.32474017 -0.06024945
v -0.22815764 0.31126738 -0.06929874
v -0.2319988 0.32814741 -0.07783759
v -0.22259748 0.31212044 -0.05784166
v -0.221187 0.30200279 -0.07005048
v -0.21905231 0.32066715 -0.09509379
v -0.21040428 0.32096982 -0.0971328
v -0.21357656 0.3116374 -0.08866405
v -0.22470617 0.31171632 -0.08543617
v -0.2194376 0.33142161 -0.10014075
v -0.21228707 0.29860604 -0.07812923
v -0.22335696 0.30342245 -0.07888758
v -0.21228707 0.29860604 -0.07812923
v -0.21090579 0.30463874 -0.08334804
v -0.23011839 0.30894315 -0.0806523
v -0.23152876 0.32197309 -0.07956159
v -0.2309767 0.32248831 -0.087569
v -0.23268354 0.32971513 -0.08021551
v -0.2321676 0.33111703 -0.07786763
v -0.22917342 0.30895424 -0.07612407
v -0.22864509 0.33302498 -0.09511828
v -0.22274935 0.33699858 -0.10194296
v -0.22878027 0.30943751 -0.08321869
v -0.22470617 0.31171632 -0.08543617
v -0.221187 0.30200279 -0.07005048
v -0.22818196 0.30675232 -0.07895362
v -0.22819412 0.30704939 -0.08094364
v -0.22819412 0.30704939 -0.08094364
v -0.22818196 0.30675232 -0.07895362
v -0.22819412 0.30704939 -0.08094364
v -0.22615325 0.30809271 -0.08184552
v -0.22335696 0.30342245 -0.07888758
v -0.22878027 0.30943751 -0.08321869
v -0.21957386 0.33686197 -0.10325408
v -0.21684706 0.3367331 -0.10234964
v 0.32391047 0.33643341 0.05177927
v 0.3380273 0.37766266 0.0252226
v 0.34037411 0.38385618 0.02386576
v 0.34032536 0.38394618 0.02545834
v 0.33803678 0.38232088 0.02750665
v 0.32680577 0.36401391 0.03386068
v 0.32822633 0.35522389 0.03386211
v 0.33133572 0.36787093 0.03029424
v 0.3257612 0.34981382 0.03763711
v 0.32041639 0.35756195 0.04226124
v 0.31727225 0.34784484 0.04702014
v 0.33207947 0.36337245 0.02697444
v 0.3288185 0.36421192 0.02203238
v 0.32901663 0.35636842 0.02894622
v 0.32601303 0.35019135 0.03547806
v 0.3257612 0.34981382 0.03763711
v 0.3279599 0.3453964 0.03980905
v 0.33018476 0.33255994 0.05114639
v 0.3279599 0.3453964 0.03980905
v 0.32811046 0.34611166 0.03855902
v 0.33114678 0.33617127 0.0377416
v 0.32553154 0.34849966 0.03133351
v 0.33815706 0.38366711 0.02289331
v 0.34037411 0.38385618 0.02386576
v 0.3380273 0.37766266 0.0252226
v 0.32768863 0.36380434 0.02104467
v 0.32695657 0.36382067 0.02093834
v 0.32741606 0.36446559 0.02087575
v 0.32798845 0.3647635 0.02102464
v 0.3288185 0.36421192 0.02203238
v 0.32553154 0.34849966 0.03133351
v 0.32306069 0.35003746 0.02730161
v 0.32901663 0.35636842 0.02894622
v 0.32167101 0.34606731 0.02884161
v 0.31916189 0.35017407 0.02671027
v 0.28685987 0.33411217 0.04645753
v 0.30919391 0.3522737 0.0486896
v 0.30766088 0.36223936 0.03927404
v 0.32565451 0.36515307 0.02196354
v 0.30407935 0.36505568 0.02917808
v 0.31973767 0.36706674 0.02756512
v 0.30766088 0.36223936 0.03927404
v 0.31750458 0.36625934 0.03299367
v 0.30367631 0.36439967 0.03525198
v 0.30101681 0.36309767 0.0392831
v 0.30881673 0.34141266 0.0493297
v 0.30492979 0.33343875 0.05131871
v 0.30036461 0.34149003 0.04983473
v 0.29016787 0.34926844 0.04669845
v 0.29882371 0.35302401 0.04927194
v 0.28815812 0.35995078 0.04326266
v 0.30101681 0.36309767 0.0392831
v 0.28406525 0.35027289 0.03914994
v 0.2987532 0.3699559 0.03592151
v 0.29783303 0.37263107 0.02485317
v 0.29812497 0.37242448 0.02647239
v 0.28319854 0.35407746 0.02978009
v 0.28359419 0.35404897 0.02986681
v 0.28320229 0.35406959 0.02981639
v 0.28359419 0.35404897 0.02986681
v 0.28330588 0.35390258 0.02993065
v 0.28320229 0.35406959 0.02981639
v 0.28211015 0.34024572 0.03931797
v 0.28611761 0.33453226 0.04546636
v 0.28344172 0.35377908 0.02986848
v 0.28326023 0.35360897 0.03000772
v 0.28330588 0.35390258 0.02993065
v 0.28359419 0.35404897 0.02986681
v 0.30513161 0.35694623 0.02525055
v 0.32606614 0.3648417 0.02071869
v 0.30003732 0.35685158 0.02486658
v 0.30311346 0.3633554 0.02350849
v 0.3072204 0.3429172 0.02302474
v 0.29959273 0.34367299 0.02260184
v 0.28737801 0.36112738 0.01482254
v 0.27630818 0.35985374 0.01426095
v 0.28296983 0.3705672 0.01115483
v 0.29458779 0.3716383 0.01402301
v 0.28319854 0.35407746 0.02978009
v 0.28344172 0.35377908 0.02986848
v 0.269162 0.36969042 0.03315139
v 0.27785414 0.35995233 0.03349155
v 0.28372514 0.36865973 0.03926724
v 0.26640189 0.36766207 0.03000087
v 0.26199448 0.36002541 0.02694541
v 0.26813215 0.36071682 0.02709353
v 0.28281134 0.3541851 0.02967083
v 0.26635021 0.37286735 0.03100908
v 0.26536155 0.33127296 0.03844768
v 0.26510704 0.33138347 0.038387
v 0.27945316 0.33840692 0.03569752
v 0.28211015 0.34024572 0.03931797
v 0.26536155 0.33127296 0.03844768
v 0.26510704 0.33138347 0.038387
v 0.28281134 0.3541851 0.02967083
v 0.26813215 0.36071682 0.02709353
v 0.26571536 0.35951674 0.0239073
v 0.28494674 0.33476329 0.02773792
v 0.26813215 0.36071682 0.02709353
v 0.26199448 0.36002541 0.02694541
v 0.26571536 0.35951674 0.0239073
v 0.26148891 0.36735296 0.02333581
v 0.24880373 0.35295248 0.02225006
v 0.2481212 0.35490608 0.02096009
v 0.2474919 0.35298419 0.02140588
v 0.26510704 0.33138347 0.038387
v 0.26512218 0.33107066 0.03839278
v 0.26516485 0.33106053 0.03849161
v 0.24788141 0.35182083 0.02126288
v 0.26512218 0.33107066 0.03839278
v 0.24788141 0.35182083 0.02126288
v 0.24937052 0.35249627 0.02112764
v 0.24880373 0.35295248 0.02225006
v 0.24779475 0.35197723 0.02030545
v 0.26762563 0.36044109 0.01824367
v 0.26660103 0.36754167 0.01038128
v 0.26745558 0.37031078 0.00947958
v 0.26553172 0.36966681 0.00882936
v 0.26123464 0.36428392 0.0105415
v 0.26552618 0.37124717 0.00879908
v 0.28281134 0.3541851 0.02967083
v 0.26571536 0.35951674 0.0239073
v 0.26762563 0.36044109 0.01824367
v 0.26571536 0.35951674 0.0239073
v 0.2584303 0.35774362 0.01556987
v 0.26762563 0.36044109 0.01824367
v 0.26242173 0.37146246 0.01205546
v 0.25955802 0.3687551 0.02047098
v 0.25637978 0.37971687 0.01821834
v 0.26123464 0.36428392 0.0105415
v 0.26385015 0.37081289 0.00939441
v 0.24813616 0.35600865 0.02010494
v 0.24903834 0.35292256 0.01809239
v 0.24719769 0.35299289 0.01959139
v 0.26385015 0.37081289 0.00939441
v 0.24903834 0.35292256 0.01809239
v 0.24779475 0.35197723 0.02030545
v 0.24719769 0.35299289 0.01959139
v 0.24903834 0.35292256 0.01809239
v 0.24711496 0.3534776 0.02050167
v 0.2481212 0.35490608 0.02096009
v 0.24711496 0.3534776 0.02050167
v 0.24699128 0.35252416 0.02051204
v 0.24699128 0.35252416 0.02051204
v 0.2474919 0.35298419 0.02140588
v 0.24699128 0.35252416 0.02051204
v 0.24779475 0.35197723 0.02030545
v -0.14335704 0.33285558 -0.03223789
v -0.15450704 0.33885646 -0.03165811
v -0.12850726 0.33796871 -0.04871917
v -0.13138831 0.32947826 -0.04456776
v -0.13514841 0.33139753 -0.04133224
v -0.14279115 0.34240055 -0.04688966
v -0.12524283 0.34422851 -0.05870384
v -0.12851244 0.3410238 -0.05173975
v -0.12851244 0.3410238 -0.05173975
v -0.12524283 0.34422851 -0.05870384
v -0.136145 0.34346426 -0.0579899
v -0.13145304 0.33693409 -0.05939466
v -0.14310789 0.34590137 -0.05021596
v -0.15253592 0.34969532 -0.04712284
v -0.16457081 0.35770762 -0.05286932
v -0.16507697 0.35402644 -0.04622829
v -0.16279542 0.34973061 -0.04091424
v -0.15583336 0.35328162 -0.06150335
v -0.15984607 0.36162138 -0.06768698
v -0.15876329 0.35563898 -0.0615688
v -0.15291977 0.35110247 -0.05465502
v -0.15450704 0.33885646 -0.03165811
v -0.14795685 0.34589565 -0.0449146
v -0.14752972 0.3475275 -0.04765499
v -0.14279115 0.34240055 -0.04688966
v -0.13207185 0.33970535 -0.06246006
v -0.13207185 0.33970535 -0.06246006
v -0.13850987 0.34255373 -0.06378084
v -0.13145304 0.33693409 -0.05939466
v -0.13207185 0.33970535 -0.06246006
v -0.13418448 0.33372104 -0.06758898
v -0.15763557 0.35204339 -0.07827377
v -0.16368818 0.36157072 -0.08310109
v -0.16316545 0.36751854 -0.0760417
v -0.15585518 0.35216916 -0.06439346
v -0.1641221 0.3524524 -0.08436304
v -0.16368818 0.36157072 -0.08310109
v -0.15763557 0.35204339 -0.07827377
v -0.14771676 0.3431586 -0.07519001
v -0.14771676 0.3431586 -0.07519001
v -0.15847766 0.33671689 -0.08736044
v -0.16507697 0.35402644 -0.04622829
v -0.16855133 0.35226727 -0.04184544
v -0.16279542 0.34973061 -0.04091424
v -0.1731503 0.36296999 -0.04940253
v -0.16855133 0.35226727 -0.04184544
v -0.17869031 0.37311125 -0.0673548
v -0.16789436 0.36683321 -0.06372279
v -0.1641742 0.3708297 -0.07362241
v -0.17646813 0.36804533 -0.05329412
v -0.17825198 0.36606443 -0.04938346
v -0.17112565 0.3421092 -0.03215343
v -0.17636716 0.33996463 -0.02745426
v -0.19102383 0.36020076 -0.04128695
v -0.19783938 0.37198031 -0.05465835
v -0.20463228 0.35339022 -0.04374844
v -0.18998146 0.34883058 -0.03452742
v -0.1804018 0.35385859 -0.03644401
v -0.17825198 0.36606443 -0.04938346
v -0.18634784 0.37086761 -0.05436194
v -0.18911779 0.37719929 -0.0726673
v -0.1919601 0.37485802 -0.06241375
v -0.19469464 0.32728684 -0.03382277
v -0.19682169 0.32963264 -0.03509951
v -0.15984607 0.36162138 -0.06768698
v -0.16316545 0.36751854 -0.0760417
v -0.1641742 0.3708297 -0.07362241
v -0.17249513 0.37247717 -0.07689703
v -0.1701597 0.35611367 -0.08699018
v -0.17897618 0.35807836 -0.09508026
v -0.17629611 0.37153745 -0.07926291
v -0.17474365 0.37232757 -0.07861751
v -0.17629611 0.37153745 -0.07926291
v -0.1764307 0.37272584 -0.07854664
v -0.17032337 0.3466289 -0.0891341
v -0.17871606 0.34152377 -0.09829593
v -0.17684519 0.37322927 -0.07640332
v -0.19109941 0.37101102 -0.09252298
v -0.19861078 0.37528503 -0.09303045
v -0.19456422 0.37688458 -0.09142148
v -0.19105875 0.3527292 -0.10188425
v -0.19060659 0.34542799 -0.10314262
v -0.1961664 0.34885824 -0.10570478
v -0.19767976 0.35315764 -0.10404414
v -0.1989702 0.34892857 -0.10566425
v -0.19749975 0.34579217 -0.10454279
v -0.20779407 0.35004556 -0.04271197
v -0.20449662 0.34872985 -0.04111129
v -0.20952785 0.3545692 -0.04577136
v -0.21253216 0.34887791 -0.04569638
v -0.20348954 0.37157381 -0.0557946
v -0.21816516 0.36603689 -0.05484593
v -0.2180233 0.37730145 -0.06108302
v -0.20798206 0.34734285 -0.04235882
v -0.22427845 0.34465766 -0.05414206
v -0.21910214 0.33008254 -0.04603809
v -0.22438943 0.35345137 -0.05442518
v -0.22871208 0.36527395 -0.06230712
v -0.22401893 0.37836635 -0.06616831
v -0.23897135 0.37080872 -0.0750913
v -0.23318911 0.35186219 -0.06706399
v -0.23316848 0.34700322 -0.06696606
v -0.22427845 0.34465766 -0.05414206
v -0.21438432 0.38238871 -0.10200268
v -0.21460199 0.36452365 -0.1039257
v -0.2418921 0.36084521 -0.08594805
v -0.24345791 0.35605061 -0.09218222
v -0.24125576 0.3515805 -0.09048504
v -0.23810101 0.3598063 -0.07345968
v -0.23548543 0.34964788 -0.07173318
v -0.23318911 0.35186219 -0.06706399
v -0.2295959 0.36594212 -0.10472804
v -0.24068606 0.37198508 -0.10389835
v -0.22760034 0.38014174 -0.10308361
v -0.23734176 0.35639858 -0.10116339
v -0.24014914 0.351758 -0.0948692
v -0.23363578 0.3327558 -0.08092117
v -0.23276854 0.33296776 -0.09200478
v -0.23183692 0.33008003 -0.09165502
v -0.22864509 0.33302498 -0.09511828
v -0.23439145 0.33844149 -0.09479105
v -0.21814859 0.35846007 -0.1066013
v -0.22050905 0.36336625 -0.10609818
v -0.2226454 0.35876775 -0.10600036
v -0.2184428 0.33928037 -0.10327816
v -0.22077978 0.33944452 -0.10296661
v -0.23558939 0.35150218 -0.10110611
v -0.23747158 0.35169506 -0.10085142
v -0.23647356 0.34869802 -0.10031968
v -0.24230325 0.3726356 -0.07867306
v -0.24172843 0.36970043 -0.07836151
v -0.23897135 0.37080872 -0.0750913
v -0.24172843 0.36970043 -0.07836151
v -0.24504352 0.37190235 -0.08448809
v -0.24230325 0.3726356 -0.07867306
v -0.25050104 0.3728956 -0.09424061
v -0.24871445 0.36772001 -0.0995661
v -0.23848426 0.35026968 -0.09928441
v -0.24134934 0.35558307 -0.09934437
v -0.23647356 0.34869802 -0.10031968
v -0.25646853 0.38093245 -0.09895068
v -0.2583077 0.38220525 -0.1007123
v -0.25593257 0.37929523 -0.10075319
v -0.25807381 0.38229835 -0.10151201
v -0.24134934 0.35558307 -0.09934437
v -0.2566812 0.38235784 -0.1019606
v -0.25399065 0.38119686 -0.10208797
v -0.25593257 0.37929523 -0.10075319
v -0.23747158 0.35169506 -0.10085142
v -0.25807381 0.38229835 -0.10151201
v 0.33930945 0.38574016 0.02600443
v 0.3403604 0.38569391 0.02466619
v 0.33930945 0.38574016 0.02600443
v 0.33774596 0.38578546 0.02704996
v 0.33803678 0.38232088 0.02750665
v 0.33934325 0.38873136 0.02369875
v 0.33934325 0.38873136 0.02369875
v 0.325315 0.36718953 0.02921134
v 0.32680577 0.36401391 0.03386068
v 0.33032 0.37136185 0.02991474
v 0.33133572 0.36787093 0.03029424
v 0.32566708 0.3717767 0.02612257
v 0.33473772 0.38664651 0.02424788
v 0.33774596 0.38578546 0.02704996
v 0.33934325 0.38873136 0.02369875
v 0.33473772 0.38664651 0.02424788
v 0.32714081 0.36617804 0.02150398
v 0.32566708 0.3717767 0.02612257
v 0.3403604 0.38569391 0.02466619
v 0.33940464 0.38571155 0.02313906
v 0.3403604 0.38569391 0.02466619
v 0.33940464 0.38571155 0.02313906
v 0.33934325 0.38873136 0.02369875
v 0.3375935 0.38581979 0.02271706
v 0.3375935 0.38581979 0.02271706
v 0.32787448 0.3655355 0.02098125
v 0.32699907 0.36524558 0.02096629
v 0.32714081 0.36617804 0.02150398
v 0.32787448 0.3655355 0.02098125
v 0.32699907 0.36524558 0.02096629
v 0.29990828 0.40390062 0.01284814
v 0.3014394 0.40265596 0.01396823
v 0.3031159 0.40352845 0.01265317
v 0.30065572 0.40055966 0.0151577
v 0.29982609 0.40265763 0.01534057
v 0.30392581 0.39991891 0.01456296
v 0.3014394 0.40265596 0.01396823
v 0.30065572 0.40055966 0.0151577
v 0.29663295 0.39713395 0.0192247
v 0.3031159 0.40352845 0.01265317
v 0.31750458 0.36625934 0.03299367
v 0.325315 0.36718953 0.02921134
v 0.32566708 0.3717767 0.02612257
v 0.30094951 0.39429033 0.01649821
v 0.30094951 0.39429033 0.01649821
v 0.29733288 0.40244496 0.01426101
v 0.29990828 0.40390062 0.01284814
v 0.29638177 0.40258062 0.0124436
v 0.29733288 0.40244496 0.01426101
v 0.28763026 0.38625491 0.02531582
v 0.28496552 0.38996816 0.02014703
v 0.27920729 0.38697016 0.02803773
v 0.27551687 0.38339806 0.03466731
v 0.28861547 0.38152444 0.03149998
v 0.2987532 0.3699559 0.03592151
v 0.28861547 0.38152444 0.03149998
v 0.29812497 0.37242448 0.02647239
v 0.29783303 0.37263107 0.02485317
v 0.29305625 0.38136005 0.02192062
v 0.30095685 0.40021169 0.01192516
v 0.30677062 0.40717161 0.00970727
v 0.307459 0.40739584 0.01076752
v 0.30643219 0.40568864 0.01026636
v 0.29486525 0.38813245 0.01007569
v 0.30677062 0.40717161 0.00970727
v 0.30643219 0.40568864 0.01026636
v 0.30565888 0.40685141 0.00936383
v 0.30575627 0.40769577 0.0092237
v 0.32714081 0.36617804 0.02150398
v 0.32699907 0.36524558 0.02096629
v 0.32606614 0.3648417 0.02071869
v 0.29486525 0.38813245 0.01007569
v 0.29599118 0.38353622 0.01570731
v 0.2944358 0.3842808 0.01019728
v 0.2944358 0.3842808 0.01019728
v 0.29290873 0.38707876 0.0077405
v 0.29486525 0.38813245 0.01007569
v 0.29264253 0.38978076 0.00812662
v 0.28536224 0.39198112 0.01661545
v 0.29015654 0.39219809 0.01088041
v 0.30342859 0.40679538 0.01066262
v 0.27377898 0.3938638 0.01035541
v 0.30385202 0.40713799 0.00933611
v 0.29042196 0.38827217 0.00757688
v 0.29003245 0.39180911 0.00817412
v 0.29305625 0.38136005 0.02192062
v 0.30094951 0.39429033 0.01649821
v 0.29783303 0.37263107 0.02485317
v 0.29026943 0.38523972 0.00876677
v 0.27260298 0.38936985 0.00891167
v 0.2643612 0.41288102 0.01338089
v 0.26777083 0.40284765 0.01765078
v 0.27172655 0.40304077 0.0133217
v 0.26851153 0.39317954 0.02863592
v 0.26777083 0.40284765 0.01765078
v 0.26228952 0.40363467 0.02087665
v 0.25954819 0.39750648 0.02298301
v 0.2643612 0.41288102 0.01338089
v 0.27041799 0.38659155 0.03119129
v 0.26150453 0.38718629 0.02645493
v 0.2570563 0.40327621 0.0173443
v 0.24686068 0.39524448 0.01697063
v 0.24507403 0.40947711 0.01060987
v 0.24930573 0.39233577 0.02052867
v 0.24528599 0.39228559 0.01963353
v 0.24762982 0.38868177 0.01811391
v 0.2585485 0.38049948 0.02210701
v 0.27012527 0.41075253 0.01043266
v 0.27172655 0.40304077 0.0133217
v 0.27377898 0.3938638 0.01035541
v 0.27219892 0.39147258 0.00813693
v 0.27060276 0.39247692 0.00814104
v 0.27287179 0.39368606 0.00850976
v 0.2579248 0.396173 0.00517321
v 0.26389313 0.41141641 0.00656855
v 0.26828229 0.41188729 0.00732183
v 0.26425904 0.41402876 0.00628179
v 0.27059209 0.39083779 0.00814795
v 0.25800383 0.39192545 0.00521618
v 0.23952627 0.39510262 0.00910932
v 0.2398932 0.39821255 0.00663471
v 0.24296522 0.39199781 0.01030427
v 0.26474154 0.41462886 0.01220298
v 0.2616787 0.41452599 0.01171845
v 0.24141955 0.3917228 0.01220316
v 0.24603879 0.41032743 -0.0024187
v 0.2430644 0.41173267 -0.00363046
v 0.24701101 0.41310799 -0.00242406
v 0.2434237 0.40872824 -0.00211519
v 0.25324672 0.3860805 0.01372111
v 0.25324672 0.3860805 0.01372111
v 0.25637978 0.37971687 0.01821834
v 0.2477327 0.38714004 0.01626837
v 0.25390941 0.38945317 0.00706077
v 0.25404298 0.39422059 0.00544727
v 0.25390941 0.38945317 0.00706077
v 0.24296522 0.39199781 0.01030427
v 0.23861039 0.41337645 0.00705367
v 0.23902005 0.40654135 0.00817585
v 0.24338716 0.39413631 0.01535881
v 0.23755002 0.38780105 0.01637065
v 0.23755002 0.38780105 0.01637065
v 0.2477327 0.38714004 0.01626837
v 0.24762982 0.38868177 0.01811391
v 0.2305811 0.41193449 0.00357068
v 0.23952627 0.39510262 0.00910932
v 0.24075747 0.41014004 -0.00221366
v 0.23763496 0.41615772 -0.00325674
v 0.23227018 0.41211236 0.0022307
v 0.2398932 0.39821255 0.00663471
v 0.24141955 0.3917228 0.01220316
v 0.23755002 0.38780105 0.01637065
v 0.24338716 0.39413631 0.01535881
v -0.19973624 0.37472332 -0.05795234
v -0.1970607 0.37426591 -0.05807149
v -0.1970607 0.37426591 -0.05807149
v -0.19783938 0.37198031 -0.05465835
v -0.19963884 0.37751198 -0.06329197
v -0.19973624 0.37472332 -0.05795234
v -0.17538822 0.37343168 -0.0777995
v -0.17734087 0.37360919 -0.07809561
v -0.19297826 0.40481734 -0.09458292
v -0.19275892 0.40364039 -0.0945158
v -0.19198108 0.40527511 -0.09525061
v -0.20773983 0.39169633 -0.08941972
v -0.20879173 0.39394498 -0.08938551
v -0.20941353 0.39121187 -0.08525902
v -0.19198108 0.40527511 -0.09525061
v -0.19275892 0.40364039 -0.0945158
v -0.19196105 0.40452802 -0.09577811
v -0.1917479 0.40579271 -0.09586066
v -0.19287324 0.40490746 -0.09613788
v -0.1917479 0.40579271 -0.09586066
v -0.19196105 0.40452802 -0.09577811
v -0.19564915 0.40156066 -0.09622854
v -0.19564915 0.40156066 -0.09622854
v -0.20082867 0.38172495 -0.07552832
v -0.19632614 0.38076746 -0.08085281
v -0.19687212 0.38052154 -0.08800459
v -0.2011888 0.38676536 -0.09471309
v -0.19687212 0.38052154 -0.08800459
v -0.19456422 0.37688458 -0.09142148
v -0.2011888 0.38676536 -0.09471309
v -0.21647465 0.38314652 -0.06543338
v -0.22044659 0.38325953 -0.06502634
v -0.21647465 0.38314652 -0.06543338
v -0.21276176 0.38499582 -0.07082677
v -0.2183795 0.38663268 -0.07009089
v -0.2183795 0.38663268 -0.07009089
v -0.22679269 0.38525569 -0.07013154
v -0.21305847 0.39313197 -0.08645159
v -0.21306765 0.39353001 -0.09061825
v -0.19769144 0.40423167 -0.09596032
v -0.19441366 0.40558922 -0.09602237
v -0.19443357 0.40488994 -0.09522587
v -0.19441366 0.40558922 -0.09602237
v -0.19769144 0.40423167 -0.09596032
v -0.22680199 0.39519691 -0.08561337
v -0.20814884 0.39079869 -0.09869099
v -0.20714581 0.39256656 -0.09438515
v -0.21423769 0.39543438 -0.09336495
v -0.21882546 0.39427495 -0.0988766
v -0.22418666 0.39777136 -0.0955261
v -0.23366928 0.39651883 -0.09039617
v -0.24613345 0.41086352 -0.10400683
v -0.24795699 0.39434135 -0.09214634
v -0.2345835 0.39209592 -0.08280581
v -0.22680199 0.39519691 -0.08561337
v -0.23366928 0.39651883 -0.09039617
v -0.22870862 0.39613938 -0.09238702
v -0.24144709 0.40945983 -0.10396773
v -0.24500489 0.41143906 -0.10520667
v -0.24503779 0.41081953 -0.10450196
v -0.24580359 0.41193271 -0.10585356
v -0.22585464 0.39945006 -0.09875882
v -0.24144709 0.40945983 -0.10396773
v -0.24591064 0.39172089 -0.08662283
v -0.23935997 0.37756586 -0.07725888
v -0.24124885 0.38271415 -0.1044355
v -0.21737909 0.38639855 -0.10336113
v -0.21882546 0.39427495 -0.0988766
v -0.22123599 0.38655555 -0.10330594
v -0.2193228 0.38265812 -0.10369092
v -0.23832548 0.39394248 -0.10546523
v -0.24344742 0.40961289 -0.10613924
v -0.22585464 0.39945006 -0.09875882
v -0.2439028 0.39378774 -0.10503763
v -0.24993372 0.39304948 -0.09063989
v -0.25056636 0.39447081 -0.09385765
v -0.25377762 0.39265192 -0.09377629
v -0.24717569 0.41063237 -0.10446793
v -0.26041377 0.403301 -0.09965473
v -0.2491411 0.41135764 -0.10672826
v -0.24580359 0.41193271 -0.10585356
v -0.25099218 0.38644052 -0.09307539
v -0.24993193 0.39042222 -0.08990002
v -0.25099218 0.38644052 -0.09307539
v -0.25050104 0.3728956 -0.09424061
v -0.25646853 0.38093245 -0.09895068
v -0.26394463 0.39751852 -0.09797782
v -0.25846493 0.3850857 -0.09952873
v -0.26923823 0.40964985 -0.10530031
v -0.25750923 0.4141413 -0.10920662
v -0.25750923 0.4141413 -0.10920662
v -0.27280283 0.41351402 -0.10865843
v -0.26923823 0.40964985 -0.10530031
v -0.27066839 0.39706957 -0.10293132
v -0.26923823 0.40964985 -0.10530031
v -0.27280283 0.41351402 -0.10865843
v -0.27066839 0.39706957 -0.10293132
v -0.2583077 0.38220525 -0.1007123
v -0.26364183 0.38835275 -0.10176528
v -0.2583077 0.38220525 -0.1007123
v -0.25846493 0.3850857 -0.09952873
v -0.26364183 0.38835275 -0.10176528
v -0.25750923 0.4141413 -0.10920662
v -0.26076734 0.40416658 -0.10643089
v -0.25799525 0.39966488 -0.1066072
v -0.26282191 0.400249 -0.10639513
v -0.25604928 0.38353157 -0.10195583
v -0.25726771 0.38369894 -0.10190821
v -0.27280283 0.41351402 -0.10865843
v -0.27066839 0.39706957 -0.10293132
v -0.25726771 0.38369894 -0.10190821
v 0.30623227 0.40816784 0.01014566
v 0.30623227 0.40816784 0.01014566
v 0.30572522 0.40771377 0.01082951
v 0.307459 0.40739584 0.01076752
v 0.30623227 0.40816784 0.01014566
v 0.30457193 0.40874326 0.0098058
v 0.30572522 0.40771377 0.01082951
v 0.30623227 0.40816784 0.01014566
v 0.30575627 0.40769577 0.0092237
v 0.30385202 0.40713799 0.00933611
v 0.24332523 0.41476822 0.00697589
v 0.26995444 0.41961348 0.00755286
v 0.27012527 0.41075253 0.01043266
v 0.26828229 0.41188729 0.00732183
v 0.26474154 0.41462886 0.01220298
v 0.26995444 0.41961348 0.00755286
v 0.25756687 0.42079496 0.00588274
v 0.26474154 0.41462886 0.01220298
v 0.26995444 0.41961348 0.00755286
v 0.26425904 0.41402876 0.00628179
v 0.24603379 0.42749441 0.00101256
v 0.23026508 0.43940878 -0.00572252
v 0.22975361 0.43395185 -0.00265121
v 0.24603379 0.42749441 0.00101256
v 0.22975361 0.43395185 -0.00265121
v 0.23090458 0.42933929 0.00017339
v 0.23303109 0.43159282 -0.00743914
v 0.25101775 0.42234051 0.00341773
v 0.25101775 0.42234051 0.00341773
v 0.24917126 0.42051888 0.00171703
v 0.24185276 0.41874433 -0.00395006
v 0.24917126 0.42051888 0.00171703
v 0.226192 0.43210125 -0.00043643
v 0.2148506 0.44735897 -0.0092169
v 0.23026508 0.43940878 -0.00572252
v 0.2142002 0.44993711 -0.01293862
v 0.22019804 0.44587755 -0.01021063
v 0.21791017 0.44563448 -0.012335
v 0.21368235 0.44854355 -0.01048756
v 0.21290457 0.446334 -0.00947285
v 0.21791017 0.44563448 -0.012335
v 0.22019804 0.44587755 -0.01021063
v 0.22126234 0.44218636 -0.01120538
v 0.21368235 0.44854355 -0.01048756
v 0.22751701 0.41608 0.00178188
v 0.23227018 0.41211236 0.0022307
v 0.2305811 0.41193449 0.00357068
v 0.2270152 0.42772973 0.00041479
v 0.22609854 0.4293313 -0.00683784
v 0.21585953 0.435179 -0.00860667
v 0.21738344 0.44166362 -0.01111513
v 0.21295202 0.43702805 -0.00592941
v 0.2143386 0.43734348 -0.00593853
v 0.21237141 0.4385159 -0.00709206
v 0.20937544 0.43861139 -0.00791943
v 0.20843649 0.45204866 -0.01139617
v 0.20934945 0.44346535 -0.01111764
v 0.20794636 0.43997836 -0.0097208
v 0.20077962 0.44761288 -0.01257843
v 0.21527064 0.4349941 -0.00527906
v 0.21310723 0.43530583 -0.00655681
v 0.22208184 0.42209423 -0.00111592
v 0.21310723 0.43530583 -0.00655681
v 0.20937544 0.43861139 -0.00791943
v 0.21288997 0.43498325 -0.00729924
v 0.22208184 0.42209423 -0.00111592
v 0.20794636 0.43997836 -0.0097208
v 0.21585953 0.435179 -0.00860667
v 0.21288997 0.43498325 -0.00729924
v 0.21709365 0.44416499 -0.01325595
v 0.2142002 0.44993711 -0.01293862
v 0.21620709 0.44585586 -0.0131793
v 0.21545023 0.4443239 -0.01310402
v 0.21295834 0.4473418 -0.01285493
v 0.19198632 0.45826936 -0.01356876
v 0.19604725 0.45284534 -0.01295054
v 0.19666523 0.4561764 -0.01310766
v 0.19132805 0.45599079 -0.01436287
v 0.19604725 0.45284534 -0.01295054
v 0.19132805 0.45599079 -0.01436287
v 0.20077962 0.44761288 -0.01257843
v 0.19132805 0.45599079 -0.01436287
v 0.19653958 0.45761502 -0.01662725
v 0.17798412 0.46677065 -0.01500839
v 0.17542422 0.46766913 -0.01614225
v 0.17845595 0.46459305 -0.01547283
v 0.17536569 0.46762192 -0.01707536
v 0.17691934 0.46762288 -0.01765084
v 0.17992109 0.46698928 -0.01714009
v 0.17845595 0.46459305 -0.01547283
v 0.17536569 0.46762192 -0.01707536
v -0.19342518 0.40581381 -0.09517884
v -0.19251037 0.40579712 -0.09512889
v -0.19289207 0.40582299 -0.09582603
v -0.19342518 0.40581381 -0.09517884
v -0.19251037 0.40579712 -0.09512889
v -0.19251037 0.40579712 -0.09512889
v -0.1917479 0.40579271 -0.09586066
v -0.19289207 0.40582299 -0.09582603
v -0.19443357 0.40488994 -0.09522587
v -0.19287324 0.40490746 -0.09613788
v -0.2462405 0.41156101 -0.1046676
v -0.24567473 0.4117527 -0.10464925
v -0.24503779 0.41081953 -0.10450196
v -0.24194646 0.41917276 -0.10755223
v -0.24567473 0.4117527 -0.10464925
v -0.24194646 0.41917276 -0.10755223
v -0.24194646 0.41917276 -0.10755223
v -0.24500489 0.41143906 -0.10520667
v -0.24580359 0.41193271 -0.10585356
v -0.25369453 0.41357028 -0.10812402
v -0.24194646 0.41917276 -0.10755223
v -0.25369453 0.41357028 -0.10812402
v -0.2462405 0.41156101 -0.1046676
v -0.24580359 0.41193271 -0.10585356
v -0.25369453 0.41357028 -0.10812402
v -0.24194646 0.41917276 -0.10755223
v 0.19459361 0.45844853 -0.01436359
v 0.19738722 0.45842195 -0.01419318
v 0.19146246 0.46511209 -0.01789665
v 0.19459361 0.45844853 -0.01436359
v 0.19738722 0.45842195 -0.01419318
v 0.20843649 0.45204866 -0.01139617
v 0.20210755 0.45856464 -0.01583302
v 0.19146246 0.46511209 -0.01789665
v 0.20210755 0.45856464 -0.01583302
v 0.17741549 0.4682349 -0.01574183
v 0.17620343 0.46844435 -0.01571828
v 0.17798412 0.46677065 -0.01500839
v 0.17741549 0.4682349 -0.01574183
v 0.18251479 0.46921563 -0.01794612
v 0.17406207 0.47261369 -0.0191164
v 0.17406207 0.47261369 -0.0191164
v 0.17542422 0.46766913 -0.01614225
v 0.1694926 0.47182822 -0.01862049
v 0.17542422 0.46766913 -0.01614225
v 0.1694926 0.47182822 -0.01862049
v 0.17536569 0.46762192 -0.01707536
v 0.18251479 0.46921563 -0.01794612
v 0.17750001 0.46861362 -0.01763707
v 0.18251479 0.46921563 -0.01794612
v 0.17750001 0.46861362 -0.01763707
v 0.17406207 0.47261369 -0.0191164
v 0.17406207 0.47261369 -0.0191164
v 0.17602324 0.46882606 -0.01766467
v 0.17602324 0.46882606 -0.01766467
v 0.17406207 0.47261369 -0.0191164
v 0.20568037 0.06884927 0.1089263
v 0.21928895 0.05225939 0.07584369
v 0.19589329 0.04570496 0.0742836
v 0.18086225 0.05749786 0.09889132
v 0.18646055 0.06931514 0.10811526
v 0.14079928 0.05890864 0.09720635
v 0.11054057 0.04735243 0.07017213
v 0.12747699 0.04874831 0.06698424
v 0.10516965 0.06651783 0.09421271
v 0.08805913 0.06276613 0.0837605
v 0.30048084 0.09925425 0.10083532
v 0.3089897 0.0962525 0.0894081
v 0.32320631 0.11005533 0.08594722
v 0.30104101 0.08991337 0.08920717
v 0.29383123 0.08589435 0.09281796
v 0.28987879 0.09089988 0.10117114
v 0.27770245 0.07342869 0.08636963
v 0.26349795 0.10821068 0.09155804
v 0.25732881 0.09039646 0.08282125
v 0.25792146 0.10552454 0.0934521
v 0.23476058 0.09909284 0.10924345
v 0.21462178 0.09557766 0.10508698
v 0.19769698 0.09022611 0.10628891
v 0.2018435 0.08534199 0.08376783
v 0.17615557 0.09143943 0.10186601
v 0.17563158 0.09141868 0.10179776
v 0.15277839 0.08671546 0.10344547
v 0.15169799 0.08379781 0.07427394
v 0.14184999 0.08858091 0.10094607
v 0.10393536 0.09674376 0.08848035
v 0.08408684 0.06405878 0.08279252
v 0.08610511 0.10198766 0.0591054
v 0.0971114 0.08568972 0.04986221
v 0.09725732 0.08564878 0.0499295
v 0.0973857 0.08546692 0.0499745
v 0.09044981 0.06006235 0.05461437
v 0.05040675 0.08518267 0.08203983
v 0.02164125 0.08572841 0.06205916
v 0.02757603 0.07438189 0.04428571
v 0.32679045 0.13005459 0.10094965
v 0.34698194 0.14960265 0.08515757
v 0.34561896 0.14918303 0.0936265
v 0.33912545 0.15782475 0.09816825
v 0.32628202 0.11338592 0.0862565
v 0.30991834 0.11592084 0.10480553
v 0.32623935 0.12941211 0.10112661
v 0.32617849 0.12969166 0.10123694
v 0.30883437 0.15207648 0.0925864
v 0.30022836 0.14713144 0.1004265
v 0.28957474 0.13552368 0.10405087
v 0.28024185 0.12676644 0.09933686
v 0.28427637 0.10749537 0.0837056
v 0.28305185 0.10683733 0.08372897
v 0.05108756 0.12591529 0.04977793
v 0.0510971 0.12590772 0.04987645
v 0.06222099 0.11837161 0.06302595
v 0.04320645 0.11812019 0.03023058
v 0.0432418 0.11823934 0.03032243
v 0.06458879 0.10806197 0.04115713
v 0.01630837 0.14354718 0.04789013
v 0.01612818 0.14761043 0.0212819
v -0.0298866 0.12596017 0.04091525
v -0.04945678 0.13129437 0.00941169
v 0.36164248 0.17551196 0.0858326
v 0.36137372 0.18701327 0.08844745
v 0.31938052 0.17739213 0.09534907
v 0.31430066 0.16271329 0.09917873
v 0.30709273 0.15572941 0.0963676
v 0.32282251 0.17290378 0.09093606
v -0.02488178 0.18284082 0.02348596
v -0.01777989 0.1714263 0.02975833
v -0.02603436 0.19238615 -0.00172526
v -0.02665102 0.19308937 -0.00220162
v -0.07977182 0.16802311 0.00949597
v -0.07378763 0.15506589 0.00534505
v -0.07176375 0.15757513 0.01286
v -0.09214997 0.17746782 -0.00286567
v -0.09479088 0.18179858 -0.01315171
v -0.10589761 0.19898331 -0.02260852
v -0.1059255 0.19900024 -0.0225879
v 0.3351751 0.22029495 0.07527077
v 0.32629699 0.19175613 0.09256488
v -0.02726257 0.19168139 0.01383096
v -0.04559672 0.20476055 0.01694816
v -0.06301153 0.24099445 -0.02248019
v -0.05054367 0.22476518 -0.01424217
v -0.12154019 0.21196771 -0.02151662
v -0.11620307 0.21704316 -0.00743937
v -0.11957544 0.22036302 -0.03559482
v 0.36670578 0.24920893 0.06432927
v 0.35725451 0.27604961 0.06626827
v 0.36357605 0.2647568 0.06505919
v 0.35363114 0.26152122 0.07400322
v 0.3306455 0.28199971 0.06722844
v 0.33050424 0.28162014 0.06742638
v 0.34559405 0.2888639 0.06282556
v 0.36061186 0.27939224 0.05952561
v 0.33388931 0.27756798 0.05902195
v 0.34263492 0.25900435 0.06074637
v 0.34263492 0.25900435 0.06074637
v 0.33029062 0.2818718 0.06734347
v 0.33220047 0.24050844 0.07971328
v 0.33220047 0.24050844 0.07971328
v -0.06565398 0.2435714 -0.0268631
v -0.07604814 0.25664556 -0.03656876
v -0.07833636 0.25739491 -0.00629503
v -0.08560377 0.28023851 -0.03343928
v -0.08722591 0.28077519 -0.03734785
v -0.08722591 0.28077519 -0.03734785
v -0.09010452 0.28317106 -0.03952396
v -0.15134025 0.25436616 -0.05086696
v 0.33875245 0.31680858 0.05408126
v 0.30577511 0.32286274 0.05039459
v 0.30899799 0.31799924 0.03852385
v 0.29932481 0.32094204 0.04557008
v 0.32482201 0.2876687 0.05982929
v 0.32166946 0.30331516 0.04943532
v 0.29932481 0.32094204 0.04557008
v 0.28894275 0.33183193 0.04685265
v 0.29828119 0.32637513 0.03430986
v 0.28494674 0.33476329 0.02773792
v 0.26534677 0.33095527 0.03845763
v 0.28656262 0.33273196 0.04570568
v 0.26528138 0.33100581 0.03856909
v 0.26528138 0.33100581 0.03856909
v 0.27945316 0.33840692 0.03569752
v 0.27945316 0.33840692 0.03569752
v 0.28494674 0.33476329 0.02773792
v 0.27227032 0.32948089 0.0273447
v 0.26328552 0.32483542 0.03241467
v 0.26522231 0.3309716 0.03844613
v 0.26512218 0.33107066 0.03839278
v 0.26522231 0.3309716 0.03844613
v 0.26174742 0.32670057 0.03180802
v 0.26328552 0.32483542 0.03241467
v 0.26512218 0.33107066 0.03839278
v 0.26526695 0.33120906 0.03833199
v -0.11118513 0.30441141 -0.02314472
v -0.08914095 0.28362668 -0.03624934
v -0.10380208 0.30192494 -0.03790718
v -0.10380083 0.30209291 -0.03758371
v -0.09010452 0.28317106 -0.03952396
v -0.10144776 0.2962333 -0.02591705
v -0.10393649 0.3022368 -0.03780854
v -0.13144851 0.31708694 -0.02296287
v -0.11345905 0.30793321 -0.02561229
v -0.13050759 0.32990849 -0.04775566
v -0.12042236 0.3185178 -0.0395698
v -0.12841028 0.32369673 -0.06153703
v -0.12841028 0.32369673 -0.06153703
v -0.12841028 0.32369673 -0.06153703
v -0.12841028 0.32369673 -0.06153703
v -0.13312531 0.3259691 -0.07044196
v -0.13145304 0.33693409 -0.05939466
v -0.13418448 0.33372104 -0.06758898
v -0.22932255 0.32474017 -0.06024945
v -0.22815764 0.31126738 -0.06929874
v -0.19976199 0.28853536 -0.06977999
v -0.23183692 0.33008003 -0.09165502
v -0.22917342 0.30895424 -0.07612407
v 0.32041639 0.35756195 0.04226124
v 0.32391047 0.33643341 0.05177927
v 0.27785414 0.35995233 0.03349155
v 0.28320229 0.35406959 0.02981639
v 0.28406525 0.35027289 0.03914994
v 0.28320229 0.35406959 0.02981639
v 0.28330588 0.35390258 0.02993065
v 0.28406525 0.35027289 0.03914994
v 0.28406525 0.35027289 0.03914994
v 0.32565451 0.36515307 0.02196354
v 0.30311346 0.3633554 0.02350849
v 0.30407935 0.36505568 0.02917808
v 0.29458779 0.3716383 0.01402301
v 0.30407935 0.36505568 0.02917808
v 0.28359419 0.35404897 0.02986681
v 0.28281134 0.3541851 0.02967083
v 0.28320229 0.35406959 0.02981639
v 0.26813215 0.36071682 0.02709353
v 0.28320229 0.35406959 0.02981639
v 0.27785414 0.35995233 0.03349155
v 0.26813215 0.36071682 0.02709353
v 0.26536155 0.33127296 0.03844768
v 0.28211015 0.34024572 0.03931797
v 0.26526695 0.33120906 0.03833199
v 0.26526695 0.33120906 0.03833199
v 0.2585485 0.38049948 0.02210701
v 0.26148891 0.36735296 0.02333581
v 0.26199448 0.36002541 0.02694541
v 0.27630818 0.35985374 0.01426095
v 0.27630818 0.35985374 0.01426095
v 0.28319854 0.35407746 0.02978009
v 0.28281134 0.3541851 0.02967083
v 0.2584303 0.35774362 0.01556987
v 0.2584303 0.35774362 0.01556987
v 0.24903834 0.35292256 0.01809239
v 0.25955802 0.3687551 0.02047098
v 0.2584303 0.35774362 0.01556987
v 0.26571536 0.35951674 0.0239073
v -0.16316545 0.36751854 -0.0760417
v -0.15984607 0.36162138 -0.06768698
v -0.15763557 0.35204339 -0.07827377
v -0.15585518 0.35216916 -0.06439346
v -0.13700783 0.32905674 -0.07628864
v -0.1731503 0.36296999 -0.04940253
v -0.18634784 0.37086761 -0.05436194
v -0.19456422 0.37688458 -0.09142148
v -0.19109941 0.37101102 -0.09252298
v -0.23810101 0.3598063 -0.07345968
v -0.22969425 0.33240473 -0.05987591
v -0.23316848 0.34700322 -0.06696606
v -0.23439145 0.33844149 -0.09479105
v -0.22274935 0.33699858 -0.10194296
v -0.24871445 0.36772001 -0.0995661
v -0.24068606 0.37198508 -0.10389835
v 0.33774596 0.38578546 0.02704996
v 0.33473772 0.38664651 0.02424788
v 0.3375935 0.38581979 0.02271706
v 0.32565451 0.36515307 0.02196354
v 0.28496552 0.38996816 0.02014703
v 0.28861547 0.38152444 0.03149998
v 0.28763026 0.38625491 0.02531582
v 0.30095685 0.40021169 0.01192516
v 0.27287179 0.39368606 0.00850976
v 0.27377898 0.3938638 0.01035541
v 0.29003245 0.39180911 0.00817412
v 0.29003245 0.39180911 0.00817412
v 0.29599118 0.38353622 0.01570731
v 0.24762982 0.38868177 0.01811391
v 0.2585485 0.38049948 0.02210701
v 0.27172655 0.40304077 0.0133217
v 0.2643612 0.41288102 0.01338089
v 0.27012527 0.41075253 0.01043266
v 0.27287179 0.39368606 0.00850976
v 0.26828229 0.41188729 0.00732183
v 0.27377898 0.3938638 0.01035541
v 0.26828229 0.41188729 0.00732183
v 0.27012527 0.41075253 0.01043266
v 0.27377898 0.3938638 0.01035541
v 0.24296522 0.39199781 0.01030427
v 0.24296522 0.39199781 0.01030427
v 0.24141955 0.3917228 0.01220316
v 0.23902005 0.40654135 0.00817585
v -0.20773983 0.39169633 -0.08941972
v -0.20879173 0.39394498 -0.08938551
v -0.20879173 0.39394498 -0.08938551
v -0.19275892 0.40364039 -0.0945158
v -0.20773983 0.39169633 -0.08941972
v -0.19564915 0.40156066 -0.09622854
v -0.20714581 0.39256656 -0.09438515
v -0.20714581 0.39256656 -0.09438515
v -0.20773983 0.39169633 -0.08941972
v -0.21306765 0.39353001 -0.09061825
v -0.21423769 0.39543438 -0.09336495
v -0.20714581 0.39256656 -0.09438515
v -0.20814884 0.39079869 -0.09869099
v -0.24503779 0.41081953 -0.10450196
v -0.24144709 0.40945983 -0.10396773
v -0.22585464 0.39945006 -0.09875882
v -0.24580359 0.41193271 -0.10585356
v -0.2345835 0.39209592 -0.08280581
v -0.25750923 0.4141413 -0.10920662
v -0.25369453 0.41357028 -0.10812402
v -0.2491411 0.41135764 -0.10672826
v -0.25369453 0.41357028 -0.10812402
v -0.24717569 0.41063237 -0.10446793
v -0.24504352 0.37190235 -0.08448809
v -0.25846493 0.3850857 -0.09952873
v 0.23303109 0.43159282 -0.00743914
v 0.25756687 0.42079496 0.00588274
v 0.2148506 0.44735897 -0.0092169
v 0.22126234 0.44218636 -0.01120538
v 0.23026508 0.43940878 -0.00572252
v 0.22751701 0.41608 0.00178188
v 0.22208184 0.42209423 -0.00111592
v 0.2270152 0.42772973 0.00041479
v 0.22751701 0.41608 0.00178188
v 0.22208184 0.42209423 -0.00111592
v 0.22609854 0.4293313 -0.00683784
v 0.18251479 0.46921563 -0.01794612
v 0.19459361 0.45844853 -0.01436359
v 0.19146246 0.46511209 -0.01789665
v 0.18251479 0.46921563 -0.01794612
v 0.17992109 0.46698928 -0.01714009
v 0.18251479 0.46921563 -0.01794612
v 0.19146246 0.46511209 -0.01789665
vn 0.38005 0.89777 -0.22266
vn 0.53267 0.82943 0.16826
vn 0.59585 0.7777 -0.20039
vn 0.30551 0.81301 -0.49566
vn 0.50502 -0.31906 0.80197
vn 0.50587 -0.30187 0.80806
vn 0.50548 -0.31018 0.80516
vn 0.50473 -0.32433 0.80004
vn 0.21913 0.57085 -0.79127
vn 0.617 0.06388 -0.78436
vn 0.21639 0.31898 -0.92273
vn 0.09853 0.18812 -0.97719
vn 0.14645 0.83332 -0.53304
vn 0.22999 0.91135 -0.34139
vn -0.34539 -0.06186 0.93642
vn 0.0229 0.00593 0.99972
vn -0.33358 0.4882 0.80647
vn 0.20456 0.39697 -0.89474
vn 0.0866 0.47642 -0.87494
vn -0.00199 -0.46722 0.88414
vn -0.06294 -0.72316 0.68781
vn -0.04093 -0.70428 0.70874
vn -0.148 -0.70397 0.69464
vn -0.30741 -0.63498 0.70874
vn -0.283 -0.68145 0.67494
vn 0.37375 0.44715 -0.81263
vn 0.14537 0.50975 -0.84795
vn -0.48425 0.52595 0.6992
vn -0.37381 0.07589 0.9244
vn -0.46903 -0.05206 0.88164
vn -0.25106 0.96228 -0.1048
vn -0.37513 0.7956 0.4757
vn 0.11293 0.89591 -0.42964
vn -0.02933 0.85804 -0.51274
vn -0.00216 0.71859 -0.69543
vn -0.02232 0.74086 -0.67128
vn 0.34211 0.35329 -0.87072
vn 0.19296 0.41715 -0.88812
vn 0.39758 0.41235 -0.81969
vn -0.22311 -0.60567 0.76379
vn -0.21085 -0.80898 0.54873
vn -0.33652 -0.63877 0.6919
vn -0.26235 -0.29248 0.91958
vn -0.22876 -0.65721 0.71815
vn -0.22387 -0.53316 0.81586
vn -0.06994 -0.71603 0.69455
vn -0.20109 -0.62378 0.75529
vn -0.23681 -0.87717 0.41772
vn 0.44953 0.35584 -0.81933
vn 0.26685 0.27436 -0.92386
vn -0.21172 -0.88902 0.40598
vn 0.052 0.53444 -0.84361
vn 0.29073 -0.77322 0.56357
vn 0.3771 -0.75915 0.53055
vn 0.34391 -0.66532 0.66263
vn 0.29981 -0.68223 0.66684
vn 0.20486 -0.72286 0.65993
vn 0.19278 -0.84038 0.50656
vn 0.24243 -0.81004 0.53391
vn 0.18754 -0.70826 0.68059
vn 0.4053 -0.89131 0.20321
vn 0.40646 -0.8245 0.3937
vn 0.33733 -0.82616 0.45129
vn 0.44649 -0.8584 0.25259
vn 0.34945 -0.91848 0.18513
vn 0.41715 -0.90877 0.01147
vn 0.28976 -0.31925 -0.90229
vn 0.32754 0.02649 -0.94447
vn 0.29353 -0.11987 -0.9484
vn 0.21799 -0.87288 0.43654
vn 0.29723 -0.92215 0.24758
vn 0.19424 -0.87463 0.44418
vn 0.15403 -0.02018 -0.98786
vn 0.19026 0.03598 -0.98107
vn 0.18985 0.00765 -0.98178
vn 0.20766 -0.21027 -0.95534
vn 0.18296 -0.94679 0.26478
vn 0.23692 -0.95962 0.15162
vn 0.38169 -0.92296 -0.04958
vn 0.17973 -0.80175 0.57
vn 0.12131 -0.67798 0.725
vn 0.15162 -0.68287 0.71463
vn 0.0872 -0.67843 0.72948
vn 0.07639 -0.37118 0.92541
vn -0.07434 -0.24738 0.96606
vn 0.155 -0.67632 0.72011
vn 0.05759 -0.8485 0.52605
vn 0.03984 -0.80121 0.59705
vn 0.03094 -0.73467 0.67772
vn 0.11384 -0.78581 0.60791
vn 0.2019 -0.95889 0.19943
vn 0.06914 -0.97834 0.19509
vn 0.19776 -0.97768 0.07095
vn 0.16934 0.24121 -0.95559
vn 0.17975 0.15531 -0.97137
vn 0.16457 0.01423 -0.98626
vn 0.22186 -0.96097 0.16529
vn 0.22057 -0.95476 0.19948
vn 0.22425 -0.96308 0.14895
vn 0.02138 -0.89737 0.44076
vn 0.12086 -0.94032 0.31809
vn 0.07195 -0.89453 0.44118
vn 0.13848 0.30564 -0.94202
vn 0.11934 -0.21638 -0.96899
vn 0.11852 0.05554 -0.9914
vn 0.07989 -0.10151 -0.99162
vn 0.16415 -0.89196 0.42125
vn 0.09059 -0.94722 0.30752
vn 0.06199 -0.85569 0.51376
vn 0.19107 -0.97 -0.1503
vn 0.11824 -0.97357 -0.19539
vn 0.26778 -0.70067 -0.66133
vn 0.1809 -0.40914 -0.89436
vn 0.24507 -0.08077 -0.96614
vn 0.13481 -0.10165 -0.98564
vn 0.08163 -0.41232 -0.90738
vn 0.16145 -0.60912 -0.77647
vn 0.09682 -0.37558 -0.92172
vn 0.11393 -0.32249 -0.93969
vn 0.11852 -0.54417 -0.83057
vn 0.18468 -0.57534 -0.79679
vn 0.02912 -0.78711 0.61612
vn -0.0622 -0.55537 0.82927
vn -0.01817 -0.23326 0.97224
vn -0.05821 -0.25017 0.96645
vn -0.08044 -0.27344 0.95852
vn -0.0678 -0.81458 0.57608
vn -0.04284 -0.73158 0.6804
vn -0.05485 -0.71877 0.69308
vn -0.01138 -0.73774 0.67499
vn -0.00749 -0.52703 0.84981
vn 0.05461 -0.91296 0.40439
vn 0.06343 -0.90521 0.42021
vn -0.03656 -0.91018 0.4126
vn 0.23213 0.20016 -0.95187
vn 0.16435 -0.11362 -0.97984
vn 0.0331 -0.89281 0.44921
vn 0.12377 -0.97403 -0.18957
vn 0.0325 -0.86315 0.50391
vn 0.03316 -0.86792 0.49559
vn -0.07463 -0.87643 0.47572
vn -0.02848 -0.85241 0.5221
vn -0.0809 -0.87409 0.47897
vn 0.16485 -0.20196 -0.96542
vn 0.16878 -0.02758 -0.98527
vn 0.14435 0.27133 -0.9516
vn 0.04631 -0.43575 -0.89888
vn -0.01708 -0.77003 0.63778
vn -0.04525 -0.91505 0.4008
vn -0.07036 -0.76697 0.63781
vn 0.07142 -0.98743 -0.14096
vn -0.00445 -0.95289 -0.30328
vn 0.13324 -0.41889 -0.89821
vn 0.1754 -0.15658 -0.97197
vn 0.08522 -0.46555 -0.88091
vn 0.08666 -0.50504 -0.85873
vn 0.08957 -0.57032 -0.81653
vn 0.04244 -0.45899 -0.88743
vn 0.03273 -0.46412 -0.88517
vn 0.03293 -0.46293 -0.88579
vn 0.10193 -0.50621 -0.85637
vn -0.10034 -0.79119 0.60328
vn -0.17187 -0.57856 0.79733
vn -0.05476 -0.29187 0.95489
vn -0.13846 -0.30533 0.94213
vn -0.27499 -0.37925 0.88349
vn -0.21083 -0.77743 0.59258
vn -0.18489 -0.72647 0.66186
vn -0.19245 -0.63714 0.74634
vn -0.16689 -0.75649 0.63235
vn -0.1768 -0.58573 0.79099
vn -0.09557 -0.82268 0.56041
vn -0.07134 -0.81311 0.57772
vn -0.15445 -0.80813 0.56839
vn 0.24803 0.04444 -0.96773
vn 0.06477 -0.40283 -0.91298
vn -0.09914 -0.7664 0.63467
vn -0.07171 -0.98804 -0.13654
vn -0.12034 -0.7512 0.64901
vn -0.12847 -0.93188 0.33926
vn -0.18823 -0.84153 0.50636
vn -0.14758 -0.75788 0.63548
vn -0.21064 -0.84164 0.49727
vn -0.12883 -0.72286 0.67888
vn -0.18869 -0.88749 0.42043
vn -0.22665 -0.74623 0.62592
vn -0.13471 -0.98914 -0.05871
vn -0.11556 -0.95435 -0.27544
vn 0.04262 -0.55291 -0.83215
vn 0.13378 -0.46982 -0.87257
vn 0.06341 -0.62125 -0.78104
vn -0.03601 -0.51688 -0.8553
vn 0.01184 -0.60996 -0.79234
vn 0.07037 -0.67988 -0.72994
vn 0.04385 -0.66736 -0.74345
vn 0.14128 -0.31071 -0.93995
vn 0.17192 -0.06125 -0.9832
vn 0.16047 -0.25946 -0.95233
vn -6E-05 -0.81612 -0.57788
vn -0.0534 -0.73402 -0.67703
vn -0.07436 -0.84491 -0.52972
vn -0.24849 -0.33992 0.90703
vn -0.28321 -0.53502 0.79596
vn -0.26116 -0.36325 0.89434
vn -0.25306 -0.75034 0.6107
vn -0.22321 -0.81392 0.53638
vn -0.21802 -0.76705 0.60341
vn -0.29788 -0.79922 0.52203
vn -0.30869 -0.76127 0.57024
vn -0.24049 -0.7974 0.55346
vn -0.22356 -0.97468 -0.00481
vn -0.2838 -0.8097 0.51365
vn -0.19051 -0.9815 0.01893
vn -0.35138 -0.6761 0.64762
vn -0.34754 -0.78443 0.5137
vn -0.28461 -0.80328 0.52321
vn -0.36245 -0.55082 0.75181
vn -0.35777 -0.70706 0.60997
vn -0.32854 -0.94032 0.08865
vn -0.30656 -0.94287 0.13046
vn -0.36859 -0.8281 0.42237
vn -0.0612 -0.84414 -0.53262
vn -0.10397 -0.83904 -0.53404
vn 0.01123 -0.55106 -0.83439
vn -0.03433 -0.55124 -0.83364
vn -0.08836 -0.79068 -0.60582
vn -0.08819 -0.89123 -0.44489
vn -0.035 -0.78988 -0.61227
vn -0.18547 -0.89915 -0.3964
vn -0.28376 -0.90892 -0.30552
vn -0.09452 -0.70285 -0.70503
vn -0.04785 -0.64876 -0.75949
vn -0.08076 -0.65934 -0.74749
vn 0.01012 -0.62522 -0.78038
vn -0.4478 -0.68804 0.57103
vn -0.425 -0.86097 0.27949
vn -0.43048 -0.80211 0.41389
vn -0.43263 -0.8246 0.3645
vn -0.43977 -0.69322 0.57101
vn -0.45662 -0.70787 0.53891
vn -0.4541 -0.80993 0.37122
vn -0.40744 -0.89401 0.18639
vn -0.33165 -0.93294 -0.14007
vn -0.38732 -0.92154 -0.02755
vn -0.0434 -0.71409 -0.69871
vn -0.02374 -0.72662 -0.68663
vn -0.01319 -0.67418 -0.73845
vn -0.16144 -0.83815 -0.521
vn -0.0371 -0.69254 -0.72043
vn -0.38161 -0.91849 0.10368
vn -0.18791 -0.8921 -0.4109
vn 0.03577 -0.64467 -0.76362
vn 0.66255 -0.55372 0.50441
vn 0.67116 -0.44833 0.59037
vn 0.51758 -0.43295 0.73801
vn 0.58673 -0.64138 0.49435
vn 0.67944 -0.71993 0.14167
vn 0.65353 -0.69381 0.30251
vn 0.71714 -0.68526 0.127
vn 0.74299 -0.62587 0.23717
vn 0.56172 -0.5509 0.61723
vn 0.47415 -0.38698 0.79084
vn 0.49871 -0.44252 0.74529
vn 0.42512 -0.4207 0.80143
vn 0.2408 -0.11912 0.96324
vn 0.22032 -0.12124 0.96786
vn 0.3361 -0.4193 0.84334
vn 0.23679 -0.3973 0.88661
vn 0.30571 -0.40225 0.86298
vn 0.20959 -0.41731 0.88427
vn 0.3531 -0.39612 0.84759
vn 0.35031 -0.64627 0.67796
vn 0.31979 -0.57889 0.75008
vn 0.20151 -0.49759 0.84368
vn 0.4393 -0.70864 0.55212
vn 0.45911 -0.59681 0.65806
vn 0.48232 -0.61639 0.62244
vn 0.41014 -0.74737 0.5227
vn 0.45433 -0.53471 0.7125
vn 0.47379 -0.35937 -0.80397
vn 0.38472 -0.51864 -0.76354
vn 0.2053 -0.25815 -0.94404
vn 0.00694 0.05905 -0.99823
vn 0.60124 -0.72235 0.34165
vn 0.59844 -0.63691 0.48602
vn 0.53125 -0.75186 0.39048
vn 0.55616 -0.81725 0.15095
vn 0.55195 -0.82479 -0.12277
vn 0.42323 -0.45884 -0.78125
vn 0.417 -0.40735 -0.81251
vn 0.29 -0.2353 -0.92765
vn 0.33982 -0.54872 0.76383
vn 0.49121 -0.64039 0.59044
vn 0.12939 -0.02679 -0.99123
vn -0.11489 0.27545 -0.95443
vn 0.01803 0.23019 -0.97298
vn 0.06631 -0.01487 -0.99769
vn 0.28479 -0.22411 -0.93203
vn 0.19933 -0.16645 -0.96569
vn 0.43332 -0.78439 0.44381
vn 0.48912 -0.78131 0.38771
vn 0.51371 -0.809 0.2857
vn 0.40555 -0.46228 -0.78856
vn 0.63146 -0.77199 -0.07269
vn -0.09912 0.2317 0.96772
vn 0.08604 -0.08176 0.99293
vn 0.14329 -0.11339 0.98316
vn 0.16828 -0.27565 0.94641
vn -0.0064 0.1103 0.99388
vn 0.10027 -0.14949 0.98367
vn 0.31682 -0.43574 0.84247
vn 0.20767 -0.39587 0.89452
vn 0.17376 -0.41668 0.89229
vn 0.12773 -0.32573 0.93679
vn -0.23195 0.38867 0.8917
vn -0.3255 0.56435 0.75866
vn -0.34509 0.7089 0.61512
vn -0.14432 0.43762 0.8875
vn 0.09418 -0.21455 0.97216
vn -0.01508 -0.08679 0.99611
vn 0.13777 -0.43174 0.89142
vn 0.16739 -0.45065 0.87686
vn 0.1928 -0.62264 0.75839
vn -0.25951 0.22739 -0.93859
vn -0.33878 0.48149 -0.80833
vn -0.27279 0.42821 -0.86152
vn -0.04574 0.19349 -0.98003
vn -0.00397 0.35513 -0.93481
vn 0.30727 -0.40839 -0.85953
vn 0.14769 -0.15592 -0.97667
vn 0.11799 -0.00723 -0.99299
vn -0.30804 0.72264 -0.61879
vn -0.10109 0.80448 -0.58531
vn -0.35575 0.73519 -0.57701
vn -0.49525 0.6339 -0.59405
vn -0.45728 0.38355 -0.80236
vn -0.5514 0.54542 -0.63125
vn -0.48233 0.48871 -0.72699
vn -0.07633 0.39188 -0.91685
vn -0.18335 0.70718 -0.68284
vn 0.11184 0.15977 -0.9808
vn -0.00754 0.36984 -0.92906
vn -0.12544 0.2091 0.96982
vn -0.15647 0.31568 0.93587
vn -0.18278 0.56741 0.8029
vn -0.10955 0.27793 0.95434
vn -0.21609 0.82711 0.51884
vn 0.14258 -0.38532 0.9117
vn 0.00331 -0.12506 0.99214
vn -0.05628 -0.02099 0.99819
vn -0.16697 0.5645 0.80837
vn -0.18522 0.98257 0.0156
vn -0.12903 0.99164 -0.00061
vn -0.12886 0.88821 0.441
vn -0.11927 0.18897 0.97471
vn -0.14402 0.447 0.88286
vn -0.11702 0.22915 0.96633
vn -0.06465 -0.1024 0.99264
vn -0.04329 -0.22286 0.97389
vn -0.2144 0.9336 -0.28711
vn -0.11273 0.89799 -0.42533
vn -0.15682 0.97383 -0.1645
vn -0.07457 0.93394 -0.34955
vn -0.05628 0.7334 -0.67746
vn -0.05955 0.67568 -0.73479
vn 0.10486 0.3215 -0.94108
vn 0.02035 0.51737 -0.85552
vn -0.0559 0.61226 -0.78868
vn -0.06767 0.89402 -0.44289
vn -0.13758 0.98689 -0.08438
vn -0.13209 0.9028 0.40926
vn -0.04625 0.99889 0.00849
vn -0.01838 0.75968 -0.65004
vn -0.00939 0.73222 -0.681
vn 0.12681 0.6272 -0.76846
vn 0.04599 0.74549 -0.66492
vn -0.02026 0.61767 -0.78618
vn 0.07688 0.45321 -0.88808
vn -0.01641 0.96824 0.24949
vn -0.11188 0.86145 0.49536
vn -0.08869 0.99302 0.07781
vn -0.07877 0.34211 0.93635
vn -0.10686 0.53782 0.83626
vn -0.11646 0.59787 0.79308
vn -0.09709 0.34742 0.93267
vn -0.09315 0.91361 0.39577
vn -0.06544 0.16746 0.98371
vn -0.07689 0.18136 0.98041
vn -0.11708 0.59543 0.79483
vn -0.0018 0.9863 0.16497
vn -0.07606 0.87405 0.47985
vn -0.05862 0.26445 0.96262
vn -0.04209 0.58676 0.80866
vn -0.05242 0.27739 0.95933
vn -0.0667 -0.01776 0.99761
vn -0.08672 -0.30101 0.94967
vn -0.11006 0.99166 0.06704
vn -0.00646 0.89945 -0.43697
vn -0.01558 0.97497 -0.2218
vn 0.05462 0.9817 -0.18244
vn -0.00221 0.99849 0.05486
vn 0.03634 0.84476 -0.53391
vn 0.06514 0.78289 -0.61874
vn 0.11327 0.81471 -0.56869
vn 0.12719 0.84811 -0.51433
vn 0.09932 0.94644 -0.30722
vn -0.02221 0.97599 0.2167
vn -0.07339 0.83508 0.54521
vn 0.05434 0.96848 0.24309
vn 0.15545 0.80224 -0.5764
vn 0.2333 0.72441 -0.64869
vn 0.238 0.81174 -0.53333
vn 0.21221 0.79002 -0.57518
vn 0.32034 0.35904 -0.87663
vn 0.22858 0.20642 -0.95139
vn 0.04661 0.85091 -0.52324
vn 0.15062 0.82565 -0.54371
vn 0.18606 0.12681 -0.97432
vn 0.08679 0.2814 -0.95566
vn 0.00658 0.46878 -0.88329
vn -0.15222 0.48045 0.86371
vn 0.02046 0.84204 0.53902
vn -0.015 0.19924 0.97984
vn -0.1299 0.1376 0.98193
vn -0.10196 0.46186 0.88107
vn -0.23762 0.1343 0.96203
vn 0.05686 0.98801 0.14357
vn -0.00606 0.88138 0.47237
vn 0.15977 0.95158 -0.26261
vn 0.18409 0.91768 -0.35209
vn -0.14292 0.48441 0.86309
vn -0.08516 0.52877 0.84448
vn 0.29473 0.77323 -0.56147
vn 0.2664 0.80303 -0.53308
vn 0.23636 0.93682 -0.2579
vn 0.11751 0.97854 0.16929
vn 0.13865 0.97781 0.15703
vn 0.05245 0.88581 0.46108
vn -0.16439 0.31536 0.93463
vn -0.07459 0.66263 0.74522
vn 0.01121 0.89585 0.44422
vn 0.31085 0.85094 -0.4234
vn 0.32392 0.81974 -0.47233
vn 0.24936 0.95967 -0.12981
vn 0.15167 0.93169 0.33007
vn -0.12053 0.22307 0.96732
vn -0.28092 -0.22784 0.93229
vn 0.41888 0.42382 -0.80307
vn 0.29641 0.39741 -0.86845
vn 0.22502 0.72938 -0.64604
vn 0.28437 0.71617 -0.63737
vn 0.19765 0.41718 -0.88707
vn 0.35372 0.70129 -0.61893
vn 0.33441 0.73818 -0.58589
vn 0.31862 0.35318 -0.87963
vn 0.26461 0.08289 -0.96079
vn 0.44262 0.05862 -0.89479
vn -0.01066 0.67646 0.7364
vn -0.10332 0.43216 0.89586
vn -0.0001 0.67716 0.73584
vn 0.02693 0.63039 0.77581
vn 0.01481 0.64912 0.76054
vn -0.11834 0.34938 0.92948
vn 0.41324 0.90972 -0.04048
vn 0.30708 0.9514 0.02321
vn 0.43139 0.80913 -0.39902
vn 0.18605 0.91132 0.36726
vn -0.22654 -0.19005 0.95528
vn -0.33737 -0.51267 0.78953
vn -0.23758 -0.27006 0.93307
vn -0.19379 0.44107 0.8763
vn 0.0021 0.53771 0.84313
vn -0.20637 0.17275 0.9631
vn 0.05325 0.64251 0.76443
vn -0.33071 -0.10037 0.93838
vn 0.33811 0.90829 0.24635
vn 0.26836 0.93262 0.24125
vn 0.47703 0.87889 -0.00044
vn -0.3613 -0.48822 0.79442
vn -0.3909 -0.63325 0.66798
vn -0.36152 -0.57605 0.73313
vn 0.54306 0.72892 -0.41684
vn 0.40047 0.69861 -0.59293
vn 0.41144 0.07744 -0.90814
vn 0.39516 0.19762 -0.8971
vn 0.4785 0.54613 -0.68759
vn 0.44406 0.2609 -0.85717
vn 0.40098 0.25496 -0.87989
vn 0.35894 0.61806 -0.6994
vn 0.1347 -0.4088 -0.90263
vn 0.24762 -0.24188 -0.93818
vn 0.60512 0.67065 -0.42903
vn 0.61947 0.51566 -0.59191
vn 0.61318 0.55138 -0.56568
vn 0.66324 0.26468 -0.70005
vn 0.63039 0.5507 -0.54712
vn 0.48113 0.17852 -0.85828
vn 0.45346 0.31879 -0.83231
vn 0.41825 0.11913 -0.90048
vn 0.39054 0.01341 -0.92049
vn 0.25866 -0.19048 -0.947
vn 0.27064 -0.29604 -0.91603
vn 0.13838 -0.49435 -0.85818
vn 0.11985 -0.62572 -0.77078
vn -0.34253 -0.03021 0.93902
vn -0.27026 -0.15725 0.94986
vn -0.24617 -0.00073 0.96923
vn -0.53047 -0.30765 0.78991
vn 0.01525 0.43062 0.90241
vn -0.22457 0.23309 0.94617
vn -0.11465 0.61241 0.78219
vn -0.39368 -0.32393 0.86028
vn -0.24853 -0.4759 0.84365
vn -0.42926 -0.62983 0.64734
vn -0.39056 -0.70056 0.59722
vn -0.49878 -0.6472 0.57651
vn -0.48389 -0.38494 0.78592
vn -0.49786 -0.51387 0.69862
vn -0.368 -0.05735 0.92806
vn -0.49348 -0.36531 0.78932
vn -0.42542 -0.35024 0.83448
vn -0.31508 0.16322 0.93493
vn -0.496 -0.44501 0.74563
vn -0.49806 -0.66181 0.56032
vn -0.46512 -0.60621 0.64511
vn -0.5088 -0.62493 0.5921
vn -0.46202 -0.60266 0.65065
vn 0.40763 -0.10147 -0.90749
vn 0.47274 0.02452 -0.88086
vn 0.20081 -0.27199 -0.94111
vn 0.08031 -0.52211 -0.84909
vn 0.44575 0.04871 -0.89383
vn 0.02081 -0.61312 -0.78972
vn 0.02564 -0.65753 -0.75299
vn 0.33452 -0.29628 -0.8946
vn 0.25007 -0.26496 -0.93127
vn -0.01982 -0.62873 -0.77737
vn -0.07503 -0.68122 -0.72822
vn -0.1859 -0.76308 -0.61899
vn -0.51933 -0.7103 0.47514
vn -0.48919 -0.84351 0.22177
vn -0.46739 -0.8581 0.21264
vn 0.0088 -0.71169 -0.70244
vn 0.40496 0.0134 -0.91424
vn 0.52599 0.08569 -0.84616
vn 0.43278 0.03316 -0.90089
vn -0.51999 -0.18149 0.83467
vn -0.56646 -0.34958 0.74626
vn -0.54374 -0.435 0.71772
vn -0.55642 -0.40537 0.72531
vn -0.50614 0.0833 0.85842
vn -0.54901 -0.65317 0.52149
vn -0.58554 -0.61021 0.53365
vn -0.57208 -0.52356 0.63136
vn -0.55387 -0.35836 0.75154
vn 0.22446 -0.32861 -0.9174
vn 0.0139 -0.55776 -0.82988
vn -0.07214 -0.69073 -0.71951
vn -0.64657 -0.73035 0.22029
vn -0.52744 -0.83631 -0.14964
vn -0.60904 -0.78413 0.11925
vn -0.53056 -0.84088 0.10691
vn -0.34292 -0.87383 -0.34472
vn -0.58518 -0.66298 0.46692
vn -0.62184 -0.61298 0.48741
vn -0.33193 -0.85511 -0.39826
vn -0.17319 -0.7717 -0.61196
vn -0.67449 -0.57958 0.45733
vn -0.66588 -0.65264 0.36147
vn -0.64213 -0.7476 0.1696
vn -0.55599 -0.18311 0.81077
vn -0.67394 -0.28136 0.68311
vn -0.64111 -0.60741 0.46907
vn -0.6623 -0.59782 0.45162
vn -0.4589 -0.77322 -0.43765
vn -0.45332 -0.82044 -0.34839
vn -0.62861 -0.7756 -0.05737
vn -0.40255 -0.84533 -0.35125
vn -0.03174 -0.59618 -0.80222
vn -0.03267 -0.56124 -0.82701
vn -0.04809 -0.58113 -0.81239
vn -0.10107 -0.68172 -0.7246
vn -0.05061 -0.54753 -0.83526
vn -0.06494 -0.52587 -0.84808
vn -0.08355 -0.58068 -0.80984
vn 0.02513 -0.50473 -0.86291
vn -0.07947 -0.57937 -0.81118
vn -0.4271 -0.79809 -0.42502
vn -0.1412 -0.76706 -0.62584
vn -0.34061 -0.74484 -0.57376
vn -0.69505 -0.58259 0.42131
vn -0.53869 -0.7838 -0.30899
vn -0.65847 -0.75178 0.03525
vn -0.65495 -0.75565 -0.00508
vn -0.71447 -0.56762 0.40909
vn -0.72344 -0.64378 0.24937
vn -0.65749 -0.74659 -0.10155
vn -0.51178 -0.7908 -0.33572
vn -0.16002 -0.63236 -0.75797
vn -0.52397 -0.78061 -0.34075
vn 0.38701 -0.07981 0.91862
vn 0.33926 -0.03947 0.93987
vn 0.17609 0.04629 0.98328
vn 0.02642 0.00163 0.99965
vn 0.28085 0.08567 0.95592
vn 0.19596 0.0199 0.98041
vn 0.2816 0.37553 0.883
vn 0.03719 -0.35984 0.93227
vn 0.58756 -0.46432 0.66271
vn 0.59547 -0.4036 0.69463
vn 0.66321 -0.44748 0.59993
vn 0.55851 -0.24401 0.7928
vn 0.73126 -0.29221 0.61634
vn 0.53679 -0.12532 0.83436
vn 0.64042 -0.25557 0.72425
vn 0.88102 -0.46406 0.09194
vn 0.84019 -0.35871 0.4067
vn 0.37882 -0.27188 -0.88463
vn 0.56398 -0.46126 -0.68496
vn 0.32339 -0.25809 -0.91039
vn 0.23356 -0.20023 -0.9515
vn 0.83698 -0.39674 0.37692
vn 0.6455 -0.24426 0.72365
vn 0.66717 -0.4135 0.6196
vn 0.76994 -0.57977 0.26657
vn 0.80524 -0.53135 -0.26317
vn 0.68926 -0.30982 -0.65493
vn 0.32894 -0.18736 -0.92558
vn 0.40201 -0.24955 -0.88097
vn 0.49126 -0.16919 0.85442
vn 0.1274 -0.16519 -0.978
vn -0.17516 0.03572 -0.98389
vn 0.03604 -0.04411 -0.99838
vn 0.00186 -0.15025 -0.98865
vn 0.11244 -0.07029 -0.99117
vn 0.09248 -0.03651 -0.99505
vn 0.39494 -0.26148 -0.88071
vn 0.74829 -0.66169 0.04724
vn 0.53857 -0.47299 -0.69729
vn 0.76298 -0.5702 -0.30453
vn 0.16307 0.11721 0.97963
vn 0.22361 0.19906 0.95413
vn -0.12283 0.32186 0.93879
vn -0.15405 0.21011 0.96547
vn -0.22099 0.45065 0.86492
vn 0.42738 -0.24195 0.8711
vn 0.20891 -0.07169 0.9753
vn 0.03641 0.08668 0.99557
vn -0.2645 0.36311 0.89342
vn -0.21767 0.40131 0.8897
vn -0.07139 0.29289 0.95348
vn -0.20871 0.40209 0.8915
vn -0.18071 0.4015 0.89785
vn -0.01228 0.19908 0.97991
vn -0.45277 0.46075 0.76335
vn -0.11242 0.20223 0.97286
vn -0.34348 0.10094 -0.93372
vn -0.46392 0.25274 -0.84906
vn -0.39873 0.25395 -0.8812
vn -0.2224 0.15674 -0.96227
vn -0.26298 0.20375 -0.94304
vn -0.09472 0.05112 -0.99419
vn -0.18433 0.2095 -0.96028
vn -0.6256 0.75653 -0.19051
vn -0.69591 0.67504 -0.245
vn -0.63041 0.66797 -0.39548
vn -0.2221 0.39714 0.89048
vn -0.61787 0.78471 -0.04971
vn -0.78429 0.59073 -0.18953
vn -0.66497 0.55562 0.49911
vn -0.49607 0.33242 -0.80213
vn -0.48777 0.35148 -0.79909
vn -0.52234 0.26728 -0.80977
vn -0.45402 0.45419 -0.76654
vn -0.45881 0.4739 -0.7516
vn -0.57206 0.5373 -0.61972
vn -0.44706 0.43136 -0.78362
vn -0.57961 0.51728 -0.62966
vn -0.68993 0.70955 -0.14326
vn -0.48564 0.43393 -0.75885
vn -0.17958 0.26792 -0.94656
vn -0.20471 0.50841 -0.83643
vn -0.26409 0.49688 0.82666
vn -0.0923 0.40397 0.9101
vn -0.05173 0.26059 0.96406
vn -0.23972 0.54999 0.80003
vn -0.26656 0.57295 0.77503
vn -0.48709 0.73451 0.47248
vn -0.63284 0.77282 -0.04756
vn -0.68104 0.73215 -0.01177
vn -0.57395 0.80466 -0.15199
vn -0.43762 0.69738 -0.56758
vn -0.45902 0.71091 -0.53283
vn -0.27774 0.54702 -0.7897
vn -0.54713 0.80607 -0.22561
vn -0.55708 0.82574 -0.08845
vn -0.58895 0.80054 -0.11076
vn -0.30415 0.53807 -0.78611
vn -0.36604 0.58488 -0.72383
vn -0.50797 0.67892 -0.53012
vn -0.58729 0.80758 0.05387
vn -0.61057 0.7609 -0.21964
vn -0.44447 0.85344 -0.27217
vn -0.51182 0.82907 0.22512
vn -0.57505 0.67366 -0.46421
vn -0.59897 0.68281 -0.41833
vn -0.57475 0.75547 -0.31452
vn -0.40506 0.84884 0.33971
vn -0.37244 0.90387 0.2105
vn 0.22762 0.89335 0.38744
vn 0.15532 0.89233 0.42382
vn 0.16008 0.82384 0.54375
vn 0.22342 0.84252 0.49014
vn 0.05608 0.68788 0.72365
vn 0.05785 0.63148 0.77323
vn 0.14039 0.66472 0.73378
vn 0.31978 0.89349 0.31531
vn 0.26357 0.88689 0.37941
vn 0.31072 0.88997 0.33377
vn 0.61591 0.75001 -0.24111
vn 0.61067 0.7612 -0.21831
vn 0.5053 0.8605 0.0649
vn 0.40435 0.89499 0.18838
vn 0.64123 0.61617 -0.45734
vn 0.56608 0.784 -0.25476
vn 0.42206 0.89585 0.13899
vn 0.58388 0.68819 -0.43067
vn 0.59098 0.67782 -0.43738
vn 0.50425 0.40843 -0.76087
vn 0.04458 0.70027 0.71248
vn -0.01488 0.67604 0.73672
vn 0.29454 0.86121 0.4142
vn 0.31741 0.89412 0.31591
vn 0.34422 0.86271 0.37048
vn 0.11314 0.79732 0.59286
vn 0.18724 0.7807 0.5962
vn 0.12523 0.77408 0.62058
vn 0.08198 0.70711 0.70234
vn 0.00287 0.61629 0.78752
vn -0.18171 0.45901 0.86965
vn -0.3114 0.23723 0.92019
vn -0.19872 0.40741 0.89136
vn 0.42017 0.88309 0.20886
vn 0.48436 0.87474 0.01496
vn 0.61647 0.70849 -0.34353
vn 0.33111 0.86132 0.38535
vn 0.64492 0.56545 -0.51414
vn 0.68554 0.55013 -0.47685
vn 0.67122 0.69363 -0.26142
vn 0.36069 0.81648 0.45084
vn 0.42651 0.8192 0.38341
vn 0.35303 0.81717 0.45564
vn 0.52798 0.8464 0.06965
vn 0.20135 0.77807 0.59504
vn 0.67862 0.71825 -0.15362
vn 0.68063 0.72587 -0.09927
vn 0.58448 0.80269 0.11863
vn 0.70157 0.68632 -0.19174
vn 0.72067 0.63868 -0.26966
vn 0.17181 0.79529 0.58137
vn 0.45541 0.00149 -0.89028
vn 0.73877 0.26013 -0.62173
vn 0.47685 0.19543 -0.85699
vn 0.65243 0.51373 -0.55715
vn 0.57115 0.45 -0.68651
vn 0.47415 0.30446 -0.82612
vn 0.56352 0.19633 -0.80243
vn 0.57771 0.26139 -0.77326
vn 0.62954 0.38992 -0.67204
vn 0.52299 0.0857 -0.84802
vn 0.41716 0.05257 -0.90731
vn -0.08049 0.53682 0.83985
vn -0.26309 0.33224 0.90576
vn -0.48642 0.0608 0.87161
vn 0.2222 0.65266 0.72433
vn -0.03811 0.60261 0.79713
vn 0.01978 0.60344 0.79716
vn 0.38961 0.81783 0.4235
vn -0.29432 0.34589 0.89092
vn -0.09493 0.50632 0.8571
vn 0.68001 0.65823 -0.32299
vn 0.69487 0.66732 -0.26804
vn 0.71215 0.66875 -0.21359
vn -0.31786 0.17637 0.93159
vn -0.4515 -0.02712 0.89186
vn -0.33937 0.2455 0.90805
vn -0.19335 0.35683 0.91394
vn -0.48571 0.01302 0.87402
vn -0.06614 0.58306 0.80974
vn -0.52223 -0.04981 0.85135
vn -0.63811 -0.33226 0.69456
vn -0.57033 -0.33911 0.74815
vn -0.68952 -0.41373 0.59446
vn 0.65439 0.5853 -0.47875
vn 0.63889 0.20249 -0.74217
vn 0.68897 0.13865 -0.71141
vn 0.53916 0.01914 -0.84199
vn 0.50158 0.02022 -0.86488
vn 0.34928 -0.22062 -0.91068
vn 0.49844 -0.02437 -0.86658
vn 0.59343 0.17887 -0.78476
vn 0.36256 -0.17171 -0.91601
vn 0.11425 -0.53247 -0.8387
vn 0.14218 -0.36284 -0.92094
vn 0.29702 -0.1586 -0.94161
vn 0.36712 -0.16667 -0.91512
vn 0.24493 -0.25486 -0.93544
vn 0.50578 0.02204 -0.86238
vn 0.0663 -0.39992 -0.91415
vn -0.0023 -0.40186 -0.9157
vn -0.03708 -0.47519 -0.8791
vn -0.07157 -0.57409 -0.81566
vn -0.09096 -0.60389 -0.79186
vn -0.58588 -0.09713 0.80455
vn -0.55142 -0.1142 0.82638
vn -0.54823 -0.12953 0.82624
vn -0.68123 -0.25952 0.68452
vn -0.41016 0.09634 0.90691
vn -0.58991 -0.18232 0.78662
vn -0.45498 0.04758 0.88923
vn -0.64604 -0.29973 0.70199
vn -0.68961 -0.47218 0.54908
vn -0.71615 -0.50385 0.48298
vn -0.6759 -0.56577 0.47229
vn -0.6983 -0.53512 0.47542
vn -0.70585 -0.52512 0.47541
vn -0.67644 -0.31921 0.66372
vn -0.67562 -0.29854 0.6741
vn -0.59123 -0.17389 0.78754
vn -0.68645 -0.35396 0.63522
vn -0.72628 -0.45481 0.51543
vn -0.7062 -0.67549 0.21211
vn 0.01297 -0.48677 -0.87344
vn 0.19425 -0.31201 -0.93001
vn -0.12218 -0.5474 -0.8279
vn -0.13409 -0.48722 -0.86292
vn -0.18416 -0.53458 -0.82481
vn -0.41618 -0.77969 -0.46784
vn -0.52237 -0.80366 -0.28505
vn -0.2092 -0.66132 -0.72034
vn -0.1578 -0.55899 -0.81402
vn -0.73495 -0.6767 -0.04392
vn -0.55797 -0.68398 -0.46993
vn -0.60985 -0.75742 -0.23325
vn -0.72226 -0.61173 0.32269
vn -0.67352 -0.73784 0.04431
vn -0.71607 -0.66018 0.22674
vn -0.13798 -0.54725 -0.82552
vn -0.16695 -0.54556 -0.82128
vn -0.1607 -0.57238 -0.80409
vn -0.10607 -0.49656 -0.8615
vn -0.61408 -0.78917 -0.01099
vn -0.50143 -0.79163 -0.34912
vn -0.49818 -0.61018 -0.61603
vn -0.10801 -0.59401 -0.79717
vn -0.19903 -0.54148 -0.81682
vn -0.12537 -0.57132 -0.81109
vn -0.08054 -0.53767 -0.8393
vn -0.70821 -0.35318 0.61131
vn -0.71598 -0.44217 0.54025
vn -0.7058 -0.4633 0.53591
vn -0.76182 -0.52221 0.38332
vn -0.73738 -0.67189 -0.06948
vn -0.79275 -0.4812 0.37417
vn -0.19003 -0.49634 -0.84707
vn -0.25948 -0.60477 -0.75294
vn -0.60642 -0.69694 -0.38278
vn -0.55096 -0.70018 -0.45407
vn -0.42667 -0.71144 -0.5584
vn -0.56947 -0.70708 -0.41921
vn 0.68608 -0.01762 0.72732
vn 0.92666 -0.23756 0.2913
vn 0.89596 -0.07919 0.43703
vn 0.89086 -0.22042 0.39723
vn 0.70618 -0.10491 0.70022
vn 0.60153 -0.11027 0.7912
vn 0.97619 -0.20202 0.07906
vn 0.98377 -0.04827 0.17281
vn 0.50942 -0.22381 -0.8309
vn 0.63581 -0.25219 -0.72948
vn 0.64081 -0.145 -0.75388
vn 0.39179 -0.16602 -0.90495
vn 0.94482 -0.31202 -0.09976
vn 0.7451 -0.25678 0.61554
vn 0.88004 -0.32769 0.34374
vn 0.95442 -0.28155 -0.0991
vn 0.09714 0.15844 0.98258
vn 0.03336 0.15495 0.98736
vn -0.15089 0.22424 0.96278
vn -0.06326 0.25436 0.96504
vn 0.03508 0.08576 0.9957
vn 0.41461 -0.01353 0.9099
vn 0.39263 0.05986 0.91774
vn 0.20525 0.13099 0.9699
vn 0.28068 0.06857 0.95735
vn 0.59904 -0.00279 0.80071
vn 0.28464 0.09722 0.95369
vn 0.47291 -0.01405 0.881
vn 0.03958 -0.25198 -0.96692
vn 0.35145 -0.23054 -0.90738
vn 0.25176 -0.29373 -0.92214
vn -0.08616 -0.23524 -0.96811
vn 0.00053 -0.29945 -0.95411
vn 0.53768 -0.12994 0.83307
vn 0.50523 -0.0433 0.8619
vn 0.37803 -0.05005 0.92444
vn 0.48942 -0.13536 0.86148
vn 0.28205 -0.33275 -0.89985
vn 0.22454 -0.32941 -0.9171
vn 0.56169 -0.35696 -0.74638
vn 0.01821 -0.19737 -0.98016
vn 0.05107 0.13454 0.98959
vn -0.14781 0.20658 0.9672
vn -0.37361 -0.17265 -0.91137
vn -0.4014 -0.21248 -0.89092
vn -0.40306 -0.1379 -0.90472
vn -0.38837 -0.04634 -0.92034
vn -0.56922 0.05013 -0.82066
vn -0.31933 0.1865 -0.92911
vn -0.0864 -0.20969 -0.97394
vn 0.37855 -0.26762 -0.88604
vn -0.49013 -0.20314 -0.84765
vn -0.56588 0.29074 0.77152
vn -0.48481 0.32752 0.81098
vn -0.71293 0.3298 0.61884
vn -0.89065 0.446 0.08844
vn -0.90839 0.41797 0.01107
vn -0.91227 0.3606 -0.19424
vn -0.82714 0.40569 -0.38892
vn -0.61732 0.40383 0.67516
vn -0.55459 -0.09337 -0.82687
vn -0.73132 -0.01099 -0.68194
vn -0.83637 0.04659 -0.54618
vn -0.81432 0.27658 -0.51028
vn -0.46461 -0.18058 -0.86691
vn -0.9636 0.18226 -0.19561
vn -0.31876 0.30605 0.89706
vn -0.24083 0.19668 0.95043
vn -0.6077 0.38466 0.6948
vn -0.57315 0.35626 -0.73795
vn -0.59078 0.22588 -0.77457
vn -0.44358 0.23082 -0.866
vn -0.39149 0.07099 -0.91744
vn -0.47321 -0.03764 -0.88015
vn -0.444 -0.0978 -0.89067
vn -0.53983 0.67096 0.50833
vn -0.77585 0.59869 -0.19908
vn -0.74353 0.47718 -0.46847
vn 0.46472 0.80742 0.36348
vn 0.58193 0.79003 0.19289
vn 0.64871 0.75972 0.04475
vn 0.35264 0.8031 0.48029
vn 0.34963 0.82432 0.44525
vn 0.28555 0.80428 0.52114
vn 0.41696 0.78576 0.45686
vn 0.65136 0.75706 0.05092
vn 0.60082 0.75459 0.26384
vn 0.32553 0.75579 0.56817
vn 0.65484 0.69679 0.2927
vn 0.661 0.69572 0.28115
vn 0.55369 0.66537 0.50071
vn 0.2702 0.60773 0.74676
vn 0.3279 0.59621 0.73281
vn 0.14197 0.53219 0.83463
vn 0.50798 0.63555 0.58141
vn 0.0314 0.70349 0.71001
vn -0.07148 0.51848 0.8521
vn 0.18252 0.64572 0.74144
vn 0.27382 0.71651 0.64159
vn 0.79199 0.58095 -0.18774
vn 0.7296 0.67941 0.07799
vn 0.80359 0.5751 -0.1533
vn 0.75782 0.46451 -0.4582
vn 0.67955 0.35178 -0.64379
vn 0.75161 0.61005 -0.25082
vn 0.74605 0.51285 -0.42474
vn 0.7036 0.30017 -0.64409
vn 0.66613 0.1931 -0.72041
vn 0.69748 0.21162 -0.68464
vn 0.74699 0.66113 -0.07007
vn 0.77596 0.62903 -0.04696
vn 0.76546 0.64243 -0.03698
vn 0.71762 0.69496 0.04525
vn 0.58367 0.72964 0.35631
vn 0.68866 0.16032 -0.70714
vn 0.70021 0.2925 -0.65127
vn 0.50736 -0.0178 -0.86155
vn 0.60948 0.07597 -0.78915
vn 0.29886 0.49158 0.81794
vn 0.35955 0.57711 0.73326
vn 0.47945 0.65315 0.58611
vn 0.06351 0.38941 0.91887
vn 0.08972 0.42331 0.90153
vn -0.16782 0.24313 0.95537
vn -0.09919 0.35809 0.9284
vn -0.3278 0.1628 0.93061
vn -0.07931 0.30181 0.95006
vn 0.06741 0.40898 0.91005
vn -0.19894 0.19858 0.95968
vn -0.37515 0.08725 0.92285
vn -0.36476 0.01088 0.93104
vn -0.53549 -0.09206 0.83951
vn -0.58024 -0.23542 0.77968
vn 0.79724 0.60256 -0.03649
vn 0.65898 0.43455 -0.61393
vn 0.7692 0.26316 -0.5823
vn 0.75971 0.41276 -0.50246
vn 0.6598 0.15936 -0.73435
vn 0.71791 0.25044 -0.64952
vn 0.5951 0.01246 -0.80355
vn 0.81342 0.52684 -0.24655
vn -0.02054 -0.43153 -0.90186
vn 0.29145 -0.25673 -0.92149
vn 0.06239 -0.41141 -0.90931
vn 0.24424 -0.27738 -0.9292
vn -0.01569 -0.45946 -0.88806
vn 0.36021 -0.13099 -0.92363
vn 0.43937 -0.01603 -0.89816
vn 0.1224 -0.27933 -0.95236
vn 0.11739 -0.35716 -0.92664
vn -0.03982 -0.42896 -0.90245
vn 0.15289 -0.32324 -0.93388
vn 0.57704 0.0592 -0.81457
vn 0.33235 -0.16067 -0.92937
vn 0.00694 -0.40937 -0.91234
vn -0.16534 -0.55988 -0.81191
vn -0.14769 -0.48393 -0.86255
vn -0.36651 0.08582 0.92645
vn -0.52013 -0.08309 0.85004
vn -0.63519 -0.08445 0.76773
vn -0.68666 -0.26866 0.67551
vn -0.70822 -0.22805 0.66814
vn -0.60728 -0.25676 0.75185
vn -0.80258 -0.59364 0.05879
vn -0.73562 -0.66966 -0.10207
vn -0.72965 -0.65085 -0.20978
vn -0.72733 -0.67775 -0.10794
vn -0.73385 -0.27394 0.62162
vn -0.75144 -0.32144 0.5762
vn -0.76646 -0.50549 0.39625
vn -0.7734 -0.49966 0.39011
vn -0.54526 -0.70417 -0.45478
vn -0.37302 -0.67192 -0.63982
vn -0.57657 -0.72734 -0.37222
vn -0.76481 -0.4389 0.47162
vn -0.79963 -0.53058 0.28121
vn -0.77087 -0.42308 0.4762
vn -0.50835 -0.07921 0.8575
vn -0.70888 -0.29846 0.63907
vn -0.72835 -0.37833 0.57129
vn -0.71333 -0.69087 -0.1177
vn -0.63161 -0.63719 -0.44164
vn -0.63343 -0.69121 -0.34784
vn -0.56594 -0.72312 -0.39598
vn -0.78024 -0.62022 -0.08093
vn -0.62013 -0.69639 -0.36122
vn -0.13956 -0.52657 -0.8386
vn -0.11439 -0.52857 -0.84115
vn -0.01568 -0.46543 -0.88495
vn -0.15693 -0.51593 -0.84213
vn -0.15868 -0.53061 -0.83263
vn -0.26777 -0.58915 -0.76237
vn -0.23284 -0.58703 -0.77536
vn -0.50876 -0.64121 -0.57447
vn -0.30088 -0.53717 -0.78798
vn -0.78595 -0.50712 0.3537
vn -0.70548 -0.63332 -0.31812
vn -0.61665 -0.71576 -0.32775
vn -0.79503 -0.59109 0.13616
vn -0.74199 -0.62436 -0.24418
vn -0.79432 -0.42721 0.43191
vn 0.55226 0.25375 0.79412
vn 0.8523 0.14047 0.50384
vn 0.78121 0.23738 0.57737
vn 0.80579 0.13457 0.57671
vn 0.65218 0.23559 0.72052
vn 0.67194 0.16736 0.72145
vn 0.99696 0.04079 -0.06645
vn 0.98018 0.18896 0.05948
vn 0.93001 0.0084 -0.36745
vn 0.96574 0.02368 0.25842
vn 0.66904 0.08804 0.73799
vn 0.88946 0.04755 0.45453
vn 0.98805 -0.03531 0.15
vn 0.98381 0.01059 0.17887
vn 0.54141 -0.24861 -0.80316
vn 0.64292 -0.17201 -0.74637
vn 0.8106 -0.13339 -0.5702
vn 0.27003 -0.25621 -0.92814
vn 0.71172 -0.26778 -0.64942
vn 0.49006 -0.29413 -0.82057
vn -0.25638 0.2879 0.92271
vn 0.34519 0.31134 0.88539
vn 0.23431 0.24063 0.94191
vn 0.28396 0.20008 0.93773
vn 0.42427 0.28487 0.85956
vn 0.13127 0.27192 0.95333
vn 0.12707 0.21142 0.9691
vn 0.44286 0.32808 0.83441
vn 0.02023 0.23305 0.97225
vn 0.30673 -0.2295 -0.92371
vn 0.45251 -0.21544 -0.86534
vn 0.27627 -0.20517 -0.93892
vn 0.25095 0.15815 0.95499
vn 0.36975 0.11004 0.92259
vn 0.06233 0.20714 0.97632
vn -0.12967 0.29107 0.94788
vn -0.35558 0.28852 0.889
vn -0.25555 0.25533 0.93247
vn -0.25229 0.2539 0.93375
vn -0.46799 0.2778 0.83893
vn -0.74834 -0.07514 -0.65904
vn -0.79806 -0.11847 -0.59082
vn -0.75365 -0.22958 -0.61588
vn -0.76762 -0.0922 -0.63424
vn -0.82195 -0.07226 -0.56496
vn -0.87164 -0.01026 -0.49004
vn -0.95472 0.10777 -0.27729
vn -0.97409 0.17992 -0.13705
vn -0.98122 0.19154 0.0226
vn -0.56156 -0.13066 -0.81706
vn -0.78274 0.03303 -0.62147
vn 0.07643 -0.17248 -0.98204
vn -0.19179 -0.10734 -0.97555
vn -0.29681 -0.14702 -0.94355
vn 0.14831 -0.17902 -0.9726
vn -0.36122 -0.14203 -0.9216
vn -0.60229 -0.09291 -0.79285
vn -0.46981 -0.12114 -0.87442
vn -0.5207 -0.19283 -0.83168
vn -0.64834 0.19145 0.73689
vn -0.43685 0.20377 0.87615
vn -0.94653 0.0384 -0.32031
vn -0.96513 -0.06074 -0.25462
vn -0.99698 0.05622 0.05361
vn -0.94509 -0.02908 -0.32552
vn -0.49033 0.3287 0.80717
vn 0.65243 0.66719 0.35944
vn 0.73108 0.68004 0.0553
vn 0.70056 0.68239 0.20871
vn 0.24445 0.47593 0.84483
vn 0.11888 0.33874 0.93334
vn 0.57338 0.63895 0.51281
vn 0.58488 0.63923 0.4993
vn 0.55269 0.63796 0.53623
vn 0.16485 0.47924 0.86207
vn 0.56454 0.66676 0.48654
vn 0.35074 0.64346 0.6804
vn 0.08777 0.25317 0.96343
vn 0.24921 0.48996 0.83537
vn 0.71218 0.63797 0.29291
vn 0.64784 0.63089 0.42694
vn 0.76306 0.62866 0.15009
vn 0.80953 0.58454 0.05455
vn 0.56934 0.69399 0.44071
vn 0.60492 0.66284 0.44126
vn 0.59591 0.67469 0.43552
vn 0.65019 0.65981 0.37669
vn 0.64361 0.62171 0.44637
vn 0.81469 0.46725 -0.34345
vn 0.81306 0.56902 -0.12305
vn 0.79965 0.53277 -0.27697
vn 0.76979 0.62618 -0.12383
vn 0.79348 0.60247 -0.08615
vn 0.83835 0.48889 -0.24114
vn 0.76196 0.25372 -0.59586
vn 0.3526 0.52745 0.77296
vn 0.43591 0.57526 0.69214
vn 0.24609 0.50536 0.82707
vn 0.32813 0.53806 0.77642
vn 0.37517 0.56414 0.73552
vn 0.63572 0.63049 0.44535
vn 0.80674 0.58918 0.04511
vn 0.82565 0.56022 0.06685
vn 0.73984 0.60908 0.28576
vn 0.80243 0.5956 -0.03704
vn 0.82709 0.56201 0.00803
vn 0.04931 0.44029 0.8965
vn 0.04305 0.40829 0.91183
vn 0.82878 0.55927 -0.01865
vn 0.80077 0.22793 -0.55391
vn 0.70068 0.15815 -0.69573
vn 0.70922 0.16033 -0.68651
vn 0.74637 0.43056 -0.50749
vn 0.742 0.41107 -0.52959
vn 0.66789 0.14694 -0.72961
vn 0.84188 0.46227 -0.27847
vn 0.81992 0.47931 -0.31303
vn 0.81615 0.4144 -0.40271
vn 0.76187 0.25022 -0.59744
vn 0.69309 0.23433 -0.6817
vn 0.73315 0.16187 -0.66052
vn 0.79762 0.30692 -0.51923
vn 0.64073 0.13635 -0.75557
vn 0.50039 -0.03652 -0.86503
vn 0.3049 -0.16446 -0.93808
vn 0.47795 0.01092 -0.87832
vn 0.46881 -0.15526 -0.86955
vn 0.24871 -0.37214 -0.89423
vn -0.13569 0.31138 0.94055
vn 0.27092 0.46502 0.84283
vn 0.07087 0.37607 0.92388
vn -0.03244 0.25231 0.9671
vn -0.26705 0.15356 0.95137
vn -0.2713 0.22454 0.93594
vn -0.43229 0.04624 0.90055
vn -0.11589 0.22102 0.96836
vn -0.37474 0.0692 0.92454
vn -0.39722 -0.01512 0.9176
vn -0.53593 -0.07842 0.84061
vn -0.66537 -0.23943 0.70707
vn -0.68159 -0.19713 0.70468
vn -0.70265 -0.26377 0.66084
vn -0.68038 -0.23935 0.69267
vn -0.76027 -0.35297 0.54534
vn -0.71744 -0.35752 0.59789
vn -0.5765 -0.72884 -0.36938
vn 0.58761 0.05097 -0.80754
vn 0.15967 -0.12233 -0.97956
vn 0.05742 -0.26861 -0.96154
vn 0.23691 -0.24153 -0.94103
vn 0.39811 -0.05917 -0.91543
vn 0.04268 -0.45993 -0.88693
vn -0.10291 -0.55887 -0.82284
vn 0.10194 -0.33736 -0.93584
vn 0.15063 -0.33398 -0.93047
vn 0.03022 -0.41065 -0.91129
vn 0.2424 -0.29088 -0.92555
vn -0.07721 -0.45493 -0.88717
vn -0.15572 -0.42497 -0.89171
vn -0.16911 -0.47523 -0.86346
vn -0.30148 -0.60395 -0.7378
vn -0.25926 -0.6266 -0.73496
vn -0.27355 -0.61513 -0.73945
vn -0.30656 -0.58064 -0.75424
vn -0.23907 -0.56952 -0.78644
vn -0.06352 -0.38484 -0.9208
vn -0.62182 -0.16186 0.76625
vn -0.74401 -0.25875 0.61604
vn -0.7004 -0.34608 0.62424
vn -0.72403 -0.31169 0.61533
vn -0.61518 -0.25119 0.7473
vn -0.79127 -0.40147 0.4612
vn -0.77151 -0.44459 0.45509
vn -0.75334 -0.46856 0.46145
vn -0.76914 -0.44779 0.45596
vn -0.67116 -0.38918 0.63094
vn -0.77432 -0.49162 0.39842
vn -0.76195 -0.46419 0.45162
vn -0.75467 -0.4867 0.44
vn -0.79169 -0.56644 0.22886
vn -0.79003 -0.4849 0.37513
vn -0.69657 -0.66114 -0.27873
vn -0.51122 -0.68581 -0.51799
vn -0.69578 -0.71173 -0.09658
vn -0.66961 -0.72706 -0.15166
vn -0.17627 -0.50015 -0.84781
vn -0.13029 -0.45683 -0.87996
vn -0.25864 -0.56192 -0.78571
vn -0.27303 -0.47318 -0.83759
vn -0.23317 -0.65631 -0.71756
vn -0.2163 -0.59405 -0.7748
vn -0.60618 -0.68722 -0.40035
vn -0.61936 -0.66049 -0.42443
vn -0.55443 -0.68658 -0.47034
vn -0.59211 -0.6727 -0.44371
vn -0.17863 -0.48873 -0.85395
vn -0.47854 -0.61985 -0.62192
vn -0.44024 -0.39787 -0.80492
vn -0.72001 -0.68677 -0.09964
vn -0.70035 -0.69617 -0.15765
vn -0.65385 -0.71174 -0.25673
vn -0.75142 -0.62768 0.20343
vn -0.25508 -0.55929 -0.78875
vn -0.36536 -0.61491 -0.69885
vn -0.20311 -0.5275 -0.82492
vn -0.79562 -0.47947 0.37027
vn -0.78462 -0.57991 0.21924
vn -0.76832 -0.63995 -0.01174
vn 0.94215 0.27481 0.19194
vn 0.77821 0.35444 0.51842
vn 0.75023 0.31584 0.58086
vn 0.70636 0.32131 0.63073
vn 0.55543 0.32459 0.76559
vn 0.50395 0.38621 0.77258
vn 0.65824 0.34742 0.66784
vn 0.91622 0.27268 0.29356
vn 0.96225 0.21534 -0.16646
vn 0.44438 -0.0134 -0.89574
vn 0.48318 -0.09446 -0.87041
vn 0.33656 -0.12474 -0.93336
vn 0.32611 -0.19529 -0.92494
vn 0.93128 0.00766 -0.36421
vn 0.32027 0.35036 0.88016
vn 0.34506 0.39086 0.85332
vn 0.13716 0.40505 0.90395
vn -0.003 0.35321 0.93554
vn 0.30755 0.3537 0.88335
vn -9E-05 0.34864 0.93726
vn 0.48234 0.3188 0.81591
vn 0.33959 0.34281 0.87588
vn 0.58959 0.35892 0.72358
vn 0.03087 0.36323 0.93119
vn 0.14024 0.32085 0.93669
vn -0.02137 0.3285 0.94426
vn -0.32015 0.26566 0.90935
vn -0.13405 0.32742 0.93532
vn -0.29331 0.28541 0.91242
vn -0.66302 0.2392 0.70936
vn -0.1239 0.33719 0.93325
vn -0.0152 0.34275 0.9393
vn -0.77167 -0.2549 -0.58271
vn 0.89647 0.44289 -0.01353
vn 0.76417 0.45425 0.45792
vn 0.7672 0.21087 -0.60576
vn 0.55973 -0.00564 -0.82865
vn 0.61057 -0.05939 -0.78973
vn 0.27982 -0.2504 -0.92682
vn -0.00434 -0.2098 -0.97773
vn -0.2801 -0.35432 -0.89219
vn 0.16987 -0.06465 -0.98334
vn 0.08171 -0.26916 -0.95962
vn 0.19299 -0.20965 -0.95854
vn -0.18066 -0.26105 -0.94827
vn -0.34036 -0.28105 -0.89731
vn -0.43514 -0.32816 -0.83843
vn -0.46749 -0.35266 -0.81061
vn -0.3811 -0.44573 -0.80999
vn -0.36391 -0.32871 -0.8715
vn -0.63423 -0.34012 -0.69431
vn -0.35314 -0.32644 -0.87677
vn -0.58933 -0.32387 -0.74013
vn -0.62226 -0.25545 -0.73996
vn -0.71176 -0.34618 -0.61119
vn -0.46546 -0.24907 -0.8493
vn -0.38195 0.22559 0.89623
vn -0.61551 -0.01681 0.78795
vn -0.76601 0.15367 0.6242
vn -0.98842 0.0675 0.13593
vn -0.98781 -0.09586 0.12262
vn -0.95158 -0.06057 0.30138
vn -0.94304 -0.26516 -0.20089
vn -0.79013 -0.49856 -0.35655
vn -0.93022 -0.36479 -0.04027
vn -0.85944 -0.49683 -0.12052
vn -0.7521 -0.41283 -0.51373
vn -0.46387 -0.35429 -0.81197
vn -0.82163 -0.29307 -0.4889
vn -0.83223 -0.31298 -0.45764
vn 0.65482 0.57778 0.48722
vn 0.65225 0.59631 0.46795
vn 0.74208 0.56859 0.35498
vn 0.81634 0.54404 0.19392
vn 0.88493 0.35772 -0.29823
vn 0.86758 0.41248 -0.2778
vn 0.88209 0.40113 -0.24701
vn 0.87934 0.44602 -0.1668
vn 0.70503 0.14503 -0.69419
vn 0.7474 0.24501 -0.61754
vn 0.79576 0.21158 -0.56744
vn 0.84072 0.42735 -0.33252
vn 0.87025 0.46105 -0.17347
vn 0.71722 0.3236 -0.61716
vn 0.64164 0.2122 -0.73707
vn 0.29857 0.46843 0.83152
vn 0.10994 0.31082 0.94409
vn 0.29755 0.47895 0.82588
vn 0.59024 0.69047 0.41816
vn 0.69985 0.60939 0.37262
vn 0.81435 0.57409 0.0852
vn 0.70715 0.55148 0.44251
vn 0.57964 0.65277 0.48775
vn 0.81585 0.55208 0.17203
vn 0.08596 0.26816 0.95953
vn 0.31597 0.51186 0.79885
vn 0.65214 0.55145 0.5202
vn 0.46465 0.45807 0.75781
vn 0.29678 0.54555 0.78377
vn 0.88495 0.46174 -0.0605
vn 0.8248 0.55123 0.12591
vn 0.30376 0.5396 0.78521
vn -0.11142 0.21919 0.9693
vn 0.01343 0.33403 0.94247
vn -0.1229 0.26311 0.95691
vn 0.39267 0.46162 0.79543
vn 0.32274 0.42275 0.84683
vn 0.65972 0.64586 0.38423
vn 0.56475 0.62791 0.53553
vn -0.14694 0.23395 0.96108
vn -0.23924 0.22563 0.94438
vn -0.09162 0.28783 0.95329
vn -0.3644 0.19626 0.91033
vn 0.80644 0.58111 -0.10937
vn 0.8726 0.47244 -0.12399
vn 0.71592 0.13731 -0.68454
vn 0.66003 0.11171 -0.74289
vn 0.76874 0.32681 -0.54975
vn 0.78319 0.51262 -0.3519
vn 0.72703 0.32338 -0.60569
vn 0.74639 0.45705 -0.48375
vn 0.86633 0.4848 -0.12021
vn 0.6052 0.05977 -0.79382
vn 0.49505 -0.10344 -0.86268
vn 0.74822 0.6561 0.09849
vn 0.72277 0.68078 0.11888
vn 0.72616 0.67717 0.11888
vn 0.67443 0.14711 -0.72353
vn 0.58238 0.0249 -0.81254
vn 0.71018 0.27108 -0.64974
vn 0.42085 -0.07831 -0.90374
vn 0.41229 -0.18099 -0.8929
vn 0.23577 -0.27312 -0.93264
vn 0.15355 -0.37341 -0.91487
vn -0.11602 0.20607 0.97163
vn 0.09193 0.32921 0.93977
vn -0.30314 0.08771 0.9489
vn -0.27318 0.10575 0.95613
vn -0.46908 -0.02899 0.88268
vn -0.20852 0.14642 0.967
vn -0.45905 0.00869 0.88837
vn -0.55043 -0.12998 0.8247
vn -0.40973 -0.0355 0.91152
vn -0.30166 0.0653 0.95118
vn -0.44474 -0.1202 0.88756
vn -0.57032 -0.17674 0.80218
vn -0.58372 -0.21494 0.78299
vn -0.66027 -0.30097 0.68809
vn -0.63656 -0.31667 0.70321
vn -0.65193 -0.3117 0.69126
vn -0.76542 -0.48908 0.41824
vn 0.5219 -0.07847 -0.84939
vn 0.29486 -0.2633 -0.91855
vn 0.18598 -0.34327 -0.92064
vn -0.10416 -0.51509 -0.85078
vn -0.13934 -0.57989 -0.80269
vn -0.03897 -0.56549 -0.82384
vn -0.58949 -0.74941 -0.30147
vn -0.57146 -0.74786 -0.33784
vn -0.67939 -0.68411 -0.26539
vn -0.24408 -0.62549 -0.74107
vn -0.44157 -0.67793 -0.58773
vn -0.17389 -0.6781 -0.7141
vn -0.09116 -0.62651 -0.77406
vn -0.20378 -0.63265 -0.74715
vn 0.09814 -0.41658 -0.90379
vn 0.15305 -0.33245 -0.93062
vn 0.00111 -0.50055 -0.8657
vn -0.04166 -0.50876 -0.8599
vn -0.16414 -0.58407 -0.79494
vn 0.01805 -0.49319 -0.86973
vn 0.24002 -0.27734 -0.93031
vn 0.11382 -0.38558 -0.91563
vn -0.11615 -0.58163 -0.80512
vn -0.23563 -0.59165 -0.77099
vn -0.5611 -0.17254 0.80957
vn -0.62893 -0.35355 0.69242
vn -0.70119 -0.3506 0.62082
vn -0.73166 -0.45806 0.50482
vn -0.71035 -0.41115 0.57128
vn -0.63254 -0.40399 0.66082
vn -0.68917 -0.64621 0.32781
vn -0.63024 -0.77636 0.00825
vn -0.7356 -0.66268 0.14051
vn -0.75419 -0.49323 0.4335
vn -0.73788 -0.54097 0.4036
vn -0.7283 -0.51022 0.45744
vn -0.71188 -0.69946 0.06312
vn -0.54277 -0.76054 -0.35635
vn -0.39801 -0.71845 -0.57045
vn -0.54948 -0.78764 -0.27874
vn -0.29959 -0.64203 -0.70572
vn -0.61447 -0.59986 0.51244
vn -0.64244 -0.6808 0.35184
vn -0.61848 -0.73734 0.27169
vn -0.61531 -0.35428 0.70418
vn -0.63073 -0.40009 0.66491
vn -0.69196 -0.55273 0.46441
vn -0.66128 -0.55111 0.50891
vn -0.46697 -0.83291 -0.29699
vn -0.46768 -0.84829 -0.24836
vn -0.61501 -0.78591 0.06407
vn -0.15613 -0.63946 -0.7528
vn -0.09711 -0.65678 -0.7478
vn -0.11829 -0.61209 -0.78189
vn -0.12741 -0.66455 -0.7363
vn -0.07158 -0.64558 -0.76033
vn -0.24321 -0.64329 -0.72597
vn -0.09421 -0.57363 -0.81368
vn -0.02268 -0.51154 -0.85896
vn -0.10234 -0.63459 -0.76604
vn -0.13135 -0.66572 -0.73455
vn -0.32489 -0.83165 -0.45034
vn -0.15953 -0.82891 -0.53615
vn -0.3409 -0.76006 -0.55325
vn -0.60786 -0.68392 0.40343
vn -0.50961 -0.85584 -0.08852
vn -0.60619 -0.78787 0.10855
vn -0.51465 -0.84693 0.13361
vn -0.57813 -0.70071 0.41805
vn -0.6365 -0.70868 0.30437
vn -0.62701 -0.77821 0.03526
vn -0.4346 -0.88929 -0.14242
vn 0.01949 -0.52243 -0.85246
vn -0.45452 -0.86574 -0.20952
vn 0.21506 0.37598 0.90133
vn 0.22205 0.29542 0.92921
vn 0.13834 0.24189 0.96039
vn 0.62594 0.46628 0.62512
vn 0.6739 0.49478 0.54868
vn 0.66026 0.49509 0.56476
vn 0.08465 0.27471 0.95779
vn 0.69626 0.44758 0.56116
vn 0.2206 0.38622 0.89564
vn 0.2871 0.33725 0.89657
vn 0.38304 0.41643 0.82454
vn 0.05652 0.2231 0.97315
vn 0.08895 0.32906 0.94011
vn -0.02062 0.33322 0.94262
vn -0.27204 0.23051 0.93427
vn 0.17505 0.33297 0.92655
vn -0.14005 0.27098 0.95234
vn 0.58892 0.50541 0.63066
vn 0.63992 0.46351 0.61291
vn 0.69997 0.42536 0.57368
vn 0.6148 0.01139 -0.7886
vn 0.45293 -0.10341 -0.88553
vn 0.72557 0.08733 -0.68258
vn 0.5847 0.0636 -0.80875
vn 0.91911 0.35797 0.16458
vn 0.64224 0.41967 0.64141
vn 0.7965 0.18845 -0.57453
vn 0.16897 -0.24143 -0.95559
vn 0.64584 0.46423 0.60612
vn 0.6838 0.55746 0.47081
vn 0.75421 0.56649 0.33205
vn 0.10534 0.29246 0.95046
vn 0.47547 -0.11383 -0.87233
vn 0.59508 -0.01402 -0.80355
vn 0.72782 0.09628 -0.67897
vn 0.381 -0.31879 -0.86788
vn 0.12471 -0.45723 -0.88056
vn -0.09849 -0.36796 -0.92461
vn -0.01682 -0.47469 -0.87999
vn -0.23027 -0.44766 -0.86404
vn -0.20464 -0.54744 -0.81144
vn -0.09156 0.13386 0.98676
vn -0.20472 0.09758 0.97395
vn -0.34988 0.15197 0.92438
vn -0.42811 0.13364 0.89379
vn -0.31 -0.22163 0.92454
vn -0.24552 -0.0194 0.9692
vn -0.2779 -0.1216 0.95288
vn -0.33525 -0.46671 0.81841
vn -0.42271 0.085 0.90227
vn -0.28875 -0.10994 0.95107
vn 0.15766 -0.61969 -0.76885
vn 0.19886 -0.54688 -0.81326
vn 0.18252 -0.4993 -0.84699
vn 0.09359 -0.67271 -0.73396
vn -0.41641 0.06591 0.90678
vn -0.58118 -0.08683 0.80913
vn -0.69251 -0.72117 0.01851
vn -0.72296 -0.62909 -0.28562
vn -0.7849 -0.61782 -0.04727
vn -0.34109 -0.76872 -0.54104
vn -0.00972 -0.59899 -0.8007
vn -0.54717 -0.70231 -0.45537
vn -0.54823 -0.68992 -0.4727
vn -0.64438 -0.71942 -0.25924
vn -0.53898 -0.72368 -0.43103
vn -0.59112 -0.54831 0.59155
vn -0.53387 -0.8289 0.16704
vn -0.63872 -0.76381 0.0929
vn -0.44018 -0.456 0.7735
vn -0.52496 -0.73115 0.4357
vn -0.38788 -0.8153 0.42992
vn -0.38531 -0.77233 -0.50501
vn -0.3256 -0.82784 -0.4568
vn -0.27568 -0.69045 -0.66879
vn 0.09267 -0.86369 -0.49544
vn -0.02269 -0.88433 -0.46631
vn -0.21861 -0.93427 0.28169
vn -0.21898 -0.9671 -0.1295
vn -0.33268 -0.86434 -0.37714
vn 0.12794 -0.41522 -0.90068
vn 0.32323 -0.40375 -0.85587
vn -0.32273 -0.33832 -0.88396
vn -0.39667 0.33159 0.85598
vn -0.32126 0.02803 0.94658
vn -0.09702 -0.93371 0.34462
vn -0.11098 -0.69534 0.71006
vn -0.15285 -0.93068 0.33237
vn -0.10208 -0.69846 0.70834
vn -0.19091 0.62854 -0.75399
vn -0.47184 0.8618 -0.18621
vn 0.27532 -0.96083 0.03163
vn 0.14474 -0.93908 0.31174
vn -0.05346 -0.99842 -0.01702
vn -0.23045 -0.86062 0.45412
vn -0.38309 0.30699 0.87121
vn -0.69655 -0.29814 0.65263
vn -0.50346 -0.06251 0.86176
vn -0.67674 -0.60436 0.42045
vn -0.74551 -0.61412 0.25898
vn -0.65212 0.71474 -0.25275
vn -0.84391 0.21873 -0.48986
vn -0.94923 0.31145 0.04432
vn -0.90221 -0.43089 0.01879
vn -0.73146 -0.43145 0.52804
vn -0.38149 -0.92421 0.01749
vn 0.39558 -0.80737 -0.43781
vn 0.06781 -0.45184 -0.88952
vn 0.32809 -0.77548 -0.53943
vn -0.3429 0.68737 -0.64027
vn -0.31305 0.74796 -0.58528
vn -0.35545 0.62985 -0.69061
vn -0.10621 -0.20805 -0.97234
vn -0.09842 -0.20382 -0.97405
vn 0.14265 -0.88485 -0.4435
vn -0.19349 -0.87567 -0.44245
vn -0.4326 0.34968 -0.83101
vn -0.65722 -0.22654 -0.71885
vn 0.66726 0.7005 0.25311
vn 0.6002 0.75524 0.2634
vn 0.55664 0.73577 0.38573
vn 0.48539 0.68979 0.5372
vn 0.35247 0.67888 0.64411
vn 0.15536 0.42056 0.89386
vn 0.32225 0.47152 0.82087
vn 0.59722 0.5997 0.53262
vn 0.53512 0.67811 0.50379
vn 0.64574 0.61583 0.45141
vn 0.6766 0.60804 0.41533
vn 0.65691 0.6564 0.37096
vn 0.77078 0.63611 0.03554
vn 0.73067 0.66457 0.15646
vn 0.81927 0.57255 -0.03149
vn 0.81324 0.55607 -0.17155
vn 0.73236 0.66062 -0.16501
vn 0.74532 0.65379 0.13059
vn 0.72866 0.67706 0.10316
vn 0.86333 0.44649 -0.23518
vn 0.74016 0.67032 0.05322
vn 0.67189 0.70816 0.21696
vn 0.60104 0.73875 0.30497
vn 0.77347 0.5484 -0.31782
vn 0.74611 0.59696 -0.29489
vn 0.75629 0.62292 -0.19997
vn 0.68198 0.71193 0.16751
vn 0.73505 0.6529 0.18281
vn 0.79518 0.53059 -0.29354
vn 0.81149 0.51554 -0.27513
vn 0.74298 0.57255 -0.34665
vn 0.85576 0.46857 -0.21937
vn 0.71815 0.40312 -0.56723
vn 0.60888 0.39699 -0.68678
vn 0.66928 0.25712 -0.6971
vn 0.64988 0.32521 -0.68695
vn 0.85025 0.42645 -0.30856
vn 0.7536 0.3418 -0.56148
vn 0.81305 0.39063 -0.43169
vn 0.68916 0.22927 -0.68738
vn 0.69051 0.2149 -0.69066
vn 0.61109 0.68475 0.39708
vn 0.4983 0.72 0.48301
vn 0.58234 0.73415 0.34916
vn 0.01243 0.50029 0.86577
vn 0.43517 0.63881 0.63447
vn 0.1976 0.53475 0.82159
vn -0.03067 0.34914 0.93657
vn 0.40917 0.68117 0.60712
vn 0.3596 0.60378 0.71143
vn 0.04859 0.42751 0.9027
vn -0.18175 0.26483 0.94701
vn 0.20415 0.45404 0.86728
vn 0.27386 0.66089 0.69873
vn -0.06479 0.20473 0.97667
vn 0.10793 0.41308 0.90428
vn -0.1398 0.17361 0.97484
vn -0.28508 0.04333 0.95753
vn -0.31588 0.01771 0.94863
vn 0.60873 0.69702 0.37895
vn 0.65839 0.72808 -0.19082
vn 0.90081 0.42333 -0.09659
vn 0.9587 0.25806 0.11955
vn 0.71056 0.64951 -0.27063
vn 0.71164 0.65051 -0.26535
vn 0.70937 0.64841 -0.27633
vn 0.97371 -0.20378 -0.10177
vn 0.62007 0.67403 0.40149
vn 0.54515 0.69353 0.47099
vn 0.76674 0.30532 -0.5647
vn 0.67403 0.31742 -0.66703
vn 0.8392 0.11769 -0.53093
vn 0.68415 0.22729 -0.69302
vn 0.53918 0.1899 -0.8205
vn 0.38313 0.01646 -0.92355
vn 0.91341 0.1427 -0.38122
vn 0.72035 0.17115 -0.67217
vn 0.60005 0.0049 -0.79995
vn 0.51458 0.16033 -0.84232
vn 0.44002 -0.0763 -0.89474
vn 0.30089 -0.27522 -0.91308
vn 0.22141 -0.31747 -0.92206
vn 0.32604 -0.17407 -0.92919
vn 0.19369 -0.41402 -0.88942
vn 0.11807 -0.50609 -0.85436
vn -0.0256 0.40533 0.91381
vn -0.19453 0.10491 0.97527
vn -0.31704 0.04903 0.94715
vn -0.39894 -0.04946 0.91564
vn -0.33802 -0.04421 0.9401
vn -0.27708 -0.03009 0.96038
vn -0.40529 -0.12714 0.9053
vn -0.47528 -0.13116 0.87
vn -0.49519 -0.28148 0.82192
vn -0.48167 -0.13736 0.86552
vn -0.47965 -0.07674 0.8741
vn -0.46107 -0.23742 0.85501
vn -0.12629 0.24093 0.96229
vn -0.41001 -0.03912 0.91124
vn -0.50856 -0.30497 0.80521
vn -0.56152 -0.45946 0.68818
vn -0.5755 -0.63633 0.5137
vn -0.58362 -0.54714 0.60002
vn 0.41269 0.04377 -0.90982
vn 0.15381 -0.30106 -0.94112
vn 0.08803 -0.43258 -0.89729
vn 0.24357 -0.27773 -0.92927
vn 0.39721 0.01863 -0.91754
vn -0.00946 -0.60373 -0.79713
vn -0.05442 -0.66839 -0.74182
vn 0.08429 -0.49201 -0.8665
vn 0.18969 -0.33934 -0.92134
vn 0.03941 -0.2755 -0.96049
vn 0.26624 -0.1377 -0.95402
vn -0.0243 -0.50888 -0.8605
vn -0.06297 -0.5942 -0.80185
vn -0.1084 -0.65423 -0.74849
vn -0.14546 -0.68729 -0.71168
vn -0.07205 -0.67127 -0.7377
vn -0.02732 -0.55713 -0.82998
vn -0.55011 -0.33765 0.76378
vn -0.47712 -0.37019 0.79707
vn -0.41836 -0.09004 0.90381
vn -0.48945 0.08136 0.86823
vn -0.53074 -0.21306 0.82032
vn -0.701 -0.35482 0.61863
vn -0.70413 -0.33993 0.62341
vn -0.65186 -0.37822 0.65729
vn -0.54528 -0.42039 0.72522
vn -0.45525 -0.50308 0.73461
vn -0.60359 -0.64061 0.47465
vn -0.60413 -0.64747 0.46455
vn -0.6128 -0.6304 0.47651
vn -0.67217 -0.5928 0.4436
vn -0.66299 -0.59736 0.45122
vn -0.6944 -0.11431 0.71045
vn -0.79388 -0.1189 0.59634
vn -0.81247 -0.06762 0.57907
vn -0.93207 -0.05465 0.35814
vn -0.93643 -0.14281 0.32047
vn -0.90888 -0.3217 0.26543
vn -0.9793 -0.10078 0.17554
vn -0.82862 -0.35974 0.42892
vn -0.73358 -0.60284 0.31375
vn -0.32757 -0.50863 -0.79624
vn -0.1235 -0.50338 -0.85519
vn -0.16314 -0.64348 -0.74787
vn -0.2508 -0.62428 -0.73985
vn -0.27245 -0.4264 -0.86253
vn -0.3613 -0.83414 -0.41673
vn -0.52574 -0.82858 -0.19248
vn -0.09307 -0.63861 -0.76388
vn -0.12107 -0.64134 -0.75764
vn -0.89769 -0.4201 -0.13296
vn -0.98973 -0.12751 0.06464
vn -0.83463 -0.31539 -0.45157
vn -0.97772 -0.18271 0.10334
vn -0.96072 -0.15134 0.23263
vn -0.91823 -0.32508 0.2262
vn -0.49046 -0.41344 -0.76715
vn -0.39169 -0.35094 -0.85054
vn -0.66698 -0.40049 -0.62828
vn -0.31911 -0.35939 -0.87693
vn -0.74736 -0.58749 0.31033
vn -0.77131 -0.6334 0.06235
vn -0.69887 -0.67278 -0.24278
vn -0.56288 -0.81797 -0.11867
vn -0.65085 -0.75865 0.02902
vn -0.02576 -0.62443 -0.78066
vn -0.09221 -0.64501 -0.75859
vn -0.19426 -0.60524 -0.77197
vn 0.01654 -0.69835 -0.71556
vn -0.0586 -0.27856 -0.95863
vn 0.08605 -0.32323 -0.9424
vn 0.23595 0.4417 0.86558
vn 0.84826 -0.30662 0.43179
vn 0.97914 -0.19897 0.04122
vn 0.90001 -0.07303 0.42971
vn 0.74743 -0.21574 0.62834
vn 0.63382 0.10256 0.76665
vn 0.90583 -0.15729 0.39336
vn 0.81213 -0.17326 0.55716
vn 0.66831 0.31965 0.67171
vn 0.33572 0.5378 0.77334
vn 0.37301 0.33624 0.86476
vn 0.92523 -0.36203 -0.11355
vn 0.72704 -0.4115 -0.54963
vn 0.91096 -0.41045 -0.04101
vn 0.99751 -0.06904 -0.01438
vn 0.85869 0.31244 0.40623
vn 0.64404 0.57459 0.50503
vn 0.64523 0.56552 0.51368
vn 0.45392 0.63276 0.62735
vn 0.87349 0.47877 0.0883
vn 0.81614 0.29037 -0.4996
vn 0.99423 -0.04793 -0.09594
vn 0.34587 -0.14617 -0.92683
vn 0.55164 -0.12421 -0.82478
vn 0.62634 -0.29366 -0.72212
vn 0.4323 -0.35074 -0.83072
vn 0.04843 -0.30374 -0.95152
vn 0.16592 -0.05018 -0.98486
vn 0.47078 -0.14836 -0.86969
vn 0.67232 -0.36336 -0.64495
vn 0.64738 -0.33051 -0.68678
vn 0.41802 -0.47078 -0.77693
vn 0.66709 -0.47945 -0.57019
vn 0.47675 -0.26776 -0.83727
vn 0.16295 -0.26748 -0.94968
vn -0.44767 0.19475 0.87273
vn 0.15589 0.37348 0.91445
vn 0.09634 0.70535 0.70229
vn -0.40809 0.70761 -0.57684
vn 0.24022 0.97043 -0.02351
vn -0.22645 0.96221 -0.15123
vn 0.01571 0.88726 0.461
vn -0.09391 0.9827 0.15965
vn 0.3442 0.86787 0.35822
vn 0.41776 0.74716 0.51694
vn 0.02885 0.20996 0.97728
vn -0.17034 0.04897 0.98417
vn -0.12505 0.06939 0.98972
vn -0.52387 0.11326 0.84423
vn -0.08175 0.35537 0.93115
vn -0.36348 0.3093 0.87876
vn 0.10486 0.61683 0.78008
vn -0.74269 0.07346 0.66559
vn 0.73456 0.64318 0.21621
vn 0.78754 0.61295 -0.06379
vn 0.76182 0.64654 0.04018
vn -0.14174 -0.97037 -0.19566
vn -0.02451 -0.97753 -0.20934
vn -0.09575 -0.97482 -0.20139
vn 0.08098 -0.5281 -0.84531
vn -0.59813 0.35412 0.71892
vn -0.57251 0.42073 0.70372
vn -0.47574 0.01704 -0.87942
vn -0.92813 0.11383 -0.35444
vn -0.69451 0.07784 -0.71526
vn -0.28902 0.15744 -0.94429
vn 0.03286 -0.09294 -0.99513
vn -0.04497 0.14498 -0.98841
vn 0.09183 -0.22369 -0.97033
vn 0.52813 -0.04287 -0.84808
vn 0.20826 -0.06732 -0.97575
vn -0.08543 0.03994 -0.99554
vn 0.22289 -0.61285 -0.75811
vn 0.01627 -0.6163 -0.78735
vn 0.13533 -0.23296 -0.96302
vn 0.46126 -0.25993 -0.84833
vn 0.0557 -0.90907 -0.41291
vn -0.34882 0.1645 -0.92264
vn -0.52355 -0.15165 0.83839
vn -0.55952 -0.22273 0.79833
vn -0.18717 0.21537 0.95843
vn -0.64139 -0.21832 0.7355
vn -0.48155 0.1498 0.86352
vn -0.27361 -0.42861 0.86106
vn -0.21421 -0.95897 -0.1857
vn -0.66193 -0.0088 0.74951
vn -0.19221 0.6018 0.77517
vn -0.19731 0.41888 0.88634
vn -0.81213 0.57052 -0.12226
vn -0.82417 0.51239 0.24124
vn 0.42276 0.60148 -0.67786
vn -0.00446 0.29711 -0.95483
vn -0.4142 -0.70248 0.57876
vn -0.82223 -0.00504 -0.56913
vn 0.10062 -0.95385 0.28294
vn -0.7381 0.11387 0.66501
vn -0.51399 0.22266 0.82839
vn -0.54196 0.36451 0.75724
vn -0.66967 0.0284 0.74212
vn -0.9188 -0.03721 0.39297
vn -0.63477 -0.30006 0.71206
vn -0.35864 -0.0346 -0.93283
vn 0.1632 -0.98625 0.02582
vn 0.38975 -0.90935 0.14554
vn 0.32419 -0.80793 0.49209
vn 0.02986 -0.98691 -0.15849
vn 0.03838 -0.73911 -0.67249
vn 0.1899 -0.51436 -0.83629
vn 0.22866 -0.2074 -0.95116
vn 0.07411 -0.19831 -0.97733
vn 0.30972 -0.6021 -0.7359
vn 0.02688 -0.11198 -0.99335
vn -0.19924 -0.94661 -0.25346
vn -0.21877 -0.94862 -0.22861
vn -0.20398 -0.94718 -0.24748
vn 0.30851 -0.9345 0.17756
vn 0.29596 -0.95357 -0.05581
vn -0.91501 -0.1679 -0.36683
vn -0.97234 0.0893 0.21583
vn -0.92235 -0.38515 0.03042
vn -0.93087 0.21607 -0.2946
vn -0.88661 -0.09766 -0.45209
vn -0.79333 0.59501 -0.12877
vn -0.51508 0.35746 -0.77904
vn -0.85655 0.09797 -0.50667
vn -0.30541 -0.12909 -0.94343
vn -0.02804 -0.90878 -0.41633
vn -0.48092 -0.67559 -0.55883
vn 0.40425 -0.89863 -0.17045
vn -0.7668 0.37236 0.52285
vn -0.71675 0.43342 0.54627
vn -0.96864 0.24776 0.01885
vn -0.74598 -0.32146 0.58325
vn -0.96234 -0.24037 -0.12697
vn -0.89126 0.12037 0.43723
vn -0.57501 -0.81414 -0.08095
vn -0.57612 -0.66891 -0.46973
vn 0.32368 0.61323 0.72055
vn 0.20115 0.63203 0.74838
vn 0.88994 0.23648 0.38997
vn 0.80245 0.33648 0.49281
vn 0.48066 0.39456 0.78312
vn 0.28292 0.60442 0.74474
vn 0.7956 -0.58241 -0.16678
vn 0.96461 -0.07829 0.25178
vn 0.12919 0.93863 0.31982
vn -0.0721 0.99682 -0.03396
vn 0.301 0.94027 -0.15903
vn 0.90523 -0.28072 -0.31899
vn 0.43887 0.8289 0.34686
vn 0.39516 0.83598 0.38078
vn 0.56014 0.74896 0.35399
vn 0.41625 0.74333 0.52364
vn 0.32953 0.77438 0.54014
vn 0.65286 0.75649 -0.03881
vn 0.66095 0.60324 0.44636
vn 0.59346 0.72617 0.34711
vn 0.46678 0.87673 0.11605
vn 0.38339 0.72376 0.57375
vn 0.47824 0.70759 0.52019
vn 0.47361 0.80258 0.36271
vn 0.51969 0.65688 0.54628
vn 0.64704 -0.49603 -0.57905
vn 0.22865 0.70932 -0.66677
vn 0.5144 0.73545 -0.44103
vn 0.955 -0.09686 -0.28035
vn 0.60307 0.54604 -0.58151
vn 0.75659 0.62716 -0.18503
vn 0.71768 0.4953 -0.48951
vn 0.52751 0.60974 -0.59157
vn 0.68326 0.69094 -0.23616
vn 0.55368 0.20594 -0.80687
vn 0.37062 0.28844 -0.88286
vn 0.63956 0.29858 -0.70839
vn 0.60696 0.72018 -0.33607
vn 0.54827 0.41275 -0.72735
vn 0.49963 0.3623 -0.78684
vn 0.2672 0.80227 0.53383
vn 0.30943 0.67548 0.66931
vn 0.17803 0.71238 0.67884
vn 0.55144 0.69456 0.46207
vn 0.46026 0.6355 0.61993
vn 0.28842 0.93058 0.22548
vn 0.53436 0.74155 0.40567
vn 0.47273 0.87819 -0.07282
vn 0.38563 0.82311 0.41687
vn 0.32019 0.77821 0.54025
vn 0.25464 0.62953 0.73406
vn 0.05132 0.34256 0.93809
vn -0.15876 0.62655 0.76304
vn -0.1285 0.68357 0.71848
vn -0.29541 0.50374 0.81177
vn -0.29086 0.34357 0.89295
vn 0.15816 0.60567 0.77984
vn 0.19791 0.71379 0.67182
vn 0.20323 0.91173 0.35699
vn 0.29999 0.93514 0.18847
vn 0.23563 0.9184 0.31784
vn -0.43191 0.03275 0.90132
vn -0.41515 0.09854 0.9044
vn 0.92508 0.36311 -0.11124
vn 0.32756 0.89646 -0.29843
vn 0.52045 0.30555 -0.79735
vn 0.53109 0.3775 -0.75858
vn 0.46274 0.5689 -0.67987
vn 0.25061 0.61249 -0.7497
vn 0.32494 0.50254 -0.80116
vn 0.30929 0.59924 -0.73841
vn 0.54191 0.23473 -0.80699
vn 0.50914 0.07849 -0.8571
vn 0.2257 0.96556 0.12944
vn 0.35483 0.47209 -0.80699
vn 0.38079 0.18959 -0.90502
vn 0.30978 0.15922 -0.93738
vn 0.3728 0.31899 -0.87136
vn 0.33606 -0.02353 -0.94155
vn 0.1955 0.03028 -0.98024
vn 0.2419 0.39063 -0.8882
vn 0.04606 -0.02221 -0.99869
vn 0.08034 -0.29154 -0.95318
vn -0.40422 0.31255 0.8596
vn -0.36431 0.28248 0.8874
vn -0.35436 0.42563 0.83263
vn -0.5537 0.21005 0.80579
vn -0.13893 0.57919 0.80327
vn -0.38293 0.41894 0.82332
vn -0.29131 0.4957 0.81818
vn -0.46181 0.14356 0.87528
vn -0.71242 0.07287 0.69796
vn -0.67507 0.13268 0.72573
vn -0.67496 0.13374 0.72563
vn -0.67858 0.25453 0.68901
vn -0.58034 0.30914 0.75342
vn -0.67797 0.17073 0.71499
vn -0.807 0.03335 0.58961
vn -0.92583 -0.10706 0.36246
vn -0.81106 0.08786 0.57833
vn 0.42416 0.03269 -0.90499
vn 0.31865 0.23056 -0.9194
vn -0.89963 -0.2533 0.35568
vn -0.90262 -0.41655 0.10842
vn -0.93493 -0.35219 0.04313
vn -0.92415 -0.17104 0.3416
vn -0.91804 -0.1829 0.35178
vn -0.88235 -0.06714 0.46578
vn -0.15585 -0.01186 -0.98771
vn -0.13407 -0.10613 -0.98527
vn -0.0069 0.01839 -0.99981
vn -0.31238 -0.14339 -0.93907
vn -0.8683 -0.44748 -0.21406
vn -0.94561 -0.30076 0.12395
vn -0.81022 -0.40955 -0.41929
vn -0.89192 -0.29666 -0.34129
vn -0.52002 -0.45767 -0.72119
vn -0.79388 -0.44271 -0.41684
vn 0.02919 0.04344 -0.99863
vn 0.0594 0.11704 -0.99135
vn -0.1927 -0.07821 -0.97814
vn -0.00608 -0.16306 -0.9866
vn -0.23259 -0.11929 -0.96523
vn -0.22553 -0.15315 -0.96212
vn -0.20858 -0.11115 -0.97167
vn -0.31156 -0.27176 -0.91054
vn -0.74928 0.06419 0.65914
vn -0.74928 -0.07692 0.65777
vn -0.7697 0.03365 0.63752
vn -0.88543 -0.15346 0.4387
vn -0.87096 -0.2374 0.43019
vn -0.8908 -0.12818 0.43594
vn -0.88919 -0.32535 0.32169
vn -0.84898 -0.43753 -0.29632
vn -0.7752 -0.40846 -0.48189
vn -0.79613 -0.47236 -0.37823
vn -0.65347 -0.42213 -0.62832
vn -0.7828 -0.55847 0.27448
vn -0.7458 -0.6439 -0.17081
vn -0.81476 -0.54142 0.20745
vn -0.62015 -0.55741 -0.552
vn -0.38162 -0.15657 -0.91096
vn -0.18134 -0.18612 -0.96565
vn -0.21744 -0.20067 -0.95522
vn -0.28653 -0.34348 -0.89439
vn -0.62009 -0.33785 -0.70806
vn -0.28524 -0.26606 -0.92079
vn 0.71102 0.26583 0.65099
vn 0.83841 0.27787 0.46889
vn 0.51708 0.40164 0.75585
vn 0.38018 0.30043 0.87476
vn 0.18292 0.14356 0.97259
vn 0.72159 0.41753 0.55225
vn 0.48138 0.53169 0.69683
vn -0.33052 0.69998 0.63307
vn 0.01154 0.73989 0.67263
vn -0.20511 0.36346 0.90875
vn 0.38325 0.20931 0.89961
vn -0.53287 0.46798 0.70501
vn -0.41605 0.90844 -0.04041
vn -0.28884 0.78311 0.55073
vn -0.00106 0.93766 -0.34755
vn -0.65362 0.47318 0.59067
vn -0.58589 0.41834 -0.69406
vn -0.72353 0.39203 -0.56817
vn 0.8261 0.23019 -0.51436
vn 0.42443 0.07566 -0.90229
vn 0.84268 0.11463 -0.52607
vn 0.23343 0.18179 -0.95523
vn 0.22821 0.0498 -0.97234
vn -0.30963 0.46561 -0.82906
vn -0.28815 0.38446 -0.87702
vn -0.15481 0.51107 -0.84548
vn -0.32523 0.34494 -0.88048
vn 0.17615 0.00617 -0.98434
vn 0.08262 0.15838 -0.98391
vn 0.07821 0.76707 0.63678
vn 0.36182 0.67705 0.64086
vn 0.10678 0.45801 0.88251
vn 0.62217 0.18426 0.76089
vn 0.20459 0.65277 0.72941
vn 0.96745 -0.07998 0.24009
vn 0.31002 0.46217 0.83084
vn 0.22887 0.31223 0.92203
vn 0.15717 0.4379 0.88518
vn 0.85213 -0.34017 0.3977
vn 0.12589 0.76524 0.63132
vn -0.19983 0.75835 0.62046
vn -0.63431 0.76552 -0.1078
vn 0.77569 -0.19329 0.60079
vn 0.58315 0.11402 0.80432
vn -0.32356 0.73526 0.59558
vn -0.35801 0.81909 0.44823
vn -0.59677 0.75468 -0.2726
vn -0.47632 0.82256 0.31068
vn 0.11799 0.76991 0.62715
vn 0.03817 0.769 0.63811
vn 0.30086 0.74535 0.59493
vn -0.08962 0.4998 0.86149
vn 0.23697 0.59799 0.76567
vn 0.15259 0.47205 0.86826
vn 0.72053 0.68112 0.13004
vn 0.84197 0.52973 0.10231
vn 0.88671 0.45085 -0.10235
vn 0.72622 0.39058 0.56573
vn 0.82296 -0.55564 0.11833
vn 0.82704 0.08701 -0.55537
vn 0.94395 -0.10298 -0.31363
vn 0.76847 -0.54623 0.33331
vn 0.61661 -0.41353 0.66992
vn 0.48667 -0.03091 -0.87304
vn 0.45489 -0.33723 -0.82423
vn 0.24699 -0.21363 -0.94518
vn 0.32932 0.06339 -0.94209
vn -0.54374 0.47974 -0.68862
vn -0.46918 0.6745 -0.57002
vn -0.30208 0.89649 -0.32413
vn 0.8731 -0.27738 -0.40094
vn 0.97927 -0.20254 0.0016
vn 0.95182 -0.1151 -0.28424
vn 0.5655 -0.28734 -0.77308
vn 0.38145 -0.18987 -0.90468
vn 0.66187 -0.13295 -0.73774
vn 0.30448 0.02944 -0.95206
vn -0.08176 0.97962 0.18349
vn -0.44512 0.85432 -0.26834
vn -0.60294 0.75901 0.24568
vn 0.4432 0.61034 -0.65654
vn 0.018 0.0168 -0.9997
vn -0.00224 -0.07696 -0.99703
vn 0.03222 0.12801 -0.99125
vn 0.8181 0.29907 0.49119
vn 0.86041 -0.37101 -0.34936
vn 0.90361 0.38387 -0.19007
vn 0.04732 -0.34067 -0.93899
vn 0.08291 -0.2139 -0.97333
vn 0.63909 0.47472 0.60515
vn 0.57914 0.5964 0.55579
vn 0.64334 0.7038 0.30128
vn 0.00925 0.50704 0.86187
vn 0.46227 0.61554 0.63829
vn -0.08194 0.62288 0.77802
vn -0.40107 0.39179 0.82804
vn 0.06222 0.53781 0.84077
vn -0.19677 0.3675 0.90897
vn -0.52306 0.04736 0.85098
vn -0.38055 0.50535 0.77447
vn -0.40653 0.52094 0.75057
vn -0.31433 0.39325 0.86403
vn -0.41701 0.13763 0.89842
vn -0.35385 0.22278 0.90838
vn -0.31187 -0.39897 0.8623
vn -0.68869 -0.17239 0.70426
vn 0.97716 0.2113 0.02242
vn 0.02609 -0.07721 -0.99667
vn 0.15386 0.01649 -0.98796
vn 0.0868 0.08428 -0.99265
vn 0.19995 -0.10578 -0.97408
vn 0.31145 -0.09512 -0.94549
vn 0.19769 -0.03978 -0.97946
vn 0.32904 -0.02081 -0.94409
vn 0.17704 -0.09581 -0.97953
vn -0.00768 -0.1317 -0.99126
vn -0.81445 -0.50162 -0.29163
vn -0.46528 -0.51688 -0.71858
vn -0.4079 -0.73653 -0.53958
vn 0.13358 0.54342 0.82877
vn -0.17667 0.56555 0.80557
vn -0.9769 0.10329 -0.18709
vn 0.29223 -0.25123 -0.92276
vn 0.01613 -0.24036 -0.97055
vn 0.42578 0.05179 -0.90334
vn -0.08061 -0.49056 -0.86767
vn -0.69845 -0.62587 -0.34706
vn -0.40122 -0.7167 -0.57041
vn -0.66167 -0.70065 0.26699
vn -0.55502 -0.82688 -0.09068
vn -0.57685 -0.70418 -0.41398
vn -0.13413 -0.3475 -0.92804
vn -0.28199 -0.28196 -0.91705
vn -0.25253 -0.52187 -0.81479
vn -0.28283 0.2546 0.92476
vn -0.47112 0.13938 0.87099
vn -0.64171 0.3971 0.65614
vn -0.46519 0.17047 0.86864
vn -0.06003 -0.84172 -0.53656
vn -0.1039 -0.98095 0.16417
vn -0.04343 -0.76791 0.63908
vn -0.41716 0.0905 0.90432
vn -0.45222 0.05264 0.89035
vn -0.36321 -0.45142 -0.81505
vn -0.25685 -0.33833 -0.9053
vn -0.43748 -0.49368 -0.7516
vn -0.28243 -0.5635 -0.77634
vn -0.21381 -0.79639 -0.56573
vn -0.73861 0.67201 -0.05343
vn -0.03424 0.70596 0.70742
vn 0.16273 0.80226 0.57436
vn 0.16677 0.87647 0.45165
vn 0.06503 0.82222 0.56544
vn 0.26394 0.88829 0.37586
vn 0.19362 0.86817 0.45694
vn 0.23352 0.93631 -0.26227
vn 0.35419 0.91166 -0.20838
vn 0.14872 0.33532 0.93029
vn 0.31769 0.11289 0.94145
vn 0.47153 0.21885 0.85426
vn 0.72782 0.6143 0.30483
vn 0.42283 0.80988 0.40658
vn 0.42826 0.79749 0.42498
vn 0.89097 0.045 0.45183
vn 0.73059 -0.68243 0.02288
vn 0.88941 -0.40191 0.21777
vn 0.85926 0.17811 0.47954
vn 0.15843 -0.02694 -0.987
vn 0.16363 0.09935 -0.98151
vn 0.30501 -0.15732 -0.93926
vn -0.07529 0.00684 -0.99714
vn 0.63105 -0.76338 -0.13793
vn 0.39129 0.87364 0.28923
vn 0.46009 0.88431 0.07948
vn 0.57158 0.7959 -0.19961
vn 0.71673 0.67666 0.16861
vn 0.80203 0.59603 0.03867
vn 0.83397 0.5513 -0.02352
vn 0.52626 0.09967 -0.84446
vn 0.04754 0.67652 0.73489
vn -0.24565 0.59942 0.76181
vn 0.25815 0.84541 0.46759
vn 0.31034 0.84853 0.42859
vn 0.22484 0.85649 0.46462
vn -0.0853 0.84001 0.53582
vn -0.42229 0.57833 0.69801
vn 0.16494 0.93207 0.32256
vn -0.04337 0.94063 0.33666
vn -0.1043 0.02012 -0.99434
vn -0.04588 0.06522 -0.99682
vn -0.3973 0.69488 0.59941
vn -0.39927 0.86895 0.29241
vn -0.28757 0.72515 0.62567
vn 0.06424 0.95 0.30556
vn 0.50029 0.30059 -0.812
vn 0.19992 0.31755 -0.92693
vn 0.09039 0.97723 0.19197
vn 0.34607 0.8708 -0.3492
vn 0.32063 0.88538 0.33659
vn -0.17938 0.79522 0.57918
vn -0.12774 0.64026 0.75746
vn -0.25661 0.7573 0.60053
vn -0.31695 0.69533 0.64503
vn -0.16932 0.86028 0.48089
vn 0.23369 0.87945 0.41468
vn 0.17227 0.89929 0.40201
vn 0.2532 0.79773 0.54729
vn 0.56796 0.65663 0.49624
vn 0.35286 0.6945 0.62703
vn 0.45095 0.88467 0.11833
vn 0.51452 0.84028 0.17087
vn 0.19612 0.74775 0.63436
vn -0.43343 0.56135 0.705
vn -0.60024 0.26873 0.75332
vn -0.04953 -0.07816 -0.99571
vn 0.19726 0.22588 -0.95397
vn 0.21793 0.45602 -0.86287
vn 0.06818 0.21585 -0.97404
vn 0.10036 0.06243 -0.99299
vn 0.13371 0.02782 -0.99063
vn 0.38757 0.33344 -0.85943
vn 0.34138 0.32947 -0.88029
vn -0.05009 -0.11216 -0.99243
vn -0.47749 0.60583 0.63638
vn -0.31088 0.64704 0.6962
vn -0.51131 0.1153 0.85163
vn -0.27681 0.55938 0.78133
vn -0.12924 0.51702 0.84616
vn 0.17288 -0.07086 -0.98239
vn 0.26854 0.3264 -0.90628
vn -0.87347 -0.07308 0.48135
vn -0.74753 0.03677 0.66321
vn -0.76052 -0.16448 0.62814
vn -0.68675 -0.08698 0.72167
vn -0.67972 -0.16941 0.71364
vn -0.44452 0.05799 0.89389
vn -0.60563 -0.25645 0.75329
vn -0.21702 0.5226 0.82449
vn -0.06391 0.66935 0.7402
vn -0.03655 0.66289 0.74783
vn 0.00015 0.65603 0.75473
vn -0.74364 -0.08509 0.66314
vn -0.53628 0.21468 0.81628
vn -0.59372 0.01508 0.80453
vn -0.7583 -0.28275 0.58739
vn -0.54672 -0.34359 0.76357
vn -0.74558 -0.62798 -0.22302
vn 0.08424 -0.29258 -0.95252
vn 0.03458 -0.10216 -0.99417
vn -0.0195 -0.13951 -0.99003
vn -0.11845 -0.21969 -0.96835
vn -0.07425 -0.11857 -0.99017
vn -0.13861 -0.18204 -0.97347
vn -0.08183 -0.26318 -0.96127
vn -0.26071 -0.34069 -0.9033
vn -0.16661 -0.19854 -0.96583
vn 0.62765 0.5717 -0.52841
vn 0.1622 0.76237 0.62648
vn 0.12125 0.49328 0.86138
vn 0.12588 0.52194 0.84364
vn 0.30843 0.94643 0.0956
vn -0.31508 0.94167 -0.1182
vn -0.10155 0.69794 0.70892
vn 0.57453 0.56926 -0.5881
vn 0.15256 0.60623 -0.78052
vn -0.74878 0.55869 -0.35664
vn -0.12217 0.47908 0.86923
vn 0.84307 0.18086 0.50648
vn 0.76172 0.28768 0.58053
vn 0.82207 -0.16159 -0.54597
vn 0.47585 0.28013 0.83372
vn 0.10711 0.98977 -0.09427
vn -0.06836 0.81249 0.57896
vn -0.0437 0.68985 0.72263
vn 0.23889 -0.02267 -0.97078
vn 0.14076 0.08103 -0.98672
vn 0.60912 0.26249 -0.74838
vn 0.55937 0.82339 0.09561
vn -0.00151 0.49059 0.87139
vn 0.00315 0.43533 0.90026
vn 0.13117 0.54699 0.8268
vn 0.00599 0.42276 0.90622
vn 0.58554 0.34314 -0.73444
vn -0.09623 0.50491 0.85779
vn 0.47818 0.36488 -0.79888
vn 0.53193 0.22637 -0.81597
vn 0.29448 0.02915 -0.95521
vn 0.47615 0.30224 -0.82579
vn -0.0791 0.35529 0.9314
vn -0.26166 0.41474 0.87151
vn 0.05291 0.48602 0.87234
vn 0.43141 0.79737 0.42201
vn 0.51396 0.85305 0.09034
vn 0.59458 0.41617 -0.68796
vn -0.06163 0.43438 0.89862
vn -0.14696 0.34668 0.9264
vn 0.51328 0.28164 -0.8107
vn 0.61222 0.36548 -0.70115
vn 0.2471 -0.16084 -0.95555
vn 0.34678 0.78747 0.50955
vn -0.74008 -0.66515 -0.09929
vn -0.48545 -0.54429 -0.68417
vn -0.47654 -0.5628 -0.6754
vn -0.23095 0.18498 0.95522
vn -0.09088 -0.40713 -0.90884
vn -0.11216 -0.43276 -0.8945
vn -0.03381 -0.4875 -0.87247
vn -0.35755 0.12803 0.92508
vn -0.22197 0.31112 0.92409
vn -0.23693 0.38765 0.89084
vn -0.29832 0.11011 0.94809
vn -0.01799 0.31272 0.94968
vn -0.07511 -0.36979 -0.92607
vn -0.07785 -0.38307 -0.92043
vn -0.05858 -0.39395 -0.91726
vn -0.42209 0.0398 0.90568
vn -0.53392 -0.25458 0.8063
vn -0.39867 0.08422 0.91322
vn -0.76376 -0.4797 0.43192
vn -0.72561 -0.68404 0.07473
vn -0.75889 -0.64458 0.09278
vn -0.47454 -0.63223 -0.61245
vn -0.73939 -0.66861 0.07921
vn -0.297 -0.57686 -0.76094
vn -0.27855 -0.62796 -0.72669
vn 0.17854 -0.21071 -0.9611
vn 0.11351 -0.03251 -0.99301
vn 0.18703 0.14471 -0.97164
vn -0.15732 -0.34539 -0.92518
vn -0.06763 -0.14903 -0.98652
vn -0.04056 0.17198 0.98427
vn -0.23276 0.05464 0.971
vn -0.04989 0.28888 0.95607
vn -0.33984 -0.22046 0.91428
vn -0.51949 -0.41679 0.74593
vn -0.40994 -0.34509 0.84431
vn -0.74068 -0.66155 0.11729
vn -0.23235 -0.45381 -0.86027
vn -0.03525 -0.27296 -0.96138
vn -0.41329 -0.27471 0.86817
vn -0.7146 -0.64578 0.26892
vn -0.3376 -0.29752 0.89303
vn -0.71859 -0.69081 0.08002
vn -0.09885 -0.3528 -0.93046
vn -0.06666 -0.40883 -0.91017
vn -0.16278 -0.52265 -0.83686
vn -0.3063 -0.47021 -0.8277
vn -0.21393 0.42892 0.87765
vn 0.22861 0.3883 0.89273
vn 0.00265 0.93901 -0.34387
vn -0.22114 0.97042 0.09684
vn 0.02257 0.99944 0.02473
vn 0.61175 0.47232 0.63457
vn 0.02712 0.99938 0.02223
vn -0.02013 0.322 -0.94653
vn -0.29314 0.61401 0.73284
vn 0.07215 0.32292 -0.94367
vn -0.28287 0.55476 0.78245
vn -0.04996 0.49099 0.86973
vn 0.33306 0.65436 0.67888
vn -0.17571 0.43399 0.88362
vn 0.68272 0.21936 0.69698
vn 0.6349 -0.01682 0.77241
vn 0.40824 -0.40897 -0.81614
vn -0.27071 0.45503 0.84833
vn -0.26451 0.46864 0.84286
vn 0.19913 -0.32315 -0.92516
vn -0.07486 0.75838 0.64749
vn 0.14847 0.55188 0.8206
vn -0.01578 0.43928 0.89821
vn 0.11915 0.55955 0.82019
vn -0.05013 0.44936 0.89194
vn 0.16868 0.60367 0.77919
vn 0.39265 0.74684 0.53671
vn 0.2455 0.68024 0.69065
vn -0.0626 -0.20768 -0.97619
vn 0.15681 -0.09742 -0.98281
vn 0.15272 0.53363 0.83181
vn -0.1612 0.33748 0.92743
vn 0.1137 0.42229 0.8993
vn 0.1758 0.68185 0.71006
vn -0.00934 0.62886 0.77747
vn -0.42422 -0.06747 0.90304
vn -0.08767 0.54262 0.83539
vn -0.59395 -0.80074 0.07777
vn -0.11935 -0.47455 -0.8721
vn -0.447 -0.78301 -0.43254
vn -0.02001 -0.31966 -0.94732
vn 0.05082 -0.15254 -0.98699
vn -0.01458 -0.35783 -0.93367
vn -0.03649 -0.37407 -0.92668
vn -0.11327 -0.27539 -0.95464
vn -0.05085 -0.40173 -0.91435
vn -0.03629 -0.37399 -0.92672
vn 0.11821 -0.7153 0.68875
vn 0.14993 -0.98658 0.06459
vn 0.17935 -0.58509 -0.79088
vn -0.10835 -0.57927 0.8079
vn -0.10836 -0.57927 0.8079
vn -0.17389 -0.56394 0.8073
vn 0.04968 -0.81452 -0.578
vn -0.09693 -0.68563 -0.72147
vn -0.34121 -0.5558 0.75807
vn -0.34121 -0.5558 0.75807
vn 0.34181 -0.40862 0.84628
vn 0.57618 -0.66781 0.47122
vn 0.70645 -0.69745 0.12037
vn 0.53395 -0.68523 0.49534
vn 0.48407 -0.63043 0.60682
vn 0.48406 -0.63044 0.60682
vn 0.48141 -0.82717 0.2899
vn -0.31535 0.4043 -0.85854
vn -0.34281 0.54907 -0.76223
vn -0.34283 0.54907 -0.76223
vn -0.27954 0.90678 0.31562
vn -0.22164 0.81961 0.52832
vn -0.13015 0.81634 0.56272
vn 0.00539 0.57079 -0.82108
vn -0.07372 0.81031 0.58134
vn -0.13234 0.83186 0.53897
vn -0.13232 0.8318 0.53907
vn 0.24255 0.45544 -0.85659
vn 0.02057 0.83718 0.54654
vn 0.07374 0.86465 0.49694
vn -0.37537 -0.5357 0.75639
vn 0.43145 0.64758 -0.62809
vn 0.43189 0.64766 -0.6277
vn 0.06478 -0.19638 -0.97839
vn -0.45223 -0.60395 0.6563
vn -0.51004 -0.42384 0.74848
vn -0.38067 -0.90764 -0.17684
vn 0.35884 -0.05169 0.93197
vn 0.64829 -0.3846 -0.65712
vn 0.46866 -0.10859 0.87668
vn 0.46868 -0.10857 0.87667
vn 0.72975 -0.67103 0.13109
vn 0.40936 -0.25645 0.87559
vn -0.43705 0.26744 -0.85876
vn -0.42615 0.56296 0.70814
vn -0.64792 0.75285 -0.11582
vn -0.64792 0.75285 -0.11582
vn -0.48279 0.43475 -0.7602
vn -0.27777 0.547 -0.78971
vn 0.55223 0.83362 0.01059
vn 0.55868 0.39603 -0.72872
vn 0.16318 0.72055 0.67393
vn 0.6176 0.1868 -0.76399
vn -0.69569 -0.50705 0.50884
vn -0.29831 -0.64751 -0.70124
vn 0.94498 -0.31136 -0.10035
vn 0.42093 -0.03587 0.90639
vn -0.58535 0.41666 0.69553
vn -0.63228 0.38105 0.67455
vn -0.63229 0.38106 0.67454
vn -0.4641 0.21952 -0.85815
vn 0.52221 0.6892 0.50229
vn 0.42587 0.70551 0.56647
vn 0.69936 0.29599 -0.6506
vn 0.74665 0.17438 -0.64195
vn -0.79017 -0.48498 0.37473
vn -0.79017 -0.48498 0.37474
vn -0.76222 -0.41003 0.50089
vn -0.66829 -0.64031 -0.37867
vn -0.66838 -0.64025 -0.37861
vn -0.66841 -0.64023 -0.37859
vn -0.53606 -0.23268 -0.81148
vn -0.983 0.18227 0.02229
vn 0.54718 0.6376 0.54227
vn 0.65368 0.61288 0.44395
vn 0.84841 0.5282 -0.03485
vn 0.77001 0.36883 -0.52062
vn -0.78291 -0.42829 0.45124
vn -0.78391 -0.42668 0.45104
vn -0.39169 -0.60186 -0.69595
vn 0.93799 0.00802 -0.34657
vn 0.71726 0.41246 0.56162
vn 0.59962 0.25442 0.75876
vn 0.59962 0.25444 0.75876
vn 0.05937 0.44413 0.89399
vn 0.55123 -0.06806 -0.83157
vn -0.51169 -0.43934 -0.73835
vn -0.68035 -0.20856 -0.70258
vn -0.68035 -0.20855 -0.70258
vn -0.53033 0.19672 0.82465
vn -0.96856 0.03851 0.24577
vn -0.96856 0.03851 0.24578
vn 0.80112 0.22529 -0.55448
vn 0.80112 0.22528 -0.55449
vn 0.46214 0.549 0.69644
vn 0.73162 0.67126 0.11888
vn 0.84785 0.4432 -0.29107
vn 0.7144 0.34502 -0.60877
vn 0.80829 0.28568 -0.51483
vn -0.4155 -0.69033 -0.59228
vn 0.56235 0.506 0.65401
vn -0.57144 -0.12007 0.81181
vn -0.53546 -0.72572 -0.43199
vn -0.4569 -0.78706 -0.41447
vn -0.43658 -0.5572 -0.70635
vn -0.43657 -0.5572 -0.70636
vn -0.42251 -0.49242 0.76092
vn -0.42252 -0.49244 0.76091
vn -0.22988 -0.79983 -0.55446
vn -0.45188 -0.44928 -0.77068
vn -0.05461 -0.92104 0.38563
vn -0.05463 -0.92101 0.38568
vn -0.30331 0.76972 -0.56172
vn -0.30333 0.76973 -0.56171
vn -0.15488 -0.66724 0.72856
vn -0.1549 -0.66724 0.72856
vn -0.80931 -0.20463 0.55059
vn -0.6979 -0.37782 0.60843
vn -0.69799 -0.37771 0.6084
vn -0.7091 0.69804 -0.09957
vn 0.36107 0.60304 0.71131
vn 0.77997 0.6087 -0.14535
vn 0.80791 0.52301 -0.27156
vn 0.75679 0.57891 -0.30353
vn 0.75687 0.57895 -0.30326
vn 0.7005 0.68321 0.20624
vn 0.86609 0.4452 -0.22734
vn 0.42111 0.64221 0.6405
vn 0.42111 0.64219 0.64051
vn 0.61629 0.73976 0.27009
vn 0.61629 0.73976 0.2701
vn 0.9524 0.24768 -0.17775
vn 0.71287 0.65166 -0.25915
vn 0.71287 0.65167 -0.25914
vn 0.87832 0.26616 -0.39714
vn 0.87832 0.26617 -0.39714
vn 0.87832 0.26617 -0.39714
vn 0.87831 0.26617 -0.39714
vn -0.75588 -0.2909 0.58654
vn -0.7196 -0.57323 0.39191
vn -0.01703 -0.65061 -0.75922
vn -0.50524 -0.40852 -0.76016
vn -0.73424 -0.63595 0.23761
vn 0.74348 0.12026 0.65785
vn 0.54467 0.57245 0.61289
vn -0.78009 -0.60142 -0.17252
vn -0.77974 -0.60181 -0.17271
vn -0.96913 0.19156 0.15524
vn -0.09497 0.95788 -0.271
vn -0.09497 0.95786 -0.27108
vn 0.81305 0.50489 -0.28991
vn 0.95147 0.09234 -0.29357
vn 0.81305 0.50487 -0.28992
vn -0.16615 -0.5201 -0.83779
vn -0.41829 -0.72321 0.54954
vn -0.41833 -0.72343 0.54922
vn -0.46539 0.87887 -0.10488
vn -0.46539 0.87887 -0.10483
vn -0.85177 -0.14341 0.5039
vn -0.74414 0.24503 0.62147
vn 0.27663 -0.83346 0.47835
vn -0.18713 -0.9449 -0.26861
vn -0.18687 -0.94491 -0.26873
vn 0.41542 -0.83527 -0.36021
vn -0.42497 0.40406 -0.81002
vn -0.94424 0.20969 -0.25386
vn 0.41324 -0.89445 -0.17086
vn 0.92889 0.34957 -0.12231
vn 0.92889 0.34957 -0.12231
vn 0.92889 0.34957 -0.12231
vn 0.92889 0.34957 -0.12231
vn 0.66613 0.54549 -0.50864
vn 0.38889 0.63704 0.66554
vn 0.05733 0.76344 0.64333
vn 0.53579 0.64336 -0.54682
vn 0.58054 0.46748 -0.66666
vn -0.77248 0.03294 0.63418
vn -0.7876 0.0612 0.61314
vn -0.82112 0.00802 0.5707
vn -0.50012 -0.48736 -0.71579
vn -0.50013 -0.48734 -0.7158
vn -0.32705 -0.29598 -0.89746
vn -0.36148 -0.23584 -0.90206
vn -0.54864 0.42541 0.71973
vn -0.39501 0.26455 -0.87976
vn -0.39501 0.26455 -0.87976
vn -0.53242 0.45086 -0.71642
vn 0.06951 0.8633 0.49988
vn 0.73787 0.58766 0.33197
vn 0.70921 0.36986 0.60019
vn 0.824 -0.34697 -0.44793
vn 0.10473 0.98369 -0.14621
vn -0.34065 0.9327 -0.11844
vn 0.95717 -0.07325 -0.28009
vn -0.63226 -0.61156 0.47565
vn -0.63225 -0.61155 0.47568
vn 0.52952 0.39182 0.75239
vn 0.52952 0.39182 0.75239
vn 0.87351 0.19104 -0.44775
vn 0.87349 0.19102 -0.44781
vn -0.35018 -0.84356 -0.40716
vn -0.35015 -0.84356 -0.40719
vn -0.85037 0.0053 0.52616
vn -0.85036 0.00531 0.52618
vn 0.24728 0.10101 0.96367
vn -0.2505 0.68931 0.67978
vn 0.60824 -0.79101 -0.0659
vn 0.60826 -0.791 -0.06587
vn 0.60824 -0.79101 -0.0659
vn 0.60826 -0.791 -0.06586
vn 0.68871 0.69566 0.20431
vn -0.26017 0.69756 0.66762
vn -0.14782 -0.01374 -0.98892
vn 0.28752 0.86061 -0.42034
vn 0.28752 0.86062 -0.42032
vn 0.21312 0.75191 0.62386
vn 0.581 0.65041 -0.48929
vn -0.13898 0.83325 0.53514
vn 0.26341 -0.06507 -0.96249
vn 0.26345 -0.06499 -0.96248
vn -0.10682 0.67337 0.73155
vn -0.89386 -0.10884 0.43494
vn -0.54406 -0.3357 0.76896
vn 0.17064 -0.13715 -0.97574
vn 0.40662 0.35246 -0.84287
vn 0.31583 0.82123 0.47523
vn 0.5638 0.36255 -0.74208
vn 0.5638 0.36251 -0.7421
vn -0.40974 0.08889 0.90786
vn -0.70374 -0.69851 -0.12977
vn -0.38835 0.09088 0.91702
vn -0.37373 -0.53354 -0.75872
vn -0.17297 -0.55 -0.81706
vn -0.17297 -0.55 -0.81706
vn 0.24378 0.54124 0.80475
vn 0.24377 0.54124 0.80476
vn -0.1012 -0.23233 -0.96736
vt 0.85258 0.35305
vt 0.85138 0.35482
vt 0.85418 0.3526
vt 0.85435 0.3507
vt 0.014 0.63232
vt 0.01787 0.63313
vt 0.01667 0.63333
vt 0.00667 0.63177
vt 0.00333 0.99628
vt 0.00602 0.99656
vt 0.00746 0.99667
vt 0.28373 0.00895
vt 0.28479 0.00836
vt 0.28501 0.00909
vt 0.85209 0.35237
vt 0.85077 0.35425
vt 0.39893 0.32396
vt 0.39993 0.32353
vt 0.39901 0.32336
vt 0.2858 0.00854
vt 0.28571 0.00918
vt 0.3999 0.32403
vt 0.47315 0.34931
vt 0.48143 0.35359
vt 0.48073 0.35198
vt 0.39901 0.32453
vt 0.47456 0.34667
vt 0.28632 0.0069
vt 0.28307 0.00755
vt 0.39506 0.32427
vt 0.39413 0.325
vt 0.39516 0.32481
vt 0.85174 0.34577
vt 0.85079 0.34709
vt 0.85173 0.34744
vt 0.85305 0.34523
vt 0.84737 0.34188
vt 0.85308 0.34397
vt 0.29016 0.00796
vt 0.29109 0.00814
vt 0.29019 0.00856
vt 0.47824 0.34553
vt 0.47826 0.34251
vt 0.47367 0.34419
vt 0.39419 0.3253
vt 0.39511 0.32539
vt 0.38783 0.32667
vt 0.48067 0.3462
vt 0.39263 0.32633
vt 0.47615 0.34
vt 0.28797 0.0067
vt 0.29331 0.00667
vt 0.83616 0.00667
vt 0.83444 0.00919
vt 0.8331 0.0114
vt 0.85386 0.34
vt 0.5272 0.65206
vt 0.5223 0.65037
vt 0.52761 0.65317
vt 0.529 0.65359
vt 0.53003 0.6531
vt 0.52829 0.64206
vt 0.52591 0.64332
vt 0.5338 0.64645
vt 0.50867 0.63777
vt 0.5084 0.64044
vt 0.51271 0.64042
vt 0.50472 0.63834
vt 0.50908 0.63607
vt 0.50494 0.63415
vt 0.052 0.19473
vt 0.05584 0.19308
vt 0.05551 0.19444
vt 0.51849 0.63616
vt 0.51227 0.63182
vt 0.52059 0.63215
vt 0.06457 0.19145
vt 0.05979 0.19367
vt 0.05985 0.19163
vt 0.06495 0.18925
vt 0.51654 0.62895
vt 0.50988 0.62733
vt 0.50512 0.62975
vt 0.53521 0.64234
vt 0.548 0.64627
vt 0.55025 0.65319
vt 0.55807 0.65449
vt 0.58637 0.13349
vt 0.58158 0.13558
vt 0.58577 0.13581
vt 0.55184 0.63824
vt 0.54699 0.6412
vt 0.56335 0.64748
vt 0.54177 0.6413
vt 0.52057 0.62822
vt 0.5278 0.62488
vt 0.51555 0.62139
vt 0.07559 0.19312
vt 0.07262 0.19306
vt 0.0749 0.18887
vt 0.51393 0.62072
vt 0.51509 0.62015
vt 0.5191 0.62146
vt 0.5298 0.62508
vt 0.52821 0.62388
vt 0.53753 0.62117
vt 0.07721 0.19291
vt 0.08401 0.18407
vt 0.08489 0.18886
vt 0.07537 0.18746
vt 0.5255 0.61838
vt 0.52494 0.61668
vt 0.52985 0.61818
vt 0.52426 0.61676
vt 0.52461 0.61642
vt 0.0734 0.18737
vt 0.0745 0.18731
vt 0.07411 0.18757
vt 0.07467 0.18747
vt 0.0748 0.18725
vt 0.07463 0.18699
vt 0.08386 0.18384
vt 0.08408 0.1838
vt 0.08393 0.1837
vt 0.0834 0.18379
vt 0.56205 0.63851
vt 0.56854 0.13999
vt 0.57365 0.13714
vt 0.56874 0.13719
vt 0.56524 0.13855
vt 0.5735 0.63239
vt 0.56866 0.63652
vt 0.58319 0.64007
vt 0.56457 0.63692
vt 0.56972 0.64102
vt 0.53751 0.62054
vt 0.53682 0.62057
vt 0.54682 0.61736
vt 0.09421 0.19151
vt 0.09066 0.18577
vt 0.53672 0.61954
vt 0.52629 0.61589
vt 0.54539 0.61664
vt 0.53385 0.61243
vt 0.54786 0.6176
vt 0.54697 0.61698
vt 0.55927 0.6165
vt 0.10227 0.18605
vt 0.1053 0.18678
vt 0.09966 0.18973
vt 0.10439 0.18467
vt 0.54629 0.61575
vt 0.54455 0.60989
vt 0.5523 0.61254
vt 0.53826 0.61094
vt 0.54247 0.60817
vt 0.09275 0.18379
vt 0.09417 0.18503
vt 0.09482 0.18345
vt 0.52458 0.61624
vt 0.09333 0.18179
vt 0.10221 0.18126
vt 0.10361 0.18109
vt 0.10261 0.18048
vt 0.5411 0.60768
vt 0.58119 0.63237
vt 0.5509 0.1419
vt 0.55311 0.14074
vt 0.55097 0.1408
vt 0.54975 0.14109
vt 0.59291 0.62496
vt 0.59159 0.6265
vt 0.59529 0.62674
vt 0.5829 0.62852
vt 0.59397 0.63745
vt 0.55915 0.61472
vt 0.55721 0.61461
vt 0.56898 0.61346
vt 0.10666 0.18709
vt 0.10697 0.18579
vt 0.55743 0.61285
vt 0.54881 0.60718
vt 0.56404 0.61032
vt 0.55343 0.60567
vt 0.58337 0.6195
vt 0.57007 0.61105
vt 0.58886 0.62049
vt 0.56595 0.60559
vt 0.56534 0.60412
vt 0.56699 0.60474
vt 0.56108 0.60434
vt 0.56463 0.60354
vt 0.11164 0.18151
vt 0.114 0.18354
vt 0.11459 0.18118
vt 0.5426 0.60719
vt 0.11184 0.1796
vt 0.12245 0.18255
vt 0.12555 0.18207
vt 0.12485 0.18432
vt 0.1153 0.18731
vt 0.1209 0.18471
vt 0.12073 0.17967
vt 0.56361 0.60301
vt 0.56422 0.60258
vt 0.53928 0.14483
vt 0.54023 0.14558
vt 0.54132 0.14509
vt 0.59451 0.62484
vt 0.58842 0.61109
vt 0.57746 0.6094
vt 0.59134 0.61099
vt 0.59445 0.61429
vt 0.57669 0.60251
vt 0.56549 0.60323
vt 0.57891 0.60126
vt 0.57301 0.59816
vt 0.59526 0.60286
vt 0.59266 0.60029
vt 0.59112 0.60073
vt 0.59825 0.61722
vt 0.59574 0.6131
vt 0.57941 0.59144
vt 0.57632 0.59593
vt 0.58636 0.59663
vt 0.56958 0.5962
vt 0.55707 0.59311
vt 0.13435 0.18338
vt 0.13266 0.18321
vt 0.1337 0.18252
vt 0.5716 0.59451
vt 0.56447 0.58934
vt 0.5742 0.58862
vt 0.57899 0.5881
vt 0.57365 0.58472
vt 0.13612 0.18302
vt 0.14051 0.18123
vt 0.14374 0.18304
vt 0.595 0.60065
vt 0.58532 0.58984
vt 0.59013 0.59546
vt 0.59172 0.58934
vt 0.60035 0.59488
vt 0.60012 0.59158
vt 0.59381 0.58285
vt 0.58404 0.58269
vt 0.58321 0.58148
vt 0.58256 0.58166
vt 0.152 0.18306
vt 0.15217 0.18269
vt 0.15273 0.18295
vt 0.58227 0.58084
vt 0.15289 0.18325
vt 0.58593 0.58105
vt 0.58326 0.57953
vt 0.58174 0.5803
vt 0.26145 0.50474
vt 0.26153 0.50465
vt 0.2618 0.50482
vt 0.26148 0.50482
vt 0.26109 0.50467
vt 0.26068 0.505
vt 0.25839 0.50377
vt 0.26099 0.50452
vt 0.26363 0.50606
vt 0.27937 0.51358
vt 0.28714 0.51116
vt 0.29298 0.51309
vt 0.61831 0.11255
vt 0.61148 0.1167
vt 0.61789 0.11654
vt 0.61059 0.12331
vt 0.61057 0.1197
vt 0.61021 0.12342
vt 0.6133 0.12116
vt 0.52003 0.65686
vt 0.52051 0.65752
vt 0.52116 0.65752
vt 0.51858 0.65653
vt 0.28272 0.52073
vt 0.28046 0.52016
vt 0.27979 0.518
vt 0.5168 0.65404
vt 0.27624 0.51363
vt 0.0303 0.21126
vt 0.03541 0.20587
vt 0.0375 0.20753
vt 0.03773 0.21058
vt 0.49701 0.64823
vt 0.50798 0.65591
vt 0.50377 0.65015
vt 0.50032 0.64709
vt 0.49697 0.64481
vt 0.03858 0.20339
vt 0.04156 0.20178
vt 0.04112 0.20308
vt 0.27854 0.51447
vt 0.27192 0.5142
vt 0.04617 0.20767
vt 0.04743 0.20793
vt 0.04652 0.20832
vt 0.04722 0.2068
vt 0.04364 0.20169
vt 0.04828 0.20052
vt 0.50827 0.64523
vt 0.50356 0.64652
vt 0.50024 0.64353
vt 0.04468 0.19915
vt 0.04162 0.20124
vt 0.60894 0.11706
vt 0.61011 0.11764
vt 0.61071 0.11725
vt 0.6042 0.1229
vt 0.60258 0.12124
vt 0.60154 0.12374
vt 0.52911 0.65398
vt 0.60293 0.12815
vt 0.60235 0.12825
vt 0.60271 0.12856
vt 0.59643 0.12201
vt 0.59839 0.11936
vt 0.59462 0.1219
vt 0.59479 0.12303
vt 0.59632 0.12715
vt 0.59314 0.12795
vt 0.59473 0.1302
vt 0.60172 0.12897
vt 0.54601 0.65615
vt 0.04817 0.20747
vt 0.04786 0.20801
vt 0.05562 0.20535
vt 0.05348 0.20149
vt 0.05834 0.2013
vt 0.04825 0.19689
vt 0.05358 0.19736
vt 0.05682 0.19697
vt 0.8751 0.63714
vt 0.86791 0.63814
vt 0.85809 0.65696
vt 0.87528 0.64309
vt 0.84347 0.2681
vt 0.83866 0.27508
vt 0.84176 0.27268
vt 0.0635 0.19893
vt 0.062 0.20157
vt 0.0651 0.19429
vt 0.06782 0.19823
vt 0.58692 0.12715
vt 0.59125 0.12395
vt 0.58593 0.12641
vt 0.5854 0.12744
vt 0.58569 0.12591
vt 0.58997 0.133
vt 0.5878 0.13127
vt 0.58469 0.13203
vt 0.58397 0.12672
vt 0.84794 0.65547
vt 0.84524 0.65445
vt 0.84495 0.65634
vt 0.57821 0.1313
vt 0.5765 0.12983
vt 0.57594 0.1318
vt 0.57752 0.13456
vt 0.57768 0.13771
vt 0.85778 0.65699
vt 0.85845 0.64424
vt 0.8508 0.65184
vt 0.8535 0.64426
vt 0.86767 0.63263
vt 0.8764 0.62765
vt 0.07458 0.19447
vt 0.07647 0.19431
vt 0.87606 0.61876
vt 0.85198 0.63896
vt 0.84396 0.64881
vt 0.83884 0.65244
vt 0.83928 0.64847
vt 0.85961 0.63369
vt 0.85845 0.62902
vt 0.86285 0.62007
vt 0.8533 0.62883
vt 0.8732 0.6195
vt 0.08488 0.19339
vt 0.82884 0.65028
vt 0.82888 0.65034
vt 0.82898 0.6503
vt 0.56708 0.13133
vt 0.56712 0.13129
vt 0.56706 0.13131
vt 0.56705 0.13133
vt 0.56705 0.1313
vt 0.56962 0.13546
vt 0.56731 0.136
vt 0.56701 0.13131
vt 0.82877 0.65022
vt 0.82876 0.65031
vt 0.5592 0.13551
vt 0.5582 0.13483
vt 0.55812 0.13573
vt 0.55903 0.13705
vt 0.5597 0.14159
vt 0.4359 0.99665
vt 0.43602 0.99667
vt 0.43596 0.99658
vt 0.84515 0.63858
vt 0.83719 0.64308
vt 0.8316 0.6421
vt 0.8289 0.6502
vt 0.84514 0.63302
vt 0.85772 0.61374
vt 0.85607 0.61367
vt 0.83887 0.63149
vt 0.82987 0.63691
vt 0.8245 0.64339
vt 0.81845 0.64858
vt 0.82007 0.64199
vt 0.84019 0.61994
vt 0.84093 0.6184
vt 0.83965 0.6195
vt 0.84656 0.61642
vt 0.09396 0.19255
vt 0.09529 0.19217
vt 0.85796 0.61167
vt 0.85731 0.61159
vt 0.09554 0.19163
vt 0.0959 0.19211
vt 0.10156 0.1931
vt 0.55334 0.13517
vt 0.55771 0.13422
vt 0.5513 0.14001
vt 0.55031 0.14023
vt 0.54956 0.13757
vt 0.54525 0.13975
vt 0.81583 0.63835
vt 0.81068 0.64566
vt 0.82521 0.63485
vt 0.82618 0.62394
vt 0.54938 0.13511
vt 0.54732 0.13544
vt 0.84056 0.61801
vt 0.8281 0.62
vt 0.82483 0.62307
vt 0.81298 0.63716
vt 0.80782 0.6312
vt 0.8051 0.63738
vt 0.54152 0.13897
vt 0.53892 0.13525
vt 0.80868 0.64502
vt 0.82575 0.62039
vt 0.82165 0.61335
vt 0.80837 0.62953
vt 0.80679 0.63089
vt 0.53989 0.13929
vt 0.54105 0.14198
vt 0.10552 0.19353
vt 0.11353 0.19132
vt 0.84353 0.60375
vt 0.11477 0.19452
vt 0.11848 0.19131
vt 0.83277 0.60368
vt 0.83293 0.59197
vt 0.12286 0.19245
vt 0.12318 0.18772
vt 0.13142 0.19195
vt 0.53595 0.13573
vt 0.5327 0.13869
vt 0.52809 0.13486
vt 0.52692 0.13488
vt 0.52716 0.13516
vt 0.52832 0.13959
vt 0.80424 0.61904
vt 0.80701 0.62919
vt 0.81528 0.61364
vt 0.80083 0.62984
vt 0.53362 0.14199
vt 0.53148 0.14614
vt 0.52939 0.14273
vt 0.52247 0.13852
vt 0.51888 0.13602
vt 0.51716 0.14179
vt 0.52633 0.1351
vt 0.52465 0.14185
vt 0.79852 0.62074
vt 0.79836 0.62777
vt 0.80306 0.61569
vt 0.52445 0.14445
vt 0.61484 0.61281
vt 0.60818 0.61636
vt 0.81639 0.605
vt 0.83282 0.592
vt 0.13157 0.19201
vt 0.1404 0.1922
vt 0.13837 0.19481
vt 0.13145 0.19202
vt 0.13149 0.19201
vt 0.13151 0.19204
vt 0.13551 0.18442
vt 0.14014 0.19044
vt 0.81491 0.60158
vt 0.82147 0.59601
vt 0.81918 0.58788
vt 0.81969 0.58599
vt 0.81948 0.58618
vt 0.14779 0.1975
vt 0.14755 0.19757
vt 0.1475 0.19742
vt 0.14775 0.1972
vt 0.14331 0.19088
vt 0.14955 0.19004
vt 0.14258 0.18772
vt 0.1474 0.18591
vt 0.51599 0.1432
vt 0.51713 0.14331
vt 0.51182 0.1393
vt 0.51432 0.14378
vt 0.51131 0.13766
vt 0.51027 0.13808
vt 0.50998 0.13751
vt 0.51613 0.14377
vt 0.51729 0.14416
vt 0.61455 0.61082
vt 0.61767 0.61352
vt 0.51578 0.14431
vt 0.50778 0.14345
vt 0.50923 0.14617
vt 0.50046 0.13941
vt 0.50029 0.13972
vt 0.50098 0.13992
vt 0.50557 0.13863
vt 0.50178 0.14539
vt 0.60769 0.58846
vt 0.61062 0.59154
vt 0.61015 0.58951
vt 0.60673 0.59734
vt 0.15818 0.19328
vt 0.15062 0.19623
vt 0.1575 0.19257
vt 0.15852 0.19234
vt 0.15885 0.1996
vt 0.15349 0.18761
vt 0.15813 0.18696
vt 0.15911 0.19318
vt 0.16923 0.19602
vt 0.16643 0.18884
vt 0.16545 0.18806
vt 0.16692 0.18804
vt 0.60067 0.58376
vt 0.59367 0.57722
vt 0.5925 0.5792
vt 0.16189 0.18462
vt 0.15891 0.20015
vt 0.15885 0.20016
vt 0.15924 0.20003
vt 0.50004 0.13948
vt 0.49862 0.14024
vt 0.49722 0.14489
vt 0.49247 0.14284
vt 0.49579 0.13871
vt 0.60795 0.58668
vt 0.61177 0.58713
vt 0.49263 0.14452
vt 0.49022 0.14306
vt 0.17147 0.19651
vt 0.17273 0.19359
vt 0.16919 0.18887
vt 0.59931 0.56577
vt 0.59723 0.56444
vt 0.5984 0.56633
vt 0.59529 0.57175
vt 0.5879 0.57127
vt 0.60145 0.5764
vt 0.61023 0.58074
vt 0.58973 0.56586
vt 0.58059 0.5641
vt 0.61111 0.56633
vt 0.6043 0.5602
vt 0.59951 0.56418
vt 0.48942 0.13806
vt 0.48253 0.14138
vt 0.61634 0.58251
vt 0.61626 0.57374
vt 0.5925 0.55147
vt 0.59229 0.55863
vt 0.59884 0.55808
vt 0.58701 0.5598
vt 0.17584 0.19055
vt 0.17718 0.19196
vt 0.17735 0.19046
vt 0.17493 0.18879
vt 0.18688 0.19406
vt 0.18741 0.19406
vt 0.18737 0.19444
vt 0.17931 0.19642
vt 0.18648 0.19447
vt 0.59071 0.54879
vt 0.59018 0.54901
vt 0.58523 0.55592
vt 0.60752 0.56036
vt 0.59291 0.54986
vt 0.60236 0.55647
vt 0.60392 0.54934
vt 0.60614 0.551
vt 0.60525 0.54947
vt 0.60413 0.54852
vt 0.59144 0.54819
vt 0.18844 0.19448
vt 0.60203 0.5475
vt 0.62801 0.10019
vt 0.62814 0.09667
vt 0.62439 0.09984
vt 0.62534 0.1063
vt 0.62527 0.10622
vt 0.62526 0.10633
vt 0.3299 0.73659
vt 0.33 0.73644
vt 0.32983 0.73651
vt 0.62529 0.1064
vt 0.28074 0.50412
vt 0.28047 0.50397
vt 0.28095 0.50408
vt 0.28051 0.50381
vt 0.26484 0.49022
vt 0.27301 0.49179
vt 0.26984 0.49345
vt 0.26002 0.49116
vt 0.25897 0.488
vt 0.01939 0.22723
vt 0.02082 0.22437
vt 0.02199 0.22533
vt 0.02197 0.22767
vt 0.25944 0.49601
vt 0.26812 0.4982
vt 0.26554 0.49927
vt 0.25921 0.49819
vt 0.25561 0.49625
vt 0.023 0.21938
vt 0.02455 0.21805
vt 0.02423 0.21976
vt 0.27854 0.49724
vt 0.02821 0.22453
vt 0.0305 0.22498
vt 0.02786 0.22629
vt 0.03002 0.22344
vt 0.02629 0.21822
vt 0.03141 0.21727
vt 0.02909 0.21249
vt 0.02996 0.21122
vt 0.02999 0.21179
vt 0.02438 0.21713
vt 0.61806 0.10583
vt 0.61885 0.10411
vt 0.61697 0.10486
vt 0.61643 0.10628
vt 0.61698 0.10038
vt 0.62005 0.11202
vt 0.61886 0.11107
vt 0.6171 0.11146
vt 0.61515 0.10527
vt 0.61315 0.10521
vt 0.61094 0.11069
vt 0.61019 0.10967
vt 0.60964 0.11103
vt 0.61068 0.11633
vt 0.61686 0.09971
vt 0.61804 0.09902
vt 0.03173 0.22418
vt 0.03146 0.2252
vt 0.03799 0.22227
vt 0.03593 0.21817
vt 0.04166 0.21678
vt 0.03582 0.215
vt 0.04102 0.21456
vt 0.34035 0.68506
vt 0.3403 0.69058
vt 0.34675 0.6808
vt 0.6103 0.10798
vt 0.61126 0.10673
vt 0.34305 0.69151
vt 0.33991 0.69302
vt 0.85477 0.27646
vt 0.85158 0.28081
vt 0.85432 0.27892
vt 0.84892 0.27686
vt 0.85104 0.27186
vt 0.84252 0.28112
vt 0.85318 0.27089
vt 0.84103 0.28131
vt 0.84017 0.28376
vt 0.84842 0.26764
vt 0.04377 0.2154
vt 0.04736 0.20829
vt 0.60792 0.11063
vt 0.60282 0.11587
vt 0.60251 0.11671
vt 0.60196 0.11611
vt 0.60232 0.1151
vt 0.60123 0.11616
vt 0.87403 0.65949
vt 0.8769 0.66
vt 0.87773 0.65326
vt 0.87713 0.64952
vt 0.87856 0.65068
vt 0.88943 0.63957
vt 0.87318 0.65407
vt 0.86686 0.65904
vt 0.86748 0.65669
vt 0.04827 0.20988
vt 0.8792 0.64143
vt 0.87316 0.64764
vt 0.86546 0.65892
vt 0.85804 0.65716
vt 0.85787 0.65719
vt 0.8578 0.65735
vt 0.83714 0.27991
vt 0.8242 0.29137
vt 0.8318 0.28898
vt 0.85748 0.65777
vt 0.8577 0.65734
vt 0.79748 0.62944
vt 0.79794 0.63051
vt 0.79687 0.63009
vt 0.79691 0.62943
vt 0.79589 0.63034
vt 0.51535 0.13405
vt 0.51848 0.13405
vt 0.79387 0.61792
vt 0.7865 0.62593
vt 0.7906 0.6256
vt 0.80158 0.59898
vt 0.80157 0.59896
vt 0.80155 0.59899
vt 0.80151 0.59909
vt 0.8016 0.59894
vt 0.80735 0.60375
vt 0.7977 0.61233
vt 0.81857 0.58726
vt 0.81916 0.58621
vt 0.1478 0.19768
vt 0.50885 0.13312
vt 0.50588 0.13366
vt 0.78333 0.62061
vt 0.79194 0.61395
vt 0.78584 0.61299
vt 0.50525 0.13149
vt 0.49808 0.13225
vt 0.49682 0.13185
vt 0.49735 0.13237
vt 0.49782 0.13262
vt 0.49739 0.13269
vt 0.50009 0.13909
vt 0.50063 0.13886
vt 0.80146 0.59905
vt 0.80154 0.59897
vt 0.80159 0.59889
vt 0.78811 0.60579
vt 0.81528 0.57605
vt 0.81509 0.57612
vt 0.80205 0.58759
vt 0.78525 0.60003
vt 0.7887 0.59146
vt 0.7819 0.60011
vt 0.79458 0.59582
vt 0.77615 0.61223
vt 0.79676 0.58449
vt 0.79416 0.58514
vt 0.79334 0.58754
vt 0.79808 0.57931
vt 0.8065 0.57901
vt 0.77626 0.61381
vt 0.16947 0.19821
vt 0.15883 0.20019
vt 0.15889 0.20019
vt 0.81533 0.5759
vt 0.15893 0.20027
vt 0.15896 0.20019
vt 0.16844 0.20332
vt 0.17128 0.20747
vt 0.16434 0.20452
vt 0.17337 0.20294
vt 0.0948 0.68694
vt 0.09513 0.68682
vt 0.09484 0.68698
vt 0.49648 0.13248
vt 0.49476 0.1344
vt 0.49021 0.13786
vt 0.48873 0.12741
vt 0.48457 0.12714
vt 0.48587 0.12927
vt 0.77955 0.59781
vt 0.48573 0.13251
vt 0.48871 0.13168
vt 0.79954 0.57275
vt 0.80323 0.57126
vt 0.80446 0.57223
vt 0.4897 0.13741
vt 0.48878 0.1375
vt 0.47881 0.13159
vt 0.47623 0.12939
vt 0.47345 0.13568
vt 0.48145 0.1285
vt 0.48086 0.13556
vt 0.48077 0.13958
vt 0.47413 0.13746
vt 0.47931 0.14139
vt 0.80479 0.56364
vt 0.18139 0.20923
vt 0.17747 0.209
vt 0.18053 0.20742
vt 0.17729 0.20372
vt 0.18346 0.20208
vt 0.18229 0.2089
vt 0.18244 0.20955
vt 0.17699 0.20162
vt 0.18506 0.20073
vt 0.1858 0.20161
vt 0.18587 0.20219
vt 0.19319 0.20887
vt 0.19345 0.20893
vt 0.1932 0.20904
vt 0.19339 0.20876
vt 0.18663 0.20179
vt 0.19478 0.20053
vt 0.18642 0.20107
vt 0.19427 0.19949
vt 0.47278 0.13655
vt 0.47337 0.13659
vt 0.47178 0.13561
vt 0.47222 0.13669
vt 0.46884 0.13066
vt 0.46647 0.132
vt 0.46617 0.13026
vt 0.47286 0.13677
vt 0.47278 0.13706
vt 0.6229 0.56777
vt 0.62028 0.55722
vt 0.60739 0.551
vt 0.62384 0.56784
vt 0.46001 0.13283
vt 0.46512 0.13554
vt 0.45898 0.13097
vt 0.45636 0.13201
vt 0.4609 0.13584
vt 0.60655 0.54798
vt 0.19374 0.20875
vt 0.19539 0.20942
vt 0.20212 0.20581
vt 0.19652 0.2011
vt 0.20269 0.20061
vt 0.59004 0.53956
vt 0.59942 0.53885
vt 0.19548 0.19872
vt 0.19585 0.19998
vt 0.6102 0.53802
vt 0.60168 0.53115
vt 0.60092 0.53849
vt 0.61289 0.5433
vt 0.6024 0.53991
vt 0.6123 0.54657
vt 0.20977 0.20627
vt 0.21099 0.20662
vt 0.20784 0.20877
vt 0.2107 0.20598
vt 0.60041 0.53891
vt 0.59975 0.53834
vt 0.5995 0.53799
vt 0.59921 0.53819
vt 0.20265 0.20033
vt 0.20285 0.20019
vt 0.20302 0.20042
vt 0.45168 0.13086
vt 0.45381 0.13255
vt 0.62262 0.54922
vt 0.61691 0.54209
vt 0.61308 0.53531
vt 0.62093 0.54274
vt 0.21159 0.20623
vt 0.2141 0.20767
vt 0.60491 0.53091
vt 0.59953 0.52876
vt 0.59849 0.52899
vt 0.60085 0.52698
vt 0.26893 0.47639
vt 0.2621 0.47552
vt 0.26348 0.47442
vt 0.2621 0.4816
vt 0.27028 0.4802
vt 0.26832 0.48382
vt 0.26019 0.47377
vt 0.26053 0.47291
vt 0.01669 0.24196
vt 0.0156 0.24255
vt 0.01562 0.24162
vt 0.01632 0.23972
vt 0.25743 0.47493
vt 0.26436 0.48438
vt 0.25868 0.48327
vt 0.25618 0.47968
vt 0.62455 0.08751
vt 0.62357 0.08583
vt 0.62192 0.08708
vt 0.62287 0.09233
vt 0.62319 0.09411
vt 0.27433 0.48493
vt 0.63337 0.08308
vt 0.6287 0.08336
vt 0.62947 0.0868
vt 0.27399 0.4784
vt 0.62864 0.08997
vt 0.6319 0.08927
vt 0.02306 0.23728
vt 0.02084 0.23859
vt 0.02193 0.23609
vt 0.02341 0.2363
vt 0.0235 0.23883
vt 0.27248 0.48704
vt 0.63211 0.09169
vt 0.62939 0.09366
vt 0.63075 0.09616
vt 0.01757 0.23185
vt 0.01999 0.23257
vt 0.01744 0.23469
vt 0.02359 0.23103
vt 0.62337 0.09345
vt 0.62246 0.09364
vt 0.02559 0.23736
vt 0.03169 0.23865
vt 0.03149 0.23717
vt 0.02919 0.23248
vt 0.03295 0.23112
vt 0.03057 0.22632
vt 0.02524 0.24387
vt 0.02275 0.24393
vt 0.0267 0.24349
vt 0.62055 0.08682
vt 0.6204 0.0884
vt 0.61986 0.08751
vt 0.35891 0.69333
vt 0.36282 0.68899
vt 0.35392 0.69265
vt 0.35214 0.69174
vt 0.352 0.69354
vt 0.87083 0.27849
vt 0.86847 0.28042
vt 0.8688 0.28148
vt 0.3563 0.68823
vt 0.86952 0.27807
vt 0.865 0.28505
vt 0.61887 0.09354
vt 0.61783 0.09748
vt 0.61747 0.0948
vt 0.35215 0.68286
vt 0.35603 0.68691
vt 0.36336 0.67
vt 0.85821 0.28297
vt 0.85848 0.28429
vt 0.8604 0.28147
vt 0.34696 0.69128
vt 0.34873 0.68869
vt 0.3494 0.68475
vt 0.79049 0.58732
vt 0.79246 0.58678
vt 0.7932 0.5849
vt 0.77835 0.59359
vt 0.77288 0.59969
vt 0.77513 0.5936
vt 0.78472 0.58347
vt 0.79042 0.57801
vt 0.78679 0.57654
vt 0.78008 0.58476
vt 0.78301 0.56993
vt 0.78164 0.56785
vt 0.77867 0.57089
vt 0.47452 0.12244
vt 0.4701 0.11946
vt 0.47064 0.1229
vt 0.47529 0.12044
vt 0.48191 0.12589
vt 0.47183 0.12593
vt 0.47644 0.12496
vt 0.47935 0.12363
vt 0.79434 0.56197
vt 0.78963 0.56934
vt 0.79703 0.56177
vt 0.79768 0.55773
vt 0.18161 0.21021
vt 0.79409 0.57136
vt 0.8045 0.55849
vt 0.18579 0.21513
vt 0.18806 0.21497
vt 0.18829 0.21592
vt 0.79229 0.55405
vt 0.79215 0.55373
vt 0.79124 0.5549
vt 0.7836 0.56617
vt 0.78353 0.57569
vt 0.19119 0.21566
vt 0.1959 0.22115
vt 0.19353 0.2095
vt 0.19604 0.2161
vt 0.45959 0.11468
vt 0.46593 0.1186
vt 0.46741 0.11671
vt 0.46571 0.12203
vt 0.46252 0.1198
vt 0.46167 0.12239
vt 0.46733 0.12511
vt 0.46244 0.12638
vt 0.45803 0.12016
vt 0.45933 0.11471
vt 0.45294 0.11939
vt 0.45393 0.12365
vt 0.45588 0.12594
vt 0.4536 0.12632
vt 0.45566 0.12936
vt 0.79201 0.55375
vt 0.27694 0.49086
vt 0.27638 0.4907
vt 0.27708 0.49082
vt 0.20344 0.2201
vt 0.19652 0.22135
vt 0.20034 0.21776
vt 0.27671 0.49057
vt 0.20376 0.21097
vt 0.20333 0.21216
vt 0.20456 0.21194
vt 0.20444 0.21377
vt 0.20745 0.21232
vt 0.20475 0.21859
vt 0.20604 0.22017
vt 0.20659 0.21835
vt 0.21565 0.2213
vt 0.2166 0.22108
vt 0.21634 0.22196
vt 0.20713 0.22468
vt 0.21507 0.22209
vt 0.21379 0.21403
vt 0.21406 0.21244
vt 0.21553 0.21381
vt 0.44581 0.11831
vt 0.44704 0.12265
vt 0.4496 0.12529
vt 0.45106 0.12771
vt 0.44588 0.12508
vt 0.44368 0.12311
vt 0.61876 0.52852
vt 0.61725 0.52745
vt 0.61815 0.52861
vt 0.6134 0.53233
vt 0.4473 0.12835
vt 0.4407 0.12663
vt 0.84615 0.28549
vt 0.84397 0.28178
vt 0.83774 0.29268
vt 0.60535 0.52376
vt 0.59749 0.52036
vt 0.60351 0.52031
vt 0.84759 0.29291
vt 0.85102 0.28751
vt 0.8475 0.28577
vt 0.44267 0.11885
vt 0.43698 0.12141
vt 0.4402 0.12623
vt 0.61874 0.52671
vt 0.60912 0.51164
vt 0.60916 0.51165
vt 0.60912 0.51163
vt 0.85291 0.28371
vt 0.60979 0.51937
vt 0.22277 0.21555
vt 0.22648 0.22163
vt 0.21854 0.22163
vt 0.22499 0.21818
vt 0.22515 0.21534
vt 0.21808 0.2117
vt 0.222 0.21218
vt 0.60036 0.51471
vt 0.23371 0.21978
vt 0.85067 0.28937
vt 0.61959 0.51951
vt 0.62112 0.51527
vt 0.85303 0.28577
vt 0.61731 0.5199
vt 0.85587 0.28646
vt 0.26902 0.46189
vt 0.26429 0.46368
vt 0.26483 0.46037
vt 0.26754 0.46877
vt 0.27749 0.46985
vt 0.27884 0.47262
vt 0.2599 0.45958
vt 0.26074 0.45839
vt 0.25563 0.45705
vt 0.26143 0.46647
vt 0.27344 0.47592
vt 0.26442 0.47187
vt 0.25747 0.46552
vt 0.2579 0.46476
vt 0.01751 0.2493
vt 0.01856 0.25328
vt 0.01685 0.24975
vt 0.01834 0.2492
vt 0.01678 0.24888
vt 0.01759 0.24825
vt 0.6216 0.08553
vt 0.63086 0.07454
vt 0.62937 0.07641
vt 0.63156 0.07669
vt 0.62665 0.07114
vt 0.62451 0.07096
vt 0.62495 0.07254
vt 0.63045 0.06934
vt 0.62439 0.07768
vt 0.0205 0.25712
vt 0.01951 0.25654
vt 0.02051 0.25598
vt 0.62966 0.07885
vt 0.6334 0.08091
vt 0.62544 0.07998
vt 0.62171 0.07242
vt 0.61859 0.07255
vt 0.62102 0.07592
vt 0.62233 0.07929
vt 0.61932 0.07991
vt 0.88722 0.27777
vt 0.87903 0.2895
vt 0.88911 0.28012
vt 0.88003 0.2794
vt 0.87757 0.28117
vt 0.87761 0.28609
vt 0.86894 0.2906
vt 0.86713 0.28713
vt 0.86445 0.29039
vt 0.88034 0.27626
vt 0.87428 0.2807
vt 0.02547 0.25095
vt 0.02768 0.25334
vt 0.02847 0.25065
vt 0.0245 0.24535
vt 0.02621 0.24507
vt 0.89033 0.26986
vt 0.03088 0.25318
vt 0.03017 0.24587
vt 0.61759 0.07242
vt 0.61801 0.07532
vt 0.87661 0.2917
vt 0.87689 0.29243
vt 0.87561 0.29345
vt 0.87278 0.29272
vt 0.61959 0.08394
vt 0.7802 0.56836
vt 0.78231 0.56636
vt 0.78037 0.56308
vt 0.45944 0.11462
vt 0.45944 0.11466
vt 0.31615 0.49933
vt 0.31639 0.49941
vt 0.31621 0.49946
vt 0.4594 0.11462
vt 0.45947 0.1146
vt 0.45937 0.11457
vt 0.17 0.74483
vt 0.17029 0.745
vt 0.17036 0.74491
vt 0.45903 0.11455
vt 0.29878 0.48677
vt 0.30899 0.49194
vt 0.29352 0.48944
vt 0.28197 0.4822
vt 0.76425 0.57671
vt 0.76537 0.57541
vt 0.76413 0.57672
vt 0.77941 0.5599
vt 0.77811 0.55993
vt 0.15168 0.89251
vt 0.16175 0.89574
vt 0.15533 0.8972
vt 0.29237 0.48991
vt 0.28811 0.48848
vt 0.15583 0.89105
vt 0.14903 0.8925
vt 0.44785 0.10735
vt 0.44609 0.10605
vt 0.44629 0.10725
vt 0.45113 0.11232
vt 0.45404 0.11024
vt 0.31592 0.48987
vt 0.28243 0.48106
vt 0.29117 0.47953
vt 0.29776 0.48289
vt 0.27839 0.47964
vt 0.27891 0.48104
vt 0.4496 0.1127
vt 0.45094 0.11382
vt 0.2776 0.4818
vt 0.2046 0.22599
vt 0.20481 0.22473
vt 0.2064 0.22606
vt 0.14876 0.8914
vt 0.20869 0.22981
vt 0.20999 0.22711
vt 0.15552 0.88644
vt 0.15627 0.88953
vt 0.15163 0.88548
vt 0.21762 0.23517
vt 0.21707 0.23268
vt 0.21989 0.23536
vt 0.21158 0.23201
vt 0.2148 0.22924
vt 0.22186 0.22884
vt 0.22307 0.22876
vt 0.22295 0.22939
vt 0.21548 0.22404
vt 0.22296 0.22846
vt 0.44286 0.11213
vt 0.4447 0.10649
vt 0.43844 0.1066
vt 0.43932 0.10894
vt 0.43782 0.11351
vt 0.44359 0.11651
vt 0.44022 0.1169
vt 0.43384 0.10869
vt 0.42994 0.10944
vt 0.43253 0.11185
vt 0.43463 0.11554
vt 0.42883 0.11626
vt 0.42704 0.1153
vt 0.42706 0.11644
vt 0.43478 0.11896
vt 0.43321 0.12143
vt 0.42943 0.11872
vt 0.60913 0.51162
vt 0.22556 0.23578
vt 0.22349 0.22888
vt 0.23308 0.22787
vt 0.23021 0.23436
vt 0.23092 0.23698
vt 0.22353 0.22783
vt 0.23128 0.22507
vt 0.22339 0.22858
vt 0.23946 0.23433
vt 0.24021 0.23451
vt 0.23926 0.235
vt 0.24005 0.23403
vt 0.23431 0.22716
vt 0.24148 0.22617
vt 0.23373 0.21979
vt 0.23379 0.21984
vt 0.23373 0.21981
vt 0.23372 0.21979
vt 0.23393 0.22606
vt 0.23296 0.22683
vt 0.42304 0.1106
vt 0.42414 0.11547
vt 0.41988 0.11247
vt 0.4193 0.11427
vt 0.41919 0.11001
vt 0.84841 0.29667
vt 0.85059 0.29974
vt 0.85614 0.2952
vt 0.85859 0.28736
vt 0.41656 0.11277
vt 0.63234 0.51271
vt 0.64041 0.51557
vt 0.62798 0.5017
vt 0.62628 0.5093
vt 0.63047 0.51434
vt 0.62261 0.51151
vt 0.6106 0.50215
vt 0.62047 0.505
vt 0.61725 0.50109
vt 0.24088 0.23411
vt 0.24255 0.23499
vt 0.24885 0.23129
vt 0.2422 0.22642
vt 0.24174 0.22551
vt 0.24127 0.22572
vt 0.6143 0.50677
vt 0.62145 0.51244
vt 0.608 0.50219
vt 0.60912 0.51155
vt 0.24191 0.22593
vt 0.60693 0.50126
vt 0.24347 0.22619
vt 0.62555 0.50072
vt 0.62663 0.50051
vt 0.6246 0.49869
vt 0.62695 0.50102
vt 0.25562 0.23275
vt 0.24876 0.22821
vt 0.25028 0.23481
vt 0.62766 0.50097
vt 0.62726 0.50086
vt 0.6269 0.50038
vt 0.25898 0.45146
vt 0.2598 0.44759
vt 0.26304 0.45126
vt 0.26193 0.45279
vt 0.26745 0.45485
vt 0.27216 0.46013
vt 0.2663 0.45965
vt 0.25818 0.45202
vt 0.25599 0.45075
vt 0.02386 0.26669
vt 0.02187 0.26268
vt 0.02363 0.26284
vt 0.02068 0.25927
vt 0.02117 0.26206
vt 0.62384 0.06362
vt 0.62339 0.0587
vt 0.6199 0.06022
vt 0.61892 0.0655
vt 0.62507 0.06775
vt 0.62001 0.06753
vt 0.62807 0.06721
vt 0.62481 0.06563
vt 0.62659 0.06368
vt 0.61226 0.05948
vt 0.61227 0.05935
vt 0.61214 0.05942
vt 0.61231 0.05973
vt 0.61746 0.06586
vt 0.61476 0.06538
vt 0.61729 0.0711
vt 0.61865 0.06898
vt 0.61932 0.06649
vt 0.88637 0.28869
vt 0.26179 0.44477
vt 0.2612 0.44576
vt 0.25976 0.4445
vt 0.03061 0.27042
vt 0.02686 0.26956
vt 0.02955 0.26777
vt 0.03213 0.26993
vt 0.03269 0.26799
vt 0.03231 0.27092
vt 0.02658 0.26214
vt 0.02742 0.2644
vt 0.02866 0.25747
vt 0.03203 0.26118
vt 0.03694 0.26668
vt 0.03933 0.26757
vt 0.0394 0.26954
vt 0.03287 0.26401
vt 0.03481 0.2617
vt 0.03373 0.27028
vt 0.38794 0.69042
vt 0.38419 0.69263
vt 0.38528 0.69361
vt 0.03204 0.2565
vt 0.60715 0.05672
vt 0.60988 0.05902
vt 0.6138 0.06465
vt 0.87653 0.29428
vt 0.3827 0.69595
vt 0.38135 0.69813
vt 0.38314 0.69705
vt 0.39344 0.69462
vt 0.38981 0.69752
vt 0.39217 0.69842
vt 0.39332 0.69207
vt 0.39671 0.69046
vt 0.88487 0.29201
vt 0.88746 0.28967
vt 0.3126 0.48103
vt 0.31426 0.48777
vt 0.30067 0.48134
vt 0.29256 0.47486
vt 0.15173 0.88068
vt 0.15149 0.88002
vt 0.15429 0.88074
vt 0.16223 0.88503
vt 0.22581 0.24167
vt 0.22582 0.24232
vt 0.22493 0.24156
vt 0.15291 0.88487
vt 0.16333 0.88589
vt 0.149 0.88436
vt 0.22516 0.24059
vt 0.43215 0.10079
vt 0.4323 0.10174
vt 0.43682 0.10103
vt 0.30091 0.468
vt 0.30075 0.47189
vt 0.29218 0.46901
vt 0.31298 0.48027
vt 0.31311 0.47495
vt 0.29255 0.47419
vt 0.43246 0.10213
vt 0.43909 0.10107
vt 0.31336 0.48076
vt 0.31432 0.48146
vt 0.43902 0.10067
vt 0.29092 0.47445
vt 0.29221 0.47438
vt 0.43867 0.10035
vt 0.4319 0.10203
vt 0.43164 0.10157
vt 0.42916 0.10257
vt 0.43263 0.09616
vt 0.4282 0.09557
vt 0.30101 0.46698
vt 0.30801 0.46968
vt 0.42373 0.10109
vt 0.42365 0.10357
vt 0.43177 0.10328
vt 0.42416 0.10462
vt 0.28314 0.46428
vt 0.27486 0.46711
vt 0.22775 0.24246
vt 0.23429 0.24426
vt 0.23282 0.24705
vt 0.27811 0.46258
vt 0.27188 0.46146
vt 0.27677 0.46143
vt 0.28898 0.47322
vt 0.22698 0.24119
vt 0.23402 0.24038
vt 0.76323 0.53985
vt 0.75818 0.54409
vt 0.7591 0.54509
vt 0.2374 0.24677
vt 0.24435 0.24869
vt 0.23897 0.25006
vt 0.24252 0.24207
vt 0.24211 0.24162
vt 0.24262 0.24159
vt 0.24166 0.23921
vt 0.42201 0.09666
vt 0.425 0.09603
vt 0.42195 0.10323
vt 0.41646 0.09927
vt 0.41501 0.10333
vt 0.41561 0.09615
vt 0.4222 0.10445
vt 0.41559 0.10665
vt 0.40988 0.10012
vt 0.40961 0.09785
vt 0.40648 0.09966
vt 0.40714 0.10483
vt 0.40792 0.10607
vt 0.40703 0.10617
vt 0.40758 0.10675
vt 0.41369 0.10973
vt 0.64431 0.51168
vt 0.24768 0.24966
vt 0.24861 0.24677
vt 0.24353 0.24189
vt 0.25021 0.23769
vt 0.25258 0.23733
vt 0.25202 0.24009
vt 0.61817 0.49286
vt 0.62048 0.4923
vt 0.61765 0.49397
vt 0.25698 0.2336
vt 0.259 0.23439
vt 0.25943 0.23615
vt 0.2592 0.23835
vt 0.26123 0.23842
vt 0.25211 0.24372
vt 0.25369 0.2456
vt 0.25426 0.24344
vt 0.26292 0.24558
vt 0.26427 0.24539
vt 0.26396 0.24657
vt 0.25478 0.24997
vt 0.26187 0.24685
vt 0.26115 0.23888
vt 0.26171 0.23883
vt 0.39833 0.09848
vt 0.40064 0.1022
vt 0.40578 0.10581
vt 0.40657 0.10634
vt 0.39989 0.10497
vt 0.39627 0.10237
vt 0.63545 0.48992
vt 0.62839 0.48503
vt 0.63118 0.49038
vt 0.64421 0.5105
vt 0.63331 0.49632
vt 0.63876 0.49905
vt 0.62842 0.49259
vt 0.62427 0.48817
vt 0.61275 0.48335
vt 0.62206 0.48191
vt 0.26228 0.23836
vt 0.63917 0.48285
vt 0.63624 0.48018
vt 0.63487 0.48233
vt 0.39572 0.09905
vt 0.39116 0.10126
vt 0.64634 0.50062
vt 0.64599 0.4946
vt 0.627 0.47317
vt 0.62519 0.48097
vt 0.63386 0.47918
vt 0.27012 0.24141
vt 0.27378 0.24661
vt 0.26702 0.24617
vt 0.27149 0.2429
vt 0.27136 0.24133
vt 0.2696 0.23998
vt 0.28118 0.24455
vt 0.28193 0.24452
vt 0.28188 0.24509
vt 0.28007 0.24517
vt 0.62531 0.47071
vt 0.62447 0.47096
vt 0.62051 0.47891
vt 0.63799 0.48029
vt 0.62775 0.47189
vt 0.63529 0.4784
vt 0.63736 0.46853
vt 0.63998 0.4706
vt 0.63925 0.46888
vt 0.63754 0.46731
vt 0.62654 0.46895
vt 0.62436 0.47012
vt 0.63455 0.46606
vt 0.62068 0.05598
vt 0.61753 0.05403
vt 0.61734 0.05581
vt 0.26802 0.44289
vt 0.27563 0.44547
vt 0.27011 0.44649
vt 0.61607 0.0544
vt 0.61835 0.05347
vt 0.61443 0.05026
vt 0.61157 0.0478
vt 0.60662 0.04377
vt 0.60511 0.04553
vt 0.60913 0.05266
vt 0.60796 0.0515
vt 0.60785 0.05286
vt 0.61191 0.04987
vt 0.61204 0.05926
vt 0.26494 0.43174
vt 0.27382 0.439
vt 0.26383 0.43795
vt 0.03249 0.2768
vt 0.03751 0.27875
vt 0.03786 0.28292
vt 0.03141 0.27439
vt 0.26403 0.43929
vt 0.27302 0.44028
vt 0.26129 0.43976
vt 0.03745 0.27618
vt 0.60999 0.04429
vt 0.26555 0.43121
vt 0.2647 0.43084
vt 0.61318 0.04902
vt 0.0421 0.28353
vt 0.04344 0.28624
vt 0.03868 0.2837
vt 0.04618 0.28471
vt 0.04527 0.28229
vt 0.04083 0.27704
vt 0.04546 0.27666
vt 0.03978 0.27433
vt 0.04461 0.27465
vt 0.60065 0.04519
vt 0.60133 0.04795
vt 0.60424 0.05176
vt 0.60557 0.05383
vt 0.58944 0.04756
vt 0.58921 0.04705
vt 0.5885 0.04728
vt 0.58852 0.04743
vt 0.60155 0.05121
vt 0.59732 0.04883
vt 0.05494 0.28095
vt 0.05251 0.28152
vt 0.0521 0.27911
vt 0.05537 0.28179
vt 0.60323 0.0536
vt 0.59924 0.05205
vt 0.39931 0.6976
vt 0.39901 0.69466
vt 0.39613 0.69867
vt 0.04644 0.27425
vt 0.04737 0.27571
vt 0.17328 0.86812
vt 0.17807 0.87249
vt 0.18206 0.87077
vt 0.17007 0.86074
vt 0.1925 0.86682
vt 0.1863 0.86356
vt 0.18353 0.8664
vt 0.5889 0.04771
vt 0.19349 0.86712
vt 0.19304 0.86652
vt 0.48983 0.62876
vt 0.49352 0.62839
vt 0.48784 0.62691
vt 0.49511 0.62189
vt 0.50269 0.62918
vt 0.18721 0.86054
vt 0.18209 0.85749
vt 0.17292 0.8567
vt 0.05686 0.2854
vt 0.05309 0.28567
vt 0.06312 0.28438
vt 0.58817 0.04722
vt 0.58807 0.04746
vt 0.19406 0.867
vt 0.19556 0.85714
vt 0.51622 0.62881
vt 0.51616 0.62884
vt 0.51633 0.62894
vt 0.18777 0.85113
vt 0.88153 0.62141
vt 0.88963 0.61968
vt 0.88739 0.61302
vt 0.50598 0.62144
vt 0.50837 0.62282
vt 0.50679 0.62086
vt 0.50911 0.62228
vt 0.57895 0.04962
vt 0.5789 0.04965
vt 0.57896 0.04965
vt 0.57892 0.04966
vt 0.57887 0.04964
vt 0.40711 0.69451
vt 0.40733 0.69302
vt 0.40581 0.69496
vt 0.40659 0.69303
vt 0.40551 0.69453
vt 0.50784 0.62075
vt 0.07176 0.27909
vt 0.07268 0.27915
vt 0.06991 0.28116
vt 0.48998 0.96259
vt 0.49667 0.9588
vt 0.49199 0.95998
vt 0.07322 0.27965
vt 0.07341 0.27904
vt 0.50473 0.61954
vt 0.50581 0.61949
vt 0.40877 0.6913
vt 0.4081 0.69131
vt 0.74781 0.54614
vt 0.74694 0.54468
vt 0.74491 0.54781
vt 0.7447 0.54992
vt 0.74168 0.55144
vt 0.42276 0.09416
vt 0.42496 0.0942
vt 0.32667 0.4755
vt 0.32349 0.47655
vt 0.31645 0.46699
vt 0.30585 0.46625
vt 0.31131 0.46492
vt 0.76087 0.53348
vt 0.7607 0.53372
vt 0.76099 0.53344
vt 0.76108 0.53322
vt 0.28147 0.4627
vt 0.76054 0.53477
vt 0.29379 0.46566
vt 0.76129 0.53306
vt 0.76074 0.5333
vt 0.76054 0.53363
vt 0.75094 0.53419
vt 0.77189 0.5137
vt 0.77155 0.51325
vt 0.77001 0.51498
vt 0.75651 0.5268
vt 0.29276 0.46067
vt 0.14776 0.87276
vt 0.16333 0.87558
vt 0.15536 0.87675
vt 0.15022 0.86985
vt 0.77245 0.51265
vt 0.24568 0.25579
vt 0.24534 0.25532
vt 0.24611 0.25532
vt 0.26763 0.45158
vt 0.26686 0.45104
vt 0.26814 0.45129
vt 0.2454 0.25436
vt 0.24462 0.25503
vt 0.7327 0.54953
vt 0.73278 0.55058
vt 0.73426 0.5488
vt 0.41192 0.08745
vt 0.4114 0.08675
vt 0.41106 0.08691
vt 0.41098 0.08748
vt 0.73153 0.55152
vt 0.41967 0.08956
vt 0.41644 0.09228
vt 0.413 0.09342
vt 0.40994 0.08699
vt 0.41052 0.08624
vt 0.40422 0.09083
vt 0.40244 0.08613
vt 0.40579 0.09265
vt 0.40411 0.09298
vt 0.40564 0.09579
vt 0.74737 0.5306
vt 0.29077 0.45367
vt 0.2821 0.44963
vt 0.29605 0.45247
vt 0.38156 0.873
vt 0.37145 0.87566
vt 0.3691 0.8838
vt 0.28789 0.44755
vt 0.74237 0.53455
vt 0.73028 0.54494
vt 0.25408 0.26014
vt 0.25465 0.25771
vt 0.25727 0.261
vt 0.26011 0.25524
vt 0.25297 0.25401
vt 0.26038 0.25437
vt 0.25778 0.26328
vt 0.25978 0.26202
vt 0.26123 0.25501
vt 0.26833 0.26121
vt 0.26102 0.25455
vt 0.26232 0.25447
vt 0.27033 0.254
vt 0.26942 0.25867
vt 0.26139 0.25293
vt 0.26981 0.25262
vt 0.39502 0.08532
vt 0.39629 0.09034
vt 0.3989 0.09218
vt 0.40035 0.09552
vt 0.39528 0.09192
vt 0.39423 0.09104
vt 0.39335 0.0925
vt 0.39659 0.09712
vt 0.39406 0.0973
vt 0.38445 0.09033
vt 0.38413 0.09006
vt 0.38273 0.09205
vt 0.39286 0.08566
vt 0.3845 0.09
vt 0.38766 0.09576
vt 0.38777 0.0985
vt 0.65846 0.49108
vt 0.65311 0.49614
vt 0.27036 0.26099
vt 0.2729 0.25481
vt 0.27949 0.25405
vt 0.27785 0.25839
vt 0.279 0.26225
vt 0.27198 0.25041
vt 0.27683 0.24873
vt 0.27195 0.25319
vt 0.28342 0.25803
vt 0.28822 0.25901
vt 0.28312 0.26168
vt 0.28741 0.25631
vt 0.2826 0.25224
vt 0.28952 0.2512
vt 0.28153 0.25013
vt 0.28893 0.24958
vt 0.27948 0.25165
vt 0.379 0.09667
vt 0.37983 0.09675
vt 0.38109 0.0905
vt 0.37371 0.09133
vt 0.3738 0.09171
vt 0.37331 0.09217
vt 0.37132 0.09596
vt 0.37824 0.09689
vt 0.37909 0.09698
vt 0.38002 0.09735
vt 0.65841 0.48985
vt 0.66 0.49116
vt 0.65961 0.48991
vt 0.65706 0.48017
vt 0.6428 0.47157
vt 0.37318 0.09158
vt 0.37222 0.09157
vt 0.86561 0.32626
vt 0.87445 0.31731
vt 0.87433 0.31396
vt 0.8815 0.29898
vt 0.88915 0.29713
vt 0.87293 0.31014
vt 0.64046 0.46788
vt 0.29721 0.25544
vt 0.29371 0.25613
vt 0.29365 0.25258
vt 0.29812 0.25181
vt 0.29849 0.25909
vt 0.62615 0.46113
vt 0.63216 0.45974
vt 0.29123 0.24801
vt 0.29153 0.25025
vt 0.8907 0.28648
vt 0.89033 0.29287
vt 0.89741 0.28438
vt 0.89116 0.29535
vt 0.88934 0.29825
vt 0.887 0.29109
vt 0.30199 0.25884
vt 0.30041 0.26076
vt 0.89326 0.2836
vt 0.89627 0.28107
vt 0.88312 0.29299
vt 0.88953 0.287
vt 0.89126 0.28499
vt 0.63324 0.45775
vt 0.63536 0.45953
vt 0.29888 0.24991
vt 0.29815 0.25041
vt 0.29637 0.24894
vt 0.29952 0.25075
vt 0.29917 0.26096
vt 0.29788 0.26104
vt 0.60387 0.0432
vt 0.25409 0.41049
vt 0.25349 0.40812
vt 0.25591 0.40884
vt 0.25919 0.41047
vt 0.26599 0.41915
vt 0.26228 0.42098
vt 0.26047 0.416
vt 0.60206 0.03857
vt 0.59985 0.03689
vt 0.59981 0.04023
vt 0.25362 0.4154
vt 0.24774 0.41338
vt 0.2551 0.41834
vt 0.26364 0.42318
vt 0.26681 0.4243
vt 0.26764 0.42601
vt 0.27903 0.43387
vt 0.60351 0.03976
vt 0.26599 0.42525
vt 0.26006 0.42674
vt 0.25703 0.42173
vt 0.04443 0.30251
vt 0.04336 0.30265
vt 0.04392 0.30048
vt 0.04823 0.29563
vt 0.04856 0.2956
vt 0.0484 0.29584
vt 0.04815 0.29596
vt 0.04764 0.29579
vt 0.04723 0.29015
vt 0.04884 0.29068
vt 0.04637 0.29297
vt 0.04908 0.28926
vt 0.05061 0.29052
vt 0.58839 0.04705
vt 0.5964 0.0397
vt 0.594 0.03655
vt 0.91966 0.60893
vt 0.90258 0.61702
vt 0.91158 0.61551
vt 0.89653 0.62772
vt 0.90606 0.62141
vt 0.89743 0.62365
vt 0.89295 0.62791
vt 0.5971 0.04299
vt 0.59632 0.04579
vt 0.59372 0.04375
vt 0.58867 0.04224
vt 0.5922 0.04043
vt 0.5867 0.03912
vt 0.59124 0.03689
vt 0.58526 0.04224
vt 0.89327 0.62539
vt 0.90152 0.61356
vt 0.90036 0.61533
vt 0.50282 0.62604
vt 0.50271 0.62616
vt 0.50286 0.62607
vt 0.91657 0.29375
vt 0.91644 0.29384
vt 0.91653 0.2938
vt 0.58521 0.04541
vt 0.58794 0.04696
vt 0.41434 0.69763
vt 0.41416 0.69776
vt 0.41426 0.69778
vt 0.41439 0.69769
vt 0.05721 0.29194
vt 0.04902 0.29589
vt 0.05946 0.29163
vt 0.0586 0.29395
vt 0.05588 0.28768
vt 0.05928 0.2875
vt 0.06634 0.29273
vt 0.07115 0.2917
vt 0.06914 0.29566
vt 0.06381 0.29654
vt 0.06608 0.28955
vt 0.06595 0.28946
vt 0.57714 0.03758
vt 0.58141 0.03972
vt 0.58382 0.03679
vt 0.57581 0.03833
vt 0.57422 0.0409
vt 0.57668 0.04015
vt 0.50293 0.62591
vt 0.57553 0.03682
vt 0.57896 0.04956
vt 0.57884 0.04955
vt 0.40733 0.69909
vt 0.40494 0.70298
vt 0.88147 0.62155
vt 0.88137 0.6215
vt 0.50745 0.67682
vt 0.51328 0.67426
vt 0.5109 0.67163
vt 0.41522 0.68788
vt 0.60783 0.67426
vt 0.61047 0.67351
vt 0.60545 0.67163
vt 0.57308 0.03864
vt 0.56884 0.04404
vt 0.56828 0.04348
vt 0.56821 0.04412
vt 0.70354 0.67172
vt 0.70352 0.67163
vt 0.70345 0.6717
vt 0.56844 0.04443
vt 0.88144 0.62145
vt 0.5111 0.61375
vt 0.51034 0.61389
vt 0.51198 0.61491
vt 0.51012 0.61289
vt 0.07449 0.29121
vt 0.07619 0.29378
vt 0.07606 0.29475
vt 0.07694 0.29446
vt 0.07835 0.29241
vt 0.07703 0.29497
vt 0.18233 0.85421
vt 0.18604 0.8476
vt 0.17901 0.84278
vt 0.50663 0.61929
vt 0.50077 0.61058
vt 0.49961 0.61447
vt 0.92828 0.28651
vt 0.92016 0.29519
vt 0.92213 0.29767
vt 0.92883 0.28251
vt 0.93087 0.28307
vt 0.91698 0.29287
vt 0.91871 0.28934
vt 0.917 0.29143
vt 0.07766 0.29471
vt 0.08222 0.28773
vt 0.08246 0.28726
vt 0.08285 0.28758
vt 0.50726 0.61114
vt 0.56792 0.04398
vt 0.91616 0.29337
vt 0.91623 0.2926
vt 0.56794 0.04427
vt 0.91612 0.29228
vt 0.9155 0.29329
vt 0.5109 0.61305
vt 0.91645 0.29166
vt 0.4049 0.08351
vt 0.40001 0.08274
vt 0.29684 0.4499
vt 0.30096 0.45416
vt 0.30782 0.45572
vt 0.3063 0.45169
vt 0.2831 0.44341
vt 0.29346 0.4478
vt 0.75261 0.52465
vt 0.75948 0.51746
vt 0.75344 0.51816
vt 0.28163 0.44562
vt 0.7429 0.52725
vt 0.73474 0.53139
vt 0.73182 0.52646
vt 0.72672 0.5332
vt 0.72429 0.53834
vt 0.74436 0.51606
vt 0.74586 0.51067
vt 0.74246 0.51641
vt 0.74056 0.52327
vt 0.72291 0.54668
vt 0.73599 0.53316
vt 0.73818 0.5304
vt 0.74096 0.53033
vt 0.2783 0.44366
vt 0.75998 0.51252
vt 0.75723 0.51158
vt 0.2558 0.2641
vt 0.25656 0.26509
vt 0.76434 0.50578
vt 0.75768 0.49721
vt 0.75676 0.49355
vt 0.74999 0.50243
vt 0.74698 0.51265
vt 0.27364 0.2683
vt 0.27375 0.27119
vt 0.2701 0.26827
vt 0.76191 0.49904
vt 0.265 0.26586
vt 0.27077 0.26373
vt 0.39298 0.07868
vt 0.39219 0.07966
vt 0.39481 0.07993
vt 0.7235 0.53127
vt 0.72162 0.53777
vt 0.73369 0.51313
vt 0.73741 0.51602
vt 0.74681 0.5057
vt 0.72407 0.52785
vt 0.72027 0.53186
vt 0.39297 0.08325
vt 0.39153 0.08452
vt 0.38256 0.07934
vt 0.37743 0.07599
vt 0.37724 0.08251
vt 0.38456 0.08286
vt 0.38787 0.08043
vt 0.3864 0.07616
vt 0.71934 0.5272
vt 0.73198 0.50798
vt 0.72241 0.51898
vt 0.38428 0.08973
vt 0.3831 0.08918
vt 0.28848 0.44005
vt 0.27938 0.4353
vt 0.28455 0.43579
vt 0.74496 0.50239
vt 0.27675 0.26924
vt 0.28161 0.26973
vt 0.27927 0.27347
vt 0.74527 0.50046
vt 0.74516 0.49961
vt 0.74426 0.50062
vt 0.27661 0.2663
vt 0.28107 0.2646
vt 0.74217 0.50309
vt 0.28722 0.27305
vt 0.29075 0.274
vt 0.28888 0.27467
vt 0.28739 0.26763
vt 0.28699 0.26538
vt 0.28987 0.26627
vt 0.29054 0.26748
vt 0.29108 0.26613
vt 0.29016 0.26516
vt 0.37632 0.08383
vt 0.37793 0.08398
vt 0.37494 0.08253
vt 0.37414 0.0845
vt 0.37504 0.07658
vt 0.36958 0.07958
vt 0.36812 0.076
vt 0.37647 0.08466
vt 0.36872 0.08653
vt 0.37279 0.09069
vt 0.36801 0.08391
vt 0.36451 0.08051
vt 0.36504 0.07605
vt 0.3585 0.07935
vt 0.36312 0.08475
vt 0.88078 0.31607
vt 0.87158 0.32667
vt 0.29899 0.27577
vt 0.29844 0.27013
vt 0.89612 0.30315
vt 0.90082 0.2951
vt 0.89956 0.29469
vt 0.88613 0.31515
vt 0.88455 0.31255
vt 0.88119 0.31778
vt 0.30512 0.26975
vt 0.31013 0.271
vt 0.30475 0.27433
vt 0.3076 0.26609
vt 0.90361 0.28981
vt 0.89175 0.29597
vt 0.90155 0.28401
vt 0.90126 0.28307
vt 0.90519 0.27969
vt 0.90396 0.28349
vt 0.29999 0.26811
vt 0.3012 0.26952
vt 0.30189 0.26792
vt 0.2988 0.2618
vt 0.29979 0.26171
vt 0.3066 0.26462
vt 0.3074 0.26456
vt 0.30675 0.26364
vt 0.35661 0.07899
vt 0.35709 0.07982
vt 0.8881 0.31774
vt 0.89021 0.31452
vt 0.8949 0.30963
vt 0.89055 0.31542
vt 0.90214 0.30095
vt 0.9068 0.29289
vt 0.90771 0.28413
vt 0.90747 0.28676
vt 0.90896 0.28194
vt 0.90538 0.30041
vt 0.90657 0.29946
vt 0.90695 0.29774
vt 0.90732 0.29858
vt 0.3091 0.26551
vt 0.31737 0.27331
vt 0.31616 0.2731
vt 0.31675 0.27231
vt 0.9094 0.28274
vt 0.31792 0.27319
vt 0.25774 0.40882
vt 0.25536 0.40807
vt 0.60366 0.02624
vt 0.60314 0.0264
vt 0.60355 0.02743
vt 0.25539 0.40706
vt 0.60319 0.02527
vt 0.59967 0.03314
vt 0.60103 0.03411
vt 0.60148 0.03147
vt 0.60219 0.03243
vt 0.59913 0.03164
vt 0.91828 0.6152
vt 0.91765 0.61815
vt 0.9207 0.61494
vt 0.43326 0.69118
vt 0.43248 0.68249
vt 0.42853 0.68988
vt 0.04337 0.3032
vt 0.04396 0.30322
vt 0.921 0.61548
vt 0.92178 0.61379
vt 0.04407 0.30416
vt 0.0448 0.30317
vt 0.92118 0.61334
vt 0.93524 0.27757
vt 0.93503 0.27767
vt 0.93466 0.27855
vt 0.04824 0.2962
vt 0.04861 0.29606
vt 0.58486 0.02393
vt 0.5857 0.0242
vt 0.58617 0.02374
vt 0.58567 0.02494
vt 0.5852 0.02439
vt 0.25857 0.40517
vt 0.25958 0.40461
vt 0.26086 0.40575
vt 0.58474 0.02646
vt 0.25734 0.40357
vt 0.59699 0.03425
vt 0.91305 0.61734
vt 0.91492 0.61471
vt 0.26047 0.40776
vt 0.58639 0.02682
vt 0.58408 0.02464
vt 0.90658 0.6057
vt 0.90536 0.60504
vt 0.90436 0.60703
vt 0.58256 0.03072
vt 0.58062 0.02968
vt 0.57939 0.03135
vt 0.5789 0.03297
vt 0.584 0.03225
vt 0.58945 0.03493
vt 0.88952 0.62255
vt 0.26835 0.41777
vt 0.26612 0.41702
vt 0.26665 0.41432
vt 0.25582 0.4043
vt 0.25297 0.40087
vt 0.25438 0.40122
vt 0.25338 0.40152
vt 0.25084 0.40706
vt 0.06074 0.30881
vt 0.06075 0.30829
vt 0.06125 0.30866
vt 0.06127 0.30894
vt 0.92061 0.60859
vt 0.92117 0.60783
vt 0.92097 0.60749
vt 0.14077 0.83861
vt 0.14432 0.84106
vt 0.14017 0.83931
vt 0.06493 0.30075
vt 0.06602 0.30167
vt 0.06495 0.30201
vt 0.06622 0.3025
vt 0.89826 0.60786
vt 0.90547 0.6015
vt 0.90965 0.60377
vt 0.89718 0.60128
vt 0.06205 0.30865
vt 0.06718 0.30191
vt 0.06745 0.30299
vt 0.14967 0.8437
vt 0.14619 0.8391
vt 0.14937 0.84559
vt 0.06696 0.30088
vt 0.07482 0.30117
vt 0.88615 0.60801
vt 0.88627 0.61098
vt 0.89188 0.60619
vt 0.57467 0.03048
vt 0.57243 0.0273
vt 0.57052 0.02766
vt 0.57008 0.02981
vt 0.56984 0.02447
vt 0.57621 0.03236
vt 0.57201 0.03283
vt 0.56802 0.02812
vt 0.56441 0.03142
vt 0.56194 0.02713
vt 0.56602 0.03219
vt 0.56429 0.03254
vt 0.56533 0.03335
vt 0.5708 0.03494
vt 0.80851 0.67163
vt 0.80936 0.67389
vt 0.80145 0.67425
vt 0.07519 0.30186
vt 0.07593 0.30208
vt 0.07496 0.30259
vt 0.08196 0.30267
vt 0.07995 0.30782
vt 0.07798 0.30819
vt 0.07995 0.30869
vt 0.07585 0.30156
vt 0.08172 0.30131
vt 0.92718 0.29789
vt 0.92962 0.29632
vt 0.92672 0.29715
vt 0.56974 0.02387
vt 0.56845 0.02416
vt 0.92471 0.29945
vt 0.0887 0.30685
vt 0.0902 0.30718
vt 0.08841 0.3078
vt 0.08972 0.30617
vt 0.92573 0.29603
vt 0.18748 0.84025
vt 0.18933 0.84391
vt 0.19338 0.84205
vt 0.93187 0.29002
vt 0.08352 0.3018
vt 0.08316 0.3002
vt 0.08767 0.30023
vt 0.55864 0.02643
vt 0.55942 0.02847
vt 0.5629 0.03201
vt 0.5611 0.03446
vt 0.5195 0.61271
vt 0.51398 0.61375
vt 0.51644 0.61562
vt 0.55509 0.02746
vt 0.56056 0.03186
vt 0.09096 0.30647
vt 0.09273 0.30827
vt 0.09423 0.30641
vt 0.08973 0.30221
vt 0.51383 0.60987
vt 0.91995 0.30339
vt 0.9226 0.30323
vt 0.37609 0.07523
vt 0.37719 0.07512
vt 0.71628 0.52372
vt 0.71347 0.52711
vt 0.71869 0.5185
vt 0.71472 0.52394
vt 0.74404 0.50157
vt 0.74325 0.50128
vt 0.37252 0.06441
vt 0.3727 0.06474
vt 0.37282 0.06416
vt 0.7336 0.49199
vt 0.7326 0.49243
vt 0.72936 0.49653
vt 0.2749 0.42175
vt 0.27568 0.42257
vt 0.27384 0.42168
vt 0.2741 0.42132
vt 0.29006 0.28395
vt 0.28958 0.28429
vt 0.2896 0.28386
vt 0.29111 0.28272
vt 0.2734 0.42266
vt 0.72748 0.50565
vt 0.73442 0.49954
vt 0.74016 0.49156
vt 0.35601 0.84579
vt 0.35399 0.85159
vt 0.35837 0.84753
vt 0.29262 0.2776
vt 0.36784 0.07397
vt 0.36627 0.07431
vt 0.71074 0.51718
vt 0.7168 0.51149
vt 0.71298 0.51262
vt 0.36629 0.07295
vt 0.36297 0.07411
vt 0.72812 0.49556
vt 0.73151 0.491
vt 0.2921 0.28345
vt 0.29075 0.28407
vt 0.74274 0.4878
vt 0.74328 0.48704
vt 0.74181 0.48688
vt 0.71996 0.49691
vt 0.29631 0.27867
vt 0.29546 0.2791
vt 0.73284 0.48829
vt 0.73531 0.48198
vt 0.72908 0.48634
vt 0.35707 0.07069
vt 0.34944 0.06708
vt 0.35123 0.07257
vt 0.35788 0.07235
vt 0.3605 0.07063
vt 0.72017 0.49186
vt 0.72446 0.48956
vt 0.28119 0.4236
vt 0.28134 0.42306
vt 0.28218 0.42354
vt 0.28085 0.42276
vt 0.7306 0.48305
vt 0.72501 0.47908
vt 0.35287 0.07335
vt 0.35761 0.0773
vt 0.31096 0.27443
vt 0.30064 0.27694
vt 0.30114 0.27917
vt 0.30232 0.27676
vt 0.30134 0.27565
vt 0.31036 0.27823
vt 0.31343 0.28298
vt 0.30443 0.28041
vt 0.31273 0.27784
vt 0.35069 0.07318
vt 0.34997 0.07271
vt 0.3488 0.07354
vt 0.34898 0.06722
vt 0.34468 0.07076
vt 0.31605 0.28323
vt 0.31453 0.28357
vt 0.90194 0.30738
vt 0.35096 0.07399
vt 0.35046 0.07517
vt 0.3515 0.07912
vt 0.34797 0.0771
vt 0.34385 0.07286
vt 0.34679 0.07603
vt 0.34 0.06947
vt 0.344 0.06695
vt 0.72023 0.47414
vt 0.71204 0.4747
vt 0.71182 0.47774
vt 0.90666 0.30572
vt 0.9099 0.30754
vt 0.91225 0.30628
vt 0.34059 0.07344
vt 0.34693 0.07683
vt 0.64768 0.44503
vt 0.64465 0.44584
vt 0.64671 0.44727
vt 0.90667 0.30196
vt 0.32011 0.28375
vt 0.32072 0.28025
vt 0.31932 0.27898
vt 0.32142 0.27887
vt 0.31715 0.27372
vt 0.31768 0.2737
vt 0.32667 0.28264
vt 0.32428 0.27724
vt 0.90795 0.29848
vt 0.25418 0.40092
vt 0.58682 0.022
vt 0.58672 0.0222
vt 0.58744 0.02214
vt 0.91126 0.60342
vt 0.91058 0.60315
vt 0.91051 0.6041
vt 0.06097 0.30908
vt 0.91187 0.60232
vt 0.91091 0.60235
vt 0.56044 0.02558
vt 0.2675 0.4021
vt 0.26849 0.40544
vt 0.26494 0.404
vt 0.27447 0.4061
vt 0.89258 0.6027
vt 0.88739 0.6011
vt 0.88699 0.60701
vt 0.0776 0.31075
vt 0.8918 0.60033
vt 0.88424 0.59691
vt 0.87947 0.59158
vt 0.87769 0.59404
vt 0.55995 0.02134
vt 0.55246 0.02076
vt 0.55358 0.02213
vt 0.88383 0.58829
vt 0.56262 0.02251
vt 0.88579 0.59866
vt 0.88661 0.59646
vt 0.0911 0.30937
vt 0.08735 0.3101
vt 0.5514 0.02171
vt 0.54471 0.01788
vt 0.55193 0.01898
vt 0.87521 0.58547
vt 0.8768 0.58777
vt 0.87744 0.58537
vt 0.544 0.01759
vt 0.54396 0.01835
vt 0.10379 0.31696
vt 0.10256 0.31708
vt 0.10204 0.316
vt 0.87317 0.58796
vt 0.93218 0.30089
vt 0.93262 0.2987
vt 0.93106 0.30049
vt 0.55215 0.02297
vt 0.0988 0.31197
vt 0.10374 0.31333
vt 0.10369 0.31561
vt 0.54505 0.02124
vt 0.54559 0.02103
vt 0.54458 0.02081
vt 0.54326 0.02103
vt 0.54152 0.01699
vt 0.10727 0.31572
vt 0.10754 0.31446
vt 0.11136 0.31661
vt 0.54621 0.02166
vt 0.54517 0.02172
vt 0.55038 0.02504
vt 0.51798 0.59501
vt 0.51918 0.59374
vt 0.5172 0.59426
vt 0.51625 0.59933
vt 0.51825 0.5921
vt 0.51427 0.59345
vt 0.10487 0.31304
vt 0.10418 0.31649
vt 0.10568 0.31815
vt 0.10464 0.31697
vt 0.10489 0.31644
vt 0.10609 0.31725
vt 0.53414 0.01654
vt 0.53625 0.01781
vt 0.53625 0.01676
vt 0.53395 0.01725
vt 0.52385 0.5894
vt 0.52547 0.58795
vt 0.52059 0.58963
vt 0.11608 0.31883
vt 0.11416 0.31975
vt 0.53418 0.58716
vt 0.53446 0.58594
vt 0.53291 0.58652
vt 0.53345 0.58508
vt 0.12329 0.32186
vt 0.1219 0.32181
vt 0.12223 0.32088
vt 0.1239 0.32175
vt 0.3722 0.06413
vt 0.37258 0.06406
vt 0.74385 0.48729
vt 0.74304 0.48801
vt 0.74347 0.48806
vt 0.27546 0.42176
vt 0.74447 0.48724
vt 0.29007 0.28423
vt 0.37185 0.0645
vt 0.7443 0.48678
vt 0.34927 0.06686
vt 0.34949 0.06675
vt 0.34983 0.06697
vt 0.35014 0.0641
vt 0.28253 0.42334
vt 0.27958 0.41978
vt 0.90135 0.67163
vt 0.89945 0.67262
vt 0.89948 0.67213
vt 0.34571 0.06681
vt 0.3408 0.8381
vt 0.33667 0.83667
vt 0.3379 0.83983
vt 0.72387 0.47743
vt 0.7214 0.47523
vt 0.72587 0.4768
vt 0.5351 0.01622
vt 0.53626 0.01599
vt 0.86474 0.58272
vt 0.86469 0.58546
vt 0.86599 0.58564
vt 0.87055 0.58758
vt 0.86975 0.58382
vt 0.11688 0.32191
vt 0.11169 0.32034
vt 0.52727 0.01481
vt 0.52676 0.01485
vt 0.52768 0.01522
vt 0.46018 0.93765
vt 0.46412 0.93554
vt 0.46041 0.93493
vt 0.52521 0.01369
vt 0.52645 0.01514
vt 0.52346 0.01435
vt 0.93922 0.31398
vt 0.94028 0.31436
vt 0.94001 0.31298
vt 0.12097 0.32271
vt 0.12309 0.32221
vt 0.8594 0.58342
vt 0.85668 0.58368
vt 0.85538 0.58275
vt 0.12495 0.32336
vt 0.12374 0.3222
vt 0.94075 0.31263
vt 0.94181 0.31299
vt 0.56301 0.65211
vt 0.07383 0.18722
vt 0.52435 0.61632
vt 0.57119 0.14086
vt 0.57214 0.64913
vt 0.55463 0.14399
vt 0.12151 0.17961
vt 0.55229 0.60187
vt 0.59805 0.62636
vt 0.53142 0.14713
vt 0.61697 0.1177
vt 0.25739 0.50872
vt 0.25217 0.502
vt 0.25763 0.51118
vt 0.26412 0.51476
vt 0.51621 0.65795
vt 0.50203 0.64072
vt 0.05552 0.20696
vt 0.88676 0.62863
vt 0.05759 0.20569
vt 0.85144 0.6596
vt 0.58285 0.12667
vt 0.83658 0.65491
vt 0.0821 0.19643
vt 0.56717 0.13126
vt 0.56695 0.13131
vt 0.81656 0.65132
vt 0.10492 0.19346
vt 0.81268 0.64891
vt 0.80204 0.63665
vt 0.5296 0.14707
vt 0.13607 0.19617
vt 0.83291 0.59183
vt 0.06738 0.67879
vt 0.06731 0.67874
vt 0.06855 0.67
vt 0.61725 0.61112
vt 0.50034 0.14553
vt 0.58479 0.57253
vt 0.62545 0.10615
vt 0.2569 0.48927
vt 0.63089 0.09851
vt 0.28208 0.49445
vt 0.25275 0.50095
vt 0.1612 0.91165
vt 0.1576 0.90671
vt 0.15776 0.90671
vt 0.03783 0.22357
vt 0.61338 0.10343
vt 0.33667 0.69368
vt 0.33799 0.6877
vt 0.85329 0.25888
vt 0.89605 0.63241
vt 0.41072 0.94976
vt 0.41065 0.94986
vt 0.40713 0.96197
vt 0.42345 0.92869
vt 0.42337 0.92881
vt 0.42695 0.9381
vt 0.49241 0.12829
vt 0.17309 0.20843
vt 0.62286 0.56926
vt 0.20218 0.19995
vt 0.0168 0.23443
vt 0.63398 0.08563
vt 0.6184 0.09251
vt 0.34844 0.69251
vt 0.61508 0.10011
vt 0.35822 0.68541
vt 0.77354 0.58006
vt 0.77415 0.585
vt 0.19626 0.22135
vt 0.19662 0.22156
vt 0.6238 0.54006
vt 0.84182 0.28192
vt 0.83596 0.29038
vt 0.84622 0.28609
vt 0.8548 0.27739
vt 0.8616 0.27648
vt 0.86157 0.27652
vt 0.03171 0.2477
vt 0.86108 0.28939
vt 0.30028 0.49836
vt 0.31626 0.49931
vt 0.27704 0.47523
vt 0.20994 0.23085
vt 0.85794 0.28638
vt 0.84735 0.30197
vt 0.60687 0.50091
vt 0.25516 0.45406
vt 0.27122 0.45009
vt 0.62663 0.06146
vt 0.27873 0.45749
vt 0.31733 0.68963
vt 0.31732 0.68977
vt 0.32221 0.68609
vt 0.02535 0.26879
vt 0.39553 0.68773
vt 0.89696 0.27652
vt 0.39478 0.68046
vt 0.38781 0.69911
vt 0.37472 0.69637
vt 0.61729 0.07201
vt 0.21888 0.23657
vt 0.14956 0.88063
vt 0.43966 0.10103
vt 0.77109 0.53414
vt 0.15611 0.87757
vt 0.23129 0.24769
vt 0.23291 0.24839
vt 0.6144 0.48758
vt 0.27458 0.43766
vt 0.18599 0.87182
vt 0.49067 0.63244
vt 0.50413 0.63809
vt 0.04127 0.26935
vt 0.40277 0.69016
vt 0.5943 0.04983
vt 0.19287 0.86774
vt 0.05765 0.28136
vt 0.06462 0.28356
vt 0.5098 0.7533
vt 0.50745 0.76066
vt 0.50995 0.75338
vt 0.19573 0.85724
vt 0.49204 0.96869
vt 0.9095 0.29515
vt 0.9174 0.28394
vt 0.91446 0.28469
vt 0.18851 0.85059
vt 0.19562 0.85712
vt 0.40119 0.70278
vt 0.40116 0.70278
vt 0.57707 0.05103
vt 0.5779 0.05147
vt 0.48447 0.9703
vt 0.48457 0.97026
vt 0.42104 0.0894
vt 0.77097 0.53163
vt 0.29093 0.45975
vt 0.29147 0.45986
vt 0.77329 0.52791
vt 0.75359 0.54537
vt 0.29124 0.45974
vt 0.73169 0.55243
vt 0.41958 0.08847
vt 0.7504 0.52713
vt 0.30047 0.45746
vt 0.27253 0.44726
vt 0.37618 0.8691
vt 0.76418 0.51072
vt 0.15298 0.86681
vt 0.14693 0.86403
vt 0.1581 0.86567
vt 0.15113 0.8638
vt 0.36741 0.09272
vt 0.64707 0.46894
vt 0.28433 0.24513
vt 0.30283 0.25756
vt 0.63951 0.46228
vt 0.27843 0.42538
vt 0.28364 0.43414
vt 0.28766 0.67
vt 0.28975 0.67115
vt 0.29137 0.67252
vt 0.61302 0.7533
vt 0.61294 0.75333
vt 0.60545 0.75983
vt 0.40622 0.70607
vt 0.04907 0.29591
vt 0.90714 0.61042
vt 0.15017 0.84761
vt 0.14075 0.84257
vt 0.05761 0.2943
vt 0.0659 0.28956
vt 0.70351 0.75586
vt 0.70345 0.75599
vt 0.70934 0.7533
vt 0.80145 0.75599
vt 0.80909 0.75871
vt 0.80734 0.7533
vt 0.2853 0.67985
vt 0.29132 0.67569
vt 0.28526 0.67987
vt 0.40129 0.70273
vt 0.91932 0.30157
vt 0.91804 0.29724
vt 0.51203 0.62169
vt 0.17 0.8401
vt 0.89945 0.7533
vt 0.91083 0.76447
vt 0.91093 0.76436
vt 0.07867 0.28993
vt 0.01455 0.77672
vt 0.01811 0.77452
vt 0.01403 0.78008
vt 0.92339 0.28612
vt 0.07462 0.29054
vt 0.15684 0.85842
vt 0.16195 0.86175
vt 0.15067 0.85966
vt 0.16197 0.86395
vt 0.77105 0.4953
vt 0.3887 0.07663
vt 0.38221 0.07529
vt 0.7449 0.48711
vt 0.74873 0.48484
vt 0.35983 0.08261
vt 0.36675 0.09048
vt 0.36349 0.0862
vt 0.30471 0.26023
vt 0.91272 0.27243
vt 0.31291 0.26898
vt 0.91268 0.28787
vt 0.43147 0.69311
vt 0.93544 0.28724
vt 0.93736 0.28459
vt 0.43167 0.68297
vt 0.8955 0.61143
vt 0.28256 0.41931
vt 0.27543 0.41551
vt 0.14357 0.83667
vt 0.01084 0.78937
vt 0.01025 0.7894
vt 0.00333 0.78978
vt 0.90774 0.59843
vt 0.06358 0.30035
vt 0.19584 0.84392
vt 0.19269 0.84782
vt 0.26941 0.40832
vt 0.27573 0.4071
vt 0.572 0.02449
vt 0.50801 0.83497
vt 0.51082 0.83936
vt 0.50745 0.83499
vt 0.6092 0.83497
vt 0.61251 0.83609
vt 0.60545 0.83872
vt 0.1904 0.83667
vt 0.511 0.60836
vt 0.56192 0.0328
vt 0.92865 0.30129
vt 0.28428 0.42973
vt 0.28552 0.42938
vt 0.36747 0.06925
vt 0.15475 0.84949
vt 0.15959 0.85451
vt 0.15347 0.84955
vt 0.15549 0.85271
vt 0.35189 0.84708
vt 0.34794 0.85198
vt 0.36563 0.06972
vt 0.29856 0.27956
vt 0.73789 0.48662
vt 0.74131 0.48153
vt 0.72335 0.47874
vt 0.70451 0.83626
vt 0.70972 0.83937
vt 0.70345 0.83497
vt 0.71422 0.49952
vt 0.80145 0.83497
vt 0.80253 0.83582
vt 0.80402 0.83672
vt 0.3183 0.28374
vt 0.72226 0.47875
vt 0.35489 0.07926
vt 0.90571 0.30184
vt 0.09597 0.31313
vt 0.08324 0.31049
vt 0.87293 0.58915
vt 0.87888 0.58601
vt 0.09735 0.31539
vt 0.55334 0.02644
vt 0.93385 0.30139
vt 0.93405 0.30391
vt 0.09654 0.30743
vt 0.09953 0.30917
vt 0.94022 0.297
vt 0.52902 0.01398
vt 0.90437 0.83712
vt 0.90443 0.83497
vt 0.89945 0.83552
vt 0.50745 0.91759
vt 0.50892 0.91718
vt 0.51389 0.91663
usemtl mat0
f 1/1/1 2/2/2 3/3/3
f 3/3/3 4/4/4 1/1/1
f 5/5/5 6/6/6 7/7/7
f 5/5/5 7/7/7 8/8/8
f 9/9/9 10/10/9 11/11/9
f 12/12/10 13/13/11 14/14/12
f 1/1/1 15/15/13 16/16/14
f 17/17/15 18/18/16 19/19/17
f 16/16/14 2/2/2 1/1/1
f 4/4/4 15/15/13 1/1/1
f 20/20/18 21/21/19 14/14/12
f 22/22/20 18/18/16 17/17/15
f 23/23/21 24/24/22 25/25/23
f 17/17/15 26/26/24 22/22/20
f 27/27/25 23/23/21 25/25/23
f 28/28/26 13/13/11 29/29/27
f 13/13/11 28/28/26 20/20/18
f 20/20/18 14/14/12 13/13/11
f 30/30/28 31/31/29 32/32/30
f 33/33/31 34/34/32 35/35/33
f 35/35/33 36/36/34 33/33/31
f 33/33/31 37/37/35 34/34/32
f 33/33/31 36/36/34 38/38/36
f 39/39/37 40/40/38 41/41/39
f 33/33/31 38/38/36 37/37/35
f 42/42/40 43/43/41 44/44/42
f 45/45/43 46/46/44 32/32/30
f 31/31/29 45/45/43 32/32/30
f 45/45/43 31/31/29 47/47/45
f 43/43/41 42/42/40 48/48/46
f 47/47/45 49/49/47 45/45/43
f 43/43/41 50/50/48 44/44/42
f 51/51/49 52/52/50 39/39/37
f 53/53/51 54/54/51 55/55/51
f 52/52/50 40/40/38 39/39/37
f 37/37/35 38/38/36 56/56/52
f 57/57/53 58/58/54 59/59/55
f 57/57/53 59/59/55 60/60/56
f 60/60/56 61/61/57 57/57/53
f 62/62/58 63/63/59 64/64/60
f 65/65/61 66/66/62 67/67/63
f 68/68/64 66/66/62 65/65/61
f 69/69/65 65/65/61 67/67/63
f 68/68/64 65/65/61 70/70/66
f 70/70/66 65/65/61 69/69/65
f 71/71/67 72/72/68 73/73/69
f 57/57/53 63/63/59 67/67/63
f 74/74/70 75/75/71 69/69/65
f 62/62/58 74/74/70 63/63/59
f 62/62/58 76/76/72 74/74/70
f 77/77/73 78/78/74 79/79/75
f 77/77/73 79/79/75 80/80/76
f 75/75/71 81/81/77 82/82/78
f 83/83/79 75/75/71 82/82/78
f 62/62/58 64/64/60 84/84/80
f 85/85/81 86/86/82 87/87/83
f 88/88/84 89/89/85 90/90/86
f 91/91/87 92/92/88 93/93/89
f 62/62/58 84/84/80 76/76/72
f 94/94/90 84/84/80 85/85/81
f 95/95/91 81/81/77 76/76/72
f 96/96/92 95/95/91 94/94/90
f 95/95/91 97/97/93 81/81/77
f 98/98/94 99/99/95 100/100/96
f 101/101/97 97/97/93 102/102/98
f 97/97/93 103/103/99 102/102/98
f 85/85/81 92/92/88 94/94/90
f 104/104/100 105/105/101 96/96/92
f 91/91/87 104/104/100 92/92/88
f 91/91/87 106/106/102 104/104/100
f 96/96/92 105/105/101 103/103/99
f 100/100/96 107/107/103 98/98/94
f 108/108/104 109/109/105 110/110/106
f 103/103/99 105/105/101 111/111/107
f 112/112/108 111/111/107 113/113/109
f 112/112/108 114/114/110 111/111/107
f 112/112/108 115/115/111 114/114/110
f 116/116/112 117/117/113 118/118/114
f 100/100/96 118/118/114 119/119/115
f 118/118/114 117/117/113 119/119/115
f 117/117/113 120/120/116 119/119/115
f 116/116/112 121/121/117 117/117/113
f 121/121/117 120/120/116 117/117/113
f 119/119/115 110/110/106 100/100/96
f 119/119/115 120/120/116 110/110/106
f 108/108/104 122/122/118 123/123/119
f 122/122/118 124/124/120 123/123/119
f 124/124/120 122/122/118 125/125/121
f 91/91/87 93/93/89 126/126/122
f 127/127/123 128/128/124 129/129/125
f 129/129/125 130/130/126 127/127/123
f 131/131/127 132/132/128 133/133/129
f 91/91/87 126/126/122 106/106/102
f 134/134/130 126/126/122 135/135/131
f 136/136/132 137/137/133 106/106/102
f 138/138/134 136/136/132 134/134/130
f 139/139/135 109/109/105 140/140/136
f 136/136/132 141/141/137 137/137/133
f 113/113/109 137/137/133 141/141/137
f 108/108/104 140/140/136 109/109/105
f 142/142/138 112/112/108 113/113/109
f 142/142/138 115/115/111 112/112/108
f 141/141/137 143/143/139 144/144/140
f 135/135/131 132/132/128 134/134/130
f 145/145/141 146/146/142 138/138/134
f 131/131/127 145/145/141 132/132/128
f 131/131/127 147/147/143 145/145/141
f 138/138/134 146/146/142 143/143/139
f 148/148/144 149/149/145 150/150/146
f 151/151/147 149/149/145 148/148/144
f 143/143/139 146/146/142 152/152/148
f 153/153/149 152/152/148 154/154/150
f 153/153/149 155/155/151 152/152/148
f 153/153/149 156/156/152 155/155/151
f 140/140/136 157/157/153 158/158/154
f 157/157/153 159/159/155 158/158/154
f 115/115/111 142/142/138 160/160/156
f 161/161/157 159/159/155 157/157/153
f 158/158/154 159/159/155 148/148/144
f 151/151/147 162/162/158 163/163/159
f 162/162/158 164/164/160 163/163/159
f 156/156/152 165/165/161 155/155/151
f 131/131/127 133/133/129 166/166/162
f 167/167/163 168/168/164 169/169/165
f 169/169/165 170/170/166 167/167/163
f 171/171/167 172/172/168 173/173/169
f 131/131/127 166/166/162 147/147/143
f 174/174/170 166/166/162 175/175/171
f 176/176/172 177/177/173 147/147/143
f 178/178/174 176/176/172 174/174/170
f 179/179/175 149/149/145 180/180/176
f 176/176/172 181/181/177 177/177/173
f 154/154/150 177/177/173 181/181/177
f 151/151/147 180/180/176 149/149/145
f 182/182/178 153/153/149 154/154/150
f 182/182/178 156/156/152 153/153/149
f 181/181/177 183/183/179 184/184/180
f 175/175/171 172/172/168 174/174/170
f 185/185/181 186/186/182 178/178/174
f 171/171/167 185/185/181 172/172/168
f 171/171/167 187/187/183 185/185/181
f 178/178/174 186/186/182 183/183/179
f 183/183/179 186/186/182 188/188/184
f 189/189/185 188/188/184 190/190/186
f 189/189/185 191/191/187 188/188/184
f 189/189/185 192/192/188 191/191/187
f 180/180/176 193/193/189 194/194/190
f 193/193/189 195/195/191 194/194/190
f 156/156/152 182/182/178 196/196/192
f 197/197/193 195/195/191 193/193/189
f 198/198/194 199/199/195 200/200/196
f 201/201/197 194/194/190 202/202/198
f 202/202/198 198/198/194 200/200/196
f 198/198/194 195/195/191 203/203/199
f 204/204/200 192/192/188 205/205/201
f 192/192/188 204/204/200 191/191/187
f 206/206/202 207/207/203 208/208/204
f 171/171/167 173/173/169 209/209/205
f 171/171/167 209/209/205 187/187/183
f 210/210/206 211/211/207 187/187/183
f 212/212/208 210/210/206 213/213/209
f 210/210/206 214/214/210 211/211/207
f 190/190/186 211/211/207 214/214/210
f 215/215/211 189/189/185 190/190/186
f 215/215/211 192/192/188 189/189/185
f 214/214/210 216/216/212 217/217/213
f 218/218/214 219/219/215 220/220/216
f 221/221/217 222/222/218 213/213/209
f 213/213/209 222/222/218 212/212/208
f 212/212/208 220/220/216 216/216/212
f 223/223/219 224/224/220 225/225/221
f 220/220/216 219/219/215 225/225/221
f 217/217/213 216/216/212 224/224/220
f 205/205/201 226/226/222 227/227/223
f 228/228/224 229/229/225 230/230/226
f 229/229/225 200/200/196 199/199/195
f 226/226/222 231/231/227 232/232/228
f 192/192/188 215/215/211 205/205/201
f 217/217/213 231/231/227 226/226/222
f 233/233/229 234/234/230 235/235/231
f 228/228/224 230/230/226 236/236/232
f 236/236/232 237/237/233 238/238/234
f 223/223/219 234/234/230 233/233/229
f 224/224/220 231/231/227 217/217/213
f 239/239/235 219/219/215 218/218/214
f 240/240/236 241/241/237 242/242/238
f 239/239/235 241/241/237 219/219/215
f 219/219/215 241/241/237 225/225/221
f 243/243/239 244/244/240 242/242/238
f 242/242/238 244/244/240 245/245/241
f 223/223/219 240/240/236 234/234/230
f 246/246/242 240/240/236 242/242/238
f 247/247/243 248/248/244 246/246/242
f 249/249/245 250/250/246 251/251/247
f 252/252/248 248/248/244 247/247/243
f 249/249/245 251/251/247 253/253/249
f 247/247/243 254/254/250 255/255/251
f 246/246/242 254/254/250 247/247/243
f 255/255/251 252/252/248 247/247/243
f 252/252/248 255/255/251 256/256/252
f 257/257/253 258/258/254 259/259/255
f 260/260/256 257/257/253 259/259/255
f 261/261/257 262/262/258 263/263/259
f 258/258/254 257/257/253 264/264/260
f 264/264/260 261/261/257 263/263/259
f 260/260/256 261/261/257 257/257/253
f 264/264/260 257/257/253 261/261/257
f 260/260/256 262/262/258 261/261/257
f 260/260/256 259/259/255 265/265/261
f 266/266/262 267/267/263 268/268/264
f 269/269/265 270/270/266 271/271/267
f 272/272/268 273/273/269 274/274/270
f 272/272/268 275/275/271 273/273/269
f 276/276/272 277/277/273 278/278/274
f 276/276/272 279/279/275 277/277/273
f 280/280/276 281/281/276 282/282/277
f 276/276/272 283/283/278 279/279/275
f 260/260/256 265/265/261 262/262/258
f 284/284/279 265/265/261 266/266/262
f 285/285/280 286/286/281 287/287/282
f 285/285/280 287/287/282 288/288/283
f 289/289/284 290/290/285 291/291/286
f 289/289/284 291/291/286 292/292/287
f 292/292/287 293/293/288 289/289/284
f 294/294/289 295/295/290 296/296/291
f 266/266/262 297/297/292 284/284/279
f 282/282/277 298/298/293 297/297/292
f 297/297/292 298/298/293 284/284/279
f 287/287/282 296/296/291 299/299/294
f 300/300/295 301/301/296 299/299/294
f 300/300/295 299/299/294 302/302/297
f 303/303/298 304/304/299 302/302/297
f 283/283/278 305/305/300 306/306/301
f 292/292/287 291/291/286 306/306/301
f 307/307/302 292/292/287 306/306/301
f 308/308/303 295/295/290 309/309/304
f 295/295/290 308/308/303 303/303/298
f 303/303/298 296/296/291 295/295/290
f 310/310/305 311/311/306 312/312/307
f 313/313/308 311/311/306 314/314/309
f 314/314/309 315/315/310 313/313/308
f 312/312/307 311/311/306 273/273/269
f 59/59/55 316/316/311 60/60/56
f 317/317/312 318/318/313 319/319/314
f 274/274/270 313/313/308 317/317/312
f 314/314/309 320/320/315 315/315/310
f 320/320/315 321/321/316 322/322/317
f 323/323/318 320/320/315 322/322/317
f 324/324/319 323/323/318 325/325/320
f 326/326/321 324/324/319 325/325/320
f 319/319/314 318/318/313 327/327/322
f 318/318/313 315/315/310 324/324/319
f 61/61/57 328/328/323 64/64/60
f 300/300/295 329/329/324 330/330/325
f 331/331/326 329/329/324 332/332/327
f 332/332/327 333/333/328 331/331/326
f 302/302/297 329/329/324 300/300/295
f 58/58/54 305/305/300 283/283/278
f 305/305/300 58/58/54 66/66/62
f 334/334/329 335/335/330 304/304/299
f 73/73/69 336/336/331 335/335/330
f 335/335/330 332/332/327 304/304/299
f 337/337/332 338/338/333 339/339/334
f 340/340/335 337/337/332 339/339/334
f 341/341/336 342/342/337 343/343/338
f 344/344/339 345/345/340 333/333/328
f 344/344/339 346/346/341 347/347/342
f 78/78/74 336/336/331 73/73/69
f 344/344/339 333/333/328 336/336/331
f 346/346/341 78/78/74 77/77/73
f 348/348/343 349/349/344 350/350/345
f 350/350/345 351/351/346 348/348/343
f 322/322/317 349/349/344 323/323/318
f 350/350/345 349/349/344 352/352/347
f 353/353/348 354/354/349 88/88/84
f 354/354/349 355/355/350 88/88/84
f 325/325/320 348/348/343 354/354/349
f 86/86/82 64/64/60 328/328/323
f 350/350/345 356/356/351 351/351/346
f 356/356/351 350/350/345 352/352/347
f 357/357/352 358/358/353 359/359/354
f 360/360/355 361/361/356 362/362/357
f 363/363/358 360/360/355 362/362/357
f 88/88/84 355/355/350 89/89/85
f 355/355/350 351/351/346 360/360/355
f 89/89/85 363/363/358 364/364/359
f 365/365/360 366/366/361 367/367/362
f 366/366/361 368/368/363 367/367/362
f 366/366/361 338/338/333 369/369/364
f 370/370/365 369/369/364 338/338/333
f 98/98/94 371/371/366 99/99/95
f 98/98/94 372/372/367 371/371/366
f 373/373/368 369/369/364 370/370/365
f 77/77/73 99/99/95 346/346/341
f 367/367/362 358/358/353 357/357/352
f 368/368/363 374/374/369 375/375/370
f 376/376/371 358/358/353 375/375/370
f 375/375/370 377/377/372 376/376/371
f 378/378/373 374/374/369 368/368/363
f 379/379/374 374/374/369 378/378/373
f 379/379/374 380/380/375 381/381/376
f 107/107/103 372/372/367 98/98/94
f 379/379/374 378/378/373 382/382/377
f 383/383/378 107/107/103 109/109/105
f 384/384/379 385/385/380 386/386/381
f 387/387/382 388/388/383 389/389/384
f 389/389/384 390/390/385 387/387/382
f 389/389/384 388/388/383 391/391/386
f 128/128/124 392/392/387 129/129/125
f 392/392/387 393/393/388 129/129/125
f 362/362/357 387/387/382 392/392/387
f 128/128/124 364/364/359 363/363/358
f 389/389/384 394/394/389 390/390/385
f 394/394/389 389/389/384 391/391/386
f 384/384/379 395/395/390 396/396/391
f 397/397/392 398/398/393 399/399/394
f 400/400/395 397/397/392 399/399/394
f 129/129/125 393/393/388 130/130/126
f 393/393/388 390/390/385 397/397/392
f 130/130/126 400/400/395 401/401/396
f 376/376/371 377/377/372 386/386/381
f 402/402/397 403/403/397 404/404/397
f 377/377/372 405/405/398 406/406/399
f 406/406/399 407/407/400 408/408/401
f 406/406/399 405/405/398 409/409/402
f 381/381/376 409/409/402 405/405/398
f 380/380/375 410/410/403 381/381/376
f 409/409/402 411/411/404 412/412/405
f 408/408/401 395/395/390 384/384/379
f 407/407/400 413/413/406 414/414/407
f 415/415/408 395/395/390 414/414/407
f 414/414/407 416/416/409 415/415/408
f 412/412/405 413/413/406 407/407/400
f 417/417/410 413/413/406 412/412/405
f 417/417/410 418/418/411 419/419/412
f 420/420/413 418/418/411 417/417/410
f 421/421/414 139/139/135 422/422/415
f 410/410/403 423/423/416 411/411/404
f 411/411/404 423/423/416 424/424/417
f 139/139/135 425/425/418 422/422/415
f 425/425/418 426/426/419 422/422/415
f 424/424/417 420/420/413 411/411/404
f 425/425/418 150/150/146 426/426/419
f 426/426/419 150/150/146 427/427/420
f 428/428/421 399/399/394 398/398/393
f 398/398/393 429/429/422 428/428/421
f 168/168/164 430/430/423 169/169/165
f 430/430/423 431/431/424 169/169/165
f 168/168/164 401/401/396 400/400/395
f 432/432/425 431/431/424 430/430/423
f 169/169/165 431/431/424 170/170/166
f 433/433/426 170/170/166 431/431/424
f 433/433/426 431/431/424 432/432/425
f 434/434/427 435/435/428 416/416/409
f 416/416/409 436/436/429 434/434/427
f 434/434/427 436/436/429 437/437/430
f 419/419/412 437/437/430 436/436/429
f 428/428/421 438/438/431 432/432/425
f 438/438/431 439/439/432 432/432/425
f 418/418/411 440/440/433 419/419/412
f 437/437/430 441/441/434 442/442/435
f 443/443/436 444/444/437 445/445/438
f 446/446/439 439/439/432 447/447/440
f 445/445/438 448/448/441 443/443/436
f 442/442/435 444/444/437 443/443/436
f 449/449/442 450/450/443 451/451/444
f 451/451/444 452/452/445 444/444/437
f 446/446/439 453/453/446 454/454/447
f 446/446/439 454/454/447 433/433/426
f 449/449/442 442/442/435 441/441/434
f 455/455/448 179/179/175 456/456/449
f 440/440/433 457/457/450 441/441/434
f 458/458/451 456/456/449 459/459/452
f 179/179/175 201/201/197 456/456/449
f 201/201/197 459/459/452 456/456/449
f 460/460/453 450/450/443 449/449/442
f 450/450/443 460/460/453 461/461/454
f 462/462/455 459/459/452 463/463/456
f 463/463/456 200/200/196 464/464/457
f 202/202/198 200/200/196 463/463/456
f 208/208/204 454/454/447 206/206/202
f 465/465/458 466/466/459 453/453/446
f 467/467/460 468/468/461 469/469/462
f 469/469/462 470/470/463 466/466/459
f 471/471/464 472/472/465 473/473/466
f 452/452/445 472/472/465 474/474/467
f 451/451/444 472/472/465 452/452/445
f 466/466/459 475/475/468 453/453/446
f 475/475/468 476/476/469 206/206/202
f 475/475/468 477/477/470 476/476/469
f 478/478/471 479/479/472 480/480/473
f 468/468/461 481/481/474 469/469/462
f 481/481/474 479/479/472 478/478/471
f 482/482/475 470/470/463 478/478/471
f 471/471/464 483/483/476 484/484/477
f 485/485/478 483/483/476 471/471/464
f 477/477/470 470/470/463 482/482/475
f 482/482/475 486/486/479 477/477/470
f 487/487/480 218/218/214 488/488/481
f 488/488/481 218/218/214 222/222/218
f 471/471/464 473/473/466 489/489/482
f 473/473/466 490/490/483 489/489/482
f 491/491/484 492/492/485 493/493/486
f 464/464/457 200/200/196 229/229/225
f 494/494/487 464/464/457 495/495/488
f 494/494/487 495/495/488 496/496/489
f 495/495/488 491/491/484 496/496/489
f 497/497/490 498/498/491 491/491/484
f 491/491/484 498/498/491 492/492/485
f 499/499/492 500/500/493 501/501/494
f 499/499/492 489/489/482 500/500/493
f 502/502/495 503/503/496 501/501/494
f 504/504/497 505/505/498 506/506/499
f 504/504/497 506/506/499 507/507/500
f 508/508/501 509/509/502 507/507/500
f 497/497/490 228/228/224 236/236/232
f 510/510/503 238/238/234 511/511/504
f 510/510/503 498/498/491 497/497/490
f 498/498/491 510/510/503 508/508/501
f 508/508/501 492/492/485 498/498/491
f 480/480/473 512/512/505 513/513/506
f 514/514/507 512/512/505 480/480/473
f 514/514/507 515/515/508 512/512/505
f 514/514/507 516/516/509 517/517/510
f 517/517/510 516/516/509 518/518/511
f 519/519/512 520/520/513 513/513/506
f 512/512/505 519/519/512 513/513/506
f 519/519/512 512/512/505 515/515/508
f 521/521/514 487/487/480 522/522/515
f 515/515/508 523/523/516 519/519/512
f 239/239/235 521/521/514 243/243/239
f 524/524/517 525/525/518 515/515/508
f 526/526/519 527/527/520 528/528/521
f 526/526/519 528/528/521 529/529/522
f 517/517/510 518/518/511 529/529/522
f 524/524/517 528/528/521 530/530/523
f 531/531/524 532/532/525 533/533/526
f 243/243/239 534/534/527 244/244/240
f 525/525/518 524/524/517 530/530/523
f 535/535/528 536/536/529 537/537/530
f 537/537/530 538/538/531 535/535/528
f 507/507/500 536/536/529 504/504/497
f 535/535/528 539/539/532 536/536/529
f 511/511/504 238/238/234 249/249/245
f 511/511/504 540/540/533 509/509/502
f 253/253/249 541/541/534 540/540/533
f 540/540/533 537/537/530 509/509/502
f 535/535/528 538/538/531 542/542/535
f 535/535/528 542/542/535 539/539/532
f 543/543/536 542/542/535 544/544/537
f 545/545/538 546/546/539 544/544/537
f 547/547/540 548/548/541 549/549/542
f 254/254/250 245/245/241 549/549/542
f 549/549/542 245/245/241 547/547/540
f 541/541/534 550/550/543 545/545/538
f 545/545/538 538/538/531 541/541/534
f 551/551/544 552/552/545 539/539/532
f 553/553/546 551/551/544 539/539/532
f 554/554/547 527/527/520 526/526/519
f 554/554/547 555/555/548 527/527/520
f 556/556/549 555/555/548 557/557/550
f 554/554/547 558/558/551 555/555/548
f 559/559/552 531/531/524 533/533/526
f 559/559/552 533/533/526 560/560/553
f 559/559/552 547/547/540 531/531/524
f 557/557/550 561/561/554 556/556/549
f 562/562/555 561/561/554 557/557/550
f 563/563/556 543/543/536 564/564/557
f 546/546/539 565/565/558 544/544/537
f 566/566/559 567/567/560 568/568/561
f 548/548/541 569/569/562 570/570/563
f 571/571/564 572/572/565 568/568/561
f 569/569/562 548/548/541 571/571/564
f 568/568/561 569/569/562 571/571/564
f 569/569/562 573/573/566 570/570/563
f 570/570/563 573/573/566 574/574/567
f 573/573/566 569/569/562 568/568/561
f 575/575/568 576/576/569 577/577/570
f 578/578/571 579/579/572 562/562/555
f 580/580/573 581/581/574 566/566/559
f 566/566/559 577/577/570 567/567/560
f 582/582/575 583/583/576 584/584/577
f 577/577/570 576/576/569 584/584/577
f 585/585/578 567/567/560 583/583/576
f 565/565/558 586/586/579 564/564/557
f 564/564/557 586/586/579 587/587/580
f 586/586/579 588/588/581 587/587/580
f 565/565/558 589/589/582 586/586/579
f 589/589/582 588/588/581 586/586/579
f 590/590/583 591/591/584 592/592/585
f 593/593/586 587/587/580 594/594/587
f 594/594/587 590/590/583 592/592/585
f 582/582/575 595/595/588 596/596/589
f 583/583/576 597/597/590 585/585/578
f 598/598/591 576/576/569 575/575/568
f 599/599/592 600/600/593 601/601/594
f 598/598/591 600/600/593 576/576/569
f 576/576/569 600/600/593 584/584/577
f 602/602/595 603/603/596 601/601/594
f 601/601/594 603/603/596 604/604/597
f 582/582/575 599/599/592 595/595/588
f 605/605/598 595/595/588 599/599/592
f 606/606/599 592/592/585 591/591/584
f 604/604/597 607/607/600 601/601/594
f 608/608/601 609/609/602 610/610/603
f 611/611/604 612/612/605 613/613/606
f 614/614/607 615/615/607 616/616/607
f 617/617/608 611/611/604 613/613/606
f 618/618/609 619/619/610 620/620/611
f 620/620/611 619/619/610 621/621/612
f 622/622/613 623/623/614 624/624/615
f 625/625/616 622/622/613 624/624/615
f 626/626/617 622/622/613 625/625/616
f 627/627/618 628/628/619 629/629/620
f 627/627/618 629/629/620 630/630/621
f 631/631/622 632/632/623 633/633/624
f 631/631/622 633/633/624 634/634/625
f 634/634/625 635/635/626 631/631/622
f 636/636/627 637/637/628 638/638/629
f 621/621/612 632/632/623 639/639/630
f 639/639/630 632/632/623 624/624/615
f 629/629/620 638/638/629 640/640/631
f 641/641/632 642/642/633 640/640/631
f 641/641/632 640/640/631 643/643/634
f 644/644/635 645/645/636 643/643/634
f 619/619/610 258/258/254 633/633/624
f 646/646/637 647/647/638 648/648/639
f 646/646/637 637/637/628 649/649/640
f 637/637/628 646/646/637 644/644/635
f 644/644/635 638/638/629 637/637/628
f 650/650/641 651/651/642 652/652/643
f 652/652/643 653/653/644 650/650/641
f 610/610/603 651/651/642 612/612/605
f 652/652/643 651/651/642 654/654/645
f 655/655/646 656/656/647 269/269/265
f 656/656/647 657/657/648 269/269/265
f 613/613/606 650/650/641 656/656/647
f 267/267/263 259/259/255 618/618/609
f 652/652/643 658/658/649 653/653/644
f 658/658/649 652/652/643 654/654/645
f 654/654/645 659/659/650 658/658/649
f 660/660/651 661/661/652 662/662/653
f 663/663/654 660/660/651 662/662/653
f 269/269/265 657/657/648 270/270/266
f 657/657/648 653/653/644 660/660/651
f 270/270/266 663/663/654 312/312/307
f 664/664/655 654/654/645 665/665/656
f 641/641/632 666/666/657 667/667/658
f 668/668/659 666/666/657 669/669/660
f 669/669/660 670/670/661 668/668/659
f 643/643/634 666/666/657 641/641/632
f 648/648/639 647/647/638 285/285/280
f 648/648/639 671/671/662 645/645/636
f 288/288/283 672/672/663 671/671/662
f 671/671/662 669/669/660 645/645/636
f 673/673/664 674/674/665 675/675/666
f 676/676/667 659/659/650 677/677/668
f 678/678/669 674/674/665 679/679/670
f 680/680/671 681/681/672 682/682/673
f 683/683/674 684/684/675 685/685/676
f 684/684/675 683/683/674 686/686/677
f 685/685/676 687/687/678 688/688/679
f 685/685/676 689/689/680 687/687/678
f 301/301/296 672/672/663 288/288/283
f 690/690/681 670/670/661 672/672/663
f 691/691/682 301/301/296 300/300/295
f 692/692/683 662/662/653 661/661/652
f 661/661/652 676/676/667 692/692/683
f 310/310/305 693/693/684 694/694/685
f 693/693/684 695/695/686 694/694/685
f 310/310/305 312/312/307 663/663/654
f 696/696/687 695/695/686 693/693/684
f 694/694/685 695/695/686 321/321/316
f 697/697/688 321/321/316 695/695/686
f 697/697/688 695/695/686 696/696/687
f 698/698/689 699/699/690 700/700/691
f 701/701/692 702/702/693 703/703/694
f 700/700/691 702/702/693 704/704/695
f 705/705/696 704/704/695 706/706/697
f 702/702/693 701/701/692 704/704/695
f 691/691/682 330/330/325 707/707/698
f 701/701/692 708/708/699 709/709/700
f 300/300/295 330/330/325 691/691/682
f 706/706/697 710/710/701 705/705/696
f 711/711/702 712/712/703 713/713/704
f 714/714/705 715/715/706 716/716/707
f 711/711/702 339/339/334 712/712/703
f 342/342/337 714/714/705 343/343/338
f 717/717/708 713/713/704 718/718/709
f 712/712/703 339/339/334 365/365/360
f 713/713/704 712/712/703 718/718/709
f 712/712/703 365/365/360 718/718/709
f 719/719/710 720/720/711 474/474/467
f 719/719/710 721/721/712 720/720/711
f 719/719/710 722/722/713 721/721/712
f 719/719/710 474/474/467 484/484/477
f 719/719/710 484/484/477 722/722/713
f 721/721/712 722/722/713 723/723/714
f 724/724/715 479/479/472 725/725/716
f 726/726/717 727/727/718 728/728/719
f 726/726/717 728/728/719 483/483/476
f 729/729/720 730/730/721 731/731/722
f 729/729/720 731/731/722 732/732/723
f 733/733/724 730/730/721 729/729/720
f 734/734/725 485/485/478 499/499/492
f 735/735/726 485/485/478 734/734/725
f 729/729/720 734/734/725 736/736/727
f 736/736/727 501/501/494 503/503/496
f 737/737/728 736/736/727 503/503/496
f 738/738/729 505/505/498 504/504/497
f 516/516/509 479/479/472 724/724/715
f 739/739/730 740/740/731 518/518/511
f 741/741/732 742/742/733 743/743/734
f 726/726/717 735/735/726 742/742/733
f 744/744/735 740/740/731 739/739/730
f 745/745/736 746/746/737 747/747/738
f 748/748/739 747/747/738 749/749/740
f 748/748/739 745/745/736 747/747/738
f 750/750/741 526/526/519 751/751/742
f 751/751/742 526/526/519 529/529/522
f 748/748/739 751/751/742 740/740/731
f 731/731/722 752/752/743 732/732/723
f 753/753/744 752/752/743 731/731/722
f 731/731/722 730/730/721 753/753/744
f 753/753/744 730/730/721 754/754/745
f 733/733/724 754/754/745 730/730/721
f 742/742/733 735/735/726 732/732/723
f 752/752/743 755/755/746 743/743/734
f 737/737/728 756/756/747 733/733/724
f 754/754/745 757/757/748 758/758/749
f 759/759/750 760/760/751 761/761/752
f 759/759/750 755/755/746 762/762/753
f 759/759/750 761/761/752 763/763/754
f 764/764/755 765/765/756 766/766/757
f 767/767/758 765/765/756 764/764/755
f 768/768/759 764/764/755 758/758/749
f 743/743/734 755/755/746 769/769/760
f 768/768/759 758/758/749 757/757/748
f 543/543/536 770/770/761 553/553/546
f 771/771/762 552/552/545 772/772/763
f 756/756/747 773/773/764 757/757/748
f 774/774/765 772/772/763 775/775/766
f 552/552/545 551/551/544 772/772/763
f 551/551/544 775/775/766 772/772/763
f 776/776/767 777/777/768 778/778/769
f 777/777/768 776/776/767 779/779/770
f 776/776/767 770/770/761 779/779/770
f 780/780/771 781/781/771 782/782/771
f 783/783/772 749/749/740 747/747/738
f 747/747/738 746/746/737 783/783/772
f 554/554/547 526/526/519 750/750/741
f 554/554/547 750/750/741 558/558/551
f 784/784/773 749/749/740 783/783/772
f 558/558/551 784/784/773 785/785/774
f 786/786/775 787/787/776 788/788/777
f 789/789/778 761/761/752 760/760/751
f 788/788/777 790/790/779 791/791/780
f 792/792/781 767/767/758 793/793/782
f 794/794/783 793/793/782 767/767/758
f 784/784/773 795/795/784 785/785/774
f 795/795/784 578/578/571 785/785/774
f 795/795/784 796/796/785 578/578/571
f 563/563/556 770/770/761 543/543/536
f 797/797/786 798/798/787 799/799/788
f 787/787/776 800/800/789 788/788/777
f 800/800/789 798/798/787 797/797/786
f 801/801/790 790/790/779 797/797/786
f 796/796/785 790/790/779 801/801/790
f 801/801/790 802/802/791 796/796/785
f 803/803/792 804/804/793 802/802/791
f 802/802/791 804/804/793 579/579/572
f 792/792/781 793/793/782 805/805/794
f 806/806/795 807/807/796 808/808/797
f 808/808/797 809/809/798 810/810/799
f 806/806/795 808/808/797 811/811/800
f 806/806/795 811/811/800 812/812/801
f 779/779/770 813/813/802 809/809/798
f 813/813/802 810/810/799 809/809/798
f 563/563/556 593/593/586 813/813/802
f 814/814/803 815/815/804 810/810/799
f 810/810/799 815/815/804 816/816/805
f 811/811/800 816/816/805 817/817/806
f 818/818/807 819/819/808 817/817/806
f 818/818/807 817/817/806 820/820/809
f 821/821/810 822/822/811 820/820/809
f 814/814/803 593/593/586 594/594/587
f 823/823/812 592/592/585 824/824/813
f 823/823/812 815/815/804 814/814/803
f 815/815/804 823/823/812 821/821/810
f 821/821/810 816/816/805 815/815/804
f 799/799/788 825/825/814 826/826/815
f 827/827/816 825/825/814 799/799/788
f 827/827/816 828/828/817 825/825/814
f 827/827/816 829/829/818 830/830/819
f 830/830/819 829/829/818 831/831/820
f 832/832/821 803/803/792 826/826/815
f 825/825/814 832/832/821 826/826/815
f 832/832/821 825/825/814 828/828/817
f 833/833/822 803/803/792 832/832/821
f 828/828/817 833/833/822 832/832/821
f 598/598/591 834/834/823 602/602/595
f 835/835/824 836/836/825 837/837/826
f 830/830/819 838/838/827 839/839/828
f 838/838/827 840/840/829 841/841/830
f 842/842/831 839/839/828 838/838/827
f 602/602/595 836/836/825 603/603/596
f 843/843/832 603/603/596 836/836/825
f 603/603/596 843/843/832 604/604/597
f 818/818/807 844/844/833 845/845/834
f 846/846/835 844/844/833 847/847/836
f 847/847/836 848/848/837 846/846/835
f 820/820/809 844/844/833 818/818/807
f 605/605/598 607/607/600 849/849/838
f 849/849/838 607/607/600 850/850/839
f 851/851/840 852/852/841 824/824/813
f 824/824/813 852/852/841 822/822/811
f 852/852/841 847/847/836 822/822/811
f 853/853/842 854/854/843 855/855/844
f 856/856/845 857/857/846 858/858/847
f 846/846/835 848/848/837 859/859/848
f 860/860/849 861/861/850 859/859/848
f 860/860/849 859/859/848 862/862/851
f 843/843/832 858/858/847 857/857/846
f 863/863/852 857/857/846 855/855/844
f 863/863/852 855/855/844 864/864/853
f 864/864/853 850/850/839 863/863/852
f 865/865/854 864/864/853 855/855/844
f 864/864/853 866/866/855 850/850/839
f 867/867/856 868/868/857 869/869/858
f 869/869/858 848/848/837 867/867/856
f 870/870/859 871/871/860 841/841/830
f 856/856/845 872/872/861 873/873/862
f 856/856/845 873/873/862 853/853/842
f 874/874/863 873/873/862 875/875/864
f 874/874/863 853/853/842 873/873/862
f 860/860/849 876/876/865 877/877/866
f 878/878/867 879/879/868 854/854/843
f 854/854/843 879/879/868 880/880/869
f 862/862/851 876/876/865 860/860/849
f 878/878/867 881/881/870 879/879/868
f 882/882/871 883/883/872 884/884/873
f 885/885/874 886/886/875 887/887/876
f 884/884/873 883/883/872 888/888/877
f 888/888/877 889/889/878 884/884/873
f 890/890/879 891/891/880 892/892/881
f 890/890/879 892/892/881 893/893/882
f 888/888/877 883/883/872 894/894/883
f 887/887/876 895/895/884 885/885/874
f 885/885/874 895/895/884 896/896/885
f 885/885/874 896/896/885 897/897/886
f 898/898/887 899/899/888 900/900/889
f 901/901/890 898/898/887 900/900/889
f 609/609/602 902/902/891 610/610/603
f 886/886/875 903/903/892 887/887/876
f 904/904/893 905/905/894 906/906/895
f 907/907/896 886/886/875 882/882/871
f 906/906/895 908/908/897 909/909/898
f 910/910/899 911/911/900 912/912/901
f 912/912/901 913/913/902 910/910/899
f 893/893/882 911/911/900 890/890/879
f 910/910/899 914/914/903 911/911/900
f 915/915/904 895/895/884 887/887/876
f 903/903/892 915/915/904 887/887/876
f 916/916/905 917/917/906 918/918/907
f 919/919/908 920/920/909 921/921/910
f 630/630/621 922/922/911 920/920/909
f 920/920/909 912/912/901 921/921/910
f 898/898/887 908/908/897 906/906/895
f 923/923/912 901/901/890 924/924/913
f 910/910/899 913/913/902 925/925/914
f 910/910/899 925/925/914 914/914/903
f 926/926/915 925/925/914 927/927/916
f 928/928/917 929/929/918 927/927/916
f 917/917/906 908/908/897 923/923/912
f 923/923/912 924/924/913 902/902/891
f 917/917/906 609/609/602 918/918/907
f 928/928/917 930/930/919 929/929/918
f 642/642/633 922/922/911 630/630/621
f 928/928/917 913/913/902 922/922/911
f 930/930/919 642/642/633 641/641/632
f 931/931/920 932/932/921 914/914/903
f 933/933/922 931/931/920 914/914/903
f 934/934/923 935/935/924 900/900/889
f 901/901/890 900/900/889 935/935/924
f 610/610/603 902/902/891 665/665/656
f 936/936/925 935/935/924 934/934/923
f 937/937/926 938/938/927 939/939/928
f 939/939/928 940/940/929 941/941/930
f 942/942/931 943/943/932 944/944/933
f 939/939/928 945/945/934 940/940/929
f 946/946/935 943/943/932 942/942/931
f 947/947/936 944/944/933 943/943/932
f 948/948/937 949/949/938 924/924/913
f 949/949/938 948/948/937 950/950/939
f 949/949/938 664/664/655 665/665/656
f 951/951/940 952/952/941 953/953/942
f 954/954/943 955/955/944 956/956/945
f 641/641/632 667/667/658 930/930/919
f 940/940/929 945/945/934 952/952/941
f 957/957/946 958/958/947 678/678/669
f 958/958/947 959/959/948 678/678/669
f 959/959/948 958/958/947 951/951/940
f 960/960/949 760/760/751 961/961/950
f 961/961/950 760/760/751 766/766/757
f 962/962/951 960/960/949 961/961/950
f 961/961/950 766/766/757 765/765/756
f 962/962/951 961/961/950 765/765/756
f 962/962/951 765/765/756 767/767/758
f 963/963/952 964/964/953 789/789/778
f 963/963/952 965/965/954 964/964/953
f 960/960/949 966/966/955 963/963/952
f 966/966/955 967/967/956 968/968/957
f 968/968/957 969/969/958 966/966/955
f 970/970/959 971/971/960 972/972/961
f 973/973/962 974/974/963 975/975/964
f 973/973/962 976/976/965 974/974/963
f 787/787/776 977/977/966 800/800/789
f 978/978/967 798/798/787 979/979/968
f 977/977/966 980/980/969 979/979/968
f 973/973/962 979/979/968 980/980/969
f 981/981/970 982/982/971 983/983/972
f 983/983/972 984/984/973 981/981/970
f 985/985/974 807/807/796 806/806/795
f 967/967/956 792/792/781 986/986/975
f 967/967/956 986/986/975 968/968/957
f 987/987/976 983/983/972 986/986/975
f 985/985/974 806/806/795 812/812/801
f 988/988/977 989/989/978 990/990/979
f 991/991/980 992/992/981 993/993/982
f 971/971/960 970/970/959 994/994/983
f 995/995/984 982/982/971 970/970/959
f 984/984/973 991/991/980 981/981/970
f 996/996/985 997/997/986 990/990/979
f 968/968/957 982/982/971 995/995/984
f 996/996/985 998/998/987 999/999/988
f 819/819/808 989/989/978 812/812/801
f 996/996/985 990/990/979 989/989/978
f 998/998/987 819/819/808 818/818/807
f 1000/1000/989 1001/1001/990 1002/1002/991
f 1003/1003/992 1001/1001/990 1004/1004/993
f 1004/1004/993 1005/1005/994 1003/1003/992
f 1002/1002/991 1001/1001/990 974/974/963
f 829/829/818 798/798/787 978/978/967
f 975/975/964 1006/1006/995 978/978/967
f 1006/1006/995 1007/1007/996 831/831/820
f 975/975/964 1003/1003/992 1006/1006/995
f 1004/1004/993 1008/1008/997 1005/1005/994
f 1008/1008/997 1009/1009/998 1010/1010/999
f 1011/1011/1000 1008/1008/997 1010/1010/999
f 1012/1012/1001 1011/1011/1000 1013/1013/1002
f 1014/1014/1003 1012/1012/1001 1013/1013/1002
f 831/831/820 1007/1007/996 840/840/829
f 1007/1007/996 1005/1005/994 1012/1012/1001
f 840/840/829 1014/1014/1003 841/841/830
f 993/993/982 992/992/981 1015/1015/1004
f 1016/1016/1005 1017/1017/1006 1018/1018/1007
f 1019/1019/1008 1020/1020/1009 1021/1021/1010
f 1017/1017/1006 1022/1022/1011 1018/1018/1007
f 1023/1023/1012 1024/1024/1013 845/845/834
f 1023/1023/1012 1025/1025/1014 1024/1024/1013
f 818/818/807 845/845/834 998/998/987
f 1024/1024/1013 1025/1025/1014 1026/1026/1015
f 861/861/850 1025/1025/1014 1023/1023/1012
f 1027/1027/1016 1025/1025/1014 861/861/850
f 1027/1027/1016 1026/1026/1015 1025/1025/1014
f 1021/1021/1010 1028/1028/1017 1019/1019/1008
f 1019/1019/1008 1028/1028/1017 1029/1029/1018
f 1028/1028/1017 1030/1030/1019 1029/1029/1018
f 1021/1021/1010 1026/1026/1015 1028/1028/1017
f 1026/1026/1015 1030/1030/1019 1028/1028/1017
f 1031/1031/1020 1032/1032/1021 1033/1033/1022
f 1034/1034/1023 1029/1029/1018 1035/1035/1024
f 1035/1035/1024 1031/1031/1020 1033/1033/1022
f 1031/1031/1020 1030/1030/1019 1036/1036/1025
f 1036/1036/1025 1037/1037/1026 1038/1038/1027
f 1037/1037/1026 1036/1036/1025 1027/1027/1016
f 1039/1039/1028 1040/1040/1029 1010/1010/999
f 1041/1041/1030 1013/1013/1002 1011/1011/1000
f 1042/1042/1031 1014/1014/1003 1013/1013/1002
f 1042/1042/1031 1013/1013/1002 1041/1041/1030
f 1040/1040/1029 1043/1043/1032 1041/1041/1030
f 1044/1044/1033 1043/1043/1032 1040/1040/1029
f 1045/1045/1034 1046/1046/1035 1047/1047/1036
f 1048/1048/1037 878/878/867 874/874/863
f 1042/1042/1031 1049/1049/1038 870/870/859
f 1049/1049/1038 1043/1043/1032 1050/1050/1039
f 1051/1051/1040 1052/1052/1040 1053/1053/1041
f 881/881/870 1054/1054/1042 1055/1055/1043
f 1054/1054/1042 1048/1048/1037 1047/1047/1036
f 1055/1055/1043 1054/1054/1042 1056/1056/1044
f 1057/1057/1045 1058/1058/1046 1059/1059/1047
f 1060/1060/1048 1061/1061/1049 1044/1044/1033
f 1044/1044/1033 1061/1061/1049 1062/1062/1050
f 1045/1045/1034 1063/1063/1051 1046/1046/1035
f 1064/1064/1052 1065/1065/1053 1066/1066/1054
f 1059/1059/1047 1058/1058/1046 1067/1067/1055
f 1056/1056/1044 1046/1046/1035 1068/1068/1056
f 1038/1038/1027 1069/1069/1057 1032/1032/1021
f 1070/1070/1058 1071/1071/1059 1072/1072/1060
f 1071/1071/1059 1033/1033/1022 1032/1032/1021
f 1069/1069/1057 1073/1073/1061 1072/1072/1060
f 1037/1037/1026 1074/1074/1062 1038/1038/1027
f 1075/1075/1063 1073/1073/1061 1069/1069/1057
f 1064/1064/1052 1076/1076/1064 1068/1068/1056
f 1072/1072/1060 1073/1073/1061 1077/1077/1065
f 1068/1068/1056 1076/1076/1064 1056/1056/1044
f 1078/1078/1066 1058/1058/1046 1057/1057/1045
f 1065/1065/1053 1079/1079/1067 1080/1080/1068
f 1078/1078/1066 1081/1081/1069 1058/1058/1046
f 1058/1058/1046 1081/1081/1069 1067/1067/1055
f 1082/1082/1070 1079/1079/1067 1065/1065/1053
f 1078/1078/1066 1083/1083/1071 1081/1081/1069
f 1084/1084/1072 1085/1085/1073 1086/1086/1074
f 1087/1087/1075 1088/1088/1076 1089/1089/1077
f 1086/1086/1074 1085/1085/1073 1090/1090/1078
f 1090/1090/1078 1091/1091/1079 1086/1086/1074
f 1092/1092/1080 1091/1091/1079 1090/1090/1078
f 1093/1093/1081 1085/1085/1073 1087/1087/1075
f 1089/1089/1077 1094/1094/1082 1087/1087/1075
f 1095/1095/1083 882/882/871 884/884/873
f 1093/1093/1081 1087/1087/1075 1095/1095/1083
f 1095/1095/1083 884/884/873 889/889/878
f 1093/1093/1081 1096/1096/1084 1097/1097/1085
f 1098/1098/1086 1099/1099/1087 1100/1100/1088
f 1099/1099/1087 1098/1098/1086 1101/1101/1089
f 1102/1102/1090 1098/1098/1086 1100/1100/1088
f 1098/1098/1086 1103/1103/1091 1101/1101/1089
f 1103/1103/1091 1098/1098/1086 1102/1102/1090
f 899/899/888 1104/1104/1092 900/900/889
f 1105/1105/1093 1106/1106/1094 1107/1107/1095
f 1108/1108/1096 1109/1109/1097 1110/1110/1098
f 1108/1108/1096 1105/1105/1093 1111/1111/1099
f 1110/1110/1098 1112/1112/1100 1106/1106/1094
f 1113/1113/1101 1114/1114/1102 1115/1115/1103
f 1099/1099/1087 1115/1115/1103 1114/1114/1102
f 907/907/896 882/882/871 1094/1094/1082
f 1116/1116/1104 1117/1117/1105 1107/1107/1095
f 1106/1106/1094 1116/1116/1104 1107/1107/1095
f 1116/1116/1104 1118/1118/1106 905/905/894
f 932/932/921 1103/1103/1091 890/890/879
f 1109/1109/1097 1119/1119/1107 1110/1110/1098
f 1119/1119/1107 1120/1120/1108 1121/1121/1109
f 1122/1122/1110 1112/1112/1100 1121/1121/1109
f 1122/1122/1110 1121/1121/1109 1123/1123/1111
f 1124/1124/1112 1125/1125/1113 1126/1126/1114
f 1127/1127/1115 1128/1128/1116 1129/1129/1117
f 1118/1118/1106 1112/1112/1100 1122/1122/1110
f 1118/1118/1106 899/899/888 905/905/894
f 1130/1130/1118 1131/1131/1119 1132/1132/1120
f 1133/1133/1121 1134/1134/1122 1128/1128/1116
f 1133/1133/1121 1128/1128/1116 1127/1127/1115
f 1115/1115/1103 1135/1135/1123 1136/1136/1124
f 1135/1135/1123 1137/1137/1125 1136/1136/1124
f 1101/1101/1089 1138/1138/1126 1135/1135/1123
f 932/932/921 931/931/920 1138/1138/1126
f 931/931/920 1139/1139/1127 1138/1138/1126
f 1124/1124/1112 1140/1140/1128 1127/1127/1115
f 1136/1136/1124 1137/1137/1125 1141/1141/1129
f 931/931/920 933/933/922 1139/1139/1127
f 1139/1139/1127 933/933/922 1142/1142/1130
f 900/900/889 1104/1104/1092 934/934/923
f 1143/1143/1131 1144/1144/1132 1120/1120/1108
f 1125/1125/1113 1145/1145/1133 1146/1146/1134
f 1147/1147/1135 1145/1145/1133 1148/1148/1136
f 1148/1148/1136 1145/1145/1133 1129/1129/1117
f 1129/1129/1117 1145/1145/1133 1125/1125/1113
f 1147/1147/1135 1146/1146/1134 1145/1145/1133
f 1104/1104/1092 1149/1149/1137 934/934/923
f 1149/1149/1137 936/936/925 934/934/923
f 947/947/936 1131/1131/1119 944/944/933
f 1134/1134/1122 944/944/933 1131/1131/1119
f 942/942/931 944/944/933 1134/1134/1122
f 971/971/960 1150/1150/1138 972/972/961
f 1151/1151/1139 1152/1152/1140 1150/1150/1138
f 1151/1151/1139 971/971/960 994/994/983
f 1150/1150/1138 971/971/960 1151/1151/1139
f 1151/1151/1139 993/993/982 1152/1152/1140
f 994/994/983 993/993/982 1151/1151/1139
f 1000/1000/989 1153/1153/1141 1154/1154/1142
f 1155/1155/1143 1156/1156/1144 1157/1157/1145
f 1153/1153/1141 1158/1158/1146 1154/1154/1142
f 1153/1153/1141 1159/1159/1147 1160/1160/1148
f 1160/1160/1148 1158/1158/1146 1153/1153/1141
f 1154/1154/1142 1158/1158/1146 1009/1009/998
f 1161/1161/1149 1162/1162/1149 1163/1163/1149
f 1164/1164/1150 1158/1158/1146 1160/1160/1148
f 1165/1165/1151 1166/1166/1152 1167/1167/1153
f 1167/1167/1153 1168/1168/1154 1165/1165/1151
f 1169/1169/1155 1170/1170/1156 1171/1171/1157
f 1152/1152/1140 1172/1172/1158 1170/1170/1156
f 1172/1172/1158 1173/1173/1159 1170/1170/1156
f 1174/1174/1160 1175/1175/1161 1176/1176/1162
f 1177/1177/1163 1178/1178/1164 1167/1167/1153
f 1175/1175/1161 1174/1174/1160 1179/1179/1165
f 1176/1176/1162 1180/1180/1166 1174/1174/1160
f 1181/1181/1167 1182/1182/1168 1183/1183/1169
f 1184/1184/1170 1185/1185/1171 1181/1181/1167
f 1186/1186/1172 1166/1166/1152 1165/1165/1151
f 1187/1187/1173 1188/1188/1174 1189/1189/1175
f 1190/1190/1176 1187/1187/1173 1191/1191/1177
f 1191/1191/1177 1187/1187/1173 1168/1168/1154
f 1184/1184/1170 1192/1192/1178 1193/1193/1179
f 1184/1184/1170 1193/1193/1179 1164/1164/1150
f 1191/1191/1177 1168/1168/1154 1194/1194/1180
f 1195/1195/1181 1196/1196/1182 1197/1197/1183
f 1174/1174/1160 1198/1198/1184 1179/1179/1165
f 1199/1199/1185 1197/1197/1183 1200/1200/1186
f 1196/1196/1182 1034/1034/1023 1197/1197/1183
f 1034/1034/1023 1200/1200/1186 1197/1197/1183
f 1201/1201/1187 1202/1202/1188 1203/1203/1189
f 1204/1204/1190 1205/1205/1191 1206/1206/1192
f 1204/1204/1190 1207/1207/1193 1205/1205/1191
f 1208/1208/1194 1209/1209/1195 1205/1205/1191
f 1210/1210/1196 1211/1211/1197 1209/1209/1195
f 1208/1208/1194 1212/1212/1198 1209/1209/1195
f 1208/1208/1194 1200/1200/1186 1212/1212/1198
f 1035/1035/1024 1033/1033/1022 1212/1212/1198
f 1209/1209/1195 1213/1213/1199 1210/1210/1196
f 1010/1010/999 1193/1193/1179 1039/1039/1028
f 1183/1183/1169 1214/1214/1200 1192/1192/1178
f 1215/1215/1201 1216/1216/1202 1217/1217/1203
f 1215/1215/1201 1183/1183/1169 1182/1182/1168
f 1217/1217/1203 1218/1218/1204 1214/1214/1200
f 1214/1214/1200 1219/1219/1205 1192/1192/1178
f 1219/1219/1205 1060/1060/1048 1039/1039/1028
f 1219/1219/1205 1220/1220/1206 1060/1060/1048
f 1216/1216/1202 1221/1221/1207 1217/1217/1203
f 1221/1221/1207 1222/1222/1208 1223/1223/1209
f 1224/1224/1210 1218/1218/1204 1223/1223/1209
f 1224/1224/1210 1223/1223/1209 1225/1225/1211
f 1225/1225/1211 1226/1226/1212 1227/1227/1213
f 1220/1220/1206 1218/1218/1204 1224/1224/1210
f 1228/1228/1214 1224/1224/1210 1225/1225/1211
f 1224/1224/1210 1228/1228/1214 1220/1220/1206
f 1228/1228/1214 1229/1229/1215 1061/1061/1049
f 1227/1227/1213 1230/1230/1216 1225/1225/1211
f 1065/1065/1053 1231/1231/1217 1066/1066/1054
f 1206/1206/1192 1211/1211/1197 1232/1232/1218
f 1210/1210/1196 1233/1233/1219 1211/1211/1197
f 1233/1233/1219 1234/1234/1220 1235/1235/1221
f 1232/1232/1218 1235/1235/1221 1236/1236/1222
f 1071/1071/1059 1070/1070/1058 1237/1237/1223
f 1237/1237/1223 1070/1070/1058 1238/1238/1224
f 1237/1237/1223 1239/1239/1225 1213/1213/1199
f 1213/1213/1199 1239/1239/1225 1210/1210/1196
f 1239/1239/1225 1233/1233/1219 1210/1210/1196
f 1235/1235/1221 1234/1234/1220 1240/1240/1226
f 1241/1241/1227 1242/1242/1228 1240/1240/1226
f 1241/1241/1227 1240/1240/1226 1243/1243/1229
f 1244/1244/1230 1245/1245/1231 1243/1243/1229
f 1246/1246/1232 1247/1247/1233 1248/1248/1234
f 1248/1248/1234 1249/1249/1235 1246/1246/1232
f 1250/1250/1236 1238/1238/1224 1248/1248/1234
f 1250/1250/1236 1251/1251/1237 1238/1238/1224
f 1251/1251/1237 1250/1250/1236 1244/1244/1230
f 1244/1244/1230 1234/1234/1220 1251/1251/1237
f 1252/1252/1238 1226/1226/1212 1222/1222/1208
f 1227/1227/1213 1226/1226/1212 1253/1253/1239
f 1254/1254/1240 1255/1255/1241 1253/1253/1239
f 1254/1254/1240 1252/1252/1238 1256/1256/1242
f 1078/1078/1066 1057/1057/1045 1257/1257/1243
f 1078/1078/1066 1257/1257/1243 1083/1083/1071
f 1258/1258/1244 1259/1259/1245 1260/1260/1246
f 1254/1254/1240 1261/1261/1247 1255/1255/1241
f 1262/1262/1248 1263/1263/1249 1264/1264/1250
f 1265/1265/1251 1266/1266/1252 1262/1262/1248
f 1267/1267/1253 1266/1266/1252 1265/1265/1251
f 1268/1268/1254 1269/1269/1255 1270/1270/1256
f 1241/1241/1227 1271/1271/1257 1272/1272/1258
f 1273/1273/1259 1271/1271/1257 1274/1274/1260
f 1243/1243/1229 1271/1271/1257 1241/1241/1227
f 1247/1247/1233 1275/1275/1261 1276/1276/1262
f 1267/1267/1253 1277/1277/1263 1278/1278/1264
f 1279/1279/1265 1280/1280/1266 1277/1277/1263
f 1268/1268/1254 1279/1279/1265 1277/1277/1263
f 1275/1275/1261 1281/1281/1267 1276/1276/1262
f 1276/1276/1262 1281/1281/1267 1245/1245/1231
f 1282/1282/1268 1279/1279/1265 1268/1268/1254
f 1281/1281/1267 1274/1274/1260 1245/1245/1231
f 1283/1283/1269 1274/1274/1260 1281/1281/1267
f 1284/1284/1270 1285/1285/1271 1286/1286/1272
f 1270/1270/1256 1269/1269/1255 1284/1284/1270
f 1287/1287/1273 1285/1285/1271 1284/1284/1270
f 1288/1288/1274 1273/1273/1259 1289/1289/1275
f 1273/1273/1259 1288/1288/1274 1290/1290/1276
f 1265/1265/1251 1269/1269/1255 1267/1267/1253
f 1291/1291/1277 1292/1292/1278 1264/1264/1250
f 1287/1287/1273 1264/1264/1250 1292/1292/1278
f 1287/1287/1273 1292/1292/1278 1285/1285/1271
f 1293/1293/1279 1292/1292/1278 1291/1291/1277
f 1293/1293/1279 1285/1285/1271 1292/1292/1278
f 1293/1293/1279 1286/1286/1272 1285/1285/1271
f 1294/1294/1280 1295/1295/1281 1296/1296/1282
f 1297/1297/1283 1296/1296/1282 1298/1298/1284
f 1297/1297/1283 1294/1294/1280 1296/1296/1282
f 1299/1299/1285 1084/1084/1072 1300/1300/1286
f 1300/1300/1286 1084/1084/1072 1086/1086/1074
f 1300/1300/1286 1086/1086/1074 1091/1091/1079
f 1297/1297/1283 1301/1301/1287 1294/1294/1280
f 1302/1302/1288 1295/1295/1281 1294/1294/1280
f 1303/1303/1289 1304/1304/1290 1305/1305/1291
f 1301/1301/1287 1302/1302/1288 1294/1294/1280
f 1304/1304/1290 1306/1306/1292 1305/1305/1291
f 1306/1306/1292 1304/1304/1290 1307/1307/1293
f 1308/1308/1294 1309/1309/1295 1310/1310/1296
f 1310/1310/1296 1311/1311/1297 1308/1308/1294
f 1312/1312/1298 1109/1109/1097 1108/1108/1096
f 1312/1312/1298 1313/1313/1299 1109/1109/1097
f 1314/1314/1300 1315/1315/1301 1312/1312/1298
f 1316/1316/1302 1315/1315/1301 1314/1314/1300
f 1316/1316/1302 1308/1308/1294 1315/1315/1301
f 1113/1113/1101 1306/1306/1292 1114/1114/1102
f 1310/1310/1296 1317/1317/1303 1311/1311/1297
f 1317/1317/1303 1318/1318/1304 1319/1319/1305
f 1320/1320/1306 1317/1317/1303 1319/1319/1305
f 1321/1321/1307 1320/1320/1306 1322/1322/1308
f 1109/1109/1097 1313/1313/1299 1119/1119/1107
f 1323/1323/1309 1120/1120/1108 1324/1324/1310
f 1313/1313/1299 1325/1325/1311 1324/1324/1310
f 1321/1321/1307 1324/1324/1310 1325/1325/1311
f 1325/1325/1311 1311/1311/1297 1321/1321/1307
f 1125/1125/1113 1326/1326/1312 1126/1126/1114
f 1327/1327/1313 1328/1328/1314 1329/1329/1315
f 1330/1330/1316 1331/1331/1317 1332/1332/1318
f 1330/1330/1316 1332/1332/1318 1333/1333/1319
f 1333/1333/1319 1332/1332/1318 1334/1334/1320
f 1330/1330/1316 1333/1333/1319 1335/1335/1321
f 1305/1305/1291 1336/1336/1322 1337/1337/1323
f 1113/1113/1101 1338/1338/1324 1336/1336/1322
f 1338/1338/1324 1339/1339/1325 1336/1336/1322
f 1340/1340/1326 1341/1341/1327 1342/1342/1328
f 1340/1340/1326 1343/1343/1329 1344/1344/1330
f 1334/1334/1320 1343/1343/1329 1340/1340/1326
f 1345/1345/1331 1333/1333/1319 1334/1334/1320
f 1333/1333/1319 1345/1345/1331 1335/1335/1321
f 1344/1344/1330 1343/1343/1329 1339/1339/1325
f 1346/1346/1332 1347/1347/1333 1348/1348/1334
f 1338/1338/1324 1349/1349/1335 1339/1339/1325
f 1350/1350/1336 1351/1351/1337 1319/1319/1305
f 1352/1352/1338 1322/1322/1308 1320/1320/1306
f 1143/1143/1131 1120/1120/1108 1323/1323/1309
f 1147/1147/1135 1353/1353/1339 1146/1146/1134
f 1354/1354/1340 1355/1355/1341 1356/1356/1342
f 1357/1357/1343 1358/1358/1344 1359/1359/1345
f 1357/1357/1343 1360/1360/1346 1358/1358/1344
f 1357/1357/1343 1361/1361/1347 1360/1360/1346
f 1326/1326/1312 1362/1362/1348 1363/1363/1349
f 1354/1354/1340 1356/1356/1342 1348/1348/1334
f 1364/1364/1350 1365/1365/1351 1366/1366/1352
f 1366/1366/1352 1365/1365/1351 1189/1189/1175
f 1367/1367/1353 1364/1364/1350 1366/1366/1352
f 1366/1366/1352 1189/1189/1175 1188/1188/1174
f 1367/1367/1353 1366/1366/1352 1188/1188/1174
f 1368/1368/1354 1369/1369/1355 1370/1370/1356
f 1368/1368/1354 1370/1370/1356 1371/1371/1357
f 1372/1372/1358 1373/1373/1359 1374/1374/1360
f 1375/1375/1361 1201/1201/1187 1203/1203/1189
f 1376/1376/1362 1201/1201/1187 1375/1375/1361
f 1203/1203/1189 1377/1377/1363 1375/1375/1361
f 1374/1374/1360 1378/1378/1364 1372/1372/1358
f 1379/1379/1365 1380/1380/1366 1381/1381/1367
f 1382/1382/1368 1383/1383/1369 1384/1384/1370
f 1385/1385/1371 1383/1383/1369 1386/1386/1372
f 1387/1387/1373 1383/1383/1369 1385/1385/1371
f 1384/1384/1370 1383/1383/1369 1387/1387/1373
f 1386/1386/1372 1383/1383/1369 1382/1382/1368
f 1381/1381/1367 1380/1380/1366 1388/1388/1374
f 1389/1389/1375 1216/1216/1202 1215/1215/1201
f 1364/1364/1350 1390/1390/1376 1391/1391/1377
f 1389/1389/1375 1392/1392/1378 1381/1381/1367
f 1367/1367/1353 1393/1393/1379 1394/1394/1380
f 1395/1395/1381 1381/1381/1367 1392/1392/1378
f 1396/1396/1382 1380/1380/1366 1397/1397/1383
f 1397/1397/1383 1380/1380/1366 1379/1379/1365
f 1396/1396/1382 1397/1397/1383 1398/1398/1384
f 1399/1399/1385 1400/1400/1386 1379/1379/1365
f 1401/1401/1387 1402/1402/1388 1382/1382/1368
f 1398/1398/1384 1403/1403/1389 1404/1404/1390
f 1388/1388/1374 1380/1380/1366 1396/1396/1382
f 1405/1405/1391 1396/1396/1382 1398/1398/1384
f 1396/1396/1382 1405/1405/1391 1388/1388/1374
f 1405/1405/1391 1222/1222/1208 1221/1221/1207
f 1404/1404/1390 1406/1406/1392 1398/1398/1384
f 1407/1407/1393 1384/1384/1370 1408/1408/1394
f 1372/1372/1358 1409/1409/1395 1373/1373/1359
f 1409/1409/1395 1410/1410/1396 1411/1411/1397
f 1412/1412/1398 1413/1413/1399 1414/1414/1400
f 1378/1378/1364 1206/1206/1192 1232/1232/1218
f 1394/1394/1380 1393/1393/1379 1415/1415/1401
f 1387/1387/1373 1394/1394/1380 1415/1415/1401
f 1378/1378/1364 1416/1416/1402 1372/1372/1358
f 1236/1236/1222 1417/1417/1403 1416/1416/1402
f 1416/1416/1402 1409/1409/1395 1372/1372/1358
f 1418/1418/1404 1419/1419/1405 1420/1420/1406
f 1411/1411/1397 1410/1410/1396 1421/1421/1407
f 1422/1422/1408 1423/1423/1409 1421/1421/1407
f 1422/1422/1408 1421/1421/1407 1424/1424/1410
f 1425/1425/1411 1426/1426/1412 1424/1424/1410
f 1425/1425/1411 1427/1427/1413 1426/1426/1412
f 1242/1242/1228 1417/1417/1403 1236/1236/1222
f 1425/1425/1411 1410/1410/1396 1417/1417/1403
f 1427/1427/1413 1242/1242/1228 1241/1241/1227
f 1428/1428/1414 1403/1403/1389 1429/1429/1415
f 1404/1404/1390 1403/1403/1389 1430/1430/1416
f 1431/1431/1417 1432/1432/1418 1430/1430/1416
f 1431/1431/1417 1428/1428/1414 1433/1433/1419
f 1252/1252/1238 1222/1222/1208 1406/1406/1392
f 1404/1404/1390 1434/1434/1420 1406/1406/1392
f 1434/1434/1420 1435/1435/1421 1256/1256/1242
f 1404/1404/1390 1430/1430/1416 1434/1434/1420
f 1431/1431/1417 1436/1436/1422 1432/1432/1418
f 1436/1436/1422 1437/1437/1423 1438/1438/1424
f 1439/1439/1425 1436/1436/1422 1438/1438/1424
f 1440/1440/1426 1439/1439/1425 1441/1441/1427
f 1442/1442/1428 1440/1440/1426 1441/1441/1427
f 1256/1256/1242 1435/1435/1421 1443/1443/1429
f 1435/1435/1421 1432/1432/1418 1440/1440/1426
f 1263/1263/1249 1444/1444/1430 1264/1264/1250
f 1445/1445/1431 1422/1422/1408 1446/1446/1432
f 1426/1426/1412 1447/1447/1433 1424/1424/1410
f 1290/1290/1276 1448/1448/1434 1272/1272/1258
f 1290/1290/1276 1449/1449/1435 1448/1448/1434
f 1241/1241/1227 1272/1272/1258 1427/1427/1413
f 1448/1448/1434 1449/1449/1435 1450/1450/1436
f 1451/1451/1437 1286/1286/1272 1452/1452/1438
f 1453/1453/1439 1286/1286/1272 1451/1451/1437
f 1454/1454/1440 1455/1455/1441 1456/1456/1442
f 1457/1457/1443 1450/1450/1436 1449/1449/1435
f 1456/1456/1442 1458/1458/1444 1457/1457/1443
f 1447/1447/1433 1459/1459/1445 1446/1446/1432
f 1446/1446/1432 1459/1459/1445 1460/1460/1446
f 1459/1459/1445 1461/1461/1447 1460/1460/1446
f 1447/1447/1433 1450/1450/1436 1459/1459/1445
f 1450/1450/1436 1461/1461/1447 1459/1459/1445
f 1462/1462/1448 1463/1463/1449 1464/1464/1450
f 1465/1465/1451 1460/1460/1446 1466/1466/1452
f 1466/1466/1452 1462/1462/1448 1464/1464/1450
f 1462/1462/1448 1461/1461/1447 1467/1467/1453
f 1467/1467/1453 1458/1458/1444 1468/1468/1454
f 1458/1458/1444 1467/1467/1453 1457/1457/1443
f 1469/1469/1455 1470/1470/1456 1438/1438/1424
f 1471/1471/1457 1441/1441/1427 1439/1439/1425
f 1472/1472/1458 1442/1442/1428 1441/1441/1427
f 1472/1472/1458 1441/1441/1427 1471/1471/1457
f 1470/1470/1456 1473/1473/1459 1471/1471/1457
f 1474/1474/1460 1473/1473/1459 1470/1470/1456
f 1475/1475/1461 1476/1476/1462 1477/1477/1463
f 1478/1478/1464 1479/1479/1465 1291/1291/1277
f 1479/1479/1465 1480/1480/1466 1477/1477/1463
f 1477/1477/1463 1481/1481/1467 1479/1479/1465
f 1481/1481/1467 1482/1482/1468 1452/1452/1438
f 1482/1482/1468 1481/1481/1467 1477/1477/1463
f 1483/1483/1469 1482/1482/1468 1484/1484/1470
f 1485/1485/1471 1458/1458/1444 1456/1456/1442
f 1486/1486/1472 1487/1487/1473 1488/1488/1474
f 1489/1489/1475 1490/1490/1476 1474/1474/1460
f 1491/1491/1477 1492/1492/1478 1475/1475/1461
f 1475/1475/1461 1488/1488/1474 1476/1476/1462
f 1493/1493/1479 1494/1494/1480 1495/1495/1481
f 1488/1488/1474 1487/1487/1473 1495/1495/1481
f 1484/1484/1470 1476/1476/1462 1494/1494/1480
f 1468/1468/1454 1496/1496/1482 1463/1463/1449
f 1497/1497/1483 1498/1498/1484 1499/1499/1485
f 1498/1498/1484 1464/1464/1450 1463/1463/1449
f 1496/1496/1482 1500/1500/1486 1499/1499/1485
f 1458/1458/1444 1485/1485/1471 1468/1468/1454
f 1501/1501/1487 1500/1500/1486 1496/1496/1482
f 1502/1502/1488 1503/1503/1489 1504/1504/1490
f 1497/1497/1483 1499/1499/1485 1505/1505/1491
f 1505/1505/1491 1502/1502/1488 1504/1504/1490
f 1493/1493/1479 1506/1506/1492 1507/1507/1493
f 1494/1494/1480 1508/1508/1494 1484/1484/1470
f 1509/1509/1495 1487/1487/1473 1486/1486/1472
f 1510/1510/1496 1511/1511/1497 1512/1512/1498
f 1509/1509/1495 1511/1511/1497 1487/1487/1473
f 1487/1487/1473 1511/1511/1497 1495/1495/1481
f 1513/1513/1499 1514/1514/1500 1512/1512/1498
f 1512/1512/1498 1514/1514/1500 1515/1515/1501
f 1493/1493/1479 1510/1510/1496 1506/1506/1492
f 1516/1516/1502 1506/1506/1492 1510/1510/1496
f 1516/1516/1502 1517/1517/1503 1506/1506/1492
f 1515/1515/1501 1518/1518/1504 1512/1512/1498
f 1519/1519/1505 1520/1520/1506 1521/1521/1507
f 1522/1522/1508 1523/1523/1509 1524/1524/1510
f 1520/1520/1506 1525/1525/1511 1521/1521/1507
f 1520/1520/1506 1526/1526/1512 1527/1527/1513
f 1524/1524/1510 1327/1327/1313 1522/1522/1508
f 1527/1527/1513 1525/1525/1511 1520/1520/1506
f 1528/1528/1514 1529/1529/1515 1530/1530/1516
f 1531/1531/1517 1532/1532/1518 1533/1533/1519
f 1531/1531/1517 1534/1534/1520 1532/1532/1518
f 1535/1535/1521 1531/1531/1517 1533/1533/1519
f 1521/1521/1507 1525/1525/1511 1318/1318/1304
f 1318/1318/1304 1535/1535/1521 1319/1319/1305
f 1536/1536/1522 1537/1537/1523 1538/1538/1524
f 1539/1539/1525 1540/1540/1526 1541/1541/1527
f 1542/1542/1528 1331/1331/1317 1330/1330/1316
f 1522/1522/1508 1327/1327/1313 1543/1543/1529
f 1522/1522/1508 1543/1543/1529 1544/1544/1530
f 1545/1545/1531 1538/1538/1524 1543/1543/1529
f 1542/1542/1528 1330/1330/1316 1335/1335/1321
f 1539/1539/1525 1546/1546/1532 1540/1540/1526
f 1529/1529/1515 1528/1528/1514 1547/1547/1533
f 1548/1548/1534 1536/1536/1522 1549/1549/1535
f 1534/1534/1520 1550/1550/1536 1528/1528/1514
f 1551/1551/1537 1552/1552/1538 1553/1553/1539
f 1554/1554/1540 1552/1552/1538 1551/1551/1537
f 1554/1554/1540 1551/1551/1537 1555/1555/1541
f 1556/1556/1542 1557/1557/1543 1555/1555/1541
f 1527/1527/1513 1550/1550/1536 1534/1534/1520
f 1558/1558/1544 1342/1342/1328 1559/1559/1545
f 1345/1345/1331 1342/1342/1328 1558/1558/1544
f 1546/1546/1532 1558/1558/1544 1556/1556/1542
f 1556/1556/1542 1540/1540/1526 1546/1546/1532
f 1560/1560/1546 1561/1561/1547 1530/1530/1516
f 1562/1562/1548 1533/1533/1519 1532/1532/1518
f 1563/1563/1549 1535/1535/1521 1533/1533/1519
f 1563/1563/1549 1533/1533/1519 1562/1562/1548
f 1564/1564/1550 1565/1565/1551 1566/1566/1552
f 1567/1567/1553 1564/1564/1550 1566/1566/1552
f 1561/1561/1547 1568/1568/1554 1562/1562/1548
f 1569/1569/1555 1568/1568/1554 1561/1561/1547
f 1570/1570/1556 1571/1571/1557 1572/1572/1558
f 1555/1555/1541 1571/1571/1557 1554/1554/1540
f 1570/1570/1556 1573/1573/1559 1571/1571/1557
f 1563/1563/1549 1574/1574/1560 1350/1350/1336
f 1574/1574/1560 1568/1568/1554 1575/1575/1561
f 1576/1576/1562 1577/1577/1563 1578/1578/1564
f 1579/1579/1565 1580/1580/1566 1559/1559/1545
f 1559/1559/1545 1580/1580/1566 1557/1557/1543
f 1581/1581/1567 1582/1582/1568 1583/1583/1569
f 1580/1580/1566 1572/1572/1558 1557/1557/1543
f 1583/1583/1569 1584/1584/1570 1581/1581/1567
f 1585/1585/1571 1586/1586/1572 1587/1587/1573
f 1567/1567/1553 1588/1588/1574 1564/1564/1550
f 1589/1589/1575 1590/1590/1576 1585/1585/1571
f 1591/1591/1577 1592/1592/1578 1593/1593/1579
f 1594/1594/1580 1592/1592/1578 1595/1595/1581
f 1586/1586/1572 1596/1596/1582 1597/1597/1583
f 1598/1598/1584 1586/1586/1572 1597/1597/1583
f 1599/1599/1585 1600/1600/1586 1573/1573/1559
f 1601/1601/1587 1599/1599/1585 1573/1573/1559
f 1602/1602/1588 1603/1603/1589 1566/1566/1552
f 1567/1567/1553 1566/1566/1552 1603/1603/1589
f 1589/1589/1575 1604/1604/1590 1590/1590/1576
f 1605/1605/1591 1596/1596/1582 1590/1590/1576
f 1606/1606/1592 1607/1607/1592 1608/1608/1592
f 1605/1605/1591 1609/1609/1593 1596/1596/1582
f 1610/1610/1594 1611/1611/1595 1612/1612/1595
f 1613/1613/1596 1614/1614/1597 1615/1615/1598
f 1614/1614/1597 1616/1616/1599 1615/1615/1598
f 1617/1617/1600 1618/1618/1601 1619/1619/1602
f 1620/1620/1603 1618/1618/1601 1621/1621/1604
f 1619/1619/1602 1618/1618/1601 1620/1620/1603
f 1622/1622/1605 1623/1623/1606 1624/1624/1607
f 1625/1625/1608 1624/1624/1607 1623/1623/1606
f 1625/1625/1608 1626/1626/1609 1624/1624/1607
f 1615/1615/1598 1616/1616/1599 1627/1627/1610
f 1628/1628/1611 1629/1629/1612 1630/1630/1613
f 1631/1631/1614 1632/1632/1615 1633/1633/1616
f 1630/1630/1613 1629/1629/1612 1634/1634/1617
f 1629/1629/1612 1635/1635/1618 1634/1634/1617
f 1613/1613/1596 1615/1615/1598 1636/1636/1619
f 1615/1615/1598 1637/1637/1620 1636/1636/1619
f 1638/1638/1621 1623/1623/1606 1622/1622/1605
f 1623/1623/1606 1639/1639/1622 1625/1625/1608
f 1638/1638/1621 1639/1639/1622 1623/1623/1606
f 1627/1627/1610 1637/1637/1620 1615/1615/1598
f 1640/1640/1623 1641/1641/1624 1642/1642/1625
f 1643/1643/1626 1642/1642/1625 1644/1644/1627
f 1643/1643/1626 1640/1640/1623 1642/1642/1625
f 1645/1645/1628 1429/1429/1415 1646/1646/1629
f 1646/1646/1629 1429/1429/1415 1400/1400/1386
f 1647/1647/1630 1648/1648/1631 1402/1402/1388
f 1649/1649/1632 1650/1650/1633 1651/1651/1634
f 1402/1402/1388 1401/1401/1387 1650/1650/1633
f 1652/1652/1635 1653/1653/1636 1654/1654/1637
f 1654/1654/1637 1655/1655/1638 1652/1652/1635
f 1656/1656/1639 1407/1407/1393 1412/1412/1398
f 1654/1654/1637 1653/1653/1636 1657/1657/1640
f 1656/1656/1639 1658/1658/1641 1407/1407/1393
f 1656/1656/1639 1412/1412/1398 1414/1414/1400
f 1654/1654/1637 1659/1659/1642 1655/1655/1638
f 1652/1652/1635 1660/1660/1643 1661/1661/1644
f 1661/1661/1644 1653/1653/1636 1652/1652/1635
f 1661/1661/1644 1662/1662/1645 1641/1641/1624
f 1655/1655/1638 1660/1660/1643 1652/1652/1635
f 1663/1663/1646 1664/1664/1647 1665/1665/1648
f 1665/1665/1648 1666/1666/1649 1660/1660/1643
f 1667/1667/1650 1401/1401/1387 1658/1658/1641
f 1650/1650/1633 1401/1401/1387 1667/1667/1650
f 1668/1668/1651 1669/1669/1652 1670/1670/1653
f 1671/1671/1654 1669/1669/1652 1668/1668/1651
f 1672/1672/1655 1664/1664/1647 1663/1663/1646
f 1673/1673/1656 1674/1674/1657 1675/1675/1658
f 1676/1676/1659 1677/1677/1660 1678/1678/1661
f 1674/1674/1657 1679/1679/1662 1675/1675/1658
f 1679/1679/1662 1674/1674/1657 1680/1680/1663
f 1681/1681/1664 1682/1682/1665 1683/1683/1666
f 1684/1684/1667 1685/1685/1668 1686/1686/1669
f 1686/1686/1669 1687/1687/1670 1684/1684/1667
f 1688/1688/1671 1682/1682/1665 1681/1681/1664
f 1428/1428/1414 1429/1429/1415 1645/1645/1628
f 1689/1689/1672 1690/1690/1673 1645/1645/1628
f 1690/1690/1673 1691/1691/1674 1433/1433/1419
f 1689/1689/1672 1684/1684/1667 1690/1690/1673
f 1686/1686/1669 1692/1692/1675 1687/1687/1670
f 1692/1692/1675 1686/1686/1669 1693/1693/1676
f 1694/1694/1677 1692/1692/1675 1695/1695/1678
f 1696/1696/1679 1694/1694/1677 1697/1697/1680
f 1698/1698/1681 1696/1696/1679 1697/1697/1680
f 1433/1433/1419 1691/1691/1674 1437/1437/1423
f 1691/1691/1674 1687/1687/1670 1696/1696/1679
f 1437/1437/1423 1698/1698/1681 1438/1438/1424
f 1641/1641/1624 1662/1662/1645 1683/1683/1666
f 1699/1699/1682 1683/1683/1666 1662/1662/1645
f 1700/1700/1683 1701/1701/1684 1702/1702/1685
f 1703/1703/1686 1704/1704/1687 1705/1705/1688
f 1701/1701/1684 1706/1706/1689 1702/1702/1685
f 1445/1445/1431 1679/1679/1662 1422/1422/1408
f 1707/1707/1690 1708/1708/1691 1681/1681/1664
f 1709/1709/1692 1710/1710/1693 1711/1711/1694
f 1710/1710/1693 1712/1712/1695 1711/1711/1694
f 1675/1675/1658 1713/1713/1696 1710/1710/1693
f 1445/1445/1431 1465/1465/1451 1713/1713/1696
f 1465/1465/1451 1714/1714/1697 1713/1713/1696
f 1715/1715/1698 1711/1711/1694 1716/1716/1699
f 1716/1716/1699 1717/1717/1700 1718/1718/1701
f 1717/1717/1700 1712/1712/1695 1719/1719/1702
f 1719/1719/1702 1720/1720/1703 1717/1717/1700
f 1721/1721/1704 1722/1722/1705 1720/1720/1703
f 1719/1719/1702 1712/1712/1695 1714/1714/1697
f 1719/1719/1702 1723/1723/1706 1720/1720/1703
f 1719/1719/1702 1714/1714/1697 1723/1723/1706
f 1466/1466/1452 1464/1464/1450 1723/1723/1706
f 1720/1720/1703 1724/1724/1707 1721/1721/1704
f 1725/1725/1708 1726/1726/1709 1695/1695/1678
f 1727/1727/1710 1697/1697/1680 1694/1694/1677
f 1728/1728/1711 1698/1698/1681 1697/1697/1680
f 1728/1728/1711 1697/1697/1680 1727/1727/1710
f 1726/1726/1709 1729/1729/1712 1727/1727/1710
f 1730/1730/1713 1729/1729/1712 1726/1726/1709
f 1730/1730/1713 1731/1731/1714 1729/1729/1712
f 1728/1728/1711 1732/1732/1715 1469/1469/1455
f 1732/1732/1715 1489/1489/1475 1469/1469/1455
f 1732/1732/1715 1733/1733/1716 1489/1489/1475
f 1734/1734/1717 1735/1735/1718 1736/1736/1719
f 1737/1737/1720 1738/1738/1721 1730/1730/1713
f 1738/1738/1721 1735/1735/1718 1734/1734/1717
f 1739/1739/1722 1731/1731/1714 1734/1734/1717
f 1733/1733/1716 1731/1731/1714 1739/1739/1722
f 1739/1739/1722 1740/1740/1723 1733/1733/1716
f 1741/1741/1724 1486/1486/1472 1742/1742/1725
f 1742/1742/1725 1486/1486/1472 1492/1492/1478
f 1718/1718/1701 1722/1722/1705 1743/1743/1726
f 1721/1721/1704 1744/1744/1727 1722/1722/1705
f 1744/1744/1727 1745/1745/1728 1746/1746/1729
f 1743/1743/1726 1746/1746/1729 1747/1747/1730
f 1498/1498/1484 1497/1497/1483 1748/1748/1731
f 1748/1748/1731 1497/1497/1483 1749/1749/1732
f 1748/1748/1731 1750/1750/1733 1724/1724/1707
f 1724/1724/1707 1750/1750/1733 1721/1721/1704
f 1750/1750/1733 1744/1744/1727 1721/1721/1704
f 1746/1746/1729 1745/1745/1728 1751/1751/1734
f 1752/1752/1735 1753/1753/1736 1751/1751/1734
f 1752/1752/1735 1751/1751/1734 1754/1754/1737
f 1755/1755/1738 1756/1756/1739 1754/1754/1737
f 1749/1749/1732 1497/1497/1483 1505/1505/1491
f 1757/1757/1740 1504/1504/1490 1758/1758/1741
f 1757/1757/1740 1759/1759/1742 1749/1749/1732
f 1759/1759/1742 1757/1757/1740 1755/1755/1738
f 1755/1755/1738 1745/1745/1728 1759/1759/1742
f 1736/1736/1719 1760/1760/1743 1761/1761/1744
f 1762/1762/1745 1763/1763/1746 1764/1764/1747
f 1762/1762/1745 1736/1736/1719 1735/1735/1718
f 1765/1765/1748 1766/1766/1749 1767/1767/1750
f 1768/1768/1751 1769/1769/1752 1761/1761/1744
f 1760/1760/1743 1768/1768/1751 1761/1761/1744
f 1768/1768/1751 1760/1760/1743 1767/1767/1750
f 1770/1770/1753 1741/1741/1724 1771/1771/1754
f 1772/1772/1755 1770/1770/1753 1771/1771/1754
f 1509/1509/1495 1770/1770/1753 1513/1513/1499
f 1773/1773/1756 1774/1774/1757 1772/1772/1755
f 1763/1763/1746 1775/1775/1758 1764/1764/1747
f 1765/1765/1748 1775/1775/1758 1776/1776/1759
f 1764/1764/1747 1775/1775/1758 1765/1765/1748
f 1777/1777/1760 1778/1778/1761 1779/1779/1762
f 1780/1780/1763 1779/1779/1762 1781/1781/1764
f 1780/1780/1763 1782/1782/1765 1779/1779/1762
f 1513/1513/1499 1774/1774/1757 1514/1514/1500
f 1783/1783/1766 1514/1514/1500 1774/1774/1757
f 1514/1514/1500 1783/1783/1766 1515/1515/1501
f 1784/1784/1767 1785/1785/1768 1786/1786/1769
f 1786/1786/1769 1787/1787/1770 1784/1784/1767
f 1754/1754/1737 1785/1785/1768 1752/1752/1735
f 1784/1784/1767 1788/1788/1771 1785/1785/1768
f 1516/1516/1502 1518/1518/1504 1789/1789/1772
f 1789/1789/1772 1518/1518/1504 1790/1790/1773
f 1791/1791/1774 1792/1792/1775 1758/1758/1741
f 1758/1758/1741 1792/1792/1775 1756/1756/1739
f 1792/1792/1775 1786/1786/1769 1756/1756/1739
f 1793/1793/1776 1794/1794/1777 1795/1795/1778
f 1796/1796/1779 1781/1781/1764 1797/1797/1780
f 1796/1796/1779 1794/1794/1777 1781/1781/1764
f 1798/1798/1781 1794/1794/1777 1793/1793/1776
f 1788/1788/1771 1799/1799/1782 1800/1800/1783
f 1795/1795/1778 1801/1801/1784 1793/1793/1776
f 1801/1801/1784 1795/1795/1778 1802/1802/1785
f 1803/1803/1786 1780/1780/1763 1798/1798/1781
f 1804/1804/1787 1798/1798/1781 1793/1793/1776
f 1804/1804/1787 1793/1793/1776 1805/1805/1788
f 1806/1806/1789 1790/1790/1773 1807/1807/1790
f 1801/1801/1784 1805/1805/1788 1793/1793/1776
f 1808/1808/1791 1809/1809/1792 1810/1810/1793
f 1809/1809/1792 1808/1808/1791 1811/1811/1794
f 1811/1811/1794 1787/1787/1770 1809/1809/1792
f 1812/1812/1795 1813/1813/1796 1788/1788/1771
f 1800/1800/1783 1812/1812/1795 1788/1788/1771
f 1529/1529/1515 1814/1814/1797 1530/1530/1516
f 1815/1815/1798 1816/1816/1799 1817/1817/1800
f 1815/1815/1798 1817/1817/1800 1818/1818/1801
f 1819/1819/1802 1820/1820/1803 1821/1821/1804
f 1822/1822/1805 1823/1823/1806 1824/1824/1807
f 1821/1821/1804 1820/1820/1803 1825/1825/1808
f 1826/1826/1809 1815/1815/1798 1825/1825/1808
f 1826/1826/1809 1825/1825/1808 1827/1827/1810
f 1828/1828/1811 1820/1820/1803 1829/1829/1812
f 1830/1830/1813 1831/1831/1814 1548/1548/1534
f 1814/1814/1797 1529/1529/1515 1832/1832/1815
f 1829/1829/1812 1830/1830/1813 1833/1833/1816
f 1828/1828/1811 1829/1829/1812 1833/1833/1816
f 1833/1833/1816 1549/1549/1535 1834/1834/1817
f 1828/1828/1811 1835/1835/1818 1827/1827/1810
f 1836/1836/1819 1837/1837/1820 1838/1838/1821
f 1839/1839/1822 1840/1840/1823 1841/1841/1824
f 1842/1842/1825 1839/1839/1822 1841/1841/1824
f 1842/1842/1825 1843/1843/1826 1839/1839/1822
f 1844/1844/1827 1845/1845/1828 1846/1846/1829
f 1845/1845/1828 1847/1847/1830 1848/1848/1831
f 1847/1847/1830 1845/1845/1828 1844/1844/1827
f 1530/1530/1516 1814/1814/1797 1560/1560/1546
f 1565/1565/1551 1849/1849/1832 1566/1566/1552
f 1823/1823/1806 1850/1850/1833 1824/1824/1807
f 1851/1851/1834 1850/1850/1833 1823/1823/1806
f 1852/1852/1835 1853/1853/1836 1854/1854/1837
f 1855/1855/1838 1856/1856/1839 1857/1857/1840
f 1855/1855/1838 1857/1857/1840 1858/1858/1841
f 1850/1850/1833 1859/1859/1842 1824/1824/1807
f 1859/1859/1842 1860/1860/1843 1560/1560/1546
f 1859/1859/1842 1861/1861/1844 1860/1860/1843
f 1600/1600/1586 1847/1847/1830 1554/1554/1540
f 1862/1862/1845 1863/1863/1846 1864/1864/1847
f 1864/1864/1847 1863/1863/1846 1865/1865/1848
f 1862/1862/1845 1864/1864/1847 1866/1866/1849
f 1857/1857/1840 1867/1867/1850 1858/1858/1841
f 1868/1868/1851 1869/1869/1852 1853/1853/1836
f 1870/1870/1853 1871/1871/1854 1872/1872/1855
f 1873/1873/1856 1874/1874/1856 1875/1875/1856
f 1861/1861/1844 1863/1863/1846 1862/1862/1845
f 1861/1861/1844 1565/1565/1551 1860/1860/1843
f 1866/1866/1849 1876/1876/1857 1877/1877/1858
f 1878/1878/1859 1879/1879/1860 1880/1880/1861
f 1878/1878/1859 1880/1880/1861 1881/1881/1862
f 1848/1848/1831 1882/1882/1863 1840/1840/1823
f 1883/1883/1864 1841/1841/1824 1840/1840/1823
f 1882/1882/1863 1884/1884/1865 1885/1885/1866
f 1848/1848/1831 1886/1886/1867 1882/1882/1863
f 1600/1600/1586 1599/1599/1585 1886/1886/1867
f 1599/1599/1585 1887/1887/1868 1886/1886/1867
f 1888/1888/1869 1889/1889/1870 1890/1890/1871
f 1891/1891/1872 1888/1888/1869 1890/1890/1871
f 1892/1892/1873 1889/1889/1870 1888/1888/1869
f 1599/1599/1585 1601/1601/1587 1887/1887/1868
f 1887/1887/1868 1601/1601/1587 1893/1893/1874
f 1566/1566/1552 1849/1849/1832 1602/1602/1588
f 1894/1894/1875 1895/1895/1876 1896/1896/1877
f 1897/1897/1878 1898/1898/1879 1899/1899/1880
f 1870/1870/1853 1872/1872/1855 1900/1900/1881
f 1897/1897/1878 1894/1894/1875 1901/1901/1882
f 1902/1902/1883 1877/1877/1858 1876/1876/1857
f 1849/1849/1832 1877/1877/1858 1602/1602/1588
f 1902/1902/1883 1903/1903/1884 1617/1617/1600
f 1879/1879/1860 1904/1904/1885 1905/1905/1886
f 1906/1906/1887 1610/1610/1594 1907/1907/1888
f 1908/1908/1889 1909/1909/1889 1910/1910/1889
f 1911/1911/1890 1904/1904/1885 1879/1879/1860
f 1912/1912/1891 1913/1913/1891 1914/1914/1891
f 1897/1897/1878 1915/1915/1892 1898/1898/1879
f 1916/1916/1893 1917/1917/1894 1918/1918/1895
f 1617/1617/1600 1903/1903/1884 1618/1618/1601
f 1919/1919/1896 1920/1920/1896 1921/1921/1896
f 1922/1922/1897 1916/1916/1893 1918/1918/1895
f 1923/1923/1898 1907/1907/1888 1610/1610/1594
f 1924/1924/1899 1925/1925/1900 1926/1926/1901
f 1924/1924/1899 1927/1927/1902 1925/1925/1900
f 1889/1889/1870 1928/1928/1903 1929/1929/1904
f 1930/1930/1905 1929/1929/1904 1931/1931/1906
f 1931/1931/1906 1929/1929/1904 1932/1932/1907
f 1930/1930/1905 1931/1931/1906 1933/1933/1908
f 1934/1934/1909 1935/1935/1910 1936/1936/1911
f 1937/1937/1912 1938/1938/1913 1939/1939/1913
f 1940/1940/1914 1941/1941/1915 1942/1942/1916
f 1943/1943/1917 1940/1940/1914 1944/1944/1918
f 1945/1945/1919 1946/1946/1920 1947/1947/1921
f 1948/1948/1922 1931/1931/1906 1932/1932/1907
f 1931/1931/1906 1948/1948/1922 1933/1933/1908
f 1949/1949/1923 1950/1950/1924 1951/1951/1924
f 1927/1927/1902 1952/1952/1925 1925/1925/1900
f 1953/1953/1926 1918/1918/1895 1917/1917/1894
f 1954/1954/1927 1945/1945/1919 1955/1955/1928
f 1956/1956/1929 1922/1922/1897 1918/1918/1895
f 1957/1957/1930 1958/1958/1931 1955/1955/1928
f 1959/1959/1932 1927/1927/1902 1924/1924/1899
f 1955/1955/1928 1945/1945/1919 1947/1947/1921
f 1960/1960/1933 1957/1957/1930 1947/1947/1921
f 1957/1957/1930 1955/1955/1928 1947/1947/1921
f 1961/1961/1934 1962/1962/1935 1695/1695/1678
f 1963/1963/1936 1964/1964/1937 1702/1702/1685
f 1963/1963/1936 1965/1965/1938 1964/1964/1937
f 1963/1963/1936 1966/1966/1939 1965/1965/1938
f 1967/1967/1940 1968/1968/1941 1706/1706/1689
f 1969/1969/1942 1970/1970/1943 1971/1971/1944
f 1706/1706/1689 1972/1972/1945 1967/1967/1940
f 1971/1971/1944 1973/1973/1946 1969/1969/1942
f 1974/1974/1947 1975/1975/1948 1976/1976/1949
f 1974/1974/1947 1976/1976/1949 1977/1977/1950
f 1978/1978/1951 1979/1979/1952 1980/1980/1953
f 1981/1981/1954 1978/1978/1951 1980/1980/1953
f 1982/1982/1955 1708/1708/1691 1983/1983/1956
f 1974/1974/1947 1983/1983/1956 1984/1984/1957
f 1985/1985/1958 1984/1984/1957 1983/1983/1956
f 1981/1981/1954 1974/1974/1947 1984/1984/1957
f 1985/1985/1958 1973/1973/1946 1984/1984/1957
f 1981/1981/1954 1984/1984/1957 1973/1973/1946
f 1967/1967/1940 1972/1972/1945 1986/1986/1959
f 1970/1970/1943 1987/1987/1960 1971/1971/1944
f 1971/1971/1944 1987/1987/1960 1988/1988/1961
f 1989/1989/1962 1715/1715/1698 1990/1990/1962
f 1991/1991/1963 1988/1988/1961 1987/1987/1960
f 1992/1992/1964 1993/1993/1965 1994/1994/1966
f 1995/1995/1967 1979/1979/1952 1978/1978/1951
f 1996/1996/1968 1997/1997/1969 1998/1998/1970
f 1995/1995/1967 1999/1999/1971 1992/1992/1964
f 1995/1995/1967 1988/1988/1961 1999/1999/1971
f 1716/1716/1699 1718/1718/1701 2000/2000/1972
f 1998/1998/1970 2001/2001/1973 1996/1996/1968
f 1695/1695/1678 1962/1962/1935 1725/1725/1708
f 2002/2002/1974 2003/2003/1975 2004/2004/1976
f 2005/2005/1977 2006/2006/1978 1976/1976/1949
f 1976/1976/1949 1975/1975/1948 2005/2005/1977
f 2007/2007/1979 2008/2008/1980 2009/2009/1981
f 1980/1980/1953 2008/2008/1980 1975/1975/1948
f 2005/2005/1977 2010/2010/1982 2011/2011/1983
f 2010/2010/1982 2008/2008/1980 2007/2007/1979
f 2003/2003/1975 2012/2012/1984 2004/2004/1976
f 2012/2012/1984 1737/1737/1720 1725/1725/1708
f 2012/2012/1984 2013/2013/1985 1737/1737/1720
f 2014/2014/1986 2015/2015/1987 2016/2016/1988
f 2017/2017/1989 2018/2018/1990 2014/2014/1986
f 2014/2014/1986 2018/2018/1990 2019/2019/1991
f 2010/2010/1982 2020/2020/1992 2011/2011/1983
f 2021/2021/1993 2022/2022/1994 2007/2007/1979
f 2013/2013/1985 2018/2018/1990 2017/2017/1989
f 2017/2017/1989 2023/2023/1995 2013/2013/1985
f 2024/2024/1996 1735/1735/1718 2023/2023/1995
f 2023/2023/1995 1735/1735/1718 1738/1738/1721
f 2025/2025/1997 2026/2026/1997 2027/2027/1997
f 2028/2028/1998 2009/2009/1981 1994/1994/1966
f 1996/1996/1968 2029/2029/1999 1997/1997/1969
f 2029/2029/1999 2030/2030/2000 2031/2031/2001
f 2032/2032/2002 2033/2033/2003 2034/2034/2004
f 2001/2001/1973 1718/1718/1701 1743/1743/1726
f 2001/2001/1973 2035/2035/2005 1996/1996/1968
f 1747/1747/1730 2036/2036/2006 2035/2035/2005
f 2035/2035/2005 2029/2029/1999 1996/1996/1968
f 2037/2037/2007 2021/2021/1993 2007/2007/1979
f 2031/2031/2001 2030/2030/2000 2038/2038/2008
f 2039/2039/2009 2040/2040/2010 2038/2038/2008
f 2041/2041/2011 2038/2038/2008 2030/2030/2000
f 1753/1753/1736 2036/2036/2006 1747/1747/1730
f 2042/2042/2012 2036/2036/2006 1753/1753/1736
f 2043/2043/2013 2044/2044/2014 2041/2041/2011
f 2044/2044/2014 2043/2043/2013 2045/2045/2015
f 2042/2042/2012 2043/2043/2013 2041/2041/2011
f 2043/2043/2013 2046/2046/2016 2045/2045/2015
f 2046/2046/2016 2043/2043/2013 2042/2042/2012
f 2016/2016/1988 2047/2047/2017 2048/2048/2018
f 2049/2049/2019 2047/2047/2017 2016/2016/1988
f 2049/2049/2019 2050/2050/2020 2047/2047/2017
f 2049/2049/2019 2051/2051/2021 2052/2052/2022
f 2052/2052/2022 2051/2051/2021 2053/2053/2023
f 1762/1762/1745 1735/1735/1718 2024/2024/1996
f 2054/2054/2024 2024/2024/1996 2048/2048/2018
f 2047/2047/2017 2054/2054/2024 2048/2048/2018
f 2054/2054/2024 2047/2047/2017 2050/2050/2020
f 2050/2050/2020 2055/2055/2025 2056/2056/2026
f 2057/2057/2027 2055/2055/2025 2050/2050/2020
f 2052/2052/2022 2058/2058/2028 2057/2057/2027
f 2058/2058/2028 2059/2059/2029 2060/2060/2030
f 2061/2061/2031 2057/2057/2027 2058/2058/2028
f 1763/1763/1746 2056/2056/2026 1775/1775/1758
f 2056/2056/2026 1776/1776/1759 1775/1775/1758
f 2062/2062/2032 1778/1778/1761 2063/2063/2033
f 1778/1778/1761 2062/2062/2032 1797/1797/1780
f 2064/2064/2034 2039/2039/2009 2065/2065/2035
f 2044/2044/2014 2065/2065/2035 2039/2039/2009
f 1813/1813/1796 2046/2046/2016 1752/1752/1735
f 2066/2066/2036 2067/2067/2037 2068/2068/2038
f 2069/2069/2039 2070/2070/2040 2071/2071/2041
f 2072/2072/2042 2073/2073/2043 2074/2074/2044
f 2075/2075/2045 2073/2073/2043 2072/2072/2042
f 2068/2068/2038 2067/2067/2037 2076/2076/2046
f 2062/2062/2032 2071/2071/2041 2070/2070/2040
f 2077/2077/2047 2070/2070/2040 2068/2068/2038
f 1796/1796/1779 1797/1797/1780 2077/2077/2047
f 2077/2077/2047 2068/2068/2038 2078/2078/2048
f 2079/2079/2049 2078/2078/2048 2080/2080/2050
f 2080/2080/2050 2078/2078/2048 2081/2081/2051
f 2065/2065/2035 2082/2082/2052 2083/2083/2053
f 2082/2082/2052 2084/2084/2054 2083/2083/2053
f 2045/2045/2015 2085/2085/2055 2082/2082/2052
f 1813/1813/1796 1812/1812/1795 2085/2085/2055
f 1812/1812/1795 2086/2086/2056 2085/2085/2055
f 2083/2083/2053 2084/2084/2054 2072/2072/2042
f 2075/2075/2045 2087/2087/2057 2088/2088/2058
f 2087/2087/2057 2084/2084/2054 2086/2086/2056
f 2087/2087/2057 2089/2089/2059 2088/2088/2058
f 1812/1812/1795 1800/1800/1783 2086/2086/2056
f 2090/2090/2060 2091/2091/2061 2060/2060/2030
f 2069/2069/2039 2092/2092/2062 2093/2093/2063
f 2069/2069/2039 2093/2093/2063 2066/2066/2036
f 2094/2094/2064 2093/2093/2063 2095/2095/2065
f 2094/2094/2064 2066/2066/2036 2093/2093/2063
f 2096/2096/2066 2097/2097/2067 2067/2067/2037
f 2098/2098/2068 2081/2081/2051 2076/2076/2046
f 2098/2098/2068 2076/2076/2046 2099/2099/2069
f 2098/2098/2068 2100/2100/2070 2081/2081/2051
f 2101/2101/2071 2102/2102/2072 2103/2103/2073
f 2103/2103/2073 2102/2102/2072 2104/2104/2074
f 2105/2105/2075 2075/2075/2045 2088/2088/2058
f 2106/2106/2076 2107/2107/2077 2108/2108/2078
f 2100/2100/2070 2098/2098/2068 2109/2109/2079
f 2098/2098/2068 2099/2099/2069 2109/2109/2079
f 2110/2110/2080 2106/2106/2076 2108/2108/2078
f 1817/1817/1800 2111/2111/2081 1818/1818/1801
f 2112/2112/2082 2111/2111/2081 1817/1817/1800
f 2113/2113/2083 2114/2114/2084 2115/2115/2085
f 2111/2111/2081 2112/2112/2082 2116/2116/2086
f 1817/1817/1800 1816/1816/1799 2112/2112/2082
f 2117/2117/2087 2114/2114/2084 2113/2113/2083
f 2118/2118/2088 2119/2119/2089 2120/2120/2090
f 2120/2120/2090 2119/2119/2089 2121/2121/2091
f 2122/2122/2092 2118/2118/2088 2120/2120/2090
f 2123/2123/2093 2124/2124/2094 2125/2125/2095
f 2126/2126/2096 2127/2127/2097 2128/2128/2098
f 2129/2129/2099 1837/1837/1820 2130/2130/2100
f 2131/2131/2101 2132/2132/2101 2125/2125/2095
f 2133/2133/2102 2130/2130/2100 2134/2134/2103
f 1837/1837/1820 1836/1836/1819 2130/2130/2100
f 1836/1836/1819 2134/2134/2103 2130/2130/2100
f 2135/2135/2104 2123/2123/2093 2125/2125/2095
f 2136/2136/2105 2137/2137/2106 2138/2138/2107
f 2139/2139/2108 1841/1841/1824 2140/2140/2109
f 1842/1842/1825 1841/1841/1824 2139/2139/2108
f 2141/2141/2110 2142/2142/2111 2143/2143/2112
f 2144/2144/2113 2142/2142/2111 2145/2145/2114
f 2146/2146/2115 2147/2147/2116 2148/2148/2117
f 2145/2145/2114 2149/2149/2118 2144/2144/2113
f 2150/2150/2119 2147/2147/2116 2146/2146/2115
f 2145/2145/2114 2142/2142/2111 2141/2141/2110
f 2151/2151/2120 2119/2119/2089 2118/2118/2088
f 1856/1856/1839 2152/2152/2121 1854/1854/1837
f 2153/2153/2122 1854/1854/1837 2152/2152/2121
f 2146/2146/2115 2148/2148/2117 2154/2154/2123
f 2144/2144/2113 2149/2149/2118 2155/2155/2124
f 2145/2145/2114 2156/2156/2125 2149/2149/2118
f 2156/2156/2125 2145/2145/2114 2141/2141/2110
f 2157/2157/2126 2158/2158/2127 2159/2159/2128
f 2160/2160/2129 2161/2161/2130 2162/2162/2131
f 2163/2163/2132 1896/1896/1877 2164/2164/2133
f 2164/2164/2133 1896/1896/1877 2165/2165/2134
f 2166/2166/2135 1867/1867/1850 1869/1869/1852
f 2167/2167/2136 2168/2168/2137 2169/2169/2138
f 2146/2146/2115 2170/2170/2139 2150/2150/2119
f 2171/2171/2140 2172/2172/2141 2173/2173/2142
f 2173/2173/2142 2170/2170/2139 2174/2174/2143
f 2175/2175/2144 2176/2176/2145 2177/2177/2146
f 2175/2175/2144 2177/2177/2146 2178/2178/2147
f 2140/2140/2109 1841/1841/1824 1883/1883/1864
f 2179/2179/2148 2180/2180/2149 1852/1852/1835
f 2146/2146/2115 2154/2154/2123 2170/2170/2139
f 2180/2180/2149 2181/2181/2150 1852/1852/1835
f 2182/2182/2151 2183/2183/2152 2184/2184/2153
f 2185/2185/2154 2186/2186/2155 2187/2187/2156
f 2187/2187/2156 2186/2186/2155 2188/2188/2157
f 2189/2189/2158 2158/2158/2127 2190/2190/2159
f 2191/2191/2160 2190/2190/2159 2158/2158/2127
f 2190/2190/2159 2192/2192/2161 2189/2189/2158
f 2177/2177/2146 2193/2193/2162 2178/2178/2147
f 2194/2194/2163 2195/2195/2164 2188/2188/2157
f 2196/2196/2165 2183/2183/2152 2197/2197/2166
f 2196/2196/2165 2198/2198/2167 2183/2183/2152
f 2199/2199/2168 1890/1890/1871 2200/2200/2169
f 2199/2199/2168 2186/2186/2155 2185/2185/2154
f 2186/2186/2155 2199/2199/2168 2194/2194/2163
f 2194/2194/2163 2188/2188/2157 2186/2186/2155
f 2201/2201/2170 2202/2202/2171 2203/2203/2172
f 2204/2204/2173 2205/2205/2174 2206/2206/2175
f 2206/2206/2175 2207/2207/2176 2204/2204/2173
f 2206/2206/2175 2205/2205/2174 2208/2208/2177
f 1894/1894/1875 1896/1896/1877 2163/2163/2132
f 2162/2162/2131 2209/2209/2178 2163/2163/2132
f 2209/2209/2178 2210/2210/2179 1901/1901/1882
f 2162/2162/2131 2204/2204/2173 2209/2209/2178
f 2206/2206/2175 2211/2211/2180 2207/2207/2176
f 2211/2211/2180 2206/2206/2175 2208/2208/2177
f 2212/2212/2181 2211/2211/2180 2213/2213/2182
f 2214/2214/2183 2212/2212/2181 2215/2215/2184
f 2216/2216/2185 2214/2214/2183 2215/2215/2184
f 1901/1901/1882 2210/2210/2179 2217/2217/2186
f 2210/2210/2179 2207/2207/2176 2214/2214/2183
f 2189/2189/2158 2192/2192/2161 2203/2203/2172
f 2218/2218/2187 2219/2219/2187 2220/2220/2187
f 2221/2221/2188 2222/2222/2189 2223/2223/2190
f 2222/2222/2189 2224/2224/2191 2225/2225/2192
f 2226/2226/2193 2225/2225/2192 2227/2227/2194
f 2200/2200/2169 1890/1890/1871 1930/1930/1905
f 2200/2200/2169 2228/2228/2195 2221/2221/2188
f 1933/1933/1908 2229/2229/2196 2228/2228/2195
f 2228/2228/2195 2222/2222/2189 2221/2221/2188
f 2230/2230/2197 2231/2231/2198 2232/2232/2199
f 2233/2233/2200 2234/2234/2201 2208/2208/2177
f 2235/2235/2202 2230/2230/2197 2232/2232/2199
f 2225/2225/2192 2224/2224/2191 2236/2236/2203
f 2237/2237/2204 2238/2238/2205 2236/2236/2203
f 2237/2237/2204 2236/2236/2203 2239/2239/2206
f 1940/1940/1914 1942/1942/1916 2240/2240/2207
f 2241/2241/2208 2242/2242/2209 2243/2243/2210
f 2240/2240/2207 2232/2232/2199 2244/2244/2211
f 2245/2245/2212 2246/2246/2213 2247/2247/2214
f 2229/2229/2196 2246/2246/2213 2245/2245/2212
f 2245/2245/2212 2224/2224/2191 2229/2229/2196
f 2248/2248/2215 2249/2249/2216 2213/2213/2182
f 2250/2250/2217 2215/2215/2184 2212/2212/2181
f 2251/2251/2218 2216/2216/2185 2215/2215/2184
f 2251/2251/2218 2215/2215/2184 2250/2250/2217
f 2252/2252/2219 2253/2253/2220 2254/2254/2221
f 2255/2255/2222 2249/2249/2216 2248/2248/2215
f 2255/2255/2222 2256/2256/2223 2249/2249/2216
f 2237/2237/2204 2257/2257/2224 2258/2258/2225
f 2259/2259/2226 2257/2257/2224 2260/2260/2227
f 2260/2260/2227 2257/2257/2224 2239/2239/2206
f 2239/2239/2206 2257/2257/2224 2237/2237/2204
f 2259/2259/2226 2258/2258/2225 2257/2257/2224
f 2253/2253/2220 2252/2252/2219 2261/2261/2228
f 2262/2262/2229 2263/2263/2229 2235/2235/2202
f 2264/2264/2230 2015/2015/1987 2265/2265/2231
f 2266/2266/2232 2267/2267/2233 2020/2020/1992
f 2268/2268/2234 2269/2269/2235 2266/2266/2232
f 2266/2266/2232 2020/2020/1992 2022/2022/1994
f 2268/2268/2234 2266/2266/2232 2022/2022/1994
f 2270/2270/2236 2028/2028/1998 2032/2032/2002
f 2270/2270/2236 2037/2037/2007 2028/2028/1998
f 2270/2270/2236 2271/2271/2237 2037/2037/2007
f 2270/2270/2236 2032/2032/2002 2034/2034/2004
f 2270/2270/2236 2034/2034/2004 2271/2271/2237
f 2272/2272/2238 2273/2273/2239 2274/2274/2240
f 2275/2275/2241 2276/2276/2242 2277/2277/2243
f 2278/2278/2244 2279/2279/2245 2280/2280/2246
f 2280/2280/2246 2281/2281/2247 2278/2278/2244
f 2282/2282/2248 2283/2283/2249 2284/2284/2250
f 2282/2282/2248 2284/2284/2250 2285/2285/2251
f 2280/2280/2246 2279/2279/2245 2286/2286/2252
f 2287/2287/2253 2021/2021/1993 2288/2288/2254
f 2275/2275/2241 2288/2288/2254 2289/2289/2255
f 2271/2271/2237 2289/2289/2255 2288/2288/2254
f 2290/2290/2256 2291/2291/2257 2292/2292/2258
f 2293/2293/2259 2040/2040/2010 2039/2039/2009
f 2051/2051/2021 2015/2015/1987 2264/2264/2230
f 2294/2294/2260 2295/2295/2261 2053/2053/2023
f 2296/2296/2262 2297/2297/2263 2298/2298/2264
f 2268/2268/2234 2287/2287/2253 2297/2297/2263
f 2299/2299/2265 2295/2295/2261 2294/2294/2260
f 2053/2053/2023 2295/2295/2261 2059/2059/2029
f 2300/2300/2266 2059/2059/2029 2295/2295/2261
f 2300/2300/2266 2295/2295/2261 2299/2299/2265
f 2276/2276/2242 2301/2301/2267 2277/2277/2243
f 2302/2302/2268 2301/2301/2267 2276/2276/2242
f 2282/2282/2248 2303/2303/2269 2304/2304/2270
f 2285/2285/2251 2303/2303/2269 2282/2282/2248
f 2305/2305/2271 2306/2306/2272 2307/2307/2273
f 2297/2297/2263 2287/2287/2253 2277/2277/2243
f 2301/2301/2267 2308/2308/2274 2298/2298/2264
f 2293/2293/2259 2309/2309/2275 2310/2310/2276
f 2311/2311/2277 2312/2312/2278 2313/2313/2279
f 2314/2314/2280 2315/2315/2281 2316/2316/2282
f 2317/2317/2283 2318/2318/2284 2314/2314/2280
f 2319/2319/2285 2308/2308/2274 2320/2320/2286
f 2321/2321/2287 2322/2322/2288 2323/2323/2289
f 2324/2324/2290 2322/2322/2288 2321/2321/2287
f 2325/2325/2291 2326/2326/2292 2313/2313/2279
f 2317/2317/2283 2327/2327/2293 2328/2328/2294
f 2317/2317/2283 2328/2328/2294 2300/2300/2266
f 2325/2325/2291 2313/2313/2279 2312/2312/2278
f 2073/2073/2043 2329/2329/2295 2074/2074/2044
f 2309/2309/2275 2064/2064/2034 2330/2330/2296
f 2309/2309/2275 2330/2330/2296 2331/2331/2297
f 2331/2331/2297 2330/2330/2296 2332/2332/2298
f 2064/2064/2034 2333/2333/2299 2330/2330/2296
f 2333/2333/2299 2332/2332/2298 2330/2330/2296
f 2334/2334/2300 2335/2335/2301 2336/2336/2302
f 2335/2335/2301 2334/2334/2300 2337/2337/2303
f 2334/2334/2300 2329/2329/2295 2337/2337/2303
f 2333/2333/2299 2074/2074/2044 2332/2332/2298
f 2060/2060/2030 2328/2328/2294 2090/2090/2060
f 2316/2316/2282 2338/2338/2304 2327/2327/2293
f 2339/2339/2305 2338/2338/2304 2316/2316/2282
f 2339/2339/2305 2340/2340/2306 2338/2338/2304
f 2339/2339/2305 2341/2341/2307 2342/2342/2308
f 2335/2335/2301 2343/2343/2309 2344/2344/2310
f 2345/2345/2311 2096/2096/2066 2094/2094/2064
f 2338/2338/2304 2346/2346/2312 2327/2327/2293
f 2346/2346/2312 2338/2338/2304 2340/2340/2306
f 2340/2340/2306 2347/2347/2313 2346/2346/2312
f 2348/2348/2314 2347/2347/2313 2349/2349/2315
f 2107/2107/2077 2329/2329/2295 2073/2073/2043
f 2350/2350/2316 2351/2351/2317 2340/2340/2306
f 2342/2342/2308 2352/2352/2318 2350/2350/2316
f 2352/2352/2318 2342/2342/2308 2353/2353/2319
f 2354/2354/2320 2355/2355/2321 2356/2356/2321
f 2357/2357/2322 2358/2358/2323 2359/2359/2323
f 2360/2360/2324 2350/2350/2316 2352/2352/2318
f 2349/2349/2315 2351/2351/2317 2361/2361/2325
f 2362/2362/2326 2363/2363/2326 2364/2364/2326
f 2102/2102/2072 2365/2365/2327 2104/2104/2074
f 2366/2366/2328 2343/2343/2309 2367/2367/2329
f 2343/2343/2309 2368/2368/2330 2367/2367/2329
f 2368/2368/2330 2369/2369/2331 2367/2367/2329
f 2337/2337/2303 2370/2370/2332 2368/2368/2330
f 2107/2107/2077 2106/2106/2076 2370/2370/2332
f 2106/2106/2076 2371/2371/2333 2370/2370/2332
f 2367/2367/2329 2372/2372/2334 2366/2366/2328
f 2372/2372/2334 2369/2369/2331 2373/2373/2335
f 2367/2367/2329 2369/2369/2331 2372/2372/2334
f 2106/2106/2076 2110/2110/2080 2371/2371/2333
f 2374/2374/2336 2104/2104/2074 2365/2365/2327
f 2375/2375/2337 2172/2172/2141 2171/2171/2140
f 2376/2376/2338 2377/2377/2339 2378/2378/2340
f 2379/2379/2341 2380/2380/2342 2381/2381/2343
f 2382/2382/2344 2175/2175/2144 2178/2178/2147
f 2379/2379/2341 2383/2383/2345 2380/2380/2342
f 2381/2381/2343 2380/2380/2342 2191/2191/2160
f 2380/2380/2342 2384/2384/2346 2191/2191/2160
f 2384/2384/2346 2380/2380/2342 2383/2383/2345
f 2234/2234/2201 2385/2385/2347 2213/2213/2182
f 2386/2386/2348 2387/2387/2349 2388/2388/2350
f 2386/2386/2348 2389/2389/2351 2387/2387/2349
f 2390/2390/2352 2391/2391/2353 2392/2392/2354
f 2393/2393/2355 2226/2226/2193 2227/2227/2194
f 2390/2390/2352 2394/2394/2356 2391/2391/2353
f 2395/2395/2357 2396/2396/2358 2397/2397/2359
f 2398/2398/2360 2399/2399/2361 2400/2400/2362
f 2401/2401/2363 2396/2396/2358 2395/2395/2357
f 2385/2385/2347 2234/2234/2201 2402/2402/2364
f 2395/2395/2357 2403/2403/2365 2404/2404/2366
f 2391/2391/2353 2404/2404/2366 2403/2403/2365
f 2405/2405/2367 2406/2406/2368 2238/2238/2205
f 2405/2405/2367 2238/2238/2205 2237/2237/2204
f 2213/2213/2182 2385/2385/2347 2248/2248/2215
f 2399/2399/2361 2407/2407/2369 2400/2400/2362
f 2408/2408/2370 2407/2407/2369 2399/2399/2361
f 2399/2399/2361 2409/2409/2371 2408/2408/2370
f 2410/2410/2372 2411/2411/2373 2412/2412/2374
f 2408/2408/2370 2413/2413/2375 2414/2414/2376
f 2415/2415/2377 2416/2416/2378 2417/2417/2379
f 2418/2418/2380 2411/2411/2373 2410/2410/2372
f 2419/2419/2381 2420/2420/2382 2421/2421/2383
f 2407/2407/2369 2422/2422/2384 2400/2400/2362
f 2237/2237/2204 2258/2258/2225 2405/2405/2367
f 2423/2423/2385 2424/2424/2386 2425/2425/2387
f 2426/2426/2388 2427/2427/2389 2428/2428/2390
f 2428/2428/2390 2427/2427/2389 2414/2414/2376
f 2426/2426/2388 2428/2428/2390 2429/2429/2391
f 2413/2413/2375 2430/2430/2392 2414/2414/2376
f 2431/2431/2393 2432/2432/2394 2433/2433/2395
f 2434/2434/2396 2427/2427/2389 2426/2426/2388
f 2435/2435/2397 2426/2426/2388 2429/2429/2391
f 2436/2436/2398 2434/2434/2396 2435/2435/2397
f 2426/2426/2388 2435/2435/2397 2434/2434/2396
f 2437/2437/2399 2438/2438/2400 2439/2439/2401
f 2439/2439/2401 2440/2440/2402 2437/2437/2399
f 2441/2441/2403 2439/2439/2401 2438/2438/2400
f 2439/2439/2401 2442/2442/2404 2440/2440/2402
f 2424/2424/2386 2443/2443/2405 2432/2432/2394
f 2417/2417/2379 2444/2444/2406 2415/2415/2377
f 2445/2445/2407 2415/2415/2377 2446/2446/2408
f 2415/2415/2377 2444/2444/2406 2446/2446/2408
f 2444/2444/2406 2447/2447/2409 2446/2446/2408
f 2417/2417/2379 2425/2425/2387 2444/2444/2406
f 2425/2425/2387 2447/2447/2409 2444/2444/2406
f 2446/2446/2408 2448/2448/2410 2445/2445/2407
f 2448/2448/2410 2447/2447/2409 2431/2431/2393
f 2446/2446/2408 2447/2447/2409 2448/2448/2410
f 2431/2431/2393 2447/2447/2409 2425/2425/2387
f 2449/2449/2411 2450/2450/2412 2451/2451/2413
f 2449/2449/2411 2452/2452/2414 2450/2450/2412
f 2453/2453/2415 2454/2454/2416 2455/2455/2417
f 2433/2433/2395 2456/2456/2418 2457/2457/2419
f 2458/2458/2420 2459/2459/2421 2460/2460/2422
f 2460/2460/2422 2459/2459/2421 2461/2461/2423
f 2462/2462/2424 2463/2463/2425 2464/2464/2426
f 2465/2465/2427 2462/2462/2424 2464/2464/2426
f 2466/2466/2428 2272/2272/2238 2467/2467/2429
f 2467/2467/2429 2272/2272/2238 2274/2274/2240
f 2468/2468/2430 2469/2469/2431 2470/2470/2432
f 2471/2471/2433 2278/2278/2244 2281/2281/2247
f 2468/2468/2430 2470/2470/2432 2472/2472/2434
f 2473/2473/2435 2283/2283/2249 2282/2282/2248
f 2474/2474/2436 2272/2272/2238 2466/2466/2428
f 2305/2305/2271 2469/2469/2431 2306/2306/2272
f 2468/2468/2430 2306/2306/2272 2469/2469/2431
f 2475/2475/2437 2306/2306/2272 2468/2468/2430
f 2476/2476/2438 2315/2315/2281 2477/2477/2439
f 2477/2477/2439 2315/2315/2281 2478/2478/2440
f 2479/2479/2441 2476/2476/2438 2477/2477/2439
f 2480/2480/2442 2323/2323/2289 2322/2322/2288
f 2481/2481/2443 2480/2480/2442 2322/2322/2288
f 2482/2482/2444 2483/2483/2444 2484/2484/2444
f 2341/2341/2307 2315/2315/2281 2476/2476/2438
f 2341/2341/2307 2476/2476/2438 2485/2485/2445
f 2486/2486/2446 2487/2487/2446 2488/2488/2446
f 2489/2489/2447 2490/2490/2448 2491/2491/2447
f 2492/2492/2449 2451/2451/2413 2493/2493/2450
f 2493/2493/2450 2451/2451/2413 2430/2430/2392
f 2494/2494/2451 2495/2495/2452 2496/2496/2453
f 2496/2496/2453 2497/2497/2454 2498/2498/2455
f 2494/2494/2451 2496/2496/2453 2498/2498/2455
f 2499/2499/2456 2500/2500/2457 2457/2457/2419
f 2449/2449/2411 2451/2451/2413 2492/2492/2449
f 2501/2501/2458 2502/2502/2459 2503/2503/2460
f 2504/2504/2461 2505/2505/2461 2506/2506/2461
f 2507/2507/2462 2502/2502/2459 2501/2501/2458
f 2503/2503/2460 2502/2502/2459 2508/2508/2463
f 2509/2509/2464 2508/2508/2463 2502/2502/2459
f 2509/2509/2464 2502/2502/2459 2507/2507/2462
f 2510/2510/2465 2511/2511/2466 2512/2512/2467
f 2513/2513/2468 2463/2463/2425 2514/2514/2469
f 2515/2515/2470 2516/2516/2470 2517/2517/2470
f 2518/2518/2471 2514/2514/2469 2519/2519/2472
f 2463/2463/2425 2462/2462/2424 2514/2514/2469
f 2462/2462/2424 2519/2519/2472 2514/2514/2469
f 2520/2520/2473 2511/2511/2466 2521/2521/2474
f 2462/2462/2424 2465/2465/2427 2519/2519/2472
f 2520/2520/2473 2512/2512/2467 2511/2511/2466
f 36/36/34 35/35/33 15/15/13
f 35/35/33 16/16/14 15/15/13
f 30/30/28 32/32/30 19/19/17
f 32/32/30 17/17/15 19/19/17
f 41/41/39 21/21/19 39/39/37
f 21/21/19 20/20/18 39/39/37
f 46/46/44 26/26/24 32/32/30
f 26/26/24 17/17/15 32/32/30
f 25/25/23 42/42/40 27/27/25
f 42/42/40 44/44/42 27/27/25
f 51/51/49 39/39/37 28/28/26
f 39/39/37 20/20/18 28/28/26
f 61/61/57 64/64/60 57/57/53
f 64/64/60 63/63/59 57/57/53
f 66/66/62 58/58/54 67/67/63
f 58/58/54 57/57/53 67/67/63
f 81/81/77 75/75/71 76/76/72
f 75/75/71 74/74/70 76/76/72
f 67/67/63 63/63/59 69/69/65
f 63/63/59 74/74/70 69/69/65
f 75/75/71 83/83/79 69/69/65
f 83/83/79 70/70/66 69/69/65
f 78/78/74 73/73/69 79/79/75
f 73/73/69 72/72/68 79/79/75
f 85/85/81 84/84/80 86/86/82
f 84/84/80 64/64/60 86/86/82
f 2522/2522/2475 93/93/89 85/85/81
f 93/93/89 92/92/88 85/85/81
f 95/95/91 76/76/72 94/94/90
f 76/76/72 84/84/80 94/94/90
f 100/100/96 99/99/95 118/118/114
f 99/99/95 77/77/73 118/118/114
f 116/116/112 80/80/76 2523/2523/2476
f 82/82/78 81/81/77 97/97/93
f 103/103/99 97/97/93 96/96/92
f 97/97/93 95/95/91 96/96/92
f 80/80/76 116/116/112 77/77/73
f 116/116/112 118/118/114 77/77/73
f 137/137/133 105/105/101 106/106/102
f 105/105/101 104/104/100 106/106/102
f 94/94/90 92/92/88 96/96/92
f 92/92/88 104/104/100 96/96/92
f 107/107/103 100/100/96 109/109/105
f 100/100/96 110/110/106 109/109/105
f 137/137/133 113/113/109 105/105/101
f 113/113/109 111/111/107 105/105/101
f 103/103/99 111/111/107 102/102/98
f 111/111/107 114/114/110 102/102/98
f 120/120/116 122/122/118 110/110/106
f 122/122/118 108/108/104 110/110/106
f 120/120/116 121/121/117 122/122/118
f 102/102/98 114/114/110 2524/2524/2477
f 127/127/123 2525/2525/2478 128/128/124
f 126/126/122 93/93/89 2526/2526/2479
f 130/130/126 401/401/396 127/127/123
f 133/133/129 132/132/128 135/135/131
f 136/136/132 106/106/102 134/134/130
f 106/106/102 126/126/122 134/134/130
f 143/143/139 141/141/137 138/138/134
f 141/141/137 136/136/132 138/138/134
f 141/141/137 144/144/140 113/113/109
f 144/144/140 142/142/138 113/113/109
f 177/177/173 146/146/142 147/147/143
f 146/146/142 145/145/141 147/147/143
f 134/134/130 132/132/128 138/138/134
f 132/132/128 145/145/141 138/138/134
f 177/177/173 154/154/150 146/146/142
f 154/154/150 152/152/148 146/146/142
f 143/143/139 152/152/148 144/144/140
f 152/152/148 155/155/151 144/144/140
f 157/157/153 140/140/136 123/123/119
f 140/140/136 108/108/104 123/123/119
f 140/140/136 158/158/154 139/139/135
f 158/158/154 425/425/418 139/139/135
f 142/142/138 144/144/140 160/160/156
f 161/161/157 157/157/153 123/123/119
f 148/148/144 150/150/146 158/158/154
f 150/150/146 425/425/418 158/158/154
f 159/159/155 162/162/158 148/148/144
f 162/162/158 151/151/147 148/148/144
f 159/159/155 161/161/157 162/162/158
f 144/144/140 155/155/151 165/165/161
f 167/167/163 2527/2527/2480 168/168/164
f 2527/2527/2480 401/401/396 168/168/164
f 170/170/166 208/208/204 167/167/163
f 173/173/169 172/172/168 175/175/171
f 176/176/172 147/147/143 174/174/170
f 147/147/143 166/166/162 174/174/170
f 183/183/179 181/181/177 178/178/174
f 181/181/177 176/176/172 178/178/174
f 181/181/177 184/184/180 154/154/150
f 184/184/180 182/182/178 154/154/150
f 211/211/207 186/186/182 187/187/183
f 186/186/182 185/185/181 187/187/183
f 174/174/170 172/172/168 178/178/174
f 172/172/168 185/185/181 178/178/174
f 211/211/207 190/190/186 186/186/182
f 190/190/186 188/188/184 186/186/182
f 183/183/179 188/188/184 184/184/180
f 188/188/184 191/191/187 184/184/180
f 193/193/189 180/180/176 163/163/159
f 180/180/176 151/151/147 163/163/159
f 180/180/176 194/194/190 179/179/175
f 194/194/190 201/201/197 179/179/175
f 182/182/178 184/184/180 196/196/192
f 197/197/193 193/193/189 163/163/159
f 195/195/191 198/198/194 194/194/190
f 198/198/194 202/202/198 194/194/190
f 199/199/195 198/198/194 2528/2528/2481
f 198/198/194 203/203/199 2528/2528/2481
f 2529/2529/2482 184/184/180 204/204/200
f 184/184/180 191/191/187 204/204/200
f 209/209/205 2530/2530/2483 213/213/209
f 206/206/202 476/476/469 2531/2531/2484
f 210/210/206 187/187/183 213/213/209
f 187/187/183 209/209/205 213/213/209
f 216/216/212 214/214/210 212/212/208
f 214/214/210 210/210/206 212/212/208
f 214/214/210 217/217/213 190/190/186
f 217/217/213 215/215/211 190/190/186
f 220/220/216 212/212/208 218/218/214
f 212/212/208 222/222/218 218/218/214
f 220/220/216 225/225/221 216/216/212
f 225/225/221 224/224/220 216/216/212
f 226/226/222 232/232/228 227/227/223
f 230/230/226 229/229/225 199/199/195
f 215/215/211 217/217/213 205/205/201
f 217/217/213 226/226/222 205/205/201
f 231/231/227 224/224/220 233/233/229
f 224/224/220 223/223/219 233/233/229
f 231/231/227 233/233/229 232/232/228
f 237/237/233 236/236/232 230/230/226
f 241/241/237 240/240/236 225/225/221
f 240/240/236 223/223/219 225/225/221
f 239/239/235 243/243/239 241/241/237
f 243/243/239 242/242/238 241/241/237
f 248/248/244 234/234/230 246/246/242
f 234/234/230 240/240/236 246/246/242
f 249/249/245 238/238/234 250/250/246
f 235/235/231 234/234/230 248/248/244
f 245/245/241 254/254/250 242/242/238
f 254/254/250 246/246/242 242/242/238
f 266/266/262 265/265/261 267/267/263
f 265/265/261 259/259/255 267/267/263
f 270/270/266 312/312/307 271/271/267
f 312/312/307 2532/2532/2485 271/271/267
f 275/275/271 2532/2532/2485 273/273/269
f 2532/2532/2485 312/312/307 273/273/269
f 2533/2533/2486 262/262/258 284/284/279
f 262/262/258 265/265/261 284/284/279
f 2534/2534/2487 263/263/259 2533/2533/2486
f 263/263/259 262/262/258 2533/2533/2486
f 298/298/293 2535/2535/2488 284/284/279
f 2535/2535/2488 2533/2533/2486 284/284/279
f 296/296/291 287/287/282 294/294/289
f 287/287/282 286/286/281 294/294/289
f 301/301/296 288/288/283 299/299/294
f 288/288/283 287/287/282 299/299/294
f 303/303/298 302/302/297 296/296/291
f 302/302/297 299/299/294 296/296/291
f 298/298/293 282/282/277 2536/2536/2489
f 2537/2537/2490 279/279/275 291/291/286
f 283/283/278 306/306/301 279/279/275
f 306/306/301 291/291/286 279/279/275
f 306/306/301 305/305/300 307/307/302
f 305/305/300 2538/2538/2491 307/307/302
f 334/334/329 304/304/299 308/308/303
f 304/304/299 303/303/298 308/308/303
f 311/311/306 313/313/308 273/273/269
f 313/313/308 274/274/270 273/273/269
f 310/310/305 694/694/685 311/311/306
f 694/694/685 314/314/309 311/311/306
f 316/316/311 59/59/55 278/278/274
f 59/59/55 276/276/272 278/278/274
f 283/283/278 276/276/272 58/58/54
f 276/276/272 59/59/55 58/58/54
f 318/318/313 317/317/312 315/315/310
f 317/317/312 313/313/308 315/315/310
f 321/321/316 320/320/315 694/694/685
f 320/320/315 314/314/309 694/694/685
f 324/324/319 315/315/310 323/323/318
f 315/315/310 320/320/315 323/323/318
f 326/326/321 327/327/322 324/324/319
f 327/327/322 318/318/313 324/324/319
f 329/329/324 302/302/297 332/332/327
f 302/302/297 304/304/299 332/332/327
f 330/330/325 329/329/324 2539/2539/2492
f 329/329/324 331/331/326 2539/2539/2492
f 305/305/300 66/66/62 2538/2538/2491
f 66/66/62 68/68/64 2538/2538/2491
f 335/335/330 334/334/329 73/73/69
f 334/334/329 71/71/67 73/73/69
f 336/336/331 333/333/328 335/335/330
f 333/333/328 332/332/327 335/335/330
f 337/337/332 340/340/335 2540/2540/2493
f 2541/2541/2494 331/331/326 333/333/328
f 338/338/333 337/337/332 370/370/365
f 345/345/340 344/344/339 347/347/342
f 346/346/341 344/344/339 78/78/74
f 344/344/339 336/336/331 78/78/74
f 2542/2542/2495 717/717/708 357/357/352
f 717/717/708 718/718/709 357/357/352
f 349/349/344 348/348/343 323/323/318
f 348/348/343 325/325/320 323/323/318
f 354/354/349 353/353/348 325/325/320
f 353/353/348 326/326/321 325/325/320
f 355/355/350 354/354/349 351/351/346
f 354/354/349 348/348/343 351/351/346
f 356/356/351 2543/2543/2496 361/361/356
f 358/358/353 376/376/371 2544/2544/2497
f 360/360/355 351/351/346 361/361/356
f 351/351/346 356/356/351 361/361/356
f 363/363/358 89/89/85 360/360/355
f 89/89/85 355/355/350 360/360/355
f 365/365/360 367/367/362 718/718/709
f 367/367/362 357/357/352 718/718/709
f 338/338/333 366/366/361 339/339/334
f 366/366/361 365/365/360 339/339/334
f 378/378/373 368/368/363 369/369/364
f 368/368/363 366/366/361 369/369/364
f 371/371/366 347/347/342 99/99/95
f 347/347/342 346/346/341 99/99/95
f 382/382/377 378/378/373 373/373/368
f 378/378/373 369/369/364 373/373/368
f 405/405/398 377/377/372 374/374/369
f 377/377/372 375/375/370 374/374/369
f 367/367/362 368/368/363 358/358/353
f 368/368/363 375/375/370 358/358/353
f 405/405/398 374/374/369 381/381/376
f 374/374/369 379/379/374 381/381/376
f 383/383/378 2545/2545/2498 107/107/103
f 2545/2545/2498 372/372/367 107/107/103
f 388/388/383 387/387/382 361/361/356
f 387/387/382 362/362/357 361/361/356
f 388/388/383 361/361/356 2546/2546/2499
f 2544/2544/2497 376/376/371 386/386/381
f 392/392/387 128/128/124 362/362/357
f 128/128/124 363/363/358 362/362/357
f 393/393/388 392/392/387 390/390/385
f 392/392/387 387/387/382 390/390/385
f 394/394/389 2547/2547/2500 398/398/393
f 395/395/390 415/415/408 2548/2548/2501
f 397/397/392 390/390/385 398/398/393
f 390/390/385 394/394/389 398/398/393
f 400/400/395 130/130/126 397/397/392
f 130/130/126 393/393/388 397/397/392
f 406/406/399 408/408/401 377/377/372
f 408/408/401 386/386/381 377/377/372
f 412/412/405 407/407/400 409/409/402
f 407/407/400 406/406/399 409/409/402
f 409/409/402 381/381/376 411/411/404
f 381/381/376 410/410/403 411/411/404
f 109/109/105 139/139/135 383/383/378
f 139/139/135 421/421/414 383/383/378
f 436/436/429 416/416/409 413/413/406
f 416/416/409 414/414/407 413/413/406
f 408/408/401 407/407/400 395/395/390
f 407/407/400 414/414/407 395/395/390
f 436/436/429 413/413/406 419/419/412
f 413/413/406 417/417/410 419/419/412
f 412/412/405 411/411/404 417/417/410
f 411/411/404 420/420/413 417/417/410
f 2549/2549/2502 427/427/420 149/149/145
f 427/427/420 150/150/146 149/149/145
f 430/430/423 168/168/164 399/399/394
f 168/168/164 400/400/395 399/399/394
f 430/430/423 399/399/394 432/432/425
f 399/399/394 428/428/421 432/432/425
f 454/454/447 208/208/204 433/433/426
f 208/208/204 170/170/166 433/433/426
f 435/435/428 2550/2550/2503 416/416/409
f 2550/2550/2503 415/415/408 416/416/409
f 448/448/441 435/435/428 443/443/436
f 435/435/428 434/434/427 443/443/436
f 442/442/435 443/443/436 437/437/430
f 443/443/436 434/434/427 437/437/430
f 437/437/430 419/419/412 441/441/434
f 419/419/412 440/440/433 441/441/434
f 149/149/145 179/179/175 2549/2549/2502
f 179/179/175 455/455/448 2549/2549/2502
f 452/452/445 2551/2551/2504 444/444/437
f 2551/2551/2504 445/445/438 444/444/437
f 465/465/458 453/453/446 447/447/440
f 453/453/446 446/446/439 447/447/440
f 444/444/437 442/442/435 451/451/444
f 442/442/435 449/449/442 451/451/444
f 439/439/432 446/446/439 432/432/425
f 446/446/439 433/433/426 432/432/425
f 459/459/452 462/462/455 458/458/451
f 460/460/453 449/449/442 441/441/434
f 464/464/457 494/494/487 463/463/456
f 494/494/487 462/462/455 463/463/456
f 201/201/197 202/202/198 459/459/452
f 202/202/198 463/463/456 459/459/452
f 466/466/459 465/465/458 469/469/462
f 465/465/458 467/467/460 469/469/462
f 452/452/445 474/474/467 2551/2551/2504
f 474/474/467 720/720/711 2551/2551/2504
f 472/472/465 451/451/444 473/473/466
f 451/451/444 450/450/443 473/473/466
f 474/474/467 472/472/465 484/484/477
f 472/472/465 471/471/464 484/484/477
f 454/454/447 453/453/446 206/206/202
f 453/453/446 475/475/468 206/206/202
f 470/470/463 477/477/470 466/466/459
f 477/477/470 475/475/468 466/466/459
f 470/470/463 469/469/462 478/478/471
f 469/469/462 481/481/474 478/478/471
f 480/480/473 513/513/506 478/478/471
f 513/513/506 482/482/475 478/478/471
f 520/520/513 486/486/479 513/513/506
f 486/486/479 482/482/475 513/513/506
f 476/476/469 477/477/470 2552/2552/2505
f 477/477/470 486/486/479 2552/2552/2505
f 490/490/483 473/473/466 461/461/454
f 473/473/466 450/450/443 461/461/454
f 493/493/486 2553/2553/2506 491/491/484
f 489/489/482 490/490/483 2554/2554/2507
f 228/228/224 495/495/488 229/229/225
f 2555/2555/2508 2556/2556/2508 2557/2557/2508
f 491/491/484 495/495/488 497/497/490
f 495/495/488 228/228/224 497/497/490
f 485/485/478 471/471/464 499/499/492
f 471/471/464 489/489/482 499/499/492
f 501/501/494 500/500/493 502/502/495
f 493/493/486 492/492/485 506/506/499
f 508/508/501 507/507/500 492/492/485
f 507/507/500 506/506/499 492/492/485
f 238/238/234 510/510/503 236/236/232
f 510/510/503 497/497/490 236/236/232
f 511/511/504 509/509/502 510/510/503
f 509/509/502 508/508/501 510/510/503
f 516/516/509 514/514/507 479/479/472
f 514/514/507 480/480/473 479/479/472
f 524/524/517 515/515/508 517/517/510
f 515/515/508 514/514/507 517/517/510
f 218/218/214 487/487/480 239/239/235
f 487/487/480 521/521/514 239/239/235
f 534/534/527 243/243/239 2558/2558/2509
f 243/243/239 521/521/514 2558/2558/2509
f 528/528/521 524/524/517 529/529/522
f 524/524/517 517/517/510 529/529/522
f 527/527/520 2559/2559/2510 528/528/521
f 2559/2559/2510 530/530/523 528/528/521
f 531/531/524 244/244/240 532/532/525
f 244/244/240 534/534/527 532/532/525
f 547/547/540 245/245/241 531/531/524
f 245/245/241 244/244/240 531/531/524
f 536/536/529 539/539/532 504/504/497
f 539/539/532 552/552/545 504/504/497
f 536/536/529 507/507/500 537/537/530
f 507/507/500 509/509/502 537/537/530
f 540/540/533 511/511/504 253/253/249
f 511/511/504 249/249/245 253/253/249
f 541/541/534 538/538/531 540/540/533
f 538/538/531 537/537/530 540/540/533
f 539/539/532 542/542/535 553/553/546
f 542/542/535 543/543/536 553/553/546
f 545/545/538 544/544/537 538/538/531
f 544/544/537 542/542/535 538/538/531
f 549/549/542 548/548/541 2560/2560/2511
f 548/548/541 570/570/563 2560/2560/2511
f 2560/2560/2511 255/255/251 549/549/542
f 255/255/251 254/254/250 549/549/542
f 570/570/563 574/574/567 2560/2560/2511
f 546/546/539 545/545/538 550/550/543
f 541/541/534 253/253/249 550/550/543
f 256/256/252 255/255/251 2560/2560/2511
f 555/555/548 558/558/551 557/557/550
f 558/558/551 785/785/774 557/557/550
f 555/555/548 556/556/549 527/527/520
f 556/556/549 2559/2559/2510 527/527/520
f 557/557/550 785/785/774 562/562/555
f 785/785/774 578/578/571 562/562/555
f 566/566/559 568/568/561 580/580/573
f 568/568/561 572/572/565 580/580/573
f 544/544/537 565/565/558 543/543/536
f 565/565/558 564/564/557 543/543/536
f 548/548/541 547/547/540 571/571/564
f 547/547/540 559/559/552 571/571/564
f 571/571/564 559/559/552 572/572/565
f 559/559/552 560/560/553 572/572/565
f 573/573/566 585/585/578 574/574/567
f 589/589/582 565/565/558 546/546/539
f 568/568/561 567/567/560 573/573/566
f 567/567/560 585/585/578 573/573/566
f 577/577/570 566/566/559 575/575/568
f 566/566/559 581/581/574 575/575/568
f 577/577/570 584/584/577 567/567/560
f 584/584/577 583/583/576 567/567/560
f 564/564/557 587/587/580 563/563/556
f 587/587/580 593/593/586 563/563/556
f 597/597/590 583/583/576 596/596/589
f 583/583/576 582/582/575 596/596/589
f 588/588/581 590/590/583 587/587/580
f 590/590/583 594/594/587 587/587/580
f 600/600/593 599/599/592 584/584/577
f 599/599/592 582/582/575 584/584/577
f 598/598/591 602/602/595 600/600/593
f 602/602/595 601/601/594 600/600/593
f 599/599/592 601/601/594 605/605/598
f 601/601/594 607/607/600 605/605/598
f 2561/2561/2512 608/608/601 612/612/605
f 608/608/601 610/610/603 612/612/605
f 618/618/609 259/259/255 619/619/610
f 259/259/255 258/258/254 619/619/610
f 632/632/623 631/631/622 624/624/615
f 631/631/622 625/625/616 624/624/615
f 638/638/629 629/629/620 636/636/627
f 2562/2562/2513 625/625/616 631/631/622
f 608/608/601 2563/2563/2514 609/609/602
f 624/624/615 623/623/614 2564/2564/2515
f 642/642/633 630/630/621 640/640/631
f 630/630/621 629/629/620 640/640/631
f 644/644/635 643/643/634 638/638/629
f 643/643/634 640/640/631 638/638/629
f 632/632/623 621/621/612 633/633/624
f 621/621/612 619/619/610 633/633/624
f 258/258/254 264/264/260 633/633/624
f 264/264/260 634/634/625 633/633/624
f 263/263/259 2565/2565/2516 264/264/260
f 2565/2565/2516 634/634/625 264/264/260
f 648/648/639 645/645/636 646/646/637
f 645/645/636 644/644/635 646/646/637
f 651/651/642 610/610/603 654/654/645
f 610/610/603 665/665/656 654/654/645
f 651/651/642 650/650/641 612/612/605
f 650/650/641 613/613/606 612/612/605
f 656/656/647 655/655/646 613/613/606
f 2566/2566/2517 2567/2567/2517 2568/2568/2517
f 657/657/648 656/656/647 653/653/644
f 656/656/647 650/650/641 653/653/644
f 658/658/649 659/659/650 661/661/652
f 659/659/650 676/676/667 661/661/652
f 660/660/651 653/653/644 661/661/652
f 653/653/644 658/658/649 661/661/652
f 663/663/654 270/270/266 660/660/651
f 270/270/266 657/657/648 660/660/651
f 666/666/657 643/643/634 669/669/660
f 643/643/634 645/645/636 669/669/660
f 667/667/658 666/666/657 2569/2569/2518
f 666/666/657 668/668/659 2569/2569/2518
f 671/671/662 648/648/639 288/288/283
f 648/648/639 285/285/280 288/288/283
f 672/672/663 670/670/661 671/671/662
f 670/670/661 669/669/660 671/671/662
f 659/659/650 654/654/645 2570/2570/2519
f 654/654/645 664/664/655 2570/2570/2519
f 675/675/666 674/674/665 959/959/948
f 674/674/665 678/678/669 959/959/948
f 2571/2571/2520 674/674/665 2572/2572/2521
f 674/674/665 673/673/664 2572/2572/2521
f 683/683/674 681/681/672 686/686/677
f 681/681/672 680/680/671 686/686/677
f 689/689/680 685/685/676 2573/2573/2522
f 685/685/676 684/684/675 2573/2573/2522
f 691/691/682 690/690/681 301/301/296
f 690/690/681 672/672/663 301/301/296
f 693/693/684 310/310/305 662/662/653
f 310/310/305 663/663/654 662/662/653
f 693/693/684 662/662/653 696/696/687
f 662/662/653 692/692/683 696/696/687
f 713/713/704 717/717/708 710/710/701
f 322/322/317 321/321/316 697/697/688
f 704/704/695 705/705/696 700/700/691
f 705/705/696 698/698/689 700/700/691
f 706/706/697 704/704/695 709/709/700
f 704/704/695 701/701/692 709/709/700
f 701/701/692 703/703/694 708/708/699
f 703/703/694 2574/2574/2523 708/708/699
f 713/713/704 710/710/701 711/711/702
f 710/710/701 706/706/697 711/711/702
f 339/339/334 711/711/702 340/340/335
f 715/715/706 714/714/705 342/342/337
f 479/479/472 481/481/474 725/725/716
f 723/723/714 722/722/713 728/728/719
f 728/728/719 722/722/713 483/483/476
f 722/722/713 484/484/477 483/483/476
f 735/735/726 726/726/717 485/485/478
f 726/726/717 483/483/476 485/485/478
f 734/734/725 729/729/720 735/735/726
f 2575/2575/2524 2576/2576/2524 2577/2577/2524
f 736/736/727 734/734/725 501/501/494
f 734/734/725 499/499/492 501/501/494
f 737/737/728 733/733/724 736/736/727
f 733/733/724 729/729/720 736/736/727
f 739/739/730 518/518/511 724/724/715
f 518/518/511 516/516/509 724/724/715
f 741/741/732 727/727/718 742/742/733
f 727/727/718 726/726/717 742/742/733
f 750/750/741 751/751/742 749/749/740
f 751/751/742 748/748/739 749/749/740
f 740/740/731 751/751/742 518/518/511
f 751/751/742 529/529/522 518/518/511
f 748/748/739 740/740/731 745/745/736
f 740/740/731 744/744/735 745/745/736
f 755/755/746 752/752/743 762/762/753
f 752/752/743 753/753/744 762/762/753
f 758/758/749 762/762/753 754/754/745
f 762/762/753 753/753/744 754/754/745
f 742/742/733 732/732/723 743/743/734
f 732/732/723 752/752/743 743/743/734
f 754/754/745 733/733/724 757/757/748
f 733/733/724 756/756/747 757/757/748
f 504/504/497 552/552/545 738/738/729
f 2578/2578/2525 2579/2579/2525 2580/2580/2525
f 762/762/753 766/766/757 759/759/750
f 766/766/757 760/760/751 759/759/750
f 755/755/746 759/759/750 769/769/760
f 759/759/750 763/763/754 769/769/760
f 766/766/757 762/762/753 764/764/755
f 762/762/753 758/758/749 764/764/755
f 764/764/755 768/768/759 767/767/758
f 768/768/759 794/794/783 767/767/758
f 775/775/766 776/776/767 774/774/765
f 776/776/767 778/778/769 774/774/765
f 553/553/546 770/770/761 775/775/766
f 770/770/761 776/776/767 775/775/766
f 784/784/773 558/558/551 749/749/740
f 558/558/551 750/750/741 749/749/740
f 791/791/780 783/783/772 2581/2581/2526
f 783/783/772 746/746/737 2581/2581/2526
f 791/791/780 2581/2581/2526 788/788/777
f 2581/2581/2526 786/786/775 788/788/777
f 795/795/784 784/784/773 791/791/780
f 784/784/773 783/783/772 791/791/780
f 790/790/779 796/796/785 791/791/780
f 796/796/785 795/795/784 791/791/780
f 790/790/779 788/788/777 797/797/786
f 788/788/777 800/800/789 797/797/786
f 799/799/788 826/826/815 797/797/786
f 826/826/815 801/801/790 797/797/786
f 803/803/792 802/802/791 826/826/815
f 802/802/791 801/801/790 826/826/815
f 578/578/571 796/796/785 579/579/572
f 796/796/785 802/802/791 579/579/572
f 809/809/798 2582/2582/2527 779/779/770
f 2582/2582/2527 777/777/768 779/779/770
f 809/809/798 808/808/797 2582/2582/2527
f 808/808/797 807/807/796 2582/2582/2527
f 816/816/805 811/811/800 810/810/799
f 811/811/800 808/808/797 810/810/799
f 770/770/761 563/563/556 779/779/770
f 563/563/556 813/813/802 779/779/770
f 810/810/799 813/813/802 814/814/803
f 813/813/802 593/593/586 814/814/803
f 819/819/808 812/812/801 817/817/806
f 812/812/801 811/811/800 817/817/806
f 821/821/810 820/820/809 816/816/805
f 820/820/809 817/817/806 816/816/805
f 592/592/585 823/823/812 594/594/587
f 823/823/812 814/814/803 594/594/587
f 824/824/813 822/822/811 823/823/812
f 822/822/811 821/821/810 823/823/812
f 829/829/818 827/827/816 798/798/787
f 827/827/816 799/799/788 798/798/787
f 839/839/828 828/828/817 830/830/819
f 828/828/817 827/827/816 830/830/819
f 575/575/568 2583/2583/2528 598/598/591
f 2583/2583/2528 834/834/823 598/598/591
f 836/836/825 602/602/595 837/837/826
f 602/602/595 834/834/823 837/837/826
f 840/840/829 838/838/827 831/831/820
f 838/838/827 830/830/819 831/831/820
f 838/838/827 841/841/830 842/842/831
f 872/872/861 856/856/845 858/858/847
f 835/835/824 858/858/847 836/836/825
f 858/858/847 843/843/832 836/836/825
f 844/844/833 820/820/809 847/847/836
f 820/820/809 822/822/811 847/847/836
f 845/845/834 844/844/833 1023/1023/1012
f 844/844/833 846/846/835 1023/1023/1012
f 592/592/585 606/606/599 824/824/813
f 606/606/599 851/851/840 824/824/813
f 867/867/856 852/852/841 2584/2584/2529
f 852/852/841 851/851/840 2584/2584/2529
f 867/867/856 848/848/837 852/852/841
f 848/848/837 847/847/836 852/852/841
f 853/853/842 855/855/844 856/856/845
f 855/855/844 857/857/846 856/856/845
f 861/861/850 1023/1023/1012 859/859/848
f 1023/1023/1012 846/846/835 859/859/848
f 854/854/843 880/880/869 855/855/844
f 880/880/869 865/865/854 855/855/844
f 869/869/858 862/862/851 848/848/837
f 862/862/851 859/859/848 848/848/837
f 604/604/597 863/863/852 607/607/600
f 863/863/852 850/850/839 607/607/600
f 604/604/597 843/843/832 863/863/852
f 843/843/832 857/857/846 863/863/852
f 854/854/843 853/853/842 878/878/867
f 853/853/842 874/874/863 878/878/867
f 885/885/874 883/883/872 886/886/875
f 883/883/872 882/882/871 886/886/875
f 883/883/872 885/885/874 894/894/883
f 2585/2585/2530 921/921/910 893/893/882
f 909/909/898 2586/2586/2531 906/906/895
f 2586/2586/2531 904/904/893 906/906/895
f 911/911/900 914/914/903 890/890/879
f 914/914/903 932/932/921 890/890/879
f 911/911/900 893/893/882 912/912/901
f 893/893/882 921/921/910 912/912/901
f 895/895/884 622/622/613 896/896/885
f 622/622/613 626/626/617 896/896/885
f 908/908/897 917/917/906 909/909/898
f 917/917/906 916/916/905 909/909/898
f 623/623/614 622/622/613 915/915/904
f 622/622/613 895/895/884 915/915/904
f 920/920/909 919/919/908 630/630/621
f 919/919/908 627/627/618 630/630/621
f 922/922/911 913/913/902 920/920/909
f 913/913/902 912/912/901 920/920/909
f 898/898/887 906/906/895 899/899/888
f 906/906/895 905/905/894 899/899/888
f 908/908/897 898/898/887 923/923/912
f 898/898/887 901/901/890 923/923/912
f 914/914/903 925/925/914 933/933/922
f 925/925/914 926/926/915 933/933/922
f 928/928/917 927/927/916 913/913/902
f 927/927/916 925/925/914 913/913/902
f 609/609/602 917/917/906 902/902/891
f 917/917/906 923/923/912 902/902/891
f 930/930/919 928/928/917 642/642/633
f 928/928/917 922/922/911 642/642/633
f 948/948/937 924/924/913 935/935/924
f 924/924/913 901/901/890 935/935/924
f 948/948/937 935/935/924 2587/2587/2532
f 935/935/924 936/936/925 2587/2587/2532
f 943/943/932 955/955/944 947/947/936
f 945/945/934 939/939/928 938/938/927
f 943/943/932 946/946/935 955/955/944
f 946/946/935 956/956/945 955/955/944
f 902/902/891 924/924/913 665/665/656
f 924/924/913 949/949/938 665/665/656
f 940/940/929 958/958/947 2588/2588/2533
f 2589/2589/2534 664/664/655 949/949/938
f 952/952/941 2590/2590/2535 953/953/942
f 929/929/918 930/930/919 667/667/658
f 952/952/941 951/951/940 940/940/929
f 951/951/940 958/958/947 940/940/929
f 760/760/751 960/960/949 789/789/778
f 960/960/949 963/963/952 789/789/778
f 966/966/955 960/960/949 967/967/956
f 960/960/949 962/962/951 967/967/956
f 969/969/958 965/965/954 966/966/955
f 965/965/954 963/963/952 966/966/955
f 767/767/758 792/792/781 962/962/951
f 792/792/781 967/967/956 962/962/951
f 995/995/984 970/970/959 2591/2591/2536
f 970/970/959 972/972/961 2591/2591/2536
f 798/798/787 800/800/789 979/979/968
f 800/800/789 977/977/966 979/979/968
f 978/978/967 979/979/968 975/975/964
f 979/979/968 973/973/962 975/975/964
f 2592/2592/2537 969/969/958 995/995/984
f 969/969/958 968/968/957 995/995/984
f 982/982/971 968/968/957 983/983/972
f 968/968/957 986/986/975 983/983/972
f 987/987/976 986/986/975 805/805/794
f 986/986/975 792/792/781 805/805/794
f 989/989/978 988/988/977 812/812/801
f 988/988/977 985/985/974 812/812/801
f 991/991/980 993/993/982 981/981/970
f 993/993/982 994/994/983 981/981/970
f 982/982/971 981/981/970 970/970/959
f 981/981/970 994/994/983 970/970/959
f 2593/2593/2538 997/997/986 999/999/988
f 997/997/986 996/996/985 999/999/988
f 998/998/987 996/996/985 819/819/808
f 996/996/985 989/989/978 819/819/808
f 1001/1001/990 1003/1003/992 974/974/963
f 1003/1003/992 975/975/964 974/974/963
f 1000/1000/989 1154/1154/1142 1001/1001/990
f 1154/1154/1142 1004/1004/993 1001/1001/990
f 1006/1006/995 831/831/820 978/978/967
f 831/831/820 829/829/818 978/978/967
f 1007/1007/996 1006/1006/995 1005/1005/994
f 1006/1006/995 1003/1003/992 1005/1005/994
f 1009/1009/998 1008/1008/997 1154/1154/1142
f 1008/1008/997 1004/1004/993 1154/1154/1142
f 1012/1012/1001 1005/1005/994 1011/1011/1000
f 1005/1005/994 1008/1008/997 1011/1011/1000
f 1014/1014/1003 840/840/829 1012/1012/1001
f 840/840/829 1007/1007/996 1012/1012/1001
f 1020/1020/1009 1019/1019/1008 2594/2594/2539
f 1019/1019/1008 1196/1196/1182 2594/2594/2539
f 1020/1020/1009 2593/2593/2538 1021/1021/1010
f 2593/2593/2538 999/999/988 1021/1021/1010
f 1024/1024/1013 999/999/988 845/845/834
f 999/999/988 998/998/987 845/845/834
f 1024/1024/1013 1026/1026/1015 999/999/988
f 1026/1026/1015 1021/1021/1010 999/999/988
f 1037/1037/1026 1027/1027/1016 860/860/849
f 1027/1027/1016 861/861/850 860/860/849
f 1019/1019/1008 1029/1029/1018 1196/1196/1182
f 1029/1029/1018 1034/1034/1023 1196/1196/1182
f 1030/1030/1019 1031/1031/1020 1029/1029/1018
f 1031/1031/1020 1035/1035/1024 1029/1029/1018
f 1032/1032/1021 1031/1031/1020 1038/1038/1027
f 1031/1031/1020 1036/1036/1025 1038/1038/1027
f 1030/1030/1019 1026/1026/1015 1036/1036/1025
f 1026/1026/1015 1027/1027/1016 1036/1036/1025
f 1011/1011/1000 1010/1010/999 1041/1041/1030
f 1010/1010/999 1040/1040/1029 1041/1041/1030
f 841/841/830 1014/1014/1003 870/870/859
f 1014/1014/1003 1042/1042/1031 870/870/859
f 1040/1040/1029 1039/1039/1028 1044/1044/1033
f 1039/1039/1028 1060/1060/1048 1044/1044/1033
f 1062/1062/1050 1050/1050/1039 1044/1044/1033
f 1050/1050/1039 1043/1043/1032 1044/1044/1033
f 1049/1049/1038 1042/1042/1031 1043/1043/1032
f 1042/1042/1031 1041/1041/1030 1043/1043/1032
f 1048/1048/1037 874/874/863 2595/2595/2540
f 2596/2596/2541 2597/2597/2541 1053/1053/1041
f 1054/1054/1042 881/881/870 1048/1048/1037
f 881/881/870 878/878/867 1048/1048/1037
f 1037/1037/1026 860/860/849 1074/1074/1062
f 860/860/849 877/877/866 1074/1074/1062
f 1047/1047/1036 1046/1046/1035 1054/1054/1042
f 1046/1046/1035 1056/1056/1044 1054/1054/1042
f 1059/1059/1047 2598/2598/2542 1057/1057/1045
f 1062/1062/1050 1061/1061/1049 1229/1229/1215
f 2599/2599/2543 1067/1067/1055 2600/2600/2544
f 1067/1067/1055 2601/2601/2545 2600/2600/2544
f 1063/1063/1051 1082/1082/1070 1046/1046/1035
f 1082/1082/1070 1068/1068/1056 1046/1046/1035
f 1069/1069/1057 1072/1072/1060 1032/1032/1021
f 1072/1072/1060 1071/1071/1059 1032/1032/1021
f 1074/1074/1062 1075/1075/1063 1038/1038/1027
f 1075/1075/1063 1069/1069/1057 1038/1038/1027
f 1077/1077/1065 1249/1249/1235 1072/1072/1060
f 1249/1249/1235 1070/1070/1058 1072/1072/1060
f 1087/1087/1075 1085/1085/1073 1088/1088/1076
f 1085/1085/1073 1084/1084/1072 1088/1088/1076
f 1090/1090/1078 1097/1097/1085 1092/1092/1080
f 1100/1100/1088 1099/1099/1087 1114/1114/1102
f 1085/1085/1073 1093/1093/1081 1090/1090/1078
f 1093/1093/1081 1097/1097/1085 1090/1090/1078
f 882/882/871 1095/1095/1083 1094/1094/1082
f 1095/1095/1083 1087/1087/1075 1094/1094/1082
f 1095/1095/1083 889/889/878 1093/1093/1081
f 889/889/878 1096/1096/1084 1093/1093/1081
f 1103/1103/1091 1102/1102/1090 890/890/879
f 1102/1102/1090 891/891/880 890/890/879
f 1106/1106/1094 1105/1105/1093 1110/1110/1098
f 1105/1105/1093 1108/1108/1096 1110/1110/1098
f 1112/1112/1100 1118/1118/1106 1106/1106/1094
f 1118/1118/1106 1116/1116/1104 1106/1106/1094
f 905/905/894 904/904/893 1116/1116/1104
f 904/904/893 1117/1117/1105 1116/1116/1104
f 1144/1144/1132 1123/1123/1111 1120/1120/1108
f 1123/1123/1111 1121/1121/1109 1120/1120/1108
f 1112/1112/1100 1110/1110/1098 1121/1121/1109
f 1110/1110/1098 1119/1119/1107 1121/1121/1109
f 1127/1127/1115 1129/1129/1117 1124/1124/1112
f 1129/1129/1117 1125/1125/1113 1124/1124/1112
f 1148/1148/1136 1129/1129/1117 1130/1130/1118
f 1129/1129/1117 1128/1128/1116 1130/1130/1118
f 1149/1149/1137 1104/1104/1092 1123/1123/1111
f 1104/1104/1092 1122/1122/1110 1123/1123/1111
f 899/899/888 1118/1118/1106 1104/1104/1092
f 1118/1118/1106 1122/1122/1110 1104/1104/1092
f 1131/1131/1119 1130/1130/1118 1134/1134/1122
f 1130/1130/1118 1128/1128/1116 1134/1134/1122
f 1134/1134/1122 1133/1133/1121 942/942/931
f 1142/1142/1130 933/933/922 926/926/915
f 1135/1135/1123 1115/1115/1103 1101/1101/1089
f 1115/1115/1103 1099/1099/1087 1101/1101/1089
f 1115/1115/1103 1136/1136/1124 1113/1113/1101
f 1136/1136/1124 1338/1338/1324 1113/1113/1101
f 1103/1103/1091 932/932/921 1101/1101/1089
f 932/932/921 1138/1138/1126 1101/1101/1089
f 1137/1137/1125 1135/1135/1123 1139/1139/1127
f 1135/1135/1123 1138/1138/1126 1139/1139/1127
f 1141/1141/1129 1349/1349/1335 1136/1136/1124
f 1349/1349/1335 1338/1338/1324 1136/1136/1124
f 1137/1137/1125 1139/1139/1127 2602/2602/2546
f 1139/1139/1127 1142/1142/1130 2602/2602/2546
f 1132/1132/1120 1131/1131/1119 2603/2603/2547
f 1131/1131/1119 947/947/936 2603/2603/2547
f 1150/1150/1138 1169/1169/1155 972/972/961
f 1155/1155/1143 1157/1157/1145 2604/2604/2548
f 1193/1193/1179 1010/1010/999 1164/1164/1150
f 1010/1010/999 1009/1009/998 1164/1164/1150
f 993/993/982 1015/1015/1004 1152/1152/1140
f 1015/1015/1004 1172/1172/1158 1152/1152/1140
f 1152/1152/1140 1170/1170/1156 1150/1150/1138
f 1170/1170/1156 1169/1169/1155 1150/1150/1138
f 1166/1166/1152 2605/2605/2549 1167/1167/1153
f 1171/1171/1157 1170/1170/1156 1173/1173/1159
f 1178/1178/1164 1177/1177/1163 1022/1022/1011
f 1177/1177/1163 1018/1018/1007 1022/1022/1011
f 1167/1167/1153 1178/1178/1164 1168/1168/1154
f 1178/1178/1164 1194/1194/1180 1168/1168/1154
f 1165/1165/1151 1189/1189/1175 1186/1186/1172
f 1189/1189/1175 1365/1365/1351 1186/1186/1172
f 1183/1183/1169 1192/1192/1178 1181/1181/1167
f 1192/1192/1178 1184/1184/1170 1181/1181/1167
f 1189/1189/1175 1165/1165/1151 1187/1187/1173
f 1165/1165/1151 1168/1168/1154 1187/1187/1173
f 1188/1188/1174 1187/1187/1173 2606/2606/2550
f 1187/1187/1173 1190/1190/1176 2606/2606/2550
f 1185/1185/1171 1184/1184/1170 1160/1160/1148
f 1184/1184/1170 1164/1164/1150 1160/1160/1148
f 1211/1211/1197 1206/1206/1192 1209/1209/1195
f 1206/1206/1192 1205/1205/1191 1209/1209/1195
f 1208/1208/1194 1205/1205/1191 2607/2607/2551
f 1205/1205/1191 1207/1207/1193 2607/2607/2551
f 1200/1200/1186 1208/1208/1194 1199/1199/1185
f 1208/1208/1194 2607/2607/2551 1199/1199/1185
f 1034/1034/1023 1035/1035/1024 1200/1200/1186
f 1035/1035/1024 1212/1212/1198 1200/1200/1186
f 1033/1033/1022 1213/1213/1199 1212/1212/1198
f 1213/1213/1199 1209/1209/1195 1212/1212/1198
f 1214/1214/1200 1183/1183/1169 1217/1217/1203
f 1183/1183/1169 1215/1215/1201 1217/1217/1203
f 1193/1193/1179 1192/1192/1178 1039/1039/1028
f 1192/1192/1178 1219/1219/1205 1039/1039/1028
f 1218/1218/1204 1220/1220/1206 1214/1214/1200
f 1220/1220/1206 1219/1219/1205 1214/1214/1200
f 1226/1226/1212 1225/1225/1211 1222/1222/1208
f 1225/1225/1211 1223/1223/1209 1222/1222/1208
f 1218/1218/1204 1217/1217/1203 1223/1223/1209
f 1217/1217/1203 1221/1221/1207 1223/1223/1209
f 1060/1060/1048 1220/1220/1206 1061/1061/1049
f 1220/1220/1206 1228/1228/1214 1061/1061/1049
f 1229/1229/1215 1228/1228/1214 1230/1230/1216
f 1228/1228/1214 1225/1225/1211 1230/1230/1216
f 1232/1232/1218 1211/1211/1197 1235/1235/1221
f 1211/1211/1197 1233/1233/1219 1235/1235/1221
f 1033/1033/1022 1071/1071/1059 1213/1213/1199
f 1071/1071/1059 1237/1237/1223 1213/1213/1199
f 1251/1251/1237 1239/1239/1225 1238/1238/1224
f 1239/1239/1225 1237/1237/1223 1238/1238/1224
f 1251/1251/1237 1234/1234/1220 1239/1239/1225
f 1234/1234/1220 1233/1233/1219 1239/1239/1225
f 1242/1242/1228 1236/1236/1222 1240/1240/1226
f 1236/1236/1222 1235/1235/1221 1240/1240/1226
f 1244/1244/1230 1243/1243/1229 1234/1234/1220
f 1243/1243/1229 1240/1240/1226 1234/1234/1220
f 1249/1249/1235 1248/1248/1234 1070/1070/1058
f 1248/1248/1234 1238/1238/1224 1070/1070/1058
f 1248/1248/1234 1247/1247/1233 1250/1250/1236
f 1247/1247/1233 1276/1276/1262 1250/1250/1236
f 1276/1276/1262 1245/1245/1231 1250/1250/1236
f 1245/1245/1231 1244/1244/1230 1250/1250/1236
f 1252/1252/1238 1254/1254/1240 1226/1226/1212
f 1254/1254/1240 1253/1253/1239 1226/1226/1212
f 2608/2608/2552 1083/1083/1071 2609/2609/2553
f 1083/1083/1071 1257/1257/1243 2609/2609/2553
f 1258/1258/1244 1260/1260/1246 2609/2609/2553
f 1260/1260/1246 2608/2608/2552 2609/2609/2553
f 1231/1231/1217 1065/1065/1053 1278/1278/1264
f 1065/1065/1053 1080/1080/1068 1278/1278/1264
f 1443/1443/1429 1261/1261/1247 1256/1256/1242
f 1261/1261/1247 1254/1254/1240 1256/1256/1242
f 1262/1262/1248 1264/1264/1250 1265/1265/1251
f 1264/1264/1250 1287/1287/1273 1265/1265/1251
f 1271/1271/1257 1243/1243/1229 1274/1274/1260
f 1243/1243/1229 1245/1245/1231 1274/1274/1260
f 1273/1273/1259 1274/1274/1260 1289/1289/1275
f 2610/2610/2554 1268/1268/1254 1270/1270/1256
f 1272/1272/1258 1271/1271/1257 1290/1290/1276
f 1271/1271/1257 1273/1273/1259 1290/1290/1276
f 1280/1280/1266 1231/1231/1217 1277/1277/1263
f 1231/1231/1217 1278/1278/1264 1277/1277/1263
f 1269/1269/1255 1268/1268/1254 1267/1267/1253
f 1268/1268/1254 1277/1277/1263 1267/1267/1253
f 1270/1270/1256 1284/1284/1270 1453/1453/1439
f 1284/1284/1270 1286/1286/1272 1453/1453/1439
f 1269/1269/1255 1265/1265/1251 1284/1284/1270
f 1265/1265/1251 1287/1287/1273 1284/1284/1270
f 1299/1299/1285 1300/1300/1286 1298/1298/1284
f 1300/1300/1286 1297/1297/1283 1298/1298/1284
f 1300/1300/1286 1091/1091/1079 1297/1297/1283
f 1091/1091/1079 1301/1301/1287 1297/1297/1283
f 2611/2611/2555 1301/1301/1287 1092/1092/1080
f 1301/1301/1287 1091/1091/1079 1092/1092/1080
f 2612/2612/2556 1328/1328/1314 1524/1524/1510
f 1328/1328/1314 1327/1327/1313 1524/1524/1510
f 1309/1309/1295 1308/1308/1294 2613/2613/2557
f 2614/2614/2558 1298/1298/1284 1296/1296/1282
f 2612/2612/2556 1296/1296/1282 1328/1328/1314
f 1296/1296/1282 1295/1295/1281 1328/1328/1314
f 1519/1519/1505 1521/1521/1507 1309/1309/1295
f 1521/1521/1507 1310/1310/1296 1309/1309/1295
f 1111/1111/1099 1314/1314/1300 1108/1108/1096
f 1314/1314/1300 1312/1312/1298 1108/1108/1096
f 1325/1325/1311 1313/1313/1299 1315/1315/1301
f 1313/1313/1299 1312/1312/1298 1315/1315/1301
f 1325/1325/1311 1315/1315/1301 1311/1311/1297
f 1315/1315/1301 1308/1308/1294 1311/1311/1297
f 2615/2615/2559 2616/2616/2559 2617/2617/2559
f 1317/1317/1303 1310/1310/1296 1521/1521/1507
f 1321/1321/1307 1311/1311/1297 1320/1320/1306
f 1311/1311/1297 1317/1317/1303 1320/1320/1306
f 1120/1120/1108 1119/1119/1107 1324/1324/1310
f 1119/1119/1107 1313/1313/1299 1324/1324/1310
f 1323/1323/1309 1324/1324/1310 1322/1322/1308
f 1324/1324/1310 1321/1321/1307 1322/1322/1308
f 1337/1337/1323 2618/2618/2560 1305/1305/1291
f 2618/2618/2560 1303/1303/1289 1305/1305/1291
f 1337/1337/1323 1332/1332/1318 2618/2618/2560
f 1332/1332/1318 1331/1331/1317 2618/2618/2560
f 1343/1343/1329 1334/1334/1320 1337/1337/1323
f 1334/1334/1320 1332/1332/1318 1337/1337/1323
f 1306/1306/1292 1113/1113/1101 1305/1305/1291
f 1113/1113/1101 1336/1336/1322 1305/1305/1291
f 1343/1343/1329 1337/1337/1323 1339/1339/1325
f 1337/1337/1323 1336/1336/1322 1339/1339/1325
f 1334/1334/1320 1340/1340/1326 1345/1345/1331
f 1340/1340/1326 1342/1342/1328 1345/1345/1331
f 1360/1360/1346 2619/2619/2561 1348/1348/1334
f 2619/2619/2561 1346/1346/1332 1348/1348/1334
f 1126/1126/1114 1326/1326/1312 2620/2620/2562
f 1347/1347/1333 1346/1346/1332 2621/2621/2563
f 1320/1320/1306 1319/1319/1305 1352/1352/1338
f 2622/2622/2564 1358/1358/1344 1356/1356/1342
f 1354/1354/1340 2623/2623/2565 1355/1355/1341
f 2624/2624/2566 1323/1323/1309 1322/1322/1308
f 1326/1326/1312 1125/1125/1113 1362/1362/1348
f 1125/1125/1113 1146/1146/1134 1362/1362/1348
f 1356/1356/1342 1358/1358/1344 1348/1348/1334
f 1358/1358/1344 1360/1360/1346 1348/1348/1334
f 1393/1393/1379 1367/1367/1353 2606/2606/2550
f 1367/1367/1353 1188/1188/1174 2606/2606/2550
f 1375/1375/1361 1368/1368/1354 1376/1376/1362
f 1368/1368/1354 1371/1371/1357 1376/1376/1362
f 1206/1206/1192 1378/1378/1364 2625/2625/2567
f 2626/2626/2568 1368/1368/1354 1375/1375/1361
f 1399/1399/1385 1379/1379/1365 1395/1395/1381
f 1379/1379/1365 1381/1381/1367 1395/1395/1381
f 1182/1182/1168 2627/2627/2569 1215/1215/1201
f 2627/2627/2569 1389/1389/1375 1215/1215/1201
f 1388/1388/1374 1216/1216/1202 1381/1381/1367
f 1216/1216/1202 1389/1389/1375 1381/1381/1367
f 1390/1390/1376 1364/1364/1350 1394/1394/1380
f 1364/1364/1350 1367/1367/1353 1394/1394/1380
f 1385/1385/1371 1390/1390/1376 1387/1387/1373
f 1390/1390/1376 1394/1394/1380 1387/1387/1373
f 1403/1403/1389 1398/1398/1384 1429/1429/1415
f 1398/1398/1384 1397/1397/1383 1429/1429/1415
f 1379/1379/1365 1400/1400/1386 1397/1397/1383
f 1400/1400/1386 1429/1429/1415 1397/1397/1383
f 1402/1402/1388 1648/1648/1631 1382/1382/1368
f 1648/1648/1631 1386/1386/1372 1382/1382/1368
f 1216/1216/1202 1388/1388/1374 1221/1221/1207
f 1388/1388/1374 1405/1405/1391 1221/1221/1207
f 1222/1222/1208 1405/1405/1391 1406/1406/1392
f 1405/1405/1391 1398/1398/1384 1406/1406/1392
f 1387/1387/1373 1415/1415/1401 1384/1384/1370
f 1415/1415/1401 1408/1408/1394 1384/1384/1370
f 1384/1384/1370 1407/1407/1393 1382/1382/1368
f 2628/2628/2570 1418/1418/1404 1420/1420/1406
f 1369/1369/1355 2629/2629/2571 1370/1370/1356
f 1412/1412/1398 1407/1407/1393 1408/1408/1394
f 2630/2630/2572 1373/1373/1359 1411/1411/1397
f 1373/1373/1359 1409/1409/1395 1411/1411/1397
f 1416/1416/1402 1378/1378/1364 1236/1236/1222
f 1378/1378/1364 1232/1232/1218 1236/1236/1222
f 1417/1417/1403 1410/1410/1396 1416/1416/1402
f 1410/1410/1396 1409/1409/1395 1416/1416/1402
f 1423/1423/1409 2631/2631/2573 1421/1421/1407
f 2631/2631/2573 1411/1411/1397 1421/1421/1407
f 1425/1425/1411 1424/1424/1410 1410/1410/1396
f 1424/1424/1410 1421/1421/1407 1410/1410/1396
f 1427/1427/1413 1425/1425/1411 1242/1242/1228
f 1425/1425/1411 1417/1417/1403 1242/1242/1228
f 1428/1428/1414 1431/1431/1417 1403/1403/1389
f 1431/1431/1417 1430/1430/1416 1403/1403/1389
f 1434/1434/1420 1256/1256/1242 1406/1406/1392
f 1256/1256/1242 1252/1252/1238 1406/1406/1392
f 1435/1435/1421 1434/1434/1420 1432/1432/1418
f 1434/1434/1420 1430/1430/1416 1432/1432/1418
f 1437/1437/1423 1436/1436/1422 1433/1433/1419
f 1436/1436/1422 1431/1431/1417 1433/1433/1419
f 1440/1440/1426 1432/1432/1418 1439/1439/1425
f 1432/1432/1418 1436/1436/1422 1439/1439/1425
f 1442/1442/1428 1443/1443/1429 1440/1440/1426
f 1443/1443/1429 1435/1435/1421 1440/1440/1426
f 1424/1424/1410 1447/1447/1433 1422/1422/1408
f 1447/1447/1433 1446/1446/1432 1422/1422/1408
f 1448/1448/1434 1426/1426/1412 1272/1272/1258
f 1426/1426/1412 1427/1427/1413 1272/1272/1258
f 1448/1448/1434 1450/1450/1436 1426/1426/1412
f 1450/1450/1436 1447/1447/1433 1426/1426/1412
f 1449/1449/1435 1290/1290/1276 1454/1454/1440
f 1290/1290/1276 1288/1288/1274 1454/1454/1440
f 1454/1454/1440 1456/1456/1442 1449/1449/1435
f 1456/1456/1442 1457/1457/1443 1449/1449/1435
f 1446/1446/1432 1460/1460/1446 1445/1445/1431
f 1460/1460/1446 1465/1465/1451 1445/1445/1431
f 1461/1461/1447 1462/1462/1448 1460/1460/1446
f 1462/1462/1448 1466/1466/1452 1460/1460/1446
f 1463/1463/1449 1462/1462/1448 1468/1468/1454
f 1462/1462/1448 1467/1467/1453 1468/1468/1454
f 1461/1461/1447 1450/1450/1436 1467/1467/1453
f 1450/1450/1436 1457/1457/1443 1467/1467/1453
f 1439/1439/1425 1438/1438/1424 1471/1471/1457
f 1438/1438/1424 1470/1470/1456 1471/1471/1457
f 1264/1264/1250 1444/1444/1430 1291/1291/1277
f 1444/1444/1430 1478/1478/1464 1291/1291/1277
f 1470/1470/1456 1469/1469/1455 1474/1474/1460
f 1469/1469/1455 1489/1489/1475 1474/1474/1460
f 1475/1475/1461 1477/1477/1463 1491/1491/1477
f 1477/1477/1463 1480/1480/1466 1491/1491/1477
f 1286/1286/1272 1293/1293/1279 1452/1452/1438
f 1293/1293/1279 1481/1481/1467 1452/1452/1438
f 1479/1479/1465 1478/1478/1464 1480/1480/1466
f 1472/1472/1458 1471/1471/1457 1473/1473/1459
f 1481/1481/1467 1293/1293/1279 1479/1479/1465
f 1293/1293/1279 1291/1291/1277 1479/1479/1465
f 1482/1482/1468 1483/1483/1469 1452/1452/1438
f 1483/1483/1469 2632/2632/2574 1452/1452/1438
f 1477/1477/1463 1476/1476/1462 1482/1482/1468
f 1476/1476/1462 1484/1484/1470 1482/1482/1468
f 1488/1488/1474 1475/1475/1461 1486/1486/1472
f 1475/1475/1461 1492/1492/1478 1486/1486/1472
f 1488/1488/1474 1495/1495/1481 1476/1476/1462
f 1495/1495/1481 1494/1494/1480 1476/1476/1462
f 1496/1496/1482 1499/1499/1485 1463/1463/1449
f 1499/1499/1485 1498/1498/1484 1463/1463/1449
f 1485/1485/1471 1501/1501/1487 1468/1468/1454
f 1501/1501/1487 1496/1496/1482 1468/1468/1454
f 1508/1508/1494 1494/1494/1480 1507/1507/1493
f 1494/1494/1480 1493/1493/1479 1507/1507/1493
f 1500/1500/1486 1502/1502/1488 1499/1499/1485
f 1502/1502/1488 1505/1505/1491 1499/1499/1485
f 1511/1511/1497 1510/1510/1496 1495/1495/1481
f 1510/1510/1496 1493/1493/1479 1495/1495/1481
f 1509/1509/1495 1513/1513/1499 1511/1511/1497
f 1513/1513/1499 1512/1512/1498 1511/1511/1497
f 1510/1510/1496 1512/1512/1498 1516/1516/1502
f 1512/1512/1498 1518/1518/1504 1516/1516/1502
f 1534/1534/1520 1528/1528/1514 1532/1532/1518
f 1528/1528/1514 1530/1530/1516 1532/1532/1518
f 1535/1535/1521 1318/1318/1304 1531/1531/1517
f 1318/1318/1304 1525/1525/1511 1531/1531/1517
f 1531/1531/1517 1525/1525/1511 1534/1534/1520
f 1525/1525/1511 1527/1527/1513 1534/1534/1520
f 1537/1537/1523 1544/1544/1530 1538/1538/1524
f 1544/1544/1530 1543/1543/1529 1538/1538/1524
f 1545/1545/1531 1543/1543/1529 1329/1329/1315
f 1543/1543/1529 1327/1327/1313 1329/1329/1315
f 1546/1546/1532 1539/1539/1525 1335/1335/1321
f 1539/1539/1525 1542/1542/1528 1335/1335/1321
f 1537/1537/1523 1536/1536/1522 2633/2633/2575
f 1536/1536/1522 1548/1548/1534 2633/2633/2575
f 1553/1553/1539 1541/1541/1527 1551/1551/1537
f 1541/1541/1527 1540/1540/1526 1551/1551/1537
f 1556/1556/1542 1555/1555/1541 1540/1540/1526
f 1555/1555/1541 1551/1551/1537 1540/1540/1526
f 1559/1559/1545 1557/1557/1543 1558/1558/1544
f 1557/1557/1543 1556/1556/1542 1558/1558/1544
f 1546/1546/1532 1335/1335/1321 1558/1558/1544
f 1335/1335/1321 1345/1345/1331 1558/1558/1544
f 1532/1532/1518 1530/1530/1516 1562/1562/1548
f 1530/1530/1516 1561/1561/1547 1562/1562/1548
f 1319/1319/1305 1535/1535/1521 1350/1350/1336
f 1535/1535/1521 1563/1563/1549 1350/1350/1336
f 1561/1561/1547 1560/1560/1546 1569/1569/1555
f 1560/1560/1546 1860/1860/1843 1569/1569/1555
f 1587/1587/1573 1583/1583/1569 2634/2634/2576
f 1575/1575/1561 1568/1568/1554 1569/1569/1555
f 1571/1571/1557 1573/1573/1559 1554/1554/1540
f 1573/1573/1559 1600/1600/1586 1554/1554/1540
f 1571/1571/1557 1555/1555/1541 1572/1572/1558
f 1555/1555/1541 1557/1557/1543 1572/1572/1558
f 1591/1591/1577 2635/2635/2577 2636/2636/2578
f 1584/1584/1570 1583/1583/1569 1587/1587/1573
f 1342/1342/1328 2637/2637/2579 1559/1559/1545
f 1357/1357/1343 1577/1577/1563 2638/2638/2580
f 1574/1574/1560 1563/1563/1549 1568/1568/1554
f 1563/1563/1549 1562/1562/1548 1568/1568/1554
f 1577/1577/1563 1357/1357/1343 1578/1578/1564
f 1357/1357/1343 1359/1359/1345 1578/1578/1564
f 1596/1596/1582 1586/1586/1572 1590/1590/1576
f 1586/1586/1572 1585/1585/1571 1590/1590/1576
f 1564/1564/1550 1569/1569/1555 1565/1565/1551
f 1569/1569/1555 1860/1860/1843 1565/1565/1551
f 1569/1569/1555 1564/1564/1550 2639/2639/2581
f 2640/2640/2582 1585/1585/1571 1587/1587/1573
f 1586/1586/1572 1598/1598/1584 1587/1587/1573
f 1592/1592/1578 1591/1591/1577 2636/2636/2578
f 1573/1573/1559 2641/2641/2583 1601/1601/1587
f 2641/2641/2583 2642/2642/2584 1601/1601/1587
f 1603/1603/1589 1602/1602/1588 1619/1619/1602
f 1602/1602/1588 1617/1617/1600 1619/1619/1602
f 2643/2643/2585 2644/2644/2585 2645/2645/2585
f 1590/1590/1576 1604/1604/1590 2646/2646/2586
f 1631/1631/1614 2647/2647/2587 1632/1632/1615
f 2648/2648/2588 2649/2649/2588 2650/2650/2588
f 1613/1613/1596 1595/1595/1581 1614/1614/1597
f 1597/1597/1583 1596/1596/1582 1609/1609/1593
f 2651/2651/2589 1609/1609/1593 2652/2652/2590
f 1609/1609/1593 1605/1605/1591 2652/2652/2590
f 1595/1595/1581 1613/1613/1596 1594/1594/1580
f 1628/1628/1611 1630/1630/1613 2642/2642/2584
f 2653/2653/2591 1624/1624/1607 2654/2654/2592
f 2655/2655/2593 2656/2656/2593 1620/1620/1603
f 1624/1624/1607 2653/2653/2591 1622/1622/1605
f 2657/2657/2594 2658/2658/2594 1631/1631/1614
f 1645/1645/1628 1646/1646/1629 1689/1689/1672
f 1646/1646/1629 2659/2659/2595 1689/1689/1672
f 1647/1647/1630 1402/1402/1388 1649/1649/1632
f 1402/1402/1388 1650/1650/1633 1649/1649/1632
f 1657/1657/1640 1418/1418/1404 1654/1654/1637
f 1418/1418/1404 2660/2660/2596 1654/1654/1637
f 2661/2661/2597 2662/2662/2598 1414/1414/1400
f 1654/1654/1637 2660/2660/2596 2663/2663/2599
f 1666/1666/1649 1662/1662/1645 1660/1660/1643
f 1662/1662/1645 1661/1661/1644 1660/1660/1643
f 1653/1653/1636 1661/1661/1644 1640/1640/1623
f 1661/1661/1644 1641/1641/1624 1640/1640/1623
f 1660/1660/1643 1655/1655/1638 1665/1665/1648
f 1655/1655/1638 1663/1663/1646 1665/1665/1648
f 1653/1653/1636 1640/1640/1623 1657/1657/1640
f 1640/1640/1623 2664/2664/2600 1657/1657/1640
f 2665/2665/2601 2661/2661/2597 1678/1678/1661
f 2661/2661/2597 1676/1676/1659 1678/1678/1661
f 1679/1679/1662 1680/1680/1663 1422/1422/1408
f 1680/1680/1663 1423/1423/1409 1422/1422/1408
f 1682/1682/1665 2666/2666/2602 1642/1642/1625
f 1684/1684/1667 1689/1689/1672 2667/2667/2603
f 1682/1682/1665 1642/1642/1625 1683/1683/1666
f 1642/1642/1625 1641/1641/1624 1683/1683/1666
f 1690/1690/1673 1433/1433/1419 1645/1645/1628
f 1433/1433/1419 1428/1428/1414 1645/1645/1628
f 1691/1691/1674 1690/1690/1673 1687/1687/1670
f 1690/1690/1673 1684/1684/1667 1687/1687/1670
f 1693/1693/1676 1961/1961/1934 1692/1692/1675
f 1961/1961/1934 1695/1695/1678 1692/1692/1675
f 1696/1696/1679 1687/1687/1670 1694/1694/1677
f 1687/1687/1670 1692/1692/1675 1694/1694/1677
f 1698/1698/1681 1437/1437/1423 1696/1696/1679
f 1437/1437/1423 1691/1691/1674 1696/1696/1679
f 1683/1683/1666 1699/1699/1682 1681/1681/1664
f 1699/1699/1682 1707/1707/1690 1681/1681/1664
f 1666/1666/1649 2668/2668/2604 1662/1662/1645
f 1702/1702/1685 1964/1964/1937 2669/2669/2605
f 1701/1701/1684 2670/2670/2606 1706/1706/1689
f 2670/2670/2606 1972/1972/1945 1706/1706/1689
f 1704/1704/1687 1703/1703/1686 2671/2671/2607
f 1665/1665/1648 1664/1664/1647 2672/2672/2608
f 1710/1710/1693 1709/1709/1692 1675/1675/1658
f 1709/1709/1692 1673/1673/1656 1675/1675/1658
f 2673/2673/2609 2674/2674/2610 2675/2675/2611
f 2674/2674/2610 2676/2676/2612 2675/2675/2611
f 1679/1679/1662 1445/1445/1431 1675/1675/1658
f 1445/1445/1431 1713/1713/1696 1675/1675/1658
f 1712/1712/1695 1710/1710/1693 1714/1714/1697
f 1710/1710/1693 1713/1713/1696 1714/1714/1697
f 1722/1722/1705 1718/1718/1701 1720/1720/1703
f 1718/1718/1701 1717/1717/1700 1720/1720/1703
f 1712/1712/1695 1717/1717/1700 1711/1711/1694
f 1717/1717/1700 1716/1716/1699 1711/1711/1694
f 1465/1465/1451 1466/1466/1452 1714/1714/1697
f 1466/1466/1452 1723/1723/1706 1714/1714/1697
f 1464/1464/1450 1724/1724/1707 1723/1723/1706
f 1724/1724/1707 1720/1720/1703 1723/1723/1706
f 1694/1694/1677 1695/1695/1678 1727/1727/1710
f 1695/1695/1678 1726/1726/1709 1727/1727/1710
f 1438/1438/1424 1698/1698/1681 1469/1469/1455
f 1698/1698/1681 1728/1728/1711 1469/1469/1455
f 1726/1726/1709 1725/1725/1708 1730/1730/1713
f 1725/1725/1708 1737/1737/1720 1730/1730/1713
f 1732/1732/1715 1728/1728/1711 1729/1729/1712
f 1728/1728/1711 1727/1727/1710 1729/1729/1712
f 1731/1731/1714 1733/1733/1716 1729/1729/1712
f 1733/1733/1716 1732/1732/1715 1729/1729/1712
f 1731/1731/1714 1730/1730/1713 1734/1734/1717
f 1730/1730/1713 1738/1738/1721 1734/1734/1717
f 1736/1736/1719 1761/1761/1744 1734/1734/1717
f 1761/1761/1744 1739/1739/1722 1734/1734/1717
f 1769/1769/1752 1740/1740/1723 1761/1761/1744
f 1740/1740/1723 1739/1739/1722 1761/1761/1744
f 1489/1489/1475 1733/1733/1716 1490/1490/1476
f 1733/1733/1716 1740/1740/1723 1490/1490/1476
f 1743/1743/1726 1722/1722/1705 1746/1746/1729
f 1722/1722/1705 1744/1744/1727 1746/1746/1729
f 1464/1464/1450 1498/1498/1484 1724/1724/1707
f 1498/1498/1484 1748/1748/1731 1724/1724/1707
f 1759/1759/1742 1750/1750/1733 1749/1749/1732
f 1750/1750/1733 1748/1748/1731 1749/1749/1732
f 1759/1759/1742 1745/1745/1728 1750/1750/1733
f 1745/1745/1728 1744/1744/1727 1750/1750/1733
f 1753/1753/1736 1747/1747/1730 1751/1751/1734
f 1747/1747/1730 1746/1746/1729 1751/1751/1734
f 1755/1755/1738 1754/1754/1737 1745/1745/1728
f 1754/1754/1737 1751/1751/1734 1745/1745/1728
f 1504/1504/1490 1757/1757/1740 1505/1505/1491
f 1757/1757/1740 1749/1749/1732 1505/1505/1491
f 1758/1758/1741 1756/1756/1739 1757/1757/1740
f 1756/1756/1739 1755/1755/1738 1757/1757/1740
f 1760/1760/1743 1736/1736/1719 1764/1764/1747
f 1736/1736/1719 1762/1762/1745 1764/1764/1747
f 1765/1765/1748 1767/1767/1750 1764/1764/1747
f 1767/1767/1750 1760/1760/1743 1764/1764/1747
f 1486/1486/1472 1741/1741/1724 1509/1509/1495
f 1741/1741/1724 1770/1770/1753 1509/1509/1495
f 1774/1774/1757 1513/1513/1499 1772/1772/1755
f 1513/1513/1499 1770/1770/1753 1772/1772/1755
f 1776/1776/1759 2677/2677/2613 1765/1765/1748
f 2677/2677/2613 1766/1766/1749 1765/1765/1748
f 1778/1778/1761 1797/1797/1780 1779/1779/1762
f 1797/1797/1780 1781/1781/1764 1779/1779/1762
f 1773/1773/1756 2678/2678/2614 1774/1774/1757
f 2678/2678/2614 1783/1783/1766 1774/1774/1757
f 1785/1785/1768 1788/1788/1771 1752/1752/1735
f 1788/1788/1771 1813/1813/1796 1752/1752/1735
f 1785/1785/1768 1754/1754/1737 1786/1786/1769
f 1754/1754/1737 1756/1756/1739 1786/1786/1769
f 1504/1504/1490 2679/2679/2615 1758/1758/1741
f 2679/2679/2615 1791/1791/1774 1758/1758/1741
f 1809/1809/1792 1792/1792/1775 1810/1810/1793
f 1792/1792/1775 1791/1791/1774 1810/1810/1793
f 1809/1809/1792 1787/1787/1770 1792/1792/1775
f 1787/1787/1770 1786/1786/1769 1792/1792/1775
f 1795/1795/1778 1794/1794/1777 2079/2079/2049
f 1794/1794/1777 1796/1796/1779 2079/2079/2049
f 1798/1798/1781 1780/1780/1763 1794/1794/1777
f 1780/1780/1763 1781/1781/1764 1794/1794/1777
f 1795/1795/1778 2079/2079/2049 1802/1802/1785
f 2680/2680/2616 1784/1784/1767 1787/1787/1770
f 1799/1799/1782 1788/1788/1771 2680/2680/2616
f 1788/1788/1771 1784/1784/1767 2680/2680/2616
f 1515/1515/1501 1807/1807/1790 1518/1518/1504
f 1807/1807/1790 1790/1790/1773 1518/1518/1504
f 1515/1515/1501 1783/1783/1766 1807/1807/1790
f 1783/1783/1766 2681/2681/2617 1807/1807/1790
f 1829/1829/1812 1820/1820/1803 2682/2682/2618
f 1820/1820/1803 1819/1819/1802 2682/2682/2618
f 1825/1825/1808 1815/1815/1798 1821/1821/1804
f 1815/1815/1798 1818/1818/1801 1821/1821/1804
f 1820/1820/1803 1828/1828/1811 1825/1825/1808
f 1828/1828/1811 1827/1827/1810 1825/1825/1808
f 1830/1830/1813 1829/1829/1812 2683/2683/2619
f 1822/1822/1805 1824/1824/1807 1814/1814/1797
f 1833/1833/1816 1830/1830/1813 1549/1549/1535
f 1830/1830/1813 1548/1548/1534 1549/1549/1535
f 1833/1833/1816 1834/1834/1817 1828/1828/1811
f 1834/1834/1817 1835/1835/1818 1828/1828/1811
f 1847/1847/1830 1844/1844/1827 1554/1554/1540
f 1844/1844/1827 1552/1552/1538 1554/1554/1540
f 1843/1843/1826 1842/1842/1825 1838/1838/1821
f 1842/1842/1825 1836/1836/1819 1838/1838/1821
f 1845/1845/1828 1839/1839/1822 1846/1846/1829
f 1839/1839/1822 1843/1843/1826 1846/1846/1829
f 1840/1840/1823 1839/1839/1822 1848/1848/1831
f 1839/1839/1822 1845/1845/1828 1848/1848/1831
f 2151/2151/2120 1851/1851/1834 2119/2119/2089
f 1851/1851/1834 1823/1823/1806 2119/2119/2089
f 1863/1863/1846 1850/1850/1833 1865/1865/1848
f 1850/1850/1833 1851/1851/1834 1865/1865/1848
f 1854/1854/1837 1853/1853/1836 1856/1856/1839
f 1853/1853/1836 1857/1857/1840 1856/1856/1839
f 1814/1814/1797 1824/1824/1807 1560/1560/1546
f 1824/1824/1807 1859/1859/1842 1560/1560/1546
f 1863/1863/1846 1861/1861/1844 1850/1850/1833
f 1861/1861/1844 1859/1859/1842 1850/1850/1833
f 1895/1895/1876 1866/1866/1849 1896/1896/1877
f 1866/1866/1849 1864/1864/1847 1896/1896/1877
f 1865/1865/1848 2165/2165/2134 1864/1864/1847
f 2165/2165/2134 1896/1896/1877 1864/1864/1847
f 1869/1869/1852 1867/1867/1850 1853/1853/1836
f 1867/1867/1850 1857/1857/1840 1853/1853/1836
f 2684/2684/2620 2685/2685/2620 2686/2686/2620
f 2687/2687/2621 2688/2688/2621 2689/2689/2621
f 1877/1877/1858 1849/1849/1832 1866/1866/1849
f 1849/1849/1832 1862/1862/1845 1866/1866/1849
f 1565/1565/1551 1861/1861/1844 1849/1849/1832
f 1861/1861/1844 1862/1862/1845 1849/1849/1832
f 1905/1905/1886 2690/2690/2622 1879/1879/1860
f 2690/2690/2622 1880/1880/1861 1879/1879/1860
f 1879/1879/1860 1878/1878/1859 1911/1911/1890
f 1893/1893/1874 1601/1601/1587 2642/2642/2584
f 1883/1883/1864 1885/1885/1866 2691/2691/2623
f 2692/2692/2624 1853/1853/1836 1852/1852/1835
f 1882/1882/1863 1885/1885/1866 1840/1840/1823
f 1885/1885/1866 1883/1883/1864 1840/1840/1823
f 1847/1847/1830 1600/1600/1586 1848/1848/1831
f 1600/1600/1586 1886/1886/1867 1848/1848/1831
f 1884/1884/1865 1882/1882/1863 1887/1887/1868
f 1882/1882/1863 1886/1886/1867 1887/1887/1868
f 2198/2198/2167 2693/2693/2625 2694/2694/2626
f 2695/2695/2627 1885/1885/1866 1891/1891/1872
f 1884/1884/1865 2696/2696/2628 1888/1888/1869
f 2696/2696/2628 1892/1892/1873 1888/1888/1869
f 1884/1884/1865 1888/1888/1869 1885/1885/1866
f 1888/1888/1869 1891/1891/1872 1885/1885/1866
f 1884/1884/1865 1887/1887/1868 2696/2696/2628
f 1887/1887/1868 1893/1893/1874 2696/2696/2628
f 1894/1894/1875 1897/1897/1878 1895/1895/1876
f 1897/1897/1878 1899/1899/1880 1895/1895/1876
f 2697/2697/2629 2698/2698/2629 2699/2699/2629
f 2700/2700/2630 2701/2701/2630 2702/2702/2630
f 1617/1617/1600 1602/1602/1588 1902/1902/1883
f 1602/1602/1588 1877/1877/1858 1902/1902/1883
f 2703/2703/2631 2704/2704/2631 2705/2705/2631
f 1905/1905/1886 1904/1904/1885 2706/2706/2632
f 2217/2217/2186 1915/1915/1892 1901/1901/1882
f 1915/1915/1892 1897/1897/1878 1901/1901/1882
f 2707/2707/2633 1942/1942/1916 2708/2708/2634
f 1942/1942/1916 1941/1941/1915 2708/2708/2634
f 2708/2708/2634 1941/1941/1915 1954/1954/1927
f 1941/1941/1915 1945/1945/1919 1954/1954/1927
f 1916/1916/1893 1898/1898/1879 1917/1917/1894
f 1898/1898/1879 1915/1915/1892 1917/1917/1894
f 2709/2709/2635 1926/1926/1901 1937/1937/1912
f 1926/1926/1901 1925/1925/1900 1937/1937/1912
f 1936/1936/1911 2710/2710/2636 1934/1934/1909
f 2711/2711/2637 2712/2712/2637 2713/2713/2637
f 1930/1930/1905 1890/1890/1871 1929/1929/1904
f 1890/1890/1871 1889/1889/1870 1929/1929/1904
f 2714/2714/2638 1932/1932/1907 1928/1928/1903
f 1932/1932/1907 1929/1929/1904 1928/1928/1903
f 2715/2715/2639 2716/2716/2639 2717/2717/2639
f 1946/1946/1920 1945/1945/1919 1941/1941/1915
f 2718/2718/2640 1941/1941/1915 1943/1943/1917
f 1941/1941/1915 1940/1940/1914 1943/1943/1917
f 2714/2714/2638 2719/2719/2641 1949/1949/1923
f 1937/1937/1912 1925/1925/1900 1952/1952/1925
f 1968/1968/1941 1963/1963/1936 1706/1706/1689
f 1963/1963/1936 1702/1702/1685 1706/1706/1689
f 1973/1973/1946 1985/1985/1958 1969/1969/1942
f 1966/1966/1939 1963/1963/1936 1968/1968/1941
f 1975/1975/1948 1974/1974/1947 1980/1980/1953
f 1974/1974/1947 1981/1981/1954 1980/1980/1953
f 1983/1983/1956 1974/1974/1947 1982/1982/1955
f 1974/1974/1947 1977/1977/1950 1982/1982/1955
f 1708/1708/1691 1707/1707/1690 1983/1983/1956
f 1707/1707/1690 1985/1985/1958 1983/1983/1956
f 1981/1981/1954 1973/1973/1946 1978/1978/1951
f 1973/1973/1946 1971/1971/1944 1978/1978/1951
f 2720/2720/2642 2721/2721/2643 2722/2722/2644
f 2721/2721/2643 2723/2723/2645 2722/2722/2644
f 1988/1988/1961 1995/1995/1967 1971/1971/1944
f 1995/1995/1967 1978/1978/1951 1971/1971/1944
f 1991/1991/1963 2724/2724/2646 1988/1988/1961
f 2724/2724/2646 1999/1999/1971 1988/1988/1961
f 1718/1718/1701 2001/2001/1973 2000/2000/1972
f 2001/2001/1973 1998/1998/1970 2000/2000/1972
f 2018/2018/1990 2003/2003/1975 2019/2019/1991
f 2003/2003/1975 2725/2725/2647 2019/2019/1991
f 2008/2008/1980 2010/2010/1982 1975/1975/1948
f 2010/2010/1982 2005/2005/1977 1975/1975/1948
f 2008/2008/1980 1980/1980/1953 2009/2009/1981
f 1980/1980/1953 1979/1979/1952 2009/2009/1981
f 1962/1962/1935 2004/2004/1976 1725/1725/1708
f 2004/2004/1976 2012/2012/1984 1725/1725/1708
f 2018/2018/1990 2013/2013/1985 2003/2003/1975
f 2013/2013/1985 2012/2012/1984 2003/2003/1975
f 2019/2019/1991 2726/2726/2648 2014/2014/1986
f 2726/2726/2648 2015/2015/1987 2014/2014/1986
f 2016/2016/1988 2048/2048/2018 2014/2014/1986
f 2048/2048/2018 2017/2017/1989 2014/2014/1986
f 2022/2022/1994 2020/2020/1992 2007/2007/1979
f 2020/2020/1992 2010/2010/1982 2007/2007/1979
f 2024/2024/1996 2023/2023/1995 2048/2048/2018
f 2023/2023/1995 2017/2017/1989 2048/2048/2018
f 1737/1737/1720 2013/2013/1985 1738/1738/1721
f 2013/2013/1985 2023/2023/1995 1738/1738/1721
f 2009/2009/1981 2028/2028/1998 2007/2007/1979
f 2028/2028/1998 2037/2037/2007 2007/2007/1979
f 1993/1993/1965 2032/2032/2002 1994/1994/1966
f 2032/2032/2002 2028/2028/1998 1994/1994/1966
f 2032/2032/2002 1993/1993/1965 2033/2033/2003
f 1997/1997/1969 2029/2029/1999 2031/2031/2001
f 2035/2035/2005 2001/2001/1973 1747/1747/1730
f 2001/2001/1973 1743/1743/1726 1747/1747/1730
f 2036/2036/2006 2030/2030/2000 2035/2035/2005
f 2030/2030/2000 2029/2029/1999 2035/2035/2005
f 2727/2727/2649 2034/2034/2004 2728/2728/2650
f 2034/2034/2004 2033/2033/2003 2728/2728/2650
f 2038/2038/2008 2041/2041/2011 2039/2039/2009
f 2041/2041/2011 2044/2044/2014 2039/2039/2009
f 2030/2030/2000 2036/2036/2006 2041/2041/2011
f 2036/2036/2006 2042/2042/2012 2041/2041/2011
f 2046/2046/2016 2042/2042/2012 1752/1752/1735
f 2042/2042/2012 1753/1753/1736 1752/1752/1735
f 2051/2051/2021 2049/2049/2019 2015/2015/1987
f 2049/2049/2019 2016/2016/1988 2015/2015/1987
f 2057/2057/2027 2050/2050/2020 2052/2052/2022
f 2050/2050/2020 2049/2049/2019 2052/2052/2022
f 1763/1763/1746 1762/1762/1745 2054/2054/2024
f 1762/1762/1745 2024/2024/1996 2054/2054/2024
f 2050/2050/2020 2056/2056/2026 2054/2054/2024
f 2056/2056/2026 1763/1763/1746 2054/2054/2024
f 2059/2059/2029 2058/2058/2028 2053/2053/2023
f 2058/2058/2028 2052/2052/2022 2053/2053/2023
f 2058/2058/2028 2060/2060/2030 2061/2061/2031
f 2060/2060/2030 2729/2729/2651 2061/2061/2031
f 2055/2055/2025 2730/2730/2652 2056/2056/2026
f 2730/2730/2652 1776/1776/1759 2056/2056/2026
f 2057/2057/2027 2061/2061/2031 2055/2055/2025
f 2061/2061/2031 2731/2731/2653 2055/2055/2025
f 2066/2066/2036 2068/2068/2038 2069/2069/2039
f 2068/2068/2038 2070/2070/2040 2069/2069/2039
f 1797/1797/1780 2062/2062/2032 2077/2077/2047
f 2062/2062/2032 2070/2070/2040 2077/2077/2047
f 2078/2078/2048 2079/2079/2049 2077/2077/2047
f 2079/2079/2049 1796/1796/1779 2077/2077/2047
f 2081/2081/2051 2078/2078/2048 2076/2076/2046
f 2078/2078/2048 2068/2068/2038 2076/2076/2046
f 2089/2089/2059 1800/1800/1783 2732/2732/2654
f 2733/2733/2655 2080/2080/2050 2081/2081/2051
f 2082/2082/2052 2065/2065/2035 2045/2045/2015
f 2065/2065/2035 2044/2044/2014 2045/2045/2015
f 2065/2065/2035 2083/2083/2053 2064/2064/2034
f 2083/2083/2053 2333/2333/2299 2064/2064/2034
f 2046/2046/2016 1813/1813/1796 2045/2045/2015
f 1813/1813/1796 2085/2085/2055 2045/2045/2015
f 2084/2084/2054 2082/2082/2052 2086/2086/2056
f 2082/2082/2052 2085/2085/2055 2086/2086/2056
f 2072/2072/2042 2074/2074/2044 2083/2083/2053
f 2074/2074/2044 2333/2333/2299 2083/2083/2053
f 2084/2084/2054 2087/2087/2057 2072/2072/2042
f 2087/2087/2057 2075/2075/2045 2072/2072/2042
f 1800/1800/1783 2089/2089/2059 2086/2086/2056
f 2089/2089/2059 2087/2087/2057 2086/2086/2056
f 2067/2067/2037 2066/2066/2036 2096/2096/2066
f 2066/2066/2036 2094/2094/2064 2096/2096/2066
f 2734/2734/2656 2108/2108/2078 2073/2073/2043
f 2108/2108/2078 2107/2107/2077 2073/2073/2043
f 2097/2097/2067 2099/2099/2069 2067/2067/2037
f 2099/2099/2069 2076/2076/2046 2067/2067/2037
f 2097/2097/2067 2735/2735/2657 2099/2099/2069
f 2073/2073/2043 2075/2075/2045 2105/2105/2075
f 2096/2096/2066 2101/2101/2071 2097/2097/2067
f 2101/2101/2071 2103/2103/2073 2097/2097/2067
f 2114/2114/2084 2120/2120/2090 2115/2115/2085
f 2120/2120/2090 2121/2121/2091 2115/2115/2085
f 2120/2120/2090 2114/2114/2084 2122/2122/2092
f 2736/2736/2658 2126/2126/2096 2128/2128/2098
f 1836/1836/1819 1842/1842/1825 2134/2134/2103
f 1842/1842/1825 2139/2139/2108 2134/2134/2103
f 2138/2138/2107 2737/2737/2659 2136/2136/2105
f 2737/2737/2659 2738/2738/2660 2136/2136/2105
f 2127/2127/2097 2739/2739/2661 2128/2128/2098
f 1852/1852/1835 1854/1854/1837 2153/2153/2122
f 2159/2159/2128 2158/2158/2127 2740/2740/2662
f 2158/2158/2127 2189/2189/2158 2740/2740/2662
f 2160/2160/2129 2149/2149/2118 2161/2161/2130
f 2149/2149/2118 2156/2156/2125 2161/2161/2130
f 2163/2163/2132 2164/2164/2133 2162/2162/2131
f 2164/2164/2133 2160/2160/2129 2162/2162/2131
f 2741/2741/2663 2167/2167/2136 2742/2742/2664
f 2167/2167/2136 2169/2169/2138 2742/2742/2664
f 2149/2149/2118 2160/2160/2129 2155/2155/2124
f 2742/2742/2664 2169/2169/2138 2154/2154/2123
f 2143/2143/2112 2378/2378/2340 2141/2141/2110
f 2378/2378/2340 2377/2377/2339 2141/2141/2110
f 2170/2170/2139 2173/2173/2142 2150/2150/2119
f 2173/2173/2142 2172/2172/2141 2150/2150/2119
f 2188/2188/2157 2177/2177/2146 2187/2187/2156
f 2177/2177/2146 2176/2176/2145 2187/2187/2156
f 2197/2197/2166 2183/2183/2152 2743/2743/2665
f 2183/2183/2152 2182/2182/2151 2743/2743/2665
f 2744/2744/2666 2745/2745/2666 2746/2746/2666
f 2192/2192/2161 2190/2190/2159 2747/2747/2667
f 2158/2158/2127 2157/2157/2126 2191/2191/2160
f 2157/2157/2126 2381/2381/2343 2191/2191/2160
f 2747/2747/2667 2190/2190/2159 2384/2384/2346
f 2190/2190/2159 2191/2191/2160 2384/2384/2346
f 2195/2195/2164 2193/2193/2162 2188/2188/2157
f 2193/2193/2162 2177/2177/2146 2188/2188/2157
f 2223/2223/2190 2195/2195/2164 2221/2221/2188
f 2195/2195/2164 2194/2194/2163 2221/2221/2188
f 2198/2198/2167 2694/2694/2626 2183/2183/2152
f 1891/1891/1872 2185/2185/2154 2748/2748/2668
f 1890/1890/1871 2199/2199/2168 1891/1891/1872
f 2199/2199/2168 2185/2185/2154 1891/1891/1872
f 2200/2200/2169 2221/2221/2188 2199/2199/2168
f 2221/2221/2188 2194/2194/2163 2199/2199/2168
f 2205/2205/2174 2204/2204/2173 2161/2161/2130
f 2204/2204/2173 2162/2162/2131 2161/2161/2130
f 2202/2202/2171 2740/2740/2662 2203/2203/2172
f 2740/2740/2662 2189/2189/2158 2203/2203/2172
f 2209/2209/2178 1901/1901/1882 2163/2163/2132
f 1901/1901/1882 1894/1894/1875 2163/2163/2132
f 2210/2210/2179 2209/2209/2178 2207/2207/2176
f 2209/2209/2178 2204/2204/2173 2207/2207/2176
f 2208/2208/2177 2234/2234/2201 2211/2211/2180
f 2234/2234/2201 2213/2213/2182 2211/2211/2180
f 2214/2214/2183 2207/2207/2176 2212/2212/2181
f 2207/2207/2176 2211/2211/2180 2212/2212/2181
f 2216/2216/2185 2217/2217/2186 2214/2214/2183
f 2217/2217/2186 2210/2210/2179 2214/2214/2183
f 2243/2243/2210 2242/2242/2209 2749/2749/2669
f 2242/2242/2209 2750/2750/2670 2749/2749/2669
f 2751/2751/2671 2387/2387/2349 2752/2752/2671
f 2753/2753/2672 2233/2233/2200 2208/2208/2177
f 2754/2754/2673 2755/2755/2673 2756/2756/2673
f 2757/2757/2674 2758/2758/2674 2759/2759/2674
f 2226/2226/2193 2223/2223/2190 2225/2225/2192
f 2223/2223/2190 2222/2222/2189 2225/2225/2192
f 2228/2228/2195 2200/2200/2169 1933/1933/1908
f 2200/2200/2169 1930/1930/1905 1933/1933/1908
f 2229/2229/2196 2224/2224/2191 2228/2228/2195
f 2224/2224/2191 2222/2222/2189 2228/2228/2195
f 2238/2238/2205 2227/2227/2194 2236/2236/2203
f 2227/2227/2194 2225/2225/2192 2236/2236/2203
f 2260/2260/2227 2239/2239/2206 2247/2247/2214
f 2239/2239/2206 2245/2245/2212 2247/2247/2214
f 2245/2245/2212 2239/2239/2206 2224/2224/2191
f 2239/2239/2206 2236/2236/2203 2224/2224/2191
f 2241/2241/2208 2243/2243/2210 2760/2760/2675
f 2253/2253/2220 2261/2261/2228 2761/2761/2676
f 2244/2244/2211 1944/1944/1918 2240/2240/2207
f 1944/1944/1918 1940/1940/1914 2240/2240/2207
f 2229/2229/2196 1933/1933/1908 2246/2246/2213
f 1933/1933/1908 1948/1948/1922 2246/2246/2213
f 2212/2212/2181 2213/2213/2182 2250/2250/2217
f 2213/2213/2182 2249/2249/2216 2250/2250/2217
f 2250/2250/2217 2249/2249/2216 2762/2762/2677
f 2763/2763/2678 2230/2230/2197 2235/2235/2202
f 2231/2231/2198 2230/2230/2197 2420/2420/2382
f 2230/2230/2197 2421/2421/2383 2420/2420/2382
f 2287/2287/2253 2268/2268/2234 2021/2021/1993
f 2268/2268/2234 2022/2022/1994 2021/2021/1993
f 2764/2764/2679 2279/2279/2245 2765/2765/2679
f 2273/2273/2239 2272/2272/2238 2766/2766/2680
f 2767/2767/2681 2768/2768/2682 2769/2769/2683
f 2768/2768/2682 2770/2770/2684 2769/2769/2683
f 2288/2288/2254 2275/2275/2241 2287/2287/2253
f 2275/2275/2241 2277/2277/2243 2287/2287/2253
f 2021/2021/1993 2037/2037/2007 2288/2288/2254
f 2037/2037/2007 2271/2271/2237 2288/2288/2254
f 2290/2290/2256 2771/2771/2685 2291/2291/2257
f 2771/2771/2685 2772/2772/2685 2291/2291/2257
f 2289/2289/2255 2271/2271/2237 2727/2727/2649
f 2271/2271/2237 2034/2034/2004 2727/2727/2649
f 2294/2294/2260 2053/2053/2023 2264/2264/2230
f 2053/2053/2023 2051/2051/2021 2264/2264/2230
f 2296/2296/2262 2269/2269/2235 2297/2297/2263
f 2269/2269/2235 2268/2268/2234 2297/2297/2263
f 2328/2328/2294 2060/2060/2030 2300/2300/2266
f 2060/2060/2030 2059/2059/2029 2300/2300/2266
f 2474/2474/2436 2773/2773/2686 2272/2272/2238
f 2773/2773/2686 2766/2766/2680 2272/2272/2238
f 2308/2308/2274 2301/2301/2267 2320/2320/2286
f 2301/2301/2267 2302/2302/2268 2320/2320/2286
f 2307/2307/2273 2311/2311/2277 2305/2305/2271
f 2311/2311/2277 2302/2302/2268 2305/2305/2271
f 2303/2303/2269 2285/2285/2251 2774/2774/2687
f 2285/2285/2251 2310/2310/2276 2774/2774/2687
f 2313/2313/2279 2320/2320/2286 2311/2311/2277
f 2320/2320/2286 2302/2302/2268 2311/2311/2277
f 2297/2297/2263 2277/2277/2243 2298/2298/2264
f 2277/2277/2243 2301/2301/2267 2298/2298/2264
f 2311/2311/2277 2775/2775/2688 2312/2312/2278
f 2775/2775/2688 2776/2776/2689 2312/2312/2278
f 2039/2039/2009 2064/2064/2034 2293/2293/2259
f 2064/2064/2034 2309/2309/2275 2293/2293/2259
f 2320/2320/2286 2777/2777/2690 2319/2319/2285
f 2478/2478/2440 2315/2315/2281 2314/2314/2280
f 2316/2316/2282 2327/2327/2293 2314/2314/2280
f 2327/2327/2293 2317/2317/2283 2314/2314/2280
f 2777/2777/2690 2320/2320/2286 2326/2326/2292
f 2320/2320/2286 2313/2313/2279 2326/2326/2292
f 2778/2778/2691 2779/2779/2691 2780/2780/2691
f 2336/2336/2302 2335/2335/2301 2344/2344/2310
f 2308/2308/2274 2781/2781/2692 2298/2298/2264
f 2317/2317/2283 2300/2300/2266 2299/2299/2265
f 2332/2332/2298 2334/2334/2300 2331/2331/2297
f 2334/2334/2300 2336/2336/2302 2331/2331/2297
f 2074/2074/2044 2329/2329/2295 2332/2332/2298
f 2329/2329/2295 2334/2334/2300 2332/2332/2298
f 2341/2341/2307 2339/2339/2305 2315/2315/2281
f 2339/2339/2305 2316/2316/2282 2315/2315/2281
f 2782/2782/2693 2783/2783/2693 2784/2784/2693
f 2785/2785/2694 2344/2344/2310 2343/2343/2309
f 2350/2350/2316 2340/2340/2306 2342/2342/2308
f 2340/2340/2306 2339/2339/2305 2342/2342/2308
f 2490/2490/2448 2354/2354/2320 2786/2786/2695
f 2353/2353/2319 2342/2342/2308 2341/2341/2307
f 2328/2328/2294 2327/2327/2293 2090/2090/2060
f 2327/2327/2293 2346/2346/2312 2090/2090/2060
f 2347/2347/2313 2787/2787/2696 2346/2346/2312
f 2787/2787/2696 2090/2090/2060 2346/2346/2312
f 2351/2351/2317 2349/2349/2315 2340/2340/2306
f 2349/2349/2315 2347/2347/2313 2340/2340/2306
f 2350/2350/2316 2360/2360/2324 2351/2351/2317
f 2357/2357/2322 2365/2365/2327 2788/2788/2697
f 2368/2368/2330 2343/2343/2309 2337/2337/2303
f 2343/2343/2309 2335/2335/2301 2337/2337/2303
f 2329/2329/2295 2107/2107/2077 2337/2337/2303
f 2107/2107/2077 2370/2370/2332 2337/2337/2303
f 2369/2369/2331 2368/2368/2330 2371/2371/2333
f 2368/2368/2330 2370/2370/2332 2371/2371/2333
f 2369/2369/2331 2371/2371/2333 2373/2373/2335
f 2374/2374/2336 2365/2365/2327 2357/2357/2322
f 2402/2402/2364 2398/2398/2360 2385/2385/2347
f 2398/2398/2360 2400/2400/2362 2385/2385/2347
f 2234/2234/2201 2233/2233/2200 2402/2402/2364
f 2392/2392/2354 2391/2391/2353 2403/2403/2365
f 2405/2405/2367 2789/2789/2698 2406/2406/2368
f 2401/2401/2363 2395/2395/2357 2404/2404/2366
f 2406/2406/2368 2790/2790/2699 2238/2238/2205
f 2790/2790/2699 2227/2227/2194 2238/2238/2205
f 2427/2427/2389 2407/2407/2369 2414/2414/2376
f 2407/2407/2369 2408/2408/2370 2414/2414/2376
f 2411/2411/2373 2418/2418/2380 2396/2396/2358
f 2418/2418/2380 2791/2791/2700 2396/2396/2358
f 2411/2411/2373 2396/2396/2358 2792/2792/2701
f 2793/2793/2702 2789/2789/2698 2417/2417/2379
f 2385/2385/2347 2400/2400/2362 2248/2248/2215
f 2400/2400/2362 2422/2422/2384 2248/2248/2215
f 2427/2427/2389 2434/2434/2396 2407/2407/2369
f 2434/2434/2396 2422/2422/2384 2407/2407/2369
f 2794/2794/2703 2255/2255/2222 2422/2422/2384
f 2255/2255/2222 2248/2248/2215 2422/2422/2384
f 2434/2434/2396 2436/2436/2398 2422/2422/2384
f 2795/2795/2704 2419/2419/2381 2796/2796/2705
f 2423/2423/2385 2258/2258/2225 2797/2797/2706
f 2258/2258/2225 2259/2259/2226 2797/2797/2706
f 2423/2423/2385 2789/2789/2698 2258/2258/2225
f 2789/2789/2698 2405/2405/2367 2258/2258/2225
f 2424/2424/2386 2423/2423/2385 2798/2798/2707
f 2799/2799/2708 2419/2419/2381 2795/2795/2704
f 2423/2423/2385 2425/2425/2387 2789/2789/2698
f 2425/2425/2387 2417/2417/2379 2789/2789/2698
f 2450/2450/2412 2429/2429/2391 2451/2451/2413
f 2429/2429/2391 2428/2428/2390 2451/2451/2413
f 2414/2414/2376 2430/2430/2392 2428/2428/2390
f 2430/2430/2392 2451/2451/2413 2428/2428/2390
f 2498/2498/2455 2497/2497/2454 2410/2410/2372
f 2497/2497/2454 2418/2418/2380 2410/2410/2372
f 2500/2500/2457 2445/2445/2407 2457/2457/2419
f 2445/2445/2407 2448/2448/2410 2457/2457/2419
f 2431/2431/2393 2433/2433/2395 2448/2448/2410
f 2433/2433/2395 2457/2457/2419 2448/2448/2410
f 2453/2453/2415 2455/2455/2417 2438/2438/2400
f 2455/2455/2417 2441/2441/2403 2438/2438/2400
f 2432/2432/2394 2431/2431/2393 2424/2424/2386
f 2431/2431/2393 2425/2425/2387 2424/2424/2386
f 2456/2456/2418 2464/2464/2426 2457/2457/2419
f 2464/2464/2426 2463/2463/2425 2457/2457/2419
f 2449/2449/2411 2503/2503/2460 2452/2452/2414
f 2458/2458/2420 2460/2460/2422 2454/2454/2416
f 2501/2501/2458 2503/2503/2460 2492/2492/2449
f 2503/2503/2460 2449/2449/2411 2492/2492/2449
f 2501/2501/2458 2492/2492/2449 2800/2800/2709
f 2801/2801/2710 2802/2802/2710 2803/2803/2710
f 2457/2457/2419 2463/2463/2425 2499/2499/2456
f 2804/2804/2711 2805/2805/2711 2806/2806/2711
# Vertices: 2806, normals: 2711, texture coordinates: 2806, faces: 3700

